unit_id,name,variant,nigro,main_set,in_R2,excavated,coverage,stage1,C1,C2,C3s,C3t,A_survey,A_text,B
S71,Tell Jenin,primary,with,True,False,True,full,to Stage 2,UNKNOWN,UNKNOWN,UNKNOWN,UNKNOWN,UNKNOWN,UNKNOWN,UNKNOWN
S71,Tell Jenin,primary,without,True,False,True,full,to Stage 2,UNKNOWN,UNKNOWN,UNKNOWN,UNKNOWN,UNKNOWN,UNKNOWN,UNKNOWN
S71,Tell Jenin,C1_0.5km,with,True,False,True,full,to Stage 2,UNKNOWN,UNKNOWN,UNKNOWN,UNKNOWN,UNKNOWN,UNKNOWN,UNKNOWN
S71,Tell Jenin,C1_0.5km,without,True,False,True,full,to Stage 2,UNKNOWN,UNKNOWN,UNKNOWN,UNKNOWN,UNKNOWN,UNKNOWN,UNKNOWN
S71,Tell Jenin,C1_2km,with,True,False,True,full,to Stage 2,UNKNOWN,UNKNOWN,UNKNOWN,UNKNOWN,UNKNOWN,UNKNOWN,UNKNOWN
S71,Tell Jenin,C1_2km,without,True,False,True,full,to Stage 2,UNKNOWN,UNKNOWN,UNKNOWN,UNKNOWN,UNKNOWN,UNKNOWN,UNKNOWN
S71,Tell Jenin,C2_tomb_shafts,with,True,False,True,full,to Stage 2,UNKNOWN,UNKNOWN,UNKNOWN,UNKNOWN,UNKNOWN,UNKNOWN,UNKNOWN
S71,Tell Jenin,C2_tomb_shafts,without,True,False,True,full,to Stage 2,UNKNOWN,UNKNOWN,UNKNOWN,UNKNOWN,UNKNOWN,UNKNOWN,UNKNOWN
S71,Tell Jenin,dated_only,with,True,False,True,full,to Stage 2,UNKNOWN,UNKNOWN,UNKNOWN,UNKNOWN,UNKNOWN,UNKNOWN,UNKNOWN
S71,Tell Jenin,dated_only,without,True,False,True,full,to Stage 2,UNKNOWN,UNKNOWN,UNKNOWN,UNKNOWN,UNKNOWN,UNKNOWN,UNKNOWN
S103,Kh. Bal'ame,primary,with,True,False,True,full,to Stage 2,UNKNOWN,UNKNOWN,UNKNOWN,UNKNOWN,UNKNOWN,UNKNOWN,UNKNOWN
S103,Kh. Bal'ame,primary,without,True,False,True,full,to Stage 2,UNKNOWN,UNKNOWN,UNKNOWN,UNKNOWN,UNKNOWN,UNKNOWN,UNKNOWN
S103,Kh. Bal'ame,C1_0.5km,with,True,False,True,full,to Stage 2,UNKNOWN,UNKNOWN,UNKNOWN,UNKNOWN,UNKNOWN,UNKNOWN,UNKNOWN
S103,Kh. Bal'ame,C1_0.5km,without,True,False,True,full,to Stage 2,UNKNOWN,UNKNOWN,UNKNOWN,UNKNOWN,UNKNOWN,UNKNOWN,UNKNOWN
S103,Kh. Bal'ame,C1_2km,with,True,False,True,full,to Stage 2,UNKNOWN,UNKNOWN,UNKNOWN,UNKNOWN,UNKNOWN,UNKNOWN,UNKNOWN
S103,Kh. Bal'ame,C1_2km,without,True,False,True,full,to Stage 2,UNKNOWN,UNKNOWN,UNKNOWN,UNKNOWN,UNKNOWN,UNKNOWN,UNKNOWN
S103,Kh. Bal'ame,C2_tomb_shafts,with,True,False,True,full,to Stage 2,UNKNOWN,UNKNOWN,UNKNOWN,UNKNOWN,UNKNOWN,UNKNOWN,UNKNOWN
S103,Kh. Bal'ame,C2_tomb_shafts,without,True,False,True,full,to Stage 2,UNKNOWN,UNKNOWN,UNKNOWN,UNKNOWN,UNKNOWN,UNKNOWN,UNKNOWN
S103,Kh. Bal'ame,dated_only,with,True,False,True,full,to Stage 2,UNKNOWN,UNKNOWN,UNKNOWN,UNKNOWN,UNKNOWN,UNKNOWN,UNKNOWN
S103,Kh. Bal'ame,dated_only,without,True,False,True,full,to Stage 2,UNKNOWN,UNKNOWN,UNKNOWN,UNKNOWN,UNKNOWN,UNKNOWN,UNKNOWN
S108,Kh. Abu Ghannam,primary,with,True,False,False,full,not recorded,UNKNOWN,UNKNOWN,UNKNOWN,UNKNOWN,UNKNOWN,UNKNOWN,UNKNOWN
S108,Kh. Abu Ghannam,primary,without,True,False,False,full,not recorded,UNKNOWN,UNKNOWN,UNKNOWN,UNKNOWN,UNKNOWN,UNKNOWN,UNKNOWN
S108,Kh. Abu Ghannam,C1_0.5km,with,True,False,False,full,not recorded,UNKNOWN,UNKNOWN,UNKNOWN,UNKNOWN,UNKNOWN,UNKNOWN,UNKNOWN
S108,Kh. Abu Ghannam,C1_0.5km,without,True,False,False,full,not recorded,UNKNOWN,UNKNOWN,UNKNOWN,UNKNOWN,UNKNOWN,UNKNOWN,UNKNOWN
S108,Kh. Abu Ghannam,C1_2km,with,True,False,False,full,not recorded,UNKNOWN,UNKNOWN,UNKNOWN,UNKNOWN,UNKNOWN,UNKNOWN,UNKNOWN
S108,Kh. Abu Ghannam,C1_2km,without,True,False,False,full,not recorded,UNKNOWN,UNKNOWN,UNKNOWN,UNKNOWN,UNKNOWN,UNKNOWN,UNKNOWN
S108,Kh. Abu Ghannam,C2_tomb_shafts,with,True,False,False,full,not recorded,UNKNOWN,UNKNOWN,UNKNOWN,UNKNOWN,UNKNOWN,UNKNOWN,UNKNOWN
S108,Kh. Abu Ghannam,C2_tomb_shafts,without,True,False,False,full,not recorded,UNKNOWN,UNKNOWN,UNKNOWN,UNKNOWN,UNKNOWN,UNKNOWN,UNKNOWN
S108,Kh. Abu Ghannam,dated_only,with,True,False,False,full,not recorded,UNKNOWN,UNKNOWN,UNKNOWN,UNKNOWN,UNKNOWN,UNKNOWN,UNKNOWN
S108,Kh. Abu Ghannam,dated_only,without,True,False,False,full,not recorded,UNKNOWN,UNKNOWN,UNKNOWN,UNKNOWN,UNKNOWN,UNKNOWN,UNKNOWN
S153,Kh. Umm el-Buṭm,primary,with,True,False,False,full,to Stage 2,UNKNOWN,UNKNOWN,UNKNOWN,UNKNOWN,UNKNOWN,UNKNOWN,UNKNOWN
S153,Kh. Umm el-Buṭm,primary,without,True,False,False,full,to Stage 2,UNKNOWN,UNKNOWN,UNKNOWN,UNKNOWN,UNKNOWN,UNKNOWN,UNKNOWN
S153,Kh. Umm el-Buṭm,C1_0.5km,with,True,False,False,full,to Stage 2,UNKNOWN,UNKNOWN,UNKNOWN,UNKNOWN,UNKNOWN,UNKNOWN,UNKNOWN
S153,Kh. Umm el-Buṭm,C1_0.5km,without,True,False,False,full,to Stage 2,UNKNOWN,UNKNOWN,UNKNOWN,UNKNOWN,UNKNOWN,UNKNOWN,UNKNOWN
S153,Kh. Umm el-Buṭm,C1_2km,with,True,False,False,full,to Stage 2,UNKNOWN,UNKNOWN,UNKNOWN,UNKNOWN,UNKNOWN,UNKNOWN,UNKNOWN
S153,Kh. Umm el-Buṭm,C1_2km,without,True,False,False,full,to Stage 2,UNKNOWN,UNKNOWN,UNKNOWN,UNKNOWN,UNKNOWN,UNKNOWN,UNKNOWN
S153,Kh. Umm el-Buṭm,C2_tomb_shafts,with,True,False,False,full,to Stage 2,UNKNOWN,UNKNOWN,UNKNOWN,UNKNOWN,UNKNOWN,UNKNOWN,UNKNOWN
S153,Kh. Umm el-Buṭm,C2_tomb_shafts,without,True,False,False,full,to Stage 2,UNKNOWN,UNKNOWN,UNKNOWN,UNKNOWN,UNKNOWN,UNKNOWN,UNKNOWN
S153,Kh. Umm el-Buṭm,dated_only,with,True,False,False,full,to Stage 2,UNKNOWN,UNKNOWN,UNKNOWN,UNKNOWN,UNKNOWN,UNKNOWN,UNKNOWN
S153,Kh. Umm el-Buṭm,dated_only,without,True,False,False,full,to Stage 2,UNKNOWN,UNKNOWN,UNKNOWN,UNKNOWN,UNKNOWN,UNKNOWN,UNKNOWN
S178,Kh. Tannin,primary,with,True,False,False,full,to Stage 2,UNKNOWN,UNKNOWN,UNKNOWN,UNKNOWN,UNKNOWN,UNKNOWN,UNKNOWN
S178,Kh. Tannin,primary,without,True,False,False,full,to Stage 2,UNKNOWN,UNKNOWN,UNKNOWN,UNKNOWN,UNKNOWN,UNKNOWN,UNKNOWN
S178,Kh. Tannin,C1_0.5km,with,True,False,False,full,to Stage 2,UNKNOWN,UNKNOWN,UNKNOWN,UNKNOWN,UNKNOWN,UNKNOWN,UNKNOWN
S178,Kh. Tannin,C1_0.5km,without,True,False,False,full,to Stage 2,UNKNOWN,UNKNOWN,UNKNOWN,UNKNOWN,UNKNOWN,UNKNOWN,UNKNOWN
S178,Kh. Tannin,C1_2km,with,True,False,False,full,to Stage 2,UNKNOWN,UNKNOWN,UNKNOWN,UNKNOWN,UNKNOWN,UNKNOWN,UNKNOWN
S178,Kh. Tannin,C1_2km,without,True,False,False,full,to Stage 2,UNKNOWN,UNKNOWN,UNKNOWN,UNKNOWN,UNKNOWN,UNKNOWN,UNKNOWN
S178,Kh. Tannin,C2_tomb_shafts,with,True,False,False,full,to Stage 2,UNKNOWN,UNKNOWN,UNKNOWN,UNKNOWN,UNKNOWN,UNKNOWN,UNKNOWN
S178,Kh. Tannin,C2_tomb_shafts,without,True,False,False,full,to Stage 2,UNKNOWN,UNKNOWN,UNKNOWN,UNKNOWN,UNKNOWN,UNKNOWN,UNKNOWN
S178,Kh. Tannin,dated_only,with,True,False,False,full,to Stage 2,UNKNOWN,UNKNOWN,UNKNOWN,UNKNOWN,UNKNOWN,UNKNOWN,UNKNOWN
S178,Kh. Tannin,dated_only,without,True,False,False,full,to Stage 2,UNKNOWN,UNKNOWN,UNKNOWN,UNKNOWN,UNKNOWN,UNKNOWN,UNKNOWN
S188,Qabatiyeh,primary,with,True,False,False,full,not recorded,UNKNOWN,UNKNOWN,UNKNOWN,UNKNOWN,UNKNOWN,UNKNOWN,UNKNOWN
S188,Qabatiyeh,primary,without,True,False,False,full,not recorded,UNKNOWN,UNKNOWN,UNKNOWN,UNKNOWN,UNKNOWN,UNKNOWN,UNKNOWN
S188,Qabatiyeh,C1_0.5km,with,True,False,False,full,not recorded,UNKNOWN,UNKNOWN,UNKNOWN,UNKNOWN,UNKNOWN,UNKNOWN,UNKNOWN
S188,Qabatiyeh,C1_0.5km,without,True,False,False,full,not recorded,UNKNOWN,UNKNOWN,UNKNOWN,UNKNOWN,UNKNOWN,UNKNOWN,UNKNOWN
S188,Qabatiyeh,C1_2km,with,True,False,False,full,not recorded,UNKNOWN,UNKNOWN,UNKNOWN,UNKNOWN,UNKNOWN,UNKNOWN,UNKNOWN
S188,Qabatiyeh,C1_2km,without,True,False,False,full,not recorded,UNKNOWN,UNKNOWN,UNKNOWN,UNKNOWN,UNKNOWN,UNKNOWN,UNKNOWN
S188,Qabatiyeh,C2_tomb_shafts,with,True,False,False,full,not recorded,UNKNOWN,UNKNOWN,UNKNOWN,UNKNOWN,UNKNOWN,UNKNOWN,UNKNOWN
S188,Qabatiyeh,C2_tomb_shafts,without,True,False,False,full,not recorded,UNKNOWN,UNKNOWN,UNKNOWN,UNKNOWN,UNKNOWN,UNKNOWN,UNKNOWN
S188,Qabatiyeh,dated_only,with,True,False,False,full,not recorded,UNKNOWN,UNKNOWN,UNKNOWN,UNKNOWN,UNKNOWN,UNKNOWN,UNKNOWN
S188,Qabatiyeh,dated_only,without,True,False,False,full,not recorded,UNKNOWN,UNKNOWN,UNKNOWN,UNKNOWN,UNKNOWN,UNKNOWN,UNKNOWN
S200,Kh. Qa'un 3,primary,with,True,False,False,full,to Stage 2,UNKNOWN,UNKNOWN,UNKNOWN,UNKNOWN,UNKNOWN,UNKNOWN,UNKNOWN
S200,Kh. Qa'un 3,primary,without,True,False,False,full,to Stage 2,UNKNOWN,UNKNOWN,UNKNOWN,UNKNOWN,UNKNOWN,UNKNOWN,UNKNOWN
S200,Kh. Qa'un 3,C1_0.5km,with,True,False,False,full,to Stage 2,UNKNOWN,UNKNOWN,UNKNOWN,UNKNOWN,UNKNOWN,UNKNOWN,UNKNOWN
S200,Kh. Qa'un 3,C1_0.5km,without,True,False,False,full,to Stage 2,UNKNOWN,UNKNOWN,UNKNOWN,UNKNOWN,UNKNOWN,UNKNOWN,UNKNOWN
S200,Kh. Qa'un 3,C1_2km,with,True,False,False,full,to Stage 2,UNKNOWN,UNKNOWN,UNKNOWN,UNKNOWN,UNKNOWN,UNKNOWN,UNKNOWN
S200,Kh. Qa'un 3,C1_2km,without,True,False,False,full,to Stage 2,UNKNOWN,UNKNOWN,UNKNOWN,UNKNOWN,UNKNOWN,UNKNOWN,UNKNOWN
S200,Kh. Qa'un 3,C2_tomb_shafts,with,True,False,False,full,to Stage 2,UNKNOWN,UNKNOWN,UNKNOWN,UNKNOWN,UNKNOWN,UNKNOWN,UNKNOWN
S200,Kh. Qa'un 3,C2_tomb_shafts,without,True,False,False,full,to Stage 2,UNKNOWN,UNKNOWN,UNKNOWN,UNKNOWN,UNKNOWN,UNKNOWN,UNKNOWN
S200,Kh. Qa'un 3,dated_only,with,True,False,False,full,to Stage 2,UNKNOWN,UNKNOWN,UNKNOWN,UNKNOWN,UNKNOWN,UNKNOWN,UNKNOWN
S200,Kh. Qa'un 3,dated_only,without,True,False,False,full,to Stage 2,UNKNOWN,UNKNOWN,UNKNOWN,UNKNOWN,UNKNOWN,UNKNOWN,UNKNOWN
S206,Tell Qa'un,primary,with,True,False,False,full,to Stage 2,UNKNOWN,MATCH,MATCH,UNKNOWN,UNKNOWN,UNKNOWN,UNKNOWN
S206,Tell Qa'un,primary,without,True,False,False,full,to Stage 2,UNKNOWN,MATCH,MATCH,UNKNOWN,UNKNOWN,UNKNOWN,UNKNOWN
S206,Tell Qa'un,C1_0.5km,with,True,False,False,full,to Stage 2,UNKNOWN,MATCH,MATCH,UNKNOWN,UNKNOWN,UNKNOWN,UNKNOWN
S206,Tell Qa'un,C1_0.5km,without,True,False,False,full,to Stage 2,UNKNOWN,MATCH,MATCH,UNKNOWN,UNKNOWN,UNKNOWN,UNKNOWN
S206,Tell Qa'un,C1_2km,with,True,False,False,full,to Stage 2,UNKNOWN,MATCH,MATCH,UNKNOWN,UNKNOWN,UNKNOWN,UNKNOWN
S206,Tell Qa'un,C1_2km,without,True,False,False,full,to Stage 2,UNKNOWN,MATCH,MATCH,UNKNOWN,UNKNOWN,UNKNOWN,UNKNOWN
S206,Tell Qa'un,C2_tomb_shafts,with,True,False,False,full,to Stage 2,UNKNOWN,MATCH,MATCH,UNKNOWN,UNKNOWN,UNKNOWN,UNKNOWN
S206,Tell Qa'un,C2_tomb_shafts,without,True,False,False,full,to Stage 2,UNKNOWN,MATCH,MATCH,UNKNOWN,UNKNOWN,UNKNOWN,UNKNOWN
S206,Tell Qa'un,dated_only,with,True,False,False,full,to Stage 2,UNKNOWN,UNKNOWN,UNKNOWN,UNKNOWN,UNKNOWN,UNKNOWN,UNKNOWN
S206,Tell Qa'un,dated_only,without,True,False,False,full,to Stage 2,UNKNOWN,UNKNOWN,UNKNOWN,UNKNOWN,UNKNOWN,UNKNOWN,UNKNOWN
S208,Khallaiyel Madkhul 2,primary,with,True,False,False,full,to Stage 2,UNKNOWN,UNKNOWN,UNKNOWN,UNKNOWN,UNKNOWN,UNKNOWN,UNKNOWN
S208,Khallaiyel Madkhul 2,primary,without,True,False,False,full,to Stage 2,UNKNOWN,UNKNOWN,UNKNOWN,UNKNOWN,UNKNOWN,UNKNOWN,UNKNOWN
S208,Khallaiyel Madkhul 2,C1_0.5km,with,True,False,False,full,to Stage 2,UNKNOWN,UNKNOWN,UNKNOWN,UNKNOWN,UNKNOWN,UNKNOWN,UNKNOWN
S208,Khallaiyel Madkhul 2,C1_0.5km,without,True,False,False,full,to Stage 2,UNKNOWN,UNKNOWN,UNKNOWN,UNKNOWN,UNKNOWN,UNKNOWN,UNKNOWN
S208,Khallaiyel Madkhul 2,C1_2km,with,True,False,False,full,to Stage 2,UNKNOWN,UNKNOWN,UNKNOWN,UNKNOWN,UNKNOWN,UNKNOWN,UNKNOWN
S208,Khallaiyel Madkhul 2,C1_2km,without,True,False,False,full,to Stage 2,UNKNOWN,UNKNOWN,UNKNOWN,UNKNOWN,UNKNOWN,UNKNOWN,UNKNOWN
S208,Khallaiyel Madkhul 2,C2_tomb_shafts,with,True,False,False,full,to Stage 2,UNKNOWN,UNKNOWN,UNKNOWN,UNKNOWN,UNKNOWN,UNKNOWN,UNKNOWN
S208,Khallaiyel Madkhul 2,C2_tomb_shafts,without,True,False,False,full,to Stage 2,UNKNOWN,UNKNOWN,UNKNOWN,UNKNOWN,UNKNOWN,UNKNOWN,UNKNOWN
S208,Khallaiyel Madkhul 2,dated_only,with,True,False,False,full,to Stage 2,UNKNOWN,UNKNOWN,UNKNOWN,UNKNOWN,UNKNOWN,UNKNOWN,UNKNOWN
S208,Khallaiyel Madkhul 2,dated_only,without,True,False,False,full,to Stage 2,UNKNOWN,UNKNOWN,UNKNOWN,UNKNOWN,UNKNOWN,UNKNOWN,UNKNOWN
S214,Khallaiyel Madkhul 1,primary,with,True,False,False,full,to Stage 2,UNKNOWN,UNKNOWN,UNKNOWN,UNKNOWN,UNKNOWN,UNKNOWN,UNKNOWN
S214,Khallaiyel Madkhul 1,primary,without,True,False,False,full,to Stage 2,UNKNOWN,UNKNOWN,UNKNOWN,UNKNOWN,UNKNOWN,UNKNOWN,UNKNOWN
S214,Khallaiyel Madkhul 1,C1_0.5km,with,True,False,False,full,to Stage 2,UNKNOWN,UNKNOWN,UNKNOWN,UNKNOWN,UNKNOWN,UNKNOWN,UNKNOWN
S214,Khallaiyel Madkhul 1,C1_0.5km,without,True,False,False,full,to Stage 2,UNKNOWN,UNKNOWN,UNKNOWN,UNKNOWN,UNKNOWN,UNKNOWN,UNKNOWN
S214,Khallaiyel Madkhul 1,C1_2km,with,True,False,False,full,to Stage 2,UNKNOWN,UNKNOWN,UNKNOWN,UNKNOWN,UNKNOWN,UNKNOWN,UNKNOWN
S214,Khallaiyel Madkhul 1,C1_2km,without,True,False,False,full,to Stage 2,UNKNOWN,UNKNOWN,UNKNOWN,UNKNOWN,UNKNOWN,UNKNOWN,UNKNOWN
S214,Khallaiyel Madkhul 1,C2_tomb_shafts,with,True,False,False,full,to Stage 2,UNKNOWN,UNKNOWN,UNKNOWN,UNKNOWN,UNKNOWN,UNKNOWN,UNKNOWN
S214,Khallaiyel Madkhul 1,C2_tomb_shafts,without,True,False,False,full,to Stage 2,UNKNOWN,UNKNOWN,UNKNOWN,UNKNOWN,UNKNOWN,UNKNOWN,UNKNOWN
S214,Khallaiyel Madkhul 1,dated_only,with,True,False,False,full,to Stage 2,UNKNOWN,UNKNOWN,UNKNOWN,UNKNOWN,UNKNOWN,UNKNOWN,UNKNOWN
S214,Khallaiyel Madkhul 1,dated_only,without,True,False,False,full,to Stage 2,UNKNOWN,UNKNOWN,UNKNOWN,UNKNOWN,UNKNOWN,UNKNOWN,UNKNOWN
S216,Kh. 'Anaḥum,primary,with,True,False,False,full,not recorded,UNKNOWN,UNKNOWN,UNKNOWN,UNKNOWN,UNKNOWN,UNKNOWN,UNKNOWN
S216,Kh. 'Anaḥum,primary,without,True,False,False,full,not recorded,UNKNOWN,UNKNOWN,UNKNOWN,UNKNOWN,UNKNOWN,UNKNOWN,UNKNOWN
S216,Kh. 'Anaḥum,C1_0.5km,with,True,False,False,full,not recorded,UNKNOWN,UNKNOWN,UNKNOWN,UNKNOWN,UNKNOWN,UNKNOWN,UNKNOWN
S216,Kh. 'Anaḥum,C1_0.5km,without,True,False,False,full,not recorded,UNKNOWN,UNKNOWN,UNKNOWN,UNKNOWN,UNKNOWN,UNKNOWN,UNKNOWN
S216,Kh. 'Anaḥum,C1_2km,with,True,False,False,full,not recorded,UNKNOWN,UNKNOWN,UNKNOWN,UNKNOWN,UNKNOWN,UNKNOWN,UNKNOWN
S216,Kh. 'Anaḥum,C1_2km,without,True,False,False,full,not recorded,UNKNOWN,UNKNOWN,UNKNOWN,UNKNOWN,UNKNOWN,UNKNOWN,UNKNOWN
S216,Kh. 'Anaḥum,C2_tomb_shafts,with,True,False,False,full,not recorded,UNKNOWN,UNKNOWN,UNKNOWN,UNKNOWN,UNKNOWN,UNKNOWN,UNKNOWN
S216,Kh. 'Anaḥum,C2_tomb_shafts,without,True,False,False,full,not recorded,UNKNOWN,UNKNOWN,UNKNOWN,UNKNOWN,UNKNOWN,UNKNOWN,UNKNOWN
S216,Kh. 'Anaḥum,dated_only,with,True,False,False,full,not recorded,UNKNOWN,UNKNOWN,UNKNOWN,UNKNOWN,UNKNOWN,UNKNOWN,UNKNOWN
S216,Kh. 'Anaḥum,dated_only,without,True,False,False,full,not recorded,UNKNOWN,UNKNOWN,UNKNOWN,UNKNOWN,UNKNOWN,UNKNOWN,UNKNOWN
S219,Tilfit,primary,with,True,False,False,full,to Stage 2,UNKNOWN,MATCH,UNKNOWN,UNKNOWN,UNKNOWN,UNKNOWN,UNKNOWN
S219,Tilfit,primary,without,True,False,False,full,to Stage 2,UNKNOWN,MATCH,UNKNOWN,UNKNOWN,UNKNOWN,UNKNOWN,UNKNOWN
S219,Tilfit,C1_0.5km,with,True,False,False,full,to Stage 2,UNKNOWN,MATCH,UNKNOWN,UNKNOWN,UNKNOWN,UNKNOWN,UNKNOWN
S219,Tilfit,C1_0.5km,without,True,False,False,full,to Stage 2,UNKNOWN,MATCH,UNKNOWN,UNKNOWN,UNKNOWN,UNKNOWN,UNKNOWN
S219,Tilfit,C1_2km,with,True,False,False,full,to Stage 2,UNKNOWN,MATCH,UNKNOWN,UNKNOWN,UNKNOWN,UNKNOWN,UNKNOWN
S219,Tilfit,C1_2km,without,True,False,False,full,to Stage 2,UNKNOWN,MATCH,UNKNOWN,UNKNOWN,UNKNOWN,UNKNOWN,UNKNOWN
S219,Tilfit,C2_tomb_shafts,with,True,False,False,full,to Stage 2,UNKNOWN,MATCH,UNKNOWN,UNKNOWN,UNKNOWN,UNKNOWN,UNKNOWN
S219,Tilfit,C2_tomb_shafts,without,True,False,False,full,to Stage 2,UNKNOWN,MATCH,UNKNOWN,UNKNOWN,UNKNOWN,UNKNOWN,UNKNOWN
S219,Tilfit,dated_only,with,True,False,False,full,to Stage 2,UNKNOWN,UNKNOWN,UNKNOWN,UNKNOWN,UNKNOWN,UNKNOWN,UNKNOWN
S219,Tilfit,dated_only,without,True,False,False,full,to Stage 2,UNKNOWN,UNKNOWN,UNKNOWN,UNKNOWN,UNKNOWN,UNKNOWN,UNKNOWN
S223,Kh. esh-Sheikh Safiryyan,primary,with,True,False,False,full,to Stage 2,UNKNOWN,MATCH,UNKNOWN,UNKNOWN,UNKNOWN,UNKNOWN,UNKNOWN
S223,Kh. esh-Sheikh Safiryyan,primary,without,True,False,False,full,to Stage 2,UNKNOWN,MATCH,UNKNOWN,UNKNOWN,UNKNOWN,UNKNOWN,UNKNOWN
S223,Kh. esh-Sheikh Safiryyan,C1_0.5km,with,True,False,False,full,to Stage 2,UNKNOWN,MATCH,UNKNOWN,UNKNOWN,UNKNOWN,UNKNOWN,UNKNOWN
S223,Kh. esh-Sheikh Safiryyan,C1_0.5km,without,True,False,False,full,to Stage 2,UNKNOWN,MATCH,UNKNOWN,UNKNOWN,UNKNOWN,UNKNOWN,UNKNOWN
S223,Kh. esh-Sheikh Safiryyan,C1_2km,with,True,False,False,full,to Stage 2,UNKNOWN,MATCH,UNKNOWN,UNKNOWN,UNKNOWN,UNKNOWN,UNKNOWN
S223,Kh. esh-Sheikh Safiryyan,C1_2km,without,True,False,False,full,to Stage 2,UNKNOWN,MATCH,UNKNOWN,UNKNOWN,UNKNOWN,UNKNOWN,UNKNOWN
S223,Kh. esh-Sheikh Safiryyan,C2_tomb_shafts,with,True,False,False,full,to Stage 2,UNKNOWN,MATCH,UNKNOWN,UNKNOWN,UNKNOWN,UNKNOWN,UNKNOWN
S223,Kh. esh-Sheikh Safiryyan,C2_tomb_shafts,without,True,False,False,full,to Stage 2,UNKNOWN,MATCH,UNKNOWN,UNKNOWN,UNKNOWN,UNKNOWN,UNKNOWN
S223,Kh. esh-Sheikh Safiryyan,dated_only,with,True,False,False,full,to Stage 2,UNKNOWN,UNKNOWN,UNKNOWN,UNKNOWN,UNKNOWN,UNKNOWN,UNKNOWN
S223,Kh. esh-Sheikh Safiryyan,dated_only,without,True,False,False,full,to Stage 2,UNKNOWN,UNKNOWN,UNKNOWN,UNKNOWN,UNKNOWN,UNKNOWN,UNKNOWN
S241,Tell Mukehaz 2,primary,with,True,False,False,full,to Stage 2,UNKNOWN,UNKNOWN,UNKNOWN,UNKNOWN,UNKNOWN,UNKNOWN,UNKNOWN
S241,Tell Mukehaz 2,primary,without,True,False,False,full,to Stage 2,UNKNOWN,UNKNOWN,UNKNOWN,UNKNOWN,UNKNOWN,UNKNOWN,UNKNOWN
S241,Tell Mukehaz 2,C1_0.5km,with,True,False,False,full,to Stage 2,UNKNOWN,UNKNOWN,UNKNOWN,UNKNOWN,UNKNOWN,UNKNOWN,UNKNOWN
S241,Tell Mukehaz 2,C1_0.5km,without,True,False,False,full,to Stage 2,UNKNOWN,UNKNOWN,UNKNOWN,UNKNOWN,UNKNOWN,UNKNOWN,UNKNOWN
S241,Tell Mukehaz 2,C1_2km,with,True,False,False,full,to Stage 2,UNKNOWN,UNKNOWN,UNKNOWN,UNKNOWN,UNKNOWN,UNKNOWN,UNKNOWN
S241,Tell Mukehaz 2,C1_2km,without,True,False,False,full,to Stage 2,UNKNOWN,UNKNOWN,UNKNOWN,UNKNOWN,UNKNOWN,UNKNOWN,UNKNOWN
S241,Tell Mukehaz 2,C2_tomb_shafts,with,True,False,False,full,to Stage 2,UNKNOWN,UNKNOWN,UNKNOWN,UNKNOWN,UNKNOWN,UNKNOWN,UNKNOWN
S241,Tell Mukehaz 2,C2_tomb_shafts,without,True,False,False,full,to Stage 2,UNKNOWN,UNKNOWN,UNKNOWN,UNKNOWN,UNKNOWN,UNKNOWN,UNKNOWN
S241,Tell Mukehaz 2,dated_only,with,True,False,False,full,to Stage 2,UNKNOWN,UNKNOWN,UNKNOWN,UNKNOWN,UNKNOWN,UNKNOWN,UNKNOWN
S241,Tell Mukehaz 2,dated_only,without,True,False,False,full,to Stage 2,UNKNOWN,UNKNOWN,UNKNOWN,UNKNOWN,UNKNOWN,UNKNOWN,UNKNOWN
S242,-,primary,with,True,False,False,full,not recorded,UNKNOWN,UNKNOWN,UNKNOWN,UNKNOWN,UNKNOWN,UNKNOWN,UNKNOWN
S242,-,primary,without,True,False,False,full,not recorded,UNKNOWN,UNKNOWN,UNKNOWN,UNKNOWN,UNKNOWN,UNKNOWN,UNKNOWN
S242,-,C1_0.5km,with,True,False,False,full,not recorded,UNKNOWN,UNKNOWN,UNKNOWN,UNKNOWN,UNKNOWN,UNKNOWN,UNKNOWN
S242,-,C1_0.5km,without,True,False,False,full,not recorded,UNKNOWN,UNKNOWN,UNKNOWN,UNKNOWN,UNKNOWN,UNKNOWN,UNKNOWN
S242,-,C1_2km,with,True,False,False,full,not recorded,UNKNOWN,UNKNOWN,UNKNOWN,UNKNOWN,UNKNOWN,UNKNOWN,UNKNOWN
S242,-,C1_2km,without,True,False,False,full,not recorded,UNKNOWN,UNKNOWN,UNKNOWN,UNKNOWN,UNKNOWN,UNKNOWN,UNKNOWN
S242,-,C2_tomb_shafts,with,True,False,False,full,not recorded,UNKNOWN,UNKNOWN,UNKNOWN,UNKNOWN,UNKNOWN,UNKNOWN,UNKNOWN
S242,-,C2_tomb_shafts,without,True,False,False,full,not recorded,UNKNOWN,UNKNOWN,UNKNOWN,UNKNOWN,UNKNOWN,UNKNOWN,UNKNOWN
S242,-,dated_only,with,True,False,False,full,not recorded,UNKNOWN,UNKNOWN,UNKNOWN,UNKNOWN,UNKNOWN,UNKNOWN,UNKNOWN
S242,-,dated_only,without,True,False,False,full,not recorded,UNKNOWN,UNKNOWN,UNKNOWN,UNKNOWN,UNKNOWN,UNKNOWN,UNKNOWN
S244,Kh. ed-Dabl,primary,with,True,False,False,full,not recorded,UNKNOWN,UNKNOWN,UNKNOWN,UNKNOWN,UNKNOWN,UNKNOWN,UNKNOWN
S244,Kh. ed-Dabl,primary,without,True,False,False,full,not recorded,UNKNOWN,UNKNOWN,UNKNOWN,UNKNOWN,UNKNOWN,UNKNOWN,UNKNOWN
S244,Kh. ed-Dabl,C1_0.5km,with,True,False,False,full,not recorded,UNKNOWN,UNKNOWN,UNKNOWN,UNKNOWN,UNKNOWN,UNKNOWN,UNKNOWN
S244,Kh. ed-Dabl,C1_0.5km,without,True,False,False,full,not recorded,UNKNOWN,UNKNOWN,UNKNOWN,UNKNOWN,UNKNOWN,UNKNOWN,UNKNOWN
S244,Kh. ed-Dabl,C1_2km,with,True,False,False,full,not recorded,UNKNOWN,UNKNOWN,UNKNOWN,UNKNOWN,UNKNOWN,UNKNOWN,UNKNOWN
S244,Kh. ed-Dabl,C1_2km,without,True,False,False,full,not recorded,UNKNOWN,UNKNOWN,UNKNOWN,UNKNOWN,UNKNOWN,UNKNOWN,UNKNOWN
S244,Kh. ed-Dabl,C2_tomb_shafts,with,True,False,False,full,not recorded,UNKNOWN,UNKNOWN,UNKNOWN,UNKNOWN,UNKNOWN,UNKNOWN,UNKNOWN
S244,Kh. ed-Dabl,C2_tomb_shafts,without,True,False,False,full,not recorded,UNKNOWN,UNKNOWN,UNKNOWN,UNKNOWN,UNKNOWN,UNKNOWN,UNKNOWN
S244,Kh. ed-Dabl,dated_only,with,True,False,False,full,not recorded,UNKNOWN,UNKNOWN,UNKNOWN,UNKNOWN,UNKNOWN,UNKNOWN,UNKNOWN
S244,Kh. ed-Dabl,dated_only,without,True,False,False,full,not recorded,UNKNOWN,UNKNOWN,UNKNOWN,UNKNOWN,UNKNOWN,UNKNOWN,UNKNOWN
S254,'Ain ed-Deir,primary,with,True,False,False,full,not recorded,UNKNOWN,UNKNOWN,UNKNOWN,UNKNOWN,UNKNOWN,UNKNOWN,UNKNOWN
S254,'Ain ed-Deir,primary,without,True,False,False,full,not recorded,UNKNOWN,UNKNOWN,UNKNOWN,UNKNOWN,UNKNOWN,UNKNOWN,UNKNOWN
S254,'Ain ed-Deir,C1_0.5km,with,True,False,False,full,not recorded,UNKNOWN,UNKNOWN,UNKNOWN,UNKNOWN,UNKNOWN,UNKNOWN,UNKNOWN
S254,'Ain ed-Deir,C1_0.5km,without,True,False,False,full,not recorded,UNKNOWN,UNKNOWN,UNKNOWN,UNKNOWN,UNKNOWN,UNKNOWN,UNKNOWN
S254,'Ain ed-Deir,C1_2km,with,True,False,False,full,not recorded,UNKNOWN,UNKNOWN,UNKNOWN,UNKNOWN,UNKNOWN,UNKNOWN,UNKNOWN
S254,'Ain ed-Deir,C1_2km,without,True,False,False,full,not recorded,UNKNOWN,UNKNOWN,UNKNOWN,UNKNOWN,UNKNOWN,UNKNOWN,UNKNOWN
S254,'Ain ed-Deir,C2_tomb_shafts,with,True,False,False,full,not recorded,UNKNOWN,UNKNOWN,UNKNOWN,UNKNOWN,UNKNOWN,UNKNOWN,UNKNOWN
S254,'Ain ed-Deir,C2_tomb_shafts,without,True,False,False,full,not recorded,UNKNOWN,UNKNOWN,UNKNOWN,UNKNOWN,UNKNOWN,UNKNOWN,UNKNOWN
S254,'Ain ed-Deir,dated_only,with,True,False,False,full,not recorded,UNKNOWN,UNKNOWN,UNKNOWN,UNKNOWN,UNKNOWN,UNKNOWN,UNKNOWN
S254,'Ain ed-Deir,dated_only,without,True,False,False,full,not recorded,UNKNOWN,UNKNOWN,UNKNOWN,UNKNOWN,UNKNOWN,UNKNOWN,UNKNOWN
S255,Rabba,primary,with,True,False,False,full,not recorded,UNKNOWN,UNKNOWN,UNKNOWN,UNKNOWN,UNKNOWN,UNKNOWN,UNKNOWN
S255,Rabba,primary,without,True,False,False,full,not recorded,UNKNOWN,UNKNOWN,UNKNOWN,UNKNOWN,UNKNOWN,UNKNOWN,UNKNOWN
S255,Rabba,C1_0.5km,with,True,False,False,full,not recorded,UNKNOWN,UNKNOWN,UNKNOWN,UNKNOWN,UNKNOWN,UNKNOWN,UNKNOWN
S255,Rabba,C1_0.5km,without,True,False,False,full,not recorded,UNKNOWN,UNKNOWN,UNKNOWN,UNKNOWN,UNKNOWN,UNKNOWN,UNKNOWN
S255,Rabba,C1_2km,with,True,False,False,full,not recorded,UNKNOWN,UNKNOWN,UNKNOWN,UNKNOWN,UNKNOWN,UNKNOWN,UNKNOWN
S255,Rabba,C1_2km,without,True,False,False,full,not recorded,UNKNOWN,UNKNOWN,UNKNOWN,UNKNOWN,UNKNOWN,UNKNOWN,UNKNOWN
S255,Rabba,C2_tomb_shafts,with,True,False,False,full,not recorded,UNKNOWN,UNKNOWN,UNKNOWN,UNKNOWN,UNKNOWN,UNKNOWN,UNKNOWN
S255,Rabba,C2_tomb_shafts,without,True,False,False,full,not recorded,UNKNOWN,UNKNOWN,UNKNOWN,UNKNOWN,UNKNOWN,UNKNOWN,UNKNOWN
S255,Rabba,dated_only,with,True,False,False,full,not recorded,UNKNOWN,UNKNOWN,UNKNOWN,UNKNOWN,UNKNOWN,UNKNOWN,UNKNOWN
S255,Rabba,dated_only,without,True,False,False,full,not recorded,UNKNOWN,UNKNOWN,UNKNOWN,UNKNOWN,UNKNOWN,UNKNOWN,UNKNOWN
S257,Bardala,primary,with,True,False,True,full,to Stage 2,UNKNOWN,UNKNOWN,UNKNOWN,UNKNOWN,UNKNOWN,UNKNOWN,UNKNOWN
S257,Bardala,primary,without,True,False,True,full,to Stage 2,UNKNOWN,UNKNOWN,UNKNOWN,UNKNOWN,UNKNOWN,UNKNOWN,UNKNOWN
S257,Bardala,C1_0.5km,with,True,False,True,full,to Stage 2,UNKNOWN,UNKNOWN,UNKNOWN,UNKNOWN,UNKNOWN,UNKNOWN,UNKNOWN
S257,Bardala,C1_0.5km,without,True,False,True,full,to Stage 2,UNKNOWN,UNKNOWN,UNKNOWN,UNKNOWN,UNKNOWN,UNKNOWN,UNKNOWN
S257,Bardala,C1_2km,with,True,False,True,full,to Stage 2,UNKNOWN,UNKNOWN,UNKNOWN,UNKNOWN,UNKNOWN,UNKNOWN,UNKNOWN
S257,Bardala,C1_2km,without,True,False,True,full,to Stage 2,UNKNOWN,UNKNOWN,UNKNOWN,UNKNOWN,UNKNOWN,UNKNOWN,UNKNOWN
S257,Bardala,C2_tomb_shafts,with,True,False,True,full,to Stage 2,UNKNOWN,UNKNOWN,UNKNOWN,UNKNOWN,UNKNOWN,UNKNOWN,UNKNOWN
S257,Bardala,C2_tomb_shafts,without,True,False,True,full,to Stage 2,UNKNOWN,UNKNOWN,UNKNOWN,UNKNOWN,UNKNOWN,UNKNOWN,UNKNOWN
S257,Bardala,dated_only,with,True,False,True,full,to Stage 2,UNKNOWN,UNKNOWN,UNKNOWN,UNKNOWN,UNKNOWN,UNKNOWN,UNKNOWN
S257,Bardala,dated_only,without,True,False,True,full,to Stage 2,UNKNOWN,UNKNOWN,UNKNOWN,UNKNOWN,UNKNOWN,UNKNOWN,UNKNOWN
S264,ez-Zababide,primary,with,True,False,False,full,not recorded,UNKNOWN,UNKNOWN,UNKNOWN,UNKNOWN,UNKNOWN,UNKNOWN,UNKNOWN
S264,ez-Zababide,primary,without,True,False,False,full,not recorded,UNKNOWN,UNKNOWN,UNKNOWN,UNKNOWN,UNKNOWN,UNKNOWN,UNKNOWN
S264,ez-Zababide,C1_0.5km,with,True,False,False,full,not recorded,UNKNOWN,UNKNOWN,UNKNOWN,UNKNOWN,UNKNOWN,UNKNOWN,UNKNOWN
S264,ez-Zababide,C1_0.5km,without,True,False,False,full,not recorded,UNKNOWN,UNKNOWN,UNKNOWN,UNKNOWN,UNKNOWN,UNKNOWN,UNKNOWN
S264,ez-Zababide,C1_2km,with,True,False,False,full,not recorded,UNKNOWN,UNKNOWN,UNKNOWN,UNKNOWN,UNKNOWN,UNKNOWN,UNKNOWN
S264,ez-Zababide,C1_2km,without,True,False,False,full,not recorded,UNKNOWN,UNKNOWN,UNKNOWN,UNKNOWN,UNKNOWN,UNKNOWN,UNKNOWN
S264,ez-Zababide,C2_tomb_shafts,with,True,False,False,full,not recorded,UNKNOWN,UNKNOWN,UNKNOWN,UNKNOWN,UNKNOWN,UNKNOWN,UNKNOWN
S264,ez-Zababide,C2_tomb_shafts,without,True,False,False,full,not recorded,UNKNOWN,UNKNOWN,UNKNOWN,UNKNOWN,UNKNOWN,UNKNOWN,UNKNOWN
S264,ez-Zababide,dated_only,with,True,False,False,full,not recorded,UNKNOWN,UNKNOWN,UNKNOWN,UNKNOWN,UNKNOWN,UNKNOWN,UNKNOWN
S264,ez-Zababide,dated_only,without,True,False,False,full,not recorded,UNKNOWN,UNKNOWN,UNKNOWN,UNKNOWN,UNKNOWN,UNKNOWN,UNKNOWN
S267,Kh. Khiṣaṣ ed-Deir,primary,with,True,False,False,full,not recorded,UNKNOWN,UNKNOWN,UNKNOWN,UNKNOWN,UNKNOWN,UNKNOWN,UNKNOWN
S267,Kh. Khiṣaṣ ed-Deir,primary,without,True,False,False,full,not recorded,UNKNOWN,UNKNOWN,UNKNOWN,UNKNOWN,UNKNOWN,UNKNOWN,UNKNOWN
S267,Kh. Khiṣaṣ ed-Deir,C1_0.5km,with,True,False,False,full,not recorded,UNKNOWN,UNKNOWN,UNKNOWN,UNKNOWN,UNKNOWN,UNKNOWN,UNKNOWN
S267,Kh. Khiṣaṣ ed-Deir,C1_0.5km,without,True,False,False,full,not recorded,UNKNOWN,UNKNOWN,UNKNOWN,UNKNOWN,UNKNOWN,UNKNOWN,UNKNOWN
S267,Kh. Khiṣaṣ ed-Deir,C1_2km,with,True,False,False,full,not recorded,UNKNOWN,UNKNOWN,UNKNOWN,UNKNOWN,UNKNOWN,UNKNOWN,UNKNOWN
S267,Kh. Khiṣaṣ ed-Deir,C1_2km,without,True,False,False,full,not recorded,UNKNOWN,UNKNOWN,UNKNOWN,UNKNOWN,UNKNOWN,UNKNOWN,UNKNOWN
S267,Kh. Khiṣaṣ ed-Deir,C2_tomb_shafts,with,True,False,False,full,not recorded,UNKNOWN,UNKNOWN,UNKNOWN,UNKNOWN,UNKNOWN,UNKNOWN,UNKNOWN
S267,Kh. Khiṣaṣ ed-Deir,C2_tomb_shafts,without,True,False,False,full,not recorded,UNKNOWN,UNKNOWN,UNKNOWN,UNKNOWN,UNKNOWN,UNKNOWN,UNKNOWN
S267,Kh. Khiṣaṣ ed-Deir,dated_only,with,True,False,False,full,not recorded,UNKNOWN,UNKNOWN,UNKNOWN,UNKNOWN,UNKNOWN,UNKNOWN,UNKNOWN
S267,Kh. Khiṣaṣ ed-Deir,dated_only,without,True,False,False,full,not recorded,UNKNOWN,UNKNOWN,UNKNOWN,UNKNOWN,UNKNOWN,UNKNOWN,UNKNOWN
S269,Iraq el-Ḥamam,primary,with,True,False,False,full,not recorded,UNKNOWN,UNKNOWN,UNKNOWN,UNKNOWN,UNKNOWN,UNKNOWN,UNKNOWN
S269,Iraq el-Ḥamam,primary,without,True,False,False,full,not recorded,UNKNOWN,UNKNOWN,UNKNOWN,UNKNOWN,UNKNOWN,UNKNOWN,UNKNOWN
S269,Iraq el-Ḥamam,C1_0.5km,with,True,False,False,full,not recorded,UNKNOWN,UNKNOWN,UNKNOWN,UNKNOWN,UNKNOWN,UNKNOWN,UNKNOWN
S269,Iraq el-Ḥamam,C1_0.5km,without,True,False,False,full,not recorded,UNKNOWN,UNKNOWN,UNKNOWN,UNKNOWN,UNKNOWN,UNKNOWN,UNKNOWN
S269,Iraq el-Ḥamam,C1_2km,with,True,False,False,full,not recorded,UNKNOWN,UNKNOWN,UNKNOWN,UNKNOWN,UNKNOWN,UNKNOWN,UNKNOWN
S269,Iraq el-Ḥamam,C1_2km,without,True,False,False,full,not recorded,UNKNOWN,UNKNOWN,UNKNOWN,UNKNOWN,UNKNOWN,UNKNOWN,UNKNOWN
S269,Iraq el-Ḥamam,C2_tomb_shafts,with,True,False,False,full,not recorded,UNKNOWN,UNKNOWN,UNKNOWN,UNKNOWN,UNKNOWN,UNKNOWN,UNKNOWN
S269,Iraq el-Ḥamam,C2_tomb_shafts,without,True,False,False,full,not recorded,UNKNOWN,UNKNOWN,UNKNOWN,UNKNOWN,UNKNOWN,UNKNOWN,UNKNOWN
S269,Iraq el-Ḥamam,dated_only,with,True,False,False,full,not recorded,UNKNOWN,UNKNOWN,UNKNOWN,UNKNOWN,UNKNOWN,UNKNOWN,UNKNOWN
S269,Iraq el-Ḥamam,dated_only,without,True,False,False,full,not recorded,UNKNOWN,UNKNOWN,UNKNOWN,UNKNOWN,UNKNOWN,UNKNOWN,UNKNOWN
S273,Misiliya,primary,with,True,False,True,full,not recorded,UNKNOWN,UNKNOWN,UNKNOWN,UNKNOWN,UNKNOWN,UNKNOWN,UNKNOWN
S273,Misiliya,primary,without,True,False,True,full,not recorded,UNKNOWN,UNKNOWN,UNKNOWN,UNKNOWN,UNKNOWN,UNKNOWN,UNKNOWN
S273,Misiliya,C1_0.5km,with,True,False,True,full,not recorded,UNKNOWN,UNKNOWN,UNKNOWN,UNKNOWN,UNKNOWN,UNKNOWN,UNKNOWN
S273,Misiliya,C1_0.5km,without,True,False,True,full,not recorded,UNKNOWN,UNKNOWN,UNKNOWN,UNKNOWN,UNKNOWN,UNKNOWN,UNKNOWN
S273,Misiliya,C1_2km,with,True,False,True,full,not recorded,UNKNOWN,UNKNOWN,UNKNOWN,UNKNOWN,UNKNOWN,UNKNOWN,UNKNOWN
S273,Misiliya,C1_2km,without,True,False,True,full,not recorded,UNKNOWN,UNKNOWN,UNKNOWN,UNKNOWN,UNKNOWN,UNKNOWN,UNKNOWN
S273,Misiliya,C2_tomb_shafts,with,True,False,True,full,not recorded,UNKNOWN,UNKNOWN,UNKNOWN,UNKNOWN,UNKNOWN,UNKNOWN,UNKNOWN
S273,Misiliya,C2_tomb_shafts,without,True,False,True,full,not recorded,UNKNOWN,UNKNOWN,UNKNOWN,UNKNOWN,UNKNOWN,UNKNOWN,UNKNOWN
S273,Misiliya,dated_only,with,True,False,True,full,not recorded,UNKNOWN,UNKNOWN,UNKNOWN,UNKNOWN,UNKNOWN,UNKNOWN,UNKNOWN
S273,Misiliya,dated_only,without,True,False,True,full,not recorded,UNKNOWN,UNKNOWN,UNKNOWN,UNKNOWN,UNKNOWN,UNKNOWN,UNKNOWN
S276,Tell ed-Deir 1,primary,with,True,False,False,full,not recorded,UNKNOWN,UNKNOWN,UNKNOWN,UNKNOWN,UNKNOWN,UNKNOWN,UNKNOWN
S276,Tell ed-Deir 1,primary,without,True,False,False,full,not recorded,UNKNOWN,UNKNOWN,UNKNOWN,UNKNOWN,UNKNOWN,UNKNOWN,UNKNOWN
S276,Tell ed-Deir 1,C1_0.5km,with,True,False,False,full,not recorded,UNKNOWN,UNKNOWN,UNKNOWN,UNKNOWN,UNKNOWN,UNKNOWN,UNKNOWN
S276,Tell ed-Deir 1,C1_0.5km,without,True,False,False,full,not recorded,UNKNOWN,UNKNOWN,UNKNOWN,UNKNOWN,UNKNOWN,UNKNOWN,UNKNOWN
S276,Tell ed-Deir 1,C1_2km,with,True,False,False,full,not recorded,UNKNOWN,UNKNOWN,UNKNOWN,UNKNOWN,UNKNOWN,UNKNOWN,UNKNOWN
S276,Tell ed-Deir 1,C1_2km,without,True,False,False,full,not recorded,UNKNOWN,UNKNOWN,UNKNOWN,UNKNOWN,UNKNOWN,UNKNOWN,UNKNOWN
S276,Tell ed-Deir 1,C2_tomb_shafts,with,True,False,False,full,not recorded,UNKNOWN,UNKNOWN,UNKNOWN,UNKNOWN,UNKNOWN,UNKNOWN,UNKNOWN
S276,Tell ed-Deir 1,C2_tomb_shafts,without,True,False,False,full,not recorded,UNKNOWN,UNKNOWN,UNKNOWN,UNKNOWN,UNKNOWN,UNKNOWN,UNKNOWN
S276,Tell ed-Deir 1,dated_only,with,True,False,False,full,not recorded,UNKNOWN,UNKNOWN,UNKNOWN,UNKNOWN,UNKNOWN,UNKNOWN,UNKNOWN
S276,Tell ed-Deir 1,dated_only,without,True,False,False,full,not recorded,UNKNOWN,UNKNOWN,UNKNOWN,UNKNOWN,UNKNOWN,UNKNOWN,UNKNOWN
S277,-,primary,with,True,False,False,full,not recorded,UNKNOWN,UNKNOWN,UNKNOWN,UNKNOWN,UNKNOWN,UNKNOWN,UNKNOWN
S277,-,primary,without,True,False,False,full,not recorded,UNKNOWN,UNKNOWN,UNKNOWN,UNKNOWN,UNKNOWN,UNKNOWN,UNKNOWN
S277,-,C1_0.5km,with,True,False,False,full,not recorded,UNKNOWN,UNKNOWN,UNKNOWN,UNKNOWN,UNKNOWN,UNKNOWN,UNKNOWN
S277,-,C1_0.5km,without,True,False,False,full,not recorded,UNKNOWN,UNKNOWN,UNKNOWN,UNKNOWN,UNKNOWN,UNKNOWN,UNKNOWN
S277,-,C1_2km,with,True,False,False,full,not recorded,UNKNOWN,UNKNOWN,UNKNOWN,UNKNOWN,UNKNOWN,UNKNOWN,UNKNOWN
S277,-,C1_2km,without,True,False,False,full,not recorded,UNKNOWN,UNKNOWN,UNKNOWN,UNKNOWN,UNKNOWN,UNKNOWN,UNKNOWN
S277,-,C2_tomb_shafts,with,True,False,False,full,not recorded,UNKNOWN,UNKNOWN,UNKNOWN,UNKNOWN,UNKNOWN,UNKNOWN,UNKNOWN
S277,-,C2_tomb_shafts,without,True,False,False,full,not recorded,UNKNOWN,UNKNOWN,UNKNOWN,UNKNOWN,UNKNOWN,UNKNOWN,UNKNOWN
S277,-,dated_only,with,True,False,False,full,not recorded,UNKNOWN,UNKNOWN,UNKNOWN,UNKNOWN,UNKNOWN,UNKNOWN,UNKNOWN
S277,-,dated_only,without,True,False,False,full,not recorded,UNKNOWN,UNKNOWN,UNKNOWN,UNKNOWN,UNKNOWN,UNKNOWN,UNKNOWN
S278,es-Sahl A,primary,with,True,False,False,full,to Stage 2,UNKNOWN,UNKNOWN,UNKNOWN,UNKNOWN,UNKNOWN,UNKNOWN,UNKNOWN
S278,es-Sahl A,primary,without,True,False,False,full,to Stage 2,UNKNOWN,UNKNOWN,UNKNOWN,UNKNOWN,UNKNOWN,UNKNOWN,UNKNOWN
S278,es-Sahl A,C1_0.5km,with,True,False,False,full,to Stage 2,UNKNOWN,UNKNOWN,UNKNOWN,UNKNOWN,UNKNOWN,UNKNOWN,UNKNOWN
S278,es-Sahl A,C1_0.5km,without,True,False,False,full,to Stage 2,UNKNOWN,UNKNOWN,UNKNOWN,UNKNOWN,UNKNOWN,UNKNOWN,UNKNOWN
S278,es-Sahl A,C1_2km,with,True,False,False,full,to Stage 2,UNKNOWN,UNKNOWN,UNKNOWN,UNKNOWN,UNKNOWN,UNKNOWN,UNKNOWN
S278,es-Sahl A,C1_2km,without,True,False,False,full,to Stage 2,UNKNOWN,UNKNOWN,UNKNOWN,UNKNOWN,UNKNOWN,UNKNOWN,UNKNOWN
S278,es-Sahl A,C2_tomb_shafts,with,True,False,False,full,to Stage 2,UNKNOWN,UNKNOWN,UNKNOWN,UNKNOWN,UNKNOWN,UNKNOWN,UNKNOWN
S278,es-Sahl A,C2_tomb_shafts,without,True,False,False,full,to Stage 2,UNKNOWN,UNKNOWN,UNKNOWN,UNKNOWN,UNKNOWN,UNKNOWN,UNKNOWN
S278,es-Sahl A,dated_only,with,True,False,False,full,to Stage 2,UNKNOWN,UNKNOWN,UNKNOWN,UNKNOWN,UNKNOWN,UNKNOWN,UNKNOWN
S278,es-Sahl A,dated_only,without,True,False,False,full,to Stage 2,UNKNOWN,UNKNOWN,UNKNOWN,UNKNOWN,UNKNOWN,UNKNOWN,UNKNOWN
S280,-,primary,with,True,False,False,full,not recorded,UNKNOWN,UNKNOWN,UNKNOWN,UNKNOWN,UNKNOWN,UNKNOWN,UNKNOWN
S280,-,primary,without,True,False,False,full,not recorded,UNKNOWN,UNKNOWN,UNKNOWN,UNKNOWN,UNKNOWN,UNKNOWN,UNKNOWN
S280,-,C1_0.5km,with,True,False,False,full,not recorded,UNKNOWN,UNKNOWN,UNKNOWN,UNKNOWN,UNKNOWN,UNKNOWN,UNKNOWN
S280,-,C1_0.5km,without,True,False,False,full,not recorded,UNKNOWN,UNKNOWN,UNKNOWN,UNKNOWN,UNKNOWN,UNKNOWN,UNKNOWN
S280,-,C1_2km,with,True,False,False,full,not recorded,UNKNOWN,UNKNOWN,UNKNOWN,UNKNOWN,UNKNOWN,UNKNOWN,UNKNOWN
S280,-,C1_2km,without,True,False,False,full,not recorded,UNKNOWN,UNKNOWN,UNKNOWN,UNKNOWN,UNKNOWN,UNKNOWN,UNKNOWN
S280,-,C2_tomb_shafts,with,True,False,False,full,not recorded,UNKNOWN,UNKNOWN,UNKNOWN,UNKNOWN,UNKNOWN,UNKNOWN,UNKNOWN
S280,-,C2_tomb_shafts,without,True,False,False,full,not recorded,UNKNOWN,UNKNOWN,UNKNOWN,UNKNOWN,UNKNOWN,UNKNOWN,UNKNOWN
S280,-,dated_only,with,True,False,False,full,not recorded,UNKNOWN,UNKNOWN,UNKNOWN,UNKNOWN,UNKNOWN,UNKNOWN,UNKNOWN
S280,-,dated_only,without,True,False,False,full,not recorded,UNKNOWN,UNKNOWN,UNKNOWN,UNKNOWN,UNKNOWN,UNKNOWN,UNKNOWN
S286,Tell el-Beidha-Shemsiyeh,primary,with,True,False,False,full,not recorded,UNKNOWN,UNKNOWN,UNKNOWN,UNKNOWN,UNKNOWN,UNKNOWN,UNKNOWN
S286,Tell el-Beidha-Shemsiyeh,primary,without,True,False,False,full,not recorded,UNKNOWN,UNKNOWN,UNKNOWN,UNKNOWN,UNKNOWN,UNKNOWN,UNKNOWN
S286,Tell el-Beidha-Shemsiyeh,C1_0.5km,with,True,False,False,full,not recorded,UNKNOWN,UNKNOWN,UNKNOWN,UNKNOWN,UNKNOWN,UNKNOWN,UNKNOWN
S286,Tell el-Beidha-Shemsiyeh,C1_0.5km,without,True,False,False,full,not recorded,UNKNOWN,UNKNOWN,UNKNOWN,UNKNOWN,UNKNOWN,UNKNOWN,UNKNOWN
S286,Tell el-Beidha-Shemsiyeh,C1_2km,with,True,False,False,full,not recorded,UNKNOWN,UNKNOWN,UNKNOWN,UNKNOWN,UNKNOWN,UNKNOWN,UNKNOWN
S286,Tell el-Beidha-Shemsiyeh,C1_2km,without,True,False,False,full,not recorded,UNKNOWN,UNKNOWN,UNKNOWN,UNKNOWN,UNKNOWN,UNKNOWN,UNKNOWN
S286,Tell el-Beidha-Shemsiyeh,C2_tomb_shafts,with,True,False,False,full,not recorded,UNKNOWN,UNKNOWN,UNKNOWN,UNKNOWN,UNKNOWN,UNKNOWN,UNKNOWN
S286,Tell el-Beidha-Shemsiyeh,C2_tomb_shafts,without,True,False,False,full,not recorded,UNKNOWN,UNKNOWN,UNKNOWN,UNKNOWN,UNKNOWN,UNKNOWN,UNKNOWN
S286,Tell el-Beidha-Shemsiyeh,dated_only,with,True,False,False,full,not recorded,UNKNOWN,UNKNOWN,UNKNOWN,UNKNOWN,UNKNOWN,UNKNOWN,UNKNOWN
S286,Tell el-Beidha-Shemsiyeh,dated_only,without,True,False,False,full,not recorded,UNKNOWN,UNKNOWN,UNKNOWN,UNKNOWN,UNKNOWN,UNKNOWN,UNKNOWN
S287,-,primary,with,True,False,False,full,not recorded,UNKNOWN,UNKNOWN,UNKNOWN,UNKNOWN,UNKNOWN,UNKNOWN,UNKNOWN
S287,-,primary,without,True,False,False,full,not recorded,UNKNOWN,UNKNOWN,UNKNOWN,UNKNOWN,UNKNOWN,UNKNOWN,UNKNOWN
S287,-,C1_0.5km,with,True,False,False,full,not recorded,UNKNOWN,UNKNOWN,UNKNOWN,UNKNOWN,UNKNOWN,UNKNOWN,UNKNOWN
S287,-,C1_0.5km,without,True,False,False,full,not recorded,UNKNOWN,UNKNOWN,UNKNOWN,UNKNOWN,UNKNOWN,UNKNOWN,UNKNOWN
S287,-,C1_2km,with,True,False,False,full,not recorded,UNKNOWN,UNKNOWN,UNKNOWN,UNKNOWN,UNKNOWN,UNKNOWN,UNKNOWN
S287,-,C1_2km,without,True,False,False,full,not recorded,UNKNOWN,UNKNOWN,UNKNOWN,UNKNOWN,UNKNOWN,UNKNOWN,UNKNOWN
S287,-,C2_tomb_shafts,with,True,False,False,full,not recorded,UNKNOWN,UNKNOWN,UNKNOWN,UNKNOWN,UNKNOWN,UNKNOWN,UNKNOWN
S287,-,C2_tomb_shafts,without,True,False,False,full,not recorded,UNKNOWN,UNKNOWN,UNKNOWN,UNKNOWN,UNKNOWN,UNKNOWN,UNKNOWN
S287,-,dated_only,with,True,False,False,full,not recorded,UNKNOWN,UNKNOWN,UNKNOWN,UNKNOWN,UNKNOWN,UNKNOWN,UNKNOWN
S287,-,dated_only,without,True,False,False,full,not recorded,UNKNOWN,UNKNOWN,UNKNOWN,UNKNOWN,UNKNOWN,UNKNOWN,UNKNOWN
S300,-,primary,with,True,False,False,full,not recorded,UNKNOWN,UNKNOWN,UNKNOWN,UNKNOWN,UNKNOWN,UNKNOWN,UNKNOWN
S300,-,primary,without,True,False,False,full,not recorded,UNKNOWN,UNKNOWN,UNKNOWN,UNKNOWN,UNKNOWN,UNKNOWN,UNKNOWN
S300,-,C1_0.5km,with,True,False,False,full,not recorded,UNKNOWN,UNKNOWN,UNKNOWN,UNKNOWN,UNKNOWN,UNKNOWN,UNKNOWN
S300,-,C1_0.5km,without,True,False,False,full,not recorded,UNKNOWN,UNKNOWN,UNKNOWN,UNKNOWN,UNKNOWN,UNKNOWN,UNKNOWN
S300,-,C1_2km,with,True,False,False,full,not recorded,UNKNOWN,UNKNOWN,UNKNOWN,UNKNOWN,UNKNOWN,UNKNOWN,UNKNOWN
S300,-,C1_2km,without,True,False,False,full,not recorded,UNKNOWN,UNKNOWN,UNKNOWN,UNKNOWN,UNKNOWN,UNKNOWN,UNKNOWN
S300,-,C2_tomb_shafts,with,True,False,False,full,not recorded,UNKNOWN,UNKNOWN,UNKNOWN,UNKNOWN,UNKNOWN,UNKNOWN,UNKNOWN
S300,-,C2_tomb_shafts,without,True,False,False,full,not recorded,UNKNOWN,UNKNOWN,UNKNOWN,UNKNOWN,UNKNOWN,UNKNOWN,UNKNOWN
S300,-,dated_only,with,True,False,False,full,not recorded,UNKNOWN,UNKNOWN,UNKNOWN,UNKNOWN,UNKNOWN,UNKNOWN,UNKNOWN
S300,-,dated_only,without,True,False,False,full,not recorded,UNKNOWN,UNKNOWN,UNKNOWN,UNKNOWN,UNKNOWN,UNKNOWN,UNKNOWN
S304,Wadi Salman,primary,with,True,False,False,full,not recorded,UNKNOWN,UNKNOWN,UNKNOWN,UNKNOWN,UNKNOWN,UNKNOWN,UNKNOWN
S304,Wadi Salman,primary,without,True,False,False,full,not recorded,UNKNOWN,UNKNOWN,UNKNOWN,UNKNOWN,UNKNOWN,UNKNOWN,UNKNOWN
S304,Wadi Salman,C1_0.5km,with,True,False,False,full,not recorded,UNKNOWN,UNKNOWN,UNKNOWN,UNKNOWN,UNKNOWN,UNKNOWN,UNKNOWN
S304,Wadi Salman,C1_0.5km,without,True,False,False,full,not recorded,UNKNOWN,UNKNOWN,UNKNOWN,UNKNOWN,UNKNOWN,UNKNOWN,UNKNOWN
S304,Wadi Salman,C1_2km,with,True,False,False,full,not recorded,UNKNOWN,UNKNOWN,UNKNOWN,UNKNOWN,UNKNOWN,UNKNOWN,UNKNOWN
S304,Wadi Salman,C1_2km,without,True,False,False,full,not recorded,UNKNOWN,UNKNOWN,UNKNOWN,UNKNOWN,UNKNOWN,UNKNOWN,UNKNOWN
S304,Wadi Salman,C2_tomb_shafts,with,True,False,False,full,not recorded,UNKNOWN,UNKNOWN,UNKNOWN,UNKNOWN,UNKNOWN,UNKNOWN,UNKNOWN
S304,Wadi Salman,C2_tomb_shafts,without,True,False,False,full,not recorded,UNKNOWN,UNKNOWN,UNKNOWN,UNKNOWN,UNKNOWN,UNKNOWN,UNKNOWN
S304,Wadi Salman,dated_only,with,True,False,False,full,not recorded,UNKNOWN,UNKNOWN,UNKNOWN,UNKNOWN,UNKNOWN,UNKNOWN,UNKNOWN
S304,Wadi Salman,dated_only,without,True,False,False,full,not recorded,UNKNOWN,UNKNOWN,UNKNOWN,UNKNOWN,UNKNOWN,UNKNOWN,UNKNOWN
S310,Tel Abu Sus,primary,with,True,False,False,full,not recorded,UNKNOWN,UNKNOWN,UNKNOWN,UNKNOWN,UNKNOWN,UNKNOWN,UNKNOWN
S310,Tel Abu Sus,primary,without,True,False,False,full,not recorded,UNKNOWN,UNKNOWN,UNKNOWN,UNKNOWN,UNKNOWN,UNKNOWN,UNKNOWN
S310,Tel Abu Sus,C1_0.5km,with,True,False,False,full,not recorded,UNKNOWN,UNKNOWN,UNKNOWN,UNKNOWN,UNKNOWN,UNKNOWN,UNKNOWN
S310,Tel Abu Sus,C1_0.5km,without,True,False,False,full,not recorded,UNKNOWN,UNKNOWN,UNKNOWN,UNKNOWN,UNKNOWN,UNKNOWN,UNKNOWN
S310,Tel Abu Sus,C1_2km,with,True,False,False,full,not recorded,UNKNOWN,UNKNOWN,UNKNOWN,UNKNOWN,UNKNOWN,UNKNOWN,UNKNOWN
S310,Tel Abu Sus,C1_2km,without,True,False,False,full,not recorded,UNKNOWN,UNKNOWN,UNKNOWN,UNKNOWN,UNKNOWN,UNKNOWN,UNKNOWN
S310,Tel Abu Sus,C2_tomb_shafts,with,True,False,False,full,not recorded,UNKNOWN,UNKNOWN,UNKNOWN,UNKNOWN,UNKNOWN,UNKNOWN,UNKNOWN
S310,Tel Abu Sus,C2_tomb_shafts,without,True,False,False,full,not recorded,UNKNOWN,UNKNOWN,UNKNOWN,UNKNOWN,UNKNOWN,UNKNOWN,UNKNOWN
S310,Tel Abu Sus,dated_only,with,True,False,False,full,not recorded,UNKNOWN,UNKNOWN,UNKNOWN,UNKNOWN,UNKNOWN,UNKNOWN,UNKNOWN
S310,Tel Abu Sus,dated_only,without,True,False,False,full,not recorded,UNKNOWN,UNKNOWN,UNKNOWN,UNKNOWN,UNKNOWN,UNKNOWN,UNKNOWN
S315,Tell el-Ḥamme,primary,with,True,False,True,full,not recorded,UNKNOWN,UNKNOWN,UNKNOWN,UNKNOWN,UNKNOWN,UNKNOWN,UNKNOWN
S315,Tell el-Ḥamme,primary,without,True,False,True,full,not recorded,UNKNOWN,UNKNOWN,UNKNOWN,UNKNOWN,UNKNOWN,UNKNOWN,UNKNOWN
S315,Tell el-Ḥamme,C1_0.5km,with,True,False,True,full,not recorded,UNKNOWN,UNKNOWN,UNKNOWN,UNKNOWN,UNKNOWN,UNKNOWN,UNKNOWN
S315,Tell el-Ḥamme,C1_0.5km,without,True,False,True,full,not recorded,UNKNOWN,UNKNOWN,UNKNOWN,UNKNOWN,UNKNOWN,UNKNOWN,UNKNOWN
S315,Tell el-Ḥamme,C1_2km,with,True,False,True,full,not recorded,UNKNOWN,UNKNOWN,UNKNOWN,UNKNOWN,UNKNOWN,UNKNOWN,UNKNOWN
S315,Tell el-Ḥamme,C1_2km,without,True,False,True,full,not recorded,UNKNOWN,UNKNOWN,UNKNOWN,UNKNOWN,UNKNOWN,UNKNOWN,UNKNOWN
S315,Tell el-Ḥamme,C2_tomb_shafts,with,True,False,True,full,not recorded,UNKNOWN,UNKNOWN,UNKNOWN,UNKNOWN,UNKNOWN,UNKNOWN,UNKNOWN
S315,Tell el-Ḥamme,C2_tomb_shafts,without,True,False,True,full,not recorded,UNKNOWN,UNKNOWN,UNKNOWN,UNKNOWN,UNKNOWN,UNKNOWN,UNKNOWN
S315,Tell el-Ḥamme,dated_only,with,True,False,True,full,not recorded,UNKNOWN,UNKNOWN,UNKNOWN,UNKNOWN,UNKNOWN,UNKNOWN,UNKNOWN
S315,Tell el-Ḥamme,dated_only,without,True,False,True,full,not recorded,UNKNOWN,UNKNOWN,UNKNOWN,UNKNOWN,UNKNOWN,UNKNOWN,UNKNOWN
S328,Kh. Qrud,primary,with,True,False,False,full,not recorded,UNKNOWN,UNKNOWN,UNKNOWN,UNKNOWN,UNKNOWN,UNKNOWN,UNKNOWN
S328,Kh. Qrud,primary,without,True,False,False,full,not recorded,UNKNOWN,UNKNOWN,UNKNOWN,UNKNOWN,UNKNOWN,UNKNOWN,UNKNOWN
S328,Kh. Qrud,C1_0.5km,with,True,False,False,full,not recorded,UNKNOWN,UNKNOWN,UNKNOWN,UNKNOWN,UNKNOWN,UNKNOWN,UNKNOWN
S328,Kh. Qrud,C1_0.5km,without,True,False,False,full,not recorded,UNKNOWN,UNKNOWN,UNKNOWN,UNKNOWN,UNKNOWN,UNKNOWN,UNKNOWN
S328,Kh. Qrud,C1_2km,with,True,False,False,full,not recorded,UNKNOWN,UNKNOWN,UNKNOWN,UNKNOWN,UNKNOWN,UNKNOWN,UNKNOWN
S328,Kh. Qrud,C1_2km,without,True,False,False,full,not recorded,UNKNOWN,UNKNOWN,UNKNOWN,UNKNOWN,UNKNOWN,UNKNOWN,UNKNOWN
S328,Kh. Qrud,C2_tomb_shafts,with,True,False,False,full,not recorded,UNKNOWN,UNKNOWN,UNKNOWN,UNKNOWN,UNKNOWN,UNKNOWN,UNKNOWN
S328,Kh. Qrud,C2_tomb_shafts,without,True,False,False,full,not recorded,UNKNOWN,UNKNOWN,UNKNOWN,UNKNOWN,UNKNOWN,UNKNOWN,UNKNOWN
S328,Kh. Qrud,dated_only,with,True,False,False,full,not recorded,UNKNOWN,UNKNOWN,UNKNOWN,UNKNOWN,UNKNOWN,UNKNOWN,UNKNOWN
S328,Kh. Qrud,dated_only,without,True,False,False,full,not recorded,UNKNOWN,UNKNOWN,UNKNOWN,UNKNOWN,UNKNOWN,UNKNOWN,UNKNOWN
S331,Kh. Ibziq,primary,with,True,False,True,full,to Stage 2,UNKNOWN,MATCH,UNKNOWN,UNKNOWN,UNKNOWN,UNKNOWN,UNKNOWN
S331,Kh. Ibziq,primary,without,True,False,True,full,to Stage 2,UNKNOWN,MATCH,UNKNOWN,UNKNOWN,UNKNOWN,UNKNOWN,UNKNOWN
S331,Kh. Ibziq,C1_0.5km,with,True,False,True,full,to Stage 2,UNKNOWN,MATCH,UNKNOWN,UNKNOWN,UNKNOWN,UNKNOWN,UNKNOWN
S331,Kh. Ibziq,C1_0.5km,without,True,False,True,full,to Stage 2,UNKNOWN,MATCH,UNKNOWN,UNKNOWN,UNKNOWN,UNKNOWN,UNKNOWN
S331,Kh. Ibziq,C1_2km,with,True,False,True,full,to Stage 2,UNKNOWN,MATCH,UNKNOWN,UNKNOWN,UNKNOWN,UNKNOWN,UNKNOWN
S331,Kh. Ibziq,C1_2km,without,True,False,True,full,to Stage 2,UNKNOWN,MATCH,UNKNOWN,UNKNOWN,UNKNOWN,UNKNOWN,UNKNOWN
S331,Kh. Ibziq,C2_tomb_shafts,with,True,False,True,full,to Stage 2,UNKNOWN,MATCH,UNKNOWN,UNKNOWN,UNKNOWN,UNKNOWN,UNKNOWN
S331,Kh. Ibziq,C2_tomb_shafts,without,True,False,True,full,to Stage 2,UNKNOWN,MATCH,UNKNOWN,UNKNOWN,UNKNOWN,UNKNOWN,UNKNOWN
S331,Kh. Ibziq,dated_only,with,True,False,True,full,to Stage 2,UNKNOWN,UNKNOWN,UNKNOWN,UNKNOWN,UNKNOWN,UNKNOWN,UNKNOWN
S331,Kh. Ibziq,dated_only,without,True,False,True,full,to Stage 2,UNKNOWN,UNKNOWN,UNKNOWN,UNKNOWN,UNKNOWN,UNKNOWN,UNKNOWN
S332,el-Khirbe,primary,with,True,False,False,full,not recorded,UNKNOWN,UNKNOWN,UNKNOWN,UNKNOWN,UNKNOWN,UNKNOWN,UNKNOWN
S332,el-Khirbe,primary,without,True,False,False,full,not recorded,UNKNOWN,UNKNOWN,UNKNOWN,UNKNOWN,UNKNOWN,UNKNOWN,UNKNOWN
S332,el-Khirbe,C1_0.5km,with,True,False,False,full,not recorded,UNKNOWN,UNKNOWN,UNKNOWN,UNKNOWN,UNKNOWN,UNKNOWN,UNKNOWN
S332,el-Khirbe,C1_0.5km,without,True,False,False,full,not recorded,UNKNOWN,UNKNOWN,UNKNOWN,UNKNOWN,UNKNOWN,UNKNOWN,UNKNOWN
S332,el-Khirbe,C1_2km,with,True,False,False,full,not recorded,UNKNOWN,UNKNOWN,UNKNOWN,UNKNOWN,UNKNOWN,UNKNOWN,UNKNOWN
S332,el-Khirbe,C1_2km,without,True,False,False,full,not recorded,UNKNOWN,UNKNOWN,UNKNOWN,UNKNOWN,UNKNOWN,UNKNOWN,UNKNOWN
S332,el-Khirbe,C2_tomb_shafts,with,True,False,False,full,not recorded,UNKNOWN,UNKNOWN,UNKNOWN,UNKNOWN,UNKNOWN,UNKNOWN,UNKNOWN
S332,el-Khirbe,C2_tomb_shafts,without,True,False,False,full,not recorded,UNKNOWN,UNKNOWN,UNKNOWN,UNKNOWN,UNKNOWN,UNKNOWN,UNKNOWN
S332,el-Khirbe,dated_only,with,True,False,False,full,not recorded,UNKNOWN,UNKNOWN,UNKNOWN,UNKNOWN,UNKNOWN,UNKNOWN,UNKNOWN
S332,el-Khirbe,dated_only,without,True,False,False,full,not recorded,UNKNOWN,UNKNOWN,UNKNOWN,UNKNOWN,UNKNOWN,UNKNOWN,UNKNOWN
S340,Kh. es-Sakut,primary,with,True,False,False,full,not recorded,UNKNOWN,UNKNOWN,UNKNOWN,UNKNOWN,UNKNOWN,UNKNOWN,UNKNOWN
S340,Kh. es-Sakut,primary,without,True,False,False,full,not recorded,UNKNOWN,UNKNOWN,UNKNOWN,UNKNOWN,UNKNOWN,UNKNOWN,UNKNOWN
S340,Kh. es-Sakut,C1_0.5km,with,True,False,False,full,not recorded,UNKNOWN,UNKNOWN,UNKNOWN,UNKNOWN,UNKNOWN,UNKNOWN,UNKNOWN
S340,Kh. es-Sakut,C1_0.5km,without,True,False,False,full,not recorded,UNKNOWN,UNKNOWN,UNKNOWN,UNKNOWN,UNKNOWN,UNKNOWN,UNKNOWN
S340,Kh. es-Sakut,C1_2km,with,True,False,False,full,not recorded,UNKNOWN,UNKNOWN,UNKNOWN,UNKNOWN,UNKNOWN,UNKNOWN,UNKNOWN
S340,Kh. es-Sakut,C1_2km,without,True,False,False,full,not recorded,UNKNOWN,UNKNOWN,UNKNOWN,UNKNOWN,UNKNOWN,UNKNOWN,UNKNOWN
S340,Kh. es-Sakut,C2_tomb_shafts,with,True,False,False,full,not recorded,UNKNOWN,UNKNOWN,UNKNOWN,UNKNOWN,UNKNOWN,UNKNOWN,UNKNOWN
S340,Kh. es-Sakut,C2_tomb_shafts,without,True,False,False,full,not recorded,UNKNOWN,UNKNOWN,UNKNOWN,UNKNOWN,UNKNOWN,UNKNOWN,UNKNOWN
S340,Kh. es-Sakut,dated_only,with,True,False,False,full,not recorded,UNKNOWN,UNKNOWN,UNKNOWN,UNKNOWN,UNKNOWN,UNKNOWN,UNKNOWN
S340,Kh. es-Sakut,dated_only,without,True,False,False,full,not recorded,UNKNOWN,UNKNOWN,UNKNOWN,UNKNOWN,UNKNOWN,UNKNOWN,UNKNOWN
S344,Ṣir,primary,with,True,False,True,full,not recorded,UNKNOWN,UNKNOWN,UNKNOWN,UNKNOWN,UNKNOWN,UNKNOWN,UNKNOWN
S344,Ṣir,primary,without,True,False,True,full,not recorded,UNKNOWN,UNKNOWN,UNKNOWN,UNKNOWN,UNKNOWN,UNKNOWN,UNKNOWN
S344,Ṣir,C1_0.5km,with,True,False,True,full,not recorded,UNKNOWN,UNKNOWN,UNKNOWN,UNKNOWN,UNKNOWN,UNKNOWN,UNKNOWN
S344,Ṣir,C1_0.5km,without,True,False,True,full,not recorded,UNKNOWN,UNKNOWN,UNKNOWN,UNKNOWN,UNKNOWN,UNKNOWN,UNKNOWN
S344,Ṣir,C1_2km,with,True,False,True,full,not recorded,UNKNOWN,UNKNOWN,UNKNOWN,UNKNOWN,UNKNOWN,UNKNOWN,UNKNOWN
S344,Ṣir,C1_2km,without,True,False,True,full,not recorded,UNKNOWN,UNKNOWN,UNKNOWN,UNKNOWN,UNKNOWN,UNKNOWN,UNKNOWN
S344,Ṣir,C2_tomb_shafts,with,True,False,True,full,not recorded,UNKNOWN,UNKNOWN,UNKNOWN,UNKNOWN,UNKNOWN,UNKNOWN,UNKNOWN
S344,Ṣir,C2_tomb_shafts,without,True,False,True,full,not recorded,UNKNOWN,UNKNOWN,UNKNOWN,UNKNOWN,UNKNOWN,UNKNOWN,UNKNOWN
S344,Ṣir,dated_only,with,True,False,True,full,not recorded,UNKNOWN,UNKNOWN,UNKNOWN,UNKNOWN,UNKNOWN,UNKNOWN,UNKNOWN
S344,Ṣir,dated_only,without,True,False,True,full,not recorded,UNKNOWN,UNKNOWN,UNKNOWN,UNKNOWN,UNKNOWN,UNKNOWN,UNKNOWN
S354,Qaṣr esh-Sheikh Ghazal,primary,with,True,False,False,full,not recorded,UNKNOWN,UNKNOWN,UNKNOWN,UNKNOWN,UNKNOWN,UNKNOWN,UNKNOWN
S354,Qaṣr esh-Sheikh Ghazal,primary,without,True,False,False,full,not recorded,UNKNOWN,UNKNOWN,UNKNOWN,UNKNOWN,UNKNOWN,UNKNOWN,UNKNOWN
S354,Qaṣr esh-Sheikh Ghazal,C1_0.5km,with,True,False,False,full,not recorded,UNKNOWN,UNKNOWN,UNKNOWN,UNKNOWN,UNKNOWN,UNKNOWN,UNKNOWN
S354,Qaṣr esh-Sheikh Ghazal,C1_0.5km,without,True,False,False,full,not recorded,UNKNOWN,UNKNOWN,UNKNOWN,UNKNOWN,UNKNOWN,UNKNOWN,UNKNOWN
S354,Qaṣr esh-Sheikh Ghazal,C1_2km,with,True,False,False,full,not recorded,UNKNOWN,UNKNOWN,UNKNOWN,UNKNOWN,UNKNOWN,UNKNOWN,UNKNOWN
S354,Qaṣr esh-Sheikh Ghazal,C1_2km,without,True,False,False,full,not recorded,UNKNOWN,UNKNOWN,UNKNOWN,UNKNOWN,UNKNOWN,UNKNOWN,UNKNOWN
S354,Qaṣr esh-Sheikh Ghazal,C2_tomb_shafts,with,True,False,False,full,not recorded,UNKNOWN,UNKNOWN,UNKNOWN,UNKNOWN,UNKNOWN,UNKNOWN,UNKNOWN
S354,Qaṣr esh-Sheikh Ghazal,C2_tomb_shafts,without,True,False,False,full,not recorded,UNKNOWN,UNKNOWN,UNKNOWN,UNKNOWN,UNKNOWN,UNKNOWN,UNKNOWN
S354,Qaṣr esh-Sheikh Ghazal,dated_only,with,True,False,False,full,not recorded,UNKNOWN,UNKNOWN,UNKNOWN,UNKNOWN,UNKNOWN,UNKNOWN,UNKNOWN
S354,Qaṣr esh-Sheikh Ghazal,dated_only,without,True,False,False,full,not recorded,UNKNOWN,UNKNOWN,UNKNOWN,UNKNOWN,UNKNOWN,UNKNOWN,UNKNOWN
S359,Kh. Salḥab,primary,with,True,False,False,full,not recorded,UNKNOWN,UNKNOWN,UNKNOWN,UNKNOWN,UNKNOWN,UNKNOWN,UNKNOWN
S359,Kh. Salḥab,primary,without,True,False,False,full,not recorded,UNKNOWN,UNKNOWN,UNKNOWN,UNKNOWN,UNKNOWN,UNKNOWN,UNKNOWN
S359,Kh. Salḥab,C1_0.5km,with,True,False,False,full,not recorded,UNKNOWN,UNKNOWN,UNKNOWN,UNKNOWN,UNKNOWN,UNKNOWN,UNKNOWN
S359,Kh. Salḥab,C1_0.5km,without,True,False,False,full,not recorded,UNKNOWN,UNKNOWN,UNKNOWN,UNKNOWN,UNKNOWN,UNKNOWN,UNKNOWN
S359,Kh. Salḥab,C1_2km,with,True,False,False,full,not recorded,UNKNOWN,UNKNOWN,UNKNOWN,UNKNOWN,UNKNOWN,UNKNOWN,UNKNOWN
S359,Kh. Salḥab,C1_2km,without,True,False,False,full,not recorded,UNKNOWN,UNKNOWN,UNKNOWN,UNKNOWN,UNKNOWN,UNKNOWN,UNKNOWN
S359,Kh. Salḥab,C2_tomb_shafts,with,True,False,False,full,not recorded,UNKNOWN,UNKNOWN,UNKNOWN,UNKNOWN,UNKNOWN,UNKNOWN,UNKNOWN
S359,Kh. Salḥab,C2_tomb_shafts,without,True,False,False,full,not recorded,UNKNOWN,UNKNOWN,UNKNOWN,UNKNOWN,UNKNOWN,UNKNOWN,UNKNOWN
S359,Kh. Salḥab,dated_only,with,True,False,False,full,not recorded,UNKNOWN,UNKNOWN,UNKNOWN,UNKNOWN,UNKNOWN,UNKNOWN,UNKNOWN
S359,Kh. Salḥab,dated_only,without,True,False,False,full,not recorded,UNKNOWN,UNKNOWN,UNKNOWN,UNKNOWN,UNKNOWN,UNKNOWN,UNKNOWN
S362,Khallet Khimyar,primary,with,True,False,False,full,not recorded,UNKNOWN,UNKNOWN,UNKNOWN,UNKNOWN,UNKNOWN,UNKNOWN,UNKNOWN
S362,Khallet Khimyar,primary,without,True,False,False,full,not recorded,UNKNOWN,UNKNOWN,UNKNOWN,UNKNOWN,UNKNOWN,UNKNOWN,UNKNOWN
S362,Khallet Khimyar,C1_0.5km,with,True,False,False,full,not recorded,UNKNOWN,UNKNOWN,UNKNOWN,UNKNOWN,UNKNOWN,UNKNOWN,UNKNOWN
S362,Khallet Khimyar,C1_0.5km,without,True,False,False,full,not recorded,UNKNOWN,UNKNOWN,UNKNOWN,UNKNOWN,UNKNOWN,UNKNOWN,UNKNOWN
S362,Khallet Khimyar,C1_2km,with,True,False,False,full,not recorded,UNKNOWN,UNKNOWN,UNKNOWN,UNKNOWN,UNKNOWN,UNKNOWN,UNKNOWN
S362,Khallet Khimyar,C1_2km,without,True,False,False,full,not recorded,UNKNOWN,UNKNOWN,UNKNOWN,UNKNOWN,UNKNOWN,UNKNOWN,UNKNOWN
S362,Khallet Khimyar,C2_tomb_shafts,with,True,False,False,full,not recorded,UNKNOWN,UNKNOWN,UNKNOWN,UNKNOWN,UNKNOWN,UNKNOWN,UNKNOWN
S362,Khallet Khimyar,C2_tomb_shafts,without,True,False,False,full,not recorded,UNKNOWN,UNKNOWN,UNKNOWN,UNKNOWN,UNKNOWN,UNKNOWN,UNKNOWN
S362,Khallet Khimyar,dated_only,with,True,False,False,full,not recorded,UNKNOWN,UNKNOWN,UNKNOWN,UNKNOWN,UNKNOWN,UNKNOWN,UNKNOWN
S362,Khallet Khimyar,dated_only,without,True,False,False,full,not recorded,UNKNOWN,UNKNOWN,UNKNOWN,UNKNOWN,UNKNOWN,UNKNOWN,UNKNOWN
S367,Kh. Wadi esh-Shaqq,primary,with,True,False,False,full,not recorded,UNKNOWN,UNKNOWN,UNKNOWN,UNKNOWN,UNKNOWN,UNKNOWN,UNKNOWN
S367,Kh. Wadi esh-Shaqq,primary,without,True,False,False,full,not recorded,UNKNOWN,UNKNOWN,UNKNOWN,UNKNOWN,UNKNOWN,UNKNOWN,UNKNOWN
S367,Kh. Wadi esh-Shaqq,C1_0.5km,with,True,False,False,full,not recorded,UNKNOWN,UNKNOWN,UNKNOWN,UNKNOWN,UNKNOWN,UNKNOWN,UNKNOWN
S367,Kh. Wadi esh-Shaqq,C1_0.5km,without,True,False,False,full,not recorded,UNKNOWN,UNKNOWN,UNKNOWN,UNKNOWN,UNKNOWN,UNKNOWN,UNKNOWN
S367,Kh. Wadi esh-Shaqq,C1_2km,with,True,False,False,full,not recorded,UNKNOWN,UNKNOWN,UNKNOWN,UNKNOWN,UNKNOWN,UNKNOWN,UNKNOWN
S367,Kh. Wadi esh-Shaqq,C1_2km,without,True,False,False,full,not recorded,UNKNOWN,UNKNOWN,UNKNOWN,UNKNOWN,UNKNOWN,UNKNOWN,UNKNOWN
S367,Kh. Wadi esh-Shaqq,C2_tomb_shafts,with,True,False,False,full,not recorded,UNKNOWN,UNKNOWN,UNKNOWN,UNKNOWN,UNKNOWN,UNKNOWN,UNKNOWN
S367,Kh. Wadi esh-Shaqq,C2_tomb_shafts,without,True,False,False,full,not recorded,UNKNOWN,UNKNOWN,UNKNOWN,UNKNOWN,UNKNOWN,UNKNOWN,UNKNOWN
S367,Kh. Wadi esh-Shaqq,dated_only,with,True,False,False,full,not recorded,UNKNOWN,UNKNOWN,UNKNOWN,UNKNOWN,UNKNOWN,UNKNOWN,UNKNOWN
S367,Kh. Wadi esh-Shaqq,dated_only,without,True,False,False,full,not recorded,UNKNOWN,UNKNOWN,UNKNOWN,UNKNOWN,UNKNOWN,UNKNOWN,UNKNOWN
S368,Kh. Kheibar,primary,with,True,False,True,full,not recorded,UNKNOWN,UNKNOWN,UNKNOWN,UNKNOWN,UNKNOWN,UNKNOWN,UNKNOWN
S368,Kh. Kheibar,primary,without,True,False,True,full,not recorded,UNKNOWN,UNKNOWN,UNKNOWN,UNKNOWN,UNKNOWN,UNKNOWN,UNKNOWN
S368,Kh. Kheibar,C1_0.5km,with,True,False,True,full,not recorded,UNKNOWN,UNKNOWN,UNKNOWN,UNKNOWN,UNKNOWN,UNKNOWN,UNKNOWN
S368,Kh. Kheibar,C1_0.5km,without,True,False,True,full,not recorded,UNKNOWN,UNKNOWN,UNKNOWN,UNKNOWN,UNKNOWN,UNKNOWN,UNKNOWN
S368,Kh. Kheibar,C1_2km,with,True,False,True,full,not recorded,UNKNOWN,UNKNOWN,UNKNOWN,UNKNOWN,UNKNOWN,UNKNOWN,UNKNOWN
S368,Kh. Kheibar,C1_2km,without,True,False,True,full,not recorded,UNKNOWN,UNKNOWN,UNKNOWN,UNKNOWN,UNKNOWN,UNKNOWN,UNKNOWN
S368,Kh. Kheibar,C2_tomb_shafts,with,True,False,True,full,not recorded,UNKNOWN,UNKNOWN,UNKNOWN,UNKNOWN,UNKNOWN,UNKNOWN,UNKNOWN
S368,Kh. Kheibar,C2_tomb_shafts,without,True,False,True,full,not recorded,UNKNOWN,UNKNOWN,UNKNOWN,UNKNOWN,UNKNOWN,UNKNOWN,UNKNOWN
S368,Kh. Kheibar,dated_only,with,True,False,True,full,not recorded,UNKNOWN,UNKNOWN,UNKNOWN,UNKNOWN,UNKNOWN,UNKNOWN,UNKNOWN
S368,Kh. Kheibar,dated_only,without,True,False,True,full,not recorded,UNKNOWN,UNKNOWN,UNKNOWN,UNKNOWN,UNKNOWN,UNKNOWN,UNKNOWN
S370,Jebel Khimyar,primary,with,True,False,False,full,not recorded,UNKNOWN,UNKNOWN,UNKNOWN,UNKNOWN,UNKNOWN,UNKNOWN,UNKNOWN
S370,Jebel Khimyar,primary,without,True,False,False,full,not recorded,UNKNOWN,UNKNOWN,UNKNOWN,UNKNOWN,UNKNOWN,UNKNOWN,UNKNOWN
S370,Jebel Khimyar,C1_0.5km,with,True,False,False,full,not recorded,UNKNOWN,UNKNOWN,UNKNOWN,UNKNOWN,UNKNOWN,UNKNOWN,UNKNOWN
S370,Jebel Khimyar,C1_0.5km,without,True,False,False,full,not recorded,UNKNOWN,UNKNOWN,UNKNOWN,UNKNOWN,UNKNOWN,UNKNOWN,UNKNOWN
S370,Jebel Khimyar,C1_2km,with,True,False,False,full,not recorded,UNKNOWN,UNKNOWN,UNKNOWN,UNKNOWN,UNKNOWN,UNKNOWN,UNKNOWN
S370,Jebel Khimyar,C1_2km,without,True,False,False,full,not recorded,UNKNOWN,UNKNOWN,UNKNOWN,UNKNOWN,UNKNOWN,UNKNOWN,UNKNOWN
S370,Jebel Khimyar,C2_tomb_shafts,with,True,False,False,full,not recorded,UNKNOWN,UNKNOWN,UNKNOWN,UNKNOWN,UNKNOWN,UNKNOWN,UNKNOWN
S370,Jebel Khimyar,C2_tomb_shafts,without,True,False,False,full,not recorded,UNKNOWN,UNKNOWN,UNKNOWN,UNKNOWN,UNKNOWN,UNKNOWN,UNKNOWN
S370,Jebel Khimyar,dated_only,with,True,False,False,full,not recorded,UNKNOWN,UNKNOWN,UNKNOWN,UNKNOWN,UNKNOWN,UNKNOWN,UNKNOWN
S370,Jebel Khimyar,dated_only,without,True,False,False,full,not recorded,UNKNOWN,UNKNOWN,UNKNOWN,UNKNOWN,UNKNOWN,UNKNOWN,UNKNOWN
S374,'Aqaba,primary,with,True,False,False,full,not recorded,UNKNOWN,UNKNOWN,UNKNOWN,UNKNOWN,UNKNOWN,UNKNOWN,UNKNOWN
S374,'Aqaba,primary,without,True,False,False,full,not recorded,UNKNOWN,UNKNOWN,UNKNOWN,UNKNOWN,UNKNOWN,UNKNOWN,UNKNOWN
S374,'Aqaba,C1_0.5km,with,True,False,False,full,not recorded,UNKNOWN,UNKNOWN,UNKNOWN,UNKNOWN,UNKNOWN,UNKNOWN,UNKNOWN
S374,'Aqaba,C1_0.5km,without,True,False,False,full,not recorded,UNKNOWN,UNKNOWN,UNKNOWN,UNKNOWN,UNKNOWN,UNKNOWN,UNKNOWN
S374,'Aqaba,C1_2km,with,True,False,False,full,not recorded,UNKNOWN,UNKNOWN,UNKNOWN,UNKNOWN,UNKNOWN,UNKNOWN,UNKNOWN
S374,'Aqaba,C1_2km,without,True,False,False,full,not recorded,UNKNOWN,UNKNOWN,UNKNOWN,UNKNOWN,UNKNOWN,UNKNOWN,UNKNOWN
S374,'Aqaba,C2_tomb_shafts,with,True,False,False,full,not recorded,UNKNOWN,UNKNOWN,UNKNOWN,UNKNOWN,UNKNOWN,UNKNOWN,UNKNOWN
S374,'Aqaba,C2_tomb_shafts,without,True,False,False,full,not recorded,UNKNOWN,UNKNOWN,UNKNOWN,UNKNOWN,UNKNOWN,UNKNOWN,UNKNOWN
S374,'Aqaba,dated_only,with,True,False,False,full,not recorded,UNKNOWN,UNKNOWN,UNKNOWN,UNKNOWN,UNKNOWN,UNKNOWN,UNKNOWN
S374,'Aqaba,dated_only,without,True,False,False,full,not recorded,UNKNOWN,UNKNOWN,UNKNOWN,UNKNOWN,UNKNOWN,UNKNOWN,UNKNOWN
S379,Kh. Wadi eẓ-Ẓba,primary,with,True,False,False,full,not recorded,UNKNOWN,UNKNOWN,UNKNOWN,UNKNOWN,UNKNOWN,UNKNOWN,UNKNOWN
S379,Kh. Wadi eẓ-Ẓba,primary,without,True,False,False,full,not recorded,UNKNOWN,UNKNOWN,UNKNOWN,UNKNOWN,UNKNOWN,UNKNOWN,UNKNOWN
S379,Kh. Wadi eẓ-Ẓba,C1_0.5km,with,True,False,False,full,not recorded,UNKNOWN,UNKNOWN,UNKNOWN,UNKNOWN,UNKNOWN,UNKNOWN,UNKNOWN
S379,Kh. Wadi eẓ-Ẓba,C1_0.5km,without,True,False,False,full,not recorded,UNKNOWN,UNKNOWN,UNKNOWN,UNKNOWN,UNKNOWN,UNKNOWN,UNKNOWN
S379,Kh. Wadi eẓ-Ẓba,C1_2km,with,True,False,False,full,not recorded,UNKNOWN,UNKNOWN,UNKNOWN,UNKNOWN,UNKNOWN,UNKNOWN,UNKNOWN
S379,Kh. Wadi eẓ-Ẓba,C1_2km,without,True,False,False,full,not recorded,UNKNOWN,UNKNOWN,UNKNOWN,UNKNOWN,UNKNOWN,UNKNOWN,UNKNOWN
S379,Kh. Wadi eẓ-Ẓba,C2_tomb_shafts,with,True,False,False,full,not recorded,UNKNOWN,UNKNOWN,UNKNOWN,UNKNOWN,UNKNOWN,UNKNOWN,UNKNOWN
S379,Kh. Wadi eẓ-Ẓba,C2_tomb_shafts,without,True,False,False,full,not recorded,UNKNOWN,UNKNOWN,UNKNOWN,UNKNOWN,UNKNOWN,UNKNOWN,UNKNOWN
S379,Kh. Wadi eẓ-Ẓba,dated_only,with,True,False,False,full,not recorded,UNKNOWN,UNKNOWN,UNKNOWN,UNKNOWN,UNKNOWN,UNKNOWN,UNKNOWN
S379,Kh. Wadi eẓ-Ẓba,dated_only,without,True,False,False,full,not recorded,UNKNOWN,UNKNOWN,UNKNOWN,UNKNOWN,UNKNOWN,UNKNOWN,UNKNOWN
S380,Meithalun,primary,with,True,False,False,full,not recorded,UNKNOWN,UNKNOWN,UNKNOWN,UNKNOWN,UNKNOWN,UNKNOWN,UNKNOWN
S380,Meithalun,primary,without,True,False,False,full,not recorded,UNKNOWN,UNKNOWN,UNKNOWN,UNKNOWN,UNKNOWN,UNKNOWN,UNKNOWN
S380,Meithalun,C1_0.5km,with,True,False,False,full,not recorded,UNKNOWN,UNKNOWN,UNKNOWN,UNKNOWN,UNKNOWN,UNKNOWN,UNKNOWN
S380,Meithalun,C1_0.5km,without,True,False,False,full,not recorded,UNKNOWN,UNKNOWN,UNKNOWN,UNKNOWN,UNKNOWN,UNKNOWN,UNKNOWN
S380,Meithalun,C1_2km,with,True,False,False,full,not recorded,UNKNOWN,UNKNOWN,UNKNOWN,UNKNOWN,UNKNOWN,UNKNOWN,UNKNOWN
S380,Meithalun,C1_2km,without,True,False,False,full,not recorded,UNKNOWN,UNKNOWN,UNKNOWN,UNKNOWN,UNKNOWN,UNKNOWN,UNKNOWN
S380,Meithalun,C2_tomb_shafts,with,True,False,False,full,not recorded,UNKNOWN,UNKNOWN,UNKNOWN,UNKNOWN,UNKNOWN,UNKNOWN,UNKNOWN
S380,Meithalun,C2_tomb_shafts,without,True,False,False,full,not recorded,UNKNOWN,UNKNOWN,UNKNOWN,UNKNOWN,UNKNOWN,UNKNOWN,UNKNOWN
S380,Meithalun,dated_only,with,True,False,False,full,not recorded,UNKNOWN,UNKNOWN,UNKNOWN,UNKNOWN,UNKNOWN,UNKNOWN,UNKNOWN
S380,Meithalun,dated_only,without,True,False,False,full,not recorded,UNKNOWN,UNKNOWN,UNKNOWN,UNKNOWN,UNKNOWN,UNKNOWN,UNKNOWN
S398,Tayasir,primary,with,True,False,False,full,to Stage 2,UNKNOWN,UNKNOWN,UNKNOWN,UNKNOWN,UNKNOWN,UNKNOWN,UNKNOWN
S398,Tayasir,primary,without,True,False,False,full,to Stage 2,UNKNOWN,UNKNOWN,UNKNOWN,UNKNOWN,UNKNOWN,UNKNOWN,UNKNOWN
S398,Tayasir,C1_0.5km,with,True,False,False,full,to Stage 2,UNKNOWN,UNKNOWN,UNKNOWN,UNKNOWN,UNKNOWN,UNKNOWN,UNKNOWN
S398,Tayasir,C1_0.5km,without,True,False,False,full,to Stage 2,UNKNOWN,UNKNOWN,UNKNOWN,UNKNOWN,UNKNOWN,UNKNOWN,UNKNOWN
S398,Tayasir,C1_2km,with,True,False,False,full,to Stage 2,UNKNOWN,UNKNOWN,UNKNOWN,UNKNOWN,UNKNOWN,UNKNOWN,UNKNOWN
S398,Tayasir,C1_2km,without,True,False,False,full,to Stage 2,UNKNOWN,UNKNOWN,UNKNOWN,UNKNOWN,UNKNOWN,UNKNOWN,UNKNOWN
S398,Tayasir,C2_tomb_shafts,with,True,False,False,full,to Stage 2,UNKNOWN,UNKNOWN,UNKNOWN,UNKNOWN,UNKNOWN,UNKNOWN,UNKNOWN
S398,Tayasir,C2_tomb_shafts,without,True,False,False,full,to Stage 2,UNKNOWN,UNKNOWN,UNKNOWN,UNKNOWN,UNKNOWN,UNKNOWN,UNKNOWN
S398,Tayasir,dated_only,with,True,False,False,full,to Stage 2,UNKNOWN,UNKNOWN,UNKNOWN,UNKNOWN,UNKNOWN,UNKNOWN,UNKNOWN
S398,Tayasir,dated_only,without,True,False,False,full,to Stage 2,UNKNOWN,UNKNOWN,UNKNOWN,UNKNOWN,UNKNOWN,UNKNOWN,UNKNOWN
S417,Kh. Wadi Qanat ej-Jamal,primary,with,True,False,False,full,not recorded,UNKNOWN,UNKNOWN,UNKNOWN,UNKNOWN,UNKNOWN,UNKNOWN,UNKNOWN
S417,Kh. Wadi Qanat ej-Jamal,primary,without,True,False,False,full,not recorded,UNKNOWN,UNKNOWN,UNKNOWN,UNKNOWN,UNKNOWN,UNKNOWN,UNKNOWN
S417,Kh. Wadi Qanat ej-Jamal,C1_0.5km,with,True,False,False,full,not recorded,UNKNOWN,UNKNOWN,UNKNOWN,UNKNOWN,UNKNOWN,UNKNOWN,UNKNOWN
S417,Kh. Wadi Qanat ej-Jamal,C1_0.5km,without,True,False,False,full,not recorded,UNKNOWN,UNKNOWN,UNKNOWN,UNKNOWN,UNKNOWN,UNKNOWN,UNKNOWN
S417,Kh. Wadi Qanat ej-Jamal,C1_2km,with,True,False,False,full,not recorded,UNKNOWN,UNKNOWN,UNKNOWN,UNKNOWN,UNKNOWN,UNKNOWN,UNKNOWN
S417,Kh. Wadi Qanat ej-Jamal,C1_2km,without,True,False,False,full,not recorded,UNKNOWN,UNKNOWN,UNKNOWN,UNKNOWN,UNKNOWN,UNKNOWN,UNKNOWN
S417,Kh. Wadi Qanat ej-Jamal,C2_tomb_shafts,with,True,False,False,full,not recorded,UNKNOWN,UNKNOWN,UNKNOWN,UNKNOWN,UNKNOWN,UNKNOWN,UNKNOWN
S417,Kh. Wadi Qanat ej-Jamal,C2_tomb_shafts,without,True,False,False,full,not recorded,UNKNOWN,UNKNOWN,UNKNOWN,UNKNOWN,UNKNOWN,UNKNOWN,UNKNOWN
S417,Kh. Wadi Qanat ej-Jamal,dated_only,with,True,False,False,full,not recorded,UNKNOWN,UNKNOWN,UNKNOWN,UNKNOWN,UNKNOWN,UNKNOWN,UNKNOWN
S417,Kh. Wadi Qanat ej-Jamal,dated_only,without,True,False,False,full,not recorded,UNKNOWN,UNKNOWN,UNKNOWN,UNKNOWN,UNKNOWN,UNKNOWN,UNKNOWN
S426,Kh. Fuqaha,primary,with,True,False,False,full,not recorded,UNKNOWN,UNKNOWN,UNKNOWN,UNKNOWN,UNKNOWN,UNKNOWN,UNKNOWN
S426,Kh. Fuqaha,primary,without,True,False,False,full,not recorded,UNKNOWN,UNKNOWN,UNKNOWN,UNKNOWN,UNKNOWN,UNKNOWN,UNKNOWN
S426,Kh. Fuqaha,C1_0.5km,with,True,False,False,full,not recorded,UNKNOWN,UNKNOWN,UNKNOWN,UNKNOWN,UNKNOWN,UNKNOWN,UNKNOWN
S426,Kh. Fuqaha,C1_0.5km,without,True,False,False,full,not recorded,UNKNOWN,UNKNOWN,UNKNOWN,UNKNOWN,UNKNOWN,UNKNOWN,UNKNOWN
S426,Kh. Fuqaha,C1_2km,with,True,False,False,full,not recorded,UNKNOWN,UNKNOWN,UNKNOWN,UNKNOWN,UNKNOWN,UNKNOWN,UNKNOWN
S426,Kh. Fuqaha,C1_2km,without,True,False,False,full,not recorded,UNKNOWN,UNKNOWN,UNKNOWN,UNKNOWN,UNKNOWN,UNKNOWN,UNKNOWN
S426,Kh. Fuqaha,C2_tomb_shafts,with,True,False,False,full,not recorded,UNKNOWN,UNKNOWN,UNKNOWN,UNKNOWN,UNKNOWN,UNKNOWN,UNKNOWN
S426,Kh. Fuqaha,C2_tomb_shafts,without,True,False,False,full,not recorded,UNKNOWN,UNKNOWN,UNKNOWN,UNKNOWN,UNKNOWN,UNKNOWN,UNKNOWN
S426,Kh. Fuqaha,dated_only,with,True,False,False,full,not recorded,UNKNOWN,UNKNOWN,UNKNOWN,UNKNOWN,UNKNOWN,UNKNOWN,UNKNOWN
S426,Kh. Fuqaha,dated_only,without,True,False,False,full,not recorded,UNKNOWN,UNKNOWN,UNKNOWN,UNKNOWN,UNKNOWN,UNKNOWN,UNKNOWN
S433,Kh. el-Kureibat A,primary,with,True,False,False,full,not recorded,UNKNOWN,UNKNOWN,UNKNOWN,UNKNOWN,UNKNOWN,UNKNOWN,UNKNOWN
S433,Kh. el-Kureibat A,primary,without,True,False,False,full,not recorded,UNKNOWN,UNKNOWN,UNKNOWN,UNKNOWN,UNKNOWN,UNKNOWN,UNKNOWN
S433,Kh. el-Kureibat A,C1_0.5km,with,True,False,False,full,not recorded,UNKNOWN,UNKNOWN,UNKNOWN,UNKNOWN,UNKNOWN,UNKNOWN,UNKNOWN
S433,Kh. el-Kureibat A,C1_0.5km,without,True,False,False,full,not recorded,UNKNOWN,UNKNOWN,UNKNOWN,UNKNOWN,UNKNOWN,UNKNOWN,UNKNOWN
S433,Kh. el-Kureibat A,C1_2km,with,True,False,False,full,not recorded,UNKNOWN,UNKNOWN,UNKNOWN,UNKNOWN,UNKNOWN,UNKNOWN,UNKNOWN
S433,Kh. el-Kureibat A,C1_2km,without,True,False,False,full,not recorded,UNKNOWN,UNKNOWN,UNKNOWN,UNKNOWN,UNKNOWN,UNKNOWN,UNKNOWN
S433,Kh. el-Kureibat A,C2_tomb_shafts,with,True,False,False,full,not recorded,UNKNOWN,UNKNOWN,UNKNOWN,UNKNOWN,UNKNOWN,UNKNOWN,UNKNOWN
S433,Kh. el-Kureibat A,C2_tomb_shafts,without,True,False,False,full,not recorded,UNKNOWN,UNKNOWN,UNKNOWN,UNKNOWN,UNKNOWN,UNKNOWN,UNKNOWN
S433,Kh. el-Kureibat A,dated_only,with,True,False,False,full,not recorded,UNKNOWN,UNKNOWN,UNKNOWN,UNKNOWN,UNKNOWN,UNKNOWN,UNKNOWN
S433,Kh. el-Kureibat A,dated_only,without,True,False,False,full,not recorded,UNKNOWN,UNKNOWN,UNKNOWN,UNKNOWN,UNKNOWN,UNKNOWN,UNKNOWN
S440,Kh. el-Maliḥ A,primary,with,True,False,False,full,to Stage 2,UNKNOWN,UNKNOWN,UNKNOWN,UNKNOWN,UNKNOWN,UNKNOWN,UNKNOWN
S440,Kh. el-Maliḥ A,primary,without,True,False,False,full,to Stage 2,UNKNOWN,UNKNOWN,UNKNOWN,UNKNOWN,UNKNOWN,UNKNOWN,UNKNOWN
S440,Kh. el-Maliḥ A,C1_0.5km,with,True,False,False,full,to Stage 2,UNKNOWN,UNKNOWN,UNKNOWN,UNKNOWN,UNKNOWN,UNKNOWN,UNKNOWN
S440,Kh. el-Maliḥ A,C1_0.5km,without,True,False,False,full,to Stage 2,UNKNOWN,UNKNOWN,UNKNOWN,UNKNOWN,UNKNOWN,UNKNOWN,UNKNOWN
S440,Kh. el-Maliḥ A,C1_2km,with,True,False,False,full,to Stage 2,UNKNOWN,UNKNOWN,UNKNOWN,UNKNOWN,UNKNOWN,UNKNOWN,UNKNOWN
S440,Kh. el-Maliḥ A,C1_2km,without,True,False,False,full,to Stage 2,UNKNOWN,UNKNOWN,UNKNOWN,UNKNOWN,UNKNOWN,UNKNOWN,UNKNOWN
S440,Kh. el-Maliḥ A,C2_tomb_shafts,with,True,False,False,full,to Stage 2,UNKNOWN,UNKNOWN,UNKNOWN,UNKNOWN,UNKNOWN,UNKNOWN,UNKNOWN
S440,Kh. el-Maliḥ A,C2_tomb_shafts,without,True,False,False,full,to Stage 2,UNKNOWN,UNKNOWN,UNKNOWN,UNKNOWN,UNKNOWN,UNKNOWN,UNKNOWN
S440,Kh. el-Maliḥ A,dated_only,with,True,False,False,full,to Stage 2,UNKNOWN,UNKNOWN,UNKNOWN,UNKNOWN,UNKNOWN,UNKNOWN,UNKNOWN
S440,Kh. el-Maliḥ A,dated_only,without,True,False,False,full,to Stage 2,UNKNOWN,UNKNOWN,UNKNOWN,UNKNOWN,UNKNOWN,UNKNOWN,UNKNOWN
S444,Kh. el-Maliḥ B,primary,with,True,False,False,full,to Stage 2,UNKNOWN,UNKNOWN,UNKNOWN,UNKNOWN,UNKNOWN,UNKNOWN,UNKNOWN
S444,Kh. el-Maliḥ B,primary,without,True,False,False,full,to Stage 2,UNKNOWN,UNKNOWN,UNKNOWN,UNKNOWN,UNKNOWN,UNKNOWN,UNKNOWN
S444,Kh. el-Maliḥ B,C1_0.5km,with,True,False,False,full,to Stage 2,UNKNOWN,UNKNOWN,UNKNOWN,UNKNOWN,UNKNOWN,UNKNOWN,UNKNOWN
S444,Kh. el-Maliḥ B,C1_0.5km,without,True,False,False,full,to Stage 2,UNKNOWN,UNKNOWN,UNKNOWN,UNKNOWN,UNKNOWN,UNKNOWN,UNKNOWN
S444,Kh. el-Maliḥ B,C1_2km,with,True,False,False,full,to Stage 2,UNKNOWN,UNKNOWN,UNKNOWN,UNKNOWN,UNKNOWN,UNKNOWN,UNKNOWN
S444,Kh. el-Maliḥ B,C1_2km,without,True,False,False,full,to Stage 2,UNKNOWN,UNKNOWN,UNKNOWN,UNKNOWN,UNKNOWN,UNKNOWN,UNKNOWN
S444,Kh. el-Maliḥ B,C2_tomb_shafts,with,True,False,False,full,to Stage 2,UNKNOWN,UNKNOWN,UNKNOWN,UNKNOWN,UNKNOWN,UNKNOWN,UNKNOWN
S444,Kh. el-Maliḥ B,C2_tomb_shafts,without,True,False,False,full,to Stage 2,UNKNOWN,UNKNOWN,UNKNOWN,UNKNOWN,UNKNOWN,UNKNOWN,UNKNOWN
S444,Kh. el-Maliḥ B,dated_only,with,True,False,False,full,to Stage 2,UNKNOWN,UNKNOWN,UNKNOWN,UNKNOWN,UNKNOWN,UNKNOWN,UNKNOWN
S444,Kh. el-Maliḥ B,dated_only,without,True,False,False,full,to Stage 2,UNKNOWN,UNKNOWN,UNKNOWN,UNKNOWN,UNKNOWN,UNKNOWN,UNKNOWN
S445,Siris,primary,with,True,False,False,full,not recorded,UNKNOWN,UNKNOWN,UNKNOWN,UNKNOWN,UNKNOWN,UNKNOWN,UNKNOWN
S445,Siris,primary,without,True,False,False,full,not recorded,UNKNOWN,UNKNOWN,UNKNOWN,UNKNOWN,UNKNOWN,UNKNOWN,UNKNOWN
S445,Siris,C1_0.5km,with,True,False,False,full,not recorded,UNKNOWN,UNKNOWN,UNKNOWN,UNKNOWN,UNKNOWN,UNKNOWN,UNKNOWN
S445,Siris,C1_0.5km,without,True,False,False,full,not recorded,UNKNOWN,UNKNOWN,UNKNOWN,UNKNOWN,UNKNOWN,UNKNOWN,UNKNOWN
S445,Siris,C1_2km,with,True,False,False,full,not recorded,UNKNOWN,UNKNOWN,UNKNOWN,UNKNOWN,UNKNOWN,UNKNOWN,UNKNOWN
S445,Siris,C1_2km,without,True,False,False,full,not recorded,UNKNOWN,UNKNOWN,UNKNOWN,UNKNOWN,UNKNOWN,UNKNOWN,UNKNOWN
S445,Siris,C2_tomb_shafts,with,True,False,False,full,not recorded,UNKNOWN,UNKNOWN,UNKNOWN,UNKNOWN,UNKNOWN,UNKNOWN,UNKNOWN
S445,Siris,C2_tomb_shafts,without,True,False,False,full,not recorded,UNKNOWN,UNKNOWN,UNKNOWN,UNKNOWN,UNKNOWN,UNKNOWN,UNKNOWN
S445,Siris,dated_only,with,True,False,False,full,not recorded,UNKNOWN,UNKNOWN,UNKNOWN,UNKNOWN,UNKNOWN,UNKNOWN,UNKNOWN
S445,Siris,dated_only,without,True,False,False,full,not recorded,UNKNOWN,UNKNOWN,UNKNOWN,UNKNOWN,UNKNOWN,UNKNOWN,UNKNOWN
S447,Fass ej-Jamal,primary,with,True,False,False,full,to Stage 2,UNKNOWN,UNKNOWN,UNKNOWN,UNKNOWN,UNKNOWN,UNKNOWN,UNKNOWN
S447,Fass ej-Jamal,primary,without,True,False,False,full,to Stage 2,UNKNOWN,UNKNOWN,UNKNOWN,UNKNOWN,UNKNOWN,UNKNOWN,UNKNOWN
S447,Fass ej-Jamal,C1_0.5km,with,True,False,False,full,to Stage 2,UNKNOWN,UNKNOWN,UNKNOWN,UNKNOWN,UNKNOWN,UNKNOWN,UNKNOWN
S447,Fass ej-Jamal,C1_0.5km,without,True,False,False,full,to Stage 2,UNKNOWN,UNKNOWN,UNKNOWN,UNKNOWN,UNKNOWN,UNKNOWN,UNKNOWN
S447,Fass ej-Jamal,C1_2km,with,True,False,False,full,to Stage 2,UNKNOWN,UNKNOWN,UNKNOWN,UNKNOWN,UNKNOWN,UNKNOWN,UNKNOWN
S447,Fass ej-Jamal,C1_2km,without,True,False,False,full,to Stage 2,UNKNOWN,UNKNOWN,UNKNOWN,UNKNOWN,UNKNOWN,UNKNOWN,UNKNOWN
S447,Fass ej-Jamal,C2_tomb_shafts,with,True,False,False,full,to Stage 2,UNKNOWN,UNKNOWN,UNKNOWN,UNKNOWN,UNKNOWN,UNKNOWN,UNKNOWN
S447,Fass ej-Jamal,C2_tomb_shafts,without,True,False,False,full,to Stage 2,UNKNOWN,UNKNOWN,UNKNOWN,UNKNOWN,UNKNOWN,UNKNOWN,UNKNOWN
S447,Fass ej-Jamal,dated_only,with,True,False,False,full,to Stage 2,UNKNOWN,UNKNOWN,UNKNOWN,UNKNOWN,UNKNOWN,UNKNOWN,UNKNOWN
S447,Fass ej-Jamal,dated_only,without,True,False,False,full,to Stage 2,UNKNOWN,UNKNOWN,UNKNOWN,UNKNOWN,UNKNOWN,UNKNOWN,UNKNOWN
S449,Tell el-Ḥulu,primary,with,True,False,True,full,not recorded,UNKNOWN,UNKNOWN,UNKNOWN,UNKNOWN,UNKNOWN,UNKNOWN,UNKNOWN
S449,Tell el-Ḥulu,primary,without,True,False,True,full,not recorded,UNKNOWN,UNKNOWN,UNKNOWN,UNKNOWN,UNKNOWN,UNKNOWN,UNKNOWN
S449,Tell el-Ḥulu,C1_0.5km,with,True,False,True,full,not recorded,UNKNOWN,UNKNOWN,UNKNOWN,UNKNOWN,UNKNOWN,UNKNOWN,UNKNOWN
S449,Tell el-Ḥulu,C1_0.5km,without,True,False,True,full,not recorded,UNKNOWN,UNKNOWN,UNKNOWN,UNKNOWN,UNKNOWN,UNKNOWN,UNKNOWN
S449,Tell el-Ḥulu,C1_2km,with,True,False,True,full,not recorded,UNKNOWN,UNKNOWN,UNKNOWN,UNKNOWN,UNKNOWN,UNKNOWN,UNKNOWN
S449,Tell el-Ḥulu,C1_2km,without,True,False,True,full,not recorded,UNKNOWN,UNKNOWN,UNKNOWN,UNKNOWN,UNKNOWN,UNKNOWN,UNKNOWN
S449,Tell el-Ḥulu,C2_tomb_shafts,with,True,False,True,full,not recorded,UNKNOWN,UNKNOWN,UNKNOWN,UNKNOWN,UNKNOWN,UNKNOWN,UNKNOWN
S449,Tell el-Ḥulu,C2_tomb_shafts,without,True,False,True,full,not recorded,UNKNOWN,UNKNOWN,UNKNOWN,UNKNOWN,UNKNOWN,UNKNOWN,UNKNOWN
S449,Tell el-Ḥulu,dated_only,with,True,False,True,full,not recorded,UNKNOWN,UNKNOWN,UNKNOWN,UNKNOWN,UNKNOWN,UNKNOWN,UNKNOWN
S449,Tell el-Ḥulu,dated_only,without,True,False,True,full,not recorded,UNKNOWN,UNKNOWN,UNKNOWN,UNKNOWN,UNKNOWN,UNKNOWN,UNKNOWN
S482,El-Qa'adeh,primary,with,True,False,True,full,not recorded,UNKNOWN,UNKNOWN,UNKNOWN,UNKNOWN,UNKNOWN,UNKNOWN,UNKNOWN
S482,El-Qa'adeh,primary,without,True,False,True,full,not recorded,UNKNOWN,UNKNOWN,UNKNOWN,UNKNOWN,UNKNOWN,UNKNOWN,UNKNOWN
S482,El-Qa'adeh,C1_0.5km,with,True,False,True,full,not recorded,UNKNOWN,UNKNOWN,UNKNOWN,UNKNOWN,UNKNOWN,UNKNOWN,UNKNOWN
S482,El-Qa'adeh,C1_0.5km,without,True,False,True,full,not recorded,UNKNOWN,UNKNOWN,UNKNOWN,UNKNOWN,UNKNOWN,UNKNOWN,UNKNOWN
S482,El-Qa'adeh,C1_2km,with,True,False,True,full,not recorded,UNKNOWN,UNKNOWN,UNKNOWN,UNKNOWN,UNKNOWN,UNKNOWN,UNKNOWN
S482,El-Qa'adeh,C1_2km,without,True,False,True,full,not recorded,UNKNOWN,UNKNOWN,UNKNOWN,UNKNOWN,UNKNOWN,UNKNOWN,UNKNOWN
S482,El-Qa'adeh,C2_tomb_shafts,with,True,False,True,full,not recorded,UNKNOWN,UNKNOWN,UNKNOWN,UNKNOWN,UNKNOWN,UNKNOWN,UNKNOWN
S482,El-Qa'adeh,C2_tomb_shafts,without,True,False,True,full,not recorded,UNKNOWN,UNKNOWN,UNKNOWN,UNKNOWN,UNKNOWN,UNKNOWN,UNKNOWN
S482,El-Qa'adeh,dated_only,with,True,False,True,full,not recorded,UNKNOWN,UNKNOWN,UNKNOWN,UNKNOWN,UNKNOWN,UNKNOWN,UNKNOWN
S482,El-Qa'adeh,dated_only,without,True,False,True,full,not recorded,UNKNOWN,UNKNOWN,UNKNOWN,UNKNOWN,UNKNOWN,UNKNOWN,UNKNOWN
S483,Kh. Abu 'Ali,primary,with,True,False,False,full,not recorded,UNKNOWN,UNKNOWN,UNKNOWN,UNKNOWN,UNKNOWN,UNKNOWN,UNKNOWN
S483,Kh. Abu 'Ali,primary,without,True,False,False,full,not recorded,UNKNOWN,UNKNOWN,UNKNOWN,UNKNOWN,UNKNOWN,UNKNOWN,UNKNOWN
S483,Kh. Abu 'Ali,C1_0.5km,with,True,False,False,full,not recorded,UNKNOWN,UNKNOWN,UNKNOWN,UNKNOWN,UNKNOWN,UNKNOWN,UNKNOWN
S483,Kh. Abu 'Ali,C1_0.5km,without,True,False,False,full,not recorded,UNKNOWN,UNKNOWN,UNKNOWN,UNKNOWN,UNKNOWN,UNKNOWN,UNKNOWN
S483,Kh. Abu 'Ali,C1_2km,with,True,False,False,full,not recorded,UNKNOWN,UNKNOWN,UNKNOWN,UNKNOWN,UNKNOWN,UNKNOWN,UNKNOWN
S483,Kh. Abu 'Ali,C1_2km,without,True,False,False,full,not recorded,UNKNOWN,UNKNOWN,UNKNOWN,UNKNOWN,UNKNOWN,UNKNOWN,UNKNOWN
S483,Kh. Abu 'Ali,C2_tomb_shafts,with,True,False,False,full,not recorded,UNKNOWN,UNKNOWN,UNKNOWN,UNKNOWN,UNKNOWN,UNKNOWN,UNKNOWN
S483,Kh. Abu 'Ali,C2_tomb_shafts,without,True,False,False,full,not recorded,UNKNOWN,UNKNOWN,UNKNOWN,UNKNOWN,UNKNOWN,UNKNOWN,UNKNOWN
S483,Kh. Abu 'Ali,dated_only,with,True,False,False,full,not recorded,UNKNOWN,UNKNOWN,UNKNOWN,UNKNOWN,UNKNOWN,UNKNOWN,UNKNOWN
S483,Kh. Abu 'Ali,dated_only,without,True,False,False,full,not recorded,UNKNOWN,UNKNOWN,UNKNOWN,UNKNOWN,UNKNOWN,UNKNOWN,UNKNOWN
S493,Kh. Wahrane,primary,with,True,False,False,full,to Stage 2,UNKNOWN,UNKNOWN,UNKNOWN,UNKNOWN,UNKNOWN,UNKNOWN,UNKNOWN
S493,Kh. Wahrane,primary,without,True,False,False,full,to Stage 2,UNKNOWN,UNKNOWN,UNKNOWN,UNKNOWN,UNKNOWN,UNKNOWN,UNKNOWN
S493,Kh. Wahrane,C1_0.5km,with,True,False,False,full,to Stage 2,UNKNOWN,UNKNOWN,UNKNOWN,UNKNOWN,UNKNOWN,UNKNOWN,UNKNOWN
S493,Kh. Wahrane,C1_0.5km,without,True,False,False,full,to Stage 2,UNKNOWN,UNKNOWN,UNKNOWN,UNKNOWN,UNKNOWN,UNKNOWN,UNKNOWN
S493,Kh. Wahrane,C1_2km,with,True,False,False,full,to Stage 2,UNKNOWN,UNKNOWN,UNKNOWN,UNKNOWN,UNKNOWN,UNKNOWN,UNKNOWN
S493,Kh. Wahrane,C1_2km,without,True,False,False,full,to Stage 2,UNKNOWN,UNKNOWN,UNKNOWN,UNKNOWN,UNKNOWN,UNKNOWN,UNKNOWN
S493,Kh. Wahrane,C2_tomb_shafts,with,True,False,False,full,to Stage 2,UNKNOWN,UNKNOWN,UNKNOWN,UNKNOWN,UNKNOWN,UNKNOWN,UNKNOWN
S493,Kh. Wahrane,C2_tomb_shafts,without,True,False,False,full,to Stage 2,UNKNOWN,UNKNOWN,UNKNOWN,UNKNOWN,UNKNOWN,UNKNOWN,UNKNOWN
S493,Kh. Wahrane,dated_only,with,True,False,False,full,to Stage 2,UNKNOWN,UNKNOWN,UNKNOWN,UNKNOWN,UNKNOWN,UNKNOWN,UNKNOWN
S493,Kh. Wahrane,dated_only,without,True,False,False,full,to Stage 2,UNKNOWN,UNKNOWN,UNKNOWN,UNKNOWN,UNKNOWN,UNKNOWN,UNKNOWN
S503,E.P. 147 B,primary,with,True,False,False,full,to Stage 2,UNKNOWN,UNKNOWN,UNKNOWN,UNKNOWN,UNKNOWN,UNKNOWN,UNKNOWN
S503,E.P. 147 B,primary,without,True,False,False,full,to Stage 2,UNKNOWN,UNKNOWN,UNKNOWN,UNKNOWN,UNKNOWN,UNKNOWN,UNKNOWN
S503,E.P. 147 B,C1_0.5km,with,True,False,False,full,to Stage 2,UNKNOWN,UNKNOWN,UNKNOWN,UNKNOWN,UNKNOWN,UNKNOWN,UNKNOWN
S503,E.P. 147 B,C1_0.5km,without,True,False,False,full,to Stage 2,UNKNOWN,UNKNOWN,UNKNOWN,UNKNOWN,UNKNOWN,UNKNOWN,UNKNOWN
S503,E.P. 147 B,C1_2km,with,True,False,False,full,to Stage 2,UNKNOWN,UNKNOWN,UNKNOWN,UNKNOWN,UNKNOWN,UNKNOWN,UNKNOWN
S503,E.P. 147 B,C1_2km,without,True,False,False,full,to Stage 2,UNKNOWN,UNKNOWN,UNKNOWN,UNKNOWN,UNKNOWN,UNKNOWN,UNKNOWN
S503,E.P. 147 B,C2_tomb_shafts,with,True,False,False,full,to Stage 2,UNKNOWN,UNKNOWN,UNKNOWN,UNKNOWN,UNKNOWN,UNKNOWN,UNKNOWN
S503,E.P. 147 B,C2_tomb_shafts,without,True,False,False,full,to Stage 2,UNKNOWN,UNKNOWN,UNKNOWN,UNKNOWN,UNKNOWN,UNKNOWN,UNKNOWN
S503,E.P. 147 B,dated_only,with,True,False,False,full,to Stage 2,UNKNOWN,UNKNOWN,UNKNOWN,UNKNOWN,UNKNOWN,UNKNOWN,UNKNOWN
S503,E.P. 147 B,dated_only,without,True,False,False,full,to Stage 2,UNKNOWN,UNKNOWN,UNKNOWN,UNKNOWN,UNKNOWN,UNKNOWN,UNKNOWN
S520,Kh. ed-Deir,primary,with,True,False,False,full,not recorded,UNKNOWN,UNKNOWN,UNKNOWN,UNKNOWN,UNKNOWN,UNKNOWN,UNKNOWN
S520,Kh. ed-Deir,primary,without,True,False,False,full,not recorded,UNKNOWN,UNKNOWN,UNKNOWN,UNKNOWN,UNKNOWN,UNKNOWN,UNKNOWN
S520,Kh. ed-Deir,C1_0.5km,with,True,False,False,full,not recorded,UNKNOWN,UNKNOWN,UNKNOWN,UNKNOWN,UNKNOWN,UNKNOWN,UNKNOWN
S520,Kh. ed-Deir,C1_0.5km,without,True,False,False,full,not recorded,UNKNOWN,UNKNOWN,UNKNOWN,UNKNOWN,UNKNOWN,UNKNOWN,UNKNOWN
S520,Kh. ed-Deir,C1_2km,with,True,False,False,full,not recorded,UNKNOWN,UNKNOWN,UNKNOWN,UNKNOWN,UNKNOWN,UNKNOWN,UNKNOWN
S520,Kh. ed-Deir,C1_2km,without,True,False,False,full,not recorded,UNKNOWN,UNKNOWN,UNKNOWN,UNKNOWN,UNKNOWN,UNKNOWN,UNKNOWN
S520,Kh. ed-Deir,C2_tomb_shafts,with,True,False,False,full,not recorded,UNKNOWN,UNKNOWN,UNKNOWN,UNKNOWN,UNKNOWN,UNKNOWN,UNKNOWN
S520,Kh. ed-Deir,C2_tomb_shafts,without,True,False,False,full,not recorded,UNKNOWN,UNKNOWN,UNKNOWN,UNKNOWN,UNKNOWN,UNKNOWN,UNKNOWN
S520,Kh. ed-Deir,dated_only,with,True,False,False,full,not recorded,UNKNOWN,UNKNOWN,UNKNOWN,UNKNOWN,UNKNOWN,UNKNOWN,UNKNOWN
S520,Kh. ed-Deir,dated_only,without,True,False,False,full,not recorded,UNKNOWN,UNKNOWN,UNKNOWN,UNKNOWN,UNKNOWN,UNKNOWN,UNKNOWN
S521,Kh. Yarza B,primary,with,True,False,False,full,not recorded,UNKNOWN,UNKNOWN,UNKNOWN,UNKNOWN,UNKNOWN,UNKNOWN,UNKNOWN
S521,Kh. Yarza B,primary,without,True,False,False,full,not recorded,UNKNOWN,UNKNOWN,UNKNOWN,UNKNOWN,UNKNOWN,UNKNOWN,UNKNOWN
S521,Kh. Yarza B,C1_0.5km,with,True,False,False,full,not recorded,UNKNOWN,UNKNOWN,UNKNOWN,UNKNOWN,UNKNOWN,UNKNOWN,UNKNOWN
S521,Kh. Yarza B,C1_0.5km,without,True,False,False,full,not recorded,UNKNOWN,UNKNOWN,UNKNOWN,UNKNOWN,UNKNOWN,UNKNOWN,UNKNOWN
S521,Kh. Yarza B,C1_2km,with,True,False,False,full,not recorded,UNKNOWN,UNKNOWN,UNKNOWN,UNKNOWN,UNKNOWN,UNKNOWN,UNKNOWN
S521,Kh. Yarza B,C1_2km,without,True,False,False,full,not recorded,UNKNOWN,UNKNOWN,UNKNOWN,UNKNOWN,UNKNOWN,UNKNOWN,UNKNOWN
S521,Kh. Yarza B,C2_tomb_shafts,with,True,False,False,full,not recorded,UNKNOWN,UNKNOWN,UNKNOWN,UNKNOWN,UNKNOWN,UNKNOWN,UNKNOWN
S521,Kh. Yarza B,C2_tomb_shafts,without,True,False,False,full,not recorded,UNKNOWN,UNKNOWN,UNKNOWN,UNKNOWN,UNKNOWN,UNKNOWN,UNKNOWN
S521,Kh. Yarza B,dated_only,with,True,False,False,full,not recorded,UNKNOWN,UNKNOWN,UNKNOWN,UNKNOWN,UNKNOWN,UNKNOWN,UNKNOWN
S521,Kh. Yarza B,dated_only,without,True,False,False,full,not recorded,UNKNOWN,UNKNOWN,UNKNOWN,UNKNOWN,UNKNOWN,UNKNOWN,UNKNOWN
S525,Kh. Yarza A,primary,with,True,False,False,full,not recorded,UNKNOWN,UNKNOWN,UNKNOWN,UNKNOWN,UNKNOWN,UNKNOWN,UNKNOWN
S525,Kh. Yarza A,primary,without,True,False,False,full,not recorded,UNKNOWN,UNKNOWN,UNKNOWN,UNKNOWN,UNKNOWN,UNKNOWN,UNKNOWN
S525,Kh. Yarza A,C1_0.5km,with,True,False,False,full,not recorded,UNKNOWN,UNKNOWN,UNKNOWN,UNKNOWN,UNKNOWN,UNKNOWN,UNKNOWN
S525,Kh. Yarza A,C1_0.5km,without,True,False,False,full,not recorded,UNKNOWN,UNKNOWN,UNKNOWN,UNKNOWN,UNKNOWN,UNKNOWN,UNKNOWN
S525,Kh. Yarza A,C1_2km,with,True,False,False,full,not recorded,UNKNOWN,UNKNOWN,UNKNOWN,UNKNOWN,UNKNOWN,UNKNOWN,UNKNOWN
S525,Kh. Yarza A,C1_2km,without,True,False,False,full,not recorded,UNKNOWN,UNKNOWN,UNKNOWN,UNKNOWN,UNKNOWN,UNKNOWN,UNKNOWN
S525,Kh. Yarza A,C2_tomb_shafts,with,True,False,False,full,not recorded,UNKNOWN,UNKNOWN,UNKNOWN,UNKNOWN,UNKNOWN,UNKNOWN,UNKNOWN
S525,Kh. Yarza A,C2_tomb_shafts,without,True,False,False,full,not recorded,UNKNOWN,UNKNOWN,UNKNOWN,UNKNOWN,UNKNOWN,UNKNOWN,UNKNOWN
S525,Kh. Yarza A,dated_only,with,True,False,False,full,not recorded,UNKNOWN,UNKNOWN,UNKNOWN,UNKNOWN,UNKNOWN,UNKNOWN,UNKNOWN
S525,Kh. Yarza A,dated_only,without,True,False,False,full,not recorded,UNKNOWN,UNKNOWN,UNKNOWN,UNKNOWN,UNKNOWN,UNKNOWN,UNKNOWN
S539,Kh. Umm el-'Uqbeh A,primary,with,True,False,False,full,not recorded,UNKNOWN,UNKNOWN,UNKNOWN,UNKNOWN,UNKNOWN,UNKNOWN,UNKNOWN
S539,Kh. Umm el-'Uqbeh A,primary,without,True,False,False,full,not recorded,UNKNOWN,UNKNOWN,UNKNOWN,UNKNOWN,UNKNOWN,UNKNOWN,UNKNOWN
S539,Kh. Umm el-'Uqbeh A,C1_0.5km,with,True,False,False,full,not recorded,UNKNOWN,UNKNOWN,UNKNOWN,UNKNOWN,UNKNOWN,UNKNOWN,UNKNOWN
S539,Kh. Umm el-'Uqbeh A,C1_0.5km,without,True,False,False,full,not recorded,UNKNOWN,UNKNOWN,UNKNOWN,UNKNOWN,UNKNOWN,UNKNOWN,UNKNOWN
S539,Kh. Umm el-'Uqbeh A,C1_2km,with,True,False,False,full,not recorded,UNKNOWN,UNKNOWN,UNKNOWN,UNKNOWN,UNKNOWN,UNKNOWN,UNKNOWN
S539,Kh. Umm el-'Uqbeh A,C1_2km,without,True,False,False,full,not recorded,UNKNOWN,UNKNOWN,UNKNOWN,UNKNOWN,UNKNOWN,UNKNOWN,UNKNOWN
S539,Kh. Umm el-'Uqbeh A,C2_tomb_shafts,with,True,False,False,full,not recorded,UNKNOWN,UNKNOWN,UNKNOWN,UNKNOWN,UNKNOWN,UNKNOWN,UNKNOWN
S539,Kh. Umm el-'Uqbeh A,C2_tomb_shafts,without,True,False,False,full,not recorded,UNKNOWN,UNKNOWN,UNKNOWN,UNKNOWN,UNKNOWN,UNKNOWN,UNKNOWN
S539,Kh. Umm el-'Uqbeh A,dated_only,with,True,False,False,full,not recorded,UNKNOWN,UNKNOWN,UNKNOWN,UNKNOWN,UNKNOWN,UNKNOWN,UNKNOWN
S539,Kh. Umm el-'Uqbeh A,dated_only,without,True,False,False,full,not recorded,UNKNOWN,UNKNOWN,UNKNOWN,UNKNOWN,UNKNOWN,UNKNOWN,UNKNOWN
S563,Yaṣid,primary,with,True,False,False,full,to Stage 2,UNKNOWN,UNKNOWN,UNKNOWN,UNKNOWN,UNKNOWN,UNKNOWN,UNKNOWN
S563,Yaṣid,primary,without,True,False,False,full,to Stage 2,UNKNOWN,UNKNOWN,UNKNOWN,UNKNOWN,UNKNOWN,UNKNOWN,UNKNOWN
S563,Yaṣid,C1_0.5km,with,True,False,False,full,to Stage 2,UNKNOWN,UNKNOWN,UNKNOWN,UNKNOWN,UNKNOWN,UNKNOWN,UNKNOWN
S563,Yaṣid,C1_0.5km,without,True,False,False,full,to Stage 2,UNKNOWN,UNKNOWN,UNKNOWN,UNKNOWN,UNKNOWN,UNKNOWN,UNKNOWN
S563,Yaṣid,C1_2km,with,True,False,False,full,to Stage 2,UNKNOWN,UNKNOWN,UNKNOWN,UNKNOWN,UNKNOWN,UNKNOWN,UNKNOWN
S563,Yaṣid,C1_2km,without,True,False,False,full,to Stage 2,UNKNOWN,UNKNOWN,UNKNOWN,UNKNOWN,UNKNOWN,UNKNOWN,UNKNOWN
S563,Yaṣid,C2_tomb_shafts,with,True,False,False,full,to Stage 2,UNKNOWN,UNKNOWN,UNKNOWN,UNKNOWN,UNKNOWN,UNKNOWN,UNKNOWN
S563,Yaṣid,C2_tomb_shafts,without,True,False,False,full,to Stage 2,UNKNOWN,UNKNOWN,UNKNOWN,UNKNOWN,UNKNOWN,UNKNOWN,UNKNOWN
S563,Yaṣid,dated_only,with,True,False,False,full,to Stage 2,UNKNOWN,UNKNOWN,UNKNOWN,UNKNOWN,UNKNOWN,UNKNOWN,UNKNOWN
S563,Yaṣid,dated_only,without,True,False,False,full,to Stage 2,UNKNOWN,UNKNOWN,UNKNOWN,UNKNOWN,UNKNOWN,UNKNOWN,UNKNOWN
S567,Kh. es-Samra,primary,with,True,False,False,full,not recorded,UNKNOWN,UNKNOWN,UNKNOWN,UNKNOWN,UNKNOWN,UNKNOWN,UNKNOWN
S567,Kh. es-Samra,primary,without,True,False,False,full,not recorded,UNKNOWN,UNKNOWN,UNKNOWN,UNKNOWN,UNKNOWN,UNKNOWN,UNKNOWN
S567,Kh. es-Samra,C1_0.5km,with,True,False,False,full,not recorded,UNKNOWN,UNKNOWN,UNKNOWN,UNKNOWN,UNKNOWN,UNKNOWN,UNKNOWN
S567,Kh. es-Samra,C1_0.5km,without,True,False,False,full,not recorded,UNKNOWN,UNKNOWN,UNKNOWN,UNKNOWN,UNKNOWN,UNKNOWN,UNKNOWN
S567,Kh. es-Samra,C1_2km,with,True,False,False,full,not recorded,UNKNOWN,UNKNOWN,UNKNOWN,UNKNOWN,UNKNOWN,UNKNOWN,UNKNOWN
S567,Kh. es-Samra,C1_2km,without,True,False,False,full,not recorded,UNKNOWN,UNKNOWN,UNKNOWN,UNKNOWN,UNKNOWN,UNKNOWN,UNKNOWN
S567,Kh. es-Samra,C2_tomb_shafts,with,True,False,False,full,not recorded,UNKNOWN,UNKNOWN,UNKNOWN,UNKNOWN,UNKNOWN,UNKNOWN,UNKNOWN
S567,Kh. es-Samra,C2_tomb_shafts,without,True,False,False,full,not recorded,UNKNOWN,UNKNOWN,UNKNOWN,UNKNOWN,UNKNOWN,UNKNOWN,UNKNOWN
S567,Kh. es-Samra,dated_only,with,True,False,False,full,not recorded,UNKNOWN,UNKNOWN,UNKNOWN,UNKNOWN,UNKNOWN,UNKNOWN,UNKNOWN
S567,Kh. es-Samra,dated_only,without,True,False,False,full,not recorded,UNKNOWN,UNKNOWN,UNKNOWN,UNKNOWN,UNKNOWN,UNKNOWN,UNKNOWN
S577,Kh. es-Suwede,primary,with,True,False,True,full,to Stage 2,UNKNOWN,UNKNOWN,UNKNOWN,UNKNOWN,UNKNOWN,UNKNOWN,UNKNOWN
S577,Kh. es-Suwede,primary,without,True,False,True,full,to Stage 2,UNKNOWN,UNKNOWN,UNKNOWN,UNKNOWN,UNKNOWN,UNKNOWN,UNKNOWN
S577,Kh. es-Suwede,C1_0.5km,with,True,False,True,full,to Stage 2,UNKNOWN,UNKNOWN,UNKNOWN,UNKNOWN,UNKNOWN,UNKNOWN,UNKNOWN
S577,Kh. es-Suwede,C1_0.5km,without,True,False,True,full,to Stage 2,UNKNOWN,UNKNOWN,UNKNOWN,UNKNOWN,UNKNOWN,UNKNOWN,UNKNOWN
S577,Kh. es-Suwede,C1_2km,with,True,False,True,full,to Stage 2,UNKNOWN,UNKNOWN,UNKNOWN,UNKNOWN,UNKNOWN,UNKNOWN,UNKNOWN
S577,Kh. es-Suwede,C1_2km,without,True,False,True,full,to Stage 2,UNKNOWN,UNKNOWN,UNKNOWN,UNKNOWN,UNKNOWN,UNKNOWN,UNKNOWN
S577,Kh. es-Suwede,C2_tomb_shafts,with,True,False,True,full,to Stage 2,UNKNOWN,UNKNOWN,UNKNOWN,UNKNOWN,UNKNOWN,UNKNOWN,UNKNOWN
S577,Kh. es-Suwede,C2_tomb_shafts,without,True,False,True,full,to Stage 2,UNKNOWN,UNKNOWN,UNKNOWN,UNKNOWN,UNKNOWN,UNKNOWN,UNKNOWN
S577,Kh. es-Suwede,dated_only,with,True,False,True,full,to Stage 2,UNKNOWN,UNKNOWN,UNKNOWN,UNKNOWN,UNKNOWN,UNKNOWN,UNKNOWN
S577,Kh. es-Suwede,dated_only,without,True,False,True,full,to Stage 2,UNKNOWN,UNKNOWN,UNKNOWN,UNKNOWN,UNKNOWN,UNKNOWN,UNKNOWN
S592,Kh. Burj el-Fari'a,primary,with,True,False,False,full,to Stage 2,MATCH,UNKNOWN,UNKNOWN,UNKNOWN,UNKNOWN,UNKNOWN,UNKNOWN
S592,Kh. Burj el-Fari'a,primary,without,True,False,False,full,to Stage 2,MATCH,UNKNOWN,UNKNOWN,UNKNOWN,UNKNOWN,UNKNOWN,UNKNOWN
S592,Kh. Burj el-Fari'a,C1_0.5km,with,True,False,False,full,to Stage 2,MATCH,UNKNOWN,UNKNOWN,UNKNOWN,UNKNOWN,UNKNOWN,UNKNOWN
S592,Kh. Burj el-Fari'a,C1_0.5km,without,True,False,False,full,to Stage 2,MATCH,UNKNOWN,UNKNOWN,UNKNOWN,UNKNOWN,UNKNOWN,UNKNOWN
S592,Kh. Burj el-Fari'a,C1_2km,with,True,False,False,full,to Stage 2,MATCH,UNKNOWN,UNKNOWN,UNKNOWN,UNKNOWN,UNKNOWN,UNKNOWN
S592,Kh. Burj el-Fari'a,C1_2km,without,True,False,False,full,to Stage 2,MATCH,UNKNOWN,UNKNOWN,UNKNOWN,UNKNOWN,UNKNOWN,UNKNOWN
S592,Kh. Burj el-Fari'a,C2_tomb_shafts,with,True,False,False,full,to Stage 2,MATCH,UNKNOWN,UNKNOWN,UNKNOWN,UNKNOWN,UNKNOWN,UNKNOWN
S592,Kh. Burj el-Fari'a,C2_tomb_shafts,without,True,False,False,full,to Stage 2,MATCH,UNKNOWN,UNKNOWN,UNKNOWN,UNKNOWN,UNKNOWN,UNKNOWN
S592,Kh. Burj el-Fari'a,dated_only,with,True,False,False,full,to Stage 2,UNKNOWN,UNKNOWN,UNKNOWN,UNKNOWN,UNKNOWN,UNKNOWN,UNKNOWN
S592,Kh. Burj el-Fari'a,dated_only,without,True,False,False,full,to Stage 2,UNKNOWN,UNKNOWN,UNKNOWN,UNKNOWN,UNKNOWN,UNKNOWN,UNKNOWN
S593,Kh. Hudha,primary,with,True,False,False,full,not recorded,UNKNOWN,UNKNOWN,UNKNOWN,UNKNOWN,UNKNOWN,UNKNOWN,UNKNOWN
S593,Kh. Hudha,primary,without,True,False,False,full,not recorded,UNKNOWN,UNKNOWN,UNKNOWN,UNKNOWN,UNKNOWN,UNKNOWN,UNKNOWN
S593,Kh. Hudha,C1_0.5km,with,True,False,False,full,not recorded,UNKNOWN,UNKNOWN,UNKNOWN,UNKNOWN,UNKNOWN,UNKNOWN,UNKNOWN
S593,Kh. Hudha,C1_0.5km,without,True,False,False,full,not recorded,UNKNOWN,UNKNOWN,UNKNOWN,UNKNOWN,UNKNOWN,UNKNOWN,UNKNOWN
S593,Kh. Hudha,C1_2km,with,True,False,False,full,not recorded,UNKNOWN,UNKNOWN,UNKNOWN,UNKNOWN,UNKNOWN,UNKNOWN,UNKNOWN
S593,Kh. Hudha,C1_2km,without,True,False,False,full,not recorded,UNKNOWN,UNKNOWN,UNKNOWN,UNKNOWN,UNKNOWN,UNKNOWN,UNKNOWN
S593,Kh. Hudha,C2_tomb_shafts,with,True,False,False,full,not recorded,UNKNOWN,UNKNOWN,UNKNOWN,UNKNOWN,UNKNOWN,UNKNOWN,UNKNOWN
S593,Kh. Hudha,C2_tomb_shafts,without,True,False,False,full,not recorded,UNKNOWN,UNKNOWN,UNKNOWN,UNKNOWN,UNKNOWN,UNKNOWN,UNKNOWN
S593,Kh. Hudha,dated_only,with,True,False,False,full,not recorded,UNKNOWN,UNKNOWN,UNKNOWN,UNKNOWN,UNKNOWN,UNKNOWN,UNKNOWN
S593,Kh. Hudha,dated_only,without,True,False,False,full,not recorded,UNKNOWN,UNKNOWN,UNKNOWN,UNKNOWN,UNKNOWN,UNKNOWN,UNKNOWN
S609,Ṭammun,primary,with,True,False,False,full,not recorded,UNKNOWN,UNKNOWN,UNKNOWN,UNKNOWN,UNKNOWN,UNKNOWN,UNKNOWN
S609,Ṭammun,primary,without,True,False,False,full,not recorded,UNKNOWN,UNKNOWN,UNKNOWN,UNKNOWN,UNKNOWN,UNKNOWN,UNKNOWN
S609,Ṭammun,C1_0.5km,with,True,False,False,full,not recorded,UNKNOWN,UNKNOWN,UNKNOWN,UNKNOWN,UNKNOWN,UNKNOWN,UNKNOWN
S609,Ṭammun,C1_0.5km,without,True,False,False,full,not recorded,UNKNOWN,UNKNOWN,UNKNOWN,UNKNOWN,UNKNOWN,UNKNOWN,UNKNOWN
S609,Ṭammun,C1_2km,with,True,False,False,full,not recorded,UNKNOWN,UNKNOWN,UNKNOWN,UNKNOWN,UNKNOWN,UNKNOWN,UNKNOWN
S609,Ṭammun,C1_2km,without,True,False,False,full,not recorded,UNKNOWN,UNKNOWN,UNKNOWN,UNKNOWN,UNKNOWN,UNKNOWN,UNKNOWN
S609,Ṭammun,C2_tomb_shafts,with,True,False,False,full,not recorded,UNKNOWN,UNKNOWN,UNKNOWN,UNKNOWN,UNKNOWN,UNKNOWN,UNKNOWN
S609,Ṭammun,C2_tomb_shafts,without,True,False,False,full,not recorded,UNKNOWN,UNKNOWN,UNKNOWN,UNKNOWN,UNKNOWN,UNKNOWN,UNKNOWN
S609,Ṭammun,dated_only,with,True,False,False,full,not recorded,UNKNOWN,UNKNOWN,UNKNOWN,UNKNOWN,UNKNOWN,UNKNOWN,UNKNOWN
S609,Ṭammun,dated_only,without,True,False,False,full,not recorded,UNKNOWN,UNKNOWN,UNKNOWN,UNKNOWN,UNKNOWN,UNKNOWN,UNKNOWN
S655,Ṭalluze,primary,with,True,False,True,full,not recorded,UNKNOWN,UNKNOWN,UNKNOWN,UNKNOWN,UNKNOWN,UNKNOWN,UNKNOWN
S655,Ṭalluze,primary,without,True,False,True,full,not recorded,UNKNOWN,UNKNOWN,UNKNOWN,UNKNOWN,UNKNOWN,UNKNOWN,UNKNOWN
S655,Ṭalluze,C1_0.5km,with,True,False,True,full,not recorded,UNKNOWN,UNKNOWN,UNKNOWN,UNKNOWN,UNKNOWN,UNKNOWN,UNKNOWN
S655,Ṭalluze,C1_0.5km,without,True,False,True,full,not recorded,UNKNOWN,UNKNOWN,UNKNOWN,UNKNOWN,UNKNOWN,UNKNOWN,UNKNOWN
S655,Ṭalluze,C1_2km,with,True,False,True,full,not recorded,UNKNOWN,UNKNOWN,UNKNOWN,UNKNOWN,UNKNOWN,UNKNOWN,UNKNOWN
S655,Ṭalluze,C1_2km,without,True,False,True,full,not recorded,UNKNOWN,UNKNOWN,UNKNOWN,UNKNOWN,UNKNOWN,UNKNOWN,UNKNOWN
S655,Ṭalluze,C2_tomb_shafts,with,True,False,True,full,not recorded,UNKNOWN,UNKNOWN,UNKNOWN,UNKNOWN,UNKNOWN,UNKNOWN,UNKNOWN
S655,Ṭalluze,C2_tomb_shafts,without,True,False,True,full,not recorded,UNKNOWN,UNKNOWN,UNKNOWN,UNKNOWN,UNKNOWN,UNKNOWN,UNKNOWN
S655,Ṭalluze,dated_only,with,True,False,True,full,not recorded,UNKNOWN,UNKNOWN,UNKNOWN,UNKNOWN,UNKNOWN,UNKNOWN,UNKNOWN
S655,Ṭalluze,dated_only,without,True,False,True,full,not recorded,UNKNOWN,UNKNOWN,UNKNOWN,UNKNOWN,UNKNOWN,UNKNOWN,UNKNOWN
S676,Kh. 'Aṭuf,primary,with,True,False,False,full,to Stage 2,UNKNOWN,UNKNOWN,FAIL,UNKNOWN,FAIL,UNKNOWN,UNKNOWN
S676,Kh. 'Aṭuf,primary,without,True,False,False,full,to Stage 2,UNKNOWN,UNKNOWN,FAIL,UNKNOWN,FAIL,UNKNOWN,UNKNOWN
S676,Kh. 'Aṭuf,C1_0.5km,with,True,False,False,full,to Stage 2,UNKNOWN,UNKNOWN,FAIL,UNKNOWN,FAIL,UNKNOWN,UNKNOWN
S676,Kh. 'Aṭuf,C1_0.5km,without,True,False,False,full,to Stage 2,UNKNOWN,UNKNOWN,FAIL,UNKNOWN,FAIL,UNKNOWN,UNKNOWN
S676,Kh. 'Aṭuf,C1_2km,with,True,False,False,full,to Stage 2,UNKNOWN,UNKNOWN,FAIL,UNKNOWN,FAIL,UNKNOWN,UNKNOWN
S676,Kh. 'Aṭuf,C1_2km,without,True,False,False,full,to Stage 2,UNKNOWN,UNKNOWN,FAIL,UNKNOWN,FAIL,UNKNOWN,UNKNOWN
S676,Kh. 'Aṭuf,C2_tomb_shafts,with,True,False,False,full,to Stage 2,UNKNOWN,UNKNOWN,FAIL,UNKNOWN,FAIL,UNKNOWN,UNKNOWN
S676,Kh. 'Aṭuf,C2_tomb_shafts,without,True,False,False,full,to Stage 2,UNKNOWN,UNKNOWN,FAIL,UNKNOWN,FAIL,UNKNOWN,UNKNOWN
S676,Kh. 'Aṭuf,dated_only,with,True,False,False,full,to Stage 2,UNKNOWN,UNKNOWN,FAIL,FAIL,FAIL,FAIL,UNKNOWN
S676,Kh. 'Aṭuf,dated_only,without,True,False,False,full,to Stage 2,UNKNOWN,UNKNOWN,FAIL,FAIL,FAIL,FAIL,UNKNOWN
S681,Kh. es-Sirb,primary,with,True,False,False,full,not recorded,UNKNOWN,UNKNOWN,UNKNOWN,UNKNOWN,UNKNOWN,UNKNOWN,UNKNOWN
S681,Kh. es-Sirb,primary,without,True,False,False,full,not recorded,UNKNOWN,UNKNOWN,UNKNOWN,UNKNOWN,UNKNOWN,UNKNOWN,UNKNOWN
S681,Kh. es-Sirb,C1_0.5km,with,True,False,False,full,not recorded,UNKNOWN,UNKNOWN,UNKNOWN,UNKNOWN,UNKNOWN,UNKNOWN,UNKNOWN
S681,Kh. es-Sirb,C1_0.5km,without,True,False,False,full,not recorded,UNKNOWN,UNKNOWN,UNKNOWN,UNKNOWN,UNKNOWN,UNKNOWN,UNKNOWN
S681,Kh. es-Sirb,C1_2km,with,True,False,False,full,not recorded,UNKNOWN,UNKNOWN,UNKNOWN,UNKNOWN,UNKNOWN,UNKNOWN,UNKNOWN
S681,Kh. es-Sirb,C1_2km,without,True,False,False,full,not recorded,UNKNOWN,UNKNOWN,UNKNOWN,UNKNOWN,UNKNOWN,UNKNOWN,UNKNOWN
S681,Kh. es-Sirb,C2_tomb_shafts,with,True,False,False,full,not recorded,UNKNOWN,UNKNOWN,UNKNOWN,UNKNOWN,UNKNOWN,UNKNOWN,UNKNOWN
S681,Kh. es-Sirb,C2_tomb_shafts,without,True,False,False,full,not recorded,UNKNOWN,UNKNOWN,UNKNOWN,UNKNOWN,UNKNOWN,UNKNOWN,UNKNOWN
S681,Kh. es-Sirb,dated_only,with,True,False,False,full,not recorded,UNKNOWN,UNKNOWN,UNKNOWN,UNKNOWN,UNKNOWN,UNKNOWN,UNKNOWN
S681,Kh. es-Sirb,dated_only,without,True,False,False,full,not recorded,UNKNOWN,UNKNOWN,UNKNOWN,UNKNOWN,UNKNOWN,UNKNOWN,UNKNOWN
S686,Kh. el-Juneidiyya,primary,with,True,False,False,full,not recorded,UNKNOWN,UNKNOWN,UNKNOWN,UNKNOWN,UNKNOWN,UNKNOWN,UNKNOWN
S686,Kh. el-Juneidiyya,primary,without,True,False,False,full,not recorded,UNKNOWN,UNKNOWN,UNKNOWN,UNKNOWN,UNKNOWN,UNKNOWN,UNKNOWN
S686,Kh. el-Juneidiyya,C1_0.5km,with,True,False,False,full,not recorded,UNKNOWN,UNKNOWN,UNKNOWN,UNKNOWN,UNKNOWN,UNKNOWN,UNKNOWN
S686,Kh. el-Juneidiyya,C1_0.5km,without,True,False,False,full,not recorded,UNKNOWN,UNKNOWN,UNKNOWN,UNKNOWN,UNKNOWN,UNKNOWN,UNKNOWN
S686,Kh. el-Juneidiyya,C1_2km,with,True,False,False,full,not recorded,UNKNOWN,UNKNOWN,UNKNOWN,UNKNOWN,UNKNOWN,UNKNOWN,UNKNOWN
S686,Kh. el-Juneidiyya,C1_2km,without,True,False,False,full,not recorded,UNKNOWN,UNKNOWN,UNKNOWN,UNKNOWN,UNKNOWN,UNKNOWN,UNKNOWN
S686,Kh. el-Juneidiyya,C2_tomb_shafts,with,True,False,False,full,not recorded,UNKNOWN,UNKNOWN,UNKNOWN,UNKNOWN,UNKNOWN,UNKNOWN,UNKNOWN
S686,Kh. el-Juneidiyya,C2_tomb_shafts,without,True,False,False,full,not recorded,UNKNOWN,UNKNOWN,UNKNOWN,UNKNOWN,UNKNOWN,UNKNOWN,UNKNOWN
S686,Kh. el-Juneidiyya,dated_only,with,True,False,False,full,not recorded,UNKNOWN,UNKNOWN,UNKNOWN,UNKNOWN,UNKNOWN,UNKNOWN,UNKNOWN
S686,Kh. el-Juneidiyya,dated_only,without,True,False,False,full,not recorded,UNKNOWN,UNKNOWN,UNKNOWN,UNKNOWN,UNKNOWN,UNKNOWN,UNKNOWN
S691,Kh. Farwe,primary,with,True,False,False,full,not recorded,UNKNOWN,UNKNOWN,UNKNOWN,UNKNOWN,UNKNOWN,UNKNOWN,UNKNOWN
S691,Kh. Farwe,primary,without,True,False,False,full,not recorded,UNKNOWN,UNKNOWN,UNKNOWN,UNKNOWN,UNKNOWN,UNKNOWN,UNKNOWN
S691,Kh. Farwe,C1_0.5km,with,True,False,False,full,not recorded,UNKNOWN,UNKNOWN,UNKNOWN,UNKNOWN,UNKNOWN,UNKNOWN,UNKNOWN
S691,Kh. Farwe,C1_0.5km,without,True,False,False,full,not recorded,UNKNOWN,UNKNOWN,UNKNOWN,UNKNOWN,UNKNOWN,UNKNOWN,UNKNOWN
S691,Kh. Farwe,C1_2km,with,True,False,False,full,not recorded,UNKNOWN,UNKNOWN,UNKNOWN,UNKNOWN,UNKNOWN,UNKNOWN,UNKNOWN
S691,Kh. Farwe,C1_2km,without,True,False,False,full,not recorded,UNKNOWN,UNKNOWN,UNKNOWN,UNKNOWN,UNKNOWN,UNKNOWN,UNKNOWN
S691,Kh. Farwe,C2_tomb_shafts,with,True,False,False,full,not recorded,UNKNOWN,UNKNOWN,UNKNOWN,UNKNOWN,UNKNOWN,UNKNOWN,UNKNOWN
S691,Kh. Farwe,C2_tomb_shafts,without,True,False,False,full,not recorded,UNKNOWN,UNKNOWN,UNKNOWN,UNKNOWN,UNKNOWN,UNKNOWN,UNKNOWN
S691,Kh. Farwe,dated_only,with,True,False,False,full,not recorded,UNKNOWN,UNKNOWN,UNKNOWN,UNKNOWN,UNKNOWN,UNKNOWN,UNKNOWN
S691,Kh. Farwe,dated_only,without,True,False,False,full,not recorded,UNKNOWN,UNKNOWN,UNKNOWN,UNKNOWN,UNKNOWN,UNKNOWN,UNKNOWN
S701,Khallet Makḥul,primary,with,True,False,False,full,to Stage 2,UNKNOWN,UNKNOWN,UNKNOWN,UNKNOWN,UNKNOWN,UNKNOWN,UNKNOWN
S701,Khallet Makḥul,primary,without,True,False,False,full,to Stage 2,UNKNOWN,UNKNOWN,UNKNOWN,UNKNOWN,UNKNOWN,UNKNOWN,UNKNOWN
S701,Khallet Makḥul,C1_0.5km,with,True,False,False,full,to Stage 2,UNKNOWN,UNKNOWN,UNKNOWN,UNKNOWN,UNKNOWN,UNKNOWN,UNKNOWN
S701,Khallet Makḥul,C1_0.5km,without,True,False,False,full,to Stage 2,UNKNOWN,UNKNOWN,UNKNOWN,UNKNOWN,UNKNOWN,UNKNOWN,UNKNOWN
S701,Khallet Makḥul,C1_2km,with,True,False,False,full,to Stage 2,UNKNOWN,UNKNOWN,UNKNOWN,UNKNOWN,UNKNOWN,UNKNOWN,UNKNOWN
S701,Khallet Makḥul,C1_2km,without,True,False,False,full,to Stage 2,UNKNOWN,UNKNOWN,UNKNOWN,UNKNOWN,UNKNOWN,UNKNOWN,UNKNOWN
S701,Khallet Makḥul,C2_tomb_shafts,with,True,False,False,full,to Stage 2,UNKNOWN,UNKNOWN,UNKNOWN,UNKNOWN,UNKNOWN,UNKNOWN,UNKNOWN
S701,Khallet Makḥul,C2_tomb_shafts,without,True,False,False,full,to Stage 2,UNKNOWN,UNKNOWN,UNKNOWN,UNKNOWN,UNKNOWN,UNKNOWN,UNKNOWN
S701,Khallet Makḥul,dated_only,with,True,False,False,full,to Stage 2,UNKNOWN,UNKNOWN,UNKNOWN,UNKNOWN,UNKNOWN,UNKNOWN,UNKNOWN
S701,Khallet Makḥul,dated_only,without,True,False,False,full,to Stage 2,UNKNOWN,UNKNOWN,UNKNOWN,UNKNOWN,UNKNOWN,UNKNOWN,UNKNOWN
S709,Kh. eṣ-Ṣun'a,primary,with,True,False,False,full,to Stage 2,UNKNOWN,UNKNOWN,UNKNOWN,UNKNOWN,UNKNOWN,UNKNOWN,UNKNOWN
S709,Kh. eṣ-Ṣun'a,primary,without,True,False,False,full,to Stage 2,UNKNOWN,UNKNOWN,UNKNOWN,UNKNOWN,UNKNOWN,UNKNOWN,UNKNOWN
S709,Kh. eṣ-Ṣun'a,C1_0.5km,with,True,False,False,full,to Stage 2,UNKNOWN,UNKNOWN,UNKNOWN,UNKNOWN,UNKNOWN,UNKNOWN,UNKNOWN
S709,Kh. eṣ-Ṣun'a,C1_0.5km,without,True,False,False,full,to Stage 2,UNKNOWN,UNKNOWN,UNKNOWN,UNKNOWN,UNKNOWN,UNKNOWN,UNKNOWN
S709,Kh. eṣ-Ṣun'a,C1_2km,with,True,False,False,full,to Stage 2,UNKNOWN,UNKNOWN,UNKNOWN,UNKNOWN,UNKNOWN,UNKNOWN,UNKNOWN
S709,Kh. eṣ-Ṣun'a,C1_2km,without,True,False,False,full,to Stage 2,UNKNOWN,UNKNOWN,UNKNOWN,UNKNOWN,UNKNOWN,UNKNOWN,UNKNOWN
S709,Kh. eṣ-Ṣun'a,C2_tomb_shafts,with,True,False,False,full,to Stage 2,UNKNOWN,UNKNOWN,UNKNOWN,UNKNOWN,UNKNOWN,UNKNOWN,UNKNOWN
S709,Kh. eṣ-Ṣun'a,C2_tomb_shafts,without,True,False,False,full,to Stage 2,UNKNOWN,UNKNOWN,UNKNOWN,UNKNOWN,UNKNOWN,UNKNOWN,UNKNOWN
S709,Kh. eṣ-Ṣun'a,dated_only,with,True,False,False,full,to Stage 2,UNKNOWN,UNKNOWN,UNKNOWN,UNKNOWN,UNKNOWN,UNKNOWN,UNKNOWN
S709,Kh. eṣ-Ṣun'a,dated_only,without,True,False,False,full,to Stage 2,UNKNOWN,UNKNOWN,UNKNOWN,UNKNOWN,UNKNOWN,UNKNOWN,UNKNOWN
S715,'Iraq Abu Hashish A,primary,with,True,False,False,full,not recorded,UNKNOWN,UNKNOWN,UNKNOWN,UNKNOWN,UNKNOWN,UNKNOWN,UNKNOWN
S715,'Iraq Abu Hashish A,primary,without,True,False,False,full,not recorded,UNKNOWN,UNKNOWN,UNKNOWN,UNKNOWN,UNKNOWN,UNKNOWN,UNKNOWN
S715,'Iraq Abu Hashish A,C1_0.5km,with,True,False,False,full,not recorded,UNKNOWN,UNKNOWN,UNKNOWN,UNKNOWN,UNKNOWN,UNKNOWN,UNKNOWN
S715,'Iraq Abu Hashish A,C1_0.5km,without,True,False,False,full,not recorded,UNKNOWN,UNKNOWN,UNKNOWN,UNKNOWN,UNKNOWN,UNKNOWN,UNKNOWN
S715,'Iraq Abu Hashish A,C1_2km,with,True,False,False,full,not recorded,UNKNOWN,UNKNOWN,UNKNOWN,UNKNOWN,UNKNOWN,UNKNOWN,UNKNOWN
S715,'Iraq Abu Hashish A,C1_2km,without,True,False,False,full,not recorded,UNKNOWN,UNKNOWN,UNKNOWN,UNKNOWN,UNKNOWN,UNKNOWN,UNKNOWN
S715,'Iraq Abu Hashish A,C2_tomb_shafts,with,True,False,False,full,not recorded,UNKNOWN,UNKNOWN,UNKNOWN,UNKNOWN,UNKNOWN,UNKNOWN,UNKNOWN
S715,'Iraq Abu Hashish A,C2_tomb_shafts,without,True,False,False,full,not recorded,UNKNOWN,UNKNOWN,UNKNOWN,UNKNOWN,UNKNOWN,UNKNOWN,UNKNOWN
S715,'Iraq Abu Hashish A,dated_only,with,True,False,False,full,not recorded,UNKNOWN,UNKNOWN,UNKNOWN,UNKNOWN,UNKNOWN,UNKNOWN,UNKNOWN
S715,'Iraq Abu Hashish A,dated_only,without,True,False,False,full,not recorded,UNKNOWN,UNKNOWN,UNKNOWN,UNKNOWN,UNKNOWN,UNKNOWN,UNKNOWN
S721,'Iraq Abu Hashish B,primary,with,True,False,False,full,not recorded,UNKNOWN,UNKNOWN,UNKNOWN,UNKNOWN,UNKNOWN,UNKNOWN,UNKNOWN
S721,'Iraq Abu Hashish B,primary,without,True,False,False,full,not recorded,UNKNOWN,UNKNOWN,UNKNOWN,UNKNOWN,UNKNOWN,UNKNOWN,UNKNOWN
S721,'Iraq Abu Hashish B,C1_0.5km,with,True,False,False,full,not recorded,UNKNOWN,UNKNOWN,UNKNOWN,UNKNOWN,UNKNOWN,UNKNOWN,UNKNOWN
S721,'Iraq Abu Hashish B,C1_0.5km,without,True,False,False,full,not recorded,UNKNOWN,UNKNOWN,UNKNOWN,UNKNOWN,UNKNOWN,UNKNOWN,UNKNOWN
S721,'Iraq Abu Hashish B,C1_2km,with,True,False,False,full,not recorded,UNKNOWN,UNKNOWN,UNKNOWN,UNKNOWN,UNKNOWN,UNKNOWN,UNKNOWN
S721,'Iraq Abu Hashish B,C1_2km,without,True,False,False,full,not recorded,UNKNOWN,UNKNOWN,UNKNOWN,UNKNOWN,UNKNOWN,UNKNOWN,UNKNOWN
S721,'Iraq Abu Hashish B,C2_tomb_shafts,with,True,False,False,full,not recorded,UNKNOWN,UNKNOWN,UNKNOWN,UNKNOWN,UNKNOWN,UNKNOWN,UNKNOWN
S721,'Iraq Abu Hashish B,C2_tomb_shafts,without,True,False,False,full,not recorded,UNKNOWN,UNKNOWN,UNKNOWN,UNKNOWN,UNKNOWN,UNKNOWN,UNKNOWN
S721,'Iraq Abu Hashish B,dated_only,with,True,False,False,full,not recorded,UNKNOWN,UNKNOWN,UNKNOWN,UNKNOWN,UNKNOWN,UNKNOWN,UNKNOWN
S721,'Iraq Abu Hashish B,dated_only,without,True,False,False,full,not recorded,UNKNOWN,UNKNOWN,UNKNOWN,UNKNOWN,UNKNOWN,UNKNOWN,UNKNOWN
S737,'Aṣira esh-Shamaliyya,primary,with,True,False,False,full,not recorded,UNKNOWN,UNKNOWN,UNKNOWN,UNKNOWN,UNKNOWN,UNKNOWN,UNKNOWN
S737,'Aṣira esh-Shamaliyya,primary,without,True,False,False,full,not recorded,UNKNOWN,UNKNOWN,UNKNOWN,UNKNOWN,UNKNOWN,UNKNOWN,UNKNOWN
S737,'Aṣira esh-Shamaliyya,C1_0.5km,with,True,False,False,full,not recorded,UNKNOWN,UNKNOWN,UNKNOWN,UNKNOWN,UNKNOWN,UNKNOWN,UNKNOWN
S737,'Aṣira esh-Shamaliyya,C1_0.5km,without,True,False,False,full,not recorded,UNKNOWN,UNKNOWN,UNKNOWN,UNKNOWN,UNKNOWN,UNKNOWN,UNKNOWN
S737,'Aṣira esh-Shamaliyya,C1_2km,with,True,False,False,full,not recorded,UNKNOWN,UNKNOWN,UNKNOWN,UNKNOWN,UNKNOWN,UNKNOWN,UNKNOWN
S737,'Aṣira esh-Shamaliyya,C1_2km,without,True,False,False,full,not recorded,UNKNOWN,UNKNOWN,UNKNOWN,UNKNOWN,UNKNOWN,UNKNOWN,UNKNOWN
S737,'Aṣira esh-Shamaliyya,C2_tomb_shafts,with,True,False,False,full,not recorded,UNKNOWN,UNKNOWN,UNKNOWN,UNKNOWN,UNKNOWN,UNKNOWN,UNKNOWN
S737,'Aṣira esh-Shamaliyya,C2_tomb_shafts,without,True,False,False,full,not recorded,UNKNOWN,UNKNOWN,UNKNOWN,UNKNOWN,UNKNOWN,UNKNOWN,UNKNOWN
S737,'Aṣira esh-Shamaliyya,dated_only,with,True,False,False,full,not recorded,UNKNOWN,UNKNOWN,UNKNOWN,UNKNOWN,UNKNOWN,UNKNOWN,UNKNOWN
S737,'Aṣira esh-Shamaliyya,dated_only,without,True,False,False,full,not recorded,UNKNOWN,UNKNOWN,UNKNOWN,UNKNOWN,UNKNOWN,UNKNOWN,UNKNOWN
S739,Kh. el-Hawa,primary,with,True,False,False,full,not recorded,UNKNOWN,UNKNOWN,UNKNOWN,UNKNOWN,UNKNOWN,UNKNOWN,UNKNOWN
S739,Kh. el-Hawa,primary,without,True,False,False,full,not recorded,UNKNOWN,UNKNOWN,UNKNOWN,UNKNOWN,UNKNOWN,UNKNOWN,UNKNOWN
S739,Kh. el-Hawa,C1_0.5km,with,True,False,False,full,not recorded,UNKNOWN,UNKNOWN,UNKNOWN,UNKNOWN,UNKNOWN,UNKNOWN,UNKNOWN
S739,Kh. el-Hawa,C1_0.5km,without,True,False,False,full,not recorded,UNKNOWN,UNKNOWN,UNKNOWN,UNKNOWN,UNKNOWN,UNKNOWN,UNKNOWN
S739,Kh. el-Hawa,C1_2km,with,True,False,False,full,not recorded,UNKNOWN,UNKNOWN,UNKNOWN,UNKNOWN,UNKNOWN,UNKNOWN,UNKNOWN
S739,Kh. el-Hawa,C1_2km,without,True,False,False,full,not recorded,UNKNOWN,UNKNOWN,UNKNOWN,UNKNOWN,UNKNOWN,UNKNOWN,UNKNOWN
S739,Kh. el-Hawa,C2_tomb_shafts,with,True,False,False,full,not recorded,UNKNOWN,UNKNOWN,UNKNOWN,UNKNOWN,UNKNOWN,UNKNOWN,UNKNOWN
S739,Kh. el-Hawa,C2_tomb_shafts,without,True,False,False,full,not recorded,UNKNOWN,UNKNOWN,UNKNOWN,UNKNOWN,UNKNOWN,UNKNOWN,UNKNOWN
S739,Kh. el-Hawa,dated_only,with,True,False,False,full,not recorded,UNKNOWN,UNKNOWN,UNKNOWN,UNKNOWN,UNKNOWN,UNKNOWN,UNKNOWN
S739,Kh. el-Hawa,dated_only,without,True,False,False,full,not recorded,UNKNOWN,UNKNOWN,UNKNOWN,UNKNOWN,UNKNOWN,UNKNOWN,UNKNOWN
S743,Kh. Mufiyye,primary,with,True,False,False,full,to Stage 2,UNKNOWN,UNKNOWN,UNKNOWN,UNKNOWN,UNKNOWN,UNKNOWN,UNKNOWN
S743,Kh. Mufiyye,primary,without,True,False,False,full,to Stage 2,UNKNOWN,UNKNOWN,UNKNOWN,UNKNOWN,UNKNOWN,UNKNOWN,UNKNOWN
S743,Kh. Mufiyye,C1_0.5km,with,True,False,False,full,to Stage 2,UNKNOWN,UNKNOWN,UNKNOWN,UNKNOWN,UNKNOWN,UNKNOWN,UNKNOWN
S743,Kh. Mufiyye,C1_0.5km,without,True,False,False,full,to Stage 2,UNKNOWN,UNKNOWN,UNKNOWN,UNKNOWN,UNKNOWN,UNKNOWN,UNKNOWN
S743,Kh. Mufiyye,C1_2km,with,True,False,False,full,to Stage 2,UNKNOWN,UNKNOWN,UNKNOWN,UNKNOWN,UNKNOWN,UNKNOWN,UNKNOWN
S743,Kh. Mufiyye,C1_2km,without,True,False,False,full,to Stage 2,UNKNOWN,UNKNOWN,UNKNOWN,UNKNOWN,UNKNOWN,UNKNOWN,UNKNOWN
S743,Kh. Mufiyye,C2_tomb_shafts,with,True,False,False,full,to Stage 2,UNKNOWN,UNKNOWN,UNKNOWN,UNKNOWN,UNKNOWN,UNKNOWN,UNKNOWN
S743,Kh. Mufiyye,C2_tomb_shafts,without,True,False,False,full,to Stage 2,UNKNOWN,UNKNOWN,UNKNOWN,UNKNOWN,UNKNOWN,UNKNOWN,UNKNOWN
S743,Kh. Mufiyye,dated_only,with,True,False,False,full,to Stage 2,UNKNOWN,UNKNOWN,UNKNOWN,UNKNOWN,UNKNOWN,UNKNOWN,UNKNOWN
S743,Kh. Mufiyye,dated_only,without,True,False,False,full,to Stage 2,UNKNOWN,UNKNOWN,UNKNOWN,UNKNOWN,UNKNOWN,UNKNOWN,UNKNOWN
S752,Kh. Umm Qasim,primary,with,True,False,False,full,not recorded,UNKNOWN,UNKNOWN,UNKNOWN,UNKNOWN,UNKNOWN,UNKNOWN,UNKNOWN
S752,Kh. Umm Qasim,primary,without,True,False,False,full,not recorded,UNKNOWN,UNKNOWN,UNKNOWN,UNKNOWN,UNKNOWN,UNKNOWN,UNKNOWN
S752,Kh. Umm Qasim,C1_0.5km,with,True,False,False,full,not recorded,UNKNOWN,UNKNOWN,UNKNOWN,UNKNOWN,UNKNOWN,UNKNOWN,UNKNOWN
S752,Kh. Umm Qasim,C1_0.5km,without,True,False,False,full,not recorded,UNKNOWN,UNKNOWN,UNKNOWN,UNKNOWN,UNKNOWN,UNKNOWN,UNKNOWN
S752,Kh. Umm Qasim,C1_2km,with,True,False,False,full,not recorded,UNKNOWN,UNKNOWN,UNKNOWN,UNKNOWN,UNKNOWN,UNKNOWN,UNKNOWN
S752,Kh. Umm Qasim,C1_2km,without,True,False,False,full,not recorded,UNKNOWN,UNKNOWN,UNKNOWN,UNKNOWN,UNKNOWN,UNKNOWN,UNKNOWN
S752,Kh. Umm Qasim,C2_tomb_shafts,with,True,False,False,full,not recorded,UNKNOWN,UNKNOWN,UNKNOWN,UNKNOWN,UNKNOWN,UNKNOWN,UNKNOWN
S752,Kh. Umm Qasim,C2_tomb_shafts,without,True,False,False,full,not recorded,UNKNOWN,UNKNOWN,UNKNOWN,UNKNOWN,UNKNOWN,UNKNOWN,UNKNOWN
S752,Kh. Umm Qasim,dated_only,with,True,False,False,full,not recorded,UNKNOWN,UNKNOWN,UNKNOWN,UNKNOWN,UNKNOWN,UNKNOWN,UNKNOWN
S752,Kh. Umm Qasim,dated_only,without,True,False,False,full,not recorded,UNKNOWN,UNKNOWN,UNKNOWN,UNKNOWN,UNKNOWN,UNKNOWN,UNKNOWN
S755,Kh. Beit Farr A,primary,with,True,False,False,full,not recorded,UNKNOWN,UNKNOWN,UNKNOWN,UNKNOWN,UNKNOWN,UNKNOWN,UNKNOWN
S755,Kh. Beit Farr A,primary,without,True,False,False,full,not recorded,UNKNOWN,UNKNOWN,UNKNOWN,UNKNOWN,UNKNOWN,UNKNOWN,UNKNOWN
S755,Kh. Beit Farr A,C1_0.5km,with,True,False,False,full,not recorded,UNKNOWN,UNKNOWN,UNKNOWN,UNKNOWN,UNKNOWN,UNKNOWN,UNKNOWN
S755,Kh. Beit Farr A,C1_0.5km,without,True,False,False,full,not recorded,UNKNOWN,UNKNOWN,UNKNOWN,UNKNOWN,UNKNOWN,UNKNOWN,UNKNOWN
S755,Kh. Beit Farr A,C1_2km,with,True,False,False,full,not recorded,UNKNOWN,UNKNOWN,UNKNOWN,UNKNOWN,UNKNOWN,UNKNOWN,UNKNOWN
S755,Kh. Beit Farr A,C1_2km,without,True,False,False,full,not recorded,UNKNOWN,UNKNOWN,UNKNOWN,UNKNOWN,UNKNOWN,UNKNOWN,UNKNOWN
S755,Kh. Beit Farr A,C2_tomb_shafts,with,True,False,False,full,not recorded,UNKNOWN,UNKNOWN,UNKNOWN,UNKNOWN,UNKNOWN,UNKNOWN,UNKNOWN
S755,Kh. Beit Farr A,C2_tomb_shafts,without,True,False,False,full,not recorded,UNKNOWN,UNKNOWN,UNKNOWN,UNKNOWN,UNKNOWN,UNKNOWN,UNKNOWN
S755,Kh. Beit Farr A,dated_only,with,True,False,False,full,not recorded,UNKNOWN,UNKNOWN,UNKNOWN,UNKNOWN,UNKNOWN,UNKNOWN,UNKNOWN
S755,Kh. Beit Farr A,dated_only,without,True,False,False,full,not recorded,UNKNOWN,UNKNOWN,UNKNOWN,UNKNOWN,UNKNOWN,UNKNOWN,UNKNOWN
S762,Kh. Beit Farr B,primary,with,True,False,False,full,not recorded,UNKNOWN,UNKNOWN,UNKNOWN,UNKNOWN,UNKNOWN,UNKNOWN,UNKNOWN
S762,Kh. Beit Farr B,primary,without,True,False,False,full,not recorded,UNKNOWN,UNKNOWN,UNKNOWN,UNKNOWN,UNKNOWN,UNKNOWN,UNKNOWN
S762,Kh. Beit Farr B,C1_0.5km,with,True,False,False,full,not recorded,UNKNOWN,UNKNOWN,UNKNOWN,UNKNOWN,UNKNOWN,UNKNOWN,UNKNOWN
S762,Kh. Beit Farr B,C1_0.5km,without,True,False,False,full,not recorded,UNKNOWN,UNKNOWN,UNKNOWN,UNKNOWN,UNKNOWN,UNKNOWN,UNKNOWN
S762,Kh. Beit Farr B,C1_2km,with,True,False,False,full,not recorded,UNKNOWN,UNKNOWN,UNKNOWN,UNKNOWN,UNKNOWN,UNKNOWN,UNKNOWN
S762,Kh. Beit Farr B,C1_2km,without,True,False,False,full,not recorded,UNKNOWN,UNKNOWN,UNKNOWN,UNKNOWN,UNKNOWN,UNKNOWN,UNKNOWN
S762,Kh. Beit Farr B,C2_tomb_shafts,with,True,False,False,full,not recorded,UNKNOWN,UNKNOWN,UNKNOWN,UNKNOWN,UNKNOWN,UNKNOWN,UNKNOWN
S762,Kh. Beit Farr B,C2_tomb_shafts,without,True,False,False,full,not recorded,UNKNOWN,UNKNOWN,UNKNOWN,UNKNOWN,UNKNOWN,UNKNOWN,UNKNOWN
S762,Kh. Beit Farr B,dated_only,with,True,False,False,full,not recorded,UNKNOWN,UNKNOWN,UNKNOWN,UNKNOWN,UNKNOWN,UNKNOWN,UNKNOWN
S762,Kh. Beit Farr B,dated_only,without,True,False,False,full,not recorded,UNKNOWN,UNKNOWN,UNKNOWN,UNKNOWN,UNKNOWN,UNKNOWN,UNKNOWN
S774,T. Miske,primary,with,True,False,True,full,not recorded,UNKNOWN,UNKNOWN,UNKNOWN,UNKNOWN,UNKNOWN,UNKNOWN,UNKNOWN
S774,T. Miske,primary,without,True,False,True,full,not recorded,UNKNOWN,UNKNOWN,UNKNOWN,UNKNOWN,UNKNOWN,UNKNOWN,UNKNOWN
S774,T. Miske,C1_0.5km,with,True,False,True,full,not recorded,UNKNOWN,UNKNOWN,UNKNOWN,UNKNOWN,UNKNOWN,UNKNOWN,UNKNOWN
S774,T. Miske,C1_0.5km,without,True,False,True,full,not recorded,UNKNOWN,UNKNOWN,UNKNOWN,UNKNOWN,UNKNOWN,UNKNOWN,UNKNOWN
S774,T. Miske,C1_2km,with,True,False,True,full,not recorded,UNKNOWN,UNKNOWN,UNKNOWN,UNKNOWN,UNKNOWN,UNKNOWN,UNKNOWN
S774,T. Miske,C1_2km,without,True,False,True,full,not recorded,UNKNOWN,UNKNOWN,UNKNOWN,UNKNOWN,UNKNOWN,UNKNOWN,UNKNOWN
S774,T. Miske,C2_tomb_shafts,with,True,False,True,full,not recorded,UNKNOWN,UNKNOWN,UNKNOWN,UNKNOWN,UNKNOWN,UNKNOWN,UNKNOWN
S774,T. Miske,C2_tomb_shafts,without,True,False,True,full,not recorded,UNKNOWN,UNKNOWN,UNKNOWN,UNKNOWN,UNKNOWN,UNKNOWN,UNKNOWN
S774,T. Miske,dated_only,with,True,False,True,full,not recorded,UNKNOWN,UNKNOWN,UNKNOWN,UNKNOWN,UNKNOWN,UNKNOWN,UNKNOWN
S774,T. Miske,dated_only,without,True,False,True,full,not recorded,UNKNOWN,UNKNOWN,UNKNOWN,UNKNOWN,UNKNOWN,UNKNOWN,UNKNOWN
S778,Kh. el-Kuz A,primary,with,True,False,True,full,to Stage 2,UNKNOWN,UNKNOWN,UNKNOWN,UNKNOWN,UNKNOWN,UNKNOWN,UNKNOWN
S778,Kh. el-Kuz A,primary,without,True,False,True,full,to Stage 2,UNKNOWN,UNKNOWN,UNKNOWN,UNKNOWN,UNKNOWN,UNKNOWN,UNKNOWN
S778,Kh. el-Kuz A,C1_0.5km,with,True,False,True,full,to Stage 2,UNKNOWN,UNKNOWN,UNKNOWN,UNKNOWN,UNKNOWN,UNKNOWN,UNKNOWN
S778,Kh. el-Kuz A,C1_0.5km,without,True,False,True,full,to Stage 2,UNKNOWN,UNKNOWN,UNKNOWN,UNKNOWN,UNKNOWN,UNKNOWN,UNKNOWN
S778,Kh. el-Kuz A,C1_2km,with,True,False,True,full,to Stage 2,UNKNOWN,UNKNOWN,UNKNOWN,UNKNOWN,UNKNOWN,UNKNOWN,UNKNOWN
S778,Kh. el-Kuz A,C1_2km,without,True,False,True,full,to Stage 2,UNKNOWN,UNKNOWN,UNKNOWN,UNKNOWN,UNKNOWN,UNKNOWN,UNKNOWN
S778,Kh. el-Kuz A,C2_tomb_shafts,with,True,False,True,full,to Stage 2,UNKNOWN,UNKNOWN,UNKNOWN,UNKNOWN,UNKNOWN,UNKNOWN,UNKNOWN
S778,Kh. el-Kuz A,C2_tomb_shafts,without,True,False,True,full,to Stage 2,UNKNOWN,UNKNOWN,UNKNOWN,UNKNOWN,UNKNOWN,UNKNOWN,UNKNOWN
S778,Kh. el-Kuz A,dated_only,with,True,False,True,full,to Stage 2,UNKNOWN,UNKNOWN,UNKNOWN,UNKNOWN,UNKNOWN,UNKNOWN,UNKNOWN
S778,Kh. el-Kuz A,dated_only,without,True,False,True,full,to Stage 2,UNKNOWN,UNKNOWN,UNKNOWN,UNKNOWN,UNKNOWN,UNKNOWN,UNKNOWN
S779,Tel el-Hadad,primary,with,True,False,False,full,to Stage 2,UNKNOWN,UNKNOWN,MATCH,UNKNOWN,UNKNOWN,UNKNOWN,UNKNOWN
S779,Tel el-Hadad,primary,without,True,False,False,full,to Stage 2,UNKNOWN,UNKNOWN,MATCH,UNKNOWN,UNKNOWN,UNKNOWN,UNKNOWN
S779,Tel el-Hadad,C1_0.5km,with,True,False,False,full,to Stage 2,UNKNOWN,UNKNOWN,MATCH,UNKNOWN,UNKNOWN,UNKNOWN,UNKNOWN
S779,Tel el-Hadad,C1_0.5km,without,True,False,False,full,to Stage 2,UNKNOWN,UNKNOWN,MATCH,UNKNOWN,UNKNOWN,UNKNOWN,UNKNOWN
S779,Tel el-Hadad,C1_2km,with,True,False,False,full,to Stage 2,UNKNOWN,UNKNOWN,MATCH,UNKNOWN,UNKNOWN,UNKNOWN,UNKNOWN
S779,Tel el-Hadad,C1_2km,without,True,False,False,full,to Stage 2,UNKNOWN,UNKNOWN,MATCH,UNKNOWN,UNKNOWN,UNKNOWN,UNKNOWN
S779,Tel el-Hadad,C2_tomb_shafts,with,True,False,False,full,to Stage 2,UNKNOWN,MATCH,MATCH,UNKNOWN,UNKNOWN,UNKNOWN,UNKNOWN
S779,Tel el-Hadad,C2_tomb_shafts,without,True,False,False,full,to Stage 2,UNKNOWN,MATCH,MATCH,UNKNOWN,UNKNOWN,UNKNOWN,UNKNOWN
S779,Tel el-Hadad,dated_only,with,True,False,False,full,to Stage 2,UNKNOWN,UNKNOWN,MATCH,UNKNOWN,UNKNOWN,UNKNOWN,UNKNOWN
S779,Tel el-Hadad,dated_only,without,True,False,False,full,to Stage 2,UNKNOWN,UNKNOWN,MATCH,UNKNOWN,UNKNOWN,UNKNOWN,UNKNOWN
S790,Bab en-Naqb,primary,with,True,False,False,full,to Stage 2,UNKNOWN,UNKNOWN,MATCH,UNKNOWN,UNKNOWN,UNKNOWN,UNKNOWN
S790,Bab en-Naqb,primary,without,True,False,False,full,to Stage 2,UNKNOWN,UNKNOWN,MATCH,UNKNOWN,UNKNOWN,UNKNOWN,UNKNOWN
S790,Bab en-Naqb,C1_0.5km,with,True,False,False,full,to Stage 2,UNKNOWN,UNKNOWN,MATCH,UNKNOWN,UNKNOWN,UNKNOWN,UNKNOWN
S790,Bab en-Naqb,C1_0.5km,without,True,False,False,full,to Stage 2,UNKNOWN,UNKNOWN,MATCH,UNKNOWN,UNKNOWN,UNKNOWN,UNKNOWN
S790,Bab en-Naqb,C1_2km,with,True,False,False,full,to Stage 2,UNKNOWN,UNKNOWN,MATCH,UNKNOWN,UNKNOWN,UNKNOWN,UNKNOWN
S790,Bab en-Naqb,C1_2km,without,True,False,False,full,to Stage 2,UNKNOWN,UNKNOWN,MATCH,UNKNOWN,UNKNOWN,UNKNOWN,UNKNOWN
S790,Bab en-Naqb,C2_tomb_shafts,with,True,False,False,full,to Stage 2,UNKNOWN,MATCH,MATCH,UNKNOWN,UNKNOWN,UNKNOWN,UNKNOWN
S790,Bab en-Naqb,C2_tomb_shafts,without,True,False,False,full,to Stage 2,UNKNOWN,MATCH,MATCH,UNKNOWN,UNKNOWN,UNKNOWN,UNKNOWN
S790,Bab en-Naqb,dated_only,with,True,False,False,full,to Stage 2,UNKNOWN,UNKNOWN,MATCH,UNKNOWN,UNKNOWN,UNKNOWN,UNKNOWN
S790,Bab en-Naqb,dated_only,without,True,False,False,full,to Stage 2,UNKNOWN,UNKNOWN,MATCH,UNKNOWN,UNKNOWN,UNKNOWN,UNKNOWN
S791,'Ein Shibli',primary,with,True,False,False,full,to Stage 2,UNKNOWN,UNKNOWN,MATCH,UNKNOWN,UNKNOWN,UNKNOWN,UNKNOWN
S791,'Ein Shibli',primary,without,True,False,False,full,to Stage 2,UNKNOWN,UNKNOWN,MATCH,UNKNOWN,UNKNOWN,UNKNOWN,UNKNOWN
S791,'Ein Shibli',C1_0.5km,with,True,False,False,full,to Stage 2,UNKNOWN,UNKNOWN,MATCH,UNKNOWN,UNKNOWN,UNKNOWN,UNKNOWN
S791,'Ein Shibli',C1_0.5km,without,True,False,False,full,to Stage 2,UNKNOWN,UNKNOWN,MATCH,UNKNOWN,UNKNOWN,UNKNOWN,UNKNOWN
S791,'Ein Shibli',C1_2km,with,True,False,False,full,to Stage 2,UNKNOWN,UNKNOWN,MATCH,UNKNOWN,UNKNOWN,UNKNOWN,UNKNOWN
S791,'Ein Shibli',C1_2km,without,True,False,False,full,to Stage 2,UNKNOWN,UNKNOWN,MATCH,UNKNOWN,UNKNOWN,UNKNOWN,UNKNOWN
S791,'Ein Shibli',C2_tomb_shafts,with,True,False,False,full,to Stage 2,UNKNOWN,MATCH,MATCH,UNKNOWN,UNKNOWN,UNKNOWN,UNKNOWN
S791,'Ein Shibli',C2_tomb_shafts,without,True,False,False,full,to Stage 2,UNKNOWN,MATCH,MATCH,UNKNOWN,UNKNOWN,UNKNOWN,UNKNOWN
S791,'Ein Shibli',dated_only,with,True,False,False,full,to Stage 2,UNKNOWN,UNKNOWN,MATCH,UNKNOWN,UNKNOWN,UNKNOWN,UNKNOWN
S791,'Ein Shibli',dated_only,without,True,False,False,full,to Stage 2,UNKNOWN,UNKNOWN,MATCH,UNKNOWN,UNKNOWN,UNKNOWN,UNKNOWN
S804,Kh. Tell el-Fukhar,primary,with,True,False,False,full,not recorded,UNKNOWN,UNKNOWN,UNKNOWN,UNKNOWN,UNKNOWN,UNKNOWN,UNKNOWN
S804,Kh. Tell el-Fukhar,primary,without,True,False,False,full,not recorded,UNKNOWN,UNKNOWN,UNKNOWN,UNKNOWN,UNKNOWN,UNKNOWN,UNKNOWN
S804,Kh. Tell el-Fukhar,C1_0.5km,with,True,False,False,full,not recorded,UNKNOWN,UNKNOWN,UNKNOWN,UNKNOWN,UNKNOWN,UNKNOWN,UNKNOWN
S804,Kh. Tell el-Fukhar,C1_0.5km,without,True,False,False,full,not recorded,UNKNOWN,UNKNOWN,UNKNOWN,UNKNOWN,UNKNOWN,UNKNOWN,UNKNOWN
S804,Kh. Tell el-Fukhar,C1_2km,with,True,False,False,full,not recorded,UNKNOWN,UNKNOWN,UNKNOWN,UNKNOWN,UNKNOWN,UNKNOWN,UNKNOWN
S804,Kh. Tell el-Fukhar,C1_2km,without,True,False,False,full,not recorded,UNKNOWN,UNKNOWN,UNKNOWN,UNKNOWN,UNKNOWN,UNKNOWN,UNKNOWN
S804,Kh. Tell el-Fukhar,C2_tomb_shafts,with,True,False,False,full,not recorded,UNKNOWN,UNKNOWN,UNKNOWN,UNKNOWN,UNKNOWN,UNKNOWN,UNKNOWN
S804,Kh. Tell el-Fukhar,C2_tomb_shafts,without,True,False,False,full,not recorded,UNKNOWN,UNKNOWN,UNKNOWN,UNKNOWN,UNKNOWN,UNKNOWN,UNKNOWN
S804,Kh. Tell el-Fukhar,dated_only,with,True,False,False,full,not recorded,UNKNOWN,UNKNOWN,UNKNOWN,UNKNOWN,UNKNOWN,UNKNOWN,UNKNOWN
S804,Kh. Tell el-Fukhar,dated_only,without,True,False,False,full,not recorded,UNKNOWN,UNKNOWN,UNKNOWN,UNKNOWN,UNKNOWN,UNKNOWN,UNKNOWN
S806,Kh. el-Kenisseh,primary,with,True,False,False,full,to Stage 2,UNKNOWN,UNKNOWN,UNKNOWN,UNKNOWN,UNKNOWN,UNKNOWN,UNKNOWN
S806,Kh. el-Kenisseh,primary,without,True,False,False,full,to Stage 2,UNKNOWN,UNKNOWN,UNKNOWN,UNKNOWN,UNKNOWN,UNKNOWN,UNKNOWN
S806,Kh. el-Kenisseh,C1_0.5km,with,True,False,False,full,to Stage 2,UNKNOWN,UNKNOWN,UNKNOWN,UNKNOWN,UNKNOWN,UNKNOWN,UNKNOWN
S806,Kh. el-Kenisseh,C1_0.5km,without,True,False,False,full,to Stage 2,UNKNOWN,UNKNOWN,UNKNOWN,UNKNOWN,UNKNOWN,UNKNOWN,UNKNOWN
S806,Kh. el-Kenisseh,C1_2km,with,True,False,False,full,to Stage 2,UNKNOWN,UNKNOWN,UNKNOWN,UNKNOWN,UNKNOWN,UNKNOWN,UNKNOWN
S806,Kh. el-Kenisseh,C1_2km,without,True,False,False,full,to Stage 2,UNKNOWN,UNKNOWN,UNKNOWN,UNKNOWN,UNKNOWN,UNKNOWN,UNKNOWN
S806,Kh. el-Kenisseh,C2_tomb_shafts,with,True,False,False,full,to Stage 2,UNKNOWN,UNKNOWN,UNKNOWN,UNKNOWN,UNKNOWN,UNKNOWN,UNKNOWN
S806,Kh. el-Kenisseh,C2_tomb_shafts,without,True,False,False,full,to Stage 2,UNKNOWN,UNKNOWN,UNKNOWN,UNKNOWN,UNKNOWN,UNKNOWN,UNKNOWN
S806,Kh. el-Kenisseh,dated_only,with,True,False,False,full,to Stage 2,UNKNOWN,UNKNOWN,UNKNOWN,UNKNOWN,UNKNOWN,UNKNOWN,UNKNOWN
S806,Kh. el-Kenisseh,dated_only,without,True,False,False,full,to Stage 2,UNKNOWN,UNKNOWN,UNKNOWN,UNKNOWN,UNKNOWN,UNKNOWN,UNKNOWN
S810,Kh. Wadi el-Gharur A,primary,with,True,False,False,full,not recorded,UNKNOWN,UNKNOWN,UNKNOWN,UNKNOWN,UNKNOWN,UNKNOWN,UNKNOWN
S810,Kh. Wadi el-Gharur A,primary,without,True,False,False,full,not recorded,UNKNOWN,UNKNOWN,UNKNOWN,UNKNOWN,UNKNOWN,UNKNOWN,UNKNOWN
S810,Kh. Wadi el-Gharur A,C1_0.5km,with,True,False,False,full,not recorded,UNKNOWN,UNKNOWN,UNKNOWN,UNKNOWN,UNKNOWN,UNKNOWN,UNKNOWN
S810,Kh. Wadi el-Gharur A,C1_0.5km,without,True,False,False,full,not recorded,UNKNOWN,UNKNOWN,UNKNOWN,UNKNOWN,UNKNOWN,UNKNOWN,UNKNOWN
S810,Kh. Wadi el-Gharur A,C1_2km,with,True,False,False,full,not recorded,UNKNOWN,UNKNOWN,UNKNOWN,UNKNOWN,UNKNOWN,UNKNOWN,UNKNOWN
S810,Kh. Wadi el-Gharur A,C1_2km,without,True,False,False,full,not recorded,UNKNOWN,UNKNOWN,UNKNOWN,UNKNOWN,UNKNOWN,UNKNOWN,UNKNOWN
S810,Kh. Wadi el-Gharur A,C2_tomb_shafts,with,True,False,False,full,not recorded,UNKNOWN,UNKNOWN,UNKNOWN,UNKNOWN,UNKNOWN,UNKNOWN,UNKNOWN
S810,Kh. Wadi el-Gharur A,C2_tomb_shafts,without,True,False,False,full,not recorded,UNKNOWN,UNKNOWN,UNKNOWN,UNKNOWN,UNKNOWN,UNKNOWN,UNKNOWN
S810,Kh. Wadi el-Gharur A,dated_only,with,True,False,False,full,not recorded,UNKNOWN,UNKNOWN,UNKNOWN,UNKNOWN,UNKNOWN,UNKNOWN,UNKNOWN
S810,Kh. Wadi el-Gharur A,dated_only,without,True,False,False,full,not recorded,UNKNOWN,UNKNOWN,UNKNOWN,UNKNOWN,UNKNOWN,UNKNOWN,UNKNOWN
S819,Ḥabis 'Id,primary,with,True,False,False,full,not recorded,UNKNOWN,UNKNOWN,UNKNOWN,UNKNOWN,UNKNOWN,UNKNOWN,UNKNOWN
S819,Ḥabis 'Id,primary,without,True,False,False,full,not recorded,UNKNOWN,UNKNOWN,UNKNOWN,UNKNOWN,UNKNOWN,UNKNOWN,UNKNOWN
S819,Ḥabis 'Id,C1_0.5km,with,True,False,False,full,not recorded,UNKNOWN,UNKNOWN,UNKNOWN,UNKNOWN,UNKNOWN,UNKNOWN,UNKNOWN
S819,Ḥabis 'Id,C1_0.5km,without,True,False,False,full,not recorded,UNKNOWN,UNKNOWN,UNKNOWN,UNKNOWN,UNKNOWN,UNKNOWN,UNKNOWN
S819,Ḥabis 'Id,C1_2km,with,True,False,False,full,not recorded,UNKNOWN,UNKNOWN,UNKNOWN,UNKNOWN,UNKNOWN,UNKNOWN,UNKNOWN
S819,Ḥabis 'Id,C1_2km,without,True,False,False,full,not recorded,UNKNOWN,UNKNOWN,UNKNOWN,UNKNOWN,UNKNOWN,UNKNOWN,UNKNOWN
S819,Ḥabis 'Id,C2_tomb_shafts,with,True,False,False,full,not recorded,UNKNOWN,UNKNOWN,UNKNOWN,UNKNOWN,UNKNOWN,UNKNOWN,UNKNOWN
S819,Ḥabis 'Id,C2_tomb_shafts,without,True,False,False,full,not recorded,UNKNOWN,UNKNOWN,UNKNOWN,UNKNOWN,UNKNOWN,UNKNOWN,UNKNOWN
S819,Ḥabis 'Id,dated_only,with,True,False,False,full,not recorded,UNKNOWN,UNKNOWN,UNKNOWN,UNKNOWN,UNKNOWN,UNKNOWN,UNKNOWN
S819,Ḥabis 'Id,dated_only,without,True,False,False,full,not recorded,UNKNOWN,UNKNOWN,UNKNOWN,UNKNOWN,UNKNOWN,UNKNOWN,UNKNOWN
S822,Kh. Ḥumṣa,primary,with,True,False,False,full,not recorded,UNKNOWN,UNKNOWN,UNKNOWN,UNKNOWN,UNKNOWN,UNKNOWN,UNKNOWN
S822,Kh. Ḥumṣa,primary,without,True,False,False,full,not recorded,UNKNOWN,UNKNOWN,UNKNOWN,UNKNOWN,UNKNOWN,UNKNOWN,UNKNOWN
S822,Kh. Ḥumṣa,C1_0.5km,with,True,False,False,full,not recorded,UNKNOWN,UNKNOWN,UNKNOWN,UNKNOWN,UNKNOWN,UNKNOWN,UNKNOWN
S822,Kh. Ḥumṣa,C1_0.5km,without,True,False,False,full,not recorded,UNKNOWN,UNKNOWN,UNKNOWN,UNKNOWN,UNKNOWN,UNKNOWN,UNKNOWN
S822,Kh. Ḥumṣa,C1_2km,with,True,False,False,full,not recorded,UNKNOWN,UNKNOWN,UNKNOWN,UNKNOWN,UNKNOWN,UNKNOWN,UNKNOWN
S822,Kh. Ḥumṣa,C1_2km,without,True,False,False,full,not recorded,UNKNOWN,UNKNOWN,UNKNOWN,UNKNOWN,UNKNOWN,UNKNOWN,UNKNOWN
S822,Kh. Ḥumṣa,C2_tomb_shafts,with,True,False,False,full,not recorded,UNKNOWN,UNKNOWN,UNKNOWN,UNKNOWN,UNKNOWN,UNKNOWN,UNKNOWN
S822,Kh. Ḥumṣa,C2_tomb_shafts,without,True,False,False,full,not recorded,UNKNOWN,UNKNOWN,UNKNOWN,UNKNOWN,UNKNOWN,UNKNOWN,UNKNOWN
S822,Kh. Ḥumṣa,dated_only,with,True,False,False,full,not recorded,UNKNOWN,UNKNOWN,UNKNOWN,UNKNOWN,UNKNOWN,UNKNOWN,UNKNOWN
S822,Kh. Ḥumṣa,dated_only,without,True,False,False,full,not recorded,UNKNOWN,UNKNOWN,UNKNOWN,UNKNOWN,UNKNOWN,UNKNOWN,UNKNOWN
S825,'Askar,primary,with,True,False,True,partial,to Stage 2,UNKNOWN,UNKNOWN,UNKNOWN,UNKNOWN,UNKNOWN,UNKNOWN,UNKNOWN
S825,'Askar,primary,without,True,False,True,partial,to Stage 2,UNKNOWN,UNKNOWN,UNKNOWN,UNKNOWN,UNKNOWN,UNKNOWN,UNKNOWN
S825,'Askar,C1_0.5km,with,True,False,True,partial,to Stage 2,UNKNOWN,UNKNOWN,UNKNOWN,UNKNOWN,UNKNOWN,UNKNOWN,UNKNOWN
S825,'Askar,C1_0.5km,without,True,False,True,partial,to Stage 2,UNKNOWN,UNKNOWN,UNKNOWN,UNKNOWN,UNKNOWN,UNKNOWN,UNKNOWN
S825,'Askar,C1_2km,with,True,False,True,partial,to Stage 2,UNKNOWN,UNKNOWN,UNKNOWN,UNKNOWN,UNKNOWN,UNKNOWN,UNKNOWN
S825,'Askar,C1_2km,without,True,False,True,partial,to Stage 2,UNKNOWN,UNKNOWN,UNKNOWN,UNKNOWN,UNKNOWN,UNKNOWN,UNKNOWN
S825,'Askar,C2_tomb_shafts,with,True,False,True,partial,to Stage 2,UNKNOWN,UNKNOWN,UNKNOWN,UNKNOWN,UNKNOWN,UNKNOWN,UNKNOWN
S825,'Askar,C2_tomb_shafts,without,True,False,True,partial,to Stage 2,UNKNOWN,UNKNOWN,UNKNOWN,UNKNOWN,UNKNOWN,UNKNOWN,UNKNOWN
S825,'Askar,dated_only,with,True,False,True,partial,to Stage 2,UNKNOWN,UNKNOWN,UNKNOWN,UNKNOWN,UNKNOWN,UNKNOWN,UNKNOWN
S825,'Askar,dated_only,without,True,False,True,partial,to Stage 2,UNKNOWN,UNKNOWN,UNKNOWN,UNKNOWN,UNKNOWN,UNKNOWN,UNKNOWN
S826,Nablus,primary,with,True,False,True,partial,not recorded,UNKNOWN,UNKNOWN,UNKNOWN,UNKNOWN,UNKNOWN,UNKNOWN,UNKNOWN
S826,Nablus,primary,without,True,False,True,partial,not recorded,UNKNOWN,UNKNOWN,UNKNOWN,UNKNOWN,UNKNOWN,UNKNOWN,UNKNOWN
S826,Nablus,C1_0.5km,with,True,False,True,partial,not recorded,UNKNOWN,UNKNOWN,UNKNOWN,UNKNOWN,UNKNOWN,UNKNOWN,UNKNOWN
S826,Nablus,C1_0.5km,without,True,False,True,partial,not recorded,UNKNOWN,UNKNOWN,UNKNOWN,UNKNOWN,UNKNOWN,UNKNOWN,UNKNOWN
S826,Nablus,C1_2km,with,True,False,True,partial,not recorded,UNKNOWN,UNKNOWN,UNKNOWN,UNKNOWN,UNKNOWN,UNKNOWN,UNKNOWN
S826,Nablus,C1_2km,without,True,False,True,partial,not recorded,UNKNOWN,UNKNOWN,UNKNOWN,UNKNOWN,UNKNOWN,UNKNOWN,UNKNOWN
S826,Nablus,C2_tomb_shafts,with,True,False,True,partial,not recorded,UNKNOWN,UNKNOWN,UNKNOWN,UNKNOWN,UNKNOWN,UNKNOWN,UNKNOWN
S826,Nablus,C2_tomb_shafts,without,True,False,True,partial,not recorded,UNKNOWN,UNKNOWN,UNKNOWN,UNKNOWN,UNKNOWN,UNKNOWN,UNKNOWN
S826,Nablus,dated_only,with,True,False,True,partial,not recorded,UNKNOWN,UNKNOWN,UNKNOWN,UNKNOWN,UNKNOWN,UNKNOWN,UNKNOWN
S826,Nablus,dated_only,without,True,False,True,partial,not recorded,UNKNOWN,UNKNOWN,UNKNOWN,UNKNOWN,UNKNOWN,UNKNOWN,UNKNOWN
E96,Balata - Ancient Shechem,primary,with,True,False,True,none,to Stage 2,UNKNOWN,UNKNOWN,MATCH,UNKNOWN,UNKNOWN,UNKNOWN,UNKNOWN
E96,Balata - Ancient Shechem,primary,without,True,False,True,none,to Stage 2,UNKNOWN,UNKNOWN,MATCH,UNKNOWN,UNKNOWN,UNKNOWN,UNKNOWN
E96,Balata - Ancient Shechem,C1_0.5km,with,True,False,True,none,to Stage 2,UNKNOWN,UNKNOWN,MATCH,UNKNOWN,UNKNOWN,UNKNOWN,UNKNOWN
E96,Balata - Ancient Shechem,C1_0.5km,without,True,False,True,none,to Stage 2,UNKNOWN,UNKNOWN,MATCH,UNKNOWN,UNKNOWN,UNKNOWN,UNKNOWN
E96,Balata - Ancient Shechem,C1_2km,with,True,False,True,none,to Stage 2,UNKNOWN,UNKNOWN,MATCH,UNKNOWN,UNKNOWN,UNKNOWN,UNKNOWN
E96,Balata - Ancient Shechem,C1_2km,without,True,False,True,none,to Stage 2,UNKNOWN,UNKNOWN,MATCH,UNKNOWN,UNKNOWN,UNKNOWN,UNKNOWN
E96,Balata - Ancient Shechem,C2_tomb_shafts,with,True,False,True,none,to Stage 2,UNKNOWN,MATCH,MATCH,UNKNOWN,UNKNOWN,UNKNOWN,UNKNOWN
E96,Balata - Ancient Shechem,C2_tomb_shafts,without,True,False,True,none,to Stage 2,UNKNOWN,MATCH,MATCH,UNKNOWN,UNKNOWN,UNKNOWN,UNKNOWN
E96,Balata - Ancient Shechem,dated_only,with,True,False,True,none,to Stage 2,UNKNOWN,UNKNOWN,MATCH,UNKNOWN,UNKNOWN,UNKNOWN,UNKNOWN
E96,Balata - Ancient Shechem,dated_only,without,True,False,True,none,to Stage 2,UNKNOWN,UNKNOWN,MATCH,UNKNOWN,UNKNOWN,UNKNOWN,UNKNOWN
S836,Kh. el-Ghirur,primary,with,True,False,True,full,to Stage 2,UNKNOWN,UNKNOWN,UNKNOWN,UNKNOWN,UNKNOWN,UNKNOWN,UNKNOWN
S836,Kh. el-Ghirur,primary,without,True,False,True,full,to Stage 2,UNKNOWN,UNKNOWN,UNKNOWN,UNKNOWN,UNKNOWN,UNKNOWN,UNKNOWN
S836,Kh. el-Ghirur,C1_0.5km,with,True,False,True,full,to Stage 2,UNKNOWN,UNKNOWN,UNKNOWN,UNKNOWN,UNKNOWN,UNKNOWN,UNKNOWN
S836,Kh. el-Ghirur,C1_0.5km,without,True,False,True,full,to Stage 2,UNKNOWN,UNKNOWN,UNKNOWN,UNKNOWN,UNKNOWN,UNKNOWN,UNKNOWN
S836,Kh. el-Ghirur,C1_2km,with,True,False,True,full,to Stage 2,UNKNOWN,UNKNOWN,UNKNOWN,UNKNOWN,UNKNOWN,UNKNOWN,UNKNOWN
S836,Kh. el-Ghirur,C1_2km,without,True,False,True,full,to Stage 2,UNKNOWN,UNKNOWN,UNKNOWN,UNKNOWN,UNKNOWN,UNKNOWN,UNKNOWN
S836,Kh. el-Ghirur,C2_tomb_shafts,with,True,False,True,full,to Stage 2,UNKNOWN,UNKNOWN,UNKNOWN,UNKNOWN,UNKNOWN,UNKNOWN,UNKNOWN
S836,Kh. el-Ghirur,C2_tomb_shafts,without,True,False,True,full,to Stage 2,UNKNOWN,UNKNOWN,UNKNOWN,UNKNOWN,UNKNOWN,UNKNOWN,UNKNOWN
S836,Kh. el-Ghirur,dated_only,with,True,False,True,full,to Stage 2,UNKNOWN,UNKNOWN,UNKNOWN,UNKNOWN,UNKNOWN,UNKNOWN,UNKNOWN
S836,Kh. el-Ghirur,dated_only,without,True,False,True,full,to Stage 2,UNKNOWN,UNKNOWN,UNKNOWN,UNKNOWN,UNKNOWN,UNKNOWN,UNKNOWN
S839,Salim (Shechem),primary,with,True,False,True,full,to Stage 2,UNKNOWN,UNKNOWN,UNKNOWN,UNKNOWN,UNKNOWN,UNKNOWN,UNKNOWN
S839,Salim (Shechem),primary,without,True,False,True,full,to Stage 2,UNKNOWN,UNKNOWN,UNKNOWN,UNKNOWN,UNKNOWN,UNKNOWN,UNKNOWN
S839,Salim (Shechem),C1_0.5km,with,True,False,True,full,to Stage 2,UNKNOWN,UNKNOWN,UNKNOWN,UNKNOWN,UNKNOWN,UNKNOWN,UNKNOWN
S839,Salim (Shechem),C1_0.5km,without,True,False,True,full,to Stage 2,UNKNOWN,UNKNOWN,UNKNOWN,UNKNOWN,UNKNOWN,UNKNOWN,UNKNOWN
S839,Salim (Shechem),C1_2km,with,True,False,True,full,to Stage 2,UNKNOWN,UNKNOWN,UNKNOWN,UNKNOWN,UNKNOWN,UNKNOWN,UNKNOWN
S839,Salim (Shechem),C1_2km,without,True,False,True,full,to Stage 2,UNKNOWN,UNKNOWN,UNKNOWN,UNKNOWN,UNKNOWN,UNKNOWN,UNKNOWN
S839,Salim (Shechem),C2_tomb_shafts,with,True,False,True,full,to Stage 2,UNKNOWN,UNKNOWN,UNKNOWN,UNKNOWN,UNKNOWN,UNKNOWN,UNKNOWN
S839,Salim (Shechem),C2_tomb_shafts,without,True,False,True,full,to Stage 2,UNKNOWN,UNKNOWN,UNKNOWN,UNKNOWN,UNKNOWN,UNKNOWN,UNKNOWN
S839,Salim (Shechem),dated_only,with,True,False,True,full,to Stage 2,UNKNOWN,UNKNOWN,UNKNOWN,UNKNOWN,UNKNOWN,UNKNOWN,UNKNOWN
S839,Salim (Shechem),dated_only,without,True,False,True,full,to Stage 2,UNKNOWN,UNKNOWN,UNKNOWN,UNKNOWN,UNKNOWN,UNKNOWN,UNKNOWN
E99,Tananir,primary,with,True,False,True,none,to Stage 2,UNKNOWN,UNKNOWN,MATCH,UNKNOWN,UNKNOWN,UNKNOWN,UNKNOWN
E99,Tananir,primary,without,True,False,True,none,to Stage 2,UNKNOWN,UNKNOWN,MATCH,UNKNOWN,UNKNOWN,UNKNOWN,UNKNOWN
E99,Tananir,C1_0.5km,with,True,False,True,none,to Stage 2,UNKNOWN,UNKNOWN,MATCH,UNKNOWN,UNKNOWN,UNKNOWN,UNKNOWN
E99,Tananir,C1_0.5km,without,True,False,True,none,to Stage 2,UNKNOWN,UNKNOWN,MATCH,UNKNOWN,UNKNOWN,UNKNOWN,UNKNOWN
E99,Tananir,C1_2km,with,True,False,True,none,to Stage 2,UNKNOWN,UNKNOWN,MATCH,UNKNOWN,UNKNOWN,UNKNOWN,UNKNOWN
E99,Tananir,C1_2km,without,True,False,True,none,to Stage 2,UNKNOWN,UNKNOWN,MATCH,UNKNOWN,UNKNOWN,UNKNOWN,UNKNOWN
E99,Tananir,C2_tomb_shafts,with,True,False,True,none,to Stage 2,UNKNOWN,MATCH,MATCH,UNKNOWN,UNKNOWN,UNKNOWN,UNKNOWN
E99,Tananir,C2_tomb_shafts,without,True,False,True,none,to Stage 2,UNKNOWN,MATCH,MATCH,UNKNOWN,UNKNOWN,UNKNOWN,UNKNOWN
E99,Tananir,dated_only,with,True,False,True,none,to Stage 2,UNKNOWN,UNKNOWN,MATCH,UNKNOWN,UNKNOWN,UNKNOWN,UNKNOWN
E99,Tananir,dated_only,without,True,False,True,none,to Stage 2,UNKNOWN,UNKNOWN,MATCH,UNKNOWN,UNKNOWN,UNKNOWN,UNKNOWN
S842,Kh. esh-Sheikh Nasrallah,primary,with,True,False,False,full,to Stage 2,MATCH,UNKNOWN,UNKNOWN,UNKNOWN,UNKNOWN,UNKNOWN,UNKNOWN
S842,Kh. esh-Sheikh Nasrallah,primary,without,True,False,False,full,to Stage 2,MATCH,UNKNOWN,UNKNOWN,UNKNOWN,UNKNOWN,UNKNOWN,UNKNOWN
S842,Kh. esh-Sheikh Nasrallah,C1_0.5km,with,True,False,False,full,to Stage 2,MATCH,UNKNOWN,UNKNOWN,UNKNOWN,UNKNOWN,UNKNOWN,UNKNOWN
S842,Kh. esh-Sheikh Nasrallah,C1_0.5km,without,True,False,False,full,to Stage 2,MATCH,UNKNOWN,UNKNOWN,UNKNOWN,UNKNOWN,UNKNOWN,UNKNOWN
S842,Kh. esh-Sheikh Nasrallah,C1_2km,with,True,False,False,full,to Stage 2,MATCH,UNKNOWN,UNKNOWN,UNKNOWN,UNKNOWN,UNKNOWN,UNKNOWN
S842,Kh. esh-Sheikh Nasrallah,C1_2km,without,True,False,False,full,to Stage 2,MATCH,UNKNOWN,UNKNOWN,UNKNOWN,UNKNOWN,UNKNOWN,UNKNOWN
S842,Kh. esh-Sheikh Nasrallah,C2_tomb_shafts,with,True,False,False,full,to Stage 2,MATCH,UNKNOWN,UNKNOWN,UNKNOWN,UNKNOWN,UNKNOWN,UNKNOWN
S842,Kh. esh-Sheikh Nasrallah,C2_tomb_shafts,without,True,False,False,full,to Stage 2,MATCH,UNKNOWN,UNKNOWN,UNKNOWN,UNKNOWN,UNKNOWN,UNKNOWN
S842,Kh. esh-Sheikh Nasrallah,dated_only,with,True,False,False,full,to Stage 2,UNKNOWN,UNKNOWN,UNKNOWN,UNKNOWN,UNKNOWN,UNKNOWN,UNKNOWN
S842,Kh. esh-Sheikh Nasrallah,dated_only,without,True,False,False,full,to Stage 2,UNKNOWN,UNKNOWN,UNKNOWN,UNKNOWN,UNKNOWN,UNKNOWN,UNKNOWN
S845,Kh. es-Saleh,primary,with,True,False,False,full,to Stage 2,UNKNOWN,MATCH,MATCH,UNKNOWN,UNKNOWN,UNKNOWN,UNKNOWN
S845,Kh. es-Saleh,primary,without,True,False,False,full,to Stage 2,UNKNOWN,MATCH,MATCH,UNKNOWN,UNKNOWN,UNKNOWN,UNKNOWN
S845,Kh. es-Saleh,C1_0.5km,with,True,False,False,full,to Stage 2,UNKNOWN,MATCH,MATCH,UNKNOWN,UNKNOWN,UNKNOWN,UNKNOWN
S845,Kh. es-Saleh,C1_0.5km,without,True,False,False,full,to Stage 2,UNKNOWN,MATCH,MATCH,UNKNOWN,UNKNOWN,UNKNOWN,UNKNOWN
S845,Kh. es-Saleh,C1_2km,with,True,False,False,full,to Stage 2,UNKNOWN,MATCH,MATCH,UNKNOWN,UNKNOWN,UNKNOWN,UNKNOWN
S845,Kh. es-Saleh,C1_2km,without,True,False,False,full,to Stage 2,UNKNOWN,MATCH,MATCH,UNKNOWN,UNKNOWN,UNKNOWN,UNKNOWN
S845,Kh. es-Saleh,C2_tomb_shafts,with,True,False,False,full,to Stage 2,UNKNOWN,MATCH,MATCH,UNKNOWN,UNKNOWN,UNKNOWN,UNKNOWN
S845,Kh. es-Saleh,C2_tomb_shafts,without,True,False,False,full,to Stage 2,UNKNOWN,MATCH,MATCH,UNKNOWN,UNKNOWN,UNKNOWN,UNKNOWN
S845,Kh. es-Saleh,dated_only,with,True,False,False,full,to Stage 2,UNKNOWN,UNKNOWN,UNKNOWN,UNKNOWN,UNKNOWN,UNKNOWN,UNKNOWN
S845,Kh. es-Saleh,dated_only,without,True,False,False,full,to Stage 2,UNKNOWN,UNKNOWN,UNKNOWN,UNKNOWN,UNKNOWN,UNKNOWN,UNKNOWN
S848,Kh. Maraḥ el-'Inab,primary,with,True,False,False,full,to Stage 2,UNKNOWN,UNKNOWN,MATCH,UNKNOWN,UNKNOWN,UNKNOWN,UNKNOWN
S848,Kh. Maraḥ el-'Inab,primary,without,True,False,False,full,to Stage 2,UNKNOWN,UNKNOWN,MATCH,UNKNOWN,UNKNOWN,UNKNOWN,UNKNOWN
S848,Kh. Maraḥ el-'Inab,C1_0.5km,with,True,False,False,full,to Stage 2,UNKNOWN,UNKNOWN,MATCH,UNKNOWN,UNKNOWN,UNKNOWN,UNKNOWN
S848,Kh. Maraḥ el-'Inab,C1_0.5km,without,True,False,False,full,to Stage 2,UNKNOWN,UNKNOWN,MATCH,UNKNOWN,UNKNOWN,UNKNOWN,UNKNOWN
S848,Kh. Maraḥ el-'Inab,C1_2km,with,True,False,False,full,to Stage 2,UNKNOWN,UNKNOWN,MATCH,UNKNOWN,UNKNOWN,UNKNOWN,UNKNOWN
S848,Kh. Maraḥ el-'Inab,C1_2km,without,True,False,False,full,to Stage 2,UNKNOWN,UNKNOWN,MATCH,UNKNOWN,UNKNOWN,UNKNOWN,UNKNOWN
S848,Kh. Maraḥ el-'Inab,C2_tomb_shafts,with,True,False,False,full,to Stage 2,UNKNOWN,UNKNOWN,MATCH,UNKNOWN,UNKNOWN,UNKNOWN,UNKNOWN
S848,Kh. Maraḥ el-'Inab,C2_tomb_shafts,without,True,False,False,full,to Stage 2,UNKNOWN,UNKNOWN,MATCH,UNKNOWN,UNKNOWN,UNKNOWN,UNKNOWN
S848,Kh. Maraḥ el-'Inab,dated_only,with,True,False,False,full,to Stage 2,UNKNOWN,UNKNOWN,MATCH,UNKNOWN,UNKNOWN,UNKNOWN,UNKNOWN
S848,Kh. Maraḥ el-'Inab,dated_only,without,True,False,False,full,to Stage 2,UNKNOWN,UNKNOWN,MATCH,UNKNOWN,UNKNOWN,UNKNOWN,UNKNOWN
S852,Kh. Shuweiha,primary,with,True,False,False,full,not recorded,UNKNOWN,UNKNOWN,UNKNOWN,UNKNOWN,UNKNOWN,UNKNOWN,UNKNOWN
S852,Kh. Shuweiha,primary,without,True,False,False,full,not recorded,UNKNOWN,UNKNOWN,UNKNOWN,UNKNOWN,UNKNOWN,UNKNOWN,UNKNOWN
S852,Kh. Shuweiha,C1_0.5km,with,True,False,False,full,not recorded,UNKNOWN,UNKNOWN,UNKNOWN,UNKNOWN,UNKNOWN,UNKNOWN,UNKNOWN
S852,Kh. Shuweiha,C1_0.5km,without,True,False,False,full,not recorded,UNKNOWN,UNKNOWN,UNKNOWN,UNKNOWN,UNKNOWN,UNKNOWN,UNKNOWN
S852,Kh. Shuweiha,C1_2km,with,True,False,False,full,not recorded,UNKNOWN,UNKNOWN,UNKNOWN,UNKNOWN,UNKNOWN,UNKNOWN,UNKNOWN
S852,Kh. Shuweiha,C1_2km,without,True,False,False,full,not recorded,UNKNOWN,UNKNOWN,UNKNOWN,UNKNOWN,UNKNOWN,UNKNOWN,UNKNOWN
S852,Kh. Shuweiha,C2_tomb_shafts,with,True,False,False,full,not recorded,UNKNOWN,UNKNOWN,UNKNOWN,UNKNOWN,UNKNOWN,UNKNOWN,UNKNOWN
S852,Kh. Shuweiha,C2_tomb_shafts,without,True,False,False,full,not recorded,UNKNOWN,UNKNOWN,UNKNOWN,UNKNOWN,UNKNOWN,UNKNOWN,UNKNOWN
S852,Kh. Shuweiha,dated_only,with,True,False,False,full,not recorded,UNKNOWN,UNKNOWN,UNKNOWN,UNKNOWN,UNKNOWN,UNKNOWN,UNKNOWN
S852,Kh. Shuweiha,dated_only,without,True,False,False,full,not recorded,UNKNOWN,UNKNOWN,UNKNOWN,UNKNOWN,UNKNOWN,UNKNOWN,UNKNOWN
S854,Mount Gerizim,primary,with,True,False,True,partial,not recorded,UNKNOWN,UNKNOWN,UNKNOWN,UNKNOWN,UNKNOWN,UNKNOWN,UNKNOWN
S854,Mount Gerizim,primary,without,True,False,True,partial,not recorded,UNKNOWN,UNKNOWN,UNKNOWN,UNKNOWN,UNKNOWN,UNKNOWN,UNKNOWN
S854,Mount Gerizim,C1_0.5km,with,True,False,True,partial,not recorded,UNKNOWN,UNKNOWN,UNKNOWN,UNKNOWN,UNKNOWN,UNKNOWN,UNKNOWN
S854,Mount Gerizim,C1_0.5km,without,True,False,True,partial,not recorded,UNKNOWN,UNKNOWN,UNKNOWN,UNKNOWN,UNKNOWN,UNKNOWN,UNKNOWN
S854,Mount Gerizim,C1_2km,with,True,False,True,partial,not recorded,UNKNOWN,UNKNOWN,UNKNOWN,UNKNOWN,UNKNOWN,UNKNOWN,UNKNOWN
S854,Mount Gerizim,C1_2km,without,True,False,True,partial,not recorded,UNKNOWN,UNKNOWN,UNKNOWN,UNKNOWN,UNKNOWN,UNKNOWN,UNKNOWN
S854,Mount Gerizim,C2_tomb_shafts,with,True,False,True,partial,not recorded,UNKNOWN,UNKNOWN,UNKNOWN,UNKNOWN,UNKNOWN,UNKNOWN,UNKNOWN
S854,Mount Gerizim,C2_tomb_shafts,without,True,False,True,partial,not recorded,UNKNOWN,UNKNOWN,UNKNOWN,UNKNOWN,UNKNOWN,UNKNOWN,UNKNOWN
S854,Mount Gerizim,dated_only,with,True,False,True,partial,not recorded,UNKNOWN,UNKNOWN,UNKNOWN,UNKNOWN,UNKNOWN,UNKNOWN,UNKNOWN
S854,Mount Gerizim,dated_only,without,True,False,True,partial,not recorded,UNKNOWN,UNKNOWN,UNKNOWN,UNKNOWN,UNKNOWN,UNKNOWN,UNKNOWN
S857,Tell Abu Sidreh,primary,with,True,False,False,full,to Stage 2,UNKNOWN,UNKNOWN,UNKNOWN,UNKNOWN,UNKNOWN,UNKNOWN,UNKNOWN
S857,Tell Abu Sidreh,primary,without,True,False,False,full,to Stage 2,UNKNOWN,UNKNOWN,UNKNOWN,UNKNOWN,UNKNOWN,UNKNOWN,UNKNOWN
S857,Tell Abu Sidreh,C1_0.5km,with,True,False,False,full,to Stage 2,UNKNOWN,UNKNOWN,UNKNOWN,UNKNOWN,UNKNOWN,UNKNOWN,UNKNOWN
S857,Tell Abu Sidreh,C1_0.5km,without,True,False,False,full,to Stage 2,UNKNOWN,UNKNOWN,UNKNOWN,UNKNOWN,UNKNOWN,UNKNOWN,UNKNOWN
S857,Tell Abu Sidreh,C1_2km,with,True,False,False,full,to Stage 2,UNKNOWN,UNKNOWN,UNKNOWN,UNKNOWN,UNKNOWN,UNKNOWN,UNKNOWN
S857,Tell Abu Sidreh,C1_2km,without,True,False,False,full,to Stage 2,UNKNOWN,UNKNOWN,UNKNOWN,UNKNOWN,UNKNOWN,UNKNOWN,UNKNOWN
S857,Tell Abu Sidreh,C2_tomb_shafts,with,True,False,False,full,to Stage 2,UNKNOWN,UNKNOWN,UNKNOWN,UNKNOWN,UNKNOWN,UNKNOWN,UNKNOWN
S857,Tell Abu Sidreh,C2_tomb_shafts,without,True,False,False,full,to Stage 2,UNKNOWN,UNKNOWN,UNKNOWN,UNKNOWN,UNKNOWN,UNKNOWN,UNKNOWN
S857,Tell Abu Sidreh,dated_only,with,True,False,False,full,to Stage 2,UNKNOWN,UNKNOWN,UNKNOWN,UNKNOWN,UNKNOWN,UNKNOWN,UNKNOWN
S857,Tell Abu Sidreh,dated_only,without,True,False,False,full,to Stage 2,UNKNOWN,UNKNOWN,UNKNOWN,UNKNOWN,UNKNOWN,UNKNOWN,UNKNOWN
S865,Kh. Umm Kharaz,primary,with,True,False,False,full,not recorded,UNKNOWN,UNKNOWN,UNKNOWN,UNKNOWN,UNKNOWN,UNKNOWN,UNKNOWN
S865,Kh. Umm Kharaz,primary,without,True,False,False,full,not recorded,UNKNOWN,UNKNOWN,UNKNOWN,UNKNOWN,UNKNOWN,UNKNOWN,UNKNOWN
S865,Kh. Umm Kharaz,C1_0.5km,with,True,False,False,full,not recorded,UNKNOWN,UNKNOWN,UNKNOWN,UNKNOWN,UNKNOWN,UNKNOWN,UNKNOWN
S865,Kh. Umm Kharaz,C1_0.5km,without,True,False,False,full,not recorded,UNKNOWN,UNKNOWN,UNKNOWN,UNKNOWN,UNKNOWN,UNKNOWN,UNKNOWN
S865,Kh. Umm Kharaz,C1_2km,with,True,False,False,full,not recorded,UNKNOWN,UNKNOWN,UNKNOWN,UNKNOWN,UNKNOWN,UNKNOWN,UNKNOWN
S865,Kh. Umm Kharaz,C1_2km,without,True,False,False,full,not recorded,UNKNOWN,UNKNOWN,UNKNOWN,UNKNOWN,UNKNOWN,UNKNOWN,UNKNOWN
S865,Kh. Umm Kharaz,C2_tomb_shafts,with,True,False,False,full,not recorded,UNKNOWN,UNKNOWN,UNKNOWN,UNKNOWN,UNKNOWN,UNKNOWN,UNKNOWN
S865,Kh. Umm Kharaz,C2_tomb_shafts,without,True,False,False,full,not recorded,UNKNOWN,UNKNOWN,UNKNOWN,UNKNOWN,UNKNOWN,UNKNOWN,UNKNOWN
S865,Kh. Umm Kharaz,dated_only,with,True,False,False,full,not recorded,UNKNOWN,UNKNOWN,UNKNOWN,UNKNOWN,UNKNOWN,UNKNOWN,UNKNOWN
S865,Kh. Umm Kharaz,dated_only,without,True,False,False,full,not recorded,UNKNOWN,UNKNOWN,UNKNOWN,UNKNOWN,UNKNOWN,UNKNOWN,UNKNOWN
S874,Kh. Baṣaliyye,primary,with,True,False,False,full,to Stage 2,UNKNOWN,UNKNOWN,UNKNOWN,UNKNOWN,UNKNOWN,UNKNOWN,UNKNOWN
S874,Kh. Baṣaliyye,primary,without,True,False,False,full,to Stage 2,UNKNOWN,UNKNOWN,UNKNOWN,UNKNOWN,UNKNOWN,UNKNOWN,UNKNOWN
S874,Kh. Baṣaliyye,C1_0.5km,with,True,False,False,full,to Stage 2,UNKNOWN,UNKNOWN,UNKNOWN,UNKNOWN,UNKNOWN,UNKNOWN,UNKNOWN
S874,Kh. Baṣaliyye,C1_0.5km,without,True,False,False,full,to Stage 2,UNKNOWN,UNKNOWN,UNKNOWN,UNKNOWN,UNKNOWN,UNKNOWN,UNKNOWN
S874,Kh. Baṣaliyye,C1_2km,with,True,False,False,full,to Stage 2,UNKNOWN,UNKNOWN,UNKNOWN,UNKNOWN,UNKNOWN,UNKNOWN,UNKNOWN
S874,Kh. Baṣaliyye,C1_2km,without,True,False,False,full,to Stage 2,UNKNOWN,UNKNOWN,UNKNOWN,UNKNOWN,UNKNOWN,UNKNOWN,UNKNOWN
S874,Kh. Baṣaliyye,C2_tomb_shafts,with,True,False,False,full,to Stage 2,UNKNOWN,UNKNOWN,UNKNOWN,UNKNOWN,UNKNOWN,UNKNOWN,UNKNOWN
S874,Kh. Baṣaliyye,C2_tomb_shafts,without,True,False,False,full,to Stage 2,UNKNOWN,UNKNOWN,UNKNOWN,UNKNOWN,UNKNOWN,UNKNOWN,UNKNOWN
S874,Kh. Baṣaliyye,dated_only,with,True,False,False,full,to Stage 2,UNKNOWN,UNKNOWN,UNKNOWN,UNKNOWN,UNKNOWN,UNKNOWN,UNKNOWN
S874,Kh. Baṣaliyye,dated_only,without,True,False,False,full,to Stage 2,UNKNOWN,UNKNOWN,UNKNOWN,UNKNOWN,UNKNOWN,UNKNOWN,UNKNOWN
S876,Ras Muhammad,primary,with,True,False,False,full,to Stage 2,UNKNOWN,UNKNOWN,UNKNOWN,UNKNOWN,UNKNOWN,UNKNOWN,UNKNOWN
S876,Ras Muhammad,primary,without,True,False,False,full,to Stage 2,UNKNOWN,UNKNOWN,UNKNOWN,UNKNOWN,UNKNOWN,UNKNOWN,UNKNOWN
S876,Ras Muhammad,C1_0.5km,with,True,False,False,full,to Stage 2,UNKNOWN,UNKNOWN,UNKNOWN,UNKNOWN,UNKNOWN,UNKNOWN,UNKNOWN
S876,Ras Muhammad,C1_0.5km,without,True,False,False,full,to Stage 2,UNKNOWN,UNKNOWN,UNKNOWN,UNKNOWN,UNKNOWN,UNKNOWN,UNKNOWN
S876,Ras Muhammad,C1_2km,with,True,False,False,full,to Stage 2,UNKNOWN,UNKNOWN,UNKNOWN,UNKNOWN,UNKNOWN,UNKNOWN,UNKNOWN
S876,Ras Muhammad,C1_2km,without,True,False,False,full,to Stage 2,UNKNOWN,UNKNOWN,UNKNOWN,UNKNOWN,UNKNOWN,UNKNOWN,UNKNOWN
S876,Ras Muhammad,C2_tomb_shafts,with,True,False,False,full,to Stage 2,UNKNOWN,UNKNOWN,UNKNOWN,UNKNOWN,UNKNOWN,UNKNOWN,UNKNOWN
S876,Ras Muhammad,C2_tomb_shafts,without,True,False,False,full,to Stage 2,UNKNOWN,UNKNOWN,UNKNOWN,UNKNOWN,UNKNOWN,UNKNOWN,UNKNOWN
S876,Ras Muhammad,dated_only,with,True,False,False,full,to Stage 2,UNKNOWN,UNKNOWN,UNKNOWN,UNKNOWN,UNKNOWN,UNKNOWN,UNKNOWN
S876,Ras Muhammad,dated_only,without,True,False,False,full,to Stage 2,UNKNOWN,UNKNOWN,UNKNOWN,UNKNOWN,UNKNOWN,UNKNOWN,UNKNOWN
S878,Beit Dajan,primary,with,True,False,False,full,not recorded,UNKNOWN,UNKNOWN,UNKNOWN,UNKNOWN,UNKNOWN,UNKNOWN,UNKNOWN
S878,Beit Dajan,primary,without,True,False,False,full,not recorded,UNKNOWN,UNKNOWN,UNKNOWN,UNKNOWN,UNKNOWN,UNKNOWN,UNKNOWN
S878,Beit Dajan,C1_0.5km,with,True,False,False,full,not recorded,UNKNOWN,UNKNOWN,UNKNOWN,UNKNOWN,UNKNOWN,UNKNOWN,UNKNOWN
S878,Beit Dajan,C1_0.5km,without,True,False,False,full,not recorded,UNKNOWN,UNKNOWN,UNKNOWN,UNKNOWN,UNKNOWN,UNKNOWN,UNKNOWN
S878,Beit Dajan,C1_2km,with,True,False,False,full,not recorded,UNKNOWN,UNKNOWN,UNKNOWN,UNKNOWN,UNKNOWN,UNKNOWN,UNKNOWN
S878,Beit Dajan,C1_2km,without,True,False,False,full,not recorded,UNKNOWN,UNKNOWN,UNKNOWN,UNKNOWN,UNKNOWN,UNKNOWN,UNKNOWN
S878,Beit Dajan,C2_tomb_shafts,with,True,False,False,full,not recorded,UNKNOWN,UNKNOWN,UNKNOWN,UNKNOWN,UNKNOWN,UNKNOWN,UNKNOWN
S878,Beit Dajan,C2_tomb_shafts,without,True,False,False,full,not recorded,UNKNOWN,UNKNOWN,UNKNOWN,UNKNOWN,UNKNOWN,UNKNOWN,UNKNOWN
S878,Beit Dajan,dated_only,with,True,False,False,full,not recorded,UNKNOWN,UNKNOWN,UNKNOWN,UNKNOWN,UNKNOWN,UNKNOWN,UNKNOWN
S878,Beit Dajan,dated_only,without,True,False,False,full,not recorded,UNKNOWN,UNKNOWN,UNKNOWN,UNKNOWN,UNKNOWN,UNKNOWN,UNKNOWN
S888,Kh. Kafr Beita,primary,with,True,False,False,full,to Stage 2,UNKNOWN,UNKNOWN,UNKNOWN,UNKNOWN,UNKNOWN,UNKNOWN,UNKNOWN
S888,Kh. Kafr Beita,primary,without,True,False,False,full,to Stage 2,UNKNOWN,UNKNOWN,UNKNOWN,UNKNOWN,UNKNOWN,UNKNOWN,UNKNOWN
S888,Kh. Kafr Beita,C1_0.5km,with,True,False,False,full,to Stage 2,UNKNOWN,UNKNOWN,UNKNOWN,UNKNOWN,UNKNOWN,UNKNOWN,UNKNOWN
S888,Kh. Kafr Beita,C1_0.5km,without,True,False,False,full,to Stage 2,UNKNOWN,UNKNOWN,UNKNOWN,UNKNOWN,UNKNOWN,UNKNOWN,UNKNOWN
S888,Kh. Kafr Beita,C1_2km,with,True,False,False,full,to Stage 2,UNKNOWN,UNKNOWN,UNKNOWN,UNKNOWN,UNKNOWN,UNKNOWN,UNKNOWN
S888,Kh. Kafr Beita,C1_2km,without,True,False,False,full,to Stage 2,UNKNOWN,UNKNOWN,UNKNOWN,UNKNOWN,UNKNOWN,UNKNOWN,UNKNOWN
S888,Kh. Kafr Beita,C2_tomb_shafts,with,True,False,False,full,to Stage 2,UNKNOWN,UNKNOWN,UNKNOWN,UNKNOWN,UNKNOWN,UNKNOWN,UNKNOWN
S888,Kh. Kafr Beita,C2_tomb_shafts,without,True,False,False,full,to Stage 2,UNKNOWN,UNKNOWN,UNKNOWN,UNKNOWN,UNKNOWN,UNKNOWN,UNKNOWN
S888,Kh. Kafr Beita,dated_only,with,True,False,False,full,to Stage 2,UNKNOWN,UNKNOWN,UNKNOWN,UNKNOWN,UNKNOWN,UNKNOWN,UNKNOWN
S888,Kh. Kafr Beita,dated_only,without,True,False,False,full,to Stage 2,UNKNOWN,UNKNOWN,UNKNOWN,UNKNOWN,UNKNOWN,UNKNOWN,UNKNOWN
S889,Rujeib,primary,with,True,False,True,full,not recorded,UNKNOWN,UNKNOWN,UNKNOWN,UNKNOWN,UNKNOWN,UNKNOWN,UNKNOWN
S889,Rujeib,primary,without,True,False,True,full,not recorded,UNKNOWN,UNKNOWN,UNKNOWN,UNKNOWN,UNKNOWN,UNKNOWN,UNKNOWN
S889,Rujeib,C1_0.5km,with,True,False,True,full,not recorded,UNKNOWN,UNKNOWN,UNKNOWN,UNKNOWN,UNKNOWN,UNKNOWN,UNKNOWN
S889,Rujeib,C1_0.5km,without,True,False,True,full,not recorded,UNKNOWN,UNKNOWN,UNKNOWN,UNKNOWN,UNKNOWN,UNKNOWN,UNKNOWN
S889,Rujeib,C1_2km,with,True,False,True,full,not recorded,UNKNOWN,UNKNOWN,UNKNOWN,UNKNOWN,UNKNOWN,UNKNOWN,UNKNOWN
S889,Rujeib,C1_2km,without,True,False,True,full,not recorded,UNKNOWN,UNKNOWN,UNKNOWN,UNKNOWN,UNKNOWN,UNKNOWN,UNKNOWN
S889,Rujeib,C2_tomb_shafts,with,True,False,True,full,not recorded,UNKNOWN,UNKNOWN,UNKNOWN,UNKNOWN,UNKNOWN,UNKNOWN,UNKNOWN
S889,Rujeib,C2_tomb_shafts,without,True,False,True,full,not recorded,UNKNOWN,UNKNOWN,UNKNOWN,UNKNOWN,UNKNOWN,UNKNOWN,UNKNOWN
S889,Rujeib,dated_only,with,True,False,True,full,not recorded,UNKNOWN,UNKNOWN,UNKNOWN,UNKNOWN,UNKNOWN,UNKNOWN,UNKNOWN
S889,Rujeib,dated_only,without,True,False,True,full,not recorded,UNKNOWN,UNKNOWN,UNKNOWN,UNKNOWN,UNKNOWN,UNKNOWN,UNKNOWN
E109,Tell Ẓofar,primary,with,True,False,True,none,not recorded,UNKNOWN,UNKNOWN,UNKNOWN,UNKNOWN,UNKNOWN,UNKNOWN,UNKNOWN
E109,Tell Ẓofar,primary,without,True,False,True,none,not recorded,UNKNOWN,UNKNOWN,UNKNOWN,UNKNOWN,UNKNOWN,UNKNOWN,UNKNOWN
E109,Tell Ẓofar,C1_0.5km,with,True,False,True,none,not recorded,UNKNOWN,UNKNOWN,UNKNOWN,UNKNOWN,UNKNOWN,UNKNOWN,UNKNOWN
E109,Tell Ẓofar,C1_0.5km,without,True,False,True,none,not recorded,UNKNOWN,UNKNOWN,UNKNOWN,UNKNOWN,UNKNOWN,UNKNOWN,UNKNOWN
E109,Tell Ẓofar,C1_2km,with,True,False,True,none,not recorded,UNKNOWN,UNKNOWN,UNKNOWN,UNKNOWN,UNKNOWN,UNKNOWN,UNKNOWN
E109,Tell Ẓofar,C1_2km,without,True,False,True,none,not recorded,UNKNOWN,UNKNOWN,UNKNOWN,UNKNOWN,UNKNOWN,UNKNOWN,UNKNOWN
E109,Tell Ẓofar,C2_tomb_shafts,with,True,False,True,none,not recorded,UNKNOWN,UNKNOWN,UNKNOWN,UNKNOWN,UNKNOWN,UNKNOWN,UNKNOWN
E109,Tell Ẓofar,C2_tomb_shafts,without,True,False,True,none,not recorded,UNKNOWN,UNKNOWN,UNKNOWN,UNKNOWN,UNKNOWN,UNKNOWN,UNKNOWN
E109,Tell Ẓofar,dated_only,with,True,False,True,none,not recorded,UNKNOWN,UNKNOWN,UNKNOWN,UNKNOWN,UNKNOWN,UNKNOWN,UNKNOWN
E109,Tell Ẓofar,dated_only,without,True,False,True,none,not recorded,UNKNOWN,UNKNOWN,UNKNOWN,UNKNOWN,UNKNOWN,UNKNOWN,UNKNOWN
S902,Kh. Naqb el-Maṭar,primary,with,True,False,False,full,not recorded,UNKNOWN,UNKNOWN,UNKNOWN,UNKNOWN,UNKNOWN,UNKNOWN,UNKNOWN
S902,Kh. Naqb el-Maṭar,primary,without,True,False,False,full,not recorded,UNKNOWN,UNKNOWN,UNKNOWN,UNKNOWN,UNKNOWN,UNKNOWN,UNKNOWN
S902,Kh. Naqb el-Maṭar,C1_0.5km,with,True,False,False,full,not recorded,UNKNOWN,UNKNOWN,UNKNOWN,UNKNOWN,UNKNOWN,UNKNOWN,UNKNOWN
S902,Kh. Naqb el-Maṭar,C1_0.5km,without,True,False,False,full,not recorded,UNKNOWN,UNKNOWN,UNKNOWN,UNKNOWN,UNKNOWN,UNKNOWN,UNKNOWN
S902,Kh. Naqb el-Maṭar,C1_2km,with,True,False,False,full,not recorded,UNKNOWN,UNKNOWN,UNKNOWN,UNKNOWN,UNKNOWN,UNKNOWN,UNKNOWN
S902,Kh. Naqb el-Maṭar,C1_2km,without,True,False,False,full,not recorded,UNKNOWN,UNKNOWN,UNKNOWN,UNKNOWN,UNKNOWN,UNKNOWN,UNKNOWN
S902,Kh. Naqb el-Maṭar,C2_tomb_shafts,with,True,False,False,full,not recorded,UNKNOWN,UNKNOWN,UNKNOWN,UNKNOWN,UNKNOWN,UNKNOWN,UNKNOWN
S902,Kh. Naqb el-Maṭar,C2_tomb_shafts,without,True,False,False,full,not recorded,UNKNOWN,UNKNOWN,UNKNOWN,UNKNOWN,UNKNOWN,UNKNOWN,UNKNOWN
S902,Kh. Naqb el-Maṭar,dated_only,with,True,False,False,full,not recorded,UNKNOWN,UNKNOWN,UNKNOWN,UNKNOWN,UNKNOWN,UNKNOWN,UNKNOWN
S902,Kh. Naqb el-Maṭar,dated_only,without,True,False,False,full,not recorded,UNKNOWN,UNKNOWN,UNKNOWN,UNKNOWN,UNKNOWN,UNKNOWN,UNKNOWN
S915,Wadi Umm el-Khazam,primary,with,True,False,False,full,not recorded,UNKNOWN,UNKNOWN,UNKNOWN,UNKNOWN,UNKNOWN,UNKNOWN,UNKNOWN
S915,Wadi Umm el-Khazam,primary,without,True,False,False,full,not recorded,UNKNOWN,UNKNOWN,UNKNOWN,UNKNOWN,UNKNOWN,UNKNOWN,UNKNOWN
S915,Wadi Umm el-Khazam,C1_0.5km,with,True,False,False,full,not recorded,UNKNOWN,UNKNOWN,UNKNOWN,UNKNOWN,UNKNOWN,UNKNOWN,UNKNOWN
S915,Wadi Umm el-Khazam,C1_0.5km,without,True,False,False,full,not recorded,UNKNOWN,UNKNOWN,UNKNOWN,UNKNOWN,UNKNOWN,UNKNOWN,UNKNOWN
S915,Wadi Umm el-Khazam,C1_2km,with,True,False,False,full,not recorded,UNKNOWN,UNKNOWN,UNKNOWN,UNKNOWN,UNKNOWN,UNKNOWN,UNKNOWN
S915,Wadi Umm el-Khazam,C1_2km,without,True,False,False,full,not recorded,UNKNOWN,UNKNOWN,UNKNOWN,UNKNOWN,UNKNOWN,UNKNOWN,UNKNOWN
S915,Wadi Umm el-Khazam,C2_tomb_shafts,with,True,False,False,full,not recorded,UNKNOWN,UNKNOWN,UNKNOWN,UNKNOWN,UNKNOWN,UNKNOWN,UNKNOWN
S915,Wadi Umm el-Khazam,C2_tomb_shafts,without,True,False,False,full,not recorded,UNKNOWN,UNKNOWN,UNKNOWN,UNKNOWN,UNKNOWN,UNKNOWN,UNKNOWN
S915,Wadi Umm el-Khazam,dated_only,with,True,False,False,full,not recorded,UNKNOWN,UNKNOWN,UNKNOWN,UNKNOWN,UNKNOWN,UNKNOWN,UNKNOWN
S915,Wadi Umm el-Khazam,dated_only,without,True,False,False,full,not recorded,UNKNOWN,UNKNOWN,UNKNOWN,UNKNOWN,UNKNOWN,UNKNOWN,UNKNOWN
S916,en-Na'ajeh 4,primary,with,True,False,False,full,to Stage 2,UNKNOWN,UNKNOWN,UNKNOWN,UNKNOWN,UNKNOWN,UNKNOWN,UNKNOWN
S916,en-Na'ajeh 4,primary,without,True,False,False,full,to Stage 2,UNKNOWN,UNKNOWN,UNKNOWN,UNKNOWN,UNKNOWN,UNKNOWN,UNKNOWN
S916,en-Na'ajeh 4,C1_0.5km,with,True,False,False,full,to Stage 2,UNKNOWN,UNKNOWN,UNKNOWN,UNKNOWN,UNKNOWN,UNKNOWN,UNKNOWN
S916,en-Na'ajeh 4,C1_0.5km,without,True,False,False,full,to Stage 2,UNKNOWN,UNKNOWN,UNKNOWN,UNKNOWN,UNKNOWN,UNKNOWN,UNKNOWN
S916,en-Na'ajeh 4,C1_2km,with,True,False,False,full,to Stage 2,UNKNOWN,UNKNOWN,UNKNOWN,UNKNOWN,UNKNOWN,UNKNOWN,UNKNOWN
S916,en-Na'ajeh 4,C1_2km,without,True,False,False,full,to Stage 2,UNKNOWN,UNKNOWN,UNKNOWN,UNKNOWN,UNKNOWN,UNKNOWN,UNKNOWN
S916,en-Na'ajeh 4,C2_tomb_shafts,with,True,False,False,full,to Stage 2,UNKNOWN,UNKNOWN,UNKNOWN,UNKNOWN,UNKNOWN,UNKNOWN,UNKNOWN
S916,en-Na'ajeh 4,C2_tomb_shafts,without,True,False,False,full,to Stage 2,UNKNOWN,UNKNOWN,UNKNOWN,UNKNOWN,UNKNOWN,UNKNOWN,UNKNOWN
S916,en-Na'ajeh 4,dated_only,with,True,False,False,full,to Stage 2,UNKNOWN,UNKNOWN,UNKNOWN,UNKNOWN,UNKNOWN,UNKNOWN,UNKNOWN
S916,en-Na'ajeh 4,dated_only,without,True,False,False,full,to Stage 2,UNKNOWN,UNKNOWN,UNKNOWN,UNKNOWN,UNKNOWN,UNKNOWN,UNKNOWN
S921,Kh. Khiraf,primary,with,True,False,False,full,not recorded,UNKNOWN,UNKNOWN,UNKNOWN,UNKNOWN,UNKNOWN,UNKNOWN,UNKNOWN
S921,Kh. Khiraf,primary,without,True,False,False,full,not recorded,UNKNOWN,UNKNOWN,UNKNOWN,UNKNOWN,UNKNOWN,UNKNOWN,UNKNOWN
S921,Kh. Khiraf,C1_0.5km,with,True,False,False,full,not recorded,UNKNOWN,UNKNOWN,UNKNOWN,UNKNOWN,UNKNOWN,UNKNOWN,UNKNOWN
S921,Kh. Khiraf,C1_0.5km,without,True,False,False,full,not recorded,UNKNOWN,UNKNOWN,UNKNOWN,UNKNOWN,UNKNOWN,UNKNOWN,UNKNOWN
S921,Kh. Khiraf,C1_2km,with,True,False,False,full,not recorded,UNKNOWN,UNKNOWN,UNKNOWN,UNKNOWN,UNKNOWN,UNKNOWN,UNKNOWN
S921,Kh. Khiraf,C1_2km,without,True,False,False,full,not recorded,UNKNOWN,UNKNOWN,UNKNOWN,UNKNOWN,UNKNOWN,UNKNOWN,UNKNOWN
S921,Kh. Khiraf,C2_tomb_shafts,with,True,False,False,full,not recorded,UNKNOWN,UNKNOWN,UNKNOWN,UNKNOWN,UNKNOWN,UNKNOWN,UNKNOWN
S921,Kh. Khiraf,C2_tomb_shafts,without,True,False,False,full,not recorded,UNKNOWN,UNKNOWN,UNKNOWN,UNKNOWN,UNKNOWN,UNKNOWN,UNKNOWN
S921,Kh. Khiraf,dated_only,with,True,False,False,full,not recorded,UNKNOWN,UNKNOWN,UNKNOWN,UNKNOWN,UNKNOWN,UNKNOWN,UNKNOWN
S921,Kh. Khiraf,dated_only,without,True,False,False,full,not recorded,UNKNOWN,UNKNOWN,UNKNOWN,UNKNOWN,UNKNOWN,UNKNOWN,UNKNOWN
S928,Kh. en-Nabi,primary,with,True,False,False,full,not recorded,UNKNOWN,UNKNOWN,UNKNOWN,UNKNOWN,UNKNOWN,UNKNOWN,UNKNOWN
S928,Kh. en-Nabi,primary,without,True,False,False,full,not recorded,UNKNOWN,UNKNOWN,UNKNOWN,UNKNOWN,UNKNOWN,UNKNOWN,UNKNOWN
S928,Kh. en-Nabi,C1_0.5km,with,True,False,False,full,not recorded,UNKNOWN,UNKNOWN,UNKNOWN,UNKNOWN,UNKNOWN,UNKNOWN,UNKNOWN
S928,Kh. en-Nabi,C1_0.5km,without,True,False,False,full,not recorded,UNKNOWN,UNKNOWN,UNKNOWN,UNKNOWN,UNKNOWN,UNKNOWN,UNKNOWN
S928,Kh. en-Nabi,C1_2km,with,True,False,False,full,not recorded,UNKNOWN,UNKNOWN,UNKNOWN,UNKNOWN,UNKNOWN,UNKNOWN,UNKNOWN
S928,Kh. en-Nabi,C1_2km,without,True,False,False,full,not recorded,UNKNOWN,UNKNOWN,UNKNOWN,UNKNOWN,UNKNOWN,UNKNOWN,UNKNOWN
S928,Kh. en-Nabi,C2_tomb_shafts,with,True,False,False,full,not recorded,UNKNOWN,UNKNOWN,UNKNOWN,UNKNOWN,UNKNOWN,UNKNOWN,UNKNOWN
S928,Kh. en-Nabi,C2_tomb_shafts,without,True,False,False,full,not recorded,UNKNOWN,UNKNOWN,UNKNOWN,UNKNOWN,UNKNOWN,UNKNOWN,UNKNOWN
S928,Kh. en-Nabi,dated_only,with,True,False,False,full,not recorded,UNKNOWN,UNKNOWN,UNKNOWN,UNKNOWN,UNKNOWN,UNKNOWN,UNKNOWN
S928,Kh. en-Nabi,dated_only,without,True,False,False,full,not recorded,UNKNOWN,UNKNOWN,UNKNOWN,UNKNOWN,UNKNOWN,UNKNOWN,UNKNOWN
S931,Beit Furik,primary,with,True,False,False,full,not recorded,UNKNOWN,UNKNOWN,UNKNOWN,UNKNOWN,UNKNOWN,UNKNOWN,UNKNOWN
S931,Beit Furik,primary,without,True,False,False,full,not recorded,UNKNOWN,UNKNOWN,UNKNOWN,UNKNOWN,UNKNOWN,UNKNOWN,UNKNOWN
S931,Beit Furik,C1_0.5km,with,True,False,False,full,not recorded,UNKNOWN,UNKNOWN,UNKNOWN,UNKNOWN,UNKNOWN,UNKNOWN,UNKNOWN
S931,Beit Furik,C1_0.5km,without,True,False,False,full,not recorded,UNKNOWN,UNKNOWN,UNKNOWN,UNKNOWN,UNKNOWN,UNKNOWN,UNKNOWN
S931,Beit Furik,C1_2km,with,True,False,False,full,not recorded,UNKNOWN,UNKNOWN,UNKNOWN,UNKNOWN,UNKNOWN,UNKNOWN,UNKNOWN
S931,Beit Furik,C1_2km,without,True,False,False,full,not recorded,UNKNOWN,UNKNOWN,UNKNOWN,UNKNOWN,UNKNOWN,UNKNOWN,UNKNOWN
S931,Beit Furik,C2_tomb_shafts,with,True,False,False,full,not recorded,UNKNOWN,UNKNOWN,UNKNOWN,UNKNOWN,UNKNOWN,UNKNOWN,UNKNOWN
S931,Beit Furik,C2_tomb_shafts,without,True,False,False,full,not recorded,UNKNOWN,UNKNOWN,UNKNOWN,UNKNOWN,UNKNOWN,UNKNOWN,UNKNOWN
S931,Beit Furik,dated_only,with,True,False,False,full,not recorded,UNKNOWN,UNKNOWN,UNKNOWN,UNKNOWN,UNKNOWN,UNKNOWN,UNKNOWN
S931,Beit Furik,dated_only,without,True,False,False,full,not recorded,UNKNOWN,UNKNOWN,UNKNOWN,UNKNOWN,UNKNOWN,UNKNOWN,UNKNOWN
S933,Argaman 3,primary,with,True,False,False,full,not recorded,UNKNOWN,UNKNOWN,UNKNOWN,UNKNOWN,UNKNOWN,UNKNOWN,UNKNOWN
S933,Argaman 3,primary,without,True,False,False,full,not recorded,UNKNOWN,UNKNOWN,UNKNOWN,UNKNOWN,UNKNOWN,UNKNOWN,UNKNOWN
S933,Argaman 3,C1_0.5km,with,True,False,False,full,not recorded,UNKNOWN,UNKNOWN,UNKNOWN,UNKNOWN,UNKNOWN,UNKNOWN,UNKNOWN
S933,Argaman 3,C1_0.5km,without,True,False,False,full,not recorded,UNKNOWN,UNKNOWN,UNKNOWN,UNKNOWN,UNKNOWN,UNKNOWN,UNKNOWN
S933,Argaman 3,C1_2km,with,True,False,False,full,not recorded,UNKNOWN,UNKNOWN,UNKNOWN,UNKNOWN,UNKNOWN,UNKNOWN,UNKNOWN
S933,Argaman 3,C1_2km,without,True,False,False,full,not recorded,UNKNOWN,UNKNOWN,UNKNOWN,UNKNOWN,UNKNOWN,UNKNOWN,UNKNOWN
S933,Argaman 3,C2_tomb_shafts,with,True,False,False,full,not recorded,UNKNOWN,UNKNOWN,UNKNOWN,UNKNOWN,UNKNOWN,UNKNOWN,UNKNOWN
S933,Argaman 3,C2_tomb_shafts,without,True,False,False,full,not recorded,UNKNOWN,UNKNOWN,UNKNOWN,UNKNOWN,UNKNOWN,UNKNOWN,UNKNOWN
S933,Argaman 3,dated_only,with,True,False,False,full,not recorded,UNKNOWN,UNKNOWN,UNKNOWN,UNKNOWN,UNKNOWN,UNKNOWN,UNKNOWN
S933,Argaman 3,dated_only,without,True,False,False,full,not recorded,UNKNOWN,UNKNOWN,UNKNOWN,UNKNOWN,UNKNOWN,UNKNOWN,UNKNOWN
S936,Kh. Tana el-Fawqa,primary,with,True,False,False,full,not recorded,UNKNOWN,UNKNOWN,UNKNOWN,UNKNOWN,UNKNOWN,UNKNOWN,UNKNOWN
S936,Kh. Tana el-Fawqa,primary,without,True,False,False,full,not recorded,UNKNOWN,UNKNOWN,UNKNOWN,UNKNOWN,UNKNOWN,UNKNOWN,UNKNOWN
S936,Kh. Tana el-Fawqa,C1_0.5km,with,True,False,False,full,not recorded,UNKNOWN,UNKNOWN,UNKNOWN,UNKNOWN,UNKNOWN,UNKNOWN,UNKNOWN
S936,Kh. Tana el-Fawqa,C1_0.5km,without,True,False,False,full,not recorded,UNKNOWN,UNKNOWN,UNKNOWN,UNKNOWN,UNKNOWN,UNKNOWN,UNKNOWN
S936,Kh. Tana el-Fawqa,C1_2km,with,True,False,False,full,not recorded,UNKNOWN,UNKNOWN,UNKNOWN,UNKNOWN,UNKNOWN,UNKNOWN,UNKNOWN
S936,Kh. Tana el-Fawqa,C1_2km,without,True,False,False,full,not recorded,UNKNOWN,UNKNOWN,UNKNOWN,UNKNOWN,UNKNOWN,UNKNOWN,UNKNOWN
S936,Kh. Tana el-Fawqa,C2_tomb_shafts,with,True,False,False,full,not recorded,UNKNOWN,UNKNOWN,UNKNOWN,UNKNOWN,UNKNOWN,UNKNOWN,UNKNOWN
S936,Kh. Tana el-Fawqa,C2_tomb_shafts,without,True,False,False,full,not recorded,UNKNOWN,UNKNOWN,UNKNOWN,UNKNOWN,UNKNOWN,UNKNOWN,UNKNOWN
S936,Kh. Tana el-Fawqa,dated_only,with,True,False,False,full,not recorded,UNKNOWN,UNKNOWN,UNKNOWN,UNKNOWN,UNKNOWN,UNKNOWN,UNKNOWN
S936,Kh. Tana el-Fawqa,dated_only,without,True,False,False,full,not recorded,UNKNOWN,UNKNOWN,UNKNOWN,UNKNOWN,UNKNOWN,UNKNOWN,UNKNOWN
S949,Kh. el-Mazra'a,primary,with,True,False,False,full,not recorded,UNKNOWN,UNKNOWN,UNKNOWN,UNKNOWN,UNKNOWN,UNKNOWN,UNKNOWN
S949,Kh. el-Mazra'a,primary,without,True,False,False,full,not recorded,UNKNOWN,UNKNOWN,UNKNOWN,UNKNOWN,UNKNOWN,UNKNOWN,UNKNOWN
S949,Kh. el-Mazra'a,C1_0.5km,with,True,False,False,full,not recorded,UNKNOWN,UNKNOWN,UNKNOWN,UNKNOWN,UNKNOWN,UNKNOWN,UNKNOWN
S949,Kh. el-Mazra'a,C1_0.5km,without,True,False,False,full,not recorded,UNKNOWN,UNKNOWN,UNKNOWN,UNKNOWN,UNKNOWN,UNKNOWN,UNKNOWN
S949,Kh. el-Mazra'a,C1_2km,with,True,False,False,full,not recorded,UNKNOWN,UNKNOWN,UNKNOWN,UNKNOWN,UNKNOWN,UNKNOWN,UNKNOWN
S949,Kh. el-Mazra'a,C1_2km,without,True,False,False,full,not recorded,UNKNOWN,UNKNOWN,UNKNOWN,UNKNOWN,UNKNOWN,UNKNOWN,UNKNOWN
S949,Kh. el-Mazra'a,C2_tomb_shafts,with,True,False,False,full,not recorded,UNKNOWN,UNKNOWN,UNKNOWN,UNKNOWN,UNKNOWN,UNKNOWN,UNKNOWN
S949,Kh. el-Mazra'a,C2_tomb_shafts,without,True,False,False,full,not recorded,UNKNOWN,UNKNOWN,UNKNOWN,UNKNOWN,UNKNOWN,UNKNOWN,UNKNOWN
S949,Kh. el-Mazra'a,dated_only,with,True,False,False,full,not recorded,UNKNOWN,UNKNOWN,UNKNOWN,UNKNOWN,UNKNOWN,UNKNOWN,UNKNOWN
S949,Kh. el-Mazra'a,dated_only,without,True,False,False,full,not recorded,UNKNOWN,UNKNOWN,UNKNOWN,UNKNOWN,UNKNOWN,UNKNOWN,UNKNOWN
S951,Kh. Heiya,primary,with,True,False,True,full,not recorded,UNKNOWN,UNKNOWN,UNKNOWN,UNKNOWN,UNKNOWN,UNKNOWN,UNKNOWN
S951,Kh. Heiya,primary,without,True,False,True,full,not recorded,UNKNOWN,UNKNOWN,UNKNOWN,UNKNOWN,UNKNOWN,UNKNOWN,UNKNOWN
S951,Kh. Heiya,C1_0.5km,with,True,False,True,full,not recorded,UNKNOWN,UNKNOWN,UNKNOWN,UNKNOWN,UNKNOWN,UNKNOWN,UNKNOWN
S951,Kh. Heiya,C1_0.5km,without,True,False,True,full,not recorded,UNKNOWN,UNKNOWN,UNKNOWN,UNKNOWN,UNKNOWN,UNKNOWN,UNKNOWN
S951,Kh. Heiya,C1_2km,with,True,False,True,full,not recorded,UNKNOWN,UNKNOWN,UNKNOWN,UNKNOWN,UNKNOWN,UNKNOWN,UNKNOWN
S951,Kh. Heiya,C1_2km,without,True,False,True,full,not recorded,UNKNOWN,UNKNOWN,UNKNOWN,UNKNOWN,UNKNOWN,UNKNOWN,UNKNOWN
S951,Kh. Heiya,C2_tomb_shafts,with,True,False,True,full,not recorded,UNKNOWN,UNKNOWN,UNKNOWN,UNKNOWN,UNKNOWN,UNKNOWN,UNKNOWN
S951,Kh. Heiya,C2_tomb_shafts,without,True,False,True,full,not recorded,UNKNOWN,UNKNOWN,UNKNOWN,UNKNOWN,UNKNOWN,UNKNOWN,UNKNOWN
S951,Kh. Heiya,dated_only,with,True,False,True,full,not recorded,UNKNOWN,UNKNOWN,UNKNOWN,UNKNOWN,UNKNOWN,UNKNOWN,UNKNOWN
S951,Kh. Heiya,dated_only,without,True,False,True,full,not recorded,UNKNOWN,UNKNOWN,UNKNOWN,UNKNOWN,UNKNOWN,UNKNOWN,UNKNOWN
S961,Kh. el-Butmen,primary,with,True,False,False,full,to Stage 2,UNKNOWN,UNKNOWN,UNKNOWN,UNKNOWN,UNKNOWN,UNKNOWN,UNKNOWN
S961,Kh. el-Butmen,primary,without,True,False,False,full,to Stage 2,UNKNOWN,UNKNOWN,UNKNOWN,UNKNOWN,UNKNOWN,UNKNOWN,UNKNOWN
S961,Kh. el-Butmen,C1_0.5km,with,True,False,False,full,to Stage 2,UNKNOWN,UNKNOWN,UNKNOWN,UNKNOWN,UNKNOWN,UNKNOWN,UNKNOWN
S961,Kh. el-Butmen,C1_0.5km,without,True,False,False,full,to Stage 2,UNKNOWN,UNKNOWN,UNKNOWN,UNKNOWN,UNKNOWN,UNKNOWN,UNKNOWN
S961,Kh. el-Butmen,C1_2km,with,True,False,False,full,to Stage 2,UNKNOWN,UNKNOWN,UNKNOWN,UNKNOWN,UNKNOWN,UNKNOWN,UNKNOWN
S961,Kh. el-Butmen,C1_2km,without,True,False,False,full,to Stage 2,UNKNOWN,UNKNOWN,UNKNOWN,UNKNOWN,UNKNOWN,UNKNOWN,UNKNOWN
S961,Kh. el-Butmen,C2_tomb_shafts,with,True,False,False,full,to Stage 2,UNKNOWN,UNKNOWN,UNKNOWN,UNKNOWN,UNKNOWN,UNKNOWN,UNKNOWN
S961,Kh. el-Butmen,C2_tomb_shafts,without,True,False,False,full,to Stage 2,UNKNOWN,UNKNOWN,UNKNOWN,UNKNOWN,UNKNOWN,UNKNOWN,UNKNOWN
S961,Kh. el-Butmen,dated_only,with,True,False,False,full,to Stage 2,UNKNOWN,UNKNOWN,UNKNOWN,UNKNOWN,UNKNOWN,UNKNOWN,UNKNOWN
S961,Kh. el-Butmen,dated_only,without,True,False,False,full,to Stage 2,UNKNOWN,UNKNOWN,UNKNOWN,UNKNOWN,UNKNOWN,UNKNOWN,UNKNOWN
S972,Kh. Shurrab,primary,with,True,False,False,full,not recorded,UNKNOWN,UNKNOWN,UNKNOWN,UNKNOWN,UNKNOWN,UNKNOWN,UNKNOWN
S972,Kh. Shurrab,primary,without,True,False,False,full,not recorded,UNKNOWN,UNKNOWN,UNKNOWN,UNKNOWN,UNKNOWN,UNKNOWN,UNKNOWN
S972,Kh. Shurrab,C1_0.5km,with,True,False,False,full,not recorded,UNKNOWN,UNKNOWN,UNKNOWN,UNKNOWN,UNKNOWN,UNKNOWN,UNKNOWN
S972,Kh. Shurrab,C1_0.5km,without,True,False,False,full,not recorded,UNKNOWN,UNKNOWN,UNKNOWN,UNKNOWN,UNKNOWN,UNKNOWN,UNKNOWN
S972,Kh. Shurrab,C1_2km,with,True,False,False,full,not recorded,UNKNOWN,UNKNOWN,UNKNOWN,UNKNOWN,UNKNOWN,UNKNOWN,UNKNOWN
S972,Kh. Shurrab,C1_2km,without,True,False,False,full,not recorded,UNKNOWN,UNKNOWN,UNKNOWN,UNKNOWN,UNKNOWN,UNKNOWN,UNKNOWN
S972,Kh. Shurrab,C2_tomb_shafts,with,True,False,False,full,not recorded,UNKNOWN,UNKNOWN,UNKNOWN,UNKNOWN,UNKNOWN,UNKNOWN,UNKNOWN
S972,Kh. Shurrab,C2_tomb_shafts,without,True,False,False,full,not recorded,UNKNOWN,UNKNOWN,UNKNOWN,UNKNOWN,UNKNOWN,UNKNOWN,UNKNOWN
S972,Kh. Shurrab,dated_only,with,True,False,False,full,not recorded,UNKNOWN,UNKNOWN,UNKNOWN,UNKNOWN,UNKNOWN,UNKNOWN,UNKNOWN
S972,Kh. Shurrab,dated_only,without,True,False,False,full,not recorded,UNKNOWN,UNKNOWN,UNKNOWN,UNKNOWN,UNKNOWN,UNKNOWN,UNKNOWN
S973,es-Sahl 1,primary,with,True,False,False,full,not recorded,UNKNOWN,UNKNOWN,UNKNOWN,UNKNOWN,UNKNOWN,UNKNOWN,UNKNOWN
S973,es-Sahl 1,primary,without,True,False,False,full,not recorded,UNKNOWN,UNKNOWN,UNKNOWN,UNKNOWN,UNKNOWN,UNKNOWN,UNKNOWN
S973,es-Sahl 1,C1_0.5km,with,True,False,False,full,not recorded,UNKNOWN,UNKNOWN,UNKNOWN,UNKNOWN,UNKNOWN,UNKNOWN,UNKNOWN
S973,es-Sahl 1,C1_0.5km,without,True,False,False,full,not recorded,UNKNOWN,UNKNOWN,UNKNOWN,UNKNOWN,UNKNOWN,UNKNOWN,UNKNOWN
S973,es-Sahl 1,C1_2km,with,True,False,False,full,not recorded,UNKNOWN,UNKNOWN,UNKNOWN,UNKNOWN,UNKNOWN,UNKNOWN,UNKNOWN
S973,es-Sahl 1,C1_2km,without,True,False,False,full,not recorded,UNKNOWN,UNKNOWN,UNKNOWN,UNKNOWN,UNKNOWN,UNKNOWN,UNKNOWN
S973,es-Sahl 1,C2_tomb_shafts,with,True,False,False,full,not recorded,UNKNOWN,UNKNOWN,UNKNOWN,UNKNOWN,UNKNOWN,UNKNOWN,UNKNOWN
S973,es-Sahl 1,C2_tomb_shafts,without,True,False,False,full,not recorded,UNKNOWN,UNKNOWN,UNKNOWN,UNKNOWN,UNKNOWN,UNKNOWN,UNKNOWN
S973,es-Sahl 1,dated_only,with,True,False,False,full,not recorded,UNKNOWN,UNKNOWN,UNKNOWN,UNKNOWN,UNKNOWN,UNKNOWN,UNKNOWN
S973,es-Sahl 1,dated_only,without,True,False,False,full,not recorded,UNKNOWN,UNKNOWN,UNKNOWN,UNKNOWN,UNKNOWN,UNKNOWN,UNKNOWN
S983,Bedhat esh-Sha'ab,primary,with,True,False,True,full,not recorded,UNKNOWN,UNKNOWN,UNKNOWN,UNKNOWN,UNKNOWN,UNKNOWN,UNKNOWN
S983,Bedhat esh-Sha'ab,primary,without,True,False,True,full,not recorded,UNKNOWN,UNKNOWN,UNKNOWN,UNKNOWN,UNKNOWN,UNKNOWN,UNKNOWN
S983,Bedhat esh-Sha'ab,C1_0.5km,with,True,False,True,full,not recorded,UNKNOWN,UNKNOWN,UNKNOWN,UNKNOWN,UNKNOWN,UNKNOWN,UNKNOWN
S983,Bedhat esh-Sha'ab,C1_0.5km,without,True,False,True,full,not recorded,UNKNOWN,UNKNOWN,UNKNOWN,UNKNOWN,UNKNOWN,UNKNOWN,UNKNOWN
S983,Bedhat esh-Sha'ab,C1_2km,with,True,False,True,full,not recorded,UNKNOWN,UNKNOWN,UNKNOWN,UNKNOWN,UNKNOWN,UNKNOWN,UNKNOWN
S983,Bedhat esh-Sha'ab,C1_2km,without,True,False,True,full,not recorded,UNKNOWN,UNKNOWN,UNKNOWN,UNKNOWN,UNKNOWN,UNKNOWN,UNKNOWN
S983,Bedhat esh-Sha'ab,C2_tomb_shafts,with,True,False,True,full,not recorded,UNKNOWN,UNKNOWN,UNKNOWN,UNKNOWN,UNKNOWN,UNKNOWN,UNKNOWN
S983,Bedhat esh-Sha'ab,C2_tomb_shafts,without,True,False,True,full,not recorded,UNKNOWN,UNKNOWN,UNKNOWN,UNKNOWN,UNKNOWN,UNKNOWN,UNKNOWN
S983,Bedhat esh-Sha'ab,dated_only,with,True,False,True,full,not recorded,UNKNOWN,UNKNOWN,UNKNOWN,UNKNOWN,UNKNOWN,UNKNOWN,UNKNOWN
S983,Bedhat esh-Sha'ab,dated_only,without,True,False,True,full,not recorded,UNKNOWN,UNKNOWN,UNKNOWN,UNKNOWN,UNKNOWN,UNKNOWN,UNKNOWN
S990,Tell er-Ras,primary,with,True,False,True,full,not recorded,UNKNOWN,UNKNOWN,UNKNOWN,UNKNOWN,UNKNOWN,UNKNOWN,UNKNOWN
S990,Tell er-Ras,primary,without,True,False,True,full,not recorded,UNKNOWN,UNKNOWN,UNKNOWN,UNKNOWN,UNKNOWN,UNKNOWN,UNKNOWN
S990,Tell er-Ras,C1_0.5km,with,True,False,True,full,not recorded,UNKNOWN,UNKNOWN,UNKNOWN,UNKNOWN,UNKNOWN,UNKNOWN,UNKNOWN
S990,Tell er-Ras,C1_0.5km,without,True,False,True,full,not recorded,UNKNOWN,UNKNOWN,UNKNOWN,UNKNOWN,UNKNOWN,UNKNOWN,UNKNOWN
S990,Tell er-Ras,C1_2km,with,True,False,True,full,not recorded,UNKNOWN,UNKNOWN,UNKNOWN,UNKNOWN,UNKNOWN,UNKNOWN,UNKNOWN
S990,Tell er-Ras,C1_2km,without,True,False,True,full,not recorded,UNKNOWN,UNKNOWN,UNKNOWN,UNKNOWN,UNKNOWN,UNKNOWN,UNKNOWN
S990,Tell er-Ras,C2_tomb_shafts,with,True,False,True,full,not recorded,UNKNOWN,UNKNOWN,UNKNOWN,UNKNOWN,UNKNOWN,UNKNOWN,UNKNOWN
S990,Tell er-Ras,C2_tomb_shafts,without,True,False,True,full,not recorded,UNKNOWN,UNKNOWN,UNKNOWN,UNKNOWN,UNKNOWN,UNKNOWN,UNKNOWN
S990,Tell er-Ras,dated_only,with,True,False,True,full,not recorded,UNKNOWN,UNKNOWN,UNKNOWN,UNKNOWN,UNKNOWN,UNKNOWN,UNKNOWN
S990,Tell er-Ras,dated_only,without,True,False,True,full,not recorded,UNKNOWN,UNKNOWN,UNKNOWN,UNKNOWN,UNKNOWN,UNKNOWN,UNKNOWN
S996,Mantaket Wadi Zeit,primary,with,True,False,False,full,not recorded,UNKNOWN,UNKNOWN,UNKNOWN,UNKNOWN,UNKNOWN,UNKNOWN,UNKNOWN
S996,Mantaket Wadi Zeit,primary,without,True,False,False,full,not recorded,UNKNOWN,UNKNOWN,UNKNOWN,UNKNOWN,UNKNOWN,UNKNOWN,UNKNOWN
S996,Mantaket Wadi Zeit,C1_0.5km,with,True,False,False,full,not recorded,UNKNOWN,UNKNOWN,UNKNOWN,UNKNOWN,UNKNOWN,UNKNOWN,UNKNOWN
S996,Mantaket Wadi Zeit,C1_0.5km,without,True,False,False,full,not recorded,UNKNOWN,UNKNOWN,UNKNOWN,UNKNOWN,UNKNOWN,UNKNOWN,UNKNOWN
S996,Mantaket Wadi Zeit,C1_2km,with,True,False,False,full,not recorded,UNKNOWN,UNKNOWN,UNKNOWN,UNKNOWN,UNKNOWN,UNKNOWN,UNKNOWN
S996,Mantaket Wadi Zeit,C1_2km,without,True,False,False,full,not recorded,UNKNOWN,UNKNOWN,UNKNOWN,UNKNOWN,UNKNOWN,UNKNOWN,UNKNOWN
S996,Mantaket Wadi Zeit,C2_tomb_shafts,with,True,False,False,full,not recorded,UNKNOWN,UNKNOWN,UNKNOWN,UNKNOWN,UNKNOWN,UNKNOWN,UNKNOWN
S996,Mantaket Wadi Zeit,C2_tomb_shafts,without,True,False,False,full,not recorded,UNKNOWN,UNKNOWN,UNKNOWN,UNKNOWN,UNKNOWN,UNKNOWN,UNKNOWN
S996,Mantaket Wadi Zeit,dated_only,with,True,False,False,full,not recorded,UNKNOWN,UNKNOWN,UNKNOWN,UNKNOWN,UNKNOWN,UNKNOWN,UNKNOWN
S996,Mantaket Wadi Zeit,dated_only,without,True,False,False,full,not recorded,UNKNOWN,UNKNOWN,UNKNOWN,UNKNOWN,UNKNOWN,UNKNOWN,UNKNOWN
S1001,Kh. Yanun,primary,with,True,False,False,full,not recorded,UNKNOWN,UNKNOWN,UNKNOWN,UNKNOWN,UNKNOWN,UNKNOWN,UNKNOWN
S1001,Kh. Yanun,primary,without,True,False,False,full,not recorded,UNKNOWN,UNKNOWN,UNKNOWN,UNKNOWN,UNKNOWN,UNKNOWN,UNKNOWN
S1001,Kh. Yanun,C1_0.5km,with,True,False,False,full,not recorded,UNKNOWN,UNKNOWN,UNKNOWN,UNKNOWN,UNKNOWN,UNKNOWN,UNKNOWN
S1001,Kh. Yanun,C1_0.5km,without,True,False,False,full,not recorded,UNKNOWN,UNKNOWN,UNKNOWN,UNKNOWN,UNKNOWN,UNKNOWN,UNKNOWN
S1001,Kh. Yanun,C1_2km,with,True,False,False,full,not recorded,UNKNOWN,UNKNOWN,UNKNOWN,UNKNOWN,UNKNOWN,UNKNOWN,UNKNOWN
S1001,Kh. Yanun,C1_2km,without,True,False,False,full,not recorded,UNKNOWN,UNKNOWN,UNKNOWN,UNKNOWN,UNKNOWN,UNKNOWN,UNKNOWN
S1001,Kh. Yanun,C2_tomb_shafts,with,True,False,False,full,not recorded,UNKNOWN,UNKNOWN,UNKNOWN,UNKNOWN,UNKNOWN,UNKNOWN,UNKNOWN
S1001,Kh. Yanun,C2_tomb_shafts,without,True,False,False,full,not recorded,UNKNOWN,UNKNOWN,UNKNOWN,UNKNOWN,UNKNOWN,UNKNOWN,UNKNOWN
S1001,Kh. Yanun,dated_only,with,True,False,False,full,not recorded,UNKNOWN,UNKNOWN,UNKNOWN,UNKNOWN,UNKNOWN,UNKNOWN,UNKNOWN
S1001,Kh. Yanun,dated_only,without,True,False,False,full,not recorded,UNKNOWN,UNKNOWN,UNKNOWN,UNKNOWN,UNKNOWN,UNKNOWN,UNKNOWN
S1003,el-Medakakin,primary,with,True,False,False,full,to Stage 2,UNKNOWN,UNKNOWN,UNKNOWN,UNKNOWN,UNKNOWN,UNKNOWN,UNKNOWN
S1003,el-Medakakin,primary,without,True,False,False,full,to Stage 2,UNKNOWN,UNKNOWN,UNKNOWN,UNKNOWN,UNKNOWN,UNKNOWN,UNKNOWN
S1003,el-Medakakin,C1_0.5km,with,True,False,False,full,to Stage 2,UNKNOWN,UNKNOWN,UNKNOWN,UNKNOWN,UNKNOWN,UNKNOWN,UNKNOWN
S1003,el-Medakakin,C1_0.5km,without,True,False,False,full,to Stage 2,UNKNOWN,UNKNOWN,UNKNOWN,UNKNOWN,UNKNOWN,UNKNOWN,UNKNOWN
S1003,el-Medakakin,C1_2km,with,True,False,False,full,to Stage 2,UNKNOWN,UNKNOWN,UNKNOWN,UNKNOWN,UNKNOWN,UNKNOWN,UNKNOWN
S1003,el-Medakakin,C1_2km,without,True,False,False,full,to Stage 2,UNKNOWN,UNKNOWN,UNKNOWN,UNKNOWN,UNKNOWN,UNKNOWN,UNKNOWN
S1003,el-Medakakin,C2_tomb_shafts,with,True,False,False,full,to Stage 2,UNKNOWN,UNKNOWN,UNKNOWN,UNKNOWN,UNKNOWN,UNKNOWN,UNKNOWN
S1003,el-Medakakin,C2_tomb_shafts,without,True,False,False,full,to Stage 2,UNKNOWN,UNKNOWN,UNKNOWN,UNKNOWN,UNKNOWN,UNKNOWN,UNKNOWN
S1003,el-Medakakin,dated_only,with,True,False,False,full,to Stage 2,UNKNOWN,UNKNOWN,UNKNOWN,UNKNOWN,UNKNOWN,UNKNOWN,UNKNOWN
S1003,el-Medakakin,dated_only,without,True,False,False,full,to Stage 2,UNKNOWN,UNKNOWN,UNKNOWN,UNKNOWN,UNKNOWN,UNKNOWN,UNKNOWN
S1015,Kh. Abu Taqiya,primary,with,True,False,False,full,not recorded,UNKNOWN,UNKNOWN,UNKNOWN,UNKNOWN,UNKNOWN,UNKNOWN,UNKNOWN
S1015,Kh. Abu Taqiya,primary,without,True,False,False,full,not recorded,UNKNOWN,UNKNOWN,UNKNOWN,UNKNOWN,UNKNOWN,UNKNOWN,UNKNOWN
S1015,Kh. Abu Taqiya,C1_0.5km,with,True,False,False,full,not recorded,UNKNOWN,UNKNOWN,UNKNOWN,UNKNOWN,UNKNOWN,UNKNOWN,UNKNOWN
S1015,Kh. Abu Taqiya,C1_0.5km,without,True,False,False,full,not recorded,UNKNOWN,UNKNOWN,UNKNOWN,UNKNOWN,UNKNOWN,UNKNOWN,UNKNOWN
S1015,Kh. Abu Taqiya,C1_2km,with,True,False,False,full,not recorded,UNKNOWN,UNKNOWN,UNKNOWN,UNKNOWN,UNKNOWN,UNKNOWN,UNKNOWN
S1015,Kh. Abu Taqiya,C1_2km,without,True,False,False,full,not recorded,UNKNOWN,UNKNOWN,UNKNOWN,UNKNOWN,UNKNOWN,UNKNOWN,UNKNOWN
S1015,Kh. Abu Taqiya,C2_tomb_shafts,with,True,False,False,full,not recorded,UNKNOWN,UNKNOWN,UNKNOWN,UNKNOWN,UNKNOWN,UNKNOWN,UNKNOWN
S1015,Kh. Abu Taqiya,C2_tomb_shafts,without,True,False,False,full,not recorded,UNKNOWN,UNKNOWN,UNKNOWN,UNKNOWN,UNKNOWN,UNKNOWN,UNKNOWN
S1015,Kh. Abu Taqiya,dated_only,with,True,False,False,full,not recorded,UNKNOWN,UNKNOWN,UNKNOWN,UNKNOWN,UNKNOWN,UNKNOWN,UNKNOWN
S1015,Kh. Abu Taqiya,dated_only,without,True,False,False,full,not recorded,UNKNOWN,UNKNOWN,UNKNOWN,UNKNOWN,UNKNOWN,UNKNOWN,UNKNOWN
S1019,Joret el-Karaireh,primary,with,True,False,False,full,to Stage 2,UNKNOWN,UNKNOWN,UNKNOWN,UNKNOWN,UNKNOWN,UNKNOWN,UNKNOWN
S1019,Joret el-Karaireh,primary,without,True,False,False,full,to Stage 2,UNKNOWN,UNKNOWN,UNKNOWN,UNKNOWN,UNKNOWN,UNKNOWN,UNKNOWN
S1019,Joret el-Karaireh,C1_0.5km,with,True,False,False,full,to Stage 2,UNKNOWN,UNKNOWN,UNKNOWN,UNKNOWN,UNKNOWN,UNKNOWN,UNKNOWN
S1019,Joret el-Karaireh,C1_0.5km,without,True,False,False,full,to Stage 2,UNKNOWN,UNKNOWN,UNKNOWN,UNKNOWN,UNKNOWN,UNKNOWN,UNKNOWN
S1019,Joret el-Karaireh,C1_2km,with,True,False,False,full,to Stage 2,UNKNOWN,UNKNOWN,UNKNOWN,UNKNOWN,UNKNOWN,UNKNOWN,UNKNOWN
S1019,Joret el-Karaireh,C1_2km,without,True,False,False,full,to Stage 2,UNKNOWN,UNKNOWN,UNKNOWN,UNKNOWN,UNKNOWN,UNKNOWN,UNKNOWN
S1019,Joret el-Karaireh,C2_tomb_shafts,with,True,False,False,full,to Stage 2,UNKNOWN,UNKNOWN,UNKNOWN,UNKNOWN,UNKNOWN,UNKNOWN,UNKNOWN
S1019,Joret el-Karaireh,C2_tomb_shafts,without,True,False,False,full,to Stage 2,UNKNOWN,UNKNOWN,UNKNOWN,UNKNOWN,UNKNOWN,UNKNOWN,UNKNOWN
S1019,Joret el-Karaireh,dated_only,with,True,False,False,full,to Stage 2,UNKNOWN,UNKNOWN,UNKNOWN,UNKNOWN,UNKNOWN,UNKNOWN,UNKNOWN
S1019,Joret el-Karaireh,dated_only,without,True,False,False,full,to Stage 2,UNKNOWN,UNKNOWN,UNKNOWN,UNKNOWN,UNKNOWN,UNKNOWN,UNKNOWN
S1023,-,primary,with,True,False,False,full,not recorded,UNKNOWN,UNKNOWN,UNKNOWN,UNKNOWN,UNKNOWN,UNKNOWN,UNKNOWN
S1023,-,primary,without,True,False,False,full,not recorded,UNKNOWN,UNKNOWN,UNKNOWN,UNKNOWN,UNKNOWN,UNKNOWN,UNKNOWN
S1023,-,C1_0.5km,with,True,False,False,full,not recorded,UNKNOWN,UNKNOWN,UNKNOWN,UNKNOWN,UNKNOWN,UNKNOWN,UNKNOWN
S1023,-,C1_0.5km,without,True,False,False,full,not recorded,UNKNOWN,UNKNOWN,UNKNOWN,UNKNOWN,UNKNOWN,UNKNOWN,UNKNOWN
S1023,-,C1_2km,with,True,False,False,full,not recorded,UNKNOWN,UNKNOWN,UNKNOWN,UNKNOWN,UNKNOWN,UNKNOWN,UNKNOWN
S1023,-,C1_2km,without,True,False,False,full,not recorded,UNKNOWN,UNKNOWN,UNKNOWN,UNKNOWN,UNKNOWN,UNKNOWN,UNKNOWN
S1023,-,C2_tomb_shafts,with,True,False,False,full,not recorded,UNKNOWN,UNKNOWN,UNKNOWN,UNKNOWN,UNKNOWN,UNKNOWN,UNKNOWN
S1023,-,C2_tomb_shafts,without,True,False,False,full,not recorded,UNKNOWN,UNKNOWN,UNKNOWN,UNKNOWN,UNKNOWN,UNKNOWN,UNKNOWN
S1023,-,dated_only,with,True,False,False,full,not recorded,UNKNOWN,UNKNOWN,UNKNOWN,UNKNOWN,UNKNOWN,UNKNOWN,UNKNOWN
S1023,-,dated_only,without,True,False,False,full,not recorded,UNKNOWN,UNKNOWN,UNKNOWN,UNKNOWN,UNKNOWN,UNKNOWN,UNKNOWN
S1024,Kh. 'Ulim,primary,with,True,False,False,full,not recorded,UNKNOWN,UNKNOWN,UNKNOWN,UNKNOWN,UNKNOWN,UNKNOWN,UNKNOWN
S1024,Kh. 'Ulim,primary,without,True,False,False,full,not recorded,UNKNOWN,UNKNOWN,UNKNOWN,UNKNOWN,UNKNOWN,UNKNOWN,UNKNOWN
S1024,Kh. 'Ulim,C1_0.5km,with,True,False,False,full,not recorded,UNKNOWN,UNKNOWN,UNKNOWN,UNKNOWN,UNKNOWN,UNKNOWN,UNKNOWN
S1024,Kh. 'Ulim,C1_0.5km,without,True,False,False,full,not recorded,UNKNOWN,UNKNOWN,UNKNOWN,UNKNOWN,UNKNOWN,UNKNOWN,UNKNOWN
S1024,Kh. 'Ulim,C1_2km,with,True,False,False,full,not recorded,UNKNOWN,UNKNOWN,UNKNOWN,UNKNOWN,UNKNOWN,UNKNOWN,UNKNOWN
S1024,Kh. 'Ulim,C1_2km,without,True,False,False,full,not recorded,UNKNOWN,UNKNOWN,UNKNOWN,UNKNOWN,UNKNOWN,UNKNOWN,UNKNOWN
S1024,Kh. 'Ulim,C2_tomb_shafts,with,True,False,False,full,not recorded,UNKNOWN,UNKNOWN,UNKNOWN,UNKNOWN,UNKNOWN,UNKNOWN,UNKNOWN
S1024,Kh. 'Ulim,C2_tomb_shafts,without,True,False,False,full,not recorded,UNKNOWN,UNKNOWN,UNKNOWN,UNKNOWN,UNKNOWN,UNKNOWN,UNKNOWN
S1024,Kh. 'Ulim,dated_only,with,True,False,False,full,not recorded,UNKNOWN,UNKNOWN,UNKNOWN,UNKNOWN,UNKNOWN,UNKNOWN,UNKNOWN
S1024,Kh. 'Ulim,dated_only,without,True,False,False,full,not recorded,UNKNOWN,UNKNOWN,UNKNOWN,UNKNOWN,UNKNOWN,UNKNOWN,UNKNOWN
S1029,Kh. Tana et-Tahta,primary,with,True,False,False,full,to Stage 2,UNKNOWN,UNKNOWN,MATCH,UNKNOWN,UNKNOWN,UNKNOWN,UNKNOWN
S1029,Kh. Tana et-Tahta,primary,without,True,False,False,full,to Stage 2,UNKNOWN,UNKNOWN,MATCH,UNKNOWN,UNKNOWN,UNKNOWN,UNKNOWN
S1029,Kh. Tana et-Tahta,C1_0.5km,with,True,False,False,full,to Stage 2,UNKNOWN,UNKNOWN,MATCH,UNKNOWN,UNKNOWN,UNKNOWN,UNKNOWN
S1029,Kh. Tana et-Tahta,C1_0.5km,without,True,False,False,full,to Stage 2,UNKNOWN,UNKNOWN,MATCH,UNKNOWN,UNKNOWN,UNKNOWN,UNKNOWN
S1029,Kh. Tana et-Tahta,C1_2km,with,True,False,False,full,to Stage 2,UNKNOWN,UNKNOWN,MATCH,UNKNOWN,UNKNOWN,UNKNOWN,UNKNOWN
S1029,Kh. Tana et-Tahta,C1_2km,without,True,False,False,full,to Stage 2,UNKNOWN,UNKNOWN,MATCH,UNKNOWN,UNKNOWN,UNKNOWN,UNKNOWN
S1029,Kh. Tana et-Tahta,C2_tomb_shafts,with,True,False,False,full,to Stage 2,UNKNOWN,MATCH,MATCH,UNKNOWN,UNKNOWN,UNKNOWN,UNKNOWN
S1029,Kh. Tana et-Tahta,C2_tomb_shafts,without,True,False,False,full,to Stage 2,UNKNOWN,MATCH,MATCH,UNKNOWN,UNKNOWN,UNKNOWN,UNKNOWN
S1029,Kh. Tana et-Tahta,dated_only,with,True,False,False,full,to Stage 2,UNKNOWN,UNKNOWN,MATCH,UNKNOWN,UNKNOWN,UNKNOWN,UNKNOWN
S1029,Kh. Tana et-Tahta,dated_only,without,True,False,False,full,to Stage 2,UNKNOWN,UNKNOWN,MATCH,UNKNOWN,UNKNOWN,UNKNOWN,UNKNOWN
S1031,Umm Sawaneh 1,primary,with,True,False,False,full,to Stage 2,UNKNOWN,UNKNOWN,UNKNOWN,UNKNOWN,UNKNOWN,UNKNOWN,UNKNOWN
S1031,Umm Sawaneh 1,primary,without,True,False,False,full,to Stage 2,UNKNOWN,UNKNOWN,UNKNOWN,UNKNOWN,UNKNOWN,UNKNOWN,UNKNOWN
S1031,Umm Sawaneh 1,C1_0.5km,with,True,False,False,full,to Stage 2,UNKNOWN,UNKNOWN,UNKNOWN,UNKNOWN,UNKNOWN,UNKNOWN,UNKNOWN
S1031,Umm Sawaneh 1,C1_0.5km,without,True,False,False,full,to Stage 2,UNKNOWN,UNKNOWN,UNKNOWN,UNKNOWN,UNKNOWN,UNKNOWN,UNKNOWN
S1031,Umm Sawaneh 1,C1_2km,with,True,False,False,full,to Stage 2,UNKNOWN,UNKNOWN,UNKNOWN,UNKNOWN,UNKNOWN,UNKNOWN,UNKNOWN
S1031,Umm Sawaneh 1,C1_2km,without,True,False,False,full,to Stage 2,UNKNOWN,UNKNOWN,UNKNOWN,UNKNOWN,UNKNOWN,UNKNOWN,UNKNOWN
S1031,Umm Sawaneh 1,C2_tomb_shafts,with,True,False,False,full,to Stage 2,UNKNOWN,UNKNOWN,UNKNOWN,UNKNOWN,UNKNOWN,UNKNOWN,UNKNOWN
S1031,Umm Sawaneh 1,C2_tomb_shafts,without,True,False,False,full,to Stage 2,UNKNOWN,UNKNOWN,UNKNOWN,UNKNOWN,UNKNOWN,UNKNOWN,UNKNOWN
S1031,Umm Sawaneh 1,dated_only,with,True,False,False,full,to Stage 2,UNKNOWN,UNKNOWN,UNKNOWN,UNKNOWN,UNKNOWN,UNKNOWN,UNKNOWN
S1031,Umm Sawaneh 1,dated_only,without,True,False,False,full,to Stage 2,UNKNOWN,UNKNOWN,UNKNOWN,UNKNOWN,UNKNOWN,UNKNOWN,UNKNOWN
S1032,Udala,primary,with,True,False,False,full,to Stage 2,UNKNOWN,MATCH,MATCH,UNKNOWN,UNKNOWN,UNKNOWN,UNKNOWN
S1032,Udala,primary,without,True,False,False,full,to Stage 2,UNKNOWN,MATCH,MATCH,UNKNOWN,UNKNOWN,UNKNOWN,UNKNOWN
S1032,Udala,C1_0.5km,with,True,False,False,full,to Stage 2,UNKNOWN,MATCH,MATCH,UNKNOWN,UNKNOWN,UNKNOWN,UNKNOWN
S1032,Udala,C1_0.5km,without,True,False,False,full,to Stage 2,UNKNOWN,MATCH,MATCH,UNKNOWN,UNKNOWN,UNKNOWN,UNKNOWN
S1032,Udala,C1_2km,with,True,False,False,full,to Stage 2,UNKNOWN,MATCH,MATCH,UNKNOWN,UNKNOWN,UNKNOWN,UNKNOWN
S1032,Udala,C1_2km,without,True,False,False,full,to Stage 2,UNKNOWN,MATCH,MATCH,UNKNOWN,UNKNOWN,UNKNOWN,UNKNOWN
S1032,Udala,C2_tomb_shafts,with,True,False,False,full,to Stage 2,UNKNOWN,MATCH,MATCH,UNKNOWN,UNKNOWN,UNKNOWN,UNKNOWN
S1032,Udala,C2_tomb_shafts,without,True,False,False,full,to Stage 2,UNKNOWN,MATCH,MATCH,UNKNOWN,UNKNOWN,UNKNOWN,UNKNOWN
S1032,Udala,dated_only,with,True,False,False,full,to Stage 2,UNKNOWN,UNKNOWN,UNKNOWN,UNKNOWN,UNKNOWN,UNKNOWN,UNKNOWN
S1032,Udala,dated_only,without,True,False,False,full,to Stage 2,UNKNOWN,UNKNOWN,UNKNOWN,UNKNOWN,UNKNOWN,UNKNOWN,UNKNOWN
S1035,Kh. Matar,primary,with,True,False,False,full,to Stage 2,UNKNOWN,UNKNOWN,UNKNOWN,UNKNOWN,UNKNOWN,UNKNOWN,UNKNOWN
S1035,Kh. Matar,primary,without,True,False,False,full,to Stage 2,UNKNOWN,UNKNOWN,UNKNOWN,UNKNOWN,UNKNOWN,UNKNOWN,UNKNOWN
S1035,Kh. Matar,C1_0.5km,with,True,False,False,full,to Stage 2,UNKNOWN,UNKNOWN,UNKNOWN,UNKNOWN,UNKNOWN,UNKNOWN,UNKNOWN
S1035,Kh. Matar,C1_0.5km,without,True,False,False,full,to Stage 2,UNKNOWN,UNKNOWN,UNKNOWN,UNKNOWN,UNKNOWN,UNKNOWN,UNKNOWN
S1035,Kh. Matar,C1_2km,with,True,False,False,full,to Stage 2,UNKNOWN,UNKNOWN,UNKNOWN,UNKNOWN,UNKNOWN,UNKNOWN,UNKNOWN
S1035,Kh. Matar,C1_2km,without,True,False,False,full,to Stage 2,UNKNOWN,UNKNOWN,UNKNOWN,UNKNOWN,UNKNOWN,UNKNOWN,UNKNOWN
S1035,Kh. Matar,C2_tomb_shafts,with,True,False,False,full,to Stage 2,UNKNOWN,UNKNOWN,UNKNOWN,UNKNOWN,UNKNOWN,UNKNOWN,UNKNOWN
S1035,Kh. Matar,C2_tomb_shafts,without,True,False,False,full,to Stage 2,UNKNOWN,UNKNOWN,UNKNOWN,UNKNOWN,UNKNOWN,UNKNOWN,UNKNOWN
S1035,Kh. Matar,dated_only,with,True,False,False,full,to Stage 2,UNKNOWN,UNKNOWN,UNKNOWN,UNKNOWN,UNKNOWN,UNKNOWN,UNKNOWN
S1035,Kh. Matar,dated_only,without,True,False,False,full,to Stage 2,UNKNOWN,UNKNOWN,UNKNOWN,UNKNOWN,UNKNOWN,UNKNOWN,UNKNOWN
S1042,Umm Sawaneh 4,primary,with,True,False,False,full,to Stage 2,UNKNOWN,UNKNOWN,UNKNOWN,UNKNOWN,UNKNOWN,UNKNOWN,UNKNOWN
S1042,Umm Sawaneh 4,primary,without,True,False,False,full,to Stage 2,UNKNOWN,UNKNOWN,UNKNOWN,UNKNOWN,UNKNOWN,UNKNOWN,UNKNOWN
S1042,Umm Sawaneh 4,C1_0.5km,with,True,False,False,full,to Stage 2,UNKNOWN,UNKNOWN,UNKNOWN,UNKNOWN,UNKNOWN,UNKNOWN,UNKNOWN
S1042,Umm Sawaneh 4,C1_0.5km,without,True,False,False,full,to Stage 2,UNKNOWN,UNKNOWN,UNKNOWN,UNKNOWN,UNKNOWN,UNKNOWN,UNKNOWN
S1042,Umm Sawaneh 4,C1_2km,with,True,False,False,full,to Stage 2,UNKNOWN,UNKNOWN,UNKNOWN,UNKNOWN,UNKNOWN,UNKNOWN,UNKNOWN
S1042,Umm Sawaneh 4,C1_2km,without,True,False,False,full,to Stage 2,UNKNOWN,UNKNOWN,UNKNOWN,UNKNOWN,UNKNOWN,UNKNOWN,UNKNOWN
S1042,Umm Sawaneh 4,C2_tomb_shafts,with,True,False,False,full,to Stage 2,UNKNOWN,UNKNOWN,UNKNOWN,UNKNOWN,UNKNOWN,UNKNOWN,UNKNOWN
S1042,Umm Sawaneh 4,C2_tomb_shafts,without,True,False,False,full,to Stage 2,UNKNOWN,UNKNOWN,UNKNOWN,UNKNOWN,UNKNOWN,UNKNOWN,UNKNOWN
S1042,Umm Sawaneh 4,dated_only,with,True,False,False,full,to Stage 2,UNKNOWN,UNKNOWN,UNKNOWN,UNKNOWN,UNKNOWN,UNKNOWN,UNKNOWN
S1042,Umm Sawaneh 4,dated_only,without,True,False,False,full,to Stage 2,UNKNOWN,UNKNOWN,UNKNOWN,UNKNOWN,UNKNOWN,UNKNOWN,UNKNOWN
S1043,Kh. Muwasi,primary,with,True,False,False,full,not recorded,UNKNOWN,UNKNOWN,UNKNOWN,UNKNOWN,UNKNOWN,UNKNOWN,UNKNOWN
S1043,Kh. Muwasi,primary,without,True,False,False,full,not recorded,UNKNOWN,UNKNOWN,UNKNOWN,UNKNOWN,UNKNOWN,UNKNOWN,UNKNOWN
S1043,Kh. Muwasi,C1_0.5km,with,True,False,False,full,not recorded,UNKNOWN,UNKNOWN,UNKNOWN,UNKNOWN,UNKNOWN,UNKNOWN,UNKNOWN
S1043,Kh. Muwasi,C1_0.5km,without,True,False,False,full,not recorded,UNKNOWN,UNKNOWN,UNKNOWN,UNKNOWN,UNKNOWN,UNKNOWN,UNKNOWN
S1043,Kh. Muwasi,C1_2km,with,True,False,False,full,not recorded,UNKNOWN,UNKNOWN,UNKNOWN,UNKNOWN,UNKNOWN,UNKNOWN,UNKNOWN
S1043,Kh. Muwasi,C1_2km,without,True,False,False,full,not recorded,UNKNOWN,UNKNOWN,UNKNOWN,UNKNOWN,UNKNOWN,UNKNOWN,UNKNOWN
S1043,Kh. Muwasi,C2_tomb_shafts,with,True,False,False,full,not recorded,UNKNOWN,UNKNOWN,UNKNOWN,UNKNOWN,UNKNOWN,UNKNOWN,UNKNOWN
S1043,Kh. Muwasi,C2_tomb_shafts,without,True,False,False,full,not recorded,UNKNOWN,UNKNOWN,UNKNOWN,UNKNOWN,UNKNOWN,UNKNOWN,UNKNOWN
S1043,Kh. Muwasi,dated_only,with,True,False,False,full,not recorded,UNKNOWN,UNKNOWN,UNKNOWN,UNKNOWN,UNKNOWN,UNKNOWN,UNKNOWN
S1043,Kh. Muwasi,dated_only,without,True,False,False,full,not recorded,UNKNOWN,UNKNOWN,UNKNOWN,UNKNOWN,UNKNOWN,UNKNOWN,UNKNOWN
S1048,Kh. el-'Urme,primary,with,True,False,False,full,not recorded,UNKNOWN,UNKNOWN,UNKNOWN,UNKNOWN,UNKNOWN,UNKNOWN,UNKNOWN
S1048,Kh. el-'Urme,primary,without,True,False,False,full,not recorded,UNKNOWN,UNKNOWN,UNKNOWN,UNKNOWN,UNKNOWN,UNKNOWN,UNKNOWN
S1048,Kh. el-'Urme,C1_0.5km,with,True,False,False,full,not recorded,UNKNOWN,UNKNOWN,UNKNOWN,UNKNOWN,UNKNOWN,UNKNOWN,UNKNOWN
S1048,Kh. el-'Urme,C1_0.5km,without,True,False,False,full,not recorded,UNKNOWN,UNKNOWN,UNKNOWN,UNKNOWN,UNKNOWN,UNKNOWN,UNKNOWN
S1048,Kh. el-'Urme,C1_2km,with,True,False,False,full,not recorded,UNKNOWN,UNKNOWN,UNKNOWN,UNKNOWN,UNKNOWN,UNKNOWN,UNKNOWN
S1048,Kh. el-'Urme,C1_2km,without,True,False,False,full,not recorded,UNKNOWN,UNKNOWN,UNKNOWN,UNKNOWN,UNKNOWN,UNKNOWN,UNKNOWN
S1048,Kh. el-'Urme,C2_tomb_shafts,with,True,False,False,full,not recorded,UNKNOWN,UNKNOWN,UNKNOWN,UNKNOWN,UNKNOWN,UNKNOWN,UNKNOWN
S1048,Kh. el-'Urme,C2_tomb_shafts,without,True,False,False,full,not recorded,UNKNOWN,UNKNOWN,UNKNOWN,UNKNOWN,UNKNOWN,UNKNOWN,UNKNOWN
S1048,Kh. el-'Urme,dated_only,with,True,False,False,full,not recorded,UNKNOWN,UNKNOWN,UNKNOWN,UNKNOWN,UNKNOWN,UNKNOWN,UNKNOWN
S1048,Kh. el-'Urme,dated_only,without,True,False,False,full,not recorded,UNKNOWN,UNKNOWN,UNKNOWN,UNKNOWN,UNKNOWN,UNKNOWN,UNKNOWN
S1053,Yanun,primary,with,True,False,False,full,not recorded,UNKNOWN,UNKNOWN,UNKNOWN,UNKNOWN,UNKNOWN,UNKNOWN,UNKNOWN
S1053,Yanun,primary,without,True,False,False,full,not recorded,UNKNOWN,UNKNOWN,UNKNOWN,UNKNOWN,UNKNOWN,UNKNOWN,UNKNOWN
S1053,Yanun,C1_0.5km,with,True,False,False,full,not recorded,UNKNOWN,UNKNOWN,UNKNOWN,UNKNOWN,UNKNOWN,UNKNOWN,UNKNOWN
S1053,Yanun,C1_0.5km,without,True,False,False,full,not recorded,UNKNOWN,UNKNOWN,UNKNOWN,UNKNOWN,UNKNOWN,UNKNOWN,UNKNOWN
S1053,Yanun,C1_2km,with,True,False,False,full,not recorded,UNKNOWN,UNKNOWN,UNKNOWN,UNKNOWN,UNKNOWN,UNKNOWN,UNKNOWN
S1053,Yanun,C1_2km,without,True,False,False,full,not recorded,UNKNOWN,UNKNOWN,UNKNOWN,UNKNOWN,UNKNOWN,UNKNOWN,UNKNOWN
S1053,Yanun,C2_tomb_shafts,with,True,False,False,full,not recorded,UNKNOWN,UNKNOWN,UNKNOWN,UNKNOWN,UNKNOWN,UNKNOWN,UNKNOWN
S1053,Yanun,C2_tomb_shafts,without,True,False,False,full,not recorded,UNKNOWN,UNKNOWN,UNKNOWN,UNKNOWN,UNKNOWN,UNKNOWN,UNKNOWN
S1053,Yanun,dated_only,with,True,False,False,full,not recorded,UNKNOWN,UNKNOWN,UNKNOWN,UNKNOWN,UNKNOWN,UNKNOWN,UNKNOWN
S1053,Yanun,dated_only,without,True,False,False,full,not recorded,UNKNOWN,UNKNOWN,UNKNOWN,UNKNOWN,UNKNOWN,UNKNOWN,UNKNOWN
S1060,E.P. 236,primary,with,True,False,False,full,to Stage 2,UNKNOWN,UNKNOWN,UNKNOWN,UNKNOWN,UNKNOWN,UNKNOWN,UNKNOWN
S1060,E.P. 236,primary,without,True,False,False,full,to Stage 2,UNKNOWN,UNKNOWN,UNKNOWN,UNKNOWN,UNKNOWN,UNKNOWN,UNKNOWN
S1060,E.P. 236,C1_0.5km,with,True,False,False,full,to Stage 2,UNKNOWN,UNKNOWN,UNKNOWN,UNKNOWN,UNKNOWN,UNKNOWN,UNKNOWN
S1060,E.P. 236,C1_0.5km,without,True,False,False,full,to Stage 2,UNKNOWN,UNKNOWN,UNKNOWN,UNKNOWN,UNKNOWN,UNKNOWN,UNKNOWN
S1060,E.P. 236,C1_2km,with,True,False,False,full,to Stage 2,UNKNOWN,UNKNOWN,UNKNOWN,UNKNOWN,UNKNOWN,UNKNOWN,UNKNOWN
S1060,E.P. 236,C1_2km,without,True,False,False,full,to Stage 2,UNKNOWN,UNKNOWN,UNKNOWN,UNKNOWN,UNKNOWN,UNKNOWN,UNKNOWN
S1060,E.P. 236,C2_tomb_shafts,with,True,False,False,full,to Stage 2,UNKNOWN,UNKNOWN,UNKNOWN,UNKNOWN,UNKNOWN,UNKNOWN,UNKNOWN
S1060,E.P. 236,C2_tomb_shafts,without,True,False,False,full,to Stage 2,UNKNOWN,UNKNOWN,UNKNOWN,UNKNOWN,UNKNOWN,UNKNOWN,UNKNOWN
S1060,E.P. 236,dated_only,with,True,False,False,full,to Stage 2,UNKNOWN,UNKNOWN,UNKNOWN,UNKNOWN,UNKNOWN,UNKNOWN,UNKNOWN
S1060,E.P. 236,dated_only,without,True,False,False,full,to Stage 2,UNKNOWN,UNKNOWN,UNKNOWN,UNKNOWN,UNKNOWN,UNKNOWN,UNKNOWN
S1061,-,primary,with,True,False,False,partial,to Stage 2,UNKNOWN,UNKNOWN,UNKNOWN,UNKNOWN,UNKNOWN,UNKNOWN,UNKNOWN
S1061,-,primary,without,True,False,False,partial,to Stage 2,UNKNOWN,UNKNOWN,UNKNOWN,UNKNOWN,UNKNOWN,UNKNOWN,UNKNOWN
S1061,-,C1_0.5km,with,True,False,False,partial,to Stage 2,UNKNOWN,UNKNOWN,UNKNOWN,UNKNOWN,UNKNOWN,UNKNOWN,UNKNOWN
S1061,-,C1_0.5km,without,True,False,False,partial,to Stage 2,UNKNOWN,UNKNOWN,UNKNOWN,UNKNOWN,UNKNOWN,UNKNOWN,UNKNOWN
S1061,-,C1_2km,with,True,False,False,partial,to Stage 2,UNKNOWN,UNKNOWN,UNKNOWN,UNKNOWN,UNKNOWN,UNKNOWN,UNKNOWN
S1061,-,C1_2km,without,True,False,False,partial,to Stage 2,UNKNOWN,UNKNOWN,UNKNOWN,UNKNOWN,UNKNOWN,UNKNOWN,UNKNOWN
S1061,-,C2_tomb_shafts,with,True,False,False,partial,to Stage 2,UNKNOWN,UNKNOWN,UNKNOWN,UNKNOWN,UNKNOWN,UNKNOWN,UNKNOWN
S1061,-,C2_tomb_shafts,without,True,False,False,partial,to Stage 2,UNKNOWN,UNKNOWN,UNKNOWN,UNKNOWN,UNKNOWN,UNKNOWN,UNKNOWN
S1061,-,dated_only,with,True,False,False,partial,to Stage 2,UNKNOWN,UNKNOWN,UNKNOWN,UNKNOWN,UNKNOWN,UNKNOWN,UNKNOWN
S1061,-,dated_only,without,True,False,False,partial,to Stage 2,UNKNOWN,UNKNOWN,UNKNOWN,UNKNOWN,UNKNOWN,UNKNOWN,UNKNOWN
S1080,Tell el-Mazar,primary,with,True,False,True,full,to Stage 2,UNKNOWN,UNKNOWN,UNKNOWN,UNKNOWN,UNKNOWN,UNKNOWN,UNKNOWN
S1080,Tell el-Mazar,primary,without,True,False,True,full,to Stage 2,UNKNOWN,UNKNOWN,UNKNOWN,UNKNOWN,UNKNOWN,UNKNOWN,UNKNOWN
S1080,Tell el-Mazar,C1_0.5km,with,True,False,True,full,to Stage 2,UNKNOWN,UNKNOWN,UNKNOWN,UNKNOWN,UNKNOWN,UNKNOWN,UNKNOWN
S1080,Tell el-Mazar,C1_0.5km,without,True,False,True,full,to Stage 2,UNKNOWN,UNKNOWN,UNKNOWN,UNKNOWN,UNKNOWN,UNKNOWN,UNKNOWN
S1080,Tell el-Mazar,C1_2km,with,True,False,True,full,to Stage 2,UNKNOWN,UNKNOWN,UNKNOWN,UNKNOWN,UNKNOWN,UNKNOWN,UNKNOWN
S1080,Tell el-Mazar,C1_2km,without,True,False,True,full,to Stage 2,UNKNOWN,UNKNOWN,UNKNOWN,UNKNOWN,UNKNOWN,UNKNOWN,UNKNOWN
S1080,Tell el-Mazar,C2_tomb_shafts,with,True,False,True,full,to Stage 2,UNKNOWN,UNKNOWN,UNKNOWN,UNKNOWN,UNKNOWN,UNKNOWN,UNKNOWN
S1080,Tell el-Mazar,C2_tomb_shafts,without,True,False,True,full,to Stage 2,UNKNOWN,UNKNOWN,UNKNOWN,UNKNOWN,UNKNOWN,UNKNOWN,UNKNOWN
S1080,Tell el-Mazar,dated_only,with,True,False,True,full,to Stage 2,UNKNOWN,UNKNOWN,UNKNOWN,UNKNOWN,UNKNOWN,UNKNOWN,UNKNOWN
S1080,Tell el-Mazar,dated_only,without,True,False,True,full,to Stage 2,UNKNOWN,UNKNOWN,UNKNOWN,UNKNOWN,UNKNOWN,UNKNOWN,UNKNOWN
S1081,-,primary,with,True,False,False,partial,not recorded,UNKNOWN,UNKNOWN,UNKNOWN,UNKNOWN,UNKNOWN,UNKNOWN,UNKNOWN
S1081,-,primary,without,True,False,False,partial,not recorded,UNKNOWN,UNKNOWN,UNKNOWN,UNKNOWN,UNKNOWN,UNKNOWN,UNKNOWN
S1081,-,C1_0.5km,with,True,False,False,partial,not recorded,UNKNOWN,UNKNOWN,UNKNOWN,UNKNOWN,UNKNOWN,UNKNOWN,UNKNOWN
S1081,-,C1_0.5km,without,True,False,False,partial,not recorded,UNKNOWN,UNKNOWN,UNKNOWN,UNKNOWN,UNKNOWN,UNKNOWN,UNKNOWN
S1081,-,C1_2km,with,True,False,False,partial,not recorded,UNKNOWN,UNKNOWN,UNKNOWN,UNKNOWN,UNKNOWN,UNKNOWN,UNKNOWN
S1081,-,C1_2km,without,True,False,False,partial,not recorded,UNKNOWN,UNKNOWN,UNKNOWN,UNKNOWN,UNKNOWN,UNKNOWN,UNKNOWN
S1081,-,C2_tomb_shafts,with,True,False,False,partial,not recorded,UNKNOWN,UNKNOWN,UNKNOWN,UNKNOWN,UNKNOWN,UNKNOWN,UNKNOWN
S1081,-,C2_tomb_shafts,without,True,False,False,partial,not recorded,UNKNOWN,UNKNOWN,UNKNOWN,UNKNOWN,UNKNOWN,UNKNOWN,UNKNOWN
S1081,-,dated_only,with,True,False,False,partial,not recorded,UNKNOWN,UNKNOWN,UNKNOWN,UNKNOWN,UNKNOWN,UNKNOWN,UNKNOWN
S1081,-,dated_only,without,True,False,False,partial,not recorded,UNKNOWN,UNKNOWN,UNKNOWN,UNKNOWN,UNKNOWN,UNKNOWN,UNKNOWN
S1084,Kh. Rujan,primary,with,True,False,False,full,not recorded,UNKNOWN,UNKNOWN,UNKNOWN,UNKNOWN,UNKNOWN,UNKNOWN,UNKNOWN
S1084,Kh. Rujan,primary,without,True,False,False,full,not recorded,UNKNOWN,UNKNOWN,UNKNOWN,UNKNOWN,UNKNOWN,UNKNOWN,UNKNOWN
S1084,Kh. Rujan,C1_0.5km,with,True,False,False,full,not recorded,UNKNOWN,UNKNOWN,UNKNOWN,UNKNOWN,UNKNOWN,UNKNOWN,UNKNOWN
S1084,Kh. Rujan,C1_0.5km,without,True,False,False,full,not recorded,UNKNOWN,UNKNOWN,UNKNOWN,UNKNOWN,UNKNOWN,UNKNOWN,UNKNOWN
S1084,Kh. Rujan,C1_2km,with,True,False,False,full,not recorded,UNKNOWN,UNKNOWN,UNKNOWN,UNKNOWN,UNKNOWN,UNKNOWN,UNKNOWN
S1084,Kh. Rujan,C1_2km,without,True,False,False,full,not recorded,UNKNOWN,UNKNOWN,UNKNOWN,UNKNOWN,UNKNOWN,UNKNOWN,UNKNOWN
S1084,Kh. Rujan,C2_tomb_shafts,with,True,False,False,full,not recorded,UNKNOWN,UNKNOWN,UNKNOWN,UNKNOWN,UNKNOWN,UNKNOWN,UNKNOWN
S1084,Kh. Rujan,C2_tomb_shafts,without,True,False,False,full,not recorded,UNKNOWN,UNKNOWN,UNKNOWN,UNKNOWN,UNKNOWN,UNKNOWN,UNKNOWN
S1084,Kh. Rujan,dated_only,with,True,False,False,full,not recorded,UNKNOWN,UNKNOWN,UNKNOWN,UNKNOWN,UNKNOWN,UNKNOWN,UNKNOWN
S1084,Kh. Rujan,dated_only,without,True,False,False,full,not recorded,UNKNOWN,UNKNOWN,UNKNOWN,UNKNOWN,UNKNOWN,UNKNOWN,UNKNOWN
S1089,'Iraq er-Resifeh 4,primary,with,True,False,False,full,to Stage 2,UNKNOWN,MATCH,UNKNOWN,UNKNOWN,UNKNOWN,UNKNOWN,UNKNOWN
S1089,'Iraq er-Resifeh 4,primary,without,True,False,False,full,to Stage 2,UNKNOWN,MATCH,UNKNOWN,UNKNOWN,UNKNOWN,UNKNOWN,UNKNOWN
S1089,'Iraq er-Resifeh 4,C1_0.5km,with,True,False,False,full,to Stage 2,UNKNOWN,MATCH,UNKNOWN,UNKNOWN,UNKNOWN,UNKNOWN,UNKNOWN
S1089,'Iraq er-Resifeh 4,C1_0.5km,without,True,False,False,full,to Stage 2,UNKNOWN,MATCH,UNKNOWN,UNKNOWN,UNKNOWN,UNKNOWN,UNKNOWN
S1089,'Iraq er-Resifeh 4,C1_2km,with,True,False,False,full,to Stage 2,UNKNOWN,MATCH,UNKNOWN,UNKNOWN,UNKNOWN,UNKNOWN,UNKNOWN
S1089,'Iraq er-Resifeh 4,C1_2km,without,True,False,False,full,to Stage 2,UNKNOWN,MATCH,UNKNOWN,UNKNOWN,UNKNOWN,UNKNOWN,UNKNOWN
S1089,'Iraq er-Resifeh 4,C2_tomb_shafts,with,True,False,False,full,to Stage 2,UNKNOWN,MATCH,UNKNOWN,UNKNOWN,UNKNOWN,UNKNOWN,UNKNOWN
S1089,'Iraq er-Resifeh 4,C2_tomb_shafts,without,True,False,False,full,to Stage 2,UNKNOWN,MATCH,UNKNOWN,UNKNOWN,UNKNOWN,UNKNOWN,UNKNOWN
S1089,'Iraq er-Resifeh 4,dated_only,with,True,False,False,full,to Stage 2,UNKNOWN,UNKNOWN,UNKNOWN,UNKNOWN,UNKNOWN,UNKNOWN,UNKNOWN
S1089,'Iraq er-Resifeh 4,dated_only,without,True,False,False,full,to Stage 2,UNKNOWN,UNKNOWN,UNKNOWN,UNKNOWN,UNKNOWN,UNKNOWN,UNKNOWN
S1092,Wadi edh-Dhba' 3,primary,with,True,False,False,full,to Stage 2,UNKNOWN,MATCH,UNKNOWN,UNKNOWN,UNKNOWN,UNKNOWN,UNKNOWN
S1092,Wadi edh-Dhba' 3,primary,without,True,False,False,full,to Stage 2,UNKNOWN,MATCH,UNKNOWN,UNKNOWN,UNKNOWN,UNKNOWN,UNKNOWN
S1092,Wadi edh-Dhba' 3,C1_0.5km,with,True,False,False,full,to Stage 2,UNKNOWN,MATCH,UNKNOWN,UNKNOWN,UNKNOWN,UNKNOWN,UNKNOWN
S1092,Wadi edh-Dhba' 3,C1_0.5km,without,True,False,False,full,to Stage 2,UNKNOWN,MATCH,UNKNOWN,UNKNOWN,UNKNOWN,UNKNOWN,UNKNOWN
S1092,Wadi edh-Dhba' 3,C1_2km,with,True,False,False,full,to Stage 2,UNKNOWN,MATCH,UNKNOWN,UNKNOWN,UNKNOWN,UNKNOWN,UNKNOWN
S1092,Wadi edh-Dhba' 3,C1_2km,without,True,False,False,full,to Stage 2,UNKNOWN,MATCH,UNKNOWN,UNKNOWN,UNKNOWN,UNKNOWN,UNKNOWN
S1092,Wadi edh-Dhba' 3,C2_tomb_shafts,with,True,False,False,full,to Stage 2,UNKNOWN,MATCH,UNKNOWN,UNKNOWN,UNKNOWN,UNKNOWN,UNKNOWN
S1092,Wadi edh-Dhba' 3,C2_tomb_shafts,without,True,False,False,full,to Stage 2,UNKNOWN,MATCH,UNKNOWN,UNKNOWN,UNKNOWN,UNKNOWN,UNKNOWN
S1092,Wadi edh-Dhba' 3,dated_only,with,True,False,False,full,to Stage 2,UNKNOWN,UNKNOWN,UNKNOWN,UNKNOWN,UNKNOWN,UNKNOWN,UNKNOWN
S1092,Wadi edh-Dhba' 3,dated_only,without,True,False,False,full,to Stage 2,UNKNOWN,UNKNOWN,UNKNOWN,UNKNOWN,UNKNOWN,UNKNOWN,UNKNOWN
S1094,Beita et-Tahta,primary,with,True,False,False,full,not recorded,UNKNOWN,UNKNOWN,UNKNOWN,UNKNOWN,UNKNOWN,UNKNOWN,UNKNOWN
S1094,Beita et-Tahta,primary,without,True,False,False,full,not recorded,UNKNOWN,UNKNOWN,UNKNOWN,UNKNOWN,UNKNOWN,UNKNOWN,UNKNOWN
S1094,Beita et-Tahta,C1_0.5km,with,True,False,False,full,not recorded,UNKNOWN,UNKNOWN,UNKNOWN,UNKNOWN,UNKNOWN,UNKNOWN,UNKNOWN
S1094,Beita et-Tahta,C1_0.5km,without,True,False,False,full,not recorded,UNKNOWN,UNKNOWN,UNKNOWN,UNKNOWN,UNKNOWN,UNKNOWN,UNKNOWN
S1094,Beita et-Tahta,C1_2km,with,True,False,False,full,not recorded,UNKNOWN,UNKNOWN,UNKNOWN,UNKNOWN,UNKNOWN,UNKNOWN,UNKNOWN
S1094,Beita et-Tahta,C1_2km,without,True,False,False,full,not recorded,UNKNOWN,UNKNOWN,UNKNOWN,UNKNOWN,UNKNOWN,UNKNOWN,UNKNOWN
S1094,Beita et-Tahta,C2_tomb_shafts,with,True,False,False,full,not recorded,UNKNOWN,UNKNOWN,UNKNOWN,UNKNOWN,UNKNOWN,UNKNOWN,UNKNOWN
S1094,Beita et-Tahta,C2_tomb_shafts,without,True,False,False,full,not recorded,UNKNOWN,UNKNOWN,UNKNOWN,UNKNOWN,UNKNOWN,UNKNOWN,UNKNOWN
S1094,Beita et-Tahta,dated_only,with,True,False,False,full,not recorded,UNKNOWN,UNKNOWN,UNKNOWN,UNKNOWN,UNKNOWN,UNKNOWN,UNKNOWN
S1094,Beita et-Tahta,dated_only,without,True,False,False,full,not recorded,UNKNOWN,UNKNOWN,UNKNOWN,UNKNOWN,UNKNOWN,UNKNOWN,UNKNOWN
S1099,Kh. el-Kurum,primary,with,True,False,False,full,not recorded,UNKNOWN,UNKNOWN,UNKNOWN,UNKNOWN,UNKNOWN,UNKNOWN,UNKNOWN
S1099,Kh. el-Kurum,primary,without,True,False,False,full,not recorded,UNKNOWN,UNKNOWN,UNKNOWN,UNKNOWN,UNKNOWN,UNKNOWN,UNKNOWN
S1099,Kh. el-Kurum,C1_0.5km,with,True,False,False,full,not recorded,UNKNOWN,UNKNOWN,UNKNOWN,UNKNOWN,UNKNOWN,UNKNOWN,UNKNOWN
S1099,Kh. el-Kurum,C1_0.5km,without,True,False,False,full,not recorded,UNKNOWN,UNKNOWN,UNKNOWN,UNKNOWN,UNKNOWN,UNKNOWN,UNKNOWN
S1099,Kh. el-Kurum,C1_2km,with,True,False,False,full,not recorded,UNKNOWN,UNKNOWN,UNKNOWN,UNKNOWN,UNKNOWN,UNKNOWN,UNKNOWN
S1099,Kh. el-Kurum,C1_2km,without,True,False,False,full,not recorded,UNKNOWN,UNKNOWN,UNKNOWN,UNKNOWN,UNKNOWN,UNKNOWN,UNKNOWN
S1099,Kh. el-Kurum,C2_tomb_shafts,with,True,False,False,full,not recorded,UNKNOWN,UNKNOWN,UNKNOWN,UNKNOWN,UNKNOWN,UNKNOWN,UNKNOWN
S1099,Kh. el-Kurum,C2_tomb_shafts,without,True,False,False,full,not recorded,UNKNOWN,UNKNOWN,UNKNOWN,UNKNOWN,UNKNOWN,UNKNOWN,UNKNOWN
S1099,Kh. el-Kurum,dated_only,with,True,False,False,full,not recorded,UNKNOWN,UNKNOWN,UNKNOWN,UNKNOWN,UNKNOWN,UNKNOWN,UNKNOWN
S1099,Kh. el-Kurum,dated_only,without,True,False,False,full,not recorded,UNKNOWN,UNKNOWN,UNKNOWN,UNKNOWN,UNKNOWN,UNKNOWN,UNKNOWN
S1100,'Iraq er-Resifeh 1,primary,with,True,False,False,full,not recorded,UNKNOWN,UNKNOWN,UNKNOWN,UNKNOWN,UNKNOWN,UNKNOWN,UNKNOWN
S1100,'Iraq er-Resifeh 1,primary,without,True,False,False,full,not recorded,UNKNOWN,UNKNOWN,UNKNOWN,UNKNOWN,UNKNOWN,UNKNOWN,UNKNOWN
S1100,'Iraq er-Resifeh 1,C1_0.5km,with,True,False,False,full,not recorded,UNKNOWN,UNKNOWN,UNKNOWN,UNKNOWN,UNKNOWN,UNKNOWN,UNKNOWN
S1100,'Iraq er-Resifeh 1,C1_0.5km,without,True,False,False,full,not recorded,UNKNOWN,UNKNOWN,UNKNOWN,UNKNOWN,UNKNOWN,UNKNOWN,UNKNOWN
S1100,'Iraq er-Resifeh 1,C1_2km,with,True,False,False,full,not recorded,UNKNOWN,UNKNOWN,UNKNOWN,UNKNOWN,UNKNOWN,UNKNOWN,UNKNOWN
S1100,'Iraq er-Resifeh 1,C1_2km,without,True,False,False,full,not recorded,UNKNOWN,UNKNOWN,UNKNOWN,UNKNOWN,UNKNOWN,UNKNOWN,UNKNOWN
S1100,'Iraq er-Resifeh 1,C2_tomb_shafts,with,True,False,False,full,not recorded,UNKNOWN,UNKNOWN,UNKNOWN,UNKNOWN,UNKNOWN,UNKNOWN,UNKNOWN
S1100,'Iraq er-Resifeh 1,C2_tomb_shafts,without,True,False,False,full,not recorded,UNKNOWN,UNKNOWN,UNKNOWN,UNKNOWN,UNKNOWN,UNKNOWN,UNKNOWN
S1100,'Iraq er-Resifeh 1,dated_only,with,True,False,False,full,not recorded,UNKNOWN,UNKNOWN,UNKNOWN,UNKNOWN,UNKNOWN,UNKNOWN,UNKNOWN
S1100,'Iraq er-Resifeh 1,dated_only,without,True,False,False,full,not recorded,UNKNOWN,UNKNOWN,UNKNOWN,UNKNOWN,UNKNOWN,UNKNOWN,UNKNOWN
S1109,-,primary,with,True,False,False,partial,to Stage 2,UNKNOWN,UNKNOWN,UNKNOWN,UNKNOWN,UNKNOWN,UNKNOWN,UNKNOWN
S1109,-,primary,without,True,False,False,partial,to Stage 2,UNKNOWN,UNKNOWN,UNKNOWN,UNKNOWN,UNKNOWN,UNKNOWN,UNKNOWN
S1109,-,C1_0.5km,with,True,False,False,partial,to Stage 2,UNKNOWN,UNKNOWN,UNKNOWN,UNKNOWN,UNKNOWN,UNKNOWN,UNKNOWN
S1109,-,C1_0.5km,without,True,False,False,partial,to Stage 2,UNKNOWN,UNKNOWN,UNKNOWN,UNKNOWN,UNKNOWN,UNKNOWN,UNKNOWN
S1109,-,C1_2km,with,True,False,False,partial,to Stage 2,UNKNOWN,UNKNOWN,UNKNOWN,UNKNOWN,UNKNOWN,UNKNOWN,UNKNOWN
S1109,-,C1_2km,without,True,False,False,partial,to Stage 2,UNKNOWN,UNKNOWN,UNKNOWN,UNKNOWN,UNKNOWN,UNKNOWN,UNKNOWN
S1109,-,C2_tomb_shafts,with,True,False,False,partial,to Stage 2,UNKNOWN,UNKNOWN,UNKNOWN,UNKNOWN,UNKNOWN,UNKNOWN,UNKNOWN
S1109,-,C2_tomb_shafts,without,True,False,False,partial,to Stage 2,UNKNOWN,UNKNOWN,UNKNOWN,UNKNOWN,UNKNOWN,UNKNOWN,UNKNOWN
S1109,-,dated_only,with,True,False,False,partial,to Stage 2,UNKNOWN,UNKNOWN,UNKNOWN,UNKNOWN,UNKNOWN,UNKNOWN,UNKNOWN
S1109,-,dated_only,without,True,False,False,partial,to Stage 2,UNKNOWN,UNKNOWN,UNKNOWN,UNKNOWN,UNKNOWN,UNKNOWN,UNKNOWN
S1115,el-Makhruq 3,primary,with,True,False,False,full,not recorded,UNKNOWN,UNKNOWN,UNKNOWN,UNKNOWN,UNKNOWN,UNKNOWN,UNKNOWN
S1115,el-Makhruq 3,primary,without,True,False,False,full,not recorded,UNKNOWN,UNKNOWN,UNKNOWN,UNKNOWN,UNKNOWN,UNKNOWN,UNKNOWN
S1115,el-Makhruq 3,C1_0.5km,with,True,False,False,full,not recorded,UNKNOWN,UNKNOWN,UNKNOWN,UNKNOWN,UNKNOWN,UNKNOWN,UNKNOWN
S1115,el-Makhruq 3,C1_0.5km,without,True,False,False,full,not recorded,UNKNOWN,UNKNOWN,UNKNOWN,UNKNOWN,UNKNOWN,UNKNOWN,UNKNOWN
S1115,el-Makhruq 3,C1_2km,with,True,False,False,full,not recorded,UNKNOWN,UNKNOWN,UNKNOWN,UNKNOWN,UNKNOWN,UNKNOWN,UNKNOWN
S1115,el-Makhruq 3,C1_2km,without,True,False,False,full,not recorded,UNKNOWN,UNKNOWN,UNKNOWN,UNKNOWN,UNKNOWN,UNKNOWN,UNKNOWN
S1115,el-Makhruq 3,C2_tomb_shafts,with,True,False,False,full,not recorded,UNKNOWN,UNKNOWN,UNKNOWN,UNKNOWN,UNKNOWN,UNKNOWN,UNKNOWN
S1115,el-Makhruq 3,C2_tomb_shafts,without,True,False,False,full,not recorded,UNKNOWN,UNKNOWN,UNKNOWN,UNKNOWN,UNKNOWN,UNKNOWN,UNKNOWN
S1115,el-Makhruq 3,dated_only,with,True,False,False,full,not recorded,UNKNOWN,UNKNOWN,UNKNOWN,UNKNOWN,UNKNOWN,UNKNOWN,UNKNOWN
S1115,el-Makhruq 3,dated_only,without,True,False,False,full,not recorded,UNKNOWN,UNKNOWN,UNKNOWN,UNKNOWN,UNKNOWN,UNKNOWN,UNKNOWN
S1116,Tell eṣ-Ṣimadi,primary,with,True,False,False,full,to Stage 2,UNKNOWN,UNKNOWN,MATCH,UNKNOWN,UNKNOWN,UNKNOWN,UNKNOWN
S1116,Tell eṣ-Ṣimadi,primary,without,True,False,False,full,to Stage 2,UNKNOWN,UNKNOWN,MATCH,UNKNOWN,UNKNOWN,UNKNOWN,UNKNOWN
S1116,Tell eṣ-Ṣimadi,C1_0.5km,with,True,False,False,full,to Stage 2,UNKNOWN,UNKNOWN,MATCH,UNKNOWN,UNKNOWN,UNKNOWN,UNKNOWN
S1116,Tell eṣ-Ṣimadi,C1_0.5km,without,True,False,False,full,to Stage 2,UNKNOWN,UNKNOWN,MATCH,UNKNOWN,UNKNOWN,UNKNOWN,UNKNOWN
S1116,Tell eṣ-Ṣimadi,C1_2km,with,True,False,False,full,to Stage 2,UNKNOWN,UNKNOWN,MATCH,UNKNOWN,UNKNOWN,UNKNOWN,UNKNOWN
S1116,Tell eṣ-Ṣimadi,C1_2km,without,True,False,False,full,to Stage 2,UNKNOWN,UNKNOWN,MATCH,UNKNOWN,UNKNOWN,UNKNOWN,UNKNOWN
S1116,Tell eṣ-Ṣimadi,C2_tomb_shafts,with,True,False,False,full,to Stage 2,UNKNOWN,UNKNOWN,MATCH,UNKNOWN,UNKNOWN,UNKNOWN,UNKNOWN
S1116,Tell eṣ-Ṣimadi,C2_tomb_shafts,without,True,False,False,full,to Stage 2,UNKNOWN,UNKNOWN,MATCH,UNKNOWN,UNKNOWN,UNKNOWN,UNKNOWN
S1116,Tell eṣ-Ṣimadi,dated_only,with,True,False,False,full,to Stage 2,UNKNOWN,UNKNOWN,MATCH,UNKNOWN,UNKNOWN,UNKNOWN,UNKNOWN
S1116,Tell eṣ-Ṣimadi,dated_only,without,True,False,False,full,to Stage 2,UNKNOWN,UNKNOWN,MATCH,UNKNOWN,UNKNOWN,UNKNOWN,UNKNOWN
S1121,Kh. Nu'man,primary,with,True,False,False,full,not recorded,UNKNOWN,UNKNOWN,UNKNOWN,UNKNOWN,UNKNOWN,UNKNOWN,UNKNOWN
S1121,Kh. Nu'man,primary,without,True,False,False,full,not recorded,UNKNOWN,UNKNOWN,UNKNOWN,UNKNOWN,UNKNOWN,UNKNOWN,UNKNOWN
S1121,Kh. Nu'man,C1_0.5km,with,True,False,False,full,not recorded,UNKNOWN,UNKNOWN,UNKNOWN,UNKNOWN,UNKNOWN,UNKNOWN,UNKNOWN
S1121,Kh. Nu'man,C1_0.5km,without,True,False,False,full,not recorded,UNKNOWN,UNKNOWN,UNKNOWN,UNKNOWN,UNKNOWN,UNKNOWN,UNKNOWN
S1121,Kh. Nu'man,C1_2km,with,True,False,False,full,not recorded,UNKNOWN,UNKNOWN,UNKNOWN,UNKNOWN,UNKNOWN,UNKNOWN,UNKNOWN
S1121,Kh. Nu'man,C1_2km,without,True,False,False,full,not recorded,UNKNOWN,UNKNOWN,UNKNOWN,UNKNOWN,UNKNOWN,UNKNOWN,UNKNOWN
S1121,Kh. Nu'man,C2_tomb_shafts,with,True,False,False,full,not recorded,UNKNOWN,UNKNOWN,UNKNOWN,UNKNOWN,UNKNOWN,UNKNOWN,UNKNOWN
S1121,Kh. Nu'man,C2_tomb_shafts,without,True,False,False,full,not recorded,UNKNOWN,UNKNOWN,UNKNOWN,UNKNOWN,UNKNOWN,UNKNOWN,UNKNOWN
S1121,Kh. Nu'man,dated_only,with,True,False,False,full,not recorded,UNKNOWN,UNKNOWN,UNKNOWN,UNKNOWN,UNKNOWN,UNKNOWN,UNKNOWN
S1121,Kh. Nu'man,dated_only,without,True,False,False,full,not recorded,UNKNOWN,UNKNOWN,UNKNOWN,UNKNOWN,UNKNOWN,UNKNOWN,UNKNOWN
S1137,Qarawet et-Tahta,primary,with,True,False,False,full,to Stage 2,UNKNOWN,MATCH,MATCH,UNKNOWN,UNKNOWN,UNKNOWN,UNKNOWN
S1137,Qarawet et-Tahta,primary,without,True,False,False,full,to Stage 2,UNKNOWN,MATCH,MATCH,UNKNOWN,UNKNOWN,UNKNOWN,UNKNOWN
S1137,Qarawet et-Tahta,C1_0.5km,with,True,False,False,full,to Stage 2,UNKNOWN,MATCH,MATCH,UNKNOWN,UNKNOWN,UNKNOWN,UNKNOWN
S1137,Qarawet et-Tahta,C1_0.5km,without,True,False,False,full,to Stage 2,UNKNOWN,MATCH,MATCH,UNKNOWN,UNKNOWN,UNKNOWN,UNKNOWN
S1137,Qarawet et-Tahta,C1_2km,with,True,False,False,full,to Stage 2,UNKNOWN,MATCH,MATCH,UNKNOWN,UNKNOWN,UNKNOWN,UNKNOWN
S1137,Qarawet et-Tahta,C1_2km,without,True,False,False,full,to Stage 2,UNKNOWN,MATCH,MATCH,UNKNOWN,UNKNOWN,UNKNOWN,UNKNOWN
S1137,Qarawet et-Tahta,C2_tomb_shafts,with,True,False,False,full,to Stage 2,UNKNOWN,MATCH,MATCH,UNKNOWN,UNKNOWN,UNKNOWN,UNKNOWN
S1137,Qarawet et-Tahta,C2_tomb_shafts,without,True,False,False,full,to Stage 2,UNKNOWN,MATCH,MATCH,UNKNOWN,UNKNOWN,UNKNOWN,UNKNOWN
S1137,Qarawet et-Tahta,dated_only,with,True,False,False,full,to Stage 2,UNKNOWN,UNKNOWN,UNKNOWN,UNKNOWN,UNKNOWN,UNKNOWN,UNKNOWN
S1137,Qarawet et-Tahta,dated_only,without,True,False,False,full,to Stage 2,UNKNOWN,UNKNOWN,UNKNOWN,UNKNOWN,UNKNOWN,UNKNOWN,UNKNOWN
S1143,'Aqraba,primary,with,True,False,True,full,not recorded,UNKNOWN,UNKNOWN,UNKNOWN,UNKNOWN,UNKNOWN,UNKNOWN,UNKNOWN
S1143,'Aqraba,primary,without,True,False,True,full,not recorded,UNKNOWN,UNKNOWN,UNKNOWN,UNKNOWN,UNKNOWN,UNKNOWN,UNKNOWN
S1143,'Aqraba,C1_0.5km,with,True,False,True,full,not recorded,UNKNOWN,UNKNOWN,UNKNOWN,UNKNOWN,UNKNOWN,UNKNOWN,UNKNOWN
S1143,'Aqraba,C1_0.5km,without,True,False,True,full,not recorded,UNKNOWN,UNKNOWN,UNKNOWN,UNKNOWN,UNKNOWN,UNKNOWN,UNKNOWN
S1143,'Aqraba,C1_2km,with,True,False,True,full,not recorded,UNKNOWN,UNKNOWN,UNKNOWN,UNKNOWN,UNKNOWN,UNKNOWN,UNKNOWN
S1143,'Aqraba,C1_2km,without,True,False,True,full,not recorded,UNKNOWN,UNKNOWN,UNKNOWN,UNKNOWN,UNKNOWN,UNKNOWN,UNKNOWN
S1143,'Aqraba,C2_tomb_shafts,with,True,False,True,full,not recorded,UNKNOWN,UNKNOWN,UNKNOWN,UNKNOWN,UNKNOWN,UNKNOWN,UNKNOWN
S1143,'Aqraba,C2_tomb_shafts,without,True,False,True,full,not recorded,UNKNOWN,UNKNOWN,UNKNOWN,UNKNOWN,UNKNOWN,UNKNOWN,UNKNOWN
S1143,'Aqraba,dated_only,with,True,False,True,full,not recorded,UNKNOWN,UNKNOWN,UNKNOWN,UNKNOWN,UNKNOWN,UNKNOWN,UNKNOWN
S1143,'Aqraba,dated_only,without,True,False,True,full,not recorded,UNKNOWN,UNKNOWN,UNKNOWN,UNKNOWN,UNKNOWN,UNKNOWN,UNKNOWN
S1144,-,primary,with,True,False,False,partial,not recorded,UNKNOWN,UNKNOWN,UNKNOWN,UNKNOWN,UNKNOWN,UNKNOWN,UNKNOWN
S1144,-,primary,without,True,False,False,partial,not recorded,UNKNOWN,UNKNOWN,UNKNOWN,UNKNOWN,UNKNOWN,UNKNOWN,UNKNOWN
S1144,-,C1_0.5km,with,True,False,False,partial,not recorded,UNKNOWN,UNKNOWN,UNKNOWN,UNKNOWN,UNKNOWN,UNKNOWN,UNKNOWN
S1144,-,C1_0.5km,without,True,False,False,partial,not recorded,UNKNOWN,UNKNOWN,UNKNOWN,UNKNOWN,UNKNOWN,UNKNOWN,UNKNOWN
S1144,-,C1_2km,with,True,False,False,partial,not recorded,UNKNOWN,UNKNOWN,UNKNOWN,UNKNOWN,UNKNOWN,UNKNOWN,UNKNOWN
S1144,-,C1_2km,without,True,False,False,partial,not recorded,UNKNOWN,UNKNOWN,UNKNOWN,UNKNOWN,UNKNOWN,UNKNOWN,UNKNOWN
S1144,-,C2_tomb_shafts,with,True,False,False,partial,not recorded,UNKNOWN,UNKNOWN,UNKNOWN,UNKNOWN,UNKNOWN,UNKNOWN,UNKNOWN
S1144,-,C2_tomb_shafts,without,True,False,False,partial,not recorded,UNKNOWN,UNKNOWN,UNKNOWN,UNKNOWN,UNKNOWN,UNKNOWN,UNKNOWN
S1144,-,dated_only,with,True,False,False,partial,not recorded,UNKNOWN,UNKNOWN,UNKNOWN,UNKNOWN,UNKNOWN,UNKNOWN,UNKNOWN
S1144,-,dated_only,without,True,False,False,partial,not recorded,UNKNOWN,UNKNOWN,UNKNOWN,UNKNOWN,UNKNOWN,UNKNOWN,UNKNOWN
S1147,-,primary,with,True,False,False,full,not recorded,UNKNOWN,UNKNOWN,UNKNOWN,UNKNOWN,UNKNOWN,UNKNOWN,UNKNOWN
S1147,-,primary,without,True,False,False,full,not recorded,UNKNOWN,UNKNOWN,UNKNOWN,UNKNOWN,UNKNOWN,UNKNOWN,UNKNOWN
S1147,-,C1_0.5km,with,True,False,False,full,not recorded,UNKNOWN,UNKNOWN,UNKNOWN,UNKNOWN,UNKNOWN,UNKNOWN,UNKNOWN
S1147,-,C1_0.5km,without,True,False,False,full,not recorded,UNKNOWN,UNKNOWN,UNKNOWN,UNKNOWN,UNKNOWN,UNKNOWN,UNKNOWN
S1147,-,C1_2km,with,True,False,False,full,not recorded,UNKNOWN,UNKNOWN,UNKNOWN,UNKNOWN,UNKNOWN,UNKNOWN,UNKNOWN
S1147,-,C1_2km,without,True,False,False,full,not recorded,UNKNOWN,UNKNOWN,UNKNOWN,UNKNOWN,UNKNOWN,UNKNOWN,UNKNOWN
S1147,-,C2_tomb_shafts,with,True,False,False,full,not recorded,UNKNOWN,UNKNOWN,UNKNOWN,UNKNOWN,UNKNOWN,UNKNOWN,UNKNOWN
S1147,-,C2_tomb_shafts,without,True,False,False,full,not recorded,UNKNOWN,UNKNOWN,UNKNOWN,UNKNOWN,UNKNOWN,UNKNOWN,UNKNOWN
S1147,-,dated_only,with,True,False,False,full,not recorded,UNKNOWN,UNKNOWN,UNKNOWN,UNKNOWN,UNKNOWN,UNKNOWN,UNKNOWN
S1147,-,dated_only,without,True,False,False,full,not recorded,UNKNOWN,UNKNOWN,UNKNOWN,UNKNOWN,UNKNOWN,UNKNOWN,UNKNOWN
S1148,-,primary,with,True,False,False,partial,to Stage 2,UNKNOWN,MATCH,UNKNOWN,UNKNOWN,UNKNOWN,UNKNOWN,UNKNOWN
S1148,-,primary,without,True,False,False,partial,to Stage 2,UNKNOWN,MATCH,UNKNOWN,UNKNOWN,UNKNOWN,UNKNOWN,UNKNOWN
S1148,-,C1_0.5km,with,True,False,False,partial,to Stage 2,UNKNOWN,MATCH,UNKNOWN,UNKNOWN,UNKNOWN,UNKNOWN,UNKNOWN
S1148,-,C1_0.5km,without,True,False,False,partial,to Stage 2,UNKNOWN,MATCH,UNKNOWN,UNKNOWN,UNKNOWN,UNKNOWN,UNKNOWN
S1148,-,C1_2km,with,True,False,False,partial,to Stage 2,UNKNOWN,MATCH,UNKNOWN,UNKNOWN,UNKNOWN,UNKNOWN,UNKNOWN
S1148,-,C1_2km,without,True,False,False,partial,to Stage 2,UNKNOWN,MATCH,UNKNOWN,UNKNOWN,UNKNOWN,UNKNOWN,UNKNOWN
S1148,-,C2_tomb_shafts,with,True,False,False,partial,to Stage 2,UNKNOWN,MATCH,UNKNOWN,UNKNOWN,UNKNOWN,UNKNOWN,UNKNOWN
S1148,-,C2_tomb_shafts,without,True,False,False,partial,to Stage 2,UNKNOWN,MATCH,UNKNOWN,UNKNOWN,UNKNOWN,UNKNOWN,UNKNOWN
S1148,-,dated_only,with,True,False,False,partial,to Stage 2,UNKNOWN,UNKNOWN,UNKNOWN,UNKNOWN,UNKNOWN,UNKNOWN,UNKNOWN
S1148,-,dated_only,without,True,False,False,partial,to Stage 2,UNKNOWN,UNKNOWN,UNKNOWN,UNKNOWN,UNKNOWN,UNKNOWN,UNKNOWN
S1163,'Ain Abu Daraj Fort,primary,with,True,False,False,full,to Stage 2,UNKNOWN,UNKNOWN,UNKNOWN,UNKNOWN,UNKNOWN,UNKNOWN,UNKNOWN
S1163,'Ain Abu Daraj Fort,primary,without,True,False,False,full,to Stage 2,UNKNOWN,UNKNOWN,UNKNOWN,UNKNOWN,UNKNOWN,UNKNOWN,UNKNOWN
S1163,'Ain Abu Daraj Fort,C1_0.5km,with,True,False,False,full,to Stage 2,UNKNOWN,UNKNOWN,UNKNOWN,UNKNOWN,UNKNOWN,UNKNOWN,UNKNOWN
S1163,'Ain Abu Daraj Fort,C1_0.5km,without,True,False,False,full,to Stage 2,UNKNOWN,UNKNOWN,UNKNOWN,UNKNOWN,UNKNOWN,UNKNOWN,UNKNOWN
S1163,'Ain Abu Daraj Fort,C1_2km,with,True,False,False,full,to Stage 2,UNKNOWN,UNKNOWN,UNKNOWN,UNKNOWN,UNKNOWN,UNKNOWN,UNKNOWN
S1163,'Ain Abu Daraj Fort,C1_2km,without,True,False,False,full,to Stage 2,UNKNOWN,UNKNOWN,UNKNOWN,UNKNOWN,UNKNOWN,UNKNOWN,UNKNOWN
S1163,'Ain Abu Daraj Fort,C2_tomb_shafts,with,True,False,False,full,to Stage 2,UNKNOWN,UNKNOWN,UNKNOWN,UNKNOWN,UNKNOWN,UNKNOWN,UNKNOWN
S1163,'Ain Abu Daraj Fort,C2_tomb_shafts,without,True,False,False,full,to Stage 2,UNKNOWN,UNKNOWN,UNKNOWN,UNKNOWN,UNKNOWN,UNKNOWN,UNKNOWN
S1163,'Ain Abu Daraj Fort,dated_only,with,True,False,False,full,to Stage 2,UNKNOWN,UNKNOWN,UNKNOWN,UNKNOWN,UNKNOWN,UNKNOWN,UNKNOWN
S1163,'Ain Abu Daraj Fort,dated_only,without,True,False,False,full,to Stage 2,UNKNOWN,UNKNOWN,UNKNOWN,UNKNOWN,UNKNOWN,UNKNOWN,UNKNOWN
S1169,Wadi Khallal el-Fal 1,primary,with,True,False,False,full,to Stage 2,UNKNOWN,MATCH,UNKNOWN,UNKNOWN,UNKNOWN,UNKNOWN,UNKNOWN
S1169,Wadi Khallal el-Fal 1,primary,without,True,False,False,full,to Stage 2,UNKNOWN,MATCH,UNKNOWN,UNKNOWN,UNKNOWN,UNKNOWN,UNKNOWN
S1169,Wadi Khallal el-Fal 1,C1_0.5km,with,True,False,False,full,to Stage 2,UNKNOWN,MATCH,UNKNOWN,UNKNOWN,UNKNOWN,UNKNOWN,UNKNOWN
S1169,Wadi Khallal el-Fal 1,C1_0.5km,without,True,False,False,full,to Stage 2,UNKNOWN,MATCH,UNKNOWN,UNKNOWN,UNKNOWN,UNKNOWN,UNKNOWN
S1169,Wadi Khallal el-Fal 1,C1_2km,with,True,False,False,full,to Stage 2,UNKNOWN,MATCH,UNKNOWN,UNKNOWN,UNKNOWN,UNKNOWN,UNKNOWN
S1169,Wadi Khallal el-Fal 1,C1_2km,without,True,False,False,full,to Stage 2,UNKNOWN,MATCH,UNKNOWN,UNKNOWN,UNKNOWN,UNKNOWN,UNKNOWN
S1169,Wadi Khallal el-Fal 1,C2_tomb_shafts,with,True,False,False,full,to Stage 2,UNKNOWN,MATCH,UNKNOWN,UNKNOWN,UNKNOWN,UNKNOWN,UNKNOWN
S1169,Wadi Khallal el-Fal 1,C2_tomb_shafts,without,True,False,False,full,to Stage 2,UNKNOWN,MATCH,UNKNOWN,UNKNOWN,UNKNOWN,UNKNOWN,UNKNOWN
S1169,Wadi Khallal el-Fal 1,dated_only,with,True,False,False,full,to Stage 2,UNKNOWN,UNKNOWN,UNKNOWN,UNKNOWN,UNKNOWN,UNKNOWN,UNKNOWN
S1169,Wadi Khallal el-Fal 1,dated_only,without,True,False,False,full,to Stage 2,UNKNOWN,UNKNOWN,UNKNOWN,UNKNOWN,UNKNOWN,UNKNOWN,UNKNOWN
S1170,Umm Hallal,primary,with,True,False,False,full,to Stage 2,UNKNOWN,UNKNOWN,UNKNOWN,UNKNOWN,UNKNOWN,UNKNOWN,UNKNOWN
S1170,Umm Hallal,primary,without,True,False,False,full,to Stage 2,UNKNOWN,UNKNOWN,UNKNOWN,UNKNOWN,UNKNOWN,UNKNOWN,UNKNOWN
S1170,Umm Hallal,C1_0.5km,with,True,False,False,full,to Stage 2,UNKNOWN,UNKNOWN,UNKNOWN,UNKNOWN,UNKNOWN,UNKNOWN,UNKNOWN
S1170,Umm Hallal,C1_0.5km,without,True,False,False,full,to Stage 2,UNKNOWN,UNKNOWN,UNKNOWN,UNKNOWN,UNKNOWN,UNKNOWN,UNKNOWN
S1170,Umm Hallal,C1_2km,with,True,False,False,full,to Stage 2,UNKNOWN,UNKNOWN,UNKNOWN,UNKNOWN,UNKNOWN,UNKNOWN,UNKNOWN
S1170,Umm Hallal,C1_2km,without,True,False,False,full,to Stage 2,UNKNOWN,UNKNOWN,UNKNOWN,UNKNOWN,UNKNOWN,UNKNOWN,UNKNOWN
S1170,Umm Hallal,C2_tomb_shafts,with,True,False,False,full,to Stage 2,UNKNOWN,UNKNOWN,UNKNOWN,UNKNOWN,UNKNOWN,UNKNOWN,UNKNOWN
S1170,Umm Hallal,C2_tomb_shafts,without,True,False,False,full,to Stage 2,UNKNOWN,UNKNOWN,UNKNOWN,UNKNOWN,UNKNOWN,UNKNOWN,UNKNOWN
S1170,Umm Hallal,dated_only,with,True,False,False,full,to Stage 2,UNKNOWN,UNKNOWN,UNKNOWN,UNKNOWN,UNKNOWN,UNKNOWN,UNKNOWN
S1170,Umm Hallal,dated_only,without,True,False,False,full,to Stage 2,UNKNOWN,UNKNOWN,UNKNOWN,UNKNOWN,UNKNOWN,UNKNOWN,UNKNOWN
S5986,Wadi Zamor 4,primary,with,True,False,False,partial,to Stage 2,UNKNOWN,UNKNOWN,UNKNOWN,UNKNOWN,UNKNOWN,UNKNOWN,UNKNOWN
S5986,Wadi Zamor 4,primary,without,True,False,False,partial,to Stage 2,UNKNOWN,UNKNOWN,UNKNOWN,UNKNOWN,UNKNOWN,UNKNOWN,UNKNOWN
S5986,Wadi Zamor 4,C1_0.5km,with,True,False,False,partial,to Stage 2,UNKNOWN,UNKNOWN,UNKNOWN,UNKNOWN,UNKNOWN,UNKNOWN,UNKNOWN
S5986,Wadi Zamor 4,C1_0.5km,without,True,False,False,partial,to Stage 2,UNKNOWN,UNKNOWN,UNKNOWN,UNKNOWN,UNKNOWN,UNKNOWN,UNKNOWN
S5986,Wadi Zamor 4,C1_2km,with,True,False,False,partial,to Stage 2,UNKNOWN,UNKNOWN,UNKNOWN,UNKNOWN,UNKNOWN,UNKNOWN,UNKNOWN
S5986,Wadi Zamor 4,C1_2km,without,True,False,False,partial,to Stage 2,UNKNOWN,UNKNOWN,UNKNOWN,UNKNOWN,UNKNOWN,UNKNOWN,UNKNOWN
S5986,Wadi Zamor 4,C2_tomb_shafts,with,True,False,False,partial,to Stage 2,UNKNOWN,UNKNOWN,UNKNOWN,UNKNOWN,UNKNOWN,UNKNOWN,UNKNOWN
S5986,Wadi Zamor 4,C2_tomb_shafts,without,True,False,False,partial,to Stage 2,UNKNOWN,UNKNOWN,UNKNOWN,UNKNOWN,UNKNOWN,UNKNOWN,UNKNOWN
S5986,Wadi Zamor 4,dated_only,with,True,False,False,partial,to Stage 2,UNKNOWN,UNKNOWN,UNKNOWN,UNKNOWN,UNKNOWN,UNKNOWN,UNKNOWN
S5986,Wadi Zamor 4,dated_only,without,True,False,False,partial,to Stage 2,UNKNOWN,UNKNOWN,UNKNOWN,UNKNOWN,UNKNOWN,UNKNOWN,UNKNOWN
S1173,Rujm es-Si'a,primary,with,True,False,False,full,to Stage 2,UNKNOWN,UNKNOWN,UNKNOWN,UNKNOWN,UNKNOWN,UNKNOWN,UNKNOWN
S1173,Rujm es-Si'a,primary,without,True,False,False,full,to Stage 2,UNKNOWN,UNKNOWN,UNKNOWN,UNKNOWN,UNKNOWN,UNKNOWN,UNKNOWN
S1173,Rujm es-Si'a,C1_0.5km,with,True,False,False,full,to Stage 2,UNKNOWN,UNKNOWN,UNKNOWN,UNKNOWN,UNKNOWN,UNKNOWN,UNKNOWN
S1173,Rujm es-Si'a,C1_0.5km,without,True,False,False,full,to Stage 2,UNKNOWN,UNKNOWN,UNKNOWN,UNKNOWN,UNKNOWN,UNKNOWN,UNKNOWN
S1173,Rujm es-Si'a,C1_2km,with,True,False,False,full,to Stage 2,UNKNOWN,UNKNOWN,UNKNOWN,UNKNOWN,UNKNOWN,UNKNOWN,UNKNOWN
S1173,Rujm es-Si'a,C1_2km,without,True,False,False,full,to Stage 2,UNKNOWN,UNKNOWN,UNKNOWN,UNKNOWN,UNKNOWN,UNKNOWN,UNKNOWN
S1173,Rujm es-Si'a,C2_tomb_shafts,with,True,False,False,full,to Stage 2,UNKNOWN,UNKNOWN,UNKNOWN,UNKNOWN,UNKNOWN,UNKNOWN,UNKNOWN
S1173,Rujm es-Si'a,C2_tomb_shafts,without,True,False,False,full,to Stage 2,UNKNOWN,UNKNOWN,UNKNOWN,UNKNOWN,UNKNOWN,UNKNOWN,UNKNOWN
S1173,Rujm es-Si'a,dated_only,with,True,False,False,full,to Stage 2,UNKNOWN,UNKNOWN,UNKNOWN,UNKNOWN,UNKNOWN,UNKNOWN,UNKNOWN
S1173,Rujm es-Si'a,dated_only,without,True,False,False,full,to Stage 2,UNKNOWN,UNKNOWN,UNKNOWN,UNKNOWN,UNKNOWN,UNKNOWN,UNKNOWN
S1177,Kh. Kafr Gharib,primary,with,True,False,False,full,not recorded,UNKNOWN,UNKNOWN,UNKNOWN,UNKNOWN,UNKNOWN,UNKNOWN,UNKNOWN
S1177,Kh. Kafr Gharib,primary,without,True,False,False,full,not recorded,UNKNOWN,UNKNOWN,UNKNOWN,UNKNOWN,UNKNOWN,UNKNOWN,UNKNOWN
S1177,Kh. Kafr Gharib,C1_0.5km,with,True,False,False,full,not recorded,UNKNOWN,UNKNOWN,UNKNOWN,UNKNOWN,UNKNOWN,UNKNOWN,UNKNOWN
S1177,Kh. Kafr Gharib,C1_0.5km,without,True,False,False,full,not recorded,UNKNOWN,UNKNOWN,UNKNOWN,UNKNOWN,UNKNOWN,UNKNOWN,UNKNOWN
S1177,Kh. Kafr Gharib,C1_2km,with,True,False,False,full,not recorded,UNKNOWN,UNKNOWN,UNKNOWN,UNKNOWN,UNKNOWN,UNKNOWN,UNKNOWN
S1177,Kh. Kafr Gharib,C1_2km,without,True,False,False,full,not recorded,UNKNOWN,UNKNOWN,UNKNOWN,UNKNOWN,UNKNOWN,UNKNOWN,UNKNOWN
S1177,Kh. Kafr Gharib,C2_tomb_shafts,with,True,False,False,full,not recorded,UNKNOWN,UNKNOWN,UNKNOWN,UNKNOWN,UNKNOWN,UNKNOWN,UNKNOWN
S1177,Kh. Kafr Gharib,C2_tomb_shafts,without,True,False,False,full,not recorded,UNKNOWN,UNKNOWN,UNKNOWN,UNKNOWN,UNKNOWN,UNKNOWN,UNKNOWN
S1177,Kh. Kafr Gharib,dated_only,with,True,False,False,full,not recorded,UNKNOWN,UNKNOWN,UNKNOWN,UNKNOWN,UNKNOWN,UNKNOWN,UNKNOWN
S1177,Kh. Kafr Gharib,dated_only,without,True,False,False,full,not recorded,UNKNOWN,UNKNOWN,UNKNOWN,UNKNOWN,UNKNOWN,UNKNOWN,UNKNOWN
S1200,Kh. 'Afrata,primary,with,True,False,False,full,to Stage 2,UNKNOWN,MATCH,UNKNOWN,UNKNOWN,UNKNOWN,UNKNOWN,UNKNOWN
S1200,Kh. 'Afrata,primary,without,True,False,False,full,to Stage 2,UNKNOWN,MATCH,UNKNOWN,UNKNOWN,UNKNOWN,UNKNOWN,UNKNOWN
S1200,Kh. 'Afrata,C1_0.5km,with,True,False,False,full,to Stage 2,UNKNOWN,MATCH,UNKNOWN,UNKNOWN,UNKNOWN,UNKNOWN,UNKNOWN
S1200,Kh. 'Afrata,C1_0.5km,without,True,False,False,full,to Stage 2,UNKNOWN,MATCH,UNKNOWN,UNKNOWN,UNKNOWN,UNKNOWN,UNKNOWN
S1200,Kh. 'Afrata,C1_2km,with,True,False,False,full,to Stage 2,UNKNOWN,MATCH,UNKNOWN,UNKNOWN,UNKNOWN,UNKNOWN,UNKNOWN
S1200,Kh. 'Afrata,C1_2km,without,True,False,False,full,to Stage 2,UNKNOWN,MATCH,UNKNOWN,UNKNOWN,UNKNOWN,UNKNOWN,UNKNOWN
S1200,Kh. 'Afrata,C2_tomb_shafts,with,True,False,False,full,to Stage 2,UNKNOWN,MATCH,UNKNOWN,UNKNOWN,UNKNOWN,UNKNOWN,UNKNOWN
S1200,Kh. 'Afrata,C2_tomb_shafts,without,True,False,False,full,to Stage 2,UNKNOWN,MATCH,UNKNOWN,UNKNOWN,UNKNOWN,UNKNOWN,UNKNOWN
S1200,Kh. 'Afrata,dated_only,with,True,False,False,full,to Stage 2,UNKNOWN,UNKNOWN,UNKNOWN,UNKNOWN,UNKNOWN,UNKNOWN,UNKNOWN
S1200,Kh. 'Afrata,dated_only,without,True,False,False,full,to Stage 2,UNKNOWN,UNKNOWN,UNKNOWN,UNKNOWN,UNKNOWN,UNKNOWN,UNKNOWN
S1209,Kh. Samara,primary,with,True,False,False,full,to Stage 2,UNKNOWN,UNKNOWN,UNKNOWN,UNKNOWN,UNKNOWN,UNKNOWN,UNKNOWN
S1209,Kh. Samara,primary,without,True,False,False,full,to Stage 2,UNKNOWN,UNKNOWN,UNKNOWN,UNKNOWN,UNKNOWN,UNKNOWN,UNKNOWN
S1209,Kh. Samara,C1_0.5km,with,True,False,False,full,to Stage 2,UNKNOWN,UNKNOWN,UNKNOWN,UNKNOWN,UNKNOWN,UNKNOWN,UNKNOWN
S1209,Kh. Samara,C1_0.5km,without,True,False,False,full,to Stage 2,UNKNOWN,UNKNOWN,UNKNOWN,UNKNOWN,UNKNOWN,UNKNOWN,UNKNOWN
S1209,Kh. Samara,C1_2km,with,True,False,False,full,to Stage 2,UNKNOWN,UNKNOWN,UNKNOWN,UNKNOWN,UNKNOWN,UNKNOWN,UNKNOWN
S1209,Kh. Samara,C1_2km,without,True,False,False,full,to Stage 2,UNKNOWN,UNKNOWN,UNKNOWN,UNKNOWN,UNKNOWN,UNKNOWN,UNKNOWN
S1209,Kh. Samara,C2_tomb_shafts,with,True,False,False,full,to Stage 2,UNKNOWN,UNKNOWN,UNKNOWN,UNKNOWN,UNKNOWN,UNKNOWN,UNKNOWN
S1209,Kh. Samara,C2_tomb_shafts,without,True,False,False,full,to Stage 2,UNKNOWN,UNKNOWN,UNKNOWN,UNKNOWN,UNKNOWN,UNKNOWN,UNKNOWN
S1209,Kh. Samara,dated_only,with,True,False,False,full,to Stage 2,UNKNOWN,UNKNOWN,UNKNOWN,UNKNOWN,UNKNOWN,UNKNOWN,UNKNOWN
S1209,Kh. Samara,dated_only,without,True,False,False,full,to Stage 2,UNKNOWN,UNKNOWN,UNKNOWN,UNKNOWN,UNKNOWN,UNKNOWN,UNKNOWN
S1217,Kh. 'Afrit,primary,with,True,False,False,full,to Stage 2,UNKNOWN,MATCH,UNKNOWN,UNKNOWN,UNKNOWN,UNKNOWN,UNKNOWN
S1217,Kh. 'Afrit,primary,without,True,False,False,full,to Stage 2,UNKNOWN,MATCH,UNKNOWN,UNKNOWN,UNKNOWN,UNKNOWN,UNKNOWN
S1217,Kh. 'Afrit,C1_0.5km,with,True,False,False,full,to Stage 2,UNKNOWN,MATCH,UNKNOWN,UNKNOWN,UNKNOWN,UNKNOWN,UNKNOWN
S1217,Kh. 'Afrit,C1_0.5km,without,True,False,False,full,to Stage 2,UNKNOWN,MATCH,UNKNOWN,UNKNOWN,UNKNOWN,UNKNOWN,UNKNOWN
S1217,Kh. 'Afrit,C1_2km,with,True,False,False,full,to Stage 2,UNKNOWN,MATCH,UNKNOWN,UNKNOWN,UNKNOWN,UNKNOWN,UNKNOWN
S1217,Kh. 'Afrit,C1_2km,without,True,False,False,full,to Stage 2,UNKNOWN,MATCH,UNKNOWN,UNKNOWN,UNKNOWN,UNKNOWN,UNKNOWN
S1217,Kh. 'Afrit,C2_tomb_shafts,with,True,False,False,full,to Stage 2,UNKNOWN,MATCH,UNKNOWN,UNKNOWN,UNKNOWN,UNKNOWN,UNKNOWN
S1217,Kh. 'Afrit,C2_tomb_shafts,without,True,False,False,full,to Stage 2,UNKNOWN,MATCH,UNKNOWN,UNKNOWN,UNKNOWN,UNKNOWN,UNKNOWN
S1217,Kh. 'Afrit,dated_only,with,True,False,False,full,to Stage 2,UNKNOWN,UNKNOWN,UNKNOWN,UNKNOWN,UNKNOWN,UNKNOWN,UNKNOWN
S1217,Kh. 'Afrit,dated_only,without,True,False,False,full,to Stage 2,UNKNOWN,UNKNOWN,UNKNOWN,UNKNOWN,UNKNOWN,UNKNOWN,UNKNOWN
S1218,Yatma,primary,with,True,False,False,full,to Stage 2,MATCH,UNKNOWN,UNKNOWN,UNKNOWN,UNKNOWN,UNKNOWN,UNKNOWN
S1218,Yatma,primary,without,True,False,False,full,to Stage 2,MATCH,UNKNOWN,UNKNOWN,UNKNOWN,UNKNOWN,UNKNOWN,UNKNOWN
S1218,Yatma,C1_0.5km,with,True,False,False,full,to Stage 2,UNKNOWN,UNKNOWN,UNKNOWN,UNKNOWN,UNKNOWN,UNKNOWN,UNKNOWN
S1218,Yatma,C1_0.5km,without,True,False,False,full,to Stage 2,UNKNOWN,UNKNOWN,UNKNOWN,UNKNOWN,UNKNOWN,UNKNOWN,UNKNOWN
S1218,Yatma,C1_2km,with,True,False,False,full,to Stage 2,MATCH,UNKNOWN,UNKNOWN,UNKNOWN,UNKNOWN,UNKNOWN,UNKNOWN
S1218,Yatma,C1_2km,without,True,False,False,full,to Stage 2,MATCH,UNKNOWN,UNKNOWN,UNKNOWN,UNKNOWN,UNKNOWN,UNKNOWN
S1218,Yatma,C2_tomb_shafts,with,True,False,False,full,to Stage 2,MATCH,UNKNOWN,UNKNOWN,UNKNOWN,UNKNOWN,UNKNOWN,UNKNOWN
S1218,Yatma,C2_tomb_shafts,without,True,False,False,full,to Stage 2,MATCH,UNKNOWN,UNKNOWN,UNKNOWN,UNKNOWN,UNKNOWN,UNKNOWN
S1218,Yatma,dated_only,with,True,False,False,full,to Stage 2,UNKNOWN,UNKNOWN,UNKNOWN,UNKNOWN,UNKNOWN,UNKNOWN,UNKNOWN
S1218,Yatma,dated_only,without,True,False,False,full,to Stage 2,UNKNOWN,UNKNOWN,UNKNOWN,UNKNOWN,UNKNOWN,UNKNOWN,UNKNOWN
S1227,Kh. Sabbuba,primary,with,True,False,False,full,not recorded,UNKNOWN,UNKNOWN,UNKNOWN,UNKNOWN,UNKNOWN,UNKNOWN,UNKNOWN
S1227,Kh. Sabbuba,primary,without,True,False,False,full,not recorded,UNKNOWN,UNKNOWN,UNKNOWN,UNKNOWN,UNKNOWN,UNKNOWN,UNKNOWN
S1227,Kh. Sabbuba,C1_0.5km,with,True,False,False,full,not recorded,UNKNOWN,UNKNOWN,UNKNOWN,UNKNOWN,UNKNOWN,UNKNOWN,UNKNOWN
S1227,Kh. Sabbuba,C1_0.5km,without,True,False,False,full,not recorded,UNKNOWN,UNKNOWN,UNKNOWN,UNKNOWN,UNKNOWN,UNKNOWN,UNKNOWN
S1227,Kh. Sabbuba,C1_2km,with,True,False,False,full,not recorded,UNKNOWN,UNKNOWN,UNKNOWN,UNKNOWN,UNKNOWN,UNKNOWN,UNKNOWN
S1227,Kh. Sabbuba,C1_2km,without,True,False,False,full,not recorded,UNKNOWN,UNKNOWN,UNKNOWN,UNKNOWN,UNKNOWN,UNKNOWN,UNKNOWN
S1227,Kh. Sabbuba,C2_tomb_shafts,with,True,False,False,full,not recorded,UNKNOWN,UNKNOWN,UNKNOWN,UNKNOWN,UNKNOWN,UNKNOWN,UNKNOWN
S1227,Kh. Sabbuba,C2_tomb_shafts,without,True,False,False,full,not recorded,UNKNOWN,UNKNOWN,UNKNOWN,UNKNOWN,UNKNOWN,UNKNOWN,UNKNOWN
S1227,Kh. Sabbuba,dated_only,with,True,False,False,full,not recorded,UNKNOWN,UNKNOWN,UNKNOWN,UNKNOWN,UNKNOWN,UNKNOWN,UNKNOWN
S1227,Kh. Sabbuba,dated_only,without,True,False,False,full,not recorded,UNKNOWN,UNKNOWN,UNKNOWN,UNKNOWN,UNKNOWN,UNKNOWN,UNKNOWN
S1245,Kh. Tuweiyil,primary,with,True,False,False,full,to Stage 2,UNKNOWN,UNKNOWN,UNKNOWN,UNKNOWN,UNKNOWN,UNKNOWN,UNKNOWN
S1245,Kh. Tuweiyil,primary,without,True,False,False,full,to Stage 2,UNKNOWN,UNKNOWN,UNKNOWN,UNKNOWN,UNKNOWN,UNKNOWN,UNKNOWN
S1245,Kh. Tuweiyil,C1_0.5km,with,True,False,False,full,to Stage 2,UNKNOWN,UNKNOWN,UNKNOWN,UNKNOWN,UNKNOWN,UNKNOWN,UNKNOWN
S1245,Kh. Tuweiyil,C1_0.5km,without,True,False,False,full,to Stage 2,UNKNOWN,UNKNOWN,UNKNOWN,UNKNOWN,UNKNOWN,UNKNOWN,UNKNOWN
S1245,Kh. Tuweiyil,C1_2km,with,True,False,False,full,to Stage 2,UNKNOWN,UNKNOWN,UNKNOWN,UNKNOWN,UNKNOWN,UNKNOWN,UNKNOWN
S1245,Kh. Tuweiyil,C1_2km,without,True,False,False,full,to Stage 2,UNKNOWN,UNKNOWN,UNKNOWN,UNKNOWN,UNKNOWN,UNKNOWN,UNKNOWN
S1245,Kh. Tuweiyil,C2_tomb_shafts,with,True,False,False,full,to Stage 2,UNKNOWN,UNKNOWN,UNKNOWN,UNKNOWN,UNKNOWN,UNKNOWN,UNKNOWN
S1245,Kh. Tuweiyil,C2_tomb_shafts,without,True,False,False,full,to Stage 2,UNKNOWN,UNKNOWN,UNKNOWN,UNKNOWN,UNKNOWN,UNKNOWN,UNKNOWN
S1245,Kh. Tuweiyil,dated_only,with,True,False,False,full,to Stage 2,UNKNOWN,UNKNOWN,UNKNOWN,UNKNOWN,UNKNOWN,UNKNOWN,UNKNOWN
S1245,Kh. Tuweiyil,dated_only,without,True,False,False,full,to Stage 2,UNKNOWN,UNKNOWN,UNKNOWN,UNKNOWN,UNKNOWN,UNKNOWN,UNKNOWN
S1248,Jurish,primary,with,True,False,False,full,not recorded,UNKNOWN,UNKNOWN,UNKNOWN,UNKNOWN,UNKNOWN,UNKNOWN,UNKNOWN
S1248,Jurish,primary,without,True,False,False,full,not recorded,UNKNOWN,UNKNOWN,UNKNOWN,UNKNOWN,UNKNOWN,UNKNOWN,UNKNOWN
S1248,Jurish,C1_0.5km,with,True,False,False,full,not recorded,UNKNOWN,UNKNOWN,UNKNOWN,UNKNOWN,UNKNOWN,UNKNOWN,UNKNOWN
S1248,Jurish,C1_0.5km,without,True,False,False,full,not recorded,UNKNOWN,UNKNOWN,UNKNOWN,UNKNOWN,UNKNOWN,UNKNOWN,UNKNOWN
S1248,Jurish,C1_2km,with,True,False,False,full,not recorded,UNKNOWN,UNKNOWN,UNKNOWN,UNKNOWN,UNKNOWN,UNKNOWN,UNKNOWN
S1248,Jurish,C1_2km,without,True,False,False,full,not recorded,UNKNOWN,UNKNOWN,UNKNOWN,UNKNOWN,UNKNOWN,UNKNOWN,UNKNOWN
S1248,Jurish,C2_tomb_shafts,with,True,False,False,full,not recorded,UNKNOWN,UNKNOWN,UNKNOWN,UNKNOWN,UNKNOWN,UNKNOWN,UNKNOWN
S1248,Jurish,C2_tomb_shafts,without,True,False,False,full,not recorded,UNKNOWN,UNKNOWN,UNKNOWN,UNKNOWN,UNKNOWN,UNKNOWN,UNKNOWN
S1248,Jurish,dated_only,with,True,False,False,full,not recorded,UNKNOWN,UNKNOWN,UNKNOWN,UNKNOWN,UNKNOWN,UNKNOWN,UNKNOWN
S1248,Jurish,dated_only,without,True,False,False,full,not recorded,UNKNOWN,UNKNOWN,UNKNOWN,UNKNOWN,UNKNOWN,UNKNOWN,UNKNOWN
S1252,Kh. Miras ed-Din,primary,with,True,False,False,full,to Stage 2,UNKNOWN,UNKNOWN,UNKNOWN,UNKNOWN,UNKNOWN,UNKNOWN,UNKNOWN
S1252,Kh. Miras ed-Din,primary,without,True,False,False,full,to Stage 2,UNKNOWN,UNKNOWN,UNKNOWN,UNKNOWN,UNKNOWN,UNKNOWN,UNKNOWN
S1252,Kh. Miras ed-Din,C1_0.5km,with,True,False,False,full,to Stage 2,UNKNOWN,UNKNOWN,UNKNOWN,UNKNOWN,UNKNOWN,UNKNOWN,UNKNOWN
S1252,Kh. Miras ed-Din,C1_0.5km,without,True,False,False,full,to Stage 2,UNKNOWN,UNKNOWN,UNKNOWN,UNKNOWN,UNKNOWN,UNKNOWN,UNKNOWN
S1252,Kh. Miras ed-Din,C1_2km,with,True,False,False,full,to Stage 2,UNKNOWN,UNKNOWN,UNKNOWN,UNKNOWN,UNKNOWN,UNKNOWN,UNKNOWN
S1252,Kh. Miras ed-Din,C1_2km,without,True,False,False,full,to Stage 2,UNKNOWN,UNKNOWN,UNKNOWN,UNKNOWN,UNKNOWN,UNKNOWN,UNKNOWN
S1252,Kh. Miras ed-Din,C2_tomb_shafts,with,True,False,False,full,to Stage 2,UNKNOWN,UNKNOWN,UNKNOWN,UNKNOWN,UNKNOWN,UNKNOWN,UNKNOWN
S1252,Kh. Miras ed-Din,C2_tomb_shafts,without,True,False,False,full,to Stage 2,UNKNOWN,UNKNOWN,UNKNOWN,UNKNOWN,UNKNOWN,UNKNOWN,UNKNOWN
S1252,Kh. Miras ed-Din,dated_only,with,True,False,False,full,to Stage 2,UNKNOWN,UNKNOWN,UNKNOWN,UNKNOWN,UNKNOWN,UNKNOWN,UNKNOWN
S1252,Kh. Miras ed-Din,dated_only,without,True,False,False,full,to Stage 2,UNKNOWN,UNKNOWN,UNKNOWN,UNKNOWN,UNKNOWN,UNKNOWN,UNKNOWN
S1253,ed-Dirs,primary,with,True,False,False,partial,to Stage 2,UNKNOWN,UNKNOWN,UNKNOWN,UNKNOWN,UNKNOWN,UNKNOWN,UNKNOWN
S1253,ed-Dirs,primary,without,True,False,False,partial,to Stage 2,UNKNOWN,UNKNOWN,UNKNOWN,UNKNOWN,UNKNOWN,UNKNOWN,UNKNOWN
S1253,ed-Dirs,C1_0.5km,with,True,False,False,partial,to Stage 2,UNKNOWN,UNKNOWN,UNKNOWN,UNKNOWN,UNKNOWN,UNKNOWN,UNKNOWN
S1253,ed-Dirs,C1_0.5km,without,True,False,False,partial,to Stage 2,UNKNOWN,UNKNOWN,UNKNOWN,UNKNOWN,UNKNOWN,UNKNOWN,UNKNOWN
S1253,ed-Dirs,C1_2km,with,True,False,False,partial,to Stage 2,UNKNOWN,UNKNOWN,UNKNOWN,UNKNOWN,UNKNOWN,UNKNOWN,UNKNOWN
S1253,ed-Dirs,C1_2km,without,True,False,False,partial,to Stage 2,UNKNOWN,UNKNOWN,UNKNOWN,UNKNOWN,UNKNOWN,UNKNOWN,UNKNOWN
S1253,ed-Dirs,C2_tomb_shafts,with,True,False,False,partial,to Stage 2,UNKNOWN,UNKNOWN,UNKNOWN,UNKNOWN,UNKNOWN,UNKNOWN,UNKNOWN
S1253,ed-Dirs,C2_tomb_shafts,without,True,False,False,partial,to Stage 2,UNKNOWN,UNKNOWN,UNKNOWN,UNKNOWN,UNKNOWN,UNKNOWN,UNKNOWN
S1253,ed-Dirs,dated_only,with,True,False,False,partial,to Stage 2,UNKNOWN,UNKNOWN,UNKNOWN,UNKNOWN,UNKNOWN,UNKNOWN,UNKNOWN
S1253,ed-Dirs,dated_only,without,True,False,False,partial,to Stage 2,UNKNOWN,UNKNOWN,UNKNOWN,UNKNOWN,UNKNOWN,UNKNOWN,UNKNOWN
S1269,Kh. Tawil 1,primary,with,True,False,False,full,to Stage 2,UNKNOWN,UNKNOWN,UNKNOWN,UNKNOWN,UNKNOWN,UNKNOWN,UNKNOWN
S1269,Kh. Tawil 1,primary,without,True,False,False,full,to Stage 2,UNKNOWN,UNKNOWN,UNKNOWN,UNKNOWN,UNKNOWN,UNKNOWN,UNKNOWN
S1269,Kh. Tawil 1,C1_0.5km,with,True,False,False,full,to Stage 2,UNKNOWN,UNKNOWN,UNKNOWN,UNKNOWN,UNKNOWN,UNKNOWN,UNKNOWN
S1269,Kh. Tawil 1,C1_0.5km,without,True,False,False,full,to Stage 2,UNKNOWN,UNKNOWN,UNKNOWN,UNKNOWN,UNKNOWN,UNKNOWN,UNKNOWN
S1269,Kh. Tawil 1,C1_2km,with,True,False,False,full,to Stage 2,UNKNOWN,UNKNOWN,UNKNOWN,UNKNOWN,UNKNOWN,UNKNOWN,UNKNOWN
S1269,Kh. Tawil 1,C1_2km,without,True,False,False,full,to Stage 2,UNKNOWN,UNKNOWN,UNKNOWN,UNKNOWN,UNKNOWN,UNKNOWN,UNKNOWN
S1269,Kh. Tawil 1,C2_tomb_shafts,with,True,False,False,full,to Stage 2,UNKNOWN,UNKNOWN,UNKNOWN,UNKNOWN,UNKNOWN,UNKNOWN,UNKNOWN
S1269,Kh. Tawil 1,C2_tomb_shafts,without,True,False,False,full,to Stage 2,UNKNOWN,UNKNOWN,UNKNOWN,UNKNOWN,UNKNOWN,UNKNOWN,UNKNOWN
S1269,Kh. Tawil 1,dated_only,with,True,False,False,full,to Stage 2,UNKNOWN,UNKNOWN,UNKNOWN,UNKNOWN,UNKNOWN,UNKNOWN,UNKNOWN
S1269,Kh. Tawil 1,dated_only,without,True,False,False,full,to Stage 2,UNKNOWN,UNKNOWN,UNKNOWN,UNKNOWN,UNKNOWN,UNKNOWN,UNKNOWN
S1270,Kh. en-Najama,primary,with,True,False,False,full,not recorded,UNKNOWN,UNKNOWN,UNKNOWN,UNKNOWN,UNKNOWN,UNKNOWN,UNKNOWN
S1270,Kh. en-Najama,primary,without,True,False,False,full,not recorded,UNKNOWN,UNKNOWN,UNKNOWN,UNKNOWN,UNKNOWN,UNKNOWN,UNKNOWN
S1270,Kh. en-Najama,C1_0.5km,with,True,False,False,full,not recorded,UNKNOWN,UNKNOWN,UNKNOWN,UNKNOWN,UNKNOWN,UNKNOWN,UNKNOWN
S1270,Kh. en-Najama,C1_0.5km,without,True,False,False,full,not recorded,UNKNOWN,UNKNOWN,UNKNOWN,UNKNOWN,UNKNOWN,UNKNOWN,UNKNOWN
S1270,Kh. en-Najama,C1_2km,with,True,False,False,full,not recorded,UNKNOWN,UNKNOWN,UNKNOWN,UNKNOWN,UNKNOWN,UNKNOWN,UNKNOWN
S1270,Kh. en-Najama,C1_2km,without,True,False,False,full,not recorded,UNKNOWN,UNKNOWN,UNKNOWN,UNKNOWN,UNKNOWN,UNKNOWN,UNKNOWN
S1270,Kh. en-Najama,C2_tomb_shafts,with,True,False,False,full,not recorded,UNKNOWN,UNKNOWN,UNKNOWN,UNKNOWN,UNKNOWN,UNKNOWN,UNKNOWN
S1270,Kh. en-Najama,C2_tomb_shafts,without,True,False,False,full,not recorded,UNKNOWN,UNKNOWN,UNKNOWN,UNKNOWN,UNKNOWN,UNKNOWN,UNKNOWN
S1270,Kh. en-Najama,dated_only,with,True,False,False,full,not recorded,UNKNOWN,UNKNOWN,UNKNOWN,UNKNOWN,UNKNOWN,UNKNOWN,UNKNOWN
S1270,Kh. en-Najama,dated_only,without,True,False,False,full,not recorded,UNKNOWN,UNKNOWN,UNKNOWN,UNKNOWN,UNKNOWN,UNKNOWN,UNKNOWN
S1275,Masu'a 2,primary,with,True,False,False,full,to Stage 2,UNKNOWN,MATCH,UNKNOWN,UNKNOWN,UNKNOWN,UNKNOWN,UNKNOWN
S1275,Masu'a 2,primary,without,True,False,False,full,to Stage 2,UNKNOWN,MATCH,UNKNOWN,UNKNOWN,UNKNOWN,UNKNOWN,UNKNOWN
S1275,Masu'a 2,C1_0.5km,with,True,False,False,full,to Stage 2,UNKNOWN,MATCH,UNKNOWN,UNKNOWN,UNKNOWN,UNKNOWN,UNKNOWN
S1275,Masu'a 2,C1_0.5km,without,True,False,False,full,to Stage 2,UNKNOWN,MATCH,UNKNOWN,UNKNOWN,UNKNOWN,UNKNOWN,UNKNOWN
S1275,Masu'a 2,C1_2km,with,True,False,False,full,to Stage 2,UNKNOWN,MATCH,UNKNOWN,UNKNOWN,UNKNOWN,UNKNOWN,UNKNOWN
S1275,Masu'a 2,C1_2km,without,True,False,False,full,to Stage 2,UNKNOWN,MATCH,UNKNOWN,UNKNOWN,UNKNOWN,UNKNOWN,UNKNOWN
S1275,Masu'a 2,C2_tomb_shafts,with,True,False,False,full,to Stage 2,UNKNOWN,MATCH,UNKNOWN,UNKNOWN,UNKNOWN,UNKNOWN,UNKNOWN
S1275,Masu'a 2,C2_tomb_shafts,without,True,False,False,full,to Stage 2,UNKNOWN,MATCH,UNKNOWN,UNKNOWN,UNKNOWN,UNKNOWN,UNKNOWN
S1275,Masu'a 2,dated_only,with,True,False,False,full,to Stage 2,UNKNOWN,UNKNOWN,UNKNOWN,UNKNOWN,UNKNOWN,UNKNOWN,UNKNOWN
S1275,Masu'a 2,dated_only,without,True,False,False,full,to Stage 2,UNKNOWN,UNKNOWN,UNKNOWN,UNKNOWN,UNKNOWN,UNKNOWN,UNKNOWN
S1283,Qarn Sarṭaba,primary,with,True,False,True,full,to Stage 2,UNKNOWN,MATCH,UNKNOWN,UNKNOWN,UNKNOWN,UNKNOWN,UNKNOWN
S1283,Qarn Sarṭaba,primary,without,True,False,True,full,to Stage 2,UNKNOWN,MATCH,UNKNOWN,UNKNOWN,UNKNOWN,UNKNOWN,UNKNOWN
S1283,Qarn Sarṭaba,C1_0.5km,with,True,False,True,full,to Stage 2,UNKNOWN,MATCH,UNKNOWN,UNKNOWN,UNKNOWN,UNKNOWN,UNKNOWN
S1283,Qarn Sarṭaba,C1_0.5km,without,True,False,True,full,to Stage 2,UNKNOWN,MATCH,UNKNOWN,UNKNOWN,UNKNOWN,UNKNOWN,UNKNOWN
S1283,Qarn Sarṭaba,C1_2km,with,True,False,True,full,to Stage 2,UNKNOWN,MATCH,UNKNOWN,UNKNOWN,UNKNOWN,UNKNOWN,UNKNOWN
S1283,Qarn Sarṭaba,C1_2km,without,True,False,True,full,to Stage 2,UNKNOWN,MATCH,UNKNOWN,UNKNOWN,UNKNOWN,UNKNOWN,UNKNOWN
S1283,Qarn Sarṭaba,C2_tomb_shafts,with,True,False,True,full,to Stage 2,UNKNOWN,MATCH,UNKNOWN,UNKNOWN,UNKNOWN,UNKNOWN,UNKNOWN
S1283,Qarn Sarṭaba,C2_tomb_shafts,without,True,False,True,full,to Stage 2,UNKNOWN,MATCH,UNKNOWN,UNKNOWN,UNKNOWN,UNKNOWN,UNKNOWN
S1283,Qarn Sarṭaba,dated_only,with,True,False,True,full,to Stage 2,UNKNOWN,UNKNOWN,UNKNOWN,UNKNOWN,UNKNOWN,UNKNOWN,UNKNOWN
S1283,Qarn Sarṭaba,dated_only,without,True,False,True,full,to Stage 2,UNKNOWN,UNKNOWN,UNKNOWN,UNKNOWN,UNKNOWN,UNKNOWN,UNKNOWN
S1295,"Lower Sartaba, Kh. Kuffah",primary,with,True,False,False,full,to Stage 2,UNKNOWN,UNKNOWN,UNKNOWN,UNKNOWN,UNKNOWN,UNKNOWN,UNKNOWN
S1295,"Lower Sartaba, Kh. Kuffah",primary,without,True,False,False,full,to Stage 2,UNKNOWN,UNKNOWN,UNKNOWN,UNKNOWN,UNKNOWN,UNKNOWN,UNKNOWN
S1295,"Lower Sartaba, Kh. Kuffah",C1_0.5km,with,True,False,False,full,to Stage 2,UNKNOWN,UNKNOWN,UNKNOWN,UNKNOWN,UNKNOWN,UNKNOWN,UNKNOWN
S1295,"Lower Sartaba, Kh. Kuffah",C1_0.5km,without,True,False,False,full,to Stage 2,UNKNOWN,UNKNOWN,UNKNOWN,UNKNOWN,UNKNOWN,UNKNOWN,UNKNOWN
S1295,"Lower Sartaba, Kh. Kuffah",C1_2km,with,True,False,False,full,to Stage 2,UNKNOWN,UNKNOWN,UNKNOWN,UNKNOWN,UNKNOWN,UNKNOWN,UNKNOWN
S1295,"Lower Sartaba, Kh. Kuffah",C1_2km,without,True,False,False,full,to Stage 2,UNKNOWN,UNKNOWN,UNKNOWN,UNKNOWN,UNKNOWN,UNKNOWN,UNKNOWN
S1295,"Lower Sartaba, Kh. Kuffah",C2_tomb_shafts,with,True,False,False,full,to Stage 2,UNKNOWN,UNKNOWN,UNKNOWN,UNKNOWN,UNKNOWN,UNKNOWN,UNKNOWN
S1295,"Lower Sartaba, Kh. Kuffah",C2_tomb_shafts,without,True,False,False,full,to Stage 2,UNKNOWN,UNKNOWN,UNKNOWN,UNKNOWN,UNKNOWN,UNKNOWN,UNKNOWN
S1295,"Lower Sartaba, Kh. Kuffah",dated_only,with,True,False,False,full,to Stage 2,UNKNOWN,UNKNOWN,UNKNOWN,UNKNOWN,UNKNOWN,UNKNOWN,UNKNOWN
S1295,"Lower Sartaba, Kh. Kuffah",dated_only,without,True,False,False,full,to Stage 2,UNKNOWN,UNKNOWN,UNKNOWN,UNKNOWN,UNKNOWN,UNKNOWN,UNKNOWN
S1307,Kh. Qarqafa,primary,with,True,False,False,full,not recorded,UNKNOWN,UNKNOWN,UNKNOWN,UNKNOWN,UNKNOWN,UNKNOWN,UNKNOWN
S1307,Kh. Qarqafa,primary,without,True,False,False,full,not recorded,UNKNOWN,UNKNOWN,UNKNOWN,UNKNOWN,UNKNOWN,UNKNOWN,UNKNOWN
S1307,Kh. Qarqafa,C1_0.5km,with,True,False,False,full,not recorded,UNKNOWN,UNKNOWN,UNKNOWN,UNKNOWN,UNKNOWN,UNKNOWN,UNKNOWN
S1307,Kh. Qarqafa,C1_0.5km,without,True,False,False,full,not recorded,UNKNOWN,UNKNOWN,UNKNOWN,UNKNOWN,UNKNOWN,UNKNOWN,UNKNOWN
S1307,Kh. Qarqafa,C1_2km,with,True,False,False,full,not recorded,UNKNOWN,UNKNOWN,UNKNOWN,UNKNOWN,UNKNOWN,UNKNOWN,UNKNOWN
S1307,Kh. Qarqafa,C1_2km,without,True,False,False,full,not recorded,UNKNOWN,UNKNOWN,UNKNOWN,UNKNOWN,UNKNOWN,UNKNOWN,UNKNOWN
S1307,Kh. Qarqafa,C2_tomb_shafts,with,True,False,False,full,not recorded,UNKNOWN,UNKNOWN,UNKNOWN,UNKNOWN,UNKNOWN,UNKNOWN,UNKNOWN
S1307,Kh. Qarqafa,C2_tomb_shafts,without,True,False,False,full,not recorded,UNKNOWN,UNKNOWN,UNKNOWN,UNKNOWN,UNKNOWN,UNKNOWN,UNKNOWN
S1307,Kh. Qarqafa,dated_only,with,True,False,False,full,not recorded,UNKNOWN,UNKNOWN,UNKNOWN,UNKNOWN,UNKNOWN,UNKNOWN,UNKNOWN
S1307,Kh. Qarqafa,dated_only,without,True,False,False,full,not recorded,UNKNOWN,UNKNOWN,UNKNOWN,UNKNOWN,UNKNOWN,UNKNOWN,UNKNOWN
S1316,Kh. Qarqafa D,primary,with,True,False,False,full,not recorded,UNKNOWN,UNKNOWN,UNKNOWN,UNKNOWN,UNKNOWN,UNKNOWN,UNKNOWN
S1316,Kh. Qarqafa D,primary,without,True,False,False,full,not recorded,UNKNOWN,UNKNOWN,UNKNOWN,UNKNOWN,UNKNOWN,UNKNOWN,UNKNOWN
S1316,Kh. Qarqafa D,C1_0.5km,with,True,False,False,full,not recorded,UNKNOWN,UNKNOWN,UNKNOWN,UNKNOWN,UNKNOWN,UNKNOWN,UNKNOWN
S1316,Kh. Qarqafa D,C1_0.5km,without,True,False,False,full,not recorded,UNKNOWN,UNKNOWN,UNKNOWN,UNKNOWN,UNKNOWN,UNKNOWN,UNKNOWN
S1316,Kh. Qarqafa D,C1_2km,with,True,False,False,full,not recorded,UNKNOWN,UNKNOWN,UNKNOWN,UNKNOWN,UNKNOWN,UNKNOWN,UNKNOWN
S1316,Kh. Qarqafa D,C1_2km,without,True,False,False,full,not recorded,UNKNOWN,UNKNOWN,UNKNOWN,UNKNOWN,UNKNOWN,UNKNOWN,UNKNOWN
S1316,Kh. Qarqafa D,C2_tomb_shafts,with,True,False,False,full,not recorded,UNKNOWN,UNKNOWN,UNKNOWN,UNKNOWN,UNKNOWN,UNKNOWN,UNKNOWN
S1316,Kh. Qarqafa D,C2_tomb_shafts,without,True,False,False,full,not recorded,UNKNOWN,UNKNOWN,UNKNOWN,UNKNOWN,UNKNOWN,UNKNOWN,UNKNOWN
S1316,Kh. Qarqafa D,dated_only,with,True,False,False,full,not recorded,UNKNOWN,UNKNOWN,UNKNOWN,UNKNOWN,UNKNOWN,UNKNOWN,UNKNOWN
S1316,Kh. Qarqafa D,dated_only,without,True,False,False,full,not recorded,UNKNOWN,UNKNOWN,UNKNOWN,UNKNOWN,UNKNOWN,UNKNOWN,UNKNOWN
S1334,'Ain el-Mana',primary,with,True,False,False,full,to Stage 2,UNKNOWN,UNKNOWN,UNKNOWN,UNKNOWN,UNKNOWN,UNKNOWN,UNKNOWN
S1334,'Ain el-Mana',primary,without,True,False,False,full,to Stage 2,UNKNOWN,UNKNOWN,UNKNOWN,UNKNOWN,UNKNOWN,UNKNOWN,UNKNOWN
S1334,'Ain el-Mana',C1_0.5km,with,True,False,False,full,to Stage 2,UNKNOWN,UNKNOWN,UNKNOWN,UNKNOWN,UNKNOWN,UNKNOWN,UNKNOWN
S1334,'Ain el-Mana',C1_0.5km,without,True,False,False,full,to Stage 2,UNKNOWN,UNKNOWN,UNKNOWN,UNKNOWN,UNKNOWN,UNKNOWN,UNKNOWN
S1334,'Ain el-Mana',C1_2km,with,True,False,False,full,to Stage 2,UNKNOWN,UNKNOWN,UNKNOWN,UNKNOWN,UNKNOWN,UNKNOWN,UNKNOWN
S1334,'Ain el-Mana',C1_2km,without,True,False,False,full,to Stage 2,UNKNOWN,UNKNOWN,UNKNOWN,UNKNOWN,UNKNOWN,UNKNOWN,UNKNOWN
S1334,'Ain el-Mana',C2_tomb_shafts,with,True,False,False,full,to Stage 2,UNKNOWN,UNKNOWN,UNKNOWN,UNKNOWN,UNKNOWN,UNKNOWN,UNKNOWN
S1334,'Ain el-Mana',C2_tomb_shafts,without,True,False,False,full,to Stage 2,UNKNOWN,UNKNOWN,UNKNOWN,UNKNOWN,UNKNOWN,UNKNOWN,UNKNOWN
S1334,'Ain el-Mana',dated_only,with,True,False,False,full,to Stage 2,UNKNOWN,UNKNOWN,UNKNOWN,UNKNOWN,UNKNOWN,UNKNOWN,UNKNOWN
S1334,'Ain el-Mana',dated_only,without,True,False,False,full,to Stage 2,UNKNOWN,UNKNOWN,UNKNOWN,UNKNOWN,UNKNOWN,UNKNOWN,UNKNOWN
S1336,Tell 'Abeid 1,primary,with,True,False,False,full,to Stage 2,UNKNOWN,UNKNOWN,UNKNOWN,UNKNOWN,UNKNOWN,UNKNOWN,UNKNOWN
S1336,Tell 'Abeid 1,primary,without,True,False,False,full,to Stage 2,UNKNOWN,UNKNOWN,UNKNOWN,UNKNOWN,UNKNOWN,UNKNOWN,UNKNOWN
S1336,Tell 'Abeid 1,C1_0.5km,with,True,False,False,full,to Stage 2,UNKNOWN,UNKNOWN,UNKNOWN,UNKNOWN,UNKNOWN,UNKNOWN,UNKNOWN
S1336,Tell 'Abeid 1,C1_0.5km,without,True,False,False,full,to Stage 2,UNKNOWN,UNKNOWN,UNKNOWN,UNKNOWN,UNKNOWN,UNKNOWN,UNKNOWN
S1336,Tell 'Abeid 1,C1_2km,with,True,False,False,full,to Stage 2,UNKNOWN,UNKNOWN,UNKNOWN,UNKNOWN,UNKNOWN,UNKNOWN,UNKNOWN
S1336,Tell 'Abeid 1,C1_2km,without,True,False,False,full,to Stage 2,UNKNOWN,UNKNOWN,UNKNOWN,UNKNOWN,UNKNOWN,UNKNOWN,UNKNOWN
S1336,Tell 'Abeid 1,C2_tomb_shafts,with,True,False,False,full,to Stage 2,UNKNOWN,UNKNOWN,UNKNOWN,UNKNOWN,UNKNOWN,UNKNOWN,UNKNOWN
S1336,Tell 'Abeid 1,C2_tomb_shafts,without,True,False,False,full,to Stage 2,UNKNOWN,UNKNOWN,UNKNOWN,UNKNOWN,UNKNOWN,UNKNOWN,UNKNOWN
S1336,Tell 'Abeid 1,dated_only,with,True,False,False,full,to Stage 2,UNKNOWN,UNKNOWN,UNKNOWN,UNKNOWN,UNKNOWN,UNKNOWN,UNKNOWN
S1336,Tell 'Abeid 1,dated_only,without,True,False,False,full,to Stage 2,UNKNOWN,UNKNOWN,UNKNOWN,UNKNOWN,UNKNOWN,UNKNOWN,UNKNOWN
S1346,Tell 'Abeid 2,primary,with,True,False,False,full,to Stage 2,UNKNOWN,UNKNOWN,UNKNOWN,UNKNOWN,UNKNOWN,UNKNOWN,UNKNOWN
S1346,Tell 'Abeid 2,primary,without,True,False,False,full,to Stage 2,UNKNOWN,UNKNOWN,UNKNOWN,UNKNOWN,UNKNOWN,UNKNOWN,UNKNOWN
S1346,Tell 'Abeid 2,C1_0.5km,with,True,False,False,full,to Stage 2,UNKNOWN,UNKNOWN,UNKNOWN,UNKNOWN,UNKNOWN,UNKNOWN,UNKNOWN
S1346,Tell 'Abeid 2,C1_0.5km,without,True,False,False,full,to Stage 2,UNKNOWN,UNKNOWN,UNKNOWN,UNKNOWN,UNKNOWN,UNKNOWN,UNKNOWN
S1346,Tell 'Abeid 2,C1_2km,with,True,False,False,full,to Stage 2,UNKNOWN,UNKNOWN,UNKNOWN,UNKNOWN,UNKNOWN,UNKNOWN,UNKNOWN
S1346,Tell 'Abeid 2,C1_2km,without,True,False,False,full,to Stage 2,UNKNOWN,UNKNOWN,UNKNOWN,UNKNOWN,UNKNOWN,UNKNOWN,UNKNOWN
S1346,Tell 'Abeid 2,C2_tomb_shafts,with,True,False,False,full,to Stage 2,UNKNOWN,UNKNOWN,UNKNOWN,UNKNOWN,UNKNOWN,UNKNOWN,UNKNOWN
S1346,Tell 'Abeid 2,C2_tomb_shafts,without,True,False,False,full,to Stage 2,UNKNOWN,UNKNOWN,UNKNOWN,UNKNOWN,UNKNOWN,UNKNOWN,UNKNOWN
S1346,Tell 'Abeid 2,dated_only,with,True,False,False,full,to Stage 2,UNKNOWN,UNKNOWN,UNKNOWN,UNKNOWN,UNKNOWN,UNKNOWN,UNKNOWN
S1346,Tell 'Abeid 2,dated_only,without,True,False,False,full,to Stage 2,UNKNOWN,UNKNOWN,UNKNOWN,UNKNOWN,UNKNOWN,UNKNOWN,UNKNOWN
S1348,Kh. esh-Shuna,primary,with,True,False,False,full,to Stage 2,UNKNOWN,UNKNOWN,UNKNOWN,UNKNOWN,UNKNOWN,UNKNOWN,UNKNOWN
S1348,Kh. esh-Shuna,primary,without,True,False,False,full,to Stage 2,UNKNOWN,UNKNOWN,UNKNOWN,UNKNOWN,UNKNOWN,UNKNOWN,UNKNOWN
S1348,Kh. esh-Shuna,C1_0.5km,with,True,False,False,full,to Stage 2,UNKNOWN,UNKNOWN,UNKNOWN,UNKNOWN,UNKNOWN,UNKNOWN,UNKNOWN
S1348,Kh. esh-Shuna,C1_0.5km,without,True,False,False,full,to Stage 2,UNKNOWN,UNKNOWN,UNKNOWN,UNKNOWN,UNKNOWN,UNKNOWN,UNKNOWN
S1348,Kh. esh-Shuna,C1_2km,with,True,False,False,full,to Stage 2,UNKNOWN,UNKNOWN,UNKNOWN,UNKNOWN,UNKNOWN,UNKNOWN,UNKNOWN
S1348,Kh. esh-Shuna,C1_2km,without,True,False,False,full,to Stage 2,UNKNOWN,UNKNOWN,UNKNOWN,UNKNOWN,UNKNOWN,UNKNOWN,UNKNOWN
S1348,Kh. esh-Shuna,C2_tomb_shafts,with,True,False,False,full,to Stage 2,UNKNOWN,UNKNOWN,UNKNOWN,UNKNOWN,UNKNOWN,UNKNOWN,UNKNOWN
S1348,Kh. esh-Shuna,C2_tomb_shafts,without,True,False,False,full,to Stage 2,UNKNOWN,UNKNOWN,UNKNOWN,UNKNOWN,UNKNOWN,UNKNOWN,UNKNOWN
S1348,Kh. esh-Shuna,dated_only,with,True,False,False,full,to Stage 2,UNKNOWN,UNKNOWN,UNKNOWN,UNKNOWN,UNKNOWN,UNKNOWN,UNKNOWN
S1348,Kh. esh-Shuna,dated_only,without,True,False,False,full,to Stage 2,UNKNOWN,UNKNOWN,UNKNOWN,UNKNOWN,UNKNOWN,UNKNOWN,UNKNOWN
S1373,Majdal Bani Fadil,primary,with,True,False,False,full,not recorded,UNKNOWN,UNKNOWN,UNKNOWN,UNKNOWN,UNKNOWN,UNKNOWN,UNKNOWN
S1373,Majdal Bani Fadil,primary,without,True,False,False,full,not recorded,UNKNOWN,UNKNOWN,UNKNOWN,UNKNOWN,UNKNOWN,UNKNOWN,UNKNOWN
S1373,Majdal Bani Fadil,C1_0.5km,with,True,False,False,full,not recorded,UNKNOWN,UNKNOWN,UNKNOWN,UNKNOWN,UNKNOWN,UNKNOWN,UNKNOWN
S1373,Majdal Bani Fadil,C1_0.5km,without,True,False,False,full,not recorded,UNKNOWN,UNKNOWN,UNKNOWN,UNKNOWN,UNKNOWN,UNKNOWN,UNKNOWN
S1373,Majdal Bani Fadil,C1_2km,with,True,False,False,full,not recorded,UNKNOWN,UNKNOWN,UNKNOWN,UNKNOWN,UNKNOWN,UNKNOWN,UNKNOWN
S1373,Majdal Bani Fadil,C1_2km,without,True,False,False,full,not recorded,UNKNOWN,UNKNOWN,UNKNOWN,UNKNOWN,UNKNOWN,UNKNOWN,UNKNOWN
S1373,Majdal Bani Fadil,C2_tomb_shafts,with,True,False,False,full,not recorded,UNKNOWN,UNKNOWN,UNKNOWN,UNKNOWN,UNKNOWN,UNKNOWN,UNKNOWN
S1373,Majdal Bani Fadil,C2_tomb_shafts,without,True,False,False,full,not recorded,UNKNOWN,UNKNOWN,UNKNOWN,UNKNOWN,UNKNOWN,UNKNOWN,UNKNOWN
S1373,Majdal Bani Fadil,dated_only,with,True,False,False,full,not recorded,UNKNOWN,UNKNOWN,UNKNOWN,UNKNOWN,UNKNOWN,UNKNOWN,UNKNOWN
S1373,Majdal Bani Fadil,dated_only,without,True,False,False,full,not recorded,UNKNOWN,UNKNOWN,UNKNOWN,UNKNOWN,UNKNOWN,UNKNOWN,UNKNOWN
S1375,Kh. Nabbuh B,primary,with,True,False,False,full,not recorded,UNKNOWN,UNKNOWN,UNKNOWN,UNKNOWN,UNKNOWN,UNKNOWN,UNKNOWN
S1375,Kh. Nabbuh B,primary,without,True,False,False,full,not recorded,UNKNOWN,UNKNOWN,UNKNOWN,UNKNOWN,UNKNOWN,UNKNOWN,UNKNOWN
S1375,Kh. Nabbuh B,C1_0.5km,with,True,False,False,full,not recorded,UNKNOWN,UNKNOWN,UNKNOWN,UNKNOWN,UNKNOWN,UNKNOWN,UNKNOWN
S1375,Kh. Nabbuh B,C1_0.5km,without,True,False,False,full,not recorded,UNKNOWN,UNKNOWN,UNKNOWN,UNKNOWN,UNKNOWN,UNKNOWN,UNKNOWN
S1375,Kh. Nabbuh B,C1_2km,with,True,False,False,full,not recorded,UNKNOWN,UNKNOWN,UNKNOWN,UNKNOWN,UNKNOWN,UNKNOWN,UNKNOWN
S1375,Kh. Nabbuh B,C1_2km,without,True,False,False,full,not recorded,UNKNOWN,UNKNOWN,UNKNOWN,UNKNOWN,UNKNOWN,UNKNOWN,UNKNOWN
S1375,Kh. Nabbuh B,C2_tomb_shafts,with,True,False,False,full,not recorded,UNKNOWN,UNKNOWN,UNKNOWN,UNKNOWN,UNKNOWN,UNKNOWN,UNKNOWN
S1375,Kh. Nabbuh B,C2_tomb_shafts,without,True,False,False,full,not recorded,UNKNOWN,UNKNOWN,UNKNOWN,UNKNOWN,UNKNOWN,UNKNOWN,UNKNOWN
S1375,Kh. Nabbuh B,dated_only,with,True,False,False,full,not recorded,UNKNOWN,UNKNOWN,UNKNOWN,UNKNOWN,UNKNOWN,UNKNOWN,UNKNOWN
S1375,Kh. Nabbuh B,dated_only,without,True,False,False,full,not recorded,UNKNOWN,UNKNOWN,UNKNOWN,UNKNOWN,UNKNOWN,UNKNOWN,UNKNOWN
S1380,Kh. el-Qariq,primary,with,True,False,False,full,to Stage 2,UNKNOWN,UNKNOWN,UNKNOWN,UNKNOWN,UNKNOWN,UNKNOWN,UNKNOWN
S1380,Kh. el-Qariq,primary,without,True,False,False,full,to Stage 2,UNKNOWN,UNKNOWN,UNKNOWN,UNKNOWN,UNKNOWN,UNKNOWN,UNKNOWN
S1380,Kh. el-Qariq,C1_0.5km,with,True,False,False,full,to Stage 2,UNKNOWN,UNKNOWN,UNKNOWN,UNKNOWN,UNKNOWN,UNKNOWN,UNKNOWN
S1380,Kh. el-Qariq,C1_0.5km,without,True,False,False,full,to Stage 2,UNKNOWN,UNKNOWN,UNKNOWN,UNKNOWN,UNKNOWN,UNKNOWN,UNKNOWN
S1380,Kh. el-Qariq,C1_2km,with,True,False,False,full,to Stage 2,UNKNOWN,UNKNOWN,UNKNOWN,UNKNOWN,UNKNOWN,UNKNOWN,UNKNOWN
S1380,Kh. el-Qariq,C1_2km,without,True,False,False,full,to Stage 2,UNKNOWN,UNKNOWN,UNKNOWN,UNKNOWN,UNKNOWN,UNKNOWN,UNKNOWN
S1380,Kh. el-Qariq,C2_tomb_shafts,with,True,False,False,full,to Stage 2,UNKNOWN,UNKNOWN,UNKNOWN,UNKNOWN,UNKNOWN,UNKNOWN,UNKNOWN
S1380,Kh. el-Qariq,C2_tomb_shafts,without,True,False,False,full,to Stage 2,UNKNOWN,UNKNOWN,UNKNOWN,UNKNOWN,UNKNOWN,UNKNOWN,UNKNOWN
S1380,Kh. el-Qariq,dated_only,with,True,False,False,full,to Stage 2,UNKNOWN,UNKNOWN,UNKNOWN,UNKNOWN,UNKNOWN,UNKNOWN,UNKNOWN
S1380,Kh. el-Qariq,dated_only,without,True,False,False,full,to Stage 2,UNKNOWN,UNKNOWN,UNKNOWN,UNKNOWN,UNKNOWN,UNKNOWN,UNKNOWN
S1382,Yafit 8,primary,with,True,False,False,full,to Stage 2,MATCH,UNKNOWN,UNKNOWN,UNKNOWN,UNKNOWN,UNKNOWN,UNKNOWN
S1382,Yafit 8,primary,without,True,False,False,full,to Stage 2,MATCH,UNKNOWN,UNKNOWN,UNKNOWN,UNKNOWN,UNKNOWN,UNKNOWN
S1382,Yafit 8,C1_0.5km,with,True,False,False,full,to Stage 2,UNKNOWN,UNKNOWN,UNKNOWN,UNKNOWN,UNKNOWN,UNKNOWN,UNKNOWN
S1382,Yafit 8,C1_0.5km,without,True,False,False,full,to Stage 2,UNKNOWN,UNKNOWN,UNKNOWN,UNKNOWN,UNKNOWN,UNKNOWN,UNKNOWN
S1382,Yafit 8,C1_2km,with,True,False,False,full,to Stage 2,MATCH,UNKNOWN,UNKNOWN,UNKNOWN,UNKNOWN,UNKNOWN,UNKNOWN
S1382,Yafit 8,C1_2km,without,True,False,False,full,to Stage 2,MATCH,UNKNOWN,UNKNOWN,UNKNOWN,UNKNOWN,UNKNOWN,UNKNOWN
S1382,Yafit 8,C2_tomb_shafts,with,True,False,False,full,to Stage 2,MATCH,UNKNOWN,UNKNOWN,UNKNOWN,UNKNOWN,UNKNOWN,UNKNOWN
S1382,Yafit 8,C2_tomb_shafts,without,True,False,False,full,to Stage 2,MATCH,UNKNOWN,UNKNOWN,UNKNOWN,UNKNOWN,UNKNOWN,UNKNOWN
S1382,Yafit 8,dated_only,with,True,False,False,full,to Stage 2,MATCH,UNKNOWN,UNKNOWN,UNKNOWN,UNKNOWN,UNKNOWN,UNKNOWN
S1382,Yafit 8,dated_only,without,True,False,False,full,to Stage 2,MATCH,UNKNOWN,UNKNOWN,UNKNOWN,UNKNOWN,UNKNOWN,UNKNOWN
S1390,Wadi Ahmar 4,primary,with,True,False,False,full,to Stage 2,UNKNOWN,UNKNOWN,UNKNOWN,UNKNOWN,UNKNOWN,UNKNOWN,UNKNOWN
S1390,Wadi Ahmar 4,primary,without,True,False,False,full,to Stage 2,UNKNOWN,UNKNOWN,UNKNOWN,UNKNOWN,UNKNOWN,UNKNOWN,UNKNOWN
S1390,Wadi Ahmar 4,C1_0.5km,with,True,False,False,full,to Stage 2,UNKNOWN,UNKNOWN,UNKNOWN,UNKNOWN,UNKNOWN,UNKNOWN,UNKNOWN
S1390,Wadi Ahmar 4,C1_0.5km,without,True,False,False,full,to Stage 2,UNKNOWN,UNKNOWN,UNKNOWN,UNKNOWN,UNKNOWN,UNKNOWN,UNKNOWN
S1390,Wadi Ahmar 4,C1_2km,with,True,False,False,full,to Stage 2,UNKNOWN,UNKNOWN,UNKNOWN,UNKNOWN,UNKNOWN,UNKNOWN,UNKNOWN
S1390,Wadi Ahmar 4,C1_2km,without,True,False,False,full,to Stage 2,UNKNOWN,UNKNOWN,UNKNOWN,UNKNOWN,UNKNOWN,UNKNOWN,UNKNOWN
S1390,Wadi Ahmar 4,C2_tomb_shafts,with,True,False,False,full,to Stage 2,UNKNOWN,UNKNOWN,UNKNOWN,UNKNOWN,UNKNOWN,UNKNOWN,UNKNOWN
S1390,Wadi Ahmar 4,C2_tomb_shafts,without,True,False,False,full,to Stage 2,UNKNOWN,UNKNOWN,UNKNOWN,UNKNOWN,UNKNOWN,UNKNOWN,UNKNOWN
S1390,Wadi Ahmar 4,dated_only,with,True,False,False,full,to Stage 2,UNKNOWN,UNKNOWN,UNKNOWN,UNKNOWN,UNKNOWN,UNKNOWN,UNKNOWN
S1390,Wadi Ahmar 4,dated_only,without,True,False,False,full,to Stage 2,UNKNOWN,UNKNOWN,UNKNOWN,UNKNOWN,UNKNOWN,UNKNOWN,UNKNOWN
S1394,Kh. 'Ein 'Eina,primary,with,True,False,False,full,to Stage 2,UNKNOWN,UNKNOWN,UNKNOWN,UNKNOWN,UNKNOWN,UNKNOWN,UNKNOWN
S1394,Kh. 'Ein 'Eina,primary,without,True,False,False,full,to Stage 2,UNKNOWN,UNKNOWN,UNKNOWN,UNKNOWN,UNKNOWN,UNKNOWN,UNKNOWN
S1394,Kh. 'Ein 'Eina,C1_0.5km,with,True,False,False,full,to Stage 2,UNKNOWN,UNKNOWN,UNKNOWN,UNKNOWN,UNKNOWN,UNKNOWN,UNKNOWN
S1394,Kh. 'Ein 'Eina,C1_0.5km,without,True,False,False,full,to Stage 2,UNKNOWN,UNKNOWN,UNKNOWN,UNKNOWN,UNKNOWN,UNKNOWN,UNKNOWN
S1394,Kh. 'Ein 'Eina,C1_2km,with,True,False,False,full,to Stage 2,UNKNOWN,UNKNOWN,UNKNOWN,UNKNOWN,UNKNOWN,UNKNOWN,UNKNOWN
S1394,Kh. 'Ein 'Eina,C1_2km,without,True,False,False,full,to Stage 2,UNKNOWN,UNKNOWN,UNKNOWN,UNKNOWN,UNKNOWN,UNKNOWN,UNKNOWN
S1394,Kh. 'Ein 'Eina,C2_tomb_shafts,with,True,False,False,full,to Stage 2,UNKNOWN,UNKNOWN,UNKNOWN,UNKNOWN,UNKNOWN,UNKNOWN,UNKNOWN
S1394,Kh. 'Ein 'Eina,C2_tomb_shafts,without,True,False,False,full,to Stage 2,UNKNOWN,UNKNOWN,UNKNOWN,UNKNOWN,UNKNOWN,UNKNOWN,UNKNOWN
S1394,Kh. 'Ein 'Eina,dated_only,with,True,False,False,full,to Stage 2,UNKNOWN,UNKNOWN,UNKNOWN,UNKNOWN,UNKNOWN,UNKNOWN,UNKNOWN
S1394,Kh. 'Ein 'Eina,dated_only,without,True,False,False,full,to Stage 2,UNKNOWN,UNKNOWN,UNKNOWN,UNKNOWN,UNKNOWN,UNKNOWN,UNKNOWN
S1396,Kh. Nabbuh,primary,with,True,False,False,full,not recorded,UNKNOWN,UNKNOWN,UNKNOWN,UNKNOWN,UNKNOWN,UNKNOWN,UNKNOWN
S1396,Kh. Nabbuh,primary,without,True,False,False,full,not recorded,UNKNOWN,UNKNOWN,UNKNOWN,UNKNOWN,UNKNOWN,UNKNOWN,UNKNOWN
S1396,Kh. Nabbuh,C1_0.5km,with,True,False,False,full,not recorded,UNKNOWN,UNKNOWN,UNKNOWN,UNKNOWN,UNKNOWN,UNKNOWN,UNKNOWN
S1396,Kh. Nabbuh,C1_0.5km,without,True,False,False,full,not recorded,UNKNOWN,UNKNOWN,UNKNOWN,UNKNOWN,UNKNOWN,UNKNOWN,UNKNOWN
S1396,Kh. Nabbuh,C1_2km,with,True,False,False,full,not recorded,UNKNOWN,UNKNOWN,UNKNOWN,UNKNOWN,UNKNOWN,UNKNOWN,UNKNOWN
S1396,Kh. Nabbuh,C1_2km,without,True,False,False,full,not recorded,UNKNOWN,UNKNOWN,UNKNOWN,UNKNOWN,UNKNOWN,UNKNOWN,UNKNOWN
S1396,Kh. Nabbuh,C2_tomb_shafts,with,True,False,False,full,not recorded,UNKNOWN,UNKNOWN,UNKNOWN,UNKNOWN,UNKNOWN,UNKNOWN,UNKNOWN
S1396,Kh. Nabbuh,C2_tomb_shafts,without,True,False,False,full,not recorded,UNKNOWN,UNKNOWN,UNKNOWN,UNKNOWN,UNKNOWN,UNKNOWN,UNKNOWN
S1396,Kh. Nabbuh,dated_only,with,True,False,False,full,not recorded,UNKNOWN,UNKNOWN,UNKNOWN,UNKNOWN,UNKNOWN,UNKNOWN,UNKNOWN
S1396,Kh. Nabbuh,dated_only,without,True,False,False,full,not recorded,UNKNOWN,UNKNOWN,UNKNOWN,UNKNOWN,UNKNOWN,UNKNOWN,UNKNOWN
S1432,Qaryut,primary,with,True,False,False,full,to Stage 2,UNKNOWN,UNKNOWN,UNKNOWN,UNKNOWN,UNKNOWN,UNKNOWN,UNKNOWN
S1432,Qaryut,primary,without,True,False,False,full,to Stage 2,UNKNOWN,UNKNOWN,UNKNOWN,UNKNOWN,UNKNOWN,UNKNOWN,UNKNOWN
S1432,Qaryut,C1_0.5km,with,True,False,False,full,to Stage 2,UNKNOWN,UNKNOWN,UNKNOWN,UNKNOWN,UNKNOWN,UNKNOWN,UNKNOWN
S1432,Qaryut,C1_0.5km,without,True,False,False,full,to Stage 2,UNKNOWN,UNKNOWN,UNKNOWN,UNKNOWN,UNKNOWN,UNKNOWN,UNKNOWN
S1432,Qaryut,C1_2km,with,True,False,False,full,to Stage 2,UNKNOWN,UNKNOWN,UNKNOWN,UNKNOWN,UNKNOWN,UNKNOWN,UNKNOWN
S1432,Qaryut,C1_2km,without,True,False,False,full,to Stage 2,UNKNOWN,UNKNOWN,UNKNOWN,UNKNOWN,UNKNOWN,UNKNOWN,UNKNOWN
S1432,Qaryut,C2_tomb_shafts,with,True,False,False,full,to Stage 2,UNKNOWN,UNKNOWN,UNKNOWN,UNKNOWN,UNKNOWN,UNKNOWN,UNKNOWN
S1432,Qaryut,C2_tomb_shafts,without,True,False,False,full,to Stage 2,UNKNOWN,UNKNOWN,UNKNOWN,UNKNOWN,UNKNOWN,UNKNOWN,UNKNOWN
S1432,Qaryut,dated_only,with,True,False,False,full,to Stage 2,UNKNOWN,UNKNOWN,UNKNOWN,UNKNOWN,UNKNOWN,UNKNOWN,UNKNOWN
S1432,Qaryut,dated_only,without,True,False,False,full,to Stage 2,UNKNOWN,UNKNOWN,UNKNOWN,UNKNOWN,UNKNOWN,UNKNOWN,UNKNOWN
S1436,Jalud,primary,with,True,False,False,full,to Stage 2,UNKNOWN,UNKNOWN,UNKNOWN,UNKNOWN,UNKNOWN,UNKNOWN,UNKNOWN
S1436,Jalud,primary,without,True,False,False,full,to Stage 2,UNKNOWN,UNKNOWN,UNKNOWN,UNKNOWN,UNKNOWN,UNKNOWN,UNKNOWN
S1436,Jalud,C1_0.5km,with,True,False,False,full,to Stage 2,UNKNOWN,UNKNOWN,UNKNOWN,UNKNOWN,UNKNOWN,UNKNOWN,UNKNOWN
S1436,Jalud,C1_0.5km,without,True,False,False,full,to Stage 2,UNKNOWN,UNKNOWN,UNKNOWN,UNKNOWN,UNKNOWN,UNKNOWN,UNKNOWN
S1436,Jalud,C1_2km,with,True,False,False,full,to Stage 2,UNKNOWN,UNKNOWN,UNKNOWN,UNKNOWN,UNKNOWN,UNKNOWN,UNKNOWN
S1436,Jalud,C1_2km,without,True,False,False,full,to Stage 2,UNKNOWN,UNKNOWN,UNKNOWN,UNKNOWN,UNKNOWN,UNKNOWN,UNKNOWN
S1436,Jalud,C2_tomb_shafts,with,True,False,False,full,to Stage 2,UNKNOWN,UNKNOWN,UNKNOWN,UNKNOWN,UNKNOWN,UNKNOWN,UNKNOWN
S1436,Jalud,C2_tomb_shafts,without,True,False,False,full,to Stage 2,UNKNOWN,UNKNOWN,UNKNOWN,UNKNOWN,UNKNOWN,UNKNOWN,UNKNOWN
S1436,Jalud,dated_only,with,True,False,False,full,to Stage 2,UNKNOWN,UNKNOWN,UNKNOWN,UNKNOWN,UNKNOWN,UNKNOWN,UNKNOWN
S1436,Jalud,dated_only,without,True,False,False,full,to Stage 2,UNKNOWN,UNKNOWN,UNKNOWN,UNKNOWN,UNKNOWN,UNKNOWN,UNKNOWN
S1441,el-Marmale,primary,with,True,False,False,full,to Stage 2,UNKNOWN,UNKNOWN,UNKNOWN,UNKNOWN,UNKNOWN,UNKNOWN,UNKNOWN
S1441,el-Marmale,primary,without,True,False,False,full,to Stage 2,UNKNOWN,UNKNOWN,UNKNOWN,UNKNOWN,UNKNOWN,UNKNOWN,UNKNOWN
S1441,el-Marmale,C1_0.5km,with,True,False,False,full,to Stage 2,UNKNOWN,UNKNOWN,UNKNOWN,UNKNOWN,UNKNOWN,UNKNOWN,UNKNOWN
S1441,el-Marmale,C1_0.5km,without,True,False,False,full,to Stage 2,UNKNOWN,UNKNOWN,UNKNOWN,UNKNOWN,UNKNOWN,UNKNOWN,UNKNOWN
S1441,el-Marmale,C1_2km,with,True,False,False,full,to Stage 2,UNKNOWN,UNKNOWN,UNKNOWN,UNKNOWN,UNKNOWN,UNKNOWN,UNKNOWN
S1441,el-Marmale,C1_2km,without,True,False,False,full,to Stage 2,UNKNOWN,UNKNOWN,UNKNOWN,UNKNOWN,UNKNOWN,UNKNOWN,UNKNOWN
S1441,el-Marmale,C2_tomb_shafts,with,True,False,False,full,to Stage 2,UNKNOWN,UNKNOWN,UNKNOWN,UNKNOWN,UNKNOWN,UNKNOWN,UNKNOWN
S1441,el-Marmale,C2_tomb_shafts,without,True,False,False,full,to Stage 2,UNKNOWN,UNKNOWN,UNKNOWN,UNKNOWN,UNKNOWN,UNKNOWN,UNKNOWN
S1441,el-Marmale,dated_only,with,True,False,False,full,to Stage 2,UNKNOWN,UNKNOWN,UNKNOWN,UNKNOWN,UNKNOWN,UNKNOWN,UNKNOWN
S1441,el-Marmale,dated_only,without,True,False,False,full,to Stage 2,UNKNOWN,UNKNOWN,UNKNOWN,UNKNOWN,UNKNOWN,UNKNOWN,UNKNOWN
S1443,E.P. -145,primary,with,True,False,False,full,to Stage 2,UNKNOWN,UNKNOWN,UNKNOWN,UNKNOWN,UNKNOWN,UNKNOWN,UNKNOWN
S1443,E.P. -145,primary,without,True,False,False,full,to Stage 2,UNKNOWN,UNKNOWN,UNKNOWN,UNKNOWN,UNKNOWN,UNKNOWN,UNKNOWN
S1443,E.P. -145,C1_0.5km,with,True,False,False,full,to Stage 2,UNKNOWN,UNKNOWN,UNKNOWN,UNKNOWN,UNKNOWN,UNKNOWN,UNKNOWN
S1443,E.P. -145,C1_0.5km,without,True,False,False,full,to Stage 2,UNKNOWN,UNKNOWN,UNKNOWN,UNKNOWN,UNKNOWN,UNKNOWN,UNKNOWN
S1443,E.P. -145,C1_2km,with,True,False,False,full,to Stage 2,UNKNOWN,UNKNOWN,UNKNOWN,UNKNOWN,UNKNOWN,UNKNOWN,UNKNOWN
S1443,E.P. -145,C1_2km,without,True,False,False,full,to Stage 2,UNKNOWN,UNKNOWN,UNKNOWN,UNKNOWN,UNKNOWN,UNKNOWN,UNKNOWN
S1443,E.P. -145,C2_tomb_shafts,with,True,False,False,full,to Stage 2,UNKNOWN,UNKNOWN,UNKNOWN,UNKNOWN,UNKNOWN,UNKNOWN,UNKNOWN
S1443,E.P. -145,C2_tomb_shafts,without,True,False,False,full,to Stage 2,UNKNOWN,UNKNOWN,UNKNOWN,UNKNOWN,UNKNOWN,UNKNOWN,UNKNOWN
S1443,E.P. -145,dated_only,with,True,False,False,full,to Stage 2,UNKNOWN,UNKNOWN,UNKNOWN,UNKNOWN,UNKNOWN,UNKNOWN,UNKNOWN
S1443,E.P. -145,dated_only,without,True,False,False,full,to Stage 2,UNKNOWN,UNKNOWN,UNKNOWN,UNKNOWN,UNKNOWN,UNKNOWN,UNKNOWN
S1457,Tal'at 'Amreh 1,primary,with,True,False,False,full,to Stage 2,UNKNOWN,UNKNOWN,UNKNOWN,UNKNOWN,UNKNOWN,UNKNOWN,UNKNOWN
S1457,Tal'at 'Amreh 1,primary,without,True,False,False,full,to Stage 2,UNKNOWN,UNKNOWN,UNKNOWN,UNKNOWN,UNKNOWN,UNKNOWN,UNKNOWN
S1457,Tal'at 'Amreh 1,C1_0.5km,with,True,False,False,full,to Stage 2,UNKNOWN,UNKNOWN,UNKNOWN,UNKNOWN,UNKNOWN,UNKNOWN,UNKNOWN
S1457,Tal'at 'Amreh 1,C1_0.5km,without,True,False,False,full,to Stage 2,UNKNOWN,UNKNOWN,UNKNOWN,UNKNOWN,UNKNOWN,UNKNOWN,UNKNOWN
S1457,Tal'at 'Amreh 1,C1_2km,with,True,False,False,full,to Stage 2,UNKNOWN,UNKNOWN,UNKNOWN,UNKNOWN,UNKNOWN,UNKNOWN,UNKNOWN
S1457,Tal'at 'Amreh 1,C1_2km,without,True,False,False,full,to Stage 2,UNKNOWN,UNKNOWN,UNKNOWN,UNKNOWN,UNKNOWN,UNKNOWN,UNKNOWN
S1457,Tal'at 'Amreh 1,C2_tomb_shafts,with,True,False,False,full,to Stage 2,UNKNOWN,UNKNOWN,UNKNOWN,UNKNOWN,UNKNOWN,UNKNOWN,UNKNOWN
S1457,Tal'at 'Amreh 1,C2_tomb_shafts,without,True,False,False,full,to Stage 2,UNKNOWN,UNKNOWN,UNKNOWN,UNKNOWN,UNKNOWN,UNKNOWN,UNKNOWN
S1457,Tal'at 'Amreh 1,dated_only,with,True,False,False,full,to Stage 2,UNKNOWN,UNKNOWN,UNKNOWN,UNKNOWN,UNKNOWN,UNKNOWN,UNKNOWN
S1457,Tal'at 'Amreh 1,dated_only,without,True,False,False,full,to Stage 2,UNKNOWN,UNKNOWN,UNKNOWN,UNKNOWN,UNKNOWN,UNKNOWN,UNKNOWN
S1458,Kh. el-Qasr A,primary,with,True,False,False,full,to Stage 2,UNKNOWN,UNKNOWN,UNKNOWN,UNKNOWN,UNKNOWN,UNKNOWN,UNKNOWN
S1458,Kh. el-Qasr A,primary,without,True,False,False,full,to Stage 2,UNKNOWN,UNKNOWN,UNKNOWN,UNKNOWN,UNKNOWN,UNKNOWN,UNKNOWN
S1458,Kh. el-Qasr A,C1_0.5km,with,True,False,False,full,to Stage 2,UNKNOWN,UNKNOWN,UNKNOWN,UNKNOWN,UNKNOWN,UNKNOWN,UNKNOWN
S1458,Kh. el-Qasr A,C1_0.5km,without,True,False,False,full,to Stage 2,UNKNOWN,UNKNOWN,UNKNOWN,UNKNOWN,UNKNOWN,UNKNOWN,UNKNOWN
S1458,Kh. el-Qasr A,C1_2km,with,True,False,False,full,to Stage 2,UNKNOWN,UNKNOWN,UNKNOWN,UNKNOWN,UNKNOWN,UNKNOWN,UNKNOWN
S1458,Kh. el-Qasr A,C1_2km,without,True,False,False,full,to Stage 2,UNKNOWN,UNKNOWN,UNKNOWN,UNKNOWN,UNKNOWN,UNKNOWN,UNKNOWN
S1458,Kh. el-Qasr A,C2_tomb_shafts,with,True,False,False,full,to Stage 2,UNKNOWN,UNKNOWN,UNKNOWN,UNKNOWN,UNKNOWN,UNKNOWN,UNKNOWN
S1458,Kh. el-Qasr A,C2_tomb_shafts,without,True,False,False,full,to Stage 2,UNKNOWN,UNKNOWN,UNKNOWN,UNKNOWN,UNKNOWN,UNKNOWN,UNKNOWN
S1458,Kh. el-Qasr A,dated_only,with,True,False,False,full,to Stage 2,UNKNOWN,UNKNOWN,UNKNOWN,UNKNOWN,UNKNOWN,UNKNOWN,UNKNOWN
S1458,Kh. el-Qasr A,dated_only,without,True,False,False,full,to Stage 2,UNKNOWN,UNKNOWN,UNKNOWN,UNKNOWN,UNKNOWN,UNKNOWN,UNKNOWN
S1469,Kh. Birkat el-Qasr,primary,with,True,False,False,full,to Stage 2,UNKNOWN,UNKNOWN,UNKNOWN,UNKNOWN,UNKNOWN,UNKNOWN,UNKNOWN
S1469,Kh. Birkat el-Qasr,primary,without,True,False,False,full,to Stage 2,UNKNOWN,UNKNOWN,UNKNOWN,UNKNOWN,UNKNOWN,UNKNOWN,UNKNOWN
S1469,Kh. Birkat el-Qasr,C1_0.5km,with,True,False,False,full,to Stage 2,UNKNOWN,UNKNOWN,UNKNOWN,UNKNOWN,UNKNOWN,UNKNOWN,UNKNOWN
S1469,Kh. Birkat el-Qasr,C1_0.5km,without,True,False,False,full,to Stage 2,UNKNOWN,UNKNOWN,UNKNOWN,UNKNOWN,UNKNOWN,UNKNOWN,UNKNOWN
S1469,Kh. Birkat el-Qasr,C1_2km,with,True,False,False,full,to Stage 2,UNKNOWN,UNKNOWN,UNKNOWN,UNKNOWN,UNKNOWN,UNKNOWN,UNKNOWN
S1469,Kh. Birkat el-Qasr,C1_2km,without,True,False,False,full,to Stage 2,UNKNOWN,UNKNOWN,UNKNOWN,UNKNOWN,UNKNOWN,UNKNOWN,UNKNOWN
S1469,Kh. Birkat el-Qasr,C2_tomb_shafts,with,True,False,False,full,to Stage 2,UNKNOWN,UNKNOWN,UNKNOWN,UNKNOWN,UNKNOWN,UNKNOWN,UNKNOWN
S1469,Kh. Birkat el-Qasr,C2_tomb_shafts,without,True,False,False,full,to Stage 2,UNKNOWN,UNKNOWN,UNKNOWN,UNKNOWN,UNKNOWN,UNKNOWN,UNKNOWN
S1469,Kh. Birkat el-Qasr,dated_only,with,True,False,False,full,to Stage 2,UNKNOWN,UNKNOWN,UNKNOWN,UNKNOWN,UNKNOWN,UNKNOWN,UNKNOWN
S1469,Kh. Birkat el-Qasr,dated_only,without,True,False,False,full,to Stage 2,UNKNOWN,UNKNOWN,UNKNOWN,UNKNOWN,UNKNOWN,UNKNOWN,UNKNOWN
S1474,Yafit 3,primary,with,True,False,True,full,to Stage 2,UNKNOWN,UNKNOWN,UNKNOWN,UNKNOWN,UNKNOWN,UNKNOWN,UNKNOWN
S1474,Yafit 3,primary,without,True,False,True,full,to Stage 2,UNKNOWN,UNKNOWN,UNKNOWN,UNKNOWN,UNKNOWN,UNKNOWN,UNKNOWN
S1474,Yafit 3,C1_0.5km,with,True,False,True,full,to Stage 2,UNKNOWN,UNKNOWN,UNKNOWN,UNKNOWN,UNKNOWN,UNKNOWN,UNKNOWN
S1474,Yafit 3,C1_0.5km,without,True,False,True,full,to Stage 2,UNKNOWN,UNKNOWN,UNKNOWN,UNKNOWN,UNKNOWN,UNKNOWN,UNKNOWN
S1474,Yafit 3,C1_2km,with,True,False,True,full,to Stage 2,UNKNOWN,UNKNOWN,UNKNOWN,UNKNOWN,UNKNOWN,UNKNOWN,UNKNOWN
S1474,Yafit 3,C1_2km,without,True,False,True,full,to Stage 2,UNKNOWN,UNKNOWN,UNKNOWN,UNKNOWN,UNKNOWN,UNKNOWN,UNKNOWN
S1474,Yafit 3,C2_tomb_shafts,with,True,False,True,full,to Stage 2,UNKNOWN,UNKNOWN,UNKNOWN,UNKNOWN,UNKNOWN,UNKNOWN,UNKNOWN
S1474,Yafit 3,C2_tomb_shafts,without,True,False,True,full,to Stage 2,UNKNOWN,UNKNOWN,UNKNOWN,UNKNOWN,UNKNOWN,UNKNOWN,UNKNOWN
S1474,Yafit 3,dated_only,with,True,False,True,full,to Stage 2,UNKNOWN,UNKNOWN,UNKNOWN,UNKNOWN,UNKNOWN,UNKNOWN,UNKNOWN
S1474,Yafit 3,dated_only,without,True,False,True,full,to Stage 2,UNKNOWN,UNKNOWN,UNKNOWN,UNKNOWN,UNKNOWN,UNKNOWN,UNKNOWN
S1481,-,primary,with,True,False,False,partial,to Stage 2,UNKNOWN,UNKNOWN,UNKNOWN,UNKNOWN,UNKNOWN,UNKNOWN,UNKNOWN
S1481,-,primary,without,True,False,False,partial,to Stage 2,UNKNOWN,UNKNOWN,UNKNOWN,UNKNOWN,UNKNOWN,UNKNOWN,UNKNOWN
S1481,-,C1_0.5km,with,True,False,False,partial,to Stage 2,UNKNOWN,UNKNOWN,UNKNOWN,UNKNOWN,UNKNOWN,UNKNOWN,UNKNOWN
S1481,-,C1_0.5km,without,True,False,False,partial,to Stage 2,UNKNOWN,UNKNOWN,UNKNOWN,UNKNOWN,UNKNOWN,UNKNOWN,UNKNOWN
S1481,-,C1_2km,with,True,False,False,partial,to Stage 2,MATCH,UNKNOWN,UNKNOWN,UNKNOWN,UNKNOWN,UNKNOWN,UNKNOWN
S1481,-,C1_2km,without,True,False,False,partial,to Stage 2,MATCH,UNKNOWN,UNKNOWN,UNKNOWN,UNKNOWN,UNKNOWN,UNKNOWN
S1481,-,C2_tomb_shafts,with,True,False,False,partial,to Stage 2,UNKNOWN,UNKNOWN,UNKNOWN,UNKNOWN,UNKNOWN,UNKNOWN,UNKNOWN
S1481,-,C2_tomb_shafts,without,True,False,False,partial,to Stage 2,UNKNOWN,UNKNOWN,UNKNOWN,UNKNOWN,UNKNOWN,UNKNOWN,UNKNOWN
S1481,-,dated_only,with,True,False,False,partial,to Stage 2,UNKNOWN,UNKNOWN,UNKNOWN,UNKNOWN,UNKNOWN,UNKNOWN,UNKNOWN
S1481,-,dated_only,without,True,False,False,partial,to Stage 2,UNKNOWN,UNKNOWN,UNKNOWN,UNKNOWN,UNKNOWN,UNKNOWN,UNKNOWN
S1486,Rujm Abu Muḥeir,primary,with,True,False,True,partial,to Stage 2,UNKNOWN,UNKNOWN,UNKNOWN,UNKNOWN,UNKNOWN,UNKNOWN,UNKNOWN
S1486,Rujm Abu Muḥeir,primary,without,True,False,True,partial,to Stage 2,UNKNOWN,UNKNOWN,UNKNOWN,UNKNOWN,UNKNOWN,UNKNOWN,UNKNOWN
S1486,Rujm Abu Muḥeir,C1_0.5km,with,True,False,True,partial,to Stage 2,UNKNOWN,UNKNOWN,UNKNOWN,UNKNOWN,UNKNOWN,UNKNOWN,UNKNOWN
S1486,Rujm Abu Muḥeir,C1_0.5km,without,True,False,True,partial,to Stage 2,UNKNOWN,UNKNOWN,UNKNOWN,UNKNOWN,UNKNOWN,UNKNOWN,UNKNOWN
S1486,Rujm Abu Muḥeir,C1_2km,with,True,False,True,partial,to Stage 2,MATCH,UNKNOWN,UNKNOWN,UNKNOWN,UNKNOWN,UNKNOWN,UNKNOWN
S1486,Rujm Abu Muḥeir,C1_2km,without,True,False,True,partial,to Stage 2,MATCH,UNKNOWN,UNKNOWN,UNKNOWN,UNKNOWN,UNKNOWN,UNKNOWN
S1486,Rujm Abu Muḥeir,C2_tomb_shafts,with,True,False,True,partial,to Stage 2,UNKNOWN,UNKNOWN,UNKNOWN,UNKNOWN,UNKNOWN,UNKNOWN,UNKNOWN
S1486,Rujm Abu Muḥeir,C2_tomb_shafts,without,True,False,True,partial,to Stage 2,UNKNOWN,UNKNOWN,UNKNOWN,UNKNOWN,UNKNOWN,UNKNOWN,UNKNOWN
S1486,Rujm Abu Muḥeir,dated_only,with,True,False,True,partial,to Stage 2,UNKNOWN,UNKNOWN,UNKNOWN,UNKNOWN,UNKNOWN,UNKNOWN,UNKNOWN
S1486,Rujm Abu Muḥeir,dated_only,without,True,False,True,partial,to Stage 2,UNKNOWN,UNKNOWN,UNKNOWN,UNKNOWN,UNKNOWN,UNKNOWN,UNKNOWN
S1488,Kh. Sara,primary,with,True,False,False,full,to Stage 2,UNKNOWN,UNKNOWN,UNKNOWN,UNKNOWN,UNKNOWN,UNKNOWN,UNKNOWN
S1488,Kh. Sara,primary,without,True,False,False,full,to Stage 2,UNKNOWN,UNKNOWN,UNKNOWN,UNKNOWN,UNKNOWN,UNKNOWN,UNKNOWN
S1488,Kh. Sara,C1_0.5km,with,True,False,False,full,to Stage 2,UNKNOWN,UNKNOWN,UNKNOWN,UNKNOWN,UNKNOWN,UNKNOWN,UNKNOWN
S1488,Kh. Sara,C1_0.5km,without,True,False,False,full,to Stage 2,UNKNOWN,UNKNOWN,UNKNOWN,UNKNOWN,UNKNOWN,UNKNOWN,UNKNOWN
S1488,Kh. Sara,C1_2km,with,True,False,False,full,to Stage 2,UNKNOWN,UNKNOWN,UNKNOWN,UNKNOWN,UNKNOWN,UNKNOWN,UNKNOWN
S1488,Kh. Sara,C1_2km,without,True,False,False,full,to Stage 2,UNKNOWN,UNKNOWN,UNKNOWN,UNKNOWN,UNKNOWN,UNKNOWN,UNKNOWN
S1488,Kh. Sara,C2_tomb_shafts,with,True,False,False,full,to Stage 2,UNKNOWN,UNKNOWN,UNKNOWN,UNKNOWN,UNKNOWN,UNKNOWN,UNKNOWN
S1488,Kh. Sara,C2_tomb_shafts,without,True,False,False,full,to Stage 2,UNKNOWN,UNKNOWN,UNKNOWN,UNKNOWN,UNKNOWN,UNKNOWN,UNKNOWN
S1488,Kh. Sara,dated_only,with,True,False,False,full,to Stage 2,UNKNOWN,UNKNOWN,UNKNOWN,UNKNOWN,UNKNOWN,UNKNOWN,UNKNOWN
S1488,Kh. Sara,dated_only,without,True,False,False,full,to Stage 2,UNKNOWN,UNKNOWN,UNKNOWN,UNKNOWN,UNKNOWN,UNKNOWN,UNKNOWN
S1491,Duma,primary,with,True,False,True,full,not recorded,UNKNOWN,UNKNOWN,UNKNOWN,UNKNOWN,UNKNOWN,UNKNOWN,UNKNOWN
S1491,Duma,primary,without,True,False,True,full,not recorded,UNKNOWN,UNKNOWN,UNKNOWN,UNKNOWN,UNKNOWN,UNKNOWN,UNKNOWN
S1491,Duma,C1_0.5km,with,True,False,True,full,not recorded,UNKNOWN,UNKNOWN,UNKNOWN,UNKNOWN,UNKNOWN,UNKNOWN,UNKNOWN
S1491,Duma,C1_0.5km,without,True,False,True,full,not recorded,UNKNOWN,UNKNOWN,UNKNOWN,UNKNOWN,UNKNOWN,UNKNOWN,UNKNOWN
S1491,Duma,C1_2km,with,True,False,True,full,not recorded,UNKNOWN,UNKNOWN,UNKNOWN,UNKNOWN,UNKNOWN,UNKNOWN,UNKNOWN
S1491,Duma,C1_2km,without,True,False,True,full,not recorded,UNKNOWN,UNKNOWN,UNKNOWN,UNKNOWN,UNKNOWN,UNKNOWN,UNKNOWN
S1491,Duma,C2_tomb_shafts,with,True,False,True,full,not recorded,UNKNOWN,UNKNOWN,UNKNOWN,UNKNOWN,UNKNOWN,UNKNOWN,UNKNOWN
S1491,Duma,C2_tomb_shafts,without,True,False,True,full,not recorded,UNKNOWN,UNKNOWN,UNKNOWN,UNKNOWN,UNKNOWN,UNKNOWN,UNKNOWN
S1491,Duma,dated_only,with,True,False,True,full,not recorded,UNKNOWN,UNKNOWN,UNKNOWN,UNKNOWN,UNKNOWN,UNKNOWN,UNKNOWN
S1491,Duma,dated_only,without,True,False,True,full,not recorded,UNKNOWN,UNKNOWN,UNKNOWN,UNKNOWN,UNKNOWN,UNKNOWN,UNKNOWN
S1492,Tell Shiloh,primary,with,True,False,True,full,to Stage 2,UNKNOWN,UNKNOWN,UNKNOWN,UNKNOWN,UNKNOWN,UNKNOWN,UNKNOWN
S1492,Tell Shiloh,primary,without,True,False,True,full,to Stage 2,UNKNOWN,UNKNOWN,UNKNOWN,UNKNOWN,UNKNOWN,UNKNOWN,UNKNOWN
S1492,Tell Shiloh,C1_0.5km,with,True,False,True,full,to Stage 2,UNKNOWN,UNKNOWN,UNKNOWN,UNKNOWN,UNKNOWN,UNKNOWN,UNKNOWN
S1492,Tell Shiloh,C1_0.5km,without,True,False,True,full,to Stage 2,UNKNOWN,UNKNOWN,UNKNOWN,UNKNOWN,UNKNOWN,UNKNOWN,UNKNOWN
S1492,Tell Shiloh,C1_2km,with,True,False,True,full,to Stage 2,MATCH,UNKNOWN,UNKNOWN,UNKNOWN,UNKNOWN,UNKNOWN,UNKNOWN
S1492,Tell Shiloh,C1_2km,without,True,False,True,full,to Stage 2,MATCH,UNKNOWN,UNKNOWN,UNKNOWN,UNKNOWN,UNKNOWN,UNKNOWN
S1492,Tell Shiloh,C2_tomb_shafts,with,True,False,True,full,to Stage 2,UNKNOWN,UNKNOWN,UNKNOWN,UNKNOWN,UNKNOWN,UNKNOWN,UNKNOWN
S1492,Tell Shiloh,C2_tomb_shafts,without,True,False,True,full,to Stage 2,UNKNOWN,UNKNOWN,UNKNOWN,UNKNOWN,UNKNOWN,UNKNOWN,UNKNOWN
S1492,Tell Shiloh,dated_only,with,True,False,True,full,to Stage 2,UNKNOWN,UNKNOWN,UNKNOWN,UNKNOWN,UNKNOWN,UNKNOWN,UNKNOWN
S1492,Tell Shiloh,dated_only,without,True,False,True,full,to Stage 2,UNKNOWN,UNKNOWN,UNKNOWN,UNKNOWN,UNKNOWN,UNKNOWN,UNKNOWN
S6040,Tell esh-Sheikh Dhiab,primary,with,True,False,True,partial,to Stage 2,MATCH,MATCH,UNKNOWN,UNKNOWN,UNKNOWN,UNKNOWN,MATCH
S6040,Tell esh-Sheikh Dhiab,primary,without,True,False,True,partial,to Stage 2,MATCH,MATCH,UNKNOWN,UNKNOWN,UNKNOWN,UNKNOWN,MATCH
S6040,Tell esh-Sheikh Dhiab,C1_0.5km,with,True,False,True,partial,to Stage 2,UNKNOWN,MATCH,UNKNOWN,UNKNOWN,UNKNOWN,UNKNOWN,UNKNOWN
S6040,Tell esh-Sheikh Dhiab,C1_0.5km,without,True,False,True,partial,to Stage 2,UNKNOWN,MATCH,UNKNOWN,UNKNOWN,UNKNOWN,UNKNOWN,UNKNOWN
S6040,Tell esh-Sheikh Dhiab,C1_2km,with,True,False,True,partial,to Stage 2,MATCH,MATCH,UNKNOWN,UNKNOWN,UNKNOWN,UNKNOWN,MATCH
S6040,Tell esh-Sheikh Dhiab,C1_2km,without,True,False,True,partial,to Stage 2,MATCH,MATCH,UNKNOWN,UNKNOWN,UNKNOWN,UNKNOWN,MATCH
S6040,Tell esh-Sheikh Dhiab,C2_tomb_shafts,with,True,False,True,partial,to Stage 2,MATCH,MATCH,UNKNOWN,UNKNOWN,UNKNOWN,UNKNOWN,MATCH
S6040,Tell esh-Sheikh Dhiab,C2_tomb_shafts,without,True,False,True,partial,to Stage 2,MATCH,MATCH,UNKNOWN,UNKNOWN,UNKNOWN,UNKNOWN,MATCH
S6040,Tell esh-Sheikh Dhiab,dated_only,with,True,False,True,partial,to Stage 2,UNKNOWN,UNKNOWN,UNKNOWN,UNKNOWN,UNKNOWN,UNKNOWN,UNKNOWN
S6040,Tell esh-Sheikh Dhiab,dated_only,without,True,False,True,partial,to Stage 2,UNKNOWN,UNKNOWN,UNKNOWN,UNKNOWN,UNKNOWN,UNKNOWN,UNKNOWN
S1502,Kh. Sara C,primary,with,True,False,False,full,to Stage 2,UNKNOWN,MATCH,MATCH,UNKNOWN,UNKNOWN,UNKNOWN,UNKNOWN
S1502,Kh. Sara C,primary,without,True,False,False,full,to Stage 2,UNKNOWN,MATCH,MATCH,UNKNOWN,UNKNOWN,UNKNOWN,UNKNOWN
S1502,Kh. Sara C,C1_0.5km,with,True,False,False,full,to Stage 2,UNKNOWN,MATCH,MATCH,UNKNOWN,UNKNOWN,UNKNOWN,UNKNOWN
S1502,Kh. Sara C,C1_0.5km,without,True,False,False,full,to Stage 2,UNKNOWN,MATCH,MATCH,UNKNOWN,UNKNOWN,UNKNOWN,UNKNOWN
S1502,Kh. Sara C,C1_2km,with,True,False,False,full,to Stage 2,UNKNOWN,MATCH,MATCH,UNKNOWN,UNKNOWN,UNKNOWN,UNKNOWN
S1502,Kh. Sara C,C1_2km,without,True,False,False,full,to Stage 2,UNKNOWN,MATCH,MATCH,UNKNOWN,UNKNOWN,UNKNOWN,UNKNOWN
S1502,Kh. Sara C,C2_tomb_shafts,with,True,False,False,full,to Stage 2,UNKNOWN,MATCH,MATCH,UNKNOWN,UNKNOWN,UNKNOWN,UNKNOWN
S1502,Kh. Sara C,C2_tomb_shafts,without,True,False,False,full,to Stage 2,UNKNOWN,MATCH,MATCH,UNKNOWN,UNKNOWN,UNKNOWN,UNKNOWN
S1502,Kh. Sara C,dated_only,with,True,False,False,full,to Stage 2,UNKNOWN,UNKNOWN,UNKNOWN,UNKNOWN,UNKNOWN,UNKNOWN,UNKNOWN
S1502,Kh. Sara C,dated_only,without,True,False,False,full,to Stage 2,UNKNOWN,UNKNOWN,UNKNOWN,UNKNOWN,UNKNOWN,UNKNOWN,UNKNOWN
S1509,-,primary,with,True,False,False,partial,to Stage 2,MATCH,UNKNOWN,UNKNOWN,UNKNOWN,UNKNOWN,UNKNOWN,UNKNOWN
S1509,-,primary,without,True,False,False,partial,to Stage 2,MATCH,UNKNOWN,UNKNOWN,UNKNOWN,UNKNOWN,UNKNOWN,UNKNOWN
S1509,-,C1_0.5km,with,True,False,False,partial,to Stage 2,MATCH,UNKNOWN,UNKNOWN,UNKNOWN,UNKNOWN,UNKNOWN,UNKNOWN
S1509,-,C1_0.5km,without,True,False,False,partial,to Stage 2,MATCH,UNKNOWN,UNKNOWN,UNKNOWN,UNKNOWN,UNKNOWN,UNKNOWN
S1509,-,C1_2km,with,True,False,False,partial,to Stage 2,MATCH,UNKNOWN,UNKNOWN,UNKNOWN,UNKNOWN,UNKNOWN,UNKNOWN
S1509,-,C1_2km,without,True,False,False,partial,to Stage 2,MATCH,UNKNOWN,UNKNOWN,UNKNOWN,UNKNOWN,UNKNOWN,UNKNOWN
S1509,-,C2_tomb_shafts,with,True,False,False,partial,to Stage 2,MATCH,UNKNOWN,UNKNOWN,UNKNOWN,UNKNOWN,UNKNOWN,UNKNOWN
S1509,-,C2_tomb_shafts,without,True,False,False,partial,to Stage 2,MATCH,UNKNOWN,UNKNOWN,UNKNOWN,UNKNOWN,UNKNOWN,UNKNOWN
S1509,-,dated_only,with,True,False,False,partial,to Stage 2,UNKNOWN,UNKNOWN,UNKNOWN,UNKNOWN,UNKNOWN,UNKNOWN,UNKNOWN
S1509,-,dated_only,without,True,False,False,partial,to Stage 2,UNKNOWN,UNKNOWN,UNKNOWN,UNKNOWN,UNKNOWN,UNKNOWN,UNKNOWN
S1511,Jebel Shi'b el-Misr,primary,with,True,False,False,full,to Stage 2,UNKNOWN,UNKNOWN,UNKNOWN,UNKNOWN,UNKNOWN,UNKNOWN,UNKNOWN
S1511,Jebel Shi'b el-Misr,primary,without,True,False,False,full,to Stage 2,UNKNOWN,UNKNOWN,UNKNOWN,UNKNOWN,UNKNOWN,UNKNOWN,UNKNOWN
S1511,Jebel Shi'b el-Misr,C1_0.5km,with,True,False,False,full,to Stage 2,UNKNOWN,UNKNOWN,UNKNOWN,UNKNOWN,UNKNOWN,UNKNOWN,UNKNOWN
S1511,Jebel Shi'b el-Misr,C1_0.5km,without,True,False,False,full,to Stage 2,UNKNOWN,UNKNOWN,UNKNOWN,UNKNOWN,UNKNOWN,UNKNOWN,UNKNOWN
S1511,Jebel Shi'b el-Misr,C1_2km,with,True,False,False,full,to Stage 2,UNKNOWN,UNKNOWN,UNKNOWN,UNKNOWN,UNKNOWN,UNKNOWN,UNKNOWN
S1511,Jebel Shi'b el-Misr,C1_2km,without,True,False,False,full,to Stage 2,UNKNOWN,UNKNOWN,UNKNOWN,UNKNOWN,UNKNOWN,UNKNOWN,UNKNOWN
S1511,Jebel Shi'b el-Misr,C2_tomb_shafts,with,True,False,False,full,to Stage 2,UNKNOWN,UNKNOWN,UNKNOWN,UNKNOWN,UNKNOWN,UNKNOWN,UNKNOWN
S1511,Jebel Shi'b el-Misr,C2_tomb_shafts,without,True,False,False,full,to Stage 2,UNKNOWN,UNKNOWN,UNKNOWN,UNKNOWN,UNKNOWN,UNKNOWN,UNKNOWN
S1511,Jebel Shi'b el-Misr,dated_only,with,True,False,False,full,to Stage 2,UNKNOWN,UNKNOWN,UNKNOWN,UNKNOWN,UNKNOWN,UNKNOWN,UNKNOWN
S1511,Jebel Shi'b el-Misr,dated_only,without,True,False,False,full,to Stage 2,UNKNOWN,UNKNOWN,UNKNOWN,UNKNOWN,UNKNOWN,UNKNOWN,UNKNOWN
S1516,Kh. Najmat Khuneifis,primary,with,True,False,False,full,to Stage 2,UNKNOWN,UNKNOWN,UNKNOWN,UNKNOWN,UNKNOWN,UNKNOWN,UNKNOWN
S1516,Kh. Najmat Khuneifis,primary,without,True,False,False,full,to Stage 2,UNKNOWN,UNKNOWN,UNKNOWN,UNKNOWN,UNKNOWN,UNKNOWN,UNKNOWN
S1516,Kh. Najmat Khuneifis,C1_0.5km,with,True,False,False,full,to Stage 2,UNKNOWN,UNKNOWN,UNKNOWN,UNKNOWN,UNKNOWN,UNKNOWN,UNKNOWN
S1516,Kh. Najmat Khuneifis,C1_0.5km,without,True,False,False,full,to Stage 2,UNKNOWN,UNKNOWN,UNKNOWN,UNKNOWN,UNKNOWN,UNKNOWN,UNKNOWN
S1516,Kh. Najmat Khuneifis,C1_2km,with,True,False,False,full,to Stage 2,UNKNOWN,UNKNOWN,UNKNOWN,UNKNOWN,UNKNOWN,UNKNOWN,UNKNOWN
S1516,Kh. Najmat Khuneifis,C1_2km,without,True,False,False,full,to Stage 2,UNKNOWN,UNKNOWN,UNKNOWN,UNKNOWN,UNKNOWN,UNKNOWN,UNKNOWN
S1516,Kh. Najmat Khuneifis,C2_tomb_shafts,with,True,False,False,full,to Stage 2,UNKNOWN,UNKNOWN,UNKNOWN,UNKNOWN,UNKNOWN,UNKNOWN,UNKNOWN
S1516,Kh. Najmat Khuneifis,C2_tomb_shafts,without,True,False,False,full,to Stage 2,UNKNOWN,UNKNOWN,UNKNOWN,UNKNOWN,UNKNOWN,UNKNOWN,UNKNOWN
S1516,Kh. Najmat Khuneifis,dated_only,with,True,False,False,full,to Stage 2,UNKNOWN,UNKNOWN,UNKNOWN,UNKNOWN,UNKNOWN,UNKNOWN,UNKNOWN
S1516,Kh. Najmat Khuneifis,dated_only,without,True,False,False,full,to Stage 2,UNKNOWN,UNKNOWN,UNKNOWN,UNKNOWN,UNKNOWN,UNKNOWN,UNKNOWN
S1525,Kh. er-Rafid,primary,with,True,False,False,full,to Stage 2,UNKNOWN,UNKNOWN,MATCH,UNKNOWN,UNKNOWN,UNKNOWN,UNKNOWN
S1525,Kh. er-Rafid,primary,without,True,False,False,full,to Stage 2,UNKNOWN,UNKNOWN,MATCH,UNKNOWN,UNKNOWN,UNKNOWN,UNKNOWN
S1525,Kh. er-Rafid,C1_0.5km,with,True,False,False,full,to Stage 2,UNKNOWN,UNKNOWN,MATCH,UNKNOWN,UNKNOWN,UNKNOWN,UNKNOWN
S1525,Kh. er-Rafid,C1_0.5km,without,True,False,False,full,to Stage 2,UNKNOWN,UNKNOWN,MATCH,UNKNOWN,UNKNOWN,UNKNOWN,UNKNOWN
S1525,Kh. er-Rafid,C1_2km,with,True,False,False,full,to Stage 2,UNKNOWN,UNKNOWN,MATCH,UNKNOWN,UNKNOWN,UNKNOWN,UNKNOWN
S1525,Kh. er-Rafid,C1_2km,without,True,False,False,full,to Stage 2,UNKNOWN,UNKNOWN,MATCH,UNKNOWN,UNKNOWN,UNKNOWN,UNKNOWN
S1525,Kh. er-Rafid,C2_tomb_shafts,with,True,False,False,full,to Stage 2,UNKNOWN,MATCH,MATCH,UNKNOWN,UNKNOWN,UNKNOWN,UNKNOWN
S1525,Kh. er-Rafid,C2_tomb_shafts,without,True,False,False,full,to Stage 2,UNKNOWN,MATCH,MATCH,UNKNOWN,UNKNOWN,UNKNOWN,UNKNOWN
S1525,Kh. er-Rafid,dated_only,with,True,False,False,full,to Stage 2,UNKNOWN,UNKNOWN,UNKNOWN,UNKNOWN,UNKNOWN,UNKNOWN,UNKNOWN
S1525,Kh. er-Rafid,dated_only,without,True,False,False,full,to Stage 2,UNKNOWN,UNKNOWN,UNKNOWN,UNKNOWN,UNKNOWN,UNKNOWN,UNKNOWN
S1531,Kh. el-Marajim,primary,with,True,False,False,full,not recorded,UNKNOWN,UNKNOWN,UNKNOWN,UNKNOWN,UNKNOWN,UNKNOWN,UNKNOWN
S1531,Kh. el-Marajim,primary,without,True,False,False,full,not recorded,UNKNOWN,UNKNOWN,UNKNOWN,UNKNOWN,UNKNOWN,UNKNOWN,UNKNOWN
S1531,Kh. el-Marajim,C1_0.5km,with,True,False,False,full,not recorded,UNKNOWN,UNKNOWN,UNKNOWN,UNKNOWN,UNKNOWN,UNKNOWN,UNKNOWN
S1531,Kh. el-Marajim,C1_0.5km,without,True,False,False,full,not recorded,UNKNOWN,UNKNOWN,UNKNOWN,UNKNOWN,UNKNOWN,UNKNOWN,UNKNOWN
S1531,Kh. el-Marajim,C1_2km,with,True,False,False,full,not recorded,UNKNOWN,UNKNOWN,UNKNOWN,UNKNOWN,UNKNOWN,UNKNOWN,UNKNOWN
S1531,Kh. el-Marajim,C1_2km,without,True,False,False,full,not recorded,UNKNOWN,UNKNOWN,UNKNOWN,UNKNOWN,UNKNOWN,UNKNOWN,UNKNOWN
S1531,Kh. el-Marajim,C2_tomb_shafts,with,True,False,False,full,not recorded,UNKNOWN,UNKNOWN,UNKNOWN,UNKNOWN,UNKNOWN,UNKNOWN,UNKNOWN
S1531,Kh. el-Marajim,C2_tomb_shafts,without,True,False,False,full,not recorded,UNKNOWN,UNKNOWN,UNKNOWN,UNKNOWN,UNKNOWN,UNKNOWN,UNKNOWN
S1531,Kh. el-Marajim,dated_only,with,True,False,False,full,not recorded,UNKNOWN,UNKNOWN,UNKNOWN,UNKNOWN,UNKNOWN,UNKNOWN,UNKNOWN
S1531,Kh. el-Marajim,dated_only,without,True,False,False,full,not recorded,UNKNOWN,UNKNOWN,UNKNOWN,UNKNOWN,UNKNOWN,UNKNOWN,UNKNOWN
S1537,Tell esh-Sheikh Dhiab,primary,with,True,False,True,partial,to Stage 2,UNKNOWN,UNKNOWN,UNKNOWN,UNKNOWN,UNKNOWN,UNKNOWN,UNKNOWN
S1537,Tell esh-Sheikh Dhiab,primary,without,True,False,True,partial,to Stage 2,UNKNOWN,UNKNOWN,UNKNOWN,UNKNOWN,UNKNOWN,UNKNOWN,UNKNOWN
S1537,Tell esh-Sheikh Dhiab,C1_0.5km,with,True,False,True,partial,to Stage 2,UNKNOWN,UNKNOWN,UNKNOWN,UNKNOWN,UNKNOWN,UNKNOWN,UNKNOWN
S1537,Tell esh-Sheikh Dhiab,C1_0.5km,without,True,False,True,partial,to Stage 2,UNKNOWN,UNKNOWN,UNKNOWN,UNKNOWN,UNKNOWN,UNKNOWN,UNKNOWN
S1537,Tell esh-Sheikh Dhiab,C1_2km,with,True,False,True,partial,to Stage 2,UNKNOWN,UNKNOWN,UNKNOWN,UNKNOWN,UNKNOWN,UNKNOWN,UNKNOWN
S1537,Tell esh-Sheikh Dhiab,C1_2km,without,True,False,True,partial,to Stage 2,UNKNOWN,UNKNOWN,UNKNOWN,UNKNOWN,UNKNOWN,UNKNOWN,UNKNOWN
S1537,Tell esh-Sheikh Dhiab,C2_tomb_shafts,with,True,False,True,partial,to Stage 2,UNKNOWN,UNKNOWN,UNKNOWN,UNKNOWN,UNKNOWN,UNKNOWN,UNKNOWN
S1537,Tell esh-Sheikh Dhiab,C2_tomb_shafts,without,True,False,True,partial,to Stage 2,UNKNOWN,UNKNOWN,UNKNOWN,UNKNOWN,UNKNOWN,UNKNOWN,UNKNOWN
S1537,Tell esh-Sheikh Dhiab,dated_only,with,True,False,True,partial,to Stage 2,UNKNOWN,UNKNOWN,UNKNOWN,UNKNOWN,UNKNOWN,UNKNOWN,UNKNOWN
S1537,Tell esh-Sheikh Dhiab,dated_only,without,True,False,True,partial,to Stage 2,UNKNOWN,UNKNOWN,UNKNOWN,UNKNOWN,UNKNOWN,UNKNOWN,UNKNOWN
S1538,Kh. er-Rahaya,primary,with,True,False,False,full,not recorded,UNKNOWN,UNKNOWN,UNKNOWN,UNKNOWN,UNKNOWN,UNKNOWN,UNKNOWN
S1538,Kh. er-Rahaya,primary,without,True,False,False,full,not recorded,UNKNOWN,UNKNOWN,UNKNOWN,UNKNOWN,UNKNOWN,UNKNOWN,UNKNOWN
S1538,Kh. er-Rahaya,C1_0.5km,with,True,False,False,full,not recorded,UNKNOWN,UNKNOWN,UNKNOWN,UNKNOWN,UNKNOWN,UNKNOWN,UNKNOWN
S1538,Kh. er-Rahaya,C1_0.5km,without,True,False,False,full,not recorded,UNKNOWN,UNKNOWN,UNKNOWN,UNKNOWN,UNKNOWN,UNKNOWN,UNKNOWN
S1538,Kh. er-Rahaya,C1_2km,with,True,False,False,full,not recorded,UNKNOWN,UNKNOWN,UNKNOWN,UNKNOWN,UNKNOWN,UNKNOWN,UNKNOWN
S1538,Kh. er-Rahaya,C1_2km,without,True,False,False,full,not recorded,UNKNOWN,UNKNOWN,UNKNOWN,UNKNOWN,UNKNOWN,UNKNOWN,UNKNOWN
S1538,Kh. er-Rahaya,C2_tomb_shafts,with,True,False,False,full,not recorded,UNKNOWN,UNKNOWN,UNKNOWN,UNKNOWN,UNKNOWN,UNKNOWN,UNKNOWN
S1538,Kh. er-Rahaya,C2_tomb_shafts,without,True,False,False,full,not recorded,UNKNOWN,UNKNOWN,UNKNOWN,UNKNOWN,UNKNOWN,UNKNOWN,UNKNOWN
S1538,Kh. er-Rahaya,dated_only,with,True,False,False,full,not recorded,UNKNOWN,UNKNOWN,UNKNOWN,UNKNOWN,UNKNOWN,UNKNOWN,UNKNOWN
S1538,Kh. er-Rahaya,dated_only,without,True,False,False,full,not recorded,UNKNOWN,UNKNOWN,UNKNOWN,UNKNOWN,UNKNOWN,UNKNOWN,UNKNOWN
S1563,Turmus 'Aiya,primary,with,True,False,False,full,to Stage 2,UNKNOWN,UNKNOWN,UNKNOWN,UNKNOWN,UNKNOWN,UNKNOWN,UNKNOWN
S1563,Turmus 'Aiya,primary,without,True,False,False,full,to Stage 2,UNKNOWN,UNKNOWN,UNKNOWN,UNKNOWN,UNKNOWN,UNKNOWN,UNKNOWN
S1563,Turmus 'Aiya,C1_0.5km,with,True,False,False,full,to Stage 2,UNKNOWN,UNKNOWN,UNKNOWN,UNKNOWN,UNKNOWN,UNKNOWN,UNKNOWN
S1563,Turmus 'Aiya,C1_0.5km,without,True,False,False,full,to Stage 2,UNKNOWN,UNKNOWN,UNKNOWN,UNKNOWN,UNKNOWN,UNKNOWN,UNKNOWN
S1563,Turmus 'Aiya,C1_2km,with,True,False,False,full,to Stage 2,UNKNOWN,UNKNOWN,UNKNOWN,UNKNOWN,UNKNOWN,UNKNOWN,UNKNOWN
S1563,Turmus 'Aiya,C1_2km,without,True,False,False,full,to Stage 2,UNKNOWN,UNKNOWN,UNKNOWN,UNKNOWN,UNKNOWN,UNKNOWN,UNKNOWN
S1563,Turmus 'Aiya,C2_tomb_shafts,with,True,False,False,full,to Stage 2,UNKNOWN,UNKNOWN,UNKNOWN,UNKNOWN,UNKNOWN,UNKNOWN,UNKNOWN
S1563,Turmus 'Aiya,C2_tomb_shafts,without,True,False,False,full,to Stage 2,UNKNOWN,UNKNOWN,UNKNOWN,UNKNOWN,UNKNOWN,UNKNOWN,UNKNOWN
S1563,Turmus 'Aiya,dated_only,with,True,False,False,full,to Stage 2,UNKNOWN,UNKNOWN,UNKNOWN,UNKNOWN,UNKNOWN,UNKNOWN,UNKNOWN
S1563,Turmus 'Aiya,dated_only,without,True,False,False,full,to Stage 2,UNKNOWN,UNKNOWN,UNKNOWN,UNKNOWN,UNKNOWN,UNKNOWN,UNKNOWN
S1571,Kh. Istuna,primary,with,True,False,False,full,not recorded,UNKNOWN,UNKNOWN,UNKNOWN,UNKNOWN,UNKNOWN,UNKNOWN,UNKNOWN
S1571,Kh. Istuna,primary,without,True,False,False,full,not recorded,UNKNOWN,UNKNOWN,UNKNOWN,UNKNOWN,UNKNOWN,UNKNOWN,UNKNOWN
S1571,Kh. Istuna,C1_0.5km,with,True,False,False,full,not recorded,UNKNOWN,UNKNOWN,UNKNOWN,UNKNOWN,UNKNOWN,UNKNOWN,UNKNOWN
S1571,Kh. Istuna,C1_0.5km,without,True,False,False,full,not recorded,UNKNOWN,UNKNOWN,UNKNOWN,UNKNOWN,UNKNOWN,UNKNOWN,UNKNOWN
S1571,Kh. Istuna,C1_2km,with,True,False,False,full,not recorded,UNKNOWN,UNKNOWN,UNKNOWN,UNKNOWN,UNKNOWN,UNKNOWN,UNKNOWN
S1571,Kh. Istuna,C1_2km,without,True,False,False,full,not recorded,UNKNOWN,UNKNOWN,UNKNOWN,UNKNOWN,UNKNOWN,UNKNOWN,UNKNOWN
S1571,Kh. Istuna,C2_tomb_shafts,with,True,False,False,full,not recorded,UNKNOWN,UNKNOWN,UNKNOWN,UNKNOWN,UNKNOWN,UNKNOWN,UNKNOWN
S1571,Kh. Istuna,C2_tomb_shafts,without,True,False,False,full,not recorded,UNKNOWN,UNKNOWN,UNKNOWN,UNKNOWN,UNKNOWN,UNKNOWN,UNKNOWN
S1571,Kh. Istuna,dated_only,with,True,False,False,full,not recorded,UNKNOWN,UNKNOWN,UNKNOWN,UNKNOWN,UNKNOWN,UNKNOWN,UNKNOWN
S1571,Kh. Istuna,dated_only,without,True,False,False,full,not recorded,UNKNOWN,UNKNOWN,UNKNOWN,UNKNOWN,UNKNOWN,UNKNOWN,UNKNOWN
S1573,Kh. Jib'it,primary,with,True,False,True,full,not recorded,UNKNOWN,UNKNOWN,UNKNOWN,UNKNOWN,UNKNOWN,UNKNOWN,UNKNOWN
S1573,Kh. Jib'it,primary,without,True,False,True,full,not recorded,UNKNOWN,UNKNOWN,UNKNOWN,UNKNOWN,UNKNOWN,UNKNOWN,UNKNOWN
S1573,Kh. Jib'it,C1_0.5km,with,True,False,True,full,not recorded,UNKNOWN,UNKNOWN,UNKNOWN,UNKNOWN,UNKNOWN,UNKNOWN,UNKNOWN
S1573,Kh. Jib'it,C1_0.5km,without,True,False,True,full,not recorded,UNKNOWN,UNKNOWN,UNKNOWN,UNKNOWN,UNKNOWN,UNKNOWN,UNKNOWN
S1573,Kh. Jib'it,C1_2km,with,True,False,True,full,not recorded,UNKNOWN,UNKNOWN,UNKNOWN,UNKNOWN,UNKNOWN,UNKNOWN,UNKNOWN
S1573,Kh. Jib'it,C1_2km,without,True,False,True,full,not recorded,UNKNOWN,UNKNOWN,UNKNOWN,UNKNOWN,UNKNOWN,UNKNOWN,UNKNOWN
S1573,Kh. Jib'it,C2_tomb_shafts,with,True,False,True,full,not recorded,UNKNOWN,UNKNOWN,UNKNOWN,UNKNOWN,UNKNOWN,UNKNOWN,UNKNOWN
S1573,Kh. Jib'it,C2_tomb_shafts,without,True,False,True,full,not recorded,UNKNOWN,UNKNOWN,UNKNOWN,UNKNOWN,UNKNOWN,UNKNOWN,UNKNOWN
S1573,Kh. Jib'it,dated_only,with,True,False,True,full,not recorded,UNKNOWN,UNKNOWN,UNKNOWN,UNKNOWN,UNKNOWN,UNKNOWN,UNKNOWN
S1573,Kh. Jib'it,dated_only,without,True,False,True,full,not recorded,UNKNOWN,UNKNOWN,UNKNOWN,UNKNOWN,UNKNOWN,UNKNOWN,UNKNOWN
S5991,Fussail 2,primary,with,True,False,False,partial,to Stage 2,MATCH,UNKNOWN,UNKNOWN,UNKNOWN,UNKNOWN,UNKNOWN,UNKNOWN
S5991,Fussail 2,primary,without,True,False,False,partial,to Stage 2,MATCH,UNKNOWN,UNKNOWN,UNKNOWN,UNKNOWN,UNKNOWN,UNKNOWN
S5991,Fussail 2,C1_0.5km,with,True,False,False,partial,to Stage 2,UNKNOWN,UNKNOWN,UNKNOWN,UNKNOWN,UNKNOWN,UNKNOWN,UNKNOWN
S5991,Fussail 2,C1_0.5km,without,True,False,False,partial,to Stage 2,UNKNOWN,UNKNOWN,UNKNOWN,UNKNOWN,UNKNOWN,UNKNOWN,UNKNOWN
S5991,Fussail 2,C1_2km,with,True,False,False,partial,to Stage 2,MATCH,UNKNOWN,UNKNOWN,UNKNOWN,UNKNOWN,UNKNOWN,UNKNOWN
S5991,Fussail 2,C1_2km,without,True,False,False,partial,to Stage 2,MATCH,UNKNOWN,UNKNOWN,UNKNOWN,UNKNOWN,UNKNOWN,UNKNOWN
S5991,Fussail 2,C2_tomb_shafts,with,True,False,False,partial,to Stage 2,MATCH,UNKNOWN,UNKNOWN,UNKNOWN,UNKNOWN,UNKNOWN,UNKNOWN
S5991,Fussail 2,C2_tomb_shafts,without,True,False,False,partial,to Stage 2,MATCH,UNKNOWN,UNKNOWN,UNKNOWN,UNKNOWN,UNKNOWN,UNKNOWN
S5991,Fussail 2,dated_only,with,True,False,False,partial,to Stage 2,UNKNOWN,UNKNOWN,UNKNOWN,UNKNOWN,UNKNOWN,UNKNOWN,UNKNOWN
S5991,Fussail 2,dated_only,without,True,False,False,partial,to Stage 2,UNKNOWN,UNKNOWN,UNKNOWN,UNKNOWN,UNKNOWN,UNKNOWN,UNKNOWN
S1579,Kh. Faṣayil,primary,with,True,False,True,partial,to Stage 2,UNKNOWN,UNKNOWN,UNKNOWN,UNKNOWN,UNKNOWN,UNKNOWN,UNKNOWN
S1579,Kh. Faṣayil,primary,without,True,False,True,partial,to Stage 2,UNKNOWN,UNKNOWN,UNKNOWN,UNKNOWN,UNKNOWN,UNKNOWN,UNKNOWN
S1579,Kh. Faṣayil,C1_0.5km,with,True,False,True,partial,to Stage 2,UNKNOWN,UNKNOWN,UNKNOWN,UNKNOWN,UNKNOWN,UNKNOWN,UNKNOWN
S1579,Kh. Faṣayil,C1_0.5km,without,True,False,True,partial,to Stage 2,UNKNOWN,UNKNOWN,UNKNOWN,UNKNOWN,UNKNOWN,UNKNOWN,UNKNOWN
S1579,Kh. Faṣayil,C1_2km,with,True,False,True,partial,to Stage 2,UNKNOWN,UNKNOWN,UNKNOWN,UNKNOWN,UNKNOWN,UNKNOWN,UNKNOWN
S1579,Kh. Faṣayil,C1_2km,without,True,False,True,partial,to Stage 2,UNKNOWN,UNKNOWN,UNKNOWN,UNKNOWN,UNKNOWN,UNKNOWN,UNKNOWN
S1579,Kh. Faṣayil,C2_tomb_shafts,with,True,False,True,partial,to Stage 2,UNKNOWN,UNKNOWN,UNKNOWN,UNKNOWN,UNKNOWN,UNKNOWN,UNKNOWN
S1579,Kh. Faṣayil,C2_tomb_shafts,without,True,False,True,partial,to Stage 2,UNKNOWN,UNKNOWN,UNKNOWN,UNKNOWN,UNKNOWN,UNKNOWN,UNKNOWN
S1579,Kh. Faṣayil,dated_only,with,True,False,True,partial,to Stage 2,UNKNOWN,UNKNOWN,UNKNOWN,UNKNOWN,UNKNOWN,UNKNOWN,UNKNOWN
S1579,Kh. Faṣayil,dated_only,without,True,False,True,partial,to Stage 2,UNKNOWN,UNKNOWN,UNKNOWN,UNKNOWN,UNKNOWN,UNKNOWN,UNKNOWN
S1581,Kh. Kulasun,primary,with,True,False,False,full,not recorded,UNKNOWN,UNKNOWN,UNKNOWN,UNKNOWN,UNKNOWN,UNKNOWN,UNKNOWN
S1581,Kh. Kulasun,primary,without,True,False,False,full,not recorded,UNKNOWN,UNKNOWN,UNKNOWN,UNKNOWN,UNKNOWN,UNKNOWN,UNKNOWN
S1581,Kh. Kulasun,C1_0.5km,with,True,False,False,full,not recorded,UNKNOWN,UNKNOWN,UNKNOWN,UNKNOWN,UNKNOWN,UNKNOWN,UNKNOWN
S1581,Kh. Kulasun,C1_0.5km,without,True,False,False,full,not recorded,UNKNOWN,UNKNOWN,UNKNOWN,UNKNOWN,UNKNOWN,UNKNOWN,UNKNOWN
S1581,Kh. Kulasun,C1_2km,with,True,False,False,full,not recorded,UNKNOWN,UNKNOWN,UNKNOWN,UNKNOWN,UNKNOWN,UNKNOWN,UNKNOWN
S1581,Kh. Kulasun,C1_2km,without,True,False,False,full,not recorded,UNKNOWN,UNKNOWN,UNKNOWN,UNKNOWN,UNKNOWN,UNKNOWN,UNKNOWN
S1581,Kh. Kulasun,C2_tomb_shafts,with,True,False,False,full,not recorded,UNKNOWN,UNKNOWN,UNKNOWN,UNKNOWN,UNKNOWN,UNKNOWN,UNKNOWN
S1581,Kh. Kulasun,C2_tomb_shafts,without,True,False,False,full,not recorded,UNKNOWN,UNKNOWN,UNKNOWN,UNKNOWN,UNKNOWN,UNKNOWN,UNKNOWN
S1581,Kh. Kulasun,dated_only,with,True,False,False,full,not recorded,UNKNOWN,UNKNOWN,UNKNOWN,UNKNOWN,UNKNOWN,UNKNOWN,UNKNOWN
S1581,Kh. Kulasun,dated_only,without,True,False,False,full,not recorded,UNKNOWN,UNKNOWN,UNKNOWN,UNKNOWN,UNKNOWN,UNKNOWN,UNKNOWN
S5993,Wadi Amri 2,primary,with,True,False,False,partial,not recorded,UNKNOWN,UNKNOWN,UNKNOWN,UNKNOWN,UNKNOWN,UNKNOWN,UNKNOWN
S5993,Wadi Amri 2,primary,without,True,False,False,partial,not recorded,UNKNOWN,UNKNOWN,UNKNOWN,UNKNOWN,UNKNOWN,UNKNOWN,UNKNOWN
S5993,Wadi Amri 2,C1_0.5km,with,True,False,False,partial,not recorded,UNKNOWN,UNKNOWN,UNKNOWN,UNKNOWN,UNKNOWN,UNKNOWN,UNKNOWN
S5993,Wadi Amri 2,C1_0.5km,without,True,False,False,partial,not recorded,UNKNOWN,UNKNOWN,UNKNOWN,UNKNOWN,UNKNOWN,UNKNOWN,UNKNOWN
S5993,Wadi Amri 2,C1_2km,with,True,False,False,partial,not recorded,UNKNOWN,UNKNOWN,UNKNOWN,UNKNOWN,UNKNOWN,UNKNOWN,UNKNOWN
S5993,Wadi Amri 2,C1_2km,without,True,False,False,partial,not recorded,UNKNOWN,UNKNOWN,UNKNOWN,UNKNOWN,UNKNOWN,UNKNOWN,UNKNOWN
S5993,Wadi Amri 2,C2_tomb_shafts,with,True,False,False,partial,not recorded,UNKNOWN,UNKNOWN,UNKNOWN,UNKNOWN,UNKNOWN,UNKNOWN,UNKNOWN
S5993,Wadi Amri 2,C2_tomb_shafts,without,True,False,False,partial,not recorded,UNKNOWN,UNKNOWN,UNKNOWN,UNKNOWN,UNKNOWN,UNKNOWN,UNKNOWN
S5993,Wadi Amri 2,dated_only,with,True,False,False,partial,not recorded,UNKNOWN,UNKNOWN,UNKNOWN,UNKNOWN,UNKNOWN,UNKNOWN,UNKNOWN
S5993,Wadi Amri 2,dated_only,without,True,False,False,partial,not recorded,UNKNOWN,UNKNOWN,UNKNOWN,UNKNOWN,UNKNOWN,UNKNOWN,UNKNOWN
S1593,Kh. ed-Dashe,primary,with,True,False,False,partial,to Stage 2,UNKNOWN,UNKNOWN,UNKNOWN,UNKNOWN,UNKNOWN,UNKNOWN,UNKNOWN
S1593,Kh. ed-Dashe,primary,without,True,False,False,partial,to Stage 2,UNKNOWN,UNKNOWN,UNKNOWN,UNKNOWN,UNKNOWN,UNKNOWN,UNKNOWN
S1593,Kh. ed-Dashe,C1_0.5km,with,True,False,False,partial,to Stage 2,UNKNOWN,UNKNOWN,UNKNOWN,UNKNOWN,UNKNOWN,UNKNOWN,UNKNOWN
S1593,Kh. ed-Dashe,C1_0.5km,without,True,False,False,partial,to Stage 2,UNKNOWN,UNKNOWN,UNKNOWN,UNKNOWN,UNKNOWN,UNKNOWN,UNKNOWN
S1593,Kh. ed-Dashe,C1_2km,with,True,False,False,partial,to Stage 2,UNKNOWN,UNKNOWN,UNKNOWN,UNKNOWN,UNKNOWN,UNKNOWN,UNKNOWN
S1593,Kh. ed-Dashe,C1_2km,without,True,False,False,partial,to Stage 2,UNKNOWN,UNKNOWN,UNKNOWN,UNKNOWN,UNKNOWN,UNKNOWN,UNKNOWN
S1593,Kh. ed-Dashe,C2_tomb_shafts,with,True,False,False,partial,to Stage 2,UNKNOWN,UNKNOWN,UNKNOWN,UNKNOWN,UNKNOWN,UNKNOWN,UNKNOWN
S1593,Kh. ed-Dashe,C2_tomb_shafts,without,True,False,False,partial,to Stage 2,UNKNOWN,UNKNOWN,UNKNOWN,UNKNOWN,UNKNOWN,UNKNOWN,UNKNOWN
S1593,Kh. ed-Dashe,dated_only,with,True,False,False,partial,to Stage 2,UNKNOWN,UNKNOWN,UNKNOWN,UNKNOWN,UNKNOWN,UNKNOWN,UNKNOWN
S1593,Kh. ed-Dashe,dated_only,without,True,False,False,partial,to Stage 2,UNKNOWN,UNKNOWN,UNKNOWN,UNKNOWN,UNKNOWN,UNKNOWN,UNKNOWN
S1597,Kh. el-Budud,primary,with,True,False,False,full,to Stage 2,UNKNOWN,UNKNOWN,UNKNOWN,UNKNOWN,UNKNOWN,UNKNOWN,UNKNOWN
S1597,Kh. el-Budud,primary,without,True,False,False,full,to Stage 2,UNKNOWN,UNKNOWN,UNKNOWN,UNKNOWN,UNKNOWN,UNKNOWN,UNKNOWN
S1597,Kh. el-Budud,C1_0.5km,with,True,False,False,full,to Stage 2,UNKNOWN,UNKNOWN,UNKNOWN,UNKNOWN,UNKNOWN,UNKNOWN,UNKNOWN
S1597,Kh. el-Budud,C1_0.5km,without,True,False,False,full,to Stage 2,UNKNOWN,UNKNOWN,UNKNOWN,UNKNOWN,UNKNOWN,UNKNOWN,UNKNOWN
S1597,Kh. el-Budud,C1_2km,with,True,False,False,full,to Stage 2,UNKNOWN,UNKNOWN,UNKNOWN,UNKNOWN,UNKNOWN,UNKNOWN,UNKNOWN
S1597,Kh. el-Budud,C1_2km,without,True,False,False,full,to Stage 2,UNKNOWN,UNKNOWN,UNKNOWN,UNKNOWN,UNKNOWN,UNKNOWN,UNKNOWN
S1597,Kh. el-Budud,C2_tomb_shafts,with,True,False,False,full,to Stage 2,UNKNOWN,UNKNOWN,UNKNOWN,UNKNOWN,UNKNOWN,UNKNOWN,UNKNOWN
S1597,Kh. el-Budud,C2_tomb_shafts,without,True,False,False,full,to Stage 2,UNKNOWN,UNKNOWN,UNKNOWN,UNKNOWN,UNKNOWN,UNKNOWN,UNKNOWN
S1597,Kh. el-Budud,dated_only,with,True,False,False,full,to Stage 2,UNKNOWN,UNKNOWN,UNKNOWN,UNKNOWN,UNKNOWN,UNKNOWN,UNKNOWN
S1597,Kh. el-Budud,dated_only,without,True,False,False,full,to Stage 2,UNKNOWN,UNKNOWN,UNKNOWN,UNKNOWN,UNKNOWN,UNKNOWN,UNKNOWN
S1609,Kh. Siya',primary,with,True,False,False,full,to Stage 2,UNKNOWN,UNKNOWN,UNKNOWN,UNKNOWN,UNKNOWN,UNKNOWN,UNKNOWN
S1609,Kh. Siya',primary,without,True,False,False,full,to Stage 2,UNKNOWN,UNKNOWN,UNKNOWN,UNKNOWN,UNKNOWN,UNKNOWN,UNKNOWN
S1609,Kh. Siya',C1_0.5km,with,True,False,False,full,to Stage 2,UNKNOWN,UNKNOWN,UNKNOWN,UNKNOWN,UNKNOWN,UNKNOWN,UNKNOWN
S1609,Kh. Siya',C1_0.5km,without,True,False,False,full,to Stage 2,UNKNOWN,UNKNOWN,UNKNOWN,UNKNOWN,UNKNOWN,UNKNOWN,UNKNOWN
S1609,Kh. Siya',C1_2km,with,True,False,False,full,to Stage 2,UNKNOWN,UNKNOWN,UNKNOWN,UNKNOWN,UNKNOWN,UNKNOWN,UNKNOWN
S1609,Kh. Siya',C1_2km,without,True,False,False,full,to Stage 2,UNKNOWN,UNKNOWN,UNKNOWN,UNKNOWN,UNKNOWN,UNKNOWN,UNKNOWN
S1609,Kh. Siya',C2_tomb_shafts,with,True,False,False,full,to Stage 2,UNKNOWN,UNKNOWN,UNKNOWN,UNKNOWN,UNKNOWN,UNKNOWN,UNKNOWN
S1609,Kh. Siya',C2_tomb_shafts,without,True,False,False,full,to Stage 2,UNKNOWN,UNKNOWN,UNKNOWN,UNKNOWN,UNKNOWN,UNKNOWN,UNKNOWN
S1609,Kh. Siya',dated_only,with,True,False,False,full,to Stage 2,UNKNOWN,UNKNOWN,UNKNOWN,UNKNOWN,UNKNOWN,UNKNOWN,UNKNOWN
S1609,Kh. Siya',dated_only,without,True,False,False,full,to Stage 2,UNKNOWN,UNKNOWN,UNKNOWN,UNKNOWN,UNKNOWN,UNKNOWN,UNKNOWN
S1611,Kh. el-Kharayib,primary,with,True,False,False,full,not recorded,UNKNOWN,UNKNOWN,UNKNOWN,UNKNOWN,UNKNOWN,UNKNOWN,UNKNOWN
S1611,Kh. el-Kharayib,primary,without,True,False,False,full,not recorded,UNKNOWN,UNKNOWN,UNKNOWN,UNKNOWN,UNKNOWN,UNKNOWN,UNKNOWN
S1611,Kh. el-Kharayib,C1_0.5km,with,True,False,False,full,not recorded,UNKNOWN,UNKNOWN,UNKNOWN,UNKNOWN,UNKNOWN,UNKNOWN,UNKNOWN
S1611,Kh. el-Kharayib,C1_0.5km,without,True,False,False,full,not recorded,UNKNOWN,UNKNOWN,UNKNOWN,UNKNOWN,UNKNOWN,UNKNOWN,UNKNOWN
S1611,Kh. el-Kharayib,C1_2km,with,True,False,False,full,not recorded,UNKNOWN,UNKNOWN,UNKNOWN,UNKNOWN,UNKNOWN,UNKNOWN,UNKNOWN
S1611,Kh. el-Kharayib,C1_2km,without,True,False,False,full,not recorded,UNKNOWN,UNKNOWN,UNKNOWN,UNKNOWN,UNKNOWN,UNKNOWN,UNKNOWN
S1611,Kh. el-Kharayib,C2_tomb_shafts,with,True,False,False,full,not recorded,UNKNOWN,UNKNOWN,UNKNOWN,UNKNOWN,UNKNOWN,UNKNOWN,UNKNOWN
S1611,Kh. el-Kharayib,C2_tomb_shafts,without,True,False,False,full,not recorded,UNKNOWN,UNKNOWN,UNKNOWN,UNKNOWN,UNKNOWN,UNKNOWN,UNKNOWN
S1611,Kh. el-Kharayib,dated_only,with,True,False,False,full,not recorded,UNKNOWN,UNKNOWN,UNKNOWN,UNKNOWN,UNKNOWN,UNKNOWN,UNKNOWN
S1611,Kh. el-Kharayib,dated_only,without,True,False,False,full,not recorded,UNKNOWN,UNKNOWN,UNKNOWN,UNKNOWN,UNKNOWN,UNKNOWN,UNKNOWN
S5998,Wadi Tal'at Zagharah 2,primary,with,True,True,False,partial,not recorded,UNKNOWN,UNKNOWN,UNKNOWN,UNKNOWN,UNKNOWN,UNKNOWN,UNKNOWN
S5998,Wadi Tal'at Zagharah 2,primary,without,True,True,False,partial,not recorded,UNKNOWN,UNKNOWN,UNKNOWN,UNKNOWN,UNKNOWN,UNKNOWN,UNKNOWN
S5998,Wadi Tal'at Zagharah 2,C1_0.5km,with,True,True,False,partial,not recorded,UNKNOWN,UNKNOWN,UNKNOWN,UNKNOWN,UNKNOWN,UNKNOWN,UNKNOWN
S5998,Wadi Tal'at Zagharah 2,C1_0.5km,without,True,True,False,partial,not recorded,UNKNOWN,UNKNOWN,UNKNOWN,UNKNOWN,UNKNOWN,UNKNOWN,UNKNOWN
S5998,Wadi Tal'at Zagharah 2,C1_2km,with,True,True,False,partial,not recorded,UNKNOWN,UNKNOWN,UNKNOWN,UNKNOWN,UNKNOWN,UNKNOWN,UNKNOWN
S5998,Wadi Tal'at Zagharah 2,C1_2km,without,True,True,False,partial,not recorded,UNKNOWN,UNKNOWN,UNKNOWN,UNKNOWN,UNKNOWN,UNKNOWN,UNKNOWN
S5998,Wadi Tal'at Zagharah 2,C2_tomb_shafts,with,True,True,False,partial,not recorded,UNKNOWN,UNKNOWN,UNKNOWN,UNKNOWN,UNKNOWN,UNKNOWN,UNKNOWN
S5998,Wadi Tal'at Zagharah 2,C2_tomb_shafts,without,True,True,False,partial,not recorded,UNKNOWN,UNKNOWN,UNKNOWN,UNKNOWN,UNKNOWN,UNKNOWN,UNKNOWN
S5998,Wadi Tal'at Zagharah 2,dated_only,with,True,True,False,partial,not recorded,UNKNOWN,UNKNOWN,UNKNOWN,UNKNOWN,UNKNOWN,UNKNOWN,UNKNOWN
S5998,Wadi Tal'at Zagharah 2,dated_only,without,True,True,False,partial,not recorded,UNKNOWN,UNKNOWN,UNKNOWN,UNKNOWN,UNKNOWN,UNKNOWN,UNKNOWN
S5999,Wadi Tal'at Zagharah 1,primary,with,True,True,False,partial,not recorded,UNKNOWN,UNKNOWN,UNKNOWN,UNKNOWN,UNKNOWN,UNKNOWN,UNKNOWN
S5999,Wadi Tal'at Zagharah 1,primary,without,True,True,False,partial,not recorded,UNKNOWN,UNKNOWN,UNKNOWN,UNKNOWN,UNKNOWN,UNKNOWN,UNKNOWN
S5999,Wadi Tal'at Zagharah 1,C1_0.5km,with,True,True,False,partial,not recorded,UNKNOWN,UNKNOWN,UNKNOWN,UNKNOWN,UNKNOWN,UNKNOWN,UNKNOWN
S5999,Wadi Tal'at Zagharah 1,C1_0.5km,without,True,True,False,partial,not recorded,UNKNOWN,UNKNOWN,UNKNOWN,UNKNOWN,UNKNOWN,UNKNOWN,UNKNOWN
S5999,Wadi Tal'at Zagharah 1,C1_2km,with,True,True,False,partial,not recorded,UNKNOWN,UNKNOWN,UNKNOWN,UNKNOWN,UNKNOWN,UNKNOWN,UNKNOWN
S5999,Wadi Tal'at Zagharah 1,C1_2km,without,True,True,False,partial,not recorded,UNKNOWN,UNKNOWN,UNKNOWN,UNKNOWN,UNKNOWN,UNKNOWN,UNKNOWN
S5999,Wadi Tal'at Zagharah 1,C2_tomb_shafts,with,True,True,False,partial,not recorded,UNKNOWN,UNKNOWN,UNKNOWN,UNKNOWN,UNKNOWN,UNKNOWN,UNKNOWN
S5999,Wadi Tal'at Zagharah 1,C2_tomb_shafts,without,True,True,False,partial,not recorded,UNKNOWN,UNKNOWN,UNKNOWN,UNKNOWN,UNKNOWN,UNKNOWN,UNKNOWN
S5999,Wadi Tal'at Zagharah 1,dated_only,with,True,True,False,partial,not recorded,UNKNOWN,UNKNOWN,UNKNOWN,UNKNOWN,UNKNOWN,UNKNOWN,UNKNOWN
S5999,Wadi Tal'at Zagharah 1,dated_only,without,True,True,False,partial,not recorded,UNKNOWN,UNKNOWN,UNKNOWN,UNKNOWN,UNKNOWN,UNKNOWN,UNKNOWN
S1658,Kh. Marjame,primary,with,True,False,True,full,to Stage 2,UNKNOWN,UNKNOWN,MATCH,UNKNOWN,UNKNOWN,UNKNOWN,UNKNOWN
S1658,Kh. Marjame,primary,without,True,False,True,full,to Stage 2,UNKNOWN,UNKNOWN,MATCH,UNKNOWN,UNKNOWN,UNKNOWN,UNKNOWN
S1658,Kh. Marjame,C1_0.5km,with,True,False,True,full,to Stage 2,UNKNOWN,UNKNOWN,MATCH,UNKNOWN,UNKNOWN,UNKNOWN,UNKNOWN
S1658,Kh. Marjame,C1_0.5km,without,True,False,True,full,to Stage 2,UNKNOWN,UNKNOWN,MATCH,UNKNOWN,UNKNOWN,UNKNOWN,UNKNOWN
S1658,Kh. Marjame,C1_2km,with,True,False,True,full,to Stage 2,UNKNOWN,UNKNOWN,MATCH,UNKNOWN,UNKNOWN,UNKNOWN,UNKNOWN
S1658,Kh. Marjame,C1_2km,without,True,False,True,full,to Stage 2,UNKNOWN,UNKNOWN,MATCH,UNKNOWN,UNKNOWN,UNKNOWN,UNKNOWN
S1658,Kh. Marjame,C2_tomb_shafts,with,True,False,True,full,to Stage 2,UNKNOWN,MATCH,MATCH,UNKNOWN,UNKNOWN,UNKNOWN,UNKNOWN
S1658,Kh. Marjame,C2_tomb_shafts,without,True,False,True,full,to Stage 2,UNKNOWN,MATCH,MATCH,UNKNOWN,UNKNOWN,UNKNOWN,UNKNOWN
S1658,Kh. Marjame,dated_only,with,True,False,True,full,to Stage 2,UNKNOWN,UNKNOWN,MATCH,UNKNOWN,UNKNOWN,UNKNOWN,UNKNOWN
S1658,Kh. Marjame,dated_only,without,True,False,True,full,to Stage 2,UNKNOWN,UNKNOWN,MATCH,UNKNOWN,UNKNOWN,UNKNOWN,UNKNOWN
S1667,Kh. Samiyye,primary,with,True,True,True,full,to Stage 2,UNKNOWN,MATCH,MATCH,UNKNOWN,UNKNOWN,UNKNOWN,UNKNOWN
S1667,Kh. Samiyye,primary,without,True,True,True,full,to Stage 2,UNKNOWN,MATCH,MATCH,UNKNOWN,UNKNOWN,UNKNOWN,UNKNOWN
S1667,Kh. Samiyye,C1_0.5km,with,True,True,True,full,to Stage 2,UNKNOWN,MATCH,MATCH,UNKNOWN,UNKNOWN,UNKNOWN,UNKNOWN
S1667,Kh. Samiyye,C1_0.5km,without,True,True,True,full,to Stage 2,UNKNOWN,MATCH,MATCH,UNKNOWN,UNKNOWN,UNKNOWN,UNKNOWN
S1667,Kh. Samiyye,C1_2km,with,True,True,True,full,to Stage 2,UNKNOWN,MATCH,MATCH,UNKNOWN,UNKNOWN,UNKNOWN,UNKNOWN
S1667,Kh. Samiyye,C1_2km,without,True,True,True,full,to Stage 2,UNKNOWN,MATCH,MATCH,UNKNOWN,UNKNOWN,UNKNOWN,UNKNOWN
S1667,Kh. Samiyye,C2_tomb_shafts,with,True,True,True,full,to Stage 2,UNKNOWN,MATCH,MATCH,UNKNOWN,UNKNOWN,UNKNOWN,UNKNOWN
S1667,Kh. Samiyye,C2_tomb_shafts,without,True,True,True,full,to Stage 2,UNKNOWN,MATCH,MATCH,UNKNOWN,UNKNOWN,UNKNOWN,UNKNOWN
S1667,Kh. Samiyye,dated_only,with,True,True,True,full,to Stage 2,UNKNOWN,MATCH,MATCH,UNKNOWN,UNKNOWN,UNKNOWN,UNKNOWN
S1667,Kh. Samiyye,dated_only,without,True,True,True,full,to Stage 2,UNKNOWN,MATCH,MATCH,UNKNOWN,UNKNOWN,UNKNOWN,UNKNOWN
S6000,Netiv Hagdud 2,primary,with,True,True,True,partial,to Stage 2,UNKNOWN,UNKNOWN,UNKNOWN,UNKNOWN,UNKNOWN,UNKNOWN,UNKNOWN
S6000,Netiv Hagdud 2,primary,without,True,True,True,partial,to Stage 2,UNKNOWN,UNKNOWN,UNKNOWN,UNKNOWN,UNKNOWN,UNKNOWN,UNKNOWN
S6000,Netiv Hagdud 2,C1_0.5km,with,True,True,True,partial,to Stage 2,UNKNOWN,UNKNOWN,UNKNOWN,UNKNOWN,UNKNOWN,UNKNOWN,UNKNOWN
S6000,Netiv Hagdud 2,C1_0.5km,without,True,True,True,partial,to Stage 2,UNKNOWN,UNKNOWN,UNKNOWN,UNKNOWN,UNKNOWN,UNKNOWN,UNKNOWN
S6000,Netiv Hagdud 2,C1_2km,with,True,True,True,partial,to Stage 2,UNKNOWN,UNKNOWN,UNKNOWN,UNKNOWN,UNKNOWN,UNKNOWN,UNKNOWN
S6000,Netiv Hagdud 2,C1_2km,without,True,True,True,partial,to Stage 2,UNKNOWN,UNKNOWN,UNKNOWN,UNKNOWN,UNKNOWN,UNKNOWN,UNKNOWN
S6000,Netiv Hagdud 2,C2_tomb_shafts,with,True,True,True,partial,to Stage 2,UNKNOWN,UNKNOWN,UNKNOWN,UNKNOWN,UNKNOWN,UNKNOWN,UNKNOWN
S6000,Netiv Hagdud 2,C2_tomb_shafts,without,True,True,True,partial,to Stage 2,UNKNOWN,UNKNOWN,UNKNOWN,UNKNOWN,UNKNOWN,UNKNOWN,UNKNOWN
S6000,Netiv Hagdud 2,dated_only,with,True,True,True,partial,to Stage 2,UNKNOWN,UNKNOWN,UNKNOWN,UNKNOWN,UNKNOWN,UNKNOWN,UNKNOWN
S6000,Netiv Hagdud 2,dated_only,without,True,True,True,partial,to Stage 2,UNKNOWN,UNKNOWN,UNKNOWN,UNKNOWN,UNKNOWN,UNKNOWN,UNKNOWN
S6005,Niran 11,primary,with,True,True,False,partial,to Stage 2,UNKNOWN,UNKNOWN,UNKNOWN,UNKNOWN,UNKNOWN,UNKNOWN,UNKNOWN
S6005,Niran 11,primary,without,True,True,False,partial,to Stage 2,UNKNOWN,UNKNOWN,UNKNOWN,UNKNOWN,UNKNOWN,UNKNOWN,UNKNOWN
S6005,Niran 11,C1_0.5km,with,True,True,False,partial,to Stage 2,UNKNOWN,UNKNOWN,UNKNOWN,UNKNOWN,UNKNOWN,UNKNOWN,UNKNOWN
S6005,Niran 11,C1_0.5km,without,True,True,False,partial,to Stage 2,UNKNOWN,UNKNOWN,UNKNOWN,UNKNOWN,UNKNOWN,UNKNOWN,UNKNOWN
S6005,Niran 11,C1_2km,with,True,True,False,partial,to Stage 2,UNKNOWN,UNKNOWN,UNKNOWN,UNKNOWN,UNKNOWN,UNKNOWN,UNKNOWN
S6005,Niran 11,C1_2km,without,True,True,False,partial,to Stage 2,UNKNOWN,UNKNOWN,UNKNOWN,UNKNOWN,UNKNOWN,UNKNOWN,UNKNOWN
S6005,Niran 11,C2_tomb_shafts,with,True,True,False,partial,to Stage 2,UNKNOWN,UNKNOWN,UNKNOWN,UNKNOWN,UNKNOWN,UNKNOWN,UNKNOWN
S6005,Niran 11,C2_tomb_shafts,without,True,True,False,partial,to Stage 2,UNKNOWN,UNKNOWN,UNKNOWN,UNKNOWN,UNKNOWN,UNKNOWN,UNKNOWN
S6005,Niran 11,dated_only,with,True,True,False,partial,to Stage 2,UNKNOWN,UNKNOWN,UNKNOWN,UNKNOWN,UNKNOWN,UNKNOWN,UNKNOWN
S6005,Niran 11,dated_only,without,True,True,False,partial,to Stage 2,UNKNOWN,UNKNOWN,UNKNOWN,UNKNOWN,UNKNOWN,UNKNOWN,UNKNOWN
S1718,el-Khirbeh,primary,with,True,False,False,full,to Stage 2,UNKNOWN,UNKNOWN,UNKNOWN,UNKNOWN,UNKNOWN,UNKNOWN,UNKNOWN
S1718,el-Khirbeh,primary,without,True,False,False,full,to Stage 2,UNKNOWN,UNKNOWN,UNKNOWN,UNKNOWN,UNKNOWN,UNKNOWN,UNKNOWN
S1718,el-Khirbeh,C1_0.5km,with,True,False,False,full,to Stage 2,UNKNOWN,UNKNOWN,UNKNOWN,UNKNOWN,UNKNOWN,UNKNOWN,UNKNOWN
S1718,el-Khirbeh,C1_0.5km,without,True,False,False,full,to Stage 2,UNKNOWN,UNKNOWN,UNKNOWN,UNKNOWN,UNKNOWN,UNKNOWN,UNKNOWN
S1718,el-Khirbeh,C1_2km,with,True,False,False,full,to Stage 2,UNKNOWN,UNKNOWN,UNKNOWN,UNKNOWN,UNKNOWN,UNKNOWN,UNKNOWN
S1718,el-Khirbeh,C1_2km,without,True,False,False,full,to Stage 2,UNKNOWN,UNKNOWN,UNKNOWN,UNKNOWN,UNKNOWN,UNKNOWN,UNKNOWN
S1718,el-Khirbeh,C2_tomb_shafts,with,True,False,False,full,to Stage 2,UNKNOWN,UNKNOWN,UNKNOWN,UNKNOWN,UNKNOWN,UNKNOWN,UNKNOWN
S1718,el-Khirbeh,C2_tomb_shafts,without,True,False,False,full,to Stage 2,UNKNOWN,UNKNOWN,UNKNOWN,UNKNOWN,UNKNOWN,UNKNOWN,UNKNOWN
S1718,el-Khirbeh,dated_only,with,True,False,False,full,to Stage 2,UNKNOWN,UNKNOWN,UNKNOWN,UNKNOWN,UNKNOWN,UNKNOWN,UNKNOWN
S1718,el-Khirbeh,dated_only,without,True,False,False,full,to Stage 2,UNKNOWN,UNKNOWN,UNKNOWN,UNKNOWN,UNKNOWN,UNKNOWN,UNKNOWN
S6008,Wadi el-Hamam 1,primary,with,True,True,False,partial,not recorded,UNKNOWN,UNKNOWN,UNKNOWN,UNKNOWN,UNKNOWN,UNKNOWN,UNKNOWN
S6008,Wadi el-Hamam 1,primary,without,True,True,False,partial,not recorded,UNKNOWN,UNKNOWN,UNKNOWN,UNKNOWN,UNKNOWN,UNKNOWN,UNKNOWN
S6008,Wadi el-Hamam 1,C1_0.5km,with,True,True,False,partial,not recorded,UNKNOWN,UNKNOWN,UNKNOWN,UNKNOWN,UNKNOWN,UNKNOWN,UNKNOWN
S6008,Wadi el-Hamam 1,C1_0.5km,without,True,True,False,partial,not recorded,UNKNOWN,UNKNOWN,UNKNOWN,UNKNOWN,UNKNOWN,UNKNOWN,UNKNOWN
S6008,Wadi el-Hamam 1,C1_2km,with,True,True,False,partial,not recorded,UNKNOWN,UNKNOWN,UNKNOWN,UNKNOWN,UNKNOWN,UNKNOWN,UNKNOWN
S6008,Wadi el-Hamam 1,C1_2km,without,True,True,False,partial,not recorded,UNKNOWN,UNKNOWN,UNKNOWN,UNKNOWN,UNKNOWN,UNKNOWN,UNKNOWN
S6008,Wadi el-Hamam 1,C2_tomb_shafts,with,True,True,False,partial,not recorded,UNKNOWN,UNKNOWN,UNKNOWN,UNKNOWN,UNKNOWN,UNKNOWN,UNKNOWN
S6008,Wadi el-Hamam 1,C2_tomb_shafts,without,True,True,False,partial,not recorded,UNKNOWN,UNKNOWN,UNKNOWN,UNKNOWN,UNKNOWN,UNKNOWN,UNKNOWN
S6008,Wadi el-Hamam 1,dated_only,with,True,True,False,partial,not recorded,UNKNOWN,UNKNOWN,UNKNOWN,UNKNOWN,UNKNOWN,UNKNOWN,UNKNOWN
S6008,Wadi el-Hamam 1,dated_only,without,True,True,False,partial,not recorded,UNKNOWN,UNKNOWN,UNKNOWN,UNKNOWN,UNKNOWN,UNKNOWN,UNKNOWN
S1737,Kh. el-Kadh-dhaba,primary,with,True,True,False,full,to Stage 2,UNKNOWN,UNKNOWN,UNKNOWN,UNKNOWN,UNKNOWN,UNKNOWN,UNKNOWN
S1737,Kh. el-Kadh-dhaba,primary,without,True,True,False,full,to Stage 2,UNKNOWN,UNKNOWN,UNKNOWN,UNKNOWN,UNKNOWN,UNKNOWN,UNKNOWN
S1737,Kh. el-Kadh-dhaba,C1_0.5km,with,True,True,False,full,to Stage 2,UNKNOWN,UNKNOWN,UNKNOWN,UNKNOWN,UNKNOWN,UNKNOWN,UNKNOWN
S1737,Kh. el-Kadh-dhaba,C1_0.5km,without,True,True,False,full,to Stage 2,UNKNOWN,UNKNOWN,UNKNOWN,UNKNOWN,UNKNOWN,UNKNOWN,UNKNOWN
S1737,Kh. el-Kadh-dhaba,C1_2km,with,True,True,False,full,to Stage 2,UNKNOWN,UNKNOWN,UNKNOWN,UNKNOWN,UNKNOWN,UNKNOWN,UNKNOWN
S1737,Kh. el-Kadh-dhaba,C1_2km,without,True,True,False,full,to Stage 2,UNKNOWN,UNKNOWN,UNKNOWN,UNKNOWN,UNKNOWN,UNKNOWN,UNKNOWN
S1737,Kh. el-Kadh-dhaba,C2_tomb_shafts,with,True,True,False,full,to Stage 2,UNKNOWN,UNKNOWN,UNKNOWN,UNKNOWN,UNKNOWN,UNKNOWN,UNKNOWN
S1737,Kh. el-Kadh-dhaba,C2_tomb_shafts,without,True,True,False,full,to Stage 2,UNKNOWN,UNKNOWN,UNKNOWN,UNKNOWN,UNKNOWN,UNKNOWN,UNKNOWN
S1737,Kh. el-Kadh-dhaba,dated_only,with,True,True,False,full,to Stage 2,UNKNOWN,UNKNOWN,UNKNOWN,UNKNOWN,UNKNOWN,UNKNOWN,UNKNOWN
S1737,Kh. el-Kadh-dhaba,dated_only,without,True,True,False,full,to Stage 2,UNKNOWN,UNKNOWN,UNKNOWN,UNKNOWN,UNKNOWN,UNKNOWN,UNKNOWN
S6011,E.P. -140,primary,with,True,True,False,partial,to Stage 2,UNKNOWN,UNKNOWN,UNKNOWN,UNKNOWN,UNKNOWN,UNKNOWN,UNKNOWN
S6011,E.P. -140,primary,without,True,True,False,partial,to Stage 2,UNKNOWN,UNKNOWN,UNKNOWN,UNKNOWN,UNKNOWN,UNKNOWN,UNKNOWN
S6011,E.P. -140,C1_0.5km,with,True,True,False,partial,to Stage 2,UNKNOWN,UNKNOWN,UNKNOWN,UNKNOWN,UNKNOWN,UNKNOWN,UNKNOWN
S6011,E.P. -140,C1_0.5km,without,True,True,False,partial,to Stage 2,UNKNOWN,UNKNOWN,UNKNOWN,UNKNOWN,UNKNOWN,UNKNOWN,UNKNOWN
S6011,E.P. -140,C1_2km,with,True,True,False,partial,to Stage 2,UNKNOWN,UNKNOWN,UNKNOWN,UNKNOWN,UNKNOWN,UNKNOWN,UNKNOWN
S6011,E.P. -140,C1_2km,without,True,True,False,partial,to Stage 2,UNKNOWN,UNKNOWN,UNKNOWN,UNKNOWN,UNKNOWN,UNKNOWN,UNKNOWN
S6011,E.P. -140,C2_tomb_shafts,with,True,True,False,partial,to Stage 2,UNKNOWN,UNKNOWN,UNKNOWN,UNKNOWN,UNKNOWN,UNKNOWN,UNKNOWN
S6011,E.P. -140,C2_tomb_shafts,without,True,True,False,partial,to Stage 2,UNKNOWN,UNKNOWN,UNKNOWN,UNKNOWN,UNKNOWN,UNKNOWN,UNKNOWN
S6011,E.P. -140,dated_only,with,True,True,False,partial,to Stage 2,UNKNOWN,UNKNOWN,UNKNOWN,UNKNOWN,UNKNOWN,UNKNOWN,UNKNOWN
S6011,E.P. -140,dated_only,without,True,True,False,partial,to Stage 2,UNKNOWN,UNKNOWN,UNKNOWN,UNKNOWN,UNKNOWN,UNKNOWN,UNKNOWN
S1739,Kh. el-Beyadat,primary,with,True,True,True,partial,to Stage 2,UNKNOWN,UNKNOWN,UNKNOWN,UNKNOWN,UNKNOWN,UNKNOWN,UNKNOWN
S1739,Kh. el-Beyadat,primary,without,True,True,True,partial,to Stage 2,UNKNOWN,UNKNOWN,UNKNOWN,UNKNOWN,UNKNOWN,UNKNOWN,UNKNOWN
S1739,Kh. el-Beyadat,C1_0.5km,with,True,True,True,partial,to Stage 2,UNKNOWN,UNKNOWN,UNKNOWN,UNKNOWN,UNKNOWN,UNKNOWN,UNKNOWN
S1739,Kh. el-Beyadat,C1_0.5km,without,True,True,True,partial,to Stage 2,UNKNOWN,UNKNOWN,UNKNOWN,UNKNOWN,UNKNOWN,UNKNOWN,UNKNOWN
S1739,Kh. el-Beyadat,C1_2km,with,True,True,True,partial,to Stage 2,UNKNOWN,UNKNOWN,UNKNOWN,UNKNOWN,UNKNOWN,UNKNOWN,UNKNOWN
S1739,Kh. el-Beyadat,C1_2km,without,True,True,True,partial,to Stage 2,UNKNOWN,UNKNOWN,UNKNOWN,UNKNOWN,UNKNOWN,UNKNOWN,UNKNOWN
S1739,Kh. el-Beyadat,C2_tomb_shafts,with,True,True,True,partial,to Stage 2,UNKNOWN,UNKNOWN,UNKNOWN,UNKNOWN,UNKNOWN,UNKNOWN,UNKNOWN
S1739,Kh. el-Beyadat,C2_tomb_shafts,without,True,True,True,partial,to Stage 2,UNKNOWN,UNKNOWN,UNKNOWN,UNKNOWN,UNKNOWN,UNKNOWN,UNKNOWN
S1739,Kh. el-Beyadat,dated_only,with,True,True,True,partial,to Stage 2,UNKNOWN,UNKNOWN,UNKNOWN,UNKNOWN,UNKNOWN,UNKNOWN,UNKNOWN
S1739,Kh. el-Beyadat,dated_only,without,True,True,True,partial,to Stage 2,UNKNOWN,UNKNOWN,UNKNOWN,UNKNOWN,UNKNOWN,UNKNOWN,UNKNOWN
S6013,el-Mastara 1,primary,with,True,True,False,partial,to Stage 2,UNKNOWN,UNKNOWN,UNKNOWN,UNKNOWN,UNKNOWN,UNKNOWN,UNKNOWN
S6013,el-Mastara 1,primary,without,True,True,False,partial,to Stage 2,UNKNOWN,UNKNOWN,UNKNOWN,UNKNOWN,UNKNOWN,UNKNOWN,UNKNOWN
S6013,el-Mastara 1,C1_0.5km,with,True,True,False,partial,to Stage 2,UNKNOWN,UNKNOWN,UNKNOWN,UNKNOWN,UNKNOWN,UNKNOWN,UNKNOWN
S6013,el-Mastara 1,C1_0.5km,without,True,True,False,partial,to Stage 2,UNKNOWN,UNKNOWN,UNKNOWN,UNKNOWN,UNKNOWN,UNKNOWN,UNKNOWN
S6013,el-Mastara 1,C1_2km,with,True,True,False,partial,to Stage 2,UNKNOWN,UNKNOWN,UNKNOWN,UNKNOWN,UNKNOWN,UNKNOWN,UNKNOWN
S6013,el-Mastara 1,C1_2km,without,True,True,False,partial,to Stage 2,UNKNOWN,UNKNOWN,UNKNOWN,UNKNOWN,UNKNOWN,UNKNOWN,UNKNOWN
S6013,el-Mastara 1,C2_tomb_shafts,with,True,True,False,partial,to Stage 2,UNKNOWN,UNKNOWN,UNKNOWN,UNKNOWN,UNKNOWN,UNKNOWN,UNKNOWN
S6013,el-Mastara 1,C2_tomb_shafts,without,True,True,False,partial,to Stage 2,UNKNOWN,UNKNOWN,UNKNOWN,UNKNOWN,UNKNOWN,UNKNOWN,UNKNOWN
S6013,el-Mastara 1,dated_only,with,True,True,False,partial,to Stage 2,UNKNOWN,UNKNOWN,UNKNOWN,UNKNOWN,UNKNOWN,UNKNOWN,UNKNOWN
S6013,el-Mastara 1,dated_only,without,True,True,False,partial,to Stage 2,UNKNOWN,UNKNOWN,UNKNOWN,UNKNOWN,UNKNOWN,UNKNOWN,UNKNOWN
S6015,Wadi el-Hayyat 1,primary,with,True,True,False,partial,not recorded,UNKNOWN,UNKNOWN,UNKNOWN,UNKNOWN,UNKNOWN,UNKNOWN,UNKNOWN
S6015,Wadi el-Hayyat 1,primary,without,True,True,False,partial,not recorded,UNKNOWN,UNKNOWN,UNKNOWN,UNKNOWN,UNKNOWN,UNKNOWN,UNKNOWN
S6015,Wadi el-Hayyat 1,C1_0.5km,with,True,True,False,partial,not recorded,UNKNOWN,UNKNOWN,UNKNOWN,UNKNOWN,UNKNOWN,UNKNOWN,UNKNOWN
S6015,Wadi el-Hayyat 1,C1_0.5km,without,True,True,False,partial,not recorded,UNKNOWN,UNKNOWN,UNKNOWN,UNKNOWN,UNKNOWN,UNKNOWN,UNKNOWN
S6015,Wadi el-Hayyat 1,C1_2km,with,True,True,False,partial,not recorded,UNKNOWN,UNKNOWN,UNKNOWN,UNKNOWN,UNKNOWN,UNKNOWN,UNKNOWN
S6015,Wadi el-Hayyat 1,C1_2km,without,True,True,False,partial,not recorded,UNKNOWN,UNKNOWN,UNKNOWN,UNKNOWN,UNKNOWN,UNKNOWN,UNKNOWN
S6015,Wadi el-Hayyat 1,C2_tomb_shafts,with,True,True,False,partial,not recorded,UNKNOWN,UNKNOWN,UNKNOWN,UNKNOWN,UNKNOWN,UNKNOWN,UNKNOWN
S6015,Wadi el-Hayyat 1,C2_tomb_shafts,without,True,True,False,partial,not recorded,UNKNOWN,UNKNOWN,UNKNOWN,UNKNOWN,UNKNOWN,UNKNOWN,UNKNOWN
S6015,Wadi el-Hayyat 1,dated_only,with,True,True,False,partial,not recorded,UNKNOWN,UNKNOWN,UNKNOWN,UNKNOWN,UNKNOWN,UNKNOWN,UNKNOWN
S6015,Wadi el-Hayyat 1,dated_only,without,True,True,False,partial,not recorded,UNKNOWN,UNKNOWN,UNKNOWN,UNKNOWN,UNKNOWN,UNKNOWN,UNKNOWN
S1757,Et-Taiyiba,primary,with,True,True,True,full,not recorded,UNKNOWN,UNKNOWN,UNKNOWN,UNKNOWN,UNKNOWN,UNKNOWN,UNKNOWN
S1757,Et-Taiyiba,primary,without,True,True,True,full,not recorded,UNKNOWN,UNKNOWN,UNKNOWN,UNKNOWN,UNKNOWN,UNKNOWN,UNKNOWN
S1757,Et-Taiyiba,C1_0.5km,with,True,True,True,full,not recorded,UNKNOWN,UNKNOWN,UNKNOWN,UNKNOWN,UNKNOWN,UNKNOWN,UNKNOWN
S1757,Et-Taiyiba,C1_0.5km,without,True,True,True,full,not recorded,UNKNOWN,UNKNOWN,UNKNOWN,UNKNOWN,UNKNOWN,UNKNOWN,UNKNOWN
S1757,Et-Taiyiba,C1_2km,with,True,True,True,full,not recorded,UNKNOWN,UNKNOWN,UNKNOWN,UNKNOWN,UNKNOWN,UNKNOWN,UNKNOWN
S1757,Et-Taiyiba,C1_2km,without,True,True,True,full,not recorded,UNKNOWN,UNKNOWN,UNKNOWN,UNKNOWN,UNKNOWN,UNKNOWN,UNKNOWN
S1757,Et-Taiyiba,C2_tomb_shafts,with,True,True,True,full,not recorded,UNKNOWN,UNKNOWN,UNKNOWN,UNKNOWN,UNKNOWN,UNKNOWN,UNKNOWN
S1757,Et-Taiyiba,C2_tomb_shafts,without,True,True,True,full,not recorded,UNKNOWN,UNKNOWN,UNKNOWN,UNKNOWN,UNKNOWN,UNKNOWN,UNKNOWN
S1757,Et-Taiyiba,dated_only,with,True,True,True,full,not recorded,UNKNOWN,UNKNOWN,UNKNOWN,UNKNOWN,UNKNOWN,UNKNOWN,UNKNOWN
S1757,Et-Taiyiba,dated_only,without,True,True,True,full,not recorded,UNKNOWN,UNKNOWN,UNKNOWN,UNKNOWN,UNKNOWN,UNKNOWN,UNKNOWN
S6017,E.P. -66,primary,with,True,True,False,partial,to Stage 2,UNKNOWN,UNKNOWN,UNKNOWN,UNKNOWN,UNKNOWN,UNKNOWN,UNKNOWN
S6017,E.P. -66,primary,without,True,True,False,partial,to Stage 2,UNKNOWN,UNKNOWN,UNKNOWN,UNKNOWN,UNKNOWN,UNKNOWN,UNKNOWN
S6017,E.P. -66,C1_0.5km,with,True,True,False,partial,to Stage 2,UNKNOWN,UNKNOWN,UNKNOWN,UNKNOWN,UNKNOWN,UNKNOWN,UNKNOWN
S6017,E.P. -66,C1_0.5km,without,True,True,False,partial,to Stage 2,UNKNOWN,UNKNOWN,UNKNOWN,UNKNOWN,UNKNOWN,UNKNOWN,UNKNOWN
S6017,E.P. -66,C1_2km,with,True,True,False,partial,to Stage 2,UNKNOWN,UNKNOWN,UNKNOWN,UNKNOWN,UNKNOWN,UNKNOWN,UNKNOWN
S6017,E.P. -66,C1_2km,without,True,True,False,partial,to Stage 2,UNKNOWN,UNKNOWN,UNKNOWN,UNKNOWN,UNKNOWN,UNKNOWN,UNKNOWN
S6017,E.P. -66,C2_tomb_shafts,with,True,True,False,partial,to Stage 2,UNKNOWN,UNKNOWN,UNKNOWN,UNKNOWN,UNKNOWN,UNKNOWN,UNKNOWN
S6017,E.P. -66,C2_tomb_shafts,without,True,True,False,partial,to Stage 2,UNKNOWN,UNKNOWN,UNKNOWN,UNKNOWN,UNKNOWN,UNKNOWN,UNKNOWN
S6017,E.P. -66,dated_only,with,True,True,False,partial,to Stage 2,UNKNOWN,UNKNOWN,UNKNOWN,UNKNOWN,UNKNOWN,UNKNOWN,UNKNOWN
S6017,E.P. -66,dated_only,without,True,True,False,partial,to Stage 2,UNKNOWN,UNKNOWN,UNKNOWN,UNKNOWN,UNKNOWN,UNKNOWN,UNKNOWN
S6018,Aujeh Fortress,primary,with,True,True,True,partial,to Stage 2,UNKNOWN,UNKNOWN,UNKNOWN,UNKNOWN,UNKNOWN,UNKNOWN,UNKNOWN
S6018,Aujeh Fortress,primary,without,True,True,True,partial,to Stage 2,UNKNOWN,UNKNOWN,UNKNOWN,UNKNOWN,UNKNOWN,UNKNOWN,UNKNOWN
S6018,Aujeh Fortress,C1_0.5km,with,True,True,True,partial,to Stage 2,UNKNOWN,UNKNOWN,UNKNOWN,UNKNOWN,UNKNOWN,UNKNOWN,UNKNOWN
S6018,Aujeh Fortress,C1_0.5km,without,True,True,True,partial,to Stage 2,UNKNOWN,UNKNOWN,UNKNOWN,UNKNOWN,UNKNOWN,UNKNOWN,UNKNOWN
S6018,Aujeh Fortress,C1_2km,with,True,True,True,partial,to Stage 2,UNKNOWN,UNKNOWN,UNKNOWN,UNKNOWN,UNKNOWN,UNKNOWN,UNKNOWN
S6018,Aujeh Fortress,C1_2km,without,True,True,True,partial,to Stage 2,UNKNOWN,UNKNOWN,UNKNOWN,UNKNOWN,UNKNOWN,UNKNOWN,UNKNOWN
S6018,Aujeh Fortress,C2_tomb_shafts,with,True,True,True,partial,to Stage 2,UNKNOWN,UNKNOWN,UNKNOWN,UNKNOWN,UNKNOWN,UNKNOWN,UNKNOWN
S6018,Aujeh Fortress,C2_tomb_shafts,without,True,True,True,partial,to Stage 2,UNKNOWN,UNKNOWN,UNKNOWN,UNKNOWN,UNKNOWN,UNKNOWN,UNKNOWN
S6018,Aujeh Fortress,dated_only,with,True,True,True,partial,to Stage 2,UNKNOWN,UNKNOWN,UNKNOWN,UNKNOWN,UNKNOWN,UNKNOWN,UNKNOWN
S6018,Aujeh Fortress,dated_only,without,True,True,True,partial,to Stage 2,UNKNOWN,UNKNOWN,UNKNOWN,UNKNOWN,UNKNOWN,UNKNOWN,UNKNOWN
S1772,Kh. ed-Dis,primary,with,True,True,False,full,to Stage 2,UNKNOWN,UNKNOWN,UNKNOWN,UNKNOWN,UNKNOWN,UNKNOWN,UNKNOWN
S1772,Kh. ed-Dis,primary,without,True,True,False,full,to Stage 2,UNKNOWN,UNKNOWN,UNKNOWN,UNKNOWN,UNKNOWN,UNKNOWN,UNKNOWN
S1772,Kh. ed-Dis,C1_0.5km,with,True,True,False,full,to Stage 2,UNKNOWN,UNKNOWN,UNKNOWN,UNKNOWN,UNKNOWN,UNKNOWN,UNKNOWN
S1772,Kh. ed-Dis,C1_0.5km,without,True,True,False,full,to Stage 2,UNKNOWN,UNKNOWN,UNKNOWN,UNKNOWN,UNKNOWN,UNKNOWN,UNKNOWN
S1772,Kh. ed-Dis,C1_2km,with,True,True,False,full,to Stage 2,UNKNOWN,UNKNOWN,UNKNOWN,UNKNOWN,UNKNOWN,UNKNOWN,UNKNOWN
S1772,Kh. ed-Dis,C1_2km,without,True,True,False,full,to Stage 2,UNKNOWN,UNKNOWN,UNKNOWN,UNKNOWN,UNKNOWN,UNKNOWN,UNKNOWN
S1772,Kh. ed-Dis,C2_tomb_shafts,with,True,True,False,full,to Stage 2,UNKNOWN,UNKNOWN,UNKNOWN,UNKNOWN,UNKNOWN,UNKNOWN,UNKNOWN
S1772,Kh. ed-Dis,C2_tomb_shafts,without,True,True,False,full,to Stage 2,UNKNOWN,UNKNOWN,UNKNOWN,UNKNOWN,UNKNOWN,UNKNOWN,UNKNOWN
S1772,Kh. ed-Dis,dated_only,with,True,True,False,full,to Stage 2,UNKNOWN,UNKNOWN,UNKNOWN,UNKNOWN,UNKNOWN,UNKNOWN,UNKNOWN
S1772,Kh. ed-Dis,dated_only,without,True,True,False,full,to Stage 2,UNKNOWN,UNKNOWN,UNKNOWN,UNKNOWN,UNKNOWN,UNKNOWN,UNKNOWN
S6019,Wadi Aujah 1,primary,with,True,True,False,partial,to Stage 2,UNKNOWN,UNKNOWN,UNKNOWN,UNKNOWN,UNKNOWN,UNKNOWN,UNKNOWN
S6019,Wadi Aujah 1,primary,without,True,True,False,partial,to Stage 2,UNKNOWN,UNKNOWN,UNKNOWN,UNKNOWN,UNKNOWN,UNKNOWN,UNKNOWN
S6019,Wadi Aujah 1,C1_0.5km,with,True,True,False,partial,to Stage 2,UNKNOWN,UNKNOWN,UNKNOWN,UNKNOWN,UNKNOWN,UNKNOWN,UNKNOWN
S6019,Wadi Aujah 1,C1_0.5km,without,True,True,False,partial,to Stage 2,UNKNOWN,UNKNOWN,UNKNOWN,UNKNOWN,UNKNOWN,UNKNOWN,UNKNOWN
S6019,Wadi Aujah 1,C1_2km,with,True,True,False,partial,to Stage 2,UNKNOWN,UNKNOWN,UNKNOWN,UNKNOWN,UNKNOWN,UNKNOWN,UNKNOWN
S6019,Wadi Aujah 1,C1_2km,without,True,True,False,partial,to Stage 2,UNKNOWN,UNKNOWN,UNKNOWN,UNKNOWN,UNKNOWN,UNKNOWN,UNKNOWN
S6019,Wadi Aujah 1,C2_tomb_shafts,with,True,True,False,partial,to Stage 2,UNKNOWN,UNKNOWN,UNKNOWN,UNKNOWN,UNKNOWN,UNKNOWN,UNKNOWN
S6019,Wadi Aujah 1,C2_tomb_shafts,without,True,True,False,partial,to Stage 2,UNKNOWN,UNKNOWN,UNKNOWN,UNKNOWN,UNKNOWN,UNKNOWN,UNKNOWN
S6019,Wadi Aujah 1,dated_only,with,True,True,False,partial,to Stage 2,UNKNOWN,UNKNOWN,UNKNOWN,UNKNOWN,UNKNOWN,UNKNOWN,UNKNOWN
S6019,Wadi Aujah 1,dated_only,without,True,True,False,partial,to Stage 2,UNKNOWN,UNKNOWN,UNKNOWN,UNKNOWN,UNKNOWN,UNKNOWN,UNKNOWN
S1782,Kh. Dar Haiyeh,primary,with,True,True,False,full,to Stage 2,UNKNOWN,MATCH,UNKNOWN,UNKNOWN,UNKNOWN,UNKNOWN,UNKNOWN
S1782,Kh. Dar Haiyeh,primary,without,True,True,False,full,to Stage 2,UNKNOWN,MATCH,UNKNOWN,UNKNOWN,UNKNOWN,UNKNOWN,UNKNOWN
S1782,Kh. Dar Haiyeh,C1_0.5km,with,True,True,False,full,to Stage 2,UNKNOWN,MATCH,UNKNOWN,UNKNOWN,UNKNOWN,UNKNOWN,UNKNOWN
S1782,Kh. Dar Haiyeh,C1_0.5km,without,True,True,False,full,to Stage 2,UNKNOWN,MATCH,UNKNOWN,UNKNOWN,UNKNOWN,UNKNOWN,UNKNOWN
S1782,Kh. Dar Haiyeh,C1_2km,with,True,True,False,full,to Stage 2,UNKNOWN,MATCH,UNKNOWN,UNKNOWN,UNKNOWN,UNKNOWN,UNKNOWN
S1782,Kh. Dar Haiyeh,C1_2km,without,True,True,False,full,to Stage 2,UNKNOWN,MATCH,UNKNOWN,UNKNOWN,UNKNOWN,UNKNOWN,UNKNOWN
S1782,Kh. Dar Haiyeh,C2_tomb_shafts,with,True,True,False,full,to Stage 2,UNKNOWN,MATCH,UNKNOWN,UNKNOWN,UNKNOWN,UNKNOWN,UNKNOWN
S1782,Kh. Dar Haiyeh,C2_tomb_shafts,without,True,True,False,full,to Stage 2,UNKNOWN,MATCH,UNKNOWN,UNKNOWN,UNKNOWN,UNKNOWN,UNKNOWN
S1782,Kh. Dar Haiyeh,dated_only,with,True,True,False,full,to Stage 2,UNKNOWN,UNKNOWN,UNKNOWN,UNKNOWN,UNKNOWN,UNKNOWN,UNKNOWN
S1782,Kh. Dar Haiyeh,dated_only,without,True,True,False,full,to Stage 2,UNKNOWN,UNKNOWN,UNKNOWN,UNKNOWN,UNKNOWN,UNKNOWN,UNKNOWN
S1785,Kh. el-'Awja,primary,with,True,True,False,partial,to Stage 2,UNKNOWN,MATCH,UNKNOWN,UNKNOWN,UNKNOWN,UNKNOWN,UNKNOWN
S1785,Kh. el-'Awja,primary,without,True,True,False,partial,to Stage 2,UNKNOWN,MATCH,UNKNOWN,UNKNOWN,UNKNOWN,UNKNOWN,UNKNOWN
S1785,Kh. el-'Awja,C1_0.5km,with,True,True,False,partial,to Stage 2,UNKNOWN,MATCH,UNKNOWN,UNKNOWN,UNKNOWN,UNKNOWN,UNKNOWN
S1785,Kh. el-'Awja,C1_0.5km,without,True,True,False,partial,to Stage 2,UNKNOWN,MATCH,UNKNOWN,UNKNOWN,UNKNOWN,UNKNOWN,UNKNOWN
S1785,Kh. el-'Awja,C1_2km,with,True,True,False,partial,to Stage 2,UNKNOWN,MATCH,UNKNOWN,UNKNOWN,UNKNOWN,UNKNOWN,UNKNOWN
S1785,Kh. el-'Awja,C1_2km,without,True,True,False,partial,to Stage 2,UNKNOWN,MATCH,UNKNOWN,UNKNOWN,UNKNOWN,UNKNOWN,UNKNOWN
S1785,Kh. el-'Awja,C2_tomb_shafts,with,True,True,False,partial,to Stage 2,UNKNOWN,MATCH,UNKNOWN,UNKNOWN,UNKNOWN,UNKNOWN,UNKNOWN
S1785,Kh. el-'Awja,C2_tomb_shafts,without,True,True,False,partial,to Stage 2,UNKNOWN,MATCH,UNKNOWN,UNKNOWN,UNKNOWN,UNKNOWN,UNKNOWN
S1785,Kh. el-'Awja,dated_only,with,True,True,False,partial,to Stage 2,UNKNOWN,UNKNOWN,UNKNOWN,UNKNOWN,UNKNOWN,UNKNOWN,UNKNOWN
S1785,Kh. el-'Awja,dated_only,without,True,True,False,partial,to Stage 2,UNKNOWN,UNKNOWN,UNKNOWN,UNKNOWN,UNKNOWN,UNKNOWN,UNKNOWN
S1790,Ein el-'Auja,primary,with,True,True,False,full,to Stage 2,UNKNOWN,MATCH,UNKNOWN,UNKNOWN,UNKNOWN,UNKNOWN,UNKNOWN
S1790,Ein el-'Auja,primary,without,True,True,False,full,to Stage 2,UNKNOWN,MATCH,UNKNOWN,UNKNOWN,UNKNOWN,UNKNOWN,UNKNOWN
S1790,Ein el-'Auja,C1_0.5km,with,True,True,False,full,to Stage 2,UNKNOWN,MATCH,UNKNOWN,UNKNOWN,UNKNOWN,UNKNOWN,UNKNOWN
S1790,Ein el-'Auja,C1_0.5km,without,True,True,False,full,to Stage 2,UNKNOWN,MATCH,UNKNOWN,UNKNOWN,UNKNOWN,UNKNOWN,UNKNOWN
S1790,Ein el-'Auja,C1_2km,with,True,True,False,full,to Stage 2,UNKNOWN,MATCH,UNKNOWN,UNKNOWN,UNKNOWN,UNKNOWN,UNKNOWN
S1790,Ein el-'Auja,C1_2km,without,True,True,False,full,to Stage 2,UNKNOWN,MATCH,UNKNOWN,UNKNOWN,UNKNOWN,UNKNOWN,UNKNOWN
S1790,Ein el-'Auja,C2_tomb_shafts,with,True,True,False,full,to Stage 2,UNKNOWN,MATCH,UNKNOWN,UNKNOWN,UNKNOWN,UNKNOWN,UNKNOWN
S1790,Ein el-'Auja,C2_tomb_shafts,without,True,True,False,full,to Stage 2,UNKNOWN,MATCH,UNKNOWN,UNKNOWN,UNKNOWN,UNKNOWN,UNKNOWN
S1790,Ein el-'Auja,dated_only,with,True,True,False,full,to Stage 2,UNKNOWN,UNKNOWN,UNKNOWN,UNKNOWN,UNKNOWN,UNKNOWN,UNKNOWN
S1790,Ein el-'Auja,dated_only,without,True,True,False,full,to Stage 2,UNKNOWN,UNKNOWN,UNKNOWN,UNKNOWN,UNKNOWN,UNKNOWN,UNKNOWN
S1793,Kh. Tantura,primary,with,True,True,False,full,to Stage 2,UNKNOWN,UNKNOWN,UNKNOWN,UNKNOWN,UNKNOWN,UNKNOWN,UNKNOWN
S1793,Kh. Tantura,primary,without,True,True,False,full,to Stage 2,UNKNOWN,UNKNOWN,UNKNOWN,UNKNOWN,UNKNOWN,UNKNOWN,UNKNOWN
S1793,Kh. Tantura,C1_0.5km,with,True,True,False,full,to Stage 2,UNKNOWN,UNKNOWN,UNKNOWN,UNKNOWN,UNKNOWN,UNKNOWN,UNKNOWN
S1793,Kh. Tantura,C1_0.5km,without,True,True,False,full,to Stage 2,UNKNOWN,UNKNOWN,UNKNOWN,UNKNOWN,UNKNOWN,UNKNOWN,UNKNOWN
S1793,Kh. Tantura,C1_2km,with,True,True,False,full,to Stage 2,UNKNOWN,UNKNOWN,UNKNOWN,UNKNOWN,UNKNOWN,UNKNOWN,UNKNOWN
S1793,Kh. Tantura,C1_2km,without,True,True,False,full,to Stage 2,UNKNOWN,UNKNOWN,UNKNOWN,UNKNOWN,UNKNOWN,UNKNOWN,UNKNOWN
S1793,Kh. Tantura,C2_tomb_shafts,with,True,True,False,full,to Stage 2,UNKNOWN,UNKNOWN,UNKNOWN,UNKNOWN,UNKNOWN,UNKNOWN,UNKNOWN
S1793,Kh. Tantura,C2_tomb_shafts,without,True,True,False,full,to Stage 2,UNKNOWN,UNKNOWN,UNKNOWN,UNKNOWN,UNKNOWN,UNKNOWN,UNKNOWN
S1793,Kh. Tantura,dated_only,with,True,True,False,full,to Stage 2,UNKNOWN,UNKNOWN,UNKNOWN,UNKNOWN,UNKNOWN,UNKNOWN,UNKNOWN
S1793,Kh. Tantura,dated_only,without,True,True,False,full,to Stage 2,UNKNOWN,UNKNOWN,UNKNOWN,UNKNOWN,UNKNOWN,UNKNOWN,UNKNOWN
S1798,Kh. Umm 'Azbe,primary,with,True,True,False,partial,to Stage 2,MATCH,UNKNOWN,UNKNOWN,UNKNOWN,UNKNOWN,UNKNOWN,UNKNOWN
S1798,Kh. Umm 'Azbe,primary,without,True,True,False,partial,to Stage 2,MATCH,UNKNOWN,UNKNOWN,UNKNOWN,UNKNOWN,UNKNOWN,UNKNOWN
S1798,Kh. Umm 'Azbe,C1_0.5km,with,True,True,False,partial,to Stage 2,MATCH,UNKNOWN,UNKNOWN,UNKNOWN,UNKNOWN,UNKNOWN,UNKNOWN
S1798,Kh. Umm 'Azbe,C1_0.5km,without,True,True,False,partial,to Stage 2,MATCH,UNKNOWN,UNKNOWN,UNKNOWN,UNKNOWN,UNKNOWN,UNKNOWN
S1798,Kh. Umm 'Azbe,C1_2km,with,True,True,False,partial,to Stage 2,MATCH,UNKNOWN,UNKNOWN,UNKNOWN,UNKNOWN,UNKNOWN,UNKNOWN
S1798,Kh. Umm 'Azbe,C1_2km,without,True,True,False,partial,to Stage 2,MATCH,UNKNOWN,UNKNOWN,UNKNOWN,UNKNOWN,UNKNOWN,UNKNOWN
S1798,Kh. Umm 'Azbe,C2_tomb_shafts,with,True,True,False,partial,to Stage 2,MATCH,UNKNOWN,UNKNOWN,UNKNOWN,UNKNOWN,UNKNOWN,UNKNOWN
S1798,Kh. Umm 'Azbe,C2_tomb_shafts,without,True,True,False,partial,to Stage 2,MATCH,UNKNOWN,UNKNOWN,UNKNOWN,UNKNOWN,UNKNOWN,UNKNOWN
S1798,Kh. Umm 'Azbe,dated_only,with,True,True,False,partial,to Stage 2,UNKNOWN,UNKNOWN,UNKNOWN,UNKNOWN,UNKNOWN,UNKNOWN,UNKNOWN
S1798,Kh. Umm 'Azbe,dated_only,without,True,True,False,partial,to Stage 2,UNKNOWN,UNKNOWN,UNKNOWN,UNKNOWN,UNKNOWN,UNKNOWN,UNKNOWN
S1808,Malkhaka el-Wadin,primary,with,True,True,False,partial,to Stage 2,UNKNOWN,UNKNOWN,MATCH,UNKNOWN,UNKNOWN,UNKNOWN,UNKNOWN
S1808,Malkhaka el-Wadin,primary,without,True,True,False,partial,to Stage 2,UNKNOWN,UNKNOWN,MATCH,UNKNOWN,UNKNOWN,UNKNOWN,UNKNOWN
S1808,Malkhaka el-Wadin,C1_0.5km,with,True,True,False,partial,to Stage 2,UNKNOWN,UNKNOWN,MATCH,UNKNOWN,UNKNOWN,UNKNOWN,UNKNOWN
S1808,Malkhaka el-Wadin,C1_0.5km,without,True,True,False,partial,to Stage 2,UNKNOWN,UNKNOWN,MATCH,UNKNOWN,UNKNOWN,UNKNOWN,UNKNOWN
S1808,Malkhaka el-Wadin,C1_2km,with,True,True,False,partial,to Stage 2,UNKNOWN,UNKNOWN,MATCH,UNKNOWN,UNKNOWN,UNKNOWN,UNKNOWN
S1808,Malkhaka el-Wadin,C1_2km,without,True,True,False,partial,to Stage 2,UNKNOWN,UNKNOWN,MATCH,UNKNOWN,UNKNOWN,UNKNOWN,UNKNOWN
S1808,Malkhaka el-Wadin,C2_tomb_shafts,with,True,True,False,partial,to Stage 2,UNKNOWN,UNKNOWN,MATCH,UNKNOWN,UNKNOWN,UNKNOWN,UNKNOWN
S1808,Malkhaka el-Wadin,C2_tomb_shafts,without,True,True,False,partial,to Stage 2,UNKNOWN,UNKNOWN,MATCH,UNKNOWN,UNKNOWN,UNKNOWN,UNKNOWN
S1808,Malkhaka el-Wadin,dated_only,with,True,True,False,partial,to Stage 2,UNKNOWN,UNKNOWN,UNKNOWN,UNKNOWN,UNKNOWN,UNKNOWN,UNKNOWN
S1808,Malkhaka el-Wadin,dated_only,without,True,True,False,partial,to Stage 2,UNKNOWN,UNKNOWN,UNKNOWN,UNKNOWN,UNKNOWN,UNKNOWN,UNKNOWN
S1810,Kh. el-'Aliya,primary,with,True,True,False,full,to Stage 2,UNKNOWN,UNKNOWN,UNKNOWN,UNKNOWN,UNKNOWN,UNKNOWN,UNKNOWN
S1810,Kh. el-'Aliya,primary,without,True,True,False,full,to Stage 2,UNKNOWN,UNKNOWN,UNKNOWN,UNKNOWN,UNKNOWN,UNKNOWN,UNKNOWN
S1810,Kh. el-'Aliya,C1_0.5km,with,True,True,False,full,to Stage 2,UNKNOWN,UNKNOWN,UNKNOWN,UNKNOWN,UNKNOWN,UNKNOWN,UNKNOWN
S1810,Kh. el-'Aliya,C1_0.5km,without,True,True,False,full,to Stage 2,UNKNOWN,UNKNOWN,UNKNOWN,UNKNOWN,UNKNOWN,UNKNOWN,UNKNOWN
S1810,Kh. el-'Aliya,C1_2km,with,True,True,False,full,to Stage 2,UNKNOWN,UNKNOWN,UNKNOWN,UNKNOWN,UNKNOWN,UNKNOWN,UNKNOWN
S1810,Kh. el-'Aliya,C1_2km,without,True,True,False,full,to Stage 2,UNKNOWN,UNKNOWN,UNKNOWN,UNKNOWN,UNKNOWN,UNKNOWN,UNKNOWN
S1810,Kh. el-'Aliya,C2_tomb_shafts,with,True,True,False,full,to Stage 2,UNKNOWN,UNKNOWN,UNKNOWN,UNKNOWN,UNKNOWN,UNKNOWN,UNKNOWN
S1810,Kh. el-'Aliya,C2_tomb_shafts,without,True,True,False,full,to Stage 2,UNKNOWN,UNKNOWN,UNKNOWN,UNKNOWN,UNKNOWN,UNKNOWN,UNKNOWN
S1810,Kh. el-'Aliya,dated_only,with,True,True,False,full,to Stage 2,UNKNOWN,UNKNOWN,UNKNOWN,UNKNOWN,UNKNOWN,UNKNOWN,UNKNOWN
S1810,Kh. el-'Aliya,dated_only,without,True,True,False,full,to Stage 2,UNKNOWN,UNKNOWN,UNKNOWN,UNKNOWN,UNKNOWN,UNKNOWN,UNKNOWN
S1816,El-Qaṣr,primary,with,True,True,True,full,to Stage 2,UNKNOWN,UNKNOWN,UNKNOWN,UNKNOWN,UNKNOWN,UNKNOWN,UNKNOWN
S1816,El-Qaṣr,primary,without,True,True,True,full,to Stage 2,UNKNOWN,UNKNOWN,UNKNOWN,UNKNOWN,UNKNOWN,UNKNOWN,UNKNOWN
S1816,El-Qaṣr,C1_0.5km,with,True,True,True,full,to Stage 2,UNKNOWN,UNKNOWN,UNKNOWN,UNKNOWN,UNKNOWN,UNKNOWN,UNKNOWN
S1816,El-Qaṣr,C1_0.5km,without,True,True,True,full,to Stage 2,UNKNOWN,UNKNOWN,UNKNOWN,UNKNOWN,UNKNOWN,UNKNOWN,UNKNOWN
S1816,El-Qaṣr,C1_2km,with,True,True,True,full,to Stage 2,UNKNOWN,UNKNOWN,UNKNOWN,UNKNOWN,UNKNOWN,UNKNOWN,UNKNOWN
S1816,El-Qaṣr,C1_2km,without,True,True,True,full,to Stage 2,UNKNOWN,UNKNOWN,UNKNOWN,UNKNOWN,UNKNOWN,UNKNOWN,UNKNOWN
S1816,El-Qaṣr,C2_tomb_shafts,with,True,True,True,full,to Stage 2,UNKNOWN,UNKNOWN,UNKNOWN,UNKNOWN,UNKNOWN,UNKNOWN,UNKNOWN
S1816,El-Qaṣr,C2_tomb_shafts,without,True,True,True,full,to Stage 2,UNKNOWN,UNKNOWN,UNKNOWN,UNKNOWN,UNKNOWN,UNKNOWN,UNKNOWN
S1816,El-Qaṣr,dated_only,with,True,True,True,full,to Stage 2,UNKNOWN,UNKNOWN,UNKNOWN,UNKNOWN,UNKNOWN,UNKNOWN,UNKNOWN
S1816,El-Qaṣr,dated_only,without,True,True,True,full,to Stage 2,UNKNOWN,UNKNOWN,UNKNOWN,UNKNOWN,UNKNOWN,UNKNOWN,UNKNOWN
S1831,Kh. el-Kilya,primary,with,True,True,True,full,to Stage 2,UNKNOWN,UNKNOWN,UNKNOWN,UNKNOWN,UNKNOWN,UNKNOWN,UNKNOWN
S1831,Kh. el-Kilya,primary,without,True,True,True,full,to Stage 2,UNKNOWN,UNKNOWN,UNKNOWN,UNKNOWN,UNKNOWN,UNKNOWN,UNKNOWN
S1831,Kh. el-Kilya,C1_0.5km,with,True,True,True,full,to Stage 2,UNKNOWN,UNKNOWN,UNKNOWN,UNKNOWN,UNKNOWN,UNKNOWN,UNKNOWN
S1831,Kh. el-Kilya,C1_0.5km,without,True,True,True,full,to Stage 2,UNKNOWN,UNKNOWN,UNKNOWN,UNKNOWN,UNKNOWN,UNKNOWN,UNKNOWN
S1831,Kh. el-Kilya,C1_2km,with,True,True,True,full,to Stage 2,MATCH,UNKNOWN,UNKNOWN,UNKNOWN,UNKNOWN,UNKNOWN,UNKNOWN
S1831,Kh. el-Kilya,C1_2km,without,True,True,True,full,to Stage 2,MATCH,UNKNOWN,UNKNOWN,UNKNOWN,UNKNOWN,UNKNOWN,UNKNOWN
S1831,Kh. el-Kilya,C2_tomb_shafts,with,True,True,True,full,to Stage 2,UNKNOWN,UNKNOWN,UNKNOWN,UNKNOWN,UNKNOWN,UNKNOWN,UNKNOWN
S1831,Kh. el-Kilya,C2_tomb_shafts,without,True,True,True,full,to Stage 2,UNKNOWN,UNKNOWN,UNKNOWN,UNKNOWN,UNKNOWN,UNKNOWN,UNKNOWN
S1831,Kh. el-Kilya,dated_only,with,True,True,True,full,to Stage 2,UNKNOWN,UNKNOWN,UNKNOWN,UNKNOWN,UNKNOWN,UNKNOWN,UNKNOWN
S1831,Kh. el-Kilya,dated_only,without,True,True,True,full,to Stage 2,UNKNOWN,UNKNOWN,UNKNOWN,UNKNOWN,UNKNOWN,UNKNOWN,UNKNOWN
S1845,Rammun,primary,with,True,True,False,full,to Stage 2,UNKNOWN,UNKNOWN,UNKNOWN,UNKNOWN,UNKNOWN,UNKNOWN,UNKNOWN
S1845,Rammun,primary,without,True,True,False,full,to Stage 2,UNKNOWN,UNKNOWN,UNKNOWN,UNKNOWN,UNKNOWN,UNKNOWN,UNKNOWN
S1845,Rammun,C1_0.5km,with,True,True,False,full,to Stage 2,UNKNOWN,UNKNOWN,UNKNOWN,UNKNOWN,UNKNOWN,UNKNOWN,UNKNOWN
S1845,Rammun,C1_0.5km,without,True,True,False,full,to Stage 2,UNKNOWN,UNKNOWN,UNKNOWN,UNKNOWN,UNKNOWN,UNKNOWN,UNKNOWN
S1845,Rammun,C1_2km,with,True,True,False,full,to Stage 2,UNKNOWN,UNKNOWN,UNKNOWN,UNKNOWN,UNKNOWN,UNKNOWN,UNKNOWN
S1845,Rammun,C1_2km,without,True,True,False,full,to Stage 2,UNKNOWN,UNKNOWN,UNKNOWN,UNKNOWN,UNKNOWN,UNKNOWN,UNKNOWN
S1845,Rammun,C2_tomb_shafts,with,True,True,False,full,to Stage 2,UNKNOWN,UNKNOWN,UNKNOWN,UNKNOWN,UNKNOWN,UNKNOWN,UNKNOWN
S1845,Rammun,C2_tomb_shafts,without,True,True,False,full,to Stage 2,UNKNOWN,UNKNOWN,UNKNOWN,UNKNOWN,UNKNOWN,UNKNOWN,UNKNOWN
S1845,Rammun,dated_only,with,True,True,False,full,to Stage 2,UNKNOWN,UNKNOWN,UNKNOWN,UNKNOWN,UNKNOWN,UNKNOWN,UNKNOWN
S1845,Rammun,dated_only,without,True,True,False,full,to Stage 2,UNKNOWN,UNKNOWN,UNKNOWN,UNKNOWN,UNKNOWN,UNKNOWN,UNKNOWN
S1876,Kh. Abu Rashid,primary,with,True,True,False,partial,to Stage 2,UNKNOWN,UNKNOWN,UNKNOWN,UNKNOWN,UNKNOWN,UNKNOWN,UNKNOWN
S1876,Kh. Abu Rashid,primary,without,True,True,False,partial,to Stage 2,UNKNOWN,UNKNOWN,UNKNOWN,UNKNOWN,UNKNOWN,UNKNOWN,UNKNOWN
S1876,Kh. Abu Rashid,C1_0.5km,with,True,True,False,partial,to Stage 2,UNKNOWN,UNKNOWN,UNKNOWN,UNKNOWN,UNKNOWN,UNKNOWN,UNKNOWN
S1876,Kh. Abu Rashid,C1_0.5km,without,True,True,False,partial,to Stage 2,UNKNOWN,UNKNOWN,UNKNOWN,UNKNOWN,UNKNOWN,UNKNOWN,UNKNOWN
S1876,Kh. Abu Rashid,C1_2km,with,True,True,False,partial,to Stage 2,UNKNOWN,UNKNOWN,UNKNOWN,UNKNOWN,UNKNOWN,UNKNOWN,UNKNOWN
S1876,Kh. Abu Rashid,C1_2km,without,True,True,False,partial,to Stage 2,UNKNOWN,UNKNOWN,UNKNOWN,UNKNOWN,UNKNOWN,UNKNOWN,UNKNOWN
S1876,Kh. Abu Rashid,C2_tomb_shafts,with,True,True,False,partial,to Stage 2,UNKNOWN,UNKNOWN,UNKNOWN,UNKNOWN,UNKNOWN,UNKNOWN,UNKNOWN
S1876,Kh. Abu Rashid,C2_tomb_shafts,without,True,True,False,partial,to Stage 2,UNKNOWN,UNKNOWN,UNKNOWN,UNKNOWN,UNKNOWN,UNKNOWN,UNKNOWN
S1876,Kh. Abu Rashid,dated_only,with,True,True,False,partial,to Stage 2,UNKNOWN,UNKNOWN,UNKNOWN,UNKNOWN,UNKNOWN,UNKNOWN,UNKNOWN
S1876,Kh. Abu Rashid,dated_only,without,True,True,False,partial,to Stage 2,UNKNOWN,UNKNOWN,UNKNOWN,UNKNOWN,UNKNOWN,UNKNOWN,UNKNOWN
S1887,-,primary,with,True,True,False,partial,not recorded,UNKNOWN,UNKNOWN,UNKNOWN,UNKNOWN,UNKNOWN,UNKNOWN,UNKNOWN
S1887,-,primary,without,True,True,False,partial,not recorded,UNKNOWN,UNKNOWN,UNKNOWN,UNKNOWN,UNKNOWN,UNKNOWN,UNKNOWN
S1887,-,C1_0.5km,with,True,True,False,partial,not recorded,UNKNOWN,UNKNOWN,UNKNOWN,UNKNOWN,UNKNOWN,UNKNOWN,UNKNOWN
S1887,-,C1_0.5km,without,True,True,False,partial,not recorded,UNKNOWN,UNKNOWN,UNKNOWN,UNKNOWN,UNKNOWN,UNKNOWN,UNKNOWN
S1887,-,C1_2km,with,True,True,False,partial,not recorded,UNKNOWN,UNKNOWN,UNKNOWN,UNKNOWN,UNKNOWN,UNKNOWN,UNKNOWN
S1887,-,C1_2km,without,True,True,False,partial,not recorded,UNKNOWN,UNKNOWN,UNKNOWN,UNKNOWN,UNKNOWN,UNKNOWN,UNKNOWN
S1887,-,C2_tomb_shafts,with,True,True,False,partial,not recorded,UNKNOWN,UNKNOWN,UNKNOWN,UNKNOWN,UNKNOWN,UNKNOWN,UNKNOWN
S1887,-,C2_tomb_shafts,without,True,True,False,partial,not recorded,UNKNOWN,UNKNOWN,UNKNOWN,UNKNOWN,UNKNOWN,UNKNOWN,UNKNOWN
S1887,-,dated_only,with,True,True,False,partial,not recorded,UNKNOWN,UNKNOWN,UNKNOWN,UNKNOWN,UNKNOWN,UNKNOWN,UNKNOWN
S1887,-,dated_only,without,True,True,False,partial,not recorded,UNKNOWN,UNKNOWN,UNKNOWN,UNKNOWN,UNKNOWN,UNKNOWN,UNKNOWN
S1929,Kh. el-Khudriya,primary,with,True,True,True,full,to Stage 2,UNKNOWN,UNKNOWN,MATCH,UNKNOWN,UNKNOWN,UNKNOWN,UNKNOWN
S1929,Kh. el-Khudriya,primary,without,True,True,True,full,to Stage 2,UNKNOWN,UNKNOWN,MATCH,UNKNOWN,UNKNOWN,UNKNOWN,UNKNOWN
S1929,Kh. el-Khudriya,C1_0.5km,with,True,True,True,full,to Stage 2,UNKNOWN,UNKNOWN,MATCH,UNKNOWN,UNKNOWN,UNKNOWN,UNKNOWN
S1929,Kh. el-Khudriya,C1_0.5km,without,True,True,True,full,to Stage 2,UNKNOWN,UNKNOWN,MATCH,UNKNOWN,UNKNOWN,UNKNOWN,UNKNOWN
S1929,Kh. el-Khudriya,C1_2km,with,True,True,True,full,to Stage 2,UNKNOWN,UNKNOWN,MATCH,UNKNOWN,UNKNOWN,UNKNOWN,UNKNOWN
S1929,Kh. el-Khudriya,C1_2km,without,True,True,True,full,to Stage 2,UNKNOWN,UNKNOWN,MATCH,UNKNOWN,UNKNOWN,UNKNOWN,UNKNOWN
S1929,Kh. el-Khudriya,C2_tomb_shafts,with,True,True,True,full,to Stage 2,UNKNOWN,MATCH,MATCH,UNKNOWN,UNKNOWN,UNKNOWN,UNKNOWN
S1929,Kh. el-Khudriya,C2_tomb_shafts,without,True,True,True,full,to Stage 2,UNKNOWN,MATCH,MATCH,UNKNOWN,UNKNOWN,UNKNOWN,UNKNOWN
S1929,Kh. el-Khudriya,dated_only,with,True,True,True,full,to Stage 2,UNKNOWN,UNKNOWN,MATCH,UNKNOWN,UNKNOWN,UNKNOWN,UNKNOWN
S1929,Kh. el-Khudriya,dated_only,without,True,True,True,full,to Stage 2,UNKNOWN,UNKNOWN,MATCH,UNKNOWN,UNKNOWN,UNKNOWN,UNKNOWN
S1934,Deir Dibwan,primary,with,True,True,True,full,to Stage 2,UNKNOWN,UNKNOWN,UNKNOWN,UNKNOWN,UNKNOWN,UNKNOWN,UNKNOWN
S1934,Deir Dibwan,primary,without,True,True,True,full,to Stage 2,UNKNOWN,UNKNOWN,UNKNOWN,UNKNOWN,UNKNOWN,UNKNOWN,UNKNOWN
S1934,Deir Dibwan,C1_0.5km,with,True,True,True,full,to Stage 2,UNKNOWN,UNKNOWN,UNKNOWN,UNKNOWN,UNKNOWN,UNKNOWN,UNKNOWN
S1934,Deir Dibwan,C1_0.5km,without,True,True,True,full,to Stage 2,UNKNOWN,UNKNOWN,UNKNOWN,UNKNOWN,UNKNOWN,UNKNOWN,UNKNOWN
S1934,Deir Dibwan,C1_2km,with,True,True,True,full,to Stage 2,UNKNOWN,UNKNOWN,UNKNOWN,UNKNOWN,UNKNOWN,UNKNOWN,UNKNOWN
S1934,Deir Dibwan,C1_2km,without,True,True,True,full,to Stage 2,UNKNOWN,UNKNOWN,UNKNOWN,UNKNOWN,UNKNOWN,UNKNOWN,UNKNOWN
S1934,Deir Dibwan,C2_tomb_shafts,with,True,True,True,full,to Stage 2,UNKNOWN,UNKNOWN,UNKNOWN,UNKNOWN,UNKNOWN,UNKNOWN,UNKNOWN
S1934,Deir Dibwan,C2_tomb_shafts,without,True,True,True,full,to Stage 2,UNKNOWN,UNKNOWN,UNKNOWN,UNKNOWN,UNKNOWN,UNKNOWN,UNKNOWN
S1934,Deir Dibwan,dated_only,with,True,True,True,full,to Stage 2,UNKNOWN,UNKNOWN,UNKNOWN,UNKNOWN,UNKNOWN,UNKNOWN,UNKNOWN
S1934,Deir Dibwan,dated_only,without,True,True,True,full,to Stage 2,UNKNOWN,UNKNOWN,UNKNOWN,UNKNOWN,UNKNOWN,UNKNOWN,UNKNOWN
S1963,Kh. Ḥaiyan,primary,with,True,True,True,full,to Stage 2,UNKNOWN,UNKNOWN,UNKNOWN,UNKNOWN,UNKNOWN,UNKNOWN,UNKNOWN
S1963,Kh. Ḥaiyan,primary,without,True,True,True,full,to Stage 2,UNKNOWN,UNKNOWN,UNKNOWN,UNKNOWN,UNKNOWN,UNKNOWN,UNKNOWN
S1963,Kh. Ḥaiyan,C1_0.5km,with,True,True,True,full,to Stage 2,UNKNOWN,UNKNOWN,UNKNOWN,UNKNOWN,UNKNOWN,UNKNOWN,UNKNOWN
S1963,Kh. Ḥaiyan,C1_0.5km,without,True,True,True,full,to Stage 2,UNKNOWN,UNKNOWN,UNKNOWN,UNKNOWN,UNKNOWN,UNKNOWN,UNKNOWN
S1963,Kh. Ḥaiyan,C1_2km,with,True,True,True,full,to Stage 2,MATCH,UNKNOWN,UNKNOWN,UNKNOWN,UNKNOWN,UNKNOWN,UNKNOWN
S1963,Kh. Ḥaiyan,C1_2km,without,True,True,True,full,to Stage 2,MATCH,UNKNOWN,UNKNOWN,UNKNOWN,UNKNOWN,UNKNOWN,UNKNOWN
S1963,Kh. Ḥaiyan,C2_tomb_shafts,with,True,True,True,full,to Stage 2,UNKNOWN,UNKNOWN,UNKNOWN,UNKNOWN,UNKNOWN,UNKNOWN,UNKNOWN
S1963,Kh. Ḥaiyan,C2_tomb_shafts,without,True,True,True,full,to Stage 2,UNKNOWN,UNKNOWN,UNKNOWN,UNKNOWN,UNKNOWN,UNKNOWN,UNKNOWN
S1963,Kh. Ḥaiyan,dated_only,with,True,True,True,full,to Stage 2,UNKNOWN,UNKNOWN,UNKNOWN,UNKNOWN,UNKNOWN,UNKNOWN,UNKNOWN
S1963,Kh. Ḥaiyan,dated_only,without,True,True,True,full,to Stage 2,UNKNOWN,UNKNOWN,UNKNOWN,UNKNOWN,UNKNOWN,UNKNOWN,UNKNOWN
S1969,-,primary,with,True,True,False,partial,to Stage 2,UNKNOWN,UNKNOWN,UNKNOWN,UNKNOWN,UNKNOWN,UNKNOWN,UNKNOWN
S1969,-,primary,without,True,True,False,partial,to Stage 2,UNKNOWN,UNKNOWN,UNKNOWN,UNKNOWN,UNKNOWN,UNKNOWN,UNKNOWN
S1969,-,C1_0.5km,with,True,True,False,partial,to Stage 2,UNKNOWN,UNKNOWN,UNKNOWN,UNKNOWN,UNKNOWN,UNKNOWN,UNKNOWN
S1969,-,C1_0.5km,without,True,True,False,partial,to Stage 2,UNKNOWN,UNKNOWN,UNKNOWN,UNKNOWN,UNKNOWN,UNKNOWN,UNKNOWN
S1969,-,C1_2km,with,True,True,False,partial,to Stage 2,UNKNOWN,UNKNOWN,UNKNOWN,UNKNOWN,UNKNOWN,UNKNOWN,UNKNOWN
S1969,-,C1_2km,without,True,True,False,partial,to Stage 2,UNKNOWN,UNKNOWN,UNKNOWN,UNKNOWN,UNKNOWN,UNKNOWN,UNKNOWN
S1969,-,C2_tomb_shafts,with,True,True,False,partial,to Stage 2,UNKNOWN,UNKNOWN,UNKNOWN,UNKNOWN,UNKNOWN,UNKNOWN,UNKNOWN
S1969,-,C2_tomb_shafts,without,True,True,False,partial,to Stage 2,UNKNOWN,UNKNOWN,UNKNOWN,UNKNOWN,UNKNOWN,UNKNOWN,UNKNOWN
S1969,-,dated_only,with,True,True,False,partial,to Stage 2,UNKNOWN,UNKNOWN,UNKNOWN,UNKNOWN,UNKNOWN,UNKNOWN,UNKNOWN
S1969,-,dated_only,without,True,True,False,partial,to Stage 2,UNKNOWN,UNKNOWN,UNKNOWN,UNKNOWN,UNKNOWN,UNKNOWN,UNKNOWN
S2041,-,primary,with,True,True,False,full,to Stage 2,UNKNOWN,UNKNOWN,UNKNOWN,UNKNOWN,UNKNOWN,UNKNOWN,UNKNOWN
S2041,-,primary,without,True,True,False,full,to Stage 2,UNKNOWN,UNKNOWN,UNKNOWN,UNKNOWN,UNKNOWN,UNKNOWN,UNKNOWN
S2041,-,C1_0.5km,with,True,True,False,full,to Stage 2,UNKNOWN,UNKNOWN,UNKNOWN,UNKNOWN,UNKNOWN,UNKNOWN,UNKNOWN
S2041,-,C1_0.5km,without,True,True,False,full,to Stage 2,UNKNOWN,UNKNOWN,UNKNOWN,UNKNOWN,UNKNOWN,UNKNOWN,UNKNOWN
S2041,-,C1_2km,with,True,True,False,full,to Stage 2,UNKNOWN,UNKNOWN,UNKNOWN,UNKNOWN,UNKNOWN,UNKNOWN,UNKNOWN
S2041,-,C1_2km,without,True,True,False,full,to Stage 2,UNKNOWN,UNKNOWN,UNKNOWN,UNKNOWN,UNKNOWN,UNKNOWN,UNKNOWN
S2041,-,C2_tomb_shafts,with,True,True,False,full,to Stage 2,UNKNOWN,UNKNOWN,UNKNOWN,UNKNOWN,UNKNOWN,UNKNOWN,UNKNOWN
S2041,-,C2_tomb_shafts,without,True,True,False,full,to Stage 2,UNKNOWN,UNKNOWN,UNKNOWN,UNKNOWN,UNKNOWN,UNKNOWN,UNKNOWN
S2041,-,dated_only,with,True,True,False,full,to Stage 2,UNKNOWN,UNKNOWN,UNKNOWN,UNKNOWN,UNKNOWN,UNKNOWN,UNKNOWN
S2041,-,dated_only,without,True,True,False,full,to Stage 2,UNKNOWN,UNKNOWN,UNKNOWN,UNKNOWN,UNKNOWN,UNKNOWN,UNKNOWN
S2045,Khallat ed-Dinnabiya,primary,with,True,True,True,partial,to Stage 2,UNKNOWN,MATCH,UNKNOWN,UNKNOWN,UNKNOWN,UNKNOWN,UNKNOWN
S2045,Khallat ed-Dinnabiya,primary,without,True,True,True,partial,to Stage 2,UNKNOWN,MATCH,UNKNOWN,UNKNOWN,UNKNOWN,UNKNOWN,UNKNOWN
S2045,Khallat ed-Dinnabiya,C1_0.5km,with,True,True,True,partial,to Stage 2,UNKNOWN,MATCH,UNKNOWN,UNKNOWN,UNKNOWN,UNKNOWN,UNKNOWN
S2045,Khallat ed-Dinnabiya,C1_0.5km,without,True,True,True,partial,to Stage 2,UNKNOWN,MATCH,UNKNOWN,UNKNOWN,UNKNOWN,UNKNOWN,UNKNOWN
S2045,Khallat ed-Dinnabiya,C1_2km,with,True,True,True,partial,to Stage 2,UNKNOWN,MATCH,UNKNOWN,UNKNOWN,UNKNOWN,UNKNOWN,UNKNOWN
S2045,Khallat ed-Dinnabiya,C1_2km,without,True,True,True,partial,to Stage 2,UNKNOWN,MATCH,UNKNOWN,UNKNOWN,UNKNOWN,UNKNOWN,UNKNOWN
S2045,Khallat ed-Dinnabiya,C2_tomb_shafts,with,True,True,True,partial,to Stage 2,UNKNOWN,MATCH,UNKNOWN,UNKNOWN,UNKNOWN,UNKNOWN,UNKNOWN
S2045,Khallat ed-Dinnabiya,C2_tomb_shafts,without,True,True,True,partial,to Stage 2,UNKNOWN,MATCH,UNKNOWN,UNKNOWN,UNKNOWN,UNKNOWN,UNKNOWN
S2045,Khallat ed-Dinnabiya,dated_only,with,True,True,True,partial,to Stage 2,UNKNOWN,UNKNOWN,UNKNOWN,UNKNOWN,UNKNOWN,UNKNOWN,UNKNOWN
S2045,Khallat ed-Dinnabiya,dated_only,without,True,True,True,partial,to Stage 2,UNKNOWN,UNKNOWN,UNKNOWN,UNKNOWN,UNKNOWN,UNKNOWN,UNKNOWN
S2093,-,primary,with,True,True,False,full,to Stage 2,UNKNOWN,UNKNOWN,UNKNOWN,UNKNOWN,UNKNOWN,UNKNOWN,UNKNOWN
S2093,-,primary,without,True,True,False,full,to Stage 2,UNKNOWN,UNKNOWN,UNKNOWN,UNKNOWN,UNKNOWN,UNKNOWN,UNKNOWN
S2093,-,C1_0.5km,with,True,True,False,full,to Stage 2,UNKNOWN,UNKNOWN,UNKNOWN,UNKNOWN,UNKNOWN,UNKNOWN,UNKNOWN
S2093,-,C1_0.5km,without,True,True,False,full,to Stage 2,UNKNOWN,UNKNOWN,UNKNOWN,UNKNOWN,UNKNOWN,UNKNOWN,UNKNOWN
S2093,-,C1_2km,with,True,True,False,full,to Stage 2,MATCH,UNKNOWN,UNKNOWN,UNKNOWN,UNKNOWN,UNKNOWN,UNKNOWN
S2093,-,C1_2km,without,True,True,False,full,to Stage 2,MATCH,UNKNOWN,UNKNOWN,UNKNOWN,UNKNOWN,UNKNOWN,UNKNOWN
S2093,-,C2_tomb_shafts,with,True,True,False,full,to Stage 2,UNKNOWN,UNKNOWN,UNKNOWN,UNKNOWN,UNKNOWN,UNKNOWN,UNKNOWN
S2093,-,C2_tomb_shafts,without,True,True,False,full,to Stage 2,UNKNOWN,UNKNOWN,UNKNOWN,UNKNOWN,UNKNOWN,UNKNOWN,UNKNOWN
S2093,-,dated_only,with,True,True,False,full,to Stage 2,UNKNOWN,UNKNOWN,UNKNOWN,UNKNOWN,UNKNOWN,UNKNOWN,UNKNOWN
S2093,-,dated_only,without,True,True,False,full,to Stage 2,UNKNOWN,UNKNOWN,UNKNOWN,UNKNOWN,UNKNOWN,UNKNOWN,UNKNOWN
S2228,Ṣuwwanet eth-Thaniya,primary,with,True,True,True,partial,not recorded,UNKNOWN,UNKNOWN,UNKNOWN,UNKNOWN,UNKNOWN,UNKNOWN,UNKNOWN
S2228,Ṣuwwanet eth-Thaniya,primary,without,True,True,True,partial,not recorded,UNKNOWN,UNKNOWN,UNKNOWN,UNKNOWN,UNKNOWN,UNKNOWN,UNKNOWN
S2228,Ṣuwwanet eth-Thaniya,C1_0.5km,with,True,True,True,partial,not recorded,UNKNOWN,UNKNOWN,UNKNOWN,UNKNOWN,UNKNOWN,UNKNOWN,UNKNOWN
S2228,Ṣuwwanet eth-Thaniya,C1_0.5km,without,True,True,True,partial,not recorded,UNKNOWN,UNKNOWN,UNKNOWN,UNKNOWN,UNKNOWN,UNKNOWN,UNKNOWN
S2228,Ṣuwwanet eth-Thaniya,C1_2km,with,True,True,True,partial,not recorded,UNKNOWN,UNKNOWN,UNKNOWN,UNKNOWN,UNKNOWN,UNKNOWN,UNKNOWN
S2228,Ṣuwwanet eth-Thaniya,C1_2km,without,True,True,True,partial,not recorded,UNKNOWN,UNKNOWN,UNKNOWN,UNKNOWN,UNKNOWN,UNKNOWN,UNKNOWN
S2228,Ṣuwwanet eth-Thaniya,C2_tomb_shafts,with,True,True,True,partial,not recorded,UNKNOWN,UNKNOWN,UNKNOWN,UNKNOWN,UNKNOWN,UNKNOWN,UNKNOWN
S2228,Ṣuwwanet eth-Thaniya,C2_tomb_shafts,without,True,True,True,partial,not recorded,UNKNOWN,UNKNOWN,UNKNOWN,UNKNOWN,UNKNOWN,UNKNOWN,UNKNOWN
S2228,Ṣuwwanet eth-Thaniya,dated_only,with,True,True,True,partial,not recorded,UNKNOWN,UNKNOWN,UNKNOWN,UNKNOWN,UNKNOWN,UNKNOWN,UNKNOWN
S2228,Ṣuwwanet eth-Thaniya,dated_only,without,True,True,True,partial,not recorded,UNKNOWN,UNKNOWN,UNKNOWN,UNKNOWN,UNKNOWN,UNKNOWN,UNKNOWN
S2253,Kh. Tell el-'Askar,primary,with,True,True,False,full,to Stage 2,UNKNOWN,UNKNOWN,UNKNOWN,UNKNOWN,UNKNOWN,UNKNOWN,UNKNOWN
S2253,Kh. Tell el-'Askar,primary,without,True,True,False,full,to Stage 2,UNKNOWN,UNKNOWN,UNKNOWN,UNKNOWN,UNKNOWN,UNKNOWN,UNKNOWN
S2253,Kh. Tell el-'Askar,C1_0.5km,with,True,True,False,full,to Stage 2,UNKNOWN,UNKNOWN,UNKNOWN,UNKNOWN,UNKNOWN,UNKNOWN,UNKNOWN
S2253,Kh. Tell el-'Askar,C1_0.5km,without,True,True,False,full,to Stage 2,UNKNOWN,UNKNOWN,UNKNOWN,UNKNOWN,UNKNOWN,UNKNOWN,UNKNOWN
S2253,Kh. Tell el-'Askar,C1_2km,with,True,True,False,full,to Stage 2,UNKNOWN,UNKNOWN,UNKNOWN,UNKNOWN,UNKNOWN,UNKNOWN,UNKNOWN
S2253,Kh. Tell el-'Askar,C1_2km,without,True,True,False,full,to Stage 2,UNKNOWN,UNKNOWN,UNKNOWN,UNKNOWN,UNKNOWN,UNKNOWN,UNKNOWN
S2253,Kh. Tell el-'Askar,C2_tomb_shafts,with,True,True,False,full,to Stage 2,UNKNOWN,UNKNOWN,UNKNOWN,UNKNOWN,UNKNOWN,UNKNOWN,UNKNOWN
S2253,Kh. Tell el-'Askar,C2_tomb_shafts,without,True,True,False,full,to Stage 2,UNKNOWN,UNKNOWN,UNKNOWN,UNKNOWN,UNKNOWN,UNKNOWN,UNKNOWN
S2253,Kh. Tell el-'Askar,dated_only,with,True,True,False,full,to Stage 2,UNKNOWN,UNKNOWN,UNKNOWN,UNKNOWN,UNKNOWN,UNKNOWN,UNKNOWN
S2253,Kh. Tell el-'Askar,dated_only,without,True,True,False,full,to Stage 2,UNKNOWN,UNKNOWN,UNKNOWN,UNKNOWN,UNKNOWN,UNKNOWN,UNKNOWN
S2275,Tell Deir Ghannam,primary,with,True,True,False,partial,not recorded,UNKNOWN,UNKNOWN,UNKNOWN,UNKNOWN,UNKNOWN,UNKNOWN,UNKNOWN
S2275,Tell Deir Ghannam,primary,without,True,True,False,partial,not recorded,UNKNOWN,UNKNOWN,UNKNOWN,UNKNOWN,UNKNOWN,UNKNOWN,UNKNOWN
S2275,Tell Deir Ghannam,C1_0.5km,with,True,True,False,partial,not recorded,UNKNOWN,UNKNOWN,UNKNOWN,UNKNOWN,UNKNOWN,UNKNOWN,UNKNOWN
S2275,Tell Deir Ghannam,C1_0.5km,without,True,True,False,partial,not recorded,UNKNOWN,UNKNOWN,UNKNOWN,UNKNOWN,UNKNOWN,UNKNOWN,UNKNOWN
S2275,Tell Deir Ghannam,C1_2km,with,True,True,False,partial,not recorded,UNKNOWN,UNKNOWN,UNKNOWN,UNKNOWN,UNKNOWN,UNKNOWN,UNKNOWN
S2275,Tell Deir Ghannam,C1_2km,without,True,True,False,partial,not recorded,UNKNOWN,UNKNOWN,UNKNOWN,UNKNOWN,UNKNOWN,UNKNOWN,UNKNOWN
S2275,Tell Deir Ghannam,C2_tomb_shafts,with,True,True,False,partial,not recorded,UNKNOWN,UNKNOWN,UNKNOWN,UNKNOWN,UNKNOWN,UNKNOWN,UNKNOWN
S2275,Tell Deir Ghannam,C2_tomb_shafts,without,True,True,False,partial,not recorded,UNKNOWN,UNKNOWN,UNKNOWN,UNKNOWN,UNKNOWN,UNKNOWN,UNKNOWN
S2275,Tell Deir Ghannam,dated_only,with,True,True,False,partial,not recorded,UNKNOWN,UNKNOWN,UNKNOWN,UNKNOWN,UNKNOWN,UNKNOWN,UNKNOWN
S2275,Tell Deir Ghannam,dated_only,without,True,True,False,partial,not recorded,UNKNOWN,UNKNOWN,UNKNOWN,UNKNOWN,UNKNOWN,UNKNOWN,UNKNOWN
S2298,Tell el-Jurn,primary,with,True,True,True,partial,not recorded,UNKNOWN,UNKNOWN,UNKNOWN,UNKNOWN,UNKNOWN,UNKNOWN,UNKNOWN
S2298,Tell el-Jurn,primary,without,True,True,True,partial,not recorded,UNKNOWN,UNKNOWN,UNKNOWN,UNKNOWN,UNKNOWN,UNKNOWN,UNKNOWN
S2298,Tell el-Jurn,C1_0.5km,with,True,True,True,partial,not recorded,UNKNOWN,UNKNOWN,UNKNOWN,UNKNOWN,UNKNOWN,UNKNOWN,UNKNOWN
S2298,Tell el-Jurn,C1_0.5km,without,True,True,True,partial,not recorded,UNKNOWN,UNKNOWN,UNKNOWN,UNKNOWN,UNKNOWN,UNKNOWN,UNKNOWN
S2298,Tell el-Jurn,C1_2km,with,True,True,True,partial,not recorded,UNKNOWN,UNKNOWN,UNKNOWN,UNKNOWN,UNKNOWN,UNKNOWN,UNKNOWN
S2298,Tell el-Jurn,C1_2km,without,True,True,True,partial,not recorded,UNKNOWN,UNKNOWN,UNKNOWN,UNKNOWN,UNKNOWN,UNKNOWN,UNKNOWN
S2298,Tell el-Jurn,C2_tomb_shafts,with,True,True,True,partial,not recorded,UNKNOWN,UNKNOWN,UNKNOWN,UNKNOWN,UNKNOWN,UNKNOWN,UNKNOWN
S2298,Tell el-Jurn,C2_tomb_shafts,without,True,True,True,partial,not recorded,UNKNOWN,UNKNOWN,UNKNOWN,UNKNOWN,UNKNOWN,UNKNOWN,UNKNOWN
S2298,Tell el-Jurn,dated_only,with,True,True,True,partial,not recorded,UNKNOWN,UNKNOWN,UNKNOWN,UNKNOWN,UNKNOWN,UNKNOWN,UNKNOWN
S2298,Tell el-Jurn,dated_only,without,True,True,True,partial,not recorded,UNKNOWN,UNKNOWN,UNKNOWN,UNKNOWN,UNKNOWN,UNKNOWN,UNKNOWN
S2300,Kh. el-Ḥara el-Fauqa,primary,with,True,True,True,full,not recorded,UNKNOWN,UNKNOWN,UNKNOWN,UNKNOWN,UNKNOWN,UNKNOWN,UNKNOWN
S2300,Kh. el-Ḥara el-Fauqa,primary,without,True,True,True,full,not recorded,UNKNOWN,UNKNOWN,UNKNOWN,UNKNOWN,UNKNOWN,UNKNOWN,UNKNOWN
S2300,Kh. el-Ḥara el-Fauqa,C1_0.5km,with,True,True,True,full,not recorded,UNKNOWN,UNKNOWN,UNKNOWN,UNKNOWN,UNKNOWN,UNKNOWN,UNKNOWN
S2300,Kh. el-Ḥara el-Fauqa,C1_0.5km,without,True,True,True,full,not recorded,UNKNOWN,UNKNOWN,UNKNOWN,UNKNOWN,UNKNOWN,UNKNOWN,UNKNOWN
S2300,Kh. el-Ḥara el-Fauqa,C1_2km,with,True,True,True,full,not recorded,UNKNOWN,UNKNOWN,UNKNOWN,UNKNOWN,UNKNOWN,UNKNOWN,UNKNOWN
S2300,Kh. el-Ḥara el-Fauqa,C1_2km,without,True,True,True,full,not recorded,UNKNOWN,UNKNOWN,UNKNOWN,UNKNOWN,UNKNOWN,UNKNOWN,UNKNOWN
S2300,Kh. el-Ḥara el-Fauqa,C2_tomb_shafts,with,True,True,True,full,not recorded,UNKNOWN,UNKNOWN,UNKNOWN,UNKNOWN,UNKNOWN,UNKNOWN,UNKNOWN
S2300,Kh. el-Ḥara el-Fauqa,C2_tomb_shafts,without,True,True,True,full,not recorded,UNKNOWN,UNKNOWN,UNKNOWN,UNKNOWN,UNKNOWN,UNKNOWN,UNKNOWN
S2300,Kh. el-Ḥara el-Fauqa,dated_only,with,True,True,True,full,not recorded,UNKNOWN,UNKNOWN,UNKNOWN,UNKNOWN,UNKNOWN,UNKNOWN,UNKNOWN
S2300,Kh. el-Ḥara el-Fauqa,dated_only,without,True,True,True,full,not recorded,UNKNOWN,UNKNOWN,UNKNOWN,UNKNOWN,UNKNOWN,UNKNOWN,UNKNOWN
S2304,Mukhmas,primary,with,True,True,False,full,not recorded,UNKNOWN,UNKNOWN,UNKNOWN,UNKNOWN,UNKNOWN,UNKNOWN,UNKNOWN
S2304,Mukhmas,primary,without,True,True,False,full,not recorded,UNKNOWN,UNKNOWN,UNKNOWN,UNKNOWN,UNKNOWN,UNKNOWN,UNKNOWN
S2304,Mukhmas,C1_0.5km,with,True,True,False,full,not recorded,UNKNOWN,UNKNOWN,UNKNOWN,UNKNOWN,UNKNOWN,UNKNOWN,UNKNOWN
S2304,Mukhmas,C1_0.5km,without,True,True,False,full,not recorded,UNKNOWN,UNKNOWN,UNKNOWN,UNKNOWN,UNKNOWN,UNKNOWN,UNKNOWN
S2304,Mukhmas,C1_2km,with,True,True,False,full,not recorded,UNKNOWN,UNKNOWN,UNKNOWN,UNKNOWN,UNKNOWN,UNKNOWN,UNKNOWN
S2304,Mukhmas,C1_2km,without,True,True,False,full,not recorded,UNKNOWN,UNKNOWN,UNKNOWN,UNKNOWN,UNKNOWN,UNKNOWN,UNKNOWN
S2304,Mukhmas,C2_tomb_shafts,with,True,True,False,full,not recorded,UNKNOWN,UNKNOWN,UNKNOWN,UNKNOWN,UNKNOWN,UNKNOWN,UNKNOWN
S2304,Mukhmas,C2_tomb_shafts,without,True,True,False,full,not recorded,UNKNOWN,UNKNOWN,UNKNOWN,UNKNOWN,UNKNOWN,UNKNOWN,UNKNOWN
S2304,Mukhmas,dated_only,with,True,True,False,full,not recorded,UNKNOWN,UNKNOWN,UNKNOWN,UNKNOWN,UNKNOWN,UNKNOWN,UNKNOWN
S2304,Mukhmas,dated_only,without,True,True,False,full,not recorded,UNKNOWN,UNKNOWN,UNKNOWN,UNKNOWN,UNKNOWN,UNKNOWN,UNKNOWN
S2376,Tell Maryam,primary,with,True,True,False,full,to Stage 2,UNKNOWN,MATCH,MATCH,UNKNOWN,UNKNOWN,UNKNOWN,UNKNOWN
S2376,Tell Maryam,primary,without,True,True,False,full,to Stage 2,UNKNOWN,MATCH,MATCH,UNKNOWN,UNKNOWN,UNKNOWN,UNKNOWN
S2376,Tell Maryam,C1_0.5km,with,True,True,False,full,to Stage 2,UNKNOWN,MATCH,MATCH,UNKNOWN,UNKNOWN,UNKNOWN,UNKNOWN
S2376,Tell Maryam,C1_0.5km,without,True,True,False,full,to Stage 2,UNKNOWN,MATCH,MATCH,UNKNOWN,UNKNOWN,UNKNOWN,UNKNOWN
S2376,Tell Maryam,C1_2km,with,True,True,False,full,to Stage 2,UNKNOWN,MATCH,MATCH,UNKNOWN,UNKNOWN,UNKNOWN,UNKNOWN
S2376,Tell Maryam,C1_2km,without,True,True,False,full,to Stage 2,UNKNOWN,MATCH,MATCH,UNKNOWN,UNKNOWN,UNKNOWN,UNKNOWN
S2376,Tell Maryam,C2_tomb_shafts,with,True,True,False,full,to Stage 2,UNKNOWN,MATCH,MATCH,UNKNOWN,UNKNOWN,UNKNOWN,UNKNOWN
S2376,Tell Maryam,C2_tomb_shafts,without,True,True,False,full,to Stage 2,UNKNOWN,MATCH,MATCH,UNKNOWN,UNKNOWN,UNKNOWN,UNKNOWN
S2376,Tell Maryam,dated_only,with,True,True,False,full,to Stage 2,UNKNOWN,UNKNOWN,MATCH,UNKNOWN,UNKNOWN,UNKNOWN,UNKNOWN
S2376,Tell Maryam,dated_only,without,True,True,False,full,to Stage 2,UNKNOWN,UNKNOWN,MATCH,UNKNOWN,UNKNOWN,UNKNOWN,UNKNOWN
S2379,Tell el-Maṭlab,primary,with,True,True,False,partial,not recorded,UNKNOWN,UNKNOWN,UNKNOWN,UNKNOWN,UNKNOWN,UNKNOWN,UNKNOWN
S2379,Tell el-Maṭlab,primary,without,True,True,False,partial,not recorded,UNKNOWN,UNKNOWN,UNKNOWN,UNKNOWN,UNKNOWN,UNKNOWN,UNKNOWN
S2379,Tell el-Maṭlab,C1_0.5km,with,True,True,False,partial,not recorded,UNKNOWN,UNKNOWN,UNKNOWN,UNKNOWN,UNKNOWN,UNKNOWN,UNKNOWN
S2379,Tell el-Maṭlab,C1_0.5km,without,True,True,False,partial,not recorded,UNKNOWN,UNKNOWN,UNKNOWN,UNKNOWN,UNKNOWN,UNKNOWN,UNKNOWN
S2379,Tell el-Maṭlab,C1_2km,with,True,True,False,partial,not recorded,UNKNOWN,UNKNOWN,UNKNOWN,UNKNOWN,UNKNOWN,UNKNOWN,UNKNOWN
S2379,Tell el-Maṭlab,C1_2km,without,True,True,False,partial,not recorded,UNKNOWN,UNKNOWN,UNKNOWN,UNKNOWN,UNKNOWN,UNKNOWN,UNKNOWN
S2379,Tell el-Maṭlab,C2_tomb_shafts,with,True,True,False,partial,not recorded,UNKNOWN,UNKNOWN,UNKNOWN,UNKNOWN,UNKNOWN,UNKNOWN,UNKNOWN
S2379,Tell el-Maṭlab,C2_tomb_shafts,without,True,True,False,partial,not recorded,UNKNOWN,UNKNOWN,UNKNOWN,UNKNOWN,UNKNOWN,UNKNOWN,UNKNOWN
S2379,Tell el-Maṭlab,dated_only,with,True,True,False,partial,not recorded,UNKNOWN,UNKNOWN,UNKNOWN,UNKNOWN,UNKNOWN,UNKNOWN,UNKNOWN
S2379,Tell el-Maṭlab,dated_only,without,True,True,False,partial,not recorded,UNKNOWN,UNKNOWN,UNKNOWN,UNKNOWN,UNKNOWN,UNKNOWN,UNKNOWN
S2411,Kh. ed-Dawwara,primary,with,True,True,True,full,to Stage 2,UNKNOWN,MATCH,UNKNOWN,UNKNOWN,UNKNOWN,UNKNOWN,UNKNOWN
S2411,Kh. ed-Dawwara,primary,without,True,True,True,full,to Stage 2,UNKNOWN,MATCH,UNKNOWN,UNKNOWN,UNKNOWN,UNKNOWN,UNKNOWN
S2411,Kh. ed-Dawwara,C1_0.5km,with,True,True,True,full,to Stage 2,UNKNOWN,MATCH,UNKNOWN,UNKNOWN,UNKNOWN,UNKNOWN,UNKNOWN
S2411,Kh. ed-Dawwara,C1_0.5km,without,True,True,True,full,to Stage 2,UNKNOWN,MATCH,UNKNOWN,UNKNOWN,UNKNOWN,UNKNOWN,UNKNOWN
S2411,Kh. ed-Dawwara,C1_2km,with,True,True,True,full,to Stage 2,UNKNOWN,MATCH,UNKNOWN,UNKNOWN,UNKNOWN,UNKNOWN,UNKNOWN
S2411,Kh. ed-Dawwara,C1_2km,without,True,True,True,full,to Stage 2,UNKNOWN,MATCH,UNKNOWN,UNKNOWN,UNKNOWN,UNKNOWN,UNKNOWN
S2411,Kh. ed-Dawwara,C2_tomb_shafts,with,True,True,True,full,to Stage 2,UNKNOWN,MATCH,UNKNOWN,UNKNOWN,UNKNOWN,UNKNOWN,UNKNOWN
S2411,Kh. ed-Dawwara,C2_tomb_shafts,without,True,True,True,full,to Stage 2,UNKNOWN,MATCH,UNKNOWN,UNKNOWN,UNKNOWN,UNKNOWN,UNKNOWN
S2411,Kh. ed-Dawwara,dated_only,with,True,True,True,full,to Stage 2,UNKNOWN,UNKNOWN,UNKNOWN,UNKNOWN,UNKNOWN,UNKNOWN,UNKNOWN
S2411,Kh. ed-Dawwara,dated_only,without,True,True,True,full,to Stage 2,UNKNOWN,UNKNOWN,UNKNOWN,UNKNOWN,UNKNOWN,UNKNOWN,UNKNOWN
S2430,Tell es-Samrat,primary,with,True,True,True,partial,to Stage 2,UNKNOWN,MATCH,MATCH,UNKNOWN,UNKNOWN,UNKNOWN,UNKNOWN
S2430,Tell es-Samrat,primary,without,True,True,True,partial,to Stage 2,UNKNOWN,MATCH,MATCH,UNKNOWN,UNKNOWN,UNKNOWN,UNKNOWN
S2430,Tell es-Samrat,C1_0.5km,with,True,True,True,partial,to Stage 2,UNKNOWN,MATCH,MATCH,UNKNOWN,UNKNOWN,UNKNOWN,UNKNOWN
S2430,Tell es-Samrat,C1_0.5km,without,True,True,True,partial,to Stage 2,UNKNOWN,MATCH,MATCH,UNKNOWN,UNKNOWN,UNKNOWN,UNKNOWN
S2430,Tell es-Samrat,C1_2km,with,True,True,True,partial,to Stage 2,UNKNOWN,MATCH,MATCH,UNKNOWN,UNKNOWN,UNKNOWN,UNKNOWN
S2430,Tell es-Samrat,C1_2km,without,True,True,True,partial,to Stage 2,UNKNOWN,MATCH,MATCH,UNKNOWN,UNKNOWN,UNKNOWN,UNKNOWN
S2430,Tell es-Samrat,C2_tomb_shafts,with,True,True,True,partial,to Stage 2,UNKNOWN,MATCH,MATCH,UNKNOWN,UNKNOWN,UNKNOWN,UNKNOWN
S2430,Tell es-Samrat,C2_tomb_shafts,without,True,True,True,partial,to Stage 2,UNKNOWN,MATCH,MATCH,UNKNOWN,UNKNOWN,UNKNOWN,UNKNOWN
S2430,Tell es-Samrat,dated_only,with,True,True,True,partial,to Stage 2,UNKNOWN,MATCH,MATCH,UNKNOWN,UNKNOWN,UNKNOWN,UNKNOWN
S2430,Tell es-Samrat,dated_only,without,True,True,True,partial,to Stage 2,UNKNOWN,MATCH,MATCH,UNKNOWN,UNKNOWN,UNKNOWN,UNKNOWN
S2431,Kh. el-Qubba,primary,with,True,True,False,full,to Stage 2,UNKNOWN,MATCH,UNKNOWN,UNKNOWN,UNKNOWN,UNKNOWN,UNKNOWN
S2431,Kh. el-Qubba,primary,without,True,True,False,full,to Stage 2,UNKNOWN,MATCH,UNKNOWN,UNKNOWN,UNKNOWN,UNKNOWN,UNKNOWN
S2431,Kh. el-Qubba,C1_0.5km,with,True,True,False,full,to Stage 2,UNKNOWN,MATCH,UNKNOWN,UNKNOWN,UNKNOWN,UNKNOWN,UNKNOWN
S2431,Kh. el-Qubba,C1_0.5km,without,True,True,False,full,to Stage 2,UNKNOWN,MATCH,UNKNOWN,UNKNOWN,UNKNOWN,UNKNOWN,UNKNOWN
S2431,Kh. el-Qubba,C1_2km,with,True,True,False,full,to Stage 2,UNKNOWN,MATCH,UNKNOWN,UNKNOWN,UNKNOWN,UNKNOWN,UNKNOWN
S2431,Kh. el-Qubba,C1_2km,without,True,True,False,full,to Stage 2,UNKNOWN,MATCH,UNKNOWN,UNKNOWN,UNKNOWN,UNKNOWN,UNKNOWN
S2431,Kh. el-Qubba,C2_tomb_shafts,with,True,True,False,full,to Stage 2,UNKNOWN,MATCH,UNKNOWN,UNKNOWN,UNKNOWN,UNKNOWN,UNKNOWN
S2431,Kh. el-Qubba,C2_tomb_shafts,without,True,True,False,full,to Stage 2,UNKNOWN,MATCH,UNKNOWN,UNKNOWN,UNKNOWN,UNKNOWN,UNKNOWN
S2431,Kh. el-Qubba,dated_only,with,True,True,False,full,to Stage 2,UNKNOWN,UNKNOWN,UNKNOWN,UNKNOWN,UNKNOWN,UNKNOWN,UNKNOWN
S2431,Kh. el-Qubba,dated_only,without,True,True,False,full,to Stage 2,UNKNOWN,UNKNOWN,UNKNOWN,UNKNOWN,UNKNOWN,UNKNOWN,UNKNOWN
S2488,Kh. Marjama,primary,with,True,True,False,full,to Stage 2,UNKNOWN,UNKNOWN,MATCH,UNKNOWN,UNKNOWN,UNKNOWN,UNKNOWN
S2488,Kh. Marjama,primary,without,True,True,False,full,to Stage 2,UNKNOWN,UNKNOWN,MATCH,UNKNOWN,UNKNOWN,UNKNOWN,UNKNOWN
S2488,Kh. Marjama,C1_0.5km,with,True,True,False,full,to Stage 2,UNKNOWN,UNKNOWN,MATCH,UNKNOWN,UNKNOWN,UNKNOWN,UNKNOWN
S2488,Kh. Marjama,C1_0.5km,without,True,True,False,full,to Stage 2,UNKNOWN,UNKNOWN,MATCH,UNKNOWN,UNKNOWN,UNKNOWN,UNKNOWN
S2488,Kh. Marjama,C1_2km,with,True,True,False,full,to Stage 2,MATCH,UNKNOWN,MATCH,UNKNOWN,UNKNOWN,UNKNOWN,UNKNOWN
S2488,Kh. Marjama,C1_2km,without,True,True,False,full,to Stage 2,MATCH,UNKNOWN,MATCH,UNKNOWN,UNKNOWN,UNKNOWN,UNKNOWN
S2488,Kh. Marjama,C2_tomb_shafts,with,True,True,False,full,to Stage 2,UNKNOWN,MATCH,MATCH,UNKNOWN,UNKNOWN,UNKNOWN,UNKNOWN
S2488,Kh. Marjama,C2_tomb_shafts,without,True,True,False,full,to Stage 2,UNKNOWN,MATCH,MATCH,UNKNOWN,UNKNOWN,UNKNOWN,UNKNOWN
S2488,Kh. Marjama,dated_only,with,True,True,False,full,to Stage 2,UNKNOWN,UNKNOWN,MATCH,UNKNOWN,UNKNOWN,UNKNOWN,UNKNOWN
S2488,Kh. Marjama,dated_only,without,True,True,False,full,to Stage 2,UNKNOWN,UNKNOWN,MATCH,UNKNOWN,UNKNOWN,UNKNOWN,UNKNOWN
S2490,el-'Aleiliyat,primary,with,True,True,False,full,to Stage 2,UNKNOWN,UNKNOWN,MATCH,UNKNOWN,UNKNOWN,UNKNOWN,UNKNOWN
S2490,el-'Aleiliyat,primary,without,True,True,False,full,to Stage 2,UNKNOWN,UNKNOWN,MATCH,UNKNOWN,UNKNOWN,UNKNOWN,UNKNOWN
S2490,el-'Aleiliyat,C1_0.5km,with,True,True,False,full,to Stage 2,UNKNOWN,UNKNOWN,MATCH,UNKNOWN,UNKNOWN,UNKNOWN,UNKNOWN
S2490,el-'Aleiliyat,C1_0.5km,without,True,True,False,full,to Stage 2,UNKNOWN,UNKNOWN,MATCH,UNKNOWN,UNKNOWN,UNKNOWN,UNKNOWN
S2490,el-'Aleiliyat,C1_2km,with,True,True,False,full,to Stage 2,MATCH,UNKNOWN,MATCH,UNKNOWN,UNKNOWN,UNKNOWN,UNKNOWN
S2490,el-'Aleiliyat,C1_2km,without,True,True,False,full,to Stage 2,MATCH,UNKNOWN,MATCH,UNKNOWN,UNKNOWN,UNKNOWN,UNKNOWN
S2490,el-'Aleiliyat,C2_tomb_shafts,with,True,True,False,full,to Stage 2,UNKNOWN,MATCH,MATCH,UNKNOWN,UNKNOWN,UNKNOWN,UNKNOWN
S2490,el-'Aleiliyat,C2_tomb_shafts,without,True,True,False,full,to Stage 2,UNKNOWN,MATCH,MATCH,UNKNOWN,UNKNOWN,UNKNOWN,UNKNOWN
S2490,el-'Aleiliyat,dated_only,with,True,True,False,full,to Stage 2,UNKNOWN,UNKNOWN,MATCH,UNKNOWN,UNKNOWN,UNKNOWN,UNKNOWN
S2490,el-'Aleiliyat,dated_only,without,True,True,False,full,to Stage 2,UNKNOWN,UNKNOWN,MATCH,UNKNOWN,UNKNOWN,UNKNOWN,UNKNOWN
S2514,Nusib 'Uweishira,primary,with,True,True,True,partial,to Stage 2,UNKNOWN,UNKNOWN,UNKNOWN,UNKNOWN,UNKNOWN,UNKNOWN,UNKNOWN
S2514,Nusib 'Uweishira,primary,without,True,True,True,partial,to Stage 2,UNKNOWN,UNKNOWN,UNKNOWN,UNKNOWN,UNKNOWN,UNKNOWN,UNKNOWN
S2514,Nusib 'Uweishira,C1_0.5km,with,True,True,True,partial,to Stage 2,UNKNOWN,UNKNOWN,UNKNOWN,UNKNOWN,UNKNOWN,UNKNOWN,UNKNOWN
S2514,Nusib 'Uweishira,C1_0.5km,without,True,True,True,partial,to Stage 2,UNKNOWN,UNKNOWN,UNKNOWN,UNKNOWN,UNKNOWN,UNKNOWN,UNKNOWN
S2514,Nusib 'Uweishira,C1_2km,with,True,True,True,partial,to Stage 2,MATCH,UNKNOWN,UNKNOWN,UNKNOWN,UNKNOWN,UNKNOWN,UNKNOWN
S2514,Nusib 'Uweishira,C1_2km,without,True,True,True,partial,to Stage 2,MATCH,UNKNOWN,UNKNOWN,UNKNOWN,UNKNOWN,UNKNOWN,UNKNOWN
S2514,Nusib 'Uweishira,C2_tomb_shafts,with,True,True,True,partial,to Stage 2,UNKNOWN,UNKNOWN,UNKNOWN,UNKNOWN,UNKNOWN,UNKNOWN,UNKNOWN
S2514,Nusib 'Uweishira,C2_tomb_shafts,without,True,True,True,partial,to Stage 2,UNKNOWN,UNKNOWN,UNKNOWN,UNKNOWN,UNKNOWN,UNKNOWN,UNKNOWN
S2514,Nusib 'Uweishira,dated_only,with,True,True,True,partial,to Stage 2,UNKNOWN,UNKNOWN,UNKNOWN,UNKNOWN,UNKNOWN,UNKNOWN,UNKNOWN
S2514,Nusib 'Uweishira,dated_only,without,True,True,True,partial,to Stage 2,UNKNOWN,UNKNOWN,UNKNOWN,UNKNOWN,UNKNOWN,UNKNOWN,UNKNOWN
S2515,-,primary,with,True,True,False,full,to Stage 2,MATCH,UNKNOWN,UNKNOWN,UNKNOWN,UNKNOWN,UNKNOWN,UNKNOWN
S2515,-,primary,without,True,True,False,full,to Stage 2,MATCH,UNKNOWN,UNKNOWN,UNKNOWN,UNKNOWN,UNKNOWN,UNKNOWN
S2515,-,C1_0.5km,with,True,True,False,full,to Stage 2,UNKNOWN,UNKNOWN,UNKNOWN,UNKNOWN,UNKNOWN,UNKNOWN,UNKNOWN
S2515,-,C1_0.5km,without,True,True,False,full,to Stage 2,UNKNOWN,UNKNOWN,UNKNOWN,UNKNOWN,UNKNOWN,UNKNOWN,UNKNOWN
S2515,-,C1_2km,with,True,True,False,full,to Stage 2,MATCH,UNKNOWN,UNKNOWN,UNKNOWN,UNKNOWN,UNKNOWN,UNKNOWN
S2515,-,C1_2km,without,True,True,False,full,to Stage 2,MATCH,UNKNOWN,UNKNOWN,UNKNOWN,UNKNOWN,UNKNOWN,UNKNOWN
S2515,-,C2_tomb_shafts,with,True,True,False,full,to Stage 2,MATCH,UNKNOWN,UNKNOWN,UNKNOWN,UNKNOWN,UNKNOWN,UNKNOWN
S2515,-,C2_tomb_shafts,without,True,True,False,full,to Stage 2,MATCH,UNKNOWN,UNKNOWN,UNKNOWN,UNKNOWN,UNKNOWN,UNKNOWN
S2515,-,dated_only,with,True,True,False,full,to Stage 2,UNKNOWN,UNKNOWN,UNKNOWN,UNKNOWN,UNKNOWN,UNKNOWN,UNKNOWN
S2515,-,dated_only,without,True,True,False,full,to Stage 2,UNKNOWN,UNKNOWN,UNKNOWN,UNKNOWN,UNKNOWN,UNKNOWN,UNKNOWN
S2525,-,primary,with,True,True,False,full,to Stage 2,UNKNOWN,MATCH,UNKNOWN,UNKNOWN,UNKNOWN,UNKNOWN,UNKNOWN
S2525,-,primary,without,True,True,False,full,to Stage 2,UNKNOWN,MATCH,UNKNOWN,UNKNOWN,UNKNOWN,UNKNOWN,UNKNOWN
S2525,-,C1_0.5km,with,True,True,False,full,to Stage 2,UNKNOWN,MATCH,UNKNOWN,UNKNOWN,UNKNOWN,UNKNOWN,UNKNOWN
S2525,-,C1_0.5km,without,True,True,False,full,to Stage 2,UNKNOWN,MATCH,UNKNOWN,UNKNOWN,UNKNOWN,UNKNOWN,UNKNOWN
S2525,-,C1_2km,with,True,True,False,full,to Stage 2,UNKNOWN,MATCH,UNKNOWN,UNKNOWN,UNKNOWN,UNKNOWN,UNKNOWN
S2525,-,C1_2km,without,True,True,False,full,to Stage 2,UNKNOWN,MATCH,UNKNOWN,UNKNOWN,UNKNOWN,UNKNOWN,UNKNOWN
S2525,-,C2_tomb_shafts,with,True,True,False,full,to Stage 2,UNKNOWN,MATCH,UNKNOWN,UNKNOWN,UNKNOWN,UNKNOWN,UNKNOWN
S2525,-,C2_tomb_shafts,without,True,True,False,full,to Stage 2,UNKNOWN,MATCH,UNKNOWN,UNKNOWN,UNKNOWN,UNKNOWN,UNKNOWN
S2525,-,dated_only,with,True,True,False,full,to Stage 2,UNKNOWN,UNKNOWN,UNKNOWN,UNKNOWN,UNKNOWN,UNKNOWN,UNKNOWN
S2525,-,dated_only,without,True,True,False,full,to Stage 2,UNKNOWN,UNKNOWN,UNKNOWN,UNKNOWN,UNKNOWN,UNKNOWN,UNKNOWN
S2526,el-Hadaba,primary,with,True,True,False,full,to Stage 2,MATCH,UNKNOWN,UNKNOWN,UNKNOWN,UNKNOWN,UNKNOWN,UNKNOWN
S2526,el-Hadaba,primary,without,True,True,False,full,to Stage 2,MATCH,UNKNOWN,UNKNOWN,UNKNOWN,UNKNOWN,UNKNOWN,UNKNOWN
S2526,el-Hadaba,C1_0.5km,with,True,True,False,full,to Stage 2,UNKNOWN,UNKNOWN,UNKNOWN,UNKNOWN,UNKNOWN,UNKNOWN,UNKNOWN
S2526,el-Hadaba,C1_0.5km,without,True,True,False,full,to Stage 2,UNKNOWN,UNKNOWN,UNKNOWN,UNKNOWN,UNKNOWN,UNKNOWN,UNKNOWN
S2526,el-Hadaba,C1_2km,with,True,True,False,full,to Stage 2,MATCH,UNKNOWN,UNKNOWN,UNKNOWN,UNKNOWN,UNKNOWN,UNKNOWN
S2526,el-Hadaba,C1_2km,without,True,True,False,full,to Stage 2,MATCH,UNKNOWN,UNKNOWN,UNKNOWN,UNKNOWN,UNKNOWN,UNKNOWN
S2526,el-Hadaba,C2_tomb_shafts,with,True,True,False,full,to Stage 2,MATCH,UNKNOWN,UNKNOWN,UNKNOWN,UNKNOWN,UNKNOWN,UNKNOWN
S2526,el-Hadaba,C2_tomb_shafts,without,True,True,False,full,to Stage 2,MATCH,UNKNOWN,UNKNOWN,UNKNOWN,UNKNOWN,UNKNOWN,UNKNOWN
S2526,el-Hadaba,dated_only,with,True,True,False,full,to Stage 2,UNKNOWN,UNKNOWN,UNKNOWN,UNKNOWN,UNKNOWN,UNKNOWN,UNKNOWN
S2526,el-Hadaba,dated_only,without,True,True,False,full,to Stage 2,UNKNOWN,UNKNOWN,UNKNOWN,UNKNOWN,UNKNOWN,UNKNOWN,UNKNOWN
S2530,-,primary,with,True,True,False,full,to Stage 2,UNKNOWN,UNKNOWN,UNKNOWN,UNKNOWN,UNKNOWN,UNKNOWN,UNKNOWN
S2530,-,primary,without,True,True,False,full,to Stage 2,UNKNOWN,UNKNOWN,UNKNOWN,UNKNOWN,UNKNOWN,UNKNOWN,UNKNOWN
S2530,-,C1_0.5km,with,True,True,False,full,to Stage 2,UNKNOWN,UNKNOWN,UNKNOWN,UNKNOWN,UNKNOWN,UNKNOWN,UNKNOWN
S2530,-,C1_0.5km,without,True,True,False,full,to Stage 2,UNKNOWN,UNKNOWN,UNKNOWN,UNKNOWN,UNKNOWN,UNKNOWN,UNKNOWN
S2530,-,C1_2km,with,True,True,False,full,to Stage 2,UNKNOWN,UNKNOWN,UNKNOWN,UNKNOWN,UNKNOWN,UNKNOWN,UNKNOWN
S2530,-,C1_2km,without,True,True,False,full,to Stage 2,UNKNOWN,UNKNOWN,UNKNOWN,UNKNOWN,UNKNOWN,UNKNOWN,UNKNOWN
S2530,-,C2_tomb_shafts,with,True,True,False,full,to Stage 2,UNKNOWN,UNKNOWN,UNKNOWN,UNKNOWN,UNKNOWN,UNKNOWN,UNKNOWN
S2530,-,C2_tomb_shafts,without,True,True,False,full,to Stage 2,UNKNOWN,UNKNOWN,UNKNOWN,UNKNOWN,UNKNOWN,UNKNOWN,UNKNOWN
S2530,-,dated_only,with,True,True,False,full,to Stage 2,UNKNOWN,UNKNOWN,UNKNOWN,UNKNOWN,UNKNOWN,UNKNOWN,UNKNOWN
S2530,-,dated_only,without,True,True,False,full,to Stage 2,UNKNOWN,UNKNOWN,UNKNOWN,UNKNOWN,UNKNOWN,UNKNOWN,UNKNOWN
S2539,Tulul Abu el-'Alaiq,primary,with,True,True,True,full,to Stage 2,MATCH,MATCH,UNKNOWN,UNKNOWN,UNKNOWN,UNKNOWN,MATCH
S2539,Tulul Abu el-'Alaiq,primary,without,True,True,True,full,to Stage 2,MATCH,MATCH,UNKNOWN,UNKNOWN,UNKNOWN,UNKNOWN,MATCH
S2539,Tulul Abu el-'Alaiq,C1_0.5km,with,True,True,True,full,to Stage 2,MATCH,MATCH,UNKNOWN,UNKNOWN,UNKNOWN,UNKNOWN,MATCH
S2539,Tulul Abu el-'Alaiq,C1_0.5km,without,True,True,True,full,to Stage 2,MATCH,MATCH,UNKNOWN,UNKNOWN,UNKNOWN,UNKNOWN,MATCH
S2539,Tulul Abu el-'Alaiq,C1_2km,with,True,True,True,full,to Stage 2,MATCH,MATCH,UNKNOWN,UNKNOWN,UNKNOWN,UNKNOWN,MATCH
S2539,Tulul Abu el-'Alaiq,C1_2km,without,True,True,True,full,to Stage 2,MATCH,MATCH,UNKNOWN,UNKNOWN,UNKNOWN,UNKNOWN,MATCH
S2539,Tulul Abu el-'Alaiq,C2_tomb_shafts,with,True,True,True,full,to Stage 2,MATCH,MATCH,UNKNOWN,UNKNOWN,UNKNOWN,UNKNOWN,MATCH
S2539,Tulul Abu el-'Alaiq,C2_tomb_shafts,without,True,True,True,full,to Stage 2,MATCH,MATCH,UNKNOWN,UNKNOWN,UNKNOWN,UNKNOWN,MATCH
S2539,Tulul Abu el-'Alaiq,dated_only,with,True,True,True,full,to Stage 2,MATCH,UNKNOWN,UNKNOWN,UNKNOWN,UNKNOWN,UNKNOWN,UNKNOWN
S2539,Tulul Abu el-'Alaiq,dated_only,without,True,True,True,full,to Stage 2,MATCH,UNKNOWN,UNKNOWN,UNKNOWN,UNKNOWN,UNKNOWN,UNKNOWN
S2562,Megharat el-Jai,primary,with,True,True,True,full,to Stage 2,UNKNOWN,MATCH,UNKNOWN,UNKNOWN,UNKNOWN,UNKNOWN,UNKNOWN
S2562,Megharat el-Jai,primary,without,True,True,True,full,to Stage 2,UNKNOWN,MATCH,UNKNOWN,UNKNOWN,UNKNOWN,UNKNOWN,UNKNOWN
S2562,Megharat el-Jai,C1_0.5km,with,True,True,True,full,to Stage 2,UNKNOWN,MATCH,UNKNOWN,UNKNOWN,UNKNOWN,UNKNOWN,UNKNOWN
S2562,Megharat el-Jai,C1_0.5km,without,True,True,True,full,to Stage 2,UNKNOWN,MATCH,UNKNOWN,UNKNOWN,UNKNOWN,UNKNOWN,UNKNOWN
S2562,Megharat el-Jai,C1_2km,with,True,True,True,full,to Stage 2,UNKNOWN,MATCH,UNKNOWN,UNKNOWN,UNKNOWN,UNKNOWN,UNKNOWN
S2562,Megharat el-Jai,C1_2km,without,True,True,True,full,to Stage 2,UNKNOWN,MATCH,UNKNOWN,UNKNOWN,UNKNOWN,UNKNOWN,UNKNOWN
S2562,Megharat el-Jai,C2_tomb_shafts,with,True,True,True,full,to Stage 2,UNKNOWN,MATCH,UNKNOWN,UNKNOWN,UNKNOWN,UNKNOWN,UNKNOWN
S2562,Megharat el-Jai,C2_tomb_shafts,without,True,True,True,full,to Stage 2,UNKNOWN,MATCH,UNKNOWN,UNKNOWN,UNKNOWN,UNKNOWN,UNKNOWN
S2562,Megharat el-Jai,dated_only,with,True,True,True,full,to Stage 2,UNKNOWN,UNKNOWN,UNKNOWN,UNKNOWN,UNKNOWN,UNKNOWN,UNKNOWN
S2562,Megharat el-Jai,dated_only,without,True,True,True,full,to Stage 2,UNKNOWN,UNKNOWN,UNKNOWN,UNKNOWN,UNKNOWN,UNKNOWN,UNKNOWN
S2565,Kh. et-Tinat,primary,with,True,True,True,full,to Stage 2,UNKNOWN,MATCH,UNKNOWN,UNKNOWN,UNKNOWN,UNKNOWN,UNKNOWN
S2565,Kh. et-Tinat,primary,without,True,True,True,full,to Stage 2,UNKNOWN,MATCH,UNKNOWN,UNKNOWN,UNKNOWN,UNKNOWN,UNKNOWN
S2565,Kh. et-Tinat,C1_0.5km,with,True,True,True,full,to Stage 2,UNKNOWN,MATCH,UNKNOWN,UNKNOWN,UNKNOWN,UNKNOWN,UNKNOWN
S2565,Kh. et-Tinat,C1_0.5km,without,True,True,True,full,to Stage 2,UNKNOWN,MATCH,UNKNOWN,UNKNOWN,UNKNOWN,UNKNOWN,UNKNOWN
S2565,Kh. et-Tinat,C1_2km,with,True,True,True,full,to Stage 2,MATCH,MATCH,UNKNOWN,UNKNOWN,UNKNOWN,UNKNOWN,MATCH
S2565,Kh. et-Tinat,C1_2km,without,True,True,True,full,to Stage 2,MATCH,MATCH,UNKNOWN,UNKNOWN,UNKNOWN,UNKNOWN,MATCH
S2565,Kh. et-Tinat,C2_tomb_shafts,with,True,True,True,full,to Stage 2,UNKNOWN,MATCH,UNKNOWN,UNKNOWN,UNKNOWN,UNKNOWN,UNKNOWN
S2565,Kh. et-Tinat,C2_tomb_shafts,without,True,True,True,full,to Stage 2,UNKNOWN,MATCH,UNKNOWN,UNKNOWN,UNKNOWN,UNKNOWN,UNKNOWN
S2565,Kh. et-Tinat,dated_only,with,True,True,True,full,to Stage 2,UNKNOWN,UNKNOWN,UNKNOWN,UNKNOWN,UNKNOWN,UNKNOWN,UNKNOWN
S2565,Kh. et-Tinat,dated_only,without,True,True,True,full,to Stage 2,UNKNOWN,UNKNOWN,UNKNOWN,UNKNOWN,UNKNOWN,UNKNOWN,UNKNOWN
S2589,Kypros,primary,with,True,True,True,full,to Stage 2,MATCH,MATCH,UNKNOWN,UNKNOWN,UNKNOWN,UNKNOWN,MATCH
S2589,Kypros,primary,without,True,True,True,full,to Stage 2,MATCH,MATCH,UNKNOWN,UNKNOWN,UNKNOWN,UNKNOWN,MATCH
S2589,Kypros,C1_0.5km,with,True,True,True,full,to Stage 2,UNKNOWN,MATCH,UNKNOWN,UNKNOWN,UNKNOWN,UNKNOWN,UNKNOWN
S2589,Kypros,C1_0.5km,without,True,True,True,full,to Stage 2,UNKNOWN,MATCH,UNKNOWN,UNKNOWN,UNKNOWN,UNKNOWN,UNKNOWN
S2589,Kypros,C1_2km,with,True,True,True,full,to Stage 2,MATCH,MATCH,UNKNOWN,UNKNOWN,UNKNOWN,UNKNOWN,MATCH
S2589,Kypros,C1_2km,without,True,True,True,full,to Stage 2,MATCH,MATCH,UNKNOWN,UNKNOWN,UNKNOWN,UNKNOWN,MATCH
S2589,Kypros,C2_tomb_shafts,with,True,True,True,full,to Stage 2,MATCH,MATCH,UNKNOWN,UNKNOWN,UNKNOWN,UNKNOWN,MATCH
S2589,Kypros,C2_tomb_shafts,without,True,True,True,full,to Stage 2,MATCH,MATCH,UNKNOWN,UNKNOWN,UNKNOWN,UNKNOWN,MATCH
S2589,Kypros,dated_only,with,True,True,True,full,to Stage 2,UNKNOWN,MATCH,UNKNOWN,UNKNOWN,UNKNOWN,UNKNOWN,UNKNOWN
S2589,Kypros,dated_only,without,True,True,True,full,to Stage 2,UNKNOWN,UNKNOWN,UNKNOWN,UNKNOWN,UNKNOWN,UNKNOWN,UNKNOWN
S2605,Kh. Mugheifir,primary,with,True,True,False,full,to Stage 2,UNKNOWN,UNKNOWN,UNKNOWN,UNKNOWN,UNKNOWN,UNKNOWN,UNKNOWN
S2605,Kh. Mugheifir,primary,without,True,True,False,full,to Stage 2,UNKNOWN,UNKNOWN,UNKNOWN,UNKNOWN,UNKNOWN,UNKNOWN,UNKNOWN
S2605,Kh. Mugheifir,C1_0.5km,with,True,True,False,full,to Stage 2,UNKNOWN,UNKNOWN,UNKNOWN,UNKNOWN,UNKNOWN,UNKNOWN,UNKNOWN
S2605,Kh. Mugheifir,C1_0.5km,without,True,True,False,full,to Stage 2,UNKNOWN,UNKNOWN,UNKNOWN,UNKNOWN,UNKNOWN,UNKNOWN,UNKNOWN
S2605,Kh. Mugheifir,C1_2km,with,True,True,False,full,to Stage 2,MATCH,UNKNOWN,UNKNOWN,UNKNOWN,UNKNOWN,UNKNOWN,UNKNOWN
S2605,Kh. Mugheifir,C1_2km,without,True,True,False,full,to Stage 2,MATCH,UNKNOWN,UNKNOWN,UNKNOWN,UNKNOWN,UNKNOWN,UNKNOWN
S2605,Kh. Mugheifir,C2_tomb_shafts,with,True,True,False,full,to Stage 2,UNKNOWN,UNKNOWN,UNKNOWN,UNKNOWN,UNKNOWN,UNKNOWN,UNKNOWN
S2605,Kh. Mugheifir,C2_tomb_shafts,without,True,True,False,full,to Stage 2,UNKNOWN,UNKNOWN,UNKNOWN,UNKNOWN,UNKNOWN,UNKNOWN,UNKNOWN
S2605,Kh. Mugheifir,dated_only,with,True,True,False,full,to Stage 2,UNKNOWN,UNKNOWN,UNKNOWN,UNKNOWN,UNKNOWN,UNKNOWN,UNKNOWN
S2605,Kh. Mugheifir,dated_only,without,True,True,False,full,to Stage 2,UNKNOWN,UNKNOWN,UNKNOWN,UNKNOWN,UNKNOWN,UNKNOWN,UNKNOWN
S2629,Tell Mugheifir,primary,with,True,True,True,full,to Stage 2,UNKNOWN,UNKNOWN,UNKNOWN,UNKNOWN,UNKNOWN,UNKNOWN,UNKNOWN
S2629,Tell Mugheifir,primary,without,True,True,True,full,to Stage 2,UNKNOWN,UNKNOWN,UNKNOWN,UNKNOWN,UNKNOWN,UNKNOWN,UNKNOWN
S2629,Tell Mugheifir,C1_0.5km,with,True,True,True,full,to Stage 2,UNKNOWN,UNKNOWN,UNKNOWN,UNKNOWN,UNKNOWN,UNKNOWN,UNKNOWN
S2629,Tell Mugheifir,C1_0.5km,without,True,True,True,full,to Stage 2,UNKNOWN,UNKNOWN,UNKNOWN,UNKNOWN,UNKNOWN,UNKNOWN,UNKNOWN
S2629,Tell Mugheifir,C1_2km,with,True,True,True,full,to Stage 2,MATCH,UNKNOWN,UNKNOWN,UNKNOWN,UNKNOWN,UNKNOWN,UNKNOWN
S2629,Tell Mugheifir,C1_2km,without,True,True,True,full,to Stage 2,MATCH,UNKNOWN,UNKNOWN,UNKNOWN,UNKNOWN,UNKNOWN,UNKNOWN
S2629,Tell Mugheifir,C2_tomb_shafts,with,True,True,True,full,to Stage 2,UNKNOWN,UNKNOWN,UNKNOWN,UNKNOWN,UNKNOWN,UNKNOWN,UNKNOWN
S2629,Tell Mugheifir,C2_tomb_shafts,without,True,True,True,full,to Stage 2,UNKNOWN,UNKNOWN,UNKNOWN,UNKNOWN,UNKNOWN,UNKNOWN,UNKNOWN
S2629,Tell Mugheifir,dated_only,with,True,True,True,full,to Stage 2,UNKNOWN,UNKNOWN,UNKNOWN,UNKNOWN,UNKNOWN,UNKNOWN,UNKNOWN
S2629,Tell Mugheifir,dated_only,without,True,True,True,full,to Stage 2,UNKNOWN,UNKNOWN,UNKNOWN,UNKNOWN,UNKNOWN,UNKNOWN,UNKNOWN
S2631,Kh. el-Kharaba,primary,with,True,True,False,full,to Stage 2,UNKNOWN,UNKNOWN,MATCH,UNKNOWN,UNKNOWN,UNKNOWN,UNKNOWN
S2631,Kh. el-Kharaba,primary,without,True,True,False,full,to Stage 2,UNKNOWN,UNKNOWN,MATCH,UNKNOWN,UNKNOWN,UNKNOWN,UNKNOWN
S2631,Kh. el-Kharaba,C1_0.5km,with,True,True,False,full,to Stage 2,UNKNOWN,UNKNOWN,MATCH,UNKNOWN,UNKNOWN,UNKNOWN,UNKNOWN
S2631,Kh. el-Kharaba,C1_0.5km,without,True,True,False,full,to Stage 2,UNKNOWN,UNKNOWN,MATCH,UNKNOWN,UNKNOWN,UNKNOWN,UNKNOWN
S2631,Kh. el-Kharaba,C1_2km,with,True,True,False,full,to Stage 2,UNKNOWN,UNKNOWN,MATCH,UNKNOWN,UNKNOWN,UNKNOWN,UNKNOWN
S2631,Kh. el-Kharaba,C1_2km,without,True,True,False,full,to Stage 2,UNKNOWN,UNKNOWN,MATCH,UNKNOWN,UNKNOWN,UNKNOWN,UNKNOWN
S2631,Kh. el-Kharaba,C2_tomb_shafts,with,True,True,False,full,to Stage 2,UNKNOWN,MATCH,MATCH,UNKNOWN,UNKNOWN,UNKNOWN,UNKNOWN
S2631,Kh. el-Kharaba,C2_tomb_shafts,without,True,True,False,full,to Stage 2,UNKNOWN,MATCH,MATCH,UNKNOWN,UNKNOWN,UNKNOWN,UNKNOWN
S2631,Kh. el-Kharaba,dated_only,with,True,True,False,full,to Stage 2,UNKNOWN,UNKNOWN,MATCH,UNKNOWN,UNKNOWN,UNKNOWN,UNKNOWN
S2631,Kh. el-Kharaba,dated_only,without,True,True,False,full,to Stage 2,UNKNOWN,UNKNOWN,MATCH,UNKNOWN,UNKNOWN,UNKNOWN,UNKNOWN
S2672,Ḥizma,primary,with,True,True,True,full,not recorded,UNKNOWN,UNKNOWN,UNKNOWN,UNKNOWN,UNKNOWN,UNKNOWN,UNKNOWN
S2672,Ḥizma,primary,without,True,True,True,full,not recorded,UNKNOWN,UNKNOWN,UNKNOWN,UNKNOWN,UNKNOWN,UNKNOWN,UNKNOWN
S2672,Ḥizma,C1_0.5km,with,True,True,True,full,not recorded,UNKNOWN,UNKNOWN,UNKNOWN,UNKNOWN,UNKNOWN,UNKNOWN,UNKNOWN
S2672,Ḥizma,C1_0.5km,without,True,True,True,full,not recorded,UNKNOWN,UNKNOWN,UNKNOWN,UNKNOWN,UNKNOWN,UNKNOWN,UNKNOWN
S2672,Ḥizma,C1_2km,with,True,True,True,full,not recorded,UNKNOWN,UNKNOWN,UNKNOWN,UNKNOWN,UNKNOWN,UNKNOWN,UNKNOWN
S2672,Ḥizma,C1_2km,without,True,True,True,full,not recorded,UNKNOWN,UNKNOWN,UNKNOWN,UNKNOWN,UNKNOWN,UNKNOWN,UNKNOWN
S2672,Ḥizma,C2_tomb_shafts,with,True,True,True,full,not recorded,UNKNOWN,UNKNOWN,UNKNOWN,UNKNOWN,UNKNOWN,UNKNOWN,UNKNOWN
S2672,Ḥizma,C2_tomb_shafts,without,True,True,True,full,not recorded,UNKNOWN,UNKNOWN,UNKNOWN,UNKNOWN,UNKNOWN,UNKNOWN,UNKNOWN
S2672,Ḥizma,dated_only,with,True,True,True,full,not recorded,UNKNOWN,UNKNOWN,UNKNOWN,UNKNOWN,UNKNOWN,UNKNOWN,UNKNOWN
S2672,Ḥizma,dated_only,without,True,True,True,full,not recorded,UNKNOWN,UNKNOWN,UNKNOWN,UNKNOWN,UNKNOWN,UNKNOWN,UNKNOWN
S2686,Kh. 'Ein Fara,primary,with,True,True,False,full,to Stage 2,UNKNOWN,UNKNOWN,UNKNOWN,UNKNOWN,UNKNOWN,UNKNOWN,UNKNOWN
S2686,Kh. 'Ein Fara,primary,without,True,True,False,full,to Stage 2,UNKNOWN,UNKNOWN,UNKNOWN,UNKNOWN,UNKNOWN,UNKNOWN,UNKNOWN
S2686,Kh. 'Ein Fara,C1_0.5km,with,True,True,False,full,to Stage 2,UNKNOWN,UNKNOWN,UNKNOWN,UNKNOWN,UNKNOWN,UNKNOWN,UNKNOWN
S2686,Kh. 'Ein Fara,C1_0.5km,without,True,True,False,full,to Stage 2,UNKNOWN,UNKNOWN,UNKNOWN,UNKNOWN,UNKNOWN,UNKNOWN,UNKNOWN
S2686,Kh. 'Ein Fara,C1_2km,with,True,True,False,full,to Stage 2,UNKNOWN,UNKNOWN,UNKNOWN,UNKNOWN,UNKNOWN,UNKNOWN,UNKNOWN
S2686,Kh. 'Ein Fara,C1_2km,without,True,True,False,full,to Stage 2,UNKNOWN,UNKNOWN,UNKNOWN,UNKNOWN,UNKNOWN,UNKNOWN,UNKNOWN
S2686,Kh. 'Ein Fara,C2_tomb_shafts,with,True,True,False,full,to Stage 2,UNKNOWN,UNKNOWN,UNKNOWN,UNKNOWN,UNKNOWN,UNKNOWN,UNKNOWN
S2686,Kh. 'Ein Fara,C2_tomb_shafts,without,True,True,False,full,to Stage 2,UNKNOWN,UNKNOWN,UNKNOWN,UNKNOWN,UNKNOWN,UNKNOWN,UNKNOWN
S2686,Kh. 'Ein Fara,dated_only,with,True,True,False,full,to Stage 2,UNKNOWN,UNKNOWN,UNKNOWN,UNKNOWN,UNKNOWN,UNKNOWN,UNKNOWN
S2686,Kh. 'Ein Fara,dated_only,without,True,True,False,full,to Stage 2,UNKNOWN,UNKNOWN,UNKNOWN,UNKNOWN,UNKNOWN,UNKNOWN,UNKNOWN
S2689,Jurat Musa,primary,with,True,True,False,full,to Stage 2,UNKNOWN,UNKNOWN,UNKNOWN,UNKNOWN,UNKNOWN,UNKNOWN,UNKNOWN
S2689,Jurat Musa,primary,without,True,True,False,full,to Stage 2,UNKNOWN,UNKNOWN,UNKNOWN,UNKNOWN,UNKNOWN,UNKNOWN,UNKNOWN
S2689,Jurat Musa,C1_0.5km,with,True,True,False,full,to Stage 2,UNKNOWN,UNKNOWN,UNKNOWN,UNKNOWN,UNKNOWN,UNKNOWN,UNKNOWN
S2689,Jurat Musa,C1_0.5km,without,True,True,False,full,to Stage 2,UNKNOWN,UNKNOWN,UNKNOWN,UNKNOWN,UNKNOWN,UNKNOWN,UNKNOWN
S2689,Jurat Musa,C1_2km,with,True,True,False,full,to Stage 2,UNKNOWN,UNKNOWN,UNKNOWN,UNKNOWN,UNKNOWN,UNKNOWN,UNKNOWN
S2689,Jurat Musa,C1_2km,without,True,True,False,full,to Stage 2,UNKNOWN,UNKNOWN,UNKNOWN,UNKNOWN,UNKNOWN,UNKNOWN,UNKNOWN
S2689,Jurat Musa,C2_tomb_shafts,with,True,True,False,full,to Stage 2,UNKNOWN,UNKNOWN,UNKNOWN,UNKNOWN,UNKNOWN,UNKNOWN,UNKNOWN
S2689,Jurat Musa,C2_tomb_shafts,without,True,True,False,full,to Stage 2,UNKNOWN,UNKNOWN,UNKNOWN,UNKNOWN,UNKNOWN,UNKNOWN,UNKNOWN
S2689,Jurat Musa,dated_only,with,True,True,False,full,to Stage 2,UNKNOWN,UNKNOWN,UNKNOWN,UNKNOWN,UNKNOWN,UNKNOWN,UNKNOWN
S2689,Jurat Musa,dated_only,without,True,True,False,full,to Stage 2,UNKNOWN,UNKNOWN,UNKNOWN,UNKNOWN,UNKNOWN,UNKNOWN,UNKNOWN
S2698,Kh. Abu 'Aum,primary,with,True,True,False,full,to Stage 2,MATCH,UNKNOWN,UNKNOWN,UNKNOWN,UNKNOWN,UNKNOWN,UNKNOWN
S2698,Kh. Abu 'Aum,primary,without,True,True,False,full,to Stage 2,MATCH,UNKNOWN,UNKNOWN,UNKNOWN,UNKNOWN,UNKNOWN,UNKNOWN
S2698,Kh. Abu 'Aum,C1_0.5km,with,True,True,False,full,to Stage 2,UNKNOWN,UNKNOWN,UNKNOWN,UNKNOWN,UNKNOWN,UNKNOWN,UNKNOWN
S2698,Kh. Abu 'Aum,C1_0.5km,without,True,True,False,full,to Stage 2,UNKNOWN,UNKNOWN,UNKNOWN,UNKNOWN,UNKNOWN,UNKNOWN,UNKNOWN
S2698,Kh. Abu 'Aum,C1_2km,with,True,True,False,full,to Stage 2,MATCH,UNKNOWN,UNKNOWN,UNKNOWN,UNKNOWN,UNKNOWN,UNKNOWN
S2698,Kh. Abu 'Aum,C1_2km,without,True,True,False,full,to Stage 2,MATCH,UNKNOWN,UNKNOWN,UNKNOWN,UNKNOWN,UNKNOWN,UNKNOWN
S2698,Kh. Abu 'Aum,C2_tomb_shafts,with,True,True,False,full,to Stage 2,MATCH,UNKNOWN,UNKNOWN,UNKNOWN,UNKNOWN,UNKNOWN,UNKNOWN
S2698,Kh. Abu 'Aum,C2_tomb_shafts,without,True,True,False,full,to Stage 2,MATCH,UNKNOWN,UNKNOWN,UNKNOWN,UNKNOWN,UNKNOWN,UNKNOWN
S2698,Kh. Abu 'Aum,dated_only,with,True,True,False,full,to Stage 2,UNKNOWN,UNKNOWN,UNKNOWN,UNKNOWN,UNKNOWN,UNKNOWN,UNKNOWN
S2698,Kh. Abu 'Aum,dated_only,without,True,True,False,full,to Stage 2,UNKNOWN,UNKNOWN,UNKNOWN,UNKNOWN,UNKNOWN,UNKNOWN,UNKNOWN
S2699,Wadi Fara,primary,with,True,True,False,full,to Stage 2,UNKNOWN,UNKNOWN,MATCH,UNKNOWN,UNKNOWN,UNKNOWN,UNKNOWN
S2699,Wadi Fara,primary,without,True,True,False,full,to Stage 2,UNKNOWN,UNKNOWN,MATCH,UNKNOWN,UNKNOWN,UNKNOWN,UNKNOWN
S2699,Wadi Fara,C1_0.5km,with,True,True,False,full,to Stage 2,UNKNOWN,UNKNOWN,MATCH,UNKNOWN,UNKNOWN,UNKNOWN,UNKNOWN
S2699,Wadi Fara,C1_0.5km,without,True,True,False,full,to Stage 2,UNKNOWN,UNKNOWN,MATCH,UNKNOWN,UNKNOWN,UNKNOWN,UNKNOWN
S2699,Wadi Fara,C1_2km,with,True,True,False,full,to Stage 2,UNKNOWN,UNKNOWN,MATCH,UNKNOWN,UNKNOWN,UNKNOWN,UNKNOWN
S2699,Wadi Fara,C1_2km,without,True,True,False,full,to Stage 2,UNKNOWN,UNKNOWN,MATCH,UNKNOWN,UNKNOWN,UNKNOWN,UNKNOWN
S2699,Wadi Fara,C2_tomb_shafts,with,True,True,False,full,to Stage 2,UNKNOWN,UNKNOWN,MATCH,UNKNOWN,UNKNOWN,UNKNOWN,UNKNOWN
S2699,Wadi Fara,C2_tomb_shafts,without,True,True,False,full,to Stage 2,UNKNOWN,UNKNOWN,MATCH,UNKNOWN,UNKNOWN,UNKNOWN,UNKNOWN
S2699,Wadi Fara,dated_only,with,True,True,False,full,to Stage 2,UNKNOWN,UNKNOWN,UNKNOWN,UNKNOWN,UNKNOWN,UNKNOWN,UNKNOWN
S2699,Wadi Fara,dated_only,without,True,True,False,full,to Stage 2,UNKNOWN,UNKNOWN,UNKNOWN,UNKNOWN,UNKNOWN,UNKNOWN,UNKNOWN
S2709,'Ein Fara,primary,with,True,True,False,full,to Stage 2,UNKNOWN,UNKNOWN,UNKNOWN,UNKNOWN,UNKNOWN,UNKNOWN,UNKNOWN
S2709,'Ein Fara,primary,without,True,True,False,full,to Stage 2,UNKNOWN,UNKNOWN,UNKNOWN,UNKNOWN,UNKNOWN,UNKNOWN,UNKNOWN
S2709,'Ein Fara,C1_0.5km,with,True,True,False,full,to Stage 2,UNKNOWN,UNKNOWN,UNKNOWN,UNKNOWN,UNKNOWN,UNKNOWN,UNKNOWN
S2709,'Ein Fara,C1_0.5km,without,True,True,False,full,to Stage 2,UNKNOWN,UNKNOWN,UNKNOWN,UNKNOWN,UNKNOWN,UNKNOWN,UNKNOWN
S2709,'Ein Fara,C1_2km,with,True,True,False,full,to Stage 2,MATCH,UNKNOWN,UNKNOWN,UNKNOWN,UNKNOWN,UNKNOWN,UNKNOWN
S2709,'Ein Fara,C1_2km,without,True,True,False,full,to Stage 2,MATCH,UNKNOWN,UNKNOWN,UNKNOWN,UNKNOWN,UNKNOWN,UNKNOWN
S2709,'Ein Fara,C2_tomb_shafts,with,True,True,False,full,to Stage 2,UNKNOWN,UNKNOWN,UNKNOWN,UNKNOWN,UNKNOWN,UNKNOWN,UNKNOWN
S2709,'Ein Fara,C2_tomb_shafts,without,True,True,False,full,to Stage 2,UNKNOWN,UNKNOWN,UNKNOWN,UNKNOWN,UNKNOWN,UNKNOWN,UNKNOWN
S2709,'Ein Fara,dated_only,with,True,True,False,full,to Stage 2,UNKNOWN,UNKNOWN,UNKNOWN,UNKNOWN,UNKNOWN,UNKNOWN,UNKNOWN
S2709,'Ein Fara,dated_only,without,True,True,False,full,to Stage 2,UNKNOWN,UNKNOWN,UNKNOWN,UNKNOWN,UNKNOWN,UNKNOWN,UNKNOWN
S2759,Kh. Abu Musarraḥ,primary,with,True,True,True,full,to Stage 2,UNKNOWN,MATCH,UNKNOWN,UNKNOWN,UNKNOWN,UNKNOWN,UNKNOWN
S2759,Kh. Abu Musarraḥ,primary,without,True,True,True,full,to Stage 2,UNKNOWN,MATCH,UNKNOWN,UNKNOWN,UNKNOWN,UNKNOWN,UNKNOWN
S2759,Kh. Abu Musarraḥ,C1_0.5km,with,True,True,True,full,to Stage 2,UNKNOWN,MATCH,UNKNOWN,UNKNOWN,UNKNOWN,UNKNOWN,UNKNOWN
S2759,Kh. Abu Musarraḥ,C1_0.5km,without,True,True,True,full,to Stage 2,UNKNOWN,MATCH,UNKNOWN,UNKNOWN,UNKNOWN,UNKNOWN,UNKNOWN
S2759,Kh. Abu Musarraḥ,C1_2km,with,True,True,True,full,to Stage 2,UNKNOWN,MATCH,UNKNOWN,UNKNOWN,UNKNOWN,UNKNOWN,UNKNOWN
S2759,Kh. Abu Musarraḥ,C1_2km,without,True,True,True,full,to Stage 2,UNKNOWN,MATCH,UNKNOWN,UNKNOWN,UNKNOWN,UNKNOWN,UNKNOWN
S2759,Kh. Abu Musarraḥ,C2_tomb_shafts,with,True,True,True,full,to Stage 2,UNKNOWN,MATCH,UNKNOWN,UNKNOWN,UNKNOWN,UNKNOWN,UNKNOWN
S2759,Kh. Abu Musarraḥ,C2_tomb_shafts,without,True,True,True,full,to Stage 2,UNKNOWN,MATCH,UNKNOWN,UNKNOWN,UNKNOWN,UNKNOWN,UNKNOWN
S2759,Kh. Abu Musarraḥ,dated_only,with,True,True,True,full,to Stage 2,UNKNOWN,UNKNOWN,UNKNOWN,UNKNOWN,UNKNOWN,UNKNOWN,UNKNOWN
S2759,Kh. Abu Musarraḥ,dated_only,without,True,True,True,full,to Stage 2,UNKNOWN,UNKNOWN,UNKNOWN,UNKNOWN,UNKNOWN,UNKNOWN,UNKNOWN
S2806,Kh. 'Almit,primary,with,True,True,True,full,to Stage 2,UNKNOWN,UNKNOWN,UNKNOWN,UNKNOWN,UNKNOWN,UNKNOWN,UNKNOWN
S2806,Kh. 'Almit,primary,without,True,True,True,full,to Stage 2,UNKNOWN,UNKNOWN,UNKNOWN,UNKNOWN,UNKNOWN,UNKNOWN,UNKNOWN
S2806,Kh. 'Almit,C1_0.5km,with,True,True,True,full,to Stage 2,UNKNOWN,UNKNOWN,UNKNOWN,UNKNOWN,UNKNOWN,UNKNOWN,UNKNOWN
S2806,Kh. 'Almit,C1_0.5km,without,True,True,True,full,to Stage 2,UNKNOWN,UNKNOWN,UNKNOWN,UNKNOWN,UNKNOWN,UNKNOWN,UNKNOWN
S2806,Kh. 'Almit,C1_2km,with,True,True,True,full,to Stage 2,MATCH,UNKNOWN,UNKNOWN,UNKNOWN,UNKNOWN,UNKNOWN,UNKNOWN
S2806,Kh. 'Almit,C1_2km,without,True,True,True,full,to Stage 2,MATCH,UNKNOWN,UNKNOWN,UNKNOWN,UNKNOWN,UNKNOWN,UNKNOWN
S2806,Kh. 'Almit,C2_tomb_shafts,with,True,True,True,full,to Stage 2,UNKNOWN,UNKNOWN,UNKNOWN,UNKNOWN,UNKNOWN,UNKNOWN,UNKNOWN
S2806,Kh. 'Almit,C2_tomb_shafts,without,True,True,True,full,to Stage 2,UNKNOWN,UNKNOWN,UNKNOWN,UNKNOWN,UNKNOWN,UNKNOWN,UNKNOWN
S2806,Kh. 'Almit,dated_only,with,True,True,True,full,to Stage 2,UNKNOWN,UNKNOWN,UNKNOWN,UNKNOWN,UNKNOWN,UNKNOWN,UNKNOWN
S2806,Kh. 'Almit,dated_only,without,True,True,True,full,to Stage 2,UNKNOWN,UNKNOWN,UNKNOWN,UNKNOWN,UNKNOWN,UNKNOWN,UNKNOWN
S2849,-,primary,with,True,True,False,full,to Stage 2,UNKNOWN,MATCH,MATCH,UNKNOWN,UNKNOWN,UNKNOWN,UNKNOWN
S2849,-,primary,without,True,True,False,full,to Stage 2,UNKNOWN,MATCH,MATCH,UNKNOWN,UNKNOWN,UNKNOWN,UNKNOWN
S2849,-,C1_0.5km,with,True,True,False,full,to Stage 2,UNKNOWN,MATCH,MATCH,UNKNOWN,UNKNOWN,UNKNOWN,UNKNOWN
S2849,-,C1_0.5km,without,True,True,False,full,to Stage 2,UNKNOWN,MATCH,MATCH,UNKNOWN,UNKNOWN,UNKNOWN,UNKNOWN
S2849,-,C1_2km,with,True,True,False,full,to Stage 2,MATCH,MATCH,MATCH,UNKNOWN,MATCH,UNKNOWN,MATCH
S2849,-,C1_2km,without,True,True,False,full,to Stage 2,MATCH,MATCH,MATCH,UNKNOWN,MATCH,UNKNOWN,MATCH
S2849,-,C2_tomb_shafts,with,True,True,False,full,to Stage 2,UNKNOWN,MATCH,MATCH,UNKNOWN,UNKNOWN,UNKNOWN,UNKNOWN
S2849,-,C2_tomb_shafts,without,True,True,False,full,to Stage 2,UNKNOWN,MATCH,MATCH,UNKNOWN,UNKNOWN,UNKNOWN,UNKNOWN
S2849,-,dated_only,with,True,True,False,full,to Stage 2,UNKNOWN,MATCH,MATCH,UNKNOWN,UNKNOWN,UNKNOWN,UNKNOWN
S2849,-,dated_only,without,True,True,False,full,to Stage 2,UNKNOWN,MATCH,MATCH,UNKNOWN,UNKNOWN,UNKNOWN,UNKNOWN
S2936,"The Good Samaritan, Fortress",primary,with,True,True,True,partial,not recorded,UNKNOWN,UNKNOWN,UNKNOWN,UNKNOWN,UNKNOWN,UNKNOWN,UNKNOWN
S2936,"The Good Samaritan, Fortress",primary,without,True,True,True,partial,not recorded,UNKNOWN,UNKNOWN,UNKNOWN,UNKNOWN,UNKNOWN,UNKNOWN,UNKNOWN
S2936,"The Good Samaritan, Fortress",C1_0.5km,with,True,True,True,partial,not recorded,UNKNOWN,UNKNOWN,UNKNOWN,UNKNOWN,UNKNOWN,UNKNOWN,UNKNOWN
S2936,"The Good Samaritan, Fortress",C1_0.5km,without,True,True,True,partial,not recorded,UNKNOWN,UNKNOWN,UNKNOWN,UNKNOWN,UNKNOWN,UNKNOWN,UNKNOWN
S2936,"The Good Samaritan, Fortress",C1_2km,with,True,True,True,partial,not recorded,UNKNOWN,UNKNOWN,UNKNOWN,UNKNOWN,UNKNOWN,UNKNOWN,UNKNOWN
S2936,"The Good Samaritan, Fortress",C1_2km,without,True,True,True,partial,not recorded,UNKNOWN,UNKNOWN,UNKNOWN,UNKNOWN,UNKNOWN,UNKNOWN,UNKNOWN
S2936,"The Good Samaritan, Fortress",C2_tomb_shafts,with,True,True,True,partial,not recorded,UNKNOWN,UNKNOWN,UNKNOWN,UNKNOWN,UNKNOWN,UNKNOWN,UNKNOWN
S2936,"The Good Samaritan, Fortress",C2_tomb_shafts,without,True,True,True,partial,not recorded,UNKNOWN,UNKNOWN,UNKNOWN,UNKNOWN,UNKNOWN,UNKNOWN,UNKNOWN
S2936,"The Good Samaritan, Fortress",dated_only,with,True,True,True,partial,not recorded,UNKNOWN,UNKNOWN,UNKNOWN,UNKNOWN,UNKNOWN,UNKNOWN,UNKNOWN
S2936,"The Good Samaritan, Fortress",dated_only,without,True,True,True,partial,not recorded,UNKNOWN,UNKNOWN,UNKNOWN,UNKNOWN,UNKNOWN,UNKNOWN,UNKNOWN
S2990,Qaṣr er-Rawabi,primary,with,True,True,False,full,to Stage 2,UNKNOWN,MATCH,UNKNOWN,UNKNOWN,UNKNOWN,UNKNOWN,UNKNOWN
S2990,Qaṣr er-Rawabi,primary,without,True,True,False,full,to Stage 2,UNKNOWN,MATCH,UNKNOWN,UNKNOWN,UNKNOWN,UNKNOWN,UNKNOWN
S2990,Qaṣr er-Rawabi,C1_0.5km,with,True,True,False,full,to Stage 2,UNKNOWN,MATCH,UNKNOWN,UNKNOWN,UNKNOWN,UNKNOWN,UNKNOWN
S2990,Qaṣr er-Rawabi,C1_0.5km,without,True,True,False,full,to Stage 2,UNKNOWN,MATCH,UNKNOWN,UNKNOWN,UNKNOWN,UNKNOWN,UNKNOWN
S2990,Qaṣr er-Rawabi,C1_2km,with,True,True,False,full,to Stage 2,UNKNOWN,MATCH,UNKNOWN,UNKNOWN,UNKNOWN,UNKNOWN,UNKNOWN
S2990,Qaṣr er-Rawabi,C1_2km,without,True,True,False,full,to Stage 2,UNKNOWN,MATCH,UNKNOWN,UNKNOWN,UNKNOWN,UNKNOWN,UNKNOWN
S2990,Qaṣr er-Rawabi,C2_tomb_shafts,with,True,True,False,full,to Stage 2,UNKNOWN,MATCH,UNKNOWN,UNKNOWN,UNKNOWN,UNKNOWN,UNKNOWN
S2990,Qaṣr er-Rawabi,C2_tomb_shafts,without,True,True,False,full,to Stage 2,UNKNOWN,MATCH,UNKNOWN,UNKNOWN,UNKNOWN,UNKNOWN,UNKNOWN
S2990,Qaṣr er-Rawabi,dated_only,with,True,True,False,full,to Stage 2,UNKNOWN,UNKNOWN,UNKNOWN,UNKNOWN,UNKNOWN,UNKNOWN,UNKNOWN
S2990,Qaṣr er-Rawabi,dated_only,without,True,True,False,full,to Stage 2,UNKNOWN,UNKNOWN,UNKNOWN,UNKNOWN,UNKNOWN,UNKNOWN,UNKNOWN
S3001,Kh. Deir es-Sidd,primary,with,True,True,True,full,to Stage 2,UNKNOWN,MATCH,UNKNOWN,UNKNOWN,UNKNOWN,UNKNOWN,UNKNOWN
S3001,Kh. Deir es-Sidd,primary,without,True,True,True,full,to Stage 2,UNKNOWN,MATCH,UNKNOWN,UNKNOWN,UNKNOWN,UNKNOWN,UNKNOWN
S3001,Kh. Deir es-Sidd,C1_0.5km,with,True,True,True,full,to Stage 2,UNKNOWN,MATCH,UNKNOWN,UNKNOWN,UNKNOWN,UNKNOWN,UNKNOWN
S3001,Kh. Deir es-Sidd,C1_0.5km,without,True,True,True,full,to Stage 2,UNKNOWN,MATCH,UNKNOWN,UNKNOWN,UNKNOWN,UNKNOWN,UNKNOWN
S3001,Kh. Deir es-Sidd,C1_2km,with,True,True,True,full,to Stage 2,MATCH,MATCH,UNKNOWN,UNKNOWN,UNKNOWN,UNKNOWN,MATCH
S3001,Kh. Deir es-Sidd,C1_2km,without,True,True,True,full,to Stage 2,MATCH,MATCH,UNKNOWN,UNKNOWN,UNKNOWN,UNKNOWN,MATCH
S3001,Kh. Deir es-Sidd,C2_tomb_shafts,with,True,True,True,full,to Stage 2,UNKNOWN,MATCH,UNKNOWN,UNKNOWN,UNKNOWN,UNKNOWN,UNKNOWN
S3001,Kh. Deir es-Sidd,C2_tomb_shafts,without,True,True,True,full,to Stage 2,UNKNOWN,MATCH,UNKNOWN,UNKNOWN,UNKNOWN,UNKNOWN,UNKNOWN
S3001,Kh. Deir es-Sidd,dated_only,with,True,True,True,full,to Stage 2,UNKNOWN,UNKNOWN,UNKNOWN,UNKNOWN,UNKNOWN,UNKNOWN,UNKNOWN
S3001,Kh. Deir es-Sidd,dated_only,without,True,True,True,full,to Stage 2,UNKNOWN,UNKNOWN,UNKNOWN,UNKNOWN,UNKNOWN,UNKNOWN,UNKNOWN
S3036,Kh. esh-Sheikh 'Antar,primary,with,True,True,False,full,to Stage 2,UNKNOWN,MATCH,MATCH,UNKNOWN,UNKNOWN,UNKNOWN,UNKNOWN
S3036,Kh. esh-Sheikh 'Antar,primary,without,True,True,False,full,to Stage 2,UNKNOWN,MATCH,MATCH,UNKNOWN,UNKNOWN,UNKNOWN,UNKNOWN
S3036,Kh. esh-Sheikh 'Antar,C1_0.5km,with,True,True,False,full,to Stage 2,UNKNOWN,MATCH,MATCH,UNKNOWN,UNKNOWN,UNKNOWN,UNKNOWN
S3036,Kh. esh-Sheikh 'Antar,C1_0.5km,without,True,True,False,full,to Stage 2,UNKNOWN,MATCH,MATCH,UNKNOWN,UNKNOWN,UNKNOWN,UNKNOWN
S3036,Kh. esh-Sheikh 'Antar,C1_2km,with,True,True,False,full,to Stage 2,MATCH,MATCH,MATCH,UNKNOWN,MATCH,UNKNOWN,MATCH
S3036,Kh. esh-Sheikh 'Antar,C1_2km,without,True,True,False,full,to Stage 2,MATCH,MATCH,MATCH,UNKNOWN,MATCH,UNKNOWN,MATCH
S3036,Kh. esh-Sheikh 'Antar,C2_tomb_shafts,with,True,True,False,full,to Stage 2,UNKNOWN,MATCH,MATCH,UNKNOWN,UNKNOWN,UNKNOWN,UNKNOWN
S3036,Kh. esh-Sheikh 'Antar,C2_tomb_shafts,without,True,True,False,full,to Stage 2,UNKNOWN,MATCH,MATCH,UNKNOWN,UNKNOWN,UNKNOWN,UNKNOWN
S3036,Kh. esh-Sheikh 'Antar,dated_only,with,True,True,False,full,to Stage 2,UNKNOWN,UNKNOWN,UNKNOWN,UNKNOWN,UNKNOWN,UNKNOWN,UNKNOWN
S3036,Kh. esh-Sheikh 'Antar,dated_only,without,True,True,False,full,to Stage 2,UNKNOWN,UNKNOWN,UNKNOWN,UNKNOWN,UNKNOWN,UNKNOWN,UNKNOWN
S3049,Qaṣr 'Ali,primary,with,True,True,True,full,to Stage 2,UNKNOWN,MATCH,UNKNOWN,UNKNOWN,UNKNOWN,UNKNOWN,UNKNOWN
S3049,Qaṣr 'Ali,primary,without,True,True,True,full,to Stage 2,UNKNOWN,MATCH,UNKNOWN,UNKNOWN,UNKNOWN,UNKNOWN,UNKNOWN
S3049,Qaṣr 'Ali,C1_0.5km,with,True,True,True,full,to Stage 2,UNKNOWN,MATCH,UNKNOWN,UNKNOWN,UNKNOWN,UNKNOWN,UNKNOWN
S3049,Qaṣr 'Ali,C1_0.5km,without,True,True,True,full,to Stage 2,UNKNOWN,MATCH,UNKNOWN,UNKNOWN,UNKNOWN,UNKNOWN,UNKNOWN
S3049,Qaṣr 'Ali,C1_2km,with,True,True,True,full,to Stage 2,UNKNOWN,MATCH,UNKNOWN,UNKNOWN,UNKNOWN,UNKNOWN,UNKNOWN
S3049,Qaṣr 'Ali,C1_2km,without,True,True,True,full,to Stage 2,UNKNOWN,MATCH,UNKNOWN,UNKNOWN,UNKNOWN,UNKNOWN,UNKNOWN
S3049,Qaṣr 'Ali,C2_tomb_shafts,with,True,True,True,full,to Stage 2,UNKNOWN,MATCH,UNKNOWN,UNKNOWN,UNKNOWN,UNKNOWN,UNKNOWN
S3049,Qaṣr 'Ali,C2_tomb_shafts,without,True,True,True,full,to Stage 2,UNKNOWN,MATCH,UNKNOWN,UNKNOWN,UNKNOWN,UNKNOWN,UNKNOWN
S3049,Qaṣr 'Ali,dated_only,with,True,True,True,full,to Stage 2,UNKNOWN,UNKNOWN,UNKNOWN,UNKNOWN,UNKNOWN,UNKNOWN,UNKNOWN
S3049,Qaṣr 'Ali,dated_only,without,True,True,True,full,to Stage 2,UNKNOWN,UNKNOWN,UNKNOWN,UNKNOWN,UNKNOWN,UNKNOWN,UNKNOWN
S3137,el-Muntar,primary,with,True,True,False,full,to Stage 2,MATCH,MATCH,UNKNOWN,UNKNOWN,UNKNOWN,UNKNOWN,MATCH
S3137,el-Muntar,primary,without,True,True,False,full,to Stage 2,MATCH,MATCH,UNKNOWN,UNKNOWN,UNKNOWN,UNKNOWN,MATCH
S3137,el-Muntar,C1_0.5km,with,True,True,False,full,to Stage 2,UNKNOWN,MATCH,UNKNOWN,UNKNOWN,UNKNOWN,UNKNOWN,UNKNOWN
S3137,el-Muntar,C1_0.5km,without,True,True,False,full,to Stage 2,UNKNOWN,MATCH,UNKNOWN,UNKNOWN,UNKNOWN,UNKNOWN,UNKNOWN
S3137,el-Muntar,C1_2km,with,True,True,False,full,to Stage 2,MATCH,MATCH,UNKNOWN,UNKNOWN,UNKNOWN,UNKNOWN,MATCH
S3137,el-Muntar,C1_2km,without,True,True,False,full,to Stage 2,MATCH,MATCH,UNKNOWN,UNKNOWN,UNKNOWN,UNKNOWN,MATCH
S3137,el-Muntar,C2_tomb_shafts,with,True,True,False,full,to Stage 2,MATCH,MATCH,UNKNOWN,UNKNOWN,UNKNOWN,UNKNOWN,MATCH
S3137,el-Muntar,C2_tomb_shafts,without,True,True,False,full,to Stage 2,MATCH,MATCH,UNKNOWN,UNKNOWN,UNKNOWN,UNKNOWN,MATCH
S3137,el-Muntar,dated_only,with,True,True,False,full,to Stage 2,UNKNOWN,UNKNOWN,UNKNOWN,UNKNOWN,UNKNOWN,UNKNOWN,UNKNOWN
S3137,el-Muntar,dated_only,without,True,True,False,full,to Stage 2,UNKNOWN,UNKNOWN,UNKNOWN,UNKNOWN,UNKNOWN,UNKNOWN,UNKNOWN
S3170,Zanaba,primary,with,True,True,False,full,to Stage 2,UNKNOWN,MATCH,UNKNOWN,UNKNOWN,UNKNOWN,UNKNOWN,UNKNOWN
S3170,Zanaba,primary,without,True,True,False,full,to Stage 2,UNKNOWN,MATCH,UNKNOWN,UNKNOWN,UNKNOWN,UNKNOWN,UNKNOWN
S3170,Zanaba,C1_0.5km,with,True,True,False,full,to Stage 2,UNKNOWN,MATCH,UNKNOWN,UNKNOWN,UNKNOWN,UNKNOWN,UNKNOWN
S3170,Zanaba,C1_0.5km,without,True,True,False,full,to Stage 2,UNKNOWN,MATCH,UNKNOWN,UNKNOWN,UNKNOWN,UNKNOWN,UNKNOWN
S3170,Zanaba,C1_2km,with,True,True,False,full,to Stage 2,MATCH,MATCH,UNKNOWN,UNKNOWN,UNKNOWN,UNKNOWN,MATCH
S3170,Zanaba,C1_2km,without,True,True,False,full,to Stage 2,MATCH,MATCH,UNKNOWN,UNKNOWN,UNKNOWN,UNKNOWN,MATCH
S3170,Zanaba,C2_tomb_shafts,with,True,True,False,full,to Stage 2,UNKNOWN,MATCH,UNKNOWN,UNKNOWN,UNKNOWN,UNKNOWN,UNKNOWN
S3170,Zanaba,C2_tomb_shafts,without,True,True,False,full,to Stage 2,UNKNOWN,MATCH,UNKNOWN,UNKNOWN,UNKNOWN,UNKNOWN,UNKNOWN
S3170,Zanaba,dated_only,with,True,True,False,full,to Stage 2,UNKNOWN,UNKNOWN,UNKNOWN,UNKNOWN,UNKNOWN,UNKNOWN,UNKNOWN
S3170,Zanaba,dated_only,without,True,True,False,full,to Stage 2,UNKNOWN,UNKNOWN,UNKNOWN,UNKNOWN,UNKNOWN,UNKNOWN,UNKNOWN
S3173,-,primary,with,True,True,False,full,not recorded,UNKNOWN,UNKNOWN,UNKNOWN,UNKNOWN,UNKNOWN,UNKNOWN,UNKNOWN
S3173,-,primary,without,True,True,False,full,not recorded,UNKNOWN,UNKNOWN,UNKNOWN,UNKNOWN,UNKNOWN,UNKNOWN,UNKNOWN
S3173,-,C1_0.5km,with,True,True,False,full,not recorded,UNKNOWN,UNKNOWN,UNKNOWN,UNKNOWN,UNKNOWN,UNKNOWN,UNKNOWN
S3173,-,C1_0.5km,without,True,True,False,full,not recorded,UNKNOWN,UNKNOWN,UNKNOWN,UNKNOWN,UNKNOWN,UNKNOWN,UNKNOWN
S3173,-,C1_2km,with,True,True,False,full,not recorded,UNKNOWN,UNKNOWN,UNKNOWN,UNKNOWN,UNKNOWN,UNKNOWN,UNKNOWN
S3173,-,C1_2km,without,True,True,False,full,not recorded,UNKNOWN,UNKNOWN,UNKNOWN,UNKNOWN,UNKNOWN,UNKNOWN,UNKNOWN
S3173,-,C2_tomb_shafts,with,True,True,False,full,not recorded,UNKNOWN,UNKNOWN,UNKNOWN,UNKNOWN,UNKNOWN,UNKNOWN,UNKNOWN
S3173,-,C2_tomb_shafts,without,True,True,False,full,not recorded,UNKNOWN,UNKNOWN,UNKNOWN,UNKNOWN,UNKNOWN,UNKNOWN,UNKNOWN
S3173,-,dated_only,with,True,True,False,full,not recorded,UNKNOWN,UNKNOWN,UNKNOWN,UNKNOWN,UNKNOWN,UNKNOWN,UNKNOWN
S3173,-,dated_only,without,True,True,False,full,not recorded,UNKNOWN,UNKNOWN,UNKNOWN,UNKNOWN,UNKNOWN,UNKNOWN,UNKNOWN
S3241,Dhahr Shumeis,primary,with,True,True,False,full,not recorded,UNKNOWN,UNKNOWN,UNKNOWN,UNKNOWN,UNKNOWN,UNKNOWN,UNKNOWN
S3241,Dhahr Shumeis,primary,without,True,True,False,full,not recorded,UNKNOWN,UNKNOWN,UNKNOWN,UNKNOWN,UNKNOWN,UNKNOWN,UNKNOWN
S3241,Dhahr Shumeis,C1_0.5km,with,True,True,False,full,not recorded,UNKNOWN,UNKNOWN,UNKNOWN,UNKNOWN,UNKNOWN,UNKNOWN,UNKNOWN
S3241,Dhahr Shumeis,C1_0.5km,without,True,True,False,full,not recorded,UNKNOWN,UNKNOWN,UNKNOWN,UNKNOWN,UNKNOWN,UNKNOWN,UNKNOWN
S3241,Dhahr Shumeis,C1_2km,with,True,True,False,full,not recorded,UNKNOWN,UNKNOWN,UNKNOWN,UNKNOWN,UNKNOWN,UNKNOWN,UNKNOWN
S3241,Dhahr Shumeis,C1_2km,without,True,True,False,full,not recorded,UNKNOWN,UNKNOWN,UNKNOWN,UNKNOWN,UNKNOWN,UNKNOWN,UNKNOWN
S3241,Dhahr Shumeis,C2_tomb_shafts,with,True,True,False,full,not recorded,UNKNOWN,UNKNOWN,UNKNOWN,UNKNOWN,UNKNOWN,UNKNOWN,UNKNOWN
S3241,Dhahr Shumeis,C2_tomb_shafts,without,True,True,False,full,not recorded,UNKNOWN,UNKNOWN,UNKNOWN,UNKNOWN,UNKNOWN,UNKNOWN,UNKNOWN
S3241,Dhahr Shumeis,dated_only,with,True,True,False,full,not recorded,UNKNOWN,UNKNOWN,UNKNOWN,UNKNOWN,UNKNOWN,UNKNOWN,UNKNOWN
S3241,Dhahr Shumeis,dated_only,without,True,True,False,full,not recorded,UNKNOWN,UNKNOWN,UNKNOWN,UNKNOWN,UNKNOWN,UNKNOWN,UNKNOWN
S3243,ez-Zu'aiyim,primary,with,True,True,False,full,to Stage 2,UNKNOWN,MATCH,UNKNOWN,UNKNOWN,UNKNOWN,UNKNOWN,UNKNOWN
S3243,ez-Zu'aiyim,primary,without,True,True,False,full,to Stage 2,UNKNOWN,MATCH,UNKNOWN,UNKNOWN,UNKNOWN,UNKNOWN,UNKNOWN
S3243,ez-Zu'aiyim,C1_0.5km,with,True,True,False,full,to Stage 2,UNKNOWN,MATCH,UNKNOWN,UNKNOWN,UNKNOWN,UNKNOWN,UNKNOWN
S3243,ez-Zu'aiyim,C1_0.5km,without,True,True,False,full,to Stage 2,UNKNOWN,MATCH,UNKNOWN,UNKNOWN,UNKNOWN,UNKNOWN,UNKNOWN
S3243,ez-Zu'aiyim,C1_2km,with,True,True,False,full,to Stage 2,UNKNOWN,MATCH,UNKNOWN,UNKNOWN,UNKNOWN,UNKNOWN,UNKNOWN
S3243,ez-Zu'aiyim,C1_2km,without,True,True,False,full,to Stage 2,UNKNOWN,MATCH,UNKNOWN,UNKNOWN,UNKNOWN,UNKNOWN,UNKNOWN
S3243,ez-Zu'aiyim,C2_tomb_shafts,with,True,True,False,full,to Stage 2,UNKNOWN,MATCH,UNKNOWN,UNKNOWN,UNKNOWN,UNKNOWN,UNKNOWN
S3243,ez-Zu'aiyim,C2_tomb_shafts,without,True,True,False,full,to Stage 2,UNKNOWN,MATCH,UNKNOWN,UNKNOWN,UNKNOWN,UNKNOWN,UNKNOWN
S3243,ez-Zu'aiyim,dated_only,with,True,True,False,full,to Stage 2,UNKNOWN,UNKNOWN,UNKNOWN,UNKNOWN,UNKNOWN,UNKNOWN,UNKNOWN
S3243,ez-Zu'aiyim,dated_only,without,True,True,False,full,to Stage 2,UNKNOWN,UNKNOWN,UNKNOWN,UNKNOWN,UNKNOWN,UNKNOWN,UNKNOWN
S3321,Mashru' el-'Eizariya,primary,with,True,True,False,full,to Stage 2,UNKNOWN,MATCH,UNKNOWN,UNKNOWN,UNKNOWN,UNKNOWN,UNKNOWN
S3321,Mashru' el-'Eizariya,primary,without,True,True,False,full,to Stage 2,UNKNOWN,MATCH,UNKNOWN,UNKNOWN,UNKNOWN,UNKNOWN,UNKNOWN
S3321,Mashru' el-'Eizariya,C1_0.5km,with,True,True,False,full,to Stage 2,UNKNOWN,MATCH,UNKNOWN,UNKNOWN,UNKNOWN,UNKNOWN,UNKNOWN
S3321,Mashru' el-'Eizariya,C1_0.5km,without,True,True,False,full,to Stage 2,UNKNOWN,MATCH,UNKNOWN,UNKNOWN,UNKNOWN,UNKNOWN,UNKNOWN
S3321,Mashru' el-'Eizariya,C1_2km,with,True,True,False,full,to Stage 2,UNKNOWN,MATCH,UNKNOWN,UNKNOWN,UNKNOWN,UNKNOWN,UNKNOWN
S3321,Mashru' el-'Eizariya,C1_2km,without,True,True,False,full,to Stage 2,UNKNOWN,MATCH,UNKNOWN,UNKNOWN,UNKNOWN,UNKNOWN,UNKNOWN
S3321,Mashru' el-'Eizariya,C2_tomb_shafts,with,True,True,False,full,to Stage 2,UNKNOWN,MATCH,UNKNOWN,UNKNOWN,UNKNOWN,UNKNOWN,UNKNOWN
S3321,Mashru' el-'Eizariya,C2_tomb_shafts,without,True,True,False,full,to Stage 2,UNKNOWN,MATCH,UNKNOWN,UNKNOWN,UNKNOWN,UNKNOWN,UNKNOWN
S3321,Mashru' el-'Eizariya,dated_only,with,True,True,False,full,to Stage 2,UNKNOWN,UNKNOWN,UNKNOWN,UNKNOWN,UNKNOWN,UNKNOWN,UNKNOWN
S3321,Mashru' el-'Eizariya,dated_only,without,True,True,False,full,to Stage 2,UNKNOWN,UNKNOWN,UNKNOWN,UNKNOWN,UNKNOWN,UNKNOWN,UNKNOWN
S3419,Ras el-'Eizariya,primary,with,True,True,True,full,to Stage 2,UNKNOWN,MATCH,MATCH,UNKNOWN,UNKNOWN,UNKNOWN,UNKNOWN
S3419,Ras el-'Eizariya,primary,without,True,True,True,full,to Stage 2,UNKNOWN,MATCH,MATCH,UNKNOWN,UNKNOWN,UNKNOWN,UNKNOWN
S3419,Ras el-'Eizariya,C1_0.5km,with,True,True,True,full,to Stage 2,UNKNOWN,MATCH,MATCH,UNKNOWN,UNKNOWN,UNKNOWN,UNKNOWN
S3419,Ras el-'Eizariya,C1_0.5km,without,True,True,True,full,to Stage 2,UNKNOWN,MATCH,MATCH,UNKNOWN,UNKNOWN,UNKNOWN,UNKNOWN
S3419,Ras el-'Eizariya,C1_2km,with,True,True,True,full,to Stage 2,UNKNOWN,MATCH,MATCH,UNKNOWN,UNKNOWN,UNKNOWN,UNKNOWN
S3419,Ras el-'Eizariya,C1_2km,without,True,True,True,full,to Stage 2,UNKNOWN,MATCH,MATCH,UNKNOWN,UNKNOWN,UNKNOWN,UNKNOWN
S3419,Ras el-'Eizariya,C2_tomb_shafts,with,True,True,True,full,to Stage 2,UNKNOWN,MATCH,MATCH,UNKNOWN,UNKNOWN,UNKNOWN,UNKNOWN
S3419,Ras el-'Eizariya,C2_tomb_shafts,without,True,True,True,full,to Stage 2,UNKNOWN,MATCH,MATCH,UNKNOWN,UNKNOWN,UNKNOWN,UNKNOWN
S3419,Ras el-'Eizariya,dated_only,with,True,True,True,full,to Stage 2,UNKNOWN,UNKNOWN,UNKNOWN,UNKNOWN,UNKNOWN,UNKNOWN,UNKNOWN
S3419,Ras el-'Eizariya,dated_only,without,True,True,True,full,to Stage 2,UNKNOWN,UNKNOWN,UNKNOWN,UNKNOWN,UNKNOWN,UNKNOWN,UNKNOWN
S3520,-,primary,with,True,True,False,full,to Stage 2,UNKNOWN,MATCH,UNKNOWN,UNKNOWN,UNKNOWN,UNKNOWN,UNKNOWN
S3520,-,primary,without,True,True,False,full,to Stage 2,UNKNOWN,MATCH,UNKNOWN,UNKNOWN,UNKNOWN,UNKNOWN,UNKNOWN
S3520,-,C1_0.5km,with,True,True,False,full,to Stage 2,UNKNOWN,MATCH,UNKNOWN,UNKNOWN,UNKNOWN,UNKNOWN,UNKNOWN
S3520,-,C1_0.5km,without,True,True,False,full,to Stage 2,UNKNOWN,MATCH,UNKNOWN,UNKNOWN,UNKNOWN,UNKNOWN,UNKNOWN
S3520,-,C1_2km,with,True,True,False,full,to Stage 2,UNKNOWN,MATCH,UNKNOWN,UNKNOWN,UNKNOWN,UNKNOWN,UNKNOWN
S3520,-,C1_2km,without,True,True,False,full,to Stage 2,UNKNOWN,MATCH,UNKNOWN,UNKNOWN,UNKNOWN,UNKNOWN,UNKNOWN
S3520,-,C2_tomb_shafts,with,True,True,False,full,to Stage 2,UNKNOWN,MATCH,UNKNOWN,UNKNOWN,UNKNOWN,UNKNOWN,UNKNOWN
S3520,-,C2_tomb_shafts,without,True,True,False,full,to Stage 2,UNKNOWN,MATCH,UNKNOWN,UNKNOWN,UNKNOWN,UNKNOWN,UNKNOWN
S3520,-,dated_only,with,True,True,False,full,to Stage 2,UNKNOWN,MATCH,UNKNOWN,UNKNOWN,UNKNOWN,UNKNOWN,UNKNOWN
S3520,-,dated_only,without,True,True,False,full,to Stage 2,UNKNOWN,MATCH,UNKNOWN,UNKNOWN,UNKNOWN,UNKNOWN,UNKNOWN
S3551,Kh. Abu Sa'ad,primary,with,True,True,False,full,not recorded,UNKNOWN,UNKNOWN,UNKNOWN,UNKNOWN,UNKNOWN,UNKNOWN,UNKNOWN
S3551,Kh. Abu Sa'ad,primary,without,True,True,False,full,not recorded,UNKNOWN,UNKNOWN,UNKNOWN,UNKNOWN,UNKNOWN,UNKNOWN,UNKNOWN
S3551,Kh. Abu Sa'ad,C1_0.5km,with,True,True,False,full,not recorded,UNKNOWN,UNKNOWN,UNKNOWN,UNKNOWN,UNKNOWN,UNKNOWN,UNKNOWN
S3551,Kh. Abu Sa'ad,C1_0.5km,without,True,True,False,full,not recorded,UNKNOWN,UNKNOWN,UNKNOWN,UNKNOWN,UNKNOWN,UNKNOWN,UNKNOWN
S3551,Kh. Abu Sa'ad,C1_2km,with,True,True,False,full,not recorded,UNKNOWN,UNKNOWN,UNKNOWN,UNKNOWN,UNKNOWN,UNKNOWN,UNKNOWN
S3551,Kh. Abu Sa'ad,C1_2km,without,True,True,False,full,not recorded,UNKNOWN,UNKNOWN,UNKNOWN,UNKNOWN,UNKNOWN,UNKNOWN,UNKNOWN
S3551,Kh. Abu Sa'ad,C2_tomb_shafts,with,True,True,False,full,not recorded,UNKNOWN,UNKNOWN,UNKNOWN,UNKNOWN,UNKNOWN,UNKNOWN,UNKNOWN
S3551,Kh. Abu Sa'ad,C2_tomb_shafts,without,True,True,False,full,not recorded,UNKNOWN,UNKNOWN,UNKNOWN,UNKNOWN,UNKNOWN,UNKNOWN,UNKNOWN
S3551,Kh. Abu Sa'ad,dated_only,with,True,True,False,full,not recorded,UNKNOWN,UNKNOWN,UNKNOWN,UNKNOWN,UNKNOWN,UNKNOWN,UNKNOWN
S3551,Kh. Abu Sa'ad,dated_only,without,True,True,False,full,not recorded,UNKNOWN,UNKNOWN,UNKNOWN,UNKNOWN,UNKNOWN,UNKNOWN,UNKNOWN
S3563,Kh. Abu Ṣuwwana,primary,with,True,True,True,full,not recorded,UNKNOWN,UNKNOWN,UNKNOWN,UNKNOWN,UNKNOWN,UNKNOWN,UNKNOWN
S3563,Kh. Abu Ṣuwwana,primary,without,True,True,True,full,not recorded,UNKNOWN,UNKNOWN,UNKNOWN,UNKNOWN,UNKNOWN,UNKNOWN,UNKNOWN
S3563,Kh. Abu Ṣuwwana,C1_0.5km,with,True,True,True,full,not recorded,UNKNOWN,UNKNOWN,UNKNOWN,UNKNOWN,UNKNOWN,UNKNOWN,UNKNOWN
S3563,Kh. Abu Ṣuwwana,C1_0.5km,without,True,True,True,full,not recorded,UNKNOWN,UNKNOWN,UNKNOWN,UNKNOWN,UNKNOWN,UNKNOWN,UNKNOWN
S3563,Kh. Abu Ṣuwwana,C1_2km,with,True,True,True,full,not recorded,UNKNOWN,UNKNOWN,UNKNOWN,UNKNOWN,UNKNOWN,UNKNOWN,UNKNOWN
S3563,Kh. Abu Ṣuwwana,C1_2km,without,True,True,True,full,not recorded,UNKNOWN,UNKNOWN,UNKNOWN,UNKNOWN,UNKNOWN,UNKNOWN,UNKNOWN
S3563,Kh. Abu Ṣuwwana,C2_tomb_shafts,with,True,True,True,full,not recorded,UNKNOWN,UNKNOWN,UNKNOWN,UNKNOWN,UNKNOWN,UNKNOWN,UNKNOWN
S3563,Kh. Abu Ṣuwwana,C2_tomb_shafts,without,True,True,True,full,not recorded,UNKNOWN,UNKNOWN,UNKNOWN,UNKNOWN,UNKNOWN,UNKNOWN,UNKNOWN
S3563,Kh. Abu Ṣuwwana,dated_only,with,True,True,True,full,not recorded,UNKNOWN,UNKNOWN,UNKNOWN,UNKNOWN,UNKNOWN,UNKNOWN,UNKNOWN
S3563,Kh. Abu Ṣuwwana,dated_only,without,True,True,True,full,not recorded,UNKNOWN,UNKNOWN,UNKNOWN,UNKNOWN,UNKNOWN,UNKNOWN,UNKNOWN
S3609,Abu Dis,primary,with,True,True,False,full,to Stage 2,UNKNOWN,MATCH,UNKNOWN,UNKNOWN,UNKNOWN,UNKNOWN,UNKNOWN
S3609,Abu Dis,primary,without,True,True,False,full,to Stage 2,UNKNOWN,MATCH,UNKNOWN,UNKNOWN,UNKNOWN,UNKNOWN,UNKNOWN
S3609,Abu Dis,C1_0.5km,with,True,True,False,full,to Stage 2,UNKNOWN,MATCH,UNKNOWN,UNKNOWN,UNKNOWN,UNKNOWN,UNKNOWN
S3609,Abu Dis,C1_0.5km,without,True,True,False,full,to Stage 2,UNKNOWN,MATCH,UNKNOWN,UNKNOWN,UNKNOWN,UNKNOWN,UNKNOWN
S3609,Abu Dis,C1_2km,with,True,True,False,full,to Stage 2,UNKNOWN,MATCH,UNKNOWN,UNKNOWN,UNKNOWN,UNKNOWN,UNKNOWN
S3609,Abu Dis,C1_2km,without,True,True,False,full,to Stage 2,UNKNOWN,MATCH,UNKNOWN,UNKNOWN,UNKNOWN,UNKNOWN,UNKNOWN
S3609,Abu Dis,C2_tomb_shafts,with,True,True,False,full,to Stage 2,UNKNOWN,MATCH,UNKNOWN,UNKNOWN,UNKNOWN,UNKNOWN,UNKNOWN
S3609,Abu Dis,C2_tomb_shafts,without,True,True,False,full,to Stage 2,UNKNOWN,MATCH,UNKNOWN,UNKNOWN,UNKNOWN,UNKNOWN,UNKNOWN
S3609,Abu Dis,dated_only,with,True,True,False,full,to Stage 2,UNKNOWN,UNKNOWN,UNKNOWN,UNKNOWN,UNKNOWN,UNKNOWN,UNKNOWN
S3609,Abu Dis,dated_only,without,True,True,False,full,to Stage 2,UNKNOWN,UNKNOWN,UNKNOWN,UNKNOWN,UNKNOWN,UNKNOWN,UNKNOWN
S3875,Kh. Abu Ṭabaq,primary,with,True,True,False,partial,to Stage 2,UNKNOWN,UNKNOWN,UNKNOWN,UNKNOWN,UNKNOWN,UNKNOWN,UNKNOWN
S3875,Kh. Abu Ṭabaq,primary,without,True,True,False,partial,to Stage 2,UNKNOWN,UNKNOWN,UNKNOWN,UNKNOWN,UNKNOWN,UNKNOWN,UNKNOWN
S3875,Kh. Abu Ṭabaq,C1_0.5km,with,True,True,False,partial,to Stage 2,UNKNOWN,UNKNOWN,UNKNOWN,UNKNOWN,UNKNOWN,UNKNOWN,UNKNOWN
S3875,Kh. Abu Ṭabaq,C1_0.5km,without,True,True,False,partial,to Stage 2,UNKNOWN,UNKNOWN,UNKNOWN,UNKNOWN,UNKNOWN,UNKNOWN,UNKNOWN
S3875,Kh. Abu Ṭabaq,C1_2km,with,True,True,False,partial,to Stage 2,UNKNOWN,UNKNOWN,UNKNOWN,UNKNOWN,UNKNOWN,UNKNOWN,UNKNOWN
S3875,Kh. Abu Ṭabaq,C1_2km,without,True,True,False,partial,to Stage 2,UNKNOWN,UNKNOWN,UNKNOWN,UNKNOWN,UNKNOWN,UNKNOWN,UNKNOWN
S3875,Kh. Abu Ṭabaq,C2_tomb_shafts,with,True,True,False,partial,to Stage 2,UNKNOWN,UNKNOWN,UNKNOWN,UNKNOWN,UNKNOWN,UNKNOWN,UNKNOWN
S3875,Kh. Abu Ṭabaq,C2_tomb_shafts,without,True,True,False,partial,to Stage 2,UNKNOWN,UNKNOWN,UNKNOWN,UNKNOWN,UNKNOWN,UNKNOWN,UNKNOWN
S3875,Kh. Abu Ṭabaq,dated_only,with,True,True,False,partial,to Stage 2,UNKNOWN,UNKNOWN,UNKNOWN,UNKNOWN,UNKNOWN,UNKNOWN,UNKNOWN
S3875,Kh. Abu Ṭabaq,dated_only,without,True,True,False,partial,to Stage 2,UNKNOWN,UNKNOWN,UNKNOWN,UNKNOWN,UNKNOWN,UNKNOWN,UNKNOWN
S3881,Kh. Abu Ṭabaq,primary,with,True,True,False,partial,to Stage 2,UNKNOWN,UNKNOWN,UNKNOWN,UNKNOWN,UNKNOWN,UNKNOWN,UNKNOWN
S3881,Kh. Abu Ṭabaq,primary,without,True,True,False,partial,to Stage 2,UNKNOWN,UNKNOWN,UNKNOWN,UNKNOWN,UNKNOWN,UNKNOWN,UNKNOWN
S3881,Kh. Abu Ṭabaq,C1_0.5km,with,True,True,False,partial,to Stage 2,UNKNOWN,UNKNOWN,UNKNOWN,UNKNOWN,UNKNOWN,UNKNOWN,UNKNOWN
S3881,Kh. Abu Ṭabaq,C1_0.5km,without,True,True,False,partial,to Stage 2,UNKNOWN,UNKNOWN,UNKNOWN,UNKNOWN,UNKNOWN,UNKNOWN,UNKNOWN
S3881,Kh. Abu Ṭabaq,C1_2km,with,True,True,False,partial,to Stage 2,UNKNOWN,UNKNOWN,UNKNOWN,UNKNOWN,UNKNOWN,UNKNOWN,UNKNOWN
S3881,Kh. Abu Ṭabaq,C1_2km,without,True,True,False,partial,to Stage 2,UNKNOWN,UNKNOWN,UNKNOWN,UNKNOWN,UNKNOWN,UNKNOWN,UNKNOWN
S3881,Kh. Abu Ṭabaq,C2_tomb_shafts,with,True,True,False,partial,to Stage 2,UNKNOWN,UNKNOWN,UNKNOWN,UNKNOWN,UNKNOWN,UNKNOWN,UNKNOWN
S3881,Kh. Abu Ṭabaq,C2_tomb_shafts,without,True,True,False,partial,to Stage 2,UNKNOWN,UNKNOWN,UNKNOWN,UNKNOWN,UNKNOWN,UNKNOWN,UNKNOWN
S3881,Kh. Abu Ṭabaq,dated_only,with,True,True,False,partial,to Stage 2,UNKNOWN,UNKNOWN,UNKNOWN,UNKNOWN,UNKNOWN,UNKNOWN,UNKNOWN
S3881,Kh. Abu Ṭabaq,dated_only,without,True,True,False,partial,to Stage 2,UNKNOWN,UNKNOWN,UNKNOWN,UNKNOWN,UNKNOWN,UNKNOWN,UNKNOWN
E754,Kh. Qumran,primary,with,True,True,True,none,to Stage 2,UNKNOWN,MATCH,UNKNOWN,UNKNOWN,UNKNOWN,UNKNOWN,UNKNOWN
E754,Kh. Qumran,primary,without,True,True,True,none,to Stage 2,UNKNOWN,MATCH,UNKNOWN,UNKNOWN,UNKNOWN,UNKNOWN,UNKNOWN
E754,Kh. Qumran,C1_0.5km,with,True,True,True,none,to Stage 2,UNKNOWN,MATCH,UNKNOWN,UNKNOWN,UNKNOWN,UNKNOWN,UNKNOWN
E754,Kh. Qumran,C1_0.5km,without,True,True,True,none,to Stage 2,UNKNOWN,MATCH,UNKNOWN,UNKNOWN,UNKNOWN,UNKNOWN,UNKNOWN
E754,Kh. Qumran,C1_2km,with,True,True,True,none,to Stage 2,UNKNOWN,MATCH,UNKNOWN,UNKNOWN,UNKNOWN,UNKNOWN,UNKNOWN
E754,Kh. Qumran,C1_2km,without,True,True,True,none,to Stage 2,UNKNOWN,MATCH,UNKNOWN,UNKNOWN,UNKNOWN,UNKNOWN,UNKNOWN
E754,Kh. Qumran,C2_tomb_shafts,with,True,True,True,none,to Stage 2,UNKNOWN,MATCH,UNKNOWN,UNKNOWN,UNKNOWN,UNKNOWN,UNKNOWN
E754,Kh. Qumran,C2_tomb_shafts,without,True,True,True,none,to Stage 2,UNKNOWN,MATCH,UNKNOWN,UNKNOWN,UNKNOWN,UNKNOWN,UNKNOWN
E754,Kh. Qumran,dated_only,with,True,True,True,none,to Stage 2,UNKNOWN,MATCH,UNKNOWN,UNKNOWN,UNKNOWN,UNKNOWN,UNKNOWN
E754,Kh. Qumran,dated_only,without,True,True,True,none,to Stage 2,UNKNOWN,MATCH,UNKNOWN,UNKNOWN,UNKNOWN,UNKNOWN,UNKNOWN
S3896,Kh. Abu Ṭabaq,primary,with,True,True,False,partial,to Stage 2,UNKNOWN,UNKNOWN,UNKNOWN,UNKNOWN,UNKNOWN,UNKNOWN,UNKNOWN
S3896,Kh. Abu Ṭabaq,primary,without,True,True,False,partial,to Stage 2,UNKNOWN,UNKNOWN,UNKNOWN,UNKNOWN,UNKNOWN,UNKNOWN,UNKNOWN
S3896,Kh. Abu Ṭabaq,C1_0.5km,with,True,True,False,partial,to Stage 2,UNKNOWN,UNKNOWN,UNKNOWN,UNKNOWN,UNKNOWN,UNKNOWN,UNKNOWN
S3896,Kh. Abu Ṭabaq,C1_0.5km,without,True,True,False,partial,to Stage 2,UNKNOWN,UNKNOWN,UNKNOWN,UNKNOWN,UNKNOWN,UNKNOWN,UNKNOWN
S3896,Kh. Abu Ṭabaq,C1_2km,with,True,True,False,partial,to Stage 2,UNKNOWN,UNKNOWN,UNKNOWN,UNKNOWN,UNKNOWN,UNKNOWN,UNKNOWN
S3896,Kh. Abu Ṭabaq,C1_2km,without,True,True,False,partial,to Stage 2,UNKNOWN,UNKNOWN,UNKNOWN,UNKNOWN,UNKNOWN,UNKNOWN,UNKNOWN
S3896,Kh. Abu Ṭabaq,C2_tomb_shafts,with,True,True,False,partial,to Stage 2,UNKNOWN,UNKNOWN,UNKNOWN,UNKNOWN,UNKNOWN,UNKNOWN,UNKNOWN
S3896,Kh. Abu Ṭabaq,C2_tomb_shafts,without,True,True,False,partial,to Stage 2,UNKNOWN,UNKNOWN,UNKNOWN,UNKNOWN,UNKNOWN,UNKNOWN,UNKNOWN
S3896,Kh. Abu Ṭabaq,dated_only,with,True,True,False,partial,to Stage 2,UNKNOWN,UNKNOWN,UNKNOWN,UNKNOWN,UNKNOWN,UNKNOWN,UNKNOWN
S3896,Kh. Abu Ṭabaq,dated_only,without,True,True,False,partial,to Stage 2,UNKNOWN,UNKNOWN,UNKNOWN,UNKNOWN,UNKNOWN,UNKNOWN,UNKNOWN
S3897,Kh. Abu Ṭabaq,primary,with,True,True,False,partial,to Stage 2,UNKNOWN,UNKNOWN,UNKNOWN,UNKNOWN,UNKNOWN,UNKNOWN,UNKNOWN
S3897,Kh. Abu Ṭabaq,primary,without,True,True,False,partial,to Stage 2,UNKNOWN,UNKNOWN,UNKNOWN,UNKNOWN,UNKNOWN,UNKNOWN,UNKNOWN
S3897,Kh. Abu Ṭabaq,C1_0.5km,with,True,True,False,partial,to Stage 2,UNKNOWN,UNKNOWN,UNKNOWN,UNKNOWN,UNKNOWN,UNKNOWN,UNKNOWN
S3897,Kh. Abu Ṭabaq,C1_0.5km,without,True,True,False,partial,to Stage 2,UNKNOWN,UNKNOWN,UNKNOWN,UNKNOWN,UNKNOWN,UNKNOWN,UNKNOWN
S3897,Kh. Abu Ṭabaq,C1_2km,with,True,True,False,partial,to Stage 2,UNKNOWN,UNKNOWN,UNKNOWN,UNKNOWN,UNKNOWN,UNKNOWN,UNKNOWN
S3897,Kh. Abu Ṭabaq,C1_2km,without,True,True,False,partial,to Stage 2,UNKNOWN,UNKNOWN,UNKNOWN,UNKNOWN,UNKNOWN,UNKNOWN,UNKNOWN
S3897,Kh. Abu Ṭabaq,C2_tomb_shafts,with,True,True,False,partial,to Stage 2,UNKNOWN,UNKNOWN,UNKNOWN,UNKNOWN,UNKNOWN,UNKNOWN,UNKNOWN
S3897,Kh. Abu Ṭabaq,C2_tomb_shafts,without,True,True,False,partial,to Stage 2,UNKNOWN,UNKNOWN,UNKNOWN,UNKNOWN,UNKNOWN,UNKNOWN,UNKNOWN
S3897,Kh. Abu Ṭabaq,dated_only,with,True,True,False,partial,to Stage 2,UNKNOWN,UNKNOWN,UNKNOWN,UNKNOWN,UNKNOWN,UNKNOWN,UNKNOWN
S3897,Kh. Abu Ṭabaq,dated_only,without,True,True,False,partial,to Stage 2,UNKNOWN,UNKNOWN,UNKNOWN,UNKNOWN,UNKNOWN,UNKNOWN,UNKNOWN
S3961,-,primary,with,True,True,False,partial,to Stage 2,UNKNOWN,MATCH,MATCH,UNKNOWN,UNKNOWN,UNKNOWN,UNKNOWN
S3961,-,primary,without,True,True,False,partial,to Stage 2,UNKNOWN,MATCH,MATCH,UNKNOWN,UNKNOWN,UNKNOWN,UNKNOWN
S3961,-,C1_0.5km,with,True,True,False,partial,to Stage 2,UNKNOWN,MATCH,MATCH,UNKNOWN,UNKNOWN,UNKNOWN,UNKNOWN
S3961,-,C1_0.5km,without,True,True,False,partial,to Stage 2,UNKNOWN,MATCH,MATCH,UNKNOWN,UNKNOWN,UNKNOWN,UNKNOWN
S3961,-,C1_2km,with,True,True,False,partial,to Stage 2,UNKNOWN,MATCH,MATCH,UNKNOWN,UNKNOWN,UNKNOWN,UNKNOWN
S3961,-,C1_2km,without,True,True,False,partial,to Stage 2,UNKNOWN,MATCH,MATCH,UNKNOWN,UNKNOWN,UNKNOWN,UNKNOWN
S3961,-,C2_tomb_shafts,with,True,True,False,partial,to Stage 2,UNKNOWN,MATCH,MATCH,UNKNOWN,UNKNOWN,UNKNOWN,UNKNOWN
S3961,-,C2_tomb_shafts,without,True,True,False,partial,to Stage 2,UNKNOWN,MATCH,MATCH,UNKNOWN,UNKNOWN,UNKNOWN,UNKNOWN
S3961,-,dated_only,with,True,True,False,partial,to Stage 2,UNKNOWN,MATCH,MATCH,UNKNOWN,UNKNOWN,UNKNOWN,UNKNOWN
S3961,-,dated_only,without,True,True,False,partial,to Stage 2,UNKNOWN,MATCH,MATCH,UNKNOWN,UNKNOWN,UNKNOWN,UNKNOWN
S4109,Hyrcania,primary,with,True,True,True,partial,to Stage 2,UNKNOWN,MATCH,UNKNOWN,UNKNOWN,UNKNOWN,UNKNOWN,UNKNOWN
S4109,Hyrcania,primary,without,True,True,True,partial,to Stage 2,UNKNOWN,MATCH,UNKNOWN,UNKNOWN,UNKNOWN,UNKNOWN,UNKNOWN
S4109,Hyrcania,C1_0.5km,with,True,True,True,partial,to Stage 2,UNKNOWN,MATCH,UNKNOWN,UNKNOWN,UNKNOWN,UNKNOWN,UNKNOWN
S4109,Hyrcania,C1_0.5km,without,True,True,True,partial,to Stage 2,UNKNOWN,MATCH,UNKNOWN,UNKNOWN,UNKNOWN,UNKNOWN,UNKNOWN
S4109,Hyrcania,C1_2km,with,True,True,True,partial,to Stage 2,UNKNOWN,MATCH,UNKNOWN,UNKNOWN,UNKNOWN,UNKNOWN,UNKNOWN
S4109,Hyrcania,C1_2km,without,True,True,True,partial,to Stage 2,UNKNOWN,MATCH,UNKNOWN,UNKNOWN,UNKNOWN,UNKNOWN,UNKNOWN
S4109,Hyrcania,C2_tomb_shafts,with,True,True,True,partial,to Stage 2,UNKNOWN,MATCH,UNKNOWN,UNKNOWN,UNKNOWN,UNKNOWN,UNKNOWN
S4109,Hyrcania,C2_tomb_shafts,without,True,True,True,partial,to Stage 2,UNKNOWN,MATCH,UNKNOWN,UNKNOWN,UNKNOWN,UNKNOWN,UNKNOWN
S4109,Hyrcania,dated_only,with,True,True,True,partial,to Stage 2,UNKNOWN,MATCH,UNKNOWN,UNKNOWN,UNKNOWN,UNKNOWN,UNKNOWN
S4109,Hyrcania,dated_only,without,True,True,True,partial,to Stage 2,UNKNOWN,MATCH,UNKNOWN,UNKNOWN,UNKNOWN,UNKNOWN,UNKNOWN
S4115,Kurm El 'Ajaz,primary,with,True,True,False,partial,to Stage 2,UNKNOWN,UNKNOWN,UNKNOWN,UNKNOWN,UNKNOWN,UNKNOWN,UNKNOWN
S4115,Kurm El 'Ajaz,primary,without,True,True,False,partial,to Stage 2,UNKNOWN,UNKNOWN,UNKNOWN,UNKNOWN,UNKNOWN,UNKNOWN,UNKNOWN
S4115,Kurm El 'Ajaz,C1_0.5km,with,True,True,False,partial,to Stage 2,UNKNOWN,UNKNOWN,UNKNOWN,UNKNOWN,UNKNOWN,UNKNOWN,UNKNOWN
S4115,Kurm El 'Ajaz,C1_0.5km,without,True,True,False,partial,to Stage 2,UNKNOWN,UNKNOWN,UNKNOWN,UNKNOWN,UNKNOWN,UNKNOWN,UNKNOWN
S4115,Kurm El 'Ajaz,C1_2km,with,True,True,False,partial,to Stage 2,UNKNOWN,UNKNOWN,UNKNOWN,UNKNOWN,UNKNOWN,UNKNOWN,UNKNOWN
S4115,Kurm El 'Ajaz,C1_2km,without,True,True,False,partial,to Stage 2,UNKNOWN,UNKNOWN,UNKNOWN,UNKNOWN,UNKNOWN,UNKNOWN,UNKNOWN
S4115,Kurm El 'Ajaz,C2_tomb_shafts,with,True,True,False,partial,to Stage 2,UNKNOWN,UNKNOWN,UNKNOWN,UNKNOWN,UNKNOWN,UNKNOWN,UNKNOWN
S4115,Kurm El 'Ajaz,C2_tomb_shafts,without,True,True,False,partial,to Stage 2,UNKNOWN,UNKNOWN,UNKNOWN,UNKNOWN,UNKNOWN,UNKNOWN,UNKNOWN
S4115,Kurm El 'Ajaz,dated_only,with,True,True,False,partial,to Stage 2,UNKNOWN,UNKNOWN,UNKNOWN,UNKNOWN,UNKNOWN,UNKNOWN,UNKNOWN
S4115,Kurm El 'Ajaz,dated_only,without,True,True,False,partial,to Stage 2,UNKNOWN,UNKNOWN,UNKNOWN,UNKNOWN,UNKNOWN,UNKNOWN,UNKNOWN
S4167,Kh. el Makari,primary,with,True,True,False,partial,to Stage 2,UNKNOWN,UNKNOWN,UNKNOWN,UNKNOWN,UNKNOWN,UNKNOWN,UNKNOWN
S4167,Kh. el Makari,primary,without,True,True,False,partial,to Stage 2,UNKNOWN,UNKNOWN,UNKNOWN,UNKNOWN,UNKNOWN,UNKNOWN,UNKNOWN
S4167,Kh. el Makari,C1_0.5km,with,True,True,False,partial,to Stage 2,UNKNOWN,UNKNOWN,UNKNOWN,UNKNOWN,UNKNOWN,UNKNOWN,UNKNOWN
S4167,Kh. el Makari,C1_0.5km,without,True,True,False,partial,to Stage 2,UNKNOWN,UNKNOWN,UNKNOWN,UNKNOWN,UNKNOWN,UNKNOWN,UNKNOWN
S4167,Kh. el Makari,C1_2km,with,True,True,False,partial,to Stage 2,UNKNOWN,UNKNOWN,UNKNOWN,UNKNOWN,UNKNOWN,UNKNOWN,UNKNOWN
S4167,Kh. el Makari,C1_2km,without,True,True,False,partial,to Stage 2,UNKNOWN,UNKNOWN,UNKNOWN,UNKNOWN,UNKNOWN,UNKNOWN,UNKNOWN
S4167,Kh. el Makari,C2_tomb_shafts,with,True,True,False,partial,to Stage 2,UNKNOWN,UNKNOWN,UNKNOWN,UNKNOWN,UNKNOWN,UNKNOWN,UNKNOWN
S4167,Kh. el Makari,C2_tomb_shafts,without,True,True,False,partial,to Stage 2,UNKNOWN,UNKNOWN,UNKNOWN,UNKNOWN,UNKNOWN,UNKNOWN,UNKNOWN
S4167,Kh. el Makari,dated_only,with,True,True,False,partial,to Stage 2,UNKNOWN,UNKNOWN,UNKNOWN,UNKNOWN,UNKNOWN,UNKNOWN,UNKNOWN
S4167,Kh. el Makari,dated_only,without,True,True,False,partial,to Stage 2,UNKNOWN,UNKNOWN,UNKNOWN,UNKNOWN,UNKNOWN,UNKNOWN,UNKNOWN
S4183,Naḥal Qidron,primary,with,True,True,False,partial,to Stage 2,UNKNOWN,UNKNOWN,UNKNOWN,UNKNOWN,UNKNOWN,UNKNOWN,UNKNOWN
S4183,Naḥal Qidron,primary,without,True,True,False,partial,to Stage 2,UNKNOWN,UNKNOWN,UNKNOWN,UNKNOWN,UNKNOWN,UNKNOWN,UNKNOWN
S4183,Naḥal Qidron,C1_0.5km,with,True,True,False,partial,to Stage 2,UNKNOWN,UNKNOWN,UNKNOWN,UNKNOWN,UNKNOWN,UNKNOWN,UNKNOWN
S4183,Naḥal Qidron,C1_0.5km,without,True,True,False,partial,to Stage 2,UNKNOWN,UNKNOWN,UNKNOWN,UNKNOWN,UNKNOWN,UNKNOWN,UNKNOWN
S4183,Naḥal Qidron,C1_2km,with,True,True,False,partial,to Stage 2,UNKNOWN,UNKNOWN,UNKNOWN,UNKNOWN,UNKNOWN,UNKNOWN,UNKNOWN
S4183,Naḥal Qidron,C1_2km,without,True,True,False,partial,to Stage 2,UNKNOWN,UNKNOWN,UNKNOWN,UNKNOWN,UNKNOWN,UNKNOWN,UNKNOWN
S4183,Naḥal Qidron,C2_tomb_shafts,with,True,True,False,partial,to Stage 2,UNKNOWN,UNKNOWN,UNKNOWN,UNKNOWN,UNKNOWN,UNKNOWN,UNKNOWN
S4183,Naḥal Qidron,C2_tomb_shafts,without,True,True,False,partial,to Stage 2,UNKNOWN,UNKNOWN,UNKNOWN,UNKNOWN,UNKNOWN,UNKNOWN,UNKNOWN
S4183,Naḥal Qidron,dated_only,with,True,True,False,partial,to Stage 2,UNKNOWN,UNKNOWN,UNKNOWN,UNKNOWN,UNKNOWN,UNKNOWN,UNKNOWN
S4183,Naḥal Qidron,dated_only,without,True,True,False,partial,to Stage 2,UNKNOWN,UNKNOWN,UNKNOWN,UNKNOWN,UNKNOWN,UNKNOWN,UNKNOWN
S4213,Qaṣr el-Yahud,primary,with,True,True,True,partial,not recorded,UNKNOWN,UNKNOWN,UNKNOWN,UNKNOWN,UNKNOWN,UNKNOWN,UNKNOWN
S4213,Qaṣr el-Yahud,primary,without,True,True,True,partial,not recorded,UNKNOWN,UNKNOWN,UNKNOWN,UNKNOWN,UNKNOWN,UNKNOWN,UNKNOWN
S4213,Qaṣr el-Yahud,C1_0.5km,with,True,True,True,partial,not recorded,UNKNOWN,UNKNOWN,UNKNOWN,UNKNOWN,UNKNOWN,UNKNOWN,UNKNOWN
S4213,Qaṣr el-Yahud,C1_0.5km,without,True,True,True,partial,not recorded,UNKNOWN,UNKNOWN,UNKNOWN,UNKNOWN,UNKNOWN,UNKNOWN,UNKNOWN
S4213,Qaṣr el-Yahud,C1_2km,with,True,True,True,partial,not recorded,UNKNOWN,UNKNOWN,UNKNOWN,UNKNOWN,UNKNOWN,UNKNOWN,UNKNOWN
S4213,Qaṣr el-Yahud,C1_2km,without,True,True,True,partial,not recorded,UNKNOWN,UNKNOWN,UNKNOWN,UNKNOWN,UNKNOWN,UNKNOWN,UNKNOWN
S4213,Qaṣr el-Yahud,C2_tomb_shafts,with,True,True,True,partial,not recorded,UNKNOWN,UNKNOWN,UNKNOWN,UNKNOWN,UNKNOWN,UNKNOWN,UNKNOWN
S4213,Qaṣr el-Yahud,C2_tomb_shafts,without,True,True,True,partial,not recorded,UNKNOWN,UNKNOWN,UNKNOWN,UNKNOWN,UNKNOWN,UNKNOWN,UNKNOWN
S4213,Qaṣr el-Yahud,dated_only,with,True,True,True,partial,not recorded,UNKNOWN,UNKNOWN,UNKNOWN,UNKNOWN,UNKNOWN,UNKNOWN,UNKNOWN
S4213,Qaṣr el-Yahud,dated_only,without,True,True,True,partial,not recorded,UNKNOWN,UNKNOWN,UNKNOWN,UNKNOWN,UNKNOWN,UNKNOWN,UNKNOWN
E829,El-Ma'aṣia: West Fort,primary,with,True,True,True,none,not recorded,UNKNOWN,UNKNOWN,UNKNOWN,UNKNOWN,UNKNOWN,UNKNOWN,UNKNOWN
E829,El-Ma'aṣia: West Fort,primary,without,True,True,True,none,not recorded,UNKNOWN,UNKNOWN,UNKNOWN,UNKNOWN,UNKNOWN,UNKNOWN,UNKNOWN
E829,El-Ma'aṣia: West Fort,C1_0.5km,with,True,True,True,none,not recorded,UNKNOWN,UNKNOWN,UNKNOWN,UNKNOWN,UNKNOWN,UNKNOWN,UNKNOWN
E829,El-Ma'aṣia: West Fort,C1_0.5km,without,True,True,True,none,not recorded,UNKNOWN,UNKNOWN,UNKNOWN,UNKNOWN,UNKNOWN,UNKNOWN,UNKNOWN
E829,El-Ma'aṣia: West Fort,C1_2km,with,True,True,True,none,not recorded,UNKNOWN,UNKNOWN,UNKNOWN,UNKNOWN,UNKNOWN,UNKNOWN,UNKNOWN
E829,El-Ma'aṣia: West Fort,C1_2km,without,True,True,True,none,not recorded,UNKNOWN,UNKNOWN,UNKNOWN,UNKNOWN,UNKNOWN,UNKNOWN,UNKNOWN
E829,El-Ma'aṣia: West Fort,C2_tomb_shafts,with,True,True,True,none,not recorded,UNKNOWN,UNKNOWN,UNKNOWN,UNKNOWN,UNKNOWN,UNKNOWN,UNKNOWN
E829,El-Ma'aṣia: West Fort,C2_tomb_shafts,without,True,True,True,none,not recorded,UNKNOWN,UNKNOWN,UNKNOWN,UNKNOWN,UNKNOWN,UNKNOWN,UNKNOWN
E829,El-Ma'aṣia: West Fort,dated_only,with,True,True,True,none,not recorded,UNKNOWN,UNKNOWN,UNKNOWN,UNKNOWN,UNKNOWN,UNKNOWN,UNKNOWN
E829,El-Ma'aṣia: West Fort,dated_only,without,True,True,True,none,not recorded,UNKNOWN,UNKNOWN,UNKNOWN,UNKNOWN,UNKNOWN,UNKNOWN,UNKNOWN
E830,El-Ma'aṣia: East Fort,primary,with,True,True,True,none,not recorded,UNKNOWN,UNKNOWN,UNKNOWN,UNKNOWN,UNKNOWN,UNKNOWN,UNKNOWN
E830,El-Ma'aṣia: East Fort,primary,without,True,True,True,none,not recorded,UNKNOWN,UNKNOWN,UNKNOWN,UNKNOWN,UNKNOWN,UNKNOWN,UNKNOWN
E830,El-Ma'aṣia: East Fort,C1_0.5km,with,True,True,True,none,not recorded,UNKNOWN,UNKNOWN,UNKNOWN,UNKNOWN,UNKNOWN,UNKNOWN,UNKNOWN
E830,El-Ma'aṣia: East Fort,C1_0.5km,without,True,True,True,none,not recorded,UNKNOWN,UNKNOWN,UNKNOWN,UNKNOWN,UNKNOWN,UNKNOWN,UNKNOWN
E830,El-Ma'aṣia: East Fort,C1_2km,with,True,True,True,none,not recorded,UNKNOWN,UNKNOWN,UNKNOWN,UNKNOWN,UNKNOWN,UNKNOWN,UNKNOWN
E830,El-Ma'aṣia: East Fort,C1_2km,without,True,True,True,none,not recorded,UNKNOWN,UNKNOWN,UNKNOWN,UNKNOWN,UNKNOWN,UNKNOWN,UNKNOWN
E830,El-Ma'aṣia: East Fort,C2_tomb_shafts,with,True,True,True,none,not recorded,UNKNOWN,UNKNOWN,UNKNOWN,UNKNOWN,UNKNOWN,UNKNOWN,UNKNOWN
E830,El-Ma'aṣia: East Fort,C2_tomb_shafts,without,True,True,True,none,not recorded,UNKNOWN,UNKNOWN,UNKNOWN,UNKNOWN,UNKNOWN,UNKNOWN,UNKNOWN
E830,El-Ma'aṣia: East Fort,dated_only,with,True,True,True,none,not recorded,UNKNOWN,UNKNOWN,UNKNOWN,UNKNOWN,UNKNOWN,UNKNOWN,UNKNOWN
E830,El-Ma'aṣia: East Fort,dated_only,without,True,True,True,none,not recorded,UNKNOWN,UNKNOWN,UNKNOWN,UNKNOWN,UNKNOWN,UNKNOWN,UNKNOWN
S4393,Rujm esh-Shajra,primary,with,True,True,True,partial,not recorded,UNKNOWN,UNKNOWN,UNKNOWN,UNKNOWN,UNKNOWN,UNKNOWN,UNKNOWN
S4393,Rujm esh-Shajra,primary,without,True,True,True,partial,not recorded,UNKNOWN,UNKNOWN,UNKNOWN,UNKNOWN,UNKNOWN,UNKNOWN,UNKNOWN
S4393,Rujm esh-Shajra,C1_0.5km,with,True,True,True,partial,not recorded,UNKNOWN,UNKNOWN,UNKNOWN,UNKNOWN,UNKNOWN,UNKNOWN,UNKNOWN
S4393,Rujm esh-Shajra,C1_0.5km,without,True,True,True,partial,not recorded,UNKNOWN,UNKNOWN,UNKNOWN,UNKNOWN,UNKNOWN,UNKNOWN,UNKNOWN
S4393,Rujm esh-Shajra,C1_2km,with,True,True,True,partial,not recorded,UNKNOWN,UNKNOWN,UNKNOWN,UNKNOWN,UNKNOWN,UNKNOWN,UNKNOWN
S4393,Rujm esh-Shajra,C1_2km,without,True,True,True,partial,not recorded,UNKNOWN,UNKNOWN,UNKNOWN,UNKNOWN,UNKNOWN,UNKNOWN,UNKNOWN
S4393,Rujm esh-Shajra,C2_tomb_shafts,with,True,True,True,partial,not recorded,UNKNOWN,UNKNOWN,UNKNOWN,UNKNOWN,UNKNOWN,UNKNOWN,UNKNOWN
S4393,Rujm esh-Shajra,C2_tomb_shafts,without,True,True,True,partial,not recorded,UNKNOWN,UNKNOWN,UNKNOWN,UNKNOWN,UNKNOWN,UNKNOWN,UNKNOWN
S4393,Rujm esh-Shajra,dated_only,with,True,True,True,partial,not recorded,UNKNOWN,UNKNOWN,UNKNOWN,UNKNOWN,UNKNOWN,UNKNOWN,UNKNOWN
S4393,Rujm esh-Shajra,dated_only,without,True,True,True,partial,not recorded,UNKNOWN,UNKNOWN,UNKNOWN,UNKNOWN,UNKNOWN,UNKNOWN,UNKNOWN
S4546,Ein el-Ghuweir - Wall,primary,with,True,True,True,partial,not recorded,UNKNOWN,UNKNOWN,UNKNOWN,UNKNOWN,UNKNOWN,UNKNOWN,UNKNOWN
S4546,Ein el-Ghuweir - Wall,primary,without,True,True,True,partial,not recorded,UNKNOWN,UNKNOWN,UNKNOWN,UNKNOWN,UNKNOWN,UNKNOWN,UNKNOWN
S4546,Ein el-Ghuweir - Wall,C1_0.5km,with,True,True,True,partial,not recorded,UNKNOWN,UNKNOWN,UNKNOWN,UNKNOWN,UNKNOWN,UNKNOWN,UNKNOWN
S4546,Ein el-Ghuweir - Wall,C1_0.5km,without,True,True,True,partial,not recorded,UNKNOWN,UNKNOWN,UNKNOWN,UNKNOWN,UNKNOWN,UNKNOWN,UNKNOWN
S4546,Ein el-Ghuweir - Wall,C1_2km,with,True,True,True,partial,not recorded,UNKNOWN,UNKNOWN,UNKNOWN,UNKNOWN,UNKNOWN,UNKNOWN,UNKNOWN
S4546,Ein el-Ghuweir - Wall,C1_2km,without,True,True,True,partial,not recorded,UNKNOWN,UNKNOWN,UNKNOWN,UNKNOWN,UNKNOWN,UNKNOWN,UNKNOWN
S4546,Ein el-Ghuweir - Wall,C2_tomb_shafts,with,True,True,True,partial,not recorded,UNKNOWN,UNKNOWN,UNKNOWN,UNKNOWN,UNKNOWN,UNKNOWN,UNKNOWN
S4546,Ein el-Ghuweir - Wall,C2_tomb_shafts,without,True,True,True,partial,not recorded,UNKNOWN,UNKNOWN,UNKNOWN,UNKNOWN,UNKNOWN,UNKNOWN,UNKNOWN
S4546,Ein el-Ghuweir - Wall,dated_only,with,True,True,True,partial,not recorded,UNKNOWN,UNKNOWN,UNKNOWN,UNKNOWN,UNKNOWN,UNKNOWN,UNKNOWN
S4546,Ein el-Ghuweir - Wall,dated_only,without,True,True,True,partial,not recorded,UNKNOWN,UNKNOWN,UNKNOWN,UNKNOWN,UNKNOWN,UNKNOWN,UNKNOWN
S4617,'Ein et-Turabe,primary,with,True,True,True,partial,not recorded,UNKNOWN,UNKNOWN,UNKNOWN,UNKNOWN,UNKNOWN,UNKNOWN,UNKNOWN
S4617,'Ein et-Turabe,primary,without,True,True,True,partial,not recorded,UNKNOWN,UNKNOWN,UNKNOWN,UNKNOWN,UNKNOWN,UNKNOWN,UNKNOWN
S4617,'Ein et-Turabe,C1_0.5km,with,True,True,True,partial,not recorded,UNKNOWN,UNKNOWN,UNKNOWN,UNKNOWN,UNKNOWN,UNKNOWN,UNKNOWN
S4617,'Ein et-Turabe,C1_0.5km,without,True,True,True,partial,not recorded,UNKNOWN,UNKNOWN,UNKNOWN,UNKNOWN,UNKNOWN,UNKNOWN,UNKNOWN
S4617,'Ein et-Turabe,C1_2km,with,True,True,True,partial,not recorded,UNKNOWN,UNKNOWN,UNKNOWN,UNKNOWN,UNKNOWN,UNKNOWN,UNKNOWN
S4617,'Ein et-Turabe,C1_2km,without,True,True,True,partial,not recorded,UNKNOWN,UNKNOWN,UNKNOWN,UNKNOWN,UNKNOWN,UNKNOWN,UNKNOWN
S4617,'Ein et-Turabe,C2_tomb_shafts,with,True,True,True,partial,not recorded,UNKNOWN,UNKNOWN,UNKNOWN,UNKNOWN,UNKNOWN,UNKNOWN,UNKNOWN
S4617,'Ein et-Turabe,C2_tomb_shafts,without,True,True,True,partial,not recorded,UNKNOWN,UNKNOWN,UNKNOWN,UNKNOWN,UNKNOWN,UNKNOWN,UNKNOWN
S4617,'Ein et-Turabe,dated_only,with,True,True,True,partial,not recorded,UNKNOWN,UNKNOWN,UNKNOWN,UNKNOWN,UNKNOWN,UNKNOWN,UNKNOWN
S4617,'Ein et-Turabe,dated_only,without,True,True,True,partial,not recorded,UNKNOWN,UNKNOWN,UNKNOWN,UNKNOWN,UNKNOWN,UNKNOWN,UNKNOWN
S5767,Kh. Samra,primary,with,True,False,True,partial,not recorded,UNKNOWN,UNKNOWN,UNKNOWN,UNKNOWN,UNKNOWN,UNKNOWN,UNKNOWN
S5767,Kh. Samra,primary,without,True,False,True,partial,not recorded,UNKNOWN,UNKNOWN,UNKNOWN,UNKNOWN,UNKNOWN,UNKNOWN,UNKNOWN
S5767,Kh. Samra,C1_0.5km,with,True,False,True,partial,not recorded,UNKNOWN,UNKNOWN,UNKNOWN,UNKNOWN,UNKNOWN,UNKNOWN,UNKNOWN
S5767,Kh. Samra,C1_0.5km,without,True,False,True,partial,not recorded,UNKNOWN,UNKNOWN,UNKNOWN,UNKNOWN,UNKNOWN,UNKNOWN,UNKNOWN
S5767,Kh. Samra,C1_2km,with,True,False,True,partial,not recorded,UNKNOWN,UNKNOWN,UNKNOWN,UNKNOWN,UNKNOWN,UNKNOWN,UNKNOWN
S5767,Kh. Samra,C1_2km,without,True,False,True,partial,not recorded,UNKNOWN,UNKNOWN,UNKNOWN,UNKNOWN,UNKNOWN,UNKNOWN,UNKNOWN
S5767,Kh. Samra,C2_tomb_shafts,with,True,False,True,partial,not recorded,UNKNOWN,UNKNOWN,UNKNOWN,UNKNOWN,UNKNOWN,UNKNOWN,UNKNOWN
S5767,Kh. Samra,C2_tomb_shafts,without,True,False,True,partial,not recorded,UNKNOWN,UNKNOWN,UNKNOWN,UNKNOWN,UNKNOWN,UNKNOWN,UNKNOWN
S5767,Kh. Samra,dated_only,with,True,False,True,partial,not recorded,UNKNOWN,UNKNOWN,UNKNOWN,UNKNOWN,UNKNOWN,UNKNOWN,UNKNOWN
S5767,Kh. Samra,dated_only,without,True,False,True,partial,not recorded,UNKNOWN,UNKNOWN,UNKNOWN,UNKNOWN,UNKNOWN,UNKNOWN,UNKNOWN
S56,Beit Qad,primary,with,False,False,False,partial,not recorded,UNKNOWN,UNKNOWN,UNKNOWN,UNKNOWN,UNKNOWN,UNKNOWN,UNKNOWN
S56,Beit Qad,primary,without,False,False,False,partial,not recorded,UNKNOWN,UNKNOWN,UNKNOWN,UNKNOWN,UNKNOWN,UNKNOWN,UNKNOWN
S56,Beit Qad,C1_0.5km,with,False,False,False,partial,not recorded,UNKNOWN,UNKNOWN,UNKNOWN,UNKNOWN,UNKNOWN,UNKNOWN,UNKNOWN
S56,Beit Qad,C1_0.5km,without,False,False,False,partial,not recorded,UNKNOWN,UNKNOWN,UNKNOWN,UNKNOWN,UNKNOWN,UNKNOWN,UNKNOWN
S56,Beit Qad,C1_2km,with,False,False,False,partial,not recorded,UNKNOWN,UNKNOWN,UNKNOWN,UNKNOWN,UNKNOWN,UNKNOWN,UNKNOWN
S56,Beit Qad,C1_2km,without,False,False,False,partial,not recorded,UNKNOWN,UNKNOWN,UNKNOWN,UNKNOWN,UNKNOWN,UNKNOWN,UNKNOWN
S56,Beit Qad,C2_tomb_shafts,with,False,False,False,partial,not recorded,UNKNOWN,UNKNOWN,UNKNOWN,UNKNOWN,UNKNOWN,UNKNOWN,UNKNOWN
S56,Beit Qad,C2_tomb_shafts,without,False,False,False,partial,not recorded,UNKNOWN,UNKNOWN,UNKNOWN,UNKNOWN,UNKNOWN,UNKNOWN,UNKNOWN
S56,Beit Qad,dated_only,with,False,False,False,partial,not recorded,UNKNOWN,UNKNOWN,UNKNOWN,UNKNOWN,UNKNOWN,UNKNOWN,UNKNOWN
S56,Beit Qad,dated_only,without,False,False,False,partial,not recorded,UNKNOWN,UNKNOWN,UNKNOWN,UNKNOWN,UNKNOWN,UNKNOWN,UNKNOWN
S57,El-Maḥluf,primary,with,False,False,False,full,not recorded,UNKNOWN,UNKNOWN,UNKNOWN,UNKNOWN,UNKNOWN,UNKNOWN,UNKNOWN
S57,El-Maḥluf,primary,without,False,False,False,full,not recorded,UNKNOWN,UNKNOWN,UNKNOWN,UNKNOWN,UNKNOWN,UNKNOWN,UNKNOWN
S57,El-Maḥluf,C1_0.5km,with,False,False,False,full,not recorded,UNKNOWN,UNKNOWN,UNKNOWN,UNKNOWN,UNKNOWN,UNKNOWN,UNKNOWN
S57,El-Maḥluf,C1_0.5km,without,False,False,False,full,not recorded,UNKNOWN,UNKNOWN,UNKNOWN,UNKNOWN,UNKNOWN,UNKNOWN,UNKNOWN
S57,El-Maḥluf,C1_2km,with,False,False,False,full,not recorded,UNKNOWN,UNKNOWN,UNKNOWN,UNKNOWN,UNKNOWN,UNKNOWN,UNKNOWN
S57,El-Maḥluf,C1_2km,without,False,False,False,full,not recorded,UNKNOWN,UNKNOWN,UNKNOWN,UNKNOWN,UNKNOWN,UNKNOWN,UNKNOWN
S57,El-Maḥluf,C2_tomb_shafts,with,False,False,False,full,not recorded,UNKNOWN,UNKNOWN,UNKNOWN,UNKNOWN,UNKNOWN,UNKNOWN,UNKNOWN
S57,El-Maḥluf,C2_tomb_shafts,without,False,False,False,full,not recorded,UNKNOWN,UNKNOWN,UNKNOWN,UNKNOWN,UNKNOWN,UNKNOWN,UNKNOWN
S57,El-Maḥluf,dated_only,with,False,False,False,full,not recorded,UNKNOWN,UNKNOWN,UNKNOWN,UNKNOWN,UNKNOWN,UNKNOWN,UNKNOWN
S57,El-Maḥluf,dated_only,without,False,False,False,full,not recorded,UNKNOWN,UNKNOWN,UNKNOWN,UNKNOWN,UNKNOWN,UNKNOWN,UNKNOWN
S75,Jalbun,primary,with,False,False,False,partial,not recorded,UNKNOWN,UNKNOWN,UNKNOWN,UNKNOWN,UNKNOWN,UNKNOWN,UNKNOWN
S75,Jalbun,primary,without,False,False,False,partial,not recorded,UNKNOWN,UNKNOWN,UNKNOWN,UNKNOWN,UNKNOWN,UNKNOWN,UNKNOWN
S75,Jalbun,C1_0.5km,with,False,False,False,partial,not recorded,UNKNOWN,UNKNOWN,UNKNOWN,UNKNOWN,UNKNOWN,UNKNOWN,UNKNOWN
S75,Jalbun,C1_0.5km,without,False,False,False,partial,not recorded,UNKNOWN,UNKNOWN,UNKNOWN,UNKNOWN,UNKNOWN,UNKNOWN,UNKNOWN
S75,Jalbun,C1_2km,with,False,False,False,partial,not recorded,UNKNOWN,UNKNOWN,UNKNOWN,UNKNOWN,UNKNOWN,UNKNOWN,UNKNOWN
S75,Jalbun,C1_2km,without,False,False,False,partial,not recorded,UNKNOWN,UNKNOWN,UNKNOWN,UNKNOWN,UNKNOWN,UNKNOWN,UNKNOWN
S75,Jalbun,C2_tomb_shafts,with,False,False,False,partial,not recorded,UNKNOWN,UNKNOWN,UNKNOWN,UNKNOWN,UNKNOWN,UNKNOWN,UNKNOWN
S75,Jalbun,C2_tomb_shafts,without,False,False,False,partial,not recorded,UNKNOWN,UNKNOWN,UNKNOWN,UNKNOWN,UNKNOWN,UNKNOWN,UNKNOWN
S75,Jalbun,dated_only,with,False,False,False,partial,not recorded,UNKNOWN,UNKNOWN,UNKNOWN,UNKNOWN,UNKNOWN,UNKNOWN,UNKNOWN
S75,Jalbun,dated_only,without,False,False,False,partial,not recorded,UNKNOWN,UNKNOWN,UNKNOWN,UNKNOWN,UNKNOWN,UNKNOWN,UNKNOWN
S91,Jebel 'Ashur,primary,with,False,False,False,full,not recorded,UNKNOWN,UNKNOWN,UNKNOWN,UNKNOWN,UNKNOWN,UNKNOWN,UNKNOWN
S91,Jebel 'Ashur,primary,without,False,False,False,full,not recorded,UNKNOWN,UNKNOWN,UNKNOWN,UNKNOWN,UNKNOWN,UNKNOWN,UNKNOWN
S91,Jebel 'Ashur,C1_0.5km,with,False,False,False,full,not recorded,UNKNOWN,UNKNOWN,UNKNOWN,UNKNOWN,UNKNOWN,UNKNOWN,UNKNOWN
S91,Jebel 'Ashur,C1_0.5km,without,False,False,False,full,not recorded,UNKNOWN,UNKNOWN,UNKNOWN,UNKNOWN,UNKNOWN,UNKNOWN,UNKNOWN
S91,Jebel 'Ashur,C1_2km,with,False,False,False,full,not recorded,UNKNOWN,UNKNOWN,UNKNOWN,UNKNOWN,UNKNOWN,UNKNOWN,UNKNOWN
S91,Jebel 'Ashur,C1_2km,without,False,False,False,full,not recorded,UNKNOWN,UNKNOWN,UNKNOWN,UNKNOWN,UNKNOWN,UNKNOWN,UNKNOWN
S91,Jebel 'Ashur,C2_tomb_shafts,with,False,False,False,full,not recorded,UNKNOWN,UNKNOWN,UNKNOWN,UNKNOWN,UNKNOWN,UNKNOWN,UNKNOWN
S91,Jebel 'Ashur,C2_tomb_shafts,without,False,False,False,full,not recorded,UNKNOWN,UNKNOWN,UNKNOWN,UNKNOWN,UNKNOWN,UNKNOWN,UNKNOWN
S91,Jebel 'Ashur,dated_only,with,False,False,False,full,not recorded,UNKNOWN,UNKNOWN,UNKNOWN,UNKNOWN,UNKNOWN,UNKNOWN,UNKNOWN
S91,Jebel 'Ashur,dated_only,without,False,False,False,full,not recorded,UNKNOWN,UNKNOWN,UNKNOWN,UNKNOWN,UNKNOWN,UNKNOWN,UNKNOWN
S112,Kh. en-Najjar,primary,with,False,False,False,full,to Stage 2,UNKNOWN,UNKNOWN,UNKNOWN,UNKNOWN,UNKNOWN,UNKNOWN,UNKNOWN
S112,Kh. en-Najjar,primary,without,False,False,False,full,to Stage 2,UNKNOWN,UNKNOWN,UNKNOWN,UNKNOWN,UNKNOWN,UNKNOWN,UNKNOWN
S112,Kh. en-Najjar,C1_0.5km,with,False,False,False,full,to Stage 2,UNKNOWN,UNKNOWN,UNKNOWN,UNKNOWN,UNKNOWN,UNKNOWN,UNKNOWN
S112,Kh. en-Najjar,C1_0.5km,without,False,False,False,full,to Stage 2,UNKNOWN,UNKNOWN,UNKNOWN,UNKNOWN,UNKNOWN,UNKNOWN,UNKNOWN
S112,Kh. en-Najjar,C1_2km,with,False,False,False,full,to Stage 2,UNKNOWN,UNKNOWN,UNKNOWN,UNKNOWN,UNKNOWN,UNKNOWN,UNKNOWN
S112,Kh. en-Najjar,C1_2km,without,False,False,False,full,to Stage 2,UNKNOWN,UNKNOWN,UNKNOWN,UNKNOWN,UNKNOWN,UNKNOWN,UNKNOWN
S112,Kh. en-Najjar,C2_tomb_shafts,with,False,False,False,full,to Stage 2,UNKNOWN,UNKNOWN,UNKNOWN,UNKNOWN,UNKNOWN,UNKNOWN,UNKNOWN
S112,Kh. en-Najjar,C2_tomb_shafts,without,False,False,False,full,to Stage 2,UNKNOWN,UNKNOWN,UNKNOWN,UNKNOWN,UNKNOWN,UNKNOWN,UNKNOWN
S112,Kh. en-Najjar,dated_only,with,False,False,False,full,to Stage 2,UNKNOWN,UNKNOWN,UNKNOWN,UNKNOWN,UNKNOWN,UNKNOWN,UNKNOWN
S112,Kh. en-Najjar,dated_only,without,False,False,False,full,to Stage 2,UNKNOWN,UNKNOWN,UNKNOWN,UNKNOWN,UNKNOWN,UNKNOWN,UNKNOWN
S137,Kh. Sab'ein,primary,with,False,False,False,full,to Stage 2,UNKNOWN,UNKNOWN,UNKNOWN,UNKNOWN,UNKNOWN,UNKNOWN,UNKNOWN
S137,Kh. Sab'ein,primary,without,False,False,False,full,to Stage 2,UNKNOWN,UNKNOWN,UNKNOWN,UNKNOWN,UNKNOWN,UNKNOWN,UNKNOWN
S137,Kh. Sab'ein,C1_0.5km,with,False,False,False,full,to Stage 2,UNKNOWN,UNKNOWN,UNKNOWN,UNKNOWN,UNKNOWN,UNKNOWN,UNKNOWN
S137,Kh. Sab'ein,C1_0.5km,without,False,False,False,full,to Stage 2,UNKNOWN,UNKNOWN,UNKNOWN,UNKNOWN,UNKNOWN,UNKNOWN,UNKNOWN
S137,Kh. Sab'ein,C1_2km,with,False,False,False,full,to Stage 2,UNKNOWN,UNKNOWN,UNKNOWN,UNKNOWN,UNKNOWN,UNKNOWN,UNKNOWN
S137,Kh. Sab'ein,C1_2km,without,False,False,False,full,to Stage 2,UNKNOWN,UNKNOWN,UNKNOWN,UNKNOWN,UNKNOWN,UNKNOWN,UNKNOWN
S137,Kh. Sab'ein,C2_tomb_shafts,with,False,False,False,full,to Stage 2,UNKNOWN,UNKNOWN,UNKNOWN,UNKNOWN,UNKNOWN,UNKNOWN,UNKNOWN
S137,Kh. Sab'ein,C2_tomb_shafts,without,False,False,False,full,to Stage 2,UNKNOWN,UNKNOWN,UNKNOWN,UNKNOWN,UNKNOWN,UNKNOWN,UNKNOWN
S137,Kh. Sab'ein,dated_only,with,False,False,False,full,to Stage 2,UNKNOWN,UNKNOWN,UNKNOWN,UNKNOWN,UNKNOWN,UNKNOWN,UNKNOWN
S137,Kh. Sab'ein,dated_only,without,False,False,False,full,to Stage 2,UNKNOWN,UNKNOWN,UNKNOWN,UNKNOWN,UNKNOWN,UNKNOWN,UNKNOWN
S144,Khallet et-Ṭabaiheh,primary,with,False,False,False,full,to Stage 2,UNKNOWN,UNKNOWN,UNKNOWN,UNKNOWN,UNKNOWN,UNKNOWN,UNKNOWN
S144,Khallet et-Ṭabaiheh,primary,without,False,False,False,full,to Stage 2,UNKNOWN,UNKNOWN,UNKNOWN,UNKNOWN,UNKNOWN,UNKNOWN,UNKNOWN
S144,Khallet et-Ṭabaiheh,C1_0.5km,with,False,False,False,full,to Stage 2,UNKNOWN,UNKNOWN,UNKNOWN,UNKNOWN,UNKNOWN,UNKNOWN,UNKNOWN
S144,Khallet et-Ṭabaiheh,C1_0.5km,without,False,False,False,full,to Stage 2,UNKNOWN,UNKNOWN,UNKNOWN,UNKNOWN,UNKNOWN,UNKNOWN,UNKNOWN
S144,Khallet et-Ṭabaiheh,C1_2km,with,False,False,False,full,to Stage 2,MATCH,UNKNOWN,UNKNOWN,UNKNOWN,UNKNOWN,UNKNOWN,UNKNOWN
S144,Khallet et-Ṭabaiheh,C1_2km,without,False,False,False,full,to Stage 2,MATCH,UNKNOWN,UNKNOWN,UNKNOWN,UNKNOWN,UNKNOWN,UNKNOWN
S144,Khallet et-Ṭabaiheh,C2_tomb_shafts,with,False,False,False,full,to Stage 2,UNKNOWN,UNKNOWN,UNKNOWN,UNKNOWN,UNKNOWN,UNKNOWN,UNKNOWN
S144,Khallet et-Ṭabaiheh,C2_tomb_shafts,without,False,False,False,full,to Stage 2,UNKNOWN,UNKNOWN,UNKNOWN,UNKNOWN,UNKNOWN,UNKNOWN,UNKNOWN
S144,Khallet et-Ṭabaiheh,dated_only,with,False,False,False,full,to Stage 2,UNKNOWN,UNKNOWN,UNKNOWN,UNKNOWN,UNKNOWN,UNKNOWN,UNKNOWN
S144,Khallet et-Ṭabaiheh,dated_only,without,False,False,False,full,to Stage 2,UNKNOWN,UNKNOWN,UNKNOWN,UNKNOWN,UNKNOWN,UNKNOWN,UNKNOWN
S145,El-Qiṭneh,primary,with,False,False,False,full,not recorded,UNKNOWN,UNKNOWN,UNKNOWN,UNKNOWN,UNKNOWN,UNKNOWN,UNKNOWN
S145,El-Qiṭneh,primary,without,False,False,False,full,not recorded,UNKNOWN,UNKNOWN,UNKNOWN,UNKNOWN,UNKNOWN,UNKNOWN,UNKNOWN
S145,El-Qiṭneh,C1_0.5km,with,False,False,False,full,not recorded,UNKNOWN,UNKNOWN,UNKNOWN,UNKNOWN,UNKNOWN,UNKNOWN,UNKNOWN
S145,El-Qiṭneh,C1_0.5km,without,False,False,False,full,not recorded,UNKNOWN,UNKNOWN,UNKNOWN,UNKNOWN,UNKNOWN,UNKNOWN,UNKNOWN
S145,El-Qiṭneh,C1_2km,with,False,False,False,full,not recorded,UNKNOWN,UNKNOWN,UNKNOWN,UNKNOWN,UNKNOWN,UNKNOWN,UNKNOWN
S145,El-Qiṭneh,C1_2km,without,False,False,False,full,not recorded,UNKNOWN,UNKNOWN,UNKNOWN,UNKNOWN,UNKNOWN,UNKNOWN,UNKNOWN
S145,El-Qiṭneh,C2_tomb_shafts,with,False,False,False,full,not recorded,UNKNOWN,UNKNOWN,UNKNOWN,UNKNOWN,UNKNOWN,UNKNOWN,UNKNOWN
S145,El-Qiṭneh,C2_tomb_shafts,without,False,False,False,full,not recorded,UNKNOWN,UNKNOWN,UNKNOWN,UNKNOWN,UNKNOWN,UNKNOWN,UNKNOWN
S145,El-Qiṭneh,dated_only,with,False,False,False,full,not recorded,UNKNOWN,UNKNOWN,UNKNOWN,UNKNOWN,UNKNOWN,UNKNOWN,UNKNOWN
S145,El-Qiṭneh,dated_only,without,False,False,False,full,not recorded,UNKNOWN,UNKNOWN,UNKNOWN,UNKNOWN,UNKNOWN,UNKNOWN,UNKNOWN
S146,Esh-Shuhada,primary,with,False,False,False,full,not recorded,UNKNOWN,UNKNOWN,UNKNOWN,UNKNOWN,UNKNOWN,UNKNOWN,UNKNOWN
S146,Esh-Shuhada,primary,without,False,False,False,full,not recorded,UNKNOWN,UNKNOWN,UNKNOWN,UNKNOWN,UNKNOWN,UNKNOWN,UNKNOWN
S146,Esh-Shuhada,C1_0.5km,with,False,False,False,full,not recorded,UNKNOWN,UNKNOWN,UNKNOWN,UNKNOWN,UNKNOWN,UNKNOWN,UNKNOWN
S146,Esh-Shuhada,C1_0.5km,without,False,False,False,full,not recorded,UNKNOWN,UNKNOWN,UNKNOWN,UNKNOWN,UNKNOWN,UNKNOWN,UNKNOWN
S146,Esh-Shuhada,C1_2km,with,False,False,False,full,not recorded,UNKNOWN,UNKNOWN,UNKNOWN,UNKNOWN,UNKNOWN,UNKNOWN,UNKNOWN
S146,Esh-Shuhada,C1_2km,without,False,False,False,full,not recorded,UNKNOWN,UNKNOWN,UNKNOWN,UNKNOWN,UNKNOWN,UNKNOWN,UNKNOWN
S146,Esh-Shuhada,C2_tomb_shafts,with,False,False,False,full,not recorded,UNKNOWN,UNKNOWN,UNKNOWN,UNKNOWN,UNKNOWN,UNKNOWN,UNKNOWN
S146,Esh-Shuhada,C2_tomb_shafts,without,False,False,False,full,not recorded,UNKNOWN,UNKNOWN,UNKNOWN,UNKNOWN,UNKNOWN,UNKNOWN,UNKNOWN
S146,Esh-Shuhada,dated_only,with,False,False,False,full,not recorded,UNKNOWN,UNKNOWN,UNKNOWN,UNKNOWN,UNKNOWN,UNKNOWN,UNKNOWN
S146,Esh-Shuhada,dated_only,without,False,False,False,full,not recorded,UNKNOWN,UNKNOWN,UNKNOWN,UNKNOWN,UNKNOWN,UNKNOWN,UNKNOWN
S152,Kh. Za'tara,primary,with,False,False,False,full,to Stage 2,UNKNOWN,UNKNOWN,UNKNOWN,UNKNOWN,UNKNOWN,UNKNOWN,UNKNOWN
S152,Kh. Za'tara,primary,without,False,False,False,full,to Stage 2,UNKNOWN,UNKNOWN,UNKNOWN,UNKNOWN,UNKNOWN,UNKNOWN,UNKNOWN
S152,Kh. Za'tara,C1_0.5km,with,False,False,False,full,to Stage 2,UNKNOWN,UNKNOWN,UNKNOWN,UNKNOWN,UNKNOWN,UNKNOWN,UNKNOWN
S152,Kh. Za'tara,C1_0.5km,without,False,False,False,full,to Stage 2,UNKNOWN,UNKNOWN,UNKNOWN,UNKNOWN,UNKNOWN,UNKNOWN,UNKNOWN
S152,Kh. Za'tara,C1_2km,with,False,False,False,full,to Stage 2,MATCH,UNKNOWN,UNKNOWN,UNKNOWN,UNKNOWN,UNKNOWN,UNKNOWN
S152,Kh. Za'tara,C1_2km,without,False,False,False,full,to Stage 2,MATCH,UNKNOWN,UNKNOWN,UNKNOWN,UNKNOWN,UNKNOWN,UNKNOWN
S152,Kh. Za'tara,C2_tomb_shafts,with,False,False,False,full,to Stage 2,UNKNOWN,UNKNOWN,UNKNOWN,UNKNOWN,UNKNOWN,UNKNOWN,UNKNOWN
S152,Kh. Za'tara,C2_tomb_shafts,without,False,False,False,full,to Stage 2,UNKNOWN,UNKNOWN,UNKNOWN,UNKNOWN,UNKNOWN,UNKNOWN,UNKNOWN
S152,Kh. Za'tara,dated_only,with,False,False,False,full,to Stage 2,UNKNOWN,UNKNOWN,UNKNOWN,UNKNOWN,UNKNOWN,UNKNOWN,UNKNOWN
S152,Kh. Za'tara,dated_only,without,False,False,False,full,to Stage 2,UNKNOWN,UNKNOWN,UNKNOWN,UNKNOWN,UNKNOWN,UNKNOWN,UNKNOWN
S157,El-Muraba'ah,primary,with,False,False,False,full,to Stage 2,UNKNOWN,UNKNOWN,UNKNOWN,UNKNOWN,UNKNOWN,UNKNOWN,UNKNOWN
S157,El-Muraba'ah,primary,without,False,False,False,full,to Stage 2,UNKNOWN,UNKNOWN,UNKNOWN,UNKNOWN,UNKNOWN,UNKNOWN,UNKNOWN
S157,El-Muraba'ah,C1_0.5km,with,False,False,False,full,to Stage 2,UNKNOWN,UNKNOWN,UNKNOWN,UNKNOWN,UNKNOWN,UNKNOWN,UNKNOWN
S157,El-Muraba'ah,C1_0.5km,without,False,False,False,full,to Stage 2,UNKNOWN,UNKNOWN,UNKNOWN,UNKNOWN,UNKNOWN,UNKNOWN,UNKNOWN
S157,El-Muraba'ah,C1_2km,with,False,False,False,full,to Stage 2,UNKNOWN,UNKNOWN,UNKNOWN,UNKNOWN,UNKNOWN,UNKNOWN,UNKNOWN
S157,El-Muraba'ah,C1_2km,without,False,False,False,full,to Stage 2,UNKNOWN,UNKNOWN,UNKNOWN,UNKNOWN,UNKNOWN,UNKNOWN,UNKNOWN
S157,El-Muraba'ah,C2_tomb_shafts,with,False,False,False,full,to Stage 2,UNKNOWN,UNKNOWN,UNKNOWN,UNKNOWN,UNKNOWN,UNKNOWN,UNKNOWN
S157,El-Muraba'ah,C2_tomb_shafts,without,False,False,False,full,to Stage 2,UNKNOWN,UNKNOWN,UNKNOWN,UNKNOWN,UNKNOWN,UNKNOWN,UNKNOWN
S157,El-Muraba'ah,dated_only,with,False,False,False,full,to Stage 2,UNKNOWN,UNKNOWN,UNKNOWN,UNKNOWN,UNKNOWN,UNKNOWN,UNKNOWN
S157,El-Muraba'ah,dated_only,without,False,False,False,full,to Stage 2,UNKNOWN,UNKNOWN,UNKNOWN,UNKNOWN,UNKNOWN,UNKNOWN,UNKNOWN
S197,Kh. Qa'un 1,primary,with,False,False,False,full,to Stage 2,UNKNOWN,UNKNOWN,UNKNOWN,UNKNOWN,UNKNOWN,UNKNOWN,UNKNOWN
S197,Kh. Qa'un 1,primary,without,False,False,False,full,to Stage 2,UNKNOWN,UNKNOWN,UNKNOWN,UNKNOWN,UNKNOWN,UNKNOWN,UNKNOWN
S197,Kh. Qa'un 1,C1_0.5km,with,False,False,False,full,to Stage 2,UNKNOWN,UNKNOWN,UNKNOWN,UNKNOWN,UNKNOWN,UNKNOWN,UNKNOWN
S197,Kh. Qa'un 1,C1_0.5km,without,False,False,False,full,to Stage 2,UNKNOWN,UNKNOWN,UNKNOWN,UNKNOWN,UNKNOWN,UNKNOWN,UNKNOWN
S197,Kh. Qa'un 1,C1_2km,with,False,False,False,full,to Stage 2,UNKNOWN,UNKNOWN,UNKNOWN,UNKNOWN,UNKNOWN,UNKNOWN,UNKNOWN
S197,Kh. Qa'un 1,C1_2km,without,False,False,False,full,to Stage 2,UNKNOWN,UNKNOWN,UNKNOWN,UNKNOWN,UNKNOWN,UNKNOWN,UNKNOWN
S197,Kh. Qa'un 1,C2_tomb_shafts,with,False,False,False,full,to Stage 2,UNKNOWN,UNKNOWN,UNKNOWN,UNKNOWN,UNKNOWN,UNKNOWN,UNKNOWN
S197,Kh. Qa'un 1,C2_tomb_shafts,without,False,False,False,full,to Stage 2,UNKNOWN,UNKNOWN,UNKNOWN,UNKNOWN,UNKNOWN,UNKNOWN,UNKNOWN
S197,Kh. Qa'un 1,dated_only,with,False,False,False,full,to Stage 2,UNKNOWN,UNKNOWN,UNKNOWN,UNKNOWN,UNKNOWN,UNKNOWN,UNKNOWN
S197,Kh. Qa'un 1,dated_only,without,False,False,False,full,to Stage 2,UNKNOWN,UNKNOWN,UNKNOWN,UNKNOWN,UNKNOWN,UNKNOWN,UNKNOWN
S201,el-Beyaẓ A,primary,with,False,False,False,full,not recorded,UNKNOWN,UNKNOWN,UNKNOWN,UNKNOWN,UNKNOWN,UNKNOWN,UNKNOWN
S201,el-Beyaẓ A,primary,without,False,False,False,full,not recorded,UNKNOWN,UNKNOWN,UNKNOWN,UNKNOWN,UNKNOWN,UNKNOWN,UNKNOWN
S201,el-Beyaẓ A,C1_0.5km,with,False,False,False,full,not recorded,UNKNOWN,UNKNOWN,UNKNOWN,UNKNOWN,UNKNOWN,UNKNOWN,UNKNOWN
S201,el-Beyaẓ A,C1_0.5km,without,False,False,False,full,not recorded,UNKNOWN,UNKNOWN,UNKNOWN,UNKNOWN,UNKNOWN,UNKNOWN,UNKNOWN
S201,el-Beyaẓ A,C1_2km,with,False,False,False,full,not recorded,UNKNOWN,UNKNOWN,UNKNOWN,UNKNOWN,UNKNOWN,UNKNOWN,UNKNOWN
S201,el-Beyaẓ A,C1_2km,without,False,False,False,full,not recorded,UNKNOWN,UNKNOWN,UNKNOWN,UNKNOWN,UNKNOWN,UNKNOWN,UNKNOWN
S201,el-Beyaẓ A,C2_tomb_shafts,with,False,False,False,full,not recorded,UNKNOWN,UNKNOWN,UNKNOWN,UNKNOWN,UNKNOWN,UNKNOWN,UNKNOWN
S201,el-Beyaẓ A,C2_tomb_shafts,without,False,False,False,full,not recorded,UNKNOWN,UNKNOWN,UNKNOWN,UNKNOWN,UNKNOWN,UNKNOWN,UNKNOWN
S201,el-Beyaẓ A,dated_only,with,False,False,False,full,not recorded,UNKNOWN,UNKNOWN,UNKNOWN,UNKNOWN,UNKNOWN,UNKNOWN,UNKNOWN
S201,el-Beyaẓ A,dated_only,without,False,False,False,full,not recorded,UNKNOWN,UNKNOWN,UNKNOWN,UNKNOWN,UNKNOWN,UNKNOWN,UNKNOWN
S203,Er-Randeh,primary,with,False,False,False,full,to Stage 2,UNKNOWN,MATCH,UNKNOWN,UNKNOWN,UNKNOWN,UNKNOWN,UNKNOWN
S203,Er-Randeh,primary,without,False,False,False,full,to Stage 2,UNKNOWN,MATCH,UNKNOWN,UNKNOWN,UNKNOWN,UNKNOWN,UNKNOWN
S203,Er-Randeh,C1_0.5km,with,False,False,False,full,to Stage 2,UNKNOWN,MATCH,UNKNOWN,UNKNOWN,UNKNOWN,UNKNOWN,UNKNOWN
S203,Er-Randeh,C1_0.5km,without,False,False,False,full,to Stage 2,UNKNOWN,MATCH,UNKNOWN,UNKNOWN,UNKNOWN,UNKNOWN,UNKNOWN
S203,Er-Randeh,C1_2km,with,False,False,False,full,to Stage 2,UNKNOWN,MATCH,UNKNOWN,UNKNOWN,UNKNOWN,UNKNOWN,UNKNOWN
S203,Er-Randeh,C1_2km,without,False,False,False,full,to Stage 2,UNKNOWN,MATCH,UNKNOWN,UNKNOWN,UNKNOWN,UNKNOWN,UNKNOWN
S203,Er-Randeh,C2_tomb_shafts,with,False,False,False,full,to Stage 2,UNKNOWN,MATCH,UNKNOWN,UNKNOWN,UNKNOWN,UNKNOWN,UNKNOWN
S203,Er-Randeh,C2_tomb_shafts,without,False,False,False,full,to Stage 2,UNKNOWN,MATCH,UNKNOWN,UNKNOWN,UNKNOWN,UNKNOWN,UNKNOWN
S203,Er-Randeh,dated_only,with,False,False,False,full,to Stage 2,UNKNOWN,UNKNOWN,UNKNOWN,UNKNOWN,UNKNOWN,UNKNOWN,UNKNOWN
S203,Er-Randeh,dated_only,without,False,False,False,full,to Stage 2,UNKNOWN,UNKNOWN,UNKNOWN,UNKNOWN,UNKNOWN,UNKNOWN,UNKNOWN
S204,Kh. Qa'un 2,primary,with,False,False,False,full,to Stage 2,UNKNOWN,UNKNOWN,UNKNOWN,UNKNOWN,UNKNOWN,UNKNOWN,UNKNOWN
S204,Kh. Qa'un 2,primary,without,False,False,False,full,to Stage 2,UNKNOWN,UNKNOWN,UNKNOWN,UNKNOWN,UNKNOWN,UNKNOWN,UNKNOWN
S204,Kh. Qa'un 2,C1_0.5km,with,False,False,False,full,to Stage 2,UNKNOWN,UNKNOWN,UNKNOWN,UNKNOWN,UNKNOWN,UNKNOWN,UNKNOWN
S204,Kh. Qa'un 2,C1_0.5km,without,False,False,False,full,to Stage 2,UNKNOWN,UNKNOWN,UNKNOWN,UNKNOWN,UNKNOWN,UNKNOWN,UNKNOWN
S204,Kh. Qa'un 2,C1_2km,with,False,False,False,full,to Stage 2,UNKNOWN,UNKNOWN,UNKNOWN,UNKNOWN,UNKNOWN,UNKNOWN,UNKNOWN
S204,Kh. Qa'un 2,C1_2km,without,False,False,False,full,to Stage 2,UNKNOWN,UNKNOWN,UNKNOWN,UNKNOWN,UNKNOWN,UNKNOWN,UNKNOWN
S204,Kh. Qa'un 2,C2_tomb_shafts,with,False,False,False,full,to Stage 2,UNKNOWN,UNKNOWN,UNKNOWN,UNKNOWN,UNKNOWN,UNKNOWN,UNKNOWN
S204,Kh. Qa'un 2,C2_tomb_shafts,without,False,False,False,full,to Stage 2,UNKNOWN,UNKNOWN,UNKNOWN,UNKNOWN,UNKNOWN,UNKNOWN,UNKNOWN
S204,Kh. Qa'un 2,dated_only,with,False,False,False,full,to Stage 2,UNKNOWN,UNKNOWN,UNKNOWN,UNKNOWN,UNKNOWN,UNKNOWN,UNKNOWN
S204,Kh. Qa'un 2,dated_only,without,False,False,False,full,to Stage 2,UNKNOWN,UNKNOWN,UNKNOWN,UNKNOWN,UNKNOWN,UNKNOWN,UNKNOWN
S210,Wadi Qa'un 1,primary,with,False,False,False,full,to Stage 2,UNKNOWN,UNKNOWN,UNKNOWN,UNKNOWN,UNKNOWN,UNKNOWN,UNKNOWN
S210,Wadi Qa'un 1,primary,without,False,False,False,full,to Stage 2,UNKNOWN,UNKNOWN,UNKNOWN,UNKNOWN,UNKNOWN,UNKNOWN,UNKNOWN
S210,Wadi Qa'un 1,C1_0.5km,with,False,False,False,full,to Stage 2,UNKNOWN,UNKNOWN,UNKNOWN,UNKNOWN,UNKNOWN,UNKNOWN,UNKNOWN
S210,Wadi Qa'un 1,C1_0.5km,without,False,False,False,full,to Stage 2,UNKNOWN,UNKNOWN,UNKNOWN,UNKNOWN,UNKNOWN,UNKNOWN,UNKNOWN
S210,Wadi Qa'un 1,C1_2km,with,False,False,False,full,to Stage 2,UNKNOWN,UNKNOWN,UNKNOWN,UNKNOWN,UNKNOWN,UNKNOWN,UNKNOWN
S210,Wadi Qa'un 1,C1_2km,without,False,False,False,full,to Stage 2,UNKNOWN,UNKNOWN,UNKNOWN,UNKNOWN,UNKNOWN,UNKNOWN,UNKNOWN
S210,Wadi Qa'un 1,C2_tomb_shafts,with,False,False,False,full,to Stage 2,UNKNOWN,UNKNOWN,UNKNOWN,UNKNOWN,UNKNOWN,UNKNOWN,UNKNOWN
S210,Wadi Qa'un 1,C2_tomb_shafts,without,False,False,False,full,to Stage 2,UNKNOWN,UNKNOWN,UNKNOWN,UNKNOWN,UNKNOWN,UNKNOWN,UNKNOWN
S210,Wadi Qa'un 1,dated_only,with,False,False,False,full,to Stage 2,UNKNOWN,UNKNOWN,UNKNOWN,UNKNOWN,UNKNOWN,UNKNOWN,UNKNOWN
S210,Wadi Qa'un 1,dated_only,without,False,False,False,full,to Stage 2,UNKNOWN,UNKNOWN,UNKNOWN,UNKNOWN,UNKNOWN,UNKNOWN,UNKNOWN
S231,Wadi el-Balad,primary,with,False,False,False,full,not recorded,UNKNOWN,UNKNOWN,UNKNOWN,UNKNOWN,UNKNOWN,UNKNOWN,UNKNOWN
S231,Wadi el-Balad,primary,without,False,False,False,full,not recorded,UNKNOWN,UNKNOWN,UNKNOWN,UNKNOWN,UNKNOWN,UNKNOWN,UNKNOWN
S231,Wadi el-Balad,C1_0.5km,with,False,False,False,full,not recorded,UNKNOWN,UNKNOWN,UNKNOWN,UNKNOWN,UNKNOWN,UNKNOWN,UNKNOWN
S231,Wadi el-Balad,C1_0.5km,without,False,False,False,full,not recorded,UNKNOWN,UNKNOWN,UNKNOWN,UNKNOWN,UNKNOWN,UNKNOWN,UNKNOWN
S231,Wadi el-Balad,C1_2km,with,False,False,False,full,not recorded,UNKNOWN,UNKNOWN,UNKNOWN,UNKNOWN,UNKNOWN,UNKNOWN,UNKNOWN
S231,Wadi el-Balad,C1_2km,without,False,False,False,full,not recorded,UNKNOWN,UNKNOWN,UNKNOWN,UNKNOWN,UNKNOWN,UNKNOWN,UNKNOWN
S231,Wadi el-Balad,C2_tomb_shafts,with,False,False,False,full,not recorded,UNKNOWN,UNKNOWN,UNKNOWN,UNKNOWN,UNKNOWN,UNKNOWN,UNKNOWN
S231,Wadi el-Balad,C2_tomb_shafts,without,False,False,False,full,not recorded,UNKNOWN,UNKNOWN,UNKNOWN,UNKNOWN,UNKNOWN,UNKNOWN,UNKNOWN
S231,Wadi el-Balad,dated_only,with,False,False,False,full,not recorded,UNKNOWN,UNKNOWN,UNKNOWN,UNKNOWN,UNKNOWN,UNKNOWN,UNKNOWN
S231,Wadi el-Balad,dated_only,without,False,False,False,full,not recorded,UNKNOWN,UNKNOWN,UNKNOWN,UNKNOWN,UNKNOWN,UNKNOWN,UNKNOWN
S235,el-Ḥabayel B,primary,with,False,False,False,full,not recorded,UNKNOWN,UNKNOWN,UNKNOWN,UNKNOWN,UNKNOWN,UNKNOWN,UNKNOWN
S235,el-Ḥabayel B,primary,without,False,False,False,full,not recorded,UNKNOWN,UNKNOWN,UNKNOWN,UNKNOWN,UNKNOWN,UNKNOWN,UNKNOWN
S235,el-Ḥabayel B,C1_0.5km,with,False,False,False,full,not recorded,UNKNOWN,UNKNOWN,UNKNOWN,UNKNOWN,UNKNOWN,UNKNOWN,UNKNOWN
S235,el-Ḥabayel B,C1_0.5km,without,False,False,False,full,not recorded,UNKNOWN,UNKNOWN,UNKNOWN,UNKNOWN,UNKNOWN,UNKNOWN,UNKNOWN
S235,el-Ḥabayel B,C1_2km,with,False,False,False,full,not recorded,UNKNOWN,UNKNOWN,UNKNOWN,UNKNOWN,UNKNOWN,UNKNOWN,UNKNOWN
S235,el-Ḥabayel B,C1_2km,without,False,False,False,full,not recorded,UNKNOWN,UNKNOWN,UNKNOWN,UNKNOWN,UNKNOWN,UNKNOWN,UNKNOWN
S235,el-Ḥabayel B,C2_tomb_shafts,with,False,False,False,full,not recorded,UNKNOWN,UNKNOWN,UNKNOWN,UNKNOWN,UNKNOWN,UNKNOWN,UNKNOWN
S235,el-Ḥabayel B,C2_tomb_shafts,without,False,False,False,full,not recorded,UNKNOWN,UNKNOWN,UNKNOWN,UNKNOWN,UNKNOWN,UNKNOWN,UNKNOWN
S235,el-Ḥabayel B,dated_only,with,False,False,False,full,not recorded,UNKNOWN,UNKNOWN,UNKNOWN,UNKNOWN,UNKNOWN,UNKNOWN,UNKNOWN
S235,el-Ḥabayel B,dated_only,without,False,False,False,full,not recorded,UNKNOWN,UNKNOWN,UNKNOWN,UNKNOWN,UNKNOWN,UNKNOWN,UNKNOWN
S268,Tell ed-Deir 2,primary,with,False,False,False,full,not recorded,UNKNOWN,UNKNOWN,UNKNOWN,UNKNOWN,UNKNOWN,UNKNOWN,UNKNOWN
S268,Tell ed-Deir 2,primary,without,False,False,False,full,not recorded,UNKNOWN,UNKNOWN,UNKNOWN,UNKNOWN,UNKNOWN,UNKNOWN,UNKNOWN
S268,Tell ed-Deir 2,C1_0.5km,with,False,False,False,full,not recorded,UNKNOWN,UNKNOWN,UNKNOWN,UNKNOWN,UNKNOWN,UNKNOWN,UNKNOWN
S268,Tell ed-Deir 2,C1_0.5km,without,False,False,False,full,not recorded,UNKNOWN,UNKNOWN,UNKNOWN,UNKNOWN,UNKNOWN,UNKNOWN,UNKNOWN
S268,Tell ed-Deir 2,C1_2km,with,False,False,False,full,not recorded,UNKNOWN,UNKNOWN,UNKNOWN,UNKNOWN,UNKNOWN,UNKNOWN,UNKNOWN
S268,Tell ed-Deir 2,C1_2km,without,False,False,False,full,not recorded,UNKNOWN,UNKNOWN,UNKNOWN,UNKNOWN,UNKNOWN,UNKNOWN,UNKNOWN
S268,Tell ed-Deir 2,C2_tomb_shafts,with,False,False,False,full,not recorded,UNKNOWN,UNKNOWN,UNKNOWN,UNKNOWN,UNKNOWN,UNKNOWN,UNKNOWN
S268,Tell ed-Deir 2,C2_tomb_shafts,without,False,False,False,full,not recorded,UNKNOWN,UNKNOWN,UNKNOWN,UNKNOWN,UNKNOWN,UNKNOWN,UNKNOWN
S268,Tell ed-Deir 2,dated_only,with,False,False,False,full,not recorded,UNKNOWN,UNKNOWN,UNKNOWN,UNKNOWN,UNKNOWN,UNKNOWN,UNKNOWN
S268,Tell ed-Deir 2,dated_only,without,False,False,False,full,not recorded,UNKNOWN,UNKNOWN,UNKNOWN,UNKNOWN,UNKNOWN,UNKNOWN,UNKNOWN
S282,-,primary,with,False,False,False,partial,not recorded,UNKNOWN,UNKNOWN,UNKNOWN,UNKNOWN,UNKNOWN,UNKNOWN,UNKNOWN
S282,-,primary,without,False,False,False,partial,not recorded,UNKNOWN,UNKNOWN,UNKNOWN,UNKNOWN,UNKNOWN,UNKNOWN,UNKNOWN
S282,-,C1_0.5km,with,False,False,False,partial,not recorded,UNKNOWN,UNKNOWN,UNKNOWN,UNKNOWN,UNKNOWN,UNKNOWN,UNKNOWN
S282,-,C1_0.5km,without,False,False,False,partial,not recorded,UNKNOWN,UNKNOWN,UNKNOWN,UNKNOWN,UNKNOWN,UNKNOWN,UNKNOWN
S282,-,C1_2km,with,False,False,False,partial,not recorded,UNKNOWN,UNKNOWN,UNKNOWN,UNKNOWN,UNKNOWN,UNKNOWN,UNKNOWN
S282,-,C1_2km,without,False,False,False,partial,not recorded,UNKNOWN,UNKNOWN,UNKNOWN,UNKNOWN,UNKNOWN,UNKNOWN,UNKNOWN
S282,-,C2_tomb_shafts,with,False,False,False,partial,not recorded,UNKNOWN,UNKNOWN,UNKNOWN,UNKNOWN,UNKNOWN,UNKNOWN,UNKNOWN
S282,-,C2_tomb_shafts,without,False,False,False,partial,not recorded,UNKNOWN,UNKNOWN,UNKNOWN,UNKNOWN,UNKNOWN,UNKNOWN,UNKNOWN
S282,-,dated_only,with,False,False,False,partial,not recorded,UNKNOWN,UNKNOWN,UNKNOWN,UNKNOWN,UNKNOWN,UNKNOWN,UNKNOWN
S282,-,dated_only,without,False,False,False,partial,not recorded,UNKNOWN,UNKNOWN,UNKNOWN,UNKNOWN,UNKNOWN,UNKNOWN,UNKNOWN
S302,El-Mudawarra,primary,with,False,False,False,full,not recorded,UNKNOWN,UNKNOWN,UNKNOWN,UNKNOWN,UNKNOWN,UNKNOWN,UNKNOWN
S302,El-Mudawarra,primary,without,False,False,False,full,not recorded,UNKNOWN,UNKNOWN,UNKNOWN,UNKNOWN,UNKNOWN,UNKNOWN,UNKNOWN
S302,El-Mudawarra,C1_0.5km,with,False,False,False,full,not recorded,UNKNOWN,UNKNOWN,UNKNOWN,UNKNOWN,UNKNOWN,UNKNOWN,UNKNOWN
S302,El-Mudawarra,C1_0.5km,without,False,False,False,full,not recorded,UNKNOWN,UNKNOWN,UNKNOWN,UNKNOWN,UNKNOWN,UNKNOWN,UNKNOWN
S302,El-Mudawarra,C1_2km,with,False,False,False,full,not recorded,UNKNOWN,UNKNOWN,UNKNOWN,UNKNOWN,UNKNOWN,UNKNOWN,UNKNOWN
S302,El-Mudawarra,C1_2km,without,False,False,False,full,not recorded,UNKNOWN,UNKNOWN,UNKNOWN,UNKNOWN,UNKNOWN,UNKNOWN,UNKNOWN
S302,El-Mudawarra,C2_tomb_shafts,with,False,False,False,full,not recorded,UNKNOWN,UNKNOWN,UNKNOWN,UNKNOWN,UNKNOWN,UNKNOWN,UNKNOWN
S302,El-Mudawarra,C2_tomb_shafts,without,False,False,False,full,not recorded,UNKNOWN,UNKNOWN,UNKNOWN,UNKNOWN,UNKNOWN,UNKNOWN,UNKNOWN
S302,El-Mudawarra,dated_only,with,False,False,False,full,not recorded,UNKNOWN,UNKNOWN,UNKNOWN,UNKNOWN,UNKNOWN,UNKNOWN,UNKNOWN
S302,El-Mudawarra,dated_only,without,False,False,False,full,not recorded,UNKNOWN,UNKNOWN,UNKNOWN,UNKNOWN,UNKNOWN,UNKNOWN,UNKNOWN
S308,El-Khirbeh,primary,with,False,False,False,full,not recorded,UNKNOWN,UNKNOWN,UNKNOWN,UNKNOWN,UNKNOWN,UNKNOWN,UNKNOWN
S308,El-Khirbeh,primary,without,False,False,False,full,not recorded,UNKNOWN,UNKNOWN,UNKNOWN,UNKNOWN,UNKNOWN,UNKNOWN,UNKNOWN
S308,El-Khirbeh,C1_0.5km,with,False,False,False,full,not recorded,UNKNOWN,UNKNOWN,UNKNOWN,UNKNOWN,UNKNOWN,UNKNOWN,UNKNOWN
S308,El-Khirbeh,C1_0.5km,without,False,False,False,full,not recorded,UNKNOWN,UNKNOWN,UNKNOWN,UNKNOWN,UNKNOWN,UNKNOWN,UNKNOWN
S308,El-Khirbeh,C1_2km,with,False,False,False,full,not recorded,UNKNOWN,UNKNOWN,UNKNOWN,UNKNOWN,UNKNOWN,UNKNOWN,UNKNOWN
S308,El-Khirbeh,C1_2km,without,False,False,False,full,not recorded,UNKNOWN,UNKNOWN,UNKNOWN,UNKNOWN,UNKNOWN,UNKNOWN,UNKNOWN
S308,El-Khirbeh,C2_tomb_shafts,with,False,False,False,full,not recorded,UNKNOWN,UNKNOWN,UNKNOWN,UNKNOWN,UNKNOWN,UNKNOWN,UNKNOWN
S308,El-Khirbeh,C2_tomb_shafts,without,False,False,False,full,not recorded,UNKNOWN,UNKNOWN,UNKNOWN,UNKNOWN,UNKNOWN,UNKNOWN,UNKNOWN
S308,El-Khirbeh,dated_only,with,False,False,False,full,not recorded,UNKNOWN,UNKNOWN,UNKNOWN,UNKNOWN,UNKNOWN,UNKNOWN,UNKNOWN
S308,El-Khirbeh,dated_only,without,False,False,False,full,not recorded,UNKNOWN,UNKNOWN,UNKNOWN,UNKNOWN,UNKNOWN,UNKNOWN,UNKNOWN
S314,Kh. Mgharet el-Kih,primary,with,False,False,False,full,not recorded,UNKNOWN,UNKNOWN,UNKNOWN,UNKNOWN,UNKNOWN,UNKNOWN,UNKNOWN
S314,Kh. Mgharet el-Kih,primary,without,False,False,False,full,not recorded,UNKNOWN,UNKNOWN,UNKNOWN,UNKNOWN,UNKNOWN,UNKNOWN,UNKNOWN
S314,Kh. Mgharet el-Kih,C1_0.5km,with,False,False,False,full,not recorded,UNKNOWN,UNKNOWN,UNKNOWN,UNKNOWN,UNKNOWN,UNKNOWN,UNKNOWN
S314,Kh. Mgharet el-Kih,C1_0.5km,without,False,False,False,full,not recorded,UNKNOWN,UNKNOWN,UNKNOWN,UNKNOWN,UNKNOWN,UNKNOWN,UNKNOWN
S314,Kh. Mgharet el-Kih,C1_2km,with,False,False,False,full,not recorded,UNKNOWN,UNKNOWN,UNKNOWN,UNKNOWN,UNKNOWN,UNKNOWN,UNKNOWN
S314,Kh. Mgharet el-Kih,C1_2km,without,False,False,False,full,not recorded,UNKNOWN,UNKNOWN,UNKNOWN,UNKNOWN,UNKNOWN,UNKNOWN,UNKNOWN
S314,Kh. Mgharet el-Kih,C2_tomb_shafts,with,False,False,False,full,not recorded,UNKNOWN,UNKNOWN,UNKNOWN,UNKNOWN,UNKNOWN,UNKNOWN,UNKNOWN
S314,Kh. Mgharet el-Kih,C2_tomb_shafts,without,False,False,False,full,not recorded,UNKNOWN,UNKNOWN,UNKNOWN,UNKNOWN,UNKNOWN,UNKNOWN,UNKNOWN
S314,Kh. Mgharet el-Kih,dated_only,with,False,False,False,full,not recorded,UNKNOWN,UNKNOWN,UNKNOWN,UNKNOWN,UNKNOWN,UNKNOWN,UNKNOWN
S314,Kh. Mgharet el-Kih,dated_only,without,False,False,False,full,not recorded,UNKNOWN,UNKNOWN,UNKNOWN,UNKNOWN,UNKNOWN,UNKNOWN,UNKNOWN
S323,Kh. Ḥamdun,primary,with,False,False,False,full,not recorded,UNKNOWN,UNKNOWN,UNKNOWN,UNKNOWN,UNKNOWN,UNKNOWN,UNKNOWN
S323,Kh. Ḥamdun,primary,without,False,False,False,full,not recorded,UNKNOWN,UNKNOWN,UNKNOWN,UNKNOWN,UNKNOWN,UNKNOWN,UNKNOWN
S323,Kh. Ḥamdun,C1_0.5km,with,False,False,False,full,not recorded,UNKNOWN,UNKNOWN,UNKNOWN,UNKNOWN,UNKNOWN,UNKNOWN,UNKNOWN
S323,Kh. Ḥamdun,C1_0.5km,without,False,False,False,full,not recorded,UNKNOWN,UNKNOWN,UNKNOWN,UNKNOWN,UNKNOWN,UNKNOWN,UNKNOWN
S323,Kh. Ḥamdun,C1_2km,with,False,False,False,full,not recorded,UNKNOWN,UNKNOWN,UNKNOWN,UNKNOWN,UNKNOWN,UNKNOWN,UNKNOWN
S323,Kh. Ḥamdun,C1_2km,without,False,False,False,full,not recorded,UNKNOWN,UNKNOWN,UNKNOWN,UNKNOWN,UNKNOWN,UNKNOWN,UNKNOWN
S323,Kh. Ḥamdun,C2_tomb_shafts,with,False,False,False,full,not recorded,UNKNOWN,UNKNOWN,UNKNOWN,UNKNOWN,UNKNOWN,UNKNOWN,UNKNOWN
S323,Kh. Ḥamdun,C2_tomb_shafts,without,False,False,False,full,not recorded,UNKNOWN,UNKNOWN,UNKNOWN,UNKNOWN,UNKNOWN,UNKNOWN,UNKNOWN
S323,Kh. Ḥamdun,dated_only,with,False,False,False,full,not recorded,UNKNOWN,UNKNOWN,UNKNOWN,UNKNOWN,UNKNOWN,UNKNOWN,UNKNOWN
S323,Kh. Ḥamdun,dated_only,without,False,False,False,full,not recorded,UNKNOWN,UNKNOWN,UNKNOWN,UNKNOWN,UNKNOWN,UNKNOWN,UNKNOWN
S342,El-Kebarrah,primary,with,False,False,False,full,not recorded,UNKNOWN,UNKNOWN,UNKNOWN,UNKNOWN,UNKNOWN,UNKNOWN,UNKNOWN
S342,El-Kebarrah,primary,without,False,False,False,full,not recorded,UNKNOWN,UNKNOWN,UNKNOWN,UNKNOWN,UNKNOWN,UNKNOWN,UNKNOWN
S342,El-Kebarrah,C1_0.5km,with,False,False,False,full,not recorded,UNKNOWN,UNKNOWN,UNKNOWN,UNKNOWN,UNKNOWN,UNKNOWN,UNKNOWN
S342,El-Kebarrah,C1_0.5km,without,False,False,False,full,not recorded,UNKNOWN,UNKNOWN,UNKNOWN,UNKNOWN,UNKNOWN,UNKNOWN,UNKNOWN
S342,El-Kebarrah,C1_2km,with,False,False,False,full,not recorded,UNKNOWN,UNKNOWN,UNKNOWN,UNKNOWN,UNKNOWN,UNKNOWN,UNKNOWN
S342,El-Kebarrah,C1_2km,without,False,False,False,full,not recorded,UNKNOWN,UNKNOWN,UNKNOWN,UNKNOWN,UNKNOWN,UNKNOWN,UNKNOWN
S342,El-Kebarrah,C2_tomb_shafts,with,False,False,False,full,not recorded,UNKNOWN,UNKNOWN,UNKNOWN,UNKNOWN,UNKNOWN,UNKNOWN,UNKNOWN
S342,El-Kebarrah,C2_tomb_shafts,without,False,False,False,full,not recorded,UNKNOWN,UNKNOWN,UNKNOWN,UNKNOWN,UNKNOWN,UNKNOWN,UNKNOWN
S342,El-Kebarrah,dated_only,with,False,False,False,full,not recorded,UNKNOWN,UNKNOWN,UNKNOWN,UNKNOWN,UNKNOWN,UNKNOWN,UNKNOWN
S342,El-Kebarrah,dated_only,without,False,False,False,full,not recorded,UNKNOWN,UNKNOWN,UNKNOWN,UNKNOWN,UNKNOWN,UNKNOWN,UNKNOWN
S348,Wadi Malih,primary,with,False,False,False,full,not recorded,UNKNOWN,UNKNOWN,UNKNOWN,UNKNOWN,UNKNOWN,UNKNOWN,UNKNOWN
S348,Wadi Malih,primary,without,False,False,False,full,not recorded,UNKNOWN,UNKNOWN,UNKNOWN,UNKNOWN,UNKNOWN,UNKNOWN,UNKNOWN
S348,Wadi Malih,C1_0.5km,with,False,False,False,full,not recorded,UNKNOWN,UNKNOWN,UNKNOWN,UNKNOWN,UNKNOWN,UNKNOWN,UNKNOWN
S348,Wadi Malih,C1_0.5km,without,False,False,False,full,not recorded,UNKNOWN,UNKNOWN,UNKNOWN,UNKNOWN,UNKNOWN,UNKNOWN,UNKNOWN
S348,Wadi Malih,C1_2km,with,False,False,False,full,not recorded,UNKNOWN,UNKNOWN,UNKNOWN,UNKNOWN,UNKNOWN,UNKNOWN,UNKNOWN
S348,Wadi Malih,C1_2km,without,False,False,False,full,not recorded,UNKNOWN,UNKNOWN,UNKNOWN,UNKNOWN,UNKNOWN,UNKNOWN,UNKNOWN
S348,Wadi Malih,C2_tomb_shafts,with,False,False,False,full,not recorded,UNKNOWN,UNKNOWN,UNKNOWN,UNKNOWN,UNKNOWN,UNKNOWN,UNKNOWN
S348,Wadi Malih,C2_tomb_shafts,without,False,False,False,full,not recorded,UNKNOWN,UNKNOWN,UNKNOWN,UNKNOWN,UNKNOWN,UNKNOWN,UNKNOWN
S348,Wadi Malih,dated_only,with,False,False,False,full,not recorded,UNKNOWN,UNKNOWN,UNKNOWN,UNKNOWN,UNKNOWN,UNKNOWN,UNKNOWN
S348,Wadi Malih,dated_only,without,False,False,False,full,not recorded,UNKNOWN,UNKNOWN,UNKNOWN,UNKNOWN,UNKNOWN,UNKNOWN,UNKNOWN
S381,Kh. Mhallal,primary,with,False,False,False,full,not recorded,UNKNOWN,UNKNOWN,UNKNOWN,UNKNOWN,UNKNOWN,UNKNOWN,UNKNOWN
S381,Kh. Mhallal,primary,without,False,False,False,full,not recorded,UNKNOWN,UNKNOWN,UNKNOWN,UNKNOWN,UNKNOWN,UNKNOWN,UNKNOWN
S381,Kh. Mhallal,C1_0.5km,with,False,False,False,full,not recorded,UNKNOWN,UNKNOWN,UNKNOWN,UNKNOWN,UNKNOWN,UNKNOWN,UNKNOWN
S381,Kh. Mhallal,C1_0.5km,without,False,False,False,full,not recorded,UNKNOWN,UNKNOWN,UNKNOWN,UNKNOWN,UNKNOWN,UNKNOWN,UNKNOWN
S381,Kh. Mhallal,C1_2km,with,False,False,False,full,not recorded,UNKNOWN,UNKNOWN,UNKNOWN,UNKNOWN,UNKNOWN,UNKNOWN,UNKNOWN
S381,Kh. Mhallal,C1_2km,without,False,False,False,full,not recorded,UNKNOWN,UNKNOWN,UNKNOWN,UNKNOWN,UNKNOWN,UNKNOWN,UNKNOWN
S381,Kh. Mhallal,C2_tomb_shafts,with,False,False,False,full,not recorded,UNKNOWN,UNKNOWN,UNKNOWN,UNKNOWN,UNKNOWN,UNKNOWN,UNKNOWN
S381,Kh. Mhallal,C2_tomb_shafts,without,False,False,False,full,not recorded,UNKNOWN,UNKNOWN,UNKNOWN,UNKNOWN,UNKNOWN,UNKNOWN,UNKNOWN
S381,Kh. Mhallal,dated_only,with,False,False,False,full,not recorded,UNKNOWN,UNKNOWN,UNKNOWN,UNKNOWN,UNKNOWN,UNKNOWN,UNKNOWN
S381,Kh. Mhallal,dated_only,without,False,False,False,full,not recorded,UNKNOWN,UNKNOWN,UNKNOWN,UNKNOWN,UNKNOWN,UNKNOWN,UNKNOWN
S386,Iraq el-Mardom,primary,with,False,False,False,full,to Stage 2,UNKNOWN,UNKNOWN,UNKNOWN,UNKNOWN,UNKNOWN,UNKNOWN,UNKNOWN
S386,Iraq el-Mardom,primary,without,False,False,False,full,to Stage 2,UNKNOWN,UNKNOWN,UNKNOWN,UNKNOWN,UNKNOWN,UNKNOWN,UNKNOWN
S386,Iraq el-Mardom,C1_0.5km,with,False,False,False,full,to Stage 2,UNKNOWN,UNKNOWN,UNKNOWN,UNKNOWN,UNKNOWN,UNKNOWN,UNKNOWN
S386,Iraq el-Mardom,C1_0.5km,without,False,False,False,full,to Stage 2,UNKNOWN,UNKNOWN,UNKNOWN,UNKNOWN,UNKNOWN,UNKNOWN,UNKNOWN
S386,Iraq el-Mardom,C1_2km,with,False,False,False,full,to Stage 2,UNKNOWN,UNKNOWN,UNKNOWN,UNKNOWN,UNKNOWN,UNKNOWN,UNKNOWN
S386,Iraq el-Mardom,C1_2km,without,False,False,False,full,to Stage 2,UNKNOWN,UNKNOWN,UNKNOWN,UNKNOWN,UNKNOWN,UNKNOWN,UNKNOWN
S386,Iraq el-Mardom,C2_tomb_shafts,with,False,False,False,full,to Stage 2,UNKNOWN,UNKNOWN,UNKNOWN,UNKNOWN,UNKNOWN,UNKNOWN,UNKNOWN
S386,Iraq el-Mardom,C2_tomb_shafts,without,False,False,False,full,to Stage 2,UNKNOWN,UNKNOWN,UNKNOWN,UNKNOWN,UNKNOWN,UNKNOWN,UNKNOWN
S386,Iraq el-Mardom,dated_only,with,False,False,False,full,to Stage 2,UNKNOWN,UNKNOWN,UNKNOWN,UNKNOWN,UNKNOWN,UNKNOWN,UNKNOWN
S386,Iraq el-Mardom,dated_only,without,False,False,False,full,to Stage 2,UNKNOWN,UNKNOWN,UNKNOWN,UNKNOWN,UNKNOWN,UNKNOWN,UNKNOWN
S389,Kh. Umm Ghazal,primary,with,False,False,False,full,not recorded,UNKNOWN,UNKNOWN,UNKNOWN,UNKNOWN,UNKNOWN,UNKNOWN,UNKNOWN
S389,Kh. Umm Ghazal,primary,without,False,False,False,full,not recorded,UNKNOWN,UNKNOWN,UNKNOWN,UNKNOWN,UNKNOWN,UNKNOWN,UNKNOWN
S389,Kh. Umm Ghazal,C1_0.5km,with,False,False,False,full,not recorded,UNKNOWN,UNKNOWN,UNKNOWN,UNKNOWN,UNKNOWN,UNKNOWN,UNKNOWN
S389,Kh. Umm Ghazal,C1_0.5km,without,False,False,False,full,not recorded,UNKNOWN,UNKNOWN,UNKNOWN,UNKNOWN,UNKNOWN,UNKNOWN,UNKNOWN
S389,Kh. Umm Ghazal,C1_2km,with,False,False,False,full,not recorded,UNKNOWN,UNKNOWN,UNKNOWN,UNKNOWN,UNKNOWN,UNKNOWN,UNKNOWN
S389,Kh. Umm Ghazal,C1_2km,without,False,False,False,full,not recorded,UNKNOWN,UNKNOWN,UNKNOWN,UNKNOWN,UNKNOWN,UNKNOWN,UNKNOWN
S389,Kh. Umm Ghazal,C2_tomb_shafts,with,False,False,False,full,not recorded,UNKNOWN,UNKNOWN,UNKNOWN,UNKNOWN,UNKNOWN,UNKNOWN,UNKNOWN
S389,Kh. Umm Ghazal,C2_tomb_shafts,without,False,False,False,full,not recorded,UNKNOWN,UNKNOWN,UNKNOWN,UNKNOWN,UNKNOWN,UNKNOWN,UNKNOWN
S389,Kh. Umm Ghazal,dated_only,with,False,False,False,full,not recorded,UNKNOWN,UNKNOWN,UNKNOWN,UNKNOWN,UNKNOWN,UNKNOWN,UNKNOWN
S389,Kh. Umm Ghazal,dated_only,without,False,False,False,full,not recorded,UNKNOWN,UNKNOWN,UNKNOWN,UNKNOWN,UNKNOWN,UNKNOWN,UNKNOWN
S390,Kh. el-M'allaqe,primary,with,False,False,False,full,not recorded,UNKNOWN,UNKNOWN,UNKNOWN,UNKNOWN,UNKNOWN,UNKNOWN,UNKNOWN
S390,Kh. el-M'allaqe,primary,without,False,False,False,full,not recorded,UNKNOWN,UNKNOWN,UNKNOWN,UNKNOWN,UNKNOWN,UNKNOWN,UNKNOWN
S390,Kh. el-M'allaqe,C1_0.5km,with,False,False,False,full,not recorded,UNKNOWN,UNKNOWN,UNKNOWN,UNKNOWN,UNKNOWN,UNKNOWN,UNKNOWN
S390,Kh. el-M'allaqe,C1_0.5km,without,False,False,False,full,not recorded,UNKNOWN,UNKNOWN,UNKNOWN,UNKNOWN,UNKNOWN,UNKNOWN,UNKNOWN
S390,Kh. el-M'allaqe,C1_2km,with,False,False,False,full,not recorded,UNKNOWN,UNKNOWN,UNKNOWN,UNKNOWN,UNKNOWN,UNKNOWN,UNKNOWN
S390,Kh. el-M'allaqe,C1_2km,without,False,False,False,full,not recorded,UNKNOWN,UNKNOWN,UNKNOWN,UNKNOWN,UNKNOWN,UNKNOWN,UNKNOWN
S390,Kh. el-M'allaqe,C2_tomb_shafts,with,False,False,False,full,not recorded,UNKNOWN,UNKNOWN,UNKNOWN,UNKNOWN,UNKNOWN,UNKNOWN,UNKNOWN
S390,Kh. el-M'allaqe,C2_tomb_shafts,without,False,False,False,full,not recorded,UNKNOWN,UNKNOWN,UNKNOWN,UNKNOWN,UNKNOWN,UNKNOWN,UNKNOWN
S390,Kh. el-M'allaqe,dated_only,with,False,False,False,full,not recorded,UNKNOWN,UNKNOWN,UNKNOWN,UNKNOWN,UNKNOWN,UNKNOWN,UNKNOWN
S390,Kh. el-M'allaqe,dated_only,without,False,False,False,full,not recorded,UNKNOWN,UNKNOWN,UNKNOWN,UNKNOWN,UNKNOWN,UNKNOWN,UNKNOWN
S393,Munṭar esh-Shaqq,primary,with,False,False,True,full,not recorded,UNKNOWN,UNKNOWN,UNKNOWN,UNKNOWN,UNKNOWN,UNKNOWN,UNKNOWN
S393,Munṭar esh-Shaqq,primary,without,False,False,True,full,not recorded,UNKNOWN,UNKNOWN,UNKNOWN,UNKNOWN,UNKNOWN,UNKNOWN,UNKNOWN
S393,Munṭar esh-Shaqq,C1_0.5km,with,False,False,True,full,not recorded,UNKNOWN,UNKNOWN,UNKNOWN,UNKNOWN,UNKNOWN,UNKNOWN,UNKNOWN
S393,Munṭar esh-Shaqq,C1_0.5km,without,False,False,True,full,not recorded,UNKNOWN,UNKNOWN,UNKNOWN,UNKNOWN,UNKNOWN,UNKNOWN,UNKNOWN
S393,Munṭar esh-Shaqq,C1_2km,with,False,False,True,full,not recorded,UNKNOWN,UNKNOWN,UNKNOWN,UNKNOWN,UNKNOWN,UNKNOWN,UNKNOWN
S393,Munṭar esh-Shaqq,C1_2km,without,False,False,True,full,not recorded,UNKNOWN,UNKNOWN,UNKNOWN,UNKNOWN,UNKNOWN,UNKNOWN,UNKNOWN
S393,Munṭar esh-Shaqq,C2_tomb_shafts,with,False,False,True,full,not recorded,UNKNOWN,UNKNOWN,UNKNOWN,UNKNOWN,UNKNOWN,UNKNOWN,UNKNOWN
S393,Munṭar esh-Shaqq,C2_tomb_shafts,without,False,False,True,full,not recorded,UNKNOWN,UNKNOWN,UNKNOWN,UNKNOWN,UNKNOWN,UNKNOWN,UNKNOWN
S393,Munṭar esh-Shaqq,dated_only,with,False,False,True,full,not recorded,UNKNOWN,UNKNOWN,UNKNOWN,UNKNOWN,UNKNOWN,UNKNOWN,UNKNOWN
S393,Munṭar esh-Shaqq,dated_only,without,False,False,True,full,not recorded,UNKNOWN,UNKNOWN,UNKNOWN,UNKNOWN,UNKNOWN,UNKNOWN,UNKNOWN
S408,Qasr Khallet en-Nimr,primary,with,False,False,False,full,not recorded,UNKNOWN,UNKNOWN,UNKNOWN,UNKNOWN,UNKNOWN,UNKNOWN,UNKNOWN
S408,Qasr Khallet en-Nimr,primary,without,False,False,False,full,not recorded,UNKNOWN,UNKNOWN,UNKNOWN,UNKNOWN,UNKNOWN,UNKNOWN,UNKNOWN
S408,Qasr Khallet en-Nimr,C1_0.5km,with,False,False,False,full,not recorded,UNKNOWN,UNKNOWN,UNKNOWN,UNKNOWN,UNKNOWN,UNKNOWN,UNKNOWN
S408,Qasr Khallet en-Nimr,C1_0.5km,without,False,False,False,full,not recorded,UNKNOWN,UNKNOWN,UNKNOWN,UNKNOWN,UNKNOWN,UNKNOWN,UNKNOWN
S408,Qasr Khallet en-Nimr,C1_2km,with,False,False,False,full,not recorded,UNKNOWN,UNKNOWN,UNKNOWN,UNKNOWN,UNKNOWN,UNKNOWN,UNKNOWN
S408,Qasr Khallet en-Nimr,C1_2km,without,False,False,False,full,not recorded,UNKNOWN,UNKNOWN,UNKNOWN,UNKNOWN,UNKNOWN,UNKNOWN,UNKNOWN
S408,Qasr Khallet en-Nimr,C2_tomb_shafts,with,False,False,False,full,not recorded,UNKNOWN,UNKNOWN,UNKNOWN,UNKNOWN,UNKNOWN,UNKNOWN,UNKNOWN
S408,Qasr Khallet en-Nimr,C2_tomb_shafts,without,False,False,False,full,not recorded,UNKNOWN,UNKNOWN,UNKNOWN,UNKNOWN,UNKNOWN,UNKNOWN,UNKNOWN
S408,Qasr Khallet en-Nimr,dated_only,with,False,False,False,full,not recorded,UNKNOWN,UNKNOWN,UNKNOWN,UNKNOWN,UNKNOWN,UNKNOWN,UNKNOWN
S408,Qasr Khallet en-Nimr,dated_only,without,False,False,False,full,not recorded,UNKNOWN,UNKNOWN,UNKNOWN,UNKNOWN,UNKNOWN,UNKNOWN,UNKNOWN
S413,Kh. el-'Aqabe,primary,with,False,False,False,full,not recorded,UNKNOWN,UNKNOWN,UNKNOWN,UNKNOWN,UNKNOWN,UNKNOWN,UNKNOWN
S413,Kh. el-'Aqabe,primary,without,False,False,False,full,not recorded,UNKNOWN,UNKNOWN,UNKNOWN,UNKNOWN,UNKNOWN,UNKNOWN,UNKNOWN
S413,Kh. el-'Aqabe,C1_0.5km,with,False,False,False,full,not recorded,UNKNOWN,UNKNOWN,UNKNOWN,UNKNOWN,UNKNOWN,UNKNOWN,UNKNOWN
S413,Kh. el-'Aqabe,C1_0.5km,without,False,False,False,full,not recorded,UNKNOWN,UNKNOWN,UNKNOWN,UNKNOWN,UNKNOWN,UNKNOWN,UNKNOWN
S413,Kh. el-'Aqabe,C1_2km,with,False,False,False,full,not recorded,UNKNOWN,UNKNOWN,UNKNOWN,UNKNOWN,UNKNOWN,UNKNOWN,UNKNOWN
S413,Kh. el-'Aqabe,C1_2km,without,False,False,False,full,not recorded,UNKNOWN,UNKNOWN,UNKNOWN,UNKNOWN,UNKNOWN,UNKNOWN,UNKNOWN
S413,Kh. el-'Aqabe,C2_tomb_shafts,with,False,False,False,full,not recorded,UNKNOWN,UNKNOWN,UNKNOWN,UNKNOWN,UNKNOWN,UNKNOWN,UNKNOWN
S413,Kh. el-'Aqabe,C2_tomb_shafts,without,False,False,False,full,not recorded,UNKNOWN,UNKNOWN,UNKNOWN,UNKNOWN,UNKNOWN,UNKNOWN,UNKNOWN
S413,Kh. el-'Aqabe,dated_only,with,False,False,False,full,not recorded,UNKNOWN,UNKNOWN,UNKNOWN,UNKNOWN,UNKNOWN,UNKNOWN,UNKNOWN
S413,Kh. el-'Aqabe,dated_only,without,False,False,False,full,not recorded,UNKNOWN,UNKNOWN,UNKNOWN,UNKNOWN,UNKNOWN,UNKNOWN,UNKNOWN
S418,Tell ed-Diblaqa,primary,with,False,False,False,full,to Stage 2,UNKNOWN,UNKNOWN,UNKNOWN,UNKNOWN,UNKNOWN,UNKNOWN,UNKNOWN
S418,Tell ed-Diblaqa,primary,without,False,False,False,full,to Stage 2,UNKNOWN,UNKNOWN,UNKNOWN,UNKNOWN,UNKNOWN,UNKNOWN,UNKNOWN
S418,Tell ed-Diblaqa,C1_0.5km,with,False,False,False,full,to Stage 2,UNKNOWN,UNKNOWN,UNKNOWN,UNKNOWN,UNKNOWN,UNKNOWN,UNKNOWN
S418,Tell ed-Diblaqa,C1_0.5km,without,False,False,False,full,to Stage 2,UNKNOWN,UNKNOWN,UNKNOWN,UNKNOWN,UNKNOWN,UNKNOWN,UNKNOWN
S418,Tell ed-Diblaqa,C1_2km,with,False,False,False,full,to Stage 2,UNKNOWN,UNKNOWN,UNKNOWN,UNKNOWN,UNKNOWN,UNKNOWN,UNKNOWN
S418,Tell ed-Diblaqa,C1_2km,without,False,False,False,full,to Stage 2,UNKNOWN,UNKNOWN,UNKNOWN,UNKNOWN,UNKNOWN,UNKNOWN,UNKNOWN
S418,Tell ed-Diblaqa,C2_tomb_shafts,with,False,False,False,full,to Stage 2,UNKNOWN,UNKNOWN,UNKNOWN,UNKNOWN,UNKNOWN,UNKNOWN,UNKNOWN
S418,Tell ed-Diblaqa,C2_tomb_shafts,without,False,False,False,full,to Stage 2,UNKNOWN,UNKNOWN,UNKNOWN,UNKNOWN,UNKNOWN,UNKNOWN,UNKNOWN
S418,Tell ed-Diblaqa,dated_only,with,False,False,False,full,to Stage 2,UNKNOWN,UNKNOWN,UNKNOWN,UNKNOWN,UNKNOWN,UNKNOWN,UNKNOWN
S418,Tell ed-Diblaqa,dated_only,without,False,False,False,full,to Stage 2,UNKNOWN,UNKNOWN,UNKNOWN,UNKNOWN,UNKNOWN,UNKNOWN,UNKNOWN
S420,Kh. el-Ḥajj Ḥamdan,primary,with,False,False,False,full,not recorded,UNKNOWN,UNKNOWN,UNKNOWN,UNKNOWN,UNKNOWN,UNKNOWN,UNKNOWN
S420,Kh. el-Ḥajj Ḥamdan,primary,without,False,False,False,full,not recorded,UNKNOWN,UNKNOWN,UNKNOWN,UNKNOWN,UNKNOWN,UNKNOWN,UNKNOWN
S420,Kh. el-Ḥajj Ḥamdan,C1_0.5km,with,False,False,False,full,not recorded,UNKNOWN,UNKNOWN,UNKNOWN,UNKNOWN,UNKNOWN,UNKNOWN,UNKNOWN
S420,Kh. el-Ḥajj Ḥamdan,C1_0.5km,without,False,False,False,full,not recorded,UNKNOWN,UNKNOWN,UNKNOWN,UNKNOWN,UNKNOWN,UNKNOWN,UNKNOWN
S420,Kh. el-Ḥajj Ḥamdan,C1_2km,with,False,False,False,full,not recorded,UNKNOWN,UNKNOWN,UNKNOWN,UNKNOWN,UNKNOWN,UNKNOWN,UNKNOWN
S420,Kh. el-Ḥajj Ḥamdan,C1_2km,without,False,False,False,full,not recorded,UNKNOWN,UNKNOWN,UNKNOWN,UNKNOWN,UNKNOWN,UNKNOWN,UNKNOWN
S420,Kh. el-Ḥajj Ḥamdan,C2_tomb_shafts,with,False,False,False,full,not recorded,UNKNOWN,UNKNOWN,UNKNOWN,UNKNOWN,UNKNOWN,UNKNOWN,UNKNOWN
S420,Kh. el-Ḥajj Ḥamdan,C2_tomb_shafts,without,False,False,False,full,not recorded,UNKNOWN,UNKNOWN,UNKNOWN,UNKNOWN,UNKNOWN,UNKNOWN,UNKNOWN
S420,Kh. el-Ḥajj Ḥamdan,dated_only,with,False,False,False,full,not recorded,UNKNOWN,UNKNOWN,UNKNOWN,UNKNOWN,UNKNOWN,UNKNOWN,UNKNOWN
S420,Kh. el-Ḥajj Ḥamdan,dated_only,without,False,False,False,full,not recorded,UNKNOWN,UNKNOWN,UNKNOWN,UNKNOWN,UNKNOWN,UNKNOWN,UNKNOWN
S424,Kh. el-Khreibat B,primary,with,False,False,False,full,not recorded,UNKNOWN,UNKNOWN,UNKNOWN,UNKNOWN,UNKNOWN,UNKNOWN,UNKNOWN
S424,Kh. el-Khreibat B,primary,without,False,False,False,full,not recorded,UNKNOWN,UNKNOWN,UNKNOWN,UNKNOWN,UNKNOWN,UNKNOWN,UNKNOWN
S424,Kh. el-Khreibat B,C1_0.5km,with,False,False,False,full,not recorded,UNKNOWN,UNKNOWN,UNKNOWN,UNKNOWN,UNKNOWN,UNKNOWN,UNKNOWN
S424,Kh. el-Khreibat B,C1_0.5km,without,False,False,False,full,not recorded,UNKNOWN,UNKNOWN,UNKNOWN,UNKNOWN,UNKNOWN,UNKNOWN,UNKNOWN
S424,Kh. el-Khreibat B,C1_2km,with,False,False,False,full,not recorded,UNKNOWN,UNKNOWN,UNKNOWN,UNKNOWN,UNKNOWN,UNKNOWN,UNKNOWN
S424,Kh. el-Khreibat B,C1_2km,without,False,False,False,full,not recorded,UNKNOWN,UNKNOWN,UNKNOWN,UNKNOWN,UNKNOWN,UNKNOWN,UNKNOWN
S424,Kh. el-Khreibat B,C2_tomb_shafts,with,False,False,False,full,not recorded,UNKNOWN,UNKNOWN,UNKNOWN,UNKNOWN,UNKNOWN,UNKNOWN,UNKNOWN
S424,Kh. el-Khreibat B,C2_tomb_shafts,without,False,False,False,full,not recorded,UNKNOWN,UNKNOWN,UNKNOWN,UNKNOWN,UNKNOWN,UNKNOWN,UNKNOWN
S424,Kh. el-Khreibat B,dated_only,with,False,False,False,full,not recorded,UNKNOWN,UNKNOWN,UNKNOWN,UNKNOWN,UNKNOWN,UNKNOWN,UNKNOWN
S424,Kh. el-Khreibat B,dated_only,without,False,False,False,full,not recorded,UNKNOWN,UNKNOWN,UNKNOWN,UNKNOWN,UNKNOWN,UNKNOWN,UNKNOWN
S432,Kh. el-Maliḥ C,primary,with,False,False,False,full,to Stage 2,UNKNOWN,UNKNOWN,UNKNOWN,UNKNOWN,UNKNOWN,UNKNOWN,UNKNOWN
S432,Kh. el-Maliḥ C,primary,without,False,False,False,full,to Stage 2,UNKNOWN,UNKNOWN,UNKNOWN,UNKNOWN,UNKNOWN,UNKNOWN,UNKNOWN
S432,Kh. el-Maliḥ C,C1_0.5km,with,False,False,False,full,to Stage 2,UNKNOWN,UNKNOWN,UNKNOWN,UNKNOWN,UNKNOWN,UNKNOWN,UNKNOWN
S432,Kh. el-Maliḥ C,C1_0.5km,without,False,False,False,full,to Stage 2,UNKNOWN,UNKNOWN,UNKNOWN,UNKNOWN,UNKNOWN,UNKNOWN,UNKNOWN
S432,Kh. el-Maliḥ C,C1_2km,with,False,False,False,full,to Stage 2,UNKNOWN,UNKNOWN,UNKNOWN,UNKNOWN,UNKNOWN,UNKNOWN,UNKNOWN
S432,Kh. el-Maliḥ C,C1_2km,without,False,False,False,full,to Stage 2,UNKNOWN,UNKNOWN,UNKNOWN,UNKNOWN,UNKNOWN,UNKNOWN,UNKNOWN
S432,Kh. el-Maliḥ C,C2_tomb_shafts,with,False,False,False,full,to Stage 2,UNKNOWN,UNKNOWN,UNKNOWN,UNKNOWN,UNKNOWN,UNKNOWN,UNKNOWN
S432,Kh. el-Maliḥ C,C2_tomb_shafts,without,False,False,False,full,to Stage 2,UNKNOWN,UNKNOWN,UNKNOWN,UNKNOWN,UNKNOWN,UNKNOWN,UNKNOWN
S432,Kh. el-Maliḥ C,dated_only,with,False,False,False,full,to Stage 2,UNKNOWN,UNKNOWN,UNKNOWN,UNKNOWN,UNKNOWN,UNKNOWN,UNKNOWN
S432,Kh. el-Maliḥ C,dated_only,without,False,False,False,full,to Stage 2,UNKNOWN,UNKNOWN,UNKNOWN,UNKNOWN,UNKNOWN,UNKNOWN,UNKNOWN
S451,ej-Jelame,primary,with,False,False,False,full,not recorded,UNKNOWN,UNKNOWN,UNKNOWN,UNKNOWN,UNKNOWN,UNKNOWN,UNKNOWN
S451,ej-Jelame,primary,without,False,False,False,full,not recorded,UNKNOWN,UNKNOWN,UNKNOWN,UNKNOWN,UNKNOWN,UNKNOWN,UNKNOWN
S451,ej-Jelame,C1_0.5km,with,False,False,False,full,not recorded,UNKNOWN,UNKNOWN,UNKNOWN,UNKNOWN,UNKNOWN,UNKNOWN,UNKNOWN
S451,ej-Jelame,C1_0.5km,without,False,False,False,full,not recorded,UNKNOWN,UNKNOWN,UNKNOWN,UNKNOWN,UNKNOWN,UNKNOWN,UNKNOWN
S451,ej-Jelame,C1_2km,with,False,False,False,full,not recorded,UNKNOWN,UNKNOWN,UNKNOWN,UNKNOWN,UNKNOWN,UNKNOWN,UNKNOWN
S451,ej-Jelame,C1_2km,without,False,False,False,full,not recorded,UNKNOWN,UNKNOWN,UNKNOWN,UNKNOWN,UNKNOWN,UNKNOWN,UNKNOWN
S451,ej-Jelame,C2_tomb_shafts,with,False,False,False,full,not recorded,UNKNOWN,UNKNOWN,UNKNOWN,UNKNOWN,UNKNOWN,UNKNOWN,UNKNOWN
S451,ej-Jelame,C2_tomb_shafts,without,False,False,False,full,not recorded,UNKNOWN,UNKNOWN,UNKNOWN,UNKNOWN,UNKNOWN,UNKNOWN,UNKNOWN
S451,ej-Jelame,dated_only,with,False,False,False,full,not recorded,UNKNOWN,UNKNOWN,UNKNOWN,UNKNOWN,UNKNOWN,UNKNOWN,UNKNOWN
S451,ej-Jelame,dated_only,without,False,False,False,full,not recorded,UNKNOWN,UNKNOWN,UNKNOWN,UNKNOWN,UNKNOWN,UNKNOWN,UNKNOWN
S452,Kh. el-Mite,primary,with,False,False,False,full,to Stage 2,MATCH,UNKNOWN,UNKNOWN,UNKNOWN,UNKNOWN,UNKNOWN,UNKNOWN
S452,Kh. el-Mite,primary,without,False,False,False,full,to Stage 2,MATCH,UNKNOWN,UNKNOWN,UNKNOWN,UNKNOWN,UNKNOWN,UNKNOWN
S452,Kh. el-Mite,C1_0.5km,with,False,False,False,full,to Stage 2,UNKNOWN,UNKNOWN,UNKNOWN,UNKNOWN,UNKNOWN,UNKNOWN,UNKNOWN
S452,Kh. el-Mite,C1_0.5km,without,False,False,False,full,to Stage 2,UNKNOWN,UNKNOWN,UNKNOWN,UNKNOWN,UNKNOWN,UNKNOWN,UNKNOWN
S452,Kh. el-Mite,C1_2km,with,False,False,False,full,to Stage 2,MATCH,UNKNOWN,UNKNOWN,UNKNOWN,UNKNOWN,UNKNOWN,UNKNOWN
S452,Kh. el-Mite,C1_2km,without,False,False,False,full,to Stage 2,MATCH,UNKNOWN,UNKNOWN,UNKNOWN,UNKNOWN,UNKNOWN,UNKNOWN
S452,Kh. el-Mite,C2_tomb_shafts,with,False,False,False,full,to Stage 2,MATCH,UNKNOWN,UNKNOWN,UNKNOWN,UNKNOWN,UNKNOWN,UNKNOWN
S452,Kh. el-Mite,C2_tomb_shafts,without,False,False,False,full,to Stage 2,MATCH,UNKNOWN,UNKNOWN,UNKNOWN,UNKNOWN,UNKNOWN,UNKNOWN
S452,Kh. el-Mite,dated_only,with,False,False,False,full,to Stage 2,UNKNOWN,UNKNOWN,UNKNOWN,UNKNOWN,UNKNOWN,UNKNOWN,UNKNOWN
S452,Kh. el-Mite,dated_only,without,False,False,False,full,to Stage 2,UNKNOWN,UNKNOWN,UNKNOWN,UNKNOWN,UNKNOWN,UNKNOWN,UNKNOWN
S455,Jellamet Wusṭa,primary,with,False,False,False,full,not recorded,UNKNOWN,UNKNOWN,UNKNOWN,UNKNOWN,UNKNOWN,UNKNOWN,UNKNOWN
S455,Jellamet Wusṭa,primary,without,False,False,False,full,not recorded,UNKNOWN,UNKNOWN,UNKNOWN,UNKNOWN,UNKNOWN,UNKNOWN,UNKNOWN
S455,Jellamet Wusṭa,C1_0.5km,with,False,False,False,full,not recorded,UNKNOWN,UNKNOWN,UNKNOWN,UNKNOWN,UNKNOWN,UNKNOWN,UNKNOWN
S455,Jellamet Wusṭa,C1_0.5km,without,False,False,False,full,not recorded,UNKNOWN,UNKNOWN,UNKNOWN,UNKNOWN,UNKNOWN,UNKNOWN,UNKNOWN
S455,Jellamet Wusṭa,C1_2km,with,False,False,False,full,not recorded,UNKNOWN,UNKNOWN,UNKNOWN,UNKNOWN,UNKNOWN,UNKNOWN,UNKNOWN
S455,Jellamet Wusṭa,C1_2km,without,False,False,False,full,not recorded,UNKNOWN,UNKNOWN,UNKNOWN,UNKNOWN,UNKNOWN,UNKNOWN,UNKNOWN
S455,Jellamet Wusṭa,C2_tomb_shafts,with,False,False,False,full,not recorded,UNKNOWN,UNKNOWN,UNKNOWN,UNKNOWN,UNKNOWN,UNKNOWN,UNKNOWN
S455,Jellamet Wusṭa,C2_tomb_shafts,without,False,False,False,full,not recorded,UNKNOWN,UNKNOWN,UNKNOWN,UNKNOWN,UNKNOWN,UNKNOWN,UNKNOWN
S455,Jellamet Wusṭa,dated_only,with,False,False,False,full,not recorded,UNKNOWN,UNKNOWN,UNKNOWN,UNKNOWN,UNKNOWN,UNKNOWN,UNKNOWN
S455,Jellamet Wusṭa,dated_only,without,False,False,False,full,not recorded,UNKNOWN,UNKNOWN,UNKNOWN,UNKNOWN,UNKNOWN,UNKNOWN,UNKNOWN
S457,'En el-Hilu A,primary,with,False,False,True,full,not recorded,UNKNOWN,UNKNOWN,UNKNOWN,UNKNOWN,UNKNOWN,UNKNOWN,UNKNOWN
S457,'En el-Hilu A,primary,without,False,False,True,full,not recorded,UNKNOWN,UNKNOWN,UNKNOWN,UNKNOWN,UNKNOWN,UNKNOWN,UNKNOWN
S457,'En el-Hilu A,C1_0.5km,with,False,False,True,full,not recorded,UNKNOWN,UNKNOWN,UNKNOWN,UNKNOWN,UNKNOWN,UNKNOWN,UNKNOWN
S457,'En el-Hilu A,C1_0.5km,without,False,False,True,full,not recorded,UNKNOWN,UNKNOWN,UNKNOWN,UNKNOWN,UNKNOWN,UNKNOWN,UNKNOWN
S457,'En el-Hilu A,C1_2km,with,False,False,True,full,not recorded,UNKNOWN,UNKNOWN,UNKNOWN,UNKNOWN,UNKNOWN,UNKNOWN,UNKNOWN
S457,'En el-Hilu A,C1_2km,without,False,False,True,full,not recorded,UNKNOWN,UNKNOWN,UNKNOWN,UNKNOWN,UNKNOWN,UNKNOWN,UNKNOWN
S457,'En el-Hilu A,C2_tomb_shafts,with,False,False,True,full,not recorded,UNKNOWN,UNKNOWN,UNKNOWN,UNKNOWN,UNKNOWN,UNKNOWN,UNKNOWN
S457,'En el-Hilu A,C2_tomb_shafts,without,False,False,True,full,not recorded,UNKNOWN,UNKNOWN,UNKNOWN,UNKNOWN,UNKNOWN,UNKNOWN,UNKNOWN
S457,'En el-Hilu A,dated_only,with,False,False,True,full,not recorded,UNKNOWN,UNKNOWN,UNKNOWN,UNKNOWN,UNKNOWN,UNKNOWN,UNKNOWN
S457,'En el-Hilu A,dated_only,without,False,False,True,full,not recorded,UNKNOWN,UNKNOWN,UNKNOWN,UNKNOWN,UNKNOWN,UNKNOWN,UNKNOWN
S458,el-Bird,primary,with,False,False,False,full,to Stage 2,MATCH,UNKNOWN,UNKNOWN,UNKNOWN,UNKNOWN,UNKNOWN,UNKNOWN
S458,el-Bird,primary,without,False,False,False,full,to Stage 2,MATCH,UNKNOWN,UNKNOWN,UNKNOWN,UNKNOWN,UNKNOWN,UNKNOWN
S458,el-Bird,C1_0.5km,with,False,False,False,full,to Stage 2,UNKNOWN,UNKNOWN,UNKNOWN,UNKNOWN,UNKNOWN,UNKNOWN,UNKNOWN
S458,el-Bird,C1_0.5km,without,False,False,False,full,to Stage 2,UNKNOWN,UNKNOWN,UNKNOWN,UNKNOWN,UNKNOWN,UNKNOWN,UNKNOWN
S458,el-Bird,C1_2km,with,False,False,False,full,to Stage 2,MATCH,UNKNOWN,UNKNOWN,UNKNOWN,UNKNOWN,UNKNOWN,UNKNOWN
S458,el-Bird,C1_2km,without,False,False,False,full,to Stage 2,MATCH,UNKNOWN,UNKNOWN,UNKNOWN,UNKNOWN,UNKNOWN,UNKNOWN
S458,el-Bird,C2_tomb_shafts,with,False,False,False,full,to Stage 2,MATCH,UNKNOWN,UNKNOWN,UNKNOWN,UNKNOWN,UNKNOWN,UNKNOWN
S458,el-Bird,C2_tomb_shafts,without,False,False,False,full,to Stage 2,MATCH,UNKNOWN,UNKNOWN,UNKNOWN,UNKNOWN,UNKNOWN,UNKNOWN
S458,el-Bird,dated_only,with,False,False,False,full,to Stage 2,UNKNOWN,UNKNOWN,UNKNOWN,UNKNOWN,UNKNOWN,UNKNOWN,UNKNOWN
S458,el-Bird,dated_only,without,False,False,False,full,to Stage 2,UNKNOWN,UNKNOWN,UNKNOWN,UNKNOWN,UNKNOWN,UNKNOWN,UNKNOWN
S461,'En el-Hilu B,primary,with,False,False,True,full,not recorded,UNKNOWN,UNKNOWN,UNKNOWN,UNKNOWN,UNKNOWN,UNKNOWN,UNKNOWN
S461,'En el-Hilu B,primary,without,False,False,True,full,not recorded,UNKNOWN,UNKNOWN,UNKNOWN,UNKNOWN,UNKNOWN,UNKNOWN,UNKNOWN
S461,'En el-Hilu B,C1_0.5km,with,False,False,True,full,not recorded,UNKNOWN,UNKNOWN,UNKNOWN,UNKNOWN,UNKNOWN,UNKNOWN,UNKNOWN
S461,'En el-Hilu B,C1_0.5km,without,False,False,True,full,not recorded,UNKNOWN,UNKNOWN,UNKNOWN,UNKNOWN,UNKNOWN,UNKNOWN,UNKNOWN
S461,'En el-Hilu B,C1_2km,with,False,False,True,full,not recorded,UNKNOWN,UNKNOWN,UNKNOWN,UNKNOWN,UNKNOWN,UNKNOWN,UNKNOWN
S461,'En el-Hilu B,C1_2km,without,False,False,True,full,not recorded,UNKNOWN,UNKNOWN,UNKNOWN,UNKNOWN,UNKNOWN,UNKNOWN,UNKNOWN
S461,'En el-Hilu B,C2_tomb_shafts,with,False,False,True,full,not recorded,UNKNOWN,UNKNOWN,UNKNOWN,UNKNOWN,UNKNOWN,UNKNOWN,UNKNOWN
S461,'En el-Hilu B,C2_tomb_shafts,without,False,False,True,full,not recorded,UNKNOWN,UNKNOWN,UNKNOWN,UNKNOWN,UNKNOWN,UNKNOWN,UNKNOWN
S461,'En el-Hilu B,dated_only,with,False,False,True,full,not recorded,UNKNOWN,UNKNOWN,UNKNOWN,UNKNOWN,UNKNOWN,UNKNOWN,UNKNOWN
S461,'En el-Hilu B,dated_only,without,False,False,True,full,not recorded,UNKNOWN,UNKNOWN,UNKNOWN,UNKNOWN,UNKNOWN,UNKNOWN,UNKNOWN
S463,Kom 'Aly Ṣebaḥ,primary,with,False,False,False,full,not recorded,UNKNOWN,UNKNOWN,UNKNOWN,UNKNOWN,UNKNOWN,UNKNOWN,UNKNOWN
S463,Kom 'Aly Ṣebaḥ,primary,without,False,False,False,full,not recorded,UNKNOWN,UNKNOWN,UNKNOWN,UNKNOWN,UNKNOWN,UNKNOWN,UNKNOWN
S463,Kom 'Aly Ṣebaḥ,C1_0.5km,with,False,False,False,full,not recorded,UNKNOWN,UNKNOWN,UNKNOWN,UNKNOWN,UNKNOWN,UNKNOWN,UNKNOWN
S463,Kom 'Aly Ṣebaḥ,C1_0.5km,without,False,False,False,full,not recorded,UNKNOWN,UNKNOWN,UNKNOWN,UNKNOWN,UNKNOWN,UNKNOWN,UNKNOWN
S463,Kom 'Aly Ṣebaḥ,C1_2km,with,False,False,False,full,not recorded,UNKNOWN,UNKNOWN,UNKNOWN,UNKNOWN,UNKNOWN,UNKNOWN,UNKNOWN
S463,Kom 'Aly Ṣebaḥ,C1_2km,without,False,False,False,full,not recorded,UNKNOWN,UNKNOWN,UNKNOWN,UNKNOWN,UNKNOWN,UNKNOWN,UNKNOWN
S463,Kom 'Aly Ṣebaḥ,C2_tomb_shafts,with,False,False,False,full,not recorded,UNKNOWN,UNKNOWN,UNKNOWN,UNKNOWN,UNKNOWN,UNKNOWN,UNKNOWN
S463,Kom 'Aly Ṣebaḥ,C2_tomb_shafts,without,False,False,False,full,not recorded,UNKNOWN,UNKNOWN,UNKNOWN,UNKNOWN,UNKNOWN,UNKNOWN,UNKNOWN
S463,Kom 'Aly Ṣebaḥ,dated_only,with,False,False,False,full,not recorded,UNKNOWN,UNKNOWN,UNKNOWN,UNKNOWN,UNKNOWN,UNKNOWN,UNKNOWN
S463,Kom 'Aly Ṣebaḥ,dated_only,without,False,False,False,full,not recorded,UNKNOWN,UNKNOWN,UNKNOWN,UNKNOWN,UNKNOWN,UNKNOWN,UNKNOWN
S466,eṭ-Ṭughra,primary,with,False,False,False,full,not recorded,UNKNOWN,UNKNOWN,UNKNOWN,UNKNOWN,UNKNOWN,UNKNOWN,UNKNOWN
S466,eṭ-Ṭughra,primary,without,False,False,False,full,not recorded,UNKNOWN,UNKNOWN,UNKNOWN,UNKNOWN,UNKNOWN,UNKNOWN,UNKNOWN
S466,eṭ-Ṭughra,C1_0.5km,with,False,False,False,full,not recorded,UNKNOWN,UNKNOWN,UNKNOWN,UNKNOWN,UNKNOWN,UNKNOWN,UNKNOWN
S466,eṭ-Ṭughra,C1_0.5km,without,False,False,False,full,not recorded,UNKNOWN,UNKNOWN,UNKNOWN,UNKNOWN,UNKNOWN,UNKNOWN,UNKNOWN
S466,eṭ-Ṭughra,C1_2km,with,False,False,False,full,not recorded,UNKNOWN,UNKNOWN,UNKNOWN,UNKNOWN,UNKNOWN,UNKNOWN,UNKNOWN
S466,eṭ-Ṭughra,C1_2km,without,False,False,False,full,not recorded,UNKNOWN,UNKNOWN,UNKNOWN,UNKNOWN,UNKNOWN,UNKNOWN,UNKNOWN
S466,eṭ-Ṭughra,C2_tomb_shafts,with,False,False,False,full,not recorded,UNKNOWN,UNKNOWN,UNKNOWN,UNKNOWN,UNKNOWN,UNKNOWN,UNKNOWN
S466,eṭ-Ṭughra,C2_tomb_shafts,without,False,False,False,full,not recorded,UNKNOWN,UNKNOWN,UNKNOWN,UNKNOWN,UNKNOWN,UNKNOWN,UNKNOWN
S466,eṭ-Ṭughra,dated_only,with,False,False,False,full,not recorded,UNKNOWN,UNKNOWN,UNKNOWN,UNKNOWN,UNKNOWN,UNKNOWN,UNKNOWN
S466,eṭ-Ṭughra,dated_only,without,False,False,False,full,not recorded,UNKNOWN,UNKNOWN,UNKNOWN,UNKNOWN,UNKNOWN,UNKNOWN,UNKNOWN
S485,Tabqet el-Ḥilwe,primary,with,False,False,False,full,not recorded,UNKNOWN,UNKNOWN,UNKNOWN,UNKNOWN,UNKNOWN,UNKNOWN,UNKNOWN
S485,Tabqet el-Ḥilwe,primary,without,False,False,False,full,not recorded,UNKNOWN,UNKNOWN,UNKNOWN,UNKNOWN,UNKNOWN,UNKNOWN,UNKNOWN
S485,Tabqet el-Ḥilwe,C1_0.5km,with,False,False,False,full,not recorded,UNKNOWN,UNKNOWN,UNKNOWN,UNKNOWN,UNKNOWN,UNKNOWN,UNKNOWN
S485,Tabqet el-Ḥilwe,C1_0.5km,without,False,False,False,full,not recorded,UNKNOWN,UNKNOWN,UNKNOWN,UNKNOWN,UNKNOWN,UNKNOWN,UNKNOWN
S485,Tabqet el-Ḥilwe,C1_2km,with,False,False,False,full,not recorded,UNKNOWN,UNKNOWN,UNKNOWN,UNKNOWN,UNKNOWN,UNKNOWN,UNKNOWN
S485,Tabqet el-Ḥilwe,C1_2km,without,False,False,False,full,not recorded,UNKNOWN,UNKNOWN,UNKNOWN,UNKNOWN,UNKNOWN,UNKNOWN,UNKNOWN
S485,Tabqet el-Ḥilwe,C2_tomb_shafts,with,False,False,False,full,not recorded,UNKNOWN,UNKNOWN,UNKNOWN,UNKNOWN,UNKNOWN,UNKNOWN,UNKNOWN
S485,Tabqet el-Ḥilwe,C2_tomb_shafts,without,False,False,False,full,not recorded,UNKNOWN,UNKNOWN,UNKNOWN,UNKNOWN,UNKNOWN,UNKNOWN,UNKNOWN
S485,Tabqet el-Ḥilwe,dated_only,with,False,False,False,full,not recorded,UNKNOWN,UNKNOWN,UNKNOWN,UNKNOWN,UNKNOWN,UNKNOWN,UNKNOWN
S485,Tabqet el-Ḥilwe,dated_only,without,False,False,False,full,not recorded,UNKNOWN,UNKNOWN,UNKNOWN,UNKNOWN,UNKNOWN,UNKNOWN,UNKNOWN
S486,El-Ḥoṭha,primary,with,False,False,False,full,not recorded,UNKNOWN,UNKNOWN,UNKNOWN,UNKNOWN,UNKNOWN,UNKNOWN,UNKNOWN
S486,El-Ḥoṭha,primary,without,False,False,False,full,not recorded,UNKNOWN,UNKNOWN,UNKNOWN,UNKNOWN,UNKNOWN,UNKNOWN,UNKNOWN
S486,El-Ḥoṭha,C1_0.5km,with,False,False,False,full,not recorded,UNKNOWN,UNKNOWN,UNKNOWN,UNKNOWN,UNKNOWN,UNKNOWN,UNKNOWN
S486,El-Ḥoṭha,C1_0.5km,without,False,False,False,full,not recorded,UNKNOWN,UNKNOWN,UNKNOWN,UNKNOWN,UNKNOWN,UNKNOWN,UNKNOWN
S486,El-Ḥoṭha,C1_2km,with,False,False,False,full,not recorded,UNKNOWN,UNKNOWN,UNKNOWN,UNKNOWN,UNKNOWN,UNKNOWN,UNKNOWN
S486,El-Ḥoṭha,C1_2km,without,False,False,False,full,not recorded,UNKNOWN,UNKNOWN,UNKNOWN,UNKNOWN,UNKNOWN,UNKNOWN,UNKNOWN
S486,El-Ḥoṭha,C2_tomb_shafts,with,False,False,False,full,not recorded,UNKNOWN,UNKNOWN,UNKNOWN,UNKNOWN,UNKNOWN,UNKNOWN,UNKNOWN
S486,El-Ḥoṭha,C2_tomb_shafts,without,False,False,False,full,not recorded,UNKNOWN,UNKNOWN,UNKNOWN,UNKNOWN,UNKNOWN,UNKNOWN,UNKNOWN
S486,El-Ḥoṭha,dated_only,with,False,False,False,full,not recorded,UNKNOWN,UNKNOWN,UNKNOWN,UNKNOWN,UNKNOWN,UNKNOWN,UNKNOWN
S486,El-Ḥoṭha,dated_only,without,False,False,False,full,not recorded,UNKNOWN,UNKNOWN,UNKNOWN,UNKNOWN,UNKNOWN,UNKNOWN,UNKNOWN
S531,Khallet en-Nakhle,primary,with,False,False,False,full,not recorded,UNKNOWN,UNKNOWN,UNKNOWN,UNKNOWN,UNKNOWN,UNKNOWN,UNKNOWN
S531,Khallet en-Nakhle,primary,without,False,False,False,full,not recorded,UNKNOWN,UNKNOWN,UNKNOWN,UNKNOWN,UNKNOWN,UNKNOWN,UNKNOWN
S531,Khallet en-Nakhle,C1_0.5km,with,False,False,False,full,not recorded,UNKNOWN,UNKNOWN,UNKNOWN,UNKNOWN,UNKNOWN,UNKNOWN,UNKNOWN
S531,Khallet en-Nakhle,C1_0.5km,without,False,False,False,full,not recorded,UNKNOWN,UNKNOWN,UNKNOWN,UNKNOWN,UNKNOWN,UNKNOWN,UNKNOWN
S531,Khallet en-Nakhle,C1_2km,with,False,False,False,full,not recorded,UNKNOWN,UNKNOWN,UNKNOWN,UNKNOWN,UNKNOWN,UNKNOWN,UNKNOWN
S531,Khallet en-Nakhle,C1_2km,without,False,False,False,full,not recorded,UNKNOWN,UNKNOWN,UNKNOWN,UNKNOWN,UNKNOWN,UNKNOWN,UNKNOWN
S531,Khallet en-Nakhle,C2_tomb_shafts,with,False,False,False,full,not recorded,UNKNOWN,UNKNOWN,UNKNOWN,UNKNOWN,UNKNOWN,UNKNOWN,UNKNOWN
S531,Khallet en-Nakhle,C2_tomb_shafts,without,False,False,False,full,not recorded,UNKNOWN,UNKNOWN,UNKNOWN,UNKNOWN,UNKNOWN,UNKNOWN,UNKNOWN
S531,Khallet en-Nakhle,dated_only,with,False,False,False,full,not recorded,UNKNOWN,UNKNOWN,UNKNOWN,UNKNOWN,UNKNOWN,UNKNOWN,UNKNOWN
S531,Khallet en-Nakhle,dated_only,without,False,False,False,full,not recorded,UNKNOWN,UNKNOWN,UNKNOWN,UNKNOWN,UNKNOWN,UNKNOWN,UNKNOWN
S545,Kh. 'Einun,primary,with,False,False,False,full,not recorded,UNKNOWN,UNKNOWN,UNKNOWN,UNKNOWN,UNKNOWN,UNKNOWN,UNKNOWN
S545,Kh. 'Einun,primary,without,False,False,False,full,not recorded,UNKNOWN,UNKNOWN,UNKNOWN,UNKNOWN,UNKNOWN,UNKNOWN,UNKNOWN
S545,Kh. 'Einun,C1_0.5km,with,False,False,False,full,not recorded,UNKNOWN,UNKNOWN,UNKNOWN,UNKNOWN,UNKNOWN,UNKNOWN,UNKNOWN
S545,Kh. 'Einun,C1_0.5km,without,False,False,False,full,not recorded,UNKNOWN,UNKNOWN,UNKNOWN,UNKNOWN,UNKNOWN,UNKNOWN,UNKNOWN
S545,Kh. 'Einun,C1_2km,with,False,False,False,full,not recorded,UNKNOWN,UNKNOWN,UNKNOWN,UNKNOWN,UNKNOWN,UNKNOWN,UNKNOWN
S545,Kh. 'Einun,C1_2km,without,False,False,False,full,not recorded,UNKNOWN,UNKNOWN,UNKNOWN,UNKNOWN,UNKNOWN,UNKNOWN,UNKNOWN
S545,Kh. 'Einun,C2_tomb_shafts,with,False,False,False,full,not recorded,UNKNOWN,UNKNOWN,UNKNOWN,UNKNOWN,UNKNOWN,UNKNOWN,UNKNOWN
S545,Kh. 'Einun,C2_tomb_shafts,without,False,False,False,full,not recorded,UNKNOWN,UNKNOWN,UNKNOWN,UNKNOWN,UNKNOWN,UNKNOWN,UNKNOWN
S545,Kh. 'Einun,dated_only,with,False,False,False,full,not recorded,UNKNOWN,UNKNOWN,UNKNOWN,UNKNOWN,UNKNOWN,UNKNOWN,UNKNOWN
S545,Kh. 'Einun,dated_only,without,False,False,False,full,not recorded,UNKNOWN,UNKNOWN,UNKNOWN,UNKNOWN,UNKNOWN,UNKNOWN,UNKNOWN
S554,Kh. Ḥamamat,primary,with,False,False,False,full,not recorded,UNKNOWN,UNKNOWN,UNKNOWN,UNKNOWN,UNKNOWN,UNKNOWN,UNKNOWN
S554,Kh. Ḥamamat,primary,without,False,False,False,full,not recorded,UNKNOWN,UNKNOWN,UNKNOWN,UNKNOWN,UNKNOWN,UNKNOWN,UNKNOWN
S554,Kh. Ḥamamat,C1_0.5km,with,False,False,False,full,not recorded,UNKNOWN,UNKNOWN,UNKNOWN,UNKNOWN,UNKNOWN,UNKNOWN,UNKNOWN
S554,Kh. Ḥamamat,C1_0.5km,without,False,False,False,full,not recorded,UNKNOWN,UNKNOWN,UNKNOWN,UNKNOWN,UNKNOWN,UNKNOWN,UNKNOWN
S554,Kh. Ḥamamat,C1_2km,with,False,False,False,full,not recorded,UNKNOWN,UNKNOWN,UNKNOWN,UNKNOWN,UNKNOWN,UNKNOWN,UNKNOWN
S554,Kh. Ḥamamat,C1_2km,without,False,False,False,full,not recorded,UNKNOWN,UNKNOWN,UNKNOWN,UNKNOWN,UNKNOWN,UNKNOWN,UNKNOWN
S554,Kh. Ḥamamat,C2_tomb_shafts,with,False,False,False,full,not recorded,UNKNOWN,UNKNOWN,UNKNOWN,UNKNOWN,UNKNOWN,UNKNOWN,UNKNOWN
S554,Kh. Ḥamamat,C2_tomb_shafts,without,False,False,False,full,not recorded,UNKNOWN,UNKNOWN,UNKNOWN,UNKNOWN,UNKNOWN,UNKNOWN,UNKNOWN
S554,Kh. Ḥamamat,dated_only,with,False,False,False,full,not recorded,UNKNOWN,UNKNOWN,UNKNOWN,UNKNOWN,UNKNOWN,UNKNOWN,UNKNOWN
S554,Kh. Ḥamamat,dated_only,without,False,False,False,full,not recorded,UNKNOWN,UNKNOWN,UNKNOWN,UNKNOWN,UNKNOWN,UNKNOWN,UNKNOWN
S564,Kh. el-Khreibat,primary,with,False,False,False,full,not recorded,UNKNOWN,UNKNOWN,UNKNOWN,UNKNOWN,UNKNOWN,UNKNOWN,UNKNOWN
S564,Kh. el-Khreibat,primary,without,False,False,False,full,not recorded,UNKNOWN,UNKNOWN,UNKNOWN,UNKNOWN,UNKNOWN,UNKNOWN,UNKNOWN
S564,Kh. el-Khreibat,C1_0.5km,with,False,False,False,full,not recorded,UNKNOWN,UNKNOWN,UNKNOWN,UNKNOWN,UNKNOWN,UNKNOWN,UNKNOWN
S564,Kh. el-Khreibat,C1_0.5km,without,False,False,False,full,not recorded,UNKNOWN,UNKNOWN,UNKNOWN,UNKNOWN,UNKNOWN,UNKNOWN,UNKNOWN
S564,Kh. el-Khreibat,C1_2km,with,False,False,False,full,not recorded,UNKNOWN,UNKNOWN,UNKNOWN,UNKNOWN,UNKNOWN,UNKNOWN,UNKNOWN
S564,Kh. el-Khreibat,C1_2km,without,False,False,False,full,not recorded,UNKNOWN,UNKNOWN,UNKNOWN,UNKNOWN,UNKNOWN,UNKNOWN,UNKNOWN
S564,Kh. el-Khreibat,C2_tomb_shafts,with,False,False,False,full,not recorded,UNKNOWN,UNKNOWN,UNKNOWN,UNKNOWN,UNKNOWN,UNKNOWN,UNKNOWN
S564,Kh. el-Khreibat,C2_tomb_shafts,without,False,False,False,full,not recorded,UNKNOWN,UNKNOWN,UNKNOWN,UNKNOWN,UNKNOWN,UNKNOWN,UNKNOWN
S564,Kh. el-Khreibat,dated_only,with,False,False,False,full,not recorded,UNKNOWN,UNKNOWN,UNKNOWN,UNKNOWN,UNKNOWN,UNKNOWN,UNKNOWN
S564,Kh. el-Khreibat,dated_only,without,False,False,False,full,not recorded,UNKNOWN,UNKNOWN,UNKNOWN,UNKNOWN,UNKNOWN,UNKNOWN,UNKNOWN
S587,Khallet Abu-Toq,primary,with,False,False,False,full,not recorded,UNKNOWN,UNKNOWN,UNKNOWN,UNKNOWN,UNKNOWN,UNKNOWN,UNKNOWN
S587,Khallet Abu-Toq,primary,without,False,False,False,full,not recorded,UNKNOWN,UNKNOWN,UNKNOWN,UNKNOWN,UNKNOWN,UNKNOWN,UNKNOWN
S587,Khallet Abu-Toq,C1_0.5km,with,False,False,False,full,not recorded,UNKNOWN,UNKNOWN,UNKNOWN,UNKNOWN,UNKNOWN,UNKNOWN,UNKNOWN
S587,Khallet Abu-Toq,C1_0.5km,without,False,False,False,full,not recorded,UNKNOWN,UNKNOWN,UNKNOWN,UNKNOWN,UNKNOWN,UNKNOWN,UNKNOWN
S587,Khallet Abu-Toq,C1_2km,with,False,False,False,full,not recorded,UNKNOWN,UNKNOWN,UNKNOWN,UNKNOWN,UNKNOWN,UNKNOWN,UNKNOWN
S587,Khallet Abu-Toq,C1_2km,without,False,False,False,full,not recorded,UNKNOWN,UNKNOWN,UNKNOWN,UNKNOWN,UNKNOWN,UNKNOWN,UNKNOWN
S587,Khallet Abu-Toq,C2_tomb_shafts,with,False,False,False,full,not recorded,UNKNOWN,UNKNOWN,UNKNOWN,UNKNOWN,UNKNOWN,UNKNOWN,UNKNOWN
S587,Khallet Abu-Toq,C2_tomb_shafts,without,False,False,False,full,not recorded,UNKNOWN,UNKNOWN,UNKNOWN,UNKNOWN,UNKNOWN,UNKNOWN,UNKNOWN
S587,Khallet Abu-Toq,dated_only,with,False,False,False,full,not recorded,UNKNOWN,UNKNOWN,UNKNOWN,UNKNOWN,UNKNOWN,UNKNOWN,UNKNOWN
S587,Khallet Abu-Toq,dated_only,without,False,False,False,full,not recorded,UNKNOWN,UNKNOWN,UNKNOWN,UNKNOWN,UNKNOWN,UNKNOWN,UNKNOWN
S598,Abu Loz,primary,with,False,False,False,full,not recorded,UNKNOWN,UNKNOWN,UNKNOWN,UNKNOWN,UNKNOWN,UNKNOWN,UNKNOWN
S598,Abu Loz,primary,without,False,False,False,full,not recorded,UNKNOWN,UNKNOWN,UNKNOWN,UNKNOWN,UNKNOWN,UNKNOWN,UNKNOWN
S598,Abu Loz,C1_0.5km,with,False,False,False,full,not recorded,UNKNOWN,UNKNOWN,UNKNOWN,UNKNOWN,UNKNOWN,UNKNOWN,UNKNOWN
S598,Abu Loz,C1_0.5km,without,False,False,False,full,not recorded,UNKNOWN,UNKNOWN,UNKNOWN,UNKNOWN,UNKNOWN,UNKNOWN,UNKNOWN
S598,Abu Loz,C1_2km,with,False,False,False,full,not recorded,UNKNOWN,UNKNOWN,UNKNOWN,UNKNOWN,UNKNOWN,UNKNOWN,UNKNOWN
S598,Abu Loz,C1_2km,without,False,False,False,full,not recorded,UNKNOWN,UNKNOWN,UNKNOWN,UNKNOWN,UNKNOWN,UNKNOWN,UNKNOWN
S598,Abu Loz,C2_tomb_shafts,with,False,False,False,full,not recorded,UNKNOWN,UNKNOWN,UNKNOWN,UNKNOWN,UNKNOWN,UNKNOWN,UNKNOWN
S598,Abu Loz,C2_tomb_shafts,without,False,False,False,full,not recorded,UNKNOWN,UNKNOWN,UNKNOWN,UNKNOWN,UNKNOWN,UNKNOWN,UNKNOWN
S598,Abu Loz,dated_only,with,False,False,False,full,not recorded,UNKNOWN,UNKNOWN,UNKNOWN,UNKNOWN,UNKNOWN,UNKNOWN,UNKNOWN
S598,Abu Loz,dated_only,without,False,False,False,full,not recorded,UNKNOWN,UNKNOWN,UNKNOWN,UNKNOWN,UNKNOWN,UNKNOWN,UNKNOWN
S599,Tel el-Far'a N,primary,with,False,False,False,full,not recorded,UNKNOWN,UNKNOWN,UNKNOWN,UNKNOWN,UNKNOWN,UNKNOWN,UNKNOWN
S599,Tel el-Far'a N,primary,without,False,False,False,full,not recorded,UNKNOWN,UNKNOWN,UNKNOWN,UNKNOWN,UNKNOWN,UNKNOWN,UNKNOWN
S599,Tel el-Far'a N,C1_0.5km,with,False,False,False,full,not recorded,UNKNOWN,UNKNOWN,UNKNOWN,UNKNOWN,UNKNOWN,UNKNOWN,UNKNOWN
S599,Tel el-Far'a N,C1_0.5km,without,False,False,False,full,not recorded,UNKNOWN,UNKNOWN,UNKNOWN,UNKNOWN,UNKNOWN,UNKNOWN,UNKNOWN
S599,Tel el-Far'a N,C1_2km,with,False,False,False,full,not recorded,UNKNOWN,UNKNOWN,UNKNOWN,UNKNOWN,UNKNOWN,UNKNOWN,UNKNOWN
S599,Tel el-Far'a N,C1_2km,without,False,False,False,full,not recorded,UNKNOWN,UNKNOWN,UNKNOWN,UNKNOWN,UNKNOWN,UNKNOWN,UNKNOWN
S599,Tel el-Far'a N,C2_tomb_shafts,with,False,False,False,full,not recorded,UNKNOWN,UNKNOWN,UNKNOWN,UNKNOWN,UNKNOWN,UNKNOWN,UNKNOWN
S599,Tel el-Far'a N,C2_tomb_shafts,without,False,False,False,full,not recorded,UNKNOWN,UNKNOWN,UNKNOWN,UNKNOWN,UNKNOWN,UNKNOWN,UNKNOWN
S599,Tel el-Far'a N,dated_only,with,False,False,False,full,not recorded,UNKNOWN,UNKNOWN,UNKNOWN,UNKNOWN,UNKNOWN,UNKNOWN,UNKNOWN
S599,Tel el-Far'a N,dated_only,without,False,False,False,full,not recorded,UNKNOWN,UNKNOWN,UNKNOWN,UNKNOWN,UNKNOWN,UNKNOWN,UNKNOWN
S605,Kh. Yusef,primary,with,False,False,False,full,not recorded,UNKNOWN,UNKNOWN,UNKNOWN,UNKNOWN,UNKNOWN,UNKNOWN,UNKNOWN
S605,Kh. Yusef,primary,without,False,False,False,full,not recorded,UNKNOWN,UNKNOWN,UNKNOWN,UNKNOWN,UNKNOWN,UNKNOWN,UNKNOWN
S605,Kh. Yusef,C1_0.5km,with,False,False,False,full,not recorded,UNKNOWN,UNKNOWN,UNKNOWN,UNKNOWN,UNKNOWN,UNKNOWN,UNKNOWN
S605,Kh. Yusef,C1_0.5km,without,False,False,False,full,not recorded,UNKNOWN,UNKNOWN,UNKNOWN,UNKNOWN,UNKNOWN,UNKNOWN,UNKNOWN
S605,Kh. Yusef,C1_2km,with,False,False,False,full,not recorded,UNKNOWN,UNKNOWN,UNKNOWN,UNKNOWN,UNKNOWN,UNKNOWN,UNKNOWN
S605,Kh. Yusef,C1_2km,without,False,False,False,full,not recorded,UNKNOWN,UNKNOWN,UNKNOWN,UNKNOWN,UNKNOWN,UNKNOWN,UNKNOWN
S605,Kh. Yusef,C2_tomb_shafts,with,False,False,False,full,not recorded,UNKNOWN,UNKNOWN,UNKNOWN,UNKNOWN,UNKNOWN,UNKNOWN,UNKNOWN
S605,Kh. Yusef,C2_tomb_shafts,without,False,False,False,full,not recorded,UNKNOWN,UNKNOWN,UNKNOWN,UNKNOWN,UNKNOWN,UNKNOWN,UNKNOWN
S605,Kh. Yusef,dated_only,with,False,False,False,full,not recorded,UNKNOWN,UNKNOWN,UNKNOWN,UNKNOWN,UNKNOWN,UNKNOWN,UNKNOWN
S605,Kh. Yusef,dated_only,without,False,False,False,full,not recorded,UNKNOWN,UNKNOWN,UNKNOWN,UNKNOWN,UNKNOWN,UNKNOWN,UNKNOWN
S618,el-'Ajjam,primary,with,False,False,False,full,not recorded,UNKNOWN,UNKNOWN,UNKNOWN,UNKNOWN,UNKNOWN,UNKNOWN,UNKNOWN
S618,el-'Ajjam,primary,without,False,False,False,full,not recorded,UNKNOWN,UNKNOWN,UNKNOWN,UNKNOWN,UNKNOWN,UNKNOWN,UNKNOWN
S618,el-'Ajjam,C1_0.5km,with,False,False,False,full,not recorded,UNKNOWN,UNKNOWN,UNKNOWN,UNKNOWN,UNKNOWN,UNKNOWN,UNKNOWN
S618,el-'Ajjam,C1_0.5km,without,False,False,False,full,not recorded,UNKNOWN,UNKNOWN,UNKNOWN,UNKNOWN,UNKNOWN,UNKNOWN,UNKNOWN
S618,el-'Ajjam,C1_2km,with,False,False,False,full,not recorded,UNKNOWN,UNKNOWN,UNKNOWN,UNKNOWN,UNKNOWN,UNKNOWN,UNKNOWN
S618,el-'Ajjam,C1_2km,without,False,False,False,full,not recorded,UNKNOWN,UNKNOWN,UNKNOWN,UNKNOWN,UNKNOWN,UNKNOWN,UNKNOWN
S618,el-'Ajjam,C2_tomb_shafts,with,False,False,False,full,not recorded,UNKNOWN,UNKNOWN,UNKNOWN,UNKNOWN,UNKNOWN,UNKNOWN,UNKNOWN
S618,el-'Ajjam,C2_tomb_shafts,without,False,False,False,full,not recorded,UNKNOWN,UNKNOWN,UNKNOWN,UNKNOWN,UNKNOWN,UNKNOWN,UNKNOWN
S618,el-'Ajjam,dated_only,with,False,False,False,full,not recorded,UNKNOWN,UNKNOWN,UNKNOWN,UNKNOWN,UNKNOWN,UNKNOWN,UNKNOWN
S618,el-'Ajjam,dated_only,without,False,False,False,full,not recorded,UNKNOWN,UNKNOWN,UNKNOWN,UNKNOWN,UNKNOWN,UNKNOWN,UNKNOWN
S628,Bir ej-Jwar,primary,with,False,False,False,full,not recorded,UNKNOWN,UNKNOWN,UNKNOWN,UNKNOWN,UNKNOWN,UNKNOWN,UNKNOWN
S628,Bir ej-Jwar,primary,without,False,False,False,full,not recorded,UNKNOWN,UNKNOWN,UNKNOWN,UNKNOWN,UNKNOWN,UNKNOWN,UNKNOWN
S628,Bir ej-Jwar,C1_0.5km,with,False,False,False,full,not recorded,UNKNOWN,UNKNOWN,UNKNOWN,UNKNOWN,UNKNOWN,UNKNOWN,UNKNOWN
S628,Bir ej-Jwar,C1_0.5km,without,False,False,False,full,not recorded,UNKNOWN,UNKNOWN,UNKNOWN,UNKNOWN,UNKNOWN,UNKNOWN,UNKNOWN
S628,Bir ej-Jwar,C1_2km,with,False,False,False,full,not recorded,UNKNOWN,UNKNOWN,UNKNOWN,UNKNOWN,UNKNOWN,UNKNOWN,UNKNOWN
S628,Bir ej-Jwar,C1_2km,without,False,False,False,full,not recorded,UNKNOWN,UNKNOWN,UNKNOWN,UNKNOWN,UNKNOWN,UNKNOWN,UNKNOWN
S628,Bir ej-Jwar,C2_tomb_shafts,with,False,False,False,full,not recorded,UNKNOWN,UNKNOWN,UNKNOWN,UNKNOWN,UNKNOWN,UNKNOWN,UNKNOWN
S628,Bir ej-Jwar,C2_tomb_shafts,without,False,False,False,full,not recorded,UNKNOWN,UNKNOWN,UNKNOWN,UNKNOWN,UNKNOWN,UNKNOWN,UNKNOWN
S628,Bir ej-Jwar,dated_only,with,False,False,False,full,not recorded,UNKNOWN,UNKNOWN,UNKNOWN,UNKNOWN,UNKNOWN,UNKNOWN,UNKNOWN
S628,Bir ej-Jwar,dated_only,without,False,False,False,full,not recorded,UNKNOWN,UNKNOWN,UNKNOWN,UNKNOWN,UNKNOWN,UNKNOWN,UNKNOWN
S632,Kh. Msheibik,primary,with,False,False,False,full,not recorded,UNKNOWN,UNKNOWN,UNKNOWN,UNKNOWN,UNKNOWN,UNKNOWN,UNKNOWN
S632,Kh. Msheibik,primary,without,False,False,False,full,not recorded,UNKNOWN,UNKNOWN,UNKNOWN,UNKNOWN,UNKNOWN,UNKNOWN,UNKNOWN
S632,Kh. Msheibik,C1_0.5km,with,False,False,False,full,not recorded,UNKNOWN,UNKNOWN,UNKNOWN,UNKNOWN,UNKNOWN,UNKNOWN,UNKNOWN
S632,Kh. Msheibik,C1_0.5km,without,False,False,False,full,not recorded,UNKNOWN,UNKNOWN,UNKNOWN,UNKNOWN,UNKNOWN,UNKNOWN,UNKNOWN
S632,Kh. Msheibik,C1_2km,with,False,False,False,full,not recorded,UNKNOWN,UNKNOWN,UNKNOWN,UNKNOWN,UNKNOWN,UNKNOWN,UNKNOWN
S632,Kh. Msheibik,C1_2km,without,False,False,False,full,not recorded,UNKNOWN,UNKNOWN,UNKNOWN,UNKNOWN,UNKNOWN,UNKNOWN,UNKNOWN
S632,Kh. Msheibik,C2_tomb_shafts,with,False,False,False,full,not recorded,UNKNOWN,UNKNOWN,UNKNOWN,UNKNOWN,UNKNOWN,UNKNOWN,UNKNOWN
S632,Kh. Msheibik,C2_tomb_shafts,without,False,False,False,full,not recorded,UNKNOWN,UNKNOWN,UNKNOWN,UNKNOWN,UNKNOWN,UNKNOWN,UNKNOWN
S632,Kh. Msheibik,dated_only,with,False,False,False,full,not recorded,UNKNOWN,UNKNOWN,UNKNOWN,UNKNOWN,UNKNOWN,UNKNOWN,UNKNOWN
S632,Kh. Msheibik,dated_only,without,False,False,False,full,not recorded,UNKNOWN,UNKNOWN,UNKNOWN,UNKNOWN,UNKNOWN,UNKNOWN,UNKNOWN
S642,Kh. esh-Sheikh Smeiṭ B,primary,with,False,False,False,full,not recorded,UNKNOWN,UNKNOWN,UNKNOWN,UNKNOWN,UNKNOWN,UNKNOWN,UNKNOWN
S642,Kh. esh-Sheikh Smeiṭ B,primary,without,False,False,False,full,not recorded,UNKNOWN,UNKNOWN,UNKNOWN,UNKNOWN,UNKNOWN,UNKNOWN,UNKNOWN
S642,Kh. esh-Sheikh Smeiṭ B,C1_0.5km,with,False,False,False,full,not recorded,UNKNOWN,UNKNOWN,UNKNOWN,UNKNOWN,UNKNOWN,UNKNOWN,UNKNOWN
S642,Kh. esh-Sheikh Smeiṭ B,C1_0.5km,without,False,False,False,full,not recorded,UNKNOWN,UNKNOWN,UNKNOWN,UNKNOWN,UNKNOWN,UNKNOWN,UNKNOWN
S642,Kh. esh-Sheikh Smeiṭ B,C1_2km,with,False,False,False,full,not recorded,UNKNOWN,UNKNOWN,UNKNOWN,UNKNOWN,UNKNOWN,UNKNOWN,UNKNOWN
S642,Kh. esh-Sheikh Smeiṭ B,C1_2km,without,False,False,False,full,not recorded,UNKNOWN,UNKNOWN,UNKNOWN,UNKNOWN,UNKNOWN,UNKNOWN,UNKNOWN
S642,Kh. esh-Sheikh Smeiṭ B,C2_tomb_shafts,with,False,False,False,full,not recorded,UNKNOWN,UNKNOWN,UNKNOWN,UNKNOWN,UNKNOWN,UNKNOWN,UNKNOWN
S642,Kh. esh-Sheikh Smeiṭ B,C2_tomb_shafts,without,False,False,False,full,not recorded,UNKNOWN,UNKNOWN,UNKNOWN,UNKNOWN,UNKNOWN,UNKNOWN,UNKNOWN
S642,Kh. esh-Sheikh Smeiṭ B,dated_only,with,False,False,False,full,not recorded,UNKNOWN,UNKNOWN,UNKNOWN,UNKNOWN,UNKNOWN,UNKNOWN,UNKNOWN
S642,Kh. esh-Sheikh Smeiṭ B,dated_only,without,False,False,False,full,not recorded,UNKNOWN,UNKNOWN,UNKNOWN,UNKNOWN,UNKNOWN,UNKNOWN,UNKNOWN
S643,Kh. 'Aṭhfur,primary,with,False,False,False,full,not recorded,UNKNOWN,UNKNOWN,UNKNOWN,UNKNOWN,UNKNOWN,UNKNOWN,UNKNOWN
S643,Kh. 'Aṭhfur,primary,without,False,False,False,full,not recorded,UNKNOWN,UNKNOWN,UNKNOWN,UNKNOWN,UNKNOWN,UNKNOWN,UNKNOWN
S643,Kh. 'Aṭhfur,C1_0.5km,with,False,False,False,full,not recorded,UNKNOWN,UNKNOWN,UNKNOWN,UNKNOWN,UNKNOWN,UNKNOWN,UNKNOWN
S643,Kh. 'Aṭhfur,C1_0.5km,without,False,False,False,full,not recorded,UNKNOWN,UNKNOWN,UNKNOWN,UNKNOWN,UNKNOWN,UNKNOWN,UNKNOWN
S643,Kh. 'Aṭhfur,C1_2km,with,False,False,False,full,not recorded,UNKNOWN,UNKNOWN,UNKNOWN,UNKNOWN,UNKNOWN,UNKNOWN,UNKNOWN
S643,Kh. 'Aṭhfur,C1_2km,without,False,False,False,full,not recorded,UNKNOWN,UNKNOWN,UNKNOWN,UNKNOWN,UNKNOWN,UNKNOWN,UNKNOWN
S643,Kh. 'Aṭhfur,C2_tomb_shafts,with,False,False,False,full,not recorded,UNKNOWN,UNKNOWN,UNKNOWN,UNKNOWN,UNKNOWN,UNKNOWN,UNKNOWN
S643,Kh. 'Aṭhfur,C2_tomb_shafts,without,False,False,False,full,not recorded,UNKNOWN,UNKNOWN,UNKNOWN,UNKNOWN,UNKNOWN,UNKNOWN,UNKNOWN
S643,Kh. 'Aṭhfur,dated_only,with,False,False,False,full,not recorded,UNKNOWN,UNKNOWN,UNKNOWN,UNKNOWN,UNKNOWN,UNKNOWN,UNKNOWN
S643,Kh. 'Aṭhfur,dated_only,without,False,False,False,full,not recorded,UNKNOWN,UNKNOWN,UNKNOWN,UNKNOWN,UNKNOWN,UNKNOWN,UNKNOWN
S650,Kh. el-Minuniyye,primary,with,False,False,False,full,not recorded,UNKNOWN,UNKNOWN,UNKNOWN,UNKNOWN,UNKNOWN,UNKNOWN,UNKNOWN
S650,Kh. el-Minuniyye,primary,without,False,False,False,full,not recorded,UNKNOWN,UNKNOWN,UNKNOWN,UNKNOWN,UNKNOWN,UNKNOWN,UNKNOWN
S650,Kh. el-Minuniyye,C1_0.5km,with,False,False,False,full,not recorded,UNKNOWN,UNKNOWN,UNKNOWN,UNKNOWN,UNKNOWN,UNKNOWN,UNKNOWN
S650,Kh. el-Minuniyye,C1_0.5km,without,False,False,False,full,not recorded,UNKNOWN,UNKNOWN,UNKNOWN,UNKNOWN,UNKNOWN,UNKNOWN,UNKNOWN
S650,Kh. el-Minuniyye,C1_2km,with,False,False,False,full,not recorded,UNKNOWN,UNKNOWN,UNKNOWN,UNKNOWN,UNKNOWN,UNKNOWN,UNKNOWN
S650,Kh. el-Minuniyye,C1_2km,without,False,False,False,full,not recorded,UNKNOWN,UNKNOWN,UNKNOWN,UNKNOWN,UNKNOWN,UNKNOWN,UNKNOWN
S650,Kh. el-Minuniyye,C2_tomb_shafts,with,False,False,False,full,not recorded,UNKNOWN,UNKNOWN,UNKNOWN,UNKNOWN,UNKNOWN,UNKNOWN,UNKNOWN
S650,Kh. el-Minuniyye,C2_tomb_shafts,without,False,False,False,full,not recorded,UNKNOWN,UNKNOWN,UNKNOWN,UNKNOWN,UNKNOWN,UNKNOWN,UNKNOWN
S650,Kh. el-Minuniyye,dated_only,with,False,False,False,full,not recorded,UNKNOWN,UNKNOWN,UNKNOWN,UNKNOWN,UNKNOWN,UNKNOWN,UNKNOWN
S650,Kh. el-Minuniyye,dated_only,without,False,False,False,full,not recorded,UNKNOWN,UNKNOWN,UNKNOWN,UNKNOWN,UNKNOWN,UNKNOWN,UNKNOWN
S651,Wadi Seiyad,primary,with,False,False,False,full,not recorded,UNKNOWN,UNKNOWN,UNKNOWN,UNKNOWN,UNKNOWN,UNKNOWN,UNKNOWN
S651,Wadi Seiyad,primary,without,False,False,False,full,not recorded,UNKNOWN,UNKNOWN,UNKNOWN,UNKNOWN,UNKNOWN,UNKNOWN,UNKNOWN
S651,Wadi Seiyad,C1_0.5km,with,False,False,False,full,not recorded,UNKNOWN,UNKNOWN,UNKNOWN,UNKNOWN,UNKNOWN,UNKNOWN,UNKNOWN
S651,Wadi Seiyad,C1_0.5km,without,False,False,False,full,not recorded,UNKNOWN,UNKNOWN,UNKNOWN,UNKNOWN,UNKNOWN,UNKNOWN,UNKNOWN
S651,Wadi Seiyad,C1_2km,with,False,False,False,full,not recorded,UNKNOWN,UNKNOWN,UNKNOWN,UNKNOWN,UNKNOWN,UNKNOWN,UNKNOWN
S651,Wadi Seiyad,C1_2km,without,False,False,False,full,not recorded,UNKNOWN,UNKNOWN,UNKNOWN,UNKNOWN,UNKNOWN,UNKNOWN,UNKNOWN
S651,Wadi Seiyad,C2_tomb_shafts,with,False,False,False,full,not recorded,UNKNOWN,UNKNOWN,UNKNOWN,UNKNOWN,UNKNOWN,UNKNOWN,UNKNOWN
S651,Wadi Seiyad,C2_tomb_shafts,without,False,False,False,full,not recorded,UNKNOWN,UNKNOWN,UNKNOWN,UNKNOWN,UNKNOWN,UNKNOWN,UNKNOWN
S651,Wadi Seiyad,dated_only,with,False,False,False,full,not recorded,UNKNOWN,UNKNOWN,UNKNOWN,UNKNOWN,UNKNOWN,UNKNOWN,UNKNOWN
S651,Wadi Seiyad,dated_only,without,False,False,False,full,not recorded,UNKNOWN,UNKNOWN,UNKNOWN,UNKNOWN,UNKNOWN,UNKNOWN,UNKNOWN
S658,Abu Firan,primary,with,False,False,False,full,not recorded,UNKNOWN,UNKNOWN,UNKNOWN,UNKNOWN,UNKNOWN,UNKNOWN,UNKNOWN
S658,Abu Firan,primary,without,False,False,False,full,not recorded,UNKNOWN,UNKNOWN,UNKNOWN,UNKNOWN,UNKNOWN,UNKNOWN,UNKNOWN
S658,Abu Firan,C1_0.5km,with,False,False,False,full,not recorded,UNKNOWN,UNKNOWN,UNKNOWN,UNKNOWN,UNKNOWN,UNKNOWN,UNKNOWN
S658,Abu Firan,C1_0.5km,without,False,False,False,full,not recorded,UNKNOWN,UNKNOWN,UNKNOWN,UNKNOWN,UNKNOWN,UNKNOWN,UNKNOWN
S658,Abu Firan,C1_2km,with,False,False,False,full,not recorded,UNKNOWN,UNKNOWN,UNKNOWN,UNKNOWN,UNKNOWN,UNKNOWN,UNKNOWN
S658,Abu Firan,C1_2km,without,False,False,False,full,not recorded,UNKNOWN,UNKNOWN,UNKNOWN,UNKNOWN,UNKNOWN,UNKNOWN,UNKNOWN
S658,Abu Firan,C2_tomb_shafts,with,False,False,False,full,not recorded,UNKNOWN,UNKNOWN,UNKNOWN,UNKNOWN,UNKNOWN,UNKNOWN,UNKNOWN
S658,Abu Firan,C2_tomb_shafts,without,False,False,False,full,not recorded,UNKNOWN,UNKNOWN,UNKNOWN,UNKNOWN,UNKNOWN,UNKNOWN,UNKNOWN
S658,Abu Firan,dated_only,with,False,False,False,full,not recorded,UNKNOWN,UNKNOWN,UNKNOWN,UNKNOWN,UNKNOWN,UNKNOWN,UNKNOWN
S658,Abu Firan,dated_only,without,False,False,False,full,not recorded,UNKNOWN,UNKNOWN,UNKNOWN,UNKNOWN,UNKNOWN,UNKNOWN,UNKNOWN
S664,Kh. Mayyase,primary,with,False,False,False,full,not recorded,UNKNOWN,UNKNOWN,UNKNOWN,UNKNOWN,UNKNOWN,UNKNOWN,UNKNOWN
S664,Kh. Mayyase,primary,without,False,False,False,full,not recorded,UNKNOWN,UNKNOWN,UNKNOWN,UNKNOWN,UNKNOWN,UNKNOWN,UNKNOWN
S664,Kh. Mayyase,C1_0.5km,with,False,False,False,full,not recorded,UNKNOWN,UNKNOWN,UNKNOWN,UNKNOWN,UNKNOWN,UNKNOWN,UNKNOWN
S664,Kh. Mayyase,C1_0.5km,without,False,False,False,full,not recorded,UNKNOWN,UNKNOWN,UNKNOWN,UNKNOWN,UNKNOWN,UNKNOWN,UNKNOWN
S664,Kh. Mayyase,C1_2km,with,False,False,False,full,not recorded,UNKNOWN,UNKNOWN,UNKNOWN,UNKNOWN,UNKNOWN,UNKNOWN,UNKNOWN
S664,Kh. Mayyase,C1_2km,without,False,False,False,full,not recorded,UNKNOWN,UNKNOWN,UNKNOWN,UNKNOWN,UNKNOWN,UNKNOWN,UNKNOWN
S664,Kh. Mayyase,C2_tomb_shafts,with,False,False,False,full,not recorded,UNKNOWN,UNKNOWN,UNKNOWN,UNKNOWN,UNKNOWN,UNKNOWN,UNKNOWN
S664,Kh. Mayyase,C2_tomb_shafts,without,False,False,False,full,not recorded,UNKNOWN,UNKNOWN,UNKNOWN,UNKNOWN,UNKNOWN,UNKNOWN,UNKNOWN
S664,Kh. Mayyase,dated_only,with,False,False,False,full,not recorded,UNKNOWN,UNKNOWN,UNKNOWN,UNKNOWN,UNKNOWN,UNKNOWN,UNKNOWN
S664,Kh. Mayyase,dated_only,without,False,False,False,full,not recorded,UNKNOWN,UNKNOWN,UNKNOWN,UNKNOWN,UNKNOWN,UNKNOWN,UNKNOWN
S695,el-Khelayel,primary,with,False,False,False,full,to Stage 2,UNKNOWN,UNKNOWN,UNKNOWN,UNKNOWN,UNKNOWN,UNKNOWN,UNKNOWN
S695,el-Khelayel,primary,without,False,False,False,full,to Stage 2,UNKNOWN,UNKNOWN,UNKNOWN,UNKNOWN,UNKNOWN,UNKNOWN,UNKNOWN
S695,el-Khelayel,C1_0.5km,with,False,False,False,full,to Stage 2,UNKNOWN,UNKNOWN,UNKNOWN,UNKNOWN,UNKNOWN,UNKNOWN,UNKNOWN
S695,el-Khelayel,C1_0.5km,without,False,False,False,full,to Stage 2,UNKNOWN,UNKNOWN,UNKNOWN,UNKNOWN,UNKNOWN,UNKNOWN,UNKNOWN
S695,el-Khelayel,C1_2km,with,False,False,False,full,to Stage 2,UNKNOWN,UNKNOWN,UNKNOWN,UNKNOWN,UNKNOWN,UNKNOWN,UNKNOWN
S695,el-Khelayel,C1_2km,without,False,False,False,full,to Stage 2,UNKNOWN,UNKNOWN,UNKNOWN,UNKNOWN,UNKNOWN,UNKNOWN,UNKNOWN
S695,el-Khelayel,C2_tomb_shafts,with,False,False,False,full,to Stage 2,UNKNOWN,UNKNOWN,UNKNOWN,UNKNOWN,UNKNOWN,UNKNOWN,UNKNOWN
S695,el-Khelayel,C2_tomb_shafts,without,False,False,False,full,to Stage 2,UNKNOWN,UNKNOWN,UNKNOWN,UNKNOWN,UNKNOWN,UNKNOWN,UNKNOWN
S695,el-Khelayel,dated_only,with,False,False,False,full,to Stage 2,UNKNOWN,UNKNOWN,UNKNOWN,UNKNOWN,UNKNOWN,UNKNOWN,UNKNOWN
S695,el-Khelayel,dated_only,without,False,False,False,full,to Stage 2,UNKNOWN,UNKNOWN,UNKNOWN,UNKNOWN,UNKNOWN,UNKNOWN,UNKNOWN
S716,Kh. eṣ-Ṣufeira,primary,with,False,False,False,full,not recorded,UNKNOWN,UNKNOWN,UNKNOWN,UNKNOWN,UNKNOWN,UNKNOWN,UNKNOWN
S716,Kh. eṣ-Ṣufeira,primary,without,False,False,False,full,not recorded,UNKNOWN,UNKNOWN,UNKNOWN,UNKNOWN,UNKNOWN,UNKNOWN,UNKNOWN
S716,Kh. eṣ-Ṣufeira,C1_0.5km,with,False,False,False,full,not recorded,UNKNOWN,UNKNOWN,UNKNOWN,UNKNOWN,UNKNOWN,UNKNOWN,UNKNOWN
S716,Kh. eṣ-Ṣufeira,C1_0.5km,without,False,False,False,full,not recorded,UNKNOWN,UNKNOWN,UNKNOWN,UNKNOWN,UNKNOWN,UNKNOWN,UNKNOWN
S716,Kh. eṣ-Ṣufeira,C1_2km,with,False,False,False,full,not recorded,UNKNOWN,UNKNOWN,UNKNOWN,UNKNOWN,UNKNOWN,UNKNOWN,UNKNOWN
S716,Kh. eṣ-Ṣufeira,C1_2km,without,False,False,False,full,not recorded,UNKNOWN,UNKNOWN,UNKNOWN,UNKNOWN,UNKNOWN,UNKNOWN,UNKNOWN
S716,Kh. eṣ-Ṣufeira,C2_tomb_shafts,with,False,False,False,full,not recorded,UNKNOWN,UNKNOWN,UNKNOWN,UNKNOWN,UNKNOWN,UNKNOWN,UNKNOWN
S716,Kh. eṣ-Ṣufeira,C2_tomb_shafts,without,False,False,False,full,not recorded,UNKNOWN,UNKNOWN,UNKNOWN,UNKNOWN,UNKNOWN,UNKNOWN,UNKNOWN
S716,Kh. eṣ-Ṣufeira,dated_only,with,False,False,False,full,not recorded,UNKNOWN,UNKNOWN,UNKNOWN,UNKNOWN,UNKNOWN,UNKNOWN,UNKNOWN
S716,Kh. eṣ-Ṣufeira,dated_only,without,False,False,False,full,not recorded,UNKNOWN,UNKNOWN,UNKNOWN,UNKNOWN,UNKNOWN,UNKNOWN,UNKNOWN
S724,Kh. Umm el-Qaṭan,primary,with,False,False,False,full,not recorded,UNKNOWN,UNKNOWN,UNKNOWN,UNKNOWN,UNKNOWN,UNKNOWN,UNKNOWN
S724,Kh. Umm el-Qaṭan,primary,without,False,False,False,full,not recorded,UNKNOWN,UNKNOWN,UNKNOWN,UNKNOWN,UNKNOWN,UNKNOWN,UNKNOWN
S724,Kh. Umm el-Qaṭan,C1_0.5km,with,False,False,False,full,not recorded,UNKNOWN,UNKNOWN,UNKNOWN,UNKNOWN,UNKNOWN,UNKNOWN,UNKNOWN
S724,Kh. Umm el-Qaṭan,C1_0.5km,without,False,False,False,full,not recorded,UNKNOWN,UNKNOWN,UNKNOWN,UNKNOWN,UNKNOWN,UNKNOWN,UNKNOWN
S724,Kh. Umm el-Qaṭan,C1_2km,with,False,False,False,full,not recorded,UNKNOWN,UNKNOWN,UNKNOWN,UNKNOWN,UNKNOWN,UNKNOWN,UNKNOWN
S724,Kh. Umm el-Qaṭan,C1_2km,without,False,False,False,full,not recorded,UNKNOWN,UNKNOWN,UNKNOWN,UNKNOWN,UNKNOWN,UNKNOWN,UNKNOWN
S724,Kh. Umm el-Qaṭan,C2_tomb_shafts,with,False,False,False,full,not recorded,UNKNOWN,UNKNOWN,UNKNOWN,UNKNOWN,UNKNOWN,UNKNOWN,UNKNOWN
S724,Kh. Umm el-Qaṭan,C2_tomb_shafts,without,False,False,False,full,not recorded,UNKNOWN,UNKNOWN,UNKNOWN,UNKNOWN,UNKNOWN,UNKNOWN,UNKNOWN
S724,Kh. Umm el-Qaṭan,dated_only,with,False,False,False,full,not recorded,UNKNOWN,UNKNOWN,UNKNOWN,UNKNOWN,UNKNOWN,UNKNOWN,UNKNOWN
S724,Kh. Umm el-Qaṭan,dated_only,without,False,False,False,full,not recorded,UNKNOWN,UNKNOWN,UNKNOWN,UNKNOWN,UNKNOWN,UNKNOWN,UNKNOWN
S731,Kh. Wadi Sadd el-Balqawi,primary,with,False,False,False,full,not recorded,UNKNOWN,UNKNOWN,UNKNOWN,UNKNOWN,UNKNOWN,UNKNOWN,UNKNOWN
S731,Kh. Wadi Sadd el-Balqawi,primary,without,False,False,False,full,not recorded,UNKNOWN,UNKNOWN,UNKNOWN,UNKNOWN,UNKNOWN,UNKNOWN,UNKNOWN
S731,Kh. Wadi Sadd el-Balqawi,C1_0.5km,with,False,False,False,full,not recorded,UNKNOWN,UNKNOWN,UNKNOWN,UNKNOWN,UNKNOWN,UNKNOWN,UNKNOWN
S731,Kh. Wadi Sadd el-Balqawi,C1_0.5km,without,False,False,False,full,not recorded,UNKNOWN,UNKNOWN,UNKNOWN,UNKNOWN,UNKNOWN,UNKNOWN,UNKNOWN
S731,Kh. Wadi Sadd el-Balqawi,C1_2km,with,False,False,False,full,not recorded,UNKNOWN,UNKNOWN,UNKNOWN,UNKNOWN,UNKNOWN,UNKNOWN,UNKNOWN
S731,Kh. Wadi Sadd el-Balqawi,C1_2km,without,False,False,False,full,not recorded,UNKNOWN,UNKNOWN,UNKNOWN,UNKNOWN,UNKNOWN,UNKNOWN,UNKNOWN
S731,Kh. Wadi Sadd el-Balqawi,C2_tomb_shafts,with,False,False,False,full,not recorded,UNKNOWN,UNKNOWN,UNKNOWN,UNKNOWN,UNKNOWN,UNKNOWN,UNKNOWN
S731,Kh. Wadi Sadd el-Balqawi,C2_tomb_shafts,without,False,False,False,full,not recorded,UNKNOWN,UNKNOWN,UNKNOWN,UNKNOWN,UNKNOWN,UNKNOWN,UNKNOWN
S731,Kh. Wadi Sadd el-Balqawi,dated_only,with,False,False,False,full,not recorded,UNKNOWN,UNKNOWN,UNKNOWN,UNKNOWN,UNKNOWN,UNKNOWN,UNKNOWN
S731,Kh. Wadi Sadd el-Balqawi,dated_only,without,False,False,False,full,not recorded,UNKNOWN,UNKNOWN,UNKNOWN,UNKNOWN,UNKNOWN,UNKNOWN,UNKNOWN
S732,el-'Unuq,primary,with,False,False,False,full,not recorded,UNKNOWN,UNKNOWN,UNKNOWN,UNKNOWN,UNKNOWN,UNKNOWN,UNKNOWN
S732,el-'Unuq,primary,without,False,False,False,full,not recorded,UNKNOWN,UNKNOWN,UNKNOWN,UNKNOWN,UNKNOWN,UNKNOWN,UNKNOWN
S732,el-'Unuq,C1_0.5km,with,False,False,False,full,not recorded,UNKNOWN,UNKNOWN,UNKNOWN,UNKNOWN,UNKNOWN,UNKNOWN,UNKNOWN
S732,el-'Unuq,C1_0.5km,without,False,False,False,full,not recorded,UNKNOWN,UNKNOWN,UNKNOWN,UNKNOWN,UNKNOWN,UNKNOWN,UNKNOWN
S732,el-'Unuq,C1_2km,with,False,False,False,full,not recorded,UNKNOWN,UNKNOWN,UNKNOWN,UNKNOWN,UNKNOWN,UNKNOWN,UNKNOWN
S732,el-'Unuq,C1_2km,without,False,False,False,full,not recorded,UNKNOWN,UNKNOWN,UNKNOWN,UNKNOWN,UNKNOWN,UNKNOWN,UNKNOWN
S732,el-'Unuq,C2_tomb_shafts,with,False,False,False,full,not recorded,UNKNOWN,UNKNOWN,UNKNOWN,UNKNOWN,UNKNOWN,UNKNOWN,UNKNOWN
S732,el-'Unuq,C2_tomb_shafts,without,False,False,False,full,not recorded,UNKNOWN,UNKNOWN,UNKNOWN,UNKNOWN,UNKNOWN,UNKNOWN,UNKNOWN
S732,el-'Unuq,dated_only,with,False,False,False,full,not recorded,UNKNOWN,UNKNOWN,UNKNOWN,UNKNOWN,UNKNOWN,UNKNOWN,UNKNOWN
S732,el-'Unuq,dated_only,without,False,False,False,full,not recorded,UNKNOWN,UNKNOWN,UNKNOWN,UNKNOWN,UNKNOWN,UNKNOWN,UNKNOWN
S742,Kh. Muqeisime,primary,with,False,False,True,full,not recorded,UNKNOWN,UNKNOWN,UNKNOWN,UNKNOWN,UNKNOWN,UNKNOWN,UNKNOWN
S742,Kh. Muqeisime,primary,without,False,False,True,full,not recorded,UNKNOWN,UNKNOWN,UNKNOWN,UNKNOWN,UNKNOWN,UNKNOWN,UNKNOWN
S742,Kh. Muqeisime,C1_0.5km,with,False,False,True,full,not recorded,UNKNOWN,UNKNOWN,UNKNOWN,UNKNOWN,UNKNOWN,UNKNOWN,UNKNOWN
S742,Kh. Muqeisime,C1_0.5km,without,False,False,True,full,not recorded,UNKNOWN,UNKNOWN,UNKNOWN,UNKNOWN,UNKNOWN,UNKNOWN,UNKNOWN
S742,Kh. Muqeisime,C1_2km,with,False,False,True,full,not recorded,UNKNOWN,UNKNOWN,UNKNOWN,UNKNOWN,UNKNOWN,UNKNOWN,UNKNOWN
S742,Kh. Muqeisime,C1_2km,without,False,False,True,full,not recorded,UNKNOWN,UNKNOWN,UNKNOWN,UNKNOWN,UNKNOWN,UNKNOWN,UNKNOWN
S742,Kh. Muqeisime,C2_tomb_shafts,with,False,False,True,full,not recorded,UNKNOWN,UNKNOWN,UNKNOWN,UNKNOWN,UNKNOWN,UNKNOWN,UNKNOWN
S742,Kh. Muqeisime,C2_tomb_shafts,without,False,False,True,full,not recorded,UNKNOWN,UNKNOWN,UNKNOWN,UNKNOWN,UNKNOWN,UNKNOWN,UNKNOWN
S742,Kh. Muqeisime,dated_only,with,False,False,True,full,not recorded,UNKNOWN,UNKNOWN,UNKNOWN,UNKNOWN,UNKNOWN,UNKNOWN,UNKNOWN
S742,Kh. Muqeisime,dated_only,without,False,False,True,full,not recorded,UNKNOWN,UNKNOWN,UNKNOWN,UNKNOWN,UNKNOWN,UNKNOWN,UNKNOWN
S6025,Kh. el-'Aqrabaniya,primary,with,False,False,True,partial,not recorded,UNKNOWN,UNKNOWN,UNKNOWN,UNKNOWN,UNKNOWN,UNKNOWN,UNKNOWN
S6025,Kh. el-'Aqrabaniya,primary,without,False,False,True,partial,not recorded,UNKNOWN,UNKNOWN,UNKNOWN,UNKNOWN,UNKNOWN,UNKNOWN,UNKNOWN
S6025,Kh. el-'Aqrabaniya,C1_0.5km,with,False,False,True,partial,not recorded,UNKNOWN,UNKNOWN,UNKNOWN,UNKNOWN,UNKNOWN,UNKNOWN,UNKNOWN
S6025,Kh. el-'Aqrabaniya,C1_0.5km,without,False,False,True,partial,not recorded,UNKNOWN,UNKNOWN,UNKNOWN,UNKNOWN,UNKNOWN,UNKNOWN,UNKNOWN
S6025,Kh. el-'Aqrabaniya,C1_2km,with,False,False,True,partial,not recorded,UNKNOWN,UNKNOWN,UNKNOWN,UNKNOWN,UNKNOWN,UNKNOWN,UNKNOWN
S6025,Kh. el-'Aqrabaniya,C1_2km,without,False,False,True,partial,not recorded,UNKNOWN,UNKNOWN,UNKNOWN,UNKNOWN,UNKNOWN,UNKNOWN,UNKNOWN
S6025,Kh. el-'Aqrabaniya,C2_tomb_shafts,with,False,False,True,partial,not recorded,UNKNOWN,UNKNOWN,UNKNOWN,UNKNOWN,UNKNOWN,UNKNOWN,UNKNOWN
S6025,Kh. el-'Aqrabaniya,C2_tomb_shafts,without,False,False,True,partial,not recorded,UNKNOWN,UNKNOWN,UNKNOWN,UNKNOWN,UNKNOWN,UNKNOWN,UNKNOWN
S6025,Kh. el-'Aqrabaniya,dated_only,with,False,False,True,partial,not recorded,UNKNOWN,UNKNOWN,UNKNOWN,UNKNOWN,UNKNOWN,UNKNOWN,UNKNOWN
S6025,Kh. el-'Aqrabaniya,dated_only,without,False,False,True,partial,not recorded,UNKNOWN,UNKNOWN,UNKNOWN,UNKNOWN,UNKNOWN,UNKNOWN,UNKNOWN
S761,Kh. 'En Farr,primary,with,False,False,False,full,not recorded,UNKNOWN,UNKNOWN,UNKNOWN,UNKNOWN,UNKNOWN,UNKNOWN,UNKNOWN
S761,Kh. 'En Farr,primary,without,False,False,False,full,not recorded,UNKNOWN,UNKNOWN,UNKNOWN,UNKNOWN,UNKNOWN,UNKNOWN,UNKNOWN
S761,Kh. 'En Farr,C1_0.5km,with,False,False,False,full,not recorded,UNKNOWN,UNKNOWN,UNKNOWN,UNKNOWN,UNKNOWN,UNKNOWN,UNKNOWN
S761,Kh. 'En Farr,C1_0.5km,without,False,False,False,full,not recorded,UNKNOWN,UNKNOWN,UNKNOWN,UNKNOWN,UNKNOWN,UNKNOWN,UNKNOWN
S761,Kh. 'En Farr,C1_2km,with,False,False,False,full,not recorded,UNKNOWN,UNKNOWN,UNKNOWN,UNKNOWN,UNKNOWN,UNKNOWN,UNKNOWN
S761,Kh. 'En Farr,C1_2km,without,False,False,False,full,not recorded,UNKNOWN,UNKNOWN,UNKNOWN,UNKNOWN,UNKNOWN,UNKNOWN,UNKNOWN
S761,Kh. 'En Farr,C2_tomb_shafts,with,False,False,False,full,not recorded,UNKNOWN,UNKNOWN,UNKNOWN,UNKNOWN,UNKNOWN,UNKNOWN,UNKNOWN
S761,Kh. 'En Farr,C2_tomb_shafts,without,False,False,False,full,not recorded,UNKNOWN,UNKNOWN,UNKNOWN,UNKNOWN,UNKNOWN,UNKNOWN,UNKNOWN
S761,Kh. 'En Farr,dated_only,with,False,False,False,full,not recorded,UNKNOWN,UNKNOWN,UNKNOWN,UNKNOWN,UNKNOWN,UNKNOWN,UNKNOWN
S761,Kh. 'En Farr,dated_only,without,False,False,False,full,not recorded,UNKNOWN,UNKNOWN,UNKNOWN,UNKNOWN,UNKNOWN,UNKNOWN,UNKNOWN
S770,Kh. Beit-Hasan,primary,with,False,False,False,full,to Stage 2,UNKNOWN,UNKNOWN,UNKNOWN,UNKNOWN,UNKNOWN,UNKNOWN,UNKNOWN
S770,Kh. Beit-Hasan,primary,without,False,False,False,full,to Stage 2,UNKNOWN,UNKNOWN,UNKNOWN,UNKNOWN,UNKNOWN,UNKNOWN,UNKNOWN
S770,Kh. Beit-Hasan,C1_0.5km,with,False,False,False,full,to Stage 2,UNKNOWN,UNKNOWN,UNKNOWN,UNKNOWN,UNKNOWN,UNKNOWN,UNKNOWN
S770,Kh. Beit-Hasan,C1_0.5km,without,False,False,False,full,to Stage 2,UNKNOWN,UNKNOWN,UNKNOWN,UNKNOWN,UNKNOWN,UNKNOWN,UNKNOWN
S770,Kh. Beit-Hasan,C1_2km,with,False,False,False,full,to Stage 2,UNKNOWN,UNKNOWN,UNKNOWN,UNKNOWN,UNKNOWN,UNKNOWN,UNKNOWN
S770,Kh. Beit-Hasan,C1_2km,without,False,False,False,full,to Stage 2,UNKNOWN,UNKNOWN,UNKNOWN,UNKNOWN,UNKNOWN,UNKNOWN,UNKNOWN
S770,Kh. Beit-Hasan,C2_tomb_shafts,with,False,False,False,full,to Stage 2,UNKNOWN,UNKNOWN,UNKNOWN,UNKNOWN,UNKNOWN,UNKNOWN,UNKNOWN
S770,Kh. Beit-Hasan,C2_tomb_shafts,without,False,False,False,full,to Stage 2,UNKNOWN,UNKNOWN,UNKNOWN,UNKNOWN,UNKNOWN,UNKNOWN,UNKNOWN
S770,Kh. Beit-Hasan,dated_only,with,False,False,False,full,to Stage 2,UNKNOWN,UNKNOWN,UNKNOWN,UNKNOWN,UNKNOWN,UNKNOWN,UNKNOWN
S770,Kh. Beit-Hasan,dated_only,without,False,False,False,full,to Stage 2,UNKNOWN,UNKNOWN,UNKNOWN,UNKNOWN,UNKNOWN,UNKNOWN,UNKNOWN
S780,Kh. el-Kuz B,primary,with,False,False,False,full,to Stage 2,UNKNOWN,UNKNOWN,UNKNOWN,UNKNOWN,UNKNOWN,UNKNOWN,UNKNOWN
S780,Kh. el-Kuz B,primary,without,False,False,False,full,to Stage 2,UNKNOWN,UNKNOWN,UNKNOWN,UNKNOWN,UNKNOWN,UNKNOWN,UNKNOWN
S780,Kh. el-Kuz B,C1_0.5km,with,False,False,False,full,to Stage 2,UNKNOWN,UNKNOWN,UNKNOWN,UNKNOWN,UNKNOWN,UNKNOWN,UNKNOWN
S780,Kh. el-Kuz B,C1_0.5km,without,False,False,False,full,to Stage 2,UNKNOWN,UNKNOWN,UNKNOWN,UNKNOWN,UNKNOWN,UNKNOWN,UNKNOWN
S780,Kh. el-Kuz B,C1_2km,with,False,False,False,full,to Stage 2,UNKNOWN,UNKNOWN,UNKNOWN,UNKNOWN,UNKNOWN,UNKNOWN,UNKNOWN
S780,Kh. el-Kuz B,C1_2km,without,False,False,False,full,to Stage 2,UNKNOWN,UNKNOWN,UNKNOWN,UNKNOWN,UNKNOWN,UNKNOWN,UNKNOWN
S780,Kh. el-Kuz B,C2_tomb_shafts,with,False,False,False,full,to Stage 2,UNKNOWN,UNKNOWN,UNKNOWN,UNKNOWN,UNKNOWN,UNKNOWN,UNKNOWN
S780,Kh. el-Kuz B,C2_tomb_shafts,without,False,False,False,full,to Stage 2,UNKNOWN,UNKNOWN,UNKNOWN,UNKNOWN,UNKNOWN,UNKNOWN,UNKNOWN
S780,Kh. el-Kuz B,dated_only,with,False,False,False,full,to Stage 2,UNKNOWN,UNKNOWN,UNKNOWN,UNKNOWN,UNKNOWN,UNKNOWN,UNKNOWN
S780,Kh. el-Kuz B,dated_only,without,False,False,False,full,to Stage 2,UNKNOWN,UNKNOWN,UNKNOWN,UNKNOWN,UNKNOWN,UNKNOWN,UNKNOWN
S781,Kh. Mraṣṣaṣ,primary,with,False,False,False,full,not recorded,UNKNOWN,UNKNOWN,UNKNOWN,UNKNOWN,UNKNOWN,UNKNOWN,UNKNOWN
S781,Kh. Mraṣṣaṣ,primary,without,False,False,False,full,not recorded,UNKNOWN,UNKNOWN,UNKNOWN,UNKNOWN,UNKNOWN,UNKNOWN,UNKNOWN
S781,Kh. Mraṣṣaṣ,C1_0.5km,with,False,False,False,full,not recorded,UNKNOWN,UNKNOWN,UNKNOWN,UNKNOWN,UNKNOWN,UNKNOWN,UNKNOWN
S781,Kh. Mraṣṣaṣ,C1_0.5km,without,False,False,False,full,not recorded,UNKNOWN,UNKNOWN,UNKNOWN,UNKNOWN,UNKNOWN,UNKNOWN,UNKNOWN
S781,Kh. Mraṣṣaṣ,C1_2km,with,False,False,False,full,not recorded,UNKNOWN,UNKNOWN,UNKNOWN,UNKNOWN,UNKNOWN,UNKNOWN,UNKNOWN
S781,Kh. Mraṣṣaṣ,C1_2km,without,False,False,False,full,not recorded,UNKNOWN,UNKNOWN,UNKNOWN,UNKNOWN,UNKNOWN,UNKNOWN,UNKNOWN
S781,Kh. Mraṣṣaṣ,C2_tomb_shafts,with,False,False,False,full,not recorded,UNKNOWN,UNKNOWN,UNKNOWN,UNKNOWN,UNKNOWN,UNKNOWN,UNKNOWN
S781,Kh. Mraṣṣaṣ,C2_tomb_shafts,without,False,False,False,full,not recorded,UNKNOWN,UNKNOWN,UNKNOWN,UNKNOWN,UNKNOWN,UNKNOWN,UNKNOWN
S781,Kh. Mraṣṣaṣ,dated_only,with,False,False,False,full,not recorded,UNKNOWN,UNKNOWN,UNKNOWN,UNKNOWN,UNKNOWN,UNKNOWN,UNKNOWN
S781,Kh. Mraṣṣaṣ,dated_only,without,False,False,False,full,not recorded,UNKNOWN,UNKNOWN,UNKNOWN,UNKNOWN,UNKNOWN,UNKNOWN,UNKNOWN
S795,Khallet Musa,primary,with,False,False,False,full,not recorded,UNKNOWN,UNKNOWN,UNKNOWN,UNKNOWN,UNKNOWN,UNKNOWN,UNKNOWN
S795,Khallet Musa,primary,without,False,False,False,full,not recorded,UNKNOWN,UNKNOWN,UNKNOWN,UNKNOWN,UNKNOWN,UNKNOWN,UNKNOWN
S795,Khallet Musa,C1_0.5km,with,False,False,False,full,not recorded,UNKNOWN,UNKNOWN,UNKNOWN,UNKNOWN,UNKNOWN,UNKNOWN,UNKNOWN
S795,Khallet Musa,C1_0.5km,without,False,False,False,full,not recorded,UNKNOWN,UNKNOWN,UNKNOWN,UNKNOWN,UNKNOWN,UNKNOWN,UNKNOWN
S795,Khallet Musa,C1_2km,with,False,False,False,full,not recorded,UNKNOWN,UNKNOWN,UNKNOWN,UNKNOWN,UNKNOWN,UNKNOWN,UNKNOWN
S795,Khallet Musa,C1_2km,without,False,False,False,full,not recorded,UNKNOWN,UNKNOWN,UNKNOWN,UNKNOWN,UNKNOWN,UNKNOWN,UNKNOWN
S795,Khallet Musa,C2_tomb_shafts,with,False,False,False,full,not recorded,UNKNOWN,UNKNOWN,UNKNOWN,UNKNOWN,UNKNOWN,UNKNOWN,UNKNOWN
S795,Khallet Musa,C2_tomb_shafts,without,False,False,False,full,not recorded,UNKNOWN,UNKNOWN,UNKNOWN,UNKNOWN,UNKNOWN,UNKNOWN,UNKNOWN
S795,Khallet Musa,dated_only,with,False,False,False,full,not recorded,UNKNOWN,UNKNOWN,UNKNOWN,UNKNOWN,UNKNOWN,UNKNOWN,UNKNOWN
S795,Khallet Musa,dated_only,without,False,False,False,full,not recorded,UNKNOWN,UNKNOWN,UNKNOWN,UNKNOWN,UNKNOWN,UNKNOWN,UNKNOWN
S798,el-Qul'ah,primary,with,False,False,False,full,to Stage 2,UNKNOWN,UNKNOWN,UNKNOWN,UNKNOWN,UNKNOWN,UNKNOWN,UNKNOWN
S798,el-Qul'ah,primary,without,False,False,False,full,to Stage 2,UNKNOWN,UNKNOWN,UNKNOWN,UNKNOWN,UNKNOWN,UNKNOWN,UNKNOWN
S798,el-Qul'ah,C1_0.5km,with,False,False,False,full,to Stage 2,UNKNOWN,UNKNOWN,UNKNOWN,UNKNOWN,UNKNOWN,UNKNOWN,UNKNOWN
S798,el-Qul'ah,C1_0.5km,without,False,False,False,full,to Stage 2,UNKNOWN,UNKNOWN,UNKNOWN,UNKNOWN,UNKNOWN,UNKNOWN,UNKNOWN
S798,el-Qul'ah,C1_2km,with,False,False,False,full,to Stage 2,MATCH,UNKNOWN,UNKNOWN,UNKNOWN,UNKNOWN,UNKNOWN,UNKNOWN
S798,el-Qul'ah,C1_2km,without,False,False,False,full,to Stage 2,MATCH,UNKNOWN,UNKNOWN,UNKNOWN,UNKNOWN,UNKNOWN,UNKNOWN
S798,el-Qul'ah,C2_tomb_shafts,with,False,False,False,full,to Stage 2,UNKNOWN,UNKNOWN,UNKNOWN,UNKNOWN,UNKNOWN,UNKNOWN,UNKNOWN
S798,el-Qul'ah,C2_tomb_shafts,without,False,False,False,full,to Stage 2,UNKNOWN,UNKNOWN,UNKNOWN,UNKNOWN,UNKNOWN,UNKNOWN,UNKNOWN
S798,el-Qul'ah,dated_only,with,False,False,False,full,to Stage 2,UNKNOWN,UNKNOWN,UNKNOWN,UNKNOWN,UNKNOWN,UNKNOWN,UNKNOWN
S798,el-Qul'ah,dated_only,without,False,False,False,full,to Stage 2,UNKNOWN,UNKNOWN,UNKNOWN,UNKNOWN,UNKNOWN,UNKNOWN,UNKNOWN
S813,Mughur 'Id,primary,with,False,False,False,full,not recorded,UNKNOWN,UNKNOWN,UNKNOWN,UNKNOWN,UNKNOWN,UNKNOWN,UNKNOWN
S813,Mughur 'Id,primary,without,False,False,False,full,not recorded,UNKNOWN,UNKNOWN,UNKNOWN,UNKNOWN,UNKNOWN,UNKNOWN,UNKNOWN
S813,Mughur 'Id,C1_0.5km,with,False,False,False,full,not recorded,UNKNOWN,UNKNOWN,UNKNOWN,UNKNOWN,UNKNOWN,UNKNOWN,UNKNOWN
S813,Mughur 'Id,C1_0.5km,without,False,False,False,full,not recorded,UNKNOWN,UNKNOWN,UNKNOWN,UNKNOWN,UNKNOWN,UNKNOWN,UNKNOWN
S813,Mughur 'Id,C1_2km,with,False,False,False,full,not recorded,UNKNOWN,UNKNOWN,UNKNOWN,UNKNOWN,UNKNOWN,UNKNOWN,UNKNOWN
S813,Mughur 'Id,C1_2km,without,False,False,False,full,not recorded,UNKNOWN,UNKNOWN,UNKNOWN,UNKNOWN,UNKNOWN,UNKNOWN,UNKNOWN
S813,Mughur 'Id,C2_tomb_shafts,with,False,False,False,full,not recorded,UNKNOWN,UNKNOWN,UNKNOWN,UNKNOWN,UNKNOWN,UNKNOWN,UNKNOWN
S813,Mughur 'Id,C2_tomb_shafts,without,False,False,False,full,not recorded,UNKNOWN,UNKNOWN,UNKNOWN,UNKNOWN,UNKNOWN,UNKNOWN,UNKNOWN
S813,Mughur 'Id,dated_only,with,False,False,False,full,not recorded,UNKNOWN,UNKNOWN,UNKNOWN,UNKNOWN,UNKNOWN,UNKNOWN,UNKNOWN
S813,Mughur 'Id,dated_only,without,False,False,False,full,not recorded,UNKNOWN,UNKNOWN,UNKNOWN,UNKNOWN,UNKNOWN,UNKNOWN,UNKNOWN
S816,Kh. Wadi el-Gharur B,primary,with,False,False,False,full,not recorded,UNKNOWN,UNKNOWN,UNKNOWN,UNKNOWN,UNKNOWN,UNKNOWN,UNKNOWN
S816,Kh. Wadi el-Gharur B,primary,without,False,False,False,full,not recorded,UNKNOWN,UNKNOWN,UNKNOWN,UNKNOWN,UNKNOWN,UNKNOWN,UNKNOWN
S816,Kh. Wadi el-Gharur B,C1_0.5km,with,False,False,False,full,not recorded,UNKNOWN,UNKNOWN,UNKNOWN,UNKNOWN,UNKNOWN,UNKNOWN,UNKNOWN
S816,Kh. Wadi el-Gharur B,C1_0.5km,without,False,False,False,full,not recorded,UNKNOWN,UNKNOWN,UNKNOWN,UNKNOWN,UNKNOWN,UNKNOWN,UNKNOWN
S816,Kh. Wadi el-Gharur B,C1_2km,with,False,False,False,full,not recorded,UNKNOWN,UNKNOWN,UNKNOWN,UNKNOWN,UNKNOWN,UNKNOWN,UNKNOWN
S816,Kh. Wadi el-Gharur B,C1_2km,without,False,False,False,full,not recorded,UNKNOWN,UNKNOWN,UNKNOWN,UNKNOWN,UNKNOWN,UNKNOWN,UNKNOWN
S816,Kh. Wadi el-Gharur B,C2_tomb_shafts,with,False,False,False,full,not recorded,UNKNOWN,UNKNOWN,UNKNOWN,UNKNOWN,UNKNOWN,UNKNOWN,UNKNOWN
S816,Kh. Wadi el-Gharur B,C2_tomb_shafts,without,False,False,False,full,not recorded,UNKNOWN,UNKNOWN,UNKNOWN,UNKNOWN,UNKNOWN,UNKNOWN,UNKNOWN
S816,Kh. Wadi el-Gharur B,dated_only,with,False,False,False,full,not recorded,UNKNOWN,UNKNOWN,UNKNOWN,UNKNOWN,UNKNOWN,UNKNOWN,UNKNOWN
S816,Kh. Wadi el-Gharur B,dated_only,without,False,False,False,full,not recorded,UNKNOWN,UNKNOWN,UNKNOWN,UNKNOWN,UNKNOWN,UNKNOWN,UNKNOWN
S818,Kh. 'En Dabbur,primary,with,False,False,False,full,not recorded,UNKNOWN,UNKNOWN,UNKNOWN,UNKNOWN,UNKNOWN,UNKNOWN,UNKNOWN
S818,Kh. 'En Dabbur,primary,without,False,False,False,full,not recorded,UNKNOWN,UNKNOWN,UNKNOWN,UNKNOWN,UNKNOWN,UNKNOWN,UNKNOWN
S818,Kh. 'En Dabbur,C1_0.5km,with,False,False,False,full,not recorded,UNKNOWN,UNKNOWN,UNKNOWN,UNKNOWN,UNKNOWN,UNKNOWN,UNKNOWN
S818,Kh. 'En Dabbur,C1_0.5km,without,False,False,False,full,not recorded,UNKNOWN,UNKNOWN,UNKNOWN,UNKNOWN,UNKNOWN,UNKNOWN,UNKNOWN
S818,Kh. 'En Dabbur,C1_2km,with,False,False,False,full,not recorded,UNKNOWN,UNKNOWN,UNKNOWN,UNKNOWN,UNKNOWN,UNKNOWN,UNKNOWN
S818,Kh. 'En Dabbur,C1_2km,without,False,False,False,full,not recorded,UNKNOWN,UNKNOWN,UNKNOWN,UNKNOWN,UNKNOWN,UNKNOWN,UNKNOWN
S818,Kh. 'En Dabbur,C2_tomb_shafts,with,False,False,False,full,not recorded,UNKNOWN,UNKNOWN,UNKNOWN,UNKNOWN,UNKNOWN,UNKNOWN,UNKNOWN
S818,Kh. 'En Dabbur,C2_tomb_shafts,without,False,False,False,full,not recorded,UNKNOWN,UNKNOWN,UNKNOWN,UNKNOWN,UNKNOWN,UNKNOWN,UNKNOWN
S818,Kh. 'En Dabbur,dated_only,with,False,False,False,full,not recorded,UNKNOWN,UNKNOWN,UNKNOWN,UNKNOWN,UNKNOWN,UNKNOWN,UNKNOWN
S818,Kh. 'En Dabbur,dated_only,without,False,False,False,full,not recorded,UNKNOWN,UNKNOWN,UNKNOWN,UNKNOWN,UNKNOWN,UNKNOWN,UNKNOWN
S827,Deir el-Ḥaṭab,primary,with,False,False,True,partial,to Stage 2,UNKNOWN,UNKNOWN,UNKNOWN,UNKNOWN,UNKNOWN,UNKNOWN,UNKNOWN
S827,Deir el-Ḥaṭab,primary,without,False,False,True,partial,to Stage 2,UNKNOWN,UNKNOWN,UNKNOWN,UNKNOWN,UNKNOWN,UNKNOWN,UNKNOWN
S827,Deir el-Ḥaṭab,C1_0.5km,with,False,False,True,partial,to Stage 2,UNKNOWN,UNKNOWN,UNKNOWN,UNKNOWN,UNKNOWN,UNKNOWN,UNKNOWN
S827,Deir el-Ḥaṭab,C1_0.5km,without,False,False,True,partial,to Stage 2,UNKNOWN,UNKNOWN,UNKNOWN,UNKNOWN,UNKNOWN,UNKNOWN,UNKNOWN
S827,Deir el-Ḥaṭab,C1_2km,with,False,False,True,partial,to Stage 2,MATCH,UNKNOWN,UNKNOWN,UNKNOWN,UNKNOWN,UNKNOWN,UNKNOWN
S827,Deir el-Ḥaṭab,C1_2km,without,False,False,True,partial,to Stage 2,MATCH,UNKNOWN,UNKNOWN,UNKNOWN,UNKNOWN,UNKNOWN,UNKNOWN
S827,Deir el-Ḥaṭab,C2_tomb_shafts,with,False,False,True,partial,to Stage 2,UNKNOWN,UNKNOWN,UNKNOWN,UNKNOWN,UNKNOWN,UNKNOWN,UNKNOWN
S827,Deir el-Ḥaṭab,C2_tomb_shafts,without,False,False,True,partial,to Stage 2,UNKNOWN,UNKNOWN,UNKNOWN,UNKNOWN,UNKNOWN,UNKNOWN,UNKNOWN
S827,Deir el-Ḥaṭab,dated_only,with,False,False,True,partial,to Stage 2,UNKNOWN,UNKNOWN,UNKNOWN,UNKNOWN,UNKNOWN,UNKNOWN,UNKNOWN
S827,Deir el-Ḥaṭab,dated_only,without,False,False,True,partial,to Stage 2,UNKNOWN,UNKNOWN,UNKNOWN,UNKNOWN,UNKNOWN,UNKNOWN,UNKNOWN
S829,er-Rjjum,primary,with,False,False,False,full,to Stage 2,UNKNOWN,UNKNOWN,UNKNOWN,UNKNOWN,UNKNOWN,UNKNOWN,UNKNOWN
S829,er-Rjjum,primary,without,False,False,False,full,to Stage 2,UNKNOWN,UNKNOWN,UNKNOWN,UNKNOWN,UNKNOWN,UNKNOWN,UNKNOWN
S829,er-Rjjum,C1_0.5km,with,False,False,False,full,to Stage 2,UNKNOWN,UNKNOWN,UNKNOWN,UNKNOWN,UNKNOWN,UNKNOWN,UNKNOWN
S829,er-Rjjum,C1_0.5km,without,False,False,False,full,to Stage 2,UNKNOWN,UNKNOWN,UNKNOWN,UNKNOWN,UNKNOWN,UNKNOWN,UNKNOWN
S829,er-Rjjum,C1_2km,with,False,False,False,full,to Stage 2,MATCH,UNKNOWN,UNKNOWN,UNKNOWN,UNKNOWN,UNKNOWN,UNKNOWN
S829,er-Rjjum,C1_2km,without,False,False,False,full,to Stage 2,MATCH,UNKNOWN,UNKNOWN,UNKNOWN,UNKNOWN,UNKNOWN,UNKNOWN
S829,er-Rjjum,C2_tomb_shafts,with,False,False,False,full,to Stage 2,UNKNOWN,UNKNOWN,UNKNOWN,UNKNOWN,UNKNOWN,UNKNOWN,UNKNOWN
S829,er-Rjjum,C2_tomb_shafts,without,False,False,False,full,to Stage 2,UNKNOWN,UNKNOWN,UNKNOWN,UNKNOWN,UNKNOWN,UNKNOWN,UNKNOWN
S829,er-Rjjum,dated_only,with,False,False,False,full,to Stage 2,UNKNOWN,UNKNOWN,UNKNOWN,UNKNOWN,UNKNOWN,UNKNOWN,UNKNOWN
S829,er-Rjjum,dated_only,without,False,False,False,full,to Stage 2,UNKNOWN,UNKNOWN,UNKNOWN,UNKNOWN,UNKNOWN,UNKNOWN,UNKNOWN
S831,Tel Za'anuni,primary,with,False,False,False,full,not recorded,UNKNOWN,UNKNOWN,UNKNOWN,UNKNOWN,UNKNOWN,UNKNOWN,UNKNOWN
S831,Tel Za'anuni,primary,without,False,False,False,full,not recorded,UNKNOWN,UNKNOWN,UNKNOWN,UNKNOWN,UNKNOWN,UNKNOWN,UNKNOWN
S831,Tel Za'anuni,C1_0.5km,with,False,False,False,full,not recorded,UNKNOWN,UNKNOWN,UNKNOWN,UNKNOWN,UNKNOWN,UNKNOWN,UNKNOWN
S831,Tel Za'anuni,C1_0.5km,without,False,False,False,full,not recorded,UNKNOWN,UNKNOWN,UNKNOWN,UNKNOWN,UNKNOWN,UNKNOWN,UNKNOWN
S831,Tel Za'anuni,C1_2km,with,False,False,False,full,not recorded,UNKNOWN,UNKNOWN,UNKNOWN,UNKNOWN,UNKNOWN,UNKNOWN,UNKNOWN
S831,Tel Za'anuni,C1_2km,without,False,False,False,full,not recorded,UNKNOWN,UNKNOWN,UNKNOWN,UNKNOWN,UNKNOWN,UNKNOWN,UNKNOWN
S831,Tel Za'anuni,C2_tomb_shafts,with,False,False,False,full,not recorded,UNKNOWN,UNKNOWN,UNKNOWN,UNKNOWN,UNKNOWN,UNKNOWN,UNKNOWN
S831,Tel Za'anuni,C2_tomb_shafts,without,False,False,False,full,not recorded,UNKNOWN,UNKNOWN,UNKNOWN,UNKNOWN,UNKNOWN,UNKNOWN,UNKNOWN
S831,Tel Za'anuni,dated_only,with,False,False,False,full,not recorded,UNKNOWN,UNKNOWN,UNKNOWN,UNKNOWN,UNKNOWN,UNKNOWN,UNKNOWN
S831,Tel Za'anuni,dated_only,without,False,False,False,full,not recorded,UNKNOWN,UNKNOWN,UNKNOWN,UNKNOWN,UNKNOWN,UNKNOWN,UNKNOWN
S841,Tel Abu Rumh,primary,with,False,False,False,full,to Stage 2,UNKNOWN,UNKNOWN,UNKNOWN,UNKNOWN,UNKNOWN,UNKNOWN,UNKNOWN
S841,Tel Abu Rumh,primary,without,False,False,False,full,to Stage 2,UNKNOWN,UNKNOWN,UNKNOWN,UNKNOWN,UNKNOWN,UNKNOWN,UNKNOWN
S841,Tel Abu Rumh,C1_0.5km,with,False,False,False,full,to Stage 2,UNKNOWN,UNKNOWN,UNKNOWN,UNKNOWN,UNKNOWN,UNKNOWN,UNKNOWN
S841,Tel Abu Rumh,C1_0.5km,without,False,False,False,full,to Stage 2,UNKNOWN,UNKNOWN,UNKNOWN,UNKNOWN,UNKNOWN,UNKNOWN,UNKNOWN
S841,Tel Abu Rumh,C1_2km,with,False,False,False,full,to Stage 2,UNKNOWN,UNKNOWN,UNKNOWN,UNKNOWN,UNKNOWN,UNKNOWN,UNKNOWN
S841,Tel Abu Rumh,C1_2km,without,False,False,False,full,to Stage 2,UNKNOWN,UNKNOWN,UNKNOWN,UNKNOWN,UNKNOWN,UNKNOWN,UNKNOWN
S841,Tel Abu Rumh,C2_tomb_shafts,with,False,False,False,full,to Stage 2,UNKNOWN,UNKNOWN,UNKNOWN,UNKNOWN,UNKNOWN,UNKNOWN,UNKNOWN
S841,Tel Abu Rumh,C2_tomb_shafts,without,False,False,False,full,to Stage 2,UNKNOWN,UNKNOWN,UNKNOWN,UNKNOWN,UNKNOWN,UNKNOWN,UNKNOWN
S841,Tel Abu Rumh,dated_only,with,False,False,False,full,to Stage 2,UNKNOWN,UNKNOWN,UNKNOWN,UNKNOWN,UNKNOWN,UNKNOWN,UNKNOWN
S841,Tel Abu Rumh,dated_only,without,False,False,False,full,to Stage 2,UNKNOWN,UNKNOWN,UNKNOWN,UNKNOWN,UNKNOWN,UNKNOWN,UNKNOWN
S843,Kh. edh-Dhra',primary,with,False,False,True,full,to Stage 2,UNKNOWN,MATCH,MATCH,UNKNOWN,UNKNOWN,UNKNOWN,UNKNOWN
S843,Kh. edh-Dhra',primary,without,False,False,True,full,to Stage 2,UNKNOWN,MATCH,MATCH,UNKNOWN,UNKNOWN,UNKNOWN,UNKNOWN
S843,Kh. edh-Dhra',C1_0.5km,with,False,False,True,full,to Stage 2,UNKNOWN,MATCH,MATCH,UNKNOWN,UNKNOWN,UNKNOWN,UNKNOWN
S843,Kh. edh-Dhra',C1_0.5km,without,False,False,True,full,to Stage 2,UNKNOWN,MATCH,MATCH,UNKNOWN,UNKNOWN,UNKNOWN,UNKNOWN
S843,Kh. edh-Dhra',C1_2km,with,False,False,True,full,to Stage 2,UNKNOWN,MATCH,MATCH,UNKNOWN,UNKNOWN,UNKNOWN,UNKNOWN
S843,Kh. edh-Dhra',C1_2km,without,False,False,True,full,to Stage 2,UNKNOWN,MATCH,MATCH,UNKNOWN,UNKNOWN,UNKNOWN,UNKNOWN
S843,Kh. edh-Dhra',C2_tomb_shafts,with,False,False,True,full,to Stage 2,UNKNOWN,MATCH,MATCH,UNKNOWN,UNKNOWN,UNKNOWN,UNKNOWN
S843,Kh. edh-Dhra',C2_tomb_shafts,without,False,False,True,full,to Stage 2,UNKNOWN,MATCH,MATCH,UNKNOWN,UNKNOWN,UNKNOWN,UNKNOWN
S843,Kh. edh-Dhra',dated_only,with,False,False,True,full,to Stage 2,UNKNOWN,UNKNOWN,UNKNOWN,UNKNOWN,UNKNOWN,UNKNOWN,UNKNOWN
S843,Kh. edh-Dhra',dated_only,without,False,False,True,full,to Stage 2,UNKNOWN,UNKNOWN,UNKNOWN,UNKNOWN,UNKNOWN,UNKNOWN,UNKNOWN
S859,Kh. Ibn Naṣir,primary,with,False,False,False,full,not recorded,UNKNOWN,UNKNOWN,UNKNOWN,UNKNOWN,UNKNOWN,UNKNOWN,UNKNOWN
S859,Kh. Ibn Naṣir,primary,without,False,False,False,full,not recorded,UNKNOWN,UNKNOWN,UNKNOWN,UNKNOWN,UNKNOWN,UNKNOWN,UNKNOWN
S859,Kh. Ibn Naṣir,C1_0.5km,with,False,False,False,full,not recorded,UNKNOWN,UNKNOWN,UNKNOWN,UNKNOWN,UNKNOWN,UNKNOWN,UNKNOWN
S859,Kh. Ibn Naṣir,C1_0.5km,without,False,False,False,full,not recorded,UNKNOWN,UNKNOWN,UNKNOWN,UNKNOWN,UNKNOWN,UNKNOWN,UNKNOWN
S859,Kh. Ibn Naṣir,C1_2km,with,False,False,False,full,not recorded,UNKNOWN,UNKNOWN,UNKNOWN,UNKNOWN,UNKNOWN,UNKNOWN,UNKNOWN
S859,Kh. Ibn Naṣir,C1_2km,without,False,False,False,full,not recorded,UNKNOWN,UNKNOWN,UNKNOWN,UNKNOWN,UNKNOWN,UNKNOWN,UNKNOWN
S859,Kh. Ibn Naṣir,C2_tomb_shafts,with,False,False,False,full,not recorded,UNKNOWN,UNKNOWN,UNKNOWN,UNKNOWN,UNKNOWN,UNKNOWN,UNKNOWN
S859,Kh. Ibn Naṣir,C2_tomb_shafts,without,False,False,False,full,not recorded,UNKNOWN,UNKNOWN,UNKNOWN,UNKNOWN,UNKNOWN,UNKNOWN,UNKNOWN
S859,Kh. Ibn Naṣir,dated_only,with,False,False,False,full,not recorded,UNKNOWN,UNKNOWN,UNKNOWN,UNKNOWN,UNKNOWN,UNKNOWN,UNKNOWN
S859,Kh. Ibn Naṣir,dated_only,without,False,False,False,full,not recorded,UNKNOWN,UNKNOWN,UNKNOWN,UNKNOWN,UNKNOWN,UNKNOWN,UNKNOWN
S860,Kh. Umm Dhabe,primary,with,False,False,False,full,not recorded,UNKNOWN,UNKNOWN,UNKNOWN,UNKNOWN,UNKNOWN,UNKNOWN,UNKNOWN
S860,Kh. Umm Dhabe,primary,without,False,False,False,full,not recorded,UNKNOWN,UNKNOWN,UNKNOWN,UNKNOWN,UNKNOWN,UNKNOWN,UNKNOWN
S860,Kh. Umm Dhabe,C1_0.5km,with,False,False,False,full,not recorded,UNKNOWN,UNKNOWN,UNKNOWN,UNKNOWN,UNKNOWN,UNKNOWN,UNKNOWN
S860,Kh. Umm Dhabe,C1_0.5km,without,False,False,False,full,not recorded,UNKNOWN,UNKNOWN,UNKNOWN,UNKNOWN,UNKNOWN,UNKNOWN,UNKNOWN
S860,Kh. Umm Dhabe,C1_2km,with,False,False,False,full,not recorded,UNKNOWN,UNKNOWN,UNKNOWN,UNKNOWN,UNKNOWN,UNKNOWN,UNKNOWN
S860,Kh. Umm Dhabe,C1_2km,without,False,False,False,full,not recorded,UNKNOWN,UNKNOWN,UNKNOWN,UNKNOWN,UNKNOWN,UNKNOWN,UNKNOWN
S860,Kh. Umm Dhabe,C2_tomb_shafts,with,False,False,False,full,not recorded,UNKNOWN,UNKNOWN,UNKNOWN,UNKNOWN,UNKNOWN,UNKNOWN,UNKNOWN
S860,Kh. Umm Dhabe,C2_tomb_shafts,without,False,False,False,full,not recorded,UNKNOWN,UNKNOWN,UNKNOWN,UNKNOWN,UNKNOWN,UNKNOWN,UNKNOWN
S860,Kh. Umm Dhabe,dated_only,with,False,False,False,full,not recorded,UNKNOWN,UNKNOWN,UNKNOWN,UNKNOWN,UNKNOWN,UNKNOWN,UNKNOWN
S860,Kh. Umm Dhabe,dated_only,without,False,False,False,full,not recorded,UNKNOWN,UNKNOWN,UNKNOWN,UNKNOWN,UNKNOWN,UNKNOWN,UNKNOWN
S866,Kh. el-Mutaqallabat,primary,with,False,False,False,full,not recorded,UNKNOWN,UNKNOWN,UNKNOWN,UNKNOWN,UNKNOWN,UNKNOWN,UNKNOWN
S866,Kh. el-Mutaqallabat,primary,without,False,False,False,full,not recorded,UNKNOWN,UNKNOWN,UNKNOWN,UNKNOWN,UNKNOWN,UNKNOWN,UNKNOWN
S866,Kh. el-Mutaqallabat,C1_0.5km,with,False,False,False,full,not recorded,UNKNOWN,UNKNOWN,UNKNOWN,UNKNOWN,UNKNOWN,UNKNOWN,UNKNOWN
S866,Kh. el-Mutaqallabat,C1_0.5km,without,False,False,False,full,not recorded,UNKNOWN,UNKNOWN,UNKNOWN,UNKNOWN,UNKNOWN,UNKNOWN,UNKNOWN
S866,Kh. el-Mutaqallabat,C1_2km,with,False,False,False,full,not recorded,UNKNOWN,UNKNOWN,UNKNOWN,UNKNOWN,UNKNOWN,UNKNOWN,UNKNOWN
S866,Kh. el-Mutaqallabat,C1_2km,without,False,False,False,full,not recorded,UNKNOWN,UNKNOWN,UNKNOWN,UNKNOWN,UNKNOWN,UNKNOWN,UNKNOWN
S866,Kh. el-Mutaqallabat,C2_tomb_shafts,with,False,False,False,full,not recorded,UNKNOWN,UNKNOWN,UNKNOWN,UNKNOWN,UNKNOWN,UNKNOWN,UNKNOWN
S866,Kh. el-Mutaqallabat,C2_tomb_shafts,without,False,False,False,full,not recorded,UNKNOWN,UNKNOWN,UNKNOWN,UNKNOWN,UNKNOWN,UNKNOWN,UNKNOWN
S866,Kh. el-Mutaqallabat,dated_only,with,False,False,False,full,not recorded,UNKNOWN,UNKNOWN,UNKNOWN,UNKNOWN,UNKNOWN,UNKNOWN,UNKNOWN
S866,Kh. el-Mutaqallabat,dated_only,without,False,False,False,full,not recorded,UNKNOWN,UNKNOWN,UNKNOWN,UNKNOWN,UNKNOWN,UNKNOWN,UNKNOWN
S877,Kh. Umm Ḥajar B,primary,with,False,False,False,full,not recorded,UNKNOWN,UNKNOWN,UNKNOWN,UNKNOWN,UNKNOWN,UNKNOWN,UNKNOWN
S877,Kh. Umm Ḥajar B,primary,without,False,False,False,full,not recorded,UNKNOWN,UNKNOWN,UNKNOWN,UNKNOWN,UNKNOWN,UNKNOWN,UNKNOWN
S877,Kh. Umm Ḥajar B,C1_0.5km,with,False,False,False,full,not recorded,UNKNOWN,UNKNOWN,UNKNOWN,UNKNOWN,UNKNOWN,UNKNOWN,UNKNOWN
S877,Kh. Umm Ḥajar B,C1_0.5km,without,False,False,False,full,not recorded,UNKNOWN,UNKNOWN,UNKNOWN,UNKNOWN,UNKNOWN,UNKNOWN,UNKNOWN
S877,Kh. Umm Ḥajar B,C1_2km,with,False,False,False,full,not recorded,UNKNOWN,UNKNOWN,UNKNOWN,UNKNOWN,UNKNOWN,UNKNOWN,UNKNOWN
S877,Kh. Umm Ḥajar B,C1_2km,without,False,False,False,full,not recorded,UNKNOWN,UNKNOWN,UNKNOWN,UNKNOWN,UNKNOWN,UNKNOWN,UNKNOWN
S877,Kh. Umm Ḥajar B,C2_tomb_shafts,with,False,False,False,full,not recorded,UNKNOWN,UNKNOWN,UNKNOWN,UNKNOWN,UNKNOWN,UNKNOWN,UNKNOWN
S877,Kh. Umm Ḥajar B,C2_tomb_shafts,without,False,False,False,full,not recorded,UNKNOWN,UNKNOWN,UNKNOWN,UNKNOWN,UNKNOWN,UNKNOWN,UNKNOWN
S877,Kh. Umm Ḥajar B,dated_only,with,False,False,False,full,not recorded,UNKNOWN,UNKNOWN,UNKNOWN,UNKNOWN,UNKNOWN,UNKNOWN,UNKNOWN
S877,Kh. Umm Ḥajar B,dated_only,without,False,False,False,full,not recorded,UNKNOWN,UNKNOWN,UNKNOWN,UNKNOWN,UNKNOWN,UNKNOWN,UNKNOWN
S883,Kh. ej-Jofe,primary,with,False,False,False,full,not recorded,UNKNOWN,UNKNOWN,UNKNOWN,UNKNOWN,UNKNOWN,UNKNOWN,UNKNOWN
S883,Kh. ej-Jofe,primary,without,False,False,False,full,not recorded,UNKNOWN,UNKNOWN,UNKNOWN,UNKNOWN,UNKNOWN,UNKNOWN,UNKNOWN
S883,Kh. ej-Jofe,C1_0.5km,with,False,False,False,full,not recorded,UNKNOWN,UNKNOWN,UNKNOWN,UNKNOWN,UNKNOWN,UNKNOWN,UNKNOWN
S883,Kh. ej-Jofe,C1_0.5km,without,False,False,False,full,not recorded,UNKNOWN,UNKNOWN,UNKNOWN,UNKNOWN,UNKNOWN,UNKNOWN,UNKNOWN
S883,Kh. ej-Jofe,C1_2km,with,False,False,False,full,not recorded,UNKNOWN,UNKNOWN,UNKNOWN,UNKNOWN,UNKNOWN,UNKNOWN,UNKNOWN
S883,Kh. ej-Jofe,C1_2km,without,False,False,False,full,not recorded,UNKNOWN,UNKNOWN,UNKNOWN,UNKNOWN,UNKNOWN,UNKNOWN,UNKNOWN
S883,Kh. ej-Jofe,C2_tomb_shafts,with,False,False,False,full,not recorded,UNKNOWN,UNKNOWN,UNKNOWN,UNKNOWN,UNKNOWN,UNKNOWN,UNKNOWN
S883,Kh. ej-Jofe,C2_tomb_shafts,without,False,False,False,full,not recorded,UNKNOWN,UNKNOWN,UNKNOWN,UNKNOWN,UNKNOWN,UNKNOWN,UNKNOWN
S883,Kh. ej-Jofe,dated_only,with,False,False,False,full,not recorded,UNKNOWN,UNKNOWN,UNKNOWN,UNKNOWN,UNKNOWN,UNKNOWN,UNKNOWN
S883,Kh. ej-Jofe,dated_only,without,False,False,False,full,not recorded,UNKNOWN,UNKNOWN,UNKNOWN,UNKNOWN,UNKNOWN,UNKNOWN,UNKNOWN
S6026,Kh. Wadi ej-Jofe,primary,with,False,False,False,partial,not recorded,UNKNOWN,UNKNOWN,UNKNOWN,UNKNOWN,UNKNOWN,UNKNOWN,UNKNOWN
S6026,Kh. Wadi ej-Jofe,primary,without,False,False,False,partial,not recorded,UNKNOWN,UNKNOWN,UNKNOWN,UNKNOWN,UNKNOWN,UNKNOWN,UNKNOWN
S6026,Kh. Wadi ej-Jofe,C1_0.5km,with,False,False,False,partial,not recorded,UNKNOWN,UNKNOWN,UNKNOWN,UNKNOWN,UNKNOWN,UNKNOWN,UNKNOWN
S6026,Kh. Wadi ej-Jofe,C1_0.5km,without,False,False,False,partial,not recorded,UNKNOWN,UNKNOWN,UNKNOWN,UNKNOWN,UNKNOWN,UNKNOWN,UNKNOWN
S6026,Kh. Wadi ej-Jofe,C1_2km,with,False,False,False,partial,not recorded,UNKNOWN,UNKNOWN,UNKNOWN,UNKNOWN,UNKNOWN,UNKNOWN,UNKNOWN
S6026,Kh. Wadi ej-Jofe,C1_2km,without,False,False,False,partial,not recorded,UNKNOWN,UNKNOWN,UNKNOWN,UNKNOWN,UNKNOWN,UNKNOWN,UNKNOWN
S6026,Kh. Wadi ej-Jofe,C2_tomb_shafts,with,False,False,False,partial,not recorded,UNKNOWN,UNKNOWN,UNKNOWN,UNKNOWN,UNKNOWN,UNKNOWN,UNKNOWN
S6026,Kh. Wadi ej-Jofe,C2_tomb_shafts,without,False,False,False,partial,not recorded,UNKNOWN,UNKNOWN,UNKNOWN,UNKNOWN,UNKNOWN,UNKNOWN,UNKNOWN
S6026,Kh. Wadi ej-Jofe,dated_only,with,False,False,False,partial,not recorded,UNKNOWN,UNKNOWN,UNKNOWN,UNKNOWN,UNKNOWN,UNKNOWN,UNKNOWN
S6026,Kh. Wadi ej-Jofe,dated_only,without,False,False,False,partial,not recorded,UNKNOWN,UNKNOWN,UNKNOWN,UNKNOWN,UNKNOWN,UNKNOWN,UNKNOWN
S908,Kh. Ras el-Kharube,primary,with,False,False,False,full,not recorded,UNKNOWN,UNKNOWN,UNKNOWN,UNKNOWN,UNKNOWN,UNKNOWN,UNKNOWN
S908,Kh. Ras el-Kharube,primary,without,False,False,False,full,not recorded,UNKNOWN,UNKNOWN,UNKNOWN,UNKNOWN,UNKNOWN,UNKNOWN,UNKNOWN
S908,Kh. Ras el-Kharube,C1_0.5km,with,False,False,False,full,not recorded,UNKNOWN,UNKNOWN,UNKNOWN,UNKNOWN,UNKNOWN,UNKNOWN,UNKNOWN
S908,Kh. Ras el-Kharube,C1_0.5km,without,False,False,False,full,not recorded,UNKNOWN,UNKNOWN,UNKNOWN,UNKNOWN,UNKNOWN,UNKNOWN,UNKNOWN
S908,Kh. Ras el-Kharube,C1_2km,with,False,False,False,full,not recorded,UNKNOWN,UNKNOWN,UNKNOWN,UNKNOWN,UNKNOWN,UNKNOWN,UNKNOWN
S908,Kh. Ras el-Kharube,C1_2km,without,False,False,False,full,not recorded,UNKNOWN,UNKNOWN,UNKNOWN,UNKNOWN,UNKNOWN,UNKNOWN,UNKNOWN
S908,Kh. Ras el-Kharube,C2_tomb_shafts,with,False,False,False,full,not recorded,UNKNOWN,UNKNOWN,UNKNOWN,UNKNOWN,UNKNOWN,UNKNOWN,UNKNOWN
S908,Kh. Ras el-Kharube,C2_tomb_shafts,without,False,False,False,full,not recorded,UNKNOWN,UNKNOWN,UNKNOWN,UNKNOWN,UNKNOWN,UNKNOWN,UNKNOWN
S908,Kh. Ras el-Kharube,dated_only,with,False,False,False,full,not recorded,UNKNOWN,UNKNOWN,UNKNOWN,UNKNOWN,UNKNOWN,UNKNOWN,UNKNOWN
S908,Kh. Ras el-Kharube,dated_only,without,False,False,False,full,not recorded,UNKNOWN,UNKNOWN,UNKNOWN,UNKNOWN,UNKNOWN,UNKNOWN,UNKNOWN
S935,Bab ed-Dayyq,primary,with,False,False,False,full,not recorded,UNKNOWN,UNKNOWN,UNKNOWN,UNKNOWN,UNKNOWN,UNKNOWN,UNKNOWN
S935,Bab ed-Dayyq,primary,without,False,False,False,full,not recorded,UNKNOWN,UNKNOWN,UNKNOWN,UNKNOWN,UNKNOWN,UNKNOWN,UNKNOWN
S935,Bab ed-Dayyq,C1_0.5km,with,False,False,False,full,not recorded,UNKNOWN,UNKNOWN,UNKNOWN,UNKNOWN,UNKNOWN,UNKNOWN,UNKNOWN
S935,Bab ed-Dayyq,C1_0.5km,without,False,False,False,full,not recorded,UNKNOWN,UNKNOWN,UNKNOWN,UNKNOWN,UNKNOWN,UNKNOWN,UNKNOWN
S935,Bab ed-Dayyq,C1_2km,with,False,False,False,full,not recorded,UNKNOWN,UNKNOWN,UNKNOWN,UNKNOWN,UNKNOWN,UNKNOWN,UNKNOWN
S935,Bab ed-Dayyq,C1_2km,without,False,False,False,full,not recorded,UNKNOWN,UNKNOWN,UNKNOWN,UNKNOWN,UNKNOWN,UNKNOWN,UNKNOWN
S935,Bab ed-Dayyq,C2_tomb_shafts,with,False,False,False,full,not recorded,UNKNOWN,UNKNOWN,UNKNOWN,UNKNOWN,UNKNOWN,UNKNOWN,UNKNOWN
S935,Bab ed-Dayyq,C2_tomb_shafts,without,False,False,False,full,not recorded,UNKNOWN,UNKNOWN,UNKNOWN,UNKNOWN,UNKNOWN,UNKNOWN,UNKNOWN
S935,Bab ed-Dayyq,dated_only,with,False,False,False,full,not recorded,UNKNOWN,UNKNOWN,UNKNOWN,UNKNOWN,UNKNOWN,UNKNOWN,UNKNOWN
S935,Bab ed-Dayyq,dated_only,without,False,False,False,full,not recorded,UNKNOWN,UNKNOWN,UNKNOWN,UNKNOWN,UNKNOWN,UNKNOWN,UNKNOWN
S944,el-'Alam A,primary,with,False,False,False,full,not recorded,UNKNOWN,UNKNOWN,UNKNOWN,UNKNOWN,UNKNOWN,UNKNOWN,UNKNOWN
S944,el-'Alam A,primary,without,False,False,False,full,not recorded,UNKNOWN,UNKNOWN,UNKNOWN,UNKNOWN,UNKNOWN,UNKNOWN,UNKNOWN
S944,el-'Alam A,C1_0.5km,with,False,False,False,full,not recorded,UNKNOWN,UNKNOWN,UNKNOWN,UNKNOWN,UNKNOWN,UNKNOWN,UNKNOWN
S944,el-'Alam A,C1_0.5km,without,False,False,False,full,not recorded,UNKNOWN,UNKNOWN,UNKNOWN,UNKNOWN,UNKNOWN,UNKNOWN,UNKNOWN
S944,el-'Alam A,C1_2km,with,False,False,False,full,not recorded,UNKNOWN,UNKNOWN,UNKNOWN,UNKNOWN,UNKNOWN,UNKNOWN,UNKNOWN
S944,el-'Alam A,C1_2km,without,False,False,False,full,not recorded,UNKNOWN,UNKNOWN,UNKNOWN,UNKNOWN,UNKNOWN,UNKNOWN,UNKNOWN
S944,el-'Alam A,C2_tomb_shafts,with,False,False,False,full,not recorded,UNKNOWN,UNKNOWN,UNKNOWN,UNKNOWN,UNKNOWN,UNKNOWN,UNKNOWN
S944,el-'Alam A,C2_tomb_shafts,without,False,False,False,full,not recorded,UNKNOWN,UNKNOWN,UNKNOWN,UNKNOWN,UNKNOWN,UNKNOWN,UNKNOWN
S944,el-'Alam A,dated_only,with,False,False,False,full,not recorded,UNKNOWN,UNKNOWN,UNKNOWN,UNKNOWN,UNKNOWN,UNKNOWN,UNKNOWN
S944,el-'Alam A,dated_only,without,False,False,False,full,not recorded,UNKNOWN,UNKNOWN,UNKNOWN,UNKNOWN,UNKNOWN,UNKNOWN,UNKNOWN
S948,Kh. Wadi Umm Watad 2,primary,with,False,False,False,full,not recorded,UNKNOWN,UNKNOWN,UNKNOWN,UNKNOWN,UNKNOWN,UNKNOWN,UNKNOWN
S948,Kh. Wadi Umm Watad 2,primary,without,False,False,False,full,not recorded,UNKNOWN,UNKNOWN,UNKNOWN,UNKNOWN,UNKNOWN,UNKNOWN,UNKNOWN
S948,Kh. Wadi Umm Watad 2,C1_0.5km,with,False,False,False,full,not recorded,UNKNOWN,UNKNOWN,UNKNOWN,UNKNOWN,UNKNOWN,UNKNOWN,UNKNOWN
S948,Kh. Wadi Umm Watad 2,C1_0.5km,without,False,False,False,full,not recorded,UNKNOWN,UNKNOWN,UNKNOWN,UNKNOWN,UNKNOWN,UNKNOWN,UNKNOWN
S948,Kh. Wadi Umm Watad 2,C1_2km,with,False,False,False,full,not recorded,UNKNOWN,UNKNOWN,UNKNOWN,UNKNOWN,UNKNOWN,UNKNOWN,UNKNOWN
S948,Kh. Wadi Umm Watad 2,C1_2km,without,False,False,False,full,not recorded,UNKNOWN,UNKNOWN,UNKNOWN,UNKNOWN,UNKNOWN,UNKNOWN,UNKNOWN
S948,Kh. Wadi Umm Watad 2,C2_tomb_shafts,with,False,False,False,full,not recorded,UNKNOWN,UNKNOWN,UNKNOWN,UNKNOWN,UNKNOWN,UNKNOWN,UNKNOWN
S948,Kh. Wadi Umm Watad 2,C2_tomb_shafts,without,False,False,False,full,not recorded,UNKNOWN,UNKNOWN,UNKNOWN,UNKNOWN,UNKNOWN,UNKNOWN,UNKNOWN
S948,Kh. Wadi Umm Watad 2,dated_only,with,False,False,False,full,not recorded,UNKNOWN,UNKNOWN,UNKNOWN,UNKNOWN,UNKNOWN,UNKNOWN,UNKNOWN
S948,Kh. Wadi Umm Watad 2,dated_only,without,False,False,False,full,not recorded,UNKNOWN,UNKNOWN,UNKNOWN,UNKNOWN,UNKNOWN,UNKNOWN,UNKNOWN
S954,Kh. Wadi Umm Watad 1,primary,with,False,False,False,full,not recorded,UNKNOWN,UNKNOWN,UNKNOWN,UNKNOWN,UNKNOWN,UNKNOWN,UNKNOWN
S954,Kh. Wadi Umm Watad 1,primary,without,False,False,False,full,not recorded,UNKNOWN,UNKNOWN,UNKNOWN,UNKNOWN,UNKNOWN,UNKNOWN,UNKNOWN
S954,Kh. Wadi Umm Watad 1,C1_0.5km,with,False,False,False,full,not recorded,UNKNOWN,UNKNOWN,UNKNOWN,UNKNOWN,UNKNOWN,UNKNOWN,UNKNOWN
S954,Kh. Wadi Umm Watad 1,C1_0.5km,without,False,False,False,full,not recorded,UNKNOWN,UNKNOWN,UNKNOWN,UNKNOWN,UNKNOWN,UNKNOWN,UNKNOWN
S954,Kh. Wadi Umm Watad 1,C1_2km,with,False,False,False,full,not recorded,UNKNOWN,UNKNOWN,UNKNOWN,UNKNOWN,UNKNOWN,UNKNOWN,UNKNOWN
S954,Kh. Wadi Umm Watad 1,C1_2km,without,False,False,False,full,not recorded,UNKNOWN,UNKNOWN,UNKNOWN,UNKNOWN,UNKNOWN,UNKNOWN,UNKNOWN
S954,Kh. Wadi Umm Watad 1,C2_tomb_shafts,with,False,False,False,full,not recorded,UNKNOWN,UNKNOWN,UNKNOWN,UNKNOWN,UNKNOWN,UNKNOWN,UNKNOWN
S954,Kh. Wadi Umm Watad 1,C2_tomb_shafts,without,False,False,False,full,not recorded,UNKNOWN,UNKNOWN,UNKNOWN,UNKNOWN,UNKNOWN,UNKNOWN,UNKNOWN
S954,Kh. Wadi Umm Watad 1,dated_only,with,False,False,False,full,not recorded,UNKNOWN,UNKNOWN,UNKNOWN,UNKNOWN,UNKNOWN,UNKNOWN,UNKNOWN
S954,Kh. Wadi Umm Watad 1,dated_only,without,False,False,False,full,not recorded,UNKNOWN,UNKNOWN,UNKNOWN,UNKNOWN,UNKNOWN,UNKNOWN,UNKNOWN
S964,Shunat el-Masani',primary,with,False,False,False,partial,not recorded,UNKNOWN,UNKNOWN,UNKNOWN,UNKNOWN,UNKNOWN,UNKNOWN,UNKNOWN
S964,Shunat el-Masani',primary,without,False,False,False,partial,not recorded,UNKNOWN,UNKNOWN,UNKNOWN,UNKNOWN,UNKNOWN,UNKNOWN,UNKNOWN
S964,Shunat el-Masani',C1_0.5km,with,False,False,False,partial,not recorded,UNKNOWN,UNKNOWN,UNKNOWN,UNKNOWN,UNKNOWN,UNKNOWN,UNKNOWN
S964,Shunat el-Masani',C1_0.5km,without,False,False,False,partial,not recorded,UNKNOWN,UNKNOWN,UNKNOWN,UNKNOWN,UNKNOWN,UNKNOWN,UNKNOWN
S964,Shunat el-Masani',C1_2km,with,False,False,False,partial,not recorded,UNKNOWN,UNKNOWN,UNKNOWN,UNKNOWN,UNKNOWN,UNKNOWN,UNKNOWN
S964,Shunat el-Masani',C1_2km,without,False,False,False,partial,not recorded,UNKNOWN,UNKNOWN,UNKNOWN,UNKNOWN,UNKNOWN,UNKNOWN,UNKNOWN
S964,Shunat el-Masani',C2_tomb_shafts,with,False,False,False,partial,not recorded,UNKNOWN,UNKNOWN,UNKNOWN,UNKNOWN,UNKNOWN,UNKNOWN,UNKNOWN
S964,Shunat el-Masani',C2_tomb_shafts,without,False,False,False,partial,not recorded,UNKNOWN,UNKNOWN,UNKNOWN,UNKNOWN,UNKNOWN,UNKNOWN,UNKNOWN
S964,Shunat el-Masani',dated_only,with,False,False,False,partial,not recorded,UNKNOWN,UNKNOWN,UNKNOWN,UNKNOWN,UNKNOWN,UNKNOWN,UNKNOWN
S964,Shunat el-Masani',dated_only,without,False,False,False,partial,not recorded,UNKNOWN,UNKNOWN,UNKNOWN,UNKNOWN,UNKNOWN,UNKNOWN,UNKNOWN
S984,-,primary,with,False,False,False,full,not recorded,UNKNOWN,UNKNOWN,UNKNOWN,UNKNOWN,UNKNOWN,UNKNOWN,UNKNOWN
S984,-,primary,without,False,False,False,full,not recorded,UNKNOWN,UNKNOWN,UNKNOWN,UNKNOWN,UNKNOWN,UNKNOWN,UNKNOWN
S984,-,C1_0.5km,with,False,False,False,full,not recorded,UNKNOWN,UNKNOWN,UNKNOWN,UNKNOWN,UNKNOWN,UNKNOWN,UNKNOWN
S984,-,C1_0.5km,without,False,False,False,full,not recorded,UNKNOWN,UNKNOWN,UNKNOWN,UNKNOWN,UNKNOWN,UNKNOWN,UNKNOWN
S984,-,C1_2km,with,False,False,False,full,not recorded,UNKNOWN,UNKNOWN,UNKNOWN,UNKNOWN,UNKNOWN,UNKNOWN,UNKNOWN
S984,-,C1_2km,without,False,False,False,full,not recorded,UNKNOWN,UNKNOWN,UNKNOWN,UNKNOWN,UNKNOWN,UNKNOWN,UNKNOWN
S984,-,C2_tomb_shafts,with,False,False,False,full,not recorded,UNKNOWN,UNKNOWN,UNKNOWN,UNKNOWN,UNKNOWN,UNKNOWN,UNKNOWN
S984,-,C2_tomb_shafts,without,False,False,False,full,not recorded,UNKNOWN,UNKNOWN,UNKNOWN,UNKNOWN,UNKNOWN,UNKNOWN,UNKNOWN
S984,-,dated_only,with,False,False,False,full,not recorded,UNKNOWN,UNKNOWN,UNKNOWN,UNKNOWN,UNKNOWN,UNKNOWN,UNKNOWN
S984,-,dated_only,without,False,False,False,full,not recorded,UNKNOWN,UNKNOWN,UNKNOWN,UNKNOWN,UNKNOWN,UNKNOWN,UNKNOWN
S1002,Kh. Ghannam,primary,with,False,False,False,full,not recorded,UNKNOWN,UNKNOWN,UNKNOWN,UNKNOWN,UNKNOWN,UNKNOWN,UNKNOWN
S1002,Kh. Ghannam,primary,without,False,False,False,full,not recorded,UNKNOWN,UNKNOWN,UNKNOWN,UNKNOWN,UNKNOWN,UNKNOWN,UNKNOWN
S1002,Kh. Ghannam,C1_0.5km,with,False,False,False,full,not recorded,UNKNOWN,UNKNOWN,UNKNOWN,UNKNOWN,UNKNOWN,UNKNOWN,UNKNOWN
S1002,Kh. Ghannam,C1_0.5km,without,False,False,False,full,not recorded,UNKNOWN,UNKNOWN,UNKNOWN,UNKNOWN,UNKNOWN,UNKNOWN,UNKNOWN
S1002,Kh. Ghannam,C1_2km,with,False,False,False,full,not recorded,UNKNOWN,UNKNOWN,UNKNOWN,UNKNOWN,UNKNOWN,UNKNOWN,UNKNOWN
S1002,Kh. Ghannam,C1_2km,without,False,False,False,full,not recorded,UNKNOWN,UNKNOWN,UNKNOWN,UNKNOWN,UNKNOWN,UNKNOWN,UNKNOWN
S1002,Kh. Ghannam,C2_tomb_shafts,with,False,False,False,full,not recorded,UNKNOWN,UNKNOWN,UNKNOWN,UNKNOWN,UNKNOWN,UNKNOWN,UNKNOWN
S1002,Kh. Ghannam,C2_tomb_shafts,without,False,False,False,full,not recorded,UNKNOWN,UNKNOWN,UNKNOWN,UNKNOWN,UNKNOWN,UNKNOWN,UNKNOWN
S1002,Kh. Ghannam,dated_only,with,False,False,False,full,not recorded,UNKNOWN,UNKNOWN,UNKNOWN,UNKNOWN,UNKNOWN,UNKNOWN,UNKNOWN
S1002,Kh. Ghannam,dated_only,without,False,False,False,full,not recorded,UNKNOWN,UNKNOWN,UNKNOWN,UNKNOWN,UNKNOWN,UNKNOWN,UNKNOWN
S1062,Beita el-Fauqa,primary,with,False,False,False,full,not recorded,UNKNOWN,UNKNOWN,UNKNOWN,UNKNOWN,UNKNOWN,UNKNOWN,UNKNOWN
S1062,Beita el-Fauqa,primary,without,False,False,False,full,not recorded,UNKNOWN,UNKNOWN,UNKNOWN,UNKNOWN,UNKNOWN,UNKNOWN,UNKNOWN
S1062,Beita el-Fauqa,C1_0.5km,with,False,False,False,full,not recorded,UNKNOWN,UNKNOWN,UNKNOWN,UNKNOWN,UNKNOWN,UNKNOWN,UNKNOWN
S1062,Beita el-Fauqa,C1_0.5km,without,False,False,False,full,not recorded,UNKNOWN,UNKNOWN,UNKNOWN,UNKNOWN,UNKNOWN,UNKNOWN,UNKNOWN
S1062,Beita el-Fauqa,C1_2km,with,False,False,False,full,not recorded,UNKNOWN,UNKNOWN,UNKNOWN,UNKNOWN,UNKNOWN,UNKNOWN,UNKNOWN
S1062,Beita el-Fauqa,C1_2km,without,False,False,False,full,not recorded,UNKNOWN,UNKNOWN,UNKNOWN,UNKNOWN,UNKNOWN,UNKNOWN,UNKNOWN
S1062,Beita el-Fauqa,C2_tomb_shafts,with,False,False,False,full,not recorded,UNKNOWN,UNKNOWN,UNKNOWN,UNKNOWN,UNKNOWN,UNKNOWN,UNKNOWN
S1062,Beita el-Fauqa,C2_tomb_shafts,without,False,False,False,full,not recorded,UNKNOWN,UNKNOWN,UNKNOWN,UNKNOWN,UNKNOWN,UNKNOWN,UNKNOWN
S1062,Beita el-Fauqa,dated_only,with,False,False,False,full,not recorded,UNKNOWN,UNKNOWN,UNKNOWN,UNKNOWN,UNKNOWN,UNKNOWN,UNKNOWN
S1062,Beita el-Fauqa,dated_only,without,False,False,False,full,not recorded,UNKNOWN,UNKNOWN,UNKNOWN,UNKNOWN,UNKNOWN,UNKNOWN,UNKNOWN
S1070,Tell el-Bedha 1,primary,with,False,False,False,full,not recorded,UNKNOWN,UNKNOWN,UNKNOWN,UNKNOWN,UNKNOWN,UNKNOWN,UNKNOWN
S1070,Tell el-Bedha 1,primary,without,False,False,False,full,not recorded,UNKNOWN,UNKNOWN,UNKNOWN,UNKNOWN,UNKNOWN,UNKNOWN,UNKNOWN
S1070,Tell el-Bedha 1,C1_0.5km,with,False,False,False,full,not recorded,UNKNOWN,UNKNOWN,UNKNOWN,UNKNOWN,UNKNOWN,UNKNOWN,UNKNOWN
S1070,Tell el-Bedha 1,C1_0.5km,without,False,False,False,full,not recorded,UNKNOWN,UNKNOWN,UNKNOWN,UNKNOWN,UNKNOWN,UNKNOWN,UNKNOWN
S1070,Tell el-Bedha 1,C1_2km,with,False,False,False,full,not recorded,UNKNOWN,UNKNOWN,UNKNOWN,UNKNOWN,UNKNOWN,UNKNOWN,UNKNOWN
S1070,Tell el-Bedha 1,C1_2km,without,False,False,False,full,not recorded,UNKNOWN,UNKNOWN,UNKNOWN,UNKNOWN,UNKNOWN,UNKNOWN,UNKNOWN
S1070,Tell el-Bedha 1,C2_tomb_shafts,with,False,False,False,full,not recorded,UNKNOWN,UNKNOWN,UNKNOWN,UNKNOWN,UNKNOWN,UNKNOWN,UNKNOWN
S1070,Tell el-Bedha 1,C2_tomb_shafts,without,False,False,False,full,not recorded,UNKNOWN,UNKNOWN,UNKNOWN,UNKNOWN,UNKNOWN,UNKNOWN,UNKNOWN
S1070,Tell el-Bedha 1,dated_only,with,False,False,False,full,not recorded,UNKNOWN,UNKNOWN,UNKNOWN,UNKNOWN,UNKNOWN,UNKNOWN,UNKNOWN
S1070,Tell el-Bedha 1,dated_only,without,False,False,False,full,not recorded,UNKNOWN,UNKNOWN,UNKNOWN,UNKNOWN,UNKNOWN,UNKNOWN,UNKNOWN
S1072,Fari'a el-Juftlik,primary,with,False,False,False,full,to Stage 2,UNKNOWN,UNKNOWN,UNKNOWN,UNKNOWN,UNKNOWN,UNKNOWN,UNKNOWN
S1072,Fari'a el-Juftlik,primary,without,False,False,False,full,to Stage 2,UNKNOWN,UNKNOWN,UNKNOWN,UNKNOWN,UNKNOWN,UNKNOWN,UNKNOWN
S1072,Fari'a el-Juftlik,C1_0.5km,with,False,False,False,full,to Stage 2,UNKNOWN,UNKNOWN,UNKNOWN,UNKNOWN,UNKNOWN,UNKNOWN,UNKNOWN
S1072,Fari'a el-Juftlik,C1_0.5km,without,False,False,False,full,to Stage 2,UNKNOWN,UNKNOWN,UNKNOWN,UNKNOWN,UNKNOWN,UNKNOWN,UNKNOWN
S1072,Fari'a el-Juftlik,C1_2km,with,False,False,False,full,to Stage 2,UNKNOWN,UNKNOWN,UNKNOWN,UNKNOWN,UNKNOWN,UNKNOWN,UNKNOWN
S1072,Fari'a el-Juftlik,C1_2km,without,False,False,False,full,to Stage 2,UNKNOWN,UNKNOWN,UNKNOWN,UNKNOWN,UNKNOWN,UNKNOWN,UNKNOWN
S1072,Fari'a el-Juftlik,C2_tomb_shafts,with,False,False,False,full,to Stage 2,UNKNOWN,UNKNOWN,UNKNOWN,UNKNOWN,UNKNOWN,UNKNOWN,UNKNOWN
S1072,Fari'a el-Juftlik,C2_tomb_shafts,without,False,False,False,full,to Stage 2,UNKNOWN,UNKNOWN,UNKNOWN,UNKNOWN,UNKNOWN,UNKNOWN,UNKNOWN
S1072,Fari'a el-Juftlik,dated_only,with,False,False,False,full,to Stage 2,UNKNOWN,UNKNOWN,UNKNOWN,UNKNOWN,UNKNOWN,UNKNOWN,UNKNOWN
S1072,Fari'a el-Juftlik,dated_only,without,False,False,False,full,to Stage 2,UNKNOWN,UNKNOWN,UNKNOWN,UNKNOWN,UNKNOWN,UNKNOWN,UNKNOWN
S1097,el-Makhruq 1,primary,with,False,False,False,full,not recorded,UNKNOWN,UNKNOWN,UNKNOWN,UNKNOWN,UNKNOWN,UNKNOWN,UNKNOWN
S1097,el-Makhruq 1,primary,without,False,False,False,full,not recorded,UNKNOWN,UNKNOWN,UNKNOWN,UNKNOWN,UNKNOWN,UNKNOWN,UNKNOWN
S1097,el-Makhruq 1,C1_0.5km,with,False,False,False,full,not recorded,UNKNOWN,UNKNOWN,UNKNOWN,UNKNOWN,UNKNOWN,UNKNOWN,UNKNOWN
S1097,el-Makhruq 1,C1_0.5km,without,False,False,False,full,not recorded,UNKNOWN,UNKNOWN,UNKNOWN,UNKNOWN,UNKNOWN,UNKNOWN,UNKNOWN
S1097,el-Makhruq 1,C1_2km,with,False,False,False,full,not recorded,UNKNOWN,UNKNOWN,UNKNOWN,UNKNOWN,UNKNOWN,UNKNOWN,UNKNOWN
S1097,el-Makhruq 1,C1_2km,without,False,False,False,full,not recorded,UNKNOWN,UNKNOWN,UNKNOWN,UNKNOWN,UNKNOWN,UNKNOWN,UNKNOWN
S1097,el-Makhruq 1,C2_tomb_shafts,with,False,False,False,full,not recorded,UNKNOWN,UNKNOWN,UNKNOWN,UNKNOWN,UNKNOWN,UNKNOWN,UNKNOWN
S1097,el-Makhruq 1,C2_tomb_shafts,without,False,False,False,full,not recorded,UNKNOWN,UNKNOWN,UNKNOWN,UNKNOWN,UNKNOWN,UNKNOWN,UNKNOWN
S1097,el-Makhruq 1,dated_only,with,False,False,False,full,not recorded,UNKNOWN,UNKNOWN,UNKNOWN,UNKNOWN,UNKNOWN,UNKNOWN,UNKNOWN
S1097,el-Makhruq 1,dated_only,without,False,False,False,full,not recorded,UNKNOWN,UNKNOWN,UNKNOWN,UNKNOWN,UNKNOWN,UNKNOWN,UNKNOWN
S1112,Kh. el-Jarayish,primary,with,False,False,False,full,not recorded,UNKNOWN,UNKNOWN,UNKNOWN,UNKNOWN,UNKNOWN,UNKNOWN,UNKNOWN
S1112,Kh. el-Jarayish,primary,without,False,False,False,full,not recorded,UNKNOWN,UNKNOWN,UNKNOWN,UNKNOWN,UNKNOWN,UNKNOWN,UNKNOWN
S1112,Kh. el-Jarayish,C1_0.5km,with,False,False,False,full,not recorded,UNKNOWN,UNKNOWN,UNKNOWN,UNKNOWN,UNKNOWN,UNKNOWN,UNKNOWN
S1112,Kh. el-Jarayish,C1_0.5km,without,False,False,False,full,not recorded,UNKNOWN,UNKNOWN,UNKNOWN,UNKNOWN,UNKNOWN,UNKNOWN,UNKNOWN
S1112,Kh. el-Jarayish,C1_2km,with,False,False,False,full,not recorded,UNKNOWN,UNKNOWN,UNKNOWN,UNKNOWN,UNKNOWN,UNKNOWN,UNKNOWN
S1112,Kh. el-Jarayish,C1_2km,without,False,False,False,full,not recorded,UNKNOWN,UNKNOWN,UNKNOWN,UNKNOWN,UNKNOWN,UNKNOWN,UNKNOWN
S1112,Kh. el-Jarayish,C2_tomb_shafts,with,False,False,False,full,not recorded,UNKNOWN,UNKNOWN,UNKNOWN,UNKNOWN,UNKNOWN,UNKNOWN,UNKNOWN
S1112,Kh. el-Jarayish,C2_tomb_shafts,without,False,False,False,full,not recorded,UNKNOWN,UNKNOWN,UNKNOWN,UNKNOWN,UNKNOWN,UNKNOWN,UNKNOWN
S1112,Kh. el-Jarayish,dated_only,with,False,False,False,full,not recorded,UNKNOWN,UNKNOWN,UNKNOWN,UNKNOWN,UNKNOWN,UNKNOWN,UNKNOWN
S1112,Kh. el-Jarayish,dated_only,without,False,False,False,full,not recorded,UNKNOWN,UNKNOWN,UNKNOWN,UNKNOWN,UNKNOWN,UNKNOWN,UNKNOWN
S1122,El-Makhruq,primary,with,False,False,True,full,not recorded,UNKNOWN,UNKNOWN,UNKNOWN,UNKNOWN,UNKNOWN,UNKNOWN,UNKNOWN
S1122,El-Makhruq,primary,without,False,False,True,full,not recorded,UNKNOWN,UNKNOWN,UNKNOWN,UNKNOWN,UNKNOWN,UNKNOWN,UNKNOWN
S1122,El-Makhruq,C1_0.5km,with,False,False,True,full,not recorded,UNKNOWN,UNKNOWN,UNKNOWN,UNKNOWN,UNKNOWN,UNKNOWN,UNKNOWN
S1122,El-Makhruq,C1_0.5km,without,False,False,True,full,not recorded,UNKNOWN,UNKNOWN,UNKNOWN,UNKNOWN,UNKNOWN,UNKNOWN,UNKNOWN
S1122,El-Makhruq,C1_2km,with,False,False,True,full,not recorded,UNKNOWN,UNKNOWN,UNKNOWN,UNKNOWN,UNKNOWN,UNKNOWN,UNKNOWN
S1122,El-Makhruq,C1_2km,without,False,False,True,full,not recorded,UNKNOWN,UNKNOWN,UNKNOWN,UNKNOWN,UNKNOWN,UNKNOWN,UNKNOWN
S1122,El-Makhruq,C2_tomb_shafts,with,False,False,True,full,not recorded,UNKNOWN,UNKNOWN,UNKNOWN,UNKNOWN,UNKNOWN,UNKNOWN,UNKNOWN
S1122,El-Makhruq,C2_tomb_shafts,without,False,False,True,full,not recorded,UNKNOWN,UNKNOWN,UNKNOWN,UNKNOWN,UNKNOWN,UNKNOWN,UNKNOWN
S1122,El-Makhruq,dated_only,with,False,False,True,full,not recorded,UNKNOWN,UNKNOWN,UNKNOWN,UNKNOWN,UNKNOWN,UNKNOWN,UNKNOWN
S1122,El-Makhruq,dated_only,without,False,False,True,full,not recorded,UNKNOWN,UNKNOWN,UNKNOWN,UNKNOWN,UNKNOWN,UNKNOWN,UNKNOWN
S1125,Kh. er-Risa,primary,with,False,False,False,full,not recorded,UNKNOWN,UNKNOWN,UNKNOWN,UNKNOWN,UNKNOWN,UNKNOWN,UNKNOWN
S1125,Kh. er-Risa,primary,without,False,False,False,full,not recorded,UNKNOWN,UNKNOWN,UNKNOWN,UNKNOWN,UNKNOWN,UNKNOWN,UNKNOWN
S1125,Kh. er-Risa,C1_0.5km,with,False,False,False,full,not recorded,UNKNOWN,UNKNOWN,UNKNOWN,UNKNOWN,UNKNOWN,UNKNOWN,UNKNOWN
S1125,Kh. er-Risa,C1_0.5km,without,False,False,False,full,not recorded,UNKNOWN,UNKNOWN,UNKNOWN,UNKNOWN,UNKNOWN,UNKNOWN,UNKNOWN
S1125,Kh. er-Risa,C1_2km,with,False,False,False,full,not recorded,UNKNOWN,UNKNOWN,UNKNOWN,UNKNOWN,UNKNOWN,UNKNOWN,UNKNOWN
S1125,Kh. er-Risa,C1_2km,without,False,False,False,full,not recorded,UNKNOWN,UNKNOWN,UNKNOWN,UNKNOWN,UNKNOWN,UNKNOWN,UNKNOWN
S1125,Kh. er-Risa,C2_tomb_shafts,with,False,False,False,full,not recorded,UNKNOWN,UNKNOWN,UNKNOWN,UNKNOWN,UNKNOWN,UNKNOWN,UNKNOWN
S1125,Kh. er-Risa,C2_tomb_shafts,without,False,False,False,full,not recorded,UNKNOWN,UNKNOWN,UNKNOWN,UNKNOWN,UNKNOWN,UNKNOWN,UNKNOWN
S1125,Kh. er-Risa,dated_only,with,False,False,False,full,not recorded,UNKNOWN,UNKNOWN,UNKNOWN,UNKNOWN,UNKNOWN,UNKNOWN,UNKNOWN
S1125,Kh. er-Risa,dated_only,without,False,False,False,full,not recorded,UNKNOWN,UNKNOWN,UNKNOWN,UNKNOWN,UNKNOWN,UNKNOWN,UNKNOWN
S1132,Kh. Tartala,primary,with,False,False,False,full,not recorded,UNKNOWN,UNKNOWN,UNKNOWN,UNKNOWN,UNKNOWN,UNKNOWN,UNKNOWN
S1132,Kh. Tartala,primary,without,False,False,False,full,not recorded,UNKNOWN,UNKNOWN,UNKNOWN,UNKNOWN,UNKNOWN,UNKNOWN,UNKNOWN
S1132,Kh. Tartala,C1_0.5km,with,False,False,False,full,not recorded,UNKNOWN,UNKNOWN,UNKNOWN,UNKNOWN,UNKNOWN,UNKNOWN,UNKNOWN
S1132,Kh. Tartala,C1_0.5km,without,False,False,False,full,not recorded,UNKNOWN,UNKNOWN,UNKNOWN,UNKNOWN,UNKNOWN,UNKNOWN,UNKNOWN
S1132,Kh. Tartala,C1_2km,with,False,False,False,full,not recorded,UNKNOWN,UNKNOWN,UNKNOWN,UNKNOWN,UNKNOWN,UNKNOWN,UNKNOWN
S1132,Kh. Tartala,C1_2km,without,False,False,False,full,not recorded,UNKNOWN,UNKNOWN,UNKNOWN,UNKNOWN,UNKNOWN,UNKNOWN,UNKNOWN
S1132,Kh. Tartala,C2_tomb_shafts,with,False,False,False,full,not recorded,UNKNOWN,UNKNOWN,UNKNOWN,UNKNOWN,UNKNOWN,UNKNOWN,UNKNOWN
S1132,Kh. Tartala,C2_tomb_shafts,without,False,False,False,full,not recorded,UNKNOWN,UNKNOWN,UNKNOWN,UNKNOWN,UNKNOWN,UNKNOWN,UNKNOWN
S1132,Kh. Tartala,dated_only,with,False,False,False,full,not recorded,UNKNOWN,UNKNOWN,UNKNOWN,UNKNOWN,UNKNOWN,UNKNOWN,UNKNOWN
S1132,Kh. Tartala,dated_only,without,False,False,False,full,not recorded,UNKNOWN,UNKNOWN,UNKNOWN,UNKNOWN,UNKNOWN,UNKNOWN,UNKNOWN
S1151,'Usarin,primary,with,False,False,False,full,not recorded,UNKNOWN,UNKNOWN,UNKNOWN,UNKNOWN,UNKNOWN,UNKNOWN,UNKNOWN
S1151,'Usarin,primary,without,False,False,False,full,not recorded,UNKNOWN,UNKNOWN,UNKNOWN,UNKNOWN,UNKNOWN,UNKNOWN,UNKNOWN
S1151,'Usarin,C1_0.5km,with,False,False,False,full,not recorded,UNKNOWN,UNKNOWN,UNKNOWN,UNKNOWN,UNKNOWN,UNKNOWN,UNKNOWN
S1151,'Usarin,C1_0.5km,without,False,False,False,full,not recorded,UNKNOWN,UNKNOWN,UNKNOWN,UNKNOWN,UNKNOWN,UNKNOWN,UNKNOWN
S1151,'Usarin,C1_2km,with,False,False,False,full,not recorded,UNKNOWN,UNKNOWN,UNKNOWN,UNKNOWN,UNKNOWN,UNKNOWN,UNKNOWN
S1151,'Usarin,C1_2km,without,False,False,False,full,not recorded,UNKNOWN,UNKNOWN,UNKNOWN,UNKNOWN,UNKNOWN,UNKNOWN,UNKNOWN
S1151,'Usarin,C2_tomb_shafts,with,False,False,False,full,not recorded,UNKNOWN,UNKNOWN,UNKNOWN,UNKNOWN,UNKNOWN,UNKNOWN,UNKNOWN
S1151,'Usarin,C2_tomb_shafts,without,False,False,False,full,not recorded,UNKNOWN,UNKNOWN,UNKNOWN,UNKNOWN,UNKNOWN,UNKNOWN,UNKNOWN
S1151,'Usarin,dated_only,with,False,False,False,full,not recorded,UNKNOWN,UNKNOWN,UNKNOWN,UNKNOWN,UNKNOWN,UNKNOWN,UNKNOWN
S1151,'Usarin,dated_only,without,False,False,False,full,not recorded,UNKNOWN,UNKNOWN,UNKNOWN,UNKNOWN,UNKNOWN,UNKNOWN,UNKNOWN
S1155,el-Makhruq,primary,with,False,False,False,partial,not recorded,UNKNOWN,UNKNOWN,UNKNOWN,UNKNOWN,UNKNOWN,UNKNOWN,UNKNOWN
S1155,el-Makhruq,primary,without,False,False,False,partial,not recorded,UNKNOWN,UNKNOWN,UNKNOWN,UNKNOWN,UNKNOWN,UNKNOWN,UNKNOWN
S1155,el-Makhruq,C1_0.5km,with,False,False,False,partial,not recorded,UNKNOWN,UNKNOWN,UNKNOWN,UNKNOWN,UNKNOWN,UNKNOWN,UNKNOWN
S1155,el-Makhruq,C1_0.5km,without,False,False,False,partial,not recorded,UNKNOWN,UNKNOWN,UNKNOWN,UNKNOWN,UNKNOWN,UNKNOWN,UNKNOWN
S1155,el-Makhruq,C1_2km,with,False,False,False,partial,not recorded,UNKNOWN,UNKNOWN,UNKNOWN,UNKNOWN,UNKNOWN,UNKNOWN,UNKNOWN
S1155,el-Makhruq,C1_2km,without,False,False,False,partial,not recorded,UNKNOWN,UNKNOWN,UNKNOWN,UNKNOWN,UNKNOWN,UNKNOWN,UNKNOWN
S1155,el-Makhruq,C2_tomb_shafts,with,False,False,False,partial,not recorded,UNKNOWN,UNKNOWN,UNKNOWN,UNKNOWN,UNKNOWN,UNKNOWN,UNKNOWN
S1155,el-Makhruq,C2_tomb_shafts,without,False,False,False,partial,not recorded,UNKNOWN,UNKNOWN,UNKNOWN,UNKNOWN,UNKNOWN,UNKNOWN,UNKNOWN
S1155,el-Makhruq,dated_only,with,False,False,False,partial,not recorded,UNKNOWN,UNKNOWN,UNKNOWN,UNKNOWN,UNKNOWN,UNKNOWN,UNKNOWN
S1155,el-Makhruq,dated_only,without,False,False,False,partial,not recorded,UNKNOWN,UNKNOWN,UNKNOWN,UNKNOWN,UNKNOWN,UNKNOWN,UNKNOWN
S1178,Eṣ-Ṣefah,primary,with,False,False,False,full,not recorded,UNKNOWN,UNKNOWN,UNKNOWN,UNKNOWN,UNKNOWN,UNKNOWN,UNKNOWN
S1178,Eṣ-Ṣefah,primary,without,False,False,False,full,not recorded,UNKNOWN,UNKNOWN,UNKNOWN,UNKNOWN,UNKNOWN,UNKNOWN,UNKNOWN
S1178,Eṣ-Ṣefah,C1_0.5km,with,False,False,False,full,not recorded,UNKNOWN,UNKNOWN,UNKNOWN,UNKNOWN,UNKNOWN,UNKNOWN,UNKNOWN
S1178,Eṣ-Ṣefah,C1_0.5km,without,False,False,False,full,not recorded,UNKNOWN,UNKNOWN,UNKNOWN,UNKNOWN,UNKNOWN,UNKNOWN,UNKNOWN
S1178,Eṣ-Ṣefah,C1_2km,with,False,False,False,full,not recorded,UNKNOWN,UNKNOWN,UNKNOWN,UNKNOWN,UNKNOWN,UNKNOWN,UNKNOWN
S1178,Eṣ-Ṣefah,C1_2km,without,False,False,False,full,not recorded,UNKNOWN,UNKNOWN,UNKNOWN,UNKNOWN,UNKNOWN,UNKNOWN,UNKNOWN
S1178,Eṣ-Ṣefah,C2_tomb_shafts,with,False,False,False,full,not recorded,UNKNOWN,UNKNOWN,UNKNOWN,UNKNOWN,UNKNOWN,UNKNOWN,UNKNOWN
S1178,Eṣ-Ṣefah,C2_tomb_shafts,without,False,False,False,full,not recorded,UNKNOWN,UNKNOWN,UNKNOWN,UNKNOWN,UNKNOWN,UNKNOWN,UNKNOWN
S1178,Eṣ-Ṣefah,dated_only,with,False,False,False,full,not recorded,UNKNOWN,UNKNOWN,UNKNOWN,UNKNOWN,UNKNOWN,UNKNOWN,UNKNOWN
S1178,Eṣ-Ṣefah,dated_only,without,False,False,False,full,not recorded,UNKNOWN,UNKNOWN,UNKNOWN,UNKNOWN,UNKNOWN,UNKNOWN,UNKNOWN
S1199,-,primary,with,False,False,False,full,to Stage 2,UNKNOWN,UNKNOWN,UNKNOWN,UNKNOWN,UNKNOWN,UNKNOWN,UNKNOWN
S1199,-,primary,without,False,False,False,full,to Stage 2,UNKNOWN,UNKNOWN,UNKNOWN,UNKNOWN,UNKNOWN,UNKNOWN,UNKNOWN
S1199,-,C1_0.5km,with,False,False,False,full,to Stage 2,UNKNOWN,UNKNOWN,UNKNOWN,UNKNOWN,UNKNOWN,UNKNOWN,UNKNOWN
S1199,-,C1_0.5km,without,False,False,False,full,to Stage 2,UNKNOWN,UNKNOWN,UNKNOWN,UNKNOWN,UNKNOWN,UNKNOWN,UNKNOWN
S1199,-,C1_2km,with,False,False,False,full,to Stage 2,UNKNOWN,UNKNOWN,UNKNOWN,UNKNOWN,UNKNOWN,UNKNOWN,UNKNOWN
S1199,-,C1_2km,without,False,False,False,full,to Stage 2,UNKNOWN,UNKNOWN,UNKNOWN,UNKNOWN,UNKNOWN,UNKNOWN,UNKNOWN
S1199,-,C2_tomb_shafts,with,False,False,False,full,to Stage 2,UNKNOWN,UNKNOWN,UNKNOWN,UNKNOWN,UNKNOWN,UNKNOWN,UNKNOWN
S1199,-,C2_tomb_shafts,without,False,False,False,full,to Stage 2,UNKNOWN,UNKNOWN,UNKNOWN,UNKNOWN,UNKNOWN,UNKNOWN,UNKNOWN
S1199,-,dated_only,with,False,False,False,full,to Stage 2,UNKNOWN,UNKNOWN,UNKNOWN,UNKNOWN,UNKNOWN,UNKNOWN,UNKNOWN
S1199,-,dated_only,without,False,False,False,full,to Stage 2,UNKNOWN,UNKNOWN,UNKNOWN,UNKNOWN,UNKNOWN,UNKNOWN,UNKNOWN
S1236,Kafr 'Atiya,primary,with,False,False,False,full,not recorded,UNKNOWN,UNKNOWN,UNKNOWN,UNKNOWN,UNKNOWN,UNKNOWN,UNKNOWN
S1236,Kafr 'Atiya,primary,without,False,False,False,full,not recorded,UNKNOWN,UNKNOWN,UNKNOWN,UNKNOWN,UNKNOWN,UNKNOWN,UNKNOWN
S1236,Kafr 'Atiya,C1_0.5km,with,False,False,False,full,not recorded,UNKNOWN,UNKNOWN,UNKNOWN,UNKNOWN,UNKNOWN,UNKNOWN,UNKNOWN
S1236,Kafr 'Atiya,C1_0.5km,without,False,False,False,full,not recorded,UNKNOWN,UNKNOWN,UNKNOWN,UNKNOWN,UNKNOWN,UNKNOWN,UNKNOWN
S1236,Kafr 'Atiya,C1_2km,with,False,False,False,full,not recorded,UNKNOWN,UNKNOWN,UNKNOWN,UNKNOWN,UNKNOWN,UNKNOWN,UNKNOWN
S1236,Kafr 'Atiya,C1_2km,without,False,False,False,full,not recorded,UNKNOWN,UNKNOWN,UNKNOWN,UNKNOWN,UNKNOWN,UNKNOWN,UNKNOWN
S1236,Kafr 'Atiya,C2_tomb_shafts,with,False,False,False,full,not recorded,UNKNOWN,UNKNOWN,UNKNOWN,UNKNOWN,UNKNOWN,UNKNOWN,UNKNOWN
S1236,Kafr 'Atiya,C2_tomb_shafts,without,False,False,False,full,not recorded,UNKNOWN,UNKNOWN,UNKNOWN,UNKNOWN,UNKNOWN,UNKNOWN,UNKNOWN
S1236,Kafr 'Atiya,dated_only,with,False,False,False,full,not recorded,UNKNOWN,UNKNOWN,UNKNOWN,UNKNOWN,UNKNOWN,UNKNOWN,UNKNOWN
S1236,Kafr 'Atiya,dated_only,without,False,False,False,full,not recorded,UNKNOWN,UNKNOWN,UNKNOWN,UNKNOWN,UNKNOWN,UNKNOWN,UNKNOWN
S1240,Qabalan,primary,with,False,False,False,full,to Stage 2,UNKNOWN,UNKNOWN,UNKNOWN,UNKNOWN,UNKNOWN,UNKNOWN,UNKNOWN
S1240,Qabalan,primary,without,False,False,False,full,to Stage 2,UNKNOWN,UNKNOWN,UNKNOWN,UNKNOWN,UNKNOWN,UNKNOWN,UNKNOWN
S1240,Qabalan,C1_0.5km,with,False,False,False,full,to Stage 2,UNKNOWN,UNKNOWN,UNKNOWN,UNKNOWN,UNKNOWN,UNKNOWN,UNKNOWN
S1240,Qabalan,C1_0.5km,without,False,False,False,full,to Stage 2,UNKNOWN,UNKNOWN,UNKNOWN,UNKNOWN,UNKNOWN,UNKNOWN,UNKNOWN
S1240,Qabalan,C1_2km,with,False,False,False,full,to Stage 2,UNKNOWN,UNKNOWN,UNKNOWN,UNKNOWN,UNKNOWN,UNKNOWN,UNKNOWN
S1240,Qabalan,C1_2km,without,False,False,False,full,to Stage 2,UNKNOWN,UNKNOWN,UNKNOWN,UNKNOWN,UNKNOWN,UNKNOWN,UNKNOWN
S1240,Qabalan,C2_tomb_shafts,with,False,False,False,full,to Stage 2,UNKNOWN,UNKNOWN,UNKNOWN,UNKNOWN,UNKNOWN,UNKNOWN,UNKNOWN
S1240,Qabalan,C2_tomb_shafts,without,False,False,False,full,to Stage 2,UNKNOWN,UNKNOWN,UNKNOWN,UNKNOWN,UNKNOWN,UNKNOWN,UNKNOWN
S1240,Qabalan,dated_only,with,False,False,False,full,to Stage 2,UNKNOWN,UNKNOWN,UNKNOWN,UNKNOWN,UNKNOWN,UNKNOWN,UNKNOWN
S1240,Qabalan,dated_only,without,False,False,False,full,to Stage 2,UNKNOWN,UNKNOWN,UNKNOWN,UNKNOWN,UNKNOWN,UNKNOWN,UNKNOWN
S1255,Kh. Tawil 2,primary,with,False,False,False,full,to Stage 2,UNKNOWN,UNKNOWN,UNKNOWN,UNKNOWN,UNKNOWN,UNKNOWN,UNKNOWN
S1255,Kh. Tawil 2,primary,without,False,False,False,full,to Stage 2,UNKNOWN,UNKNOWN,UNKNOWN,UNKNOWN,UNKNOWN,UNKNOWN,UNKNOWN
S1255,Kh. Tawil 2,C1_0.5km,with,False,False,False,full,to Stage 2,UNKNOWN,UNKNOWN,UNKNOWN,UNKNOWN,UNKNOWN,UNKNOWN,UNKNOWN
S1255,Kh. Tawil 2,C1_0.5km,without,False,False,False,full,to Stage 2,UNKNOWN,UNKNOWN,UNKNOWN,UNKNOWN,UNKNOWN,UNKNOWN,UNKNOWN
S1255,Kh. Tawil 2,C1_2km,with,False,False,False,full,to Stage 2,UNKNOWN,UNKNOWN,UNKNOWN,UNKNOWN,UNKNOWN,UNKNOWN,UNKNOWN
S1255,Kh. Tawil 2,C1_2km,without,False,False,False,full,to Stage 2,UNKNOWN,UNKNOWN,UNKNOWN,UNKNOWN,UNKNOWN,UNKNOWN,UNKNOWN
S1255,Kh. Tawil 2,C2_tomb_shafts,with,False,False,False,full,to Stage 2,UNKNOWN,UNKNOWN,UNKNOWN,UNKNOWN,UNKNOWN,UNKNOWN,UNKNOWN
S1255,Kh. Tawil 2,C2_tomb_shafts,without,False,False,False,full,to Stage 2,UNKNOWN,UNKNOWN,UNKNOWN,UNKNOWN,UNKNOWN,UNKNOWN,UNKNOWN
S1255,Kh. Tawil 2,dated_only,with,False,False,False,full,to Stage 2,UNKNOWN,UNKNOWN,UNKNOWN,UNKNOWN,UNKNOWN,UNKNOWN,UNKNOWN
S1255,Kh. Tawil 2,dated_only,without,False,False,False,full,to Stage 2,UNKNOWN,UNKNOWN,UNKNOWN,UNKNOWN,UNKNOWN,UNKNOWN,UNKNOWN
S1296,Kh. Tawil 3,primary,with,False,False,False,full,to Stage 2,UNKNOWN,UNKNOWN,UNKNOWN,UNKNOWN,UNKNOWN,UNKNOWN,UNKNOWN
S1296,Kh. Tawil 3,primary,without,False,False,False,full,to Stage 2,UNKNOWN,UNKNOWN,UNKNOWN,UNKNOWN,UNKNOWN,UNKNOWN,UNKNOWN
S1296,Kh. Tawil 3,C1_0.5km,with,False,False,False,full,to Stage 2,UNKNOWN,UNKNOWN,UNKNOWN,UNKNOWN,UNKNOWN,UNKNOWN,UNKNOWN
S1296,Kh. Tawil 3,C1_0.5km,without,False,False,False,full,to Stage 2,UNKNOWN,UNKNOWN,UNKNOWN,UNKNOWN,UNKNOWN,UNKNOWN,UNKNOWN
S1296,Kh. Tawil 3,C1_2km,with,False,False,False,full,to Stage 2,UNKNOWN,UNKNOWN,UNKNOWN,UNKNOWN,UNKNOWN,UNKNOWN,UNKNOWN
S1296,Kh. Tawil 3,C1_2km,without,False,False,False,full,to Stage 2,UNKNOWN,UNKNOWN,UNKNOWN,UNKNOWN,UNKNOWN,UNKNOWN,UNKNOWN
S1296,Kh. Tawil 3,C2_tomb_shafts,with,False,False,False,full,to Stage 2,UNKNOWN,UNKNOWN,UNKNOWN,UNKNOWN,UNKNOWN,UNKNOWN,UNKNOWN
S1296,Kh. Tawil 3,C2_tomb_shafts,without,False,False,False,full,to Stage 2,UNKNOWN,UNKNOWN,UNKNOWN,UNKNOWN,UNKNOWN,UNKNOWN,UNKNOWN
S1296,Kh. Tawil 3,dated_only,with,False,False,False,full,to Stage 2,UNKNOWN,UNKNOWN,UNKNOWN,UNKNOWN,UNKNOWN,UNKNOWN,UNKNOWN
S1296,Kh. Tawil 3,dated_only,without,False,False,False,full,to Stage 2,UNKNOWN,UNKNOWN,UNKNOWN,UNKNOWN,UNKNOWN,UNKNOWN,UNKNOWN
S1302,Mrah es-Sahleh,primary,with,False,False,False,full,not recorded,UNKNOWN,UNKNOWN,UNKNOWN,UNKNOWN,UNKNOWN,UNKNOWN,UNKNOWN
S1302,Mrah es-Sahleh,primary,without,False,False,False,full,not recorded,UNKNOWN,UNKNOWN,UNKNOWN,UNKNOWN,UNKNOWN,UNKNOWN,UNKNOWN
S1302,Mrah es-Sahleh,C1_0.5km,with,False,False,False,full,not recorded,UNKNOWN,UNKNOWN,UNKNOWN,UNKNOWN,UNKNOWN,UNKNOWN,UNKNOWN
S1302,Mrah es-Sahleh,C1_0.5km,without,False,False,False,full,not recorded,UNKNOWN,UNKNOWN,UNKNOWN,UNKNOWN,UNKNOWN,UNKNOWN,UNKNOWN
S1302,Mrah es-Sahleh,C1_2km,with,False,False,False,full,not recorded,UNKNOWN,UNKNOWN,UNKNOWN,UNKNOWN,UNKNOWN,UNKNOWN,UNKNOWN
S1302,Mrah es-Sahleh,C1_2km,without,False,False,False,full,not recorded,UNKNOWN,UNKNOWN,UNKNOWN,UNKNOWN,UNKNOWN,UNKNOWN,UNKNOWN
S1302,Mrah es-Sahleh,C2_tomb_shafts,with,False,False,False,full,not recorded,UNKNOWN,UNKNOWN,UNKNOWN,UNKNOWN,UNKNOWN,UNKNOWN,UNKNOWN
S1302,Mrah es-Sahleh,C2_tomb_shafts,without,False,False,False,full,not recorded,UNKNOWN,UNKNOWN,UNKNOWN,UNKNOWN,UNKNOWN,UNKNOWN,UNKNOWN
S1302,Mrah es-Sahleh,dated_only,with,False,False,False,full,not recorded,UNKNOWN,UNKNOWN,UNKNOWN,UNKNOWN,UNKNOWN,UNKNOWN,UNKNOWN
S1302,Mrah es-Sahleh,dated_only,without,False,False,False,full,not recorded,UNKNOWN,UNKNOWN,UNKNOWN,UNKNOWN,UNKNOWN,UNKNOWN,UNKNOWN
S1319,Masu'a 9,primary,with,False,False,False,full,to Stage 2,UNKNOWN,UNKNOWN,MATCH,UNKNOWN,UNKNOWN,UNKNOWN,UNKNOWN
S1319,Masu'a 9,primary,without,False,False,False,full,to Stage 2,UNKNOWN,UNKNOWN,MATCH,UNKNOWN,UNKNOWN,UNKNOWN,UNKNOWN
S1319,Masu'a 9,C1_0.5km,with,False,False,False,full,to Stage 2,UNKNOWN,UNKNOWN,MATCH,UNKNOWN,UNKNOWN,UNKNOWN,UNKNOWN
S1319,Masu'a 9,C1_0.5km,without,False,False,False,full,to Stage 2,UNKNOWN,UNKNOWN,MATCH,UNKNOWN,UNKNOWN,UNKNOWN,UNKNOWN
S1319,Masu'a 9,C1_2km,with,False,False,False,full,to Stage 2,UNKNOWN,UNKNOWN,MATCH,UNKNOWN,UNKNOWN,UNKNOWN,UNKNOWN
S1319,Masu'a 9,C1_2km,without,False,False,False,full,to Stage 2,UNKNOWN,UNKNOWN,MATCH,UNKNOWN,UNKNOWN,UNKNOWN,UNKNOWN
S1319,Masu'a 9,C2_tomb_shafts,with,False,False,False,full,to Stage 2,UNKNOWN,UNKNOWN,MATCH,UNKNOWN,UNKNOWN,UNKNOWN,UNKNOWN
S1319,Masu'a 9,C2_tomb_shafts,without,False,False,False,full,to Stage 2,UNKNOWN,UNKNOWN,MATCH,UNKNOWN,UNKNOWN,UNKNOWN,UNKNOWN
S1319,Masu'a 9,dated_only,with,False,False,False,full,to Stage 2,UNKNOWN,UNKNOWN,UNKNOWN,UNKNOWN,UNKNOWN,UNKNOWN,UNKNOWN
S1319,Masu'a 9,dated_only,without,False,False,False,full,to Stage 2,UNKNOWN,UNKNOWN,UNKNOWN,UNKNOWN,UNKNOWN,UNKNOWN,UNKNOWN
S1347,Talfit,primary,with,False,False,False,full,not recorded,UNKNOWN,UNKNOWN,UNKNOWN,UNKNOWN,UNKNOWN,UNKNOWN,UNKNOWN
S1347,Talfit,primary,without,False,False,False,full,not recorded,UNKNOWN,UNKNOWN,UNKNOWN,UNKNOWN,UNKNOWN,UNKNOWN,UNKNOWN
S1347,Talfit,C1_0.5km,with,False,False,False,full,not recorded,UNKNOWN,UNKNOWN,UNKNOWN,UNKNOWN,UNKNOWN,UNKNOWN,UNKNOWN
S1347,Talfit,C1_0.5km,without,False,False,False,full,not recorded,UNKNOWN,UNKNOWN,UNKNOWN,UNKNOWN,UNKNOWN,UNKNOWN,UNKNOWN
S1347,Talfit,C1_2km,with,False,False,False,full,not recorded,UNKNOWN,UNKNOWN,UNKNOWN,UNKNOWN,UNKNOWN,UNKNOWN,UNKNOWN
S1347,Talfit,C1_2km,without,False,False,False,full,not recorded,UNKNOWN,UNKNOWN,UNKNOWN,UNKNOWN,UNKNOWN,UNKNOWN,UNKNOWN
S1347,Talfit,C2_tomb_shafts,with,False,False,False,full,not recorded,UNKNOWN,UNKNOWN,UNKNOWN,UNKNOWN,UNKNOWN,UNKNOWN,UNKNOWN
S1347,Talfit,C2_tomb_shafts,without,False,False,False,full,not recorded,UNKNOWN,UNKNOWN,UNKNOWN,UNKNOWN,UNKNOWN,UNKNOWN,UNKNOWN
S1347,Talfit,dated_only,with,False,False,False,full,not recorded,UNKNOWN,UNKNOWN,UNKNOWN,UNKNOWN,UNKNOWN,UNKNOWN,UNKNOWN
S1347,Talfit,dated_only,without,False,False,False,full,not recorded,UNKNOWN,UNKNOWN,UNKNOWN,UNKNOWN,UNKNOWN,UNKNOWN,UNKNOWN
S1366,Kh. Nabbuh A,primary,with,False,False,False,full,not recorded,UNKNOWN,UNKNOWN,UNKNOWN,UNKNOWN,UNKNOWN,UNKNOWN,UNKNOWN
S1366,Kh. Nabbuh A,primary,without,False,False,False,full,not recorded,UNKNOWN,UNKNOWN,UNKNOWN,UNKNOWN,UNKNOWN,UNKNOWN,UNKNOWN
S1366,Kh. Nabbuh A,C1_0.5km,with,False,False,False,full,not recorded,UNKNOWN,UNKNOWN,UNKNOWN,UNKNOWN,UNKNOWN,UNKNOWN,UNKNOWN
S1366,Kh. Nabbuh A,C1_0.5km,without,False,False,False,full,not recorded,UNKNOWN,UNKNOWN,UNKNOWN,UNKNOWN,UNKNOWN,UNKNOWN,UNKNOWN
S1366,Kh. Nabbuh A,C1_2km,with,False,False,False,full,not recorded,UNKNOWN,UNKNOWN,UNKNOWN,UNKNOWN,UNKNOWN,UNKNOWN,UNKNOWN
S1366,Kh. Nabbuh A,C1_2km,without,False,False,False,full,not recorded,UNKNOWN,UNKNOWN,UNKNOWN,UNKNOWN,UNKNOWN,UNKNOWN,UNKNOWN
S1366,Kh. Nabbuh A,C2_tomb_shafts,with,False,False,False,full,not recorded,UNKNOWN,UNKNOWN,UNKNOWN,UNKNOWN,UNKNOWN,UNKNOWN,UNKNOWN
S1366,Kh. Nabbuh A,C2_tomb_shafts,without,False,False,False,full,not recorded,UNKNOWN,UNKNOWN,UNKNOWN,UNKNOWN,UNKNOWN,UNKNOWN,UNKNOWN
S1366,Kh. Nabbuh A,dated_only,with,False,False,False,full,not recorded,UNKNOWN,UNKNOWN,UNKNOWN,UNKNOWN,UNKNOWN,UNKNOWN,UNKNOWN
S1366,Kh. Nabbuh A,dated_only,without,False,False,False,full,not recorded,UNKNOWN,UNKNOWN,UNKNOWN,UNKNOWN,UNKNOWN,UNKNOWN,UNKNOWN
S1383,Kh. Bani Fadil,primary,with,False,False,False,full,not recorded,UNKNOWN,UNKNOWN,UNKNOWN,UNKNOWN,UNKNOWN,UNKNOWN,UNKNOWN
S1383,Kh. Bani Fadil,primary,without,False,False,False,full,not recorded,UNKNOWN,UNKNOWN,UNKNOWN,UNKNOWN,UNKNOWN,UNKNOWN,UNKNOWN
S1383,Kh. Bani Fadil,C1_0.5km,with,False,False,False,full,not recorded,UNKNOWN,UNKNOWN,UNKNOWN,UNKNOWN,UNKNOWN,UNKNOWN,UNKNOWN
S1383,Kh. Bani Fadil,C1_0.5km,without,False,False,False,full,not recorded,UNKNOWN,UNKNOWN,UNKNOWN,UNKNOWN,UNKNOWN,UNKNOWN,UNKNOWN
S1383,Kh. Bani Fadil,C1_2km,with,False,False,False,full,not recorded,UNKNOWN,UNKNOWN,UNKNOWN,UNKNOWN,UNKNOWN,UNKNOWN,UNKNOWN
S1383,Kh. Bani Fadil,C1_2km,without,False,False,False,full,not recorded,UNKNOWN,UNKNOWN,UNKNOWN,UNKNOWN,UNKNOWN,UNKNOWN,UNKNOWN
S1383,Kh. Bani Fadil,C2_tomb_shafts,with,False,False,False,full,not recorded,UNKNOWN,UNKNOWN,UNKNOWN,UNKNOWN,UNKNOWN,UNKNOWN,UNKNOWN
S1383,Kh. Bani Fadil,C2_tomb_shafts,without,False,False,False,full,not recorded,UNKNOWN,UNKNOWN,UNKNOWN,UNKNOWN,UNKNOWN,UNKNOWN,UNKNOWN
S1383,Kh. Bani Fadil,dated_only,with,False,False,False,full,not recorded,UNKNOWN,UNKNOWN,UNKNOWN,UNKNOWN,UNKNOWN,UNKNOWN,UNKNOWN
S1383,Kh. Bani Fadil,dated_only,without,False,False,False,full,not recorded,UNKNOWN,UNKNOWN,UNKNOWN,UNKNOWN,UNKNOWN,UNKNOWN,UNKNOWN
S1464,Faṣa'el,primary,with,False,False,False,partial,to Stage 2,UNKNOWN,UNKNOWN,UNKNOWN,UNKNOWN,UNKNOWN,UNKNOWN,UNKNOWN
S1464,Faṣa'el,primary,without,False,False,False,partial,to Stage 2,UNKNOWN,UNKNOWN,UNKNOWN,UNKNOWN,UNKNOWN,UNKNOWN,UNKNOWN
S1464,Faṣa'el,C1_0.5km,with,False,False,False,partial,to Stage 2,UNKNOWN,UNKNOWN,UNKNOWN,UNKNOWN,UNKNOWN,UNKNOWN,UNKNOWN
S1464,Faṣa'el,C1_0.5km,without,False,False,False,partial,to Stage 2,UNKNOWN,UNKNOWN,UNKNOWN,UNKNOWN,UNKNOWN,UNKNOWN,UNKNOWN
S1464,Faṣa'el,C1_2km,with,False,False,False,partial,to Stage 2,UNKNOWN,UNKNOWN,UNKNOWN,UNKNOWN,UNKNOWN,UNKNOWN,UNKNOWN
S1464,Faṣa'el,C1_2km,without,False,False,False,partial,to Stage 2,UNKNOWN,UNKNOWN,UNKNOWN,UNKNOWN,UNKNOWN,UNKNOWN,UNKNOWN
S1464,Faṣa'el,C2_tomb_shafts,with,False,False,False,partial,to Stage 2,UNKNOWN,UNKNOWN,UNKNOWN,UNKNOWN,UNKNOWN,UNKNOWN,UNKNOWN
S1464,Faṣa'el,C2_tomb_shafts,without,False,False,False,partial,to Stage 2,UNKNOWN,UNKNOWN,UNKNOWN,UNKNOWN,UNKNOWN,UNKNOWN,UNKNOWN
S1464,Faṣa'el,dated_only,with,False,False,False,partial,to Stage 2,UNKNOWN,UNKNOWN,UNKNOWN,UNKNOWN,UNKNOWN,UNKNOWN,UNKNOWN
S1464,Faṣa'el,dated_only,without,False,False,False,partial,to Stage 2,UNKNOWN,UNKNOWN,UNKNOWN,UNKNOWN,UNKNOWN,UNKNOWN,UNKNOWN
S1485,Yafit 5,primary,with,False,False,False,full,to Stage 2,UNKNOWN,UNKNOWN,UNKNOWN,UNKNOWN,UNKNOWN,UNKNOWN,UNKNOWN
S1485,Yafit 5,primary,without,False,False,False,full,to Stage 2,UNKNOWN,UNKNOWN,UNKNOWN,UNKNOWN,UNKNOWN,UNKNOWN,UNKNOWN
S1485,Yafit 5,C1_0.5km,with,False,False,False,full,to Stage 2,UNKNOWN,UNKNOWN,UNKNOWN,UNKNOWN,UNKNOWN,UNKNOWN,UNKNOWN
S1485,Yafit 5,C1_0.5km,without,False,False,False,full,to Stage 2,UNKNOWN,UNKNOWN,UNKNOWN,UNKNOWN,UNKNOWN,UNKNOWN,UNKNOWN
S1485,Yafit 5,C1_2km,with,False,False,False,full,to Stage 2,UNKNOWN,UNKNOWN,UNKNOWN,UNKNOWN,UNKNOWN,UNKNOWN,UNKNOWN
S1485,Yafit 5,C1_2km,without,False,False,False,full,to Stage 2,UNKNOWN,UNKNOWN,UNKNOWN,UNKNOWN,UNKNOWN,UNKNOWN,UNKNOWN
S1485,Yafit 5,C2_tomb_shafts,with,False,False,False,full,to Stage 2,UNKNOWN,UNKNOWN,UNKNOWN,UNKNOWN,UNKNOWN,UNKNOWN,UNKNOWN
S1485,Yafit 5,C2_tomb_shafts,without,False,False,False,full,to Stage 2,UNKNOWN,UNKNOWN,UNKNOWN,UNKNOWN,UNKNOWN,UNKNOWN,UNKNOWN
S1485,Yafit 5,dated_only,with,False,False,False,full,to Stage 2,UNKNOWN,UNKNOWN,UNKNOWN,UNKNOWN,UNKNOWN,UNKNOWN,UNKNOWN
S1485,Yafit 5,dated_only,without,False,False,False,full,to Stage 2,UNKNOWN,UNKNOWN,UNKNOWN,UNKNOWN,UNKNOWN,UNKNOWN,UNKNOWN
S1501,Kh. el-Muntar,primary,with,False,False,False,full,not recorded,UNKNOWN,UNKNOWN,UNKNOWN,UNKNOWN,UNKNOWN,UNKNOWN,UNKNOWN
S1501,Kh. el-Muntar,primary,without,False,False,False,full,not recorded,UNKNOWN,UNKNOWN,UNKNOWN,UNKNOWN,UNKNOWN,UNKNOWN,UNKNOWN
S1501,Kh. el-Muntar,C1_0.5km,with,False,False,False,full,not recorded,UNKNOWN,UNKNOWN,UNKNOWN,UNKNOWN,UNKNOWN,UNKNOWN,UNKNOWN
S1501,Kh. el-Muntar,C1_0.5km,without,False,False,False,full,not recorded,UNKNOWN,UNKNOWN,UNKNOWN,UNKNOWN,UNKNOWN,UNKNOWN,UNKNOWN
S1501,Kh. el-Muntar,C1_2km,with,False,False,False,full,not recorded,UNKNOWN,UNKNOWN,UNKNOWN,UNKNOWN,UNKNOWN,UNKNOWN,UNKNOWN
S1501,Kh. el-Muntar,C1_2km,without,False,False,False,full,not recorded,UNKNOWN,UNKNOWN,UNKNOWN,UNKNOWN,UNKNOWN,UNKNOWN,UNKNOWN
S1501,Kh. el-Muntar,C2_tomb_shafts,with,False,False,False,full,not recorded,UNKNOWN,UNKNOWN,UNKNOWN,UNKNOWN,UNKNOWN,UNKNOWN,UNKNOWN
S1501,Kh. el-Muntar,C2_tomb_shafts,without,False,False,False,full,not recorded,UNKNOWN,UNKNOWN,UNKNOWN,UNKNOWN,UNKNOWN,UNKNOWN,UNKNOWN
S1501,Kh. el-Muntar,dated_only,with,False,False,False,full,not recorded,UNKNOWN,UNKNOWN,UNKNOWN,UNKNOWN,UNKNOWN,UNKNOWN,UNKNOWN
S1501,Kh. el-Muntar,dated_only,without,False,False,False,full,not recorded,UNKNOWN,UNKNOWN,UNKNOWN,UNKNOWN,UNKNOWN,UNKNOWN,UNKNOWN
S1520,Kh. Abu el-'Uf,primary,with,False,False,False,full,not recorded,UNKNOWN,UNKNOWN,UNKNOWN,UNKNOWN,UNKNOWN,UNKNOWN,UNKNOWN
S1520,Kh. Abu el-'Uf,primary,without,False,False,False,full,not recorded,UNKNOWN,UNKNOWN,UNKNOWN,UNKNOWN,UNKNOWN,UNKNOWN,UNKNOWN
S1520,Kh. Abu el-'Uf,C1_0.5km,with,False,False,False,full,not recorded,UNKNOWN,UNKNOWN,UNKNOWN,UNKNOWN,UNKNOWN,UNKNOWN,UNKNOWN
S1520,Kh. Abu el-'Uf,C1_0.5km,without,False,False,False,full,not recorded,UNKNOWN,UNKNOWN,UNKNOWN,UNKNOWN,UNKNOWN,UNKNOWN,UNKNOWN
S1520,Kh. Abu el-'Uf,C1_2km,with,False,False,False,full,not recorded,UNKNOWN,UNKNOWN,UNKNOWN,UNKNOWN,UNKNOWN,UNKNOWN,UNKNOWN
S1520,Kh. Abu el-'Uf,C1_2km,without,False,False,False,full,not recorded,UNKNOWN,UNKNOWN,UNKNOWN,UNKNOWN,UNKNOWN,UNKNOWN,UNKNOWN
S1520,Kh. Abu el-'Uf,C2_tomb_shafts,with,False,False,False,full,not recorded,UNKNOWN,UNKNOWN,UNKNOWN,UNKNOWN,UNKNOWN,UNKNOWN,UNKNOWN
S1520,Kh. Abu el-'Uf,C2_tomb_shafts,without,False,False,False,full,not recorded,UNKNOWN,UNKNOWN,UNKNOWN,UNKNOWN,UNKNOWN,UNKNOWN,UNKNOWN
S1520,Kh. Abu el-'Uf,dated_only,with,False,False,False,full,not recorded,UNKNOWN,UNKNOWN,UNKNOWN,UNKNOWN,UNKNOWN,UNKNOWN,UNKNOWN
S1520,Kh. Abu el-'Uf,dated_only,without,False,False,False,full,not recorded,UNKNOWN,UNKNOWN,UNKNOWN,UNKNOWN,UNKNOWN,UNKNOWN,UNKNOWN
S6035,Faṣa'el 4,primary,with,False,False,False,partial,to Stage 2,MATCH,UNKNOWN,UNKNOWN,UNKNOWN,UNKNOWN,UNKNOWN,UNKNOWN
S6035,Faṣa'el 4,primary,without,False,False,False,partial,to Stage 2,MATCH,UNKNOWN,UNKNOWN,UNKNOWN,UNKNOWN,UNKNOWN,UNKNOWN
S6035,Faṣa'el 4,C1_0.5km,with,False,False,False,partial,to Stage 2,UNKNOWN,UNKNOWN,UNKNOWN,UNKNOWN,UNKNOWN,UNKNOWN,UNKNOWN
S6035,Faṣa'el 4,C1_0.5km,without,False,False,False,partial,to Stage 2,UNKNOWN,UNKNOWN,UNKNOWN,UNKNOWN,UNKNOWN,UNKNOWN,UNKNOWN
S6035,Faṣa'el 4,C1_2km,with,False,False,False,partial,to Stage 2,MATCH,UNKNOWN,UNKNOWN,UNKNOWN,UNKNOWN,UNKNOWN,UNKNOWN
S6035,Faṣa'el 4,C1_2km,without,False,False,False,partial,to Stage 2,MATCH,UNKNOWN,UNKNOWN,UNKNOWN,UNKNOWN,UNKNOWN,UNKNOWN
S6035,Faṣa'el 4,C2_tomb_shafts,with,False,False,False,partial,to Stage 2,MATCH,UNKNOWN,UNKNOWN,UNKNOWN,UNKNOWN,UNKNOWN,UNKNOWN
S6035,Faṣa'el 4,C2_tomb_shafts,without,False,False,False,partial,to Stage 2,MATCH,UNKNOWN,UNKNOWN,UNKNOWN,UNKNOWN,UNKNOWN,UNKNOWN
S6035,Faṣa'el 4,dated_only,with,False,False,False,partial,to Stage 2,UNKNOWN,UNKNOWN,UNKNOWN,UNKNOWN,UNKNOWN,UNKNOWN,UNKNOWN
S6035,Faṣa'el 4,dated_only,without,False,False,False,partial,to Stage 2,UNKNOWN,UNKNOWN,UNKNOWN,UNKNOWN,UNKNOWN,UNKNOWN,UNKNOWN
S1553,Kh. Ras ed-Deir,primary,with,False,False,False,full,not recorded,UNKNOWN,UNKNOWN,UNKNOWN,UNKNOWN,UNKNOWN,UNKNOWN,UNKNOWN
S1553,Kh. Ras ed-Deir,primary,without,False,False,False,full,not recorded,UNKNOWN,UNKNOWN,UNKNOWN,UNKNOWN,UNKNOWN,UNKNOWN,UNKNOWN
S1553,Kh. Ras ed-Deir,C1_0.5km,with,False,False,False,full,not recorded,UNKNOWN,UNKNOWN,UNKNOWN,UNKNOWN,UNKNOWN,UNKNOWN,UNKNOWN
S1553,Kh. Ras ed-Deir,C1_0.5km,without,False,False,False,full,not recorded,UNKNOWN,UNKNOWN,UNKNOWN,UNKNOWN,UNKNOWN,UNKNOWN,UNKNOWN
S1553,Kh. Ras ed-Deir,C1_2km,with,False,False,False,full,not recorded,UNKNOWN,UNKNOWN,UNKNOWN,UNKNOWN,UNKNOWN,UNKNOWN,UNKNOWN
S1553,Kh. Ras ed-Deir,C1_2km,without,False,False,False,full,not recorded,UNKNOWN,UNKNOWN,UNKNOWN,UNKNOWN,UNKNOWN,UNKNOWN,UNKNOWN
S1553,Kh. Ras ed-Deir,C2_tomb_shafts,with,False,False,False,full,not recorded,UNKNOWN,UNKNOWN,UNKNOWN,UNKNOWN,UNKNOWN,UNKNOWN,UNKNOWN
S1553,Kh. Ras ed-Deir,C2_tomb_shafts,without,False,False,False,full,not recorded,UNKNOWN,UNKNOWN,UNKNOWN,UNKNOWN,UNKNOWN,UNKNOWN,UNKNOWN
S1553,Kh. Ras ed-Deir,dated_only,with,False,False,False,full,not recorded,UNKNOWN,UNKNOWN,UNKNOWN,UNKNOWN,UNKNOWN,UNKNOWN,UNKNOWN
S1553,Kh. Ras ed-Deir,dated_only,without,False,False,False,full,not recorded,UNKNOWN,UNKNOWN,UNKNOWN,UNKNOWN,UNKNOWN,UNKNOWN,UNKNOWN
S1566,Sinjil,primary,with,False,False,False,full,not recorded,UNKNOWN,UNKNOWN,UNKNOWN,UNKNOWN,UNKNOWN,UNKNOWN,UNKNOWN
S1566,Sinjil,primary,without,False,False,False,full,not recorded,UNKNOWN,UNKNOWN,UNKNOWN,UNKNOWN,UNKNOWN,UNKNOWN,UNKNOWN
S1566,Sinjil,C1_0.5km,with,False,False,False,full,not recorded,UNKNOWN,UNKNOWN,UNKNOWN,UNKNOWN,UNKNOWN,UNKNOWN,UNKNOWN
S1566,Sinjil,C1_0.5km,without,False,False,False,full,not recorded,UNKNOWN,UNKNOWN,UNKNOWN,UNKNOWN,UNKNOWN,UNKNOWN,UNKNOWN
S1566,Sinjil,C1_2km,with,False,False,False,full,not recorded,UNKNOWN,UNKNOWN,UNKNOWN,UNKNOWN,UNKNOWN,UNKNOWN,UNKNOWN
S1566,Sinjil,C1_2km,without,False,False,False,full,not recorded,UNKNOWN,UNKNOWN,UNKNOWN,UNKNOWN,UNKNOWN,UNKNOWN,UNKNOWN
S1566,Sinjil,C2_tomb_shafts,with,False,False,False,full,not recorded,UNKNOWN,UNKNOWN,UNKNOWN,UNKNOWN,UNKNOWN,UNKNOWN,UNKNOWN
S1566,Sinjil,C2_tomb_shafts,without,False,False,False,full,not recorded,UNKNOWN,UNKNOWN,UNKNOWN,UNKNOWN,UNKNOWN,UNKNOWN,UNKNOWN
S1566,Sinjil,dated_only,with,False,False,False,full,not recorded,UNKNOWN,UNKNOWN,UNKNOWN,UNKNOWN,UNKNOWN,UNKNOWN,UNKNOWN
S1566,Sinjil,dated_only,without,False,False,False,full,not recorded,UNKNOWN,UNKNOWN,UNKNOWN,UNKNOWN,UNKNOWN,UNKNOWN,UNKNOWN
S1585,Kh. 'Ammuriyye,primary,with,False,False,False,full,not recorded,UNKNOWN,UNKNOWN,UNKNOWN,UNKNOWN,UNKNOWN,UNKNOWN,UNKNOWN
S1585,Kh. 'Ammuriyye,primary,without,False,False,False,full,not recorded,UNKNOWN,UNKNOWN,UNKNOWN,UNKNOWN,UNKNOWN,UNKNOWN,UNKNOWN
S1585,Kh. 'Ammuriyye,C1_0.5km,with,False,False,False,full,not recorded,UNKNOWN,UNKNOWN,UNKNOWN,UNKNOWN,UNKNOWN,UNKNOWN,UNKNOWN
S1585,Kh. 'Ammuriyye,C1_0.5km,without,False,False,False,full,not recorded,UNKNOWN,UNKNOWN,UNKNOWN,UNKNOWN,UNKNOWN,UNKNOWN,UNKNOWN
S1585,Kh. 'Ammuriyye,C1_2km,with,False,False,False,full,not recorded,UNKNOWN,UNKNOWN,UNKNOWN,UNKNOWN,UNKNOWN,UNKNOWN,UNKNOWN
S1585,Kh. 'Ammuriyye,C1_2km,without,False,False,False,full,not recorded,UNKNOWN,UNKNOWN,UNKNOWN,UNKNOWN,UNKNOWN,UNKNOWN,UNKNOWN
S1585,Kh. 'Ammuriyye,C2_tomb_shafts,with,False,False,False,full,not recorded,UNKNOWN,UNKNOWN,UNKNOWN,UNKNOWN,UNKNOWN,UNKNOWN,UNKNOWN
S1585,Kh. 'Ammuriyye,C2_tomb_shafts,without,False,False,False,full,not recorded,UNKNOWN,UNKNOWN,UNKNOWN,UNKNOWN,UNKNOWN,UNKNOWN,UNKNOWN
S1585,Kh. 'Ammuriyye,dated_only,with,False,False,False,full,not recorded,UNKNOWN,UNKNOWN,UNKNOWN,UNKNOWN,UNKNOWN,UNKNOWN,UNKNOWN
S1585,Kh. 'Ammuriyye,dated_only,without,False,False,False,full,not recorded,UNKNOWN,UNKNOWN,UNKNOWN,UNKNOWN,UNKNOWN,UNKNOWN,UNKNOWN
S1623,Kh. Abu Falaḥ,primary,with,False,False,False,full,to Stage 2,UNKNOWN,UNKNOWN,UNKNOWN,UNKNOWN,UNKNOWN,UNKNOWN,UNKNOWN
S1623,Kh. Abu Falaḥ,primary,without,False,False,False,full,to Stage 2,UNKNOWN,UNKNOWN,UNKNOWN,UNKNOWN,UNKNOWN,UNKNOWN,UNKNOWN
S1623,Kh. Abu Falaḥ,C1_0.5km,with,False,False,False,full,to Stage 2,UNKNOWN,UNKNOWN,UNKNOWN,UNKNOWN,UNKNOWN,UNKNOWN,UNKNOWN
S1623,Kh. Abu Falaḥ,C1_0.5km,without,False,False,False,full,to Stage 2,UNKNOWN,UNKNOWN,UNKNOWN,UNKNOWN,UNKNOWN,UNKNOWN,UNKNOWN
S1623,Kh. Abu Falaḥ,C1_2km,with,False,False,False,full,to Stage 2,UNKNOWN,UNKNOWN,UNKNOWN,UNKNOWN,UNKNOWN,UNKNOWN,UNKNOWN
S1623,Kh. Abu Falaḥ,C1_2km,without,False,False,False,full,to Stage 2,UNKNOWN,UNKNOWN,UNKNOWN,UNKNOWN,UNKNOWN,UNKNOWN,UNKNOWN
S1623,Kh. Abu Falaḥ,C2_tomb_shafts,with,False,False,False,full,to Stage 2,UNKNOWN,UNKNOWN,UNKNOWN,UNKNOWN,UNKNOWN,UNKNOWN,UNKNOWN
S1623,Kh. Abu Falaḥ,C2_tomb_shafts,without,False,False,False,full,to Stage 2,UNKNOWN,UNKNOWN,UNKNOWN,UNKNOWN,UNKNOWN,UNKNOWN,UNKNOWN
S1623,Kh. Abu Falaḥ,dated_only,with,False,False,False,full,to Stage 2,UNKNOWN,UNKNOWN,UNKNOWN,UNKNOWN,UNKNOWN,UNKNOWN,UNKNOWN
S1623,Kh. Abu Falaḥ,dated_only,without,False,False,False,full,to Stage 2,UNKNOWN,UNKNOWN,UNKNOWN,UNKNOWN,UNKNOWN,UNKNOWN,UNKNOWN
S1666,Water Line - 'Ein Samiya,primary,with,False,True,True,full,to Stage 2,UNKNOWN,UNKNOWN,UNKNOWN,UNKNOWN,UNKNOWN,UNKNOWN,UNKNOWN
S1666,Water Line - 'Ein Samiya,primary,without,False,True,True,full,to Stage 2,UNKNOWN,UNKNOWN,UNKNOWN,UNKNOWN,UNKNOWN,UNKNOWN,UNKNOWN
S1666,Water Line - 'Ein Samiya,C1_0.5km,with,False,True,True,full,to Stage 2,UNKNOWN,UNKNOWN,UNKNOWN,UNKNOWN,UNKNOWN,UNKNOWN,UNKNOWN
S1666,Water Line - 'Ein Samiya,C1_0.5km,without,False,True,True,full,to Stage 2,UNKNOWN,UNKNOWN,UNKNOWN,UNKNOWN,UNKNOWN,UNKNOWN,UNKNOWN
S1666,Water Line - 'Ein Samiya,C1_2km,with,False,True,True,full,to Stage 2,UNKNOWN,UNKNOWN,UNKNOWN,UNKNOWN,UNKNOWN,UNKNOWN,UNKNOWN
S1666,Water Line - 'Ein Samiya,C1_2km,without,False,True,True,full,to Stage 2,UNKNOWN,UNKNOWN,UNKNOWN,UNKNOWN,UNKNOWN,UNKNOWN,UNKNOWN
S1666,Water Line - 'Ein Samiya,C2_tomb_shafts,with,False,True,True,full,to Stage 2,UNKNOWN,UNKNOWN,UNKNOWN,UNKNOWN,UNKNOWN,UNKNOWN,UNKNOWN
S1666,Water Line - 'Ein Samiya,C2_tomb_shafts,without,False,True,True,full,to Stage 2,UNKNOWN,UNKNOWN,UNKNOWN,UNKNOWN,UNKNOWN,UNKNOWN,UNKNOWN
S1666,Water Line - 'Ein Samiya,dated_only,with,False,True,True,full,to Stage 2,UNKNOWN,UNKNOWN,UNKNOWN,UNKNOWN,UNKNOWN,UNKNOWN,UNKNOWN
S1666,Water Line - 'Ein Samiya,dated_only,without,False,True,True,full,to Stage 2,UNKNOWN,UNKNOWN,UNKNOWN,UNKNOWN,UNKNOWN,UNKNOWN,UNKNOWN
S1712,-,primary,with,False,True,False,full,not recorded,UNKNOWN,UNKNOWN,UNKNOWN,UNKNOWN,UNKNOWN,UNKNOWN,UNKNOWN
S1712,-,primary,without,False,True,False,full,not recorded,UNKNOWN,UNKNOWN,UNKNOWN,UNKNOWN,UNKNOWN,UNKNOWN,UNKNOWN
S1712,-,C1_0.5km,with,False,True,False,full,not recorded,UNKNOWN,UNKNOWN,UNKNOWN,UNKNOWN,UNKNOWN,UNKNOWN,UNKNOWN
S1712,-,C1_0.5km,without,False,True,False,full,not recorded,UNKNOWN,UNKNOWN,UNKNOWN,UNKNOWN,UNKNOWN,UNKNOWN,UNKNOWN
S1712,-,C1_2km,with,False,True,False,full,not recorded,UNKNOWN,UNKNOWN,UNKNOWN,UNKNOWN,UNKNOWN,UNKNOWN,UNKNOWN
S1712,-,C1_2km,without,False,True,False,full,not recorded,UNKNOWN,UNKNOWN,UNKNOWN,UNKNOWN,UNKNOWN,UNKNOWN,UNKNOWN
S1712,-,C2_tomb_shafts,with,False,True,False,full,not recorded,UNKNOWN,UNKNOWN,UNKNOWN,UNKNOWN,UNKNOWN,UNKNOWN,UNKNOWN
S1712,-,C2_tomb_shafts,without,False,True,False,full,not recorded,UNKNOWN,UNKNOWN,UNKNOWN,UNKNOWN,UNKNOWN,UNKNOWN,UNKNOWN
S1712,-,dated_only,with,False,True,False,full,not recorded,UNKNOWN,UNKNOWN,UNKNOWN,UNKNOWN,UNKNOWN,UNKNOWN,UNKNOWN
S1712,-,dated_only,without,False,True,False,full,not recorded,UNKNOWN,UNKNOWN,UNKNOWN,UNKNOWN,UNKNOWN,UNKNOWN,UNKNOWN
S1763,Kh. en-Najama,primary,with,False,True,False,full,not recorded,UNKNOWN,UNKNOWN,UNKNOWN,UNKNOWN,UNKNOWN,UNKNOWN,UNKNOWN
S1763,Kh. en-Najama,primary,without,False,True,False,full,not recorded,UNKNOWN,UNKNOWN,UNKNOWN,UNKNOWN,UNKNOWN,UNKNOWN,UNKNOWN
S1763,Kh. en-Najama,C1_0.5km,with,False,True,False,full,not recorded,UNKNOWN,UNKNOWN,UNKNOWN,UNKNOWN,UNKNOWN,UNKNOWN,UNKNOWN
S1763,Kh. en-Najama,C1_0.5km,without,False,True,False,full,not recorded,UNKNOWN,UNKNOWN,UNKNOWN,UNKNOWN,UNKNOWN,UNKNOWN,UNKNOWN
S1763,Kh. en-Najama,C1_2km,with,False,True,False,full,not recorded,UNKNOWN,UNKNOWN,UNKNOWN,UNKNOWN,UNKNOWN,UNKNOWN,UNKNOWN
S1763,Kh. en-Najama,C1_2km,without,False,True,False,full,not recorded,UNKNOWN,UNKNOWN,UNKNOWN,UNKNOWN,UNKNOWN,UNKNOWN,UNKNOWN
S1763,Kh. en-Najama,C2_tomb_shafts,with,False,True,False,full,not recorded,UNKNOWN,UNKNOWN,UNKNOWN,UNKNOWN,UNKNOWN,UNKNOWN,UNKNOWN
S1763,Kh. en-Najama,C2_tomb_shafts,without,False,True,False,full,not recorded,UNKNOWN,UNKNOWN,UNKNOWN,UNKNOWN,UNKNOWN,UNKNOWN,UNKNOWN
S1763,Kh. en-Najama,dated_only,with,False,True,False,full,not recorded,UNKNOWN,UNKNOWN,UNKNOWN,UNKNOWN,UNKNOWN,UNKNOWN,UNKNOWN
S1763,Kh. en-Najama,dated_only,without,False,True,False,full,not recorded,UNKNOWN,UNKNOWN,UNKNOWN,UNKNOWN,UNKNOWN,UNKNOWN,UNKNOWN
S1765,Kh. el-'Awja et-Taḥta,primary,with,False,True,True,partial,to Stage 2,UNKNOWN,UNKNOWN,UNKNOWN,UNKNOWN,UNKNOWN,UNKNOWN,UNKNOWN
S1765,Kh. el-'Awja et-Taḥta,primary,without,False,True,True,partial,to Stage 2,UNKNOWN,UNKNOWN,UNKNOWN,UNKNOWN,UNKNOWN,UNKNOWN,UNKNOWN
S1765,Kh. el-'Awja et-Taḥta,C1_0.5km,with,False,True,True,partial,to Stage 2,UNKNOWN,UNKNOWN,UNKNOWN,UNKNOWN,UNKNOWN,UNKNOWN,UNKNOWN
S1765,Kh. el-'Awja et-Taḥta,C1_0.5km,without,False,True,True,partial,to Stage 2,UNKNOWN,UNKNOWN,UNKNOWN,UNKNOWN,UNKNOWN,UNKNOWN,UNKNOWN
S1765,Kh. el-'Awja et-Taḥta,C1_2km,with,False,True,True,partial,to Stage 2,UNKNOWN,UNKNOWN,UNKNOWN,UNKNOWN,UNKNOWN,UNKNOWN,UNKNOWN
S1765,Kh. el-'Awja et-Taḥta,C1_2km,without,False,True,True,partial,to Stage 2,UNKNOWN,UNKNOWN,UNKNOWN,UNKNOWN,UNKNOWN,UNKNOWN,UNKNOWN
S1765,Kh. el-'Awja et-Taḥta,C2_tomb_shafts,with,False,True,True,partial,to Stage 2,UNKNOWN,UNKNOWN,UNKNOWN,UNKNOWN,UNKNOWN,UNKNOWN,UNKNOWN
S1765,Kh. el-'Awja et-Taḥta,C2_tomb_shafts,without,False,True,True,partial,to Stage 2,UNKNOWN,UNKNOWN,UNKNOWN,UNKNOWN,UNKNOWN,UNKNOWN,UNKNOWN
S1765,Kh. el-'Awja et-Taḥta,dated_only,with,False,True,True,partial,to Stage 2,UNKNOWN,UNKNOWN,UNKNOWN,UNKNOWN,UNKNOWN,UNKNOWN,UNKNOWN
S1765,Kh. el-'Awja et-Taḥta,dated_only,without,False,True,True,partial,to Stage 2,UNKNOWN,UNKNOWN,UNKNOWN,UNKNOWN,UNKNOWN,UNKNOWN,UNKNOWN
S1775,Kh. el-'Auja el-Fauqa,primary,with,False,True,False,full,to Stage 2,UNKNOWN,UNKNOWN,UNKNOWN,UNKNOWN,UNKNOWN,UNKNOWN,UNKNOWN
S1775,Kh. el-'Auja el-Fauqa,primary,without,False,True,False,full,to Stage 2,UNKNOWN,UNKNOWN,UNKNOWN,UNKNOWN,UNKNOWN,UNKNOWN,UNKNOWN
S1775,Kh. el-'Auja el-Fauqa,C1_0.5km,with,False,True,False,full,to Stage 2,UNKNOWN,UNKNOWN,UNKNOWN,UNKNOWN,UNKNOWN,UNKNOWN,UNKNOWN
S1775,Kh. el-'Auja el-Fauqa,C1_0.5km,without,False,True,False,full,to Stage 2,UNKNOWN,UNKNOWN,UNKNOWN,UNKNOWN,UNKNOWN,UNKNOWN,UNKNOWN
S1775,Kh. el-'Auja el-Fauqa,C1_2km,with,False,True,False,full,to Stage 2,UNKNOWN,UNKNOWN,UNKNOWN,UNKNOWN,UNKNOWN,UNKNOWN,UNKNOWN
S1775,Kh. el-'Auja el-Fauqa,C1_2km,without,False,True,False,full,to Stage 2,UNKNOWN,UNKNOWN,UNKNOWN,UNKNOWN,UNKNOWN,UNKNOWN,UNKNOWN
S1775,Kh. el-'Auja el-Fauqa,C2_tomb_shafts,with,False,True,False,full,to Stage 2,UNKNOWN,UNKNOWN,UNKNOWN,UNKNOWN,UNKNOWN,UNKNOWN,UNKNOWN
S1775,Kh. el-'Auja el-Fauqa,C2_tomb_shafts,without,False,True,False,full,to Stage 2,UNKNOWN,UNKNOWN,UNKNOWN,UNKNOWN,UNKNOWN,UNKNOWN,UNKNOWN
S1775,Kh. el-'Auja el-Fauqa,dated_only,with,False,True,False,full,to Stage 2,UNKNOWN,UNKNOWN,UNKNOWN,UNKNOWN,UNKNOWN,UNKNOWN,UNKNOWN
S1775,Kh. el-'Auja el-Fauqa,dated_only,without,False,True,False,full,to Stage 2,UNKNOWN,UNKNOWN,UNKNOWN,UNKNOWN,UNKNOWN,UNKNOWN,UNKNOWN
S1791,-,primary,with,False,True,False,full,to Stage 2,UNKNOWN,UNKNOWN,UNKNOWN,UNKNOWN,UNKNOWN,UNKNOWN,UNKNOWN
S1791,-,primary,without,False,True,False,full,to Stage 2,UNKNOWN,UNKNOWN,UNKNOWN,UNKNOWN,UNKNOWN,UNKNOWN,UNKNOWN
S1791,-,C1_0.5km,with,False,True,False,full,to Stage 2,UNKNOWN,UNKNOWN,UNKNOWN,UNKNOWN,UNKNOWN,UNKNOWN,UNKNOWN
S1791,-,C1_0.5km,without,False,True,False,full,to Stage 2,UNKNOWN,UNKNOWN,UNKNOWN,UNKNOWN,UNKNOWN,UNKNOWN,UNKNOWN
S1791,-,C1_2km,with,False,True,False,full,to Stage 2,UNKNOWN,UNKNOWN,UNKNOWN,UNKNOWN,UNKNOWN,UNKNOWN,UNKNOWN
S1791,-,C1_2km,without,False,True,False,full,to Stage 2,UNKNOWN,UNKNOWN,UNKNOWN,UNKNOWN,UNKNOWN,UNKNOWN,UNKNOWN
S1791,-,C2_tomb_shafts,with,False,True,False,full,to Stage 2,UNKNOWN,UNKNOWN,UNKNOWN,UNKNOWN,UNKNOWN,UNKNOWN,UNKNOWN
S1791,-,C2_tomb_shafts,without,False,True,False,full,to Stage 2,UNKNOWN,UNKNOWN,UNKNOWN,UNKNOWN,UNKNOWN,UNKNOWN,UNKNOWN
S1791,-,dated_only,with,False,True,False,full,to Stage 2,UNKNOWN,UNKNOWN,UNKNOWN,UNKNOWN,UNKNOWN,UNKNOWN,UNKNOWN
S1791,-,dated_only,without,False,True,False,full,to Stage 2,UNKNOWN,UNKNOWN,UNKNOWN,UNKNOWN,UNKNOWN,UNKNOWN,UNKNOWN
S1841,-,primary,with,False,True,False,full,to Stage 2,UNKNOWN,UNKNOWN,UNKNOWN,UNKNOWN,UNKNOWN,UNKNOWN,UNKNOWN
S1841,-,primary,without,False,True,False,full,to Stage 2,UNKNOWN,UNKNOWN,UNKNOWN,UNKNOWN,UNKNOWN,UNKNOWN,UNKNOWN
S1841,-,C1_0.5km,with,False,True,False,full,to Stage 2,UNKNOWN,UNKNOWN,UNKNOWN,UNKNOWN,UNKNOWN,UNKNOWN,UNKNOWN
S1841,-,C1_0.5km,without,False,True,False,full,to Stage 2,UNKNOWN,UNKNOWN,UNKNOWN,UNKNOWN,UNKNOWN,UNKNOWN,UNKNOWN
S1841,-,C1_2km,with,False,True,False,full,to Stage 2,UNKNOWN,UNKNOWN,UNKNOWN,UNKNOWN,UNKNOWN,UNKNOWN,UNKNOWN
S1841,-,C1_2km,without,False,True,False,full,to Stage 2,UNKNOWN,UNKNOWN,UNKNOWN,UNKNOWN,UNKNOWN,UNKNOWN,UNKNOWN
S1841,-,C2_tomb_shafts,with,False,True,False,full,to Stage 2,UNKNOWN,UNKNOWN,UNKNOWN,UNKNOWN,UNKNOWN,UNKNOWN,UNKNOWN
S1841,-,C2_tomb_shafts,without,False,True,False,full,to Stage 2,UNKNOWN,UNKNOWN,UNKNOWN,UNKNOWN,UNKNOWN,UNKNOWN,UNKNOWN
S1841,-,dated_only,with,False,True,False,full,to Stage 2,UNKNOWN,UNKNOWN,UNKNOWN,UNKNOWN,UNKNOWN,UNKNOWN,UNKNOWN
S1841,-,dated_only,without,False,True,False,full,to Stage 2,UNKNOWN,UNKNOWN,UNKNOWN,UNKNOWN,UNKNOWN,UNKNOWN,UNKNOWN
S2037,-,primary,with,False,True,False,full,to Stage 2,UNKNOWN,UNKNOWN,MATCH,UNKNOWN,UNKNOWN,UNKNOWN,UNKNOWN
S2037,-,primary,without,False,True,False,full,to Stage 2,UNKNOWN,UNKNOWN,MATCH,UNKNOWN,UNKNOWN,UNKNOWN,UNKNOWN
S2037,-,C1_0.5km,with,False,True,False,full,to Stage 2,UNKNOWN,UNKNOWN,MATCH,UNKNOWN,UNKNOWN,UNKNOWN,UNKNOWN
S2037,-,C1_0.5km,without,False,True,False,full,to Stage 2,UNKNOWN,UNKNOWN,MATCH,UNKNOWN,UNKNOWN,UNKNOWN,UNKNOWN
S2037,-,C1_2km,with,False,True,False,full,to Stage 2,UNKNOWN,UNKNOWN,MATCH,UNKNOWN,UNKNOWN,UNKNOWN,UNKNOWN
S2037,-,C1_2km,without,False,True,False,full,to Stage 2,UNKNOWN,UNKNOWN,MATCH,UNKNOWN,UNKNOWN,UNKNOWN,UNKNOWN
S2037,-,C2_tomb_shafts,with,False,True,False,full,to Stage 2,UNKNOWN,MATCH,MATCH,UNKNOWN,UNKNOWN,UNKNOWN,UNKNOWN
S2037,-,C2_tomb_shafts,without,False,True,False,full,to Stage 2,UNKNOWN,MATCH,MATCH,UNKNOWN,UNKNOWN,UNKNOWN,UNKNOWN
S2037,-,dated_only,with,False,True,False,full,to Stage 2,UNKNOWN,UNKNOWN,MATCH,UNKNOWN,UNKNOWN,UNKNOWN,UNKNOWN
S2037,-,dated_only,without,False,True,False,full,to Stage 2,UNKNOWN,UNKNOWN,MATCH,UNKNOWN,UNKNOWN,UNKNOWN,UNKNOWN
S2096,-,primary,with,False,True,False,full,to Stage 2,UNKNOWN,MATCH,MATCH,UNKNOWN,UNKNOWN,UNKNOWN,UNKNOWN
S2096,-,primary,without,False,True,False,full,to Stage 2,UNKNOWN,MATCH,MATCH,UNKNOWN,UNKNOWN,UNKNOWN,UNKNOWN
S2096,-,C1_0.5km,with,False,True,False,full,to Stage 2,UNKNOWN,MATCH,MATCH,UNKNOWN,UNKNOWN,UNKNOWN,UNKNOWN
S2096,-,C1_0.5km,without,False,True,False,full,to Stage 2,UNKNOWN,MATCH,MATCH,UNKNOWN,UNKNOWN,UNKNOWN,UNKNOWN
S2096,-,C1_2km,with,False,True,False,full,to Stage 2,UNKNOWN,MATCH,MATCH,UNKNOWN,UNKNOWN,UNKNOWN,UNKNOWN
S2096,-,C1_2km,without,False,True,False,full,to Stage 2,UNKNOWN,MATCH,MATCH,UNKNOWN,UNKNOWN,UNKNOWN,UNKNOWN
S2096,-,C2_tomb_shafts,with,False,True,False,full,to Stage 2,UNKNOWN,MATCH,MATCH,UNKNOWN,UNKNOWN,UNKNOWN,UNKNOWN
S2096,-,C2_tomb_shafts,without,False,True,False,full,to Stage 2,UNKNOWN,MATCH,MATCH,UNKNOWN,UNKNOWN,UNKNOWN,UNKNOWN
S2096,-,dated_only,with,False,True,False,full,to Stage 2,UNKNOWN,UNKNOWN,UNKNOWN,UNKNOWN,UNKNOWN,UNKNOWN,UNKNOWN
S2096,-,dated_only,without,False,True,False,full,to Stage 2,UNKNOWN,UNKNOWN,UNKNOWN,UNKNOWN,UNKNOWN,UNKNOWN,UNKNOWN
S2288,Spot Height -292,primary,with,False,True,False,partial,not recorded,UNKNOWN,UNKNOWN,UNKNOWN,UNKNOWN,UNKNOWN,UNKNOWN,UNKNOWN
S2288,Spot Height -292,primary,without,False,True,False,partial,not recorded,UNKNOWN,UNKNOWN,UNKNOWN,UNKNOWN,UNKNOWN,UNKNOWN,UNKNOWN
S2288,Spot Height -292,C1_0.5km,with,False,True,False,partial,not recorded,UNKNOWN,UNKNOWN,UNKNOWN,UNKNOWN,UNKNOWN,UNKNOWN,UNKNOWN
S2288,Spot Height -292,C1_0.5km,without,False,True,False,partial,not recorded,UNKNOWN,UNKNOWN,UNKNOWN,UNKNOWN,UNKNOWN,UNKNOWN,UNKNOWN
S2288,Spot Height -292,C1_2km,with,False,True,False,partial,not recorded,UNKNOWN,UNKNOWN,UNKNOWN,UNKNOWN,UNKNOWN,UNKNOWN,UNKNOWN
S2288,Spot Height -292,C1_2km,without,False,True,False,partial,not recorded,UNKNOWN,UNKNOWN,UNKNOWN,UNKNOWN,UNKNOWN,UNKNOWN,UNKNOWN
S2288,Spot Height -292,C2_tomb_shafts,with,False,True,False,partial,not recorded,UNKNOWN,UNKNOWN,UNKNOWN,UNKNOWN,UNKNOWN,UNKNOWN,UNKNOWN
S2288,Spot Height -292,C2_tomb_shafts,without,False,True,False,partial,not recorded,UNKNOWN,UNKNOWN,UNKNOWN,UNKNOWN,UNKNOWN,UNKNOWN,UNKNOWN
S2288,Spot Height -292,dated_only,with,False,True,False,partial,not recorded,UNKNOWN,UNKNOWN,UNKNOWN,UNKNOWN,UNKNOWN,UNKNOWN,UNKNOWN
S2288,Spot Height -292,dated_only,without,False,True,False,partial,not recorded,UNKNOWN,UNKNOWN,UNKNOWN,UNKNOWN,UNKNOWN,UNKNOWN,UNKNOWN
E334,Tell es-Sultan,primary,with,False,True,True,none,to Stage 2,MATCH,UNKNOWN,MATCH,UNKNOWN,UNKNOWN,UNKNOWN,UNKNOWN
E334,Tell es-Sultan,primary,without,False,True,True,none,to Stage 2,MATCH,UNKNOWN,UNKNOWN,UNKNOWN,UNKNOWN,UNKNOWN,UNKNOWN
E334,Tell es-Sultan,C1_0.5km,with,False,True,True,none,to Stage 2,MATCH,UNKNOWN,MATCH,UNKNOWN,UNKNOWN,UNKNOWN,UNKNOWN
E334,Tell es-Sultan,C1_0.5km,without,False,True,True,none,to Stage 2,MATCH,UNKNOWN,UNKNOWN,UNKNOWN,UNKNOWN,UNKNOWN,UNKNOWN
E334,Tell es-Sultan,C1_2km,with,False,True,True,none,to Stage 2,MATCH,UNKNOWN,MATCH,UNKNOWN,UNKNOWN,UNKNOWN,UNKNOWN
E334,Tell es-Sultan,C1_2km,without,False,True,True,none,to Stage 2,MATCH,UNKNOWN,UNKNOWN,UNKNOWN,UNKNOWN,UNKNOWN,UNKNOWN
E334,Tell es-Sultan,C2_tomb_shafts,with,False,True,True,none,to Stage 2,MATCH,MATCH,MATCH,UNKNOWN,MATCH,UNKNOWN,MATCH
E334,Tell es-Sultan,C2_tomb_shafts,without,False,True,True,none,to Stage 2,MATCH,UNKNOWN,UNKNOWN,UNKNOWN,UNKNOWN,UNKNOWN,UNKNOWN
E334,Tell es-Sultan,dated_only,with,False,True,True,none,to Stage 2,UNKNOWN,UNKNOWN,MATCH,UNKNOWN,UNKNOWN,UNKNOWN,UNKNOWN
E334,Tell es-Sultan,dated_only,without,False,True,True,none,to Stage 2,UNKNOWN,UNKNOWN,UNKNOWN,UNKNOWN,UNKNOWN,UNKNOWN,UNKNOWN
S2362,Ard el-Mafjir,primary,with,False,True,False,partial,not recorded,UNKNOWN,UNKNOWN,UNKNOWN,UNKNOWN,UNKNOWN,UNKNOWN,UNKNOWN
S2362,Ard el-Mafjir,primary,without,False,True,False,partial,not recorded,UNKNOWN,UNKNOWN,UNKNOWN,UNKNOWN,UNKNOWN,UNKNOWN,UNKNOWN
S2362,Ard el-Mafjir,C1_0.5km,with,False,True,False,partial,not recorded,UNKNOWN,UNKNOWN,UNKNOWN,UNKNOWN,UNKNOWN,UNKNOWN,UNKNOWN
S2362,Ard el-Mafjir,C1_0.5km,without,False,True,False,partial,not recorded,UNKNOWN,UNKNOWN,UNKNOWN,UNKNOWN,UNKNOWN,UNKNOWN,UNKNOWN
S2362,Ard el-Mafjir,C1_2km,with,False,True,False,partial,not recorded,UNKNOWN,UNKNOWN,UNKNOWN,UNKNOWN,UNKNOWN,UNKNOWN,UNKNOWN
S2362,Ard el-Mafjir,C1_2km,without,False,True,False,partial,not recorded,UNKNOWN,UNKNOWN,UNKNOWN,UNKNOWN,UNKNOWN,UNKNOWN,UNKNOWN
S2362,Ard el-Mafjir,C2_tomb_shafts,with,False,True,False,partial,not recorded,UNKNOWN,UNKNOWN,UNKNOWN,UNKNOWN,UNKNOWN,UNKNOWN,UNKNOWN
S2362,Ard el-Mafjir,C2_tomb_shafts,without,False,True,False,partial,not recorded,UNKNOWN,UNKNOWN,UNKNOWN,UNKNOWN,UNKNOWN,UNKNOWN,UNKNOWN
S2362,Ard el-Mafjir,dated_only,with,False,True,False,partial,not recorded,UNKNOWN,UNKNOWN,UNKNOWN,UNKNOWN,UNKNOWN,UNKNOWN,UNKNOWN
S2362,Ard el-Mafjir,dated_only,without,False,True,False,partial,not recorded,UNKNOWN,UNKNOWN,UNKNOWN,UNKNOWN,UNKNOWN,UNKNOWN,UNKNOWN
S2363,-,primary,with,False,True,False,full,to Stage 2,UNKNOWN,UNKNOWN,UNKNOWN,UNKNOWN,UNKNOWN,UNKNOWN,UNKNOWN
S2363,-,primary,without,False,True,False,full,to Stage 2,UNKNOWN,UNKNOWN,UNKNOWN,UNKNOWN,UNKNOWN,UNKNOWN,UNKNOWN
S2363,-,C1_0.5km,with,False,True,False,full,to Stage 2,UNKNOWN,UNKNOWN,UNKNOWN,UNKNOWN,UNKNOWN,UNKNOWN,UNKNOWN
S2363,-,C1_0.5km,without,False,True,False,full,to Stage 2,UNKNOWN,UNKNOWN,UNKNOWN,UNKNOWN,UNKNOWN,UNKNOWN,UNKNOWN
S2363,-,C1_2km,with,False,True,False,full,to Stage 2,UNKNOWN,UNKNOWN,UNKNOWN,UNKNOWN,UNKNOWN,UNKNOWN,UNKNOWN
S2363,-,C1_2km,without,False,True,False,full,to Stage 2,UNKNOWN,UNKNOWN,UNKNOWN,UNKNOWN,UNKNOWN,UNKNOWN,UNKNOWN
S2363,-,C2_tomb_shafts,with,False,True,False,full,to Stage 2,UNKNOWN,UNKNOWN,UNKNOWN,UNKNOWN,UNKNOWN,UNKNOWN,UNKNOWN
S2363,-,C2_tomb_shafts,without,False,True,False,full,to Stage 2,UNKNOWN,UNKNOWN,UNKNOWN,UNKNOWN,UNKNOWN,UNKNOWN,UNKNOWN
S2363,-,dated_only,with,False,True,False,full,to Stage 2,UNKNOWN,UNKNOWN,UNKNOWN,UNKNOWN,UNKNOWN,UNKNOWN,UNKNOWN
S2363,-,dated_only,without,False,True,False,full,to Stage 2,UNKNOWN,UNKNOWN,UNKNOWN,UNKNOWN,UNKNOWN,UNKNOWN,UNKNOWN
S2454,-,primary,with,False,True,False,partial,not recorded,UNKNOWN,UNKNOWN,UNKNOWN,UNKNOWN,UNKNOWN,UNKNOWN,UNKNOWN
S2454,-,primary,without,False,True,False,partial,not recorded,UNKNOWN,UNKNOWN,UNKNOWN,UNKNOWN,UNKNOWN,UNKNOWN,UNKNOWN
S2454,-,C1_0.5km,with,False,True,False,partial,not recorded,UNKNOWN,UNKNOWN,UNKNOWN,UNKNOWN,UNKNOWN,UNKNOWN,UNKNOWN
S2454,-,C1_0.5km,without,False,True,False,partial,not recorded,UNKNOWN,UNKNOWN,UNKNOWN,UNKNOWN,UNKNOWN,UNKNOWN,UNKNOWN
S2454,-,C1_2km,with,False,True,False,partial,not recorded,UNKNOWN,UNKNOWN,UNKNOWN,UNKNOWN,UNKNOWN,UNKNOWN,UNKNOWN
S2454,-,C1_2km,without,False,True,False,partial,not recorded,UNKNOWN,UNKNOWN,UNKNOWN,UNKNOWN,UNKNOWN,UNKNOWN,UNKNOWN
S2454,-,C2_tomb_shafts,with,False,True,False,partial,not recorded,UNKNOWN,UNKNOWN,UNKNOWN,UNKNOWN,UNKNOWN,UNKNOWN,UNKNOWN
S2454,-,C2_tomb_shafts,without,False,True,False,partial,not recorded,UNKNOWN,UNKNOWN,UNKNOWN,UNKNOWN,UNKNOWN,UNKNOWN,UNKNOWN
S2454,-,dated_only,with,False,True,False,partial,not recorded,UNKNOWN,UNKNOWN,UNKNOWN,UNKNOWN,UNKNOWN,UNKNOWN,UNKNOWN
S2454,-,dated_only,without,False,True,False,partial,not recorded,UNKNOWN,UNKNOWN,UNKNOWN,UNKNOWN,UNKNOWN,UNKNOWN,UNKNOWN
S2455,Ḥ. Shilha,primary,with,False,True,True,partial,not recorded,UNKNOWN,UNKNOWN,UNKNOWN,UNKNOWN,UNKNOWN,UNKNOWN,UNKNOWN
S2455,Ḥ. Shilha,primary,without,False,True,True,partial,not recorded,UNKNOWN,UNKNOWN,UNKNOWN,UNKNOWN,UNKNOWN,UNKNOWN,UNKNOWN
S2455,Ḥ. Shilha,C1_0.5km,with,False,True,True,partial,not recorded,UNKNOWN,UNKNOWN,UNKNOWN,UNKNOWN,UNKNOWN,UNKNOWN,UNKNOWN
S2455,Ḥ. Shilha,C1_0.5km,without,False,True,True,partial,not recorded,UNKNOWN,UNKNOWN,UNKNOWN,UNKNOWN,UNKNOWN,UNKNOWN,UNKNOWN
S2455,Ḥ. Shilha,C1_2km,with,False,True,True,partial,not recorded,UNKNOWN,UNKNOWN,UNKNOWN,UNKNOWN,UNKNOWN,UNKNOWN,UNKNOWN
S2455,Ḥ. Shilha,C1_2km,without,False,True,True,partial,not recorded,UNKNOWN,UNKNOWN,UNKNOWN,UNKNOWN,UNKNOWN,UNKNOWN,UNKNOWN
S2455,Ḥ. Shilha,C2_tomb_shafts,with,False,True,True,partial,not recorded,UNKNOWN,UNKNOWN,UNKNOWN,UNKNOWN,UNKNOWN,UNKNOWN,UNKNOWN
S2455,Ḥ. Shilha,C2_tomb_shafts,without,False,True,True,partial,not recorded,UNKNOWN,UNKNOWN,UNKNOWN,UNKNOWN,UNKNOWN,UNKNOWN,UNKNOWN
S2455,Ḥ. Shilha,dated_only,with,False,True,True,partial,not recorded,UNKNOWN,UNKNOWN,UNKNOWN,UNKNOWN,UNKNOWN,UNKNOWN,UNKNOWN
S2455,Ḥ. Shilha,dated_only,without,False,True,True,partial,not recorded,UNKNOWN,UNKNOWN,UNKNOWN,UNKNOWN,UNKNOWN,UNKNOWN,UNKNOWN
E357,Naḥal Mikhmas,primary,with,False,True,True,none,to Stage 2,MATCH,MATCH,UNKNOWN,UNKNOWN,UNKNOWN,UNKNOWN,MATCH
E357,Naḥal Mikhmas,primary,without,False,True,True,none,to Stage 2,MATCH,MATCH,UNKNOWN,UNKNOWN,UNKNOWN,UNKNOWN,MATCH
E357,Naḥal Mikhmas,C1_0.5km,with,False,True,True,none,to Stage 2,UNKNOWN,MATCH,UNKNOWN,UNKNOWN,UNKNOWN,UNKNOWN,UNKNOWN
E357,Naḥal Mikhmas,C1_0.5km,without,False,True,True,none,to Stage 2,UNKNOWN,MATCH,UNKNOWN,UNKNOWN,UNKNOWN,UNKNOWN,UNKNOWN
E357,Naḥal Mikhmas,C1_2km,with,False,True,True,none,to Stage 2,MATCH,MATCH,UNKNOWN,UNKNOWN,UNKNOWN,UNKNOWN,MATCH
E357,Naḥal Mikhmas,C1_2km,without,False,True,True,none,to Stage 2,MATCH,MATCH,UNKNOWN,UNKNOWN,UNKNOWN,UNKNOWN,MATCH
E357,Naḥal Mikhmas,C2_tomb_shafts,with,False,True,True,none,to Stage 2,MATCH,MATCH,UNKNOWN,UNKNOWN,UNKNOWN,UNKNOWN,MATCH
E357,Naḥal Mikhmas,C2_tomb_shafts,without,False,True,True,none,to Stage 2,MATCH,MATCH,UNKNOWN,UNKNOWN,UNKNOWN,UNKNOWN,MATCH
E357,Naḥal Mikhmas,dated_only,with,False,True,True,none,to Stage 2,UNKNOWN,UNKNOWN,UNKNOWN,UNKNOWN,UNKNOWN,UNKNOWN,UNKNOWN
E357,Naḥal Mikhmas,dated_only,without,False,True,True,none,to Stage 2,UNKNOWN,UNKNOWN,UNKNOWN,UNKNOWN,UNKNOWN,UNKNOWN,UNKNOWN
S2547,-,primary,with,False,True,True,full,to Stage 2,MATCH,UNKNOWN,UNKNOWN,UNKNOWN,UNKNOWN,UNKNOWN,UNKNOWN
S2547,-,primary,without,False,True,True,full,to Stage 2,MATCH,UNKNOWN,UNKNOWN,UNKNOWN,UNKNOWN,UNKNOWN,UNKNOWN
S2547,-,C1_0.5km,with,False,True,True,full,to Stage 2,UNKNOWN,UNKNOWN,UNKNOWN,UNKNOWN,UNKNOWN,UNKNOWN,UNKNOWN
S2547,-,C1_0.5km,without,False,True,True,full,to Stage 2,UNKNOWN,UNKNOWN,UNKNOWN,UNKNOWN,UNKNOWN,UNKNOWN,UNKNOWN
S2547,-,C1_2km,with,False,True,True,full,to Stage 2,MATCH,UNKNOWN,UNKNOWN,UNKNOWN,UNKNOWN,UNKNOWN,UNKNOWN
S2547,-,C1_2km,without,False,True,True,full,to Stage 2,MATCH,UNKNOWN,UNKNOWN,UNKNOWN,UNKNOWN,UNKNOWN,UNKNOWN
S2547,-,C2_tomb_shafts,with,False,True,True,full,to Stage 2,MATCH,UNKNOWN,UNKNOWN,UNKNOWN,UNKNOWN,UNKNOWN,UNKNOWN
S2547,-,C2_tomb_shafts,without,False,True,True,full,to Stage 2,MATCH,UNKNOWN,UNKNOWN,UNKNOWN,UNKNOWN,UNKNOWN,UNKNOWN
S2547,-,dated_only,with,False,True,True,full,to Stage 2,MATCH,UNKNOWN,UNKNOWN,UNKNOWN,UNKNOWN,UNKNOWN,UNKNOWN
S2547,-,dated_only,without,False,True,True,full,to Stage 2,UNKNOWN,UNKNOWN,UNKNOWN,UNKNOWN,UNKNOWN,UNKNOWN,UNKNOWN
S2594,-,primary,with,False,True,False,full,to Stage 2,UNKNOWN,MATCH,MATCH,UNKNOWN,UNKNOWN,UNKNOWN,UNKNOWN
S2594,-,primary,without,False,True,False,full,to Stage 2,UNKNOWN,MATCH,MATCH,UNKNOWN,UNKNOWN,UNKNOWN,UNKNOWN
S2594,-,C1_0.5km,with,False,True,False,full,to Stage 2,UNKNOWN,MATCH,MATCH,UNKNOWN,UNKNOWN,UNKNOWN,UNKNOWN
S2594,-,C1_0.5km,without,False,True,False,full,to Stage 2,UNKNOWN,MATCH,MATCH,UNKNOWN,UNKNOWN,UNKNOWN,UNKNOWN
S2594,-,C1_2km,with,False,True,False,full,to Stage 2,MATCH,MATCH,MATCH,UNKNOWN,MATCH,UNKNOWN,MATCH
S2594,-,C1_2km,without,False,True,False,full,to Stage 2,MATCH,MATCH,MATCH,UNKNOWN,MATCH,UNKNOWN,MATCH
S2594,-,C2_tomb_shafts,with,False,True,False,full,to Stage 2,UNKNOWN,MATCH,MATCH,UNKNOWN,UNKNOWN,UNKNOWN,UNKNOWN
S2594,-,C2_tomb_shafts,without,False,True,False,full,to Stage 2,UNKNOWN,MATCH,MATCH,UNKNOWN,UNKNOWN,UNKNOWN,UNKNOWN
S2594,-,dated_only,with,False,True,False,full,to Stage 2,UNKNOWN,UNKNOWN,UNKNOWN,UNKNOWN,UNKNOWN,UNKNOWN,UNKNOWN
S2594,-,dated_only,without,False,True,False,full,to Stage 2,UNKNOWN,UNKNOWN,UNKNOWN,UNKNOWN,UNKNOWN,UNKNOWN,UNKNOWN
S2626,Ras Shiḥ,primary,with,False,True,False,full,to Stage 2,UNKNOWN,UNKNOWN,MATCH,UNKNOWN,UNKNOWN,UNKNOWN,UNKNOWN
S2626,Ras Shiḥ,primary,without,False,True,False,full,to Stage 2,UNKNOWN,UNKNOWN,MATCH,UNKNOWN,UNKNOWN,UNKNOWN,UNKNOWN
S2626,Ras Shiḥ,C1_0.5km,with,False,True,False,full,to Stage 2,UNKNOWN,UNKNOWN,MATCH,UNKNOWN,UNKNOWN,UNKNOWN,UNKNOWN
S2626,Ras Shiḥ,C1_0.5km,without,False,True,False,full,to Stage 2,UNKNOWN,UNKNOWN,MATCH,UNKNOWN,UNKNOWN,UNKNOWN,UNKNOWN
S2626,Ras Shiḥ,C1_2km,with,False,True,False,full,to Stage 2,UNKNOWN,UNKNOWN,MATCH,UNKNOWN,UNKNOWN,UNKNOWN,UNKNOWN
S2626,Ras Shiḥ,C1_2km,without,False,True,False,full,to Stage 2,UNKNOWN,UNKNOWN,MATCH,UNKNOWN,UNKNOWN,UNKNOWN,UNKNOWN
S2626,Ras Shiḥ,C2_tomb_shafts,with,False,True,False,full,to Stage 2,UNKNOWN,MATCH,MATCH,UNKNOWN,UNKNOWN,UNKNOWN,UNKNOWN
S2626,Ras Shiḥ,C2_tomb_shafts,without,False,True,False,full,to Stage 2,UNKNOWN,MATCH,MATCH,UNKNOWN,UNKNOWN,UNKNOWN,UNKNOWN
S2626,Ras Shiḥ,dated_only,with,False,True,False,full,to Stage 2,UNKNOWN,UNKNOWN,MATCH,UNKNOWN,UNKNOWN,UNKNOWN,UNKNOWN
S2626,Ras Shiḥ,dated_only,without,False,True,False,full,to Stage 2,UNKNOWN,UNKNOWN,MATCH,UNKNOWN,UNKNOWN,UNKNOWN,UNKNOWN
S2653,Wadi Fara,primary,with,False,True,False,full,to Stage 2,UNKNOWN,UNKNOWN,MATCH,UNKNOWN,UNKNOWN,UNKNOWN,UNKNOWN
S2653,Wadi Fara,primary,without,False,True,False,full,to Stage 2,UNKNOWN,UNKNOWN,MATCH,UNKNOWN,UNKNOWN,UNKNOWN,UNKNOWN
S2653,Wadi Fara,C1_0.5km,with,False,True,False,full,to Stage 2,UNKNOWN,UNKNOWN,MATCH,UNKNOWN,UNKNOWN,UNKNOWN,UNKNOWN
S2653,Wadi Fara,C1_0.5km,without,False,True,False,full,to Stage 2,UNKNOWN,UNKNOWN,MATCH,UNKNOWN,UNKNOWN,UNKNOWN,UNKNOWN
S2653,Wadi Fara,C1_2km,with,False,True,False,full,to Stage 2,MATCH,UNKNOWN,MATCH,UNKNOWN,UNKNOWN,UNKNOWN,UNKNOWN
S2653,Wadi Fara,C1_2km,without,False,True,False,full,to Stage 2,MATCH,UNKNOWN,MATCH,UNKNOWN,UNKNOWN,UNKNOWN,UNKNOWN
S2653,Wadi Fara,C2_tomb_shafts,with,False,True,False,full,to Stage 2,UNKNOWN,MATCH,MATCH,UNKNOWN,UNKNOWN,UNKNOWN,UNKNOWN
S2653,Wadi Fara,C2_tomb_shafts,without,False,True,False,full,to Stage 2,UNKNOWN,MATCH,MATCH,UNKNOWN,UNKNOWN,UNKNOWN,UNKNOWN
S2653,Wadi Fara,dated_only,with,False,True,False,full,to Stage 2,UNKNOWN,UNKNOWN,UNKNOWN,UNKNOWN,UNKNOWN,UNKNOWN,UNKNOWN
S2653,Wadi Fara,dated_only,without,False,True,False,full,to Stage 2,UNKNOWN,UNKNOWN,UNKNOWN,UNKNOWN,UNKNOWN,UNKNOWN,UNKNOWN
S2811,'En Hogla,primary,with,False,True,True,full,to Stage 2,UNKNOWN,MATCH,UNKNOWN,UNKNOWN,UNKNOWN,UNKNOWN,UNKNOWN
S2811,'En Hogla,primary,without,False,True,True,full,to Stage 2,UNKNOWN,UNKNOWN,UNKNOWN,UNKNOWN,UNKNOWN,UNKNOWN,UNKNOWN
S2811,'En Hogla,C1_0.5km,with,False,True,True,full,to Stage 2,UNKNOWN,MATCH,UNKNOWN,UNKNOWN,UNKNOWN,UNKNOWN,UNKNOWN
S2811,'En Hogla,C1_0.5km,without,False,True,True,full,to Stage 2,UNKNOWN,UNKNOWN,UNKNOWN,UNKNOWN,UNKNOWN,UNKNOWN,UNKNOWN
S2811,'En Hogla,C1_2km,with,False,True,True,full,to Stage 2,UNKNOWN,MATCH,UNKNOWN,UNKNOWN,UNKNOWN,UNKNOWN,UNKNOWN
S2811,'En Hogla,C1_2km,without,False,True,True,full,to Stage 2,UNKNOWN,UNKNOWN,UNKNOWN,UNKNOWN,UNKNOWN,UNKNOWN,UNKNOWN
S2811,'En Hogla,C2_tomb_shafts,with,False,True,True,full,to Stage 2,UNKNOWN,MATCH,UNKNOWN,UNKNOWN,UNKNOWN,UNKNOWN,UNKNOWN
S2811,'En Hogla,C2_tomb_shafts,without,False,True,True,full,to Stage 2,UNKNOWN,UNKNOWN,UNKNOWN,UNKNOWN,UNKNOWN,UNKNOWN,UNKNOWN
S2811,'En Hogla,dated_only,with,False,True,True,full,to Stage 2,UNKNOWN,UNKNOWN,UNKNOWN,UNKNOWN,UNKNOWN,UNKNOWN,UNKNOWN
S2811,'En Hogla,dated_only,without,False,True,True,full,to Stage 2,UNKNOWN,UNKNOWN,UNKNOWN,UNKNOWN,UNKNOWN,UNKNOWN,UNKNOWN
S2917,Vered Jericho,primary,with,False,True,True,full,not recorded,UNKNOWN,UNKNOWN,UNKNOWN,UNKNOWN,UNKNOWN,UNKNOWN,UNKNOWN
S2917,Vered Jericho,primary,without,False,True,True,full,not recorded,UNKNOWN,UNKNOWN,UNKNOWN,UNKNOWN,UNKNOWN,UNKNOWN,UNKNOWN
S2917,Vered Jericho,C1_0.5km,with,False,True,True,full,not recorded,UNKNOWN,UNKNOWN,UNKNOWN,UNKNOWN,UNKNOWN,UNKNOWN,UNKNOWN
S2917,Vered Jericho,C1_0.5km,without,False,True,True,full,not recorded,UNKNOWN,UNKNOWN,UNKNOWN,UNKNOWN,UNKNOWN,UNKNOWN,UNKNOWN
S2917,Vered Jericho,C1_2km,with,False,True,True,full,not recorded,UNKNOWN,UNKNOWN,UNKNOWN,UNKNOWN,UNKNOWN,UNKNOWN,UNKNOWN
S2917,Vered Jericho,C1_2km,without,False,True,True,full,not recorded,UNKNOWN,UNKNOWN,UNKNOWN,UNKNOWN,UNKNOWN,UNKNOWN,UNKNOWN
S2917,Vered Jericho,C2_tomb_shafts,with,False,True,True,full,not recorded,UNKNOWN,UNKNOWN,UNKNOWN,UNKNOWN,UNKNOWN,UNKNOWN,UNKNOWN
S2917,Vered Jericho,C2_tomb_shafts,without,False,True,True,full,not recorded,UNKNOWN,UNKNOWN,UNKNOWN,UNKNOWN,UNKNOWN,UNKNOWN,UNKNOWN
S2917,Vered Jericho,dated_only,with,False,True,True,full,not recorded,UNKNOWN,UNKNOWN,UNKNOWN,UNKNOWN,UNKNOWN,UNKNOWN,UNKNOWN
S2917,Vered Jericho,dated_only,without,False,True,True,full,not recorded,UNKNOWN,UNKNOWN,UNKNOWN,UNKNOWN,UNKNOWN,UNKNOWN,UNKNOWN
S2944,-,primary,with,False,True,False,full,to Stage 2,UNKNOWN,UNKNOWN,UNKNOWN,UNKNOWN,UNKNOWN,UNKNOWN,UNKNOWN
S2944,-,primary,without,False,True,False,full,to Stage 2,UNKNOWN,UNKNOWN,UNKNOWN,UNKNOWN,UNKNOWN,UNKNOWN,UNKNOWN
S2944,-,C1_0.5km,with,False,True,False,full,to Stage 2,UNKNOWN,UNKNOWN,UNKNOWN,UNKNOWN,UNKNOWN,UNKNOWN,UNKNOWN
S2944,-,C1_0.5km,without,False,True,False,full,to Stage 2,UNKNOWN,UNKNOWN,UNKNOWN,UNKNOWN,UNKNOWN,UNKNOWN,UNKNOWN
S2944,-,C1_2km,with,False,True,False,full,to Stage 2,UNKNOWN,UNKNOWN,UNKNOWN,UNKNOWN,UNKNOWN,UNKNOWN,UNKNOWN
S2944,-,C1_2km,without,False,True,False,full,to Stage 2,UNKNOWN,UNKNOWN,UNKNOWN,UNKNOWN,UNKNOWN,UNKNOWN,UNKNOWN
S2944,-,C2_tomb_shafts,with,False,True,False,full,to Stage 2,UNKNOWN,UNKNOWN,UNKNOWN,UNKNOWN,UNKNOWN,UNKNOWN,UNKNOWN
S2944,-,C2_tomb_shafts,without,False,True,False,full,to Stage 2,UNKNOWN,UNKNOWN,UNKNOWN,UNKNOWN,UNKNOWN,UNKNOWN,UNKNOWN
S2944,-,dated_only,with,False,True,False,full,to Stage 2,UNKNOWN,UNKNOWN,UNKNOWN,UNKNOWN,UNKNOWN,UNKNOWN,UNKNOWN
S2944,-,dated_only,without,False,True,False,full,to Stage 2,UNKNOWN,UNKNOWN,UNKNOWN,UNKNOWN,UNKNOWN,UNKNOWN,UNKNOWN
S3072,-,primary,with,False,True,False,full,to Stage 2,UNKNOWN,MATCH,MATCH,UNKNOWN,UNKNOWN,UNKNOWN,UNKNOWN
S3072,-,primary,without,False,True,False,full,to Stage 2,UNKNOWN,MATCH,MATCH,UNKNOWN,UNKNOWN,UNKNOWN,UNKNOWN
S3072,-,C1_0.5km,with,False,True,False,full,to Stage 2,UNKNOWN,MATCH,MATCH,UNKNOWN,UNKNOWN,UNKNOWN,UNKNOWN
S3072,-,C1_0.5km,without,False,True,False,full,to Stage 2,UNKNOWN,MATCH,MATCH,UNKNOWN,UNKNOWN,UNKNOWN,UNKNOWN
S3072,-,C1_2km,with,False,True,False,full,to Stage 2,MATCH,MATCH,MATCH,UNKNOWN,MATCH,UNKNOWN,MATCH
S3072,-,C1_2km,without,False,True,False,full,to Stage 2,MATCH,MATCH,MATCH,UNKNOWN,MATCH,UNKNOWN,MATCH
S3072,-,C2_tomb_shafts,with,False,True,False,full,to Stage 2,UNKNOWN,MATCH,MATCH,UNKNOWN,UNKNOWN,UNKNOWN,UNKNOWN
S3072,-,C2_tomb_shafts,without,False,True,False,full,to Stage 2,UNKNOWN,MATCH,MATCH,UNKNOWN,UNKNOWN,UNKNOWN,UNKNOWN
S3072,-,dated_only,with,False,True,False,full,to Stage 2,UNKNOWN,UNKNOWN,UNKNOWN,UNKNOWN,UNKNOWN,UNKNOWN,UNKNOWN
S3072,-,dated_only,without,False,True,False,full,to Stage 2,UNKNOWN,UNKNOWN,UNKNOWN,UNKNOWN,UNKNOWN,UNKNOWN,UNKNOWN
S3134,-,primary,with,False,True,False,full,to Stage 2,UNKNOWN,MATCH,UNKNOWN,UNKNOWN,UNKNOWN,UNKNOWN,UNKNOWN
S3134,-,primary,without,False,True,False,full,to Stage 2,UNKNOWN,MATCH,UNKNOWN,UNKNOWN,UNKNOWN,UNKNOWN,UNKNOWN
S3134,-,C1_0.5km,with,False,True,False,full,to Stage 2,UNKNOWN,MATCH,UNKNOWN,UNKNOWN,UNKNOWN,UNKNOWN,UNKNOWN
S3134,-,C1_0.5km,without,False,True,False,full,to Stage 2,UNKNOWN,MATCH,UNKNOWN,UNKNOWN,UNKNOWN,UNKNOWN,UNKNOWN
S3134,-,C1_2km,with,False,True,False,full,to Stage 2,MATCH,MATCH,UNKNOWN,UNKNOWN,UNKNOWN,UNKNOWN,MATCH
S3134,-,C1_2km,without,False,True,False,full,to Stage 2,MATCH,MATCH,UNKNOWN,UNKNOWN,UNKNOWN,UNKNOWN,MATCH
S3134,-,C2_tomb_shafts,with,False,True,False,full,to Stage 2,UNKNOWN,MATCH,UNKNOWN,UNKNOWN,UNKNOWN,UNKNOWN,UNKNOWN
S3134,-,C2_tomb_shafts,without,False,True,False,full,to Stage 2,UNKNOWN,MATCH,UNKNOWN,UNKNOWN,UNKNOWN,UNKNOWN,UNKNOWN
S3134,-,dated_only,with,False,True,False,full,to Stage 2,UNKNOWN,UNKNOWN,UNKNOWN,UNKNOWN,UNKNOWN,UNKNOWN,UNKNOWN
S3134,-,dated_only,without,False,True,False,full,to Stage 2,UNKNOWN,UNKNOWN,UNKNOWN,UNKNOWN,UNKNOWN,UNKNOWN,UNKNOWN
S3138,Libdeh,primary,with,False,True,False,full,not recorded,UNKNOWN,UNKNOWN,UNKNOWN,UNKNOWN,UNKNOWN,UNKNOWN,UNKNOWN
S3138,Libdeh,primary,without,False,True,False,full,not recorded,UNKNOWN,UNKNOWN,UNKNOWN,UNKNOWN,UNKNOWN,UNKNOWN,UNKNOWN
S3138,Libdeh,C1_0.5km,with,False,True,False,full,not recorded,UNKNOWN,UNKNOWN,UNKNOWN,UNKNOWN,UNKNOWN,UNKNOWN,UNKNOWN
S3138,Libdeh,C1_0.5km,without,False,True,False,full,not recorded,UNKNOWN,UNKNOWN,UNKNOWN,UNKNOWN,UNKNOWN,UNKNOWN,UNKNOWN
S3138,Libdeh,C1_2km,with,False,True,False,full,not recorded,UNKNOWN,UNKNOWN,UNKNOWN,UNKNOWN,UNKNOWN,UNKNOWN,UNKNOWN
S3138,Libdeh,C1_2km,without,False,True,False,full,not recorded,UNKNOWN,UNKNOWN,UNKNOWN,UNKNOWN,UNKNOWN,UNKNOWN,UNKNOWN
S3138,Libdeh,C2_tomb_shafts,with,False,True,False,full,not recorded,UNKNOWN,UNKNOWN,UNKNOWN,UNKNOWN,UNKNOWN,UNKNOWN,UNKNOWN
S3138,Libdeh,C2_tomb_shafts,without,False,True,False,full,not recorded,UNKNOWN,UNKNOWN,UNKNOWN,UNKNOWN,UNKNOWN,UNKNOWN,UNKNOWN
S3138,Libdeh,dated_only,with,False,True,False,full,not recorded,UNKNOWN,UNKNOWN,UNKNOWN,UNKNOWN,UNKNOWN,UNKNOWN,UNKNOWN
S3138,Libdeh,dated_only,without,False,True,False,full,not recorded,UNKNOWN,UNKNOWN,UNKNOWN,UNKNOWN,UNKNOWN,UNKNOWN,UNKNOWN
S3338,-,primary,with,False,True,False,full,not recorded,UNKNOWN,UNKNOWN,UNKNOWN,UNKNOWN,UNKNOWN,UNKNOWN,UNKNOWN
S3338,-,primary,without,False,True,False,full,not recorded,UNKNOWN,UNKNOWN,UNKNOWN,UNKNOWN,UNKNOWN,UNKNOWN,UNKNOWN
S3338,-,C1_0.5km,with,False,True,False,full,not recorded,UNKNOWN,UNKNOWN,UNKNOWN,UNKNOWN,UNKNOWN,UNKNOWN,UNKNOWN
S3338,-,C1_0.5km,without,False,True,False,full,not recorded,UNKNOWN,UNKNOWN,UNKNOWN,UNKNOWN,UNKNOWN,UNKNOWN,UNKNOWN
S3338,-,C1_2km,with,False,True,False,full,not recorded,UNKNOWN,UNKNOWN,UNKNOWN,UNKNOWN,UNKNOWN,UNKNOWN,UNKNOWN
S3338,-,C1_2km,without,False,True,False,full,not recorded,UNKNOWN,UNKNOWN,UNKNOWN,UNKNOWN,UNKNOWN,UNKNOWN,UNKNOWN
S3338,-,C2_tomb_shafts,with,False,True,False,full,not recorded,UNKNOWN,UNKNOWN,UNKNOWN,UNKNOWN,UNKNOWN,UNKNOWN,UNKNOWN
S3338,-,C2_tomb_shafts,without,False,True,False,full,not recorded,UNKNOWN,UNKNOWN,UNKNOWN,UNKNOWN,UNKNOWN,UNKNOWN,UNKNOWN
S3338,-,dated_only,with,False,True,False,full,not recorded,UNKNOWN,UNKNOWN,UNKNOWN,UNKNOWN,UNKNOWN,UNKNOWN,UNKNOWN
S3338,-,dated_only,without,False,True,False,full,not recorded,UNKNOWN,UNKNOWN,UNKNOWN,UNKNOWN,UNKNOWN,UNKNOWN,UNKNOWN
S3470,Kh. Abu Ḥuweilan,primary,with,False,True,True,full,not recorded,UNKNOWN,UNKNOWN,UNKNOWN,UNKNOWN,UNKNOWN,UNKNOWN,UNKNOWN
S3470,Kh. Abu Ḥuweilan,primary,without,False,True,True,full,not recorded,UNKNOWN,UNKNOWN,UNKNOWN,UNKNOWN,UNKNOWN,UNKNOWN,UNKNOWN
S3470,Kh. Abu Ḥuweilan,C1_0.5km,with,False,True,True,full,not recorded,UNKNOWN,UNKNOWN,UNKNOWN,UNKNOWN,UNKNOWN,UNKNOWN,UNKNOWN
S3470,Kh. Abu Ḥuweilan,C1_0.5km,without,False,True,True,full,not recorded,UNKNOWN,UNKNOWN,UNKNOWN,UNKNOWN,UNKNOWN,UNKNOWN,UNKNOWN
S3470,Kh. Abu Ḥuweilan,C1_2km,with,False,True,True,full,not recorded,UNKNOWN,UNKNOWN,UNKNOWN,UNKNOWN,UNKNOWN,UNKNOWN,UNKNOWN
S3470,Kh. Abu Ḥuweilan,C1_2km,without,False,True,True,full,not recorded,UNKNOWN,UNKNOWN,UNKNOWN,UNKNOWN,UNKNOWN,UNKNOWN,UNKNOWN
S3470,Kh. Abu Ḥuweilan,C2_tomb_shafts,with,False,True,True,full,not recorded,UNKNOWN,UNKNOWN,UNKNOWN,UNKNOWN,UNKNOWN,UNKNOWN,UNKNOWN
S3470,Kh. Abu Ḥuweilan,C2_tomb_shafts,without,False,True,True,full,not recorded,UNKNOWN,UNKNOWN,UNKNOWN,UNKNOWN,UNKNOWN,UNKNOWN,UNKNOWN
S3470,Kh. Abu Ḥuweilan,dated_only,with,False,True,True,full,not recorded,UNKNOWN,UNKNOWN,UNKNOWN,UNKNOWN,UNKNOWN,UNKNOWN,UNKNOWN
S3470,Kh. Abu Ḥuweilan,dated_only,without,False,True,True,full,not recorded,UNKNOWN,UNKNOWN,UNKNOWN,UNKNOWN,UNKNOWN,UNKNOWN,UNKNOWN
S3550,-,primary,with,False,True,False,full,not recorded,UNKNOWN,UNKNOWN,UNKNOWN,UNKNOWN,UNKNOWN,UNKNOWN,UNKNOWN
S3550,-,primary,without,False,True,False,full,not recorded,UNKNOWN,UNKNOWN,UNKNOWN,UNKNOWN,UNKNOWN,UNKNOWN,UNKNOWN
S3550,-,C1_0.5km,with,False,True,False,full,not recorded,UNKNOWN,UNKNOWN,UNKNOWN,UNKNOWN,UNKNOWN,UNKNOWN,UNKNOWN
S3550,-,C1_0.5km,without,False,True,False,full,not recorded,UNKNOWN,UNKNOWN,UNKNOWN,UNKNOWN,UNKNOWN,UNKNOWN,UNKNOWN
S3550,-,C1_2km,with,False,True,False,full,not recorded,UNKNOWN,UNKNOWN,UNKNOWN,UNKNOWN,UNKNOWN,UNKNOWN,UNKNOWN
S3550,-,C1_2km,without,False,True,False,full,not recorded,UNKNOWN,UNKNOWN,UNKNOWN,UNKNOWN,UNKNOWN,UNKNOWN,UNKNOWN
S3550,-,C2_tomb_shafts,with,False,True,False,full,not recorded,UNKNOWN,UNKNOWN,UNKNOWN,UNKNOWN,UNKNOWN,UNKNOWN,UNKNOWN
S3550,-,C2_tomb_shafts,without,False,True,False,full,not recorded,UNKNOWN,UNKNOWN,UNKNOWN,UNKNOWN,UNKNOWN,UNKNOWN,UNKNOWN
S3550,-,dated_only,with,False,True,False,full,not recorded,UNKNOWN,UNKNOWN,UNKNOWN,UNKNOWN,UNKNOWN,UNKNOWN,UNKNOWN
S3550,-,dated_only,without,False,True,False,full,not recorded,UNKNOWN,UNKNOWN,UNKNOWN,UNKNOWN,UNKNOWN,UNKNOWN,UNKNOWN
S3575,el-Khirbe,primary,with,False,True,True,full,not recorded,UNKNOWN,UNKNOWN,UNKNOWN,UNKNOWN,UNKNOWN,UNKNOWN,UNKNOWN
S3575,el-Khirbe,primary,without,False,True,True,full,not recorded,UNKNOWN,UNKNOWN,UNKNOWN,UNKNOWN,UNKNOWN,UNKNOWN,UNKNOWN
S3575,el-Khirbe,C1_0.5km,with,False,True,True,full,not recorded,UNKNOWN,UNKNOWN,UNKNOWN,UNKNOWN,UNKNOWN,UNKNOWN,UNKNOWN
S3575,el-Khirbe,C1_0.5km,without,False,True,True,full,not recorded,UNKNOWN,UNKNOWN,UNKNOWN,UNKNOWN,UNKNOWN,UNKNOWN,UNKNOWN
S3575,el-Khirbe,C1_2km,with,False,True,True,full,not recorded,UNKNOWN,UNKNOWN,UNKNOWN,UNKNOWN,UNKNOWN,UNKNOWN,UNKNOWN
S3575,el-Khirbe,C1_2km,without,False,True,True,full,not recorded,UNKNOWN,UNKNOWN,UNKNOWN,UNKNOWN,UNKNOWN,UNKNOWN,UNKNOWN
S3575,el-Khirbe,C2_tomb_shafts,with,False,True,True,full,not recorded,UNKNOWN,UNKNOWN,UNKNOWN,UNKNOWN,UNKNOWN,UNKNOWN,UNKNOWN
S3575,el-Khirbe,C2_tomb_shafts,without,False,True,True,full,not recorded,UNKNOWN,UNKNOWN,UNKNOWN,UNKNOWN,UNKNOWN,UNKNOWN,UNKNOWN
S3575,el-Khirbe,dated_only,with,False,True,True,full,not recorded,UNKNOWN,UNKNOWN,UNKNOWN,UNKNOWN,UNKNOWN,UNKNOWN,UNKNOWN
S3575,el-Khirbe,dated_only,without,False,True,True,full,not recorded,UNKNOWN,UNKNOWN,UNKNOWN,UNKNOWN,UNKNOWN,UNKNOWN,UNKNOWN
S3589,Kh. el-Kharayib,primary,with,False,True,False,full,not recorded,UNKNOWN,UNKNOWN,UNKNOWN,UNKNOWN,UNKNOWN,UNKNOWN,UNKNOWN
S3589,Kh. el-Kharayib,primary,without,False,True,False,full,not recorded,UNKNOWN,UNKNOWN,UNKNOWN,UNKNOWN,UNKNOWN,UNKNOWN,UNKNOWN
S3589,Kh. el-Kharayib,C1_0.5km,with,False,True,False,full,not recorded,UNKNOWN,UNKNOWN,UNKNOWN,UNKNOWN,UNKNOWN,UNKNOWN,UNKNOWN
S3589,Kh. el-Kharayib,C1_0.5km,without,False,True,False,full,not recorded,UNKNOWN,UNKNOWN,UNKNOWN,UNKNOWN,UNKNOWN,UNKNOWN,UNKNOWN
S3589,Kh. el-Kharayib,C1_2km,with,False,True,False,full,not recorded,UNKNOWN,UNKNOWN,UNKNOWN,UNKNOWN,UNKNOWN,UNKNOWN,UNKNOWN
S3589,Kh. el-Kharayib,C1_2km,without,False,True,False,full,not recorded,UNKNOWN,UNKNOWN,UNKNOWN,UNKNOWN,UNKNOWN,UNKNOWN,UNKNOWN
S3589,Kh. el-Kharayib,C2_tomb_shafts,with,False,True,False,full,not recorded,UNKNOWN,UNKNOWN,UNKNOWN,UNKNOWN,UNKNOWN,UNKNOWN,UNKNOWN
S3589,Kh. el-Kharayib,C2_tomb_shafts,without,False,True,False,full,not recorded,UNKNOWN,UNKNOWN,UNKNOWN,UNKNOWN,UNKNOWN,UNKNOWN,UNKNOWN
S3589,Kh. el-Kharayib,dated_only,with,False,True,False,full,not recorded,UNKNOWN,UNKNOWN,UNKNOWN,UNKNOWN,UNKNOWN,UNKNOWN,UNKNOWN
S3589,Kh. el-Kharayib,dated_only,without,False,True,False,full,not recorded,UNKNOWN,UNKNOWN,UNKNOWN,UNKNOWN,UNKNOWN,UNKNOWN,UNKNOWN
S3600,Kh. Umm el-Jimal,primary,with,False,True,False,full,not recorded,UNKNOWN,UNKNOWN,UNKNOWN,UNKNOWN,UNKNOWN,UNKNOWN,UNKNOWN
S3600,Kh. Umm el-Jimal,primary,without,False,True,False,full,not recorded,UNKNOWN,UNKNOWN,UNKNOWN,UNKNOWN,UNKNOWN,UNKNOWN,UNKNOWN
S3600,Kh. Umm el-Jimal,C1_0.5km,with,False,True,False,full,not recorded,UNKNOWN,UNKNOWN,UNKNOWN,UNKNOWN,UNKNOWN,UNKNOWN,UNKNOWN
S3600,Kh. Umm el-Jimal,C1_0.5km,without,False,True,False,full,not recorded,UNKNOWN,UNKNOWN,UNKNOWN,UNKNOWN,UNKNOWN,UNKNOWN,UNKNOWN
S3600,Kh. Umm el-Jimal,C1_2km,with,False,True,False,full,not recorded,UNKNOWN,UNKNOWN,UNKNOWN,UNKNOWN,UNKNOWN,UNKNOWN,UNKNOWN
S3600,Kh. Umm el-Jimal,C1_2km,without,False,True,False,full,not recorded,UNKNOWN,UNKNOWN,UNKNOWN,UNKNOWN,UNKNOWN,UNKNOWN,UNKNOWN
S3600,Kh. Umm el-Jimal,C2_tomb_shafts,with,False,True,False,full,not recorded,UNKNOWN,UNKNOWN,UNKNOWN,UNKNOWN,UNKNOWN,UNKNOWN,UNKNOWN
S3600,Kh. Umm el-Jimal,C2_tomb_shafts,without,False,True,False,full,not recorded,UNKNOWN,UNKNOWN,UNKNOWN,UNKNOWN,UNKNOWN,UNKNOWN,UNKNOWN
S3600,Kh. Umm el-Jimal,dated_only,with,False,True,False,full,not recorded,UNKNOWN,UNKNOWN,UNKNOWN,UNKNOWN,UNKNOWN,UNKNOWN,UNKNOWN
S3600,Kh. Umm el-Jimal,dated_only,without,False,True,False,full,not recorded,UNKNOWN,UNKNOWN,UNKNOWN,UNKNOWN,UNKNOWN,UNKNOWN,UNKNOWN
S3612,Wadi Abu Hindi,primary,with,False,True,False,partial,to Stage 2,UNKNOWN,UNKNOWN,UNKNOWN,UNKNOWN,UNKNOWN,UNKNOWN,UNKNOWN
S3612,Wadi Abu Hindi,primary,without,False,True,False,partial,to Stage 2,UNKNOWN,UNKNOWN,UNKNOWN,UNKNOWN,UNKNOWN,UNKNOWN,UNKNOWN
S3612,Wadi Abu Hindi,C1_0.5km,with,False,True,False,partial,to Stage 2,UNKNOWN,UNKNOWN,UNKNOWN,UNKNOWN,UNKNOWN,UNKNOWN,UNKNOWN
S3612,Wadi Abu Hindi,C1_0.5km,without,False,True,False,partial,to Stage 2,UNKNOWN,UNKNOWN,UNKNOWN,UNKNOWN,UNKNOWN,UNKNOWN,UNKNOWN
S3612,Wadi Abu Hindi,C1_2km,with,False,True,False,partial,to Stage 2,UNKNOWN,UNKNOWN,UNKNOWN,UNKNOWN,UNKNOWN,UNKNOWN,UNKNOWN
S3612,Wadi Abu Hindi,C1_2km,without,False,True,False,partial,to Stage 2,UNKNOWN,UNKNOWN,UNKNOWN,UNKNOWN,UNKNOWN,UNKNOWN,UNKNOWN
S3612,Wadi Abu Hindi,C2_tomb_shafts,with,False,True,False,partial,to Stage 2,UNKNOWN,UNKNOWN,UNKNOWN,UNKNOWN,UNKNOWN,UNKNOWN,UNKNOWN
S3612,Wadi Abu Hindi,C2_tomb_shafts,without,False,True,False,partial,to Stage 2,UNKNOWN,UNKNOWN,UNKNOWN,UNKNOWN,UNKNOWN,UNKNOWN,UNKNOWN
S3612,Wadi Abu Hindi,dated_only,with,False,True,False,partial,to Stage 2,UNKNOWN,UNKNOWN,UNKNOWN,UNKNOWN,UNKNOWN,UNKNOWN,UNKNOWN
S3612,Wadi Abu Hindi,dated_only,without,False,True,False,partial,to Stage 2,UNKNOWN,UNKNOWN,UNKNOWN,UNKNOWN,UNKNOWN,UNKNOWN,UNKNOWN
S3769,Wadi Abu Hindi,primary,with,False,True,False,partial,to Stage 2,UNKNOWN,MATCH,UNKNOWN,UNKNOWN,UNKNOWN,UNKNOWN,UNKNOWN
S3769,Wadi Abu Hindi,primary,without,False,True,False,partial,to Stage 2,UNKNOWN,MATCH,UNKNOWN,UNKNOWN,UNKNOWN,UNKNOWN,UNKNOWN
S3769,Wadi Abu Hindi,C1_0.5km,with,False,True,False,partial,to Stage 2,UNKNOWN,MATCH,UNKNOWN,UNKNOWN,UNKNOWN,UNKNOWN,UNKNOWN
S3769,Wadi Abu Hindi,C1_0.5km,without,False,True,False,partial,to Stage 2,UNKNOWN,MATCH,UNKNOWN,UNKNOWN,UNKNOWN,UNKNOWN,UNKNOWN
S3769,Wadi Abu Hindi,C1_2km,with,False,True,False,partial,to Stage 2,UNKNOWN,MATCH,UNKNOWN,UNKNOWN,UNKNOWN,UNKNOWN,UNKNOWN
S3769,Wadi Abu Hindi,C1_2km,without,False,True,False,partial,to Stage 2,UNKNOWN,MATCH,UNKNOWN,UNKNOWN,UNKNOWN,UNKNOWN,UNKNOWN
S3769,Wadi Abu Hindi,C2_tomb_shafts,with,False,True,False,partial,to Stage 2,UNKNOWN,MATCH,UNKNOWN,UNKNOWN,UNKNOWN,UNKNOWN,UNKNOWN
S3769,Wadi Abu Hindi,C2_tomb_shafts,without,False,True,False,partial,to Stage 2,UNKNOWN,MATCH,UNKNOWN,UNKNOWN,UNKNOWN,UNKNOWN,UNKNOWN
S3769,Wadi Abu Hindi,dated_only,with,False,True,False,partial,to Stage 2,UNKNOWN,UNKNOWN,UNKNOWN,UNKNOWN,UNKNOWN,UNKNOWN,UNKNOWN
S3769,Wadi Abu Hindi,dated_only,without,False,True,False,partial,to Stage 2,UNKNOWN,UNKNOWN,UNKNOWN,UNKNOWN,UNKNOWN,UNKNOWN,UNKNOWN
S3781,Fort,primary,with,False,True,False,partial,not recorded,UNKNOWN,UNKNOWN,UNKNOWN,UNKNOWN,UNKNOWN,UNKNOWN,UNKNOWN
S3781,Fort,primary,without,False,True,False,partial,not recorded,UNKNOWN,UNKNOWN,UNKNOWN,UNKNOWN,UNKNOWN,UNKNOWN,UNKNOWN
S3781,Fort,C1_0.5km,with,False,True,False,partial,not recorded,UNKNOWN,UNKNOWN,UNKNOWN,UNKNOWN,UNKNOWN,UNKNOWN,UNKNOWN
S3781,Fort,C1_0.5km,without,False,True,False,partial,not recorded,UNKNOWN,UNKNOWN,UNKNOWN,UNKNOWN,UNKNOWN,UNKNOWN,UNKNOWN
S3781,Fort,C1_2km,with,False,True,False,partial,not recorded,UNKNOWN,UNKNOWN,UNKNOWN,UNKNOWN,UNKNOWN,UNKNOWN,UNKNOWN
S3781,Fort,C1_2km,without,False,True,False,partial,not recorded,UNKNOWN,UNKNOWN,UNKNOWN,UNKNOWN,UNKNOWN,UNKNOWN,UNKNOWN
S3781,Fort,C2_tomb_shafts,with,False,True,False,partial,not recorded,UNKNOWN,UNKNOWN,UNKNOWN,UNKNOWN,UNKNOWN,UNKNOWN,UNKNOWN
S3781,Fort,C2_tomb_shafts,without,False,True,False,partial,not recorded,UNKNOWN,UNKNOWN,UNKNOWN,UNKNOWN,UNKNOWN,UNKNOWN,UNKNOWN
S3781,Fort,dated_only,with,False,True,False,partial,not recorded,UNKNOWN,UNKNOWN,UNKNOWN,UNKNOWN,UNKNOWN,UNKNOWN,UNKNOWN
S3781,Fort,dated_only,without,False,True,False,partial,not recorded,UNKNOWN,UNKNOWN,UNKNOWN,UNKNOWN,UNKNOWN,UNKNOWN,UNKNOWN
S3883,Kh. Karm Abu Ṭabaq,primary,with,False,True,False,partial,to Stage 2,UNKNOWN,UNKNOWN,UNKNOWN,UNKNOWN,UNKNOWN,UNKNOWN,UNKNOWN
S3883,Kh. Karm Abu Ṭabaq,primary,without,False,True,False,partial,to Stage 2,UNKNOWN,UNKNOWN,UNKNOWN,UNKNOWN,UNKNOWN,UNKNOWN,UNKNOWN
S3883,Kh. Karm Abu Ṭabaq,C1_0.5km,with,False,True,False,partial,to Stage 2,UNKNOWN,UNKNOWN,UNKNOWN,UNKNOWN,UNKNOWN,UNKNOWN,UNKNOWN
S3883,Kh. Karm Abu Ṭabaq,C1_0.5km,without,False,True,False,partial,to Stage 2,UNKNOWN,UNKNOWN,UNKNOWN,UNKNOWN,UNKNOWN,UNKNOWN,UNKNOWN
S3883,Kh. Karm Abu Ṭabaq,C1_2km,with,False,True,False,partial,to Stage 2,UNKNOWN,UNKNOWN,UNKNOWN,UNKNOWN,UNKNOWN,UNKNOWN,UNKNOWN
S3883,Kh. Karm Abu Ṭabaq,C1_2km,without,False,True,False,partial,to Stage 2,UNKNOWN,UNKNOWN,UNKNOWN,UNKNOWN,UNKNOWN,UNKNOWN,UNKNOWN
S3883,Kh. Karm Abu Ṭabaq,C2_tomb_shafts,with,False,True,False,partial,to Stage 2,UNKNOWN,UNKNOWN,UNKNOWN,UNKNOWN,UNKNOWN,UNKNOWN,UNKNOWN
S3883,Kh. Karm Abu Ṭabaq,C2_tomb_shafts,without,False,True,False,partial,to Stage 2,UNKNOWN,UNKNOWN,UNKNOWN,UNKNOWN,UNKNOWN,UNKNOWN,UNKNOWN
S3883,Kh. Karm Abu Ṭabaq,dated_only,with,False,True,False,partial,to Stage 2,UNKNOWN,UNKNOWN,UNKNOWN,UNKNOWN,UNKNOWN,UNKNOWN,UNKNOWN
S3883,Kh. Karm Abu Ṭabaq,dated_only,without,False,True,False,partial,to Stage 2,UNKNOWN,UNKNOWN,UNKNOWN,UNKNOWN,UNKNOWN,UNKNOWN,UNKNOWN
S4436,Trig. Point 451-N,primary,with,False,True,False,partial,to Stage 2,UNKNOWN,UNKNOWN,UNKNOWN,UNKNOWN,UNKNOWN,UNKNOWN,UNKNOWN
S4436,Trig. Point 451-N,primary,without,False,True,False,partial,to Stage 2,UNKNOWN,UNKNOWN,UNKNOWN,UNKNOWN,UNKNOWN,UNKNOWN,UNKNOWN
S4436,Trig. Point 451-N,C1_0.5km,with,False,True,False,partial,to Stage 2,UNKNOWN,UNKNOWN,UNKNOWN,UNKNOWN,UNKNOWN,UNKNOWN,UNKNOWN
S4436,Trig. Point 451-N,C1_0.5km,without,False,True,False,partial,to Stage 2,UNKNOWN,UNKNOWN,UNKNOWN,UNKNOWN,UNKNOWN,UNKNOWN,UNKNOWN
S4436,Trig. Point 451-N,C1_2km,with,False,True,False,partial,to Stage 2,UNKNOWN,UNKNOWN,UNKNOWN,UNKNOWN,UNKNOWN,UNKNOWN,UNKNOWN
S4436,Trig. Point 451-N,C1_2km,without,False,True,False,partial,to Stage 2,UNKNOWN,UNKNOWN,UNKNOWN,UNKNOWN,UNKNOWN,UNKNOWN,UNKNOWN
S4436,Trig. Point 451-N,C2_tomb_shafts,with,False,True,False,partial,to Stage 2,UNKNOWN,UNKNOWN,UNKNOWN,UNKNOWN,UNKNOWN,UNKNOWN,UNKNOWN
S4436,Trig. Point 451-N,C2_tomb_shafts,without,False,True,False,partial,to Stage 2,UNKNOWN,UNKNOWN,UNKNOWN,UNKNOWN,UNKNOWN,UNKNOWN,UNKNOWN
S4436,Trig. Point 451-N,dated_only,with,False,True,False,partial,to Stage 2,UNKNOWN,UNKNOWN,UNKNOWN,UNKNOWN,UNKNOWN,UNKNOWN,UNKNOWN
S4436,Trig. Point 451-N,dated_only,without,False,True,False,partial,to Stage 2,UNKNOWN,UNKNOWN,UNKNOWN,UNKNOWN,UNKNOWN,UNKNOWN,UNKNOWN
