item_key,screen,series,item_no,volume_title,year,pages,pdf_url,toc_text,groups,matched_terms
esi_english_series_10#001,S1,esi_english_series,10,Excavations and Surveys in Israel 17,1998,7,https://publications.iaa.org.il/cgi/viewcontent.cgi?article=1009&context=esi_english_series,"Contents: Bet She’an , Antiquities Authority Expedition , G-30/92, G-5/93, G-12/94, Gaby Maor and Rachel Bar-Nathan",beth_shean,bet shean
esi_english_series_11#025,S1,esi_english_series,11,Excavations and Surveys in Israel 19,1999,41,https://publications.iaa.org.il/cgi/viewcontent.cgi?article=1010&context=esi_english_series,"Bet She’an , (A) , 2191-A, Dina Avshalom-Gorni",beth_shean,bet shean
esi_english_series_11#026,S1,esi_english_series,11,Excavations and Surveys in Israel 19,1999,42,https://publications.iaa.org.il/cgi/viewcontent.cgi?article=1010&context=esi_english_series,"Bet She’an , (B) , 2368-A, Dina Avshalom-Gorni",beth_shean,bet shean
esi_english_series_11#027,S1,esi_english_series,11,Excavations and Surveys in Israel 19,1999,43,https://publications.iaa.org.il/cgi/viewcontent.cgi?article=1010&context=esi_english_series,"Bet She’an , (C) , 2092-A *, Dror Barshad",beth_shean,bet shean
esi_english_series_11#029,S1,esi_english_series,11,Excavations and Surveys in Israel 19,1999,46,https://publications.iaa.org.il/cgi/viewcontent.cgi?article=1010&context=esi_english_series,"Sha‘ar Efrayim , (Center and South) , 25/95-G-26/95 ,G-63/96 ,G, Ronit Oren, Na‘ama Scheftelowitz and Ran Barkai",JERICHO_ALL,naama
esi_english_series_11#037,S1,esi_english_series,11,Excavations and Surveys in Israel 19,1999,62,https://publications.iaa.org.il/cgi/viewcontent.cgi?article=1010&context=esi_english_series,"Khirbet el-Bira , 116/95-G, Na‘ama Scheftelowitz and Ronit Oren",JERICHO_ALL,naama
esi_english_series_11#050,S1,esi_english_series,11,Excavations and Surveys in Israel 19,1999,81,https://publications.iaa.org.il/cgi/viewcontent.cgi?article=1010&context=esi_english_series,"Jerusalem , Har Hozevim , 2096-A, Nataly May",JER_ALL,jerusalem
esi_english_series_11#052,S1,esi_english_series,11,Excavations and Surveys in Israel 19,1999,85,https://publications.iaa.org.il/cgi/viewcontent.cgi?article=1010&context=esi_english_series,"Jerusalem , the Ophel Road , 2377-A, Ronny Reich and Eli Shukron",JER_ALL,jerusalem;ophel
esi_english_series_11#053,S1,esi_english_series,11,Excavations and Surveys in Israel 19,1999,86,https://publications.iaa.org.il/cgi/viewcontent.cgi?article=1010&context=esi_english_series,"Jerusalem , the Gihon Spring , 2599-A, Ronny Reich and Eli Shukron",JER_ALL,gihon;jerusalem
esi_english_series_11#054,S1,esi_english_series,11,Excavations and Surveys in Israel 19,1999,87,https://publications.iaa.org.il/cgi/viewcontent.cgi?article=1010&context=esi_english_series,"Jerusalem , Abu Tor , 2515-A *, Boaz Zissu and Amir Ganor",JER_ALL,abu tor;jerusalem
esi_english_series_11#055,S1,esi_english_series,11,Excavations and Surveys in Israel 19,1999,88,https://publications.iaa.org.il/cgi/viewcontent.cgi?article=1010&context=esi_english_series,"Jerusalem , Church of St. Peterin Gallicantu - 1995 , 105/95-G, Florentino Díez",JER_ALL,jerusalem
esi_english_series_11#056,S1,esi_english_series,11,Excavations and Surveys in Israel 19,1999,89,https://publications.iaa.org.il/cgi/viewcontent.cgi?article=1010&context=esi_english_series,"Jerusalem , Mamilla Street , 2286-A, Efrat Assaf and Ya‘akov Billig",JER_ALL,jerusalem;mamilla
esi_english_series_11#057,S1,esi_english_series,11,Excavations and Surveys in Israel 19,1999,91,https://publications.iaa.org.il/cgi/viewcontent.cgi?article=1010&context=esi_english_series,"Jerusalem , Nevé Sha’anan , 2479-A *, Jon Seligman and Amit Re’em",JER_ALL,jerusalem
esi_english_series_11#058,S1,esi_english_series,11,Excavations and Surveys in Israel 19,1999,92,https://publications.iaa.org.il/cgi/viewcontent.cgi?article=1010&context=esi_english_series,"Jerusalem , ‘En Kerem , 2424-A *, Jon Seligman and Amit Re’em",JER_ALL,jerusalem
esi_english_series_11#059,S1,esi_english_series,11,Excavations and Surveys in Israel 19,1999,93,https://publications.iaa.org.il/cgi/viewcontent.cgi?article=1010&context=esi_english_series,"Jerusalem , Giv‘at Homa , 2319-A, Natalie May",JER_ALL,jerusalem
esi_english_series_11#060,S1,esi_english_series,11,Excavations and Surveys in Israel 19,1999,94,https://publications.iaa.org.il/cgi/viewcontent.cgi?article=1010&context=esi_english_series,"Jerusalem , ‘En Ya‘al (A) , 2143-A, Rafa Abu Raya and Miguel Weissman",JER_ALL,jerusalem
esi_english_series_11#061,S1,esi_english_series,11,Excavations and Surveys in Israel 19,1999,95,https://publications.iaa.org.il/cgi/viewcontent.cgi?article=1010&context=esi_english_series,"Jerusalem , ‘En Ya‘al (B) , 77/91-G *, Harley Stark",JER_ALL,jerusalem
esi_english_series_11#097,S1,esi_english_series,11,Excavations and Surveys in Israel 19,1999,148,https://publications.iaa.org.il/cgi/viewcontent.cgi?article=1010&context=esi_english_series,"Nahal Te’enim , 11/95-G, Ronit Oren and Naama Sheftelovitz",JERICHO_ALL,naama
esi_english_series_11#111,S1,esi_english_series,11,Excavations and Surveys in Israel 19,1999,152,https://publications.iaa.org.il/cgi/viewcontent.cgi?article=1010&context=esi_english_series,"Conservation of the Dead Sea Scrolls , Pnina Shor",R_JD_CLIFFS,dead sea
esi_english_series_14#010,S1,esi_english_series,14,Excavations and Surveys in Israel 1,1984,17,https://publications.iaa.org.il/cgi/viewcontent.cgi?article=1013&context=esi_english_series,"Haifa , Underwater Discovery",carmel_siah,haifa
esi_english_series_14#041,S1,esi_english_series,14,Excavations and Surveys in Israel 1,1984,61,https://publications.iaa.org.il/cgi/viewcontent.cgi?article=1013&context=esi_english_series,"Jerusalem , Jewish Quarter of Old City",JER_ALL,jerusalem
esi_english_series_14#042,S1,esi_english_series,14,Excavations and Surveys in Israel 1,1984,62,https://publications.iaa.org.il/cgi/viewcontent.cgi?article=1013&context=esi_english_series,"Jerusalem , City of David –1981",JER_ALL,city of david;jerusalem
esi_english_series_14#043,S1,esi_english_series,14,Excavations and Surveys in Israel 1,1984,65,https://publications.iaa.org.il/cgi/viewcontent.cgi?article=1013&context=esi_english_series,"Jerusalem , Surveys, Northeast Jerusalem",JER_ALL,jerusalem
esi_english_series_14#044,S1,esi_english_series,14,Excavations and Surveys in Israel 1,1984,66,https://publications.iaa.org.il/cgi/viewcontent.cgi?article=1013&context=esi_english_series,"Jerusalem , Surveys, Ramot",JER_ALL,jerusalem
esi_english_series_14#045,S1,esi_english_series,14,Excavations and Surveys in Israel 1,1984,68,https://publications.iaa.org.il/cgi/viewcontent.cgi?article=1013&context=esi_english_series,"Jerusalem , ‘Ein et-Tut, Khirbet",JER_ALL,jerusalem
esi_english_series_14#046,S1,esi_english_series,14,Excavations and Surveys in Israel 1,1984,68,https://publications.iaa.org.il/cgi/viewcontent.cgi?article=1013&context=esi_english_series,"Jerusalem , Ramot",JER_ALL,jerusalem
esi_english_series_14#047,S1,esi_english_series,14,Excavations and Surveys in Israel 1,1984,69,https://publications.iaa.org.il/cgi/viewcontent.cgi?article=1013&context=esi_english_series,"Jerusalem , Neve Ya‘aqov",JER_ALL,jerusalem
esi_english_series_14#048,S1,esi_english_series,14,Excavations and Surveys in Israel 1,1984,69,https://publications.iaa.org.il/cgi/viewcontent.cgi?article=1013&context=esi_english_series,"Jerusalem , Giloh",JER_ALL,jerusalem
esi_english_series_14#049,S1,esi_english_series,14,Excavations and Surveys in Israel 1,1984,70,https://publications.iaa.org.il/cgi/viewcontent.cgi?article=1013&context=esi_english_series,"Jerusalem , Mt. Scopus",JER_ALL,jerusalem
esi_english_series_14#050,S1,esi_english_series,14,Excavations and Surveys in Israel 1,1984,71,https://publications.iaa.org.il/cgi/viewcontent.cgi?article=1013&context=esi_english_series,"Jerusalem , Russian Compound",JER_ALL,jerusalem
esi_english_series_14#051,S1,esi_english_series,14,Excavations and Surveys in Israel 1,1984,71,https://publications.iaa.org.il/cgi/viewcontent.cgi?article=1013&context=esi_english_series,"Jerusalem , Sderot Ben-Zvi",JER_ALL,jerusalem
esi_english_series_14#058,S1,esi_english_series,14,Excavations and Surveys in Israel 1,1984,79,https://publications.iaa.org.il/cgi/viewcontent.cgi?article=1013&context=esi_english_series,"Herodion , 1980",tekoa_herodium,herodion
esi_english_series_15#011,S1,esi_english_series,15,Excavations and Surveys in Israel 2,1984,14,https://publications.iaa.org.il/cgi/viewcontent.cgi?article=1014&context=esi_english_series,Bet Shean,beth_shean,bet shean
esi_english_series_15#031,S1,esi_english_series,15,Excavations and Surveys in Israel 2,1984,43,https://publications.iaa.org.il/cgi/viewcontent.cgi?article=1014&context=esi_english_series,Vered Yeriḥo,JERICHO_ALL,vered yeriho;yeriho
esi_english_series_15#032,S1,esi_english_series,15,Excavations and Surveys in Israel 2,1984,45,https://publications.iaa.org.il/cgi/viewcontent.cgi?article=1014&context=esi_english_series,"Jerusalem , Mt. Scopus",JER_ALL,jerusalem
esi_english_series_15#033,S1,esi_english_series,15,Excavations and Surveys in Israel 2,1984,45,https://publications.iaa.org.il/cgi/viewcontent.cgi?article=1014&context=esi_english_series,"Jerusalem , Mt. Zion",JER_ALL,jerusalem
esi_english_series_15#034,S1,esi_english_series,15,Excavations and Surveys in Israel 2,1984,46,https://publications.iaa.org.il/cgi/viewcontent.cgi?article=1014&context=esi_english_series,"Jerusalem , City of David – 1982/1983",JER_ALL,city of david;jerusalem
esi_english_series_15#035,S1,esi_english_series,15,Excavations and Surveys in Israel 2,1984,49,https://publications.iaa.org.il/cgi/viewcontent.cgi?article=1014&context=esi_english_series,"Jerusalem , Citadel",JER_ALL,jerusalem
esi_english_series_15#036,S1,esi_english_series,15,Excavations and Surveys in Israel 2,1984,52,https://publications.iaa.org.il/cgi/viewcontent.cgi?article=1014&context=esi_english_series,Mar Saba Map,mar_saba,mar saba
esi_english_series_15#039,S1,esi_english_series,15,Excavations and Surveys in Israel 2,1984,56,https://publications.iaa.org.il/cgi/viewcontent.cgi?article=1014&context=esi_english_series,"Judean Desert, Survey (Map 106)",R_JD_CLIFFS,judean desert
esi_english_series_16#021,S1,esi_english_series,16,Excavations and Surveys in Israel 3,1985,27,https://publications.iaa.org.il/cgi/viewcontent.cgi?article=1015&context=esi_english_series,"Judean Desert, Survey (Map 106) , Israel Roll and Eitan Ayalon",R_JD_CLIFFS,judean desert
esi_english_series_16#029,S1,esi_english_series,16,Excavations and Surveys in Israel 3,1985,40,https://publications.iaa.org.il/cgi/viewcontent.cgi?article=1015&context=esi_english_series,"Judean Desert , Secret Passages and Caves , Yosef Patrich",R_JD_CLIFFS,judean desert
esi_english_series_16#031,S1,esi_english_series,16,Excavations and Surveys in Israel 3,1985,44,https://publications.iaa.org.il/cgi/viewcontent.cgi?article=1015&context=esi_english_series,"Jerusalem , Ramot, Survey , Gabi Mazor",JER_ALL,jerusalem
esi_english_series_16#032,S1,esi_english_series,16,Excavations and Surveys in Israel 3,1985,45,https://publications.iaa.org.il/cgi/viewcontent.cgi?article=1015&context=esi_english_series,"Jerusalem , Reḥov Hagay , Amos Kloner",JER_ALL,jerusalem
esi_english_series_16#033,S1,esi_english_series,16,Excavations and Surveys in Israel 3,1985,47,https://publications.iaa.org.il/cgi/viewcontent.cgi?article=1015&context=esi_english_series,"Jerusalem , Ramot, Burial Cave , Harley Stark",JER_ALL,jerusalem
esi_english_series_16#034,S1,esi_english_series,16,Excavations and Surveys in Israel 3,1985,48,https://publications.iaa.org.il/cgi/viewcontent.cgi?article=1015&context=esi_english_series,"Jerusalem , City of David – 1984 , Giora Soller and Rene Sivan",JER_ALL,city of david;jerusalem
esi_english_series_16#035,S1,esi_english_series,16,Excavations and Surveys in Israel 3,1985,49,https://publications.iaa.org.il/cgi/viewcontent.cgi?article=1015&context=esi_english_series,"Jerusalem , Ma‘ale Adummim Road , Gabi Mazor",JER_ALL,jerusalem
esi_english_series_16#036,S1,esi_english_series,16,Excavations and Surveys in Israel 3,1985,50,https://publications.iaa.org.il/cgi/viewcontent.cgi?article=1015&context=esi_english_series,"Jerusalem , Citadel Moat , Yizhar Hirshfeld",JER_ALL,jerusalem
esi_english_series_17#031,S1,esi_english_series,17,Excavations and Surveys in Israel 4,1986,23,https://publications.iaa.org.il/cgi/viewcontent.cgi?article=1016&context=esi_english_series,"Jerusalem , Abu Tor",JER_ALL,abu tor;jerusalem
esi_english_series_17#032,S1,esi_english_series,17,Excavations and Surveys in Israel 4,1986,22,https://publications.iaa.org.il/cgi/viewcontent.cgi?article=1016&context=esi_english_series,"Jerusalem , Dung Gate",JER_ALL,jerusalem
esi_english_series_17#034,S1,esi_english_series,17,Excavations and Surveys in Israel 4,1986,23,https://publications.iaa.org.il/cgi/viewcontent.cgi?article=1016&context=esi_english_series,Deir Mukallik,JERICHO_ALL,mukallik
esi_english_series_18#017,S1,esi_english_series,18,Excavations and Surveys in Israel 5,1987,17,https://publications.iaa.org.il/cgi/viewcontent.cgi?article=1017&context=esi_english_series,Jericho,JERICHO_ALL,jericho
esi_english_series_18#023,S1,esi_english_series,18,Excavations and Surveys in Israel 5,1987,24,https://publications.iaa.org.il/cgi/viewcontent.cgi?article=1017&context=esi_english_series,"Herodion , 1984/1985",tekoa_herodium,herodion
esi_english_series_19#017,S1,esi_english_series,19,Excavations and Surveys in Israel 18,1998,26,https://publications.iaa.org.il/cgi/viewcontent.cgi?article=1019&context=esi_english_series,"Haifa , ‘Qir Ha-‘Orvim’ , A-2008, Yeivin",carmel_siah,haifa
esi_english_series_19#037,S1,esi_english_series,19,Excavations and Surveys in Israel 18,1998,65,https://publications.iaa.org.il/cgi/viewcontent.cgi?article=1019&context=esi_english_series,"Tel Bet She’an , 1994-1996 , Amihai Mazar",beth_shean,bet shean
esi_english_series_19#066,S1,esi_english_series,19,Excavations and Surveys in Israel 18,1998,117,https://publications.iaa.org.il/cgi/viewcontent.cgi?article=1019&context=esi_english_series,"Yavné Yam , Underwater Survey , G-26/92, G-30/93, G-21/94, G-53/95, Ehud Galili, Ya‘aqov Sharvit and Na‘ama Bahat-Silb",JERICHO_ALL,naama
esi_english_series_19#070,S1,esi_english_series,19,Excavations and Surveys in Israel 18,1998,129,https://publications.iaa.org.il/cgi/viewcontent.cgi?article=1019&context=esi_english_series,"Horbat Qumran , 837-L, Yosef Porath",QUMRAN_ALL,qumran
esi_english_series_19#071,S1,esi_english_series,19,Excavations and Surveys in Israel 18,1998,130,https://publications.iaa.org.il/cgi/viewcontent.cgi?article=1019&context=esi_english_series,"Jerusalem , The Third Wall , A-2133, *G-28/91, Rafa‘ Abu Raya",JER_ALL,jerusalem
esi_english_series_19#072,S1,esi_english_series,19,Excavations and Surveys in Israel 18,1998,134,https://publications.iaa.org.il/cgi/viewcontent.cgi?article=1019&context=esi_english_series,"Jerusalem , the Golden Gate , A-2381, Ronny Reich and Eli Shukron",JER_ALL,jerusalem
esi_english_series_19#073,S1,esi_english_series,19,Excavations and Surveys in Israel 18,1998,134,https://publications.iaa.org.il/cgi/viewcontent.cgi?article=1019&context=esi_english_series,"Jerusalem , Robinson’s Arch , 2205-A, Ronny Reich and Ya‘qov Billig",JER_ALL,jerusalem
esi_english_series_19#074,S1,esi_english_series,19,Excavations and Surveys in Israel 18,1998,137,https://publications.iaa.org.il/cgi/viewcontent.cgi?article=1019&context=esi_english_series,"Jerusalem , Akeldama , Boaz Zissu",JER_ALL,jerusalem
esi_english_series_19#075,S1,esi_english_series,19,Excavations and Surveys in Israel 18,1998,139,https://publications.iaa.org.il/cgi/viewcontent.cgi?article=1019&context=esi_english_series,"Jerusalem , City of David , A-2236, Ronny Reich and Eli Shukron",JER_ALL,city of david;jerusalem
esi_english_series_19#076,S1,esi_english_series,19,Excavations and Surveys in Israel 18,1998,140,https://publications.iaa.org.il/cgi/viewcontent.cgi?article=1019&context=esi_english_series,"Jerusalem , Church of St. Peter in Gallicantu , G-78/94, Florentíno Díez",JER_ALL,jerusalem
esi_english_series_19#077,S1,esi_english_series,19,Excavations and Surveys in Israel 18,1998,141,https://publications.iaa.org.il/cgi/viewcontent.cgi?article=1019&context=esi_english_series,"Jerusalem , Holyland Hotel , A-2292, Sara Ben Arieh",JER_ALL,jerusalem
esi_english_series_19#078,S1,esi_english_series,19,Excavations and Surveys in Israel 18,1998,142,https://publications.iaa.org.il/cgi/viewcontent.cgi?article=1019&context=esi_english_series,"Jerusalem , Beit Safafa (West) , A-2429, Boaz Zissu and Hayim Moyal",JER_ALL,jerusalem
esi_english_series_19#102,S1,esi_english_series,19,Excavations and Surveys in Israel 18,1998,171,https://publications.iaa.org.il/cgi/viewcontent.cgi?article=1019&context=esi_english_series,"Horbat Tittora (South) , *A-2337 , Yossi Elisha",JERICHO_ALL,elisha
esi_english_series_19#103,S1,esi_english_series,19,Excavations and Surveys in Israel 18,1998,171,https://publications.iaa.org.il/cgi/viewcontent.cgi?article=1019&context=esi_english_series,"Jerusalem , Shemu’el Ha-Navi Street , Rafa‘ Abu Raya",JER_ALL,jerusalem
esi_english_series_19#104,S1,esi_english_series,19,Excavations and Surveys in Israel 18,1998,172,https://publications.iaa.org.il/cgi/viewcontent.cgi?article=1019&context=esi_english_series,"Jerusalem , Bet Ha-Kerem , *A-2301, Rafa‘ Abu Raya",JER_ALL,jerusalem
esi_english_series_19#113,S1,esi_english_series,19,Excavations and Surveys in Israel 18,1998,174,https://publications.iaa.org.il/cgi/viewcontent.cgi?article=1019&context=esi_english_series,"Tul Karm , G-23/95, Ronit Oren and Na‘ama Scheftelowitz",JERICHO_ALL,naama
esi_english_series_19#114,S1,esi_english_series,19,Excavations and Surveys in Israel 18,1998,174,https://publications.iaa.org.il/cgi/viewcontent.cgi?article=1019&context=esi_english_series,"Sha‘ar Efrayim (East) , G-24/95, Ronit Oren and Na‘ama Scheftelowitz",JERICHO_ALL,naama
esi_english_series_19#115,S1,esi_english_series,19,Excavations and Surveys in Israel 18,1998,174,https://publications.iaa.org.il/cgi/viewcontent.cgi?article=1019&context=esi_english_series,"Tayiba, Nahal Alexander, Alexander bypass , G-102/95, G-104/95, G-103/95, Ronit Oren and Na‘ama Scheftelowitz",JERICHO_ALL,naama
esi_english_series_19#116,S1,esi_english_series,19,Excavations and Surveys in Israel 18,1998,174,https://publications.iaa.org.il/cgi/viewcontent.cgi?article=1019&context=esi_english_series,"Tel Aviv , el-Haddar , A-2394, Yossi Elisha",JERICHO_ALL,elisha
esi_english_series_19#120,S1,esi_english_series,19,Excavations and Surveys in Israel 18,1998,175,https://publications.iaa.org.il/cgi/viewcontent.cgi?article=1019&context=esi_english_series,"Jerusalem , East Talpiyot , A-1446, Orna Hess",JER_ALL,jerusalem
esi_english_series_2#021,S1,esi_english_series,2,Excavations and Surveys in Israel 6,1988,31–32,https://publications.iaa.org.il/cgi/viewcontent.cgi?article=1001&context=esi_english_series,Bet Shean Project,beth_shean,bet shean
esi_english_series_2#025,S1,esi_english_series,2,Excavations and Surveys in Israel 6,1988,36–37,https://publications.iaa.org.il/cgi/viewcontent.cgi?article=1001&context=esi_english_series,"Gilgal , 1986",JERICHO_ALL,gilgal
esi_english_series_2#030,S1,esi_english_series,2,Excavations and Surveys in Israel 6,1988,39–43,https://publications.iaa.org.il/cgi/viewcontent.cgi?article=1001&context=esi_english_series,"Judean Desert, Survey of Caves",R_JD_CLIFFS,judean desert
esi_english_series_2#031,S1,esi_english_series,2,Excavations and Surveys in Israel 6,1988,43–46,https://publications.iaa.org.il/cgi/viewcontent.cgi?article=1001&context=esi_english_series,"Jerusalem , Jerusalem Region, Survey of Map 102",JER_ALL,jerusalem
esi_english_series_2#032,S1,esi_english_series,2,Excavations and Surveys in Israel 6,1988,46–47,https://publications.iaa.org.il/cgi/viewcontent.cgi?article=1001&context=esi_english_series,"Jerusalem , Giv‘at Ram — Botanical Gardens",JER_ALL,jerusalem
esi_english_series_20#028,S1,esi_english_series,20,Excavations and Surveys in Israel 7–8,1990,35,https://publications.iaa.org.il/cgi/viewcontent.cgi?article=1018&context=esi_english_series,"Jerusalem , Mt. Scopus",JER_ALL,jerusalem
esi_english_series_20#029,S1,esi_english_series,20,Excavations and Surveys in Israel 7–8,1990,35,https://publications.iaa.org.il/cgi/viewcontent.cgi?article=1018&context=esi_english_series,"Jerusalem , Ramot",JER_ALL,jerusalem
esi_english_series_20#030,S1,esi_english_series,20,Excavations and Surveys in Israel 7–8,1990,37,https://publications.iaa.org.il/cgi/viewcontent.cgi?article=1018&context=esi_english_series,"Jerusalem , ‘En Ya‘el – 1987",JER_ALL,jerusalem
esi_english_series_20#031,S1,esi_english_series,20,Excavations and Surveys in Israel 7–8,1990,39,https://publications.iaa.org.il/cgi/viewcontent.cgi?article=1018&context=esi_english_series,"Jerusalem , Manaḥat – 1987/1988",JER_ALL,jerusalem
esi_english_series_21#025,S1,esi_english_series,21,Excavations and Surveys in Israel 14,1995,49,https://publications.iaa.org.il/cgi/viewcontent.cgi?article=1020&context=esi_english_series,"Tel Bet She’an – 1992/1993 , G-30/92, G-5/93, Amihai Mazar",beth_shean,bet shean
esi_english_series_21#040,S1,esi_english_series,21,Excavations and Surveys in Israel 14,1995,77,https://publications.iaa.org.il/cgi/viewcontent.cgi?article=1020&context=esi_english_series,"Jerusalem, Khirbet el-Burj , A-1882, Alexsander Onn and Yehuda Rapuano",JER_ALL,jerusalem
esi_english_series_21#041,S1,esi_english_series,21,Excavations and Surveys in Israel 14,1995,78,https://publications.iaa.org.il/cgi/viewcontent.cgi?article=1020&context=esi_english_series,"Jerusalem, Giv‘at Shapira (‘French Hill’) , A-1938, Lilly Gershuny and Boaz Zissu",JER_ALL,french hill;jerusalem
esi_english_series_21#042,S1,esi_english_series,21,Excavations and Surveys in Israel 14,1995,79,https://publications.iaa.org.il/cgi/viewcontent.cgi?article=1020&context=esi_english_series,"Jerusalem, eṭ-Ṭur , A-1857*, Rafa‘ Abu Raya",JER_ALL,et tur;jerusalem
esi_english_series_21#043,S1,esi_english_series,21,Excavations and Surveys in Israel 14,1995,80,https://publications.iaa.org.il/cgi/viewcontent.cgi?article=1020&context=esi_english_series,"Jerusalem, Mamilla , G-1/91, G-1/92 ,G-1/93, Ronny Reich, Eli Shukrun",JER_ALL,jerusalem;mamilla
esi_english_series_21#044,S1,esi_english_series,21,Excavations and Surveys in Israel 14,1995,83,https://publications.iaa.org.il/cgi/viewcontent.cgi?article=1020&context=esi_english_series,"Jerusalem, City of David , A-1886*, Ya‘aqov Billig",JER_ALL,city of david;jerusalem
esi_english_series_21#045,S1,esi_english_series,21,Excavations and Surveys in Israel 14,1995,84,https://publications.iaa.org.il/cgi/viewcontent.cgi?article=1020&context=esi_english_series,"Jerusalem, Arnona , A-1941*, Zvi Greenhut and Gideon Solimany",JER_ALL,arnona;jerusalem
esi_english_series_21#046,S1,esi_english_series,21,Excavations and Surveys in Israel 14,1995,86,https://publications.iaa.org.il/cgi/viewcontent.cgi?article=1020&context=esi_english_series,"Jerusalem, Beit Ṣafafa , A-1931, Nurit Fieg",JER_ALL,jerusalem
esi_english_series_21#047,S1,esi_english_series,21,Excavations and Surveys in Israel 14,1995,89,https://publications.iaa.org.il/cgi/viewcontent.cgi?article=1020&context=esi_english_series,"Jerusalem, Naḥal Refa’im , A-1934, Emanuel Eisenberg",JER_ALL,jerusalem
esi_english_series_21#070,S1,esi_english_series,21,Excavations and Surveys in Israel 14,1995,119,https://publications.iaa.org.il/cgi/viewcontent.cgi?article=1020&context=esi_english_series,"Haifa, Denya Quarter , A-1964*, Doron Lipkunsky",carmel_siah,haifa
esi_english_series_21#071,S1,esi_english_series,21,Excavations and Surveys in Israel 14,1995,119,https://publications.iaa.org.il/cgi/viewcontent.cgi?article=1020&context=esi_english_series,"Haifa, Karmeliya , A-1956, Flavia Sontag",carmel_siah,haifa
esi_english_series_21#087,S1,esi_english_series,21,Excavations and Surveys in Israel 14,1995,126,https://publications.iaa.org.il/cgi/viewcontent.cgi?article=1020&context=esi_english_series,"Jerusalem, Shemuel Hanavi Street , Boaz Zissu",JER_ALL,jerusalem
esi_english_series_21#088,S1,esi_english_series,21,Excavations and Surveys in Israel 14,1995,126,https://publications.iaa.org.il/cgi/viewcontent.cgi?article=1020&context=esi_english_series,"Jerusalem, Hebron Road , A-1767*, Zvi Greenhut and Boaz Zissu",JER_ALL,jerusalem
esi_english_series_3#029,S1,esi_english_series,3,Excavations and Surveys in Israel 9,1991,39–43,https://publications.iaa.org.il/cgi/viewcontent.cgi?article=1002&context=esi_english_series,"Judean Desert, Jericho Basin, Samaria: Survey of Monasteries , 1987 (Part II) , Yizhar Hirschfeld",JERICHO_ALL;R_JD_CLIFFS,jericho;judean desert
esi_english_series_3#033,S1,esi_english_series,3,Excavations and Surveys in Israel 9,1991,46,https://publications.iaa.org.il/cgi/viewcontent.cgi?article=1002&context=esi_english_series,"Jerusalem , Mt. Scopus , Varda Sussman",JER_ALL,jerusalem
esi_english_series_3#034,S1,esi_english_series,3,Excavations and Surveys in Israel 9,1991,47,https://publications.iaa.org.il/cgi/viewcontent.cgi?article=1002&context=esi_english_series,"Jerusalem , City Hall Square , Dan Bahat and Aren Maier",JER_ALL,jerusalem
esi_english_series_3#035,S1,esi_english_series,3,Excavations and Surveys in Israel 9,1991,48,https://publications.iaa.org.il/cgi/viewcontent.cgi?article=1002&context=esi_english_series,"Jerusalem , Supreme Court Hall , Harley Stark",JER_ALL,jerusalem
esi_english_series_3#054,S1,esi_english_series,3,Excavations and Surveys in Israel 9,1991,67,https://publications.iaa.org.il/cgi/viewcontent.cgi?article=1002&context=esi_english_series,"Milestones on the Bet Shean–Pella Road , Avshalom Ya‘aqobi [67, Tel Batash (Timna) , 1987/1988 , Amiḥai Mazar and George L. Klein",beth_shean,bet shean
esi_english_series_4#002,S1,esi_english_series,4,Excavations and Surveys in Israel 10,1992,2,https://publications.iaa.org.il/cgi/viewcontent.cgi?article=1003&context=esi_english_series,"Gesher Benot Ya‘acov , 1990 , Na‘ama Goren-Inbar",JERICHO_ALL,naama
esi_english_series_4#005,S1,esi_english_series,4,Excavations and Surveys in Israel 10,1992,4,https://publications.iaa.org.il/cgi/viewcontent.cgi?article=1003&context=esi_english_series,"Tel Bet She’an , 1989/1990 , Amiḥai Mazar",beth_shean,bet shean
esi_english_series_4#013,S1,esi_english_series,4,Excavations and Surveys in Israel 10,1992,20,https://publications.iaa.org.il/cgi/viewcontent.cgi?article=1003&context=esi_english_series,"Jerusalem, Mamilla Area , Ronny Reich, Eli Shukrun and Ya‘acov Bilig",JER_ALL,jerusalem;mamilla
esi_english_series_4#019,S1,esi_english_series,4,Excavations and Surveys in Israel 10,1992,30,https://publications.iaa.org.il/cgi/viewcontent.cgi?article=1003&context=esi_english_series,"The ‘Suspended’ Cave of Chariton , Yizhar Hirschfeld",natuf,chariton
esi_english_series_5#001,S1,esi_english_series,5,Excavations and Surveys in Israel 11,1993,1,https://publications.iaa.org.il/cgi/viewcontent.cgi?article=1004&context=esi_english_series,"Contents: The Bet She’an Excavation (1989–1991) , Preface , Amir Drori",beth_shean,bet shean
esi_english_series_5#002,S1,esi_english_series,5,Excavations and Surveys in Israel 11,1993,3,https://publications.iaa.org.il/cgi/viewcontent.cgi?article=1004&context=esi_english_series,"The Bet She’an Excavation (1989–1991) , City Center (North); Excavations of the Hebrew University Expedition , Gideon Foerster and Yoram Tsafrir",beth_shean,bet shean
esi_english_series_5#003,S1,esi_english_series,5,Excavations and Surveys in Israel 11,1993,30,https://publications.iaa.org.il/cgi/viewcontent.cgi?article=1004&context=esi_english_series,"The Bet She’an Excavation (1989–1991) , City Center (South) and Tel Iẓtabba Area; Excavations of the Antiquities Authority Expedition , Rachel Bar-Nathan and Gaby Mazor",beth_shean,bet shean;iztabba
esi_english_series_5#004,S1,esi_english_series,5,Excavations and Surveys in Israel 11,1993,46,https://publications.iaa.org.il/cgi/viewcontent.cgi?article=1004&context=esi_english_series,"The Bet She’an Excavation (1989–1991) , The Numismatic Material from the 1991 Season , Ariel Berman",beth_shean,bet shean
esi_english_series_5#005,S1,esi_english_series,5,Excavations and Surveys in Israel 11,1993,47,https://publications.iaa.org.il/cgi/viewcontent.cgi?article=1004&context=esi_english_series,"Tel Bet She’an , Amicḥai Mazar",beth_shean,bet shean
esi_english_series_5#006,S1,esi_english_series,5,Excavations and Surveys in Israel 11,1993,49,https://publications.iaa.org.il/cgi/viewcontent.cgi?article=1004&context=esi_english_series,"The Bet She’an Excavation (1989–1991) , The Fortress , Ruth Gertwagen",beth_shean,bet shean
esi_english_series_5#007,S1,esi_english_series,5,Excavations and Surveys in Israel 11,1993,52,https://publications.iaa.org.il/cgi/viewcontent.cgi?article=1004&context=esi_english_series,"The Bet She’an Excavation (1989–1991) , Serail Bypass Road , Ruth Gertwagen and Gerald Finkelstein",beth_shean,bet shean
esi_english_series_6#010,S1,esi_english_series,6,Excavations and Surveys in Israel 12,1994,14,https://publications.iaa.org.il/cgi/viewcontent.cgi?article=1005&context=esi_english_series,"Haifa el ‘Atiqa , Shalom Yankelevitch",carmel_siah,haifa
esi_english_series_6#033,S1,esi_english_series,6,Excavations and Surveys in Israel 12,1994,47,https://publications.iaa.org.il/cgi/viewcontent.cgi?article=1005&context=esi_english_series,"Jerusalem , Pisgat Ze’ev (East A) , Jon Seligman",JER_ALL,jerusalem;pisgat zeev
esi_english_series_6#034,S1,esi_english_series,6,Excavations and Surveys in Israel 12,1994,49,https://publications.iaa.org.il/cgi/viewcontent.cgi?article=1005&context=esi_english_series,"Jerusalem , Pisgat Ze’ev D (Ḥ. Zimri) , Yonatan Nadelman",JER_ALL,jerusalem;pisgat zeev
esi_english_series_6#035,S1,esi_english_series,6,Excavations and Surveys in Israel 12,1994,51,https://publications.iaa.org.il/cgi/viewcontent.cgi?article=1005&context=esi_english_series,"Jerusalem , Pisgat Ze’ev (Villa Quarter) , Eli Shukron and Alegre Savariego",JER_ALL,jerusalem;pisgat zeev
esi_english_series_6#036,S1,esi_english_series,6,Excavations and Surveys in Israel 12,1994,53,https://publications.iaa.org.il/cgi/viewcontent.cgi?article=1005&context=esi_english_series,"Jerusalem , Police Academy , Shlomo Gudovitch",JER_ALL,jerusalem
esi_english_series_6#037,S1,esi_english_series,6,Excavations and Surveys in Israel 12,1994,54,https://publications.iaa.org.il/cgi/viewcontent.cgi?article=1005&context=esi_english_series,"Jerusalem , Mamilla (1) , Ronny Reich, Eli Shukron and Ya‘akov Billig",JER_ALL,jerusalem;mamilla
esi_english_series_6#038,S1,esi_english_series,6,Excavations and Surveys in Israel 12,1994,55,https://publications.iaa.org.il/cgi/viewcontent.cgi?article=1005&context=esi_english_series,"Jerusalem , Mamilla (2) , Aren Maeir",JER_ALL,jerusalem;mamilla
esi_english_series_6#039,S1,esi_english_series,6,Excavations and Surveys in Israel 12,1994,57,https://publications.iaa.org.il/cgi/viewcontent.cgi?article=1005&context=esi_english_series,"Jerusalem , Naḥalat Aḥim , Alon Zehavi",JER_ALL,jerusalem
esi_english_series_6#040,S1,esi_english_series,6,Excavations and Surveys in Israel 12,1994,58,https://publications.iaa.org.il/cgi/viewcontent.cgi?article=1005&context=esi_english_series,"Jerusalem , Ben-Zvi Boulevard , Shlomo Gudovitch",JER_ALL,jerusalem
esi_english_series_6#041,S1,esi_english_series,6,Excavations and Surveys in Israel 12,1994,59,https://publications.iaa.org.il/cgi/viewcontent.cgi?article=1005&context=esi_english_series,"Jerusalem , Manaḥat , Alon Zehavi",JER_ALL,jerusalem
esi_english_series_6#042,S1,esi_english_series,6,Excavations and Surveys in Israel 12,1994,61,https://publications.iaa.org.il/cgi/viewcontent.cgi?article=1005&context=esi_english_series,"Jerusalem , Naḥal Refa’im – 1990 , Emanuel Eisenberg",JER_ALL,jerusalem
esi_english_series_6#043,S1,esi_english_series,6,Excavations and Surveys in Israel 12,1994,64,https://publications.iaa.org.il/cgi/viewcontent.cgi?article=1005&context=esi_english_series,"Jerusalem , Giv‘at Massu’a , Ruth Ovadiah",JER_ALL,jerusalem
esi_english_series_6#072,S1,esi_english_series,6,Excavations and Surveys in Israel 12,1994,101,https://publications.iaa.org.il/cgi/viewcontent.cgi?article=1005&context=esi_english_series,"Bet She’an Valley, Survey , Nephi Bushman",beth_shean,bet shean
esi_english_series_6#076,S1,esi_english_series,6,Excavations and Surveys in Israel 12,1994,102,https://publications.iaa.org.il/cgi/viewcontent.cgi?article=1005&context=esi_english_series,"Jerusalem , The Butchers’ Bazaar , Shlomo Margalit",JER_ALL,jerusalem
esi_english_series_6#083,S1,esi_english_series,6,Excavations and Surveys in Israel 12,1994,105,https://publications.iaa.org.il/cgi/viewcontent.cgi?article=1005&context=esi_english_series,"The Dead Sea Scrolls Publications Project , Emanuel Tov",R_JD_CLIFFS,dead sea
esi_english_series_7#014,S1,esi_english_series,7,Excavations and Surveys in Israel 13,1995,26,https://publications.iaa.org.il/cgi/viewcontent.cgi?article=1006&context=esi_english_series,"Haifa, the Bahai Gardens , A-1833, Iskander Jabur",carmel_siah,haifa
esi_english_series_7#037,S1,esi_english_series,7,Excavations and Surveys in Israel 13,1995,55,https://publications.iaa.org.il/cgi/viewcontent.cgi?article=1006&context=esi_english_series,"Qumran Caves , 443, 481, Joseph Patrich",QUMRAN_ALL,qumran
esi_english_series_7#040,S1,esi_english_series,7,Excavations and Surveys in Israel 13,1995,59,https://publications.iaa.org.il/cgi/viewcontent.cgi?article=1006&context=esi_english_series,"Jerusalem, Kh. Ka‘kul , G-34/91, Jon Seligman",JER_ALL,jerusalem
esi_english_series_7#041,S1,esi_english_series,7,Excavations and Surveys in Israel 13,1995,60,https://publications.iaa.org.il/cgi/viewcontent.cgi?article=1006&context=esi_english_series,"Jerusalem, Kh. er-Ras , A-1768, Alexsander Onn and Yehuda Rapuano",JER_ALL,jerusalem
esi_english_series_7#042,S1,esi_english_series,7,Excavations and Surveys in Israel 13,1995,61,https://publications.iaa.org.il/cgi/viewcontent.cgi?article=1006&context=esi_english_series,"Jerusalem, Mt. Scopus , A-1828, Shlomit Weksler-Bdolah",JER_ALL,jerusalem
esi_english_series_7#043,S1,esi_english_series,7,Excavations and Surveys in Israel 13,1995,63,https://publications.iaa.org.il/cgi/viewcontent.cgi?article=1006&context=esi_english_series,"Jerusalem, Binyane Ha’umma , Benny Arubas and Haim Goldfus",JER_ALL,jerusalem
esi_english_series_7#044,S1,esi_english_series,7,Excavations and Surveys in Israel 13,1995,67,https://publications.iaa.org.il/cgi/viewcontent.cgi?article=1006&context=esi_english_series,"Jerusalem, the Third Wall (Area C) , G-66/91, Eli Shukrun and Alegre Savariego",JER_ALL,jerusalem
esi_english_series_7#045,S1,esi_english_series,7,Excavations and Surveys in Israel 13,1995,68,https://publications.iaa.org.il/cgi/viewcontent.cgi?article=1006&context=esi_english_series,"Jerusalem, the Third Wall (Area D) , G-113/91, David Amit, Samuel Wolff and Amir Gorzalezany",JER_ALL,jerusalem
esi_english_series_7#046,S1,esi_english_series,7,Excavations and Surveys in Israel 13,1995,72,https://publications.iaa.org.il/cgi/viewcontent.cgi?article=1006&context=esi_english_series,"Jerusalem, East Talpiyot , A-1749, Ya‘aqov Billig",JER_ALL,jerusalem
esi_english_series_7#047,S1,esi_english_series,7,Excavations and Surveys in Israel 13,1995,73,https://publications.iaa.org.il/cgi/viewcontent.cgi?article=1006&context=esi_english_series,"Jerusalem, Giv‘ar Hamaṭos , G-112/91, Elena Kogan-Zehavi",JER_ALL,jerusalem
esi_english_series_7#048,S1,esi_english_series,7,Excavations and Surveys in Israel 13,1995,77,https://publications.iaa.org.il/cgi/viewcontent.cgi?article=1006&context=esi_english_series,"Jerusalem, Mar Elias , A-1895, Rina Avner",JER_ALL,jerusalem
esi_english_series_7#070,S1,esi_english_series,7,Excavations and Surveys in Israel 13,1995,106,https://publications.iaa.org.il/cgi/viewcontent.cgi?article=1006&context=esi_english_series,"Baqa el-Gharbiya , A-1816, Radwan Badihi and Yoram Lotan",JER_ALL,baqa
esi_english_series_7#075,S1,esi_english_series,7,Excavations and Surveys in Israel 13,1995,108,https://publications.iaa.org.il/cgi/viewcontent.cgi?article=1006&context=esi_english_series,"Jerusalem, Ma‘alot Daphna , A-1810, Gideon Solimany",JER_ALL,jerusalem
esi_english_series_7#076,S1,esi_english_series,7,Excavations and Surveys in Israel 13,1995,109,https://publications.iaa.org.il/cgi/viewcontent.cgi?article=1006&context=esi_english_series,"Jerusalem, Morasha (New Gate) , *A-1836, Alon Zehavi",JER_ALL,jerusalem
esi_english_series_7#077,S1,esi_english_series,7,Excavations and Surveys in Israel 13,1995,109,https://publications.iaa.org.il/cgi/viewcontent.cgi?article=1006&context=esi_english_series,"Jerusalem, Morasha (City Hall Plaza) , *A-1822, Viviana Eitunin and Alon Zehavi",JER_ALL,jerusalem
esi_english_series_7#083,S1,esi_english_series,7,Excavations and Surveys in Israel 13,1995,111,https://publications.iaa.org.il/cgi/viewcontent.cgi?article=1006&context=esi_english_series,"Conservation of the Dead Sea Scrolls , Esther Boyd-Alkalay",R_JD_CLIFFS,dead sea
esi_english_series_8#017,S1,esi_english_series,8,Excavations and Surveys in Israel 15,1996,38,https://publications.iaa.org.il/cgi/viewcontent.cgi?article=1007&context=esi_english_series,"Bet She’an , the Citadel , G-30/92, G-5/93, G-12/94, Jon Seligman",beth_shean,bet shean
esi_english_series_8#027,S1,esi_english_series,8,Excavations and Surveys in Israel 15,1996,61,https://publications.iaa.org.il/cgi/viewcontent.cgi?article=1007&context=esi_english_series,"Jericho , (Tell es-Sultan) , L-549, Shim‘on Riklin",JERICHO_ALL,jericho;tell es sultan
esi_english_series_8#028,S1,esi_english_series,8,Excavations and Surveys in Israel 15,1996,62,https://publications.iaa.org.il/cgi/viewcontent.cgi?article=1007&context=esi_english_series,"Jerusalem , Har Hozevim , A-1969, Raz Kletter",JER_ALL,jerusalem
esi_english_series_8#029,S1,esi_english_series,8,Excavations and Surveys in Israel 15,1996,63,https://publications.iaa.org.il/cgi/viewcontent.cgi?article=1007&context=esi_english_series,"Jerusalem , Binyane Ha’umma , A-2020, Uzi ‘Ad",JER_ALL,jerusalem
esi_english_series_8#030,S1,esi_english_series,8,Excavations and Surveys in Israel 15,1996,64,https://publications.iaa.org.il/cgi/viewcontent.cgi?article=1007&context=esi_english_series,"Jerusalem , Rehavya , A-2005, Zvi Greenhut",JER_ALL,jerusalem
esi_english_series_8#031,S1,esi_english_series,8,Excavations and Surveys in Israel 15,1996,65,https://publications.iaa.org.il/cgi/viewcontent.cgi?article=1007&context=esi_english_series,"Jerusalem , Khirbet er-Ras , A-2083, Nurit Feig and Omar Abd Rabu",JER_ALL,jerusalem
esi_english_series_8#032,S1,esi_english_series,8,Excavations and Surveys in Israel 15,1996,66,https://publications.iaa.org.il/cgi/viewcontent.cgi?article=1007&context=esi_english_series,"Jerusalem , City of David , *A-1961, Alon De-Groot",JER_ALL,city of david;jerusalem
esi_english_series_8#033,S1,esi_english_series,8,Excavations and Surveys in Israel 15,1996,68,https://publications.iaa.org.il/cgi/viewcontent.cgi?article=1007&context=esi_english_series,"Jerusalem , Church of St. Peter in Gallicantu , G-120/92, G-90/93, Florentino Díez",JER_ALL,jerusalem
esi_english_series_8#034,S1,esi_english_series,8,Excavations and Surveys in Israel 15,1996,68,https://publications.iaa.org.il/cgi/viewcontent.cgi?article=1007&context=esi_english_series,"Jerusalem , the Lower Aqueduct , A-1896, Ya‘akov Billig",JER_ALL,jerusalem
esi_english_series_8#035,S1,esi_english_series,8,Excavations and Surveys in Israel 15,1996,70,https://publications.iaa.org.il/cgi/viewcontent.cgi?article=1007&context=esi_english_series,"Jerusalem , Arnona , 1959-A, Ya‘akov Billig",JER_ALL,arnona;jerusalem
esi_english_series_8#065,S1,esi_english_series,8,Excavations and Surveys in Israel 15,1996,112,https://publications.iaa.org.il/cgi/viewcontent.cgi?article=1007&context=esi_english_series,"Bet She’an , South , *A-2051, Zvi Gal and Stuart Sutherfield",beth_shean,bet shean
esi_english_series_8#066,S1,esi_english_series,8,Excavations and Surveys in Israel 15,1996,113,https://publications.iaa.org.il/cgi/viewcontent.cgi?article=1007&context=esi_english_series,"Bet She’an , Shikkun Alef , *A-2055, Zvi Gal and Stuart Sutherfield",beth_shean,bet shean
esi_english_series_8#070,S1,esi_english_series,8,Excavations and Surveys in Israel 15,1996,115,https://publications.iaa.org.il/cgi/viewcontent.cgi?article=1007&context=esi_english_series,"Jerusalem , Russian Compound , *A-1913, Ya‘akov Billig",JER_ALL,jerusalem
esi_english_series_8#071,S1,esi_english_series,8,Excavations and Surveys in Israel 15,1996,115,https://publications.iaa.org.il/cgi/viewcontent.cgi?article=1007&context=esi_english_series,"Jerusalem , Peace Forest , G-38/93, Zvi Greenhut",JER_ALL,jerusalem
esi_english_series_8#072,S1,esi_english_series,8,Excavations and Surveys in Israel 15,1996,115,https://publications.iaa.org.il/cgi/viewcontent.cgi?article=1007&context=esi_english_series,"Jerusalem , Giloh , A-2095, Fanny Vitto",JER_ALL,jerusalem
esi_english_series_8#075,S1,esi_english_series,8,Excavations and Surveys in Israel 15,1996,116,https://publications.iaa.org.il/cgi/viewcontent.cgi?article=1007&context=esi_english_series,"Map of ‘En Gedi, Survey , G-16/93, Gideon Hadas",R_JD_CLIFFS,en gedi
esi_english_series_9#036,S1,esi_english_series,9,Excavations and Surveys in Israel 16,1997,62,https://publications.iaa.org.il/cgi/viewcontent.cgi?article=1008&context=esi_english_series,"Bet She’an , A-2226, Dina Avshalom-Gorni",beth_shean,bet shean
esi_english_series_9#041,S1,esi_english_series,9,Excavations and Surveys in Israel 16,1997,71,https://publications.iaa.org.il/cgi/viewcontent.cgi?article=1008&context=esi_english_series,"Tel Te’enim , G-100/94, Na‘ama Scheftelowitz and Ronit Oren",JERICHO_ALL,naama
esi_english_series_9#045,S1,esi_english_series,9,Excavations and Surveys in Israel 16,1997,76,https://publications.iaa.org.il/cgi/viewcontent.cgi?article=1008&context=esi_english_series,"Gilgal , Tamar Noy",JERICHO_ALL,gilgal
esi_english_series_9#049,S1,esi_english_series,9,Excavations and Surveys in Israel 16,1997,80,https://publications.iaa.org.il/cgi/viewcontent.cgi?article=1008&context=esi_english_series,"Map of Qalya, Survey , L-493, Ofer Sion",QUMRAN_ALL,qalya
esi_english_series_9#050,S1,esi_english_series,9,Excavations and Surveys in Israel 16,1997,81,https://publications.iaa.org.il/cgi/viewcontent.cgi?article=1008&context=esi_english_series,"Jerusalem , Khirbet Ka‘kul , *A-1970, Elena Kogen-Zehavi",JER_ALL,jerusalem
esi_english_series_9#051,S1,esi_english_series,9,Excavations and Surveys in Israel 16,1997,85,https://publications.iaa.org.il/cgi/viewcontent.cgi?article=1008&context=esi_english_series,"Jerusalem , Khirbet ‘Adasa , A-2117, Hamudi Khalaily",JER_ALL,jerusalem
esi_english_series_9#052,S1,esi_english_series,9,Excavations and Surveys in Israel 16,1997,87,https://publications.iaa.org.il/cgi/viewcontent.cgi?article=1008&context=esi_english_series,"Jerusalem , Khirbet el-Burj , *A-1882 , Samuel Wolff",JER_ALL,jerusalem
esi_english_series_9#053,S1,esi_english_series,9,Excavations and Surveys in Israel 16,1997,87,https://publications.iaa.org.il/cgi/viewcontent.cgi?article=1008&context=esi_english_series,"Jerusalem , Pisgat Ze’ev (East A) , *A-1996 , Rafa‘ Abu Raya",JER_ALL,jerusalem;pisgat zeev
esi_english_series_9#054,S1,esi_english_series,9,Excavations and Surveys in Israel 16,1997,89,https://publications.iaa.org.il/cgi/viewcontent.cgi?article=1008&context=esi_english_series,"Jerusalem , Pisgat Ze’ev E , Ofra Shourkin",JER_ALL,jerusalem;pisgat zeev
esi_english_series_9#055,S1,esi_english_series,9,Excavations and Surveys in Israel 16,1997,89,https://publications.iaa.org.il/cgi/viewcontent.cgi?article=1008&context=esi_english_series,"Jerusalem , Givat Hamivtar , A-2153, Rafa‘ abu Raya",JER_ALL,jerusalem
esi_english_series_9#056,S1,esi_english_series,9,Excavations and Surveys in Israel 16,1997,90,https://publications.iaa.org.il/cgi/viewcontent.cgi?article=1008&context=esi_english_series,"Jerusalem , Haremahim and Hashahar Streets , A-1785, Rafa‘ abu Raya",JER_ALL,jerusalem
esi_english_series_9#057,S1,esi_english_series,9,Excavations and Surveys in Israel 16,1997,91,https://publications.iaa.org.il/cgi/viewcontent.cgi?article=1008&context=esi_english_series,"Jerusalem , ‘Bet Eliyahu’ , A-1825, Rafa‘ abu Raya",JER_ALL,jerusalem
esi_english_series_9#058,S1,esi_english_series,9,Excavations and Surveys in Israel 16,1997,92,https://publications.iaa.org.il/cgi/viewcontent.cgi?article=1008&context=esi_english_series,"Jerusalem , Hashalshelet Street , A-1873, A-1987, Elena Kogen-Zehavi",JER_ALL,jerusalem
esi_english_series_9#059,S1,esi_english_series,9,Excavations and Surveys in Israel 16,1997,95,https://publications.iaa.org.il/cgi/viewcontent.cgi?article=1008&context=esi_english_series,"Jerusalem , Hama‘araviyim Gate , 1976-A *, Rafa‘ abu Raya",JER_ALL,jerusalem
esi_english_series_9#060,S1,esi_english_series,9,Excavations and Surveys in Israel 16,1997,96,https://publications.iaa.org.il/cgi/viewcontent.cgi?article=1008&context=esi_english_series,"Jerusalem , ‘Robinson’s Arch’ , 2205-A, Ronny Reich and Ya‘akov Billig",JER_ALL,jerusalem
esi_english_series_9#061,S1,esi_english_series,9,Excavations and Surveys in Israel 16,1997,97,https://publications.iaa.org.il/cgi/viewcontent.cgi?article=1008&context=esi_english_series,"Jerusalem , Mount of Olives , A-2114, Rafa‘ abu Raya",JER_ALL,jerusalem;mount of olives
esi_english_series_9#062,S1,esi_english_series,9,Excavations and Surveys in Israel 16,1997,98,https://publications.iaa.org.il/cgi/viewcontent.cgi?article=1008&context=esi_english_series,"Jerusalem , Mount Zion , *A-1975 , Rafa‘ abu Raya",JER_ALL,jerusalem;mount zion
ha-esi_138_003,S1,ha-esi,138,HA-ESI 138,2026,3,https://publications.iaa.org.il/ha-esi/vol138/iss1/3,"Jerusalem, the Old City, the Archaeological Park (A-9477) , Yuval Baruch, Navot Rom, Helene Machline, and Ayala Zilberstein",JER_ALL,jerusalem
ha-esi_138_004,S1,ha-esi,138,HA-ESI 138,2026,4,https://publications.iaa.org.il/ha-esi/vol138/iss1/4,"Jerusalem, Giv‘ati Parking Lot—2021–2022 (G-3/2021, G-1/2022) , Efrat Bocher, Yuval Gadot, Yiftah Shalev, and Oscar Bejarano",JER_ALL,jerusalem
ha-esi_138_005,S1,ha-esi,138,HA-ESI 138,2026,5,https://publications.iaa.org.il/ha-esi/vol138/iss1/5,"Jerusalem, Mount Zion – 2021, 2022 (G-50/2021, G-43/2022) , Dieter Vieweger, Katja Soennecken, Jennifer Zimni-Gitler, and Michael Chernin",JER_ALL,jerusalem;mount zion
ha-esi_138_018,S1,ha-esi,138,HA-ESI 138,2026,18,https://publications.iaa.org.il/ha-esi/vol138/iss1/18,"Jerusalem, Naḥal Refa’im (A-8851) , Gil Haklay and Ianir Milevski",JER_ALL,jerusalem
ha-esi_138_043,S1,ha-esi,138,HA-ESI 138,2026,43,https://publications.iaa.org.il/ha-esi/vol138/iss1/43,"Jerusalem, Shemu’el Ha-Navi Street (A-9394) , Irina Novoselsky",JER_ALL,jerusalem
ha-esi_138_050,S1,ha-esi,138,HA-ESI 138,2026,50,https://publications.iaa.org.il/ha-esi/vol138/iss1/50,"Jerusalem, Har Nof (A-9242) , Moran Hagbi and Rotem Cohen",JER_ALL,jerusalem
ha-esi_138_053,S1,ha-esi,138,HA-ESI 138,2026,53,https://publications.iaa.org.il/ha-esi/vol138/iss1/53,"Jerusalem, Naḥal Sanhedrin (A-9101, A-9315) , Moran Hagbi and Ortal Chalaf",JER_ALL,jerusalem
ha-esi_138_057,S1,ha-esi,138,HA-ESI 138,2026,57,https://publications.iaa.org.il/ha-esi/vol138/iss1/57,"Jerusalem, Western Wall Plaza (A-9317, A-9796) , Shlomit Weksler-Bdolah and Matan Chocron",JER_ALL,jerusalem
ha-esi_138_058,S1,ha-esi,138,HA-ESI 138,2026,58,https://publications.iaa.org.il/ha-esi/vol138/iss1/58,"Jerusalem, Mount Ẓion (A-6639, A-6859) , Amit Re’em, Renee Forestani, and Debora Sandhaus",JER_ALL,jerusalem;mount zion
ha_esi_bilingual_series_3#013,S1,ha_esi_bilingual_series,3,Ḥadashot Arkheologiyot חדשות ארכיאולוגיות 110,1999,19,https://publications.iaa.org.il/cgi/viewcontent.cgi?article=1002&context=ha_esi_bilingual_series,"Haifa, Underwater Surveys , 99/93*, 61/95, 62/95, 34/96, 30/97*, 29/98*, Ehud Galil and Ya‘aqov Sharvit",carmel_siah,haifa
ha_esi_bilingual_series_3#038,S1,ha_esi_bilingual_series,3,Ḥadashot Arkheologiyot חדשות ארכיאולוגיות 110,1999,65,https://publications.iaa.org.il/cgi/viewcontent.cgi?article=1002&context=ha_esi_bilingual_series,"Giva‘at Oranim (Naḥal Bareqet) , 69/97, Ronit Oren and Na‘ama Scheftelowitz",JERICHO_ALL,naama
ha_esi_bilingual_series_3#046,S1,ha_esi_bilingual_series,3,Ḥadashot Arkheologiyot חדשות ארכיאולוגיות 110,1999,76,https://publications.iaa.org.il/cgi/viewcontent.cgi?article=1002&context=ha_esi_bilingual_series,"Jerusalem, Tell el-Ful , *2691, Ilan Peretz and Amir Re’em",JER_ALL,jerusalem;tell el ful
ha_esi_bilingual_series_3#047,S1,ha_esi_bilingual_series,3,Ḥadashot Arkheologiyot חדשות ארכיאולוגיות 110,1999,77,https://publications.iaa.org.il/cgi/viewcontent.cgi?article=1002&context=ha_esi_bilingual_series,"Jerusalem, St. George Street , *2519, Gideon Solimany and Zubeir Adawi",JERICHO_ALL;JER_ALL,jerusalem;st george
ha_esi_bilingual_series_3#048,S1,ha_esi_bilingual_series,3,Ḥadashot Arkheologiyot חדשות ארכיאולוגיות 110,1999,78,https://publications.iaa.org.il/cgi/viewcontent.cgi?article=1002&context=ha_esi_bilingual_series,"Jerusalem Eṭ-Ṭur , 2499, Jon Seligman and Rafa‘ Abu Raya",JER_ALL,et tur;jerusalem
ha_esi_bilingual_series_3#049,S1,ha_esi_bilingual_series,3,Ḥadashot Arkheologiyot חדשות ארכיאולוגיות 110,1999,79,https://publications.iaa.org.il/cgi/viewcontent.cgi?article=1002&context=ha_esi_bilingual_series,"Jerusalem, Suq Ha-Qaẓẓavim , *2556, Gideon Avni and Amit Re’em",JER_ALL,jerusalem
ha_esi_bilingual_series_3#050,S1,ha_esi_bilingual_series,3,Ḥadashot Arkheologiyot חדשות ארכיאולוגיות 110,1999,80,https://publications.iaa.org.il/cgi/viewcontent.cgi?article=1002&context=ha_esi_bilingual_series,"Jerusalem, Church of St. Peter in Gallicantu – 1997 , Florentino Diêz, Immaculada Prieto and Jesús Campos",JER_ALL,jerusalem
ha_esi_bilingual_series_3#051,S1,ha_esi_bilingual_series,3,Ḥadashot Arkheologiyot חדשות ארכיאולוגיות 110,1999,81,https://publications.iaa.org.il/cgi/viewcontent.cgi?article=1002&context=ha_esi_bilingual_series,"Jerusalem, the City of David , 107/97, Ya‘akov Billig",JER_ALL,city of david;jerusalem
ha_esi_bilingual_series_3#052,S1,ha_esi_bilingual_series,3,Ḥadashot Arkheologiyot חדשות ארכיאולוגיות 110,1999,82,https://publications.iaa.org.il/cgi/viewcontent.cgi?article=1002&context=ha_esi_bilingual_series,"Jerusalem, the Giḥon Spring , 2833, Ronny Reich and Eli Shukron",JER_ALL,gihon;jerusalem
ha_esi_bilingual_series_3#053,S1,ha_esi_bilingual_series,3,Ḥadashot Arkheologiyot חדשות ארכיאולוגיות 110,1999,84,https://publications.iaa.org.il/cgi/viewcontent.cgi?article=1002&context=ha_esi_bilingual_series,"Jerusalem, Bayit Ve-Gan , 2610, Ofer Sion and Amit Re’em",JER_ALL,jerusalem
ha_esi_bilingual_series_3#090,S1,ha_esi_bilingual_series,3,Ḥadashot Arkheologiyot חדשות ארכיאולוגיות 110,1999,115,https://publications.iaa.org.il/cgi/viewcontent.cgi?article=1002&context=ha_esi_bilingual_series,"Baqa el-Gharbiya , Zakh Horowitz and Marwan Masrawa",JER_ALL,baqa
ha_esi_bilingual_series_3#100,S1,ha_esi_bilingual_series,3,Ḥadashot Arkheologiyot חדשות ארכיאולוגיות 110,1999,118,https://publications.iaa.org.il/cgi/viewcontent.cgi?article=1002&context=ha_esi_bilingual_series,"Jerusalem, Survey in the Neighborhood of Nevé Ya‘aqov , *17/98, Gideon Solimany and Danny Weiss",JER_ALL,jerusalem
ha_esi_bilingual_series_3#101,S1,ha_esi_bilingual_series,3,Ḥadashot Arkheologiyot חדשות ארכיאולוגיות 110,1999,118,https://publications.iaa.org.il/cgi/viewcontent.cgi?article=1002&context=ha_esi_bilingual_series,"Jerusalem, Giv‘at Ḥoma Survey , *1761, Gideon Solimany",JER_ALL,jerusalem
ha_esi_bilingual_series_3#102,S1,ha_esi_bilingual_series,3,Ḥadashot Arkheologiyot חדשות ארכיאולוגיות 110,1999,118,https://publications.iaa.org.il/cgi/viewcontent.cgi?article=1002&context=ha_esi_bilingual_series,"Jerusalem, Route 9, Survey , 114/97, Gideon Solimany and Amit Re’em",JER_ALL,jerusalem
ha_esi_bilingual_series_3#113,S1,ha_esi_bilingual_series,3,Ḥadashot Arkheologiyot חדשות ארכיאולוגיות 110,1999,121,https://publications.iaa.org.il/cgi/viewcontent.cgi?article=1002&context=ha_esi_bilingual_series,"Map of Ẓe’elim, Survey , 49/92, 22/95, Dan Gazit",R_JD_CLIFFS,zeelim
ha_esi_bilingual_series_3#119,S1,ha_esi_bilingual_series,3,Ḥadashot Arkheologiyot חדשות ארכיאולוגיות 110,1999,123,https://publications.iaa.org.il/cgi/viewcontent.cgi?article=1002&context=ha_esi_bilingual_series,"Jerusalem, Ramat Ha-Golan Street , *274, Gershom Edelstein",JER_ALL,jerusalem
ha_esi_bilingual_series_4#015,S1,ha_esi_bilingual_series,4,Ḥadashot Arkheologiyot חדשות ארכיאולוגיות 111,2000,20,https://publications.iaa.org.il/cgi/viewcontent.cgi?article=1003&context=ha_esi_bilingual_series,"Haifa , Khirbet Tinani , 2524-A*, Zvi Gil",carmel_siah,haifa
ha_esi_bilingual_series_4#042,S1,ha_esi_bilingual_series,4,Ḥadashot Arkheologiyot חדשות ארכיאולוגיות 111,2000,59,https://publications.iaa.org.il/cgi/viewcontent.cgi?article=1003&context=ha_esi_bilingual_series,"Kefar Truman , 144/98-B, Ronit Oren and Naama Scheftelowitz",JERICHO_ALL,naama
ha_esi_bilingual_series_4#057,S1,ha_esi_bilingual_series,4,Ḥadashot Arkheologiyot חדשות ארכיאולוגיות 111,2000,81,https://publications.iaa.org.il/cgi/viewcontent.cgi?article=1003&context=ha_esi_bilingual_series,"Jerusalem , Miqta‘at Karkis (East) , 2935-A*, Boaz Zissu and Amit Re’em",JER_ALL,jerusalem
ha_esi_bilingual_series_4#058,S1,ha_esi_bilingual_series,4,Ḥadashot Arkheologiyot חדשות ארכיאולוגיות 111,2000,82,https://publications.iaa.org.il/cgi/viewcontent.cgi?article=1003&context=ha_esi_bilingual_series,"Jerusalem , Tell el-Ful , 2699-A, Yuval Baruch",JER_ALL,jerusalem;tell el ful
ha_esi_bilingual_series_4#059,S1,ha_esi_bilingual_series,4,Ḥadashot Arkheologiyot חדשות ארכיאולוגיות 111,2000,85,https://publications.iaa.org.il/cgi/viewcontent.cgi?article=1003&context=ha_esi_bilingual_series,"Jerusalem , Issawiya , 2760-A-2797 ,*A*, Rafa‘ Abu Raya",JER_ALL,jerusalem
ha_esi_bilingual_series_4#060,S1,ha_esi_bilingual_series,4,Ḥadashot Arkheologiyot חדשות ארכיאולוגיות 111,2000,86,https://publications.iaa.org.il/cgi/viewcontent.cgi?article=1003&context=ha_esi_bilingual_series,"Jerusalem , Mount Scopus (East) , 3082-A, David Amit, Jon Seligman, and Irina Zilberbod",JER_ALL,jerusalem
ha_esi_bilingual_series_4#061,S1,ha_esi_bilingual_series,4,Ḥadashot Arkheologiyot חדשות ארכיאולוגיות 111,2000,88,https://publications.iaa.org.il/cgi/viewcontent.cgi?article=1003&context=ha_esi_bilingual_series,"Jerusalem , Horbat Bet Arza , Boaz Zissu and Amir Ganor",JER_ALL,jerusalem
ha_esi_bilingual_series_4#062,S1,ha_esi_bilingual_series,4,Ḥadashot Arkheologiyot חדשות ארכיאולוגיות 111,2000,89,https://publications.iaa.org.il/cgi/viewcontent.cgi?article=1003&context=ha_esi_bilingual_series,"Jerusalem , Rockefeller Museum , 2744-A*, Rafa‘ Abu Raya",JER_ALL,jerusalem
ha_esi_bilingual_series_4#063,S1,ha_esi_bilingual_series,4,Ḥadashot Arkheologiyot חדשות ארכיאולוגיות 111,2000,91,https://publications.iaa.org.il/cgi/viewcontent.cgi?article=1003&context=ha_esi_bilingual_series,"Jerusalem , Mount of Olives , 2702-A*, Rafa‘ Abu Raya",JER_ALL,jerusalem;mount of olives
ha_esi_bilingual_series_4#064,S1,ha_esi_bilingual_series,4,Ḥadashot Arkheologiyot חדשות ארכיאולוגיות 111,2000,91,https://publications.iaa.org.il/cgi/viewcontent.cgi?article=1003&context=ha_esi_bilingual_series,"Jerusalem , Church of the Holy Sepulchre , 2601-A, Jon Seligman and Gideon Avni",JER_ALL,jerusalem
ha_esi_bilingual_series_4#065,S1,ha_esi_bilingual_series,4,Ḥadashot Arkheologiyot חדשות ארכיאולוגיות 111,2000,94,https://publications.iaa.org.il/cgi/viewcontent.cgi?article=1003&context=ha_esi_bilingual_series,"Jerusalem , Ben Hinnom Valley , 2978-A*, Boaz Zissu, Shimon Gibson and Jacob Tavor",JER_ALL,jerusalem
ha_esi_bilingual_series_4#066,S1,ha_esi_bilingual_series,4,Ḥadashot Arkheologiyot חדשות ארכיאולוגיות 111,2000,96,https://publications.iaa.org.il/cgi/viewcontent.cgi?article=1003&context=ha_esi_bilingual_series,"Jerusalem , Umm Leisun , 2567-A, Jon Seligman and Rafa ‘Abu Raya",JER_ALL,jerusalem
ha_esi_bilingual_series_4#067,S1,ha_esi_bilingual_series,4,Ḥadashot Arkheologiyot חדשות ארכיאולוגיות 111,2000,98,https://publications.iaa.org.il/cgi/viewcontent.cgi?article=1003&context=ha_esi_bilingual_series,"Jerusalem , Manahat , 2934-A, Ianir Milevski",JER_ALL,jerusalem
ha_esi_bilingual_series_4#091,S1,ha_esi_bilingual_series,4,Ḥadashot Arkheologiyot חדשות ארכיאולוגיות 111,2000,132,https://publications.iaa.org.il/cgi/viewcontent.cgi?article=1003&context=ha_esi_bilingual_series,"Haifa , Tel ‘Amal and Nevé Yosef , 2871-A*, Tzah Horowitz",carmel_siah,haifa
ha_esi_bilingual_series_4#110,S1,ha_esi_bilingual_series,4,Ḥadashot Arkheologiyot חדשות ארכיאולוגיות 111,2000,138,https://publications.iaa.org.il/cgi/viewcontent.cgi?article=1003&context=ha_esi_bilingual_series,"Ramla , Pinkas Street , 2712-A*, Yossi Elisha",JERICHO_ALL,elisha
ha_esi_bilingual_series_4#111,S1,ha_esi_bilingual_series,4,Ḥadashot Arkheologiyot חדשות ארכיאולוגיות 111,2000,139,https://publications.iaa.org.il/cgi/viewcontent.cgi?article=1003&context=ha_esi_bilingual_series,"Jerusalem , Sanhedriya Quarter , Boaz Zissu",JER_ALL,jerusalem
ha_esi_bilingual_series_4#112,S1,ha_esi_bilingual_series,4,Ḥadashot Arkheologiyot חדשות ארכיאולוגיות 111,2000,139,https://publications.iaa.org.il/cgi/viewcontent.cgi?article=1003&context=ha_esi_bilingual_series,"Jerusalem , Neftoah Observatory Survey , 83/98-G*, Gideon Solimany and Danny Weiss",JER_ALL,jerusalem
ha_esi_bilingual_series_4#113,S1,ha_esi_bilingual_series,4,Ḥadashot Arkheologiyot חדשות ארכיאולוגיות 111,2000,140,https://publications.iaa.org.il/cgi/viewcontent.cgi?article=1003&context=ha_esi_bilingual_series,"Jerusalem , Giv‘at Ha-Matos , 2762-A*, Danny Weiss",JER_ALL,jerusalem
ha_esi_bilingual_series_4#131,S1,ha_esi_bilingual_series,4,Ḥadashot Arkheologiyot חדשות ארכיאולוגיות 111,2000,145,https://publications.iaa.org.il/cgi/viewcontent.cgi?article=1003&context=ha_esi_bilingual_series,"Jerusalem , Qeren Ha-Yesod Street , 725-A*, Eliot Brown",JER_ALL,jerusalem
ha_esi_bilingual_series_4#132,S1,ha_esi_bilingual_series,4,Ḥadashot Arkheologiyot חדשות ארכיאולוגיות 111,2000,145,https://publications.iaa.org.il/cgi/viewcontent.cgi?article=1003&context=ha_esi_bilingual_series,"Jerusalem , East Talpiyot , 624-A*, Gershon Edelstein",JER_ALL,jerusalem
ha_esi_bilingual_series_5#022,S1,ha_esi_bilingual_series,5,Ḥadashot Arkheologiyot חדשות ארכיאולוגיות 112,2000,47,https://publications.iaa.org.il/cgi/viewcontent.cgi?article=1004&context=ha_esi_bilingual_series,"Bet She’an , 2885-A, Ofer Sion",beth_shean,bet shean
ha_esi_bilingual_series_6#063,S1,ha_esi_bilingual_series,6,Ḥadashot Arkheologiyot חדשות ארכיאולוגיות 113,2001,109,https://publications.iaa.org.il/cgi/viewcontent.cgi?article=1005&context=ha_esi_bilingual_series,"Tel Shalaf (Northwest) , Amir Gorzalczany and Itamar Teksell",kh_yanun,itamar
ha_esi_bilingual_series_6#066,S1,ha_esi_bilingual_series,6,Ḥadashot Arkheologiyot חדשות ארכיאולוגיות 113,2001,114,https://publications.iaa.org.il/cgi/viewcontent.cgi?article=1005&context=ha_esi_bilingual_series,"Jerusalem, Salah ed-Din Street , A-2900, A-3130, Gideon Avni and Zubier Adawy",JER_ALL,jerusalem
ha_esi_bilingual_series_6#067,S1,ha_esi_bilingual_series,6,Ḥadashot Arkheologiyot חדשות ארכיאולוגיות 113,2001,116,https://publications.iaa.org.il/cgi/viewcontent.cgi?article=1005&context=ha_esi_bilingual_series,"Jerusalem , the Old City – Herod’s Gate , A-2877, Gideon Avni, Yuval Baruch and Shlomit Weksler-Bdolah",JER_ALL,jerusalem
ha_esi_bilingual_series_6#068,S1,ha_esi_bilingual_series,6,Ḥadashot Arkheologiyot חדשות ארכיאולוגיות 113,2001,120,https://publications.iaa.org.il/cgi/viewcontent.cgi?article=1005&context=ha_esi_bilingual_series,"Jerusalem , the Old City Walls , A-3170, Shlomit Weksler-Bdolah",JER_ALL,jerusalem
ha_esi_bilingual_series_6#069,S1,ha_esi_bilingual_series,6,Ḥadashot Arkheologiyot חדשות ארכיאולוגיות 113,2001,121,https://publications.iaa.org.il/cgi/viewcontent.cgi?article=1005&context=ha_esi_bilingual_series,"Jerusalem , City of David , A-3376*, Ronny Reich and Eli Shukron",JER_ALL,city of david;jerusalem
ha_esi_bilingual_series_6#070,S1,ha_esi_bilingual_series,6,Ḥadashot Arkheologiyot חדשות ארכיאולוגיות 113,2001,124,https://publications.iaa.org.il/cgi/viewcontent.cgi?article=1005&context=ha_esi_bilingual_series,"Jerusalem , Ketef Hinnom , A-3007, Rina Avner and Yehiel Zelinger",JER_ALL,jerusalem
ha_esi_bilingual_series_6#071,S1,ha_esi_bilingual_series,6,Ḥadashot Arkheologiyot חדשות ארכיאולוגיות 113,2001,127,https://publications.iaa.org.il/cgi/viewcontent.cgi?article=1005&context=ha_esi_bilingual_series,"Jerusalem , Mizpe Nof, Survey , G-67/99*, Zvi Greenhut and Amit Re’em",JER_ALL,jerusalem
ha_esi_bilingual_series_6#072,S1,ha_esi_bilingual_series,6,Ḥadashot Arkheologiyot חדשות ארכיאולוגיות 113,2001,130,https://publications.iaa.org.il/cgi/viewcontent.cgi?article=1005&context=ha_esi_bilingual_series,"Jerusalem , Qiryat Menahem , A-3088, Ofer Sion",JER_ALL,jerusalem
ha_esi_bilingual_series_6#073,S1,ha_esi_bilingual_series,6,Ḥadashot Arkheologiyot חדשות ארכיאולוגיות 113,2001,133,https://publications.iaa.org.il/cgi/viewcontent.cgi?article=1005&context=ha_esi_bilingual_series,"Jerusalem , Mar Elias – the Kathisma Church , G-140/99, A-3276, Rina Avner, George Lavas and Irini Rosidis",JER_ALL,jerusalem
ha_esi_bilingual_series_6#074,S1,ha_esi_bilingual_series,6,Ḥadashot Arkheologiyot חדשות ארכיאולוגיות 113,2001,137,https://publications.iaa.org.il/cgi/viewcontent.cgi?article=1005&context=ha_esi_bilingual_series,"Sur Bahir , A-2214, Natalie May",JER_ALL,sur bahir
ha_esi_bilingual_series_6#100,S1,ha_esi_bilingual_series,6,Ḥadashot Arkheologiyot חדשות ארכיאולוגיות 113,2001,172,https://publications.iaa.org.il/cgi/viewcontent.cgi?article=1005&context=ha_esi_bilingual_series,"Haifa , Ha-Qishon Harbor , A-2775*, Ya’akov Sharvit and Ehud Galili",carmel_siah,haifa
ha_esi_bilingual_series_7#007,S1,ha_esi_bilingual_series,7,Ḥadashot Arkheologiyot חדשות ארכיאולוגיות 114,2002,13,https://publications.iaa.org.il/cgi/viewcontent.cgi?article=1006&context=ha_esi_bilingual_series,"‘Akko Harbor , Underwater Surveys , G-32/90*, G-126/92, G-30/93*, G-31/93, G-127/95*, Ehud Galili, Jacob sharvit, Uzi Dahari, Na‘ama Bahat Zilberstein, G. Finkielsztejn, E.J. Stern, R. Kool and Y. Kahanov",JERICHO_ALL,naama
ha_esi_bilingual_series_7#014,S1,ha_esi_bilingual_series,7,Ḥadashot Arkheologiyot חדשות ארכיאולוגיות 114,2002,25,https://publications.iaa.org.il/cgi/viewcontent.cgi?article=1006&context=ha_esi_bilingual_series,"Haifa , Tel Shiqmona , A-3172, Raz Kletter",carmel_siah,haifa
ha_esi_bilingual_series_7#024,S1,ha_esi_bilingual_series,7,Ḥadashot Arkheologiyot חדשות ארכיאולוגיות 114,2002,45,https://publications.iaa.org.il/cgi/viewcontent.cgi?article=1006&context=ha_esi_bilingual_series,"Baqa el-Gharbiya , A-3047*, Uzi ‘Ad",JER_ALL,baqa
ha_esi_bilingual_series_7#052,S1,ha_esi_bilingual_series,7,Ḥadashot Arkheologiyot חדשות ארכיאולוגיות 114,2002,85,https://publications.iaa.org.il/cgi/viewcontent.cgi?article=1006&context=ha_esi_bilingual_series,"Jerusalem , Tell el-Ful , A-3160, Amit Re’em",JER_ALL,jerusalem;tell el ful
ha_esi_bilingual_series_7#053,S1,ha_esi_bilingual_series,7,Ḥadashot Arkheologiyot חדשות ארכיאולוגיות 114,2002,86,https://publications.iaa.org.il/cgi/viewcontent.cgi?article=1006&context=ha_esi_bilingual_series,"Jerusalem , Mount Scopus (A) , A-3193*, Amit Re’em",JER_ALL,jerusalem
ha_esi_bilingual_series_7#054,S1,ha_esi_bilingual_series,7,Ḥadashot Arkheologiyot חדשות ארכיאולוגיות 114,2002,87,https://publications.iaa.org.il/cgi/viewcontent.cgi?article=1006&context=ha_esi_bilingual_series,"Jerusalem , Mount Scopus (B) , Boaz Zissu and Amit Re’em",JER_ALL,jerusalem
ha_esi_bilingual_series_7#055,S1,ha_esi_bilingual_series,7,Ḥadashot Arkheologiyot חדשות ארכיאולוגיות 114,2002,89,https://publications.iaa.org.il/cgi/viewcontent.cgi?article=1006&context=ha_esi_bilingual_series,"Jerusalem , the Old City , A-3319*, Yuval Baruch",JER_ALL,jerusalem
ha_esi_bilingual_series_7#056,S1,ha_esi_bilingual_series,7,Ḥadashot Arkheologiyot חדשות ארכיאולוגיות 114,2002,92,https://publications.iaa.org.il/cgi/viewcontent.cgi?article=1006&context=ha_esi_bilingual_series,"Jerusalem , City of David , A-3423, Ronny Reich and Eli Shukron",JER_ALL,city of david;jerusalem
ha_esi_bilingual_series_7#057,S1,ha_esi_bilingual_series,7,Ḥadashot Arkheologiyot חדשות ארכיאולוגיות 114,2002,94,https://publications.iaa.org.il/cgi/viewcontent.cgi?article=1006&context=ha_esi_bilingual_series,"Jerusalem , Abu Tor , Boaz Zissu",JER_ALL,abu tor;jerusalem
ha_esi_bilingual_series_7#058,S1,ha_esi_bilingual_series,7,Ḥadashot Arkheologiyot חדשות ארכיאולוגיות 114,2002,96,https://publications.iaa.org.il/cgi/viewcontent.cgi?article=1006&context=ha_esi_bilingual_series,"Jerusalem , ‘Ir Gannim , G-92/00, A-3477, Raphael Greenberg and Gilad Cinamon",JER_ALL,jerusalem
ha_esi_bilingual_series_7#084,S1,ha_esi_bilingual_series,7,Ḥadashot Arkheologiyot חדשות ארכיאולוגיות 114,2002,137,https://publications.iaa.org.il/cgi/viewcontent.cgi?article=1006&context=ha_esi_bilingual_series,"Bet She’an , A-3180, Micha Cohen",beth_shean,bet shean
ha_esi_bilingual_series_7#095,S1,ha_esi_bilingual_series,7,Ḥadashot Arkheologiyot חדשות ארכיאולוגיות 114,2002,142,https://publications.iaa.org.il/cgi/viewcontent.cgi?article=1006&context=ha_esi_bilingual_series,"Jerusalem , East Talpiyot , A-3403, Ya‘akov Billig",JER_ALL,jerusalem
ha_esi_bilingual_series_7#096,S1,ha_esi_bilingual_series,7,Ḥadashot Arkheologiyot חדשות ארכיאולוגיות 114,2002,143,https://publications.iaa.org.il/cgi/viewcontent.cgi?article=1006&context=ha_esi_bilingual_series,"Jerusalem , Mar Elias , A-3185*, Dani Weiss",JER_ALL,jerusalem
ha_esi_bilingual_series_8#011,S1,ha_esi_bilingual_series,8,Ḥadashot Arkheologiyot חדשות ארכיאולוגיות 115,2003,21,https://publications.iaa.org.il/cgi/viewcontent.cgi?article=1007&context=ha_esi_bilingual_series,"Haifa , Tel Shiqmona , A-2983, Hagit Torgë and Uzi ‘Ad",carmel_siah,haifa
ha_esi_bilingual_series_8#012,S1,ha_esi_bilingual_series,8,Ḥadashot Arkheologiyot חדשות ארכיאולוגיות 115,2003,23,https://publications.iaa.org.il/cgi/viewcontent.cgi?article=1007&context=ha_esi_bilingual_series,"Haifa , Wadi Salib , A-3113, Martin Peilstöcker",carmel_siah,haifa
ha_esi_bilingual_series_8#013,S1,ha_esi_bilingual_series,8,Ḥadashot Arkheologiyot חדשות ארכיאולוגיות 115,2003,25,https://publications.iaa.org.il/cgi/viewcontent.cgi?article=1007&context=ha_esi_bilingual_series,"Haifa , Tel ‘Amal and Nevé Yosef , A-3143*, Eli Yannai",carmel_siah,haifa
ha_esi_bilingual_series_8#022,S1,ha_esi_bilingual_series,8,Ḥadashot Arkheologiyot חדשות ארכיאולוגיות 115,2003,38,https://publications.iaa.org.il/cgi/viewcontent.cgi?article=1007&context=ha_esi_bilingual_series,"Bet She’an (South) , A-3150*, Karen Covello-Paran",beth_shean,bet shean
ha_esi_bilingual_series_8#030,S1,ha_esi_bilingual_series,8,Ḥadashot Arkheologiyot חדשות ארכיאולוגיות 115,2003,53,https://publications.iaa.org.il/cgi/viewcontent.cgi?article=1007&context=ha_esi_bilingual_series,"Yitav , L-824, Hanania Hizmi",JERICHO_ALL,yitav
ha_esi_bilingual_series_8#037,S1,ha_esi_bilingual_series,8,Ḥadashot Arkheologiyot חדשות ארכיאולוגיות 115,2003,66,https://publications.iaa.org.il/cgi/viewcontent.cgi?article=1007&context=ha_esi_bilingual_series,"Jerusalem , Mamilla Pool , A-3100*, Rafa Abu Raya and Ya‘akov Billig",JER_ALL,jerusalem;mamilla
ha_esi_bilingual_series_8#038,S1,ha_esi_bilingual_series,8,Ḥadashot Arkheologiyot חדשות ארכיאולוגיות 115,2003,67,https://publications.iaa.org.il/cgi/viewcontent.cgi?article=1007&context=ha_esi_bilingual_series,"Jerusalem , The Old City , A-2411*, Rafa Abu Raya",JER_ALL,jerusalem
ha_esi_bilingual_series_8#039,S1,ha_esi_bilingual_series,8,Ḥadashot Arkheologiyot חדשות ארכיאולוגיות 115,2003,69,https://publications.iaa.org.il/cgi/viewcontent.cgi?article=1007&context=ha_esi_bilingual_series,"Jerusalem , City of David , A-3590, A-3788, Ronny Reich and Eli Shukron",JER_ALL,city of david;jerusalem
ha_esi_bilingual_series_8#040,S1,ha_esi_bilingual_series,8,Ḥadashot Arkheologiyot חדשות ארכיאולוגיות 115,2003,71,https://publications.iaa.org.il/cgi/viewcontent.cgi?article=1007&context=ha_esi_bilingual_series,"Jerusalem , Church of St. Peter in Gallicantu , G-90/00, Florentino Díez",JER_ALL,jerusalem
ha_esi_bilingual_series_8#041,S1,ha_esi_bilingual_series,8,Ḥadashot Arkheologiyot חדשות ארכיאולוגיות 115,2003,72,https://publications.iaa.org.il/cgi/viewcontent.cgi?article=1007&context=ha_esi_bilingual_series,"Jerusalem , Abu Tor , A-3284*, A-3287*, Amit Re’em and Rafa Abu Raya",JER_ALL,abu tor;jerusalem
ha_esi_bilingual_series_8#065,S1,ha_esi_bilingual_series,8,Ḥadashot Arkheologiyot חדשות ארכיאולוגיות 115,2003,100,https://publications.iaa.org.il/cgi/viewcontent.cgi?article=1007&context=ha_esi_bilingual_series,"Jerusalem , Mount Scopus (East) , A-3096*, Zubier Adawy",JER_ALL,jerusalem
ha_esi_bilingual_series_8#066,S1,ha_esi_bilingual_series,8,Ḥadashot Arkheologiyot חדשות ארכיאולוגיות 115,2003,100,https://publications.iaa.org.il/cgi/viewcontent.cgi?article=1007&context=ha_esi_bilingual_series,"Jerusalem , Mount Scopus , A-3203*, Dani Weiss",JER_ALL,jerusalem
ha_esi_bilingual_series_8#067,S1,ha_esi_bilingual_series,8,Ḥadashot Arkheologiyot חדשות ארכיאולוגיות 115,2003,101,https://publications.iaa.org.il/cgi/viewcontent.cgi?article=1007&context=ha_esi_bilingual_series,"Jerusalem , Berekhat Ha-Sultan , A-3194*, Dani Weiss",JER_ALL,jerusalem
ha_esi_bilingual_series_8#080,S1,ha_esi_bilingual_series,8,Ḥadashot Arkheologiyot חדשות ארכיאולוגיות 115,2003,106,https://publications.iaa.org.il/cgi/viewcontent.cgi?article=1007&context=ha_esi_bilingual_series,"Jerusalem , Khirbat el-Burj , A-372*, Gershon Edelstein",JER_ALL,jerusalem
ha_hebrew_series_1#013,S2,ha_hebrew_series,1,Hadashot Arkheologiyot 1 / חדשות ארכיאולוגיות א,1961,15–16,https://publications.iaa.org.il/cgi/viewcontent.cgi?article=1000&context=ha_hebrew_series,"חדשות ארכיאולוגיות מעבר לגבול, חפירות בירושלים העתיקה , קת'לין קניון",JER_ALL,ירושלים
ha_hebrew_series_10#008,S1,ha_hebrew_series,10,Hadashot Arkheologiyot 24 / חדשות ארכיאולוגיות כד,1967,17–18,https://publications.iaa.org.il/cgi/viewcontent.cgi?article=1009&context=ha_hebrew_series,"ירושלים. מצד ""מעלה רומאים"" , וסיליוס צפיריס",JER_ALL,ירושלים
ha_hebrew_series_11#007,S1,ha_hebrew_series,11,Hadashot Arkheologiyot 26 / חדשות ארכיאולוגיות כו,1968,24–28,https://publications.iaa.org.il/cgi/viewcontent.cgi?article=1010&context=ha_hebrew_series,"מדבר יהודה ובקעת הירדן (חולייה מס' 6) , פסח בר-אדון",R_JD_CLIFFS,מדבר יהודה
ha_hebrew_series_12#001,S1,ha_hebrew_series,12,Hadashot Arkheologiyot 27 / חדשות ארכיאולוגיות כז,1968,1–2,https://publications.iaa.org.il/cgi/viewcontent.cgi?article=1011&context=ha_hebrew_series,"ירושלים: קברים יהודיים בגבעת המבתר , וסיליוס צפיריס",JER_ALL,גבעת המבתר;ירושלים
ha_hebrew_series_12#002,S1,ha_hebrew_series,12,Hadashot Arkheologiyot 27 / חדשות ארכיאולוגיות כז,1968,2–4,https://publications.iaa.org.il/cgi/viewcontent.cgi?article=1011&context=ha_hebrew_series,"ירושלים: בנייני האומה , מיכאל אבי-יונה",JER_ALL,ירושלים
ha_hebrew_series_12#003,S1,ha_hebrew_series,12,Hadashot Arkheologiyot 27 / חדשות ארכיאולוגיות כז,1968,4,https://publications.iaa.org.il/cgi/viewcontent.cgi?article=1011&context=ha_hebrew_series,ירושלים: רחוב אלפסי,JER_ALL,ירושלים
ha_hebrew_series_12#004,S1,ha_hebrew_series,12,Hadashot Arkheologiyot 27 / חדשות ארכיאולוגיות כז,1968,4,https://publications.iaa.org.il/cgi/viewcontent.cgi?article=1011&context=ha_hebrew_series,"ירושלים: קרית יובל , אברהם איתן",JER_ALL,ירושלים
ha_hebrew_series_12#014,S1,ha_hebrew_series,12,Hadashot Arkheologiyot 27 / חדשות ארכיאולוגיות כז,1968,17–18,https://publications.iaa.org.il/cgi/viewcontent.cgi?article=1011&context=ha_hebrew_series,"אתר עתיק בסביבת יריחו , ג'ורג' מ' לנדס",JERICHO_ALL,יריחו
ha_hebrew_series_12#015,S2,ha_hebrew_series,12,Hadashot Arkheologiyot 27 / חדשות ארכיאולוגיות כז,1968,18,https://publications.iaa.org.il/cgi/viewcontent.cgi?article=1011&context=ha_hebrew_series,"ח' סמרא במדבר יהודה , פסח בר-אדון",R_JD_CLIFFS,מדבר יהודה
ha_hebrew_series_12#019,S1,ha_hebrew_series,12,Hadashot Arkheologiyot 27 / חדשות ארכיאולוגיות כז,1968,21,https://publications.iaa.org.il/cgi/viewcontent.cgi?article=1011&context=ha_hebrew_series,"הפעולה הארכיאולוגית ביהודה ושומרון: צור באהר , יעקב משורר",JER_ALL,צור באהר
ha_hebrew_series_12#021,S1,ha_hebrew_series,12,Hadashot Arkheologiyot 27 / חדשות ארכיאולוגיות כז,1968,21–23,https://publications.iaa.org.il/cgi/viewcontent.cgi?article=1011&context=ha_hebrew_series,"שכם ותל אר-ראס - 1968 , אדוארד פ' קמפבל",gerizim,שכם
ha_hebrew_series_13#015,S1,ha_hebrew_series,13,Hadashot Arkheologiyot 30 / חדשות ארכיאולוגיות ל,1969,18–19,https://publications.iaa.org.il/cgi/viewcontent.cgi?article=1012&context=ha_hebrew_series,"עין בוקק , מרדכי גיחון",JER_ALL,גיחון
ha_hebrew_series_13#017,S1,ha_hebrew_series,13,Hadashot Arkheologiyot 30 / חדשות ארכיאולוגיות ל,1969,20–22,https://publications.iaa.org.il/cgi/viewcontent.cgi?article=1012&context=ha_hebrew_series,"ירושלים: המצודה , רות עמירן ואברהם איתן",JER_ALL,ירושלים
ha_hebrew_series_13#018,S1,ha_hebrew_series,13,Hadashot Arkheologiyot 30 / חדשות ארכיאולוגיות ל,1969,22,https://publications.iaa.org.il/cgi/viewcontent.cgi?article=1012&context=ha_hebrew_series,"ירושלים: מערות קברים , שלמה גודוביץ",JER_ALL,ירושלים
ha_hebrew_series_13#019,S1,ha_hebrew_series,13,Hadashot Arkheologiyot 30 / חדשות ארכיאולוגיות ל,1969,22–24,https://publications.iaa.org.il/cgi/viewcontent.cgi?article=1012&context=ha_hebrew_series,"ירושלים: הרובע היהודי , אשר עובדיה ואהוד מנצ'ל",JER_ALL,ירושלים
ha_hebrew_series_13#020,S1,ha_hebrew_series,13,Hadashot Arkheologiyot 30 / חדשות ארכיאולוגיות ל,1969,24,https://publications.iaa.org.il/cgi/viewcontent.cgi?article=1012&context=ha_hebrew_series,בית מלאכה מימי הבית השני בסביבות ירושלים,JER_ALL,ירושלים
ha_hebrew_series_13#024,S1,ha_hebrew_series,13,Hadashot Arkheologiyot 30 / חדשות ארכיאולוגיות ל,1969,27–28,https://publications.iaa.org.il/cgi/viewcontent.cgi?article=1012&context=ha_hebrew_series,"הרודיון , גדעון פרסטר",tekoa_herodium,הרודיון
ha_hebrew_series_13#025,S1,ha_hebrew_series,13,Hadashot Arkheologiyot 30 / חדשות ארכיאולוגיות ל,1969,29–30,https://publications.iaa.org.il/cgi/viewcontent.cgi?article=1012&context=ha_hebrew_series,"בדיקות באתרים בין עין פשחה לעין גדי , פסח בר-אדון",QUMRAN_ALL,פשחה
ha_hebrew_series_14#009,S1,ha_hebrew_series,14,Hadashot Arkheologiyot 31–32 / חדשות ארכיאולוגיות לא–לב,1969,8,https://publications.iaa.org.il/cgi/viewcontent.cgi?article=1013&context=ha_hebrew_series,"בית שאן , נחמיה צורי",beth_shean,בית שאן
ha_hebrew_series_14#018,S1,ha_hebrew_series,14,Hadashot Arkheologiyot 31–32 / חדשות ארכיאולוגיות לא–לב,1969,13,https://publications.iaa.org.il/cgi/viewcontent.cgi?article=1013&context=ha_hebrew_series,"בית חורון תחתון , זכריה קלאי",beth_horon,בית חורון
ha_hebrew_series_14#020,S1,ha_hebrew_series,14,Hadashot Arkheologiyot 31–32 / חדשות ארכיאולוגיות לא–לב,1969,14,https://publications.iaa.org.il/cgi/viewcontent.cgi?article=1013&context=ha_hebrew_series,"שכם , איברהים אל-פאני",gerizim,שכם
ha_hebrew_series_14#024,S1,ha_hebrew_series,14,Hadashot Arkheologiyot 31–32 / חדשות ארכיאולוגיות לא–לב,1969,17,https://publications.iaa.org.il/cgi/viewcontent.cgi?article=1013&context=ha_hebrew_series,"ירושלים: הרובע היהודי , י' מרגובסקי",JER_ALL,ירושלים
ha_hebrew_series_14#025,S1,ha_hebrew_series,14,Hadashot Arkheologiyot 31–32 / חדשות ארכיאולוגיות לא–לב,1969,18,https://publications.iaa.org.il/cgi/viewcontent.cgi?article=1013&context=ha_hebrew_series,"ירושלים: שרידי מצד ליד הגבעה הצרפתית , אורה נגבי",JER_ALL,הגבעה הצרפתית;ירושלים
ha_hebrew_series_14#026,S1,ha_hebrew_series,14,Hadashot Arkheologiyot 31–32 / חדשות ארכיאולוגיות לא–לב,1969,18–19,https://publications.iaa.org.il/cgi/viewcontent.cgi?article=1013&context=ha_hebrew_series,"ירושלים: שיפוץ מצבות נחל קדרון , אליעזר אורן",JER_ALL;mar_saba,ירושלים;נחל קדרון;קדרון
ha_hebrew_series_14#027,S2,ha_hebrew_series,14,Hadashot Arkheologiyot 31–32 / חדשות ארכיאולוגיות לא–לב,1969,19–20,https://publications.iaa.org.il/cgi/viewcontent.cgi?article=1013&context=ha_hebrew_series,"סקר אמות המים הקדומות לירושלים ולהרודיון , יהושוע כהן ועמיחי מזר",JER_ALL;tekoa_herodium,הרודיון;ירושלים
ha_hebrew_series_15#002,S1,ha_hebrew_series,15,Hadashot Arkheologiyot 33 / חדשות ארכיאולוגיות לג,1970,2–4,https://publications.iaa.org.il/cgi/viewcontent.cgi?article=1014&context=ha_hebrew_series,"ירושלים: המצודה - 1969 , רות עמירן ואברהם איתן",JER_ALL,ירושלים
ha_hebrew_series_15#003,S1,ha_hebrew_series,15,Hadashot Arkheologiyot 33 / חדשות ארכיאולוגיות לג,1970,4–5,https://publications.iaa.org.il/cgi/viewcontent.cgi?article=1014&context=ha_hebrew_series,"ירושלים: הר הצופים , אליעזר אורן",JER_ALL,ירושלים
ha_hebrew_series_15#006,S2,ha_hebrew_series,15,Hadashot Arkheologiyot 33 / חדשות ארכיאולוגיות לג,1970,8,https://publications.iaa.org.il/cgi/viewcontent.cgi?article=1014&context=ha_hebrew_series,"בית הכנסת בנערן , פסח בר-אדון",JERICHO_ALL,נערן
ha_hebrew_series_15#007,S1,ha_hebrew_series,15,Hadashot Arkheologiyot 33 / חדשות ארכיאולוגיות לג,1970,8,https://publications.iaa.org.il/cgi/viewcontent.cgi?article=1014&context=ha_hebrew_series,"בזק , נחמיה צורי",ibziq,בזק
ha_hebrew_series_16#004,S2,ha_hebrew_series,16,Hadashot Arkheologiyot 34–35 / חדשות ארכיאולוגיות לד–לה,1970,7,https://publications.iaa.org.il/cgi/viewcontent.cgi?article=1015&context=ha_hebrew_series,"קבר רומי בבית שאן , פנחס פורת",beth_shean,בית שאן
ha_hebrew_series_16#015,S1,ha_hebrew_series,16,Hadashot Arkheologiyot 34–35 / חדשות ארכיאולוגיות לד–לה,1970,13–17,https://publications.iaa.org.il/cgi/viewcontent.cgi?article=1015&context=ha_hebrew_series,"ירושלים: הרובע היהודי , נחמן אביגד",JER_ALL,ירושלים
ha_hebrew_series_16#016,S1,ha_hebrew_series,16,Hadashot Arkheologiyot 34–35 / חדשות ארכיאולוגיות לד–לה,1970,17–19,https://publications.iaa.org.il/cgi/viewcontent.cgi?article=1015&context=ha_hebrew_series,ירושלים: קברים מימי בית שני,JER_ALL,ירושלים
ha_hebrew_series_16#017,S1,ha_hebrew_series,16,Hadashot Arkheologiyot 34–35 / חדשות ארכיאולוגיות לד–לה,1970,19,https://publications.iaa.org.il/cgi/viewcontent.cgi?article=1015&context=ha_hebrew_series,"ירושלים: הגבעה הצרפתית , אליעזר אורן",JER_ALL,הגבעה הצרפתית;ירושלים
ha_hebrew_series_16#018,S1,ha_hebrew_series,16,Hadashot Arkheologiyot 34–35 / חדשות ארכיאולוגיות לד–לה,1970,19–20,https://publications.iaa.org.il/cgi/viewcontent.cgi?article=1015&context=ha_hebrew_series,"ירושלים: מסעף כביש רופין – שדרות בן צבי , אליעזר אורן",JER_ALL,ירושלים
ha_hebrew_series_17#007,S2,ha_hebrew_series,17,Hadashot Arkheologiyot 40 / חדשות ארכיאולוגיות מ,1971,5,https://publications.iaa.org.il/cgi/viewcontent.cgi?article=1016&context=ha_hebrew_series,"בית-הכנסת בבית שאן , דן בהט ואדם דרוקס",beth_shean,בית שאן
ha_hebrew_series_17#021,S1,ha_hebrew_series,17,Hadashot Arkheologiyot 40 / חדשות ארכיאולוגיות מ,1971,17–18,https://publications.iaa.org.il/cgi/viewcontent.cgi?article=1016&context=ha_hebrew_series,"ירושלים: הרובע היהודי , נחמן אביגד",JER_ALL,ירושלים
ha_hebrew_series_17#022,S1,ha_hebrew_series,17,Hadashot Arkheologiyot 40 / חדשות ארכיאולוגיות מ,1971,19,https://publications.iaa.org.il/cgi/viewcontent.cgi?article=1016&context=ha_hebrew_series,"ירושלים: הגן הארמני , מגן ברושי",JER_ALL,ירושלים
ha_hebrew_series_17#023,S1,ha_hebrew_series,17,Hadashot Arkheologiyot 40 / חדשות ארכיאולוגיות מ,1971,19–20,https://publications.iaa.org.il/cgi/viewcontent.cgi?article=1016&context=ha_hebrew_series,"ירושלים: הר ציון, בית כיפאס , מגן ברושי",JER_ALL,הר ציון;ירושלים
ha_hebrew_series_17#024,S1,ha_hebrew_series,17,Hadashot Arkheologiyot 40 / חדשות ארכיאולוגיות מ,1971,20,https://publications.iaa.org.il/cgi/viewcontent.cgi?article=1016&context=ha_hebrew_series,"ירושלים: הר הצופים , פאני ויטו",JER_ALL,ירושלים
ha_hebrew_series_17#025,S1,ha_hebrew_series,17,Hadashot Arkheologiyot 40 / חדשות ארכיאולוגיות מ,1971,21,https://publications.iaa.org.il/cgi/viewcontent.cgi?article=1016&context=ha_hebrew_series,"ירושלים: רמות , וסיליוס צפיריס",JER_ALL,ירושלים
ha_hebrew_series_17#027,S1,ha_hebrew_series,17,Hadashot Arkheologiyot 40 / חדשות ארכיאולוגיות מ,1971,22,https://publications.iaa.org.il/cgi/viewcontent.cgi?article=1016&context=ha_hebrew_series,"ח' אבזיק , עבדול ראוף מאג'יד",ibziq,אבזיק
ha_hebrew_series_17#030,S1,ha_hebrew_series,17,Hadashot Arkheologiyot 40 / חדשות ארכיאולוגיות מ,1971,23,https://publications.iaa.org.il/cgi/viewcontent.cgi?article=1016&context=ha_hebrew_series,"שכם , איברהים אל-פאני",gerizim,שכם
ha_hebrew_series_17#032,S1,ha_hebrew_series,17,Hadashot Arkheologiyot 40 / חדשות ארכיאולוגיות מ,1971,24,https://publications.iaa.org.il/cgi/viewcontent.cgi?article=1016&context=ha_hebrew_series,"בית חורון תחתון , בקיזה שנטור",beth_horon,בית חורון
ha_hebrew_series_17#035,S2,ha_hebrew_series,17,Hadashot Arkheologiyot 40 / חדשות ארכיאולוגיות מ,1971,26–27,https://publications.iaa.org.il/cgi/viewcontent.cgi?article=1016&context=ha_hebrew_series,"חפירות במדבר יהודה , פסח בר-אדון",R_JD_CLIFFS,מדבר יהודה
ha_hebrew_series_17#036,S1,ha_hebrew_series,17,Hadashot Arkheologiyot 40 / חדשות ארכיאולוגיות מ,1971,28,https://publications.iaa.org.il/cgi/viewcontent.cgi?article=1016&context=ha_hebrew_series,"מגדל צפית , מרדכי גיחון",JER_ALL,גיחון
ha_hebrew_series_18#004,S1,ha_hebrew_series,18,Hadashot Arkheologiyot 43 / חדשות ארכיאולוגיות מג,1972,3–4,https://publications.iaa.org.il/cgi/viewcontent.cgi?article=1017&context=ha_hebrew_series,"חיפה - רוממה , משה פראוסניץ ועזריאל זיגלמן",carmel_siah,חיפה
ha_hebrew_series_18#006,S2,ha_hebrew_series,18,Hadashot Arkheologiyot 43 / חדשות ארכיאולוגיות מג,1972,6,https://publications.iaa.org.il/cgi/viewcontent.cgi?article=1017&context=ha_hebrew_series,"מטמון מטבעות זהב בחיפה , יוסף אלגביש",carmel_siah,חיפה
ha_hebrew_series_18#010,S1,ha_hebrew_series,18,Hadashot Arkheologiyot 43 / חדשות ארכיאולוגיות מג,1972,9,https://publications.iaa.org.il/cgi/viewcontent.cgi?article=1017&context=ha_hebrew_series,"שכם – 1972 , ויליאם ג' דיוור",gerizim,שכם
ha_hebrew_series_18#011,S1,ha_hebrew_series,18,Hadashot Arkheologiyot 43 / חדשות ארכיאולוגיות מג,1972,10–11,https://publications.iaa.org.il/cgi/viewcontent.cgi?article=1017&context=ha_hebrew_series,"מאוזוליאום בשכם (ח' עסכר) , איברהים אל-פאני",gerizim,עסכר;שכם
ha_hebrew_series_18#017,S1,ha_hebrew_series,18,Hadashot Arkheologiyot 43 / חדשות ארכיאולוגיות מג,1972,15,https://publications.iaa.org.il/cgi/viewcontent.cgi?article=1017&context=ha_hebrew_series,"ירושלים: ככר צה""ל , מנשה בן-ארי ודן בהט",JER_ALL,ירושלים
ha_hebrew_series_18#018,S1,ha_hebrew_series,18,Hadashot Arkheologiyot 43 / חדשות ארכיאולוגיות מג,1972,16,https://publications.iaa.org.il/cgi/viewcontent.cgi?article=1017&context=ha_hebrew_series,"ירושלים: קברים ליד ""קברי המלכים"" , פאני ויטו",JER_ALL,ירושלים;קברי המלכים
ha_hebrew_series_18#019,S1,ha_hebrew_series,18,Hadashot Arkheologiyot 43 / חדשות ארכיאולוגיות מג,1972,16,https://publications.iaa.org.il/cgi/viewcontent.cgi?article=1017&context=ha_hebrew_series,"ירושלים: גבעת המבתר , עמוס קלונר",JER_ALL,גבעת המבתר;ירושלים
ha_hebrew_series_18#020,S1,ha_hebrew_series,18,Hadashot Arkheologiyot 43 / חדשות ארכיאולוגיות מג,1972,16–17,https://publications.iaa.org.il/cgi/viewcontent.cgi?article=1017&context=ha_hebrew_series,"ירושלים: שועפט , עמוס קלונר",JER_ALL,ירושלים;שועפט
ha_hebrew_series_18#021,S1,ha_hebrew_series,18,Hadashot Arkheologiyot 43 / חדשות ארכיאולוגיות מג,1972,17,https://publications.iaa.org.il/cgi/viewcontent.cgi?article=1017&context=ha_hebrew_series,"יריחו , בקיזה שנטור",JERICHO_ALL,יריחו
ha_hebrew_series_19#012,S1,ha_hebrew_series,19,Hadashot Arkheologiyot 46 / חדשות ארכיאולוגיות מו,1973,13,https://publications.iaa.org.il/cgi/viewcontent.cgi?article=1018&context=ha_hebrew_series,"ירושלים , החומה השלישית , שרה בן-אריה, אהוד נצר ויצחק לוי",JER_ALL,ירושלים
ha_hebrew_series_19#013,S1,ha_hebrew_series,19,Hadashot Arkheologiyot 46 / חדשות ארכיאולוגיות מו,1973,14,https://publications.iaa.org.il/cgi/viewcontent.cgi?article=1018&context=ha_hebrew_series,"ירושלים , הגן הארמני, חומה חדשה , מגו ברושי",JER_ALL,ירושלים
ha_hebrew_series_19#014,S1,ha_hebrew_series,19,Hadashot Arkheologiyot 46 / חדשות ארכיאולוגיות מו,1973,15,https://publications.iaa.org.il/cgi/viewcontent.cgi?article=1018&context=ha_hebrew_series,"ירושלים , הר ציון , עמוס קלונר",JER_ALL,הר ציון;ירושלים
ha_hebrew_series_19#015,S1,ha_hebrew_series,19,Hadashot Arkheologiyot 46 / חדשות ארכיאולוגיות מו,1973,15,https://publications.iaa.org.il/cgi/viewcontent.cgi?article=1018&context=ha_hebrew_series,"ירושלים , הגבעה הצרפתית , עמוס קלונר",JER_ALL,הגבעה הצרפתית;ירושלים
ha_hebrew_series_19#016,S1,ha_hebrew_series,19,Hadashot Arkheologiyot 46 / חדשות ארכיאולוגיות מו,1973,15,https://publications.iaa.org.il/cgi/viewcontent.cgi?article=1018&context=ha_hebrew_series,"ירושלים , מזרח תלפיות , פאני ויטו",JER_ALL,ירושלים;תלפיות
ha_hebrew_series_19#017,S1,ha_hebrew_series,19,Hadashot Arkheologiyot 46 / חדשות ארכיאולוגיות מו,1973,15,https://publications.iaa.org.il/cgi/viewcontent.cgi?article=1018&context=ha_hebrew_series,"ירושלים , עיסוויה , עמוס קלונר ושלמה גודוביץ",JER_ALL,ירושלים
ha_hebrew_series_19#019,S1,ha_hebrew_series,19,Hadashot Arkheologiyot 46 / חדשות ארכיאולוגיות מו,1973,16,https://publications.iaa.org.il/cgi/viewcontent.cgi?article=1018&context=ha_hebrew_series,"כביש רומי ירושלים-בית גוברין , ישראל רול",JER_ALL,ירושלים
ha_hebrew_series_2#002,S1,ha_hebrew_series,2,Hadashot Arkheologiyot 2–3 / חדשות ארכיאולוגיות ב–ג,1962,4,https://publications.iaa.org.il/cgi/viewcontent.cgi?article=1001&context=ha_hebrew_series,"תל לכיש , כתובות עבריות במערת ""ירושלים"" , יוסף נוה",JER_ALL,ירושלים
ha_hebrew_series_2#009,S1,ha_hebrew_series,2,Hadashot Arkheologiyot 2–3 / חדשות ארכיאולוגיות ב–ג,1962,14,https://publications.iaa.org.il/cgi/viewcontent.cgi?article=1001&context=ha_hebrew_series,"בית שאן , התיאטרון הרומי , אברהם נגב",beth_shean,בית שאן
ha_hebrew_series_2#013,S2,ha_hebrew_series,2,Hadashot Arkheologiyot 2–3 / חדשות ארכיאולוגיות ב–ג,1962,19,https://publications.iaa.org.il/cgi/viewcontent.cgi?article=1001&context=ha_hebrew_series,"חל משמר, משלחת למדבר יהודה 1962 (מערת המטמון) , פסח בר- אדון",R_JD_CLIFFS,מדבר יהודה
ha_hebrew_series_20#003,S2,ha_hebrew_series,20,Hadashot Arkheologiyot 47 / חדשות ארכיאולוגיות מז,1973,3,https://publications.iaa.org.il/cgi/viewcontent.cgi?article=1019&context=ha_hebrew_series,"חניתה , קבר , שמעון דר ואיתמר זינגר",kh_yanun,איתמר
ha_hebrew_series_20#014,S1,ha_hebrew_series,20,Hadashot Arkheologiyot 47 / חדשות ארכיאולוגיות מז,1973,13,https://publications.iaa.org.il/cgi/viewcontent.cgi?article=1019&context=ha_hebrew_series,"שכם , פסיפס",gerizim,שכם
ha_hebrew_series_20#019,S1,ha_hebrew_series,20,Hadashot Arkheologiyot 47 / חדשות ארכיאולוגיות מז,1973,17,https://publications.iaa.org.il/cgi/viewcontent.cgi?article=1019&context=ha_hebrew_series,"ירושלים , הר הצופים , ורדה זוסמן ויוסף זיאס",JER_ALL,ירושלים
ha_hebrew_series_20#020,S1,ha_hebrew_series,20,Hadashot Arkheologiyot 47 / חדשות ארכיאולוגיות מז,1973,17,https://publications.iaa.org.il/cgi/viewcontent.cgi?article=1019&context=ha_hebrew_series,"ירושלים , עמק המצלבה , ורדה זוסמן ויוסף זיאס",JER_ALL,ירושלים
ha_hebrew_series_21#019,S1,ha_hebrew_series,21,Hadashot Arkheologiyot 48–49 / חדשות ארכיאולוגיות מח–מט,1974,33,https://publications.iaa.org.il/cgi/viewcontent.cgi?article=1020&context=ha_hebrew_series,"חיפה – 1973 , רוממה , משה פראוסניץ ועזריאל זיגלמן",carmel_siah,חיפה
ha_hebrew_series_21#026,S1,ha_hebrew_series,21,Hadashot Arkheologiyot 48–49 / חדשות ארכיאולוגיות מח–מט,1974,44,https://publications.iaa.org.il/cgi/viewcontent.cgi?article=1020&context=ha_hebrew_series,"בית שאן – 1973 , דן בהט",beth_shean,בית שאן
ha_hebrew_series_21#030,S1,ha_hebrew_series,21,Hadashot Arkheologiyot 48–49 / חדשות ארכיאולוגיות מח–מט,1974,48,https://publications.iaa.org.il/cgi/viewcontent.cgi?article=1020&context=ha_hebrew_series,"שכם – 1973 , ו' דיוור",gerizim,שכם
ha_hebrew_series_21#038,S1,ha_hebrew_series,21,Hadashot Arkheologiyot 48–49 / חדשות ארכיאולוגיות מח–מט,1974,65,https://publications.iaa.org.il/cgi/viewcontent.cgi?article=1020&context=ha_hebrew_series,"ירושלים , הרובע היהודי – 1973 , נחמן אביגד",JER_ALL,ירושלים
ha_hebrew_series_21#039,S1,ha_hebrew_series,21,Hadashot Arkheologiyot 48–49 / חדשות ארכיאולוגיות מח–מט,1974,68,https://publications.iaa.org.il/cgi/viewcontent.cgi?article=1020&context=ha_hebrew_series,"ירושלים , הר הצופים (הגן הבוטאני) , ל""י רחמני",JER_ALL,ירושלים
ha_hebrew_series_21#040,S1,ha_hebrew_series,21,Hadashot Arkheologiyot 48–49 / חדשות ארכיאולוגיות מח–מט,1974,68,https://publications.iaa.org.il/cgi/viewcontent.cgi?article=1020&context=ha_hebrew_series,"ירושלים , גבעת המבתר , רות פלד ואורנה הס",JER_ALL,גבעת המבתר;ירושלים
ha_hebrew_series_21#041,S1,ha_hebrew_series,21,Hadashot Arkheologiyot 48–49 / חדשות ארכיאולוגיות מח–מט,1974,69,https://publications.iaa.org.il/cgi/viewcontent.cgi?article=1020&context=ha_hebrew_series,"ירושלים , קריית משה , עמוס קלונר",JER_ALL,ירושלים
ha_hebrew_series_21#042,S1,ha_hebrew_series,21,Hadashot Arkheologiyot 48–49 / חדשות ארכיאולוגיות מח–מט,1974,69,https://publications.iaa.org.il/cgi/viewcontent.cgi?article=1020&context=ha_hebrew_series,"ירושלים , בריכת הסולטן , עמוס קלונר",JER_ALL,ירושלים
ha_hebrew_series_21#043,S1,ha_hebrew_series,21,Hadashot Arkheologiyot 48–49 / חדשות ארכיאולוגיות מח–מט,1974,70,https://publications.iaa.org.il/cgi/viewcontent.cgi?article=1020&context=ha_hebrew_series,"הרודיון – 1973 , אהוד נצר",tekoa_herodium,הרודיון
ha_hebrew_series_22#010,S1,ha_hebrew_series,22,Hadashot Arkheologiyot 50 / חדשות ארכיאולוגיות נ,1974,11,https://publications.iaa.org.il/cgi/viewcontent.cgi?article=1021&context=ha_hebrew_series,"יריחו , תולול אבו אל -עלייק , אהוד נצר",JERICHO_ALL,יריחו
ha_hebrew_series_22#012,S1,ha_hebrew_series,22,Hadashot Arkheologiyot 50 / חדשות ארכיאולוגיות נ,1974,14,https://publications.iaa.org.il/cgi/viewcontent.cgi?article=1021&context=ha_hebrew_series,"ירושלים , גבעת מרדכי , עמוס קלונר",JER_ALL,ירושלים
ha_hebrew_series_22#013,S1,ha_hebrew_series,22,Hadashot Arkheologiyot 50 / חדשות ארכיאולוגיות נ,1974,14,https://publications.iaa.org.il/cgi/viewcontent.cgi?article=1021&context=ha_hebrew_series,"ירושלים , אבו-טור, ""התאטרון"" , עמוס קלונר",JER_ALL,אבו טור;ירושלים
ha_hebrew_series_22#014,S1,ha_hebrew_series,22,Hadashot Arkheologiyot 50 / חדשות ארכיאולוגיות נ,1974,14,https://publications.iaa.org.il/cgi/viewcontent.cgi?article=1021&context=ha_hebrew_series,"ירושלים , אבו-טור, אמת המים הנמוכה , אגון לס",JER_ALL,אבו טור;ירושלים
ha_hebrew_series_23#020,S1,ha_hebrew_series,23,Hadashot Arkheologiyot 51–52 / חדשות ארכיאולוגיות נא–נב,1974,24,https://publications.iaa.org.il/cgi/viewcontent.cgi?article=1022&context=ha_hebrew_series,"ירושלים , הר הצופים , עמוס קלונר, אהוד נצר ויוסף זיאס",JER_ALL,ירושלים
ha_hebrew_series_23#021,S1,ha_hebrew_series,23,Hadashot Arkheologiyot 51–52 / חדשות ארכיאולוגיות נא–נב,1974,25,https://publications.iaa.org.il/cgi/viewcontent.cgi?article=1022&context=ha_hebrew_series,"ירושלים , הגבעה הצרפתית , עמוס קלונר",JER_ALL,הגבעה הצרפתית;ירושלים
ha_hebrew_series_23#022,S1,ha_hebrew_series,23,Hadashot Arkheologiyot 51–52 / חדשות ארכיאולוגיות נא–נב,1974,25,https://publications.iaa.org.il/cgi/viewcontent.cgi?article=1022&context=ha_hebrew_series,"ירושלים , גת שמנים , קפריאנוס ספירו",JER_ALL,גת שמנים;ירושלים
ha_hebrew_series_24#005,S1,ha_hebrew_series,24,Hadashot Arkheologiyot 53 / חדשות ארכיאולוגיות נג,1975,5,https://publications.iaa.org.il/cgi/viewcontent.cgi?article=1023&context=ha_hebrew_series,"חיפה , רוממה – 1974 , משה פראוסניץ",carmel_siah,חיפה
ha_hebrew_series_24#017,S1,ha_hebrew_series,24,Hadashot Arkheologiyot 53 / חדשות ארכיאולוגיות נג,1975,17,https://publications.iaa.org.il/cgi/viewcontent.cgi?article=1023&context=ha_hebrew_series,"ירושלים , הר ציון – ביצורים מימי בית שני , מגן ברושי",JER_ALL,הר ציון;ירושלים
ha_hebrew_series_24#018,S1,ha_hebrew_series,24,Hadashot Arkheologiyot 53 / חדשות ארכיאולוגיות נג,1975,18,https://publications.iaa.org.il/cgi/viewcontent.cgi?article=1023&context=ha_hebrew_series,"ירושלים , הר ציון – מגדל שער מימי הביניים , מגן ברושי",JER_ALL,הר ציון;ירושלים
ha_hebrew_series_24#019,S1,ha_hebrew_series,24,Hadashot Arkheologiyot 53 / חדשות ארכיאולוגיות נג,1975,18,https://publications.iaa.org.il/cgi/viewcontent.cgi?article=1023&context=ha_hebrew_series,"ירושלים , הר הזיתים , עמוס קלונר",JER_ALL,הר הזיתים;ירושלים
ha_hebrew_series_24#020,S1,ha_hebrew_series,24,Hadashot Arkheologiyot 53 / חדשות ארכיאולוגיות נג,1975,19,https://publications.iaa.org.il/cgi/viewcontent.cgi?article=1023&context=ha_hebrew_series,"ירושלים , הר הצופים , עמוס קלונר וי' גת",JER_ALL,ירושלים
ha_hebrew_series_24#021,S1,ha_hebrew_series,24,Hadashot Arkheologiyot 53 / חדשות ארכיאולוגיות נג,1975,20,https://publications.iaa.org.il/cgi/viewcontent.cgi?article=1023&context=ha_hebrew_series,"ירושלים , מערות קבורה מתקופת הברזל , עמוס קלונר וגבי ברקאי",JER_ALL,ירושלים
ha_hebrew_series_24#022,S1,ha_hebrew_series,24,Hadashot Arkheologiyot 53 / חדשות ארכיאולוגיות נג,1975,22,https://publications.iaa.org.il/cgi/viewcontent.cgi?article=1023&context=ha_hebrew_series,"ירושלים , דרך חברון , דיוויד דיוויס ועמוס קלונר",JER_ALL,ירושלים
ha_hebrew_series_24#023,S1,ha_hebrew_series,24,Hadashot Arkheologiyot 53 / חדשות ארכיאולוגיות נג,1975,23,https://publications.iaa.org.il/cgi/viewcontent.cgi?article=1023&context=ha_hebrew_series,"ירושלים , מערת האשכולות , עמוס קלונר",JER_ALL,ירושלים
ha_hebrew_series_25#018,S1,ha_hebrew_series,25,Hadashot Arkheologiyot 54–55 / חדשות ארכיאולוגיות נד–נה,1975,15,https://publications.iaa.org.il/cgi/viewcontent.cgi?article=1024&context=ha_hebrew_series,"ירושלים , הרובע היהודי – 1974 , נחמן אביגד",JER_ALL,ירושלים
ha_hebrew_series_25#019,S1,ha_hebrew_series,25,Hadashot Arkheologiyot 54–55 / חדשות ארכיאולוגיות נד–נה,1975,17,https://publications.iaa.org.il/cgi/viewcontent.cgi?article=1024&context=ha_hebrew_series,"ירושלים , שער האשפות , מאיר בן-דב",JER_ALL,ירושלים
ha_hebrew_series_25#020,S1,ha_hebrew_series,25,Hadashot Arkheologiyot 54–55 / חדשות ארכיאולוגיות נד–נה,1975,19,https://publications.iaa.org.il/cgi/viewcontent.cgi?article=1024&context=ha_hebrew_series,"ירושלים , הר הצופים , עמוס קלונר",JER_ALL,ירושלים
ha_hebrew_series_25#021,S1,ha_hebrew_series,25,Hadashot Arkheologiyot 54–55 / חדשות ארכיאולוגיות נד–נה,1975,20,https://publications.iaa.org.il/cgi/viewcontent.cgi?article=1024&context=ha_hebrew_series,"ירושלים , רמות אשכול , עמוס קלונר",JER_ALL,ירושלים
ha_hebrew_series_25#022,S1,ha_hebrew_series,25,Hadashot Arkheologiyot 54–55 / חדשות ארכיאולוגיות נד–נה,1975,20,https://publications.iaa.org.il/cgi/viewcontent.cgi?article=1024&context=ha_hebrew_series,"ירושלים , הגבעה הצרפתית , עמוס קלונר",JER_ALL,הגבעה הצרפתית;ירושלים
ha_hebrew_series_25#023,S1,ha_hebrew_series,25,Hadashot Arkheologiyot 54–55 / חדשות ארכיאולוגיות נד–נה,1975,21,https://publications.iaa.org.il/cgi/viewcontent.cgi?article=1024&context=ha_hebrew_series,"ירושלים , ארמון הנציב , י' גת",JER_ALL,ארמון הנציב;ירושלים
ha_hebrew_series_25#025,S1,ha_hebrew_series,25,Hadashot Arkheologiyot 54–55 / חדשות ארכיאולוגיות נד–נה,1975,21,https://publications.iaa.org.il/cgi/viewcontent.cgi?article=1024&context=ha_hebrew_series,"יריחו , תולול אבו אל-עלייק , אהוד נצר",JERICHO_ALL,יריחו
ha_hebrew_series_25#026,S1,ha_hebrew_series,25,Hadashot Arkheologiyot 54–55 / חדשות ארכיאולוגיות נד–נה,1975,23,https://publications.iaa.org.il/cgi/viewcontent.cgi?article=1024&context=ha_hebrew_series,"יריחו , תל א-סמראת , אהוד נצר",JERICHO_ALL,יריחו
ha_hebrew_series_25#027,S1,ha_hebrew_series,25,Hadashot Arkheologiyot 54–55 / חדשות ארכיאולוגיות נד–נה,1975,24,https://publications.iaa.org.il/cgi/viewcontent.cgi?article=1024&context=ha_hebrew_series,"קיפרוס (תל אל-עקבה) , אהוד נצר ועמנואל דמתי",JERICHO_ALL,קיפרוס
ha_hebrew_series_25#028,S1,ha_hebrew_series,25,Hadashot Arkheologiyot 54–55 / חדשות ארכיאולוגיות נד–נה,1975,25,https://publications.iaa.org.il/cgi/viewcontent.cgi?article=1024&context=ha_hebrew_series,"הרודיון - 1974 , אהוד נצר וש' ארזי",tekoa_herodium,הרודיון
ha_hebrew_series_26#017,S1,ha_hebrew_series,26,Hadashot Arkheologiyot 56 / חדשות ארכיאולוגיות נו,1975,20,https://publications.iaa.org.il/cgi/viewcontent.cgi?article=1025&context=ha_hebrew_series,"עמק בית שאן , פסל ברונזה של הדריאנוס בעמק בית שאן",beth_shean,בית שאן
ha_hebrew_series_26#025,S1,ha_hebrew_series,26,Hadashot Arkheologiyot 56 / חדשות ארכיאולוגיות נו,1975,30,https://publications.iaa.org.il/cgi/viewcontent.cgi?article=1025&context=ha_hebrew_series,"ירושלים , הגבעה הצרפתית , עמוס קלונר ורנה סיוון",JER_ALL,הגבעה הצרפתית;ירושלים
ha_hebrew_series_26#026,S1,ha_hebrew_series,26,Hadashot Arkheologiyot 56 / חדשות ארכיאולוגיות נו,1975,31,https://publications.iaa.org.il/cgi/viewcontent.cgi?article=1025&context=ha_hebrew_series,"ירושלים , מנחת , יוסף גת",JER_ALL,ירושלים
ha_hebrew_series_26#035,S1,ha_hebrew_series,26,Hadashot Arkheologiyot 56 / חדשות ארכיאולוגיות נו,1975,44,https://publications.iaa.org.il/cgi/viewcontent.cgi?article=1025&context=ha_hebrew_series,"מצד תמר - 1975 , מרדכי גיחון",JER_ALL,גיחון
ha_hebrew_series_27#018,S1,ha_hebrew_series,27,Hadashot Arkheologiyot 57–58 / חדשות ארכיאולוגיות נז–נח,1976,23,https://publications.iaa.org.il/cgi/viewcontent.cgi?article=1026&context=ha_hebrew_series,"ח' מרג'מה (עין סמיה) , עמיחי מזר",ein_samiya,מרגמה;סמיה
ha_hebrew_series_27#026,S1,ha_hebrew_series,27,Hadashot Arkheologiyot 57–58 / חדשות ארכיאולוגיות נז–נח,1976,28,https://publications.iaa.org.il/cgi/viewcontent.cgi?article=1026&context=ha_hebrew_series,"ירושלים , חומת העיר המערבית , מגן ברושי",JER_ALL,ירושלים
ha_hebrew_series_27#027,S1,ha_hebrew_series,27,Hadashot Arkheologiyot 57–58 / חדשות ארכיאולוגיות נז–נח,1976,29,https://publications.iaa.org.il/cgi/viewcontent.cgi?article=1026&context=ha_hebrew_series,"ירושלים , הר הצופים , יוסף גת",JER_ALL,ירושלים
ha_hebrew_series_27#028,S1,ha_hebrew_series,27,Hadashot Arkheologiyot 57–58 / חדשות ארכיאולוגיות נז–נח,1976,30,https://publications.iaa.org.il/cgi/viewcontent.cgi?article=1026&context=ha_hebrew_series,"ירושלים , העופל , יוסף גת",JER_ALL,ירושלים;עופל
ha_hebrew_series_27#029,S1,ha_hebrew_series,27,Hadashot Arkheologiyot 57–58 / חדשות ארכיאולוגיות נז–נח,1976,30,https://publications.iaa.org.il/cgi/viewcontent.cgi?article=1026&context=ha_hebrew_series,"ירושלים , אזור הכנסייה הסקוטית , גבי ברקאי",JER_ALL,ירושלים
ha_hebrew_series_27#030,S1,ha_hebrew_series,27,Hadashot Arkheologiyot 57–58 / חדשות ארכיאולוגיות נז–נח,1976,31,https://publications.iaa.org.il/cgi/viewcontent.cgi?article=1026&context=ha_hebrew_series,"ירושלים , בית וגן , עמוס קלונר ודיוויד דוויס",JER_ALL,ירושלים
ha_hebrew_series_27#031,S1,ha_hebrew_series,27,Hadashot Arkheologiyot 57–58 / חדשות ארכיאולוגיות נז–נח,1976,31,https://publications.iaa.org.il/cgi/viewcontent.cgi?article=1026&context=ha_hebrew_series,"ירושלים , מערת האשכולות , דיוויד דוויס",JER_ALL,ירושלים
ha_hebrew_series_27#032,S1,ha_hebrew_series,27,Hadashot Arkheologiyot 57–58 / חדשות ארכיאולוגיות נז–נח,1976,32,https://publications.iaa.org.il/cgi/viewcontent.cgi?article=1026&context=ha_hebrew_series,"ירושלים , כיכר צה""ל",JER_ALL,ירושלים
ha_hebrew_series_27#033,S1,ha_hebrew_series,27,Hadashot Arkheologiyot 57–58 / חדשות ארכיאולוגיות נז–נח,1976,32,https://publications.iaa.org.il/cgi/viewcontent.cgi?article=1026&context=ha_hebrew_series,"ירושלים , אוגוסטה ויקטוריה , יוסף גת",JER_ALL,ירושלים
ha_hebrew_series_27#034,S1,ha_hebrew_series,27,Hadashot Arkheologiyot 57–58 / חדשות ארכיאולוגיות נז–נח,1976,33,https://publications.iaa.org.il/cgi/viewcontent.cgi?article=1026&context=ha_hebrew_series,"ירושלים , מזרח תלפיות , יוסף גת",JER_ALL,ירושלים;תלפיות
ha_hebrew_series_28#024,S1,ha_hebrew_series,28,Hadashot Arkheologiyot 59–60 / חדשות ארכיאולוגיות נט–ס,1976,23,https://publications.iaa.org.il/cgi/viewcontent.cgi?article=1027&context=ha_hebrew_series,"שכם , קבר",gerizim,שכם
ha_hebrew_series_28#030,S1,ha_hebrew_series,28,Hadashot Arkheologiyot 59–60 / חדשות ארכיאולוגיות נט–ס,1976,28,https://publications.iaa.org.il/cgi/viewcontent.cgi?article=1027&context=ha_hebrew_series,"ירושלים , הרובע היהודי",JER_ALL,ירושלים
ha_hebrew_series_28#031,S1,ha_hebrew_series,28,Hadashot Arkheologiyot 59–60 / חדשות ארכיאולוגיות נט–ס,1976,30,https://publications.iaa.org.il/cgi/viewcontent.cgi?article=1027&context=ha_hebrew_series,"ירושלים , כנסיית הקבר",JER_ALL,ירושלים
ha_hebrew_series_28#032,S1,ha_hebrew_series,28,Hadashot Arkheologiyot 59–60 / חדשות ארכיאולוגיות נט–ס,1976,31,https://publications.iaa.org.il/cgi/viewcontent.cgi?article=1027&context=ha_hebrew_series,"ירושלים , אזור קבר בית הורדוס",JER_ALL,ירושלים
ha_hebrew_series_28#033,S1,ha_hebrew_series,28,Hadashot Arkheologiyot 59–60 / חדשות ארכיאולוגיות נט–ס,1976,32,https://publications.iaa.org.il/cgi/viewcontent.cgi?article=1027&context=ha_hebrew_series,"ירושלים , בדיקות ליד מוזיאון ישראל",JER_ALL,ירושלים
ha_hebrew_series_28#034,S1,ha_hebrew_series,28,Hadashot Arkheologiyot 59–60 / חדשות ארכיאולוגיות נט–ס,1976,32,https://publications.iaa.org.il/cgi/viewcontent.cgi?article=1027&context=ha_hebrew_series,"ירושלים , הגבעה הצרפתית",JER_ALL,הגבעה הצרפתית;ירושלים
ha_hebrew_series_28#035,S1,ha_hebrew_series,28,Hadashot Arkheologiyot 59–60 / חדשות ארכיאולוגיות נט–ס,1976,33,https://publications.iaa.org.il/cgi/viewcontent.cgi?article=1027&context=ha_hebrew_series,"ירושלים , החומה הצפונית",JER_ALL,ירושלים
ha_hebrew_series_28#036,S1,ha_hebrew_series,28,Hadashot Arkheologiyot 59–60 / חדשות ארכיאולוגיות נט–ס,1976,34,https://publications.iaa.org.il/cgi/viewcontent.cgi?article=1027&context=ha_hebrew_series,"ירושלים , הר הזיתים",JER_ALL,הר הזיתים;ירושלים
ha_hebrew_series_28#037,S1,ha_hebrew_series,28,Hadashot Arkheologiyot 59–60 / חדשות ארכיאולוגיות נט–ס,1976,34,https://publications.iaa.org.il/cgi/viewcontent.cgi?article=1027&context=ha_hebrew_series,"ירושלים , גבעת מרדכי",JER_ALL,ירושלים
ha_hebrew_series_29#029,S1,ha_hebrew_series,29,Hadashot Arkheologiyot 61–62 / חדשות ארכיאולוגיות סא–סב,1977,29,https://publications.iaa.org.il/cgi/viewcontent.cgi?article=1028&context=ha_hebrew_series,"ירושלים , כנסייה צלבנית",JER_ALL,ירושלים
ha_hebrew_series_29#030,S1,ha_hebrew_series,29,Hadashot Arkheologiyot 61–62 / חדשות ארכיאולוגיות סא–סב,1977,29,https://publications.iaa.org.il/cgi/viewcontent.cgi?article=1028&context=ha_hebrew_series,"ירושלים , רח' שמעיון הצדיק , עמוס קלונר ויוסף גת",JER_ALL,ירושלים
ha_hebrew_series_29#031,S1,ha_hebrew_series,29,Hadashot Arkheologiyot 61–62 / חדשות ארכיאולוגיות סא–סב,1977,30,https://publications.iaa.org.il/cgi/viewcontent.cgi?article=1028&context=ha_hebrew_series,"ירושלים , גן הפעמון , עמוס קלונר",JER_ALL,ירושלים
ha_hebrew_series_29#032,S1,ha_hebrew_series,29,Hadashot Arkheologiyot 61–62 / חדשות ארכיאולוגיות סא–סב,1977,30,https://publications.iaa.org.il/cgi/viewcontent.cgi?article=1028&context=ha_hebrew_series,"ירושלים , כביש ירושלים – רמאללה , עמוס קלונר ויוסף גת",JER_ALL,ירושלים
ha_hebrew_series_29#033,S1,ha_hebrew_series,29,Hadashot Arkheologiyot 61–62 / חדשות ארכיאולוגיות סא–סב,1977,30,https://publications.iaa.org.il/cgi/viewcontent.cgi?article=1028&context=ha_hebrew_series,"ירושלים , קרית יובל – מנחת , שמעון גיבסון וגבריאל ברקאי",JER_ALL,ירושלים
ha_hebrew_series_29#034,S1,ha_hebrew_series,29,Hadashot Arkheologiyot 61–62 / חדשות ארכיאולוגיות סא–סב,1977,31,https://publications.iaa.org.il/cgi/viewcontent.cgi?article=1028&context=ha_hebrew_series,"ירושלים , שער שכם , עמוס קלונר",JER_ALL;gerizim,ירושלים;שכם
ha_hebrew_series_29#036,S1,ha_hebrew_series,29,Hadashot Arkheologiyot 61–62 / חדשות ארכיאולוגיות סא–סב,1977,32,https://publications.iaa.org.il/cgi/viewcontent.cgi?article=1028&context=ha_hebrew_series,"ירושלים , רח' הנוצרים",JER_ALL,ירושלים
ha_hebrew_series_29#037,S1,ha_hebrew_series,29,Hadashot Arkheologiyot 61–62 / חדשות ארכיאולוגיות סא–סב,1977,32,https://publications.iaa.org.il/cgi/viewcontent.cgi?article=1028&context=ha_hebrew_series,"ירושלים , כביש סנהדריה – רמות",JER_ALL,ירושלים
ha_hebrew_series_30#022,S1,ha_hebrew_series,30,Hadashot Arkheologiyot 63–64 / חדשות ארכיאולוגיות סג–סד,1977,31,https://publications.iaa.org.il/cgi/viewcontent.cgi?article=1029&context=ha_hebrew_series,"בית שאן , תל אצטבה",beth_shean,בית שאן
ha_hebrew_series_30#023,S1,ha_hebrew_series,30,Hadashot Arkheologiyot 63–64 / חדשות ארכיאולוגיות סג–סד,1977,32,https://publications.iaa.org.il/cgi/viewcontent.cgi?article=1029&context=ha_hebrew_series,"בית שאן , כביש רומי",beth_shean,בית שאן
ha_hebrew_series_30#034,S1,ha_hebrew_series,30,Hadashot Arkheologiyot 63–64 / חדשות ארכיאולוגיות סג–סד,1977,48,https://publications.iaa.org.il/cgi/viewcontent.cgi?article=1029&context=ha_hebrew_series,"ירושלים , כפר שאול",JER_ALL,ירושלים
ha_hebrew_series_30#035,S1,ha_hebrew_series,30,Hadashot Arkheologiyot 63–64 / חדשות ארכיאולוגיות סג–סד,1977,48,https://publications.iaa.org.il/cgi/viewcontent.cgi?article=1029&context=ha_hebrew_series,"ירושלים , רחוב הגיא",JER_ALL,ירושלים
ha_hebrew_series_30#036,S1,ha_hebrew_series,30,Hadashot Arkheologiyot 63–64 / חדשות ארכיאולוגיות סג–סד,1977,49,https://publications.iaa.org.il/cgi/viewcontent.cgi?article=1029&context=ha_hebrew_series,"ירושלים , הר הצופים",JER_ALL,ירושלים
ha_hebrew_series_31#011,S1,ha_hebrew_series,31,Hadashot Arkheologiyot 65–66 / חדשות ארכיאולוגיות סה–סו,1978,11,https://publications.iaa.org.il/cgi/viewcontent.cgi?article=1030&context=ha_hebrew_series,"חיפה , (נווה יוסף)",carmel_siah,חיפה
ha_hebrew_series_31#025,S1,ha_hebrew_series,31,Hadashot Arkheologiyot 65–66 / חדשות ארכיאולוגיות סה–סו,1978,28,https://publications.iaa.org.il/cgi/viewcontent.cgi?article=1030&context=ha_hebrew_series,"ח' מרדקמה , (עין סמיה)",ein_samiya,סמיה
ha_hebrew_series_31#027,S1,ha_hebrew_series,31,Hadashot Arkheologiyot 65–66 / חדשות ארכיאולוגיות סה–סו,1978,30,https://publications.iaa.org.il/cgi/viewcontent.cgi?article=1030&context=ha_hebrew_series,מבשרת ירושלים,JER_ALL,ירושלים
ha_hebrew_series_31#028,S1,ha_hebrew_series,31,Hadashot Arkheologiyot 65–66 / חדשות ארכיאולוגיות סה–סו,1978,32,https://publications.iaa.org.il/cgi/viewcontent.cgi?article=1030&context=ha_hebrew_series,"ירושלים , הרובע היהודי – 1976-1977",JER_ALL,ירושלים
ha_hebrew_series_31#029,S1,ha_hebrew_series,31,Hadashot Arkheologiyot 65–66 / חדשות ארכיאולוגיות סה–סו,1978,35,https://publications.iaa.org.il/cgi/viewcontent.cgi?article=1030&context=ha_hebrew_series,"ירושלים , חפירות לאורך החומה המערבית",JER_ALL,ירושלים
ha_hebrew_series_31#030,S1,ha_hebrew_series,31,Hadashot Arkheologiyot 65–66 / חדשות ארכיאולוגיות סה–סו,1978,36,https://publications.iaa.org.il/cgi/viewcontent.cgi?article=1030&context=ha_hebrew_series,"ירושלים , מבנה אופוס רטיקולטוס",JER_ALL,ירושלים
ha_hebrew_series_31#031,S1,ha_hebrew_series,31,Hadashot Arkheologiyot 65–66 / חדשות ארכיאולוגיות סה–סו,1978,37,https://publications.iaa.org.il/cgi/viewcontent.cgi?article=1030&context=ha_hebrew_series,"ירושלים , עיר דוד",JER_ALL,ירושלים;עיר דוד
ha_hebrew_series_31#032,S1,ha_hebrew_series,31,Hadashot Arkheologiyot 65–66 / חדשות ארכיאולוגיות סה–סו,1978,39,https://publications.iaa.org.il/cgi/viewcontent.cgi?article=1030&context=ha_hebrew_series,"ירושלים , רחוב מלכי צדק",JER_ALL,ירושלים
ha_hebrew_series_31#033,S1,ha_hebrew_series,31,Hadashot Arkheologiyot 65–66 / חדשות ארכיאולוגיות סה–סו,1978,40,https://publications.iaa.org.il/cgi/viewcontent.cgi?article=1030&context=ha_hebrew_series,"ירושלים , שכונת גילה",JER_ALL,ירושלים
ha_hebrew_series_32#022,S1,ha_hebrew_series,32,Hadashot Arkheologiyot 67–68 / חדשות ארכיאולוגיות סז–סח,1978,35–36,https://publications.iaa.org.il/cgi/viewcontent.cgi?article=1031&context=ha_hebrew_series,גלגל,JERICHO_ALL,גלגל
ha_hebrew_series_32#027,S1,ha_hebrew_series,32,Hadashot Arkheologiyot 67–68 / חדשות ארכיאולוגיות סז–סח,1978,43,https://publications.iaa.org.il/cgi/viewcontent.cgi?article=1031&context=ha_hebrew_series,"ירושלים , עיר דוד – 1978",JER_ALL,ירושלים;עיר דוד
ha_hebrew_series_32#028,S1,ha_hebrew_series,32,Hadashot Arkheologiyot 67–68 / חדשות ארכיאולוגיות סז–סח,1978,45,https://publications.iaa.org.il/cgi/viewcontent.cgi?article=1031&context=ha_hebrew_series,"ירושלים , רחוב הפלמ""ח",JER_ALL,ירושלים
ha_hebrew_series_32#029,S1,ha_hebrew_series,32,Hadashot Arkheologiyot 67–68 / חדשות ארכיאולוגיות סז–סח,1978,46,https://publications.iaa.org.il/cgi/viewcontent.cgi?article=1031&context=ha_hebrew_series,"ירושלים , אמת המים בהר ציון",JER_ALL,הר ציון;ירושלים
ha_hebrew_series_32#030,S1,ha_hebrew_series,32,Hadashot Arkheologiyot 67–68 / חדשות ארכיאולוגיות סז–סח,1978,46,https://publications.iaa.org.il/cgi/viewcontent.cgi?article=1031&context=ha_hebrew_series,"ירושלים , סביל בריכת הסולטאן",JER_ALL,ירושלים
ha_hebrew_series_32#031,S1,ha_hebrew_series,32,Hadashot Arkheologiyot 67–68 / חדשות ארכיאולוגיות סז–סח,1978,46,https://publications.iaa.org.il/cgi/viewcontent.cgi?article=1031&context=ha_hebrew_series,"ירושלים , הר הזיתים",JER_ALL,הר הזיתים;ירושלים
ha_hebrew_series_32#034,S1,ha_hebrew_series,32,Hadashot Arkheologiyot 67–68 / חדשות ארכיאולוגיות סז–סח,1978,50,https://publications.iaa.org.il/cgi/viewcontent.cgi?article=1031&context=ha_hebrew_series,הרודיון-1978,tekoa_herodium,הרודיון
ha_hebrew_series_33#034,S1,ha_hebrew_series,33,Hadashot Arkheologiyot 69–71 / חדשות ארכיאולוגיות סט–עא,1979,55–56,https://publications.iaa.org.il/cgi/viewcontent.cgi?article=1032&context=ha_hebrew_series,מבשרת ירושלים,JER_ALL,ירושלים
ha_hebrew_series_33#035,S1,ha_hebrew_series,33,Hadashot Arkheologiyot 69–71 / חדשות ארכיאולוגיות סט–עא,1979,56,https://publications.iaa.org.il/cgi/viewcontent.cgi?article=1032&context=ha_hebrew_series,"ירושלים , חפירות בין שער שכם והשער החדש",JER_ALL;gerizim,ירושלים;שכם
ha_hebrew_series_33#036,S1,ha_hebrew_series,33,Hadashot Arkheologiyot 69–71 / חדשות ארכיאולוגיות סט–עא,1979,57,https://publications.iaa.org.il/cgi/viewcontent.cgi?article=1032&context=ha_hebrew_series,"ירושלים , הר הצופים",JER_ALL,ירושלים
ha_hebrew_series_33#037,S1,ha_hebrew_series,33,Hadashot Arkheologiyot 69–71 / חדשות ארכיאולוגיות סט–עא,1979,58,https://publications.iaa.org.il/cgi/viewcontent.cgi?article=1032&context=ha_hebrew_series,"ירושלים , מאגר מים מקומר",JER_ALL,ירושלים
ha_hebrew_series_33#051,S1,ha_hebrew_series,33,Hadashot Arkheologiyot 69–71 / חדשות ארכיאולוגיות סט–עא,1979,81,https://publications.iaa.org.il/cgi/viewcontent.cgi?article=1032&context=ha_hebrew_series,בית שאן,beth_shean,בית שאן
ha_hebrew_series_33#053,S1,ha_hebrew_series,33,Hadashot Arkheologiyot 69–71 / חדשות ארכיאולוגיות סט–עא,1979,82,https://publications.iaa.org.il/cgi/viewcontent.cgi?article=1032&context=ha_hebrew_series,שכם,gerizim,שכם
ha_hebrew_series_33#054,S1,ha_hebrew_series,33,Hadashot Arkheologiyot 69–71 / חדשות ארכיאולוגיות סט–עא,1979,83,https://publications.iaa.org.il/cgi/viewcontent.cgi?article=1032&context=ha_hebrew_series,ואדי קלט,JERICHO_ALL;R_WADI_QELT,ואדי קלט
ha_hebrew_series_34#015,S1,ha_hebrew_series,34,Hadashot Arkheologiyot 72 / חדשות ארכיאולוגיות עב,1979,28,https://publications.iaa.org.il/cgi/viewcontent.cgi?article=1033&context=ha_hebrew_series,"ירושלים , הר ציון",JER_ALL,הר ציון;ירושלים
ha_hebrew_series_34#016,S1,ha_hebrew_series,34,Hadashot Arkheologiyot 72 / חדשות ארכיאולוגיות עב,1979,29,https://publications.iaa.org.il/cgi/viewcontent.cgi?article=1033&context=ha_hebrew_series,"ירושלים , ארמון-הנציב",JER_ALL,ארמון הנציב;ירושלים
ha_hebrew_series_34#017,S1,ha_hebrew_series,34,Hadashot Arkheologiyot 72 / חדשות ארכיאולוגיות עב,1979,30,https://publications.iaa.org.il/cgi/viewcontent.cgi?article=1033&context=ha_hebrew_series,"ירושלים , צפון תלפיות",JER_ALL,ירושלים;תלפיות
ha_hebrew_series_35#017,S1,ha_hebrew_series,35,Hadashot Arkheologiyot 74–75 / חדשות ארכיאולוגיות עד–עה,1980,20,https://publications.iaa.org.il/cgi/viewcontent.cgi?article=1034&context=ha_hebrew_series,"ירושלים , עיר דוד – המדרון המזרחי , יגאל שילה",JER_ALL,ירושלים;עיר דוד
ha_hebrew_series_35#018,S1,ha_hebrew_series,35,Hadashot Arkheologiyot 74–75 / חדשות ארכיאולוגיות עד–עה,1980,23,https://publications.iaa.org.il/cgi/viewcontent.cgi?article=1034&context=ha_hebrew_series,"ירושלים , גילה – אתר מתקופת ההתנחלות , עמיחי מזר",JER_ALL,ירושלים
ha_hebrew_series_36#008,S1,ha_hebrew_series,36,Hadashot Arkheologiyot 76 / חדשות ארכיאולוגיות עו,1981,14,https://publications.iaa.org.il/cgi/viewcontent.cgi?article=1035&context=ha_hebrew_series,"בית שאן , מנזר מהמאה הו' לסה""נ , אליוט בראון",beth_shean,בית שאן
ha_hebrew_series_36#015,S1,ha_hebrew_series,36,Hadashot Arkheologiyot 76 / חדשות ארכיאולוגיות עו,1981,19,https://publications.iaa.org.il/cgi/viewcontent.cgi?article=1035&context=ha_hebrew_series,"תל מרג'מה (עין סאמייה) , מ' זוהר",ein_samiya,מרגמה
ha_hebrew_series_36#017,S1,ha_hebrew_series,36,Hadashot Arkheologiyot 76 / חדשות ארכיאולוגיות עו,1981,20,https://publications.iaa.org.il/cgi/viewcontent.cgi?article=1035&context=ha_hebrew_series,"ירושלים , מגדל דוד - המצודה , הלל גבע",JER_ALL,ירושלים
ha_hebrew_series_36#018,S1,ha_hebrew_series,36,Hadashot Arkheologiyot 76 / חדשות ארכיאולוגיות עו,1981,24,https://publications.iaa.org.il/cgi/viewcontent.cgi?article=1035&context=ha_hebrew_series,"ירושלים , תלפיות מזרח – מערת קבורה , י' גת",JER_ALL,ירושלים;תלפיות
ha_hebrew_series_36#020,S1,ha_hebrew_series,36,Hadashot Arkheologiyot 76 / חדשות ארכיאולוגיות עו,1981,28,https://publications.iaa.org.il/cgi/viewcontent.cgi?article=1035&context=ha_hebrew_series,"ח' עקד , מרדכי גיחון",JER_ALL,גיחון
ha_hebrew_series_36#021,S1,ha_hebrew_series,36,Hadashot Arkheologiyot 76 / חדשות ארכיאולוגיות עו,1981,29,https://publications.iaa.org.il/cgi/viewcontent.cgi?article=1035&context=ha_hebrew_series,"השפלה , אבני מיל ודרכים רומיות בציר אמאוס – בית חורון תחתון , איתן איילון וישראל רול",beth_horon,בית חורון
ha_hebrew_series_36#030,S1,ha_hebrew_series,36,Hadashot Arkheologiyot 76 / חדשות ארכיאולוגיות עו,1981,40,https://publications.iaa.org.il/cgi/viewcontent.cgi?article=1035&context=ha_hebrew_series,"מדבר יהודה , סקר , יזהר הירשפלד",R_JD_CLIFFS,מדבר יהודה
ha_hebrew_series_37#001,S1,ha_hebrew_series,37,Hadashot Arkheologiyot 77 / חדשות ארכיאולוגיות עז,1981,1,https://publications.iaa.org.il/cgi/viewcontent.cgi?article=1036&context=ha_hebrew_series,"בירכת רם , אתר פריהיסטורי , נעמה גורן",JERICHO_ALL,נעמה
ha_hebrew_series_37#008,S1,ha_hebrew_series,37,Hadashot Arkheologiyot 77 / חדשות ארכיאולוגיות עז,1981,8,https://publications.iaa.org.il/cgi/viewcontent.cgi?article=1036&context=ha_hebrew_series,"בית שאן , שירידי אמפיתיאטרון, רחוב ביזנטיומבנים מהתקופות הביזטנית והאסלאמית הקדומה , גדעון פרסטר ויורם צפריר",beth_shean,בית שאן
ha_hebrew_series_37#019,S1,ha_hebrew_series,37,Hadashot Arkheologiyot 77 / חדשות ארכיאולוגיות עז,1981,24,https://publications.iaa.org.il/cgi/viewcontent.cgi?article=1036&context=ha_hebrew_series,"ירושלים , רמות",JER_ALL,ירושלים
ha_hebrew_series_37#020,S1,ha_hebrew_series,37,Hadashot Arkheologiyot 77 / חדשות ארכיאולוגיות עז,1981,24,https://publications.iaa.org.il/cgi/viewcontent.cgi?article=1036&context=ha_hebrew_series,"ירושלים , אמת מים ברחוב ממילא , עמוס קלונר וג' קופל",JER_ALL,ירושלים;ממילא
ha_hebrew_series_37#021,S1,ha_hebrew_series,37,Hadashot Arkheologiyot 77 / חדשות ארכיאולוגיות עז,1981,25,https://publications.iaa.org.il/cgi/viewcontent.cgi?article=1036&context=ha_hebrew_series,"ירושלים , ח' עין אל-תות , יוסף גת",JER_ALL,ירושלים
ha_hebrew_series_37#022,S1,ha_hebrew_series,37,Hadashot Arkheologiyot 77 / חדשות ארכיאולוגיות עז,1981,26,https://publications.iaa.org.il/cgi/viewcontent.cgi?article=1036&context=ha_hebrew_series,"ירושלים , הר ציון , ב' פיקסנר, ד' חן וש' מרגלית",JER_ALL,הר ציון;ירושלים
ha_hebrew_series_37#023,S1,ha_hebrew_series,37,Hadashot Arkheologiyot 77 / חדשות ארכיאולוגיות עז,1981,27,https://publications.iaa.org.il/cgi/viewcontent.cgi?article=1036&context=ha_hebrew_series,"ירושלים , הסינמטק , יוסף גת",JER_ALL,ירושלים
ha_hebrew_series_37#024,S1,ha_hebrew_series,37,Hadashot Arkheologiyot 77 / חדשות ארכיאולוגיות עז,1981,27,https://publications.iaa.org.il/cgi/viewcontent.cgi?article=1036&context=ha_hebrew_series,"ירושלים , עמק רפאים , גרשון אדלשטיין",JER_ALL,ירושלים
ha_hebrew_series_37#025,S1,ha_hebrew_series,37,Hadashot Arkheologiyot 77 / חדשות ארכיאולוגיות עז,1981,28,https://publications.iaa.org.il/cgi/viewcontent.cgi?article=1036&context=ha_hebrew_series,"ירושלים , ח' א-ראס , גרשון אדלשטיין ויוסף גת",JER_ALL,ירושלים
ha_hebrew_series_37#049,S1,ha_hebrew_series,37,Hadashot Arkheologiyot 77 / חדשות ארכיאולוגיות עז,1981,57,https://publications.iaa.org.il/cgi/viewcontent.cgi?article=1036&context=ha_hebrew_series,"בקעת יריחו , סקר דרכים עתיקות לבקעת יריחו , צבי אילן ודוד עמית",JERICHO_ALL,יריחו
ha_hebrew_series_37#050,S1,ha_hebrew_series,37,Hadashot Arkheologiyot 77 / חדשות ארכיאולוגיות עז,1981,58,https://publications.iaa.org.il/cgi/viewcontent.cgi?article=1036&context=ha_hebrew_series,"הרי ירושלים , סקר , בני פרנקל",JER_ALL,ירושלים
ha_hebrew_series_38#010,S1,ha_hebrew_series,38,Hadashot Arkheologiyot 78–79 / חדשות ארכיאולוגיות עח–עט,1982,17,https://publications.iaa.org.il/cgi/viewcontent.cgi?article=1037&context=ha_hebrew_series,"חיפה , ממצא תת-ימי",carmel_siah,חיפה
ha_hebrew_series_38#043,S1,ha_hebrew_series,38,Hadashot Arkheologiyot 78–79 / חדשות ארכיאולוגיות עח–עט,1982,61,https://publications.iaa.org.il/cgi/viewcontent.cgi?article=1037&context=ha_hebrew_series,"ירושלים , הרובע היהודי",JER_ALL,ירושלים
ha_hebrew_series_38#044,S1,ha_hebrew_series,38,Hadashot Arkheologiyot 78–79 / חדשות ארכיאולוגיות עח–עט,1982,62,https://publications.iaa.org.il/cgi/viewcontent.cgi?article=1037&context=ha_hebrew_series,"ירושלים , עיר דוד",JER_ALL,ירושלים;עיר דוד
ha_hebrew_series_38#045,S1,ha_hebrew_series,38,Hadashot Arkheologiyot 78–79 / חדשות ארכיאולוגיות עח–עט,1982,65,https://publications.iaa.org.il/cgi/viewcontent.cgi?article=1037&context=ha_hebrew_series,"ירושלים , סקר צפון-מזרח ירושלים",JER_ALL,ירושלים
ha_hebrew_series_38#046,S1,ha_hebrew_series,38,Hadashot Arkheologiyot 78–79 / חדשות ארכיאולוגיות עח–עט,1982,66,https://publications.iaa.org.il/cgi/viewcontent.cgi?article=1037&context=ha_hebrew_series,"ירושלים , סקר רמות",JER_ALL,ירושלים
ha_hebrew_series_38#047,S1,ha_hebrew_series,38,Hadashot Arkheologiyot 78–79 / חדשות ארכיאולוגיות עח–עט,1982,68,https://publications.iaa.org.il/cgi/viewcontent.cgi?article=1037&context=ha_hebrew_series,"ירושלים , ח' עין אל-תות",JER_ALL,ירושלים
ha_hebrew_series_38#048,S1,ha_hebrew_series,38,Hadashot Arkheologiyot 78–79 / חדשות ארכיאולוגיות עח–עט,1982,68,https://publications.iaa.org.il/cgi/viewcontent.cgi?article=1037&context=ha_hebrew_series,"ירושלים , רמות",JER_ALL,ירושלים
ha_hebrew_series_38#049,S1,ha_hebrew_series,38,Hadashot Arkheologiyot 78–79 / חדשות ארכיאולוגיות עח–עט,1982,69,https://publications.iaa.org.il/cgi/viewcontent.cgi?article=1037&context=ha_hebrew_series,"ירושלים , נווה יעקב",JER_ALL,ירושלים
ha_hebrew_series_38#050,S1,ha_hebrew_series,38,Hadashot Arkheologiyot 78–79 / חדשות ארכיאולוגיות עח–עט,1982,69,https://publications.iaa.org.il/cgi/viewcontent.cgi?article=1037&context=ha_hebrew_series,"ירושלים , גילה",JER_ALL,ירושלים
ha_hebrew_series_38#051,S1,ha_hebrew_series,38,Hadashot Arkheologiyot 78–79 / חדשות ארכיאולוגיות עח–עט,1982,70,https://publications.iaa.org.il/cgi/viewcontent.cgi?article=1037&context=ha_hebrew_series,"ירושלים , הר הצופים",JER_ALL,ירושלים
ha_hebrew_series_38#052,S1,ha_hebrew_series,38,Hadashot Arkheologiyot 78–79 / חדשות ארכיאולוגיות עח–עט,1982,71,https://publications.iaa.org.il/cgi/viewcontent.cgi?article=1037&context=ha_hebrew_series,"ירושלים , מגרש הרוסים",JER_ALL,ירושלים
ha_hebrew_series_38#053,S1,ha_hebrew_series,38,Hadashot Arkheologiyot 78–79 / חדשות ארכיאולוגיות עח–עט,1982,71,https://publications.iaa.org.il/cgi/viewcontent.cgi?article=1037&context=ha_hebrew_series,"ירושלים , שדרות בן-צבי",JER_ALL,ירושלים
ha_hebrew_series_38#060,S1,ha_hebrew_series,38,Hadashot Arkheologiyot 78–79 / חדשות ארכיאולוגיות עח–עט,1982,79,https://publications.iaa.org.il/cgi/viewcontent.cgi?article=1037&context=ha_hebrew_series,"הרודיון , 1980",tekoa_herodium,הרודיון
ha_hebrew_series_39#022,S1,ha_hebrew_series,39,Hadashot Arkheologiyot 80–81 / חדשות ארכיאולוגיות פ–פא,1982,28,https://publications.iaa.org.il/cgi/viewcontent.cgi?article=1038&context=ha_hebrew_series,"ירושלים , עיסוייה ירושלים , כביש ירושלים - מעלה אדומים",JER_ALL,ירושלים
ha_hebrew_series_39#023,S1,ha_hebrew_series,39,Hadashot Arkheologiyot 80–81 / חדשות ארכיאולוגיות פ–פא,1982,57,https://publications.iaa.org.il/cgi/viewcontent.cgi?article=1038&context=ha_hebrew_series,"ירושלים , רמות",JER_ALL,ירושלים
ha_hebrew_series_39#024,S1,ha_hebrew_series,39,Hadashot Arkheologiyot 80–81 / חדשות ארכיאולוגיות פ–פא,1982,57,https://publications.iaa.org.il/cgi/viewcontent.cgi?article=1038&context=ha_hebrew_series,"ירושלים , הר ציון",JER_ALL,הר ציון;ירושלים
ha_hebrew_series_39#025,S1,ha_hebrew_series,39,Hadashot Arkheologiyot 80–81 / חדשות ארכיאולוגיות פ–פא,1982,31,https://publications.iaa.org.il/cgi/viewcontent.cgi?article=1038&context=ha_hebrew_series,"ירושלים , עמק רפאים",JER_ALL,ירושלים
ha_hebrew_series_39#026,S1,ha_hebrew_series,39,Hadashot Arkheologiyot 80–81 / חדשות ארכיאולוגיות פ–פא,1982,32,https://publications.iaa.org.il/cgi/viewcontent.cgi?article=1038&context=ha_hebrew_series,"ירושלים , מזרח תלפיות",JER_ALL,ירושלים;תלפיות
ha_hebrew_series_4#022,S2,ha_hebrew_series,4,Hadashot Arkheologiyot 7 / חדשות ארכיאולוגיות ז,1963,27,https://publications.iaa.org.il/cgi/viewcontent.cgi?article=1003&context=ha_hebrew_series,"קבר יסון בירושלים , לוי י' רחמני",JER_ALL,ירושלים
ha_hebrew_series_40#019,S1,ha_hebrew_series,40,Hadashot Arkheologiyot 83 / חדשות ארכיאולוגיות פג,1983,25,https://publications.iaa.org.il/cgi/viewcontent.cgi?article=1039&context=ha_hebrew_series,"שכם , יצחק מגן",gerizim,שכם
ha_hebrew_series_40#026,S1,ha_hebrew_series,40,Hadashot Arkheologiyot 83 / חדשות ארכיאולוגיות פג,1983,34,https://publications.iaa.org.il/cgi/viewcontent.cgi?article=1039&context=ha_hebrew_series,"נערן , חנניה היזמי",JERICHO_ALL,נערן
ha_hebrew_series_40#027,S1,ha_hebrew_series,40,Hadashot Arkheologiyot 83 / חדשות ארכיאולוגיות פג,1983,36,https://publications.iaa.org.il/cgi/viewcontent.cgi?article=1039&context=ha_hebrew_series,"יריחו , ארמון החורף (תולול אבו אל-עלייק) – 1983 , אהוד נצר",JERICHO_ALL,יריחו
ha_hebrew_series_40#029,S1,ha_hebrew_series,40,Hadashot Arkheologiyot 83 / חדשות ארכיאולוגיות פג,1983,39,https://publications.iaa.org.il/cgi/viewcontent.cgi?article=1039&context=ha_hebrew_series,"ירושלים , עיר דוד (1983) , יגאל שילה",JER_ALL,ירושלים;עיר דוד
ha_hebrew_series_40#030,S1,ha_hebrew_series,40,Hadashot Arkheologiyot 83 / חדשות ארכיאולוגיות פג,1983,42,https://publications.iaa.org.il/cgi/viewcontent.cgi?article=1039&context=ha_hebrew_series,"הרודיון , 1982-1983 , אהוד נצר",tekoa_herodium,הרודיון
ha_hebrew_series_41#029,S1,ha_hebrew_series,41,Hadashot Arkheologiyot 84 / חדשות ארכיאולוגיות פד,1984,40,https://publications.iaa.org.il/cgi/viewcontent.cgi?article=1040&context=ha_hebrew_series,"מדבר יהודה , סקר מערות מסתור , יוסף פטריך",R_JD_CLIFFS,מדבר יהודה
ha_hebrew_series_41#031,S1,ha_hebrew_series,41,Hadashot Arkheologiyot 84 / חדשות ארכיאולוגיות פד,1984,44,https://publications.iaa.org.il/cgi/viewcontent.cgi?article=1040&context=ha_hebrew_series,"ירושלים , סקר רמות , גבי מזור",JER_ALL,ירושלים
ha_hebrew_series_41#032,S1,ha_hebrew_series,41,Hadashot Arkheologiyot 84 / חדשות ארכיאולוגיות פד,1984,45,https://publications.iaa.org.il/cgi/viewcontent.cgi?article=1040&context=ha_hebrew_series,"ירושלים , חומת רחוב הגיא , עמוס קלונר",JER_ALL,ירושלים
ha_hebrew_series_41#033,S1,ha_hebrew_series,41,Hadashot Arkheologiyot 84 / חדשות ארכיאולוגיות פד,1984,47,https://publications.iaa.org.il/cgi/viewcontent.cgi?article=1040&context=ha_hebrew_series,"ירושלים , רמות, מערת קבורה , הרלי שטרק",JER_ALL,ירושלים
ha_hebrew_series_41#034,S1,ha_hebrew_series,41,Hadashot Arkheologiyot 84 / חדשות ארכיאולוגיות פד,1984,48,https://publications.iaa.org.il/cgi/viewcontent.cgi?article=1040&context=ha_hebrew_series,"ירושלים , חפירה המצודה – מגדל דוד , גיורא סולר ורנה סיוון",JER_ALL,ירושלים
ha_hebrew_series_41#035,S1,ha_hebrew_series,41,Hadashot Arkheologiyot 84 / חדשות ארכיאולוגיות פד,1984,49,https://publications.iaa.org.il/cgi/viewcontent.cgi?article=1040&context=ha_hebrew_series,"ירושלים , כביש מעלה אדומים , גבי מזור",JER_ALL,ירושלים
ha_hebrew_series_41#036,S1,ha_hebrew_series,41,Hadashot Arkheologiyot 84 / חדשות ארכיאולוגיות פד,1984,50,https://publications.iaa.org.il/cgi/viewcontent.cgi?article=1040&context=ha_hebrew_series,"ירושלים , סקר מפת תלפיות , יזהר הירשפלד",JER_ALL,ירושלים;תלפיות
ha_hebrew_series_42#032,S1,ha_hebrew_series,42,Hadashot Arkheologiyot 86 / חדשות ארכיאולוגיות פו,1985,23,https://publications.iaa.org.il/cgi/viewcontent.cgi?article=1041&context=ha_hebrew_series,"ירושלים , אבו טור",JER_ALL,אבו טור;ירושלים
ha_hebrew_series_42#033,S1,ha_hebrew_series,42,Hadashot Arkheologiyot 86 / חדשות ארכיאולוגיות פו,1985,22,https://publications.iaa.org.il/cgi/viewcontent.cgi?article=1041&context=ha_hebrew_series,"ירושלים , שער האשפות",JER_ALL,ירושלים
ha_hebrew_series_42#034,S1,ha_hebrew_series,42,Hadashot Arkheologiyot 86 / חדשות ארכיאולוגיות פו,1985,23,https://publications.iaa.org.il/cgi/viewcontent.cgi?article=1041&context=ha_hebrew_series,"ירושלים , אבו טור",JER_ALL,אבו טור;ירושלים
ha_hebrew_series_43#016,S1,ha_hebrew_series,43,Hadashot Arkheologiyot 87 / חדשות ארכיאולוגיות פז,1985,18,https://publications.iaa.org.il/cgi/viewcontent.cgi?article=1042&context=ha_hebrew_series,"חיפה , נווה דוד , ד' קאופמן וא' רונן",carmel_siah,חיפה
ha_hebrew_series_44#017,S1,ha_hebrew_series,44,Hadashot Arkheologiyot 88 / חדשות ארכיאולוגיות פח,1986,17,https://publications.iaa.org.il/cgi/viewcontent.cgi?article=1043&context=ha_hebrew_series,יריחו,JERICHO_ALL,יריחו
ha_hebrew_series_44#023,S1,ha_hebrew_series,44,Hadashot Arkheologiyot 88 / חדשות ארכיאולוגיות פח,1986,24,https://publications.iaa.org.il/cgi/viewcontent.cgi?article=1043&context=ha_hebrew_series,"הרודיון , 1984-1985",tekoa_herodium,הרודיון
ha_hebrew_series_45#030,S1,ha_hebrew_series,45,Hadashot Arkheologiyot 89 / חדשות ארכיאולוגיות פט,1987,36,https://publications.iaa.org.il/cgi/viewcontent.cgi?article=1044&context=ha_hebrew_series,כתף יריחו,JERICHO_ALL,יריחו
ha_hebrew_series_45#033,S1,ha_hebrew_series,45,Hadashot Arkheologiyot 89 / חדשות ארכיאולוגיות פט,1987,38,https://publications.iaa.org.il/cgi/viewcontent.cgi?article=1044&context=ha_hebrew_series,"ירושלים , העופל",JER_ALL,ירושלים;עופל
ha_hebrew_series_45#034,S1,ha_hebrew_series,45,Hadashot Arkheologiyot 89 / חדשות ארכיאולוגיות פט,1987,39,https://publications.iaa.org.il/cgi/viewcontent.cgi?article=1044&context=ha_hebrew_series,"ירושלים , עין יעל",JER_ALL,ירושלים
ha_hebrew_series_46#001,S1,ha_hebrew_series,46,Hadashot Arkheologiyot 91 / חדשות ארכיאולוגיות צא,1988,3,https://publications.iaa.org.il/cgi/viewcontent.cgi?article=1045&context=ha_hebrew_series,"בית שאן , בית המרחץ, האודיאון, התיאטרון, רחוב העמודים , גבי מזור",beth_shean,בית שאן
ha_hebrew_series_46#002,S1,ha_hebrew_series,46,Hadashot Arkheologiyot 91 / חדשות ארכיאולוגיות צא,1988,1,https://publications.iaa.org.il/cgi/viewcontent.cgi?article=1045&context=ha_hebrew_series,"בית שאן , מבוא , זאב ייבין",beth_shean,בית שאן
ha_hebrew_series_46#003,S1,ha_hebrew_series,46,Hadashot Arkheologiyot 91 / חדשות ארכיאולוגיות צא,1988,15,https://publications.iaa.org.il/cgi/viewcontent.cgi?article=1045&context=ha_hebrew_series,"בית שאן , רחוב העמודים, מקדש, נימפיאון , גדעון פרסטר, יורם צפריר",beth_shean,בית שאן
ha_hebrew_series_46#004,S1,ha_hebrew_series,46,Hadashot Arkheologiyot 91 / חדשות ארכיאולוגיות צא,1988,19,https://publications.iaa.org.il/cgi/viewcontent.cgi?article=1045&context=ha_hebrew_series,"בית שאן , הרחבה המרכזית ורחוב העמודים הצפוני",beth_shean,בית שאן
ha_hebrew_series_46#005,S1,ha_hebrew_series,46,Hadashot Arkheologiyot 91 / חדשות ארכיאולוגיות צא,1988,21,https://publications.iaa.org.il/cgi/viewcontent.cgi?article=1045&context=ha_hebrew_series,"בית שאן , בסיליקה מהתקופה הרומית",beth_shean,בית שאן
ha_hebrew_series_46#006,S1,ha_hebrew_series,46,Hadashot Arkheologiyot 91 / חדשות ארכיאולוגיות צא,1988,23,https://publications.iaa.org.il/cgi/viewcontent.cgi?article=1045&context=ha_hebrew_series,"בית שאן , שדירת עמודים מהתקופה הרומית ורחוב חנויות מהתקופה הביזאנטית",beth_shean,בית שאן
ha_hebrew_series_46#007,S1,ha_hebrew_series,46,Hadashot Arkheologiyot 91 / חדשות ארכיאולוגיות צא,1988,24,https://publications.iaa.org.il/cgi/viewcontent.cgi?article=1045&context=ha_hebrew_series,"בית שאן , אמפיתאטרון, רחוב ורובע מגורים מהתקופה הביזאנטית , גדעון פרסטר, יורם צפריר",beth_shean,בית שאן
ha_hebrew_series_46#008,S1,ha_hebrew_series,46,Hadashot Arkheologiyot 91 / חדשות ארכיאולוגיות צא,1988,31,https://publications.iaa.org.il/cgi/viewcontent.cgi?article=1045&context=ha_hebrew_series,"בית שאן , בית המרחץ הדרומי , מיכל פלג",beth_shean,בית שאן
ha_hebrew_series_46#009,S1,ha_hebrew_series,46,Hadashot Arkheologiyot 91 / חדשות ארכיאולוגיות צא,1988,32,https://publications.iaa.org.il/cgi/viewcontent.cgi?article=1045&context=ha_hebrew_series,"בית שאן , חפירות ממערב לבית המרחץ הדרומי , פאני ויטו",beth_shean,בית שאן
ha_hebrew_series_47#028,S1,ha_hebrew_series,47,Hadashot Arkheologiyot 92 / חדשות ארכיאולוגיות צב,1988,35,https://publications.iaa.org.il/cgi/viewcontent.cgi?article=1046&context=ha_hebrew_series,"ירושלים , הר הצופים",JER_ALL,ירושלים
ha_hebrew_series_47#029,S1,ha_hebrew_series,47,Hadashot Arkheologiyot 92 / חדשות ארכיאולוגיות צב,1988,35,https://publications.iaa.org.il/cgi/viewcontent.cgi?article=1046&context=ha_hebrew_series,"ירושלים , רמות",JER_ALL,ירושלים
ha_hebrew_series_47#030,S1,ha_hebrew_series,47,Hadashot Arkheologiyot 92 / חדשות ארכיאולוגיות צב,1988,37,https://publications.iaa.org.il/cgi/viewcontent.cgi?article=1046&context=ha_hebrew_series,"ירושלים , עמק רפאים",JER_ALL,ירושלים
ha_hebrew_series_47#031,S1,ha_hebrew_series,47,Hadashot Arkheologiyot 92 / חדשות ארכיאולוגיות צב,1988,37,https://publications.iaa.org.il/cgi/viewcontent.cgi?article=1046&context=ha_hebrew_series,"ירושלים , עין יעל - 1987",JER_ALL,ירושלים
ha_hebrew_series_47#032,S1,ha_hebrew_series,47,Hadashot Arkheologiyot 92 / חדשות ארכיאולוגיות צב,1988,39,https://publications.iaa.org.il/cgi/viewcontent.cgi?article=1046&context=ha_hebrew_series,"ירושלים , מנחת",JER_ALL,ירושלים
ha_hebrew_series_47#033,S1,ha_hebrew_series,47,Hadashot Arkheologiyot 92 / חדשות ארכיאולוגיות צב,1988,43,https://publications.iaa.org.il/cgi/viewcontent.cgi?article=1046&context=ha_hebrew_series,"ירושלים , נחל רפאים",JER_ALL,ירושלים
ha_hebrew_series_48#034,S2,ha_hebrew_series,48,Hadashot Arkheologiyot 94 / חדשות ארכיאולוגיות צד,1989,39–43,https://publications.iaa.org.il/cgi/viewcontent.cgi?article=1047&context=ha_hebrew_series,"מנזרים במדבר יהודה ובשומרון-1987 (ב) , יזהר הירשפלד",R_JD_CLIFFS,מדבר יהודה
ha_hebrew_series_48#038,S1,ha_hebrew_series,48,Hadashot Arkheologiyot 94 / חדשות ארכיאולוגיות צד,1989,46,https://publications.iaa.org.il/cgi/viewcontent.cgi?article=1047&context=ha_hebrew_series,"ירושלים , הר הצופים – מערות קבורה , ורדה סוזמן",JER_ALL,ירושלים
ha_hebrew_series_48#039,S1,ha_hebrew_series,48,Hadashot Arkheologiyot 94 / חדשות ארכיאולוגיות צד,1989,47,https://publications.iaa.org.il/cgi/viewcontent.cgi?article=1047&context=ha_hebrew_series,"ירושלים , כיכר העירייה , דן בהט וערן מאייר",JER_ALL,ירושלים
ha_hebrew_series_48#040,S1,ha_hebrew_series,48,Hadashot Arkheologiyot 94 / חדשות ארכיאולוגיות צד,1989,48,https://publications.iaa.org.il/cgi/viewcontent.cgi?article=1047&context=ha_hebrew_series,"ירושלים , אתר בית המשפט העליון , הרלי שטרק",JER_ALL,ירושלים
ha_hebrew_series_48#063,S1,ha_hebrew_series,48,Hadashot Arkheologiyot 94 / חדשות ארכיאולוגיות צד,1989,67,https://publications.iaa.org.il/cgi/viewcontent.cgi?article=1047&context=ha_hebrew_series,"אבני מיל בדרך בית-שאן – פלה , אבשלום יעקובי",beth_shean,בית שאן
ha_hebrew_series_49#002,S1,ha_hebrew_series,49,Hadashot Arkheologiyot 96 / חדשות ארכיאולוגיות צו,1991,2,https://publications.iaa.org.il/cgi/viewcontent.cgi?article=1048&context=ha_hebrew_series,"גשר בנות יעקב , 1990 , נעמה גורן-עינבר",JERICHO_ALL,נעמה
ha_hebrew_series_49#005,S1,ha_hebrew_series,49,Hadashot Arkheologiyot 96 / חדשות ארכיאולוגיות צו,1991,4,https://publications.iaa.org.il/cgi/viewcontent.cgi?article=1048&context=ha_hebrew_series,"תל בית שאן , 1989-1990 , עמיחי מזר",beth_shean,בית שאן
ha_hebrew_series_49#013,S1,ha_hebrew_series,49,Hadashot Arkheologiyot 96 / חדשות ארכיאולוגיות צו,1991,20,https://publications.iaa.org.il/cgi/viewcontent.cgi?article=1048&context=ha_hebrew_series,"ירושלים , אזור ממילא , רוני רייך, אלי שוקרון ויעקב ביליג",JER_ALL,ירושלים;ממילא
ha_hebrew_series_49#014,S1,ha_hebrew_series,49,Hadashot Arkheologiyot 96 / חדשות ארכיאולוגיות צו,1991,21,https://publications.iaa.org.il/cgi/viewcontent.cgi?article=1048&context=ha_hebrew_series,"ירושלים , שכונת עזרת תורה",JER_ALL,ירושלים
ha_hebrew_series_49#020,S1,ha_hebrew_series,49,Hadashot Arkheologiyot 96 / חדשות ארכיאולוגיות צו,1991,30,https://publications.iaa.org.il/cgi/viewcontent.cgi?article=1048&context=ha_hebrew_series,"המערה התלויה של חריטון , יזהר הירשפלד",natuf,חריטון
ha_hebrew_series_49#038,S1,ha_hebrew_series,49,Hadashot Arkheologiyot 96 / חדשות ארכיאולוגיות צו,1991,46,https://publications.iaa.org.il/cgi/viewcontent.cgi?article=1048&context=ha_hebrew_series,מגילות מדבר יהודה באוסף רשות העתיקות,R_JD_CLIFFS,מדבר יהודה
ha_hebrew_series_5#003,S2,ha_hebrew_series,5,Hadashot Arkheologiyot 8 / חדשות ארכיאולוגיות ח,1963,6–9,https://publications.iaa.org.il/cgi/viewcontent.cgi?article=1004&context=ha_hebrew_series,"פפירוסים ארמיים במערה צפונית ליריחו , פרנק מ' קרוס",JERICHO_ALL,יריחו
ha_hebrew_series_50#001,S1,ha_hebrew_series,50,Hadashot Arkheologiyot 105 / חדשות ארכיאולוגיות קה,1996,7,https://publications.iaa.org.il/cgi/viewcontent.cgi?article=1049&context=ha_hebrew_series,"בית שאן , משלחת רשות העתיקות , 30/92-G-5/93 ,G-12/94 ,G, גבי מזור ורחל בר-נתן",beth_shean,בית שאן
ha_hebrew_series_51#001,S2,ha_hebrew_series,51,Hadashot Arkheologiyot 4 / חדשות ארכיאולוגיות ד,1962,1–3,https://publications.iaa.org.il/cgi/viewcontent.cgi?article=1050&context=ha_hebrew_series,"בית הכנסת בבית שאן , נחמיה צורי",beth_shean,בית שאן
ha_hebrew_series_51#004,S1,ha_hebrew_series,51,Hadashot Arkheologiyot 4 / חדשות ארכיאולוגיות ד,1962,6–7,https://publications.iaa.org.il/cgi/viewcontent.cgi?article=1050&context=ha_hebrew_series,"רמת רחל , יוחנן אהרוני",JER_ALL,רמת רחל
ha_hebrew_series_51#012,S2,ha_hebrew_series,51,Hadashot Arkheologiyot 4 / חדשות ארכיאולוגיות ד,1962,16–17,https://publications.iaa.org.il/cgi/viewcontent.cgi?article=1050&context=ha_hebrew_series,"קבר מימי הבית השני בירושלים , משה דותן, זאב ייבין וש' נחמני",JER_ALL,ירושלים
ha_hebrew_series_52#001,S1,ha_hebrew_series,52,Hadashot Arkheologiyot 5 / חדשות ארכיאולוגיות ה,1963,2–4,https://publications.iaa.org.il/cgi/viewcontent.cgi?article=1051&context=ha_hebrew_series,"רמת רחל , המצודה , יוחנן אהרוני",JER_ALL,רמת רחל
ha_hebrew_series_52#004,S2,ha_hebrew_series,52,Hadashot Arkheologiyot 5 / חדשות ארכיאולוגיות ה,1963,9–10,https://publications.iaa.org.il/cgi/viewcontent.cgi?article=1051&context=ha_hebrew_series,"בית הכנסת בבית שאן , נחמיה צורי",beth_shean,בית שאן
ha_hebrew_series_52#008,S1,ha_hebrew_series,52,Hadashot Arkheologiyot 5 / חדשות ארכיאולוגיות ה,1963,13–14,https://publications.iaa.org.il/cgi/viewcontent.cgi?article=1051&context=ha_hebrew_series,"קברים יהודים ברוממה ירושלים , לוי י' רחמני",JER_ALL,ירושלים
ha_hebrew_series_53#010,S1,ha_hebrew_series,53,Hadashot Arkheologiyot 6 / חדשות ארכיאולוגיות ו,1963,16,https://publications.iaa.org.il/cgi/viewcontent.cgi?article=1052&context=ha_hebrew_series,התיאטרון הרומי בית שאן,beth_shean,בית שאן
ha_hebrew_series_53#011,S2,ha_hebrew_series,53,Hadashot Arkheologiyot 6 / חדשות ארכיאולוגיות ו,1963,16–17,https://publications.iaa.org.il/cgi/viewcontent.cgi?article=1052&context=ha_hebrew_series,פעולות שימור בירושלים,JER_ALL,ירושלים
ha_hebrew_series_53#016,S1,ha_hebrew_series,53,Hadashot Arkheologiyot 6 / חדשות ארכיאולוגיות ו,1963,20–21,https://publications.iaa.org.il/cgi/viewcontent.cgi?article=1052&context=ha_hebrew_series,"החפירה ברגם מס' 3 ליד ירושלים , זאב ייבין",JER_ALL,ירושלים
ha_hebrew_series_54#014,S2,ha_hebrew_series,54,Hadashot Arkheologiyot 9 / חדשות ארכיאולוגיות ט,1964,18,https://publications.iaa.org.il/cgi/viewcontent.cgi?article=1053&context=ha_hebrew_series,"מערת קברים בירושלים , א' חירם",JER_ALL,ירושלים
ha_hebrew_series_56#003,S2,ha_hebrew_series,56,Hadashot Arkheologiyot 16 / חדשות ארכיאולוגיות טז,1965,5,https://publications.iaa.org.il/cgi/viewcontent.cgi?article=1055&context=ha_hebrew_series,מערה מימי בית שני נחשפה בירושלים,JER_ALL,ירושלים
ha_hebrew_series_57#003,S1,ha_hebrew_series,57,Hadashot Arkheologiyot 10 / חדשות ארכיאולוגיות י,1964,8–10,https://publications.iaa.org.il/cgi/viewcontent.cgi?article=1056&context=ha_hebrew_series,"מצד גוזל על חוף ים המלח , יוחנן אהרוני",R_JD_CLIFFS,ים המלח
ha_hebrew_series_57#006,S1,ha_hebrew_series,57,Hadashot Arkheologiyot 10 / חדשות ארכיאולוגיות י,1964,12–13,https://publications.iaa.org.il/cgi/viewcontent.cgi?article=1056&context=ha_hebrew_series,"ירושלים, קברים ישראליים וסקר בסביבות ירושלים , אורה נגבי וש' נחמני",JER_ALL,ירושלים
ha_hebrew_series_57#007,S2,ha_hebrew_series,57,Hadashot Arkheologiyot 10 / חדשות ארכיאולוגיות י,1964,13,https://publications.iaa.org.il/cgi/viewcontent.cgi?article=1056&context=ha_hebrew_series,"שרידי קבר יהודי בירושלים , לוי י' רחמני",JER_ALL,ירושלים
ha_hebrew_series_57#014,S2,ha_hebrew_series,57,Hadashot Arkheologiyot 10 / חדשות ארכיאולוגיות י,1964,19,https://publications.iaa.org.il/cgi/viewcontent.cgi?article=1056&context=ha_hebrew_series,כלי זואומורפי מבית שאן,beth_shean,בית שאן
ha_hebrew_series_59#007,S1,ha_hebrew_series,59,Hadashot Arkheologiyot 12 / חדשות ארכיאולוגיות יב,1964,13–14,https://publications.iaa.org.il/cgi/viewcontent.cgi?article=1058&context=ha_hebrew_series,"הסקר הארכיאולוגי באיזור חיפה , אברהם רונן",carmel_siah,חיפה
ha_hebrew_series_6#009,S1,ha_hebrew_series,6,Hadashot Arkheologiyot 14 / חדשות ארכיאולוגיות יד,1965,6–7,https://publications.iaa.org.il/cgi/viewcontent.cgi?article=1005&context=ha_hebrew_series,"בית שאן , נחמיה צורי",beth_shean,בית שאן
ha_hebrew_series_60#008,S2,ha_hebrew_series,60,Hadashot Arkheologiyot 13 / חדשות ארכיאולוגיות יג,1965,10,https://publications.iaa.org.il/cgi/viewcontent.cgi?article=1059&context=ha_hebrew_series,"מערת קברים בתלפיות , דן בהט",JER_ALL,תלפיות
ha_hebrew_series_60#011,S1,ha_hebrew_series,60,Hadashot Arkheologiyot 13 / חדשות ארכיאולוגיות יג,1965,12–14,https://publications.iaa.org.il/cgi/viewcontent.cgi?article=1059&context=ha_hebrew_series,"הסקר הארכיאולוגי באזור חיפה , אברהם רונן",carmel_siah,חיפה
ha_hebrew_series_60#013,S1,ha_hebrew_series,60,Hadashot Arkheologiyot 13 / חדשות ארכיאולוגיות יג,1965,15–16,https://publications.iaa.org.il/cgi/viewcontent.cgi?article=1059&context=ha_hebrew_series,"בית שאן , נחמיה צורי",beth_shean,בית שאן
ha_hebrew_series_61#023,S1,ha_hebrew_series,61,Hadashot Arkheologiyot 17 / חדשות ארכיאולוגיות יז,1966,27–28,https://publications.iaa.org.il/cgi/viewcontent.cgi?article=1060&context=ha_hebrew_series,"הסקר הארכיאולוגי בישראל: חיפה - מערב , יעקב עולמי",carmel_siah,חיפה
ha_hebrew_series_61#024,S1,ha_hebrew_series,61,Hadashot Arkheologiyot 17 / חדשות ארכיאולוגיות יז,1966,29–30,https://publications.iaa.org.il/cgi/viewcontent.cgi?article=1060&context=ha_hebrew_series,"הסקר הארכיאולוגי בישראל: חיפה - מזרח , אברהם רונן",carmel_siah,חיפה
ha_hebrew_series_63#014,S2,ha_hebrew_series,63,Hadashot Arkheologiyot 25 / חדשות ארכיאולוגיות כה,1968,16–19,https://publications.iaa.org.il/cgi/viewcontent.cgi?article=1062&context=ha_hebrew_series,"חפירות בירושלים 1967 , קתלין מ' קניון",JER_ALL,ירושלים
ha_hebrew_series_63#015,S1,ha_hebrew_series,63,Hadashot Arkheologiyot 25 / חדשות ארכיאולוגיות כה,1968,19–20,https://publications.iaa.org.il/cgi/viewcontent.cgi?article=1062&context=ha_hebrew_series,"ירושלים: קברים מימי בית שני בארנונה , וסיליוס צפיריס ושרה בן-אריה",JER_ALL,ארנונה;ירושלים
ha_hebrew_series_63#022,S1,ha_hebrew_series,63,Hadashot Arkheologiyot 25 / חדשות ארכיאולוגיות כה,1968,28–30,https://publications.iaa.org.il/cgi/viewcontent.cgi?article=1062&context=ha_hebrew_series,"סקר ארכיאולוגי של ישראל: סקר באיזור שכם , א' קמפבל",gerizim,שכם
ha_hebrew_series_64#028,S1,ha_hebrew_series,64,Hadashot Arkheologiyot 29–28 / חדשות ארכיאולוגיות כח–כט,1969,26–28,https://publications.iaa.org.il/cgi/viewcontent.cgi?article=1063&context=ha_hebrew_series,"ירושלים: סקר בכפר השילוח , דוד אוסישקין",JER_ALL,השילוח;ירושלים;שילוח
ha_hebrew_series_64#029,S1,ha_hebrew_series,64,Hadashot Arkheologiyot 29–28 / חדשות ארכיאולוגיות כח–כט,1969,28–29,https://publications.iaa.org.il/cgi/viewcontent.cgi?article=1063&context=ha_hebrew_series,ירושלים: מערות ברחוב שמואל הנביא,JER_ALL,ירושלים
ha_hebrew_series_64#035,S1,ha_hebrew_series,64,Hadashot Arkheologiyot 29–28 / חדשות ארכיאולוגיות כח–כט,1969,36,https://publications.iaa.org.il/cgi/viewcontent.cgi?article=1063&context=ha_hebrew_series,"הרודיון , גדעון פרסטר",tekoa_herodium,הרודיון
ha_hebrew_series_64#038,S1,ha_hebrew_series,64,Hadashot Arkheologiyot 29–28 / חדשות ארכיאולוגיות כח–כט,1969,39–40,https://publications.iaa.org.il/cgi/viewcontent.cgi?article=1063&context=ha_hebrew_series,"ח' תאנאניר ליד שכם , ר' בולינג",gerizim,שכם
ha_hebrew_series_64#045,S1,ha_hebrew_series,64,Hadashot Arkheologiyot 29–28 / חדשות ארכיאולוגיות כח–כט,1969,28,https://publications.iaa.org.il/cgi/viewcontent.cgi?article=1063&context=ha_hebrew_series,"ירושלים: ""מערת האשכולות""",JER_ALL,ירושלים
ha_hebrew_series_65#004,S2,ha_hebrew_series,65,Hadashot Arkheologiyot 36 / חדשות ארכיאולוגיות לו,1970,7,https://publications.iaa.org.il/cgi/viewcontent.cgi?article=1064&context=ha_hebrew_series,"בית כנסת עתיק בבית שאן , דן בהט ואדם דרוקס",beth_shean,בית שאן
ha_hebrew_series_65#010,S1,ha_hebrew_series,65,Hadashot Arkheologiyot 36 / חדשות ארכיאולוגיות לו,1970,11–12,https://publications.iaa.org.il/cgi/viewcontent.cgi?article=1064&context=ha_hebrew_series,"עין סמיה , בקיזה שאנטור",ein_samiya,סמיה
ha_hebrew_series_65#012,S1,ha_hebrew_series,65,Hadashot Arkheologiyot 36 / חדשות ארכיאולוגיות לו,1970,13,https://publications.iaa.org.il/cgi/viewcontent.cgi?article=1064&context=ha_hebrew_series,"ירושלים: הרובע היהודי , נחמן אביגד",JER_ALL,ירושלים
ha_hebrew_series_65#013,S1,ha_hebrew_series,65,Hadashot Arkheologiyot 36 / חדשות ארכיאולוגיות לו,1970,13–14,https://publications.iaa.org.il/cgi/viewcontent.cgi?article=1064&context=ha_hebrew_series,"ירושלים: בדיקות ליד חומת העיר העתיקה , רות עמירן ואברהם איתן",JER_ALL,ירושלים
ha_hebrew_series_65#014,S1,ha_hebrew_series,65,Hadashot Arkheologiyot 36 / חדשות ארכיאולוגיות לו,1970,14,https://publications.iaa.org.il/cgi/viewcontent.cgi?article=1064&context=ha_hebrew_series,"ירושלים: בדיקות ליד בורג' כברית , י' מרגובסקי",JER_ALL,ירושלים
ha_hebrew_series_65#015,S1,ha_hebrew_series,65,Hadashot Arkheologiyot 36 / חדשות ארכיאולוגיות לו,1970,14–15,https://publications.iaa.org.il/cgi/viewcontent.cgi?article=1064&context=ha_hebrew_series,"ירושלים: הגבעה הצרפתית , אליעזר אורן",JER_ALL,הגבעה הצרפתית;ירושלים
ha_hebrew_series_65#017,S1,ha_hebrew_series,65,Hadashot Arkheologiyot 36 / חדשות ארכיאולוגיות לו,1970,16,https://publications.iaa.org.il/cgi/viewcontent.cgi?article=1064&context=ha_hebrew_series,"מדבר יהודה , פסח בר-אדון",R_JD_CLIFFS,מדבר יהודה
ha_hebrew_series_66#016,S1,ha_hebrew_series,66,Hadashot Arkheologiyot 37 / חדשות ארכיאולוגיות לז,1971,19–20,https://publications.iaa.org.il/cgi/viewcontent.cgi?article=1065&context=ha_hebrew_series,"ירושלים: הר ציון , י' מרגובסקי",JER_ALL,הר ציון;ירושלים
ha_hebrew_series_66#017,S1,ha_hebrew_series,66,Hadashot Arkheologiyot 37 / חדשות ארכיאולוגיות לז,1971,20,https://publications.iaa.org.il/cgi/viewcontent.cgi?article=1065&context=ha_hebrew_series,"ירושלים: הגן הארמני , דן בהט",JER_ALL,ירושלים
ha_hebrew_series_66#018,S1,ha_hebrew_series,66,Hadashot Arkheologiyot 37 / חדשות ארכיאולוגיות לז,1971,21,https://publications.iaa.org.il/cgi/viewcontent.cgi?article=1065&context=ha_hebrew_series,"ירושלים: גבעת המבתר , וסיליוס צפיריס",JER_ALL,גבעת המבתר;ירושלים
ha_hebrew_series_66#020,S1,ha_hebrew_series,66,Hadashot Arkheologiyot 37 / חדשות ארכיאולוגיות לז,1971,23,https://publications.iaa.org.il/cgi/viewcontent.cgi?article=1065&context=ha_hebrew_series,"עין סמיה , בקיזה שנטור",ein_samiya,סמיה
ha_hebrew_series_66#023,S1,ha_hebrew_series,66,Hadashot Arkheologiyot 37 / חדשות ארכיאולוגיות לז,1971,25–26,https://publications.iaa.org.il/cgi/viewcontent.cgi?article=1065&context=ha_hebrew_series,"עין בוקק - 1970 , מרדכי גיחון",JER_ALL,גיחון
ha_hebrew_series_67#014,S1,ha_hebrew_series,67,Hadashot Arkheologiyot 38 / חדשות ארכיאולוגיות לח,1971,14,https://publications.iaa.org.il/cgi/viewcontent.cgi?article=1066&context=ha_hebrew_series,"ירושלים: כותרת יונית מונומנטלית ברובע היהודי , נחמן אביגד",JER_ALL,ירושלים
ha_hebrew_series_67#015,S1,ha_hebrew_series,67,Hadashot Arkheologiyot 38 / חדשות ארכיאולוגיות לח,1971,14–15,https://publications.iaa.org.il/cgi/viewcontent.cgi?article=1066&context=ha_hebrew_series,"ירושלים: הגן הארמני , דן בהט",JER_ALL,ירושלים
ha_hebrew_series_67#016,S1,ha_hebrew_series,67,Hadashot Arkheologiyot 38 / חדשות ארכיאולוגיות לח,1971,15–16,https://publications.iaa.org.il/cgi/viewcontent.cgi?article=1066&context=ha_hebrew_series,"ירושלים: הר ציון (כביש גליקנטו) , י' מרגובסקי",JER_ALL,הר ציון;ירושלים
ha_hebrew_series_67#017,S1,ha_hebrew_series,67,Hadashot Arkheologiyot 38 / חדשות ארכיאולוגיות לח,1971,16–17,https://publications.iaa.org.il/cgi/viewcontent.cgi?article=1066&context=ha_hebrew_series,"ירושלים: הגבעה ""הצרפתית"" - א' , אליעזר אורן",JER_ALL,הגבעה הצרפתית;ירושלים
ha_hebrew_series_67#018,S1,ha_hebrew_series,67,Hadashot Arkheologiyot 38 / חדשות ארכיאולוגיות לח,1971,17–18,https://publications.iaa.org.il/cgi/viewcontent.cgi?article=1066&context=ha_hebrew_series,"ירושלים: הגבעה ""הצרפתית"" - ב' , ג""פ סטריינג'",JER_ALL,הגבעה הצרפתית;ירושלים
ha_hebrew_series_67#019,S1,ha_hebrew_series,67,Hadashot Arkheologiyot 38 / חדשות ארכיאולוגיות לח,1971,18–19,https://publications.iaa.org.il/cgi/viewcontent.cgi?article=1066&context=ha_hebrew_series,"ירושלים: הגבעה ""הצרפתית"" - ג' , אליעזר אורן",JER_ALL,הגבעה הצרפתית;ירושלים
ha_hebrew_series_67#020,S1,ha_hebrew_series,67,Hadashot Arkheologiyot 38 / חדשות ארכיאולוגיות לח,1971,19,https://publications.iaa.org.il/cgi/viewcontent.cgi?article=1066&context=ha_hebrew_series,"ירושלים: מקור חיים , וסיליוס צפיריס",JER_ALL,ירושלים
ha_hebrew_series_67#021,S1,ha_hebrew_series,67,Hadashot Arkheologiyot 38 / חדשות ארכיאולוגיות לח,1971,20,https://publications.iaa.org.il/cgi/viewcontent.cgi?article=1066&context=ha_hebrew_series,"ירושלים: מצד ברחוב קרן היסוד , אליעזר אורן",JER_ALL,ירושלים
ha_hebrew_series_67#022,S1,ha_hebrew_series,67,Hadashot Arkheologiyot 38 / חדשות ארכיאולוגיות לח,1971,20–21,https://publications.iaa.org.il/cgi/viewcontent.cgi?article=1066&context=ha_hebrew_series,"סקרים באזור ירושלים , וסיליוס צפיריס",JER_ALL,ירושלים
ha_hebrew_series_68#011,S2,ha_hebrew_series,68,Hadashot Arkheologiyot 39 / חדשות ארכיאולוגיות לט,1971,18,https://publications.iaa.org.il/cgi/viewcontent.cgi?article=1067&context=ha_hebrew_series,"מערכת קברים בבית-שאן , וסיליוס צפיריס",beth_shean,בית שאן
ha_hebrew_series_68#016,S1,ha_hebrew_series,68,Hadashot Arkheologiyot 39 / חדשות ארכיאולוגיות לט,1971,21–22,https://publications.iaa.org.il/cgi/viewcontent.cgi?article=1067&context=ha_hebrew_series,"ירושלים: אבו טור , גרשון אדלשטיין",JER_ALL,אבו טור;ירושלים
ha_hebrew_series_68#017,S1,ha_hebrew_series,68,Hadashot Arkheologiyot 39 / חדשות ארכיאולוגיות לט,1971,22,https://publications.iaa.org.il/cgi/viewcontent.cgi?article=1067&context=ha_hebrew_series,ירושלים: רח' צלח א-דין,JER_ALL,ירושלים
ha_hebrew_series_68#018,S1,ha_hebrew_series,68,Hadashot Arkheologiyot 39 / חדשות ארכיאולוגיות לט,1971,22,https://publications.iaa.org.il/cgi/viewcontent.cgi?article=1067&context=ha_hebrew_series,ירושלים: גבעת שהין,JER_ALL,ירושלים
ha_hebrew_series_68#019,S1,ha_hebrew_series,68,Hadashot Arkheologiyot 39 / חדשות ארכיאולוגיות לט,1971,22,https://publications.iaa.org.il/cgi/viewcontent.cgi?article=1067&context=ha_hebrew_series,"שימור בתל יריחו , אמין ברהום",JERICHO_ALL,יריחו
ha_hebrew_series_69#020,S1,ha_hebrew_series,69,Hadashot Arkheologiyot 73 / חדשות ארכיאולוגיות עג,1980,25,https://publications.iaa.org.il/cgi/viewcontent.cgi?article=1068&context=ha_hebrew_series,"ירושלים , עיר דוד – 1979",JER_ALL,ירושלים;עיר דוד
ha_hebrew_series_7#009,S1,ha_hebrew_series,7,Hadashot Arkheologiyot 18–19 / חדשות ארכיאולוגיות יח–יט,1966,10–11,https://publications.iaa.org.il/cgi/viewcontent.cgi?article=1006&context=ha_hebrew_series,"ירושלים , אורה נגבי, מיכאל פייסט וש' נחמני",JER_ALL,ירושלים
ha_hebrew_series_7#015,S2,ha_hebrew_series,7,Hadashot Arkheologiyot 18–19 / חדשות ארכיאולוגיות יח–יט,1966,14–15,https://publications.iaa.org.il/cgi/viewcontent.cgi?article=1006&context=ha_hebrew_series,"מערת קבורה בחיפה , מירה גורן",carmel_siah,חיפה
ha_hebrew_series_7#027,S1,ha_hebrew_series,7,Hadashot Arkheologiyot 18–19 / חדשות ארכיאולוגיות יח–יט,1966,22–23,https://publications.iaa.org.il/cgi/viewcontent.cgi?article=1006&context=ha_hebrew_series,"סקר ארכיאולוגי של ישראל: חיפה מערב , יעקב עולמי",carmel_siah,חיפה
ha_hebrew_series_7#029,S1,ha_hebrew_series,7,Hadashot Arkheologiyot 18–19 / חדשות ארכיאולוגיות יח–יט,1966,26–27,https://publications.iaa.org.il/cgi/viewcontent.cgi?article=1006&context=ha_hebrew_series,"אתרים קדומים על שפת ים-המלח , יאן בלייק",R_JD_CLIFFS,ים המלח
ha_hebrew_series_70#011,S1,ha_hebrew_series,70,Hadashot Arkheologiyot 82 / חדשות ארכיאולוגיות פב,1983,14,https://publications.iaa.org.il/cgi/viewcontent.cgi?article=1069&context=ha_hebrew_series,בית שאן,beth_shean,בית שאן
ha_hebrew_series_70#032,S1,ha_hebrew_series,70,Hadashot Arkheologiyot 82 / חדשות ארכיאולוגיות פב,1983,43,https://publications.iaa.org.il/cgi/viewcontent.cgi?article=1069&context=ha_hebrew_series,ורד יריחו,JERICHO_ALL,ורד יריחו;יריחו
ha_hebrew_series_70#033,S1,ha_hebrew_series,70,Hadashot Arkheologiyot 82 / חדשות ארכיאולוגיות פב,1983,45,https://publications.iaa.org.il/cgi/viewcontent.cgi?article=1069&context=ha_hebrew_series,"ירושלים , הר הצופים",JER_ALL,ירושלים
ha_hebrew_series_70#034,S1,ha_hebrew_series,70,Hadashot Arkheologiyot 82 / חדשות ארכיאולוגיות פב,1983,45,https://publications.iaa.org.il/cgi/viewcontent.cgi?article=1069&context=ha_hebrew_series,"ירושלים , הר ציון",JER_ALL,הר ציון;ירושלים
ha_hebrew_series_70#035,S1,ha_hebrew_series,70,Hadashot Arkheologiyot 82 / חדשות ארכיאולוגיות פב,1983,46,https://publications.iaa.org.il/cgi/viewcontent.cgi?article=1069&context=ha_hebrew_series,"ירושלים , עיר דוד - 1982",JER_ALL,ירושלים;עיר דוד
ha_hebrew_series_70#036,S1,ha_hebrew_series,70,Hadashot Arkheologiyot 82 / חדשות ארכיאולוגיות פב,1983,49,https://publications.iaa.org.il/cgi/viewcontent.cgi?article=1069&context=ha_hebrew_series,"ירושלים , אזור המצודה",JER_ALL,ירושלים
ha_hebrew_series_70#037,S1,ha_hebrew_series,70,Hadashot Arkheologiyot 82 / חדשות ארכיאולוגיות פב,1983,50,https://publications.iaa.org.il/cgi/viewcontent.cgi?article=1069&context=ha_hebrew_series,סקר מפת תלפיות,JER_ALL,תלפיות
ha_hebrew_series_70#038,S1,ha_hebrew_series,70,Hadashot Arkheologiyot 82 / חדשות ארכיאולוגיות פב,1983,52,https://publications.iaa.org.il/cgi/viewcontent.cgi?article=1069&context=ha_hebrew_series,סקר מפת מר סבא,mar_saba,מר סבא
ha_hebrew_series_71#014,S1,ha_hebrew_series,71,Hadashot Arkheologiyot 85 / חדשות ארכיאולוגיות פה,1984,16,https://publications.iaa.org.il/cgi/viewcontent.cgi?article=1070&context=ha_hebrew_series,"בית שאן , תל בית שאן , שולמית גבע",beth_shean,בית שאן
ha_hebrew_series_71#015,S1,ha_hebrew_series,71,Hadashot Arkheologiyot 85 / חדשות ארכיאולוגיות פה,1984,17,https://publications.iaa.org.il/cgi/viewcontent.cgi?article=1070&context=ha_hebrew_series,"בית שאן , מרכז העיר , אלכסנדר און",beth_shean,בית שאן
ha_hebrew_series_71#016,S1,ha_hebrew_series,71,Hadashot Arkheologiyot 85 / חדשות ארכיאולוגיות פה,1984,17,https://publications.iaa.org.il/cgi/viewcontent.cgi?article=1070&context=ha_hebrew_series,"בית שאן , ממערב לתיאטרון , מיכל פלג",beth_shean,בית שאן
ha_hebrew_series_71#033,S1,ha_hebrew_series,71,Hadashot Arkheologiyot 85 / חדשות ארכיאולוגיות פה,1984,31,https://publications.iaa.org.il/cgi/viewcontent.cgi?article=1070&context=ha_hebrew_series,"ירושלים , עיר דוד - 1984 , יגאל שילה",JER_ALL,ירושלים;עיר דוד
ha_hebrew_series_71#034,S1,ha_hebrew_series,71,Hadashot Arkheologiyot 85 / חדשות ארכיאולוגיות פה,1984,33,https://publications.iaa.org.il/cgi/viewcontent.cgi?article=1070&context=ha_hebrew_series,"ירושלים , כנסיית הדורמיציון , עמנואל איזנברג",JER_ALL,ירושלים
ha_hebrew_series_71#035,S1,ha_hebrew_series,71,Hadashot Arkheologiyot 85 / חדשות ארכיאולוגיות פה,1984,33,https://publications.iaa.org.il/cgi/viewcontent.cgi?article=1070&context=ha_hebrew_series,"ירושלים , חזית שער יפו , חיים גולדפוס",JER_ALL,ירושלים
ha_hebrew_series_71#036,S1,ha_hebrew_series,71,Hadashot Arkheologiyot 85 / חדשות ארכיאולוגיות פה,1984,35,https://publications.iaa.org.il/cgi/viewcontent.cgi?article=1070&context=ha_hebrew_series,"ירושלים , עמק רפאים – יישובים וחוות חקלאיות , גרשון אדלשטיין ועמנואל איזנברג",JER_ALL,ירושלים
ha_hebrew_series_71#037,S1,ha_hebrew_series,71,Hadashot Arkheologiyot 85 / חדשות ארכיאולוגיות פה,1984,37,https://publications.iaa.org.il/cgi/viewcontent.cgi?article=1070&context=ha_hebrew_series,"ירושלים , נחל אגוז , אלכסנדר און",JER_ALL,ירושלים
ha_hebrew_series_72#022,S1,ha_hebrew_series,72,Hadashot Arkheologiyot 90 / חדשות ארכיאולוגיות צ,1987,31–32,https://publications.iaa.org.il/cgi/viewcontent.cgi?article=1071&context=ha_hebrew_series,בית שאן,beth_shean,בית שאן
ha_hebrew_series_72#031,S2,ha_hebrew_series,72,Hadashot Arkheologiyot 90 / חדשות ארכיאולוגיות צ,1987,39–43,https://publications.iaa.org.il/cgi/viewcontent.cgi?article=1071&context=ha_hebrew_series,סקר מערות במדבר יהודה ושומרון-1985-1986,R_JD_CLIFFS,מדבר יהודה
ha_hebrew_series_72#032,S2,ha_hebrew_series,72,Hadashot Arkheologiyot 90 / חדשות ארכיאולוגיות צ,1987,43–46,https://publications.iaa.org.il/cgi/viewcontent.cgi?article=1071&context=ha_hebrew_series,סקר מצפון-מזרח לירושלים,JER_ALL,ירושלים
ha_hebrew_series_72#033,S1,ha_hebrew_series,72,Hadashot Arkheologiyot 90 / חדשות ארכיאולוגיות צ,1987,46–47,https://publications.iaa.org.il/cgi/viewcontent.cgi?article=1071&context=ha_hebrew_series,ירושלים גבעת רם הגן הבוטאני,JER_ALL,ירושלים
ha_hebrew_series_73#022,S1,ha_hebrew_series,73,Hadashot Arkheologiyot 93 / חדשות ארכיאולוגיות צג,1989,31–32,https://publications.iaa.org.il/cgi/viewcontent.cgi?article=1072&context=ha_hebrew_series,בית שאן,beth_shean,בית שאן
ha_hebrew_series_73#031,S2,ha_hebrew_series,73,Hadashot Arkheologiyot 93 / חדשות ארכיאולוגיות צג,1989,39–43,https://publications.iaa.org.il/cgi/viewcontent.cgi?article=1072&context=ha_hebrew_series,סקר מערות במדבר יהודה ושומרון-1985-1986,R_JD_CLIFFS,מדבר יהודה
ha_hebrew_series_73#032,S2,ha_hebrew_series,73,Hadashot Arkheologiyot 93 / חדשות ארכיאולוגיות צג,1989,43–46,https://publications.iaa.org.il/cgi/viewcontent.cgi?article=1072&context=ha_hebrew_series,סקר מצפון-מזרח לירושלים,JER_ALL,ירושלים
ha_hebrew_series_73#033,S1,ha_hebrew_series,73,Hadashot Arkheologiyot 93 / חדשות ארכיאולוגיות צג,1989,46–47,https://publications.iaa.org.il/cgi/viewcontent.cgi?article=1072&context=ha_hebrew_series,ירושלים גבעת רם הגן הבוטאני,JER_ALL,ירושלים
ha_hebrew_series_74#003,S1,ha_hebrew_series,74,Hadashot Arkheologiyot 95 / חדשות ארכיאולוגיות צה,1990,4–6,https://publications.iaa.org.il/cgi/viewcontent.cgi?article=1073&context=ha_hebrew_series,"גשר בנות יעקב-1989 , נעמה גורן-עינבר",JERICHO_ALL,נעמה
ha_hebrew_series_74#030,S1,ha_hebrew_series,74,Hadashot Arkheologiyot 95 / חדשות ארכיאולוגיות צה,1990,30–37,https://publications.iaa.org.il/cgi/viewcontent.cgi?article=1073&context=ha_hebrew_series,"מיפעל חפירות בית שאן , 1988-1989 , יורם צפריר וגדעון אבני",beth_shean,בית שאן
ha_hebrew_series_74#031,S1,ha_hebrew_series,74,Hadashot Arkheologiyot 95 / חדשות ארכיאולוגיות צה,1990,38,https://publications.iaa.org.il/cgi/viewcontent.cgi?article=1073&context=ha_hebrew_series,"בית שאן , המצודה הצלבנית - שטח Z , אדריאן בועז",beth_shean,בית שאן
ha_hebrew_series_74#045,S1,ha_hebrew_series,74,Hadashot Arkheologiyot 95 / חדשות ארכיאולוגיות צה,1990,51,https://publications.iaa.org.il/cgi/viewcontent.cgi?article=1073&context=ha_hebrew_series,"ירושלים , הר הצופים , עמוס קלונר והרלי סטרק",JER_ALL,ירושלים
ha_hebrew_series_74#046,S1,ha_hebrew_series,74,Hadashot Arkheologiyot 95 / חדשות ארכיאולוגיות צה,1990,51,https://publications.iaa.org.il/cgi/viewcontent.cgi?article=1073&context=ha_hebrew_series,"ירושלים , מנזר נוטר-דאם , אליין שמבון",JER_ALL,ירושלים
ha_hebrew_series_74#047,S1,ha_hebrew_series,74,Hadashot Arkheologiyot 95 / חדשות ארכיאולוגיות צה,1990,53,https://publications.iaa.org.il/cgi/viewcontent.cgi?article=1073&context=ha_hebrew_series,"ירושלים , גן בלומפילד , צבי גרינהוט",JER_ALL,ירושלים
ha_hebrew_series_74#048,S1,ha_hebrew_series,74,Hadashot Arkheologiyot 95 / חדשות ארכיאולוגיות צה,1990,53,https://publications.iaa.org.il/cgi/viewcontent.cgi?article=1073&context=ha_hebrew_series,"ירושלים , המושבה הגרמנית , גדעון אבני",JER_ALL,המושבה הגרמנית;ירושלים
ha_hebrew_series_74#049,S1,ha_hebrew_series,74,Hadashot Arkheologiyot 95 / חדשות ארכיאולוגיות צה,1990,54,https://publications.iaa.org.il/cgi/viewcontent.cgi?article=1073&context=ha_hebrew_series,"ירושלים , עמק רפאים",JER_ALL,ירושלים
ha_hebrew_series_74#050,S1,ha_hebrew_series,74,Hadashot Arkheologiyot 95 / חדשות ארכיאולוגיות צה,1990,54,https://publications.iaa.org.il/cgi/viewcontent.cgi?article=1073&context=ha_hebrew_series,"ירושלים , מנחת – 1989 , גרשון אדלשטיין, יניר מילבסקי",JER_ALL,ירושלים
ha_hebrew_series_74#051,S1,ha_hebrew_series,74,Hadashot Arkheologiyot 95 / חדשות ארכיאולוגיות צה,1990,56,https://publications.iaa.org.il/cgi/viewcontent.cgi?article=1073&context=ha_hebrew_series,"ירושלים , נחל רפאים – 1988-1990 , עמנואל איזנברג",JER_ALL,ירושלים
ha_hebrew_series_74#057,S2,ha_hebrew_series,74,Hadashot Arkheologiyot 95 / חדשות ארכיאולוגיות צה,1990,65–66,https://publications.iaa.org.il/cgi/viewcontent.cgi?article=1073&context=ha_hebrew_series,"סקר לאורך דרך קדומה מהר חברון לעין גדי , דויד עמית",R_JD_CLIFFS,עין גדי
ha_hebrew_series_74#071,S1,ha_hebrew_series,74,Hadashot Arkheologiyot 95 / חדשות ארכיאולוגיות צה,1990,76,https://publications.iaa.org.il/cgi/viewcontent.cgi?article=1073&context=ha_hebrew_series,"אבן מיל בדרך אמאוס–בית חורון , חנניה חיסמי",beth_horon,בית חורון
ha_hebrew_series_74#072,S1,ha_hebrew_series,74,Hadashot Arkheologiyot 95 / חדשות ארכיאולוגיות צה,1990,76,https://publications.iaa.org.il/cgi/viewcontent.cgi?article=1073&context=ha_hebrew_series,"ירושלים , שימור אתרים , גדעון אבני",JER_ALL,ירושלים
ha_hebrew_series_75#009,S2,ha_hebrew_series,75,Hadashot Arkheologiyot 41–42 / חדשות ארכיאולוגיות מא–מב,1972,8–9,https://publications.iaa.org.il/cgi/viewcontent.cgi?article=1074&context=ha_hebrew_series,"בית הכנסת בבית שאן , דן בהט",beth_shean,בית שאן
ha_hebrew_series_75#015,S1,ha_hebrew_series,75,Hadashot Arkheologiyot 41–42 / חדשות ארכיאולוגיות מא–מב,1972,17,https://publications.iaa.org.il/cgi/viewcontent.cgi?article=1074&context=ha_hebrew_series,"שכם , איברהים אל-פאני",gerizim,שכם
ha_hebrew_series_75#018,S1,ha_hebrew_series,75,Hadashot Arkheologiyot 41–42 / חדשות ארכיאולוגיות מא–מב,1972,19–20,https://publications.iaa.org.il/cgi/viewcontent.cgi?article=1074&context=ha_hebrew_series,"ירושלים: הכנסייה הגרמנית במוריסאטן , אוטה לוכס",JER_ALL,ירושלים
ha_hebrew_series_75#019,S1,ha_hebrew_series,75,Hadashot Arkheologiyot 41–42 / חדשות ארכיאולוגיות מא–מב,1972,20–21,https://publications.iaa.org.il/cgi/viewcontent.cgi?article=1074&context=ha_hebrew_series,"ירושלים: גבעת המבתר , דן בהט",JER_ALL,גבעת המבתר;ירושלים
ha_hebrew_series_75#020,S1,ha_hebrew_series,75,Hadashot Arkheologiyot 41–42 / חדשות ארכיאולוגיות מא–מב,1972,21–22,https://publications.iaa.org.il/cgi/viewcontent.cgi?article=1074&context=ha_hebrew_series,"ירושלים: הר הצופים – גן שולמית , פאני ויטו",JER_ALL,ירושלים
ha_hebrew_series_75#021,S1,ha_hebrew_series,75,Hadashot Arkheologiyot 41–42 / חדשות ארכיאולוגיות מא–מב,1972,22,https://publications.iaa.org.il/cgi/viewcontent.cgi?article=1074&context=ha_hebrew_series,"ירושלים: הר הצופים – הגן הבוטני , רוני רייך, הלל גבע ודני בכר",JER_ALL,ירושלים
ha_hebrew_series_75#022,S1,ha_hebrew_series,75,Hadashot Arkheologiyot 41–42 / חדשות ארכיאולוגיות מא–מב,1972,23,https://publications.iaa.org.il/cgi/viewcontent.cgi?article=1074&context=ha_hebrew_series,"ירושלים: קברים ליד ""קברי המלכים"" , פאני ויטו",JER_ALL,ירושלים;קברי המלכים
ha_hebrew_series_75#023,S1,ha_hebrew_series,75,Hadashot Arkheologiyot 41–42 / חדשות ארכיאולוגיות מא–מב,1972,23,https://publications.iaa.org.il/cgi/viewcontent.cgi?article=1074&context=ha_hebrew_series,"ירושלים: קרית משה , עמוס קלונר",JER_ALL,ירושלים
ha_hebrew_series_76#005,S2,ha_hebrew_series,76,Hadashot Arkheologiyot 45 / חדשות ארכיאולוגיות מה,1973,7–8,https://publications.iaa.org.il/cgi/viewcontent.cgi?article=1075&context=ha_hebrew_series,"חניתה, קברים בחניתה , שמעון דר ואיתמר זינגר",kh_yanun,איתמר
ha_hebrew_series_76#009,S1,ha_hebrew_series,76,Hadashot Arkheologiyot 45 / חדשות ארכיאולוגיות מה,1973,11,https://publications.iaa.org.il/cgi/viewcontent.cgi?article=1075&context=ha_hebrew_series,בית שאן,beth_shean,בית שאן
ha_hebrew_series_76#019,S1,ha_hebrew_series,76,Hadashot Arkheologiyot 45 / חדשות ארכיאולוגיות מה,1973,17–18,https://publications.iaa.org.il/cgi/viewcontent.cgi?article=1075&context=ha_hebrew_series,"שכם, תל בלטה – 1972 , ויליאם ג' דיוור",gerizim,שכם
ha_hebrew_series_76#020,S1,ha_hebrew_series,76,Hadashot Arkheologiyot 45 / חדשות ארכיאולוגיות מה,1973,18,https://publications.iaa.org.il/cgi/viewcontent.cgi?article=1075&context=ha_hebrew_series,"שכם, (העיר) , איברהים אל-פאני",gerizim,שכם
ha_hebrew_series_76#022,S1,ha_hebrew_series,76,Hadashot Arkheologiyot 45 / חדשות ארכיאולוגיות מה,1973,20–22,https://publications.iaa.org.il/cgi/viewcontent.cgi?article=1075&context=ha_hebrew_series,"ירושלים, הרובע היהודי – 1972 , נחמן אביגד",JER_ALL,ירושלים
ha_hebrew_series_76#023,S1,ha_hebrew_series,76,Hadashot Arkheologiyot 45 / חדשות ארכיאולוגיות מה,1973,22–23,https://publications.iaa.org.il/cgi/viewcontent.cgi?article=1075&context=ha_hebrew_series,"ירושלים, בית כייפא, שבהר ציון , בית כייפא, הר ציון , מגן ברושי",JER_ALL,הר ציון;ירושלים
ha_hebrew_series_76#024,S1,ha_hebrew_series,76,Hadashot Arkheologiyot 45 / חדשות ארכיאולוגיות מה,1973,23,https://publications.iaa.org.il/cgi/viewcontent.cgi?article=1075&context=ha_hebrew_series,"ירושלים, בדיקה בחצר הכנסייה האנגליקנית , מגן ברושי",JER_ALL,ירושלים
ha_hebrew_series_76#025,S1,ha_hebrew_series,76,Hadashot Arkheologiyot 45 / חדשות ארכיאולוגיות מה,1973,23,https://publications.iaa.org.il/cgi/viewcontent.cgi?article=1075&context=ha_hebrew_series,"ירושלים, מערת קבורה בגבעת מרדכי , עמוס קלונר",JER_ALL,ירושלים
ha_hebrew_series_76#026,S1,ha_hebrew_series,76,Hadashot Arkheologiyot 45 / חדשות ארכיאולוגיות מה,1973,24,https://publications.iaa.org.il/cgi/viewcontent.cgi?article=1075&context=ha_hebrew_series,"ירושלים, רחוב שמואל הנביא , עמוס קלונר ושלמה גודוביץ",JER_ALL,ירושלים
ha_hebrew_series_76#027,S1,ha_hebrew_series,76,Hadashot Arkheologiyot 45 / חדשות ארכיאולוגיות מה,1973,24,https://publications.iaa.org.il/cgi/viewcontent.cgi?article=1075&context=ha_hebrew_series,"ירושלים, רחוב בר אילן",JER_ALL,ירושלים
ha_hebrew_series_76#028,S1,ha_hebrew_series,76,Hadashot Arkheologiyot 45 / חדשות ארכיאולוגיות מה,1973,24,https://publications.iaa.org.il/cgi/viewcontent.cgi?article=1075&context=ha_hebrew_series,"ירושלים, רחוב שאול המלך , פאני ויטו",JER_ALL,ירושלים
ha_hebrew_series_76#029,S1,ha_hebrew_series,76,Hadashot Arkheologiyot 45 / חדשות ארכיאולוגיות מה,1973,25,https://publications.iaa.org.il/cgi/viewcontent.cgi?article=1075&context=ha_hebrew_series,"ירושלים, סביבות מלון ""ארץ הצבי"" , ל""י רחמני ויוסף זיאס",JER_ALL,ירושלים
ha_hebrew_series_76#030,S1,ha_hebrew_series,76,Hadashot Arkheologiyot 45 / חדשות ארכיאולוגיות מה,1973,25,https://publications.iaa.org.il/cgi/viewcontent.cgi?article=1075&context=ha_hebrew_series,"ירושלים, נוה יעקב , פאני ויטו",JER_ALL,ירושלים
ha_hebrew_series_76#031,S1,ha_hebrew_series,76,Hadashot Arkheologiyot 45 / חדשות ארכיאולוגיות מה,1973,25,https://publications.iaa.org.il/cgi/viewcontent.cgi?article=1075&context=ha_hebrew_series,"ירושלים, מנהרה בימין משה , ימין משה , עמוס קלונר",JER_ALL,ירושלים
ha_hebrew_series_76#033,S1,ha_hebrew_series,76,Hadashot Arkheologiyot 45 / חדשות ארכיאולוגיות מה,1973,27–28,https://publications.iaa.org.il/cgi/viewcontent.cgi?article=1075&context=ha_hebrew_series,"הרודיון , אהוד נצר",tekoa_herodium,הרודיון
ha_hebrew_series_76#039,S2,ha_hebrew_series,76,Hadashot Arkheologiyot 45 / חדשות ארכיאולוגיות מה,1973,34–35,https://publications.iaa.org.il/cgi/viewcontent.cgi?article=1075&context=ha_hebrew_series,"הבוקיעה , פ""מ קרוס וג""ת מיליק",buqeia,בוקיעה
ha_hebrew_series_77#038,S1,ha_hebrew_series,77,Hadashot Arkheologiyot 97 / חדשות ארכיאולוגיות צז,1991,58,https://publications.iaa.org.il/cgi/viewcontent.cgi?article=1076&context=ha_hebrew_series,"דרך קדומה בצפון מדבר יהודה , 492-L, עופר שיאון",R_JD_CLIFFS,מדבר יהודה
ha_hebrew_series_77#039,S1,ha_hebrew_series,77,Hadashot Arkheologiyot 97 / חדשות ארכיאולוגיות צז,1991,59,https://publications.iaa.org.il/cgi/viewcontent.cgi?article=1076&context=ha_hebrew_series,"ירושלים , ואדי זמרה , 76/90-G, יצחק מייטליס",JER_ALL,ירושלים
ha_hebrew_series_77#040,S1,ha_hebrew_series,77,Hadashot Arkheologiyot 97 / חדשות ארכיאולוגיות צז,1991,60,https://publications.iaa.org.il/cgi/viewcontent.cgi?article=1076&context=ha_hebrew_series,"ירושלים , פיסגת זאב (דיר ע'זאלי) , 99/90-G, רינה אבנר, שלומית עזמון ואלגרה צבריאגו",JER_ALL,ירושלים
ha_hebrew_series_77#041,S1,ha_hebrew_series,77,Hadashot Arkheologiyot 97 / חדשות ארכיאולוגיות צז,1991,63,https://publications.iaa.org.il/cgi/viewcontent.cgi?article=1076&context=ha_hebrew_series,"ירושלים , החומה השלישית , 4/90-G",JER_ALL,ירושלים
ha_hebrew_series_77#042,S1,ha_hebrew_series,77,Hadashot Arkheologiyot 97 / חדשות ארכיאולוגיות צז,1991,66,https://publications.iaa.org.il/cgi/viewcontent.cgi?article=1076&context=ha_hebrew_series,"ירושלים , רחוב השלשלת (א) , 1720-A, ראפע אבו ריא",JER_ALL,ירושלים
ha_hebrew_series_77#043,S1,ha_hebrew_series,77,Hadashot Arkheologiyot 97 / חדשות ארכיאולוגיות צז,1991,67,https://publications.iaa.org.il/cgi/viewcontent.cgi?article=1076&context=ha_hebrew_series,"ירושלים , רחוב השלשלת (ב) , 1727-A, לילי גרשוני",JER_ALL,ירושלים
ha_hebrew_series_77#044,S1,ha_hebrew_series,77,Hadashot Arkheologiyot 97 / חדשות ארכיאולוגיות צז,1991,68,https://publications.iaa.org.il/cgi/viewcontent.cgi?article=1076&context=ha_hebrew_series,"ירושלים , חקל דמא , 1669-A, גדעון אבי וצבי גרינהוט",JER_ALL,ירושלים
ha_hebrew_series_77#045,S1,ha_hebrew_series,77,Hadashot Arkheologiyot 97 / חדשות ארכיאולוגיות צז,1991,71,https://publications.iaa.org.il/cgi/viewcontent.cgi?article=1076&context=ha_hebrew_series,"ירושלים , תלפיות מזרח (יער השלום) , 1748-A, צבי גרינהוט",JER_ALL,ירושלים;תלפיות
ha_hebrew_series_77#069,S1,ha_hebrew_series,77,Hadashot Arkheologiyot 97 / חדשות ארכיאולוגיות צז,1991,93,https://publications.iaa.org.il/cgi/viewcontent.cgi?article=1076&context=ha_hebrew_series,"נוה דוד (נחל שיח, חיפה) , 91/90-G, דניאל קאופמן",carmel_siah,חיפה;נחל שיח
ha_hebrew_series_78#001,S1,ha_hebrew_series,78,Hadashot Arkheologiyot 98 / חדשות ארכיאולוגיות צח,1992,1,https://publications.iaa.org.il/cgi/viewcontent.cgi?article=1077&context=ha_hebrew_series,"בית שאן , הקדמה , אמיר דרורי",beth_shean,בית שאן
ha_hebrew_series_78#002,S1,ha_hebrew_series,78,Hadashot Arkheologiyot 98 / חדשות ארכיאולוגיות צח,1992,3,https://publications.iaa.org.il/cgi/viewcontent.cgi?article=1077&context=ha_hebrew_series,"בית שאן , מרכז העיר (צפון) , גדעון פרסטר ויורם צפריר",beth_shean,בית שאן
ha_hebrew_series_78#003,S1,ha_hebrew_series,78,Hadashot Arkheologiyot 98 / חדשות ארכיאולוגיות צח,1992,30,https://publications.iaa.org.il/cgi/viewcontent.cgi?article=1077&context=ha_hebrew_series,"בית שאן , מרכז העיר (דרום) ואיזור תל אצטבה , רחל בר נתן וגבי מזור",beth_shean,בית שאן
ha_hebrew_series_78#004,S1,ha_hebrew_series,78,Hadashot Arkheologiyot 98 / חדשות ארכיאולוגיות צח,1992,46,https://publications.iaa.org.il/cgi/viewcontent.cgi?article=1077&context=ha_hebrew_series,"בית שאן , הממצא הנומיסמטי בעונת התשנ""א , אריאל ברמן",beth_shean,בית שאן
ha_hebrew_series_78#005,S1,ha_hebrew_series,78,Hadashot Arkheologiyot 98 / חדשות ארכיאולוגיות צח,1992,47,https://publications.iaa.org.il/cgi/viewcontent.cgi?article=1077&context=ha_hebrew_series,"תל בית שאן , 1991 , עמיחי מזר",beth_shean,בית שאן
ha_hebrew_series_78#006,S1,ha_hebrew_series,78,Hadashot Arkheologiyot 98 / חדשות ארכיאולוגיות צח,1992,49,https://publications.iaa.org.il/cgi/viewcontent.cgi?article=1077&context=ha_hebrew_series,"בית שאן , המצודה , רות גרטווגן",beth_shean,בית שאן
ha_hebrew_series_78#007,S1,ha_hebrew_series,78,Hadashot Arkheologiyot 98 / חדשות ארכיאולוגיות צח,1992,52,https://publications.iaa.org.il/cgi/viewcontent.cgi?article=1077&context=ha_hebrew_series,"בית שאן , כביש עוקף סראיה , רות גרטווגן וג'רלד פינקלשטיין",beth_shean,בית שאן
ha_hebrew_series_79#010,S1,ha_hebrew_series,79,Hadashot Arkheologiyot 99 / חדשות ארכיאולוגיות צט,1993,14,https://publications.iaa.org.il/cgi/viewcontent.cgi?article=1078&context=ha_hebrew_series,"חיפה העתיקה , 1777-A, שלום ינקלוויץ",carmel_siah,חיפה
ha_hebrew_series_79#033,S1,ha_hebrew_series,79,Hadashot Arkheologiyot 99 / חדשות ארכיאולוגיות צט,1993,45,https://publications.iaa.org.il/cgi/viewcontent.cgi?article=1078&context=ha_hebrew_series,"סקר מפת ואדי קלט , 492-L, עפר שיאון",JERICHO_ALL;R_WADI_QELT,ואדי קלט
ha_hebrew_series_79#034,S1,ha_hebrew_series,79,Hadashot Arkheologiyot 99 / חדשות ארכיאולוגיות צט,1993,47,https://publications.iaa.org.il/cgi/viewcontent.cgi?article=1078&context=ha_hebrew_series,"ירושלים , פסגת זאב (מזרח א') , 85/90-G, ג'ון זליגמן",JER_ALL,ירושלים;פסגת זאב
ha_hebrew_series_79#035,S1,ha_hebrew_series,79,Hadashot Arkheologiyot 99 / חדשות ארכיאולוגיות צט,1993,49,https://publications.iaa.org.il/cgi/viewcontent.cgi?article=1078&context=ha_hebrew_series,"ירושלים , פסגת זאב ד' , 99/90-G, יונתן נדלמן",JER_ALL,ירושלים;פסגת זאב
ha_hebrew_series_79#036,S1,ha_hebrew_series,79,Hadashot Arkheologiyot 99 / חדשות ארכיאולוגיות צט,1993,51,https://publications.iaa.org.il/cgi/viewcontent.cgi?article=1078&context=ha_hebrew_series,"ירושלים , פסגת זאב (שכונת 'בנה ביתך') , 35/91-G, אלי שוקרון ואלגרה סוורג'ו",JER_ALL,ירושלים;פסגת זאב
ha_hebrew_series_79#037,S1,ha_hebrew_series,79,Hadashot Arkheologiyot 99 / חדשות ארכיאולוגיות צט,1993,53,https://publications.iaa.org.il/cgi/viewcontent.cgi?article=1078&context=ha_hebrew_series,"ירושלים , בית ספר לשוטרים , 185*, שלמה גודוביץ'",JER_ALL,ירושלים
ha_hebrew_series_79#038,S1,ha_hebrew_series,79,Hadashot Arkheologiyot 99 / חדשות ארכיאולוגיות צט,1993,54,https://publications.iaa.org.il/cgi/viewcontent.cgi?article=1078&context=ha_hebrew_series,"ירושלים , ממילא (א) , 1/90-G, רוני רייך, אלי שוקרון ויעקב ביליג",JER_ALL,ירושלים;ממילא
ha_hebrew_series_79#039,S1,ha_hebrew_series,79,Hadashot Arkheologiyot 99 / חדשות ארכיאולוגיות צט,1993,55,https://publications.iaa.org.il/cgi/viewcontent.cgi?article=1078&context=ha_hebrew_series,"ירושלים , ממילא (ב) , 1671-A",JER_ALL,ירושלים;ממילא
ha_hebrew_series_79#040,S1,ha_hebrew_series,79,Hadashot Arkheologiyot 99 / חדשות ארכיאולוגיות צט,1993,57,https://publications.iaa.org.il/cgi/viewcontent.cgi?article=1078&context=ha_hebrew_series,"ירושלים , נחלת אחים , 1815-A, אלון זהבי",JER_ALL,ירושלים
ha_hebrew_series_79#041,S1,ha_hebrew_series,79,Hadashot Arkheologiyot 99 / חדשות ארכיאולוגיות צט,1993,58,https://publications.iaa.org.il/cgi/viewcontent.cgi?article=1078&context=ha_hebrew_series,"ירושלים , שדרות בן צבי , 195*, שלמה גודוביץ'",JER_ALL,ירושלים
ha_hebrew_series_79#042,S1,ha_hebrew_series,79,Hadashot Arkheologiyot 99 / חדשות ארכיאולוגיות צט,1993,59,https://publications.iaa.org.il/cgi/viewcontent.cgi?article=1078&context=ha_hebrew_series,"ירושלים , מנחת , 1762-A-1827 ,A*, אלון זהבי",JER_ALL,ירושלים
ha_hebrew_series_79#043,S1,ha_hebrew_series,79,Hadashot Arkheologiyot 99 / חדשות ארכיאולוגיות צט,1993,61,https://publications.iaa.org.il/cgi/viewcontent.cgi?article=1078&context=ha_hebrew_series,"ירושלים , נחל רפאים – 1990 , 100/90-G, עמנואל איזנברג",JER_ALL,ירושלים
ha_hebrew_series_79#044,S1,ha_hebrew_series,79,Hadashot Arkheologiyot 99 / חדשות ארכיאולוגיות צט,1993,64,https://publications.iaa.org.il/cgi/viewcontent.cgi?article=1078&context=ha_hebrew_series,"ירושלים , גבעת משואה , 1736-A, רות עובדיה",JER_ALL,ירושלים
ha_hebrew_series_79#073,S1,ha_hebrew_series,79,Hadashot Arkheologiyot 99 / חדשות ארכיאולוגיות צט,1993,101,https://publications.iaa.org.il/cgi/viewcontent.cgi?article=1078&context=ha_hebrew_series,"סקר עמק בית שאן , 49/87-G-24/88 ,G, נפחי בושמן",beth_shean,בית שאן
ha_hebrew_series_79#077,S1,ha_hebrew_series,79,Hadashot Arkheologiyot 99 / חדשות ארכיאולוגיות צט,1993,102,https://publications.iaa.org.il/cgi/viewcontent.cgi?article=1078&context=ha_hebrew_series,"ירושלים , שוק הקצבים , 692*, שלמה מרגלית",JER_ALL,ירושלים
ha_hebrew_series_79#085,S1,ha_hebrew_series,79,Hadashot Arkheologiyot 99 / חדשות ארכיאולוגיות צט,1993,105,https://publications.iaa.org.il/cgi/viewcontent.cgi?article=1078&context=ha_hebrew_series,"מפעל פרסום מגילות מדבר יהודה , עמנואל טוב",R_JD_CLIFFS,מדבר יהודה
ha_hebrew_series_80#014,S1,ha_hebrew_series,80,Hadashot Arkheologiyot 100 / חדשות ארכיאולוגיות ק,1993,26,https://publications.iaa.org.il/cgi/viewcontent.cgi?article=1079&context=ha_hebrew_series,"חיפה , גן הבהאים , 1833-A, איסקאנדר יאבור",carmel_siah,חיפה
ha_hebrew_series_80#040,S1,ha_hebrew_series,80,Hadashot Arkheologiyot 100 / חדשות ארכיאולוגיות ק,1993,59,https://publications.iaa.org.il/cgi/viewcontent.cgi?article=1079&context=ha_hebrew_series,"ירושלים , ח' כעכול , 34/91-G, ג'ון זליגמן",JER_ALL,ירושלים
ha_hebrew_series_80#041,S1,ha_hebrew_series,80,Hadashot Arkheologiyot 100 / חדשות ארכיאולוגיות ק,1993,60,https://publications.iaa.org.il/cgi/viewcontent.cgi?article=1079&context=ha_hebrew_series,"ירושלים , ח' א-רס , 1768-A, אלכסנדר און ויהודה רפיואנו",JER_ALL,ירושלים
ha_hebrew_series_80#042,S1,ha_hebrew_series,80,Hadashot Arkheologiyot 100 / חדשות ארכיאולוגיות ק,1993,61,https://publications.iaa.org.il/cgi/viewcontent.cgi?article=1079&context=ha_hebrew_series,"ירושלים , הר הצופים , 1828-A, שלומית וקסלר-בדולח",JER_ALL,ירושלים
ha_hebrew_series_80#043,S1,ha_hebrew_series,80,Hadashot Arkheologiyot 100 / חדשות ארכיאולוגיות ק,1993,63,https://publications.iaa.org.il/cgi/viewcontent.cgi?article=1079&context=ha_hebrew_series,"ירושלים , בנייני האומה , בנימין ארובס וחיים גולדפוס",JER_ALL,ירושלים
ha_hebrew_series_80#044,S1,ha_hebrew_series,80,Hadashot Arkheologiyot 100 / חדשות ארכיאולוגיות ק,1993,67,https://publications.iaa.org.il/cgi/viewcontent.cgi?article=1079&context=ha_hebrew_series,"ירושלים , החומה השלישית (שטח C) , 66/91-G, אלי שוקרון ואלגרה סווארג'גו",JER_ALL,ירושלים
ha_hebrew_series_80#045,S1,ha_hebrew_series,80,Hadashot Arkheologiyot 100 / חדשות ארכיאולוגיות ק,1993,68,https://publications.iaa.org.il/cgi/viewcontent.cgi?article=1079&context=ha_hebrew_series,"ירושלים , החומה השלישית (שטח D) , 113/91-G, דוד עמית, שמואל וולף ואמיר גורזלזני",JER_ALL,ירושלים
ha_hebrew_series_80#046,S1,ha_hebrew_series,80,Hadashot Arkheologiyot 100 / חדשות ארכיאולוגיות ק,1993,72,https://publications.iaa.org.il/cgi/viewcontent.cgi?article=1079&context=ha_hebrew_series,"ירושלים , מזרח תלפיות , 1749-A, יעקב ביליג",JER_ALL,ירושלים;תלפיות
ha_hebrew_series_80#047,S1,ha_hebrew_series,80,Hadashot Arkheologiyot 100 / חדשות ארכיאולוגיות ק,1993,73,https://publications.iaa.org.il/cgi/viewcontent.cgi?article=1079&context=ha_hebrew_series,"ירושלים , גבעת המטוס , 112/91-G, אלנה קוגן-זהבי",JER_ALL,ירושלים
ha_hebrew_series_80#048,S1,ha_hebrew_series,80,Hadashot Arkheologiyot 100 / חדשות ארכיאולוגיות ק,1993,77,https://publications.iaa.org.il/cgi/viewcontent.cgi?article=1079&context=ha_hebrew_series,"ירושלים , מר אליאס , 1895-A, רינה אבנר",JER_ALL,ירושלים
ha_hebrew_series_80#075,S1,ha_hebrew_series,80,Hadashot Arkheologiyot 100 / חדשות ארכיאולוגיות ק,1993,108,https://publications.iaa.org.il/cgi/viewcontent.cgi?article=1079&context=ha_hebrew_series,"ירושלים , מעלות דפנה , 1810-A",JER_ALL,ירושלים
ha_hebrew_series_80#076,S1,ha_hebrew_series,80,Hadashot Arkheologiyot 100 / חדשות ארכיאולוגיות ק,1993,109,https://publications.iaa.org.il/cgi/viewcontent.cgi?article=1079&context=ha_hebrew_series,"ירושלים , מורשה (השער החדש) , 1836-A*, אלון זהבי",JER_ALL,ירושלים
ha_hebrew_series_80#077,S1,ha_hebrew_series,80,Hadashot Arkheologiyot 100 / חדשות ארכיאולוגיות ק,1993,109,https://publications.iaa.org.il/cgi/viewcontent.cgi?article=1079&context=ha_hebrew_series,"ירושלים , מורשה (כיכר העיר) , 1822-A*, וויאנה אתונין ואלון זהבי",JER_ALL,ירושלים
ha_hebrew_series_80#083,S1,ha_hebrew_series,80,Hadashot Arkheologiyot 100 / חדשות ארכיאולוגיות ק,1993,111,https://publications.iaa.org.il/cgi/viewcontent.cgi?article=1079&context=ha_hebrew_series,"שימורן של מגילות מדבר יהודה , אסתר בויד-אלקאלי",R_JD_CLIFFS,מדבר יהודה
ha_hebrew_series_81#026,S1,ha_hebrew_series,81,Hadashot Arkheologiyot 101–102 / חדשות ארכיאולוגיות קא–קב,1993,49,https://publications.iaa.org.il/cgi/viewcontent.cgi?article=1080&context=ha_hebrew_series,"תל בית שאן , 1992-1993 , 30/92-G-5/93 ,G, עמיחי מזר",beth_shean,בית שאן
ha_hebrew_series_81#041,S1,ha_hebrew_series,81,Hadashot Arkheologiyot 101–102 / חדשות ארכיאולוגיות קא–קב,1993,77,https://publications.iaa.org.il/cgi/viewcontent.cgi?article=1080&context=ha_hebrew_series,"ירושלים , ח' אל-בורג' , 1882-A, אלכסנדר און ויהודה רפיואנו",JER_ALL,ירושלים
ha_hebrew_series_81#042,S1,ha_hebrew_series,81,Hadashot Arkheologiyot 101–102 / חדשות ארכיאולוגיות קא–קב,1993,78,https://publications.iaa.org.il/cgi/viewcontent.cgi?article=1080&context=ha_hebrew_series,"ירושלים , גבעת שפירא (הגבעה הצרפתית') , 1938-A, לילי גרשוני ובועז זיסו",JER_ALL,הגבעה הצרפתית;ירושלים
ha_hebrew_series_81#043,S1,ha_hebrew_series,81,Hadashot Arkheologiyot 101–102 / חדשות ארכיאולוגיות קא–קב,1993,79,https://publications.iaa.org.il/cgi/viewcontent.cgi?article=1080&context=ha_hebrew_series,"ירושלים , א-טור , *1857-A, ראפע אבו ריא",JER_ALL,א טור;ירושלים
ha_hebrew_series_81#044,S1,ha_hebrew_series,81,Hadashot Arkheologiyot 101–102 / חדשות ארכיאולוגיות קא–קב,1993,80,https://publications.iaa.org.il/cgi/viewcontent.cgi?article=1080&context=ha_hebrew_series,"ירושלים , ממילא – 1991-1993 , 1/91-G-1/92 ,G-1/93 ,G, רוני רייך ואלי שוקרון",JER_ALL,ירושלים;ממילא
ha_hebrew_series_81#045,S1,ha_hebrew_series,81,Hadashot Arkheologiyot 101–102 / חדשות ארכיאולוגיות קא–קב,1993,83,https://publications.iaa.org.il/cgi/viewcontent.cgi?article=1080&context=ha_hebrew_series,"ירושלים , עיר דוד , *1886-A, יעקב ביליג",JER_ALL,ירושלים;עיר דוד
ha_hebrew_series_81#046,S1,ha_hebrew_series,81,Hadashot Arkheologiyot 101–102 / חדשות ארכיאולוגיות קא–קב,1993,84,https://publications.iaa.org.il/cgi/viewcontent.cgi?article=1080&context=ha_hebrew_series,"ירושלים , ארנונה , *1941-A, צבי גרינהוט וגדעון סולימני",JER_ALL,ארנונה;ירושלים
ha_hebrew_series_81#047,S1,ha_hebrew_series,81,Hadashot Arkheologiyot 101–102 / חדשות ארכיאולוגיות קא–קב,1993,86,https://publications.iaa.org.il/cgi/viewcontent.cgi?article=1080&context=ha_hebrew_series,"ירושלים , בית צפאפה , 1931-A, נורית פייג",JER_ALL,ירושלים
ha_hebrew_series_81#048,S1,ha_hebrew_series,81,Hadashot Arkheologiyot 101–102 / חדשות ארכיאולוגיות קא–קב,1993,89,https://publications.iaa.org.il/cgi/viewcontent.cgi?article=1080&context=ha_hebrew_series,"ירושלים , נחל רפאים , 1934-A, עמנואל איזנברג",JER_ALL,ירושלים
ha_hebrew_series_81#071,S1,ha_hebrew_series,81,Hadashot Arkheologiyot 101–102 / חדשות ארכיאולוגיות קא–קב,1993,119,https://publications.iaa.org.il/cgi/viewcontent.cgi?article=1080&context=ha_hebrew_series,"חיפה , שכונת דניה , *1964-A, דורון ליפקונסקי",carmel_siah,חיפה
ha_hebrew_series_81#072,S1,ha_hebrew_series,81,Hadashot Arkheologiyot 101–102 / חדשות ארכיאולוגיות קא–קב,1993,119,https://publications.iaa.org.il/cgi/viewcontent.cgi?article=1080&context=ha_hebrew_series,"חיפה , כרמליה , 1956-A, פלביה סונטג",carmel_siah,חיפה
ha_hebrew_series_81#089,S1,ha_hebrew_series,81,Hadashot Arkheologiyot 101–102 / חדשות ארכיאולוגיות קא–קב,1993,126,https://publications.iaa.org.il/cgi/viewcontent.cgi?article=1080&context=ha_hebrew_series,"ירושלים , ח' שמואל הנביא , בועז זיסו",JER_ALL,ירושלים
ha_hebrew_series_81#090,S1,ha_hebrew_series,81,Hadashot Arkheologiyot 101–102 / חדשות ארכיאולוגיות קא–קב,1993,126,https://publications.iaa.org.il/cgi/viewcontent.cgi?article=1080&context=ha_hebrew_series,"ירושלים , דרך חברון , *1767-A, צבי גרינהוט ובועז זיסו",JER_ALL,ירושלים
ha_hebrew_series_81#099,S1,ha_hebrew_series,81,Hadashot Arkheologiyot 101–102 / חדשות ארכיאולוגיות קא–קב,1993,131,https://publications.iaa.org.il/cgi/viewcontent.cgi?article=1080&context=ha_hebrew_series,"מגילות מדבר יהודה, מפעל פרסום – 1993",R_JD_CLIFFS,מדבר יהודה
ha_hebrew_series_82#023,S1,ha_hebrew_series,82,Hadashot Arkheologiyot 103 / חדשות ארכיאולוגיות קג,1995,38,https://publications.iaa.org.il/cgi/viewcontent.cgi?article=1081&context=ha_hebrew_series,"בית שאן , המצודה , 30/92-G-5/93 ,G-12/94 ,G, יוחנן זליגמן",beth_shean,בית שאן
ha_hebrew_series_82#039,S1,ha_hebrew_series,82,Hadashot Arkheologiyot 103 / חדשות ארכיאולוגיות קג,1995,61,https://publications.iaa.org.il/cgi/viewcontent.cgi?article=1081&context=ha_hebrew_series,"יריחו , תל א-סולטאן , 549-L, שמעון ריקלין",JERICHO_ALL,יריחו;תל א סולטאן
ha_hebrew_series_82#040,S1,ha_hebrew_series,82,Hadashot Arkheologiyot 103 / חדשות ארכיאולוגיות קג,1995,62,https://publications.iaa.org.il/cgi/viewcontent.cgi?article=1081&context=ha_hebrew_series,"ירושלים , הר חוצבים , 1969-A, רז קלטר",JER_ALL,ירושלים
ha_hebrew_series_82#041,S1,ha_hebrew_series,82,Hadashot Arkheologiyot 103 / חדשות ארכיאולוגיות קג,1995,63,https://publications.iaa.org.il/cgi/viewcontent.cgi?article=1081&context=ha_hebrew_series,"ירושלים , בנייני האומה , 2020-A, עוזי עד",JER_ALL,ירושלים
ha_hebrew_series_82#042,S1,ha_hebrew_series,82,Hadashot Arkheologiyot 103 / חדשות ארכיאולוגיות קג,1995,64,https://publications.iaa.org.il/cgi/viewcontent.cgi?article=1081&context=ha_hebrew_series,"ירושלים , רחביה , 2005-A, צבי גרינהוט",JER_ALL,ירושלים
ha_hebrew_series_82#043,S1,ha_hebrew_series,82,Hadashot Arkheologiyot 103 / חדשות ארכיאולוגיות קג,1995,65,https://publications.iaa.org.il/cgi/viewcontent.cgi?article=1081&context=ha_hebrew_series,"ירושלים , ח' א-ראס , 2083-A, נורית פייג ועומר עבד רבו",JER_ALL,ירושלים
ha_hebrew_series_82#044,S1,ha_hebrew_series,82,Hadashot Arkheologiyot 103 / חדשות ארכיאולוגיות קג,1995,66,https://publications.iaa.org.il/cgi/viewcontent.cgi?article=1081&context=ha_hebrew_series,"ירושלים , עיר דוד , 1961-A*, אלון דה-גרוט",JER_ALL,ירושלים;עיר דוד
ha_hebrew_series_82#045,S1,ha_hebrew_series,82,Hadashot Arkheologiyot 103 / חדשות ארכיאולוגיות קג,1995,68,https://publications.iaa.org.il/cgi/viewcontent.cgi?article=1081&context=ha_hebrew_series,"ירושלים , כנסיית סט' פטרוס גליקנטו , 120/92-G-90/93 ,G, פלורנטינו דיאז",JER_ALL,ירושלים
ha_hebrew_series_82#046,S1,ha_hebrew_series,82,Hadashot Arkheologiyot 103 / חדשות ארכיאולוגיות קג,1995,68,https://publications.iaa.org.il/cgi/viewcontent.cgi?article=1081&context=ha_hebrew_series,"ירושלים , אמת המים התחתונה , 1896-A, יעקב ביליג",JER_ALL,ירושלים
ha_hebrew_series_82#047,S1,ha_hebrew_series,82,Hadashot Arkheologiyot 103 / חדשות ארכיאולוגיות קג,1995,70,https://publications.iaa.org.il/cgi/viewcontent.cgi?article=1081&context=ha_hebrew_series,"ירושלים , ארנונה , 1959-A, יעקב ביליג",JER_ALL,ארנונה;ירושלים
ha_hebrew_series_82#080,S1,ha_hebrew_series,82,Hadashot Arkheologiyot 103 / חדשות ארכיאולוגיות קג,1995,112,https://publications.iaa.org.il/cgi/viewcontent.cgi?article=1081&context=ha_hebrew_series,"בית שאן , דרום , 2051-A*, צבי גל וסטיוארט סאטרפילד",beth_shean,בית שאן
ha_hebrew_series_82#081,S1,ha_hebrew_series,82,Hadashot Arkheologiyot 103 / חדשות ארכיאולוגיות קג,1995,113,https://publications.iaa.org.il/cgi/viewcontent.cgi?article=1081&context=ha_hebrew_series,"בית שאן , שיכון א' , 2055-A*, צבי גל וסטיוארט סאטרפילד",beth_shean,בית שאן
ha_hebrew_series_82#086,S1,ha_hebrew_series,82,Hadashot Arkheologiyot 103 / חדשות ארכיאולוגיות קג,1995,115,https://publications.iaa.org.il/cgi/viewcontent.cgi?article=1081&context=ha_hebrew_series,"ירושלים , מגרש הרוסים , 1913-A*, יעקב ביליג",JER_ALL,ירושלים
ha_hebrew_series_82#087,S1,ha_hebrew_series,82,Hadashot Arkheologiyot 103 / חדשות ארכיאולוגיות קג,1995,115,https://publications.iaa.org.il/cgi/viewcontent.cgi?article=1081&context=ha_hebrew_series,"ירושלים , יער השלום , 38/93-G, צבי גרינהוט",JER_ALL,ירושלים
ha_hebrew_series_82#088,S1,ha_hebrew_series,82,Hadashot Arkheologiyot 103 / חדשות ארכיאולוגיות קג,1995,115,https://publications.iaa.org.il/cgi/viewcontent.cgi?article=1081&context=ha_hebrew_series,"ירושלים , גילה , 2095-A, פאני ויטו",JER_ALL,ירושלים
ha_hebrew_series_82#091,S1,ha_hebrew_series,82,Hadashot Arkheologiyot 103 / חדשות ארכיאולוגיות קג,1995,116,https://publications.iaa.org.il/cgi/viewcontent.cgi?article=1081&context=ha_hebrew_series,"סקר מפת עין גדי , 16/93-G, גדעון הדס",R_JD_CLIFFS,עין גדי
ha_hebrew_series_82#105,S1,ha_hebrew_series,82,Hadashot Arkheologiyot 103 / חדשות ארכיאולוגיות קג,1995,118,https://publications.iaa.org.il/cgi/viewcontent.cgi?article=1081&context=ha_hebrew_series,"ירושלים , רחוב רמת הגולן , 294-A, גרשון אדלשטיין וזהבה לוי",JER_ALL,ירושלים
ha_hebrew_series_82#106,S1,ha_hebrew_series,82,Hadashot Arkheologiyot 103 / חדשות ארכיאולוגיות קג,1995,118,https://publications.iaa.org.il/cgi/viewcontent.cgi?article=1081&context=ha_hebrew_series,"ירושלים , אוגוסטה ויקטוריה , 416-A, גרשון אדלשטיין וזהבה לוי",JER_ALL,ירושלים
ha_hebrew_series_82#107,S1,ha_hebrew_series,82,Hadashot Arkheologiyot 103 / חדשות ארכיאולוגיות קג,1995,118,https://publications.iaa.org.il/cgi/viewcontent.cgi?article=1081&context=ha_hebrew_series,"ירושלים , הר הזיתים , 57-A, גרשון אדלשטיין",JER_ALL,הר הזיתים;ירושלים
ha_hebrew_series_82#108,S1,ha_hebrew_series,82,Hadashot Arkheologiyot 103 / חדשות ארכיאולוגיות קג,1995,118,https://publications.iaa.org.il/cgi/viewcontent.cgi?article=1081&context=ha_hebrew_series,"ירושלים , שער האשפות , 717-A, גרשון אדלשטיין וזהבה לוי",JER_ALL,ירושלים
ha_hebrew_series_82#109,S1,ha_hebrew_series,82,Hadashot Arkheologiyot 103 / חדשות ארכיאולוגיות קג,1995,118,https://publications.iaa.org.il/cgi/viewcontent.cgi?article=1081&context=ha_hebrew_series,"ירושלים , הר ציון , 513-A, גרשון אדלשטיין",JER_ALL,הר ציון;ירושלים
ha_hebrew_series_82#110,S1,ha_hebrew_series,82,Hadashot Arkheologiyot 103 / חדשות ארכיאולוגיות קג,1995,118,https://publications.iaa.org.il/cgi/viewcontent.cgi?article=1081&context=ha_hebrew_series,"ירושלים , קריית היובל , גרשון אדלשטיין וזהבה לוי",JER_ALL,ירושלים
ha_hebrew_series_82#111,S1,ha_hebrew_series,82,Hadashot Arkheologiyot 103 / חדשות ארכיאולוגיות קג,1995,118,https://publications.iaa.org.il/cgi/viewcontent.cgi?article=1081&context=ha_hebrew_series,"ירושלים , תלפיות מזרח (יער השלום) , 1932-A, צבי גרינהוט",JER_ALL,ירושלים;תלפיות
ha_hebrew_series_83#036,S1,ha_hebrew_series,83,Hadashot Arkheologiyot 104 / חדשות ארכיאולוגיות קד,1995,62,https://publications.iaa.org.il/cgi/viewcontent.cgi?article=1082&context=ha_hebrew_series,"בית שאן , 2226-A, דינה אבשלום-גורני",beth_shean,בית שאן
ha_hebrew_series_83#041,S1,ha_hebrew_series,83,Hadashot Arkheologiyot 104 / חדשות ארכיאולוגיות קד,1995,71,https://publications.iaa.org.il/cgi/viewcontent.cgi?article=1082&context=ha_hebrew_series,"תל תאנים , 100/94-G, נעמה שפטלוביץ ורונית אורן",JERICHO_ALL,נעמה
ha_hebrew_series_83#045,S1,ha_hebrew_series,83,Hadashot Arkheologiyot 104 / חדשות ארכיאולוגיות קד,1995,76,https://publications.iaa.org.il/cgi/viewcontent.cgi?article=1082&context=ha_hebrew_series,"גלגל , תמר נוי",JERICHO_ALL,גלגל
ha_hebrew_series_83#050,S1,ha_hebrew_series,83,Hadashot Arkheologiyot 104 / חדשות ארכיאולוגיות קד,1995,81,https://publications.iaa.org.il/cgi/viewcontent.cgi?article=1082&context=ha_hebrew_series,"ירושלים , ח' כאכול , 1970-A*, אלנה קוגן-זהבי",JER_ALL,ירושלים
ha_hebrew_series_83#051,S1,ha_hebrew_series,83,Hadashot Arkheologiyot 104 / חדשות ארכיאולוגיות קד,1995,85,https://publications.iaa.org.il/cgi/viewcontent.cgi?article=1082&context=ha_hebrew_series,"ירושלים , ח' עדסה , 2117-A, חמודי חלאילה",JER_ALL,ירושלים
ha_hebrew_series_83#052,S1,ha_hebrew_series,83,Hadashot Arkheologiyot 104 / חדשות ארכיאולוגיות קד,1995,87,https://publications.iaa.org.il/cgi/viewcontent.cgi?article=1082&context=ha_hebrew_series,"ירושלים , ח' אל-בורג' , 1882-A*, שמואל וולף",JER_ALL,ירושלים
ha_hebrew_series_83#053,S1,ha_hebrew_series,83,Hadashot Arkheologiyot 104 / חדשות ארכיאולוגיות קד,1995,87,https://publications.iaa.org.il/cgi/viewcontent.cgi?article=1082&context=ha_hebrew_series,"ירושלים , פסגת זאב (מזרח א') , 1996-A*, ראפע אבו ריא",JER_ALL,ירושלים;פסגת זאב
ha_hebrew_series_83#054,S1,ha_hebrew_series,83,Hadashot Arkheologiyot 104 / חדשות ארכיאולוגיות קד,1995,89,https://publications.iaa.org.il/cgi/viewcontent.cgi?article=1082&context=ha_hebrew_series,"ירושלים , פסגת זאב ה' , עופרה שורקין",JER_ALL,ירושלים;פסגת זאב
ha_hebrew_series_83#055,S1,ha_hebrew_series,83,Hadashot Arkheologiyot 104 / חדשות ארכיאולוגיות קד,1995,89,https://publications.iaa.org.il/cgi/viewcontent.cgi?article=1082&context=ha_hebrew_series,"ירושלים , גבעת המבתר , 2153-A, ראפע אבו ריא",JER_ALL,גבעת המבתר;ירושלים
ha_hebrew_series_83#056,S1,ha_hebrew_series,83,Hadashot Arkheologiyot 104 / חדשות ארכיאולוגיות קד,1995,90,https://publications.iaa.org.il/cgi/viewcontent.cgi?article=1082&context=ha_hebrew_series,"ירושלים , רחוב הרמחים ורחוב הסהר , 1785-A, ראפע אבו ריא",JER_ALL,ירושלים
ha_hebrew_series_83#057,S1,ha_hebrew_series,83,Hadashot Arkheologiyot 104 / חדשות ארכיאולוגיות קד,1995,91,https://publications.iaa.org.il/cgi/viewcontent.cgi?article=1082&context=ha_hebrew_series,"ירושלים , 'בית אליהו' , 1825-A, ראפע אבו ריא",JER_ALL,ירושלים
ha_hebrew_series_83#058,S1,ha_hebrew_series,83,Hadashot Arkheologiyot 104 / חדשות ארכיאולוגיות קד,1995,92,https://publications.iaa.org.il/cgi/viewcontent.cgi?article=1082&context=ha_hebrew_series,"ירושלים , רחוב השלשלת , 1873-A-1987 ,A, אלנה קוגן-זהבי",JER_ALL,ירושלים
ha_hebrew_series_83#059,S1,ha_hebrew_series,83,Hadashot Arkheologiyot 104 / חדשות ארכיאולוגיות קד,1995,95,https://publications.iaa.org.il/cgi/viewcontent.cgi?article=1082&context=ha_hebrew_series,"ירושלים , שער המערביים , 1976-A *, ראפע אבו ריא",JER_ALL,ירושלים
ha_hebrew_series_83#060,S1,ha_hebrew_series,83,Hadashot Arkheologiyot 104 / חדשות ארכיאולוגיות קד,1995,96,https://publications.iaa.org.il/cgi/viewcontent.cgi?article=1082&context=ha_hebrew_series,"ירושלים , 'קשת רובינסון' , 2205-A, רוני רייך ויעקב ביליג",JER_ALL,ירושלים
ha_hebrew_series_83#061,S1,ha_hebrew_series,83,Hadashot Arkheologiyot 104 / חדשות ארכיאולוגיות קד,1995,97,https://publications.iaa.org.il/cgi/viewcontent.cgi?article=1082&context=ha_hebrew_series,"ירושלים , הר הזיתים , 2114-A, ראפע אבו ריא",JER_ALL,הר הזיתים;ירושלים
ha_hebrew_series_83#062,S1,ha_hebrew_series,83,Hadashot Arkheologiyot 104 / חדשות ארכיאולוגיות קד,1995,98,https://publications.iaa.org.il/cgi/viewcontent.cgi?article=1082&context=ha_hebrew_series,"ירושלים , הר ציון , 1975-A*, ראפע אבו ריא",JER_ALL,הר ציון;ירושלים
ha_hebrew_series_84#017,S1,ha_hebrew_series,84,Hadashot Arkheologiyot 106 / חדשות ארכיאולוגיות קו,1996,26,https://publications.iaa.org.il/cgi/viewcontent.cgi?article=1083&context=ha_hebrew_series,"חיפה , 'קיר העורבים' , 2008-A, זאב יבין",carmel_siah,חיפה
ha_hebrew_series_84#037,S1,ha_hebrew_series,84,Hadashot Arkheologiyot 106 / חדשות ארכיאולוגיות קו,1996,65,https://publications.iaa.org.il/cgi/viewcontent.cgi?article=1083&context=ha_hebrew_series,"תל בית שאן , 1994-1996 , עמיחי מזר",beth_shean,בית שאן
ha_hebrew_series_84#066,S2,ha_hebrew_series,84,Hadashot Arkheologiyot 106 / חדשות ארכיאולוגיות קו,1996,117,https://publications.iaa.org.il/cgi/viewcontent.cgi?article=1083&context=ha_hebrew_series,"יבנה ים , סקר תת-ימי , 26/92-G-30/93 ,G-21/94 ,G-53/95 ,G, אהוד גלילי, יעקב שרביט ונעמה בהט-סילב",JERICHO_ALL,נעמה
ha_hebrew_series_84#071,S1,ha_hebrew_series,84,Hadashot Arkheologiyot 106 / חדשות ארכיאולוגיות קו,1996,130,https://publications.iaa.org.il/cgi/viewcontent.cgi?article=1083&context=ha_hebrew_series,"ירושלים , החומה השלישית , 2133-G -28/91 ,A*, ראפע אבו ריא",JER_ALL,ירושלים
ha_hebrew_series_84#072,S1,ha_hebrew_series,84,Hadashot Arkheologiyot 106 / חדשות ארכיאולוגיות קו,1996,134,https://publications.iaa.org.il/cgi/viewcontent.cgi?article=1083&context=ha_hebrew_series,"ירושלים , שער הרחמים , 2381-A, רוני רייך ואלי שוקרון",JER_ALL,ירושלים
ha_hebrew_series_84#073,S1,ha_hebrew_series,84,Hadashot Arkheologiyot 106 / חדשות ארכיאולוגיות קו,1996,134,https://publications.iaa.org.il/cgi/viewcontent.cgi?article=1083&context=ha_hebrew_series,"ירושלים , קשת רובינסון , 2205-A",JER_ALL,ירושלים
ha_hebrew_series_84#074,S1,ha_hebrew_series,84,Hadashot Arkheologiyot 106 / חדשות ארכיאולוגיות קו,1996,137,https://publications.iaa.org.il/cgi/viewcontent.cgi?article=1083&context=ha_hebrew_series,"ירושלים , חקל דמא , בועז זיסו",JER_ALL,ירושלים
ha_hebrew_series_84#075,S1,ha_hebrew_series,84,Hadashot Arkheologiyot 106 / חדשות ארכיאולוגיות קו,1996,139,https://publications.iaa.org.il/cgi/viewcontent.cgi?article=1083&context=ha_hebrew_series,"ירושלים , עיר דוד , 2236-A, רוני רייך ואלי שוקרון",JER_ALL,ירושלים;עיר דוד
ha_hebrew_series_84#076,S1,ha_hebrew_series,84,Hadashot Arkheologiyot 106 / חדשות ארכיאולוגיות קו,1996,140,https://publications.iaa.org.il/cgi/viewcontent.cgi?article=1083&context=ha_hebrew_series,"ירושלים , כנסיית סט פטרוס אין גליקנטו , 78/94-G",JER_ALL,ירושלים
ha_hebrew_series_84#077,S1,ha_hebrew_series,84,Hadashot Arkheologiyot 106 / חדשות ארכיאולוגיות קו,1996,141,https://publications.iaa.org.il/cgi/viewcontent.cgi?article=1083&context=ha_hebrew_series,"ירושלים , מלון הולילנד , 2292-A, שרה בן אריה",JER_ALL,ירושלים
ha_hebrew_series_84#078,S1,ha_hebrew_series,84,Hadashot Arkheologiyot 106 / חדשות ארכיאולוגיות קו,1996,142,https://publications.iaa.org.il/cgi/viewcontent.cgi?article=1083&context=ha_hebrew_series,"ירושלים , בית צפאפא (מערב) , 2429-A, בועז זיסו וחיים מויאל",JER_ALL,ירושלים
ha_hebrew_series_84#103,S1,ha_hebrew_series,84,Hadashot Arkheologiyot 106 / חדשות ארכיאולוגיות קו,1996,171,https://publications.iaa.org.il/cgi/viewcontent.cgi?article=1083&context=ha_hebrew_series,"ירושלים , רח' שמואל הנביא , ראפע אבו ריא",JER_ALL,ירושלים
ha_hebrew_series_84#104,S1,ha_hebrew_series,84,Hadashot Arkheologiyot 106 / חדשות ארכיאולוגיות קו,1996,172,https://publications.iaa.org.il/cgi/viewcontent.cgi?article=1083&context=ha_hebrew_series,"ירושלים , בית הכרם , 2301-A *, ראפע אבו ריא",JER_ALL,ירושלים
ha_hebrew_series_84#113,S2,ha_hebrew_series,84,Hadashot Arkheologiyot 106 / חדשות ארכיאולוגיות קו,1996,174,https://publications.iaa.org.il/cgi/viewcontent.cgi?article=1083&context=ha_hebrew_series,"טול כרם , 23/95-G, רונית אורן ונעמה שפטאלוביץ",JERICHO_ALL,נעמה
ha_hebrew_series_84#114,S2,ha_hebrew_series,84,Hadashot Arkheologiyot 106 / חדשות ארכיאולוגיות קו,1996,174,https://publications.iaa.org.il/cgi/viewcontent.cgi?article=1083&context=ha_hebrew_series,"שער אפרים (מזרח) , 24/95-G, אורית אורן ונעמה שפטלוביץ",JERICHO_ALL,נעמה
ha_hebrew_series_84#115,S2,ha_hebrew_series,84,Hadashot Arkheologiyot 106 / חדשות ארכיאולוגיות קו,1996,174,https://publications.iaa.org.il/cgi/viewcontent.cgi?article=1083&context=ha_hebrew_series,"טייבה, נחל אלכסנדר, מחלף אלכסנדר , 102/95-G-104/95 ,G-103/95 ,G, רונית אורן ונעמה שפטאלוביץ",JERICHO_ALL,נעמה
ha_hebrew_series_84#120,S1,ha_hebrew_series,84,Hadashot Arkheologiyot 106 / חדשות ארכיאולוגיות קו,1996,175,https://publications.iaa.org.il/cgi/viewcontent.cgi?article=1083&context=ha_hebrew_series,"ירושלים , מזרח תלפיות , 1446-A, אורנה הס",JER_ALL,ירושלים;תלפיות
ha_hebrew_series_85#025,S1,ha_hebrew_series,85,Hadashot Arkheologiyot 107 / חדשות ארכיאולוגיות קז,1997,41,https://publications.iaa.org.il/cgi/viewcontent.cgi?article=1084&context=ha_hebrew_series,"בית שאן , (א) , 2191-A, דינה אבשלום-גורני",beth_shean,בית שאן
ha_hebrew_series_85#026,S1,ha_hebrew_series,85,Hadashot Arkheologiyot 107 / חדשות ארכיאולוגיות קז,1997,42,https://publications.iaa.org.il/cgi/viewcontent.cgi?article=1084&context=ha_hebrew_series,"בית שאן , (ב) , 2368-A, דינה אבשלום-גורני",beth_shean,בית שאן
ha_hebrew_series_85#027,S1,ha_hebrew_series,85,Hadashot Arkheologiyot 107 / חדשות ארכיאולוגיות קז,1997,43,https://publications.iaa.org.il/cgi/viewcontent.cgi?article=1084&context=ha_hebrew_series,"בית שאן , (ג) , 2092-A *, דרור ברשד",beth_shean,בית שאן
ha_hebrew_series_85#029,S1,ha_hebrew_series,85,Hadashot Arkheologiyot 107 / חדשות ארכיאולוגיות קז,1997,46,https://publications.iaa.org.il/cgi/viewcontent.cgi?article=1084&context=ha_hebrew_series,"שער אפרים , (מרכז ודרום) , 25/95-G-26/95 ,G-63/96 ,G, רונית אורן, נעמה שפטלוביץ ורן ברקאי",JERICHO_ALL,נעמה
ha_hebrew_series_85#037,S1,ha_hebrew_series,85,Hadashot Arkheologiyot 107 / חדשות ארכיאולוגיות קז,1997,62,https://publications.iaa.org.il/cgi/viewcontent.cgi?article=1084&context=ha_hebrew_series,"ח' אל-בירה , 116/95-G, נעמה שפטלוביץ ורונית אורן",JERICHO_ALL,נעמה
ha_hebrew_series_85#050,S1,ha_hebrew_series,85,Hadashot Arkheologiyot 107 / חדשות ארכיאולוגיות קז,1997,81,https://publications.iaa.org.il/cgi/viewcontent.cgi?article=1084&context=ha_hebrew_series,"ירושלים , הר חוצבים , 2096-A, נטליה מאי",JER_ALL,ירושלים
ha_hebrew_series_85#051,S1,ha_hebrew_series,85,Hadashot Arkheologiyot 107 / חדשות ארכיאולוגיות קז,1997,84,https://publications.iaa.org.il/cgi/viewcontent.cgi?article=1084&context=ha_hebrew_series,"ירושלים , הר הצופים , 2312-A, ראפע אבו ריא ובועז זיסו",JER_ALL,ירושלים
ha_hebrew_series_85#052,S1,ha_hebrew_series,85,Hadashot Arkheologiyot 107 / חדשות ארכיאולוגיות קז,1997,85,https://publications.iaa.org.il/cgi/viewcontent.cgi?article=1084&context=ha_hebrew_series,"ירושלים , דרך העופל , 2377-A, רוני רייך ואלי שוקרון",JER_ALL,ירושלים;עופל
ha_hebrew_series_85#053,S1,ha_hebrew_series,85,Hadashot Arkheologiyot 107 / חדשות ארכיאולוגיות קז,1997,86,https://publications.iaa.org.il/cgi/viewcontent.cgi?article=1084&context=ha_hebrew_series,"ירושלים , מעיין הגיחון , 2599-A, רוני רייך ואלי שוקרון",JER_ALL,גיחון;ירושלים
ha_hebrew_series_85#054,S1,ha_hebrew_series,85,Hadashot Arkheologiyot 107 / חדשות ארכיאולוגיות קז,1997,87,https://publications.iaa.org.il/cgi/viewcontent.cgi?article=1084&context=ha_hebrew_series,"ירושלים , אבו טור , 2515-A *, בועז זיסו ואמיר גנור",JER_ALL,אבו טור;ירושלים
ha_hebrew_series_85#055,S1,ha_hebrew_series,85,Hadashot Arkheologiyot 107 / חדשות ארכיאולוגיות קז,1997,88,https://publications.iaa.org.il/cgi/viewcontent.cgi?article=1084&context=ha_hebrew_series,"ירושלים , כנסיית סט' פטרוס אין גליקנטו – 1995 , 105/95-G, פלורנטינו דיאז",JER_ALL,ירושלים
ha_hebrew_series_85#056,S1,ha_hebrew_series,85,Hadashot Arkheologiyot 107 / חדשות ארכיאולוגיות קז,1997,89,https://publications.iaa.org.il/cgi/viewcontent.cgi?article=1084&context=ha_hebrew_series,"ירושלים , רחוב ממילא , 2286-A, אפרת אסף ויעקב ביליג",JER_ALL,ירושלים;ממילא
ha_hebrew_series_85#057,S1,ha_hebrew_series,85,Hadashot Arkheologiyot 107 / חדשות ארכיאולוגיות קז,1997,91,https://publications.iaa.org.il/cgi/viewcontent.cgi?article=1084&context=ha_hebrew_series,"ירושלים , נווה שאנן , 2479-A *, ג'ון (יוחנן) זליגמן ועמית ראם",JER_ALL,ירושלים
ha_hebrew_series_85#058,S1,ha_hebrew_series,85,Hadashot Arkheologiyot 107 / חדשות ארכיאולוגיות קז,1997,92,https://publications.iaa.org.il/cgi/viewcontent.cgi?article=1084&context=ha_hebrew_series,"ירושלים , עין כרם , 2424-A *, ג'ון (יוחנן) זליגמן ועמית ראם",JER_ALL,ירושלים
ha_hebrew_series_85#059,S1,ha_hebrew_series,85,Hadashot Arkheologiyot 107 / חדשות ארכיאולוגיות קז,1997,93,https://publications.iaa.org.il/cgi/viewcontent.cgi?article=1084&context=ha_hebrew_series,"ירושלים , גבעת חומה , 2319-A, נטליה מאי",JER_ALL,ירושלים
ha_hebrew_series_85#060,S1,ha_hebrew_series,85,Hadashot Arkheologiyot 107 / חדשות ארכיאולוגיות קז,1997,94,https://publications.iaa.org.il/cgi/viewcontent.cgi?article=1084&context=ha_hebrew_series,"ירושלים , עין יעל (א) , 2143-A, ראפע אבו ריא ומיגל ויסמן",JER_ALL,ירושלים
ha_hebrew_series_85#061,S1,ha_hebrew_series,85,Hadashot Arkheologiyot 107 / חדשות ארכיאולוגיות קז,1997,95,https://publications.iaa.org.il/cgi/viewcontent.cgi?article=1084&context=ha_hebrew_series,"ירושלים , עין יעל (ב) , 77/91-G *, הרלי שטרק",JER_ALL,ירושלים
ha_hebrew_series_85#086,S1,ha_hebrew_series,85,Hadashot Arkheologiyot 107 / חדשות ארכיאולוגיות קז,1997,137,https://publications.iaa.org.il/cgi/viewcontent.cgi?article=1084&context=ha_hebrew_series,"סקר מבנים צלבניים , אכזיב, עכו, ירושלים, ליפתא, מוצא , 19/93-G, אדריאן בועז",JER_ALL,ירושלים
ha_hebrew_series_85#097,S2,ha_hebrew_series,85,Hadashot Arkheologiyot 107 / חדשות ארכיאולוגיות קז,1997,148,https://publications.iaa.org.il/cgi/viewcontent.cgi?article=1084&context=ha_hebrew_series,"חורבת נחל תאנים , 11/95-G, רונית אורן ונעמה שפטלוביץ",JERICHO_ALL,נעמה
ha_hebrew_series_86#043,S2,ha_hebrew_series,86,Hadashot Arkheologiyot 108 / חדשות ארכיאולוגיות קח,1998,71,https://publications.iaa.org.il/cgi/viewcontent.cgi?article=1085&context=ha_hebrew_series,"ח' אל-בירה , 65/96-G, רונית אורן ונעמה שפטלוביץ",JERICHO_ALL,נעמה
ha_hebrew_series_86#099,S1,ha_hebrew_series,86,Hadashot Arkheologiyot 108 / חדשות ארכיאולוגיות קח,1998,133,https://publications.iaa.org.il/cgi/viewcontent.cgi?article=1085&context=ha_hebrew_series,"ירושלים , יער רמות , 2215-A, יהודה רפיואנו ואליהו שבו",JER_ALL,ירושלים
ha_hebrew_series_86#100,S1,ha_hebrew_series,86,Hadashot Arkheologiyot 108 / חדשות ארכיאולוגיות קח,1998,134,https://publications.iaa.org.il/cgi/viewcontent.cgi?article=1085&context=ha_hebrew_series,"ירושלים , גבעת המבתר , 2223-A *, גדעון סולימני ובועז זיסו",JER_ALL,גבעת המבתר;ירושלים
ha_hebrew_series_86#101,S1,ha_hebrew_series,86,Hadashot Arkheologiyot 108 / חדשות ארכיאולוגיות קח,1998,136,https://publications.iaa.org.il/cgi/viewcontent.cgi?article=1085&context=ha_hebrew_series,"ירושלים , מעיין הגיחון , 2599-A, רוני רייך ואלי שוקרון",JER_ALL,גיחון;ירושלים
ha_hebrew_series_86#102,S1,ha_hebrew_series,86,Hadashot Arkheologiyot 108 / חדשות ארכיאולוגיות קח,1998,138,https://publications.iaa.org.il/cgi/viewcontent.cgi?article=1085&context=ha_hebrew_series,"ירושלים , חומת העיר העתיקה , 2503-A, ג'ון (יוחנן) זליגמן",JER_ALL,ירושלים
ha_hebrew_series_86#103,S1,ha_hebrew_series,86,Hadashot Arkheologiyot 108 / חדשות ארכיאולוגיות קח,1998,139,https://publications.iaa.org.il/cgi/viewcontent.cgi?article=1085&context=ha_hebrew_series,"ירושלים , מר אליאס – כנסיית הקתיסמה , 2753-A, רינה אבנר",JER_ALL,ירושלים
ha_hebrew_series_86#139,S1,ha_hebrew_series,86,Hadashot Arkheologiyot 108 / חדשות ארכיאולוגיות קח,1998,180,https://publications.iaa.org.il/cgi/viewcontent.cgi?article=1085&context=ha_hebrew_series,"ירושלים , קשת רובינסון , רוני רייך ויעקב ביליג",JER_ALL,ירושלים
ha_hebrew_series_86#140,S1,ha_hebrew_series,86,Hadashot Arkheologiyot 108 / חדשות ארכיאולוגיות קח,1998,180,https://publications.iaa.org.il/cgi/viewcontent.cgi?article=1085&context=ha_hebrew_series,"ירושלים , רחוב דיסקין , 2350-A, ראפע אבו ריא וגדעון סולימני",JER_ALL,ירושלים
ha_hebrew_series_9#009,S2,ha_hebrew_series,9,Hadashot Arkheologiyot 21 / חדשות ארכיאולוגיות כא,1967,10,https://publications.iaa.org.il/cgi/viewcontent.cgi?article=1008&context=ha_hebrew_series,"מערת קברים עתיקה בירושלים , שלמה גודוביץ",JER_ALL,ירושלים
