unit_id,name,main_set,in_R2,variant,nigro,matched_conditions,coders,same_feature_both_coders,verdict,verdict_conditions,consensus_valid_combinations,consensus_best,consensus_conditions,A_valid_combinations,A_best,A_conditions,B_valid_combinations,B_best,B_conditions
S1283,Qarn Sarṭaba,True,False,primary,with,C1+C2,A+B,C1:yes C2:no,conditionally compatible,No feature set that both coders accept (C2: no shared feature). Coder A: A f11: disputed: B f20: no usable position (no position) | A f11: undated: must exist in 50 BCE-135 CE (not dated by the source) / Coder B: B f14: disputed: A s2z_f4: no usable position (no position) | B f14: undated: must exist in 50 BCE-135 CE (source deduces 19th-c. robbing digs but adds 'there are other possibilities'; not secure),0,,none: no qualifying feature,1,C1: A s2z_f3; C2: A f11,A f11: disputed: B f20: no usable position (no position) | A f11: undated: must exist in 50 BCE-135 CE (not dated by the source),1,C1: B f16; C2: B f14,B f14: disputed: A s2z_f4: no usable position (no position) | B f14: undated: must exist in 50 BCE-135 CE (source deduces 19th-c. robbing digs but adds 'there are other possibilities'; not secure)
S1283,Qarn Sarṭaba,True,False,primary,without,C1+C2,A+B,C1:yes C2:no,conditionally compatible,No feature set that both coders accept (C2: no shared feature). Coder A: A f11: disputed: B f20: no usable position (no position) | A f11: undated: must exist in 50 BCE-135 CE (not dated by the source) / Coder B: B f14: disputed: A s2z_f4: no usable position (no position) | B f14: undated: must exist in 50 BCE-135 CE (source deduces 19th-c. robbing digs but adds 'there are other possibilities'; not secure),0,,none: no qualifying feature,1,C1: A s2z_f3; C2: A f11,A f11: disputed: B f20: no usable position (no position) | A f11: undated: must exist in 50 BCE-135 CE (not dated by the source),1,C1: B f16; C2: B f14,B f14: disputed: A s2z_f4: no usable position (no position) | B f14: undated: must exist in 50 BCE-135 CE (source deduces 19th-c. robbing digs but adds 'there are other possibilities'; not secure)
S1283,Qarn Sarṭaba,True,False,C1_0.5km,with,C1+C2,A+B,C1:yes C2:no,conditionally compatible,No feature set that both coders accept (C2: no shared feature). Coder A: A f11: disputed: B f20: no usable position (no position) | A f11: undated: must exist in 50 BCE-135 CE (not dated by the source) / Coder B: B f14: disputed: A s2z_f4: no usable position (no position) | B f14: undated: must exist in 50 BCE-135 CE (source deduces 19th-c. robbing digs but adds 'there are other possibilities'; not secure),0,,none: no qualifying feature,1,C1: A s2z_f3; C2: A f11,A f11: disputed: B f20: no usable position (no position) | A f11: undated: must exist in 50 BCE-135 CE (not dated by the source),1,C1: B f16; C2: B f14,B f14: disputed: A s2z_f4: no usable position (no position) | B f14: undated: must exist in 50 BCE-135 CE (source deduces 19th-c. robbing digs but adds 'there are other possibilities'; not secure)
S1283,Qarn Sarṭaba,True,False,C1_0.5km,without,C1+C2,A+B,C1:yes C2:no,conditionally compatible,No feature set that both coders accept (C2: no shared feature). Coder A: A f11: disputed: B f20: no usable position (no position) | A f11: undated: must exist in 50 BCE-135 CE (not dated by the source) / Coder B: B f14: disputed: A s2z_f4: no usable position (no position) | B f14: undated: must exist in 50 BCE-135 CE (source deduces 19th-c. robbing digs but adds 'there are other possibilities'; not secure),0,,none: no qualifying feature,1,C1: A s2z_f3; C2: A f11,A f11: disputed: B f20: no usable position (no position) | A f11: undated: must exist in 50 BCE-135 CE (not dated by the source),1,C1: B f16; C2: B f14,B f14: disputed: A s2z_f4: no usable position (no position) | B f14: undated: must exist in 50 BCE-135 CE (source deduces 19th-c. robbing digs but adds 'there are other possibilities'; not secure)
S1283,Qarn Sarṭaba,True,False,C1_2km,with,C1+C2,A+B,C1:yes C2:no,conditionally compatible,No feature set that both coders accept (C2: no shared feature). Coder A: A f11: disputed: B f20: no usable position (no position) | A f11: undated: must exist in 50 BCE-135 CE (not dated by the source) / Coder B: B f14: disputed: A s2z_f4: no usable position (no position) | B f14: undated: must exist in 50 BCE-135 CE (source deduces 19th-c. robbing digs but adds 'there are other possibilities'; not secure),0,,none: no qualifying feature,1,C1: A s2z_f3; C2: A f11,A f11: disputed: B f20: no usable position (no position) | A f11: undated: must exist in 50 BCE-135 CE (not dated by the source),1,C1: B f16; C2: B f14,B f14: disputed: A s2z_f4: no usable position (no position) | B f14: undated: must exist in 50 BCE-135 CE (source deduces 19th-c. robbing digs but adds 'there are other possibilities'; not secure)
S1283,Qarn Sarṭaba,True,False,C1_2km,without,C1+C2,A+B,C1:yes C2:no,conditionally compatible,No feature set that both coders accept (C2: no shared feature). Coder A: A f11: disputed: B f20: no usable position (no position) | A f11: undated: must exist in 50 BCE-135 CE (not dated by the source) / Coder B: B f14: disputed: A s2z_f4: no usable position (no position) | B f14: undated: must exist in 50 BCE-135 CE (source deduces 19th-c. robbing digs but adds 'there are other possibilities'; not secure),0,,none: no qualifying feature,1,C1: A s2z_f3; C2: A f11,A f11: disputed: B f20: no usable position (no position) | A f11: undated: must exist in 50 BCE-135 CE (not dated by the source),1,C1: B f16; C2: B f14,B f14: disputed: A s2z_f4: no usable position (no position) | B f14: undated: must exist in 50 BCE-135 CE (source deduces 19th-c. robbing digs but adds 'there are other possibilities'; not secure)
S1283,Qarn Sarṭaba,True,False,C2_tomb_shafts,with,C1+C2,A+B,C1:yes C2:no,conditionally compatible,No feature set that both coders accept (C2: no shared feature). Coder A: A f11: disputed: B f20: no usable position (no position) | A f11: undated: must exist in 50 BCE-135 CE (not dated by the source) / Coder B: B f14: disputed: A s2z_f4: no usable position (no position) | B f14: undated: must exist in 50 BCE-135 CE (source deduces 19th-c. robbing digs but adds 'there are other possibilities'; not secure),0,,none: no qualifying feature,1,C1: A s2z_f3; C2: A f11,A f11: disputed: B f20: no usable position (no position) | A f11: undated: must exist in 50 BCE-135 CE (not dated by the source),1,C1: B f16; C2: B f14,B f14: disputed: A s2z_f4: no usable position (no position) | B f14: undated: must exist in 50 BCE-135 CE (source deduces 19th-c. robbing digs but adds 'there are other possibilities'; not secure)
S1283,Qarn Sarṭaba,True,False,C2_tomb_shafts,without,C1+C2,A+B,C1:yes C2:no,conditionally compatible,No feature set that both coders accept (C2: no shared feature). Coder A: A f11: disputed: B f20: no usable position (no position) | A f11: undated: must exist in 50 BCE-135 CE (not dated by the source) / Coder B: B f14: disputed: A s2z_f4: no usable position (no position) | B f14: undated: must exist in 50 BCE-135 CE (source deduces 19th-c. robbing digs but adds 'there are other possibilities'; not secure),0,,none: no qualifying feature,1,C1: A s2z_f3; C2: A f11,A f11: disputed: B f20: no usable position (no position) | A f11: undated: must exist in 50 BCE-135 CE (not dated by the source),1,C1: B f16; C2: B f14,B f14: disputed: A s2z_f4: no usable position (no position) | B f14: undated: must exist in 50 BCE-135 CE (source deduces 19th-c. robbing digs but adds 'there are other possibilities'; not secure)
S6040,Tell esh-Sheikh Dhiab,True,False,primary,with,C1+C2,A+B,C1:yes C2:yes,conditionally compatible,A f4 = B f4: undated: must exist in 50 BCE-135 CE (both coders) | A f5 = B f5: undated: must exist in 50 BCE-135 CE (both coders),1,C1: A f4 = B f4; C2: A f5 = B f5,A f4 = B f4: undated: must exist in 50 BCE-135 CE (both coders) | A f5 = B f5: undated: must exist in 50 BCE-135 CE (both coders),1,C1: A f4; C2: A f5,A f4: undated: must exist in 50 BCE-135 CE (component of row E181; not dated itself by the source) | A f5: undated: must exist in 50 BCE-135 CE (component of row S1454; not dated itself by the source),1,C1: B f4; C2: B f5,B f4: undated: must exist in 50 BCE-135 CE (component not dated by the source) | B f5: undated: must exist in 50 BCE-135 CE (component not dated by the source)
S6040,Tell esh-Sheikh Dhiab,True,False,primary,without,C1+C2,A+B,C1:yes C2:yes,conditionally compatible,A f4 = B f4: undated: must exist in 50 BCE-135 CE (both coders) | A f5 = B f5: undated: must exist in 50 BCE-135 CE (both coders),1,C1: A f4 = B f4; C2: A f5 = B f5,A f4 = B f4: undated: must exist in 50 BCE-135 CE (both coders) | A f5 = B f5: undated: must exist in 50 BCE-135 CE (both coders),1,C1: A f4; C2: A f5,A f4: undated: must exist in 50 BCE-135 CE (component of row E181; not dated itself by the source) | A f5: undated: must exist in 50 BCE-135 CE (component of row S1454; not dated itself by the source),1,C1: B f4; C2: B f5,B f4: undated: must exist in 50 BCE-135 CE (component not dated by the source) | B f5: undated: must exist in 50 BCE-135 CE (component not dated by the source)
S6040,Tell esh-Sheikh Dhiab,True,False,C1_2km,with,C1+C2,A+B,C1:yes C2:yes,conditionally compatible,A f4 = B f4: undated: must exist in 50 BCE-135 CE (both coders) | A f5 = B f5: undated: must exist in 50 BCE-135 CE (both coders),1,C1: A f4 = B f4; C2: A f5 = B f5,A f4 = B f4: undated: must exist in 50 BCE-135 CE (both coders) | A f5 = B f5: undated: must exist in 50 BCE-135 CE (both coders),1,C1: A f4; C2: A f5,A f4: undated: must exist in 50 BCE-135 CE (component of row E181; not dated itself by the source) | A f5: undated: must exist in 50 BCE-135 CE (component of row S1454; not dated itself by the source),1,C1: B f4; C2: B f5,B f4: undated: must exist in 50 BCE-135 CE (component not dated by the source) | B f5: undated: must exist in 50 BCE-135 CE (component not dated by the source)
S6040,Tell esh-Sheikh Dhiab,True,False,C1_2km,without,C1+C2,A+B,C1:yes C2:yes,conditionally compatible,A f4 = B f4: undated: must exist in 50 BCE-135 CE (both coders) | A f5 = B f5: undated: must exist in 50 BCE-135 CE (both coders),1,C1: A f4 = B f4; C2: A f5 = B f5,A f4 = B f4: undated: must exist in 50 BCE-135 CE (both coders) | A f5 = B f5: undated: must exist in 50 BCE-135 CE (both coders),1,C1: A f4; C2: A f5,A f4: undated: must exist in 50 BCE-135 CE (component of row E181; not dated itself by the source) | A f5: undated: must exist in 50 BCE-135 CE (component of row S1454; not dated itself by the source),1,C1: B f4; C2: B f5,B f4: undated: must exist in 50 BCE-135 CE (component not dated by the source) | B f5: undated: must exist in 50 BCE-135 CE (component not dated by the source)
S6040,Tell esh-Sheikh Dhiab,True,False,C2_tomb_shafts,with,C1+C2,A+B,C1:yes C2:yes,conditionally compatible,A f4 = B f4: undated: must exist in 50 BCE-135 CE (both coders) | A f5 = B f5: undated: must exist in 50 BCE-135 CE (both coders),1,C1: A f4 = B f4; C2: A f5 = B f5,A f4 = B f4: undated: must exist in 50 BCE-135 CE (both coders) | A f5 = B f5: undated: must exist in 50 BCE-135 CE (both coders),1,C1: A f4; C2: A f5,A f4: undated: must exist in 50 BCE-135 CE (component of row E181; not dated itself by the source) | A f5: undated: must exist in 50 BCE-135 CE (component of row S1454; not dated itself by the source),1,C1: B f4; C2: B f5,B f4: undated: must exist in 50 BCE-135 CE (component not dated by the source) | B f5: undated: must exist in 50 BCE-135 CE (component not dated by the source)
S6040,Tell esh-Sheikh Dhiab,True,False,C2_tomb_shafts,without,C1+C2,A+B,C1:yes C2:yes,conditionally compatible,A f4 = B f4: undated: must exist in 50 BCE-135 CE (both coders) | A f5 = B f5: undated: must exist in 50 BCE-135 CE (both coders),1,C1: A f4 = B f4; C2: A f5 = B f5,A f4 = B f4: undated: must exist in 50 BCE-135 CE (both coders) | A f5 = B f5: undated: must exist in 50 BCE-135 CE (both coders),1,C1: A f4; C2: A f5,A f4: undated: must exist in 50 BCE-135 CE (component of row E181; not dated itself by the source) | A f5: undated: must exist in 50 BCE-135 CE (component of row S1454; not dated itself by the source),1,C1: B f4; C2: B f5,B f4: undated: must exist in 50 BCE-135 CE (component not dated by the source) | B f5: undated: must exist in 50 BCE-135 CE (component not dated by the source)
S2539,Tulul Abu el-'Alaiq,True,True,primary,with,C1+C2,A+B,C1:yes C2:yes,conditionally compatible,"A f24 = B f32: A: undated: must exist in 50 BCE-135 CE (2nd century AD straddles 135 CE: neither securely before nor after); B: dated to a period that runs past 135 CE: must date before 135 CE (listed under Roman Period (post-Herodian, 2nd century AD); not securely after 135)",5,C1: A f2 = B f3; C2: A f24 = B f32,"A f24 = B f32: A: undated: must exist in 50 BCE-135 CE (2nd century AD straddles 135 CE: neither securely before nor after); B: dated to a period that runs past 135 CE: must date before 135 CE (listed under Roman Period (post-Herodian, 2nd century AD); not securely after 135)",5,C1: A f2; C2: A f24,A f24: undated: must exist in 50 BCE-135 CE (2nd century AD straddles 135 CE: neither securely before nor after),5,C1: B f3; C2: B f10,B f10: undated: must exist in 50 BCE-135 CE (row is the cave itself but records no period)
S2539,Tulul Abu el-'Alaiq,True,True,primary,without,C1+C2,A+B,C1:yes C2:yes,conditionally compatible,A f3 = B f4: undated: must exist in 50 BCE-135 CE (both coders),4,C1: A f2 = B f3; C2: A f3 = B f4,A f3 = B f4: undated: must exist in 50 BCE-135 CE (both coders),4,C1: A f2; C2: A f3,A f3: undated: must exist in 50 BCE-135 CE (own row S2496 records no period),4,C1: B f3; C2: B f10,B f10: undated: must exist in 50 BCE-135 CE (row is the cave itself but records no period)
S2539,Tulul Abu el-'Alaiq,True,True,C1_0.5km,with,C1+C2,A+B,C1:yes C2:yes,conditionally compatible,"A f24 = B f32: A: undated: must exist in 50 BCE-135 CE (2nd century AD straddles 135 CE: neither securely before nor after); B: dated to a period that runs past 135 CE: must date before 135 CE (listed under Roman Period (post-Herodian, 2nd century AD); not securely after 135)",5,C1: A f2 = B f3; C2: A f24 = B f32,"A f24 = B f32: A: undated: must exist in 50 BCE-135 CE (2nd century AD straddles 135 CE: neither securely before nor after); B: dated to a period that runs past 135 CE: must date before 135 CE (listed under Roman Period (post-Herodian, 2nd century AD); not securely after 135)",5,C1: A f2; C2: A f24,A f24: undated: must exist in 50 BCE-135 CE (2nd century AD straddles 135 CE: neither securely before nor after),5,C1: B f3; C2: B f10,B f10: undated: must exist in 50 BCE-135 CE (row is the cave itself but records no period)
S2539,Tulul Abu el-'Alaiq,True,True,C1_0.5km,without,C1+C2,A+B,C1:yes C2:yes,conditionally compatible,A f3 = B f4: undated: must exist in 50 BCE-135 CE (both coders),4,C1: A f2 = B f3; C2: A f3 = B f4,A f3 = B f4: undated: must exist in 50 BCE-135 CE (both coders),4,C1: A f2; C2: A f3,A f3: undated: must exist in 50 BCE-135 CE (own row S2496 records no period),4,C1: B f3; C2: B f10,B f10: undated: must exist in 50 BCE-135 CE (row is the cave itself but records no period)
S2539,Tulul Abu el-'Alaiq,True,True,C1_2km,with,C1+C2,A+B,C1:yes C2:yes,conditionally compatible,"A f24 = B f32: A: undated: must exist in 50 BCE-135 CE (2nd century AD straddles 135 CE: neither securely before nor after); B: dated to a period that runs past 135 CE: must date before 135 CE (listed under Roman Period (post-Herodian, 2nd century AD); not securely after 135)",20,C1: A f2 = B f3; C2: A f24 = B f32,"A f24 = B f32: A: undated: must exist in 50 BCE-135 CE (2nd century AD straddles 135 CE: neither securely before nor after); B: dated to a period that runs past 135 CE: must date before 135 CE (listed under Roman Period (post-Herodian, 2nd century AD); not securely after 135)",20,C1: A f2; C2: A f24,A f24: undated: must exist in 50 BCE-135 CE (2nd century AD straddles 135 CE: neither securely before nor after),20,C1: B f3; C2: B f10,B f10: undated: must exist in 50 BCE-135 CE (row is the cave itself but records no period)
S2539,Tulul Abu el-'Alaiq,True,True,C1_2km,without,C1+C2,A+B,C1:yes C2:yes,conditionally compatible,A f3 = B f4: undated: must exist in 50 BCE-135 CE (both coders),12,C1: A f2 = B f3; C2: A f3 = B f4,A f3 = B f4: undated: must exist in 50 BCE-135 CE (both coders),12,C1: A f2; C2: A f3,A f3: undated: must exist in 50 BCE-135 CE (own row S2496 records no period),12,C1: B f3; C2: B f10,B f10: undated: must exist in 50 BCE-135 CE (row is the cave itself but records no period)
S2539,Tulul Abu el-'Alaiq,True,True,C2_tomb_shafts,with,C1+C2,A+B,C1:yes C2:yes,conditionally compatible,"A f24 = B f32: A: undated: must exist in 50 BCE-135 CE (2nd century AD straddles 135 CE: neither securely before nor after); B: dated to a period that runs past 135 CE: must date before 135 CE (listed under Roman Period (post-Herodian, 2nd century AD); not securely after 135)",5,C1: A f2 = B f3; C2: A f24 = B f32,"A f24 = B f32: A: undated: must exist in 50 BCE-135 CE (2nd century AD straddles 135 CE: neither securely before nor after); B: dated to a period that runs past 135 CE: must date before 135 CE (listed under Roman Period (post-Herodian, 2nd century AD); not securely after 135)",5,C1: A f2; C2: A f24,A f24: undated: must exist in 50 BCE-135 CE (2nd century AD straddles 135 CE: neither securely before nor after),5,C1: B f3; C2: B f10,B f10: undated: must exist in 50 BCE-135 CE (row is the cave itself but records no period)
S2539,Tulul Abu el-'Alaiq,True,True,C2_tomb_shafts,without,C1+C2,A+B,C1:yes C2:yes,conditionally compatible,A f3 = B f4: undated: must exist in 50 BCE-135 CE (both coders),4,C1: A f2 = B f3; C2: A f3 = B f4,A f3 = B f4: undated: must exist in 50 BCE-135 CE (both coders),4,C1: A f2; C2: A f3,A f3: undated: must exist in 50 BCE-135 CE (own row S2496 records no period),4,C1: B f3; C2: B f10,B f10: undated: must exist in 50 BCE-135 CE (row is the cave itself but records no period)
S2589,Kypros,True,True,primary,with,C1+C2,A+B,C1:yes C2:yes,conditionally compatible,A f28 = B f19: undated: must exist in 50 BCE-135 CE (both coders),3,C1: A f28 = B f19; C2: A f17 = B f23,A f28 = B f19: undated: must exist in 50 BCE-135 CE (both coders),3,C1: A f28; C2: A f17,A f28: undated: must exist in 50 BCE-135 CE (not dated by the source (only compared with 12th-century work)),3,C1: B f19; C2: B f23,B f19: undated: must exist in 50 BCE-135 CE (not securely dated; SWP compares it with a twelfth-century birket)
S2589,Kypros,True,True,primary,without,C1+C2,A+B,C1:yes C2:yes,conditionally compatible,A f28 = B f19: undated: must exist in 50 BCE-135 CE (both coders) | A f3 = B f5: undated: must exist in 50 BCE-135 CE (both coders),2,C1: A f28 = B f19; C2: A f3 = B f5,A f28 = B f19: undated: must exist in 50 BCE-135 CE (both coders) | A f3 = B f5: undated: must exist in 50 BCE-135 CE (both coders),2,C1: A f28; C2: A f3,A f28: undated: must exist in 50 BCE-135 CE (not dated by the source (only compared with 12th-century work)) | A f3: undated: must exist in 50 BCE-135 CE (own row S2535 records no period),2,C1: B f19; C2: B f5,B f19: undated: must exist in 50 BCE-135 CE (not securely dated; SWP compares it with a twelfth-century birket) | B f5: undated: must exist in 50 BCE-135 CE (row is the cave itself; no period recorded)
S2589,Kypros,True,True,C1_2km,with,C1+C2,A+B,C1:yes C2:yes,jointly compatible,"One feature set meets every matched condition: distinct features, all dated in the window, no dispute.",12,C1: A f24 = B f32; C2: A f17 = B f23,,12,C1: A f24; C2: A f17,,12,C1: B f16; C2: B f23,
S2589,Kypros,True,True,C1_2km,without,C1+C2,A+B,C1:yes C2:yes,conditionally compatible,A f3 = B f5: undated: must exist in 50 BCE-135 CE (both coders),6,C1: A f6 = B f16; C2: A f3 = B f5,A f3 = B f5: undated: must exist in 50 BCE-135 CE (both coders),6,C1: A f6; C2: A f3,A f3: undated: must exist in 50 BCE-135 CE (own row S2535 records no period),6,C1: B f16; C2: B f5,B f5: undated: must exist in 50 BCE-135 CE (row is the cave itself; no period recorded)
S2589,Kypros,True,True,C2_tomb_shafts,with,C1+C2,A+B,C1:yes C2:yes,conditionally compatible,A f28 = B f19: undated: must exist in 50 BCE-135 CE (both coders),3,C1: A f28 = B f19; C2: A f17 = B f23,A f28 = B f19: undated: must exist in 50 BCE-135 CE (both coders),3,C1: A f28; C2: A f17,A f28: undated: must exist in 50 BCE-135 CE (not dated by the source (only compared with 12th-century work)),3,C1: B f19; C2: B f23,B f19: undated: must exist in 50 BCE-135 CE (not securely dated; SWP compares it with a twelfth-century birket)
S2589,Kypros,True,True,C2_tomb_shafts,without,C1+C2,A+B,C1:yes C2:yes,conditionally compatible,A f28 = B f19: undated: must exist in 50 BCE-135 CE (both coders) | A f3 = B f5: undated: must exist in 50 BCE-135 CE (both coders),2,C1: A f28 = B f19; C2: A f3 = B f5,A f28 = B f19: undated: must exist in 50 BCE-135 CE (both coders) | A f3 = B f5: undated: must exist in 50 BCE-135 CE (both coders),2,C1: A f28; C2: A f3,A f28: undated: must exist in 50 BCE-135 CE (not dated by the source (only compared with 12th-century work)) | A f3: undated: must exist in 50 BCE-135 CE (own row S2535 records no period),2,C1: B f19; C2: B f5,B f19: undated: must exist in 50 BCE-135 CE (not securely dated; SWP compares it with a twelfth-century birket) | B f5: undated: must exist in 50 BCE-135 CE (row is the cave itself; no period recorded)
S3137,el-Muntar,True,True,primary,with,C1+C2,A+B,C1:yes C2:yes,conditionally compatible,A f2 = B f2: undated: must exist in 50 BCE-135 CE (both coders) | A f5 = B f8: bearing 45.0° lies on the sector edge (inside only by the inclusive rule) (both coders) | A f5 = B f8: undated: must exist in 50 BCE-135 CE (both coders),1,C1: A f5 = B f8; C2: A f2 = B f2,A f2 = B f2: undated: must exist in 50 BCE-135 CE (both coders) | A f5 = B f8: bearing 45.0° lies on the sector edge (inside only by the inclusive rule) (both coders) | A f5 = B f8: undated: must exist in 50 BCE-135 CE (both coders),1,C1: A f5; C2: A f2,A f2: undated: must exist in 50 BCE-135 CE (component of a site row; not dated by the source) | A f5: bearing 45.0° lies on the sector edge (inside only by the inclusive rule) | A f5: undated: must exist in 50 BCE-135 CE (component of a site row; not dated by the source),1,C1: B f8; C2: B f2,B f2: undated: must exist in 50 BCE-135 CE (component of a site row; not dated by the source) | B f8: bearing 45.0° lies on the sector edge (inside only by the inclusive rule) | B f8: undated: must exist in 50 BCE-135 CE (component of a site row; not dated by the source)
S3137,el-Muntar,True,True,primary,without,C1+C2,A+B,C1:yes C2:yes,conditionally compatible,A f2 = B f2: undated: must exist in 50 BCE-135 CE (both coders) | A f5 = B f8: bearing 45.0° lies on the sector edge (inside only by the inclusive rule) (both coders) | A f5 = B f8: undated: must exist in 50 BCE-135 CE (both coders),1,C1: A f5 = B f8; C2: A f2 = B f2,A f2 = B f2: undated: must exist in 50 BCE-135 CE (both coders) | A f5 = B f8: bearing 45.0° lies on the sector edge (inside only by the inclusive rule) (both coders) | A f5 = B f8: undated: must exist in 50 BCE-135 CE (both coders),1,C1: A f5; C2: A f2,A f2: undated: must exist in 50 BCE-135 CE (component of a site row; not dated by the source) | A f5: bearing 45.0° lies on the sector edge (inside only by the inclusive rule) | A f5: undated: must exist in 50 BCE-135 CE (component of a site row; not dated by the source),1,C1: B f8; C2: B f2,B f2: undated: must exist in 50 BCE-135 CE (component of a site row; not dated by the source) | B f8: bearing 45.0° lies on the sector edge (inside only by the inclusive rule) | B f8: undated: must exist in 50 BCE-135 CE (component of a site row; not dated by the source)
S3137,el-Muntar,True,True,C1_2km,with,C1+C2,A+B,C1:yes C2:yes,conditionally compatible,A f2 = B f2: undated: must exist in 50 BCE-135 CE (both coders) | A f5 = B f8: bearing 45.0° lies on the sector edge (inside only by the inclusive rule) (both coders) | A f5 = B f8: undated: must exist in 50 BCE-135 CE (both coders),1,C1: A f5 = B f8; C2: A f2 = B f2,A f2 = B f2: undated: must exist in 50 BCE-135 CE (both coders) | A f5 = B f8: bearing 45.0° lies on the sector edge (inside only by the inclusive rule) (both coders) | A f5 = B f8: undated: must exist in 50 BCE-135 CE (both coders),1,C1: A f5; C2: A f2,A f2: undated: must exist in 50 BCE-135 CE (component of a site row; not dated by the source) | A f5: bearing 45.0° lies on the sector edge (inside only by the inclusive rule) | A f5: undated: must exist in 50 BCE-135 CE (component of a site row; not dated by the source),1,C1: B f8; C2: B f2,B f2: undated: must exist in 50 BCE-135 CE (component of a site row; not dated by the source) | B f8: bearing 45.0° lies on the sector edge (inside only by the inclusive rule) | B f8: undated: must exist in 50 BCE-135 CE (component of a site row; not dated by the source)
S3137,el-Muntar,True,True,C1_2km,without,C1+C2,A+B,C1:yes C2:yes,conditionally compatible,A f2 = B f2: undated: must exist in 50 BCE-135 CE (both coders) | A f5 = B f8: bearing 45.0° lies on the sector edge (inside only by the inclusive rule) (both coders) | A f5 = B f8: undated: must exist in 50 BCE-135 CE (both coders),1,C1: A f5 = B f8; C2: A f2 = B f2,A f2 = B f2: undated: must exist in 50 BCE-135 CE (both coders) | A f5 = B f8: bearing 45.0° lies on the sector edge (inside only by the inclusive rule) (both coders) | A f5 = B f8: undated: must exist in 50 BCE-135 CE (both coders),1,C1: A f5; C2: A f2,A f2: undated: must exist in 50 BCE-135 CE (component of a site row; not dated by the source) | A f5: bearing 45.0° lies on the sector edge (inside only by the inclusive rule) | A f5: undated: must exist in 50 BCE-135 CE (component of a site row; not dated by the source),1,C1: B f8; C2: B f2,B f2: undated: must exist in 50 BCE-135 CE (component of a site row; not dated by the source) | B f8: bearing 45.0° lies on the sector edge (inside only by the inclusive rule) | B f8: undated: must exist in 50 BCE-135 CE (component of a site row; not dated by the source)
S3137,el-Muntar,True,True,C2_tomb_shafts,with,C1+C2,A+B,C1:yes C2:yes,conditionally compatible,A f2 = B f2: undated: must exist in 50 BCE-135 CE (both coders) | A f5 = B f8: bearing 45.0° lies on the sector edge (inside only by the inclusive rule) (both coders) | A f5 = B f8: undated: must exist in 50 BCE-135 CE (both coders),1,C1: A f5 = B f8; C2: A f2 = B f2,A f2 = B f2: undated: must exist in 50 BCE-135 CE (both coders) | A f5 = B f8: bearing 45.0° lies on the sector edge (inside only by the inclusive rule) (both coders) | A f5 = B f8: undated: must exist in 50 BCE-135 CE (both coders),1,C1: A f5; C2: A f2,A f2: undated: must exist in 50 BCE-135 CE (component of a site row; not dated by the source) | A f5: bearing 45.0° lies on the sector edge (inside only by the inclusive rule) | A f5: undated: must exist in 50 BCE-135 CE (component of a site row; not dated by the source),1,C1: B f8; C2: B f2,B f2: undated: must exist in 50 BCE-135 CE (component of a site row; not dated by the source) | B f8: bearing 45.0° lies on the sector edge (inside only by the inclusive rule) | B f8: undated: must exist in 50 BCE-135 CE (component of a site row; not dated by the source)
S3137,el-Muntar,True,True,C2_tomb_shafts,without,C1+C2,A+B,C1:yes C2:yes,conditionally compatible,A f2 = B f2: undated: must exist in 50 BCE-135 CE (both coders) | A f5 = B f8: bearing 45.0° lies on the sector edge (inside only by the inclusive rule) (both coders) | A f5 = B f8: undated: must exist in 50 BCE-135 CE (both coders),1,C1: A f5 = B f8; C2: A f2 = B f2,A f2 = B f2: undated: must exist in 50 BCE-135 CE (both coders) | A f5 = B f8: bearing 45.0° lies on the sector edge (inside only by the inclusive rule) (both coders) | A f5 = B f8: undated: must exist in 50 BCE-135 CE (both coders),1,C1: A f5; C2: A f2,A f2: undated: must exist in 50 BCE-135 CE (component of a site row; not dated by the source) | A f5: bearing 45.0° lies on the sector edge (inside only by the inclusive rule) | A f5: undated: must exist in 50 BCE-135 CE (component of a site row; not dated by the source),1,C1: B f8; C2: B f2,B f2: undated: must exist in 50 BCE-135 CE (component of a site row; not dated by the source) | B f8: bearing 45.0° lies on the sector edge (inside only by the inclusive rule) | B f8: undated: must exist in 50 BCE-135 CE (component of a site row; not dated by the source)
E357,Naḥal Mikhmas,False,True,primary,with,C1+C2,A+B,C1:yes C2:yes,conditionally compatible,A f4 = B f4: undated: must exist in 50 BCE-135 CE (both coders) | A f6 = B f6: undated: must exist in 50 BCE-135 CE (both coders),2,C1: A f4 = B f4; C2: A f6 = B f6,A f4 = B f4: undated: must exist in 50 BCE-135 CE (both coders) | A f6 = B f6: undated: must exist in 50 BCE-135 CE (both coders),2,C1: A f4; C2: A f6,A f4: undated: must exist in 50 BCE-135 CE (component of a site row; not dated by the source) | A f6: undated: must exist in 50 BCE-135 CE (component of a site row; not dated by the source),2,C1: B f4; C2: B f6,B f4: undated: must exist in 50 BCE-135 CE (component of site row S2490; not dated itself) | B f6: undated: must exist in 50 BCE-135 CE (component of site row S2437; not dated itself)
E357,Naḥal Mikhmas,False,True,primary,without,C1+C2,A+B,C1:yes C2:yes,conditionally compatible,A f4 = B f4: undated: must exist in 50 BCE-135 CE (both coders) | A f6 = B f6: undated: must exist in 50 BCE-135 CE (both coders),2,C1: A f4 = B f4; C2: A f6 = B f6,A f4 = B f4: undated: must exist in 50 BCE-135 CE (both coders) | A f6 = B f6: undated: must exist in 50 BCE-135 CE (both coders),2,C1: A f4; C2: A f6,A f4: undated: must exist in 50 BCE-135 CE (component of a site row; not dated by the source) | A f6: undated: must exist in 50 BCE-135 CE (component of a site row; not dated by the source),2,C1: B f4; C2: B f6,B f4: undated: must exist in 50 BCE-135 CE (component of site row S2490; not dated itself) | B f6: undated: must exist in 50 BCE-135 CE (component of site row S2437; not dated itself)
E357,Naḥal Mikhmas,False,True,C1_2km,with,C1+C2,A+B,C1:yes C2:yes,conditionally compatible,A f4 = B f4: undated: must exist in 50 BCE-135 CE (both coders) | A f6 = B f6: undated: must exist in 50 BCE-135 CE (both coders),2,C1: A f4 = B f4; C2: A f6 = B f6,A f4 = B f4: undated: must exist in 50 BCE-135 CE (both coders) | A f6 = B f6: undated: must exist in 50 BCE-135 CE (both coders),2,C1: A f4; C2: A f6,A f4: undated: must exist in 50 BCE-135 CE (component of a site row; not dated by the source) | A f6: undated: must exist in 50 BCE-135 CE (component of a site row; not dated by the source),2,C1: B f4; C2: B f6,B f4: undated: must exist in 50 BCE-135 CE (component of site row S2490; not dated itself) | B f6: undated: must exist in 50 BCE-135 CE (component of site row S2437; not dated itself)
E357,Naḥal Mikhmas,False,True,C1_2km,without,C1+C2,A+B,C1:yes C2:yes,conditionally compatible,A f4 = B f4: undated: must exist in 50 BCE-135 CE (both coders) | A f6 = B f6: undated: must exist in 50 BCE-135 CE (both coders),2,C1: A f4 = B f4; C2: A f6 = B f6,A f4 = B f4: undated: must exist in 50 BCE-135 CE (both coders) | A f6 = B f6: undated: must exist in 50 BCE-135 CE (both coders),2,C1: A f4; C2: A f6,A f4: undated: must exist in 50 BCE-135 CE (component of a site row; not dated by the source) | A f6: undated: must exist in 50 BCE-135 CE (component of a site row; not dated by the source),2,C1: B f4; C2: B f6,B f4: undated: must exist in 50 BCE-135 CE (component of site row S2490; not dated itself) | B f6: undated: must exist in 50 BCE-135 CE (component of site row S2437; not dated itself)
E357,Naḥal Mikhmas,False,True,C2_tomb_shafts,with,C1+C2,A+B,C1:yes C2:yes,conditionally compatible,A f4 = B f4: undated: must exist in 50 BCE-135 CE (both coders) | A f6 = B f6: undated: must exist in 50 BCE-135 CE (both coders),2,C1: A f4 = B f4; C2: A f6 = B f6,A f4 = B f4: undated: must exist in 50 BCE-135 CE (both coders) | A f6 = B f6: undated: must exist in 50 BCE-135 CE (both coders),2,C1: A f4; C2: A f6,A f4: undated: must exist in 50 BCE-135 CE (component of a site row; not dated by the source) | A f6: undated: must exist in 50 BCE-135 CE (component of a site row; not dated by the source),2,C1: B f4; C2: B f6,B f4: undated: must exist in 50 BCE-135 CE (component of site row S2490; not dated itself) | B f6: undated: must exist in 50 BCE-135 CE (component of site row S2437; not dated itself)
E357,Naḥal Mikhmas,False,True,C2_tomb_shafts,without,C1+C2,A+B,C1:yes C2:yes,conditionally compatible,A f4 = B f4: undated: must exist in 50 BCE-135 CE (both coders) | A f6 = B f6: undated: must exist in 50 BCE-135 CE (both coders),2,C1: A f4 = B f4; C2: A f6 = B f6,A f4 = B f4: undated: must exist in 50 BCE-135 CE (both coders) | A f6 = B f6: undated: must exist in 50 BCE-135 CE (both coders),2,C1: A f4; C2: A f6,A f4: undated: must exist in 50 BCE-135 CE (component of a site row; not dated by the source) | A f6: undated: must exist in 50 BCE-135 CE (component of a site row; not dated by the source),2,C1: B f4; C2: B f6,B f4: undated: must exist in 50 BCE-135 CE (component of site row S2490; not dated itself) | B f6: undated: must exist in 50 BCE-135 CE (component of site row S2437; not dated itself)
E754,Kh. Qumran,True,True,primary,with,C2+C3s,A only,C2:n.a. C3s:n.a.,jointly compatible,"Coder A only; no second coder checked these features. One feature set meets every matched condition: distinct features, all dated in the window, no dispute.",,,,4,C2: A f13; C3s: A s4_f23,,,,
E754,Kh. Qumran,True,True,primary,without,C2+C3s,A only,C2:n.a. C3s:n.a.,jointly compatible,"Coder A only; no second coder checked these features. One feature set meets every matched condition: distinct features, all dated in the window, no dispute.",,,,4,C2: A f13; C3s: A s4_f23,,,,
E754,Kh. Qumran,True,True,C1_0.5km,with,C2+C3s,A only,C2:n.a. C3s:n.a.,jointly compatible,"Coder A only; no second coder checked these features. One feature set meets every matched condition: distinct features, all dated in the window, no dispute.",,,,4,C2: A f13; C3s: A s4_f23,,,,
E754,Kh. Qumran,True,True,C1_0.5km,without,C2+C3s,A only,C2:n.a. C3s:n.a.,jointly compatible,"Coder A only; no second coder checked these features. One feature set meets every matched condition: distinct features, all dated in the window, no dispute.",,,,4,C2: A f13; C3s: A s4_f23,,,,
E754,Kh. Qumran,True,True,C1_2km,with,C2+C3s,A only,C2:n.a. C3s:n.a.,jointly compatible,"Coder A only; no second coder checked these features. One feature set meets every matched condition: distinct features, all dated in the window, no dispute.",,,,4,C2: A f13; C3s: A s4_f23,,,,
E754,Kh. Qumran,True,True,C1_2km,without,C2+C3s,A only,C2:n.a. C3s:n.a.,jointly compatible,"Coder A only; no second coder checked these features. One feature set meets every matched condition: distinct features, all dated in the window, no dispute.",,,,4,C2: A f13; C3s: A s4_f23,,,,
E754,Kh. Qumran,True,True,C2_tomb_shafts,with,C2+C3s,A only,C2:n.a. C3s:n.a.,jointly compatible,"Coder A only; no second coder checked these features. One feature set meets every matched condition: distinct features, all dated in the window, no dispute.",,,,5,C2: A f13; C3s: A s4_f23,,,,
E754,Kh. Qumran,True,True,C2_tomb_shafts,without,C2+C3s,A only,C2:n.a. C3s:n.a.,jointly compatible,"Coder A only; no second coder checked these features. One feature set meets every matched condition: distinct features, all dated in the window, no dispute.",,,,5,C2: A f13; C3s: A s4_f23,,,,
E754,Kh. Qumran,True,True,dated_only,with,C2+C3s,A only,C2:n.a. C3s:n.a.,jointly compatible,"Coder A only; no second coder checked these features. One feature set meets every matched condition: distinct features, all dated in the window, no dispute.",,,,3,C2: A f13; C3s: A s4_f23,,,,
E754,Kh. Qumran,True,True,dated_only,without,C2+C3s,A only,C2:n.a. C3s:n.a.,jointly compatible,"Coder A only; no second coder checked these features. One feature set meets every matched condition: distinct features, all dated in the window, no dispute.",,,,3,C2: A f13; C3s: A s4_f23,,,,
E334,Tell es-Sultan,False,True,primary,with,C1+C3s,A+B,C1:yes C3s:yes,conditionally compatible,A f89 = B f88: undated: must exist in 50 BCE-135 CE (both coders),1,C1: A f89 = B f88; C3s: A f107 = B f105,A f89 = B f88: undated: must exist in 50 BCE-135 CE (both coders),1,C1: A f89; C3s: A f107,A f89: undated: must exist in 50 BCE-135 CE (not dated by the source),1,C1: B f88; C3s: B f105,B f88: undated: must exist in 50 BCE-135 CE (not dated by the source)
E334,Tell es-Sultan,False,True,C1_0.5km,with,C1+C3s,A+B,C1:yes C3s:yes,conditionally compatible,A f89 = B f88: undated: must exist in 50 BCE-135 CE (both coders),1,C1: A f89 = B f88; C3s: A f107 = B f105,A f89 = B f88: undated: must exist in 50 BCE-135 CE (both coders),1,C1: A f89; C3s: A f107,A f89: undated: must exist in 50 BCE-135 CE (not dated by the source),1,C1: B f88; C3s: B f105,B f88: undated: must exist in 50 BCE-135 CE (not dated by the source)
E334,Tell es-Sultan,False,True,C1_2km,with,C1+C3s,A+B,C1:yes C3s:yes,conditionally compatible,A f89 = B f88: undated: must exist in 50 BCE-135 CE (both coders),1,C1: A f89 = B f88; C3s: A f107 = B f105,A f89 = B f88: undated: must exist in 50 BCE-135 CE (both coders),1,C1: A f89; C3s: A f107,A f89: undated: must exist in 50 BCE-135 CE (not dated by the source),1,C1: B f88; C3s: B f105,B f88: undated: must exist in 50 BCE-135 CE (not dated by the source)
E334,Tell es-Sultan,False,True,C2_tomb_shafts,with,C1+C2+C3s,A+B,C1:yes C2:yes C3s:yes,not shown compatible,A: the only qualifying features would use one physical feature twice / B: the only qualifying features would use one physical feature twice / consensus: the only qualifying features would use one physical feature twice,0,,none: the only qualifying features would use one physical feature twice,0,,none: the only qualifying features would use one physical feature twice,0,,none: the only qualifying features would use one physical feature twice
S206,Tell Qa'un,True,False,primary,with,C2+C3s,A only,C2:n.a. C3s:n.a.,conditionally compatible,Coder A only; no second coder checked these features. A f7: undated: must exist in 50 BCE-135 CE (component of site row S197; not dated by the source) | A f8: undated: must exist in 50 BCE-135 CE (component of site row S197; not dated by the source),,,,2,C2: A f7; C3s: A f8,A f7: undated: must exist in 50 BCE-135 CE (component of site row S197; not dated by the source) | A f8: undated: must exist in 50 BCE-135 CE (component of site row S197; not dated by the source),,,
S206,Tell Qa'un,True,False,primary,without,C2+C3s,A only,C2:n.a. C3s:n.a.,conditionally compatible,Coder A only; no second coder checked these features. A f7: undated: must exist in 50 BCE-135 CE (component of site row S197; not dated by the source) | A f8: undated: must exist in 50 BCE-135 CE (component of site row S197; not dated by the source),,,,2,C2: A f7; C3s: A f8,A f7: undated: must exist in 50 BCE-135 CE (component of site row S197; not dated by the source) | A f8: undated: must exist in 50 BCE-135 CE (component of site row S197; not dated by the source),,,
S206,Tell Qa'un,True,False,C1_0.5km,with,C2+C3s,A only,C2:n.a. C3s:n.a.,conditionally compatible,Coder A only; no second coder checked these features. A f7: undated: must exist in 50 BCE-135 CE (component of site row S197; not dated by the source) | A f8: undated: must exist in 50 BCE-135 CE (component of site row S197; not dated by the source),,,,2,C2: A f7; C3s: A f8,A f7: undated: must exist in 50 BCE-135 CE (component of site row S197; not dated by the source) | A f8: undated: must exist in 50 BCE-135 CE (component of site row S197; not dated by the source),,,
S206,Tell Qa'un,True,False,C1_0.5km,without,C2+C3s,A only,C2:n.a. C3s:n.a.,conditionally compatible,Coder A only; no second coder checked these features. A f7: undated: must exist in 50 BCE-135 CE (component of site row S197; not dated by the source) | A f8: undated: must exist in 50 BCE-135 CE (component of site row S197; not dated by the source),,,,2,C2: A f7; C3s: A f8,A f7: undated: must exist in 50 BCE-135 CE (component of site row S197; not dated by the source) | A f8: undated: must exist in 50 BCE-135 CE (component of site row S197; not dated by the source),,,
S206,Tell Qa'un,True,False,C1_2km,with,C2+C3s,A only,C2:n.a. C3s:n.a.,conditionally compatible,Coder A only; no second coder checked these features. A f7: undated: must exist in 50 BCE-135 CE (component of site row S197; not dated by the source) | A f8: undated: must exist in 50 BCE-135 CE (component of site row S197; not dated by the source),,,,2,C2: A f7; C3s: A f8,A f7: undated: must exist in 50 BCE-135 CE (component of site row S197; not dated by the source) | A f8: undated: must exist in 50 BCE-135 CE (component of site row S197; not dated by the source),,,
S206,Tell Qa'un,True,False,C1_2km,without,C2+C3s,A only,C2:n.a. C3s:n.a.,conditionally compatible,Coder A only; no second coder checked these features. A f7: undated: must exist in 50 BCE-135 CE (component of site row S197; not dated by the source) | A f8: undated: must exist in 50 BCE-135 CE (component of site row S197; not dated by the source),,,,2,C2: A f7; C3s: A f8,A f7: undated: must exist in 50 BCE-135 CE (component of site row S197; not dated by the source) | A f8: undated: must exist in 50 BCE-135 CE (component of site row S197; not dated by the source),,,
S206,Tell Qa'un,True,False,C2_tomb_shafts,with,C2+C3s,A only,C2:n.a. C3s:n.a.,conditionally compatible,Coder A only; no second coder checked these features. A f7: undated: must exist in 50 BCE-135 CE (component of site row S197; not dated by the source) | A f8: undated: must exist in 50 BCE-135 CE (component of site row S197; not dated by the source),,,,3,C2: A f7; C3s: A f8,A f7: undated: must exist in 50 BCE-135 CE (component of site row S197; not dated by the source) | A f8: undated: must exist in 50 BCE-135 CE (component of site row S197; not dated by the source),,,
S206,Tell Qa'un,True,False,C2_tomb_shafts,without,C2+C3s,A only,C2:n.a. C3s:n.a.,conditionally compatible,Coder A only; no second coder checked these features. A f7: undated: must exist in 50 BCE-135 CE (component of site row S197; not dated by the source) | A f8: undated: must exist in 50 BCE-135 CE (component of site row S197; not dated by the source),,,,3,C2: A f7; C3s: A f8,A f7: undated: must exist in 50 BCE-135 CE (component of site row S197; not dated by the source) | A f8: undated: must exist in 50 BCE-135 CE (component of site row S197; not dated by the source),,,
E99,Tananir,True,False,primary,with,C2+C3s,A only,C2:n.a. C3s:n.a.,not shown compatible,"Coder A only; no second coder checked these features. A: A s4_s4f2 is dated before the window and stated out of use (Silo B phases = Phase I, ca. 1650-1625 BCE; out of use in the plaster-pier phase (p. 65))",,,,0,,"none: A s4_s4f2 is dated before the window and stated out of use (Silo B phases = Phase I, ca. 1650-1625 BCE; out of use in the plaster-pier phase (p. 65))",,,
E99,Tananir,True,False,primary,without,C2+C3s,A only,C2:n.a. C3s:n.a.,not shown compatible,"Coder A only; no second coder checked these features. A: A s4_s4f2 is dated before the window and stated out of use (Silo B phases = Phase I, ca. 1650-1625 BCE; out of use in the plaster-pier phase (p. 65))",,,,0,,"none: A s4_s4f2 is dated before the window and stated out of use (Silo B phases = Phase I, ca. 1650-1625 BCE; out of use in the plaster-pier phase (p. 65))",,,
E99,Tananir,True,False,C1_0.5km,with,C2+C3s,A only,C2:n.a. C3s:n.a.,not shown compatible,"Coder A only; no second coder checked these features. A: A s4_s4f2 is dated before the window and stated out of use (Silo B phases = Phase I, ca. 1650-1625 BCE; out of use in the plaster-pier phase (p. 65))",,,,0,,"none: A s4_s4f2 is dated before the window and stated out of use (Silo B phases = Phase I, ca. 1650-1625 BCE; out of use in the plaster-pier phase (p. 65))",,,
E99,Tananir,True,False,C1_0.5km,without,C2+C3s,A only,C2:n.a. C3s:n.a.,not shown compatible,"Coder A only; no second coder checked these features. A: A s4_s4f2 is dated before the window and stated out of use (Silo B phases = Phase I, ca. 1650-1625 BCE; out of use in the plaster-pier phase (p. 65))",,,,0,,"none: A s4_s4f2 is dated before the window and stated out of use (Silo B phases = Phase I, ca. 1650-1625 BCE; out of use in the plaster-pier phase (p. 65))",,,
E99,Tananir,True,False,C1_2km,with,C2+C3s,A only,C2:n.a. C3s:n.a.,not shown compatible,"Coder A only; no second coder checked these features. A: A s4_s4f2 is dated before the window and stated out of use (Silo B phases = Phase I, ca. 1650-1625 BCE; out of use in the plaster-pier phase (p. 65))",,,,0,,"none: A s4_s4f2 is dated before the window and stated out of use (Silo B phases = Phase I, ca. 1650-1625 BCE; out of use in the plaster-pier phase (p. 65))",,,
E99,Tananir,True,False,C1_2km,without,C2+C3s,A only,C2:n.a. C3s:n.a.,not shown compatible,"Coder A only; no second coder checked these features. A: A s4_s4f2 is dated before the window and stated out of use (Silo B phases = Phase I, ca. 1650-1625 BCE; out of use in the plaster-pier phase (p. 65))",,,,0,,"none: A s4_s4f2 is dated before the window and stated out of use (Silo B phases = Phase I, ca. 1650-1625 BCE; out of use in the plaster-pier phase (p. 65))",,,
E99,Tananir,True,False,C2_tomb_shafts,with,C2+C3s,A only,C2:n.a. C3s:n.a.,jointly compatible,"Coder A only; no second coder checked these features. One feature set meets every matched condition: distinct features, all dated in the window, no dispute.",,,,1,C2: A f4; C3s: A f5,,,,
E99,Tananir,True,False,C2_tomb_shafts,without,C2+C3s,A only,C2:n.a. C3s:n.a.,jointly compatible,"Coder A only; no second coder checked these features. One feature set meets every matched condition: distinct features, all dated in the window, no dispute.",,,,1,C2: A f4; C3s: A f5,,,,
E99,Tananir,True,False,dated_only,with,C2+C3s,A only,C2:n.a. C3s:n.a.,not shown compatible,"Coder A only; no second coder checked these features. A: A s4_s4f2 is dated before the window and stated out of use (Silo B phases = Phase I, ca. 1650-1625 BCE; out of use in the plaster-pier phase (p. 65))",,,,0,,"none: A s4_s4f2 is dated before the window and stated out of use (Silo B phases = Phase I, ca. 1650-1625 BCE; out of use in the plaster-pier phase (p. 65))",,,
E99,Tananir,True,False,dated_only,without,C2+C3s,A only,C2:n.a. C3s:n.a.,not shown compatible,"Coder A only; no second coder checked these features. A: A s4_s4f2 is dated before the window and stated out of use (Silo B phases = Phase I, ca. 1650-1625 BCE; out of use in the plaster-pier phase (p. 65))",,,,0,,"none: A s4_s4f2 is dated before the window and stated out of use (Silo B phases = Phase I, ca. 1650-1625 BCE; out of use in the plaster-pier phase (p. 65))",,,
S845,Kh. es-Saleh,True,False,primary,with,C2+C3s,A only,C2:n.a. C3s:n.a.,conditionally compatible,Coder A only; no second coder checked these features. A f2: bearing 315.0° lies on the sector edge (inside only by the inclusive rule) | A f2: undated: must exist in 50 BCE-135 CE (component of a site row; not dated by the source) | A f3: bearing 315.0° lies on the sector edge (inside only by the inclusive rule) | A f3: undated: must exist in 50 BCE-135 CE (component of a site row; not dated by the source),,,,1,C2: A f2; C3s: A f3,A f2: bearing 315.0° lies on the sector edge (inside only by the inclusive rule) | A f2: undated: must exist in 50 BCE-135 CE (component of a site row; not dated by the source) | A f3: bearing 315.0° lies on the sector edge (inside only by the inclusive rule) | A f3: undated: must exist in 50 BCE-135 CE (component of a site row; not dated by the source),,,
S845,Kh. es-Saleh,True,False,primary,without,C2+C3s,A only,C2:n.a. C3s:n.a.,conditionally compatible,Coder A only; no second coder checked these features. A f2: bearing 315.0° lies on the sector edge (inside only by the inclusive rule) | A f2: undated: must exist in 50 BCE-135 CE (component of a site row; not dated by the source) | A f3: bearing 315.0° lies on the sector edge (inside only by the inclusive rule) | A f3: undated: must exist in 50 BCE-135 CE (component of a site row; not dated by the source),,,,1,C2: A f2; C3s: A f3,A f2: bearing 315.0° lies on the sector edge (inside only by the inclusive rule) | A f2: undated: must exist in 50 BCE-135 CE (component of a site row; not dated by the source) | A f3: bearing 315.0° lies on the sector edge (inside only by the inclusive rule) | A f3: undated: must exist in 50 BCE-135 CE (component of a site row; not dated by the source),,,
S845,Kh. es-Saleh,True,False,C1_0.5km,with,C2+C3s,A only,C2:n.a. C3s:n.a.,conditionally compatible,Coder A only; no second coder checked these features. A f2: bearing 315.0° lies on the sector edge (inside only by the inclusive rule) | A f2: undated: must exist in 50 BCE-135 CE (component of a site row; not dated by the source) | A f3: bearing 315.0° lies on the sector edge (inside only by the inclusive rule) | A f3: undated: must exist in 50 BCE-135 CE (component of a site row; not dated by the source),,,,1,C2: A f2; C3s: A f3,A f2: bearing 315.0° lies on the sector edge (inside only by the inclusive rule) | A f2: undated: must exist in 50 BCE-135 CE (component of a site row; not dated by the source) | A f3: bearing 315.0° lies on the sector edge (inside only by the inclusive rule) | A f3: undated: must exist in 50 BCE-135 CE (component of a site row; not dated by the source),,,
S845,Kh. es-Saleh,True,False,C1_0.5km,without,C2+C3s,A only,C2:n.a. C3s:n.a.,conditionally compatible,Coder A only; no second coder checked these features. A f2: bearing 315.0° lies on the sector edge (inside only by the inclusive rule) | A f2: undated: must exist in 50 BCE-135 CE (component of a site row; not dated by the source) | A f3: bearing 315.0° lies on the sector edge (inside only by the inclusive rule) | A f3: undated: must exist in 50 BCE-135 CE (component of a site row; not dated by the source),,,,1,C2: A f2; C3s: A f3,A f2: bearing 315.0° lies on the sector edge (inside only by the inclusive rule) | A f2: undated: must exist in 50 BCE-135 CE (component of a site row; not dated by the source) | A f3: bearing 315.0° lies on the sector edge (inside only by the inclusive rule) | A f3: undated: must exist in 50 BCE-135 CE (component of a site row; not dated by the source),,,
S845,Kh. es-Saleh,True,False,C1_2km,with,C2+C3s,A only,C2:n.a. C3s:n.a.,conditionally compatible,Coder A only; no second coder checked these features. A f2: bearing 315.0° lies on the sector edge (inside only by the inclusive rule) | A f2: undated: must exist in 50 BCE-135 CE (component of a site row; not dated by the source) | A f3: bearing 315.0° lies on the sector edge (inside only by the inclusive rule) | A f3: undated: must exist in 50 BCE-135 CE (component of a site row; not dated by the source),,,,1,C2: A f2; C3s: A f3,A f2: bearing 315.0° lies on the sector edge (inside only by the inclusive rule) | A f2: undated: must exist in 50 BCE-135 CE (component of a site row; not dated by the source) | A f3: bearing 315.0° lies on the sector edge (inside only by the inclusive rule) | A f3: undated: must exist in 50 BCE-135 CE (component of a site row; not dated by the source),,,
S845,Kh. es-Saleh,True,False,C1_2km,without,C2+C3s,A only,C2:n.a. C3s:n.a.,conditionally compatible,Coder A only; no second coder checked these features. A f2: bearing 315.0° lies on the sector edge (inside only by the inclusive rule) | A f2: undated: must exist in 50 BCE-135 CE (component of a site row; not dated by the source) | A f3: bearing 315.0° lies on the sector edge (inside only by the inclusive rule) | A f3: undated: must exist in 50 BCE-135 CE (component of a site row; not dated by the source),,,,1,C2: A f2; C3s: A f3,A f2: bearing 315.0° lies on the sector edge (inside only by the inclusive rule) | A f2: undated: must exist in 50 BCE-135 CE (component of a site row; not dated by the source) | A f3: bearing 315.0° lies on the sector edge (inside only by the inclusive rule) | A f3: undated: must exist in 50 BCE-135 CE (component of a site row; not dated by the source),,,
S845,Kh. es-Saleh,True,False,C2_tomb_shafts,with,C2+C3s,A only,C2:n.a. C3s:n.a.,conditionally compatible,Coder A only; no second coder checked these features. A f2: bearing 315.0° lies on the sector edge (inside only by the inclusive rule) | A f2: undated: must exist in 50 BCE-135 CE (component of a site row; not dated by the source) | A f3: bearing 315.0° lies on the sector edge (inside only by the inclusive rule) | A f3: undated: must exist in 50 BCE-135 CE (component of a site row; not dated by the source),,,,1,C2: A f2; C3s: A f3,A f2: bearing 315.0° lies on the sector edge (inside only by the inclusive rule) | A f2: undated: must exist in 50 BCE-135 CE (component of a site row; not dated by the source) | A f3: bearing 315.0° lies on the sector edge (inside only by the inclusive rule) | A f3: undated: must exist in 50 BCE-135 CE (component of a site row; not dated by the source),,,
S845,Kh. es-Saleh,True,False,C2_tomb_shafts,without,C2+C3s,A only,C2:n.a. C3s:n.a.,conditionally compatible,Coder A only; no second coder checked these features. A f2: bearing 315.0° lies on the sector edge (inside only by the inclusive rule) | A f2: undated: must exist in 50 BCE-135 CE (component of a site row; not dated by the source) | A f3: bearing 315.0° lies on the sector edge (inside only by the inclusive rule) | A f3: undated: must exist in 50 BCE-135 CE (component of a site row; not dated by the source),,,,1,C2: A f2; C3s: A f3,A f2: bearing 315.0° lies on the sector edge (inside only by the inclusive rule) | A f2: undated: must exist in 50 BCE-135 CE (component of a site row; not dated by the source) | A f3: bearing 315.0° lies on the sector edge (inside only by the inclusive rule) | A f3: undated: must exist in 50 BCE-135 CE (component of a site row; not dated by the source),,,
S1032,Udala,True,False,primary,with,C2+C3s,A only,C2:n.a. C3s:n.a.,conditionally compatible,"Coder A only; no second coder checked these features. A f3: undated: must exist in 50 BCE-135 CE (component of a site row, not dated by the source) | A f5: undated: must exist in 50 BCE-135 CE (component of a site row, not dated by the source)",,,,4,C2: A f3; C3s: A f5,"A f3: undated: must exist in 50 BCE-135 CE (component of a site row, not dated by the source) | A f5: undated: must exist in 50 BCE-135 CE (component of a site row, not dated by the source)",,,
S1032,Udala,True,False,primary,without,C2+C3s,A only,C2:n.a. C3s:n.a.,conditionally compatible,"Coder A only; no second coder checked these features. A f3: undated: must exist in 50 BCE-135 CE (component of a site row, not dated by the source) | A f5: undated: must exist in 50 BCE-135 CE (component of a site row, not dated by the source)",,,,4,C2: A f3; C3s: A f5,"A f3: undated: must exist in 50 BCE-135 CE (component of a site row, not dated by the source) | A f5: undated: must exist in 50 BCE-135 CE (component of a site row, not dated by the source)",,,
S1032,Udala,True,False,C1_0.5km,with,C2+C3s,A only,C2:n.a. C3s:n.a.,conditionally compatible,"Coder A only; no second coder checked these features. A f3: undated: must exist in 50 BCE-135 CE (component of a site row, not dated by the source) | A f5: undated: must exist in 50 BCE-135 CE (component of a site row, not dated by the source)",,,,4,C2: A f3; C3s: A f5,"A f3: undated: must exist in 50 BCE-135 CE (component of a site row, not dated by the source) | A f5: undated: must exist in 50 BCE-135 CE (component of a site row, not dated by the source)",,,
S1032,Udala,True,False,C1_0.5km,without,C2+C3s,A only,C2:n.a. C3s:n.a.,conditionally compatible,"Coder A only; no second coder checked these features. A f3: undated: must exist in 50 BCE-135 CE (component of a site row, not dated by the source) | A f5: undated: must exist in 50 BCE-135 CE (component of a site row, not dated by the source)",,,,4,C2: A f3; C3s: A f5,"A f3: undated: must exist in 50 BCE-135 CE (component of a site row, not dated by the source) | A f5: undated: must exist in 50 BCE-135 CE (component of a site row, not dated by the source)",,,
S1032,Udala,True,False,C1_2km,with,C2+C3s,A only,C2:n.a. C3s:n.a.,conditionally compatible,"Coder A only; no second coder checked these features. A f3: undated: must exist in 50 BCE-135 CE (component of a site row, not dated by the source) | A f5: undated: must exist in 50 BCE-135 CE (component of a site row, not dated by the source)",,,,4,C2: A f3; C3s: A f5,"A f3: undated: must exist in 50 BCE-135 CE (component of a site row, not dated by the source) | A f5: undated: must exist in 50 BCE-135 CE (component of a site row, not dated by the source)",,,
S1032,Udala,True,False,C1_2km,without,C2+C3s,A only,C2:n.a. C3s:n.a.,conditionally compatible,"Coder A only; no second coder checked these features. A f3: undated: must exist in 50 BCE-135 CE (component of a site row, not dated by the source) | A f5: undated: must exist in 50 BCE-135 CE (component of a site row, not dated by the source)",,,,4,C2: A f3; C3s: A f5,"A f3: undated: must exist in 50 BCE-135 CE (component of a site row, not dated by the source) | A f5: undated: must exist in 50 BCE-135 CE (component of a site row, not dated by the source)",,,
S1032,Udala,True,False,C2_tomb_shafts,with,C2+C3s,A only,C2:n.a. C3s:n.a.,conditionally compatible,"Coder A only; no second coder checked these features. A f3: undated: must exist in 50 BCE-135 CE (component of a site row, not dated by the source) | A f5: undated: must exist in 50 BCE-135 CE (component of a site row, not dated by the source)",,,,5,C2: A f3; C3s: A f5,"A f3: undated: must exist in 50 BCE-135 CE (component of a site row, not dated by the source) | A f5: undated: must exist in 50 BCE-135 CE (component of a site row, not dated by the source)",,,
S1032,Udala,True,False,C2_tomb_shafts,without,C2+C3s,A only,C2:n.a. C3s:n.a.,conditionally compatible,"Coder A only; no second coder checked these features. A f3: undated: must exist in 50 BCE-135 CE (component of a site row, not dated by the source) | A f5: undated: must exist in 50 BCE-135 CE (component of a site row, not dated by the source)",,,,5,C2: A f3; C3s: A f5,"A f3: undated: must exist in 50 BCE-135 CE (component of a site row, not dated by the source) | A f5: undated: must exist in 50 BCE-135 CE (component of a site row, not dated by the source)",,,
S1137,Qarawet et-Tahta,True,False,primary,with,C2+C3s,A only,C2:n.a. C3s:n.a.,conditionally compatible,Coder A only; no second coder checked these features. A f4: undated: must exist in 50 BCE-135 CE (no period given for the tomb) | A f6: undated: must exist in 50 BCE-135 CE (component of a site row; not dated itself),,,,1,C2: A f6; C3s: A f4,A f4: undated: must exist in 50 BCE-135 CE (no period given for the tomb) | A f6: undated: must exist in 50 BCE-135 CE (component of a site row; not dated itself),,,
S1137,Qarawet et-Tahta,True,False,primary,without,C2+C3s,A only,C2:n.a. C3s:n.a.,conditionally compatible,Coder A only; no second coder checked these features. A f4: undated: must exist in 50 BCE-135 CE (no period given for the tomb) | A f6: undated: must exist in 50 BCE-135 CE (component of a site row; not dated itself),,,,1,C2: A f6; C3s: A f4,A f4: undated: must exist in 50 BCE-135 CE (no period given for the tomb) | A f6: undated: must exist in 50 BCE-135 CE (component of a site row; not dated itself),,,
S1137,Qarawet et-Tahta,True,False,C1_0.5km,with,C2+C3s,A only,C2:n.a. C3s:n.a.,conditionally compatible,Coder A only; no second coder checked these features. A f4: undated: must exist in 50 BCE-135 CE (no period given for the tomb) | A f6: undated: must exist in 50 BCE-135 CE (component of a site row; not dated itself),,,,1,C2: A f6; C3s: A f4,A f4: undated: must exist in 50 BCE-135 CE (no period given for the tomb) | A f6: undated: must exist in 50 BCE-135 CE (component of a site row; not dated itself),,,
S1137,Qarawet et-Tahta,True,False,C1_0.5km,without,C2+C3s,A only,C2:n.a. C3s:n.a.,conditionally compatible,Coder A only; no second coder checked these features. A f4: undated: must exist in 50 BCE-135 CE (no period given for the tomb) | A f6: undated: must exist in 50 BCE-135 CE (component of a site row; not dated itself),,,,1,C2: A f6; C3s: A f4,A f4: undated: must exist in 50 BCE-135 CE (no period given for the tomb) | A f6: undated: must exist in 50 BCE-135 CE (component of a site row; not dated itself),,,
S1137,Qarawet et-Tahta,True,False,C1_2km,with,C2+C3s,A only,C2:n.a. C3s:n.a.,conditionally compatible,Coder A only; no second coder checked these features. A f4: undated: must exist in 50 BCE-135 CE (no period given for the tomb) | A f6: undated: must exist in 50 BCE-135 CE (component of a site row; not dated itself),,,,1,C2: A f6; C3s: A f4,A f4: undated: must exist in 50 BCE-135 CE (no period given for the tomb) | A f6: undated: must exist in 50 BCE-135 CE (component of a site row; not dated itself),,,
S1137,Qarawet et-Tahta,True,False,C1_2km,without,C2+C3s,A only,C2:n.a. C3s:n.a.,conditionally compatible,Coder A only; no second coder checked these features. A f4: undated: must exist in 50 BCE-135 CE (no period given for the tomb) | A f6: undated: must exist in 50 BCE-135 CE (component of a site row; not dated itself),,,,1,C2: A f6; C3s: A f4,A f4: undated: must exist in 50 BCE-135 CE (no period given for the tomb) | A f6: undated: must exist in 50 BCE-135 CE (component of a site row; not dated itself),,,
S1137,Qarawet et-Tahta,True,False,C2_tomb_shafts,with,C2+C3s,A only,C2:n.a. C3s:n.a.,conditionally compatible,Coder A only; no second coder checked these features. A f4: undated: must exist in 50 BCE-135 CE (no period given for the tomb) | A f6: undated: must exist in 50 BCE-135 CE (component of a site row; not dated itself),,,,1,C2: A f6; C3s: A f4,A f4: undated: must exist in 50 BCE-135 CE (no period given for the tomb) | A f6: undated: must exist in 50 BCE-135 CE (component of a site row; not dated itself),,,
S1137,Qarawet et-Tahta,True,False,C2_tomb_shafts,without,C2+C3s,A only,C2:n.a. C3s:n.a.,conditionally compatible,Coder A only; no second coder checked these features. A f4: undated: must exist in 50 BCE-135 CE (no period given for the tomb) | A f6: undated: must exist in 50 BCE-135 CE (component of a site row; not dated itself),,,,1,C2: A f6; C3s: A f4,A f4: undated: must exist in 50 BCE-135 CE (no period given for the tomb) | A f6: undated: must exist in 50 BCE-135 CE (component of a site row; not dated itself),,,
S1502,Kh. Sara C,True,False,primary,with,C2+C3s,A only,C2:n.a. C3s:n.a.,conditionally compatible,Coder A only; no second coder checked these features. A f3: undated: must exist in 50 BCE-135 CE (component of a site row; not dated by the source) | A f4: undated: must exist in 50 BCE-135 CE (component of a site row; not dated by the source),,,,1,C2: A f3; C3s: A f4,A f3: undated: must exist in 50 BCE-135 CE (component of a site row; not dated by the source) | A f4: undated: must exist in 50 BCE-135 CE (component of a site row; not dated by the source),,,
S1502,Kh. Sara C,True,False,primary,without,C2+C3s,A only,C2:n.a. C3s:n.a.,conditionally compatible,Coder A only; no second coder checked these features. A f3: undated: must exist in 50 BCE-135 CE (component of a site row; not dated by the source) | A f4: undated: must exist in 50 BCE-135 CE (component of a site row; not dated by the source),,,,1,C2: A f3; C3s: A f4,A f3: undated: must exist in 50 BCE-135 CE (component of a site row; not dated by the source) | A f4: undated: must exist in 50 BCE-135 CE (component of a site row; not dated by the source),,,
S1502,Kh. Sara C,True,False,C1_0.5km,with,C2+C3s,A only,C2:n.a. C3s:n.a.,conditionally compatible,Coder A only; no second coder checked these features. A f3: undated: must exist in 50 BCE-135 CE (component of a site row; not dated by the source) | A f4: undated: must exist in 50 BCE-135 CE (component of a site row; not dated by the source),,,,1,C2: A f3; C3s: A f4,A f3: undated: must exist in 50 BCE-135 CE (component of a site row; not dated by the source) | A f4: undated: must exist in 50 BCE-135 CE (component of a site row; not dated by the source),,,
S1502,Kh. Sara C,True,False,C1_0.5km,without,C2+C3s,A only,C2:n.a. C3s:n.a.,conditionally compatible,Coder A only; no second coder checked these features. A f3: undated: must exist in 50 BCE-135 CE (component of a site row; not dated by the source) | A f4: undated: must exist in 50 BCE-135 CE (component of a site row; not dated by the source),,,,1,C2: A f3; C3s: A f4,A f3: undated: must exist in 50 BCE-135 CE (component of a site row; not dated by the source) | A f4: undated: must exist in 50 BCE-135 CE (component of a site row; not dated by the source),,,
S1502,Kh. Sara C,True,False,C1_2km,with,C2+C3s,A only,C2:n.a. C3s:n.a.,conditionally compatible,Coder A only; no second coder checked these features. A f3: undated: must exist in 50 BCE-135 CE (component of a site row; not dated by the source) | A f4: undated: must exist in 50 BCE-135 CE (component of a site row; not dated by the source),,,,1,C2: A f3; C3s: A f4,A f3: undated: must exist in 50 BCE-135 CE (component of a site row; not dated by the source) | A f4: undated: must exist in 50 BCE-135 CE (component of a site row; not dated by the source),,,
S1502,Kh. Sara C,True,False,C1_2km,without,C2+C3s,A only,C2:n.a. C3s:n.a.,conditionally compatible,Coder A only; no second coder checked these features. A f3: undated: must exist in 50 BCE-135 CE (component of a site row; not dated by the source) | A f4: undated: must exist in 50 BCE-135 CE (component of a site row; not dated by the source),,,,1,C2: A f3; C3s: A f4,A f3: undated: must exist in 50 BCE-135 CE (component of a site row; not dated by the source) | A f4: undated: must exist in 50 BCE-135 CE (component of a site row; not dated by the source),,,
S1502,Kh. Sara C,True,False,C2_tomb_shafts,with,C2+C3s,A only,C2:n.a. C3s:n.a.,conditionally compatible,Coder A only; no second coder checked these features. A f3: undated: must exist in 50 BCE-135 CE (component of a site row; not dated by the source) | A f4: undated: must exist in 50 BCE-135 CE (component of a site row; not dated by the source),,,,2,C2: A f3; C3s: A f4,A f3: undated: must exist in 50 BCE-135 CE (component of a site row; not dated by the source) | A f4: undated: must exist in 50 BCE-135 CE (component of a site row; not dated by the source),,,
S1502,Kh. Sara C,True,False,C2_tomb_shafts,without,C2+C3s,A only,C2:n.a. C3s:n.a.,conditionally compatible,Coder A only; no second coder checked these features. A f3: undated: must exist in 50 BCE-135 CE (component of a site row; not dated by the source) | A f4: undated: must exist in 50 BCE-135 CE (component of a site row; not dated by the source),,,,2,C2: A f3; C3s: A f4,A f3: undated: must exist in 50 BCE-135 CE (component of a site row; not dated by the source) | A f4: undated: must exist in 50 BCE-135 CE (component of a site row; not dated by the source),,,
S1667,Kh. Samiyye,True,True,primary,with,C2+C3s,A+B,C2:yes C3s:yes,conditionally compatible,A f12 = B f11: dated only before the window: must survive into it (both coders) | A f9 = B f8: dated only before the window: must survive into it (both coders),3,C2: A f9 = B f8; C3s: A f12 = B f11,A f12 = B f11: dated only before the window: must survive into it (both coders) | A f9 = B f8: dated only before the window: must survive into it (both coders),3,C2: A f9; C3s: A f12,"A f12: dated only before the window: must survive into it (the tombs are row S1647 itself; the row records IB, MB) | A f9: dated only before the window: must survive into it (the source gives the pit EB pottery)",4,C2: B f8; C3s: B f11,"B f11: dated only before the window: must survive into it (row S1647 is the tombs themselves; records IB, MB) | B f8: dated only before the window: must survive into it (source associates the pit with EB pottery)"
S1667,Kh. Samiyye,True,True,primary,without,C2+C3s,A+B,C2:yes C3s:yes,conditionally compatible,A f12 = B f11: dated only before the window: must survive into it (both coders) | A f9 = B f8: dated only before the window: must survive into it (both coders),3,C2: A f9 = B f8; C3s: A f12 = B f11,A f12 = B f11: dated only before the window: must survive into it (both coders) | A f9 = B f8: dated only before the window: must survive into it (both coders),3,C2: A f9; C3s: A f12,"A f12: dated only before the window: must survive into it (the tombs are row S1647 itself; the row records IB, MB) | A f9: dated only before the window: must survive into it (the source gives the pit EB pottery)",4,C2: B f8; C3s: B f11,"B f11: dated only before the window: must survive into it (row S1647 is the tombs themselves; records IB, MB) | B f8: dated only before the window: must survive into it (source associates the pit with EB pottery)"
S1667,Kh. Samiyye,True,True,C1_0.5km,with,C2+C3s,A+B,C2:yes C3s:yes,conditionally compatible,A f12 = B f11: dated only before the window: must survive into it (both coders) | A f9 = B f8: dated only before the window: must survive into it (both coders),3,C2: A f9 = B f8; C3s: A f12 = B f11,A f12 = B f11: dated only before the window: must survive into it (both coders) | A f9 = B f8: dated only before the window: must survive into it (both coders),3,C2: A f9; C3s: A f12,"A f12: dated only before the window: must survive into it (the tombs are row S1647 itself; the row records IB, MB) | A f9: dated only before the window: must survive into it (the source gives the pit EB pottery)",4,C2: B f8; C3s: B f11,"B f11: dated only before the window: must survive into it (row S1647 is the tombs themselves; records IB, MB) | B f8: dated only before the window: must survive into it (source associates the pit with EB pottery)"
S1667,Kh. Samiyye,True,True,C1_0.5km,without,C2+C3s,A+B,C2:yes C3s:yes,conditionally compatible,A f12 = B f11: dated only before the window: must survive into it (both coders) | A f9 = B f8: dated only before the window: must survive into it (both coders),3,C2: A f9 = B f8; C3s: A f12 = B f11,A f12 = B f11: dated only before the window: must survive into it (both coders) | A f9 = B f8: dated only before the window: must survive into it (both coders),3,C2: A f9; C3s: A f12,"A f12: dated only before the window: must survive into it (the tombs are row S1647 itself; the row records IB, MB) | A f9: dated only before the window: must survive into it (the source gives the pit EB pottery)",4,C2: B f8; C3s: B f11,"B f11: dated only before the window: must survive into it (row S1647 is the tombs themselves; records IB, MB) | B f8: dated only before the window: must survive into it (source associates the pit with EB pottery)"
S1667,Kh. Samiyye,True,True,C1_2km,with,C2+C3s,A+B,C2:yes C3s:yes,conditionally compatible,A f12 = B f11: dated only before the window: must survive into it (both coders) | A f9 = B f8: dated only before the window: must survive into it (both coders),3,C2: A f9 = B f8; C3s: A f12 = B f11,A f12 = B f11: dated only before the window: must survive into it (both coders) | A f9 = B f8: dated only before the window: must survive into it (both coders),3,C2: A f9; C3s: A f12,"A f12: dated only before the window: must survive into it (the tombs are row S1647 itself; the row records IB, MB) | A f9: dated only before the window: must survive into it (the source gives the pit EB pottery)",4,C2: B f8; C3s: B f11,"B f11: dated only before the window: must survive into it (row S1647 is the tombs themselves; records IB, MB) | B f8: dated only before the window: must survive into it (source associates the pit with EB pottery)"
S1667,Kh. Samiyye,True,True,C1_2km,without,C2+C3s,A+B,C2:yes C3s:yes,conditionally compatible,A f12 = B f11: dated only before the window: must survive into it (both coders) | A f9 = B f8: dated only before the window: must survive into it (both coders),3,C2: A f9 = B f8; C3s: A f12 = B f11,A f12 = B f11: dated only before the window: must survive into it (both coders) | A f9 = B f8: dated only before the window: must survive into it (both coders),3,C2: A f9; C3s: A f12,"A f12: dated only before the window: must survive into it (the tombs are row S1647 itself; the row records IB, MB) | A f9: dated only before the window: must survive into it (the source gives the pit EB pottery)",4,C2: B f8; C3s: B f11,"B f11: dated only before the window: must survive into it (row S1647 is the tombs themselves; records IB, MB) | B f8: dated only before the window: must survive into it (source associates the pit with EB pottery)"
S1667,Kh. Samiyye,True,True,C2_tomb_shafts,with,C2+C3s,A+B,C2:yes C3s:yes,conditionally compatible,A f12 = B f11: dated only before the window: must survive into it (both coders) | A f14 = B f13: undated: must exist in 50 BCE-135 CE (both coders),9,C2: A f12 = B f11; C3s: A f14 = B f13,A f12 = B f11: dated only before the window: must survive into it (both coders) | A f14 = B f13: undated: must exist in 50 BCE-135 CE (both coders),9,C2: A f12; C3s: A f14,"A f12: dated only before the window: must survive into it (the tombs are row S1647 itself; the row records IB, MB) | A f14: undated: must exist in 50 BCE-135 CE (component of row S1644; not dated itself)",12,C2: B f11; C3s: B f13,"B f11: dated only before the window: must survive into it (row S1647 is the tombs themselves; records IB, MB) | B f13: undated: must exist in 50 BCE-135 CE (component of a site row; not dated by the source)"
S1667,Kh. Samiyye,True,True,C2_tomb_shafts,without,C2+C3s,A+B,C2:yes C3s:yes,conditionally compatible,A f12 = B f11: dated only before the window: must survive into it (both coders) | A f14 = B f13: undated: must exist in 50 BCE-135 CE (both coders),9,C2: A f12 = B f11; C3s: A f14 = B f13,A f12 = B f11: dated only before the window: must survive into it (both coders) | A f14 = B f13: undated: must exist in 50 BCE-135 CE (both coders),9,C2: A f12; C3s: A f14,"A f12: dated only before the window: must survive into it (the tombs are row S1647 itself; the row records IB, MB) | A f14: undated: must exist in 50 BCE-135 CE (component of row S1644; not dated itself)",12,C2: B f11; C3s: B f13,"B f11: dated only before the window: must survive into it (row S1647 is the tombs themselves; records IB, MB) | B f13: undated: must exist in 50 BCE-135 CE (component of a site row; not dated by the source)"
S1667,Kh. Samiyye,True,True,dated_only,with,C2+C3s,A+B,C2:yes C3s:yes,conditionally compatible,A f12 = B f11: dated only before the window: must survive into it (both coders) | A f9 = B f8: dated only before the window: must survive into it (both coders),1,C2: A f9 = B f8; C3s: A f12 = B f11,A f12 = B f11: dated only before the window: must survive into it (both coders) | A f9 = B f8: dated only before the window: must survive into it (both coders),1,C2: A f9; C3s: A f12,"A f12: dated only before the window: must survive into it (the tombs are row S1647 itself; the row records IB, MB) | A f9: dated only before the window: must survive into it (the source gives the pit EB pottery)",1,C2: B f8; C3s: B f11,"B f11: dated only before the window: must survive into it (row S1647 is the tombs themselves; records IB, MB) | B f8: dated only before the window: must survive into it (source associates the pit with EB pottery)"
S1667,Kh. Samiyye,True,True,dated_only,without,C2+C3s,A+B,C2:yes C3s:yes,conditionally compatible,A f12 = B f11: dated only before the window: must survive into it (both coders) | A f9 = B f8: dated only before the window: must survive into it (both coders),1,C2: A f9 = B f8; C3s: A f12 = B f11,A f12 = B f11: dated only before the window: must survive into it (both coders) | A f9 = B f8: dated only before the window: must survive into it (both coders),1,C2: A f9; C3s: A f12,"A f12: dated only before the window: must survive into it (the tombs are row S1647 itself; the row records IB, MB) | A f9: dated only before the window: must survive into it (the source gives the pit EB pottery)",1,C2: B f8; C3s: B f11,"B f11: dated only before the window: must survive into it (row S1647 is the tombs themselves; records IB, MB) | B f8: dated only before the window: must survive into it (source associates the pit with EB pottery)"
S1929,Kh. el-Khudriya,True,True,primary,with,C2+C3s,A only,C2:n.a. C3s:n.a.,conditionally compatible,"Coder A only; no second coder checked these features. A s4_s4f1: the source gives the direction from 'church', not from the site | A s4_s4f1: undated: must exist in 50 BCE-135 CE (the industrial complex is not dated by the source)",,,,3,C2: A s4_s4f1; C3s: A s4_s4f3,"A s4_s4f1: the source gives the direction from 'church', not from the site | A s4_s4f1: undated: must exist in 50 BCE-135 CE (the industrial complex is not dated by the source)",,,
S1929,Kh. el-Khudriya,True,True,primary,without,C2+C3s,A only,C2:n.a. C3s:n.a.,conditionally compatible,"Coder A only; no second coder checked these features. A s4_s4f1: the source gives the direction from 'church', not from the site | A s4_s4f1: undated: must exist in 50 BCE-135 CE (the industrial complex is not dated by the source)",,,,3,C2: A s4_s4f1; C3s: A s4_s4f3,"A s4_s4f1: the source gives the direction from 'church', not from the site | A s4_s4f1: undated: must exist in 50 BCE-135 CE (the industrial complex is not dated by the source)",,,
S1929,Kh. el-Khudriya,True,True,C1_0.5km,with,C2+C3s,A only,C2:n.a. C3s:n.a.,conditionally compatible,"Coder A only; no second coder checked these features. A s4_s4f1: the source gives the direction from 'church', not from the site | A s4_s4f1: undated: must exist in 50 BCE-135 CE (the industrial complex is not dated by the source)",,,,3,C2: A s4_s4f1; C3s: A s4_s4f3,"A s4_s4f1: the source gives the direction from 'church', not from the site | A s4_s4f1: undated: must exist in 50 BCE-135 CE (the industrial complex is not dated by the source)",,,
S1929,Kh. el-Khudriya,True,True,C1_0.5km,without,C2+C3s,A only,C2:n.a. C3s:n.a.,conditionally compatible,"Coder A only; no second coder checked these features. A s4_s4f1: the source gives the direction from 'church', not from the site | A s4_s4f1: undated: must exist in 50 BCE-135 CE (the industrial complex is not dated by the source)",,,,3,C2: A s4_s4f1; C3s: A s4_s4f3,"A s4_s4f1: the source gives the direction from 'church', not from the site | A s4_s4f1: undated: must exist in 50 BCE-135 CE (the industrial complex is not dated by the source)",,,
S1929,Kh. el-Khudriya,True,True,C1_2km,with,C2+C3s,A only,C2:n.a. C3s:n.a.,conditionally compatible,"Coder A only; no second coder checked these features. A s4_s4f1: the source gives the direction from 'church', not from the site | A s4_s4f1: undated: must exist in 50 BCE-135 CE (the industrial complex is not dated by the source)",,,,3,C2: A s4_s4f1; C3s: A s4_s4f3,"A s4_s4f1: the source gives the direction from 'church', not from the site | A s4_s4f1: undated: must exist in 50 BCE-135 CE (the industrial complex is not dated by the source)",,,
S1929,Kh. el-Khudriya,True,True,C1_2km,without,C2+C3s,A only,C2:n.a. C3s:n.a.,conditionally compatible,"Coder A only; no second coder checked these features. A s4_s4f1: the source gives the direction from 'church', not from the site | A s4_s4f1: undated: must exist in 50 BCE-135 CE (the industrial complex is not dated by the source)",,,,3,C2: A s4_s4f1; C3s: A s4_s4f3,"A s4_s4f1: the source gives the direction from 'church', not from the site | A s4_s4f1: undated: must exist in 50 BCE-135 CE (the industrial complex is not dated by the source)",,,
S1929,Kh. el-Khudriya,True,True,C2_tomb_shafts,with,C2+C3s,A only,C2:n.a. C3s:n.a.,conditionally compatible,Coder A only; no second coder checked these features. A f2: undated: must exist in 50 BCE-135 CE (caves as a group not dated by the source),,,,11,C2: A f2; C3s: A s4_s4f3,A f2: undated: must exist in 50 BCE-135 CE (caves as a group not dated by the source),,,
S1929,Kh. el-Khudriya,True,True,C2_tomb_shafts,without,C2+C3s,A only,C2:n.a. C3s:n.a.,conditionally compatible,Coder A only; no second coder checked these features. A f2: undated: must exist in 50 BCE-135 CE (caves as a group not dated by the source),,,,11,C2: A f2; C3s: A s4_s4f3,A f2: undated: must exist in 50 BCE-135 CE (caves as a group not dated by the source),,,
S2376,Tell Maryam,True,True,primary,with,C2+C3s,A only,C2:n.a. C3s:n.a.,conditionally compatible,Coder A only; no second coder checked these features. A f2: undated: must exist in 50 BCE-135 CE (component of a site row; the source does not date the component itself),,,,4,C2: A f2; C3s: A f4,A f2: undated: must exist in 50 BCE-135 CE (component of a site row; the source does not date the component itself),,,
S2376,Tell Maryam,True,True,primary,without,C2+C3s,A only,C2:n.a. C3s:n.a.,conditionally compatible,Coder A only; no second coder checked these features. A f2: undated: must exist in 50 BCE-135 CE (component of a site row; the source does not date the component itself),,,,4,C2: A f2; C3s: A f4,A f2: undated: must exist in 50 BCE-135 CE (component of a site row; the source does not date the component itself),,,
S2376,Tell Maryam,True,True,C1_0.5km,with,C2+C3s,A only,C2:n.a. C3s:n.a.,conditionally compatible,Coder A only; no second coder checked these features. A f2: undated: must exist in 50 BCE-135 CE (component of a site row; the source does not date the component itself),,,,4,C2: A f2; C3s: A f4,A f2: undated: must exist in 50 BCE-135 CE (component of a site row; the source does not date the component itself),,,
S2376,Tell Maryam,True,True,C1_0.5km,without,C2+C3s,A only,C2:n.a. C3s:n.a.,conditionally compatible,Coder A only; no second coder checked these features. A f2: undated: must exist in 50 BCE-135 CE (component of a site row; the source does not date the component itself),,,,4,C2: A f2; C3s: A f4,A f2: undated: must exist in 50 BCE-135 CE (component of a site row; the source does not date the component itself),,,
S2376,Tell Maryam,True,True,C1_2km,with,C2+C3s,A only,C2:n.a. C3s:n.a.,conditionally compatible,Coder A only; no second coder checked these features. A f2: undated: must exist in 50 BCE-135 CE (component of a site row; the source does not date the component itself),,,,4,C2: A f2; C3s: A f4,A f2: undated: must exist in 50 BCE-135 CE (component of a site row; the source does not date the component itself),,,
S2376,Tell Maryam,True,True,C1_2km,without,C2+C3s,A only,C2:n.a. C3s:n.a.,conditionally compatible,Coder A only; no second coder checked these features. A f2: undated: must exist in 50 BCE-135 CE (component of a site row; the source does not date the component itself),,,,4,C2: A f2; C3s: A f4,A f2: undated: must exist in 50 BCE-135 CE (component of a site row; the source does not date the component itself),,,
S2376,Tell Maryam,True,True,C2_tomb_shafts,with,C2+C3s,A only,C2:n.a. C3s:n.a.,jointly compatible,"Coder A only; no second coder checked these features. One feature set meets every matched condition: distinct features, all dated in the window, no dispute.",,,,6,C2: A f5; C3s: A f4,,,,
S2376,Tell Maryam,True,True,C2_tomb_shafts,without,C2+C3s,A only,C2:n.a. C3s:n.a.,jointly compatible,"Coder A only; no second coder checked these features. One feature set meets every matched condition: distinct features, all dated in the window, no dispute.",,,,6,C2: A f5; C3s: A f4,,,,
S2430,Tell es-Samrat,True,True,primary,with,C2+C3s,A only,C2:n.a. C3s:n.a.,jointly compatible,"Coder A only; no second coder checked these features. One feature set meets every matched condition: distinct features, all dated in the window, no dispute.",,,,15,C2: A f14; C3s: A f16,,,,
S2430,Tell es-Samrat,True,True,primary,without,C2+C3s,A only,C2:n.a. C3s:n.a.,jointly compatible,"Coder A only; no second coder checked these features. One feature set meets every matched condition: distinct features, all dated in the window, no dispute.",,,,2,C2: A f14; C3s: A f16,,,,
S2430,Tell es-Samrat,True,True,C1_0.5km,with,C2+C3s,A only,C2:n.a. C3s:n.a.,jointly compatible,"Coder A only; no second coder checked these features. One feature set meets every matched condition: distinct features, all dated in the window, no dispute.",,,,15,C2: A f14; C3s: A f16,,,,
S2430,Tell es-Samrat,True,True,C1_0.5km,without,C2+C3s,A only,C2:n.a. C3s:n.a.,jointly compatible,"Coder A only; no second coder checked these features. One feature set meets every matched condition: distinct features, all dated in the window, no dispute.",,,,2,C2: A f14; C3s: A f16,,,,
S2430,Tell es-Samrat,True,True,C1_2km,with,C2+C3s,A only,C2:n.a. C3s:n.a.,jointly compatible,"Coder A only; no second coder checked these features. One feature set meets every matched condition: distinct features, all dated in the window, no dispute.",,,,15,C2: A f14; C3s: A f16,,,,
S2430,Tell es-Samrat,True,True,C1_2km,without,C2+C3s,A only,C2:n.a. C3s:n.a.,jointly compatible,"Coder A only; no second coder checked these features. One feature set meets every matched condition: distinct features, all dated in the window, no dispute.",,,,2,C2: A f14; C3s: A f16,,,,
S2430,Tell es-Samrat,True,True,C2_tomb_shafts,with,C2+C3s,A only,C2:n.a. C3s:n.a.,jointly compatible,"Coder A only; no second coder checked these features. One feature set meets every matched condition: distinct features, all dated in the window, no dispute.",,,,35,C2: A f14; C3s: A f16,,,,
S2430,Tell es-Samrat,True,True,C2_tomb_shafts,without,C2+C3s,A only,C2:n.a. C3s:n.a.,jointly compatible,"Coder A only; no second coder checked these features. One feature set meets every matched condition: distinct features, all dated in the window, no dispute.",,,,3,C2: A f14; C3s: A f16,,,,
S2430,Tell es-Samrat,True,True,dated_only,with,C2+C3s,A only,C2:n.a. C3s:n.a.,jointly compatible,"Coder A only; no second coder checked these features. One feature set meets every matched condition: distinct features, all dated in the window, no dispute.",,,,15,C2: A f14; C3s: A f16,,,,
S2430,Tell es-Samrat,True,True,dated_only,without,C2+C3s,A only,C2:n.a. C3s:n.a.,jointly compatible,"Coder A only; no second coder checked these features. One feature set meets every matched condition: distinct features, all dated in the window, no dispute.",,,,2,C2: A f14; C3s: A f16,,,,
S2849,,True,True,primary,with,C2+C3s,A+B,C2:yes C3s:yes,conditionally compatible,A f11 = B f11: A: undated: must exist in 50 BCE-135 CE (component of a site row; the source does not date the component itself); B: dated only before the window: must survive into it (source dates the tomb IA2c),4,C2: A f19 = B f16; C3s: A f11 = B f11,A f11 = B f11: A: undated: must exist in 50 BCE-135 CE (component of a site row; the source does not date the component itself); B: dated only before the window: must survive into it (source dates the tomb IA2c),4,C2: A f19; C3s: A f11,A f11: undated: must exist in 50 BCE-135 CE (component of a site row; the source does not date the component itself),4,C2: B f16; C3s: B f10,B f10: dated only before the window: must survive into it (source dates the burial caves Per)
S2849,,True,True,primary,without,C2+C3s,A+B,C2:yes C3s:yes,conditionally compatible,A f11 = B f11: A: undated: must exist in 50 BCE-135 CE (component of a site row; the source does not date the component itself); B: dated only before the window: must survive into it (source dates the tomb IA2c),4,C2: A f19 = B f16; C3s: A f11 = B f11,A f11 = B f11: A: undated: must exist in 50 BCE-135 CE (component of a site row; the source does not date the component itself); B: dated only before the window: must survive into it (source dates the tomb IA2c),4,C2: A f19; C3s: A f11,A f11: undated: must exist in 50 BCE-135 CE (component of a site row; the source does not date the component itself),4,C2: B f16; C3s: B f10,B f10: dated only before the window: must survive into it (source dates the burial caves Per)
S2849,,True,True,C1_0.5km,with,C2+C3s,A+B,C2:yes C3s:yes,conditionally compatible,A f11 = B f11: A: undated: must exist in 50 BCE-135 CE (component of a site row; the source does not date the component itself); B: dated only before the window: must survive into it (source dates the tomb IA2c),4,C2: A f19 = B f16; C3s: A f11 = B f11,A f11 = B f11: A: undated: must exist in 50 BCE-135 CE (component of a site row; the source does not date the component itself); B: dated only before the window: must survive into it (source dates the tomb IA2c),4,C2: A f19; C3s: A f11,A f11: undated: must exist in 50 BCE-135 CE (component of a site row; the source does not date the component itself),4,C2: B f16; C3s: B f10,B f10: dated only before the window: must survive into it (source dates the burial caves Per)
S2849,,True,True,C1_0.5km,without,C2+C3s,A+B,C2:yes C3s:yes,conditionally compatible,A f11 = B f11: A: undated: must exist in 50 BCE-135 CE (component of a site row; the source does not date the component itself); B: dated only before the window: must survive into it (source dates the tomb IA2c),4,C2: A f19 = B f16; C3s: A f11 = B f11,A f11 = B f11: A: undated: must exist in 50 BCE-135 CE (component of a site row; the source does not date the component itself); B: dated only before the window: must survive into it (source dates the tomb IA2c),4,C2: A f19; C3s: A f11,A f11: undated: must exist in 50 BCE-135 CE (component of a site row; the source does not date the component itself),4,C2: B f16; C3s: B f10,B f10: dated only before the window: must survive into it (source dates the burial caves Per)
S2849,,True,True,C1_2km,with,C1+C2+C3s,A+B,C1:yes C2:yes C3s:yes,conditionally compatible,A f11 = B f11: A: undated: must exist in 50 BCE-135 CE (component of a site row; the source does not date the component itself); B: dated only before the window: must survive into it (source dates the tomb IA2c) | A f52 = B f38: undated: must exist in 50 BCE-135 CE (both coders),4,C1: A f52 = B f38; C2: A f19 = B f16; C3s: A f11 = B f11,A f11 = B f11: A: undated: must exist in 50 BCE-135 CE (component of a site row; the source does not date the component itself); B: dated only before the window: must survive into it (source dates the tomb IA2c) | A f52 = B f38: undated: must exist in 50 BCE-135 CE (both coders),4,C1: A f52; C2: A f19; C3s: A f11,A f11: undated: must exist in 50 BCE-135 CE (component of a site row; the source does not date the component itself) | A f52: undated: must exist in 50 BCE-135 CE (component of a site row; the source does not date the component itself),4,C1: B f38; C2: B f16; C3s: B f10,B f10: dated only before the window: must survive into it (source dates the burial caves Per) | B f38: undated: must exist in 50 BCE-135 CE (component of a site row; not dated by the source)
S2849,,True,True,C1_2km,without,C1+C2+C3s,A+B,C1:yes C2:yes C3s:yes,conditionally compatible,A f11 = B f11: A: undated: must exist in 50 BCE-135 CE (component of a site row; the source does not date the component itself); B: dated only before the window: must survive into it (source dates the tomb IA2c) | A f52 = B f38: undated: must exist in 50 BCE-135 CE (both coders),4,C1: A f52 = B f38; C2: A f19 = B f16; C3s: A f11 = B f11,A f11 = B f11: A: undated: must exist in 50 BCE-135 CE (component of a site row; the source does not date the component itself); B: dated only before the window: must survive into it (source dates the tomb IA2c) | A f52 = B f38: undated: must exist in 50 BCE-135 CE (both coders),4,C1: A f52; C2: A f19; C3s: A f11,A f11: undated: must exist in 50 BCE-135 CE (component of a site row; the source does not date the component itself) | A f52: undated: must exist in 50 BCE-135 CE (component of a site row; the source does not date the component itself),4,C1: B f38; C2: B f16; C3s: B f10,B f10: dated only before the window: must survive into it (source dates the burial caves Per) | B f38: undated: must exist in 50 BCE-135 CE (component of a site row; not dated by the source)
S2849,,True,True,C2_tomb_shafts,with,C2+C3s,A+B,C2:yes C3s:yes,conditionally compatible,A f11 = B f11: A: undated: must exist in 50 BCE-135 CE (component of a site row; the source does not date the component itself); B: dated only before the window: must survive into it (source dates the tomb IA2c),6,C2: A f19 = B f16; C3s: A f11 = B f11,A f11 = B f11: A: undated: must exist in 50 BCE-135 CE (component of a site row; the source does not date the component itself); B: dated only before the window: must survive into it (source dates the tomb IA2c),6,C2: A f19; C3s: A f11,A f11: undated: must exist in 50 BCE-135 CE (component of a site row; the source does not date the component itself),6,C2: B f16; C3s: B f10,B f10: dated only before the window: must survive into it (source dates the burial caves Per)
S2849,,True,True,C2_tomb_shafts,without,C2+C3s,A+B,C2:yes C3s:yes,conditionally compatible,A f11 = B f11: A: undated: must exist in 50 BCE-135 CE (component of a site row; the source does not date the component itself); B: dated only before the window: must survive into it (source dates the tomb IA2c),6,C2: A f19 = B f16; C3s: A f11 = B f11,A f11 = B f11: A: undated: must exist in 50 BCE-135 CE (component of a site row; the source does not date the component itself); B: dated only before the window: must survive into it (source dates the tomb IA2c),6,C2: A f19; C3s: A f11,A f11: undated: must exist in 50 BCE-135 CE (component of a site row; the source does not date the component itself),6,C2: B f16; C3s: B f10,B f10: dated only before the window: must survive into it (source dates the burial caves Per)
S2849,,True,True,dated_only,with,C2+C3s,A+B,C2:yes C3s:yes,conditionally compatible,A f12 = B f10: dated only before the window: must survive into it (both coders),4,C2: A f19 = B f16; C3s: A f12 = B f10,A f12 = B f10: dated only before the window: must survive into it (both coders),4,C2: A f19; C3s: A f12,A f12: dated only before the window: must survive into it (the source dates the excavated burial caves to Persian),4,C2: B f16; C3s: B f10,B f10: dated only before the window: must survive into it (source dates the burial caves Per)
S2849,,True,True,dated_only,without,C2+C3s,A+B,C2:yes C3s:yes,conditionally compatible,A f12 = B f10: dated only before the window: must survive into it (both coders),4,C2: A f19 = B f16; C3s: A f12 = B f10,A f12 = B f10: dated only before the window: must survive into it (both coders),4,C2: A f19; C3s: A f12,A f12: dated only before the window: must survive into it (the source dates the excavated burial caves to Persian),4,C2: B f16; C3s: B f10,B f10: dated only before the window: must survive into it (source dates the burial caves Per)
S3036,Kh. esh-Sheikh 'Antar,True,True,primary,with,C2+C3s,A+B,C2:yes C3s:yes,conditionally compatible,A f10 = B f10: undated: must exist in 50 BCE-135 CE (both coders) | A f11 = B f11: undated: must exist in 50 BCE-135 CE (both coders),6,C2: A f10 = B f10; C3s: A f11 = B f11,A f10 = B f10: undated: must exist in 50 BCE-135 CE (both coders) | A f11 = B f11: undated: must exist in 50 BCE-135 CE (both coders),6,C2: A f10; C3s: A f11,"A f10: undated: must exist in 50 BCE-135 CE (component of a site row, not dated by the source) | A f11: undated: must exist in 50 BCE-135 CE (component of a site row, not dated by the source)",6,C2: B f10; C3s: B f11,B f10: undated: must exist in 50 BCE-135 CE (component of a site row; not dated by the source) | B f11: undated: must exist in 50 BCE-135 CE (component of a site row; not dated by the source)
S3036,Kh. esh-Sheikh 'Antar,True,True,primary,without,C2+C3s,A+B,C2:yes C3s:yes,conditionally compatible,A f10 = B f10: undated: must exist in 50 BCE-135 CE (both coders) | A f11 = B f11: undated: must exist in 50 BCE-135 CE (both coders),6,C2: A f10 = B f10; C3s: A f11 = B f11,A f10 = B f10: undated: must exist in 50 BCE-135 CE (both coders) | A f11 = B f11: undated: must exist in 50 BCE-135 CE (both coders),6,C2: A f10; C3s: A f11,"A f10: undated: must exist in 50 BCE-135 CE (component of a site row, not dated by the source) | A f11: undated: must exist in 50 BCE-135 CE (component of a site row, not dated by the source)",6,C2: B f10; C3s: B f11,B f10: undated: must exist in 50 BCE-135 CE (component of a site row; not dated by the source) | B f11: undated: must exist in 50 BCE-135 CE (component of a site row; not dated by the source)
S3036,Kh. esh-Sheikh 'Antar,True,True,C1_0.5km,with,C2+C3s,A+B,C2:yes C3s:yes,conditionally compatible,A f10 = B f10: undated: must exist in 50 BCE-135 CE (both coders) | A f11 = B f11: undated: must exist in 50 BCE-135 CE (both coders),6,C2: A f10 = B f10; C3s: A f11 = B f11,A f10 = B f10: undated: must exist in 50 BCE-135 CE (both coders) | A f11 = B f11: undated: must exist in 50 BCE-135 CE (both coders),6,C2: A f10; C3s: A f11,"A f10: undated: must exist in 50 BCE-135 CE (component of a site row, not dated by the source) | A f11: undated: must exist in 50 BCE-135 CE (component of a site row, not dated by the source)",6,C2: B f10; C3s: B f11,B f10: undated: must exist in 50 BCE-135 CE (component of a site row; not dated by the source) | B f11: undated: must exist in 50 BCE-135 CE (component of a site row; not dated by the source)
S3036,Kh. esh-Sheikh 'Antar,True,True,C1_0.5km,without,C2+C3s,A+B,C2:yes C3s:yes,conditionally compatible,A f10 = B f10: undated: must exist in 50 BCE-135 CE (both coders) | A f11 = B f11: undated: must exist in 50 BCE-135 CE (both coders),6,C2: A f10 = B f10; C3s: A f11 = B f11,A f10 = B f10: undated: must exist in 50 BCE-135 CE (both coders) | A f11 = B f11: undated: must exist in 50 BCE-135 CE (both coders),6,C2: A f10; C3s: A f11,"A f10: undated: must exist in 50 BCE-135 CE (component of a site row, not dated by the source) | A f11: undated: must exist in 50 BCE-135 CE (component of a site row, not dated by the source)",6,C2: B f10; C3s: B f11,B f10: undated: must exist in 50 BCE-135 CE (component of a site row; not dated by the source) | B f11: undated: must exist in 50 BCE-135 CE (component of a site row; not dated by the source)
S3036,Kh. esh-Sheikh 'Antar,True,True,C1_2km,with,C1+C2+C3s,A+B,C1:yes C2:yes C3s:yes,conditionally compatible,A f10 = B f10: undated: must exist in 50 BCE-135 CE (both coders) | A f11 = B f11: undated: must exist in 50 BCE-135 CE (both coders) | A f34 = B f34: undated: must exist in 50 BCE-135 CE (both coders),6,C1: A f34 = B f34; C2: A f10 = B f10; C3s: A f11 = B f11,A f10 = B f10: undated: must exist in 50 BCE-135 CE (both coders) | A f11 = B f11: undated: must exist in 50 BCE-135 CE (both coders) | A f34 = B f34: undated: must exist in 50 BCE-135 CE (both coders),6,C1: A f34; C2: A f10; C3s: A f11,"A f10: undated: must exist in 50 BCE-135 CE (component of a site row, not dated by the source) | A f11: undated: must exist in 50 BCE-135 CE (component of a site row, not dated by the source) | A f34: undated: must exist in 50 BCE-135 CE (component of a site row, not dated by the source)",6,C1: B f34; C2: B f10; C3s: B f11,B f10: undated: must exist in 50 BCE-135 CE (component of a site row; not dated by the source) | B f11: undated: must exist in 50 BCE-135 CE (component of a site row; not dated by the source) | B f34: undated: must exist in 50 BCE-135 CE (component of a site row; not dated by the source)
S3036,Kh. esh-Sheikh 'Antar,True,True,C1_2km,without,C1+C2+C3s,A+B,C1:yes C2:yes C3s:yes,conditionally compatible,A f10 = B f10: undated: must exist in 50 BCE-135 CE (both coders) | A f11 = B f11: undated: must exist in 50 BCE-135 CE (both coders) | A f34 = B f34: undated: must exist in 50 BCE-135 CE (both coders),6,C1: A f34 = B f34; C2: A f10 = B f10; C3s: A f11 = B f11,A f10 = B f10: undated: must exist in 50 BCE-135 CE (both coders) | A f11 = B f11: undated: must exist in 50 BCE-135 CE (both coders) | A f34 = B f34: undated: must exist in 50 BCE-135 CE (both coders),6,C1: A f34; C2: A f10; C3s: A f11,"A f10: undated: must exist in 50 BCE-135 CE (component of a site row, not dated by the source) | A f11: undated: must exist in 50 BCE-135 CE (component of a site row, not dated by the source) | A f34: undated: must exist in 50 BCE-135 CE (component of a site row, not dated by the source)",6,C1: B f34; C2: B f10; C3s: B f11,B f10: undated: must exist in 50 BCE-135 CE (component of a site row; not dated by the source) | B f11: undated: must exist in 50 BCE-135 CE (component of a site row; not dated by the source) | B f34: undated: must exist in 50 BCE-135 CE (component of a site row; not dated by the source)
S3036,Kh. esh-Sheikh 'Antar,True,True,C2_tomb_shafts,with,C2+C3s,A+B,C2:yes C3s:yes,conditionally compatible,A f10 = B f10: undated: must exist in 50 BCE-135 CE (both coders) | A f11 = B f11: undated: must exist in 50 BCE-135 CE (both coders),9,C2: A f10 = B f10; C3s: A f11 = B f11,A f10 = B f10: undated: must exist in 50 BCE-135 CE (both coders) | A f11 = B f11: undated: must exist in 50 BCE-135 CE (both coders),9,C2: A f10; C3s: A f11,"A f10: undated: must exist in 50 BCE-135 CE (component of a site row, not dated by the source) | A f11: undated: must exist in 50 BCE-135 CE (component of a site row, not dated by the source)",9,C2: B f10; C3s: B f11,B f10: undated: must exist in 50 BCE-135 CE (component of a site row; not dated by the source) | B f11: undated: must exist in 50 BCE-135 CE (component of a site row; not dated by the source)
S3036,Kh. esh-Sheikh 'Antar,True,True,C2_tomb_shafts,without,C2+C3s,A+B,C2:yes C3s:yes,conditionally compatible,A f10 = B f10: undated: must exist in 50 BCE-135 CE (both coders) | A f11 = B f11: undated: must exist in 50 BCE-135 CE (both coders),9,C2: A f10 = B f10; C3s: A f11 = B f11,A f10 = B f10: undated: must exist in 50 BCE-135 CE (both coders) | A f11 = B f11: undated: must exist in 50 BCE-135 CE (both coders),9,C2: A f10; C3s: A f11,"A f10: undated: must exist in 50 BCE-135 CE (component of a site row, not dated by the source) | A f11: undated: must exist in 50 BCE-135 CE (component of a site row, not dated by the source)",9,C2: B f10; C3s: B f11,B f10: undated: must exist in 50 BCE-135 CE (component of a site row; not dated by the source) | B f11: undated: must exist in 50 BCE-135 CE (component of a site row; not dated by the source)
S3419,Ras el-'Eizariya,True,True,primary,with,C2+C3s,A+B,C2:yes C3s:yes,conditionally compatible,A f3 = B f3: undated: must exist in 50 BCE-135 CE (both coders) | A f4 = B f4: undated: must exist in 50 BCE-135 CE (both coders),1,C2: A f4 = B f4; C3s: A f3 = B f3,A f3 = B f3: undated: must exist in 50 BCE-135 CE (both coders) | A f4 = B f4: undated: must exist in 50 BCE-135 CE (both coders),1,C2: A f4; C3s: A f3,A f3: undated: must exist in 50 BCE-135 CE (component of site row E592; not dated itself) | A f4: undated: must exist in 50 BCE-135 CE (component of site row E592; not dated itself),1,C2: B f4; C3s: B f3,B f3: undated: must exist in 50 BCE-135 CE (component of a site row; not dated by the source) | B f4: undated: must exist in 50 BCE-135 CE (component of a site row; not dated by the source)
S3419,Ras el-'Eizariya,True,True,primary,without,C2+C3s,A+B,C2:yes C3s:yes,conditionally compatible,A f3 = B f3: undated: must exist in 50 BCE-135 CE (both coders) | A f4 = B f4: undated: must exist in 50 BCE-135 CE (both coders),1,C2: A f4 = B f4; C3s: A f3 = B f3,A f3 = B f3: undated: must exist in 50 BCE-135 CE (both coders) | A f4 = B f4: undated: must exist in 50 BCE-135 CE (both coders),1,C2: A f4; C3s: A f3,A f3: undated: must exist in 50 BCE-135 CE (component of site row E592; not dated itself) | A f4: undated: must exist in 50 BCE-135 CE (component of site row E592; not dated itself),1,C2: B f4; C3s: B f3,B f3: undated: must exist in 50 BCE-135 CE (component of a site row; not dated by the source) | B f4: undated: must exist in 50 BCE-135 CE (component of a site row; not dated by the source)
S3419,Ras el-'Eizariya,True,True,C1_0.5km,with,C2+C3s,A+B,C2:yes C3s:yes,conditionally compatible,A f3 = B f3: undated: must exist in 50 BCE-135 CE (both coders) | A f4 = B f4: undated: must exist in 50 BCE-135 CE (both coders),1,C2: A f4 = B f4; C3s: A f3 = B f3,A f3 = B f3: undated: must exist in 50 BCE-135 CE (both coders) | A f4 = B f4: undated: must exist in 50 BCE-135 CE (both coders),1,C2: A f4; C3s: A f3,A f3: undated: must exist in 50 BCE-135 CE (component of site row E592; not dated itself) | A f4: undated: must exist in 50 BCE-135 CE (component of site row E592; not dated itself),1,C2: B f4; C3s: B f3,B f3: undated: must exist in 50 BCE-135 CE (component of a site row; not dated by the source) | B f4: undated: must exist in 50 BCE-135 CE (component of a site row; not dated by the source)
S3419,Ras el-'Eizariya,True,True,C1_0.5km,without,C2+C3s,A+B,C2:yes C3s:yes,conditionally compatible,A f3 = B f3: undated: must exist in 50 BCE-135 CE (both coders) | A f4 = B f4: undated: must exist in 50 BCE-135 CE (both coders),1,C2: A f4 = B f4; C3s: A f3 = B f3,A f3 = B f3: undated: must exist in 50 BCE-135 CE (both coders) | A f4 = B f4: undated: must exist in 50 BCE-135 CE (both coders),1,C2: A f4; C3s: A f3,A f3: undated: must exist in 50 BCE-135 CE (component of site row E592; not dated itself) | A f4: undated: must exist in 50 BCE-135 CE (component of site row E592; not dated itself),1,C2: B f4; C3s: B f3,B f3: undated: must exist in 50 BCE-135 CE (component of a site row; not dated by the source) | B f4: undated: must exist in 50 BCE-135 CE (component of a site row; not dated by the source)
S3419,Ras el-'Eizariya,True,True,C1_2km,with,C2+C3s,A+B,C2:yes C3s:yes,conditionally compatible,A f3 = B f3: undated: must exist in 50 BCE-135 CE (both coders) | A f4 = B f4: undated: must exist in 50 BCE-135 CE (both coders),1,C2: A f4 = B f4; C3s: A f3 = B f3,A f3 = B f3: undated: must exist in 50 BCE-135 CE (both coders) | A f4 = B f4: undated: must exist in 50 BCE-135 CE (both coders),1,C2: A f4; C3s: A f3,A f3: undated: must exist in 50 BCE-135 CE (component of site row E592; not dated itself) | A f4: undated: must exist in 50 BCE-135 CE (component of site row E592; not dated itself),1,C2: B f4; C3s: B f3,B f3: undated: must exist in 50 BCE-135 CE (component of a site row; not dated by the source) | B f4: undated: must exist in 50 BCE-135 CE (component of a site row; not dated by the source)
S3419,Ras el-'Eizariya,True,True,C1_2km,without,C2+C3s,A+B,C2:yes C3s:yes,conditionally compatible,A f3 = B f3: undated: must exist in 50 BCE-135 CE (both coders) | A f4 = B f4: undated: must exist in 50 BCE-135 CE (both coders),1,C2: A f4 = B f4; C3s: A f3 = B f3,A f3 = B f3: undated: must exist in 50 BCE-135 CE (both coders) | A f4 = B f4: undated: must exist in 50 BCE-135 CE (both coders),1,C2: A f4; C3s: A f3,A f3: undated: must exist in 50 BCE-135 CE (component of site row E592; not dated itself) | A f4: undated: must exist in 50 BCE-135 CE (component of site row E592; not dated itself),1,C2: B f4; C3s: B f3,B f3: undated: must exist in 50 BCE-135 CE (component of a site row; not dated by the source) | B f4: undated: must exist in 50 BCE-135 CE (component of a site row; not dated by the source)
S3419,Ras el-'Eizariya,True,True,C2_tomb_shafts,with,C2+C3s,A+B,C2:yes C3s:yes,conditionally compatible,A f3 = B f3: undated: must exist in 50 BCE-135 CE (both coders) | A f4 = B f4: undated: must exist in 50 BCE-135 CE (both coders),1,C2: A f4 = B f4; C3s: A f3 = B f3,A f3 = B f3: undated: must exist in 50 BCE-135 CE (both coders) | A f4 = B f4: undated: must exist in 50 BCE-135 CE (both coders),1,C2: A f4; C3s: A f3,A f3: undated: must exist in 50 BCE-135 CE (component of site row E592; not dated itself) | A f4: undated: must exist in 50 BCE-135 CE (component of site row E592; not dated itself),1,C2: B f4; C3s: B f3,B f3: undated: must exist in 50 BCE-135 CE (component of a site row; not dated by the source) | B f4: undated: must exist in 50 BCE-135 CE (component of a site row; not dated by the source)
S3419,Ras el-'Eizariya,True,True,C2_tomb_shafts,without,C2+C3s,A+B,C2:yes C3s:yes,conditionally compatible,A f3 = B f3: undated: must exist in 50 BCE-135 CE (both coders) | A f4 = B f4: undated: must exist in 50 BCE-135 CE (both coders),1,C2: A f4 = B f4; C3s: A f3 = B f3,A f3 = B f3: undated: must exist in 50 BCE-135 CE (both coders) | A f4 = B f4: undated: must exist in 50 BCE-135 CE (both coders),1,C2: A f4; C3s: A f3,A f3: undated: must exist in 50 BCE-135 CE (component of site row E592; not dated itself) | A f4: undated: must exist in 50 BCE-135 CE (component of site row E592; not dated itself),1,C2: B f4; C3s: B f3,B f3: undated: must exist in 50 BCE-135 CE (component of a site row; not dated by the source) | B f4: undated: must exist in 50 BCE-135 CE (component of a site row; not dated by the source)
S3961,,True,True,primary,with,C2+C3s,A only,C2:n.a. C3s:n.a.,jointly compatible,"Coder A only; no second coder checked these features. One feature set meets every matched condition: distinct features, all dated in the window, no dispute.",,,,5,C2: A f5; C3s: A f13,,,,
S3961,,True,True,primary,without,C2+C3s,A only,C2:n.a. C3s:n.a.,jointly compatible,"Coder A only; no second coder checked these features. One feature set meets every matched condition: distinct features, all dated in the window, no dispute.",,,,5,C2: A f5; C3s: A f13,,,,
S3961,,True,True,C1_0.5km,with,C2+C3s,A only,C2:n.a. C3s:n.a.,jointly compatible,"Coder A only; no second coder checked these features. One feature set meets every matched condition: distinct features, all dated in the window, no dispute.",,,,5,C2: A f5; C3s: A f13,,,,
S3961,,True,True,C1_0.5km,without,C2+C3s,A only,C2:n.a. C3s:n.a.,jointly compatible,"Coder A only; no second coder checked these features. One feature set meets every matched condition: distinct features, all dated in the window, no dispute.",,,,5,C2: A f5; C3s: A f13,,,,
S3961,,True,True,C1_2km,with,C2+C3s,A only,C2:n.a. C3s:n.a.,jointly compatible,"Coder A only; no second coder checked these features. One feature set meets every matched condition: distinct features, all dated in the window, no dispute.",,,,5,C2: A f5; C3s: A f13,,,,
S3961,,True,True,C1_2km,without,C2+C3s,A only,C2:n.a. C3s:n.a.,jointly compatible,"Coder A only; no second coder checked these features. One feature set meets every matched condition: distinct features, all dated in the window, no dispute.",,,,5,C2: A f5; C3s: A f13,,,,
S3961,,True,True,C2_tomb_shafts,with,C2+C3s,A only,C2:n.a. C3s:n.a.,jointly compatible,"Coder A only; no second coder checked these features. One feature set meets every matched condition: distinct features, all dated in the window, no dispute.",,,,5,C2: A f5; C3s: A f13,,,,
S3961,,True,True,C2_tomb_shafts,without,C2+C3s,A only,C2:n.a. C3s:n.a.,jointly compatible,"Coder A only; no second coder checked these features. One feature set meets every matched condition: distinct features, all dated in the window, no dispute.",,,,5,C2: A f5; C3s: A f13,,,,
S3961,,True,True,dated_only,with,C2+C3s,A only,C2:n.a. C3s:n.a.,jointly compatible,"Coder A only; no second coder checked these features. One feature set meets every matched condition: distinct features, all dated in the window, no dispute.",,,,3,C2: A f5; C3s: A f13,,,,
S3961,,True,True,dated_only,without,C2+C3s,A only,C2:n.a. C3s:n.a.,jointly compatible,"Coder A only; no second coder checked these features. One feature set meets every matched condition: distinct features, all dated in the window, no dispute.",,,,3,C2: A f5; C3s: A f13,,,,
S843,Kh. edh-Dhra',False,False,primary,with,C2+C3s,A only,C2:n.a. C3s:n.a.,conditionally compatible,Coder A only; no second coder checked these features. A f1: undated: must exist in 50 BCE-135 CE (component of a site row; not dated by the source) | A f2: undated: must exist in 50 BCE-135 CE (component of a site row; not dated by the source),,,,1,C2: A f1; C3s: A f2,A f1: undated: must exist in 50 BCE-135 CE (component of a site row; not dated by the source) | A f2: undated: must exist in 50 BCE-135 CE (component of a site row; not dated by the source),,,
S843,Kh. edh-Dhra',False,False,primary,without,C2+C3s,A only,C2:n.a. C3s:n.a.,conditionally compatible,Coder A only; no second coder checked these features. A f1: undated: must exist in 50 BCE-135 CE (component of a site row; not dated by the source) | A f2: undated: must exist in 50 BCE-135 CE (component of a site row; not dated by the source),,,,1,C2: A f1; C3s: A f2,A f1: undated: must exist in 50 BCE-135 CE (component of a site row; not dated by the source) | A f2: undated: must exist in 50 BCE-135 CE (component of a site row; not dated by the source),,,
S843,Kh. edh-Dhra',False,False,C1_0.5km,with,C2+C3s,A only,C2:n.a. C3s:n.a.,conditionally compatible,Coder A only; no second coder checked these features. A f1: undated: must exist in 50 BCE-135 CE (component of a site row; not dated by the source) | A f2: undated: must exist in 50 BCE-135 CE (component of a site row; not dated by the source),,,,1,C2: A f1; C3s: A f2,A f1: undated: must exist in 50 BCE-135 CE (component of a site row; not dated by the source) | A f2: undated: must exist in 50 BCE-135 CE (component of a site row; not dated by the source),,,
S843,Kh. edh-Dhra',False,False,C1_0.5km,without,C2+C3s,A only,C2:n.a. C3s:n.a.,conditionally compatible,Coder A only; no second coder checked these features. A f1: undated: must exist in 50 BCE-135 CE (component of a site row; not dated by the source) | A f2: undated: must exist in 50 BCE-135 CE (component of a site row; not dated by the source),,,,1,C2: A f1; C3s: A f2,A f1: undated: must exist in 50 BCE-135 CE (component of a site row; not dated by the source) | A f2: undated: must exist in 50 BCE-135 CE (component of a site row; not dated by the source),,,
S843,Kh. edh-Dhra',False,False,C1_2km,with,C2+C3s,A only,C2:n.a. C3s:n.a.,conditionally compatible,Coder A only; no second coder checked these features. A f1: undated: must exist in 50 BCE-135 CE (component of a site row; not dated by the source) | A f2: undated: must exist in 50 BCE-135 CE (component of a site row; not dated by the source),,,,1,C2: A f1; C3s: A f2,A f1: undated: must exist in 50 BCE-135 CE (component of a site row; not dated by the source) | A f2: undated: must exist in 50 BCE-135 CE (component of a site row; not dated by the source),,,
S843,Kh. edh-Dhra',False,False,C1_2km,without,C2+C3s,A only,C2:n.a. C3s:n.a.,conditionally compatible,Coder A only; no second coder checked these features. A f1: undated: must exist in 50 BCE-135 CE (component of a site row; not dated by the source) | A f2: undated: must exist in 50 BCE-135 CE (component of a site row; not dated by the source),,,,1,C2: A f1; C3s: A f2,A f1: undated: must exist in 50 BCE-135 CE (component of a site row; not dated by the source) | A f2: undated: must exist in 50 BCE-135 CE (component of a site row; not dated by the source),,,
S843,Kh. edh-Dhra',False,False,C2_tomb_shafts,with,C2+C3s,A only,C2:n.a. C3s:n.a.,conditionally compatible,Coder A only; no second coder checked these features. A f1: undated: must exist in 50 BCE-135 CE (component of a site row; not dated by the source) | A f2: undated: must exist in 50 BCE-135 CE (component of a site row; not dated by the source),,,,1,C2: A f1; C3s: A f2,A f1: undated: must exist in 50 BCE-135 CE (component of a site row; not dated by the source) | A f2: undated: must exist in 50 BCE-135 CE (component of a site row; not dated by the source),,,
S843,Kh. edh-Dhra',False,False,C2_tomb_shafts,without,C2+C3s,A only,C2:n.a. C3s:n.a.,conditionally compatible,Coder A only; no second coder checked these features. A f1: undated: must exist in 50 BCE-135 CE (component of a site row; not dated by the source) | A f2: undated: must exist in 50 BCE-135 CE (component of a site row; not dated by the source),,,,1,C2: A f1; C3s: A f2,A f1: undated: must exist in 50 BCE-135 CE (component of a site row; not dated by the source) | A f2: undated: must exist in 50 BCE-135 CE (component of a site row; not dated by the source),,,
S2096,,False,True,primary,with,C2+C3s,A+B,C2:yes C3s:yes,conditionally compatible,A f1 = B f1: undated: must exist in 50 BCE-135 CE (both coders) | A f5 = B f5: undated: must exist in 50 BCE-135 CE (both coders),3,C2: A f1 = B f1; C3s: A f5 = B f5,A f1 = B f1: undated: must exist in 50 BCE-135 CE (both coders) | A f5 = B f5: undated: must exist in 50 BCE-135 CE (both coders),3,C2: A f1; C3s: A f5,A f1: undated: must exist in 50 BCE-135 CE (component of row S2041; not dated by the source) | A f5: undated: must exist in 50 BCE-135 CE (component of row S2033; not dated by the source),3,C2: B f1; C3s: B f5,B f1: undated: must exist in 50 BCE-135 CE (component of a site row; not dated by the source) | B f5: undated: must exist in 50 BCE-135 CE (component of a site row; not dated by the source)
S2096,,False,True,primary,without,C2+C3s,A+B,C2:yes C3s:yes,conditionally compatible,A f1 = B f1: undated: must exist in 50 BCE-135 CE (both coders) | A f5 = B f5: undated: must exist in 50 BCE-135 CE (both coders),3,C2: A f1 = B f1; C3s: A f5 = B f5,A f1 = B f1: undated: must exist in 50 BCE-135 CE (both coders) | A f5 = B f5: undated: must exist in 50 BCE-135 CE (both coders),3,C2: A f1; C3s: A f5,A f1: undated: must exist in 50 BCE-135 CE (component of row S2041; not dated by the source) | A f5: undated: must exist in 50 BCE-135 CE (component of row S2033; not dated by the source),3,C2: B f1; C3s: B f5,B f1: undated: must exist in 50 BCE-135 CE (component of a site row; not dated by the source) | B f5: undated: must exist in 50 BCE-135 CE (component of a site row; not dated by the source)
S2096,,False,True,C1_0.5km,with,C2+C3s,A+B,C2:yes C3s:yes,conditionally compatible,A f1 = B f1: undated: must exist in 50 BCE-135 CE (both coders) | A f5 = B f5: undated: must exist in 50 BCE-135 CE (both coders),3,C2: A f1 = B f1; C3s: A f5 = B f5,A f1 = B f1: undated: must exist in 50 BCE-135 CE (both coders) | A f5 = B f5: undated: must exist in 50 BCE-135 CE (both coders),3,C2: A f1; C3s: A f5,A f1: undated: must exist in 50 BCE-135 CE (component of row S2041; not dated by the source) | A f5: undated: must exist in 50 BCE-135 CE (component of row S2033; not dated by the source),3,C2: B f1; C3s: B f5,B f1: undated: must exist in 50 BCE-135 CE (component of a site row; not dated by the source) | B f5: undated: must exist in 50 BCE-135 CE (component of a site row; not dated by the source)
S2096,,False,True,C1_0.5km,without,C2+C3s,A+B,C2:yes C3s:yes,conditionally compatible,A f1 = B f1: undated: must exist in 50 BCE-135 CE (both coders) | A f5 = B f5: undated: must exist in 50 BCE-135 CE (both coders),3,C2: A f1 = B f1; C3s: A f5 = B f5,A f1 = B f1: undated: must exist in 50 BCE-135 CE (both coders) | A f5 = B f5: undated: must exist in 50 BCE-135 CE (both coders),3,C2: A f1; C3s: A f5,A f1: undated: must exist in 50 BCE-135 CE (component of row S2041; not dated by the source) | A f5: undated: must exist in 50 BCE-135 CE (component of row S2033; not dated by the source),3,C2: B f1; C3s: B f5,B f1: undated: must exist in 50 BCE-135 CE (component of a site row; not dated by the source) | B f5: undated: must exist in 50 BCE-135 CE (component of a site row; not dated by the source)
S2096,,False,True,C1_2km,with,C2+C3s,A+B,C2:yes C3s:yes,conditionally compatible,A f1 = B f1: undated: must exist in 50 BCE-135 CE (both coders) | A f5 = B f5: undated: must exist in 50 BCE-135 CE (both coders),3,C2: A f1 = B f1; C3s: A f5 = B f5,A f1 = B f1: undated: must exist in 50 BCE-135 CE (both coders) | A f5 = B f5: undated: must exist in 50 BCE-135 CE (both coders),3,C2: A f1; C3s: A f5,A f1: undated: must exist in 50 BCE-135 CE (component of row S2041; not dated by the source) | A f5: undated: must exist in 50 BCE-135 CE (component of row S2033; not dated by the source),3,C2: B f1; C3s: B f5,B f1: undated: must exist in 50 BCE-135 CE (component of a site row; not dated by the source) | B f5: undated: must exist in 50 BCE-135 CE (component of a site row; not dated by the source)
S2096,,False,True,C1_2km,without,C2+C3s,A+B,C2:yes C3s:yes,conditionally compatible,A f1 = B f1: undated: must exist in 50 BCE-135 CE (both coders) | A f5 = B f5: undated: must exist in 50 BCE-135 CE (both coders),3,C2: A f1 = B f1; C3s: A f5 = B f5,A f1 = B f1: undated: must exist in 50 BCE-135 CE (both coders) | A f5 = B f5: undated: must exist in 50 BCE-135 CE (both coders),3,C2: A f1; C3s: A f5,A f1: undated: must exist in 50 BCE-135 CE (component of row S2041; not dated by the source) | A f5: undated: must exist in 50 BCE-135 CE (component of row S2033; not dated by the source),3,C2: B f1; C3s: B f5,B f1: undated: must exist in 50 BCE-135 CE (component of a site row; not dated by the source) | B f5: undated: must exist in 50 BCE-135 CE (component of a site row; not dated by the source)
S2096,,False,True,C2_tomb_shafts,with,C2+C3s,A+B,C2:yes C3s:yes,conditionally compatible,A f1 = B f1: undated: must exist in 50 BCE-135 CE (both coders) | A f5 = B f5: undated: must exist in 50 BCE-135 CE (both coders),3,C2: A f1 = B f1; C3s: A f5 = B f5,A f1 = B f1: undated: must exist in 50 BCE-135 CE (both coders) | A f5 = B f5: undated: must exist in 50 BCE-135 CE (both coders),3,C2: A f1; C3s: A f5,A f1: undated: must exist in 50 BCE-135 CE (component of row S2041; not dated by the source) | A f5: undated: must exist in 50 BCE-135 CE (component of row S2033; not dated by the source),3,C2: B f1; C3s: B f5,B f1: undated: must exist in 50 BCE-135 CE (component of a site row; not dated by the source) | B f5: undated: must exist in 50 BCE-135 CE (component of a site row; not dated by the source)
S2096,,False,True,C2_tomb_shafts,without,C2+C3s,A+B,C2:yes C3s:yes,conditionally compatible,A f1 = B f1: undated: must exist in 50 BCE-135 CE (both coders) | A f5 = B f5: undated: must exist in 50 BCE-135 CE (both coders),3,C2: A f1 = B f1; C3s: A f5 = B f5,A f1 = B f1: undated: must exist in 50 BCE-135 CE (both coders) | A f5 = B f5: undated: must exist in 50 BCE-135 CE (both coders),3,C2: A f1; C3s: A f5,A f1: undated: must exist in 50 BCE-135 CE (component of row S2041; not dated by the source) | A f5: undated: must exist in 50 BCE-135 CE (component of row S2033; not dated by the source),3,C2: B f1; C3s: B f5,B f1: undated: must exist in 50 BCE-135 CE (component of a site row; not dated by the source) | B f5: undated: must exist in 50 BCE-135 CE (component of a site row; not dated by the source)
S2594,,False,True,primary,with,C2+C3s,A+B,C2:yes C3s:yes,conditionally compatible,A f2 = B f2: undated: must exist in 50 BCE-135 CE (both coders) | A f4 = B f5: undated: must exist in 50 BCE-135 CE (both coders),1,C2: A f4 = B f5; C3s: A f2 = B f2,A f2 = B f2: undated: must exist in 50 BCE-135 CE (both coders) | A f4 = B f5: undated: must exist in 50 BCE-135 CE (both coders),1,C2: A f4; C3s: A f2,A f2: undated: must exist in 50 BCE-135 CE (component of a site row; the source does not date the component itself) | A f4: undated: must exist in 50 BCE-135 CE (component of a site row; the source does not date the component itself),1,C2: B f5; C3s: B f2,B f2: undated: must exist in 50 BCE-135 CE (component of a site row; not dated by the source) | B f5: undated: must exist in 50 BCE-135 CE (component of a site row; not dated by the source)
S2594,,False,True,primary,without,C2+C3s,A+B,C2:yes C3s:yes,conditionally compatible,A f2 = B f2: undated: must exist in 50 BCE-135 CE (both coders) | A f4 = B f5: undated: must exist in 50 BCE-135 CE (both coders),1,C2: A f4 = B f5; C3s: A f2 = B f2,A f2 = B f2: undated: must exist in 50 BCE-135 CE (both coders) | A f4 = B f5: undated: must exist in 50 BCE-135 CE (both coders),1,C2: A f4; C3s: A f2,A f2: undated: must exist in 50 BCE-135 CE (component of a site row; the source does not date the component itself) | A f4: undated: must exist in 50 BCE-135 CE (component of a site row; the source does not date the component itself),1,C2: B f5; C3s: B f2,B f2: undated: must exist in 50 BCE-135 CE (component of a site row; not dated by the source) | B f5: undated: must exist in 50 BCE-135 CE (component of a site row; not dated by the source)
S2594,,False,True,C1_0.5km,with,C2+C3s,A+B,C2:yes C3s:yes,conditionally compatible,A f2 = B f2: undated: must exist in 50 BCE-135 CE (both coders) | A f4 = B f5: undated: must exist in 50 BCE-135 CE (both coders),1,C2: A f4 = B f5; C3s: A f2 = B f2,A f2 = B f2: undated: must exist in 50 BCE-135 CE (both coders) | A f4 = B f5: undated: must exist in 50 BCE-135 CE (both coders),1,C2: A f4; C3s: A f2,A f2: undated: must exist in 50 BCE-135 CE (component of a site row; the source does not date the component itself) | A f4: undated: must exist in 50 BCE-135 CE (component of a site row; the source does not date the component itself),1,C2: B f5; C3s: B f2,B f2: undated: must exist in 50 BCE-135 CE (component of a site row; not dated by the source) | B f5: undated: must exist in 50 BCE-135 CE (component of a site row; not dated by the source)
S2594,,False,True,C1_0.5km,without,C2+C3s,A+B,C2:yes C3s:yes,conditionally compatible,A f2 = B f2: undated: must exist in 50 BCE-135 CE (both coders) | A f4 = B f5: undated: must exist in 50 BCE-135 CE (both coders),1,C2: A f4 = B f5; C3s: A f2 = B f2,A f2 = B f2: undated: must exist in 50 BCE-135 CE (both coders) | A f4 = B f5: undated: must exist in 50 BCE-135 CE (both coders),1,C2: A f4; C3s: A f2,A f2: undated: must exist in 50 BCE-135 CE (component of a site row; the source does not date the component itself) | A f4: undated: must exist in 50 BCE-135 CE (component of a site row; the source does not date the component itself),1,C2: B f5; C3s: B f2,B f2: undated: must exist in 50 BCE-135 CE (component of a site row; not dated by the source) | B f5: undated: must exist in 50 BCE-135 CE (component of a site row; not dated by the source)
S2594,,False,True,C1_2km,with,C1+C2+C3s,A+B,C1:yes C2:yes C3s:yes,conditionally compatible,A f18 = B f16: undated: must exist in 50 BCE-135 CE (both coders) | A f2 = B f2: undated: must exist in 50 BCE-135 CE (both coders) | A f4 = B f5: undated: must exist in 50 BCE-135 CE (both coders),1,C1: A f18 = B f16; C2: A f4 = B f5; C3s: A f2 = B f2,A f18 = B f16: undated: must exist in 50 BCE-135 CE (both coders) | A f2 = B f2: undated: must exist in 50 BCE-135 CE (both coders) | A f4 = B f5: undated: must exist in 50 BCE-135 CE (both coders),1,C1: A f18; C2: A f4; C3s: A f2,A f18: undated: must exist in 50 BCE-135 CE (component of a site row; the source does not date the component itself) | A f2: undated: must exist in 50 BCE-135 CE (component of a site row; the source does not date the component itself) | A f4: undated: must exist in 50 BCE-135 CE (component of a site row; the source does not date the component itself),1,C1: B f16; C2: B f5; C3s: B f2,B f16: undated: must exist in 50 BCE-135 CE (component of a site row; not dated by the source) | B f2: undated: must exist in 50 BCE-135 CE (component of a site row; not dated by the source) | B f5: undated: must exist in 50 BCE-135 CE (component of a site row; not dated by the source)
S2594,,False,True,C1_2km,without,C1+C2+C3s,A+B,C1:yes C2:yes C3s:yes,conditionally compatible,A f18 = B f16: undated: must exist in 50 BCE-135 CE (both coders) | A f2 = B f2: undated: must exist in 50 BCE-135 CE (both coders) | A f4 = B f5: undated: must exist in 50 BCE-135 CE (both coders),1,C1: A f18 = B f16; C2: A f4 = B f5; C3s: A f2 = B f2,A f18 = B f16: undated: must exist in 50 BCE-135 CE (both coders) | A f2 = B f2: undated: must exist in 50 BCE-135 CE (both coders) | A f4 = B f5: undated: must exist in 50 BCE-135 CE (both coders),1,C1: A f18; C2: A f4; C3s: A f2,A f18: undated: must exist in 50 BCE-135 CE (component of a site row; the source does not date the component itself) | A f2: undated: must exist in 50 BCE-135 CE (component of a site row; the source does not date the component itself) | A f4: undated: must exist in 50 BCE-135 CE (component of a site row; the source does not date the component itself),1,C1: B f16; C2: B f5; C3s: B f2,B f16: undated: must exist in 50 BCE-135 CE (component of a site row; not dated by the source) | B f2: undated: must exist in 50 BCE-135 CE (component of a site row; not dated by the source) | B f5: undated: must exist in 50 BCE-135 CE (component of a site row; not dated by the source)
S2594,,False,True,C2_tomb_shafts,with,C2+C3s,A+B,C2:yes C3s:yes,conditionally compatible,A f2 = B f2: undated: must exist in 50 BCE-135 CE (both coders) | A f4 = B f5: undated: must exist in 50 BCE-135 CE (both coders),2,C2: A f4 = B f5; C3s: A f2 = B f2,A f2 = B f2: undated: must exist in 50 BCE-135 CE (both coders) | A f4 = B f5: undated: must exist in 50 BCE-135 CE (both coders),2,C2: A f4; C3s: A f2,A f2: undated: must exist in 50 BCE-135 CE (component of a site row; the source does not date the component itself) | A f4: undated: must exist in 50 BCE-135 CE (component of a site row; the source does not date the component itself),2,C2: B f5; C3s: B f2,B f2: undated: must exist in 50 BCE-135 CE (component of a site row; not dated by the source) | B f5: undated: must exist in 50 BCE-135 CE (component of a site row; not dated by the source)
S2594,,False,True,C2_tomb_shafts,without,C2+C3s,A+B,C2:yes C3s:yes,conditionally compatible,A f2 = B f2: undated: must exist in 50 BCE-135 CE (both coders) | A f4 = B f5: undated: must exist in 50 BCE-135 CE (both coders),2,C2: A f4 = B f5; C3s: A f2 = B f2,A f2 = B f2: undated: must exist in 50 BCE-135 CE (both coders) | A f4 = B f5: undated: must exist in 50 BCE-135 CE (both coders),2,C2: A f4; C3s: A f2,A f2: undated: must exist in 50 BCE-135 CE (component of a site row; the source does not date the component itself) | A f4: undated: must exist in 50 BCE-135 CE (component of a site row; the source does not date the component itself),2,C2: B f5; C3s: B f2,B f2: undated: must exist in 50 BCE-135 CE (component of a site row; not dated by the source) | B f5: undated: must exist in 50 BCE-135 CE (component of a site row; not dated by the source)
S3072,,False,True,primary,with,C2+C3s,A+B,C2:yes C3s:yes,conditionally compatible,A f11 = B f18: undated: must exist in 50 BCE-135 CE (both coders) | A f12 = B f20: undated: must exist in 50 BCE-135 CE (both coders),4,C2: A f11 = B f18; C3s: A f12 = B f20,A f11 = B f18: undated: must exist in 50 BCE-135 CE (both coders) | A f12 = B f20: undated: must exist in 50 BCE-135 CE (both coders),4,C2: A f11; C3s: A f12,A f11: undated: must exist in 50 BCE-135 CE (component of a site row; not dated by the source) | A f12: undated: must exist in 50 BCE-135 CE (component of a site row; not dated by the source),4,C2: B f10; C3s: B f12,B f10: undated: must exist in 50 BCE-135 CE (component of a site row; not dated by the source) | B f12: undated: must exist in 50 BCE-135 CE (component of a site row; not dated by the source)
S3072,,False,True,primary,without,C2+C3s,A+B,C2:yes C3s:yes,conditionally compatible,A f11 = B f18: undated: must exist in 50 BCE-135 CE (both coders) | A f12 = B f20: undated: must exist in 50 BCE-135 CE (both coders),4,C2: A f11 = B f18; C3s: A f12 = B f20,A f11 = B f18: undated: must exist in 50 BCE-135 CE (both coders) | A f12 = B f20: undated: must exist in 50 BCE-135 CE (both coders),4,C2: A f11; C3s: A f12,A f11: undated: must exist in 50 BCE-135 CE (component of a site row; not dated by the source) | A f12: undated: must exist in 50 BCE-135 CE (component of a site row; not dated by the source),4,C2: B f10; C3s: B f12,B f10: undated: must exist in 50 BCE-135 CE (component of a site row; not dated by the source) | B f12: undated: must exist in 50 BCE-135 CE (component of a site row; not dated by the source)
S3072,,False,True,C1_0.5km,with,C2+C3s,A+B,C2:yes C3s:yes,conditionally compatible,A f11 = B f18: undated: must exist in 50 BCE-135 CE (both coders) | A f12 = B f20: undated: must exist in 50 BCE-135 CE (both coders),4,C2: A f11 = B f18; C3s: A f12 = B f20,A f11 = B f18: undated: must exist in 50 BCE-135 CE (both coders) | A f12 = B f20: undated: must exist in 50 BCE-135 CE (both coders),4,C2: A f11; C3s: A f12,A f11: undated: must exist in 50 BCE-135 CE (component of a site row; not dated by the source) | A f12: undated: must exist in 50 BCE-135 CE (component of a site row; not dated by the source),4,C2: B f10; C3s: B f12,B f10: undated: must exist in 50 BCE-135 CE (component of a site row; not dated by the source) | B f12: undated: must exist in 50 BCE-135 CE (component of a site row; not dated by the source)
S3072,,False,True,C1_0.5km,without,C2+C3s,A+B,C2:yes C3s:yes,conditionally compatible,A f11 = B f18: undated: must exist in 50 BCE-135 CE (both coders) | A f12 = B f20: undated: must exist in 50 BCE-135 CE (both coders),4,C2: A f11 = B f18; C3s: A f12 = B f20,A f11 = B f18: undated: must exist in 50 BCE-135 CE (both coders) | A f12 = B f20: undated: must exist in 50 BCE-135 CE (both coders),4,C2: A f11; C3s: A f12,A f11: undated: must exist in 50 BCE-135 CE (component of a site row; not dated by the source) | A f12: undated: must exist in 50 BCE-135 CE (component of a site row; not dated by the source),4,C2: B f10; C3s: B f12,B f10: undated: must exist in 50 BCE-135 CE (component of a site row; not dated by the source) | B f12: undated: must exist in 50 BCE-135 CE (component of a site row; not dated by the source)
S3072,,False,True,C1_2km,with,C1+C2+C3s,A+B,C1:yes C2:yes C3s:yes,conditionally compatible,A f11 = B f18: undated: must exist in 50 BCE-135 CE (both coders) | A f12 = B f20: undated: must exist in 50 BCE-135 CE (both coders) | A f45 = B f71: undated: must exist in 50 BCE-135 CE (both coders),4,C1: A f45 = B f71; C2: A f11 = B f18; C3s: A f12 = B f20,A f11 = B f18: undated: must exist in 50 BCE-135 CE (both coders) | A f12 = B f20: undated: must exist in 50 BCE-135 CE (both coders) | A f45 = B f71: undated: must exist in 50 BCE-135 CE (both coders),4,C1: A f45; C2: A f11; C3s: A f12,A f11: undated: must exist in 50 BCE-135 CE (component of a site row; not dated by the source) | A f12: undated: must exist in 50 BCE-135 CE (component of a site row; not dated by the source) | A f45: undated: must exist in 50 BCE-135 CE (component of a site row; not dated by the source),4,C1: B f71; C2: B f10; C3s: B f12,B f10: undated: must exist in 50 BCE-135 CE (component of a site row; not dated by the source) | B f12: undated: must exist in 50 BCE-135 CE (component of a site row; not dated by the source) | B f71: undated: must exist in 50 BCE-135 CE (component of a site row; not dated by the source)
S3072,,False,True,C1_2km,without,C1+C2+C3s,A+B,C1:yes C2:yes C3s:yes,conditionally compatible,A f11 = B f18: undated: must exist in 50 BCE-135 CE (both coders) | A f12 = B f20: undated: must exist in 50 BCE-135 CE (both coders) | A f45 = B f71: undated: must exist in 50 BCE-135 CE (both coders),4,C1: A f45 = B f71; C2: A f11 = B f18; C3s: A f12 = B f20,A f11 = B f18: undated: must exist in 50 BCE-135 CE (both coders) | A f12 = B f20: undated: must exist in 50 BCE-135 CE (both coders) | A f45 = B f71: undated: must exist in 50 BCE-135 CE (both coders),4,C1: A f45; C2: A f11; C3s: A f12,A f11: undated: must exist in 50 BCE-135 CE (component of a site row; not dated by the source) | A f12: undated: must exist in 50 BCE-135 CE (component of a site row; not dated by the source) | A f45: undated: must exist in 50 BCE-135 CE (component of a site row; not dated by the source),4,C1: B f71; C2: B f10; C3s: B f12,B f10: undated: must exist in 50 BCE-135 CE (component of a site row; not dated by the source) | B f12: undated: must exist in 50 BCE-135 CE (component of a site row; not dated by the source) | B f71: undated: must exist in 50 BCE-135 CE (component of a site row; not dated by the source)
S3072,,False,True,C2_tomb_shafts,with,C2+C3s,A+B,C2:yes C3s:yes,conditionally compatible,A f11 = B f18: undated: must exist in 50 BCE-135 CE (both coders) | A f12 = B f20: undated: must exist in 50 BCE-135 CE (both coders),7,C2: A f11 = B f18; C3s: A f12 = B f20,A f11 = B f18: undated: must exist in 50 BCE-135 CE (both coders) | A f12 = B f20: undated: must exist in 50 BCE-135 CE (both coders),7,C2: A f11; C3s: A f12,A f11: undated: must exist in 50 BCE-135 CE (component of a site row; not dated by the source) | A f12: undated: must exist in 50 BCE-135 CE (component of a site row; not dated by the source),7,C2: B f10; C3s: B f12,B f10: undated: must exist in 50 BCE-135 CE (component of a site row; not dated by the source) | B f12: undated: must exist in 50 BCE-135 CE (component of a site row; not dated by the source)
S3072,,False,True,C2_tomb_shafts,without,C2+C3s,A+B,C2:yes C3s:yes,conditionally compatible,A f11 = B f18: undated: must exist in 50 BCE-135 CE (both coders) | A f12 = B f20: undated: must exist in 50 BCE-135 CE (both coders),7,C2: A f11 = B f18; C3s: A f12 = B f20,A f11 = B f18: undated: must exist in 50 BCE-135 CE (both coders) | A f12 = B f20: undated: must exist in 50 BCE-135 CE (both coders),7,C2: A f11; C3s: A f12,A f11: undated: must exist in 50 BCE-135 CE (component of a site row; not dated by the source) | A f12: undated: must exist in 50 BCE-135 CE (component of a site row; not dated by the source),7,C2: B f10; C3s: B f12,B f10: undated: must exist in 50 BCE-135 CE (component of a site row; not dated by the source) | B f12: undated: must exist in 50 BCE-135 CE (component of a site row; not dated by the source)
E96,Balata - Ancient Shechem,True,False,C2_tomb_shafts,with,C2+C3s,A only,C2:n.a. C3s:n.a.,not shown compatible,Coder A only; no second coder checked these features. A: the only qualifying features would use one physical feature twice,,,,0,,none: the only qualifying features would use one physical feature twice,,,
E96,Balata - Ancient Shechem,True,False,C2_tomb_shafts,without,C2+C3s,A only,C2:n.a. C3s:n.a.,not shown compatible,Coder A only; no second coder checked these features. A: the only qualifying features would use one physical feature twice,,,,0,,none: the only qualifying features would use one physical feature twice,,,
S1029,Kh. Tana et-Tahta,True,False,C2_tomb_shafts,with,C2+C3s,A only,C2:n.a. C3s:n.a.,not shown compatible,Coder A only; no second coder checked these features. A: the only qualifying features would use one physical feature twice,,,,0,,none: the only qualifying features would use one physical feature twice,,,
S1029,Kh. Tana et-Tahta,True,False,C2_tomb_shafts,without,C2+C3s,A only,C2:n.a. C3s:n.a.,not shown compatible,Coder A only; no second coder checked these features. A: the only qualifying features would use one physical feature twice,,,,0,,none: the only qualifying features would use one physical feature twice,,,
S1492,Tell Shiloh,True,False,C1_2km,with,C1+C2,A+B,C1:yes C2:yes,conditionally compatible,A f6 = B f6: undated: must exist in 50 BCE-135 CE (both coders) | A s4_s4f3 = B f19: B only: dated only before the window: must survive into it (Iron Age I silo),2,C1: A f6 = B f6; C2: A s4_s4f3 = B f19,A f6 = B f6: undated: must exist in 50 BCE-135 CE (both coders) | A s4_s4f3 = B f19: B only: dated only before the window: must survive into it (Iron Age I silo),2,C1: A f6; C2: A s4_s4f3,A f6: undated: must exist in 50 BCE-135 CE (component of row S1459; not dated itself),2,C1: B f6; C2: B f19,B f19: dated only before the window: must survive into it (Iron Age I silo) | B f6: undated: must exist in 50 BCE-135 CE (component of row S1459; not dated itself)
S1492,Tell Shiloh,True,False,C1_2km,without,C1+C2,A+B,C1:yes C2:yes,conditionally compatible,A f6 = B f6: undated: must exist in 50 BCE-135 CE (both coders) | A s4_s4f3 = B f19: B only: dated only before the window: must survive into it (Iron Age I silo),2,C1: A f6 = B f6; C2: A s4_s4f3 = B f19,A f6 = B f6: undated: must exist in 50 BCE-135 CE (both coders) | A s4_s4f3 = B f19: B only: dated only before the window: must survive into it (Iron Age I silo),2,C1: A f6; C2: A s4_s4f3,A f6: undated: must exist in 50 BCE-135 CE (component of row S1459; not dated itself),2,C1: B f6; C2: B f19,B f19: dated only before the window: must survive into it (Iron Age I silo) | B f6: undated: must exist in 50 BCE-135 CE (component of row S1459; not dated itself)
S1525,Kh. er-Rafid,True,False,C2_tomb_shafts,with,C2+C3s,A only,C2:n.a. C3s:n.a.,conditionally compatible,Coder A only; no second coder checked these features. A f1: undated: must exist in 50 BCE-135 CE (not dated by the source) | A f1 is one record of several features: one must serve as the pit and another as the graves,,,,1,C2: A f1; C3s: A f1,A f1: undated: must exist in 50 BCE-135 CE (not dated by the source) | A f1 is one record of several features: one must serve as the pit and another as the graves,,,
S1525,Kh. er-Rafid,True,False,C2_tomb_shafts,without,C2+C3s,A only,C2:n.a. C3s:n.a.,conditionally compatible,Coder A only; no second coder checked these features. A f1: undated: must exist in 50 BCE-135 CE (not dated by the source) | A f1 is one record of several features: one must serve as the pit and another as the graves,,,,1,C2: A f1; C3s: A f1,A f1: undated: must exist in 50 BCE-135 CE (not dated by the source) | A f1 is one record of several features: one must serve as the pit and another as the graves,,,
S1658,Kh. Marjame,True,False,C2_tomb_shafts,with,C2+C3s,A only,C2:n.a. C3s:n.a.,conditionally compatible,"Coder A only; no second coder checked these features. A f6: dated only before the window: must survive into it (row S1647 is the tomb field; records IB, MB) | A f8: undated: must exist in 50 BCE-135 CE (cemetery itself not dated (IB dates the site above it))",,,,2,C2: A f6; C3s: A f8,"A f6: dated only before the window: must survive into it (row S1647 is the tomb field; records IB, MB) | A f8: undated: must exist in 50 BCE-135 CE (cemetery itself not dated (IB dates the site above it))",,,
S1658,Kh. Marjame,True,False,C2_tomb_shafts,without,C2+C3s,A only,C2:n.a. C3s:n.a.,conditionally compatible,"Coder A only; no second coder checked these features. A f6: dated only before the window: must survive into it (row S1647 is the tomb field; records IB, MB) | A f8: undated: must exist in 50 BCE-135 CE (cemetery itself not dated (IB dates the site above it))",,,,2,C2: A f6; C3s: A f8,"A f6: dated only before the window: must survive into it (row S1647 is the tomb field; records IB, MB) | A f8: undated: must exist in 50 BCE-135 CE (cemetery itself not dated (IB dates the site above it))",,,
S2037,,False,True,C2_tomb_shafts,with,C2+C3s,A only,C2:n.a. C3s:n.a.,conditionally compatible,Coder A only; no second coder checked these features. A f8: dated only before the window: must survive into it (row S1967 is the tombs themselves and records MB) | A f8 is one record of several features: one must serve as the pit and another as the graves,,,,1,C2: A f8; C3s: A f8,A f8: dated only before the window: must survive into it (row S1967 is the tombs themselves and records MB) | A f8 is one record of several features: one must serve as the pit and another as the graves,,,
S2037,,False,True,C2_tomb_shafts,without,C2+C3s,A only,C2:n.a. C3s:n.a.,conditionally compatible,Coder A only; no second coder checked these features. A f8: dated only before the window: must survive into it (row S1967 is the tombs themselves and records MB) | A f8 is one record of several features: one must serve as the pit and another as the graves,,,,1,C2: A f8; C3s: A f8,A f8: dated only before the window: must survive into it (row S1967 is the tombs themselves and records MB) | A f8 is one record of several features: one must serve as the pit and another as the graves,,,
S2488,Kh. Marjama,True,True,C1_2km,with,C1+C3s,A only,C1:n.a. C3s:n.a.,conditionally compatible,Coder A only; no second coder checked these features. A f15: undated: must exist in 50 BCE-135 CE (component of a site row; not dated by the source) | A f6: dated only before the window: must survive into it (row S2436 is the cemetery; records IB),,,,1,C1: A f15; C3s: A f6,A f15: undated: must exist in 50 BCE-135 CE (component of a site row; not dated by the source) | A f6: dated only before the window: must survive into it (row S2436 is the cemetery; records IB),,,
S2488,Kh. Marjama,True,True,C1_2km,without,C1+C3s,A only,C1:n.a. C3s:n.a.,conditionally compatible,Coder A only; no second coder checked these features. A f15: undated: must exist in 50 BCE-135 CE (component of a site row; not dated by the source) | A f6: dated only before the window: must survive into it (row S2436 is the cemetery; records IB),,,,1,C1: A f15; C3s: A f6,A f15: undated: must exist in 50 BCE-135 CE (component of a site row; not dated by the source) | A f6: dated only before the window: must survive into it (row S2436 is the cemetery; records IB),,,
S2488,Kh. Marjama,True,True,C2_tomb_shafts,with,C2+C3s,A only,C2:n.a. C3s:n.a.,conditionally compatible,Coder A only; no second coder checked these features. A f6: dated only before the window: must survive into it (row S2436 is the cemetery; records IB) | A f6 is one record of several features: one must serve as the pit and another as the graves,,,,1,C2: A f6; C3s: A f6,A f6: dated only before the window: must survive into it (row S2436 is the cemetery; records IB) | A f6 is one record of several features: one must serve as the pit and another as the graves,,,
S2488,Kh. Marjama,True,True,C2_tomb_shafts,without,C2+C3s,A only,C2:n.a. C3s:n.a.,conditionally compatible,Coder A only; no second coder checked these features. A f6: dated only before the window: must survive into it (row S2436 is the cemetery; records IB) | A f6 is one record of several features: one must serve as the pit and another as the graves,,,,1,C2: A f6; C3s: A f6,A f6: dated only before the window: must survive into it (row S2436 is the cemetery; records IB) | A f6 is one record of several features: one must serve as the pit and another as the graves,,,
S2490,el-'Aleiliyat,True,True,C1_2km,with,C1+C3s,A only,C1:n.a. C3s:n.a.,conditionally compatible,Coder A only; no second coder checked these features. A f20: undated: must exist in 50 BCE-135 CE (component of a site row; not dated by the source) | A f9: dated only before the window: must survive into it (row S2436 is the cemetery; records IB),,,,1,C1: A f20; C3s: A f9,A f20: undated: must exist in 50 BCE-135 CE (component of a site row; not dated by the source) | A f9: dated only before the window: must survive into it (row S2436 is the cemetery; records IB),,,
S2490,el-'Aleiliyat,True,True,C1_2km,without,C1+C3s,A only,C1:n.a. C3s:n.a.,conditionally compatible,Coder A only; no second coder checked these features. A f20: undated: must exist in 50 BCE-135 CE (component of a site row; not dated by the source) | A f9: dated only before the window: must survive into it (row S2436 is the cemetery; records IB),,,,1,C1: A f20; C3s: A f9,A f20: undated: must exist in 50 BCE-135 CE (component of a site row; not dated by the source) | A f9: dated only before the window: must survive into it (row S2436 is the cemetery; records IB),,,
S2490,el-'Aleiliyat,True,True,C2_tomb_shafts,with,C2+C3s,A only,C2:n.a. C3s:n.a.,conditionally compatible,Coder A only; no second coder checked these features. A f9: dated only before the window: must survive into it (row S2436 is the cemetery; records IB) | A f9 is one record of several features: one must serve as the pit and another as the graves,,,,1,C2: A f9; C3s: A f9,A f9: dated only before the window: must survive into it (row S2436 is the cemetery; records IB) | A f9 is one record of several features: one must serve as the pit and another as the graves,,,
S2490,el-'Aleiliyat,True,True,C2_tomb_shafts,without,C2+C3s,A only,C2:n.a. C3s:n.a.,conditionally compatible,Coder A only; no second coder checked these features. A f9: dated only before the window: must survive into it (row S2436 is the cemetery; records IB) | A f9 is one record of several features: one must serve as the pit and another as the graves,,,,1,C2: A f9; C3s: A f9,A f9: dated only before the window: must survive into it (row S2436 is the cemetery; records IB) | A f9 is one record of several features: one must serve as the pit and another as the graves,,,
S2565,Kh. et-Tinat,True,True,C1_2km,with,C1+C2,A+B,C1:yes C2:yes,conditionally compatible,A f15 = B f17: undated: must exist in 50 BCE-135 CE (both coders) | A f7 = B f7: undated: must exist in 50 BCE-135 CE (both coders),1,C1: A f15 = B f17; C2: A f7 = B f7,A f15 = B f17: undated: must exist in 50 BCE-135 CE (both coders) | A f7 = B f7: undated: must exist in 50 BCE-135 CE (both coders),1,C1: A f15; C2: A f7,A f15: undated: must exist in 50 BCE-135 CE (component of a site row; not dated by the source) | A f7: undated: must exist in 50 BCE-135 CE (component of a site row; not dated by the source),1,C1: B f17; C2: B f7,B f17: undated: must exist in 50 BCE-135 CE (component of a site row; not dated by the source) | B f7: undated: must exist in 50 BCE-135 CE (component of a site row; not dated by the source)
S2565,Kh. et-Tinat,True,True,C1_2km,without,C1+C2,A+B,C1:yes C2:yes,conditionally compatible,A f15 = B f17: undated: must exist in 50 BCE-135 CE (both coders) | A f7 = B f7: undated: must exist in 50 BCE-135 CE (both coders),1,C1: A f15 = B f17; C2: A f7 = B f7,A f15 = B f17: undated: must exist in 50 BCE-135 CE (both coders) | A f7 = B f7: undated: must exist in 50 BCE-135 CE (both coders),1,C1: A f15; C2: A f7,A f15: undated: must exist in 50 BCE-135 CE (component of a site row; not dated by the source) | A f7: undated: must exist in 50 BCE-135 CE (component of a site row; not dated by the source),1,C1: B f17; C2: B f7,B f17: undated: must exist in 50 BCE-135 CE (component of a site row; not dated by the source) | B f7: undated: must exist in 50 BCE-135 CE (component of a site row; not dated by the source)
S2626,Ras Shiḥ,False,True,C2_tomb_shafts,with,C2+C3s,A only,C2:n.a. C3s:n.a.,conditionally compatible,"Coder A only; no second coder checked these features. A f10: undated: must exist in 50 BCE-135 CE (component of site row; not dated by source) | A f4: dated only before the window: must survive into it (row S2587 is the tombs; records IB, MB)",,,,4,C2: A f10; C3s: A f4,"A f10: undated: must exist in 50 BCE-135 CE (component of site row; not dated by source) | A f4: dated only before the window: must survive into it (row S2587 is the tombs; records IB, MB)",,,
S2626,Ras Shiḥ,False,True,C2_tomb_shafts,without,C2+C3s,A only,C2:n.a. C3s:n.a.,conditionally compatible,"Coder A only; no second coder checked these features. A f10: undated: must exist in 50 BCE-135 CE (component of site row; not dated by source) | A f4: dated only before the window: must survive into it (row S2587 is the tombs; records IB, MB)",,,,4,C2: A f10; C3s: A f4,"A f10: undated: must exist in 50 BCE-135 CE (component of site row; not dated by source) | A f4: dated only before the window: must survive into it (row S2587 is the tombs; records IB, MB)",,,
S2631,Kh. el-Kharaba,True,True,C2_tomb_shafts,with,C2+C3s,A only,C2:n.a. C3s:n.a.,conditionally compatible,"Coder A only; no second coder checked these features. A f4: dated only before the window: must survive into it (row S2587 is the shaft tombs; records IB, MB) | A f4 is one record of several features: one must serve as the pit and another as the graves",,,,1,C2: A f4; C3s: A f4,"A f4: dated only before the window: must survive into it (row S2587 is the shaft tombs; records IB, MB) | A f4 is one record of several features: one must serve as the pit and another as the graves",,,
S2631,Kh. el-Kharaba,True,True,C2_tomb_shafts,without,C2+C3s,A only,C2:n.a. C3s:n.a.,conditionally compatible,"Coder A only; no second coder checked these features. A f4: dated only before the window: must survive into it (row S2587 is the shaft tombs; records IB, MB) | A f4 is one record of several features: one must serve as the pit and another as the graves",,,,1,C2: A f4; C3s: A f4,"A f4: dated only before the window: must survive into it (row S2587 is the shaft tombs; records IB, MB) | A f4 is one record of several features: one must serve as the pit and another as the graves",,,
S2653,Wadi Fara,False,True,C1_2km,with,C1+C3s,A only,C1:n.a. C3s:n.a.,conditionally compatible,Coder A only; no second coder checked these features. A f2: undated: must exist in 50 BCE-135 CE (component of row S2594; not dated itself) | A f38: undated: must exist in 50 BCE-135 CE (component of row S2689; not dated itself),,,,1,C1: A f38; C3s: A f2,A f2: undated: must exist in 50 BCE-135 CE (component of row S2594; not dated itself) | A f38: undated: must exist in 50 BCE-135 CE (component of row S2689; not dated itself),,,
S2653,Wadi Fara,False,True,C1_2km,without,C1+C3s,A only,C1:n.a. C3s:n.a.,conditionally compatible,Coder A only; no second coder checked these features. A f2: undated: must exist in 50 BCE-135 CE (component of row S2594; not dated itself) | A f38: undated: must exist in 50 BCE-135 CE (component of row S2689; not dated itself),,,,1,C1: A f38; C3s: A f2,A f2: undated: must exist in 50 BCE-135 CE (component of row S2594; not dated itself) | A f38: undated: must exist in 50 BCE-135 CE (component of row S2689; not dated itself),,,
S2653,Wadi Fara,False,True,C2_tomb_shafts,with,C2+C3s,A only,C2:n.a. C3s:n.a.,conditionally compatible,Coder A only; no second coder checked these features. A f2: undated: must exist in 50 BCE-135 CE (component of row S2594; not dated itself) | A f2 is one record of several features: one must serve as the pit and another as the graves,,,,1,C2: A f2; C3s: A f2,A f2: undated: must exist in 50 BCE-135 CE (component of row S2594; not dated itself) | A f2 is one record of several features: one must serve as the pit and another as the graves,,,
S2653,Wadi Fara,False,True,C2_tomb_shafts,without,C2+C3s,A only,C2:n.a. C3s:n.a.,conditionally compatible,Coder A only; no second coder checked these features. A f2: undated: must exist in 50 BCE-135 CE (component of row S2594; not dated itself) | A f2 is one record of several features: one must serve as the pit and another as the graves,,,,1,C2: A f2; C3s: A f2,A f2: undated: must exist in 50 BCE-135 CE (component of row S2594; not dated itself) | A f2 is one record of several features: one must serve as the pit and another as the graves,,,
S3001,Kh. Deir es-Sidd,True,True,C1_2km,with,C1+C2,A+B,C1:yes C2:yes,conditionally compatible,A f18 = B f19: undated: must exist in 50 BCE-135 CE (both coders) | A f35 = B f42: undated: must exist in 50 BCE-135 CE (both coders),1,C1: A f35 = B f42; C2: A f18 = B f19,A f18 = B f19: undated: must exist in 50 BCE-135 CE (both coders) | A f35 = B f42: undated: must exist in 50 BCE-135 CE (both coders),1,C1: A f35; C2: A f18,A f18: undated: must exist in 50 BCE-135 CE (component of site row S2938; not dated itself) | A f35: undated: must exist in 50 BCE-135 CE (component of site row S3049; not dated itself),1,C1: B f42; C2: B f19,B f19: undated: must exist in 50 BCE-135 CE (component of a site row; not dated by the source) | B f42: undated: must exist in 50 BCE-135 CE (component of a site row; not dated by the source)
S3001,Kh. Deir es-Sidd,True,True,C1_2km,without,C1+C2,A+B,C1:yes C2:yes,conditionally compatible,A f18 = B f19: undated: must exist in 50 BCE-135 CE (both coders) | A f35 = B f42: undated: must exist in 50 BCE-135 CE (both coders),1,C1: A f35 = B f42; C2: A f18 = B f19,A f18 = B f19: undated: must exist in 50 BCE-135 CE (both coders) | A f35 = B f42: undated: must exist in 50 BCE-135 CE (both coders),1,C1: A f35; C2: A f18,A f18: undated: must exist in 50 BCE-135 CE (component of site row S2938; not dated itself) | A f35: undated: must exist in 50 BCE-135 CE (component of site row S3049; not dated itself),1,C1: B f42; C2: B f19,B f19: undated: must exist in 50 BCE-135 CE (component of a site row; not dated by the source) | B f42: undated: must exist in 50 BCE-135 CE (component of a site row; not dated by the source)
S3134,,False,True,C1_2km,with,C1+C2,A+B,C1:yes C2:yes,conditionally compatible,A f27 = B f16: undated: must exist in 50 BCE-135 CE (both coders) | A f8 = B f5: undated: must exist in 50 BCE-135 CE (both coders),1,C1: A f27 = B f16; C2: A f8 = B f5,A f27 = B f16: undated: must exist in 50 BCE-135 CE (both coders) | A f8 = B f5: undated: must exist in 50 BCE-135 CE (both coders),1,C1: A f27; C2: A f8,A f27: undated: must exist in 50 BCE-135 CE (component of row S3049; not dated itself) | A f8: undated: must exist in 50 BCE-135 CE (component of row S3036; not dated itself),1,C1: B f16; C2: B f5,B f16: undated: must exist in 50 BCE-135 CE (component of a site row; not dated by the source) | B f5: undated: must exist in 50 BCE-135 CE (component of a site row; not dated by the source)
S3134,,False,True,C1_2km,without,C1+C2,A+B,C1:yes C2:yes,conditionally compatible,A f27 = B f16: undated: must exist in 50 BCE-135 CE (both coders) | A f8 = B f5: undated: must exist in 50 BCE-135 CE (both coders),1,C1: A f27 = B f16; C2: A f8 = B f5,A f27 = B f16: undated: must exist in 50 BCE-135 CE (both coders) | A f8 = B f5: undated: must exist in 50 BCE-135 CE (both coders),1,C1: A f27; C2: A f8,A f27: undated: must exist in 50 BCE-135 CE (component of row S3049; not dated itself) | A f8: undated: must exist in 50 BCE-135 CE (component of row S3036; not dated itself),1,C1: B f16; C2: B f5,B f16: undated: must exist in 50 BCE-135 CE (component of a site row; not dated by the source) | B f5: undated: must exist in 50 BCE-135 CE (component of a site row; not dated by the source)
S3170,Zanaba,True,True,C1_2km,with,C1+C2,A+B,C1:yes C2:yes,conditionally compatible,A f3 = B f3: undated: must exist in 50 BCE-135 CE (both coders) | A f52 = B f57: undated: must exist in 50 BCE-135 CE (both coders),2,C1: A f52 = B f57; C2: A f3 = B f3,A f3 = B f3: undated: must exist in 50 BCE-135 CE (both coders) | A f52 = B f57: undated: must exist in 50 BCE-135 CE (both coders),2,C1: A f52; C2: A f3,A f3: undated: must exist in 50 BCE-135 CE (component of site row; not dated by source) | A f52: undated: must exist in 50 BCE-135 CE (component of site row; not dated by source),2,C1: B f57; C2: B f3,B f3: undated: must exist in 50 BCE-135 CE (component of site row S3134; not dated itself) | B f57: undated: must exist in 50 BCE-135 CE (component of site row S3049; not dated itself)
S3170,Zanaba,True,True,C1_2km,without,C1+C2,A+B,C1:yes C2:yes,conditionally compatible,A f3 = B f3: undated: must exist in 50 BCE-135 CE (both coders) | A f52 = B f57: undated: must exist in 50 BCE-135 CE (both coders),2,C1: A f52 = B f57; C2: A f3 = B f3,A f3 = B f3: undated: must exist in 50 BCE-135 CE (both coders) | A f52 = B f57: undated: must exist in 50 BCE-135 CE (both coders),2,C1: A f52; C2: A f3,A f3: undated: must exist in 50 BCE-135 CE (component of site row; not dated by source) | A f52: undated: must exist in 50 BCE-135 CE (component of site row; not dated by source),2,C1: B f57; C2: B f3,B f3: undated: must exist in 50 BCE-135 CE (component of site row S3134; not dated itself) | B f57: undated: must exist in 50 BCE-135 CE (component of site row S3049; not dated itself)
S779,Tel el-Hadad,True,False,C2_tomb_shafts,with,C2+C3s,A only,C2:n.a. C3s:n.a.,conditionally compatible,"Coder A only; no second coder checked these features. A f1: bearing 45.0° lies on the sector edge (inside only by the inclusive rule) | A f1: dated only before the window: must survive into it (row S769 is the cemetery itself; row records IB, MB, LB) | A f1 is one record of several features: one must serve as the pit and another as the graves",,,,1,C2: A f1; C3s: A f1,"A f1: bearing 45.0° lies on the sector edge (inside only by the inclusive rule) | A f1: dated only before the window: must survive into it (row S769 is the cemetery itself; row records IB, MB, LB) | A f1 is one record of several features: one must serve as the pit and another as the graves",,,
S779,Tel el-Hadad,True,False,C2_tomb_shafts,without,C2+C3s,A only,C2:n.a. C3s:n.a.,conditionally compatible,"Coder A only; no second coder checked these features. A f1: bearing 45.0° lies on the sector edge (inside only by the inclusive rule) | A f1: dated only before the window: must survive into it (row S769 is the cemetery itself; row records IB, MB, LB) | A f1 is one record of several features: one must serve as the pit and another as the graves",,,,1,C2: A f1; C3s: A f1,"A f1: bearing 45.0° lies on the sector edge (inside only by the inclusive rule) | A f1: dated only before the window: must survive into it (row S769 is the cemetery itself; row records IB, MB, LB) | A f1 is one record of several features: one must serve as the pit and another as the graves",,,
S790,Bab en-Naqb,True,False,C2_tomb_shafts,with,C2+C3s,A+B,C2:yes C3s:yes,conditionally compatible,A f3 = B f3: dated only before the window: must survive into it (both coders) | A f3 = B f3 is one record of several features: one must serve as the pit and another as the graves,1,C2: A f3 = B f3; C3s: A f3 = B f3,A f3 = B f3: dated only before the window: must survive into it (both coders) | A f3 = B f3 is one record of several features: one must serve as the pit and another as the graves,1,C2: A f3; C3s: A f3,"A f3: dated only before the window: must survive into it (row S769 is itself the cemetery and records IB, MB2b, LB) | A f3 is one record of several features: one must serve as the pit and another as the graves",1,C2: B f3; C3s: B f3,"B f3: dated only before the window: must survive into it (row S769 is the feature and records IB, MB, MB2b_c, LB) | B f3 is one record of several features: one must serve as the pit and another as the graves"
S790,Bab en-Naqb,True,False,C2_tomb_shafts,without,C2+C3s,A+B,C2:yes C3s:yes,conditionally compatible,A f3 = B f3: dated only before the window: must survive into it (both coders) | A f3 = B f3 is one record of several features: one must serve as the pit and another as the graves,1,C2: A f3 = B f3; C3s: A f3 = B f3,A f3 = B f3: dated only before the window: must survive into it (both coders) | A f3 = B f3 is one record of several features: one must serve as the pit and another as the graves,1,C2: A f3; C3s: A f3,"A f3: dated only before the window: must survive into it (row S769 is itself the cemetery and records IB, MB2b, LB) | A f3 is one record of several features: one must serve as the pit and another as the graves",1,C2: B f3; C3s: B f3,"B f3: dated only before the window: must survive into it (row S769 is the feature and records IB, MB, MB2b_c, LB) | B f3 is one record of several features: one must serve as the pit and another as the graves"
S791,'Ein Shibli',True,False,C2_tomb_shafts,with,C2+C3s,A only,C2:n.a. C3s:n.a.,conditionally compatible,"Coder A only; no second coder checked these features. A f3: dated only before the window: must survive into it (row S769 (the feature's own row) records IB, MB, LB) | A f3 is one record of several features: one must serve as the pit and another as the graves",,,,1,C2: A f3; C3s: A f3,"A f3: dated only before the window: must survive into it (row S769 (the feature's own row) records IB, MB, LB) | A f3 is one record of several features: one must serve as the pit and another as the graves",,,
S791,'Ein Shibli',True,False,C2_tomb_shafts,without,C2+C3s,A only,C2:n.a. C3s:n.a.,conditionally compatible,"Coder A only; no second coder checked these features. A f3: dated only before the window: must survive into it (row S769 (the feature's own row) records IB, MB, LB) | A f3 is one record of several features: one must serve as the pit and another as the graves",,,,1,C2: A f3; C3s: A f3,"A f3: dated only before the window: must survive into it (row S769 (the feature's own row) records IB, MB, LB) | A f3 is one record of several features: one must serve as the pit and another as the graves",,,
