candidate_id,screen,series,volume,year,pages,toc_text,groups,tier,reason,detail,url
ha_hebrew_series_48#034,S2,ha_hebrew_series,Hadashot Arkheologiyot 94 / חדשות ארכיאולוגיות צד,1989,39–43,"מנזרים במדבר יהודה ובשומרון-1987 (ב) , יזהר הירשפלד",R_JD_CLIFFS,P1,duplicate,Hebrew version of read report(s) ESI09-046-monasteries-ii,https://publications.iaa.org.il/ha_hebrew_series/48
ha_hebrew_series_82#039,S1,ha_hebrew_series,Hadashot Arkheologiyot 103 / חדשות ארכיאולוגיות קג,1995,61,"יריחו , תל א-סולטאן , 549-L, שמעון ריקלין",JERICHO_ALL,P1,duplicate,Hebrew version of read report(s) ESI15-068-jericho,https://publications.iaa.org.il/ha_hebrew_series/82
ha_hebrew_series_82#044,S1,ha_hebrew_series,Hadashot Arkheologiyot 103 / חדשות ארכיאולוגיות קג,1995,66,"ירושלים , עיר דוד , 1961-A*, אלון דה-גרוט",JER_ALL,P1,duplicate,Hebrew version of read report(s) ESI15-075-city-of-david,https://publications.iaa.org.il/ha_hebrew_series/82
ha_hebrew_series_82#091,S1,ha_hebrew_series,Hadashot Arkheologiyot 103 / חדשות ארכיאולוגיות קג,1995,116,"סקר מפת עין גדי , 16/93-G, גדעון הדס",R_JD_CLIFFS,P1,duplicate,Hebrew version of read report(s) ESI15-144-map-en-gedi,https://publications.iaa.org.il/ha_hebrew_series/82
ha_hebrew_series_48#063,S1,ha_hebrew_series,Hadashot Arkheologiyot 94 / חדשות ארכיאולוגיות צד,1989,67,"אבני מיל בדרך בית-שאן – פלה , אבשלום יעקובי",beth_shean,P2,duplicate,Hebrew version of read report(s) ESI09-080-bet-shean-pella-milestones,https://publications.iaa.org.il/ha_hebrew_series/48
ha_hebrew_series_82#023,S1,ha_hebrew_series,Hadashot Arkheologiyot 103 / חדשות ארכיאולוגיות קג,1995,38,"בית שאן , המצודה , 30/92-G-5/93 ,G-12/94 ,G, יוחנן זליגמן",beth_shean,P2,duplicate,Hebrew version of read report(s) ESI15-043-bet-shean-citadel,https://publications.iaa.org.il/ha_hebrew_series/82
ha_hebrew_series_82#080,S1,ha_hebrew_series,Hadashot Arkheologiyot 103 / חדשות ארכיאולוגיות קג,1995,112,"בית שאן , דרום , 2051-A*, צבי גל וסטיוארט סאטרפילד",beth_shean,P2,duplicate,Hebrew version of read report(s) ESI15-127-bet-shean-south,https://publications.iaa.org.il/ha_hebrew_series/82
ha_hebrew_series_82#081,S1,ha_hebrew_series,Hadashot Arkheologiyot 103 / חדשות ארכיאולוגיות קג,1995,113,"בית שאן , שיכון א' , 2055-A*, צבי גל וסטיוארט סאטרפילד",beth_shean,P2,duplicate,Hebrew version of read report(s) ESI15-128-shikkun-alef,https://publications.iaa.org.il/ha_hebrew_series/82
ha_hebrew_series_48#038,S1,ha_hebrew_series,Hadashot Arkheologiyot 94 / חדשות ארכיאולוגיות צד,1989,46,"ירושלים , הר הצופים – מערות קבורה , ורדה סוזמן",JER_ALL,P3,duplicate,Hebrew version of read report(s) ESI09-054-mt-scopus-a,https://publications.iaa.org.il/ha_hebrew_series/48
ha_hebrew_series_48#039,S1,ha_hebrew_series,Hadashot Arkheologiyot 94 / חדשות ארכיאולוגיות צד,1989,47,"ירושלים , כיכר העירייה , דן בהט וערן מאייר",JER_ALL,P3,duplicate,Hebrew version of read report(s) ESI09-055-city-hall-square,https://publications.iaa.org.il/ha_hebrew_series/48
ha_hebrew_series_48#040,S1,ha_hebrew_series,Hadashot Arkheologiyot 94 / חדשות ארכיאולוגיות צד,1989,48,"ירושלים , אתר בית המשפט העליון , הרלי שטרק",JER_ALL,P3,duplicate,Hebrew version of read report(s) ESI09-056-supreme-court,https://publications.iaa.org.il/ha_hebrew_series/48
ha_hebrew_series_82#040,S1,ha_hebrew_series,Hadashot Arkheologiyot 103 / חדשות ארכיאולוגיות קג,1995,62,"ירושלים , הר חוצבים , 1969-A, רז קלטר",JER_ALL,P3,duplicate,Hebrew version of read report(s) ESI15-070-har-hozevim,https://publications.iaa.org.il/ha_hebrew_series/82
ha_hebrew_series_82#041,S1,ha_hebrew_series,Hadashot Arkheologiyot 103 / חדשות ארכיאולוגיות קג,1995,63,"ירושלים , בנייני האומה , 2020-A, עוזי עד",JER_ALL,P3,duplicate,Hebrew version of read report(s) ESI15-072-binyane-haumma,https://publications.iaa.org.il/ha_hebrew_series/82
ha_hebrew_series_82#042,S1,ha_hebrew_series,Hadashot Arkheologiyot 103 / חדשות ארכיאולוגיות קג,1995,64,"ירושלים , רחביה , 2005-A, צבי גרינהוט",JER_ALL,P3,duplicate,Hebrew version of read report(s) ESI15-072-rehavya,https://publications.iaa.org.il/ha_hebrew_series/82
ha_hebrew_series_82#043,S1,ha_hebrew_series,Hadashot Arkheologiyot 103 / חדשות ארכיאולוגיות קג,1995,65,"ירושלים , ח' א-ראס , 2083-A, נורית פייג ועומר עבד רבו",JER_ALL,P3,duplicate,Hebrew version of read report(s) ESI15-074-kh-er-ras,https://publications.iaa.org.il/ha_hebrew_series/82
ha_hebrew_series_82#045,S1,ha_hebrew_series,Hadashot Arkheologiyot 103 / חדשות ארכיאולוגיות קג,1995,68,"ירושלים , כנסיית סט' פטרוס גליקנטו , 120/92-G-90/93 ,G, פלורנטינו דיאז",JER_ALL,P3,duplicate,Hebrew version of read report(s) ESI15-077-gallicantu;ESI15-078-lower-aqueduct,https://publications.iaa.org.il/ha_hebrew_series/82
ha_hebrew_series_82#046,S1,ha_hebrew_series,Hadashot Arkheologiyot 103 / חדשות ארכיאולוגיות קג,1995,68,"ירושלים , אמת המים התחתונה , 1896-A, יעקב ביליג",JER_ALL,P3,duplicate,Hebrew version of read report(s) ESI15-077-gallicantu;ESI15-078-lower-aqueduct,https://publications.iaa.org.il/ha_hebrew_series/82
ha_hebrew_series_82#047,S1,ha_hebrew_series,Hadashot Arkheologiyot 103 / חדשות ארכיאולוגיות קג,1995,70,"ירושלים , ארנונה , 1959-A, יעקב ביליג",JER_ALL,P3,duplicate,Hebrew version of read report(s) ESI15-080-arnona,https://publications.iaa.org.il/ha_hebrew_series/82
ha_hebrew_series_82#086,S1,ha_hebrew_series,Hadashot Arkheologiyot 103 / חדשות ארכיאולוגיות קג,1995,115,"ירושלים , מגרש הרוסים , 1913-A*, יעקב ביליג",JER_ALL,P3,duplicate,Hebrew version of read report(s) ESI15-130-peace-forest;ESI15-130-russian-compound;ESI15-131-giloh,https://publications.iaa.org.il/ha_hebrew_series/82
ha_hebrew_series_82#087,S1,ha_hebrew_series,Hadashot Arkheologiyot 103 / חדשות ארכיאולוגיות קג,1995,115,"ירושלים , יער השלום , 38/93-G, צבי גרינהוט",JER_ALL,P3,duplicate,Hebrew version of read report(s) ESI15-130-peace-forest;ESI15-130-russian-compound;ESI15-131-giloh,https://publications.iaa.org.il/ha_hebrew_series/82
ha_hebrew_series_82#088,S1,ha_hebrew_series,Hadashot Arkheologiyot 103 / חדשות ארכיאולוגיות קג,1995,115,"ירושלים , גילה , 2095-A, פאני ויטו",JER_ALL,P3,duplicate,Hebrew version of read report(s) ESI15-130-peace-forest;ESI15-130-russian-compound;ESI15-131-giloh,https://publications.iaa.org.il/ha_hebrew_series/82
esi_english_series_11#052,S1,esi_english_series,Excavations and Surveys in Israel 19,1999,85,"Jerusalem , the Ophel Road , 2377-A, Ronny Reich and Eli Shukron",JER_ALL,P1,not read (source not reachable),not read: portal PDF behind a JavaScript challenge; no Drive copy,https://publications.iaa.org.il/esi_english_series/11
esi_english_series_11#053,S1,esi_english_series,Excavations and Surveys in Israel 19,1999,86,"Jerusalem , the Gihon Spring , 2599-A, Ronny Reich and Eli Shukron",JER_ALL,P1,not read (source not reachable),not read: portal PDF behind a JavaScript challenge; no Drive copy,https://publications.iaa.org.il/esi_english_series/11
esi_english_series_11#111,S1,esi_english_series,Excavations and Surveys in Israel 19,1999,152,"Conservation of the Dead Sea Scrolls , Pnina Shor",R_JD_CLIFFS,P1,not read (source not reachable),not read: portal PDF behind a JavaScript challenge; no Drive copy,https://publications.iaa.org.il/esi_english_series/11
esi_english_series_14#010,S1,esi_english_series,Excavations and Surveys in Israel 1,1984,17,"Haifa , Underwater Discovery",carmel_siah,P1,not read (source not reachable),not read: portal PDF behind a JavaScript challenge; no Drive copy,https://publications.iaa.org.il/esi_english_series/14
esi_english_series_14#042,S1,esi_english_series,Excavations and Surveys in Israel 1,1984,62,"Jerusalem , City of David –1981",JER_ALL,P1,not read (source not reachable),not read: portal PDF behind a JavaScript challenge; no Drive copy,https://publications.iaa.org.il/esi_english_series/14
esi_english_series_15#031,S1,esi_english_series,Excavations and Surveys in Israel 2,1984,43,Vered Yeriḥo,JERICHO_ALL,P1,not read (source not reachable),not read: portal PDF behind a JavaScript challenge; Drive copy exists but the Drive tool returns no text (file too large),https://publications.iaa.org.il/esi_english_series/15
esi_english_series_15#034,S1,esi_english_series,Excavations and Surveys in Israel 2,1984,46,"Jerusalem , City of David – 1982/1983",JER_ALL,P1,not read (source not reachable),not read: portal PDF behind a JavaScript challenge; Drive copy exists but the Drive tool returns no text (file too large),https://publications.iaa.org.il/esi_english_series/15
esi_english_series_15#039,S1,esi_english_series,Excavations and Surveys in Israel 2,1984,56,"Judean Desert, Survey (Map 106)",R_JD_CLIFFS,P1,not read (source not reachable),not read: portal PDF behind a JavaScript challenge; Drive copy exists but the Drive tool returns no text (file too large),https://publications.iaa.org.il/esi_english_series/15
esi_english_series_16#021,S1,esi_english_series,Excavations and Surveys in Israel 3,1985,27,"Judean Desert, Survey (Map 106) , Israel Roll and Eitan Ayalon",R_JD_CLIFFS,P1,not read (source not reachable),not read: portal PDF behind a JavaScript challenge; Drive copy exists but the Drive tool returns no text (file too large),https://publications.iaa.org.il/esi_english_series/16
esi_english_series_16#029,S1,esi_english_series,Excavations and Surveys in Israel 3,1985,40,"Judean Desert , Secret Passages and Caves , Yosef Patrich",R_JD_CLIFFS,P1,not read (source not reachable),not read: portal PDF behind a JavaScript challenge; Drive copy exists but the Drive tool returns no text (file too large),https://publications.iaa.org.il/esi_english_series/16
esi_english_series_16#034,S1,esi_english_series,Excavations and Surveys in Israel 3,1985,48,"Jerusalem , City of David – 1984 , Giora Soller and Rene Sivan",JER_ALL,P1,not read (source not reachable),not read: portal PDF behind a JavaScript challenge; Drive copy exists but the Drive tool returns no text (file too large),https://publications.iaa.org.il/esi_english_series/16
esi_english_series_17#034,S1,esi_english_series,Excavations and Surveys in Israel 4,1986,23,Deir Mukallik,JERICHO_ALL,P1,not read (source not reachable),not read: portal PDF behind a JavaScript challenge; no Drive copy,https://publications.iaa.org.il/esi_english_series/17
esi_english_series_18#017,S1,esi_english_series,Excavations and Surveys in Israel 5,1987,17,Jericho,JERICHO_ALL,P1,not read (source not reachable),not read: portal PDF behind a JavaScript challenge; Drive copy exists but the Drive tool returns no text (file too large),https://publications.iaa.org.il/esi_english_series/18
esi_english_series_19#017,S1,esi_english_series,Excavations and Surveys in Israel 18,1998,26,"Haifa , ‘Qir Ha-‘Orvim’ , A-2008, Yeivin",carmel_siah,P1,not read (source not reachable),not read: portal PDF behind a JavaScript challenge; no Drive copy,https://publications.iaa.org.il/esi_english_series/19
esi_english_series_19#070,S1,esi_english_series,Excavations and Surveys in Israel 18,1998,129,"Horbat Qumran , 837-L, Yosef Porath",QUMRAN_ALL,P1,not read (source not reachable),not read: portal PDF behind a JavaScript challenge; no Drive copy,https://publications.iaa.org.il/esi_english_series/19
esi_english_series_19#075,S1,esi_english_series,Excavations and Surveys in Israel 18,1998,139,"Jerusalem , City of David , A-2236, Ronny Reich and Eli Shukron",JER_ALL,P1,not read (source not reachable),not read: portal PDF behind a JavaScript challenge; no Drive copy,https://publications.iaa.org.il/esi_english_series/19
esi_english_series_2#025,S1,esi_english_series,Excavations and Surveys in Israel 6,1988,36–37,"Gilgal , 1986",JERICHO_ALL,P1,not read (source not reachable),not read: portal PDF behind a JavaScript challenge; Drive copy exists but the Drive tool returns no text (file too large),https://publications.iaa.org.il/esi_english_series/2
esi_english_series_2#030,S1,esi_english_series,Excavations and Surveys in Israel 6,1988,39–43,"Judean Desert, Survey of Caves",R_JD_CLIFFS,P1,not read (source not reachable),not read: portal PDF behind a JavaScript challenge; Drive copy exists but the Drive tool returns no text (file too large),https://publications.iaa.org.il/esi_english_series/2
esi_english_series_21#044,S1,esi_english_series,Excavations and Surveys in Israel 14,1995,83,"Jerusalem, City of David , A-1886*, Ya‘aqov Billig",JER_ALL,P1,not read (source not reachable),not read: portal PDF behind a JavaScript challenge; no Drive copy,https://publications.iaa.org.il/esi_english_series/21
esi_english_series_21#070,S1,esi_english_series,Excavations and Surveys in Israel 14,1995,119,"Haifa, Denya Quarter , A-1964*, Doron Lipkunsky",carmel_siah,P1,not read (source not reachable),not read: portal PDF behind a JavaScript challenge; no Drive copy,https://publications.iaa.org.il/esi_english_series/21
esi_english_series_21#071,S1,esi_english_series,Excavations and Surveys in Israel 14,1995,119,"Haifa, Karmeliya , A-1956, Flavia Sontag",carmel_siah,P1,not read (source not reachable),not read: portal PDF behind a JavaScript challenge; no Drive copy,https://publications.iaa.org.il/esi_english_series/21
esi_english_series_6#010,S1,esi_english_series,Excavations and Surveys in Israel 12,1994,14,"Haifa el ‘Atiqa , Shalom Yankelevitch",carmel_siah,P1,not read (source not reachable),not read: portal PDF behind a JavaScript challenge; no Drive copy,https://publications.iaa.org.il/esi_english_series/6
esi_english_series_6#083,S1,esi_english_series,Excavations and Surveys in Israel 12,1994,105,"The Dead Sea Scrolls Publications Project , Emanuel Tov",R_JD_CLIFFS,P1,not read (source not reachable),not read: portal PDF behind a JavaScript challenge; no Drive copy,https://publications.iaa.org.il/esi_english_series/6
esi_english_series_7#014,S1,esi_english_series,Excavations and Surveys in Israel 13,1995,26,"Haifa, the Bahai Gardens , A-1833, Iskander Jabur",carmel_siah,P1,not read (source not reachable),not read: portal PDF behind a JavaScript challenge; no Drive copy,https://publications.iaa.org.il/esi_english_series/7
esi_english_series_7#037,S1,esi_english_series,Excavations and Surveys in Israel 13,1995,55,"Qumran Caves , 443, 481, Joseph Patrich",QUMRAN_ALL,P1,not read (source not reachable),not read: portal PDF behind a JavaScript challenge; no Drive copy,https://publications.iaa.org.il/esi_english_series/7
esi_english_series_7#083,S1,esi_english_series,Excavations and Surveys in Israel 13,1995,111,"Conservation of the Dead Sea Scrolls , Esther Boyd-Alkalay",R_JD_CLIFFS,P1,not read (source not reachable),not read: portal PDF behind a JavaScript challenge; no Drive copy,https://publications.iaa.org.il/esi_english_series/7
esi_english_series_9#045,S1,esi_english_series,Excavations and Surveys in Israel 16,1997,76,"Gilgal , Tamar Noy",JERICHO_ALL,P1,not read (source not reachable),not read: portal PDF behind a JavaScript challenge; no Drive copy,https://publications.iaa.org.il/esi_english_series/9
esi_english_series_9#049,S1,esi_english_series,Excavations and Surveys in Israel 16,1997,80,"Map of Qalya, Survey , L-493, Ofer Sion",QUMRAN_ALL,P1,not read (source not reachable),not read: portal PDF behind a JavaScript challenge; no Drive copy,https://publications.iaa.org.il/esi_english_series/9
esi_english_series_9#062,S1,esi_english_series,Excavations and Surveys in Israel 16,1997,98,"Jerusalem , Mount Zion , *A-1975 , Rafa‘ abu Raya",JER_ALL,P1,not read (source not reachable),not read: portal PDF behind a JavaScript challenge; no Drive copy,https://publications.iaa.org.il/esi_english_series/9
ha_esi_bilingual_series_3#013,S1,ha_esi_bilingual_series,Ḥadashot Arkheologiyot חדשות ארכיאולוגיות 110,1999,19,"Haifa, Underwater Surveys , 99/93*, 61/95, 62/95, 34/96, 30/97*, 29/98*, Ehud Galil and Ya‘aqov Sharvit",carmel_siah,P1,not read (source not reachable),not read: portal PDF behind a JavaScript challenge; no Drive copy,https://publications.iaa.org.il/ha_esi_bilingual_series/3
ha_esi_bilingual_series_3#047,S1,ha_esi_bilingual_series,Ḥadashot Arkheologiyot חדשות ארכיאולוגיות 110,1999,77,"Jerusalem, St. George Street , *2519, Gideon Solimany and Zubeir Adawi",JERICHO_ALL;JER_ALL,P1,not read (source not reachable),not read: portal PDF behind a JavaScript challenge; no Drive copy,https://publications.iaa.org.il/ha_esi_bilingual_series/3
ha_esi_bilingual_series_3#051,S1,ha_esi_bilingual_series,Ḥadashot Arkheologiyot חדשות ארכיאולוגיות 110,1999,81,"Jerusalem, the City of David , 107/97, Ya‘akov Billig",JER_ALL,P1,not read (source not reachable),not read: portal PDF behind a JavaScript challenge; no Drive copy,https://publications.iaa.org.il/ha_esi_bilingual_series/3
ha_esi_bilingual_series_3#052,S1,ha_esi_bilingual_series,Ḥadashot Arkheologiyot חדשות ארכיאולוגיות 110,1999,82,"Jerusalem, the Giḥon Spring , 2833, Ronny Reich and Eli Shukron",JER_ALL,P1,not read (source not reachable),not read: portal PDF behind a JavaScript challenge; no Drive copy,https://publications.iaa.org.il/ha_esi_bilingual_series/3
ha_esi_bilingual_series_3#113,S1,ha_esi_bilingual_series,Ḥadashot Arkheologiyot חדשות ארכיאולוגיות 110,1999,121,"Map of Ẓe’elim, Survey , 49/92, 22/95, Dan Gazit",R_JD_CLIFFS,P1,not read (source not reachable),not read: portal PDF behind a JavaScript challenge; no Drive copy,https://publications.iaa.org.il/ha_esi_bilingual_series/3
ha_esi_bilingual_series_4#015,S1,ha_esi_bilingual_series,Ḥadashot Arkheologiyot חדשות ארכיאולוגיות 111,2000,20,"Haifa , Khirbet Tinani , 2524-A*, Zvi Gil",carmel_siah,P1,not read (source not reachable),not read: portal PDF behind a JavaScript challenge; no Drive copy,https://publications.iaa.org.il/ha_esi_bilingual_series/4
ha_esi_bilingual_series_4#091,S1,ha_esi_bilingual_series,Ḥadashot Arkheologiyot חדשות ארכיאולוגיות 111,2000,132,"Haifa , Tel ‘Amal and Nevé Yosef , 2871-A*, Tzah Horowitz",carmel_siah,P1,not read (source not reachable),not read: portal PDF behind a JavaScript challenge; no Drive copy,https://publications.iaa.org.il/ha_esi_bilingual_series/4
ha_esi_bilingual_series_6#069,S1,ha_esi_bilingual_series,Ḥadashot Arkheologiyot חדשות ארכיאולוגיות 113,2001,121,"Jerusalem , City of David , A-3376*, Ronny Reich and Eli Shukron",JER_ALL,P1,not read (source not reachable),not read: portal PDF behind a JavaScript challenge; no Drive copy,https://publications.iaa.org.il/ha_esi_bilingual_series/6
ha_esi_bilingual_series_6#100,S1,ha_esi_bilingual_series,Ḥadashot Arkheologiyot חדשות ארכיאולוגיות 113,2001,172,"Haifa , Ha-Qishon Harbor , A-2775*, Ya’akov Sharvit and Ehud Galili",carmel_siah,P1,not read (source not reachable),not read: portal PDF behind a JavaScript challenge; no Drive copy,https://publications.iaa.org.il/ha_esi_bilingual_series/6
ha_esi_bilingual_series_7#014,S1,ha_esi_bilingual_series,Ḥadashot Arkheologiyot חדשות ארכיאולוגיות 114,2002,25,"Haifa , Tel Shiqmona , A-3172, Raz Kletter",carmel_siah,P1,not read (source not reachable),not read: portal PDF behind a JavaScript challenge; no Drive copy,https://publications.iaa.org.il/ha_esi_bilingual_series/7
ha_esi_bilingual_series_7#056,S1,ha_esi_bilingual_series,Ḥadashot Arkheologiyot חדשות ארכיאולוגיות 114,2002,92,"Jerusalem , City of David , A-3423, Ronny Reich and Eli Shukron",JER_ALL,P1,not read (source not reachable),not read: portal PDF behind a JavaScript challenge; no Drive copy,https://publications.iaa.org.il/ha_esi_bilingual_series/7
ha_esi_bilingual_series_8#011,S1,ha_esi_bilingual_series,Ḥadashot Arkheologiyot חדשות ארכיאולוגיות 115,2003,21,"Haifa , Tel Shiqmona , A-2983, Hagit Torgë and Uzi ‘Ad",carmel_siah,P1,not read (source not reachable),not read: portal PDF behind a JavaScript challenge; no Drive copy,https://publications.iaa.org.il/ha_esi_bilingual_series/8
ha_esi_bilingual_series_8#012,S1,ha_esi_bilingual_series,Ḥadashot Arkheologiyot חדשות ארכיאולוגיות 115,2003,23,"Haifa , Wadi Salib , A-3113, Martin Peilstöcker",carmel_siah,P1,not read (source not reachable),not read: portal PDF behind a JavaScript challenge; no Drive copy,https://publications.iaa.org.il/ha_esi_bilingual_series/8
ha_esi_bilingual_series_8#013,S1,ha_esi_bilingual_series,Ḥadashot Arkheologiyot חדשות ארכיאולוגיות 115,2003,25,"Haifa , Tel ‘Amal and Nevé Yosef , A-3143*, Eli Yannai",carmel_siah,P1,not read (source not reachable),not read: portal PDF behind a JavaScript challenge; no Drive copy,https://publications.iaa.org.il/ha_esi_bilingual_series/8
ha_esi_bilingual_series_8#030,S1,ha_esi_bilingual_series,Ḥadashot Arkheologiyot חדשות ארכיאולוגיות 115,2003,53,"Yitav , L-824, Hanania Hizmi",JERICHO_ALL,P1,not read (source not reachable),not read: portal PDF behind a JavaScript challenge; no Drive copy,https://publications.iaa.org.il/ha_esi_bilingual_series/8
ha_esi_bilingual_series_8#039,S1,ha_esi_bilingual_series,Ḥadashot Arkheologiyot חדשות ארכיאולוגיות 115,2003,69,"Jerusalem , City of David , A-3590, A-3788, Ronny Reich and Eli Shukron",JER_ALL,P1,not read (source not reachable),not read: portal PDF behind a JavaScript challenge; no Drive copy,https://publications.iaa.org.il/ha_esi_bilingual_series/8
ha_hebrew_series_11#007,S1,ha_hebrew_series,Hadashot Arkheologiyot 26 / חדשות ארכיאולוגיות כו,1968,24–28,"מדבר יהודה ובקעת הירדן (חולייה מס' 6) , פסח בר-אדון",R_JD_CLIFFS,P1,not read (source not reachable),not read: portal PDF behind a JavaScript challenge; no Drive copy,https://publications.iaa.org.il/ha_hebrew_series/11
ha_hebrew_series_12#014,S1,ha_hebrew_series,Hadashot Arkheologiyot 27 / חדשות ארכיאולוגיות כז,1968,17–18,"אתר עתיק בסביבת יריחו , ג'ורג' מ' לנדס",JERICHO_ALL,P1,not read (source not reachable),not read: portal PDF behind a JavaScript challenge; no Drive copy,https://publications.iaa.org.il/ha_hebrew_series/12
ha_hebrew_series_12#015,S2,ha_hebrew_series,Hadashot Arkheologiyot 27 / חדשות ארכיאולוגיות כז,1968,18,"ח' סמרא במדבר יהודה , פסח בר-אדון",R_JD_CLIFFS,P1,not read (source not reachable),not read: portal PDF behind a JavaScript challenge; no Drive copy,https://publications.iaa.org.il/ha_hebrew_series/12
ha_hebrew_series_12#021,S1,ha_hebrew_series,Hadashot Arkheologiyot 27 / חדשות ארכיאולוגיות כז,1968,21–23,"שכם ותל אר-ראס - 1968 , אדוארד פ' קמפבל",gerizim,P1,not read (source not reachable),not read: portal PDF behind a JavaScript challenge; no Drive copy,https://publications.iaa.org.il/ha_hebrew_series/12
ha_hebrew_series_13#025,S1,ha_hebrew_series,Hadashot Arkheologiyot 30 / חדשות ארכיאולוגיות ל,1969,29–30,"בדיקות באתרים בין עין פשחה לעין גדי , פסח בר-אדון",QUMRAN_ALL,P1,not read (source not reachable),not read: portal PDF behind a JavaScript challenge; no Drive copy,https://publications.iaa.org.il/ha_hebrew_series/13
ha_hebrew_series_14#020,S1,ha_hebrew_series,Hadashot Arkheologiyot 31–32 / חדשות ארכיאולוגיות לא–לב,1969,14,"שכם , איברהים אל-פאני",gerizim,P1,not read (source not reachable),not read: portal PDF behind a JavaScript challenge; no Drive copy,https://publications.iaa.org.il/ha_hebrew_series/14
ha_hebrew_series_15#006,S2,ha_hebrew_series,Hadashot Arkheologiyot 33 / חדשות ארכיאולוגיות לג,1970,8,"בית הכנסת בנערן , פסח בר-אדון",JERICHO_ALL,P1,not read (source not reachable),not read: portal PDF behind a JavaScript challenge; no Drive copy,https://publications.iaa.org.il/ha_hebrew_series/15
ha_hebrew_series_18#004,S1,ha_hebrew_series,Hadashot Arkheologiyot 43 / חדשות ארכיאולוגיות מג,1972,3–4,"חיפה - רוממה , משה פראוסניץ ועזריאל זיגלמן",carmel_siah,P1,not read (source not reachable),not read: portal PDF behind a JavaScript challenge; no Drive copy,https://publications.iaa.org.il/ha_hebrew_series/18
ha_hebrew_series_18#006,S2,ha_hebrew_series,Hadashot Arkheologiyot 43 / חדשות ארכיאולוגיות מג,1972,6,"מטמון מטבעות זהב בחיפה , יוסף אלגביש",carmel_siah,P1,not read (source not reachable),not read: portal PDF behind a JavaScript challenge; no Drive copy,https://publications.iaa.org.il/ha_hebrew_series/18
ha_hebrew_series_18#010,S1,ha_hebrew_series,Hadashot Arkheologiyot 43 / חדשות ארכיאולוגיות מג,1972,9,"שכם – 1972 , ויליאם ג' דיוור",gerizim,P1,not read (source not reachable),not read: portal PDF behind a JavaScript challenge; no Drive copy,https://publications.iaa.org.il/ha_hebrew_series/18
ha_hebrew_series_18#011,S1,ha_hebrew_series,Hadashot Arkheologiyot 43 / חדשות ארכיאולוגיות מג,1972,10–11,"מאוזוליאום בשכם (ח' עסכר) , איברהים אל-פאני",gerizim,P1,not read (source not reachable),not read: portal PDF behind a JavaScript challenge; no Drive copy,https://publications.iaa.org.il/ha_hebrew_series/18
ha_hebrew_series_18#021,S1,ha_hebrew_series,Hadashot Arkheologiyot 43 / חדשות ארכיאולוגיות מג,1972,17,"יריחו , בקיזה שנטור",JERICHO_ALL,P1,not read (source not reachable),not read: portal PDF behind a JavaScript challenge; no Drive copy,https://publications.iaa.org.il/ha_hebrew_series/18
ha_hebrew_series_19#014,S1,ha_hebrew_series,Hadashot Arkheologiyot 46 / חדשות ארכיאולוגיות מו,1973,15,"ירושלים , הר ציון , עמוס קלונר",JER_ALL,P1,not read (source not reachable),not read: portal PDF behind a JavaScript challenge; no Drive copy,https://publications.iaa.org.il/ha_hebrew_series/19
ha_hebrew_series_2#013,S2,ha_hebrew_series,Hadashot Arkheologiyot 2–3 / חדשות ארכיאולוגיות ב–ג,1962,19,"חל משמר, משלחת למדבר יהודה 1962 (מערת המטמון) , פסח בר- אדון",R_JD_CLIFFS,P1,not read (source not reachable),not read: portal PDF behind a JavaScript challenge; no Drive copy,https://publications.iaa.org.il/ha_hebrew_series/2
ha_hebrew_series_20#014,S1,ha_hebrew_series,Hadashot Arkheologiyot 47 / חדשות ארכיאולוגיות מז,1973,13,"שכם , פסיפס",gerizim,P1,not read (source not reachable),not read: portal PDF behind a JavaScript challenge; no Drive copy,https://publications.iaa.org.il/ha_hebrew_series/20
ha_hebrew_series_21#019,S1,ha_hebrew_series,Hadashot Arkheologiyot 48–49 / חדשות ארכיאולוגיות מח–מט,1974,33,"חיפה – 1973 , רוממה , משה פראוסניץ ועזריאל זיגלמן",carmel_siah,P1,not read (source not reachable),not read: portal PDF behind a JavaScript challenge; no Drive copy,https://publications.iaa.org.il/ha_hebrew_series/21
ha_hebrew_series_21#030,S1,ha_hebrew_series,Hadashot Arkheologiyot 48–49 / חדשות ארכיאולוגיות מח–מט,1974,48,"שכם – 1973 , ו' דיוור",gerizim,P1,not read (source not reachable),not read: portal PDF behind a JavaScript challenge; no Drive copy,https://publications.iaa.org.il/ha_hebrew_series/21
ha_hebrew_series_22#010,S1,ha_hebrew_series,Hadashot Arkheologiyot 50 / חדשות ארכיאולוגיות נ,1974,11,"יריחו , תולול אבו אל -עלייק , אהוד נצר",JERICHO_ALL,P1,not read (source not reachable),not read: portal PDF behind a JavaScript challenge; no Drive copy,https://publications.iaa.org.il/ha_hebrew_series/22
ha_hebrew_series_24#005,S1,ha_hebrew_series,Hadashot Arkheologiyot 53 / חדשות ארכיאולוגיות נג,1975,5,"חיפה , רוממה – 1974 , משה פראוסניץ",carmel_siah,P1,not read (source not reachable),not read: portal PDF behind a JavaScript challenge; no Drive copy,https://publications.iaa.org.il/ha_hebrew_series/24
ha_hebrew_series_24#017,S1,ha_hebrew_series,Hadashot Arkheologiyot 53 / חדשות ארכיאולוגיות נג,1975,17,"ירושלים , הר ציון – ביצורים מימי בית שני , מגן ברושי",JER_ALL,P1,not read (source not reachable),not read: portal PDF behind a JavaScript challenge; no Drive copy,https://publications.iaa.org.il/ha_hebrew_series/24
ha_hebrew_series_24#018,S1,ha_hebrew_series,Hadashot Arkheologiyot 53 / חדשות ארכיאולוגיות נג,1975,18,"ירושלים , הר ציון – מגדל שער מימי הביניים , מגן ברושי",JER_ALL,P1,not read (source not reachable),not read: portal PDF behind a JavaScript challenge; no Drive copy,https://publications.iaa.org.il/ha_hebrew_series/24
ha_hebrew_series_25#025,S1,ha_hebrew_series,Hadashot Arkheologiyot 54–55 / חדשות ארכיאולוגיות נד–נה,1975,21,"יריחו , תולול אבו אל-עלייק , אהוד נצר",JERICHO_ALL,P1,not read (source not reachable),not read: portal PDF behind a JavaScript challenge; no Drive copy,https://publications.iaa.org.il/ha_hebrew_series/25
ha_hebrew_series_25#026,S1,ha_hebrew_series,Hadashot Arkheologiyot 54–55 / חדשות ארכיאולוגיות נד–נה,1975,23,"יריחו , תל א-סמראת , אהוד נצר",JERICHO_ALL,P1,not read (source not reachable),not read: portal PDF behind a JavaScript challenge; no Drive copy,https://publications.iaa.org.il/ha_hebrew_series/25
ha_hebrew_series_25#027,S1,ha_hebrew_series,Hadashot Arkheologiyot 54–55 / חדשות ארכיאולוגיות נד–נה,1975,24,"קיפרוס (תל אל-עקבה) , אהוד נצר ועמנואל דמתי",JERICHO_ALL,P1,not read (source not reachable),not read: portal PDF behind a JavaScript challenge; no Drive copy,https://publications.iaa.org.il/ha_hebrew_series/25
ha_hebrew_series_27#018,S1,ha_hebrew_series,Hadashot Arkheologiyot 57–58 / חדשות ארכיאולוגיות נז–נח,1976,23,"ח' מרג'מה (עין סמיה) , עמיחי מזר",ein_samiya,P1,not read (source not reachable),not read: portal PDF behind a JavaScript challenge; no Drive copy,https://publications.iaa.org.il/ha_hebrew_series/27
ha_hebrew_series_27#028,S1,ha_hebrew_series,Hadashot Arkheologiyot 57–58 / חדשות ארכיאולוגיות נז–נח,1976,30,"ירושלים , העופל , יוסף גת",JER_ALL,P1,not read (source not reachable),not read: portal PDF behind a JavaScript challenge; no Drive copy,https://publications.iaa.org.il/ha_hebrew_series/27
ha_hebrew_series_29#034,S1,ha_hebrew_series,Hadashot Arkheologiyot 61–62 / חדשות ארכיאולוגיות סא–סב,1977,31,"ירושלים , שער שכם , עמוס קלונר",JER_ALL;gerizim,P1,not read (source not reachable),not read: portal PDF behind a JavaScript challenge; no Drive copy,https://publications.iaa.org.il/ha_hebrew_series/29
ha_hebrew_series_31#011,S1,ha_hebrew_series,Hadashot Arkheologiyot 65–66 / חדשות ארכיאולוגיות סה–סו,1978,11,"חיפה , (נווה יוסף)",carmel_siah,P1,not read (source not reachable),not read: portal PDF behind a JavaScript challenge; no Drive copy,https://publications.iaa.org.il/ha_hebrew_series/31
ha_hebrew_series_31#025,S1,ha_hebrew_series,Hadashot Arkheologiyot 65–66 / חדשות ארכיאולוגיות סה–סו,1978,28,"ח' מרדקמה , (עין סמיה)",ein_samiya,P1,not read (source not reachable),not read: portal PDF behind a JavaScript challenge; no Drive copy,https://publications.iaa.org.il/ha_hebrew_series/31
ha_hebrew_series_31#031,S1,ha_hebrew_series,Hadashot Arkheologiyot 65–66 / חדשות ארכיאולוגיות סה–סו,1978,37,"ירושלים , עיר דוד",JER_ALL,P1,not read (source not reachable),not read: portal PDF behind a JavaScript challenge; no Drive copy,https://publications.iaa.org.il/ha_hebrew_series/31
ha_hebrew_series_32#022,S1,ha_hebrew_series,Hadashot Arkheologiyot 67–68 / חדשות ארכיאולוגיות סז–סח,1978,35–36,גלגל,JERICHO_ALL,P1,not read (source not reachable),not read: portal PDF behind a JavaScript challenge; no Drive copy,https://publications.iaa.org.il/ha_hebrew_series/32
ha_hebrew_series_32#027,S1,ha_hebrew_series,Hadashot Arkheologiyot 67–68 / חדשות ארכיאולוגיות סז–סח,1978,43,"ירושלים , עיר דוד – 1978",JER_ALL,P1,not read (source not reachable),not read: portal PDF behind a JavaScript challenge; no Drive copy,https://publications.iaa.org.il/ha_hebrew_series/32
ha_hebrew_series_32#029,S1,ha_hebrew_series,Hadashot Arkheologiyot 67–68 / חדשות ארכיאולוגיות סז–סח,1978,46,"ירושלים , אמת המים בהר ציון",JER_ALL,P1,not read (source not reachable),not read: portal PDF behind a JavaScript challenge; no Drive copy,https://publications.iaa.org.il/ha_hebrew_series/32
ha_hebrew_series_33#035,S1,ha_hebrew_series,Hadashot Arkheologiyot 69–71 / חדשות ארכיאולוגיות סט–עא,1979,56,"ירושלים , חפירות בין שער שכם והשער החדש",JER_ALL;gerizim,P1,not read (source not reachable),not read: portal PDF behind a JavaScript challenge; no Drive copy,https://publications.iaa.org.il/ha_hebrew_series/33
ha_hebrew_series_33#053,S1,ha_hebrew_series,Hadashot Arkheologiyot 69–71 / חדשות ארכיאולוגיות סט–עא,1979,82,שכם,gerizim,P1,not read (source not reachable),not read: portal PDF behind a JavaScript challenge; no Drive copy,https://publications.iaa.org.il/ha_hebrew_series/33
ha_hebrew_series_33#054,S1,ha_hebrew_series,Hadashot Arkheologiyot 69–71 / חדשות ארכיאולוגיות סט–עא,1979,83,ואדי קלט,JERICHO_ALL;R_WADI_QELT,P1,not read (source not reachable),not read: portal PDF behind a JavaScript challenge; no Drive copy,https://publications.iaa.org.il/ha_hebrew_series/33
ha_hebrew_series_34#015,S1,ha_hebrew_series,Hadashot Arkheologiyot 72 / חדשות ארכיאולוגיות עב,1979,28,"ירושלים , הר ציון",JER_ALL,P1,not read (source not reachable),not read: portal PDF behind a JavaScript challenge; no Drive copy,https://publications.iaa.org.il/ha_hebrew_series/34
ha_hebrew_series_35#017,S1,ha_hebrew_series,Hadashot Arkheologiyot 74–75 / חדשות ארכיאולוגיות עד–עה,1980,20,"ירושלים , עיר דוד – המדרון המזרחי , יגאל שילה",JER_ALL,P1,not read (source not reachable),not read: portal PDF behind a JavaScript challenge; no Drive copy,https://publications.iaa.org.il/ha_hebrew_series/35
ha_hebrew_series_37#022,S1,ha_hebrew_series,Hadashot Arkheologiyot 77 / חדשות ארכיאולוגיות עז,1981,26,"ירושלים , הר ציון , ב' פיקסנר, ד' חן וש' מרגלית",JER_ALL,P1,not read (source not reachable),not read: portal PDF behind a JavaScript challenge; no Drive copy,https://publications.iaa.org.il/ha_hebrew_series/37
ha_hebrew_series_37#049,S1,ha_hebrew_series,Hadashot Arkheologiyot 77 / חדשות ארכיאולוגיות עז,1981,57,"בקעת יריחו , סקר דרכים עתיקות לבקעת יריחו , צבי אילן ודוד עמית",JERICHO_ALL,P1,not read (source not reachable),not read: portal PDF behind a JavaScript challenge; no Drive copy,https://publications.iaa.org.il/ha_hebrew_series/37
ha_hebrew_series_38#010,S1,ha_hebrew_series,Hadashot Arkheologiyot 78–79 / חדשות ארכיאולוגיות עח–עט,1982,17,"חיפה , ממצא תת-ימי",carmel_siah,P1,not read (source not reachable),not read: portal PDF behind a JavaScript challenge; no Drive copy,https://publications.iaa.org.il/ha_hebrew_series/38
ha_hebrew_series_38#044,S1,ha_hebrew_series,Hadashot Arkheologiyot 78–79 / חדשות ארכיאולוגיות עח–עט,1982,62,"ירושלים , עיר דוד",JER_ALL,P1,not read (source not reachable),not read: portal PDF behind a JavaScript challenge; no Drive copy,https://publications.iaa.org.il/ha_hebrew_series/38
ha_hebrew_series_39#024,S1,ha_hebrew_series,Hadashot Arkheologiyot 80–81 / חדשות ארכיאולוגיות פ–פא,1982,57,"ירושלים , הר ציון",JER_ALL,P1,not read (source not reachable),not read: portal PDF behind a JavaScript challenge; no Drive copy,https://publications.iaa.org.il/ha_hebrew_series/39
ha_hebrew_series_40#019,S1,ha_hebrew_series,Hadashot Arkheologiyot 83 / חדשות ארכיאולוגיות פג,1983,25,"שכם , יצחק מגן",gerizim,P1,not read (source not reachable),not read: portal PDF behind a JavaScript challenge; no Drive copy,https://publications.iaa.org.il/ha_hebrew_series/40
ha_hebrew_series_40#026,S1,ha_hebrew_series,Hadashot Arkheologiyot 83 / חדשות ארכיאולוגיות פג,1983,34,"נערן , חנניה היזמי",JERICHO_ALL,P1,not read (source not reachable),not read: portal PDF behind a JavaScript challenge; no Drive copy,https://publications.iaa.org.il/ha_hebrew_series/40
ha_hebrew_series_40#027,S1,ha_hebrew_series,Hadashot Arkheologiyot 83 / חדשות ארכיאולוגיות פג,1983,36,"יריחו , ארמון החורף (תולול אבו אל-עלייק) – 1983 , אהוד נצר",JERICHO_ALL,P1,not read (source not reachable),not read: portal PDF behind a JavaScript challenge; no Drive copy,https://publications.iaa.org.il/ha_hebrew_series/40
ha_hebrew_series_40#029,S1,ha_hebrew_series,Hadashot Arkheologiyot 83 / חדשות ארכיאולוגיות פג,1983,39,"ירושלים , עיר דוד (1983) , יגאל שילה",JER_ALL,P1,not read (source not reachable),not read: portal PDF behind a JavaScript challenge; no Drive copy,https://publications.iaa.org.il/ha_hebrew_series/40
ha_hebrew_series_41#029,S1,ha_hebrew_series,Hadashot Arkheologiyot 84 / חדשות ארכיאולוגיות פד,1984,40,"מדבר יהודה , סקר מערות מסתור , יוסף פטריך",R_JD_CLIFFS,P1,not read (source not reachable),not read: portal PDF behind a JavaScript challenge; no Drive copy,https://publications.iaa.org.il/ha_hebrew_series/41
ha_hebrew_series_43#016,S1,ha_hebrew_series,Hadashot Arkheologiyot 87 / חדשות ארכיאולוגיות פז,1985,18,"חיפה , נווה דוד , ד' קאופמן וא' רונן",carmel_siah,P1,not read (source not reachable),not read: portal PDF behind a JavaScript challenge; no Drive copy,https://publications.iaa.org.il/ha_hebrew_series/43
ha_hebrew_series_44#017,S1,ha_hebrew_series,Hadashot Arkheologiyot 88 / חדשות ארכיאולוגיות פח,1986,17,יריחו,JERICHO_ALL,P1,not read (source not reachable),not read: portal PDF behind a JavaScript challenge; no Drive copy,https://publications.iaa.org.il/ha_hebrew_series/44
ha_hebrew_series_45#030,S1,ha_hebrew_series,Hadashot Arkheologiyot 89 / חדשות ארכיאולוגיות פט,1987,36,כתף יריחו,JERICHO_ALL,P1,not read (source not reachable),not read: portal PDF behind a JavaScript challenge; no Drive copy,https://publications.iaa.org.il/ha_hebrew_series/45
ha_hebrew_series_45#033,S1,ha_hebrew_series,Hadashot Arkheologiyot 89 / חדשות ארכיאולוגיות פט,1987,38,"ירושלים , העופל",JER_ALL,P1,not read (source not reachable),not read: portal PDF behind a JavaScript challenge; no Drive copy,https://publications.iaa.org.il/ha_hebrew_series/45
ha_hebrew_series_49#038,S1,ha_hebrew_series,Hadashot Arkheologiyot 96 / חדשות ארכיאולוגיות צו,1991,46,מגילות מדבר יהודה באוסף רשות העתיקות,R_JD_CLIFFS,P1,not read (source not reachable),not read: portal PDF behind a JavaScript challenge; no Drive copy,https://publications.iaa.org.il/ha_hebrew_series/49
ha_hebrew_series_5#003,S2,ha_hebrew_series,Hadashot Arkheologiyot 8 / חדשות ארכיאולוגיות ח,1963,6–9,"פפירוסים ארמיים במערה צפונית ליריחו , פרנק מ' קרוס",JERICHO_ALL,P1,not read (source not reachable),not read: portal PDF behind a JavaScript challenge; no Drive copy,https://publications.iaa.org.il/ha_hebrew_series/5
ha_hebrew_series_57#003,S1,ha_hebrew_series,Hadashot Arkheologiyot 10 / חדשות ארכיאולוגיות י,1964,8–10,"מצד גוזל על חוף ים המלח , יוחנן אהרוני",R_JD_CLIFFS,P1,not read (source not reachable),not read: portal PDF behind a JavaScript challenge; no Drive copy,https://publications.iaa.org.il/ha_hebrew_series/57
ha_hebrew_series_59#007,S1,ha_hebrew_series,Hadashot Arkheologiyot 12 / חדשות ארכיאולוגיות יב,1964,13–14,"הסקר הארכיאולוגי באיזור חיפה , אברהם רונן",carmel_siah,P1,not read (source not reachable),not read: portal PDF behind a JavaScript challenge; no Drive copy,https://publications.iaa.org.il/ha_hebrew_series/59
ha_hebrew_series_60#011,S1,ha_hebrew_series,Hadashot Arkheologiyot 13 / חדשות ארכיאולוגיות יג,1965,12–14,"הסקר הארכיאולוגי באזור חיפה , אברהם רונן",carmel_siah,P1,not read (source not reachable),not read: portal PDF behind a JavaScript challenge; no Drive copy,https://publications.iaa.org.il/ha_hebrew_series/60
ha_hebrew_series_61#023,S1,ha_hebrew_series,Hadashot Arkheologiyot 17 / חדשות ארכיאולוגיות יז,1966,27–28,"הסקר הארכיאולוגי בישראל: חיפה - מערב , יעקב עולמי",carmel_siah,P1,not read (source not reachable),not read: portal PDF behind a JavaScript challenge; no Drive copy,https://publications.iaa.org.il/ha_hebrew_series/61
ha_hebrew_series_61#024,S1,ha_hebrew_series,Hadashot Arkheologiyot 17 / חדשות ארכיאולוגיות יז,1966,29–30,"הסקר הארכיאולוגי בישראל: חיפה - מזרח , אברהם רונן",carmel_siah,P1,not read (source not reachable),not read: portal PDF behind a JavaScript challenge; no Drive copy,https://publications.iaa.org.il/ha_hebrew_series/61
ha_hebrew_series_63#022,S1,ha_hebrew_series,Hadashot Arkheologiyot 25 / חדשות ארכיאולוגיות כה,1968,28–30,"סקר ארכיאולוגי של ישראל: סקר באיזור שכם , א' קמפבל",gerizim,P1,not read (source not reachable),not read: portal PDF behind a JavaScript challenge; no Drive copy,https://publications.iaa.org.il/ha_hebrew_series/63
ha_hebrew_series_64#028,S1,ha_hebrew_series,Hadashot Arkheologiyot 29–28 / חדשות ארכיאולוגיות כח–כט,1969,26–28,"ירושלים: סקר בכפר השילוח , דוד אוסישקין",JER_ALL,P1,not read (source not reachable),not read: portal PDF behind a JavaScript challenge; no Drive copy,https://publications.iaa.org.il/ha_hebrew_series/64
ha_hebrew_series_64#038,S1,ha_hebrew_series,Hadashot Arkheologiyot 29–28 / חדשות ארכיאולוגיות כח–כט,1969,39–40,"ח' תאנאניר ליד שכם , ר' בולינג",gerizim,P1,not read (source not reachable),not read: portal PDF behind a JavaScript challenge; no Drive copy,https://publications.iaa.org.il/ha_hebrew_series/64
ha_hebrew_series_65#010,S1,ha_hebrew_series,Hadashot Arkheologiyot 36 / חדשות ארכיאולוגיות לו,1970,11–12,"עין סמיה , בקיזה שאנטור",ein_samiya,P1,not read (source not reachable),not read: portal PDF behind a JavaScript challenge; no Drive copy,https://publications.iaa.org.il/ha_hebrew_series/65
ha_hebrew_series_65#017,S1,ha_hebrew_series,Hadashot Arkheologiyot 36 / חדשות ארכיאולוגיות לו,1970,16,"מדבר יהודה , פסח בר-אדון",R_JD_CLIFFS,P1,not read (source not reachable),not read: portal PDF behind a JavaScript challenge; no Drive copy,https://publications.iaa.org.il/ha_hebrew_series/65
ha_hebrew_series_66#016,S1,ha_hebrew_series,Hadashot Arkheologiyot 37 / חדשות ארכיאולוגיות לז,1971,19–20,"ירושלים: הר ציון , י' מרגובסקי",JER_ALL,P1,not read (source not reachable),not read: portal PDF behind a JavaScript challenge; no Drive copy,https://publications.iaa.org.il/ha_hebrew_series/66
ha_hebrew_series_66#020,S1,ha_hebrew_series,Hadashot Arkheologiyot 37 / חדשות ארכיאולוגיות לז,1971,23,"עין סמיה , בקיזה שנטור",ein_samiya,P1,not read (source not reachable),not read: portal PDF behind a JavaScript challenge; no Drive copy,https://publications.iaa.org.il/ha_hebrew_series/66
ha_hebrew_series_67#016,S1,ha_hebrew_series,Hadashot Arkheologiyot 38 / חדשות ארכיאולוגיות לח,1971,15–16,"ירושלים: הר ציון (כביש גליקנטו) , י' מרגובסקי",JER_ALL,P1,not read (source not reachable),not read: portal PDF behind a JavaScript challenge; no Drive copy,https://publications.iaa.org.il/ha_hebrew_series/67
ha_hebrew_series_68#019,S1,ha_hebrew_series,Hadashot Arkheologiyot 39 / חדשות ארכיאולוגיות לט,1971,22,"שימור בתל יריחו , אמין ברהום",JERICHO_ALL,P1,not read (source not reachable),not read: portal PDF behind a JavaScript challenge; no Drive copy,https://publications.iaa.org.il/ha_hebrew_series/68
ha_hebrew_series_69#020,S1,ha_hebrew_series,Hadashot Arkheologiyot 73 / חדשות ארכיאולוגיות עג,1980,25,"ירושלים , עיר דוד – 1979",JER_ALL,P1,not read (source not reachable),not read: portal PDF behind a JavaScript challenge; no Drive copy,https://publications.iaa.org.il/ha_hebrew_series/69
ha_hebrew_series_7#015,S2,ha_hebrew_series,Hadashot Arkheologiyot 18–19 / חדשות ארכיאולוגיות יח–יט,1966,14–15,"מערת קבורה בחיפה , מירה גורן",carmel_siah,P1,not read (source not reachable),not read: portal PDF behind a JavaScript challenge; no Drive copy,https://publications.iaa.org.il/ha_hebrew_series/7
ha_hebrew_series_7#027,S1,ha_hebrew_series,Hadashot Arkheologiyot 18–19 / חדשות ארכיאולוגיות יח–יט,1966,22–23,"סקר ארכיאולוגי של ישראל: חיפה מערב , יעקב עולמי",carmel_siah,P1,not read (source not reachable),not read: portal PDF behind a JavaScript challenge; no Drive copy,https://publications.iaa.org.il/ha_hebrew_series/7
ha_hebrew_series_7#029,S1,ha_hebrew_series,Hadashot Arkheologiyot 18–19 / חדשות ארכיאולוגיות יח–יט,1966,26–27,"אתרים קדומים על שפת ים-המלח , יאן בלייק",R_JD_CLIFFS,P1,not read (source not reachable),not read: portal PDF behind a JavaScript challenge; no Drive copy,https://publications.iaa.org.il/ha_hebrew_series/7
ha_hebrew_series_70#032,S1,ha_hebrew_series,Hadashot Arkheologiyot 82 / חדשות ארכיאולוגיות פב,1983,43,ורד יריחו,JERICHO_ALL,P1,not read (source not reachable),not read: portal PDF behind a JavaScript challenge; no Drive copy,https://publications.iaa.org.il/ha_hebrew_series/70
ha_hebrew_series_70#034,S1,ha_hebrew_series,Hadashot Arkheologiyot 82 / חדשות ארכיאולוגיות פב,1983,45,"ירושלים , הר ציון",JER_ALL,P1,not read (source not reachable),not read: portal PDF behind a JavaScript challenge; no Drive copy,https://publications.iaa.org.il/ha_hebrew_series/70
ha_hebrew_series_70#035,S1,ha_hebrew_series,Hadashot Arkheologiyot 82 / חדשות ארכיאולוגיות פב,1983,46,"ירושלים , עיר דוד - 1982",JER_ALL,P1,not read (source not reachable),not read: portal PDF behind a JavaScript challenge; no Drive copy,https://publications.iaa.org.il/ha_hebrew_series/70
ha_hebrew_series_71#033,S1,ha_hebrew_series,Hadashot Arkheologiyot 85 / חדשות ארכיאולוגיות פה,1984,31,"ירושלים , עיר דוד - 1984 , יגאל שילה",JER_ALL,P1,not read (source not reachable),not read: portal PDF behind a JavaScript challenge; no Drive copy,https://publications.iaa.org.il/ha_hebrew_series/71
ha_hebrew_series_72#031,S2,ha_hebrew_series,Hadashot Arkheologiyot 90 / חדשות ארכיאולוגיות צ,1987,39–43,סקר מערות במדבר יהודה ושומרון-1985-1986,R_JD_CLIFFS,P1,not read (source not reachable),not read: portal PDF behind a JavaScript challenge; no Drive copy,https://publications.iaa.org.il/ha_hebrew_series/72
ha_hebrew_series_73#031,S2,ha_hebrew_series,Hadashot Arkheologiyot 93 / חדשות ארכיאולוגיות צג,1989,39–43,סקר מערות במדבר יהודה ושומרון-1985-1986,R_JD_CLIFFS,P1,not read (source not reachable),not read: portal PDF behind a JavaScript challenge; no Drive copy,https://publications.iaa.org.il/ha_hebrew_series/73
ha_hebrew_series_74#057,S2,ha_hebrew_series,Hadashot Arkheologiyot 95 / חדשות ארכיאולוגיות צה,1990,65–66,"סקר לאורך דרך קדומה מהר חברון לעין גדי , דויד עמית",R_JD_CLIFFS,P1,not read (source not reachable),not read: portal PDF behind a JavaScript challenge; no Drive copy,https://publications.iaa.org.il/ha_hebrew_series/74
ha_hebrew_series_75#015,S1,ha_hebrew_series,Hadashot Arkheologiyot 41–42 / חדשות ארכיאולוגיות מא–מב,1972,17,"שכם , איברהים אל-פאני",gerizim,P1,not read (source not reachable),not read: portal PDF behind a JavaScript challenge; no Drive copy,https://publications.iaa.org.il/ha_hebrew_series/75
ha_hebrew_series_77#038,S1,ha_hebrew_series,Hadashot Arkheologiyot 97 / חדשות ארכיאולוגיות צז,1991,58,"דרך קדומה בצפון מדבר יהודה , 492-L, עופר שיאון",R_JD_CLIFFS,P1,not read (source not reachable),not read: portal PDF behind a JavaScript challenge; no Drive copy,https://publications.iaa.org.il/ha_hebrew_series/77
ha_hebrew_series_77#069,S1,ha_hebrew_series,Hadashot Arkheologiyot 97 / חדשות ארכיאולוגיות צז,1991,93,"נוה דוד (נחל שיח, חיפה) , 91/90-G, דניאל קאופמן",carmel_siah,P1,not read (source not reachable),not read: portal PDF behind a JavaScript challenge; no Drive copy,https://publications.iaa.org.il/ha_hebrew_series/77
ha_hebrew_series_79#010,S1,ha_hebrew_series,Hadashot Arkheologiyot 99 / חדשות ארכיאולוגיות צט,1993,14,"חיפה העתיקה , 1777-A, שלום ינקלוויץ",carmel_siah,P1,not read (source not reachable),not read: portal PDF behind a JavaScript challenge; no Drive copy,https://publications.iaa.org.il/ha_hebrew_series/79
ha_hebrew_series_79#033,S1,ha_hebrew_series,Hadashot Arkheologiyot 99 / חדשות ארכיאולוגיות צט,1993,45,"סקר מפת ואדי קלט , 492-L, עפר שיאון",JERICHO_ALL;R_WADI_QELT,P1,not read (source not reachable),not read: portal PDF behind a JavaScript challenge; no Drive copy,https://publications.iaa.org.il/ha_hebrew_series/79
ha_hebrew_series_79#085,S1,ha_hebrew_series,Hadashot Arkheologiyot 99 / חדשות ארכיאולוגיות צט,1993,105,"מפעל פרסום מגילות מדבר יהודה , עמנואל טוב",R_JD_CLIFFS,P1,not read (source not reachable),not read: portal PDF behind a JavaScript challenge; no Drive copy,https://publications.iaa.org.il/ha_hebrew_series/79
ha_hebrew_series_80#014,S1,ha_hebrew_series,Hadashot Arkheologiyot 100 / חדשות ארכיאולוגיות ק,1993,26,"חיפה , גן הבהאים , 1833-A, איסקאנדר יאבור",carmel_siah,P1,not read (source not reachable),not read: portal PDF behind a JavaScript challenge; no Drive copy,https://publications.iaa.org.il/ha_hebrew_series/80
ha_hebrew_series_80#083,S1,ha_hebrew_series,Hadashot Arkheologiyot 100 / חדשות ארכיאולוגיות ק,1993,111,"שימורן של מגילות מדבר יהודה , אסתר בויד-אלקאלי",R_JD_CLIFFS,P1,not read (source not reachable),not read: portal PDF behind a JavaScript challenge; no Drive copy,https://publications.iaa.org.il/ha_hebrew_series/80
ha_hebrew_series_81#045,S1,ha_hebrew_series,Hadashot Arkheologiyot 101–102 / חדשות ארכיאולוגיות קא–קב,1993,83,"ירושלים , עיר דוד , *1886-A, יעקב ביליג",JER_ALL,P1,not read (source not reachable),not read: portal PDF behind a JavaScript challenge; no Drive copy,https://publications.iaa.org.il/ha_hebrew_series/81
ha_hebrew_series_81#071,S1,ha_hebrew_series,Hadashot Arkheologiyot 101–102 / חדשות ארכיאולוגיות קא–קב,1993,119,"חיפה , שכונת דניה , *1964-A, דורון ליפקונסקי",carmel_siah,P1,not read (source not reachable),not read: portal PDF behind a JavaScript challenge; no Drive copy,https://publications.iaa.org.il/ha_hebrew_series/81
ha_hebrew_series_81#072,S1,ha_hebrew_series,Hadashot Arkheologiyot 101–102 / חדשות ארכיאולוגיות קא–קב,1993,119,"חיפה , כרמליה , 1956-A, פלביה סונטג",carmel_siah,P1,not read (source not reachable),not read: portal PDF behind a JavaScript challenge; no Drive copy,https://publications.iaa.org.il/ha_hebrew_series/81
ha_hebrew_series_81#099,S1,ha_hebrew_series,Hadashot Arkheologiyot 101–102 / חדשות ארכיאולוגיות קא–קב,1993,131,"מגילות מדבר יהודה, מפעל פרסום – 1993",R_JD_CLIFFS,P1,not read (source not reachable),not read: portal PDF behind a JavaScript challenge; no Drive copy,https://publications.iaa.org.il/ha_hebrew_series/81
ha_hebrew_series_82#109,S1,ha_hebrew_series,Hadashot Arkheologiyot 103 / חדשות ארכיאולוגיות קג,1995,118,"ירושלים , הר ציון , 513-A, גרשון אדלשטיין",JER_ALL,P1,not read (source not reachable),not read: portal PDF behind a JavaScript challenge; no Drive copy,https://publications.iaa.org.il/ha_hebrew_series/82
ha_hebrew_series_83#045,S1,ha_hebrew_series,Hadashot Arkheologiyot 104 / חדשות ארכיאולוגיות קד,1995,76,"גלגל , תמר נוי",JERICHO_ALL,P1,not read (source not reachable),not read: portal PDF behind a JavaScript challenge; no Drive copy,https://publications.iaa.org.il/ha_hebrew_series/83
ha_hebrew_series_83#062,S1,ha_hebrew_series,Hadashot Arkheologiyot 104 / חדשות ארכיאולוגיות קד,1995,98,"ירושלים , הר ציון , 1975-A*, ראפע אבו ריא",JER_ALL,P1,not read (source not reachable),not read: portal PDF behind a JavaScript challenge; no Drive copy,https://publications.iaa.org.il/ha_hebrew_series/83
ha_hebrew_series_84#017,S1,ha_hebrew_series,Hadashot Arkheologiyot 106 / חדשות ארכיאולוגיות קו,1996,26,"חיפה , 'קיר העורבים' , 2008-A, זאב יבין",carmel_siah,P1,not read (source not reachable),not read: portal PDF behind a JavaScript challenge; no Drive copy,https://publications.iaa.org.il/ha_hebrew_series/84
ha_hebrew_series_84#075,S1,ha_hebrew_series,Hadashot Arkheologiyot 106 / חדשות ארכיאולוגיות קו,1996,139,"ירושלים , עיר דוד , 2236-A, רוני רייך ואלי שוקרון",JER_ALL,P1,not read (source not reachable),not read: portal PDF behind a JavaScript challenge; no Drive copy,https://publications.iaa.org.il/ha_hebrew_series/84
ha_hebrew_series_85#052,S1,ha_hebrew_series,Hadashot Arkheologiyot 107 / חדשות ארכיאולוגיות קז,1997,85,"ירושלים , דרך העופל , 2377-A, רוני רייך ואלי שוקרון",JER_ALL,P1,not read (source not reachable),not read: portal PDF behind a JavaScript challenge; no Drive copy,https://publications.iaa.org.il/ha_hebrew_series/85
ha_hebrew_series_85#053,S1,ha_hebrew_series,Hadashot Arkheologiyot 107 / חדשות ארכיאולוגיות קז,1997,86,"ירושלים , מעיין הגיחון , 2599-A, רוני רייך ואלי שוקרון",JER_ALL,P1,not read (source not reachable),not read: portal PDF behind a JavaScript challenge; no Drive copy,https://publications.iaa.org.il/ha_hebrew_series/85
ha_hebrew_series_86#101,S1,ha_hebrew_series,Hadashot Arkheologiyot 108 / חדשות ארכיאולוגיות קח,1998,136,"ירושלים , מעיין הגיחון , 2599-A, רוני רייך ואלי שוקרון",JER_ALL,P1,not read (source not reachable),not read: portal PDF behind a JavaScript challenge; no Drive copy,https://publications.iaa.org.il/ha_hebrew_series/86
esi_english_series_10#001,S1,esi_english_series,Excavations and Surveys in Israel 17,1998,7,"Contents: Bet She’an , Antiquities Authority Expedition , G-30/92, G-5/93, G-12/94, Gaby Maor and Rachel Bar-Nathan",beth_shean,P2,not read (source not reachable),not read: portal PDF behind a JavaScript challenge; no Drive copy,https://publications.iaa.org.il/esi_english_series/10
esi_english_series_11#025,S1,esi_english_series,Excavations and Surveys in Israel 19,1999,41,"Bet She’an , (A) , 2191-A, Dina Avshalom-Gorni",beth_shean,P2,not read (source not reachable),not read: portal PDF behind a JavaScript challenge; no Drive copy,https://publications.iaa.org.il/esi_english_series/11
esi_english_series_11#026,S1,esi_english_series,Excavations and Surveys in Israel 19,1999,42,"Bet She’an , (B) , 2368-A, Dina Avshalom-Gorni",beth_shean,P2,not read (source not reachable),not read: portal PDF behind a JavaScript challenge; no Drive copy,https://publications.iaa.org.il/esi_english_series/11
esi_english_series_11#027,S1,esi_english_series,Excavations and Surveys in Israel 19,1999,43,"Bet She’an , (C) , 2092-A *, Dror Barshad",beth_shean,P2,not read (source not reachable),not read: portal PDF behind a JavaScript challenge; no Drive copy,https://publications.iaa.org.il/esi_english_series/11
esi_english_series_14#058,S1,esi_english_series,Excavations and Surveys in Israel 1,1984,79,"Herodion , 1980",tekoa_herodium,P2,not read (source not reachable),not read: portal PDF behind a JavaScript challenge; no Drive copy,https://publications.iaa.org.il/esi_english_series/14
esi_english_series_15#011,S1,esi_english_series,Excavations and Surveys in Israel 2,1984,14,Bet Shean,beth_shean,P2,not read (source not reachable),not read: portal PDF behind a JavaScript challenge; Drive copy exists but the Drive tool returns no text (file too large),https://publications.iaa.org.il/esi_english_series/15
esi_english_series_15#036,S1,esi_english_series,Excavations and Surveys in Israel 2,1984,52,Mar Saba Map,mar_saba,P2,not read (source not reachable),not read: portal PDF behind a JavaScript challenge; Drive copy exists but the Drive tool returns no text (file too large),https://publications.iaa.org.il/esi_english_series/15
esi_english_series_18#023,S1,esi_english_series,Excavations and Surveys in Israel 5,1987,24,"Herodion , 1984/1985",tekoa_herodium,P2,not read (source not reachable),not read: portal PDF behind a JavaScript challenge; Drive copy exists but the Drive tool returns no text (file too large),https://publications.iaa.org.il/esi_english_series/18
esi_english_series_19#037,S1,esi_english_series,Excavations and Surveys in Israel 18,1998,65,"Tel Bet She’an , 1994-1996 , Amihai Mazar",beth_shean,P2,not read (source not reachable),not read: portal PDF behind a JavaScript challenge; no Drive copy,https://publications.iaa.org.il/esi_english_series/19
esi_english_series_2#021,S1,esi_english_series,Excavations and Surveys in Israel 6,1988,31–32,Bet Shean Project,beth_shean,P2,not read (source not reachable),not read: portal PDF behind a JavaScript challenge; Drive copy exists but the Drive tool returns no text (file too large),https://publications.iaa.org.il/esi_english_series/2
esi_english_series_21#025,S1,esi_english_series,Excavations and Surveys in Israel 14,1995,49,"Tel Bet She’an – 1992/1993 , G-30/92, G-5/93, Amihai Mazar",beth_shean,P2,not read (source not reachable),not read: portal PDF behind a JavaScript challenge; no Drive copy,https://publications.iaa.org.il/esi_english_series/21
esi_english_series_4#005,S1,esi_english_series,Excavations and Surveys in Israel 10,1992,4,"Tel Bet She’an , 1989/1990 , Amiḥai Mazar",beth_shean,P2,not read (source not reachable),not read: portal PDF behind a JavaScript challenge; no Drive copy,https://publications.iaa.org.il/esi_english_series/4
esi_english_series_4#019,S1,esi_english_series,Excavations and Surveys in Israel 10,1992,30,"The ‘Suspended’ Cave of Chariton , Yizhar Hirschfeld",natuf,P2,not read (source not reachable),not read: portal PDF behind a JavaScript challenge; no Drive copy,https://publications.iaa.org.il/esi_english_series/4
esi_english_series_5#001,S1,esi_english_series,Excavations and Surveys in Israel 11,1993,1,"Contents: The Bet She’an Excavation (1989–1991) , Preface , Amir Drori",beth_shean,P2,not read (source not reachable),not read: portal PDF behind a JavaScript challenge; no Drive copy,https://publications.iaa.org.il/esi_english_series/5
esi_english_series_5#002,S1,esi_english_series,Excavations and Surveys in Israel 11,1993,3,"The Bet She’an Excavation (1989–1991) , City Center (North); Excavations of the Hebrew University Expedition , Gideon Foerster and Yoram Tsafrir",beth_shean,P2,not read (source not reachable),not read: portal PDF behind a JavaScript challenge; no Drive copy,https://publications.iaa.org.il/esi_english_series/5
esi_english_series_5#003,S1,esi_english_series,Excavations and Surveys in Israel 11,1993,30,"The Bet She’an Excavation (1989–1991) , City Center (South) and Tel Iẓtabba Area; Excavations of the Antiquities Authority Expedition , Rachel Bar-Nathan and Gaby Mazor",beth_shean,P2,not read (source not reachable),not read: portal PDF behind a JavaScript challenge; no Drive copy,https://publications.iaa.org.il/esi_english_series/5
esi_english_series_5#004,S1,esi_english_series,Excavations and Surveys in Israel 11,1993,46,"The Bet She’an Excavation (1989–1991) , The Numismatic Material from the 1991 Season , Ariel Berman",beth_shean,P2,not read (source not reachable),not read: portal PDF behind a JavaScript challenge; no Drive copy,https://publications.iaa.org.il/esi_english_series/5
esi_english_series_5#005,S1,esi_english_series,Excavations and Surveys in Israel 11,1993,47,"Tel Bet She’an , Amicḥai Mazar",beth_shean,P2,not read (source not reachable),not read: portal PDF behind a JavaScript challenge; no Drive copy,https://publications.iaa.org.il/esi_english_series/5
esi_english_series_5#006,S1,esi_english_series,Excavations and Surveys in Israel 11,1993,49,"The Bet She’an Excavation (1989–1991) , The Fortress , Ruth Gertwagen",beth_shean,P2,not read (source not reachable),not read: portal PDF behind a JavaScript challenge; no Drive copy,https://publications.iaa.org.il/esi_english_series/5
esi_english_series_5#007,S1,esi_english_series,Excavations and Surveys in Israel 11,1993,52,"The Bet She’an Excavation (1989–1991) , Serail Bypass Road , Ruth Gertwagen and Gerald Finkelstein",beth_shean,P2,not read (source not reachable),not read: portal PDF behind a JavaScript challenge; no Drive copy,https://publications.iaa.org.il/esi_english_series/5
esi_english_series_6#072,S1,esi_english_series,Excavations and Surveys in Israel 12,1994,101,"Bet She’an Valley, Survey , Nephi Bushman",beth_shean,P2,not read (source not reachable),not read: portal PDF behind a JavaScript challenge; no Drive copy,https://publications.iaa.org.il/esi_english_series/6
esi_english_series_9#036,S1,esi_english_series,Excavations and Surveys in Israel 16,1997,62,"Bet She’an , A-2226, Dina Avshalom-Gorni",beth_shean,P2,not read (source not reachable),not read: portal PDF behind a JavaScript challenge; no Drive copy,https://publications.iaa.org.il/esi_english_series/9
ha_esi_bilingual_series_5#022,S1,ha_esi_bilingual_series,Ḥadashot Arkheologiyot חדשות ארכיאולוגיות 112,2000,47,"Bet She’an , 2885-A, Ofer Sion",beth_shean,P2,not read (source not reachable),not read: portal PDF behind a JavaScript challenge; no Drive copy,https://publications.iaa.org.il/ha_esi_bilingual_series/5
ha_esi_bilingual_series_7#084,S1,ha_esi_bilingual_series,Ḥadashot Arkheologiyot חדשות ארכיאולוגיות 114,2002,137,"Bet She’an , A-3180, Micha Cohen",beth_shean,P2,not read (source not reachable),not read: portal PDF behind a JavaScript challenge; no Drive copy,https://publications.iaa.org.il/ha_esi_bilingual_series/7
ha_esi_bilingual_series_8#022,S1,ha_esi_bilingual_series,Ḥadashot Arkheologiyot חדשות ארכיאולוגיות 115,2003,38,"Bet She’an (South) , A-3150*, Karen Covello-Paran",beth_shean,P2,not read (source not reachable),not read: portal PDF behind a JavaScript challenge; no Drive copy,https://publications.iaa.org.il/ha_esi_bilingual_series/8
ha_hebrew_series_13#024,S1,ha_hebrew_series,Hadashot Arkheologiyot 30 / חדשות ארכיאולוגיות ל,1969,27–28,"הרודיון , גדעון פרסטר",tekoa_herodium,P2,not read (source not reachable),not read: portal PDF behind a JavaScript challenge; no Drive copy,https://publications.iaa.org.il/ha_hebrew_series/13
ha_hebrew_series_14#009,S1,ha_hebrew_series,Hadashot Arkheologiyot 31–32 / חדשות ארכיאולוגיות לא–לב,1969,8,"בית שאן , נחמיה צורי",beth_shean,P2,not read (source not reachable),not read: portal PDF behind a JavaScript challenge; no Drive copy,https://publications.iaa.org.il/ha_hebrew_series/14
ha_hebrew_series_14#018,S1,ha_hebrew_series,Hadashot Arkheologiyot 31–32 / חדשות ארכיאולוגיות לא–לב,1969,13,"בית חורון תחתון , זכריה קלאי",beth_horon,P2,not read (source not reachable),not read: portal PDF behind a JavaScript challenge; no Drive copy,https://publications.iaa.org.il/ha_hebrew_series/14
ha_hebrew_series_14#026,S1,ha_hebrew_series,Hadashot Arkheologiyot 31–32 / חדשות ארכיאולוגיות לא–לב,1969,18–19,"ירושלים: שיפוץ מצבות נחל קדרון , אליעזר אורן",JER_ALL;mar_saba,P2,not read (source not reachable),not read: portal PDF behind a JavaScript challenge; no Drive copy,https://publications.iaa.org.il/ha_hebrew_series/14
ha_hebrew_series_14#027,S2,ha_hebrew_series,Hadashot Arkheologiyot 31–32 / חדשות ארכיאולוגיות לא–לב,1969,19–20,"סקר אמות המים הקדומות לירושלים ולהרודיון , יהושוע כהן ועמיחי מזר",JER_ALL;tekoa_herodium,P2,not read (source not reachable),not read: portal PDF behind a JavaScript challenge; no Drive copy,https://publications.iaa.org.il/ha_hebrew_series/14
ha_hebrew_series_15#007,S1,ha_hebrew_series,Hadashot Arkheologiyot 33 / חדשות ארכיאולוגיות לג,1970,8,"בזק , נחמיה צורי",ibziq,P2,not read (source not reachable),not read: portal PDF behind a JavaScript challenge; no Drive copy,https://publications.iaa.org.il/ha_hebrew_series/15
ha_hebrew_series_16#004,S2,ha_hebrew_series,Hadashot Arkheologiyot 34–35 / חדשות ארכיאולוגיות לד–לה,1970,7,"קבר רומי בבית שאן , פנחס פורת",beth_shean,P2,not read (source not reachable),not read: portal PDF behind a JavaScript challenge; no Drive copy,https://publications.iaa.org.il/ha_hebrew_series/16
ha_hebrew_series_2#009,S1,ha_hebrew_series,Hadashot Arkheologiyot 2–3 / חדשות ארכיאולוגיות ב–ג,1962,14,"בית שאן , התיאטרון הרומי , אברהם נגב",beth_shean,P2,not read (source not reachable),not read: portal PDF behind a JavaScript challenge; no Drive copy,https://publications.iaa.org.il/ha_hebrew_series/2
ha_hebrew_series_21#026,S1,ha_hebrew_series,Hadashot Arkheologiyot 48–49 / חדשות ארכיאולוגיות מח–מט,1974,44,"בית שאן – 1973 , דן בהט",beth_shean,P2,not read (source not reachable),not read: portal PDF behind a JavaScript challenge; no Drive copy,https://publications.iaa.org.il/ha_hebrew_series/21
ha_hebrew_series_21#043,S1,ha_hebrew_series,Hadashot Arkheologiyot 48–49 / חדשות ארכיאולוגיות מח–מט,1974,70,"הרודיון – 1973 , אהוד נצר",tekoa_herodium,P2,not read (source not reachable),not read: portal PDF behind a JavaScript challenge; no Drive copy,https://publications.iaa.org.il/ha_hebrew_series/21
ha_hebrew_series_25#028,S1,ha_hebrew_series,Hadashot Arkheologiyot 54–55 / חדשות ארכיאולוגיות נד–נה,1975,25,"הרודיון - 1974 , אהוד נצר וש' ארזי",tekoa_herodium,P2,not read (source not reachable),not read: portal PDF behind a JavaScript challenge; no Drive copy,https://publications.iaa.org.il/ha_hebrew_series/25
ha_hebrew_series_26#017,S1,ha_hebrew_series,Hadashot Arkheologiyot 56 / חדשות ארכיאולוגיות נו,1975,20,"עמק בית שאן , פסל ברונזה של הדריאנוס בעמק בית שאן",beth_shean,P2,not read (source not reachable),not read: portal PDF behind a JavaScript challenge; no Drive copy,https://publications.iaa.org.il/ha_hebrew_series/26
ha_hebrew_series_30#022,S1,ha_hebrew_series,Hadashot Arkheologiyot 63–64 / חדשות ארכיאולוגיות סג–סד,1977,31,"בית שאן , תל אצטבה",beth_shean,P2,not read (source not reachable),not read: portal PDF behind a JavaScript challenge; no Drive copy,https://publications.iaa.org.il/ha_hebrew_series/30
ha_hebrew_series_30#023,S1,ha_hebrew_series,Hadashot Arkheologiyot 63–64 / חדשות ארכיאולוגיות סג–סד,1977,32,"בית שאן , כביש רומי",beth_shean,P2,not read (source not reachable),not read: portal PDF behind a JavaScript challenge; no Drive copy,https://publications.iaa.org.il/ha_hebrew_series/30
ha_hebrew_series_32#034,S1,ha_hebrew_series,Hadashot Arkheologiyot 67–68 / חדשות ארכיאולוגיות סז–סח,1978,50,הרודיון-1978,tekoa_herodium,P2,not read (source not reachable),not read: portal PDF behind a JavaScript challenge; no Drive copy,https://publications.iaa.org.il/ha_hebrew_series/32
ha_hebrew_series_33#051,S1,ha_hebrew_series,Hadashot Arkheologiyot 69–71 / חדשות ארכיאולוגיות סט–עא,1979,81,בית שאן,beth_shean,P2,not read (source not reachable),not read: portal PDF behind a JavaScript challenge; no Drive copy,https://publications.iaa.org.il/ha_hebrew_series/33
ha_hebrew_series_37#008,S1,ha_hebrew_series,Hadashot Arkheologiyot 77 / חדשות ארכיאולוגיות עז,1981,8,"בית שאן , שירידי אמפיתיאטרון, רחוב ביזנטיומבנים מהתקופות הביזטנית והאסלאמית הקדומה , גדעון פרסטר ויורם צפריר",beth_shean,P2,not read (source not reachable),not read: portal PDF behind a JavaScript challenge; no Drive copy,https://publications.iaa.org.il/ha_hebrew_series/37
ha_hebrew_series_38#060,S1,ha_hebrew_series,Hadashot Arkheologiyot 78–79 / חדשות ארכיאולוגיות עח–עט,1982,79,"הרודיון , 1980",tekoa_herodium,P2,not read (source not reachable),not read: portal PDF behind a JavaScript challenge; no Drive copy,https://publications.iaa.org.il/ha_hebrew_series/38
ha_hebrew_series_40#030,S1,ha_hebrew_series,Hadashot Arkheologiyot 83 / חדשות ארכיאולוגיות פג,1983,42,"הרודיון , 1982-1983 , אהוד נצר",tekoa_herodium,P2,not read (source not reachable),not read: portal PDF behind a JavaScript challenge; no Drive copy,https://publications.iaa.org.il/ha_hebrew_series/40
ha_hebrew_series_44#023,S1,ha_hebrew_series,Hadashot Arkheologiyot 88 / חדשות ארכיאולוגיות פח,1986,24,"הרודיון , 1984-1985",tekoa_herodium,P2,not read (source not reachable),not read: portal PDF behind a JavaScript challenge; no Drive copy,https://publications.iaa.org.il/ha_hebrew_series/44
ha_hebrew_series_46#001,S1,ha_hebrew_series,Hadashot Arkheologiyot 91 / חדשות ארכיאולוגיות צא,1988,3,"בית שאן , בית המרחץ, האודיאון, התיאטרון, רחוב העמודים , גבי מזור",beth_shean,P2,not read (source not reachable),not read: portal PDF behind a JavaScript challenge; no Drive copy,https://publications.iaa.org.il/ha_hebrew_series/46
ha_hebrew_series_46#002,S1,ha_hebrew_series,Hadashot Arkheologiyot 91 / חדשות ארכיאולוגיות צא,1988,1,"בית שאן , מבוא , זאב ייבין",beth_shean,P2,not read (source not reachable),not read: portal PDF behind a JavaScript challenge; no Drive copy,https://publications.iaa.org.il/ha_hebrew_series/46
ha_hebrew_series_46#003,S1,ha_hebrew_series,Hadashot Arkheologiyot 91 / חדשות ארכיאולוגיות צא,1988,15,"בית שאן , רחוב העמודים, מקדש, נימפיאון , גדעון פרסטר, יורם צפריר",beth_shean,P2,not read (source not reachable),not read: portal PDF behind a JavaScript challenge; no Drive copy,https://publications.iaa.org.il/ha_hebrew_series/46
ha_hebrew_series_46#004,S1,ha_hebrew_series,Hadashot Arkheologiyot 91 / חדשות ארכיאולוגיות צא,1988,19,"בית שאן , הרחבה המרכזית ורחוב העמודים הצפוני",beth_shean,P2,not read (source not reachable),not read: portal PDF behind a JavaScript challenge; no Drive copy,https://publications.iaa.org.il/ha_hebrew_series/46
ha_hebrew_series_46#005,S1,ha_hebrew_series,Hadashot Arkheologiyot 91 / חדשות ארכיאולוגיות צא,1988,21,"בית שאן , בסיליקה מהתקופה הרומית",beth_shean,P2,not read (source not reachable),not read: portal PDF behind a JavaScript challenge; no Drive copy,https://publications.iaa.org.il/ha_hebrew_series/46
ha_hebrew_series_46#006,S1,ha_hebrew_series,Hadashot Arkheologiyot 91 / חדשות ארכיאולוגיות צא,1988,23,"בית שאן , שדירת עמודים מהתקופה הרומית ורחוב חנויות מהתקופה הביזאנטית",beth_shean,P2,not read (source not reachable),not read: portal PDF behind a JavaScript challenge; no Drive copy,https://publications.iaa.org.il/ha_hebrew_series/46
ha_hebrew_series_46#007,S1,ha_hebrew_series,Hadashot Arkheologiyot 91 / חדשות ארכיאולוגיות צא,1988,24,"בית שאן , אמפיתאטרון, רחוב ורובע מגורים מהתקופה הביזאנטית , גדעון פרסטר, יורם צפריר",beth_shean,P2,not read (source not reachable),not read: portal PDF behind a JavaScript challenge; no Drive copy,https://publications.iaa.org.il/ha_hebrew_series/46
ha_hebrew_series_46#008,S1,ha_hebrew_series,Hadashot Arkheologiyot 91 / חדשות ארכיאולוגיות צא,1988,31,"בית שאן , בית המרחץ הדרומי , מיכל פלג",beth_shean,P2,not read (source not reachable),not read: portal PDF behind a JavaScript challenge; no Drive copy,https://publications.iaa.org.il/ha_hebrew_series/46
ha_hebrew_series_46#009,S1,ha_hebrew_series,Hadashot Arkheologiyot 91 / חדשות ארכיאולוגיות צא,1988,32,"בית שאן , חפירות ממערב לבית המרחץ הדרומי , פאני ויטו",beth_shean,P2,not read (source not reachable),not read: portal PDF behind a JavaScript challenge; no Drive copy,https://publications.iaa.org.il/ha_hebrew_series/46
ha_hebrew_series_49#005,S1,ha_hebrew_series,Hadashot Arkheologiyot 96 / חדשות ארכיאולוגיות צו,1991,4,"תל בית שאן , 1989-1990 , עמיחי מזר",beth_shean,P2,not read (source not reachable),not read: portal PDF behind a JavaScript challenge; no Drive copy,https://publications.iaa.org.il/ha_hebrew_series/49
ha_hebrew_series_49#020,S1,ha_hebrew_series,Hadashot Arkheologiyot 96 / חדשות ארכיאולוגיות צו,1991,30,"המערה התלויה של חריטון , יזהר הירשפלד",natuf,P2,not read (source not reachable),not read: portal PDF behind a JavaScript challenge; no Drive copy,https://publications.iaa.org.il/ha_hebrew_series/49
ha_hebrew_series_50#001,S1,ha_hebrew_series,Hadashot Arkheologiyot 105 / חדשות ארכיאולוגיות קה,1996,7,"בית שאן , משלחת רשות העתיקות , 30/92-G-5/93 ,G-12/94 ,G, גבי מזור ורחל בר-נתן",beth_shean,P2,not read (source not reachable),not read: portal PDF behind a JavaScript challenge; no Drive copy,https://publications.iaa.org.il/ha_hebrew_series/50
ha_hebrew_series_51#001,S2,ha_hebrew_series,Hadashot Arkheologiyot 4 / חדשות ארכיאולוגיות ד,1962,1–3,"בית הכנסת בבית שאן , נחמיה צורי",beth_shean,P2,not read (source not reachable),not read: portal PDF behind a JavaScript challenge; no Drive copy,https://publications.iaa.org.il/ha_hebrew_series/51
ha_hebrew_series_52#004,S2,ha_hebrew_series,Hadashot Arkheologiyot 5 / חדשות ארכיאולוגיות ה,1963,9–10,"בית הכנסת בבית שאן , נחמיה צורי",beth_shean,P2,not read (source not reachable),not read: portal PDF behind a JavaScript challenge; no Drive copy,https://publications.iaa.org.il/ha_hebrew_series/52
ha_hebrew_series_53#010,S1,ha_hebrew_series,Hadashot Arkheologiyot 6 / חדשות ארכיאולוגיות ו,1963,16,התיאטרון הרומי בית שאן,beth_shean,P2,not read (source not reachable),not read: portal PDF behind a JavaScript challenge; no Drive copy,https://publications.iaa.org.il/ha_hebrew_series/53
ha_hebrew_series_57#014,S2,ha_hebrew_series,Hadashot Arkheologiyot 10 / חדשות ארכיאולוגיות י,1964,19,כלי זואומורפי מבית שאן,beth_shean,P2,not read (source not reachable),not read: portal PDF behind a JavaScript challenge; no Drive copy,https://publications.iaa.org.il/ha_hebrew_series/57
ha_hebrew_series_6#009,S1,ha_hebrew_series,Hadashot Arkheologiyot 14 / חדשות ארכיאולוגיות יד,1965,6–7,"בית שאן , נחמיה צורי",beth_shean,P2,not read (source not reachable),not read: portal PDF behind a JavaScript challenge; no Drive copy,https://publications.iaa.org.il/ha_hebrew_series/6
ha_hebrew_series_60#013,S1,ha_hebrew_series,Hadashot Arkheologiyot 13 / חדשות ארכיאולוגיות יג,1965,15–16,"בית שאן , נחמיה צורי",beth_shean,P2,not read (source not reachable),not read: portal PDF behind a JavaScript challenge; no Drive copy,https://publications.iaa.org.il/ha_hebrew_series/60
ha_hebrew_series_64#035,S1,ha_hebrew_series,Hadashot Arkheologiyot 29–28 / חדשות ארכיאולוגיות כח–כט,1969,36,"הרודיון , גדעון פרסטר",tekoa_herodium,P2,not read (source not reachable),not read: portal PDF behind a JavaScript challenge; no Drive copy,https://publications.iaa.org.il/ha_hebrew_series/64
ha_hebrew_series_65#004,S2,ha_hebrew_series,Hadashot Arkheologiyot 36 / חדשות ארכיאולוגיות לו,1970,7,"בית כנסת עתיק בבית שאן , דן בהט ואדם דרוקס",beth_shean,P2,not read (source not reachable),not read: portal PDF behind a JavaScript challenge; no Drive copy,https://publications.iaa.org.il/ha_hebrew_series/65
ha_hebrew_series_68#011,S2,ha_hebrew_series,Hadashot Arkheologiyot 39 / חדשות ארכיאולוגיות לט,1971,18,"מערכת קברים בבית-שאן , וסיליוס צפיריס",beth_shean,P2,not read (source not reachable),not read: portal PDF behind a JavaScript challenge; no Drive copy,https://publications.iaa.org.il/ha_hebrew_series/68
ha_hebrew_series_70#011,S1,ha_hebrew_series,Hadashot Arkheologiyot 82 / חדשות ארכיאולוגיות פב,1983,14,בית שאן,beth_shean,P2,not read (source not reachable),not read: portal PDF behind a JavaScript challenge; no Drive copy,https://publications.iaa.org.il/ha_hebrew_series/70
ha_hebrew_series_70#038,S1,ha_hebrew_series,Hadashot Arkheologiyot 82 / חדשות ארכיאולוגיות פב,1983,52,סקר מפת מר סבא,mar_saba,P2,not read (source not reachable),not read: portal PDF behind a JavaScript challenge; no Drive copy,https://publications.iaa.org.il/ha_hebrew_series/70
ha_hebrew_series_71#014,S1,ha_hebrew_series,Hadashot Arkheologiyot 85 / חדשות ארכיאולוגיות פה,1984,16,"בית שאן , תל בית שאן , שולמית גבע",beth_shean,P2,not read (source not reachable),not read: portal PDF behind a JavaScript challenge; no Drive copy,https://publications.iaa.org.il/ha_hebrew_series/71
ha_hebrew_series_71#015,S1,ha_hebrew_series,Hadashot Arkheologiyot 85 / חדשות ארכיאולוגיות פה,1984,17,"בית שאן , מרכז העיר , אלכסנדר און",beth_shean,P2,not read (source not reachable),not read: portal PDF behind a JavaScript challenge; no Drive copy,https://publications.iaa.org.il/ha_hebrew_series/71
ha_hebrew_series_71#016,S1,ha_hebrew_series,Hadashot Arkheologiyot 85 / חדשות ארכיאולוגיות פה,1984,17,"בית שאן , ממערב לתיאטרון , מיכל פלג",beth_shean,P2,not read (source not reachable),not read: portal PDF behind a JavaScript challenge; no Drive copy,https://publications.iaa.org.il/ha_hebrew_series/71
ha_hebrew_series_72#022,S1,ha_hebrew_series,Hadashot Arkheologiyot 90 / חדשות ארכיאולוגיות צ,1987,31–32,בית שאן,beth_shean,P2,not read (source not reachable),not read: portal PDF behind a JavaScript challenge; no Drive copy,https://publications.iaa.org.il/ha_hebrew_series/72
ha_hebrew_series_73#022,S1,ha_hebrew_series,Hadashot Arkheologiyot 93 / חדשות ארכיאולוגיות צג,1989,31–32,בית שאן,beth_shean,P2,not read (source not reachable),not read: portal PDF behind a JavaScript challenge; no Drive copy,https://publications.iaa.org.il/ha_hebrew_series/73
ha_hebrew_series_74#030,S1,ha_hebrew_series,Hadashot Arkheologiyot 95 / חדשות ארכיאולוגיות צה,1990,30–37,"מיפעל חפירות בית שאן , 1988-1989 , יורם צפריר וגדעון אבני",beth_shean,P2,not read (source not reachable),not read: portal PDF behind a JavaScript challenge; no Drive copy,https://publications.iaa.org.il/ha_hebrew_series/74
ha_hebrew_series_74#031,S1,ha_hebrew_series,Hadashot Arkheologiyot 95 / חדשות ארכיאולוגיות צה,1990,38,"בית שאן , המצודה הצלבנית - שטח Z , אדריאן בועז",beth_shean,P2,not read (source not reachable),not read: portal PDF behind a JavaScript challenge; no Drive copy,https://publications.iaa.org.il/ha_hebrew_series/74
ha_hebrew_series_74#071,S1,ha_hebrew_series,Hadashot Arkheologiyot 95 / חדשות ארכיאולוגיות צה,1990,76,"אבן מיל בדרך אמאוס–בית חורון , חנניה חיסמי",beth_horon,P2,not read (source not reachable),not read: portal PDF behind a JavaScript challenge; no Drive copy,https://publications.iaa.org.il/ha_hebrew_series/74
ha_hebrew_series_75#009,S2,ha_hebrew_series,Hadashot Arkheologiyot 41–42 / חדשות ארכיאולוגיות מא–מב,1972,8–9,"בית הכנסת בבית שאן , דן בהט",beth_shean,P2,not read (source not reachable),not read: portal PDF behind a JavaScript challenge; no Drive copy,https://publications.iaa.org.il/ha_hebrew_series/75
ha_hebrew_series_78#001,S1,ha_hebrew_series,Hadashot Arkheologiyot 98 / חדשות ארכיאולוגיות צח,1992,1,"בית שאן , הקדמה , אמיר דרורי",beth_shean,P2,not read (source not reachable),not read: portal PDF behind a JavaScript challenge; no Drive copy,https://publications.iaa.org.il/ha_hebrew_series/78
ha_hebrew_series_78#002,S1,ha_hebrew_series,Hadashot Arkheologiyot 98 / חדשות ארכיאולוגיות צח,1992,3,"בית שאן , מרכז העיר (צפון) , גדעון פרסטר ויורם צפריר",beth_shean,P2,not read (source not reachable),not read: portal PDF behind a JavaScript challenge; no Drive copy,https://publications.iaa.org.il/ha_hebrew_series/78
ha_hebrew_series_78#003,S1,ha_hebrew_series,Hadashot Arkheologiyot 98 / חדשות ארכיאולוגיות צח,1992,30,"בית שאן , מרכז העיר (דרום) ואיזור תל אצטבה , רחל בר נתן וגבי מזור",beth_shean,P2,not read (source not reachable),not read: portal PDF behind a JavaScript challenge; no Drive copy,https://publications.iaa.org.il/ha_hebrew_series/78
ha_hebrew_series_78#004,S1,ha_hebrew_series,Hadashot Arkheologiyot 98 / חדשות ארכיאולוגיות צח,1992,46,"בית שאן , הממצא הנומיסמטי בעונת התשנ""א , אריאל ברמן",beth_shean,P2,not read (source not reachable),not read: portal PDF behind a JavaScript challenge; no Drive copy,https://publications.iaa.org.il/ha_hebrew_series/78
ha_hebrew_series_78#005,S1,ha_hebrew_series,Hadashot Arkheologiyot 98 / חדשות ארכיאולוגיות צח,1992,47,"תל בית שאן , 1991 , עמיחי מזר",beth_shean,P2,not read (source not reachable),not read: portal PDF behind a JavaScript challenge; no Drive copy,https://publications.iaa.org.il/ha_hebrew_series/78
ha_hebrew_series_78#006,S1,ha_hebrew_series,Hadashot Arkheologiyot 98 / חדשות ארכיאולוגיות צח,1992,49,"בית שאן , המצודה , רות גרטווגן",beth_shean,P2,not read (source not reachable),not read: portal PDF behind a JavaScript challenge; no Drive copy,https://publications.iaa.org.il/ha_hebrew_series/78
ha_hebrew_series_78#007,S1,ha_hebrew_series,Hadashot Arkheologiyot 98 / חדשות ארכיאולוגיות צח,1992,52,"בית שאן , כביש עוקף סראיה , רות גרטווגן וג'רלד פינקלשטיין",beth_shean,P2,not read (source not reachable),not read: portal PDF behind a JavaScript challenge; no Drive copy,https://publications.iaa.org.il/ha_hebrew_series/78
ha_hebrew_series_79#073,S1,ha_hebrew_series,Hadashot Arkheologiyot 99 / חדשות ארכיאולוגיות צט,1993,101,"סקר עמק בית שאן , 49/87-G-24/88 ,G, נפחי בושמן",beth_shean,P2,not read (source not reachable),not read: portal PDF behind a JavaScript challenge; no Drive copy,https://publications.iaa.org.il/ha_hebrew_series/79
ha_hebrew_series_81#026,S1,ha_hebrew_series,Hadashot Arkheologiyot 101–102 / חדשות ארכיאולוגיות קא–קב,1993,49,"תל בית שאן , 1992-1993 , 30/92-G-5/93 ,G, עמיחי מזר",beth_shean,P2,not read (source not reachable),not read: portal PDF behind a JavaScript challenge; no Drive copy,https://publications.iaa.org.il/ha_hebrew_series/81
ha_hebrew_series_83#036,S1,ha_hebrew_series,Hadashot Arkheologiyot 104 / חדשות ארכיאולוגיות קד,1995,62,"בית שאן , 2226-A, דינה אבשלום-גורני",beth_shean,P2,not read (source not reachable),not read: portal PDF behind a JavaScript challenge; no Drive copy,https://publications.iaa.org.il/ha_hebrew_series/83
ha_hebrew_series_84#037,S1,ha_hebrew_series,Hadashot Arkheologiyot 106 / חדשות ארכיאולוגיות קו,1996,65,"תל בית שאן , 1994-1996 , עמיחי מזר",beth_shean,P2,not read (source not reachable),not read: portal PDF behind a JavaScript challenge; no Drive copy,https://publications.iaa.org.il/ha_hebrew_series/84
ha_hebrew_series_85#025,S1,ha_hebrew_series,Hadashot Arkheologiyot 107 / חדשות ארכיאולוגיות קז,1997,41,"בית שאן , (א) , 2191-A, דינה אבשלום-גורני",beth_shean,P2,not read (source not reachable),not read: portal PDF behind a JavaScript challenge; no Drive copy,https://publications.iaa.org.il/ha_hebrew_series/85
ha_hebrew_series_85#026,S1,ha_hebrew_series,Hadashot Arkheologiyot 107 / חדשות ארכיאולוגיות קז,1997,42,"בית שאן , (ב) , 2368-A, דינה אבשלום-גורני",beth_shean,P2,not read (source not reachable),not read: portal PDF behind a JavaScript challenge; no Drive copy,https://publications.iaa.org.il/ha_hebrew_series/85
ha_hebrew_series_85#027,S1,ha_hebrew_series,Hadashot Arkheologiyot 107 / חדשות ארכיאולוגיות קז,1997,43,"בית שאן , (ג) , 2092-A *, דרור ברשד",beth_shean,P2,not read (source not reachable),not read: portal PDF behind a JavaScript challenge; no Drive copy,https://publications.iaa.org.il/ha_hebrew_series/85
esi_english_series_11#050,S1,esi_english_series,Excavations and Surveys in Israel 19,1999,81,"Jerusalem , Har Hozevim , 2096-A, Nataly May",JER_ALL,P3,not read (source not reachable),not read: portal PDF behind a JavaScript challenge; no Drive copy,https://publications.iaa.org.il/esi_english_series/11
esi_english_series_11#054,S1,esi_english_series,Excavations and Surveys in Israel 19,1999,87,"Jerusalem , Abu Tor , 2515-A *, Boaz Zissu and Amir Ganor",JER_ALL,P3,not read (source not reachable),not read: portal PDF behind a JavaScript challenge; no Drive copy,https://publications.iaa.org.il/esi_english_series/11
esi_english_series_11#055,S1,esi_english_series,Excavations and Surveys in Israel 19,1999,88,"Jerusalem , Church of St. Peterin Gallicantu - 1995 , 105/95-G, Florentino Díez",JER_ALL,P3,not read (source not reachable),not read: portal PDF behind a JavaScript challenge; no Drive copy,https://publications.iaa.org.il/esi_english_series/11
esi_english_series_11#056,S1,esi_english_series,Excavations and Surveys in Israel 19,1999,89,"Jerusalem , Mamilla Street , 2286-A, Efrat Assaf and Ya‘akov Billig",JER_ALL,P3,not read (source not reachable),not read: portal PDF behind a JavaScript challenge; no Drive copy,https://publications.iaa.org.il/esi_english_series/11
esi_english_series_11#057,S1,esi_english_series,Excavations and Surveys in Israel 19,1999,91,"Jerusalem , Nevé Sha’anan , 2479-A *, Jon Seligman and Amit Re’em",JER_ALL,P3,not read (source not reachable),not read: portal PDF behind a JavaScript challenge; no Drive copy,https://publications.iaa.org.il/esi_english_series/11
esi_english_series_11#058,S1,esi_english_series,Excavations and Surveys in Israel 19,1999,92,"Jerusalem , ‘En Kerem , 2424-A *, Jon Seligman and Amit Re’em",JER_ALL,P3,not read (source not reachable),not read: portal PDF behind a JavaScript challenge; no Drive copy,https://publications.iaa.org.il/esi_english_series/11
esi_english_series_11#059,S1,esi_english_series,Excavations and Surveys in Israel 19,1999,93,"Jerusalem , Giv‘at Homa , 2319-A, Natalie May",JER_ALL,P3,not read (source not reachable),not read: portal PDF behind a JavaScript challenge; no Drive copy,https://publications.iaa.org.il/esi_english_series/11
esi_english_series_11#060,S1,esi_english_series,Excavations and Surveys in Israel 19,1999,94,"Jerusalem , ‘En Ya‘al (A) , 2143-A, Rafa Abu Raya and Miguel Weissman",JER_ALL,P3,not read (source not reachable),not read: portal PDF behind a JavaScript challenge; no Drive copy,https://publications.iaa.org.il/esi_english_series/11
esi_english_series_11#061,S1,esi_english_series,Excavations and Surveys in Israel 19,1999,95,"Jerusalem , ‘En Ya‘al (B) , 77/91-G *, Harley Stark",JER_ALL,P3,not read (source not reachable),not read: portal PDF behind a JavaScript challenge; no Drive copy,https://publications.iaa.org.il/esi_english_series/11
esi_english_series_14#041,S1,esi_english_series,Excavations and Surveys in Israel 1,1984,61,"Jerusalem , Jewish Quarter of Old City",JER_ALL,P3,not read (source not reachable),not read: portal PDF behind a JavaScript challenge; no Drive copy,https://publications.iaa.org.il/esi_english_series/14
esi_english_series_14#043,S1,esi_english_series,Excavations and Surveys in Israel 1,1984,65,"Jerusalem , Surveys, Northeast Jerusalem",JER_ALL,P3,not read (source not reachable),not read: portal PDF behind a JavaScript challenge; no Drive copy,https://publications.iaa.org.il/esi_english_series/14
esi_english_series_14#044,S1,esi_english_series,Excavations and Surveys in Israel 1,1984,66,"Jerusalem , Surveys, Ramot",JER_ALL,P3,not read (source not reachable),not read: portal PDF behind a JavaScript challenge; no Drive copy,https://publications.iaa.org.il/esi_english_series/14
esi_english_series_14#045,S1,esi_english_series,Excavations and Surveys in Israel 1,1984,68,"Jerusalem , ‘Ein et-Tut, Khirbet",JER_ALL,P3,not read (source not reachable),not read: portal PDF behind a JavaScript challenge; no Drive copy,https://publications.iaa.org.il/esi_english_series/14
esi_english_series_14#046,S1,esi_english_series,Excavations and Surveys in Israel 1,1984,68,"Jerusalem , Ramot",JER_ALL,P3,not read (source not reachable),not read: portal PDF behind a JavaScript challenge; no Drive copy,https://publications.iaa.org.il/esi_english_series/14
esi_english_series_14#047,S1,esi_english_series,Excavations and Surveys in Israel 1,1984,69,"Jerusalem , Neve Ya‘aqov",JER_ALL,P3,not read (source not reachable),not read: portal PDF behind a JavaScript challenge; no Drive copy,https://publications.iaa.org.il/esi_english_series/14
esi_english_series_14#048,S1,esi_english_series,Excavations and Surveys in Israel 1,1984,69,"Jerusalem , Giloh",JER_ALL,P3,not read (source not reachable),not read: portal PDF behind a JavaScript challenge; no Drive copy,https://publications.iaa.org.il/esi_english_series/14
esi_english_series_14#049,S1,esi_english_series,Excavations and Surveys in Israel 1,1984,70,"Jerusalem , Mt. Scopus",JER_ALL,P3,not read (source not reachable),not read: portal PDF behind a JavaScript challenge; no Drive copy,https://publications.iaa.org.il/esi_english_series/14
esi_english_series_14#050,S1,esi_english_series,Excavations and Surveys in Israel 1,1984,71,"Jerusalem , Russian Compound",JER_ALL,P3,not read (source not reachable),not read: portal PDF behind a JavaScript challenge; no Drive copy,https://publications.iaa.org.il/esi_english_series/14
esi_english_series_14#051,S1,esi_english_series,Excavations and Surveys in Israel 1,1984,71,"Jerusalem , Sderot Ben-Zvi",JER_ALL,P3,not read (source not reachable),not read: portal PDF behind a JavaScript challenge; no Drive copy,https://publications.iaa.org.il/esi_english_series/14
esi_english_series_15#032,S1,esi_english_series,Excavations and Surveys in Israel 2,1984,45,"Jerusalem , Mt. Scopus",JER_ALL,P3,not read (source not reachable),not read: portal PDF behind a JavaScript challenge; Drive copy exists but the Drive tool returns no text (file too large),https://publications.iaa.org.il/esi_english_series/15
esi_english_series_15#033,S1,esi_english_series,Excavations and Surveys in Israel 2,1984,45,"Jerusalem , Mt. Zion",JER_ALL,P3,not read (source not reachable),not read: portal PDF behind a JavaScript challenge; Drive copy exists but the Drive tool returns no text (file too large),https://publications.iaa.org.il/esi_english_series/15
esi_english_series_15#035,S1,esi_english_series,Excavations and Surveys in Israel 2,1984,49,"Jerusalem , Citadel",JER_ALL,P3,not read (source not reachable),not read: portal PDF behind a JavaScript challenge; Drive copy exists but the Drive tool returns no text (file too large),https://publications.iaa.org.il/esi_english_series/15
esi_english_series_16#031,S1,esi_english_series,Excavations and Surveys in Israel 3,1985,44,"Jerusalem , Ramot, Survey , Gabi Mazor",JER_ALL,P3,not read (source not reachable),not read: portal PDF behind a JavaScript challenge; Drive copy exists but the Drive tool returns no text (file too large),https://publications.iaa.org.il/esi_english_series/16
esi_english_series_16#032,S1,esi_english_series,Excavations and Surveys in Israel 3,1985,45,"Jerusalem , Reḥov Hagay , Amos Kloner",JER_ALL,P3,not read (source not reachable),not read: portal PDF behind a JavaScript challenge; Drive copy exists but the Drive tool returns no text (file too large),https://publications.iaa.org.il/esi_english_series/16
esi_english_series_16#033,S1,esi_english_series,Excavations and Surveys in Israel 3,1985,47,"Jerusalem , Ramot, Burial Cave , Harley Stark",JER_ALL,P3,not read (source not reachable),not read: portal PDF behind a JavaScript challenge; Drive copy exists but the Drive tool returns no text (file too large),https://publications.iaa.org.il/esi_english_series/16
esi_english_series_16#035,S1,esi_english_series,Excavations and Surveys in Israel 3,1985,49,"Jerusalem , Ma‘ale Adummim Road , Gabi Mazor",JER_ALL,P3,not read (source not reachable),not read: portal PDF behind a JavaScript challenge; Drive copy exists but the Drive tool returns no text (file too large),https://publications.iaa.org.il/esi_english_series/16
esi_english_series_16#036,S1,esi_english_series,Excavations and Surveys in Israel 3,1985,50,"Jerusalem , Citadel Moat , Yizhar Hirshfeld",JER_ALL,P3,not read (source not reachable),not read: portal PDF behind a JavaScript challenge; Drive copy exists but the Drive tool returns no text (file too large),https://publications.iaa.org.il/esi_english_series/16
esi_english_series_17#031,S1,esi_english_series,Excavations and Surveys in Israel 4,1986,23,"Jerusalem , Abu Tor",JER_ALL,P3,not read (source not reachable),not read: portal PDF behind a JavaScript challenge; no Drive copy,https://publications.iaa.org.il/esi_english_series/17
esi_english_series_17#032,S1,esi_english_series,Excavations and Surveys in Israel 4,1986,22,"Jerusalem , Dung Gate",JER_ALL,P3,not read (source not reachable),not read: portal PDF behind a JavaScript challenge; no Drive copy,https://publications.iaa.org.il/esi_english_series/17
esi_english_series_19#071,S1,esi_english_series,Excavations and Surveys in Israel 18,1998,130,"Jerusalem , The Third Wall , A-2133, *G-28/91, Rafa‘ Abu Raya",JER_ALL,P3,not read (source not reachable),not read: portal PDF behind a JavaScript challenge; no Drive copy,https://publications.iaa.org.il/esi_english_series/19
esi_english_series_19#072,S1,esi_english_series,Excavations and Surveys in Israel 18,1998,134,"Jerusalem , the Golden Gate , A-2381, Ronny Reich and Eli Shukron",JER_ALL,P3,not read (source not reachable),not read: portal PDF behind a JavaScript challenge; no Drive copy,https://publications.iaa.org.il/esi_english_series/19
esi_english_series_19#073,S1,esi_english_series,Excavations and Surveys in Israel 18,1998,134,"Jerusalem , Robinson’s Arch , 2205-A, Ronny Reich and Ya‘qov Billig",JER_ALL,P3,not read (source not reachable),not read: portal PDF behind a JavaScript challenge; no Drive copy,https://publications.iaa.org.il/esi_english_series/19
esi_english_series_19#074,S1,esi_english_series,Excavations and Surveys in Israel 18,1998,137,"Jerusalem , Akeldama , Boaz Zissu",JER_ALL,P3,not read (source not reachable),not read: portal PDF behind a JavaScript challenge; no Drive copy,https://publications.iaa.org.il/esi_english_series/19
esi_english_series_19#076,S1,esi_english_series,Excavations and Surveys in Israel 18,1998,140,"Jerusalem , Church of St. Peter in Gallicantu , G-78/94, Florentíno Díez",JER_ALL,P3,not read (source not reachable),not read: portal PDF behind a JavaScript challenge; no Drive copy,https://publications.iaa.org.il/esi_english_series/19
esi_english_series_19#077,S1,esi_english_series,Excavations and Surveys in Israel 18,1998,141,"Jerusalem , Holyland Hotel , A-2292, Sara Ben Arieh",JER_ALL,P3,not read (source not reachable),not read: portal PDF behind a JavaScript challenge; no Drive copy,https://publications.iaa.org.il/esi_english_series/19
esi_english_series_19#078,S1,esi_english_series,Excavations and Surveys in Israel 18,1998,142,"Jerusalem , Beit Safafa (West) , A-2429, Boaz Zissu and Hayim Moyal",JER_ALL,P3,not read (source not reachable),not read: portal PDF behind a JavaScript challenge; no Drive copy,https://publications.iaa.org.il/esi_english_series/19
esi_english_series_19#103,S1,esi_english_series,Excavations and Surveys in Israel 18,1998,171,"Jerusalem , Shemu’el Ha-Navi Street , Rafa‘ Abu Raya",JER_ALL,P3,not read (source not reachable),not read: portal PDF behind a JavaScript challenge; no Drive copy,https://publications.iaa.org.il/esi_english_series/19
esi_english_series_19#104,S1,esi_english_series,Excavations and Surveys in Israel 18,1998,172,"Jerusalem , Bet Ha-Kerem , *A-2301, Rafa‘ Abu Raya",JER_ALL,P3,not read (source not reachable),not read: portal PDF behind a JavaScript challenge; no Drive copy,https://publications.iaa.org.il/esi_english_series/19
esi_english_series_19#120,S1,esi_english_series,Excavations and Surveys in Israel 18,1998,175,"Jerusalem , East Talpiyot , A-1446, Orna Hess",JER_ALL,P3,not read (source not reachable),not read: portal PDF behind a JavaScript challenge; no Drive copy,https://publications.iaa.org.il/esi_english_series/19
esi_english_series_2#031,S1,esi_english_series,Excavations and Surveys in Israel 6,1988,43–46,"Jerusalem , Jerusalem Region, Survey of Map 102",JER_ALL,P3,not read (source not reachable),not read: portal PDF behind a JavaScript challenge; Drive copy exists but the Drive tool returns no text (file too large),https://publications.iaa.org.il/esi_english_series/2
esi_english_series_2#032,S1,esi_english_series,Excavations and Surveys in Israel 6,1988,46–47,"Jerusalem , Giv‘at Ram — Botanical Gardens",JER_ALL,P3,not read (source not reachable),not read: portal PDF behind a JavaScript challenge; Drive copy exists but the Drive tool returns no text (file too large),https://publications.iaa.org.il/esi_english_series/2
esi_english_series_20#028,S1,esi_english_series,Excavations and Surveys in Israel 7–8,1990,35,"Jerusalem , Mt. Scopus",JER_ALL,P3,not read (source not reachable),not read: portal PDF behind a JavaScript challenge; Drive copy exists but the Drive tool returns no text (file too large),https://publications.iaa.org.il/esi_english_series/20
esi_english_series_20#029,S1,esi_english_series,Excavations and Surveys in Israel 7–8,1990,35,"Jerusalem , Ramot",JER_ALL,P3,not read (source not reachable),not read: portal PDF behind a JavaScript challenge; Drive copy exists but the Drive tool returns no text (file too large),https://publications.iaa.org.il/esi_english_series/20
esi_english_series_20#030,S1,esi_english_series,Excavations and Surveys in Israel 7–8,1990,37,"Jerusalem , ‘En Ya‘el – 1987",JER_ALL,P3,not read (source not reachable),not read: portal PDF behind a JavaScript challenge; Drive copy exists but the Drive tool returns no text (file too large),https://publications.iaa.org.il/esi_english_series/20
esi_english_series_20#031,S1,esi_english_series,Excavations and Surveys in Israel 7–8,1990,39,"Jerusalem , Manaḥat – 1987/1988",JER_ALL,P3,not read (source not reachable),not read: portal PDF behind a JavaScript challenge; Drive copy exists but the Drive tool returns no text (file too large),https://publications.iaa.org.il/esi_english_series/20
esi_english_series_21#040,S1,esi_english_series,Excavations and Surveys in Israel 14,1995,77,"Jerusalem, Khirbet el-Burj , A-1882, Alexsander Onn and Yehuda Rapuano",JER_ALL,P3,not read (source not reachable),not read: portal PDF behind a JavaScript challenge; no Drive copy,https://publications.iaa.org.il/esi_english_series/21
esi_english_series_21#041,S1,esi_english_series,Excavations and Surveys in Israel 14,1995,78,"Jerusalem, Giv‘at Shapira (‘French Hill’) , A-1938, Lilly Gershuny and Boaz Zissu",JER_ALL,P3,not read (source not reachable),not read: portal PDF behind a JavaScript challenge; no Drive copy,https://publications.iaa.org.il/esi_english_series/21
esi_english_series_21#042,S1,esi_english_series,Excavations and Surveys in Israel 14,1995,79,"Jerusalem, eṭ-Ṭur , A-1857*, Rafa‘ Abu Raya",JER_ALL,P3,not read (source not reachable),not read: portal PDF behind a JavaScript challenge; no Drive copy,https://publications.iaa.org.il/esi_english_series/21
esi_english_series_21#043,S1,esi_english_series,Excavations and Surveys in Israel 14,1995,80,"Jerusalem, Mamilla , G-1/91, G-1/92 ,G-1/93, Ronny Reich, Eli Shukrun",JER_ALL,P3,not read (source not reachable),not read: portal PDF behind a JavaScript challenge; no Drive copy,https://publications.iaa.org.il/esi_english_series/21
esi_english_series_21#045,S1,esi_english_series,Excavations and Surveys in Israel 14,1995,84,"Jerusalem, Arnona , A-1941*, Zvi Greenhut and Gideon Solimany",JER_ALL,P3,not read (source not reachable),not read: portal PDF behind a JavaScript challenge; no Drive copy,https://publications.iaa.org.il/esi_english_series/21
esi_english_series_21#046,S1,esi_english_series,Excavations and Surveys in Israel 14,1995,86,"Jerusalem, Beit Ṣafafa , A-1931, Nurit Fieg",JER_ALL,P3,not read (source not reachable),not read: portal PDF behind a JavaScript challenge; no Drive copy,https://publications.iaa.org.il/esi_english_series/21
esi_english_series_21#047,S1,esi_english_series,Excavations and Surveys in Israel 14,1995,89,"Jerusalem, Naḥal Refa’im , A-1934, Emanuel Eisenberg",JER_ALL,P3,not read (source not reachable),not read: portal PDF behind a JavaScript challenge; no Drive copy,https://publications.iaa.org.il/esi_english_series/21
esi_english_series_21#087,S1,esi_english_series,Excavations and Surveys in Israel 14,1995,126,"Jerusalem, Shemuel Hanavi Street , Boaz Zissu",JER_ALL,P3,not read (source not reachable),not read: portal PDF behind a JavaScript challenge; no Drive copy,https://publications.iaa.org.il/esi_english_series/21
esi_english_series_21#088,S1,esi_english_series,Excavations and Surveys in Israel 14,1995,126,"Jerusalem, Hebron Road , A-1767*, Zvi Greenhut and Boaz Zissu",JER_ALL,P3,not read (source not reachable),not read: portal PDF behind a JavaScript challenge; no Drive copy,https://publications.iaa.org.il/esi_english_series/21
esi_english_series_4#013,S1,esi_english_series,Excavations and Surveys in Israel 10,1992,20,"Jerusalem, Mamilla Area , Ronny Reich, Eli Shukrun and Ya‘acov Bilig",JER_ALL,P3,not read (source not reachable),not read: portal PDF behind a JavaScript challenge; no Drive copy,https://publications.iaa.org.il/esi_english_series/4
esi_english_series_6#033,S1,esi_english_series,Excavations and Surveys in Israel 12,1994,47,"Jerusalem , Pisgat Ze’ev (East A) , Jon Seligman",JER_ALL,P3,not read (source not reachable),not read: portal PDF behind a JavaScript challenge; no Drive copy,https://publications.iaa.org.il/esi_english_series/6
esi_english_series_6#034,S1,esi_english_series,Excavations and Surveys in Israel 12,1994,49,"Jerusalem , Pisgat Ze’ev D (Ḥ. Zimri) , Yonatan Nadelman",JER_ALL,P3,not read (source not reachable),not read: portal PDF behind a JavaScript challenge; no Drive copy,https://publications.iaa.org.il/esi_english_series/6
esi_english_series_6#035,S1,esi_english_series,Excavations and Surveys in Israel 12,1994,51,"Jerusalem , Pisgat Ze’ev (Villa Quarter) , Eli Shukron and Alegre Savariego",JER_ALL,P3,not read (source not reachable),not read: portal PDF behind a JavaScript challenge; no Drive copy,https://publications.iaa.org.il/esi_english_series/6
esi_english_series_6#036,S1,esi_english_series,Excavations and Surveys in Israel 12,1994,53,"Jerusalem , Police Academy , Shlomo Gudovitch",JER_ALL,P3,not read (source not reachable),not read: portal PDF behind a JavaScript challenge; no Drive copy,https://publications.iaa.org.il/esi_english_series/6
esi_english_series_6#037,S1,esi_english_series,Excavations and Surveys in Israel 12,1994,54,"Jerusalem , Mamilla (1) , Ronny Reich, Eli Shukron and Ya‘akov Billig",JER_ALL,P3,not read (source not reachable),not read: portal PDF behind a JavaScript challenge; no Drive copy,https://publications.iaa.org.il/esi_english_series/6
esi_english_series_6#038,S1,esi_english_series,Excavations and Surveys in Israel 12,1994,55,"Jerusalem , Mamilla (2) , Aren Maeir",JER_ALL,P3,not read (source not reachable),not read: portal PDF behind a JavaScript challenge; no Drive copy,https://publications.iaa.org.il/esi_english_series/6
esi_english_series_6#039,S1,esi_english_series,Excavations and Surveys in Israel 12,1994,57,"Jerusalem , Naḥalat Aḥim , Alon Zehavi",JER_ALL,P3,not read (source not reachable),not read: portal PDF behind a JavaScript challenge; no Drive copy,https://publications.iaa.org.il/esi_english_series/6
esi_english_series_6#040,S1,esi_english_series,Excavations and Surveys in Israel 12,1994,58,"Jerusalem , Ben-Zvi Boulevard , Shlomo Gudovitch",JER_ALL,P3,not read (source not reachable),not read: portal PDF behind a JavaScript challenge; no Drive copy,https://publications.iaa.org.il/esi_english_series/6
esi_english_series_6#041,S1,esi_english_series,Excavations and Surveys in Israel 12,1994,59,"Jerusalem , Manaḥat , Alon Zehavi",JER_ALL,P3,not read (source not reachable),not read: portal PDF behind a JavaScript challenge; no Drive copy,https://publications.iaa.org.il/esi_english_series/6
esi_english_series_6#042,S1,esi_english_series,Excavations and Surveys in Israel 12,1994,61,"Jerusalem , Naḥal Refa’im – 1990 , Emanuel Eisenberg",JER_ALL,P3,not read (source not reachable),not read: portal PDF behind a JavaScript challenge; no Drive copy,https://publications.iaa.org.il/esi_english_series/6
esi_english_series_6#043,S1,esi_english_series,Excavations and Surveys in Israel 12,1994,64,"Jerusalem , Giv‘at Massu’a , Ruth Ovadiah",JER_ALL,P3,not read (source not reachable),not read: portal PDF behind a JavaScript challenge; no Drive copy,https://publications.iaa.org.il/esi_english_series/6
esi_english_series_6#076,S1,esi_english_series,Excavations and Surveys in Israel 12,1994,102,"Jerusalem , The Butchers’ Bazaar , Shlomo Margalit",JER_ALL,P3,not read (source not reachable),not read: portal PDF behind a JavaScript challenge; no Drive copy,https://publications.iaa.org.il/esi_english_series/6
esi_english_series_7#040,S1,esi_english_series,Excavations and Surveys in Israel 13,1995,59,"Jerusalem, Kh. Ka‘kul , G-34/91, Jon Seligman",JER_ALL,P3,not read (source not reachable),not read: portal PDF behind a JavaScript challenge; no Drive copy,https://publications.iaa.org.il/esi_english_series/7
esi_english_series_7#041,S1,esi_english_series,Excavations and Surveys in Israel 13,1995,60,"Jerusalem, Kh. er-Ras , A-1768, Alexsander Onn and Yehuda Rapuano",JER_ALL,P3,not read (source not reachable),not read: portal PDF behind a JavaScript challenge; no Drive copy,https://publications.iaa.org.il/esi_english_series/7
esi_english_series_7#042,S1,esi_english_series,Excavations and Surveys in Israel 13,1995,61,"Jerusalem, Mt. Scopus , A-1828, Shlomit Weksler-Bdolah",JER_ALL,P3,not read (source not reachable),not read: portal PDF behind a JavaScript challenge; no Drive copy,https://publications.iaa.org.il/esi_english_series/7
esi_english_series_7#043,S1,esi_english_series,Excavations and Surveys in Israel 13,1995,63,"Jerusalem, Binyane Ha’umma , Benny Arubas and Haim Goldfus",JER_ALL,P3,not read (source not reachable),not read: portal PDF behind a JavaScript challenge; no Drive copy,https://publications.iaa.org.il/esi_english_series/7
esi_english_series_7#044,S1,esi_english_series,Excavations and Surveys in Israel 13,1995,67,"Jerusalem, the Third Wall (Area C) , G-66/91, Eli Shukrun and Alegre Savariego",JER_ALL,P3,not read (source not reachable),not read: portal PDF behind a JavaScript challenge; no Drive copy,https://publications.iaa.org.il/esi_english_series/7
esi_english_series_7#045,S1,esi_english_series,Excavations and Surveys in Israel 13,1995,68,"Jerusalem, the Third Wall (Area D) , G-113/91, David Amit, Samuel Wolff and Amir Gorzalezany",JER_ALL,P3,not read (source not reachable),not read: portal PDF behind a JavaScript challenge; no Drive copy,https://publications.iaa.org.il/esi_english_series/7
esi_english_series_7#046,S1,esi_english_series,Excavations and Surveys in Israel 13,1995,72,"Jerusalem, East Talpiyot , A-1749, Ya‘aqov Billig",JER_ALL,P3,not read (source not reachable),not read: portal PDF behind a JavaScript challenge; no Drive copy,https://publications.iaa.org.il/esi_english_series/7
esi_english_series_7#047,S1,esi_english_series,Excavations and Surveys in Israel 13,1995,73,"Jerusalem, Giv‘ar Hamaṭos , G-112/91, Elena Kogan-Zehavi",JER_ALL,P3,not read (source not reachable),not read: portal PDF behind a JavaScript challenge; no Drive copy,https://publications.iaa.org.il/esi_english_series/7
esi_english_series_7#048,S1,esi_english_series,Excavations and Surveys in Israel 13,1995,77,"Jerusalem, Mar Elias , A-1895, Rina Avner",JER_ALL,P3,not read (source not reachable),not read: portal PDF behind a JavaScript challenge; no Drive copy,https://publications.iaa.org.il/esi_english_series/7
esi_english_series_7#070,S1,esi_english_series,Excavations and Surveys in Israel 13,1995,106,"Baqa el-Gharbiya , A-1816, Radwan Badihi and Yoram Lotan",JER_ALL,P3,not read (source not reachable),not read: portal PDF behind a JavaScript challenge; no Drive copy,https://publications.iaa.org.il/esi_english_series/7
esi_english_series_7#075,S1,esi_english_series,Excavations and Surveys in Israel 13,1995,108,"Jerusalem, Ma‘alot Daphna , A-1810, Gideon Solimany",JER_ALL,P3,not read (source not reachable),not read: portal PDF behind a JavaScript challenge; no Drive copy,https://publications.iaa.org.il/esi_english_series/7
esi_english_series_7#076,S1,esi_english_series,Excavations and Surveys in Israel 13,1995,109,"Jerusalem, Morasha (New Gate) , *A-1836, Alon Zehavi",JER_ALL,P3,not read (source not reachable),not read: portal PDF behind a JavaScript challenge; no Drive copy,https://publications.iaa.org.il/esi_english_series/7
esi_english_series_7#077,S1,esi_english_series,Excavations and Surveys in Israel 13,1995,109,"Jerusalem, Morasha (City Hall Plaza) , *A-1822, Viviana Eitunin and Alon Zehavi",JER_ALL,P3,not read (source not reachable),not read: portal PDF behind a JavaScript challenge; no Drive copy,https://publications.iaa.org.il/esi_english_series/7
esi_english_series_9#050,S1,esi_english_series,Excavations and Surveys in Israel 16,1997,81,"Jerusalem , Khirbet Ka‘kul , *A-1970, Elena Kogen-Zehavi",JER_ALL,P3,not read (source not reachable),not read: portal PDF behind a JavaScript challenge; no Drive copy,https://publications.iaa.org.il/esi_english_series/9
esi_english_series_9#051,S1,esi_english_series,Excavations and Surveys in Israel 16,1997,85,"Jerusalem , Khirbet ‘Adasa , A-2117, Hamudi Khalaily",JER_ALL,P3,not read (source not reachable),not read: portal PDF behind a JavaScript challenge; no Drive copy,https://publications.iaa.org.il/esi_english_series/9
esi_english_series_9#052,S1,esi_english_series,Excavations and Surveys in Israel 16,1997,87,"Jerusalem , Khirbet el-Burj , *A-1882 , Samuel Wolff",JER_ALL,P3,not read (source not reachable),not read: portal PDF behind a JavaScript challenge; no Drive copy,https://publications.iaa.org.il/esi_english_series/9
esi_english_series_9#053,S1,esi_english_series,Excavations and Surveys in Israel 16,1997,87,"Jerusalem , Pisgat Ze’ev (East A) , *A-1996 , Rafa‘ Abu Raya",JER_ALL,P3,not read (source not reachable),not read: portal PDF behind a JavaScript challenge; no Drive copy,https://publications.iaa.org.il/esi_english_series/9
esi_english_series_9#054,S1,esi_english_series,Excavations and Surveys in Israel 16,1997,89,"Jerusalem , Pisgat Ze’ev E , Ofra Shourkin",JER_ALL,P3,not read (source not reachable),not read: portal PDF behind a JavaScript challenge; no Drive copy,https://publications.iaa.org.il/esi_english_series/9
esi_english_series_9#055,S1,esi_english_series,Excavations and Surveys in Israel 16,1997,89,"Jerusalem , Givat Hamivtar , A-2153, Rafa‘ abu Raya",JER_ALL,P3,not read (source not reachable),not read: portal PDF behind a JavaScript challenge; no Drive copy,https://publications.iaa.org.il/esi_english_series/9
esi_english_series_9#056,S1,esi_english_series,Excavations and Surveys in Israel 16,1997,90,"Jerusalem , Haremahim and Hashahar Streets , A-1785, Rafa‘ abu Raya",JER_ALL,P3,not read (source not reachable),not read: portal PDF behind a JavaScript challenge; no Drive copy,https://publications.iaa.org.il/esi_english_series/9
esi_english_series_9#057,S1,esi_english_series,Excavations and Surveys in Israel 16,1997,91,"Jerusalem , ‘Bet Eliyahu’ , A-1825, Rafa‘ abu Raya",JER_ALL,P3,not read (source not reachable),not read: portal PDF behind a JavaScript challenge; no Drive copy,https://publications.iaa.org.il/esi_english_series/9
esi_english_series_9#058,S1,esi_english_series,Excavations and Surveys in Israel 16,1997,92,"Jerusalem , Hashalshelet Street , A-1873, A-1987, Elena Kogen-Zehavi",JER_ALL,P3,not read (source not reachable),not read: portal PDF behind a JavaScript challenge; no Drive copy,https://publications.iaa.org.il/esi_english_series/9
esi_english_series_9#059,S1,esi_english_series,Excavations and Surveys in Israel 16,1997,95,"Jerusalem , Hama‘araviyim Gate , 1976-A *, Rafa‘ abu Raya",JER_ALL,P3,not read (source not reachable),not read: portal PDF behind a JavaScript challenge; no Drive copy,https://publications.iaa.org.il/esi_english_series/9
esi_english_series_9#060,S1,esi_english_series,Excavations and Surveys in Israel 16,1997,96,"Jerusalem , ‘Robinson’s Arch’ , 2205-A, Ronny Reich and Ya‘akov Billig",JER_ALL,P3,not read (source not reachable),not read: portal PDF behind a JavaScript challenge; no Drive copy,https://publications.iaa.org.il/esi_english_series/9
esi_english_series_9#061,S1,esi_english_series,Excavations and Surveys in Israel 16,1997,97,"Jerusalem , Mount of Olives , A-2114, Rafa‘ abu Raya",JER_ALL,P3,not read (source not reachable),not read: portal PDF behind a JavaScript challenge; no Drive copy,https://publications.iaa.org.il/esi_english_series/9
ha_esi_bilingual_series_3#046,S1,ha_esi_bilingual_series,Ḥadashot Arkheologiyot חדשות ארכיאולוגיות 110,1999,76,"Jerusalem, Tell el-Ful , *2691, Ilan Peretz and Amir Re’em",JER_ALL,P3,not read (source not reachable),not read: portal PDF behind a JavaScript challenge; no Drive copy,https://publications.iaa.org.il/ha_esi_bilingual_series/3
ha_esi_bilingual_series_3#048,S1,ha_esi_bilingual_series,Ḥadashot Arkheologiyot חדשות ארכיאולוגיות 110,1999,78,"Jerusalem Eṭ-Ṭur , 2499, Jon Seligman and Rafa‘ Abu Raya",JER_ALL,P3,not read (source not reachable),not read: portal PDF behind a JavaScript challenge; no Drive copy,https://publications.iaa.org.il/ha_esi_bilingual_series/3
ha_esi_bilingual_series_3#049,S1,ha_esi_bilingual_series,Ḥadashot Arkheologiyot חדשות ארכיאולוגיות 110,1999,79,"Jerusalem, Suq Ha-Qaẓẓavim , *2556, Gideon Avni and Amit Re’em",JER_ALL,P3,not read (source not reachable),not read: portal PDF behind a JavaScript challenge; no Drive copy,https://publications.iaa.org.il/ha_esi_bilingual_series/3
ha_esi_bilingual_series_3#050,S1,ha_esi_bilingual_series,Ḥadashot Arkheologiyot חדשות ארכיאולוגיות 110,1999,80,"Jerusalem, Church of St. Peter in Gallicantu – 1997 , Florentino Diêz, Immaculada Prieto and Jesús Campos",JER_ALL,P3,not read (source not reachable),not read: portal PDF behind a JavaScript challenge; no Drive copy,https://publications.iaa.org.il/ha_esi_bilingual_series/3
ha_esi_bilingual_series_3#053,S1,ha_esi_bilingual_series,Ḥadashot Arkheologiyot חדשות ארכיאולוגיות 110,1999,84,"Jerusalem, Bayit Ve-Gan , 2610, Ofer Sion and Amit Re’em",JER_ALL,P3,not read (source not reachable),not read: portal PDF behind a JavaScript challenge; no Drive copy,https://publications.iaa.org.il/ha_esi_bilingual_series/3
ha_esi_bilingual_series_3#090,S1,ha_esi_bilingual_series,Ḥadashot Arkheologiyot חדשות ארכיאולוגיות 110,1999,115,"Baqa el-Gharbiya , Zakh Horowitz and Marwan Masrawa",JER_ALL,P3,not read (source not reachable),not read: portal PDF behind a JavaScript challenge; no Drive copy,https://publications.iaa.org.il/ha_esi_bilingual_series/3
ha_esi_bilingual_series_3#100,S1,ha_esi_bilingual_series,Ḥadashot Arkheologiyot חדשות ארכיאולוגיות 110,1999,118,"Jerusalem, Survey in the Neighborhood of Nevé Ya‘aqov , *17/98, Gideon Solimany and Danny Weiss",JER_ALL,P3,not read (source not reachable),not read: portal PDF behind a JavaScript challenge; no Drive copy,https://publications.iaa.org.il/ha_esi_bilingual_series/3
ha_esi_bilingual_series_3#101,S1,ha_esi_bilingual_series,Ḥadashot Arkheologiyot חדשות ארכיאולוגיות 110,1999,118,"Jerusalem, Giv‘at Ḥoma Survey , *1761, Gideon Solimany",JER_ALL,P3,not read (source not reachable),not read: portal PDF behind a JavaScript challenge; no Drive copy,https://publications.iaa.org.il/ha_esi_bilingual_series/3
ha_esi_bilingual_series_3#102,S1,ha_esi_bilingual_series,Ḥadashot Arkheologiyot חדשות ארכיאולוגיות 110,1999,118,"Jerusalem, Route 9, Survey , 114/97, Gideon Solimany and Amit Re’em",JER_ALL,P3,not read (source not reachable),not read: portal PDF behind a JavaScript challenge; no Drive copy,https://publications.iaa.org.il/ha_esi_bilingual_series/3
ha_esi_bilingual_series_3#119,S1,ha_esi_bilingual_series,Ḥadashot Arkheologiyot חדשות ארכיאולוגיות 110,1999,123,"Jerusalem, Ramat Ha-Golan Street , *274, Gershom Edelstein",JER_ALL,P3,not read (source not reachable),not read: portal PDF behind a JavaScript challenge; no Drive copy,https://publications.iaa.org.il/ha_esi_bilingual_series/3
ha_esi_bilingual_series_4#057,S1,ha_esi_bilingual_series,Ḥadashot Arkheologiyot חדשות ארכיאולוגיות 111,2000,81,"Jerusalem , Miqta‘at Karkis (East) , 2935-A*, Boaz Zissu and Amit Re’em",JER_ALL,P3,not read (source not reachable),not read: portal PDF behind a JavaScript challenge; no Drive copy,https://publications.iaa.org.il/ha_esi_bilingual_series/4
ha_esi_bilingual_series_4#058,S1,ha_esi_bilingual_series,Ḥadashot Arkheologiyot חדשות ארכיאולוגיות 111,2000,82,"Jerusalem , Tell el-Ful , 2699-A, Yuval Baruch",JER_ALL,P3,not read (source not reachable),not read: portal PDF behind a JavaScript challenge; no Drive copy,https://publications.iaa.org.il/ha_esi_bilingual_series/4
ha_esi_bilingual_series_4#059,S1,ha_esi_bilingual_series,Ḥadashot Arkheologiyot חדשות ארכיאולוגיות 111,2000,85,"Jerusalem , Issawiya , 2760-A-2797 ,*A*, Rafa‘ Abu Raya",JER_ALL,P3,not read (source not reachable),not read: portal PDF behind a JavaScript challenge; no Drive copy,https://publications.iaa.org.il/ha_esi_bilingual_series/4
ha_esi_bilingual_series_4#060,S1,ha_esi_bilingual_series,Ḥadashot Arkheologiyot חדשות ארכיאולוגיות 111,2000,86,"Jerusalem , Mount Scopus (East) , 3082-A, David Amit, Jon Seligman, and Irina Zilberbod",JER_ALL,P3,not read (source not reachable),not read: portal PDF behind a JavaScript challenge; no Drive copy,https://publications.iaa.org.il/ha_esi_bilingual_series/4
ha_esi_bilingual_series_4#061,S1,ha_esi_bilingual_series,Ḥadashot Arkheologiyot חדשות ארכיאולוגיות 111,2000,88,"Jerusalem , Horbat Bet Arza , Boaz Zissu and Amir Ganor",JER_ALL,P3,not read (source not reachable),not read: portal PDF behind a JavaScript challenge; no Drive copy,https://publications.iaa.org.il/ha_esi_bilingual_series/4
ha_esi_bilingual_series_4#062,S1,ha_esi_bilingual_series,Ḥadashot Arkheologiyot חדשות ארכיאולוגיות 111,2000,89,"Jerusalem , Rockefeller Museum , 2744-A*, Rafa‘ Abu Raya",JER_ALL,P3,not read (source not reachable),not read: portal PDF behind a JavaScript challenge; no Drive copy,https://publications.iaa.org.il/ha_esi_bilingual_series/4
ha_esi_bilingual_series_4#063,S1,ha_esi_bilingual_series,Ḥadashot Arkheologiyot חדשות ארכיאולוגיות 111,2000,91,"Jerusalem , Mount of Olives , 2702-A*, Rafa‘ Abu Raya",JER_ALL,P3,not read (source not reachable),not read: portal PDF behind a JavaScript challenge; no Drive copy,https://publications.iaa.org.il/ha_esi_bilingual_series/4
ha_esi_bilingual_series_4#064,S1,ha_esi_bilingual_series,Ḥadashot Arkheologiyot חדשות ארכיאולוגיות 111,2000,91,"Jerusalem , Church of the Holy Sepulchre , 2601-A, Jon Seligman and Gideon Avni",JER_ALL,P3,not read (source not reachable),not read: portal PDF behind a JavaScript challenge; no Drive copy,https://publications.iaa.org.il/ha_esi_bilingual_series/4
ha_esi_bilingual_series_4#065,S1,ha_esi_bilingual_series,Ḥadashot Arkheologiyot חדשות ארכיאולוגיות 111,2000,94,"Jerusalem , Ben Hinnom Valley , 2978-A*, Boaz Zissu, Shimon Gibson and Jacob Tavor",JER_ALL,P3,not read (source not reachable),not read: portal PDF behind a JavaScript challenge; no Drive copy,https://publications.iaa.org.il/ha_esi_bilingual_series/4
ha_esi_bilingual_series_4#066,S1,ha_esi_bilingual_series,Ḥadashot Arkheologiyot חדשות ארכיאולוגיות 111,2000,96,"Jerusalem , Umm Leisun , 2567-A, Jon Seligman and Rafa ‘Abu Raya",JER_ALL,P3,not read (source not reachable),not read: portal PDF behind a JavaScript challenge; no Drive copy,https://publications.iaa.org.il/ha_esi_bilingual_series/4
ha_esi_bilingual_series_4#067,S1,ha_esi_bilingual_series,Ḥadashot Arkheologiyot חדשות ארכיאולוגיות 111,2000,98,"Jerusalem , Manahat , 2934-A, Ianir Milevski",JER_ALL,P3,not read (source not reachable),not read: portal PDF behind a JavaScript challenge; no Drive copy,https://publications.iaa.org.il/ha_esi_bilingual_series/4
ha_esi_bilingual_series_4#111,S1,ha_esi_bilingual_series,Ḥadashot Arkheologiyot חדשות ארכיאולוגיות 111,2000,139,"Jerusalem , Sanhedriya Quarter , Boaz Zissu",JER_ALL,P3,not read (source not reachable),not read: portal PDF behind a JavaScript challenge; no Drive copy,https://publications.iaa.org.il/ha_esi_bilingual_series/4
ha_esi_bilingual_series_4#112,S1,ha_esi_bilingual_series,Ḥadashot Arkheologiyot חדשות ארכיאולוגיות 111,2000,139,"Jerusalem , Neftoah Observatory Survey , 83/98-G*, Gideon Solimany and Danny Weiss",JER_ALL,P3,not read (source not reachable),not read: portal PDF behind a JavaScript challenge; no Drive copy,https://publications.iaa.org.il/ha_esi_bilingual_series/4
ha_esi_bilingual_series_4#113,S1,ha_esi_bilingual_series,Ḥadashot Arkheologiyot חדשות ארכיאולוגיות 111,2000,140,"Jerusalem , Giv‘at Ha-Matos , 2762-A*, Danny Weiss",JER_ALL,P3,not read (source not reachable),not read: portal PDF behind a JavaScript challenge; no Drive copy,https://publications.iaa.org.il/ha_esi_bilingual_series/4
ha_esi_bilingual_series_4#131,S1,ha_esi_bilingual_series,Ḥadashot Arkheologiyot חדשות ארכיאולוגיות 111,2000,145,"Jerusalem , Qeren Ha-Yesod Street , 725-A*, Eliot Brown",JER_ALL,P3,not read (source not reachable),not read: portal PDF behind a JavaScript challenge; no Drive copy,https://publications.iaa.org.il/ha_esi_bilingual_series/4
ha_esi_bilingual_series_4#132,S1,ha_esi_bilingual_series,Ḥadashot Arkheologiyot חדשות ארכיאולוגיות 111,2000,145,"Jerusalem , East Talpiyot , 624-A*, Gershon Edelstein",JER_ALL,P3,not read (source not reachable),not read: portal PDF behind a JavaScript challenge; no Drive copy,https://publications.iaa.org.il/ha_esi_bilingual_series/4
ha_esi_bilingual_series_6#066,S1,ha_esi_bilingual_series,Ḥadashot Arkheologiyot חדשות ארכיאולוגיות 113,2001,114,"Jerusalem, Salah ed-Din Street , A-2900, A-3130, Gideon Avni and Zubier Adawy",JER_ALL,P3,not read (source not reachable),not read: portal PDF behind a JavaScript challenge; no Drive copy,https://publications.iaa.org.il/ha_esi_bilingual_series/6
ha_esi_bilingual_series_6#067,S1,ha_esi_bilingual_series,Ḥadashot Arkheologiyot חדשות ארכיאולוגיות 113,2001,116,"Jerusalem , the Old City – Herod’s Gate , A-2877, Gideon Avni, Yuval Baruch and Shlomit Weksler-Bdolah",JER_ALL,P3,not read (source not reachable),not read: portal PDF behind a JavaScript challenge; no Drive copy,https://publications.iaa.org.il/ha_esi_bilingual_series/6
ha_esi_bilingual_series_6#068,S1,ha_esi_bilingual_series,Ḥadashot Arkheologiyot חדשות ארכיאולוגיות 113,2001,120,"Jerusalem , the Old City Walls , A-3170, Shlomit Weksler-Bdolah",JER_ALL,P3,not read (source not reachable),not read: portal PDF behind a JavaScript challenge; no Drive copy,https://publications.iaa.org.il/ha_esi_bilingual_series/6
ha_esi_bilingual_series_6#070,S1,ha_esi_bilingual_series,Ḥadashot Arkheologiyot חדשות ארכיאולוגיות 113,2001,124,"Jerusalem , Ketef Hinnom , A-3007, Rina Avner and Yehiel Zelinger",JER_ALL,P3,not read (source not reachable),not read: portal PDF behind a JavaScript challenge; no Drive copy,https://publications.iaa.org.il/ha_esi_bilingual_series/6
ha_esi_bilingual_series_6#071,S1,ha_esi_bilingual_series,Ḥadashot Arkheologiyot חדשות ארכיאולוגיות 113,2001,127,"Jerusalem , Mizpe Nof, Survey , G-67/99*, Zvi Greenhut and Amit Re’em",JER_ALL,P3,not read (source not reachable),not read: portal PDF behind a JavaScript challenge; no Drive copy,https://publications.iaa.org.il/ha_esi_bilingual_series/6
ha_esi_bilingual_series_6#072,S1,ha_esi_bilingual_series,Ḥadashot Arkheologiyot חדשות ארכיאולוגיות 113,2001,130,"Jerusalem , Qiryat Menahem , A-3088, Ofer Sion",JER_ALL,P3,not read (source not reachable),not read: portal PDF behind a JavaScript challenge; no Drive copy,https://publications.iaa.org.il/ha_esi_bilingual_series/6
ha_esi_bilingual_series_6#073,S1,ha_esi_bilingual_series,Ḥadashot Arkheologiyot חדשות ארכיאולוגיות 113,2001,133,"Jerusalem , Mar Elias – the Kathisma Church , G-140/99, A-3276, Rina Avner, George Lavas and Irini Rosidis",JER_ALL,P3,not read (source not reachable),not read: portal PDF behind a JavaScript challenge; no Drive copy,https://publications.iaa.org.il/ha_esi_bilingual_series/6
ha_esi_bilingual_series_6#074,S1,ha_esi_bilingual_series,Ḥadashot Arkheologiyot חדשות ארכיאולוגיות 113,2001,137,"Sur Bahir , A-2214, Natalie May",JER_ALL,P3,not read (source not reachable),not read: portal PDF behind a JavaScript challenge; no Drive copy,https://publications.iaa.org.il/ha_esi_bilingual_series/6
ha_esi_bilingual_series_7#024,S1,ha_esi_bilingual_series,Ḥadashot Arkheologiyot חדשות ארכיאולוגיות 114,2002,45,"Baqa el-Gharbiya , A-3047*, Uzi ‘Ad",JER_ALL,P3,not read (source not reachable),not read: portal PDF behind a JavaScript challenge; no Drive copy,https://publications.iaa.org.il/ha_esi_bilingual_series/7
ha_esi_bilingual_series_7#052,S1,ha_esi_bilingual_series,Ḥadashot Arkheologiyot חדשות ארכיאולוגיות 114,2002,85,"Jerusalem , Tell el-Ful , A-3160, Amit Re’em",JER_ALL,P3,not read (source not reachable),not read: portal PDF behind a JavaScript challenge; no Drive copy,https://publications.iaa.org.il/ha_esi_bilingual_series/7
ha_esi_bilingual_series_7#053,S1,ha_esi_bilingual_series,Ḥadashot Arkheologiyot חדשות ארכיאולוגיות 114,2002,86,"Jerusalem , Mount Scopus (A) , A-3193*, Amit Re’em",JER_ALL,P3,not read (source not reachable),not read: portal PDF behind a JavaScript challenge; no Drive copy,https://publications.iaa.org.il/ha_esi_bilingual_series/7
ha_esi_bilingual_series_7#054,S1,ha_esi_bilingual_series,Ḥadashot Arkheologiyot חדשות ארכיאולוגיות 114,2002,87,"Jerusalem , Mount Scopus (B) , Boaz Zissu and Amit Re’em",JER_ALL,P3,not read (source not reachable),not read: portal PDF behind a JavaScript challenge; no Drive copy,https://publications.iaa.org.il/ha_esi_bilingual_series/7
ha_esi_bilingual_series_7#055,S1,ha_esi_bilingual_series,Ḥadashot Arkheologiyot חדשות ארכיאולוגיות 114,2002,89,"Jerusalem , the Old City , A-3319*, Yuval Baruch",JER_ALL,P3,not read (source not reachable),not read: portal PDF behind a JavaScript challenge; no Drive copy,https://publications.iaa.org.il/ha_esi_bilingual_series/7
ha_esi_bilingual_series_7#057,S1,ha_esi_bilingual_series,Ḥadashot Arkheologiyot חדשות ארכיאולוגיות 114,2002,94,"Jerusalem , Abu Tor , Boaz Zissu",JER_ALL,P3,not read (source not reachable),not read: portal PDF behind a JavaScript challenge; no Drive copy,https://publications.iaa.org.il/ha_esi_bilingual_series/7
ha_esi_bilingual_series_7#058,S1,ha_esi_bilingual_series,Ḥadashot Arkheologiyot חדשות ארכיאולוגיות 114,2002,96,"Jerusalem , ‘Ir Gannim , G-92/00, A-3477, Raphael Greenberg and Gilad Cinamon",JER_ALL,P3,not read (source not reachable),not read: portal PDF behind a JavaScript challenge; no Drive copy,https://publications.iaa.org.il/ha_esi_bilingual_series/7
ha_esi_bilingual_series_7#095,S1,ha_esi_bilingual_series,Ḥadashot Arkheologiyot חדשות ארכיאולוגיות 114,2002,142,"Jerusalem , East Talpiyot , A-3403, Ya‘akov Billig",JER_ALL,P3,not read (source not reachable),not read: portal PDF behind a JavaScript challenge; no Drive copy,https://publications.iaa.org.il/ha_esi_bilingual_series/7
ha_esi_bilingual_series_7#096,S1,ha_esi_bilingual_series,Ḥadashot Arkheologiyot חדשות ארכיאולוגיות 114,2002,143,"Jerusalem , Mar Elias , A-3185*, Dani Weiss",JER_ALL,P3,not read (source not reachable),not read: portal PDF behind a JavaScript challenge; no Drive copy,https://publications.iaa.org.il/ha_esi_bilingual_series/7
ha_esi_bilingual_series_8#037,S1,ha_esi_bilingual_series,Ḥadashot Arkheologiyot חדשות ארכיאולוגיות 115,2003,66,"Jerusalem , Mamilla Pool , A-3100*, Rafa Abu Raya and Ya‘akov Billig",JER_ALL,P3,not read (source not reachable),not read: portal PDF behind a JavaScript challenge; no Drive copy,https://publications.iaa.org.il/ha_esi_bilingual_series/8
ha_esi_bilingual_series_8#038,S1,ha_esi_bilingual_series,Ḥadashot Arkheologiyot חדשות ארכיאולוגיות 115,2003,67,"Jerusalem , The Old City , A-2411*, Rafa Abu Raya",JER_ALL,P3,not read (source not reachable),not read: portal PDF behind a JavaScript challenge; no Drive copy,https://publications.iaa.org.il/ha_esi_bilingual_series/8
ha_esi_bilingual_series_8#040,S1,ha_esi_bilingual_series,Ḥadashot Arkheologiyot חדשות ארכיאולוגיות 115,2003,71,"Jerusalem , Church of St. Peter in Gallicantu , G-90/00, Florentino Díez",JER_ALL,P3,not read (source not reachable),not read: portal PDF behind a JavaScript challenge; no Drive copy,https://publications.iaa.org.il/ha_esi_bilingual_series/8
ha_esi_bilingual_series_8#041,S1,ha_esi_bilingual_series,Ḥadashot Arkheologiyot חדשות ארכיאולוגיות 115,2003,72,"Jerusalem , Abu Tor , A-3284*, A-3287*, Amit Re’em and Rafa Abu Raya",JER_ALL,P3,not read (source not reachable),not read: portal PDF behind a JavaScript challenge; no Drive copy,https://publications.iaa.org.il/ha_esi_bilingual_series/8
ha_esi_bilingual_series_8#065,S1,ha_esi_bilingual_series,Ḥadashot Arkheologiyot חדשות ארכיאולוגיות 115,2003,100,"Jerusalem , Mount Scopus (East) , A-3096*, Zubier Adawy",JER_ALL,P3,not read (source not reachable),not read: portal PDF behind a JavaScript challenge; no Drive copy,https://publications.iaa.org.il/ha_esi_bilingual_series/8
ha_esi_bilingual_series_8#066,S1,ha_esi_bilingual_series,Ḥadashot Arkheologiyot חדשות ארכיאולוגיות 115,2003,100,"Jerusalem , Mount Scopus , A-3203*, Dani Weiss",JER_ALL,P3,not read (source not reachable),not read: portal PDF behind a JavaScript challenge; no Drive copy,https://publications.iaa.org.il/ha_esi_bilingual_series/8
ha_esi_bilingual_series_8#067,S1,ha_esi_bilingual_series,Ḥadashot Arkheologiyot חדשות ארכיאולוגיות 115,2003,101,"Jerusalem , Berekhat Ha-Sultan , A-3194*, Dani Weiss",JER_ALL,P3,not read (source not reachable),not read: portal PDF behind a JavaScript challenge; no Drive copy,https://publications.iaa.org.il/ha_esi_bilingual_series/8
ha_esi_bilingual_series_8#080,S1,ha_esi_bilingual_series,Ḥadashot Arkheologiyot חדשות ארכיאולוגיות 115,2003,106,"Jerusalem , Khirbat el-Burj , A-372*, Gershon Edelstein",JER_ALL,P3,not read (source not reachable),not read: portal PDF behind a JavaScript challenge; no Drive copy,https://publications.iaa.org.il/ha_esi_bilingual_series/8
ha_hebrew_series_1#013,S2,ha_hebrew_series,Hadashot Arkheologiyot 1 / חדשות ארכיאולוגיות א,1961,15–16,"חדשות ארכיאולוגיות מעבר לגבול, חפירות בירושלים העתיקה , קת'לין קניון",JER_ALL,P3,not read (source not reachable),not read: portal PDF behind a JavaScript challenge; no Drive copy,https://publications.iaa.org.il/ha_hebrew_series/1
ha_hebrew_series_10#008,S1,ha_hebrew_series,Hadashot Arkheologiyot 24 / חדשות ארכיאולוגיות כד,1967,17–18,"ירושלים. מצד ""מעלה רומאים"" , וסיליוס צפיריס",JER_ALL,P3,not read (source not reachable),not read: portal PDF behind a JavaScript challenge; no Drive copy,https://publications.iaa.org.il/ha_hebrew_series/10
ha_hebrew_series_12#001,S1,ha_hebrew_series,Hadashot Arkheologiyot 27 / חדשות ארכיאולוגיות כז,1968,1–2,"ירושלים: קברים יהודיים בגבעת המבתר , וסיליוס צפיריס",JER_ALL,P3,not read (source not reachable),not read: portal PDF behind a JavaScript challenge; no Drive copy,https://publications.iaa.org.il/ha_hebrew_series/12
ha_hebrew_series_12#002,S1,ha_hebrew_series,Hadashot Arkheologiyot 27 / חדשות ארכיאולוגיות כז,1968,2–4,"ירושלים: בנייני האומה , מיכאל אבי-יונה",JER_ALL,P3,not read (source not reachable),not read: portal PDF behind a JavaScript challenge; no Drive copy,https://publications.iaa.org.il/ha_hebrew_series/12
ha_hebrew_series_12#003,S1,ha_hebrew_series,Hadashot Arkheologiyot 27 / חדשות ארכיאולוגיות כז,1968,4,ירושלים: רחוב אלפסי,JER_ALL,P3,not read (source not reachable),not read: portal PDF behind a JavaScript challenge; no Drive copy,https://publications.iaa.org.il/ha_hebrew_series/12
ha_hebrew_series_12#004,S1,ha_hebrew_series,Hadashot Arkheologiyot 27 / חדשות ארכיאולוגיות כז,1968,4,"ירושלים: קרית יובל , אברהם איתן",JER_ALL,P3,not read (source not reachable),not read: portal PDF behind a JavaScript challenge; no Drive copy,https://publications.iaa.org.il/ha_hebrew_series/12
ha_hebrew_series_12#019,S1,ha_hebrew_series,Hadashot Arkheologiyot 27 / חדשות ארכיאולוגיות כז,1968,21,"הפעולה הארכיאולוגית ביהודה ושומרון: צור באהר , יעקב משורר",JER_ALL,P3,not read (source not reachable),not read: portal PDF behind a JavaScript challenge; no Drive copy,https://publications.iaa.org.il/ha_hebrew_series/12
ha_hebrew_series_13#017,S1,ha_hebrew_series,Hadashot Arkheologiyot 30 / חדשות ארכיאולוגיות ל,1969,20–22,"ירושלים: המצודה , רות עמירן ואברהם איתן",JER_ALL,P3,not read (source not reachable),not read: portal PDF behind a JavaScript challenge; no Drive copy,https://publications.iaa.org.il/ha_hebrew_series/13
ha_hebrew_series_13#018,S1,ha_hebrew_series,Hadashot Arkheologiyot 30 / חדשות ארכיאולוגיות ל,1969,22,"ירושלים: מערות קברים , שלמה גודוביץ",JER_ALL,P3,not read (source not reachable),not read: portal PDF behind a JavaScript challenge; no Drive copy,https://publications.iaa.org.il/ha_hebrew_series/13
ha_hebrew_series_13#019,S1,ha_hebrew_series,Hadashot Arkheologiyot 30 / חדשות ארכיאולוגיות ל,1969,22–24,"ירושלים: הרובע היהודי , אשר עובדיה ואהוד מנצ'ל",JER_ALL,P3,not read (source not reachable),not read: portal PDF behind a JavaScript challenge; no Drive copy,https://publications.iaa.org.il/ha_hebrew_series/13
ha_hebrew_series_13#020,S1,ha_hebrew_series,Hadashot Arkheologiyot 30 / חדשות ארכיאולוגיות ל,1969,24,בית מלאכה מימי הבית השני בסביבות ירושלים,JER_ALL,P3,not read (source not reachable),not read: portal PDF behind a JavaScript challenge; no Drive copy,https://publications.iaa.org.il/ha_hebrew_series/13
ha_hebrew_series_14#024,S1,ha_hebrew_series,Hadashot Arkheologiyot 31–32 / חדשות ארכיאולוגיות לא–לב,1969,17,"ירושלים: הרובע היהודי , י' מרגובסקי",JER_ALL,P3,not read (source not reachable),not read: portal PDF behind a JavaScript challenge; no Drive copy,https://publications.iaa.org.il/ha_hebrew_series/14
ha_hebrew_series_14#025,S1,ha_hebrew_series,Hadashot Arkheologiyot 31–32 / חדשות ארכיאולוגיות לא–לב,1969,18,"ירושלים: שרידי מצד ליד הגבעה הצרפתית , אורה נגבי",JER_ALL,P3,not read (source not reachable),not read: portal PDF behind a JavaScript challenge; no Drive copy,https://publications.iaa.org.il/ha_hebrew_series/14
ha_hebrew_series_15#002,S1,ha_hebrew_series,Hadashot Arkheologiyot 33 / חדשות ארכיאולוגיות לג,1970,2–4,"ירושלים: המצודה - 1969 , רות עמירן ואברהם איתן",JER_ALL,P3,not read (source not reachable),not read: portal PDF behind a JavaScript challenge; no Drive copy,https://publications.iaa.org.il/ha_hebrew_series/15
ha_hebrew_series_15#003,S1,ha_hebrew_series,Hadashot Arkheologiyot 33 / חדשות ארכיאולוגיות לג,1970,4–5,"ירושלים: הר הצופים , אליעזר אורן",JER_ALL,P3,not read (source not reachable),not read: portal PDF behind a JavaScript challenge; no Drive copy,https://publications.iaa.org.il/ha_hebrew_series/15
ha_hebrew_series_16#015,S1,ha_hebrew_series,Hadashot Arkheologiyot 34–35 / חדשות ארכיאולוגיות לד–לה,1970,13–17,"ירושלים: הרובע היהודי , נחמן אביגד",JER_ALL,P3,not read (source not reachable),not read: portal PDF behind a JavaScript challenge; no Drive copy,https://publications.iaa.org.il/ha_hebrew_series/16
ha_hebrew_series_16#016,S1,ha_hebrew_series,Hadashot Arkheologiyot 34–35 / חדשות ארכיאולוגיות לד–לה,1970,17–19,ירושלים: קברים מימי בית שני,JER_ALL,P3,not read (source not reachable),not read: portal PDF behind a JavaScript challenge; no Drive copy,https://publications.iaa.org.il/ha_hebrew_series/16
ha_hebrew_series_16#017,S1,ha_hebrew_series,Hadashot Arkheologiyot 34–35 / חדשות ארכיאולוגיות לד–לה,1970,19,"ירושלים: הגבעה הצרפתית , אליעזר אורן",JER_ALL,P3,not read (source not reachable),not read: portal PDF behind a JavaScript challenge; no Drive copy,https://publications.iaa.org.il/ha_hebrew_series/16
ha_hebrew_series_16#018,S1,ha_hebrew_series,Hadashot Arkheologiyot 34–35 / חדשות ארכיאולוגיות לד–לה,1970,19–20,"ירושלים: מסעף כביש רופין – שדרות בן צבי , אליעזר אורן",JER_ALL,P3,not read (source not reachable),not read: portal PDF behind a JavaScript challenge; no Drive copy,https://publications.iaa.org.il/ha_hebrew_series/16
ha_hebrew_series_18#017,S1,ha_hebrew_series,Hadashot Arkheologiyot 43 / חדשות ארכיאולוגיות מג,1972,15,"ירושלים: ככר צה""ל , מנשה בן-ארי ודן בהט",JER_ALL,P3,not read (source not reachable),not read: portal PDF behind a JavaScript challenge; no Drive copy,https://publications.iaa.org.il/ha_hebrew_series/18
ha_hebrew_series_18#018,S1,ha_hebrew_series,Hadashot Arkheologiyot 43 / חדשות ארכיאולוגיות מג,1972,16,"ירושלים: קברים ליד ""קברי המלכים"" , פאני ויטו",JER_ALL,P3,not read (source not reachable),not read: portal PDF behind a JavaScript challenge; no Drive copy,https://publications.iaa.org.il/ha_hebrew_series/18
ha_hebrew_series_18#019,S1,ha_hebrew_series,Hadashot Arkheologiyot 43 / חדשות ארכיאולוגיות מג,1972,16,"ירושלים: גבעת המבתר , עמוס קלונר",JER_ALL,P3,not read (source not reachable),not read: portal PDF behind a JavaScript challenge; no Drive copy,https://publications.iaa.org.il/ha_hebrew_series/18
ha_hebrew_series_18#020,S1,ha_hebrew_series,Hadashot Arkheologiyot 43 / חדשות ארכיאולוגיות מג,1972,16–17,"ירושלים: שועפט , עמוס קלונר",JER_ALL,P3,not read (source not reachable),not read: portal PDF behind a JavaScript challenge; no Drive copy,https://publications.iaa.org.il/ha_hebrew_series/18
ha_hebrew_series_19#012,S1,ha_hebrew_series,Hadashot Arkheologiyot 46 / חדשות ארכיאולוגיות מו,1973,13,"ירושלים , החומה השלישית , שרה בן-אריה, אהוד נצר ויצחק לוי",JER_ALL,P3,not read (source not reachable),not read: portal PDF behind a JavaScript challenge; no Drive copy,https://publications.iaa.org.il/ha_hebrew_series/19
ha_hebrew_series_19#013,S1,ha_hebrew_series,Hadashot Arkheologiyot 46 / חדשות ארכיאולוגיות מו,1973,14,"ירושלים , הגן הארמני, חומה חדשה , מגו ברושי",JER_ALL,P3,not read (source not reachable),not read: portal PDF behind a JavaScript challenge; no Drive copy,https://publications.iaa.org.il/ha_hebrew_series/19
ha_hebrew_series_19#015,S1,ha_hebrew_series,Hadashot Arkheologiyot 46 / חדשות ארכיאולוגיות מו,1973,15,"ירושלים , הגבעה הצרפתית , עמוס קלונר",JER_ALL,P3,not read (source not reachable),not read: portal PDF behind a JavaScript challenge; no Drive copy,https://publications.iaa.org.il/ha_hebrew_series/19
ha_hebrew_series_19#016,S1,ha_hebrew_series,Hadashot Arkheologiyot 46 / חדשות ארכיאולוגיות מו,1973,15,"ירושלים , מזרח תלפיות , פאני ויטו",JER_ALL,P3,not read (source not reachable),not read: portal PDF behind a JavaScript challenge; no Drive copy,https://publications.iaa.org.il/ha_hebrew_series/19
ha_hebrew_series_19#017,S1,ha_hebrew_series,Hadashot Arkheologiyot 46 / חדשות ארכיאולוגיות מו,1973,15,"ירושלים , עיסוויה , עמוס קלונר ושלמה גודוביץ",JER_ALL,P3,not read (source not reachable),not read: portal PDF behind a JavaScript challenge; no Drive copy,https://publications.iaa.org.il/ha_hebrew_series/19
ha_hebrew_series_19#019,S1,ha_hebrew_series,Hadashot Arkheologiyot 46 / חדשות ארכיאולוגיות מו,1973,16,"כביש רומי ירושלים-בית גוברין , ישראל רול",JER_ALL,P3,not read (source not reachable),not read: portal PDF behind a JavaScript challenge; no Drive copy,https://publications.iaa.org.il/ha_hebrew_series/19
ha_hebrew_series_2#002,S1,ha_hebrew_series,Hadashot Arkheologiyot 2–3 / חדשות ארכיאולוגיות ב–ג,1962,4,"תל לכיש , כתובות עבריות במערת ""ירושלים"" , יוסף נוה",JER_ALL,P3,not read (source not reachable),not read: portal PDF behind a JavaScript challenge; no Drive copy,https://publications.iaa.org.il/ha_hebrew_series/2
ha_hebrew_series_20#019,S1,ha_hebrew_series,Hadashot Arkheologiyot 47 / חדשות ארכיאולוגיות מז,1973,17,"ירושלים , הר הצופים , ורדה זוסמן ויוסף זיאס",JER_ALL,P3,not read (source not reachable),not read: portal PDF behind a JavaScript challenge; no Drive copy,https://publications.iaa.org.il/ha_hebrew_series/20
ha_hebrew_series_20#020,S1,ha_hebrew_series,Hadashot Arkheologiyot 47 / חדשות ארכיאולוגיות מז,1973,17,"ירושלים , עמק המצלבה , ורדה זוסמן ויוסף זיאס",JER_ALL,P3,not read (source not reachable),not read: portal PDF behind a JavaScript challenge; no Drive copy,https://publications.iaa.org.il/ha_hebrew_series/20
ha_hebrew_series_21#038,S1,ha_hebrew_series,Hadashot Arkheologiyot 48–49 / חדשות ארכיאולוגיות מח–מט,1974,65,"ירושלים , הרובע היהודי – 1973 , נחמן אביגד",JER_ALL,P3,not read (source not reachable),not read: portal PDF behind a JavaScript challenge; no Drive copy,https://publications.iaa.org.il/ha_hebrew_series/21
ha_hebrew_series_21#039,S1,ha_hebrew_series,Hadashot Arkheologiyot 48–49 / חדשות ארכיאולוגיות מח–מט,1974,68,"ירושלים , הר הצופים (הגן הבוטאני) , ל""י רחמני",JER_ALL,P3,not read (source not reachable),not read: portal PDF behind a JavaScript challenge; no Drive copy,https://publications.iaa.org.il/ha_hebrew_series/21
ha_hebrew_series_21#040,S1,ha_hebrew_series,Hadashot Arkheologiyot 48–49 / חדשות ארכיאולוגיות מח–מט,1974,68,"ירושלים , גבעת המבתר , רות פלד ואורנה הס",JER_ALL,P3,not read (source not reachable),not read: portal PDF behind a JavaScript challenge; no Drive copy,https://publications.iaa.org.il/ha_hebrew_series/21
ha_hebrew_series_21#041,S1,ha_hebrew_series,Hadashot Arkheologiyot 48–49 / חדשות ארכיאולוגיות מח–מט,1974,69,"ירושלים , קריית משה , עמוס קלונר",JER_ALL,P3,not read (source not reachable),not read: portal PDF behind a JavaScript challenge; no Drive copy,https://publications.iaa.org.il/ha_hebrew_series/21
ha_hebrew_series_21#042,S1,ha_hebrew_series,Hadashot Arkheologiyot 48–49 / חדשות ארכיאולוגיות מח–מט,1974,69,"ירושלים , בריכת הסולטן , עמוס קלונר",JER_ALL,P3,not read (source not reachable),not read: portal PDF behind a JavaScript challenge; no Drive copy,https://publications.iaa.org.il/ha_hebrew_series/21
ha_hebrew_series_22#012,S1,ha_hebrew_series,Hadashot Arkheologiyot 50 / חדשות ארכיאולוגיות נ,1974,14,"ירושלים , גבעת מרדכי , עמוס קלונר",JER_ALL,P3,not read (source not reachable),not read: portal PDF behind a JavaScript challenge; no Drive copy,https://publications.iaa.org.il/ha_hebrew_series/22
ha_hebrew_series_22#013,S1,ha_hebrew_series,Hadashot Arkheologiyot 50 / חדשות ארכיאולוגיות נ,1974,14,"ירושלים , אבו-טור, ""התאטרון"" , עמוס קלונר",JER_ALL,P3,not read (source not reachable),not read: portal PDF behind a JavaScript challenge; no Drive copy,https://publications.iaa.org.il/ha_hebrew_series/22
ha_hebrew_series_22#014,S1,ha_hebrew_series,Hadashot Arkheologiyot 50 / חדשות ארכיאולוגיות נ,1974,14,"ירושלים , אבו-טור, אמת המים הנמוכה , אגון לס",JER_ALL,P3,not read (source not reachable),not read: portal PDF behind a JavaScript challenge; no Drive copy,https://publications.iaa.org.il/ha_hebrew_series/22
ha_hebrew_series_23#020,S1,ha_hebrew_series,Hadashot Arkheologiyot 51–52 / חדשות ארכיאולוגיות נא–נב,1974,24,"ירושלים , הר הצופים , עמוס קלונר, אהוד נצר ויוסף זיאס",JER_ALL,P3,not read (source not reachable),not read: portal PDF behind a JavaScript challenge; no Drive copy,https://publications.iaa.org.il/ha_hebrew_series/23
ha_hebrew_series_23#021,S1,ha_hebrew_series,Hadashot Arkheologiyot 51–52 / חדשות ארכיאולוגיות נא–נב,1974,25,"ירושלים , הגבעה הצרפתית , עמוס קלונר",JER_ALL,P3,not read (source not reachable),not read: portal PDF behind a JavaScript challenge; no Drive copy,https://publications.iaa.org.il/ha_hebrew_series/23
ha_hebrew_series_23#022,S1,ha_hebrew_series,Hadashot Arkheologiyot 51–52 / חדשות ארכיאולוגיות נא–נב,1974,25,"ירושלים , גת שמנים , קפריאנוס ספירו",JER_ALL,P3,not read (source not reachable),not read: portal PDF behind a JavaScript challenge; no Drive copy,https://publications.iaa.org.il/ha_hebrew_series/23
ha_hebrew_series_24#019,S1,ha_hebrew_series,Hadashot Arkheologiyot 53 / חדשות ארכיאולוגיות נג,1975,18,"ירושלים , הר הזיתים , עמוס קלונר",JER_ALL,P3,not read (source not reachable),not read: portal PDF behind a JavaScript challenge; no Drive copy,https://publications.iaa.org.il/ha_hebrew_series/24
ha_hebrew_series_24#020,S1,ha_hebrew_series,Hadashot Arkheologiyot 53 / חדשות ארכיאולוגיות נג,1975,19,"ירושלים , הר הצופים , עמוס קלונר וי' גת",JER_ALL,P3,not read (source not reachable),not read: portal PDF behind a JavaScript challenge; no Drive copy,https://publications.iaa.org.il/ha_hebrew_series/24
ha_hebrew_series_24#021,S1,ha_hebrew_series,Hadashot Arkheologiyot 53 / חדשות ארכיאולוגיות נג,1975,20,"ירושלים , מערות קבורה מתקופת הברזל , עמוס קלונר וגבי ברקאי",JER_ALL,P3,not read (source not reachable),not read: portal PDF behind a JavaScript challenge; no Drive copy,https://publications.iaa.org.il/ha_hebrew_series/24
ha_hebrew_series_24#022,S1,ha_hebrew_series,Hadashot Arkheologiyot 53 / חדשות ארכיאולוגיות נג,1975,22,"ירושלים , דרך חברון , דיוויד דיוויס ועמוס קלונר",JER_ALL,P3,not read (source not reachable),not read: portal PDF behind a JavaScript challenge; no Drive copy,https://publications.iaa.org.il/ha_hebrew_series/24
ha_hebrew_series_24#023,S1,ha_hebrew_series,Hadashot Arkheologiyot 53 / חדשות ארכיאולוגיות נג,1975,23,"ירושלים , מערת האשכולות , עמוס קלונר",JER_ALL,P3,not read (source not reachable),not read: portal PDF behind a JavaScript challenge; no Drive copy,https://publications.iaa.org.il/ha_hebrew_series/24
ha_hebrew_series_25#018,S1,ha_hebrew_series,Hadashot Arkheologiyot 54–55 / חדשות ארכיאולוגיות נד–נה,1975,15,"ירושלים , הרובע היהודי – 1974 , נחמן אביגד",JER_ALL,P3,not read (source not reachable),not read: portal PDF behind a JavaScript challenge; no Drive copy,https://publications.iaa.org.il/ha_hebrew_series/25
ha_hebrew_series_25#019,S1,ha_hebrew_series,Hadashot Arkheologiyot 54–55 / חדשות ארכיאולוגיות נד–נה,1975,17,"ירושלים , שער האשפות , מאיר בן-דב",JER_ALL,P3,not read (source not reachable),not read: portal PDF behind a JavaScript challenge; no Drive copy,https://publications.iaa.org.il/ha_hebrew_series/25
ha_hebrew_series_25#020,S1,ha_hebrew_series,Hadashot Arkheologiyot 54–55 / חדשות ארכיאולוגיות נד–נה,1975,19,"ירושלים , הר הצופים , עמוס קלונר",JER_ALL,P3,not read (source not reachable),not read: portal PDF behind a JavaScript challenge; no Drive copy,https://publications.iaa.org.il/ha_hebrew_series/25
ha_hebrew_series_25#021,S1,ha_hebrew_series,Hadashot Arkheologiyot 54–55 / חדשות ארכיאולוגיות נד–נה,1975,20,"ירושלים , רמות אשכול , עמוס קלונר",JER_ALL,P3,not read (source not reachable),not read: portal PDF behind a JavaScript challenge; no Drive copy,https://publications.iaa.org.il/ha_hebrew_series/25
ha_hebrew_series_25#022,S1,ha_hebrew_series,Hadashot Arkheologiyot 54–55 / חדשות ארכיאולוגיות נד–נה,1975,20,"ירושלים , הגבעה הצרפתית , עמוס קלונר",JER_ALL,P3,not read (source not reachable),not read: portal PDF behind a JavaScript challenge; no Drive copy,https://publications.iaa.org.il/ha_hebrew_series/25
ha_hebrew_series_25#023,S1,ha_hebrew_series,Hadashot Arkheologiyot 54–55 / חדשות ארכיאולוגיות נד–נה,1975,21,"ירושלים , ארמון הנציב , י' גת",JER_ALL,P3,not read (source not reachable),not read: portal PDF behind a JavaScript challenge; no Drive copy,https://publications.iaa.org.il/ha_hebrew_series/25
ha_hebrew_series_26#025,S1,ha_hebrew_series,Hadashot Arkheologiyot 56 / חדשות ארכיאולוגיות נו,1975,30,"ירושלים , הגבעה הצרפתית , עמוס קלונר ורנה סיוון",JER_ALL,P3,not read (source not reachable),not read: portal PDF behind a JavaScript challenge; no Drive copy,https://publications.iaa.org.il/ha_hebrew_series/26
ha_hebrew_series_26#026,S1,ha_hebrew_series,Hadashot Arkheologiyot 56 / חדשות ארכיאולוגיות נו,1975,31,"ירושלים , מנחת , יוסף גת",JER_ALL,P3,not read (source not reachable),not read: portal PDF behind a JavaScript challenge; no Drive copy,https://publications.iaa.org.il/ha_hebrew_series/26
ha_hebrew_series_27#026,S1,ha_hebrew_series,Hadashot Arkheologiyot 57–58 / חדשות ארכיאולוגיות נז–נח,1976,28,"ירושלים , חומת העיר המערבית , מגן ברושי",JER_ALL,P3,not read (source not reachable),not read: portal PDF behind a JavaScript challenge; no Drive copy,https://publications.iaa.org.il/ha_hebrew_series/27
ha_hebrew_series_27#027,S1,ha_hebrew_series,Hadashot Arkheologiyot 57–58 / חדשות ארכיאולוגיות נז–נח,1976,29,"ירושלים , הר הצופים , יוסף גת",JER_ALL,P3,not read (source not reachable),not read: portal PDF behind a JavaScript challenge; no Drive copy,https://publications.iaa.org.il/ha_hebrew_series/27
ha_hebrew_series_27#029,S1,ha_hebrew_series,Hadashot Arkheologiyot 57–58 / חדשות ארכיאולוגיות נז–נח,1976,30,"ירושלים , אזור הכנסייה הסקוטית , גבי ברקאי",JER_ALL,P3,not read (source not reachable),not read: portal PDF behind a JavaScript challenge; no Drive copy,https://publications.iaa.org.il/ha_hebrew_series/27
ha_hebrew_series_27#030,S1,ha_hebrew_series,Hadashot Arkheologiyot 57–58 / חדשות ארכיאולוגיות נז–נח,1976,31,"ירושלים , בית וגן , עמוס קלונר ודיוויד דוויס",JER_ALL,P3,not read (source not reachable),not read: portal PDF behind a JavaScript challenge; no Drive copy,https://publications.iaa.org.il/ha_hebrew_series/27
ha_hebrew_series_27#031,S1,ha_hebrew_series,Hadashot Arkheologiyot 57–58 / חדשות ארכיאולוגיות נז–נח,1976,31,"ירושלים , מערת האשכולות , דיוויד דוויס",JER_ALL,P3,not read (source not reachable),not read: portal PDF behind a JavaScript challenge; no Drive copy,https://publications.iaa.org.il/ha_hebrew_series/27
ha_hebrew_series_27#032,S1,ha_hebrew_series,Hadashot Arkheologiyot 57–58 / חדשות ארכיאולוגיות נז–נח,1976,32,"ירושלים , כיכר צה""ל",JER_ALL,P3,not read (source not reachable),not read: portal PDF behind a JavaScript challenge; no Drive copy,https://publications.iaa.org.il/ha_hebrew_series/27
ha_hebrew_series_27#033,S1,ha_hebrew_series,Hadashot Arkheologiyot 57–58 / חדשות ארכיאולוגיות נז–נח,1976,32,"ירושלים , אוגוסטה ויקטוריה , יוסף גת",JER_ALL,P3,not read (source not reachable),not read: portal PDF behind a JavaScript challenge; no Drive copy,https://publications.iaa.org.il/ha_hebrew_series/27
ha_hebrew_series_27#034,S1,ha_hebrew_series,Hadashot Arkheologiyot 57–58 / חדשות ארכיאולוגיות נז–נח,1976,33,"ירושלים , מזרח תלפיות , יוסף גת",JER_ALL,P3,not read (source not reachable),not read: portal PDF behind a JavaScript challenge; no Drive copy,https://publications.iaa.org.il/ha_hebrew_series/27
ha_hebrew_series_29#029,S1,ha_hebrew_series,Hadashot Arkheologiyot 61–62 / חדשות ארכיאולוגיות סא–סב,1977,29,"ירושלים , כנסייה צלבנית",JER_ALL,P3,not read (source not reachable),not read: portal PDF behind a JavaScript challenge; no Drive copy,https://publications.iaa.org.il/ha_hebrew_series/29
ha_hebrew_series_29#030,S1,ha_hebrew_series,Hadashot Arkheologiyot 61–62 / חדשות ארכיאולוגיות סא–סב,1977,29,"ירושלים , רח' שמעיון הצדיק , עמוס קלונר ויוסף גת",JER_ALL,P3,not read (source not reachable),not read: portal PDF behind a JavaScript challenge; no Drive copy,https://publications.iaa.org.il/ha_hebrew_series/29
ha_hebrew_series_29#031,S1,ha_hebrew_series,Hadashot Arkheologiyot 61–62 / חדשות ארכיאולוגיות סא–סב,1977,30,"ירושלים , גן הפעמון , עמוס קלונר",JER_ALL,P3,not read (source not reachable),not read: portal PDF behind a JavaScript challenge; no Drive copy,https://publications.iaa.org.il/ha_hebrew_series/29
ha_hebrew_series_29#032,S1,ha_hebrew_series,Hadashot Arkheologiyot 61–62 / חדשות ארכיאולוגיות סא–סב,1977,30,"ירושלים , כביש ירושלים – רמאללה , עמוס קלונר ויוסף גת",JER_ALL,P3,not read (source not reachable),not read: portal PDF behind a JavaScript challenge; no Drive copy,https://publications.iaa.org.il/ha_hebrew_series/29
ha_hebrew_series_29#033,S1,ha_hebrew_series,Hadashot Arkheologiyot 61–62 / חדשות ארכיאולוגיות סא–סב,1977,30,"ירושלים , קרית יובל – מנחת , שמעון גיבסון וגבריאל ברקאי",JER_ALL,P3,not read (source not reachable),not read: portal PDF behind a JavaScript challenge; no Drive copy,https://publications.iaa.org.il/ha_hebrew_series/29
ha_hebrew_series_29#036,S1,ha_hebrew_series,Hadashot Arkheologiyot 61–62 / חדשות ארכיאולוגיות סא–סב,1977,32,"ירושלים , רח' הנוצרים",JER_ALL,P3,not read (source not reachable),not read: portal PDF behind a JavaScript challenge; no Drive copy,https://publications.iaa.org.il/ha_hebrew_series/29
ha_hebrew_series_29#037,S1,ha_hebrew_series,Hadashot Arkheologiyot 61–62 / חדשות ארכיאולוגיות סא–סב,1977,32,"ירושלים , כביש סנהדריה – רמות",JER_ALL,P3,not read (source not reachable),not read: portal PDF behind a JavaScript challenge; no Drive copy,https://publications.iaa.org.il/ha_hebrew_series/29
ha_hebrew_series_30#034,S1,ha_hebrew_series,Hadashot Arkheologiyot 63–64 / חדשות ארכיאולוגיות סג–סד,1977,48,"ירושלים , כפר שאול",JER_ALL,P3,not read (source not reachable),not read: portal PDF behind a JavaScript challenge; no Drive copy,https://publications.iaa.org.il/ha_hebrew_series/30
ha_hebrew_series_30#035,S1,ha_hebrew_series,Hadashot Arkheologiyot 63–64 / חדשות ארכיאולוגיות סג–סד,1977,48,"ירושלים , רחוב הגיא",JER_ALL,P3,not read (source not reachable),not read: portal PDF behind a JavaScript challenge; no Drive copy,https://publications.iaa.org.il/ha_hebrew_series/30
ha_hebrew_series_30#036,S1,ha_hebrew_series,Hadashot Arkheologiyot 63–64 / חדשות ארכיאולוגיות סג–סד,1977,49,"ירושלים , הר הצופים",JER_ALL,P3,not read (source not reachable),not read: portal PDF behind a JavaScript challenge; no Drive copy,https://publications.iaa.org.il/ha_hebrew_series/30
ha_hebrew_series_31#027,S1,ha_hebrew_series,Hadashot Arkheologiyot 65–66 / חדשות ארכיאולוגיות סה–סו,1978,30,מבשרת ירושלים,JER_ALL,P3,not read (source not reachable),not read: portal PDF behind a JavaScript challenge; no Drive copy,https://publications.iaa.org.il/ha_hebrew_series/31
ha_hebrew_series_31#028,S1,ha_hebrew_series,Hadashot Arkheologiyot 65–66 / חדשות ארכיאולוגיות סה–סו,1978,32,"ירושלים , הרובע היהודי – 1976-1977",JER_ALL,P3,not read (source not reachable),not read: portal PDF behind a JavaScript challenge; no Drive copy,https://publications.iaa.org.il/ha_hebrew_series/31
ha_hebrew_series_31#029,S1,ha_hebrew_series,Hadashot Arkheologiyot 65–66 / חדשות ארכיאולוגיות סה–סו,1978,35,"ירושלים , חפירות לאורך החומה המערבית",JER_ALL,P3,not read (source not reachable),not read: portal PDF behind a JavaScript challenge; no Drive copy,https://publications.iaa.org.il/ha_hebrew_series/31
ha_hebrew_series_31#030,S1,ha_hebrew_series,Hadashot Arkheologiyot 65–66 / חדשות ארכיאולוגיות סה–סו,1978,36,"ירושלים , מבנה אופוס רטיקולטוס",JER_ALL,P3,not read (source not reachable),not read: portal PDF behind a JavaScript challenge; no Drive copy,https://publications.iaa.org.il/ha_hebrew_series/31
ha_hebrew_series_31#032,S1,ha_hebrew_series,Hadashot Arkheologiyot 65–66 / חדשות ארכיאולוגיות סה–סו,1978,39,"ירושלים , רחוב מלכי צדק",JER_ALL,P3,not read (source not reachable),not read: portal PDF behind a JavaScript challenge; no Drive copy,https://publications.iaa.org.il/ha_hebrew_series/31
ha_hebrew_series_31#033,S1,ha_hebrew_series,Hadashot Arkheologiyot 65–66 / חדשות ארכיאולוגיות סה–סו,1978,40,"ירושלים , שכונת גילה",JER_ALL,P3,not read (source not reachable),not read: portal PDF behind a JavaScript challenge; no Drive copy,https://publications.iaa.org.il/ha_hebrew_series/31
ha_hebrew_series_32#028,S1,ha_hebrew_series,Hadashot Arkheologiyot 67–68 / חדשות ארכיאולוגיות סז–סח,1978,45,"ירושלים , רחוב הפלמ""ח",JER_ALL,P3,not read (source not reachable),not read: portal PDF behind a JavaScript challenge; no Drive copy,https://publications.iaa.org.il/ha_hebrew_series/32
ha_hebrew_series_32#030,S1,ha_hebrew_series,Hadashot Arkheologiyot 67–68 / חדשות ארכיאולוגיות סז–סח,1978,46,"ירושלים , סביל בריכת הסולטאן",JER_ALL,P3,not read (source not reachable),not read: portal PDF behind a JavaScript challenge; no Drive copy,https://publications.iaa.org.il/ha_hebrew_series/32
ha_hebrew_series_32#031,S1,ha_hebrew_series,Hadashot Arkheologiyot 67–68 / חדשות ארכיאולוגיות סז–סח,1978,46,"ירושלים , הר הזיתים",JER_ALL,P3,not read (source not reachable),not read: portal PDF behind a JavaScript challenge; no Drive copy,https://publications.iaa.org.il/ha_hebrew_series/32
ha_hebrew_series_33#034,S1,ha_hebrew_series,Hadashot Arkheologiyot 69–71 / חדשות ארכיאולוגיות סט–עא,1979,55–56,מבשרת ירושלים,JER_ALL,P3,not read (source not reachable),not read: portal PDF behind a JavaScript challenge; no Drive copy,https://publications.iaa.org.il/ha_hebrew_series/33
ha_hebrew_series_33#036,S1,ha_hebrew_series,Hadashot Arkheologiyot 69–71 / חדשות ארכיאולוגיות סט–עא,1979,57,"ירושלים , הר הצופים",JER_ALL,P3,not read (source not reachable),not read: portal PDF behind a JavaScript challenge; no Drive copy,https://publications.iaa.org.il/ha_hebrew_series/33
ha_hebrew_series_33#037,S1,ha_hebrew_series,Hadashot Arkheologiyot 69–71 / חדשות ארכיאולוגיות סט–עא,1979,58,"ירושלים , מאגר מים מקומר",JER_ALL,P3,not read (source not reachable),not read: portal PDF behind a JavaScript challenge; no Drive copy,https://publications.iaa.org.il/ha_hebrew_series/33
ha_hebrew_series_34#016,S1,ha_hebrew_series,Hadashot Arkheologiyot 72 / חדשות ארכיאולוגיות עב,1979,29,"ירושלים , ארמון-הנציב",JER_ALL,P3,not read (source not reachable),not read: portal PDF behind a JavaScript challenge; no Drive copy,https://publications.iaa.org.il/ha_hebrew_series/34
ha_hebrew_series_34#017,S1,ha_hebrew_series,Hadashot Arkheologiyot 72 / חדשות ארכיאולוגיות עב,1979,30,"ירושלים , צפון תלפיות",JER_ALL,P3,not read (source not reachable),not read: portal PDF behind a JavaScript challenge; no Drive copy,https://publications.iaa.org.il/ha_hebrew_series/34
ha_hebrew_series_35#018,S1,ha_hebrew_series,Hadashot Arkheologiyot 74–75 / חדשות ארכיאולוגיות עד–עה,1980,23,"ירושלים , גילה – אתר מתקופת ההתנחלות , עמיחי מזר",JER_ALL,P3,not read (source not reachable),not read: portal PDF behind a JavaScript challenge; no Drive copy,https://publications.iaa.org.il/ha_hebrew_series/35
ha_hebrew_series_37#019,S1,ha_hebrew_series,Hadashot Arkheologiyot 77 / חדשות ארכיאולוגיות עז,1981,24,"ירושלים , רמות",JER_ALL,P3,not read (source not reachable),not read: portal PDF behind a JavaScript challenge; no Drive copy,https://publications.iaa.org.il/ha_hebrew_series/37
ha_hebrew_series_37#020,S1,ha_hebrew_series,Hadashot Arkheologiyot 77 / חדשות ארכיאולוגיות עז,1981,24,"ירושלים , אמת מים ברחוב ממילא , עמוס קלונר וג' קופל",JER_ALL,P3,not read (source not reachable),not read: portal PDF behind a JavaScript challenge; no Drive copy,https://publications.iaa.org.il/ha_hebrew_series/37
ha_hebrew_series_37#021,S1,ha_hebrew_series,Hadashot Arkheologiyot 77 / חדשות ארכיאולוגיות עז,1981,25,"ירושלים , ח' עין אל-תות , יוסף גת",JER_ALL,P3,not read (source not reachable),not read: portal PDF behind a JavaScript challenge; no Drive copy,https://publications.iaa.org.il/ha_hebrew_series/37
ha_hebrew_series_37#023,S1,ha_hebrew_series,Hadashot Arkheologiyot 77 / חדשות ארכיאולוגיות עז,1981,27,"ירושלים , הסינמטק , יוסף גת",JER_ALL,P3,not read (source not reachable),not read: portal PDF behind a JavaScript challenge; no Drive copy,https://publications.iaa.org.il/ha_hebrew_series/37
ha_hebrew_series_37#024,S1,ha_hebrew_series,Hadashot Arkheologiyot 77 / חדשות ארכיאולוגיות עז,1981,27,"ירושלים , עמק רפאים , גרשון אדלשטיין",JER_ALL,P3,not read (source not reachable),not read: portal PDF behind a JavaScript challenge; no Drive copy,https://publications.iaa.org.il/ha_hebrew_series/37
ha_hebrew_series_37#025,S1,ha_hebrew_series,Hadashot Arkheologiyot 77 / חדשות ארכיאולוגיות עז,1981,28,"ירושלים , ח' א-ראס , גרשון אדלשטיין ויוסף גת",JER_ALL,P3,not read (source not reachable),not read: portal PDF behind a JavaScript challenge; no Drive copy,https://publications.iaa.org.il/ha_hebrew_series/37
ha_hebrew_series_37#050,S1,ha_hebrew_series,Hadashot Arkheologiyot 77 / חדשות ארכיאולוגיות עז,1981,58,"הרי ירושלים , סקר , בני פרנקל",JER_ALL,P3,not read (source not reachable),not read: portal PDF behind a JavaScript challenge; no Drive copy,https://publications.iaa.org.il/ha_hebrew_series/37
ha_hebrew_series_38#043,S1,ha_hebrew_series,Hadashot Arkheologiyot 78–79 / חדשות ארכיאולוגיות עח–עט,1982,61,"ירושלים , הרובע היהודי",JER_ALL,P3,not read (source not reachable),not read: portal PDF behind a JavaScript challenge; no Drive copy,https://publications.iaa.org.il/ha_hebrew_series/38
ha_hebrew_series_38#045,S1,ha_hebrew_series,Hadashot Arkheologiyot 78–79 / חדשות ארכיאולוגיות עח–עט,1982,65,"ירושלים , סקר צפון-מזרח ירושלים",JER_ALL,P3,not read (source not reachable),not read: portal PDF behind a JavaScript challenge; no Drive copy,https://publications.iaa.org.il/ha_hebrew_series/38
ha_hebrew_series_38#046,S1,ha_hebrew_series,Hadashot Arkheologiyot 78–79 / חדשות ארכיאולוגיות עח–עט,1982,66,"ירושלים , סקר רמות",JER_ALL,P3,not read (source not reachable),not read: portal PDF behind a JavaScript challenge; no Drive copy,https://publications.iaa.org.il/ha_hebrew_series/38
ha_hebrew_series_38#047,S1,ha_hebrew_series,Hadashot Arkheologiyot 78–79 / חדשות ארכיאולוגיות עח–עט,1982,68,"ירושלים , ח' עין אל-תות",JER_ALL,P3,not read (source not reachable),not read: portal PDF behind a JavaScript challenge; no Drive copy,https://publications.iaa.org.il/ha_hebrew_series/38
ha_hebrew_series_38#048,S1,ha_hebrew_series,Hadashot Arkheologiyot 78–79 / חדשות ארכיאולוגיות עח–עט,1982,68,"ירושלים , רמות",JER_ALL,P3,not read (source not reachable),not read: portal PDF behind a JavaScript challenge; no Drive copy,https://publications.iaa.org.il/ha_hebrew_series/38
ha_hebrew_series_38#049,S1,ha_hebrew_series,Hadashot Arkheologiyot 78–79 / חדשות ארכיאולוגיות עח–עט,1982,69,"ירושלים , נווה יעקב",JER_ALL,P3,not read (source not reachable),not read: portal PDF behind a JavaScript challenge; no Drive copy,https://publications.iaa.org.il/ha_hebrew_series/38
ha_hebrew_series_38#050,S1,ha_hebrew_series,Hadashot Arkheologiyot 78–79 / חדשות ארכיאולוגיות עח–עט,1982,69,"ירושלים , גילה",JER_ALL,P3,not read (source not reachable),not read: portal PDF behind a JavaScript challenge; no Drive copy,https://publications.iaa.org.il/ha_hebrew_series/38
ha_hebrew_series_38#051,S1,ha_hebrew_series,Hadashot Arkheologiyot 78–79 / חדשות ארכיאולוגיות עח–עט,1982,70,"ירושלים , הר הצופים",JER_ALL,P3,not read (source not reachable),not read: portal PDF behind a JavaScript challenge; no Drive copy,https://publications.iaa.org.il/ha_hebrew_series/38
ha_hebrew_series_38#052,S1,ha_hebrew_series,Hadashot Arkheologiyot 78–79 / חדשות ארכיאולוגיות עח–עט,1982,71,"ירושלים , מגרש הרוסים",JER_ALL,P3,not read (source not reachable),not read: portal PDF behind a JavaScript challenge; no Drive copy,https://publications.iaa.org.il/ha_hebrew_series/38
ha_hebrew_series_38#053,S1,ha_hebrew_series,Hadashot Arkheologiyot 78–79 / חדשות ארכיאולוגיות עח–עט,1982,71,"ירושלים , שדרות בן-צבי",JER_ALL,P3,not read (source not reachable),not read: portal PDF behind a JavaScript challenge; no Drive copy,https://publications.iaa.org.il/ha_hebrew_series/38
ha_hebrew_series_39#022,S1,ha_hebrew_series,Hadashot Arkheologiyot 80–81 / חדשות ארכיאולוגיות פ–פא,1982,28,"ירושלים , עיסוייה ירושלים , כביש ירושלים - מעלה אדומים",JER_ALL,P3,not read (source not reachable),not read: portal PDF behind a JavaScript challenge; no Drive copy,https://publications.iaa.org.il/ha_hebrew_series/39
ha_hebrew_series_39#023,S1,ha_hebrew_series,Hadashot Arkheologiyot 80–81 / חדשות ארכיאולוגיות פ–פא,1982,57,"ירושלים , רמות",JER_ALL,P3,not read (source not reachable),not read: portal PDF behind a JavaScript challenge; no Drive copy,https://publications.iaa.org.il/ha_hebrew_series/39
ha_hebrew_series_39#025,S1,ha_hebrew_series,Hadashot Arkheologiyot 80–81 / חדשות ארכיאולוגיות פ–פא,1982,31,"ירושלים , עמק רפאים",JER_ALL,P3,not read (source not reachable),not read: portal PDF behind a JavaScript challenge; no Drive copy,https://publications.iaa.org.il/ha_hebrew_series/39
ha_hebrew_series_39#026,S1,ha_hebrew_series,Hadashot Arkheologiyot 80–81 / חדשות ארכיאולוגיות פ–פא,1982,32,"ירושלים , מזרח תלפיות",JER_ALL,P3,not read (source not reachable),not read: portal PDF behind a JavaScript challenge; no Drive copy,https://publications.iaa.org.il/ha_hebrew_series/39
ha_hebrew_series_4#022,S2,ha_hebrew_series,Hadashot Arkheologiyot 7 / חדשות ארכיאולוגיות ז,1963,27,"קבר יסון בירושלים , לוי י' רחמני",JER_ALL,P3,not read (source not reachable),not read: portal PDF behind a JavaScript challenge; no Drive copy,https://publications.iaa.org.il/ha_hebrew_series/4
ha_hebrew_series_41#031,S1,ha_hebrew_series,Hadashot Arkheologiyot 84 / חדשות ארכיאולוגיות פד,1984,44,"ירושלים , סקר רמות , גבי מזור",JER_ALL,P3,not read (source not reachable),not read: portal PDF behind a JavaScript challenge; no Drive copy,https://publications.iaa.org.il/ha_hebrew_series/41
ha_hebrew_series_41#032,S1,ha_hebrew_series,Hadashot Arkheologiyot 84 / חדשות ארכיאולוגיות פד,1984,45,"ירושלים , חומת רחוב הגיא , עמוס קלונר",JER_ALL,P3,not read (source not reachable),not read: portal PDF behind a JavaScript challenge; no Drive copy,https://publications.iaa.org.il/ha_hebrew_series/41
ha_hebrew_series_41#033,S1,ha_hebrew_series,Hadashot Arkheologiyot 84 / חדשות ארכיאולוגיות פד,1984,47,"ירושלים , רמות, מערת קבורה , הרלי שטרק",JER_ALL,P3,not read (source not reachable),not read: portal PDF behind a JavaScript challenge; no Drive copy,https://publications.iaa.org.il/ha_hebrew_series/41
ha_hebrew_series_41#034,S1,ha_hebrew_series,Hadashot Arkheologiyot 84 / חדשות ארכיאולוגיות פד,1984,48,"ירושלים , חפירה המצודה – מגדל דוד , גיורא סולר ורנה סיוון",JER_ALL,P3,not read (source not reachable),not read: portal PDF behind a JavaScript challenge; no Drive copy,https://publications.iaa.org.il/ha_hebrew_series/41
ha_hebrew_series_41#035,S1,ha_hebrew_series,Hadashot Arkheologiyot 84 / חדשות ארכיאולוגיות פד,1984,49,"ירושלים , כביש מעלה אדומים , גבי מזור",JER_ALL,P3,not read (source not reachable),not read: portal PDF behind a JavaScript challenge; no Drive copy,https://publications.iaa.org.il/ha_hebrew_series/41
ha_hebrew_series_41#036,S1,ha_hebrew_series,Hadashot Arkheologiyot 84 / חדשות ארכיאולוגיות פד,1984,50,"ירושלים , סקר מפת תלפיות , יזהר הירשפלד",JER_ALL,P3,not read (source not reachable),not read: portal PDF behind a JavaScript challenge; no Drive copy,https://publications.iaa.org.il/ha_hebrew_series/41
ha_hebrew_series_42#032,S1,ha_hebrew_series,Hadashot Arkheologiyot 86 / חדשות ארכיאולוגיות פו,1985,23,"ירושלים , אבו טור",JER_ALL,P3,not read (source not reachable),not read: portal PDF behind a JavaScript challenge; no Drive copy,https://publications.iaa.org.il/ha_hebrew_series/42
ha_hebrew_series_42#033,S1,ha_hebrew_series,Hadashot Arkheologiyot 86 / חדשות ארכיאולוגיות פו,1985,22,"ירושלים , שער האשפות",JER_ALL,P3,not read (source not reachable),not read: portal PDF behind a JavaScript challenge; no Drive copy,https://publications.iaa.org.il/ha_hebrew_series/42
ha_hebrew_series_42#034,S1,ha_hebrew_series,Hadashot Arkheologiyot 86 / חדשות ארכיאולוגיות פו,1985,23,"ירושלים , אבו טור",JER_ALL,P3,not read (source not reachable),not read: portal PDF behind a JavaScript challenge; no Drive copy,https://publications.iaa.org.il/ha_hebrew_series/42
ha_hebrew_series_45#034,S1,ha_hebrew_series,Hadashot Arkheologiyot 89 / חדשות ארכיאולוגיות פט,1987,39,"ירושלים , עין יעל",JER_ALL,P3,not read (source not reachable),not read: portal PDF behind a JavaScript challenge; no Drive copy,https://publications.iaa.org.il/ha_hebrew_series/45
ha_hebrew_series_47#028,S1,ha_hebrew_series,Hadashot Arkheologiyot 92 / חדשות ארכיאולוגיות צב,1988,35,"ירושלים , הר הצופים",JER_ALL,P3,not read (source not reachable),not read: portal PDF behind a JavaScript challenge; no Drive copy,https://publications.iaa.org.il/ha_hebrew_series/47
ha_hebrew_series_47#029,S1,ha_hebrew_series,Hadashot Arkheologiyot 92 / חדשות ארכיאולוגיות צב,1988,35,"ירושלים , רמות",JER_ALL,P3,not read (source not reachable),not read: portal PDF behind a JavaScript challenge; no Drive copy,https://publications.iaa.org.il/ha_hebrew_series/47
ha_hebrew_series_47#030,S1,ha_hebrew_series,Hadashot Arkheologiyot 92 / חדשות ארכיאולוגיות צב,1988,37,"ירושלים , עמק רפאים",JER_ALL,P3,not read (source not reachable),not read: portal PDF behind a JavaScript challenge; no Drive copy,https://publications.iaa.org.il/ha_hebrew_series/47
ha_hebrew_series_47#031,S1,ha_hebrew_series,Hadashot Arkheologiyot 92 / חדשות ארכיאולוגיות צב,1988,37,"ירושלים , עין יעל - 1987",JER_ALL,P3,not read (source not reachable),not read: portal PDF behind a JavaScript challenge; no Drive copy,https://publications.iaa.org.il/ha_hebrew_series/47
ha_hebrew_series_47#032,S1,ha_hebrew_series,Hadashot Arkheologiyot 92 / חדשות ארכיאולוגיות צב,1988,39,"ירושלים , מנחת",JER_ALL,P3,not read (source not reachable),not read: portal PDF behind a JavaScript challenge; no Drive copy,https://publications.iaa.org.il/ha_hebrew_series/47
ha_hebrew_series_47#033,S1,ha_hebrew_series,Hadashot Arkheologiyot 92 / חדשות ארכיאולוגיות צב,1988,43,"ירושלים , נחל רפאים",JER_ALL,P3,not read (source not reachable),not read: portal PDF behind a JavaScript challenge; no Drive copy,https://publications.iaa.org.il/ha_hebrew_series/47
ha_hebrew_series_49#013,S1,ha_hebrew_series,Hadashot Arkheologiyot 96 / חדשות ארכיאולוגיות צו,1991,20,"ירושלים , אזור ממילא , רוני רייך, אלי שוקרון ויעקב ביליג",JER_ALL,P3,not read (source not reachable),not read: portal PDF behind a JavaScript challenge; no Drive copy,https://publications.iaa.org.il/ha_hebrew_series/49
ha_hebrew_series_49#014,S1,ha_hebrew_series,Hadashot Arkheologiyot 96 / חדשות ארכיאולוגיות צו,1991,21,"ירושלים , שכונת עזרת תורה",JER_ALL,P3,not read (source not reachable),not read: portal PDF behind a JavaScript challenge; no Drive copy,https://publications.iaa.org.il/ha_hebrew_series/49
ha_hebrew_series_51#004,S1,ha_hebrew_series,Hadashot Arkheologiyot 4 / חדשות ארכיאולוגיות ד,1962,6–7,"רמת רחל , יוחנן אהרוני",JER_ALL,P3,not read (source not reachable),not read: portal PDF behind a JavaScript challenge; no Drive copy,https://publications.iaa.org.il/ha_hebrew_series/51
ha_hebrew_series_51#012,S2,ha_hebrew_series,Hadashot Arkheologiyot 4 / חדשות ארכיאולוגיות ד,1962,16–17,"קבר מימי הבית השני בירושלים , משה דותן, זאב ייבין וש' נחמני",JER_ALL,P3,not read (source not reachable),not read: portal PDF behind a JavaScript challenge; no Drive copy,https://publications.iaa.org.il/ha_hebrew_series/51
ha_hebrew_series_52#001,S1,ha_hebrew_series,Hadashot Arkheologiyot 5 / חדשות ארכיאולוגיות ה,1963,2–4,"רמת רחל , המצודה , יוחנן אהרוני",JER_ALL,P3,not read (source not reachable),not read: portal PDF behind a JavaScript challenge; no Drive copy,https://publications.iaa.org.il/ha_hebrew_series/52
ha_hebrew_series_52#008,S1,ha_hebrew_series,Hadashot Arkheologiyot 5 / חדשות ארכיאולוגיות ה,1963,13–14,"קברים יהודים ברוממה ירושלים , לוי י' רחמני",JER_ALL,P3,not read (source not reachable),not read: portal PDF behind a JavaScript challenge; no Drive copy,https://publications.iaa.org.il/ha_hebrew_series/52
ha_hebrew_series_53#011,S2,ha_hebrew_series,Hadashot Arkheologiyot 6 / חדשות ארכיאולוגיות ו,1963,16–17,פעולות שימור בירושלים,JER_ALL,P3,not read (source not reachable),not read: portal PDF behind a JavaScript challenge; no Drive copy,https://publications.iaa.org.il/ha_hebrew_series/53
ha_hebrew_series_53#016,S1,ha_hebrew_series,Hadashot Arkheologiyot 6 / חדשות ארכיאולוגיות ו,1963,20–21,"החפירה ברגם מס' 3 ליד ירושלים , זאב ייבין",JER_ALL,P3,not read (source not reachable),not read: portal PDF behind a JavaScript challenge; no Drive copy,https://publications.iaa.org.il/ha_hebrew_series/53
ha_hebrew_series_54#014,S2,ha_hebrew_series,Hadashot Arkheologiyot 9 / חדשות ארכיאולוגיות ט,1964,18,"מערת קברים בירושלים , א' חירם",JER_ALL,P3,not read (source not reachable),not read: portal PDF behind a JavaScript challenge; no Drive copy,https://publications.iaa.org.il/ha_hebrew_series/54
ha_hebrew_series_56#003,S2,ha_hebrew_series,Hadashot Arkheologiyot 16 / חדשות ארכיאולוגיות טז,1965,5,מערה מימי בית שני נחשפה בירושלים,JER_ALL,P3,not read (source not reachable),not read: portal PDF behind a JavaScript challenge; no Drive copy,https://publications.iaa.org.il/ha_hebrew_series/56
ha_hebrew_series_57#006,S1,ha_hebrew_series,Hadashot Arkheologiyot 10 / חדשות ארכיאולוגיות י,1964,12–13,"ירושלים, קברים ישראליים וסקר בסביבות ירושלים , אורה נגבי וש' נחמני",JER_ALL,P3,not read (source not reachable),not read: portal PDF behind a JavaScript challenge; no Drive copy,https://publications.iaa.org.il/ha_hebrew_series/57
ha_hebrew_series_57#007,S2,ha_hebrew_series,Hadashot Arkheologiyot 10 / חדשות ארכיאולוגיות י,1964,13,"שרידי קבר יהודי בירושלים , לוי י' רחמני",JER_ALL,P3,not read (source not reachable),not read: portal PDF behind a JavaScript challenge; no Drive copy,https://publications.iaa.org.il/ha_hebrew_series/57
ha_hebrew_series_60#008,S2,ha_hebrew_series,Hadashot Arkheologiyot 13 / חדשות ארכיאולוגיות יג,1965,10,"מערת קברים בתלפיות , דן בהט",JER_ALL,P3,not read (source not reachable),not read: portal PDF behind a JavaScript challenge; no Drive copy,https://publications.iaa.org.il/ha_hebrew_series/60
ha_hebrew_series_63#014,S2,ha_hebrew_series,Hadashot Arkheologiyot 25 / חדשות ארכיאולוגיות כה,1968,16–19,"חפירות בירושלים 1967 , קתלין מ' קניון",JER_ALL,P3,not read (source not reachable),not read: portal PDF behind a JavaScript challenge; no Drive copy,https://publications.iaa.org.il/ha_hebrew_series/63
ha_hebrew_series_63#015,S1,ha_hebrew_series,Hadashot Arkheologiyot 25 / חדשות ארכיאולוגיות כה,1968,19–20,"ירושלים: קברים מימי בית שני בארנונה , וסיליוס צפיריס ושרה בן-אריה",JER_ALL,P3,not read (source not reachable),not read: portal PDF behind a JavaScript challenge; no Drive copy,https://publications.iaa.org.il/ha_hebrew_series/63
ha_hebrew_series_64#029,S1,ha_hebrew_series,Hadashot Arkheologiyot 29–28 / חדשות ארכיאולוגיות כח–כט,1969,28–29,ירושלים: מערות ברחוב שמואל הנביא,JER_ALL,P3,not read (source not reachable),not read: portal PDF behind a JavaScript challenge; no Drive copy,https://publications.iaa.org.il/ha_hebrew_series/64
ha_hebrew_series_64#045,S1,ha_hebrew_series,Hadashot Arkheologiyot 29–28 / חדשות ארכיאולוגיות כח–כט,1969,28,"ירושלים: ""מערת האשכולות""",JER_ALL,P3,not read (source not reachable),not read: portal PDF behind a JavaScript challenge; no Drive copy,https://publications.iaa.org.il/ha_hebrew_series/64
ha_hebrew_series_65#012,S1,ha_hebrew_series,Hadashot Arkheologiyot 36 / חדשות ארכיאולוגיות לו,1970,13,"ירושלים: הרובע היהודי , נחמן אביגד",JER_ALL,P3,not read (source not reachable),not read: portal PDF behind a JavaScript challenge; no Drive copy,https://publications.iaa.org.il/ha_hebrew_series/65
ha_hebrew_series_65#013,S1,ha_hebrew_series,Hadashot Arkheologiyot 36 / חדשות ארכיאולוגיות לו,1970,13–14,"ירושלים: בדיקות ליד חומת העיר העתיקה , רות עמירן ואברהם איתן",JER_ALL,P3,not read (source not reachable),not read: portal PDF behind a JavaScript challenge; no Drive copy,https://publications.iaa.org.il/ha_hebrew_series/65
ha_hebrew_series_65#014,S1,ha_hebrew_series,Hadashot Arkheologiyot 36 / חדשות ארכיאולוגיות לו,1970,14,"ירושלים: בדיקות ליד בורג' כברית , י' מרגובסקי",JER_ALL,P3,not read (source not reachable),not read: portal PDF behind a JavaScript challenge; no Drive copy,https://publications.iaa.org.il/ha_hebrew_series/65
ha_hebrew_series_65#015,S1,ha_hebrew_series,Hadashot Arkheologiyot 36 / חדשות ארכיאולוגיות לו,1970,14–15,"ירושלים: הגבעה הצרפתית , אליעזר אורן",JER_ALL,P3,not read (source not reachable),not read: portal PDF behind a JavaScript challenge; no Drive copy,https://publications.iaa.org.il/ha_hebrew_series/65
ha_hebrew_series_66#017,S1,ha_hebrew_series,Hadashot Arkheologiyot 37 / חדשות ארכיאולוגיות לז,1971,20,"ירושלים: הגן הארמני , דן בהט",JER_ALL,P3,not read (source not reachable),not read: portal PDF behind a JavaScript challenge; no Drive copy,https://publications.iaa.org.il/ha_hebrew_series/66
ha_hebrew_series_66#018,S1,ha_hebrew_series,Hadashot Arkheologiyot 37 / חדשות ארכיאולוגיות לז,1971,21,"ירושלים: גבעת המבתר , וסיליוס צפיריס",JER_ALL,P3,not read (source not reachable),not read: portal PDF behind a JavaScript challenge; no Drive copy,https://publications.iaa.org.il/ha_hebrew_series/66
ha_hebrew_series_67#014,S1,ha_hebrew_series,Hadashot Arkheologiyot 38 / חדשות ארכיאולוגיות לח,1971,14,"ירושלים: כותרת יונית מונומנטלית ברובע היהודי , נחמן אביגד",JER_ALL,P3,not read (source not reachable),not read: portal PDF behind a JavaScript challenge; no Drive copy,https://publications.iaa.org.il/ha_hebrew_series/67
ha_hebrew_series_67#015,S1,ha_hebrew_series,Hadashot Arkheologiyot 38 / חדשות ארכיאולוגיות לח,1971,14–15,"ירושלים: הגן הארמני , דן בהט",JER_ALL,P3,not read (source not reachable),not read: portal PDF behind a JavaScript challenge; no Drive copy,https://publications.iaa.org.il/ha_hebrew_series/67
ha_hebrew_series_67#017,S1,ha_hebrew_series,Hadashot Arkheologiyot 38 / חדשות ארכיאולוגיות לח,1971,16–17,"ירושלים: הגבעה ""הצרפתית"" - א' , אליעזר אורן",JER_ALL,P3,not read (source not reachable),not read: portal PDF behind a JavaScript challenge; no Drive copy,https://publications.iaa.org.il/ha_hebrew_series/67
ha_hebrew_series_67#018,S1,ha_hebrew_series,Hadashot Arkheologiyot 38 / חדשות ארכיאולוגיות לח,1971,17–18,"ירושלים: הגבעה ""הצרפתית"" - ב' , ג""פ סטריינג'",JER_ALL,P3,not read (source not reachable),not read: portal PDF behind a JavaScript challenge; no Drive copy,https://publications.iaa.org.il/ha_hebrew_series/67
ha_hebrew_series_67#019,S1,ha_hebrew_series,Hadashot Arkheologiyot 38 / חדשות ארכיאולוגיות לח,1971,18–19,"ירושלים: הגבעה ""הצרפתית"" - ג' , אליעזר אורן",JER_ALL,P3,not read (source not reachable),not read: portal PDF behind a JavaScript challenge; no Drive copy,https://publications.iaa.org.il/ha_hebrew_series/67
ha_hebrew_series_67#020,S1,ha_hebrew_series,Hadashot Arkheologiyot 38 / חדשות ארכיאולוגיות לח,1971,19,"ירושלים: מקור חיים , וסיליוס צפיריס",JER_ALL,P3,not read (source not reachable),not read: portal PDF behind a JavaScript challenge; no Drive copy,https://publications.iaa.org.il/ha_hebrew_series/67
ha_hebrew_series_67#021,S1,ha_hebrew_series,Hadashot Arkheologiyot 38 / חדשות ארכיאולוגיות לח,1971,20,"ירושלים: מצד ברחוב קרן היסוד , אליעזר אורן",JER_ALL,P3,not read (source not reachable),not read: portal PDF behind a JavaScript challenge; no Drive copy,https://publications.iaa.org.il/ha_hebrew_series/67
ha_hebrew_series_67#022,S1,ha_hebrew_series,Hadashot Arkheologiyot 38 / חדשות ארכיאולוגיות לח,1971,20–21,"סקרים באזור ירושלים , וסיליוס צפיריס",JER_ALL,P3,not read (source not reachable),not read: portal PDF behind a JavaScript challenge; no Drive copy,https://publications.iaa.org.il/ha_hebrew_series/67
ha_hebrew_series_68#016,S1,ha_hebrew_series,Hadashot Arkheologiyot 39 / חדשות ארכיאולוגיות לט,1971,21–22,"ירושלים: אבו טור , גרשון אדלשטיין",JER_ALL,P3,not read (source not reachable),not read: portal PDF behind a JavaScript challenge; no Drive copy,https://publications.iaa.org.il/ha_hebrew_series/68
ha_hebrew_series_68#017,S1,ha_hebrew_series,Hadashot Arkheologiyot 39 / חדשות ארכיאולוגיות לט,1971,22,ירושלים: רח' צלח א-דין,JER_ALL,P3,not read (source not reachable),not read: portal PDF behind a JavaScript challenge; no Drive copy,https://publications.iaa.org.il/ha_hebrew_series/68
ha_hebrew_series_68#018,S1,ha_hebrew_series,Hadashot Arkheologiyot 39 / חדשות ארכיאולוגיות לט,1971,22,ירושלים: גבעת שהין,JER_ALL,P3,not read (source not reachable),not read: portal PDF behind a JavaScript challenge; no Drive copy,https://publications.iaa.org.il/ha_hebrew_series/68
ha_hebrew_series_7#009,S1,ha_hebrew_series,Hadashot Arkheologiyot 18–19 / חדשות ארכיאולוגיות יח–יט,1966,10–11,"ירושלים , אורה נגבי, מיכאל פייסט וש' נחמני",JER_ALL,P3,not read (source not reachable),not read: portal PDF behind a JavaScript challenge; no Drive copy,https://publications.iaa.org.il/ha_hebrew_series/7
ha_hebrew_series_70#033,S1,ha_hebrew_series,Hadashot Arkheologiyot 82 / חדשות ארכיאולוגיות פב,1983,45,"ירושלים , הר הצופים",JER_ALL,P3,not read (source not reachable),not read: portal PDF behind a JavaScript challenge; no Drive copy,https://publications.iaa.org.il/ha_hebrew_series/70
ha_hebrew_series_70#036,S1,ha_hebrew_series,Hadashot Arkheologiyot 82 / חדשות ארכיאולוגיות פב,1983,49,"ירושלים , אזור המצודה",JER_ALL,P3,not read (source not reachable),not read: portal PDF behind a JavaScript challenge; no Drive copy,https://publications.iaa.org.il/ha_hebrew_series/70
ha_hebrew_series_70#037,S1,ha_hebrew_series,Hadashot Arkheologiyot 82 / חדשות ארכיאולוגיות פב,1983,50,סקר מפת תלפיות,JER_ALL,P3,not read (source not reachable),not read: portal PDF behind a JavaScript challenge; no Drive copy,https://publications.iaa.org.il/ha_hebrew_series/70
ha_hebrew_series_71#034,S1,ha_hebrew_series,Hadashot Arkheologiyot 85 / חדשות ארכיאולוגיות פה,1984,33,"ירושלים , כנסיית הדורמיציון , עמנואל איזנברג",JER_ALL,P3,not read (source not reachable),not read: portal PDF behind a JavaScript challenge; no Drive copy,https://publications.iaa.org.il/ha_hebrew_series/71
ha_hebrew_series_71#035,S1,ha_hebrew_series,Hadashot Arkheologiyot 85 / חדשות ארכיאולוגיות פה,1984,33,"ירושלים , חזית שער יפו , חיים גולדפוס",JER_ALL,P3,not read (source not reachable),not read: portal PDF behind a JavaScript challenge; no Drive copy,https://publications.iaa.org.il/ha_hebrew_series/71
ha_hebrew_series_71#036,S1,ha_hebrew_series,Hadashot Arkheologiyot 85 / חדשות ארכיאולוגיות פה,1984,35,"ירושלים , עמק רפאים – יישובים וחוות חקלאיות , גרשון אדלשטיין ועמנואל איזנברג",JER_ALL,P3,not read (source not reachable),not read: portal PDF behind a JavaScript challenge; no Drive copy,https://publications.iaa.org.il/ha_hebrew_series/71
ha_hebrew_series_71#037,S1,ha_hebrew_series,Hadashot Arkheologiyot 85 / חדשות ארכיאולוגיות פה,1984,37,"ירושלים , נחל אגוז , אלכסנדר און",JER_ALL,P3,not read (source not reachable),not read: portal PDF behind a JavaScript challenge; no Drive copy,https://publications.iaa.org.il/ha_hebrew_series/71
ha_hebrew_series_72#032,S2,ha_hebrew_series,Hadashot Arkheologiyot 90 / חדשות ארכיאולוגיות צ,1987,43–46,סקר מצפון-מזרח לירושלים,JER_ALL,P3,not read (source not reachable),not read: portal PDF behind a JavaScript challenge; no Drive copy,https://publications.iaa.org.il/ha_hebrew_series/72
ha_hebrew_series_72#033,S1,ha_hebrew_series,Hadashot Arkheologiyot 90 / חדשות ארכיאולוגיות צ,1987,46–47,ירושלים גבעת רם הגן הבוטאני,JER_ALL,P3,not read (source not reachable),not read: portal PDF behind a JavaScript challenge; no Drive copy,https://publications.iaa.org.il/ha_hebrew_series/72
ha_hebrew_series_73#032,S2,ha_hebrew_series,Hadashot Arkheologiyot 93 / חדשות ארכיאולוגיות צג,1989,43–46,סקר מצפון-מזרח לירושלים,JER_ALL,P3,not read (source not reachable),not read: portal PDF behind a JavaScript challenge; no Drive copy,https://publications.iaa.org.il/ha_hebrew_series/73
ha_hebrew_series_73#033,S1,ha_hebrew_series,Hadashot Arkheologiyot 93 / חדשות ארכיאולוגיות צג,1989,46–47,ירושלים גבעת רם הגן הבוטאני,JER_ALL,P3,not read (source not reachable),not read: portal PDF behind a JavaScript challenge; no Drive copy,https://publications.iaa.org.il/ha_hebrew_series/73
ha_hebrew_series_74#045,S1,ha_hebrew_series,Hadashot Arkheologiyot 95 / חדשות ארכיאולוגיות צה,1990,51,"ירושלים , הר הצופים , עמוס קלונר והרלי סטרק",JER_ALL,P3,not read (source not reachable),not read: portal PDF behind a JavaScript challenge; no Drive copy,https://publications.iaa.org.il/ha_hebrew_series/74
ha_hebrew_series_74#046,S1,ha_hebrew_series,Hadashot Arkheologiyot 95 / חדשות ארכיאולוגיות צה,1990,51,"ירושלים , מנזר נוטר-דאם , אליין שמבון",JER_ALL,P3,not read (source not reachable),not read: portal PDF behind a JavaScript challenge; no Drive copy,https://publications.iaa.org.il/ha_hebrew_series/74
ha_hebrew_series_74#047,S1,ha_hebrew_series,Hadashot Arkheologiyot 95 / חדשות ארכיאולוגיות צה,1990,53,"ירושלים , גן בלומפילד , צבי גרינהוט",JER_ALL,P3,not read (source not reachable),not read: portal PDF behind a JavaScript challenge; no Drive copy,https://publications.iaa.org.il/ha_hebrew_series/74
ha_hebrew_series_74#048,S1,ha_hebrew_series,Hadashot Arkheologiyot 95 / חדשות ארכיאולוגיות צה,1990,53,"ירושלים , המושבה הגרמנית , גדעון אבני",JER_ALL,P3,not read (source not reachable),not read: portal PDF behind a JavaScript challenge; no Drive copy,https://publications.iaa.org.il/ha_hebrew_series/74
ha_hebrew_series_74#049,S1,ha_hebrew_series,Hadashot Arkheologiyot 95 / חדשות ארכיאולוגיות צה,1990,54,"ירושלים , עמק רפאים",JER_ALL,P3,not read (source not reachable),not read: portal PDF behind a JavaScript challenge; no Drive copy,https://publications.iaa.org.il/ha_hebrew_series/74
ha_hebrew_series_74#050,S1,ha_hebrew_series,Hadashot Arkheologiyot 95 / חדשות ארכיאולוגיות צה,1990,54,"ירושלים , מנחת – 1989 , גרשון אדלשטיין, יניר מילבסקי",JER_ALL,P3,not read (source not reachable),not read: portal PDF behind a JavaScript challenge; no Drive copy,https://publications.iaa.org.il/ha_hebrew_series/74
ha_hebrew_series_74#051,S1,ha_hebrew_series,Hadashot Arkheologiyot 95 / חדשות ארכיאולוגיות צה,1990,56,"ירושלים , נחל רפאים – 1988-1990 , עמנואל איזנברג",JER_ALL,P3,not read (source not reachable),not read: portal PDF behind a JavaScript challenge; no Drive copy,https://publications.iaa.org.il/ha_hebrew_series/74
ha_hebrew_series_74#072,S1,ha_hebrew_series,Hadashot Arkheologiyot 95 / חדשות ארכיאולוגיות צה,1990,76,"ירושלים , שימור אתרים , גדעון אבני",JER_ALL,P3,not read (source not reachable),not read: portal PDF behind a JavaScript challenge; no Drive copy,https://publications.iaa.org.il/ha_hebrew_series/74
ha_hebrew_series_75#018,S1,ha_hebrew_series,Hadashot Arkheologiyot 41–42 / חדשות ארכיאולוגיות מא–מב,1972,19–20,"ירושלים: הכנסייה הגרמנית במוריסאטן , אוטה לוכס",JER_ALL,P3,not read (source not reachable),not read: portal PDF behind a JavaScript challenge; no Drive copy,https://publications.iaa.org.il/ha_hebrew_series/75
ha_hebrew_series_75#019,S1,ha_hebrew_series,Hadashot Arkheologiyot 41–42 / חדשות ארכיאולוגיות מא–מב,1972,20–21,"ירושלים: גבעת המבתר , דן בהט",JER_ALL,P3,not read (source not reachable),not read: portal PDF behind a JavaScript challenge; no Drive copy,https://publications.iaa.org.il/ha_hebrew_series/75
ha_hebrew_series_75#020,S1,ha_hebrew_series,Hadashot Arkheologiyot 41–42 / חדשות ארכיאולוגיות מא–מב,1972,21–22,"ירושלים: הר הצופים – גן שולמית , פאני ויטו",JER_ALL,P3,not read (source not reachable),not read: portal PDF behind a JavaScript challenge; no Drive copy,https://publications.iaa.org.il/ha_hebrew_series/75
ha_hebrew_series_75#021,S1,ha_hebrew_series,Hadashot Arkheologiyot 41–42 / חדשות ארכיאולוגיות מא–מב,1972,22,"ירושלים: הר הצופים – הגן הבוטני , רוני רייך, הלל גבע ודני בכר",JER_ALL,P3,not read (source not reachable),not read: portal PDF behind a JavaScript challenge; no Drive copy,https://publications.iaa.org.il/ha_hebrew_series/75
ha_hebrew_series_75#022,S1,ha_hebrew_series,Hadashot Arkheologiyot 41–42 / חדשות ארכיאולוגיות מא–מב,1972,23,"ירושלים: קברים ליד ""קברי המלכים"" , פאני ויטו",JER_ALL,P3,not read (source not reachable),not read: portal PDF behind a JavaScript challenge; no Drive copy,https://publications.iaa.org.il/ha_hebrew_series/75
ha_hebrew_series_75#023,S1,ha_hebrew_series,Hadashot Arkheologiyot 41–42 / חדשות ארכיאולוגיות מא–מב,1972,23,"ירושלים: קרית משה , עמוס קלונר",JER_ALL,P3,not read (source not reachable),not read: portal PDF behind a JavaScript challenge; no Drive copy,https://publications.iaa.org.il/ha_hebrew_series/75
ha_hebrew_series_77#039,S1,ha_hebrew_series,Hadashot Arkheologiyot 97 / חדשות ארכיאולוגיות צז,1991,59,"ירושלים , ואדי זמרה , 76/90-G, יצחק מייטליס",JER_ALL,P3,not read (source not reachable),not read: portal PDF behind a JavaScript challenge; no Drive copy,https://publications.iaa.org.il/ha_hebrew_series/77
ha_hebrew_series_77#040,S1,ha_hebrew_series,Hadashot Arkheologiyot 97 / חדשות ארכיאולוגיות צז,1991,60,"ירושלים , פיסגת זאב (דיר ע'זאלי) , 99/90-G, רינה אבנר, שלומית עזמון ואלגרה צבריאגו",JER_ALL,P3,not read (source not reachable),not read: portal PDF behind a JavaScript challenge; no Drive copy,https://publications.iaa.org.il/ha_hebrew_series/77
ha_hebrew_series_77#041,S1,ha_hebrew_series,Hadashot Arkheologiyot 97 / חדשות ארכיאולוגיות צז,1991,63,"ירושלים , החומה השלישית , 4/90-G",JER_ALL,P3,not read (source not reachable),not read: portal PDF behind a JavaScript challenge; no Drive copy,https://publications.iaa.org.il/ha_hebrew_series/77
ha_hebrew_series_77#042,S1,ha_hebrew_series,Hadashot Arkheologiyot 97 / חדשות ארכיאולוגיות צז,1991,66,"ירושלים , רחוב השלשלת (א) , 1720-A, ראפע אבו ריא",JER_ALL,P3,not read (source not reachable),not read: portal PDF behind a JavaScript challenge; no Drive copy,https://publications.iaa.org.il/ha_hebrew_series/77
ha_hebrew_series_77#043,S1,ha_hebrew_series,Hadashot Arkheologiyot 97 / חדשות ארכיאולוגיות צז,1991,67,"ירושלים , רחוב השלשלת (ב) , 1727-A, לילי גרשוני",JER_ALL,P3,not read (source not reachable),not read: portal PDF behind a JavaScript challenge; no Drive copy,https://publications.iaa.org.il/ha_hebrew_series/77
ha_hebrew_series_77#044,S1,ha_hebrew_series,Hadashot Arkheologiyot 97 / חדשות ארכיאולוגיות צז,1991,68,"ירושלים , חקל דמא , 1669-A, גדעון אבי וצבי גרינהוט",JER_ALL,P3,not read (source not reachable),not read: portal PDF behind a JavaScript challenge; no Drive copy,https://publications.iaa.org.il/ha_hebrew_series/77
ha_hebrew_series_77#045,S1,ha_hebrew_series,Hadashot Arkheologiyot 97 / חדשות ארכיאולוגיות צז,1991,71,"ירושלים , תלפיות מזרח (יער השלום) , 1748-A, צבי גרינהוט",JER_ALL,P3,not read (source not reachable),not read: portal PDF behind a JavaScript challenge; no Drive copy,https://publications.iaa.org.il/ha_hebrew_series/77
ha_hebrew_series_79#034,S1,ha_hebrew_series,Hadashot Arkheologiyot 99 / חדשות ארכיאולוגיות צט,1993,47,"ירושלים , פסגת זאב (מזרח א') , 85/90-G, ג'ון זליגמן",JER_ALL,P3,not read (source not reachable),not read: portal PDF behind a JavaScript challenge; no Drive copy,https://publications.iaa.org.il/ha_hebrew_series/79
ha_hebrew_series_79#035,S1,ha_hebrew_series,Hadashot Arkheologiyot 99 / חדשות ארכיאולוגיות צט,1993,49,"ירושלים , פסגת זאב ד' , 99/90-G, יונתן נדלמן",JER_ALL,P3,not read (source not reachable),not read: portal PDF behind a JavaScript challenge; no Drive copy,https://publications.iaa.org.il/ha_hebrew_series/79
ha_hebrew_series_79#036,S1,ha_hebrew_series,Hadashot Arkheologiyot 99 / חדשות ארכיאולוגיות צט,1993,51,"ירושלים , פסגת זאב (שכונת 'בנה ביתך') , 35/91-G, אלי שוקרון ואלגרה סוורג'ו",JER_ALL,P3,not read (source not reachable),not read: portal PDF behind a JavaScript challenge; no Drive copy,https://publications.iaa.org.il/ha_hebrew_series/79
ha_hebrew_series_79#037,S1,ha_hebrew_series,Hadashot Arkheologiyot 99 / חדשות ארכיאולוגיות צט,1993,53,"ירושלים , בית ספר לשוטרים , 185*, שלמה גודוביץ'",JER_ALL,P3,not read (source not reachable),not read: portal PDF behind a JavaScript challenge; no Drive copy,https://publications.iaa.org.il/ha_hebrew_series/79
ha_hebrew_series_79#038,S1,ha_hebrew_series,Hadashot Arkheologiyot 99 / חדשות ארכיאולוגיות צט,1993,54,"ירושלים , ממילא (א) , 1/90-G, רוני רייך, אלי שוקרון ויעקב ביליג",JER_ALL,P3,not read (source not reachable),not read: portal PDF behind a JavaScript challenge; no Drive copy,https://publications.iaa.org.il/ha_hebrew_series/79
ha_hebrew_series_79#039,S1,ha_hebrew_series,Hadashot Arkheologiyot 99 / חדשות ארכיאולוגיות צט,1993,55,"ירושלים , ממילא (ב) , 1671-A",JER_ALL,P3,not read (source not reachable),not read: portal PDF behind a JavaScript challenge; no Drive copy,https://publications.iaa.org.il/ha_hebrew_series/79
ha_hebrew_series_79#040,S1,ha_hebrew_series,Hadashot Arkheologiyot 99 / חדשות ארכיאולוגיות צט,1993,57,"ירושלים , נחלת אחים , 1815-A, אלון זהבי",JER_ALL,P3,not read (source not reachable),not read: portal PDF behind a JavaScript challenge; no Drive copy,https://publications.iaa.org.il/ha_hebrew_series/79
ha_hebrew_series_79#041,S1,ha_hebrew_series,Hadashot Arkheologiyot 99 / חדשות ארכיאולוגיות צט,1993,58,"ירושלים , שדרות בן צבי , 195*, שלמה גודוביץ'",JER_ALL,P3,not read (source not reachable),not read: portal PDF behind a JavaScript challenge; no Drive copy,https://publications.iaa.org.il/ha_hebrew_series/79
ha_hebrew_series_79#042,S1,ha_hebrew_series,Hadashot Arkheologiyot 99 / חדשות ארכיאולוגיות צט,1993,59,"ירושלים , מנחת , 1762-A-1827 ,A*, אלון זהבי",JER_ALL,P3,not read (source not reachable),not read: portal PDF behind a JavaScript challenge; no Drive copy,https://publications.iaa.org.il/ha_hebrew_series/79
ha_hebrew_series_79#043,S1,ha_hebrew_series,Hadashot Arkheologiyot 99 / חדשות ארכיאולוגיות צט,1993,61,"ירושלים , נחל רפאים – 1990 , 100/90-G, עמנואל איזנברג",JER_ALL,P3,not read (source not reachable),not read: portal PDF behind a JavaScript challenge; no Drive copy,https://publications.iaa.org.il/ha_hebrew_series/79
ha_hebrew_series_79#044,S1,ha_hebrew_series,Hadashot Arkheologiyot 99 / חדשות ארכיאולוגיות צט,1993,64,"ירושלים , גבעת משואה , 1736-A, רות עובדיה",JER_ALL,P3,not read (source not reachable),not read: portal PDF behind a JavaScript challenge; no Drive copy,https://publications.iaa.org.il/ha_hebrew_series/79
ha_hebrew_series_79#077,S1,ha_hebrew_series,Hadashot Arkheologiyot 99 / חדשות ארכיאולוגיות צט,1993,102,"ירושלים , שוק הקצבים , 692*, שלמה מרגלית",JER_ALL,P3,not read (source not reachable),not read: portal PDF behind a JavaScript challenge; no Drive copy,https://publications.iaa.org.il/ha_hebrew_series/79
ha_hebrew_series_80#040,S1,ha_hebrew_series,Hadashot Arkheologiyot 100 / חדשות ארכיאולוגיות ק,1993,59,"ירושלים , ח' כעכול , 34/91-G, ג'ון זליגמן",JER_ALL,P3,not read (source not reachable),not read: portal PDF behind a JavaScript challenge; no Drive copy,https://publications.iaa.org.il/ha_hebrew_series/80
ha_hebrew_series_80#041,S1,ha_hebrew_series,Hadashot Arkheologiyot 100 / חדשות ארכיאולוגיות ק,1993,60,"ירושלים , ח' א-רס , 1768-A, אלכסנדר און ויהודה רפיואנו",JER_ALL,P3,not read (source not reachable),not read: portal PDF behind a JavaScript challenge; no Drive copy,https://publications.iaa.org.il/ha_hebrew_series/80
ha_hebrew_series_80#042,S1,ha_hebrew_series,Hadashot Arkheologiyot 100 / חדשות ארכיאולוגיות ק,1993,61,"ירושלים , הר הצופים , 1828-A, שלומית וקסלר-בדולח",JER_ALL,P3,not read (source not reachable),not read: portal PDF behind a JavaScript challenge; no Drive copy,https://publications.iaa.org.il/ha_hebrew_series/80
ha_hebrew_series_80#043,S1,ha_hebrew_series,Hadashot Arkheologiyot 100 / חדשות ארכיאולוגיות ק,1993,63,"ירושלים , בנייני האומה , בנימין ארובס וחיים גולדפוס",JER_ALL,P3,not read (source not reachable),not read: portal PDF behind a JavaScript challenge; no Drive copy,https://publications.iaa.org.il/ha_hebrew_series/80
ha_hebrew_series_80#044,S1,ha_hebrew_series,Hadashot Arkheologiyot 100 / חדשות ארכיאולוגיות ק,1993,67,"ירושלים , החומה השלישית (שטח C) , 66/91-G, אלי שוקרון ואלגרה סווארג'גו",JER_ALL,P3,not read (source not reachable),not read: portal PDF behind a JavaScript challenge; no Drive copy,https://publications.iaa.org.il/ha_hebrew_series/80
ha_hebrew_series_80#045,S1,ha_hebrew_series,Hadashot Arkheologiyot 100 / חדשות ארכיאולוגיות ק,1993,68,"ירושלים , החומה השלישית (שטח D) , 113/91-G, דוד עמית, שמואל וולף ואמיר גורזלזני",JER_ALL,P3,not read (source not reachable),not read: portal PDF behind a JavaScript challenge; no Drive copy,https://publications.iaa.org.il/ha_hebrew_series/80
ha_hebrew_series_80#046,S1,ha_hebrew_series,Hadashot Arkheologiyot 100 / חדשות ארכיאולוגיות ק,1993,72,"ירושלים , מזרח תלפיות , 1749-A, יעקב ביליג",JER_ALL,P3,not read (source not reachable),not read: portal PDF behind a JavaScript challenge; no Drive copy,https://publications.iaa.org.il/ha_hebrew_series/80
ha_hebrew_series_80#047,S1,ha_hebrew_series,Hadashot Arkheologiyot 100 / חדשות ארכיאולוגיות ק,1993,73,"ירושלים , גבעת המטוס , 112/91-G, אלנה קוגן-זהבי",JER_ALL,P3,not read (source not reachable),not read: portal PDF behind a JavaScript challenge; no Drive copy,https://publications.iaa.org.il/ha_hebrew_series/80
ha_hebrew_series_80#048,S1,ha_hebrew_series,Hadashot Arkheologiyot 100 / חדשות ארכיאולוגיות ק,1993,77,"ירושלים , מר אליאס , 1895-A, רינה אבנר",JER_ALL,P3,not read (source not reachable),not read: portal PDF behind a JavaScript challenge; no Drive copy,https://publications.iaa.org.il/ha_hebrew_series/80
ha_hebrew_series_80#075,S1,ha_hebrew_series,Hadashot Arkheologiyot 100 / חדשות ארכיאולוגיות ק,1993,108,"ירושלים , מעלות דפנה , 1810-A",JER_ALL,P3,not read (source not reachable),not read: portal PDF behind a JavaScript challenge; no Drive copy,https://publications.iaa.org.il/ha_hebrew_series/80
ha_hebrew_series_80#076,S1,ha_hebrew_series,Hadashot Arkheologiyot 100 / חדשות ארכיאולוגיות ק,1993,109,"ירושלים , מורשה (השער החדש) , 1836-A*, אלון זהבי",JER_ALL,P3,not read (source not reachable),not read: portal PDF behind a JavaScript challenge; no Drive copy,https://publications.iaa.org.il/ha_hebrew_series/80
ha_hebrew_series_80#077,S1,ha_hebrew_series,Hadashot Arkheologiyot 100 / חדשות ארכיאולוגיות ק,1993,109,"ירושלים , מורשה (כיכר העיר) , 1822-A*, וויאנה אתונין ואלון זהבי",JER_ALL,P3,not read (source not reachable),not read: portal PDF behind a JavaScript challenge; no Drive copy,https://publications.iaa.org.il/ha_hebrew_series/80
ha_hebrew_series_81#041,S1,ha_hebrew_series,Hadashot Arkheologiyot 101–102 / חדשות ארכיאולוגיות קא–קב,1993,77,"ירושלים , ח' אל-בורג' , 1882-A, אלכסנדר און ויהודה רפיואנו",JER_ALL,P3,not read (source not reachable),not read: portal PDF behind a JavaScript challenge; no Drive copy,https://publications.iaa.org.il/ha_hebrew_series/81
ha_hebrew_series_81#042,S1,ha_hebrew_series,Hadashot Arkheologiyot 101–102 / חדשות ארכיאולוגיות קא–קב,1993,78,"ירושלים , גבעת שפירא (הגבעה הצרפתית') , 1938-A, לילי גרשוני ובועז זיסו",JER_ALL,P3,not read (source not reachable),not read: portal PDF behind a JavaScript challenge; no Drive copy,https://publications.iaa.org.il/ha_hebrew_series/81
ha_hebrew_series_81#043,S1,ha_hebrew_series,Hadashot Arkheologiyot 101–102 / חדשות ארכיאולוגיות קא–קב,1993,79,"ירושלים , א-טור , *1857-A, ראפע אבו ריא",JER_ALL,P3,not read (source not reachable),not read: portal PDF behind a JavaScript challenge; no Drive copy,https://publications.iaa.org.il/ha_hebrew_series/81
ha_hebrew_series_81#044,S1,ha_hebrew_series,Hadashot Arkheologiyot 101–102 / חדשות ארכיאולוגיות קא–קב,1993,80,"ירושלים , ממילא – 1991-1993 , 1/91-G-1/92 ,G-1/93 ,G, רוני רייך ואלי שוקרון",JER_ALL,P3,not read (source not reachable),not read: portal PDF behind a JavaScript challenge; no Drive copy,https://publications.iaa.org.il/ha_hebrew_series/81
ha_hebrew_series_81#046,S1,ha_hebrew_series,Hadashot Arkheologiyot 101–102 / חדשות ארכיאולוגיות קא–קב,1993,84,"ירושלים , ארנונה , *1941-A, צבי גרינהוט וגדעון סולימני",JER_ALL,P3,not read (source not reachable),not read: portal PDF behind a JavaScript challenge; no Drive copy,https://publications.iaa.org.il/ha_hebrew_series/81
ha_hebrew_series_81#047,S1,ha_hebrew_series,Hadashot Arkheologiyot 101–102 / חדשות ארכיאולוגיות קא–קב,1993,86,"ירושלים , בית צפאפה , 1931-A, נורית פייג",JER_ALL,P3,not read (source not reachable),not read: portal PDF behind a JavaScript challenge; no Drive copy,https://publications.iaa.org.il/ha_hebrew_series/81
ha_hebrew_series_81#048,S1,ha_hebrew_series,Hadashot Arkheologiyot 101–102 / חדשות ארכיאולוגיות קא–קב,1993,89,"ירושלים , נחל רפאים , 1934-A, עמנואל איזנברג",JER_ALL,P3,not read (source not reachable),not read: portal PDF behind a JavaScript challenge; no Drive copy,https://publications.iaa.org.il/ha_hebrew_series/81
ha_hebrew_series_81#089,S1,ha_hebrew_series,Hadashot Arkheologiyot 101–102 / חדשות ארכיאולוגיות קא–קב,1993,126,"ירושלים , ח' שמואל הנביא , בועז זיסו",JER_ALL,P3,not read (source not reachable),not read: portal PDF behind a JavaScript challenge; no Drive copy,https://publications.iaa.org.il/ha_hebrew_series/81
ha_hebrew_series_81#090,S1,ha_hebrew_series,Hadashot Arkheologiyot 101–102 / חדשות ארכיאולוגיות קא–קב,1993,126,"ירושלים , דרך חברון , *1767-A, צבי גרינהוט ובועז זיסו",JER_ALL,P3,not read (source not reachable),not read: portal PDF behind a JavaScript challenge; no Drive copy,https://publications.iaa.org.il/ha_hebrew_series/81
ha_hebrew_series_82#105,S1,ha_hebrew_series,Hadashot Arkheologiyot 103 / חדשות ארכיאולוגיות קג,1995,118,"ירושלים , רחוב רמת הגולן , 294-A, גרשון אדלשטיין וזהבה לוי",JER_ALL,P3,not read (source not reachable),not read: portal PDF behind a JavaScript challenge; no Drive copy,https://publications.iaa.org.il/ha_hebrew_series/82
ha_hebrew_series_82#106,S1,ha_hebrew_series,Hadashot Arkheologiyot 103 / חדשות ארכיאולוגיות קג,1995,118,"ירושלים , אוגוסטה ויקטוריה , 416-A, גרשון אדלשטיין וזהבה לוי",JER_ALL,P3,not read (source not reachable),not read: portal PDF behind a JavaScript challenge; no Drive copy,https://publications.iaa.org.il/ha_hebrew_series/82
ha_hebrew_series_82#107,S1,ha_hebrew_series,Hadashot Arkheologiyot 103 / חדשות ארכיאולוגיות קג,1995,118,"ירושלים , הר הזיתים , 57-A, גרשון אדלשטיין",JER_ALL,P3,not read (source not reachable),not read: portal PDF behind a JavaScript challenge; no Drive copy,https://publications.iaa.org.il/ha_hebrew_series/82
ha_hebrew_series_82#108,S1,ha_hebrew_series,Hadashot Arkheologiyot 103 / חדשות ארכיאולוגיות קג,1995,118,"ירושלים , שער האשפות , 717-A, גרשון אדלשטיין וזהבה לוי",JER_ALL,P3,not read (source not reachable),not read: portal PDF behind a JavaScript challenge; no Drive copy,https://publications.iaa.org.il/ha_hebrew_series/82
ha_hebrew_series_82#110,S1,ha_hebrew_series,Hadashot Arkheologiyot 103 / חדשות ארכיאולוגיות קג,1995,118,"ירושלים , קריית היובל , גרשון אדלשטיין וזהבה לוי",JER_ALL,P3,not read (source not reachable),not read: portal PDF behind a JavaScript challenge; no Drive copy,https://publications.iaa.org.il/ha_hebrew_series/82
ha_hebrew_series_82#111,S1,ha_hebrew_series,Hadashot Arkheologiyot 103 / חדשות ארכיאולוגיות קג,1995,118,"ירושלים , תלפיות מזרח (יער השלום) , 1932-A, צבי גרינהוט",JER_ALL,P3,not read (source not reachable),not read: portal PDF behind a JavaScript challenge; no Drive copy,https://publications.iaa.org.il/ha_hebrew_series/82
ha_hebrew_series_83#050,S1,ha_hebrew_series,Hadashot Arkheologiyot 104 / חדשות ארכיאולוגיות קד,1995,81,"ירושלים , ח' כאכול , 1970-A*, אלנה קוגן-זהבי",JER_ALL,P3,not read (source not reachable),not read: portal PDF behind a JavaScript challenge; no Drive copy,https://publications.iaa.org.il/ha_hebrew_series/83
ha_hebrew_series_83#051,S1,ha_hebrew_series,Hadashot Arkheologiyot 104 / חדשות ארכיאולוגיות קד,1995,85,"ירושלים , ח' עדסה , 2117-A, חמודי חלאילה",JER_ALL,P3,not read (source not reachable),not read: portal PDF behind a JavaScript challenge; no Drive copy,https://publications.iaa.org.il/ha_hebrew_series/83
ha_hebrew_series_83#052,S1,ha_hebrew_series,Hadashot Arkheologiyot 104 / חדשות ארכיאולוגיות קד,1995,87,"ירושלים , ח' אל-בורג' , 1882-A*, שמואל וולף",JER_ALL,P3,not read (source not reachable),not read: portal PDF behind a JavaScript challenge; no Drive copy,https://publications.iaa.org.il/ha_hebrew_series/83
ha_hebrew_series_83#053,S1,ha_hebrew_series,Hadashot Arkheologiyot 104 / חדשות ארכיאולוגיות קד,1995,87,"ירושלים , פסגת זאב (מזרח א') , 1996-A*, ראפע אבו ריא",JER_ALL,P3,not read (source not reachable),not read: portal PDF behind a JavaScript challenge; no Drive copy,https://publications.iaa.org.il/ha_hebrew_series/83
ha_hebrew_series_83#054,S1,ha_hebrew_series,Hadashot Arkheologiyot 104 / חדשות ארכיאולוגיות קד,1995,89,"ירושלים , פסגת זאב ה' , עופרה שורקין",JER_ALL,P3,not read (source not reachable),not read: portal PDF behind a JavaScript challenge; no Drive copy,https://publications.iaa.org.il/ha_hebrew_series/83
ha_hebrew_series_83#055,S1,ha_hebrew_series,Hadashot Arkheologiyot 104 / חדשות ארכיאולוגיות קד,1995,89,"ירושלים , גבעת המבתר , 2153-A, ראפע אבו ריא",JER_ALL,P3,not read (source not reachable),not read: portal PDF behind a JavaScript challenge; no Drive copy,https://publications.iaa.org.il/ha_hebrew_series/83
ha_hebrew_series_83#056,S1,ha_hebrew_series,Hadashot Arkheologiyot 104 / חדשות ארכיאולוגיות קד,1995,90,"ירושלים , רחוב הרמחים ורחוב הסהר , 1785-A, ראפע אבו ריא",JER_ALL,P3,not read (source not reachable),not read: portal PDF behind a JavaScript challenge; no Drive copy,https://publications.iaa.org.il/ha_hebrew_series/83
ha_hebrew_series_83#057,S1,ha_hebrew_series,Hadashot Arkheologiyot 104 / חדשות ארכיאולוגיות קד,1995,91,"ירושלים , 'בית אליהו' , 1825-A, ראפע אבו ריא",JER_ALL,P3,not read (source not reachable),not read: portal PDF behind a JavaScript challenge; no Drive copy,https://publications.iaa.org.il/ha_hebrew_series/83
ha_hebrew_series_83#058,S1,ha_hebrew_series,Hadashot Arkheologiyot 104 / חדשות ארכיאולוגיות קד,1995,92,"ירושלים , רחוב השלשלת , 1873-A-1987 ,A, אלנה קוגן-זהבי",JER_ALL,P3,not read (source not reachable),not read: portal PDF behind a JavaScript challenge; no Drive copy,https://publications.iaa.org.il/ha_hebrew_series/83
ha_hebrew_series_83#059,S1,ha_hebrew_series,Hadashot Arkheologiyot 104 / חדשות ארכיאולוגיות קד,1995,95,"ירושלים , שער המערביים , 1976-A *, ראפע אבו ריא",JER_ALL,P3,not read (source not reachable),not read: portal PDF behind a JavaScript challenge; no Drive copy,https://publications.iaa.org.il/ha_hebrew_series/83
ha_hebrew_series_83#060,S1,ha_hebrew_series,Hadashot Arkheologiyot 104 / חדשות ארכיאולוגיות קד,1995,96,"ירושלים , 'קשת רובינסון' , 2205-A, רוני רייך ויעקב ביליג",JER_ALL,P3,not read (source not reachable),not read: portal PDF behind a JavaScript challenge; no Drive copy,https://publications.iaa.org.il/ha_hebrew_series/83
ha_hebrew_series_83#061,S1,ha_hebrew_series,Hadashot Arkheologiyot 104 / חדשות ארכיאולוגיות קד,1995,97,"ירושלים , הר הזיתים , 2114-A, ראפע אבו ריא",JER_ALL,P3,not read (source not reachable),not read: portal PDF behind a JavaScript challenge; no Drive copy,https://publications.iaa.org.il/ha_hebrew_series/83
ha_hebrew_series_84#071,S1,ha_hebrew_series,Hadashot Arkheologiyot 106 / חדשות ארכיאולוגיות קו,1996,130,"ירושלים , החומה השלישית , 2133-G -28/91 ,A*, ראפע אבו ריא",JER_ALL,P3,not read (source not reachable),not read: portal PDF behind a JavaScript challenge; no Drive copy,https://publications.iaa.org.il/ha_hebrew_series/84
ha_hebrew_series_84#072,S1,ha_hebrew_series,Hadashot Arkheologiyot 106 / חדשות ארכיאולוגיות קו,1996,134,"ירושלים , שער הרחמים , 2381-A, רוני רייך ואלי שוקרון",JER_ALL,P3,not read (source not reachable),not read: portal PDF behind a JavaScript challenge; no Drive copy,https://publications.iaa.org.il/ha_hebrew_series/84
ha_hebrew_series_84#073,S1,ha_hebrew_series,Hadashot Arkheologiyot 106 / חדשות ארכיאולוגיות קו,1996,134,"ירושלים , קשת רובינסון , 2205-A",JER_ALL,P3,not read (source not reachable),not read: portal PDF behind a JavaScript challenge; no Drive copy,https://publications.iaa.org.il/ha_hebrew_series/84
ha_hebrew_series_84#074,S1,ha_hebrew_series,Hadashot Arkheologiyot 106 / חדשות ארכיאולוגיות קו,1996,137,"ירושלים , חקל דמא , בועז זיסו",JER_ALL,P3,not read (source not reachable),not read: portal PDF behind a JavaScript challenge; no Drive copy,https://publications.iaa.org.il/ha_hebrew_series/84
ha_hebrew_series_84#076,S1,ha_hebrew_series,Hadashot Arkheologiyot 106 / חדשות ארכיאולוגיות קו,1996,140,"ירושלים , כנסיית סט פטרוס אין גליקנטו , 78/94-G",JER_ALL,P3,not read (source not reachable),not read: portal PDF behind a JavaScript challenge; no Drive copy,https://publications.iaa.org.il/ha_hebrew_series/84
ha_hebrew_series_84#077,S1,ha_hebrew_series,Hadashot Arkheologiyot 106 / חדשות ארכיאולוגיות קו,1996,141,"ירושלים , מלון הולילנד , 2292-A, שרה בן אריה",JER_ALL,P3,not read (source not reachable),not read: portal PDF behind a JavaScript challenge; no Drive copy,https://publications.iaa.org.il/ha_hebrew_series/84
ha_hebrew_series_84#078,S1,ha_hebrew_series,Hadashot Arkheologiyot 106 / חדשות ארכיאולוגיות קו,1996,142,"ירושלים , בית צפאפא (מערב) , 2429-A, בועז זיסו וחיים מויאל",JER_ALL,P3,not read (source not reachable),not read: portal PDF behind a JavaScript challenge; no Drive copy,https://publications.iaa.org.il/ha_hebrew_series/84
ha_hebrew_series_84#103,S1,ha_hebrew_series,Hadashot Arkheologiyot 106 / חדשות ארכיאולוגיות קו,1996,171,"ירושלים , רח' שמואל הנביא , ראפע אבו ריא",JER_ALL,P3,not read (source not reachable),not read: portal PDF behind a JavaScript challenge; no Drive copy,https://publications.iaa.org.il/ha_hebrew_series/84
ha_hebrew_series_84#104,S1,ha_hebrew_series,Hadashot Arkheologiyot 106 / חדשות ארכיאולוגיות קו,1996,172,"ירושלים , בית הכרם , 2301-A *, ראפע אבו ריא",JER_ALL,P3,not read (source not reachable),not read: portal PDF behind a JavaScript challenge; no Drive copy,https://publications.iaa.org.il/ha_hebrew_series/84
ha_hebrew_series_84#120,S1,ha_hebrew_series,Hadashot Arkheologiyot 106 / חדשות ארכיאולוגיות קו,1996,175,"ירושלים , מזרח תלפיות , 1446-A, אורנה הס",JER_ALL,P3,not read (source not reachable),not read: portal PDF behind a JavaScript challenge; no Drive copy,https://publications.iaa.org.il/ha_hebrew_series/84
ha_hebrew_series_85#050,S1,ha_hebrew_series,Hadashot Arkheologiyot 107 / חדשות ארכיאולוגיות קז,1997,81,"ירושלים , הר חוצבים , 2096-A, נטליה מאי",JER_ALL,P3,not read (source not reachable),not read: portal PDF behind a JavaScript challenge; no Drive copy,https://publications.iaa.org.il/ha_hebrew_series/85
ha_hebrew_series_85#051,S1,ha_hebrew_series,Hadashot Arkheologiyot 107 / חדשות ארכיאולוגיות קז,1997,84,"ירושלים , הר הצופים , 2312-A, ראפע אבו ריא ובועז זיסו",JER_ALL,P3,not read (source not reachable),not read: portal PDF behind a JavaScript challenge; no Drive copy,https://publications.iaa.org.il/ha_hebrew_series/85
ha_hebrew_series_85#054,S1,ha_hebrew_series,Hadashot Arkheologiyot 107 / חדשות ארכיאולוגיות קז,1997,87,"ירושלים , אבו טור , 2515-A *, בועז זיסו ואמיר גנור",JER_ALL,P3,not read (source not reachable),not read: portal PDF behind a JavaScript challenge; no Drive copy,https://publications.iaa.org.il/ha_hebrew_series/85
ha_hebrew_series_85#055,S1,ha_hebrew_series,Hadashot Arkheologiyot 107 / חדשות ארכיאולוגיות קז,1997,88,"ירושלים , כנסיית סט' פטרוס אין גליקנטו – 1995 , 105/95-G, פלורנטינו דיאז",JER_ALL,P3,not read (source not reachable),not read: portal PDF behind a JavaScript challenge; no Drive copy,https://publications.iaa.org.il/ha_hebrew_series/85
ha_hebrew_series_85#056,S1,ha_hebrew_series,Hadashot Arkheologiyot 107 / חדשות ארכיאולוגיות קז,1997,89,"ירושלים , רחוב ממילא , 2286-A, אפרת אסף ויעקב ביליג",JER_ALL,P3,not read (source not reachable),not read: portal PDF behind a JavaScript challenge; no Drive copy,https://publications.iaa.org.il/ha_hebrew_series/85
ha_hebrew_series_85#057,S1,ha_hebrew_series,Hadashot Arkheologiyot 107 / חדשות ארכיאולוגיות קז,1997,91,"ירושלים , נווה שאנן , 2479-A *, ג'ון (יוחנן) זליגמן ועמית ראם",JER_ALL,P3,not read (source not reachable),not read: portal PDF behind a JavaScript challenge; no Drive copy,https://publications.iaa.org.il/ha_hebrew_series/85
ha_hebrew_series_85#058,S1,ha_hebrew_series,Hadashot Arkheologiyot 107 / חדשות ארכיאולוגיות קז,1997,92,"ירושלים , עין כרם , 2424-A *, ג'ון (יוחנן) זליגמן ועמית ראם",JER_ALL,P3,not read (source not reachable),not read: portal PDF behind a JavaScript challenge; no Drive copy,https://publications.iaa.org.il/ha_hebrew_series/85
ha_hebrew_series_85#059,S1,ha_hebrew_series,Hadashot Arkheologiyot 107 / חדשות ארכיאולוגיות קז,1997,93,"ירושלים , גבעת חומה , 2319-A, נטליה מאי",JER_ALL,P3,not read (source not reachable),not read: portal PDF behind a JavaScript challenge; no Drive copy,https://publications.iaa.org.il/ha_hebrew_series/85
ha_hebrew_series_85#060,S1,ha_hebrew_series,Hadashot Arkheologiyot 107 / חדשות ארכיאולוגיות קז,1997,94,"ירושלים , עין יעל (א) , 2143-A, ראפע אבו ריא ומיגל ויסמן",JER_ALL,P3,not read (source not reachable),not read: portal PDF behind a JavaScript challenge; no Drive copy,https://publications.iaa.org.il/ha_hebrew_series/85
ha_hebrew_series_85#061,S1,ha_hebrew_series,Hadashot Arkheologiyot 107 / חדשות ארכיאולוגיות קז,1997,95,"ירושלים , עין יעל (ב) , 77/91-G *, הרלי שטרק",JER_ALL,P3,not read (source not reachable),not read: portal PDF behind a JavaScript challenge; no Drive copy,https://publications.iaa.org.il/ha_hebrew_series/85
ha_hebrew_series_85#086,S1,ha_hebrew_series,Hadashot Arkheologiyot 107 / חדשות ארכיאולוגיות קז,1997,137,"סקר מבנים צלבניים , אכזיב, עכו, ירושלים, ליפתא, מוצא , 19/93-G, אדריאן בועז",JER_ALL,P3,not read (source not reachable),not read: portal PDF behind a JavaScript challenge; no Drive copy,https://publications.iaa.org.il/ha_hebrew_series/85
ha_hebrew_series_86#099,S1,ha_hebrew_series,Hadashot Arkheologiyot 108 / חדשות ארכיאולוגיות קח,1998,133,"ירושלים , יער רמות , 2215-A, יהודה רפיואנו ואליהו שבו",JER_ALL,P3,not read (source not reachable),not read: portal PDF behind a JavaScript challenge; no Drive copy,https://publications.iaa.org.il/ha_hebrew_series/86
ha_hebrew_series_86#100,S1,ha_hebrew_series,Hadashot Arkheologiyot 108 / חדשות ארכיאולוגיות קח,1998,134,"ירושלים , גבעת המבתר , 2223-A *, גדעון סולימני ובועז זיסו",JER_ALL,P3,not read (source not reachable),not read: portal PDF behind a JavaScript challenge; no Drive copy,https://publications.iaa.org.il/ha_hebrew_series/86
ha_hebrew_series_86#102,S1,ha_hebrew_series,Hadashot Arkheologiyot 108 / חדשות ארכיאולוגיות קח,1998,138,"ירושלים , חומת העיר העתיקה , 2503-A, ג'ון (יוחנן) זליגמן",JER_ALL,P3,not read (source not reachable),not read: portal PDF behind a JavaScript challenge; no Drive copy,https://publications.iaa.org.il/ha_hebrew_series/86
ha_hebrew_series_86#103,S1,ha_hebrew_series,Hadashot Arkheologiyot 108 / חדשות ארכיאולוגיות קח,1998,139,"ירושלים , מר אליאס – כנסיית הקתיסמה , 2753-A, רינה אבנר",JER_ALL,P3,not read (source not reachable),not read: portal PDF behind a JavaScript challenge; no Drive copy,https://publications.iaa.org.il/ha_hebrew_series/86
ha_hebrew_series_86#139,S1,ha_hebrew_series,Hadashot Arkheologiyot 108 / חדשות ארכיאולוגיות קח,1998,180,"ירושלים , קשת רובינסון , רוני רייך ויעקב ביליג",JER_ALL,P3,not read (source not reachable),not read: portal PDF behind a JavaScript challenge; no Drive copy,https://publications.iaa.org.il/ha_hebrew_series/86
ha_hebrew_series_86#140,S1,ha_hebrew_series,Hadashot Arkheologiyot 108 / חדשות ארכיאולוגיות קח,1998,180,"ירושלים , רחוב דיסקין , 2350-A, ראפע אבו ריא וגדעון סולימני",JER_ALL,P3,not read (source not reachable),not read: portal PDF behind a JavaScript challenge; no Drive copy,https://publications.iaa.org.il/ha_hebrew_series/86
ha_hebrew_series_9#009,S2,ha_hebrew_series,Hadashot Arkheologiyot 21 / חדשות ארכיאולוגיות כא,1967,10,"מערת קברים עתיקה בירושלים , שלמה גודוביץ",JER_ALL,P3,not read (source not reachable),not read: portal PDF behind a JavaScript challenge; no Drive copy,https://publications.iaa.org.il/ha_hebrew_series/9
ha_hebrew_series_76#023,S1,ha_hebrew_series,Hadashot Arkheologiyot 45 / חדשות ארכיאולוגיות מה,1973,22–23,"ירושלים, בית כייפא, שבהר ציון , בית כייפא, הר ציון , מגן ברושי",JER_ALL,P1,not read: pages absent,printed pp. 20-25 (Jerusalem reports) are absent from the owner's Drive copy of HA 45; the portal PDF is behind a JavaScript challenge,https://publications.iaa.org.il/ha_hebrew_series/76
ha_hebrew_series_76#022,S1,ha_hebrew_series,Hadashot Arkheologiyot 45 / חדשות ארכיאולוגיות מה,1973,20–22,"ירושלים, הרובע היהודי – 1972 , נחמן אביגד",JER_ALL,P3,not read: pages absent,printed pp. 20-25 (Jerusalem reports) are absent from the owner's Drive copy of HA 45; the portal PDF is behind a JavaScript challenge,https://publications.iaa.org.il/ha_hebrew_series/76
ha_hebrew_series_76#024,S1,ha_hebrew_series,Hadashot Arkheologiyot 45 / חדשות ארכיאולוגיות מה,1973,23,"ירושלים, בדיקה בחצר הכנסייה האנגליקנית , מגן ברושי",JER_ALL,P3,not read: pages absent,printed pp. 20-25 (Jerusalem reports) are absent from the owner's Drive copy of HA 45; the portal PDF is behind a JavaScript challenge,https://publications.iaa.org.il/ha_hebrew_series/76
ha_hebrew_series_76#025,S1,ha_hebrew_series,Hadashot Arkheologiyot 45 / חדשות ארכיאולוגיות מה,1973,23,"ירושלים, מערת קבורה בגבעת מרדכי , עמוס קלונר",JER_ALL,P3,not read: pages absent,printed pp. 20-25 (Jerusalem reports) are absent from the owner's Drive copy of HA 45; the portal PDF is behind a JavaScript challenge,https://publications.iaa.org.il/ha_hebrew_series/76
ha_hebrew_series_76#026,S1,ha_hebrew_series,Hadashot Arkheologiyot 45 / חדשות ארכיאולוגיות מה,1973,24,"ירושלים, רחוב שמואל הנביא , עמוס קלונר ושלמה גודוביץ",JER_ALL,P3,not read: pages absent,printed pp. 20-25 (Jerusalem reports) are absent from the owner's Drive copy of HA 45; the portal PDF is behind a JavaScript challenge,https://publications.iaa.org.il/ha_hebrew_series/76
ha_hebrew_series_76#027,S1,ha_hebrew_series,Hadashot Arkheologiyot 45 / חדשות ארכיאולוגיות מה,1973,24,"ירושלים, רחוב בר אילן",JER_ALL,P3,not read: pages absent,printed pp. 20-25 (Jerusalem reports) are absent from the owner's Drive copy of HA 45; the portal PDF is behind a JavaScript challenge,https://publications.iaa.org.il/ha_hebrew_series/76
ha_hebrew_series_76#028,S1,ha_hebrew_series,Hadashot Arkheologiyot 45 / חדשות ארכיאולוגיות מה,1973,24,"ירושלים, רחוב שאול המלך , פאני ויטו",JER_ALL,P3,not read: pages absent,printed pp. 20-25 (Jerusalem reports) are absent from the owner's Drive copy of HA 45; the portal PDF is behind a JavaScript challenge,https://publications.iaa.org.il/ha_hebrew_series/76
ha_hebrew_series_76#029,S1,ha_hebrew_series,Hadashot Arkheologiyot 45 / חדשות ארכיאולוגיות מה,1973,25,"ירושלים, סביבות מלון ""ארץ הצבי"" , ל""י רחמני ויוסף זיאס",JER_ALL,P3,not read: pages absent,printed pp. 20-25 (Jerusalem reports) are absent from the owner's Drive copy of HA 45; the portal PDF is behind a JavaScript challenge,https://publications.iaa.org.il/ha_hebrew_series/76
ha_hebrew_series_76#030,S1,ha_hebrew_series,Hadashot Arkheologiyot 45 / חדשות ארכיאולוגיות מה,1973,25,"ירושלים, נוה יעקב , פאני ויטו",JER_ALL,P3,not read: pages absent,printed pp. 20-25 (Jerusalem reports) are absent from the owner's Drive copy of HA 45; the portal PDF is behind a JavaScript challenge,https://publications.iaa.org.il/ha_hebrew_series/76
ha_hebrew_series_76#031,S1,ha_hebrew_series,Hadashot Arkheologiyot 45 / חדשות ארכיאולוגיות מה,1973,25,"ירושלים, מנהרה בימין משה , ימין משה , עמוס קלונר",JER_ALL,P3,not read: pages absent,printed pp. 20-25 (Jerusalem reports) are absent from the owner's Drive copy of HA 45; the portal PDF is behind a JavaScript challenge,https://publications.iaa.org.il/ha_hebrew_series/76
ESI09-046-monasteries-ii,S1,ESI,9,1991,46-51,"Judean Desert, Jericho Basin, Samaria: Survey of Monasteries - 1987 (Part II)",,,"read, not coded: beyond 5 km",no coded feature; nearest nuweimeh at 8.383 km,https://publications.iaa.org.il/esi_english_series/3
HA76-029-emmaus-beth-horon-milestones,S1,HA,76,1981,29,דרכים רומיות ואבני מיל בשפלה,,,"read, not coded: beyond 5 km",no coded feature; nearest beth_horon at 10.244 km,https://publications.iaa.org.il/ha_hebrew_series/36
HAESI138-050-har-nof,S1,HA-ESI,138,2026,article 50,"Jerusalem, Har Nof (A-9242)",,,"read, not coded: beyond 5 km",no coded feature; nearest jer_baqa at 5.094 km,https://publications.iaa.org.il/ha-esi/vol138/iss1/50
ESI09-054-mt-scopus-a,S1,ESI,9,1991,54-55,"Jerusalem, Mt. Scopus (A)",,,"read, not coded: no map reference and the title names no listed place",features listed in features_unlocated.csv,https://publications.iaa.org.il/esi_english_series/3
ESI09-055-city-hall-square,S1,ESI,9,1991,55-56,"Jerusalem, City Hall Square",,,"read, not coded: no map reference and the title names no listed place",features listed in features_unlocated.csv,https://publications.iaa.org.il/esi_english_series/3
ESI15-070-har-hozevim,S1,ESI,15,1996,70-72,"Jerusalem, Har Hozevim",,,"read, not coded: no map reference and the title names no listed place",features listed in features_unlocated.csv,https://publications.iaa.org.il/esi_english_series/8
ESI15-072-binyane-haumma,S1,ESI,15,1996,72,"Jerusalem, Binyane Ha’umma",,,"read, not coded: no map reference and the title names no listed place",no coded feature,https://publications.iaa.org.il/esi_english_series/8
HA40-017-jewish-quarter,S1,HA,40,1971,17-18,ירושלים: הרובע היהודי,,,"read, not coded: no map reference and the title names no listed place",features listed in features_unlocated.csv,https://publications.iaa.org.il/ha_hebrew_series/17
HA40-019-armenian-garden,S1,HA,40,1971,19,ירושלים: הגן הארמני,,,"read, not coded: no map reference and the title names no listed place",features listed in features_unlocated.csv,https://publications.iaa.org.il/ha_hebrew_series/17
HA40-020-mt-scopus,S1,HA,40,1971,20,ירושלים: הר הצופים,,,"read, not coded: no map reference and the title names no listed place",features listed in features_unlocated.csv,https://publications.iaa.org.il/ha_hebrew_series/17
HA40-021-ramot,S1,HA,40,1971,21,ירושלים: רמות,,,"read, not coded: no map reference and the title names no listed place",features listed in features_unlocated.csv,https://publications.iaa.org.il/ha_hebrew_series/17
HA59-028-jewish-quarter,S1,HA,59-60,1976,28-29,"ירושלים, הרובע היהודי - 1975",,,"read, not coded: no map reference and the title names no listed place",features listed in features_unlocated.csv,https://publications.iaa.org.il/ha_hebrew_series/28
HA59-030-holy-sepulchre,S1,HA,59-60,1976,30-31,"ירושלים, בדיקות בכנסיית הקבר",,,"read, not coded: no map reference and the title names no listed place",features listed in features_unlocated.csv,https://publications.iaa.org.il/ha_hebrew_series/28
HA59-031-herods-family-tomb-area,S1,HA,59-60,1976,31,"ירושלים, איזור קבר בית הורדוס",,,"read, not coded: no map reference and the title names no listed place",features listed in features_unlocated.csv,https://publications.iaa.org.il/ha_hebrew_series/28
HA59-032-french-hill,S1,HA,59-60,1976,32,"ירושלים, הגבעה הצרפתית",,,"read, not coded: no map reference and the title names no listed place",features listed in features_unlocated.csv,https://publications.iaa.org.il/ha_hebrew_series/28
HA59-032-rockefeller-soundings,S1,HA,59-60,1976,32,"ירושלים, בדיקות ליד מוזיאון רוקפלר",,,"read, not coded: no map reference and the title names no listed place",features listed in features_unlocated.csv,https://publications.iaa.org.il/ha_hebrew_series/28
HA59-033-northern-wall,S1,HA,59-60,1976,33,"ירושלים, בדיקה ליד החומה הצפונית",,,"read, not coded: no map reference and the title names no listed place",features listed in features_unlocated.csv,https://publications.iaa.org.il/ha_hebrew_series/28
HA59-034-givat-mordechai,S1,HA,59-60,1976,34,"ירושלים, גבעת מרדכי",,,"read, not coded: no map reference and the title names no listed place",features listed in features_unlocated.csv,https://publications.iaa.org.il/ha_hebrew_series/28
HA76-020-citadel,S1,HA,76,1981,20-24,"ירושלים, המצודה - מגדל דויד",,,"read, not coded: no map reference and the title names no listed place",features listed in features_unlocated.csv,https://publications.iaa.org.il/ha_hebrew_series/36
HA76-024-east-talpiyot,S1,HA,76,1981,24-25,"ירושלים, תלפיות מזרח - מערת קבורה",,,"read, not coded: no map reference and the title names no listed place",features listed in features_unlocated.csv,https://publications.iaa.org.il/ha_hebrew_series/36
esi_english_series_11#029,S1,esi_english_series,Excavations and Surveys in Israel 19,1999,46,"Sha‘ar Efrayim , (Center and South) , 25/95-G-26/95 ,G-63/96 ,G, Ronit Oren, Na‘ama Scheftelowitz and Ran Barkai",JERICHO_ALL,P1,screen false positive,the matched name occurs only in the author field,https://publications.iaa.org.il/esi_english_series/11
esi_english_series_11#037,S1,esi_english_series,Excavations and Surveys in Israel 19,1999,62,"Khirbet el-Bira , 116/95-G, Na‘ama Scheftelowitz and Ronit Oren",JERICHO_ALL,P1,screen false positive,the matched name occurs only in the author field,https://publications.iaa.org.il/esi_english_series/11
esi_english_series_11#097,S1,esi_english_series,Excavations and Surveys in Israel 19,1999,148,"Nahal Te’enim , 11/95-G, Ronit Oren and Naama Sheftelovitz",JERICHO_ALL,P1,screen false positive,the matched name occurs only in the author field,https://publications.iaa.org.il/esi_english_series/11
esi_english_series_19#066,S1,esi_english_series,Excavations and Surveys in Israel 18,1998,117,"Yavné Yam , Underwater Survey , G-26/92, G-30/93, G-21/94, G-53/95, Ehud Galili, Ya‘aqov Sharvit and Na‘ama Bahat-Silb",JERICHO_ALL,P1,screen false positive,the matched name occurs only in the author field,https://publications.iaa.org.il/esi_english_series/19
esi_english_series_19#102,S1,esi_english_series,Excavations and Surveys in Israel 18,1998,171,"Horbat Tittora (South) , *A-2337 , Yossi Elisha",JERICHO_ALL,P1,screen false positive,the matched name occurs only in the author field,https://publications.iaa.org.il/esi_english_series/19
esi_english_series_19#113,S1,esi_english_series,Excavations and Surveys in Israel 18,1998,174,"Tul Karm , G-23/95, Ronit Oren and Na‘ama Scheftelowitz",JERICHO_ALL,P1,screen false positive,the matched name occurs only in the author field,https://publications.iaa.org.il/esi_english_series/19
esi_english_series_19#114,S1,esi_english_series,Excavations and Surveys in Israel 18,1998,174,"Sha‘ar Efrayim (East) , G-24/95, Ronit Oren and Na‘ama Scheftelowitz",JERICHO_ALL,P1,screen false positive,the matched name occurs only in the author field,https://publications.iaa.org.il/esi_english_series/19
esi_english_series_19#115,S1,esi_english_series,Excavations and Surveys in Israel 18,1998,174,"Tayiba, Nahal Alexander, Alexander bypass , G-102/95, G-104/95, G-103/95, Ronit Oren and Na‘ama Scheftelowitz",JERICHO_ALL,P1,screen false positive,the matched name occurs only in the author field,https://publications.iaa.org.il/esi_english_series/19
esi_english_series_19#116,S1,esi_english_series,Excavations and Surveys in Israel 18,1998,174,"Tel Aviv , el-Haddar , A-2394, Yossi Elisha",JERICHO_ALL,P1,screen false positive,the matched name occurs only in the author field,https://publications.iaa.org.il/esi_english_series/19
esi_english_series_4#002,S1,esi_english_series,Excavations and Surveys in Israel 10,1992,2,"Gesher Benot Ya‘acov , 1990 , Na‘ama Goren-Inbar",JERICHO_ALL,P1,screen false positive,the matched name occurs only in the author field,https://publications.iaa.org.il/esi_english_series/4
esi_english_series_9#041,S1,esi_english_series,Excavations and Surveys in Israel 16,1997,71,"Tel Te’enim , G-100/94, Na‘ama Scheftelowitz and Ronit Oren",JERICHO_ALL,P1,screen false positive,the matched name occurs only in the author field,https://publications.iaa.org.il/esi_english_series/9
ha_esi_bilingual_series_3#038,S1,ha_esi_bilingual_series,Ḥadashot Arkheologiyot חדשות ארכיאולוגיות 110,1999,65,"Giva‘at Oranim (Naḥal Bareqet) , 69/97, Ronit Oren and Na‘ama Scheftelowitz",JERICHO_ALL,P1,screen false positive,the matched name occurs only in the author field,https://publications.iaa.org.il/ha_esi_bilingual_series/3
ha_esi_bilingual_series_4#042,S1,ha_esi_bilingual_series,Ḥadashot Arkheologiyot חדשות ארכיאולוגיות 111,2000,59,"Kefar Truman , 144/98-B, Ronit Oren and Naama Scheftelowitz",JERICHO_ALL,P1,screen false positive,the matched name occurs only in the author field,https://publications.iaa.org.il/ha_esi_bilingual_series/4
ha_esi_bilingual_series_4#110,S1,ha_esi_bilingual_series,Ḥadashot Arkheologiyot חדשות ארכיאולוגיות 111,2000,138,"Ramla , Pinkas Street , 2712-A*, Yossi Elisha",JERICHO_ALL,P1,screen false positive,the matched name occurs only in the author field,https://publications.iaa.org.il/ha_esi_bilingual_series/4
ha_esi_bilingual_series_6#063,S1,ha_esi_bilingual_series,Ḥadashot Arkheologiyot חדשות ארכיאולוגיות 113,2001,109,"Tel Shalaf (Northwest) , Amir Gorzalczany and Itamar Teksell",kh_yanun,P1,screen false positive,the matched name occurs only in the author field,https://publications.iaa.org.il/ha_esi_bilingual_series/6
ha_esi_bilingual_series_7#007,S1,ha_esi_bilingual_series,Ḥadashot Arkheologiyot חדשות ארכיאולוגיות 114,2002,13,"‘Akko Harbor , Underwater Surveys , G-32/90*, G-126/92, G-30/93*, G-31/93, G-127/95*, Ehud Galili, Jacob sharvit, Uzi Dahari, Na‘ama Bahat Zilberstein, G. Finkielsztejn, E.J. Stern, R. Kool and Y. Kahanov",JERICHO_ALL,P1,screen false positive,the matched name occurs only in the author field,https://publications.iaa.org.il/ha_esi_bilingual_series/7
ha_hebrew_series_13#015,S1,ha_hebrew_series,Hadashot Arkheologiyot 30 / חדשות ארכיאולוגיות ל,1969,18–19,"עין בוקק , מרדכי גיחון",JER_ALL,P1,screen false positive,the matched name occurs only in the author field,https://publications.iaa.org.il/ha_hebrew_series/13
ha_hebrew_series_17#036,S1,ha_hebrew_series,Hadashot Arkheologiyot 40 / חדשות ארכיאולוגיות מ,1971,28,"מגדל צפית , מרדכי גיחון",JER_ALL,P1,screen false positive,the matched name occurs only in the author field,https://publications.iaa.org.il/ha_hebrew_series/17
ha_hebrew_series_20#003,S2,ha_hebrew_series,Hadashot Arkheologiyot 47 / חדשות ארכיאולוגיות מז,1973,3,"חניתה , קבר , שמעון דר ואיתמר זינגר",kh_yanun,P1,screen false positive,the matched name occurs only in the author field,https://publications.iaa.org.il/ha_hebrew_series/20
ha_hebrew_series_26#035,S1,ha_hebrew_series,Hadashot Arkheologiyot 56 / חדשות ארכיאולוגיות נו,1975,44,"מצד תמר - 1975 , מרדכי גיחון",JER_ALL,P1,screen false positive,the matched name occurs only in the author field,https://publications.iaa.org.il/ha_hebrew_series/26
ha_hebrew_series_36#020,S1,ha_hebrew_series,Hadashot Arkheologiyot 76 / חדשות ארכיאולוגיות עו,1981,28,"ח' עקד , מרדכי גיחון",JER_ALL,P1,screen false positive,the matched name occurs only in the author field,https://publications.iaa.org.il/ha_hebrew_series/36
ha_hebrew_series_37#001,S1,ha_hebrew_series,Hadashot Arkheologiyot 77 / חדשות ארכיאולוגיות עז,1981,1,"בירכת רם , אתר פריהיסטורי , נעמה גורן",JERICHO_ALL,P1,screen false positive,the matched name occurs only in the author field,https://publications.iaa.org.il/ha_hebrew_series/37
ha_hebrew_series_49#002,S1,ha_hebrew_series,Hadashot Arkheologiyot 96 / חדשות ארכיאולוגיות צו,1991,2,"גשר בנות יעקב , 1990 , נעמה גורן-עינבר",JERICHO_ALL,P1,screen false positive,the matched name occurs only in the author field,https://publications.iaa.org.il/ha_hebrew_series/49
ha_hebrew_series_66#023,S1,ha_hebrew_series,Hadashot Arkheologiyot 37 / חדשות ארכיאולוגיות לז,1971,25–26,"עין בוקק - 1970 , מרדכי גיחון",JER_ALL,P1,screen false positive,the matched name occurs only in the author field,https://publications.iaa.org.il/ha_hebrew_series/66
ha_hebrew_series_74#003,S1,ha_hebrew_series,Hadashot Arkheologiyot 95 / חדשות ארכיאולוגיות צה,1990,4–6,"גשר בנות יעקב-1989 , נעמה גורן-עינבר",JERICHO_ALL,P1,screen false positive,the matched name occurs only in the author field,https://publications.iaa.org.il/ha_hebrew_series/74
ha_hebrew_series_76#005,S2,ha_hebrew_series,Hadashot Arkheologiyot 45 / חדשות ארכיאולוגיות מה,1973,7–8,"חניתה, קברים בחניתה , שמעון דר ואיתמר זינגר",kh_yanun,P1,screen false positive,the matched name occurs only in the author field,https://publications.iaa.org.il/ha_hebrew_series/76
ha_hebrew_series_83#041,S1,ha_hebrew_series,Hadashot Arkheologiyot 104 / חדשות ארכיאולוגיות קד,1995,71,"תל תאנים , 100/94-G, נעמה שפטלוביץ ורונית אורן",JERICHO_ALL,P1,screen false positive,the matched name occurs only in the author field,https://publications.iaa.org.il/ha_hebrew_series/83
ha_hebrew_series_84#066,S2,ha_hebrew_series,Hadashot Arkheologiyot 106 / חדשות ארכיאולוגיות קו,1996,117,"יבנה ים , סקר תת-ימי , 26/92-G-30/93 ,G-21/94 ,G-53/95 ,G, אהוד גלילי, יעקב שרביט ונעמה בהט-סילב",JERICHO_ALL,P1,screen false positive,the matched name occurs only in the author field,https://publications.iaa.org.il/ha_hebrew_series/84
ha_hebrew_series_84#113,S2,ha_hebrew_series,Hadashot Arkheologiyot 106 / חדשות ארכיאולוגיות קו,1996,174,"טול כרם , 23/95-G, רונית אורן ונעמה שפטאלוביץ",JERICHO_ALL,P1,screen false positive,the matched name occurs only in the author field,https://publications.iaa.org.il/ha_hebrew_series/84
ha_hebrew_series_84#114,S2,ha_hebrew_series,Hadashot Arkheologiyot 106 / חדשות ארכיאולוגיות קו,1996,174,"שער אפרים (מזרח) , 24/95-G, אורית אורן ונעמה שפטלוביץ",JERICHO_ALL,P1,screen false positive,the matched name occurs only in the author field,https://publications.iaa.org.il/ha_hebrew_series/84
ha_hebrew_series_84#115,S2,ha_hebrew_series,Hadashot Arkheologiyot 106 / חדשות ארכיאולוגיות קו,1996,174,"טייבה, נחל אלכסנדר, מחלף אלכסנדר , 102/95-G-104/95 ,G-103/95 ,G, רונית אורן ונעמה שפטאלוביץ",JERICHO_ALL,P1,screen false positive,the matched name occurs only in the author field,https://publications.iaa.org.il/ha_hebrew_series/84
ha_hebrew_series_85#029,S1,ha_hebrew_series,Hadashot Arkheologiyot 107 / חדשות ארכיאולוגיות קז,1997,46,"שער אפרים , (מרכז ודרום) , 25/95-G-26/95 ,G-63/96 ,G, רונית אורן, נעמה שפטלוביץ ורן ברקאי",JERICHO_ALL,P1,screen false positive,the matched name occurs only in the author field,https://publications.iaa.org.il/ha_hebrew_series/85
ha_hebrew_series_85#037,S1,ha_hebrew_series,Hadashot Arkheologiyot 107 / חדשות ארכיאולוגיות קז,1997,62,"ח' אל-בירה , 116/95-G, נעמה שפטלוביץ ורונית אורן",JERICHO_ALL,P1,screen false positive,the matched name occurs only in the author field,https://publications.iaa.org.il/ha_hebrew_series/85
ha_hebrew_series_85#097,S2,ha_hebrew_series,Hadashot Arkheologiyot 107 / חדשות ארכיאולוגיות קז,1997,148,"חורבת נחל תאנים , 11/95-G, רונית אורן ונעמה שפטלוביץ",JERICHO_ALL,P1,screen false positive,the matched name occurs only in the author field,https://publications.iaa.org.il/ha_hebrew_series/85
ha_hebrew_series_86#043,S2,ha_hebrew_series,Hadashot Arkheologiyot 108 / חדשות ארכיאולוגיות קח,1998,71,"ח' אל-בירה , 65/96-G, רונית אורן ונעמה שפטלוביץ",JERICHO_ALL,P1,screen false positive,the matched name occurs only in the author field,https://publications.iaa.org.il/ha_hebrew_series/86
