uc_identifier,item_type,title,column,section,cut,side,usc_item_url,direct_image_url,filename,width_px,height_px,byte_size,sha256,status,thumbnail_mean_absolute_error,note
UC110814682,facsimile RTI capture (2013 colour photo),DSS 3Q15F Column 2 Bottom 33 TIFF,2,Bottom,,,https://digitallibrary.usc.edu/asset-management/2A3BF1RISHE_3,https://d2f4b68zyi14gl.cloudfront.net/USC/TR1/6d/22/5e/2e/a6/v1_UC1/UC110814682.jpg?Expires=1791205217&Signature=QoGf6SSWz-kliB281a8G7Mn6Eo5~W7f8-9bq82~iJzW5AK01F-z-39ruYiHy0a-xxFO9uD~xgCN4TzQzk179Ns5H3jEqZ5KyuKKmR~JXl6AU5wrOC7rLSlrpyud36ro6dnNQ912Y29XNMTO-Dqax9132eH0RNSmP~xKQooQsVs6qeFImZdoO6E-ICX4rPLTD1t7rM6MJEGOLUUpTlE8HxJpXnYnKONsvprUBc0FBFeNJ-tk4DCOZP5a1ut~JqWjFIo7cPVwTs2IBWZUNvL3BsgOxSeWVKwsNjtikTFcN4Gjk5LiRRtuP2Dy3zajdpLOwn7sIxhkFozEgo9FA-f8apg__&Key-Pair-Id=K1U3QT649ZRWYA,images/previews/facsimile/UC110814682.jpg,1000,667,147797,2ceb94c986e12fec28bd128b115a8d580aa9508fae84f012fe8b82d9d0830fc0,acquired,4.921,Native public JPEG decoded; thumbnail dimensions and visual similarity checked
UC110814686,facsimile RTI capture (2013 colour photo),DSS 3Q15F Column 1 Bottom 32 TIFF,1,Bottom,,,https://digitallibrary.usc.edu/asset-management/2A3BF1RISH6_E,https://d2f4b68zyi14gl.cloudfront.net/USC/TR1/c6/19/88/4c/38/v1_UC1/UC110814686.jpg?Expires=1791205237&Signature=dpr820mQhQ9vdh6tIF7p1AnQY875zWac6fKEzfGyGbPqgEmW2TKy~kvw6vIAX1hL-7SSFMYqzUJrz0bQ-RS9M9CTr94betnFD0IR~q1E1JzgSkh4~1bIbFWZx~vDXi5ot2a48lnuoVUm7rXDMcZdS8JxPRIhUKhhhY~KJpKX5zklreqLxzH9zhSA9oelV0ty6AYU-VTTGKnODyqMt-R3Q5modHyaoG4ZmyEKwn7Fm1k9DATEriZl5bXvepgz96T3mDw61yT0NGrfGMTzw7NO7us~KRrxfulCJV-zVLXsfyI2UmfByYd5y-cK77VB1NVPFIZ~bCiHlb~rR3QysQ4KDw__&Key-Pair-Id=K1U3QT649ZRWYA,images/previews/facsimile/UC110814686.jpg,1000,667,200505,63f6a1cc0496b92ec8ff9f2d01bba6be5c6a1254b3c0d56b6cdd6b73a727d90d,acquired,6.076,Native public JPEG decoded; thumbnail dimensions and visual similarity checked
UC110814685,facsimile RTI capture (2013 colour photo),DSS 3Q15F Column 4 17 TIFF,4,Full,,,https://digitallibrary.usc.edu/asset-management/2A3BF1RIIR7IR,https://d2f4b68zyi14gl.cloudfront.net/USC/TR1/17/99/f1/fb/db/v1_UC1/UC110814685.jpg?Expires=1791205257&Signature=asD8IlIEXd7X5SAp7wBXGj602G-J46WfnMILxH0i1z37HkT0tKn~kov7TXLeBVqyjBpnjKjcymWRlwINOW9TH7Lw-hRK6VuZsuyBaAHHzQvdROqG1pu0QP6y50P9yOl6tjWNcG1gZGYyRnm2AEsAPgKK1qori-JTotp~wh~Ur2o~iFfmWqJwPCuLS-~qw~5-xh-SzMcf9GDjo61~lyXgw~Dn7mL5OWPnSmMOhUxFBCSzj8xmGqNjnhRnZsTaYhfLO7ppzRDufkIhp2VtegyjwJrbYtgswG-eBsuRxxSftVns~zYNl3qryO6ADKASaHt07eVD7uY8b4wGQkX6v8eibA__&Key-Pair-Id=K1U3QT649ZRWYA,images/previews/facsimile/UC110814685.jpg,730,1000,183364,422dd87f873d2d44801c6665a267f55dfa9c16da4ded048d5cb878cdabf8a7b6,acquired,5.321,Native public JPEG decoded; thumbnail dimensions and visual similarity checked
UC110814683,facsimile RTI capture (2013 colour photo),DSS 3Q15F Column 5 04 TIFF,5,Full,,,https://digitallibrary.usc.edu/asset-management/2A3BF1RIIRD2X,https://d2f4b68zyi14gl.cloudfront.net/USC/TR1/50/d9/42/db/11/v1_UC1/UC110814683.jpg?Expires=1791205325&Signature=kjmw~NQh638EfdMyUI1KFLDBgwUSVUpXMmyIBkyc-54Mhqc63d4auCNDlul6f~X8ekjW129b2rRdfhC81ZL7IGuY0R97lKJBryg-9eqQnzwMmRMqTU8wgCa0pUDd4LHeZoOGynLoifRW6OsBcOSUWpAo83-0IDi1~-12FlumrqfBd-LbHi6FcPXqadunpUgqrK1MOegxdJzcEYPnC0MXu14aWzw8C3KjPn-PqODUoGEZxNWd-Qsm~B2PU5PpQylyifjBOe8r~XUDNWf-gXrGm3mcknkBUomuGTqf5HSKmURqfE~z-JwWOXbGOVLA3qCuVgyFo5wVrbQuTPhKgb8I5Q__&Key-Pair-Id=K1U3QT649ZRWYA,images/previews/facsimile/UC110814683.jpg,787,1000,133657,53792d3095d0a2a6e27f4c95b70ff9fd73498a416811b4535cf11dda1dfabead,acquired,3.934,Native public JPEG decoded; thumbnail dimensions and visual similarity checked
UC110814684,facsimile RTI capture (2013 colour photo),DSS 3Q15F Column 11 20 TIFF,11,Full,,,https://digitallibrary.usc.edu/asset-management/2A3BF1RIIRAJO,https://d2f4b68zyi14gl.cloudfront.net/USC/TR1/44/27/12/1d/5a/v1_UC1/UC110814684.jpg?Expires=1791205345&Signature=dXSh-NRV8bHqxJ7n5X1atcX-l5FNZiTyALt62NTzFgxQCetntgqPf-Q662C19zpB5V-~qdpjvfJ1tuMXPELTF~1Cl8lqfE-6259ePIspINn7XUCwEI18LcXZd0zHnbWseba1QPzQtXGj84grvy7xe-XU8~6RU68BmYiRqvOz23lA~JNeWhLFFlSldXWMB3462cGPpHuxiWx~rj~tz80DH1U0bWSKT4MBtMsLuB0pjk3ZLqlFwhx7A2a6E5ABbIuEgVXsTBJYOiBPzFum0gRng1J0YWsfnaG7o4HvgMUQQ7DQ4-QeMiqjX8sU2tft63QCW1zobflkqjU5kaD1YONP0g__&Key-Pair-Id=K1U3QT649ZRWYA,images/previews/facsimile/UC110814684.jpg,785,1000,160623,3e181ebc3570c0de7aeaa95dd54ac458c6d76121211c482700998b18142e86b4,acquired,4.762,Native public JPEG decoded; thumbnail dimensions and visual similarity checked
UC110814681,facsimile RTI capture (2013 colour photo),DSS 3Q15F Column 1 24 TIFF,1,Full,,,https://digitallibrary.usc.edu/asset-management/2A3BF1RIIRLMQ,https://d2f4b68zyi14gl.cloudfront.net/USC/TR1/8b/69/c2/e6/cb/v1_UC1/UC110814681.jpg?Expires=1791205365&Signature=OAB7Ik9FKrf2XmIvqBoJvLvo6-JF5smqyhY~usyEvMhXdXg1rClg7bJ~hLwdO82hNGp7dOMpCBXNzkvUO~xCysiHIM~Ihtb-w3oyJBXcihPe97RydIODG6hnPkMVFnop-69Tn0PvVA6QgAcBiIhLsqeKPq3rEo9-isYJ~--UgWJ5791wV8lB2oUuMNOr5HCTy9MlW-WG~LfMv-EGMnQV8BovJxkkQxUEHztXkCTuFUI-U11F7PGi~BMo7ZWTK5UQzLfAfH9n1tFWz1cc9k5v~eu46w4utwle3xAGFyxTwCInvLPExr0vyeT5N7jnjRofaotgyqyksjxuyKOIKH8s6Q__&Key-Pair-Id=K1U3QT649ZRWYA,images/previews/facsimile/UC110814681.jpg,735,1000,137593,ab6f44b34c78a2dfae247999350eb828e7528c1eea468721dd542c049a570304,acquired,4.178,Native public JPEG decoded; thumbnail dimensions and visual similarity checked
UC110814680,facsimile RTI capture (2013 colour photo),DSS 3Q15F Column 12 20 TIFF,12,Full,,,https://digitallibrary.usc.edu/asset-management/2A3BF1RIIRM02,https://d2f4b68zyi14gl.cloudfront.net/USC/TR1/98/04/d7/fd/9a/v1_UC1/UC110814680.jpg?Expires=1791205385&Signature=UrvOoLVRJwe6ItTO-cvhcvEyr8KO1DyJoOOz7McTIG8xbyWY3fnvBud1D6PvBAamIFCJ3~eI-tTdJCiuzkFIL1LYaqVQN0UvYtX-28JazK8azmi7GiAqOoyNvz-cKLfE8LrL4qBBOXVH-eNDLKxoNaGNVQILPpOKZ-3MCo5j7VfrGM1QzCy0Sf41WTXal1fyppQ31fQ5iwufui-4BrG~JFSmVIq5c-TldLs66M4pqS9-EGUtpVtI7HiDchUXbTqn-O-6GNEr0sLslpDg143j5n1ZvKT4hzHDuFQ0TPpx6pQ7BJ1M4wq-eA4QiWsQDPI1qb3rQnVEEMIy6krbss0YHg__&Key-Pair-Id=K1U3QT649ZRWYA,images/previews/facsimile/UC110814680.jpg,652,1000,109251,f94cc9c578eabc0a09fb0f31ecee0341f12131aef4bb7e0a203906f08ffa44d2,acquired,4.048,Native public JPEG decoded; thumbnail dimensions and visual similarity checked
UC110814679,facsimile RTI capture (2013 colour photo),DSS 3Q15F Column 2 Bottom 16 TIFF,2,Bottom,,,https://digitallibrary.usc.edu/asset-management/2A3BF1RIIRGC5,https://d2f4b68zyi14gl.cloudfront.net/USC/TR1/f4/82/4f/36/4c/v1_UC1/UC110814679.jpg?Expires=1791205405&Signature=mKPRtpEDU3~8t3O7QyxUYlwDIJfQLrBbTUoAKfnC3RfvL2vg-XKp3ybpiMoar1WzwOP3L8NX2-BR6wbR7BrL~2iMYKc8nn~1F1kwksAOcWpk3titcBgxUy-ZFQlLcEMbCpZB1mKV0lIFHd5M-4BHTyq2uguGu8VZINBBCzyp-KWs3e3qgz8wvRPjmp2119wygGu6XJG1B3MB7j4ZG~eCU1F3YbQj0G1pl9bgPjd8NgMNto3tkTYTiToL0slYi~PS9n65UP9uxYNNXhopYWkf4ZiCsD64WyF2UBD6abMmcNuR5cFedJRmDwv0a1X4d9pdD2yU1z5KFj3ItlO9AEfdpg__&Key-Pair-Id=K1U3QT649ZRWYA,images/previews/facsimile/UC110814679.jpg,1000,667,202530,86661671277a147c759f61d8512dfdb29d2134ccf8c6944b0b0fe21cb0b45e5d,acquired,6.124,Native public JPEG decoded; thumbnail dimensions and visual similarity checked
UC110814678,facsimile RTI capture (2013 colour photo),DSS 3Q15F Column 6 23 TIFF,6,Full,,,https://digitallibrary.usc.edu/asset-management/2A3BF1RIIRP5R,https://d2f4b68zyi14gl.cloudfront.net/USC/TR1/37/0b/89/e7/90/v1_UC1/UC110814678.jpg?Expires=1791205425&Signature=s0MJO1k34-JDB7F3dyeO-lIkU-3BnGjxGT5JdP6jqsWoDqnR6Cev53sCJwFo0SaWOfZ8fqr~1pkpHjT-4E32fQqsOAPYoFTGCB7~zTczm-UN~sEKNfALk3X~suHF3v0q2ta5QIWFFFXxzgNMhhlFos6x7AcAaiYRHWqqGSlFZVqCHuzisj8oPHWaJ7XkhdJelfjXhb8t1ah0EExAglCYdQSDiG7idl9m76yDu42W~yypx5A3~BteSo2YbvvHD-pNQeISCM3HN8axMmYoPWDJNMFozrkVkKyXMPflF1G7ybUYdMrtGea8jAPHPuUjU6s8c-quu1vFhIkB99x7Nf-6cQ__&Key-Pair-Id=K1U3QT649ZRWYA,images/previews/facsimile/UC110814678.jpg,782,1000,173839,fcd736551fcaf17cd2f3121845aeff03af90a3e0335e482ba715ec5add3c2866,acquired,5.09,Native public JPEG decoded; thumbnail dimensions and visual similarity checked
UC110814676,facsimile RTI capture (2013 colour photo),DSS 3Q15F Column 6 06 TIFF,6,Full,,,https://digitallibrary.usc.edu/asset-management/2A3BF1RIIRZHQ,https://d2f4b68zyi14gl.cloudfront.net/USC/TR1/63/47/4a/c9/1f/v1_UC1/UC110814676.jpg?Expires=1791205445&Signature=Cdf~vKmTFNBjQ0B2ekTnGwB5IxGxwADhjs6uZrQOG8svpqBXRy7DJfQ1EKDH7tK6aMCoK1VaVs6KW-HhAcFnLvKDKAQX9WQ1s3-gt77mnZ6TdwzNxLBf-ecCfo1yd21BanGHK4XFVSpz1B43HeMvQfuiDOA~MA1OVMvFA9M4uD2Ev~NC-nyR96dS3lUwUbpWkrlk~QDxQJQWCzigi1nTFQMgNDOTzg6qfo8PIc9o0~XnUHr0TCFD-25XPTGrycA3BuLpmc3bIRJ84txE5p0tk8r63L6AeF3eKDUIk0CxCtQSCi-Uv7z13f55X~9ucpLQftpR7yooPZOs1sP9JSuF5g__&Key-Pair-Id=K1U3QT649ZRWYA,images/previews/facsimile/UC110814676.jpg,782,1000,213133,70c5227ea80af1710352338e8eb42b014d19103db4ccc1a115c2eb8d115a2b80,acquired,5.91,Native public JPEG decoded; thumbnail dimensions and visual similarity checked
UC110814671,facsimile RTI capture (2013 colour photo),DSS 3Q15F Column 1 Bottom 01 TIFF,1,Bottom,,,https://digitallibrary.usc.edu/asset-management/2A3BF1RIIRCFP,https://d2f4b68zyi14gl.cloudfront.net/USC/TR1/c1/40/b6/50/2c/v1_UC1/UC110814671.jpg?Expires=1791205465&Signature=AF7d2VKn0MgirVvKP4rILTx7sQihZpLzjgmy4M7x1Uq5x-Y2RtyHGN8E7-5O7QW7MXZyc7JXDZ2F~xUzT7qFi~9riy3z-CFmKkU3jjOGvwVUZXGwBlCcIEt2Z01I3R5VaxRTFIXrkkZamGE8Qt~l~XguyktTrJKQ5WNWk3uREXW~mqJRUz2tj8ofQuYNJ4L2swOR~G6h5gcvvfKVUMaXuxnFThs9wurbEBNl9~0l514AzHpS1Kc4hkCjpSPKG-NOqr3qt62w6bzoD8XgZqRtnrfUNz5Y1-eIa0qIXZPiJQxzAbFxe4MXONGw7P923EK6c96cyez4YGXeh95VYazeLw__&Key-Pair-Id=K1U3QT649ZRWYA,images/previews/facsimile/UC110814671.jpg,1000,667,199950,f026fe38dbd9e932679c89e73b50d08676c66396ce72e7676d51cf7c9de08f43,acquired,5.99,Native public JPEG decoded; thumbnail dimensions and visual similarity checked
UC110814677,facsimile RTI capture (2013 colour photo),DSS 3Q15F Column 3 13 TIFF,3,Full,,,https://digitallibrary.usc.edu/asset-management/2A3BF1RIIRIRI,https://d2f4b68zyi14gl.cloudfront.net/USC/TR1/84/c4/e9/b3/56/v1_UC1/UC110814677.jpg?Expires=1791205485&Signature=NjvSmoIVdhGMqsL2bqnUE52ui1m2-ZhnRKitAECQ1XSstJm37TrrXNw03h0000LchW800dJGSOqPB-t35tyOtEd271PHEDyizfiFzsGojklLQZMiB5dWuJPbtW2VOkI4jy4y3yzL8hLwzncMJ58wRSXF6grrmpWIg5GaYz2asqsK-ZtQX96n8XSoj4uXwYK71noCYqV7kcuFjgcCDdYP-xknzTQWnrgvXGcoqoHAV8ty1Xa~NeRZwVf0ERb2uA~IFQCnXcfpoUWAPvVzXrDJMr5VOsBgguWAC36lkstPx57ZmNjANM0xe4P6sJqOrT1q74vbsj~oM6WbwW1DUeK3Og__&Key-Pair-Id=K1U3QT649ZRWYA,images/previews/facsimile/UC110814677.jpg,738,1000,198601,c9b0d383ccb75e7e053f3b7c2e57368492bcd36bd2b035205c05994c734332bb,acquired,5.775,Native public JPEG decoded; thumbnail dimensions and visual similarity checked
UC110814674,facsimile RTI capture (2013 colour photo),DSS 3Q15F Column 3 08 TIFF,3,Full,,,https://digitallibrary.usc.edu/asset-management/2A3BF1RIIRXB4,https://d2f4b68zyi14gl.cloudfront.net/USC/TR1/f5/bf/47/9d/61/v1_UC1/UC110814674.jpg?Expires=1791205505&Signature=dGwNssp0shkFL7-3A3GAZth-hNjJND8wB4o3K4bE~QvVsxxAwnAjscppjEw9FovCZqu8z6KgI5DQ7IBwGtXAKa5Gu-6bpeNxFnKZbRq9wyqT2OBTC6ABF9f-n9c9v6OpFUAD0sIaEBe2WhhZbNnSWzeMVysFOifwbDkq2p0KTdxjb~kSZG7~JBhTFYLVZYY-3tYrVL4ZonPIVtz71E~bF5zGuANqDRU5Eiq6ECEnNW6Dsf1ICWk~XXqgznZfko8zOCBC9ar7hQ5O9i3Jvn1k8Yr9FEXUQZqNMywbuGwva6Wmo7sFu3FNTq75YRhGvulUeKvFlRxwM2Jp57t~wk826A__&Key-Pair-Id=K1U3QT649ZRWYA,images/previews/facsimile/UC110814674.jpg,738,1000,114467,da5dd8f71ef3196d4579ccf9afa4a31f90609dbc1c50cbd854afcffeaeee1983,acquired,3.84,Native public JPEG decoded; thumbnail dimensions and visual similarity checked
UC110814672,facsimile RTI capture (2013 colour photo),DSS 3Q15F Column 6 21 TIFF,6,Full,,,https://digitallibrary.usc.edu/asset-management/2A3BF1RIIR0LD,https://d2f4b68zyi14gl.cloudfront.net/USC/TR1/12/63/26/ef/d6/v1_UC1/UC110814672.jpg?Expires=1791205525&Signature=m9SRqzg27HQKN33QLSqu1Fz99Q121NtQNKOe3KKz2VllUulv~VnDDGvyY4-YmLPYiemiPaB3gLLTOeALzGPCVBqmlrxficgbgEzlIm6mz~nqIk3blBIhkD8b1GtJZQgzS~NOdo6RuHA-mR~tmYLmGmxx8WWcVrh-jMEZog5Z-Y8uzTX5Oguo-0YEqk86~Xl03ZaiphMF2--7QARC9SpBwWFGmma3SCodhnoE9JibuCAJ0dykl0IOG4X8OYEzvZ0ew~NlF8e60iylzNifE03OYRMkN3PEwn0moqb~0O11WYPaC8QDHWIvVAspKoNUUw0i4ZI31nmbRPSa1Aq2m3PCRw__&Key-Pair-Id=K1U3QT649ZRWYA,images/previews/facsimile/UC110814672.jpg,782,1000,219210,e16a2117b5e118783937d697d2153bee95d9faf4c4ea99268eda37db232de590,acquired,6.074,Native public JPEG decoded; thumbnail dimensions and visual similarity checked
UC110814675,facsimile RTI capture (2013 colour photo),DSS 3Q15F Column 7 32 TIFF,7,Full,,,https://digitallibrary.usc.edu/asset-management/2A3BF1RIIRFG1,https://d2f4b68zyi14gl.cloudfront.net/USC/TR1/37/56/de/e1/25/v1_UC1/UC110814675.jpg?Expires=1791205545&Signature=TJg0Me7tz6xY1yOV6KAL5wm1gSRgvWAgUtCskRzvg-nhSEmk8x7fc~AIaZBE2KGm6Hh9V0g4x7LZclvcZKtgLHyRdZwQSahfrBW4nbtQIg4tSbJkel7JOGvEa-Bzw823QFivk3857ZoP1GyXmDxdJU6-7yhM3ut6ek7YlXmDjTg7sjZy6D5VpIVhHWyNCmmREqpJJ6GLvPN6yKvXyxebSBnDM-tFO44943E7PiGCLmx3zWoWPUSogQkuN7TG7zBb4L~RFY8-g~8EX2oJXuhc5nAFaQ~XxqKIR55qurGU5kVVOOqA4hmRNRwELslTfxmesDfkSZ4B5QdIwDuAqsRbLA__&Key-Pair-Id=K1U3QT649ZRWYA,images/previews/facsimile/UC110814675.jpg,779,1000,112636,5e0653c206387fc7e5b8ad845ee69c843780732e2b4cc37ddfecf24d6b52f2ec,acquired,3.919,Native public JPEG decoded; thumbnail dimensions and visual similarity checked
UC110814673,facsimile RTI capture (2013 colour photo),DSS 3Q15F Column 1 Top 42 TIFF,1,Top,,,https://digitallibrary.usc.edu/asset-management/2A3BF1RIIR2QU,https://d2f4b68zyi14gl.cloudfront.net/USC/TR1/af/88/22/3a/61/v1_UC1/UC110814673.jpg?Expires=1791205565&Signature=Bz8FFnJKbprz8J72zPDTNoya6OVhwDeWGvB03wv5gfxK6~ngt1z0TN~MNZzO4wxUT4c2NMOpDFSRenW6hx33CbZ6Euv9Y4E32ngTIbq6PU6sZjsAbgn6a1vru9d7lrIW5Q18wQstNK6RG7-t1QdWVcO0O6V5I3ZmYO-oyg0uZF7leLlzgJ6JXsD8TsQ3E5aMAN3Kuw0ty3yqf3whjuFiZFDIp3N-cP~IJimHExf3TQrxbCgM~VJFumLVvXWrOTfQilggVi-v92nY4~tZ6wDq0WCRdlzlFr08GhnueIvbcY2qM6m8105sGJHbdHI8rlHFYyUDese71QXhdGkYcsvVtw__&Key-Pair-Id=K1U3QT649ZRWYA,images/previews/facsimile/UC110814673.jpg,1000,667,140814,1f35ee7972d64d0eda166cfb0b8bac95d1ae6f3db5498ff518d81081a5b066ee,acquired,4.685,Native public JPEG decoded; thumbnail dimensions and visual similarity checked
UC110814670,facsimile RTI capture (2013 colour photo),DSS 3Q15F Column 10 35 TIFF,10,Full,,,https://digitallibrary.usc.edu/asset-management/2A3BF1RIIRVZD,https://d2f4b68zyi14gl.cloudfront.net/USC/TR1/a7/a4/5f/80/c9/v1_UC1/UC110814670.jpg?Expires=1791205585&Signature=n5Hcagzo7~hSv1RPMEKcz19wTQGmm~wW7c7OPTO22iUAJ0NNYpVSTLo61HigwIUq5uK1tAvtwN7ZHByIqb0-U4lPayQHbPYe6SRqOmEzC-rUVwxD53YTI7CrUIQ3Ss7cKOZoV6o5LgULksusxGwktmr4VJEy7maBQxVNHWWmq~j9OYyo3JKcrrTXGZHMDgPRabycPBOtJHO0yhjIy8LYkI9duvxWwecaJOOQeysNkd~d0PGDMwi3ztwoWYjpT~fbab1CWfeInckkeuR9dIii5HTyEgICVmHNtxA2DMp0e1vQBz7FgnUoKw9jRIBJdLwLT6EgDTDZVRS4865D9AydWQ__&Key-Pair-Id=K1U3QT649ZRWYA,images/previews/facsimile/UC110814670.jpg,770,1000,200788,73a21d58f32b1b2000365268d2b39000af890f0f431c051d3faaf029aff1aa0e,acquired,5.693,Native public JPEG decoded; thumbnail dimensions and visual similarity checked
UC110814669,facsimile RTI capture (2013 colour photo),DSS 3Q15F Column 4 22 TIFF,4,Full,,,https://digitallibrary.usc.edu/asset-management/2A3BF1RIIRQDB,https://d2f4b68zyi14gl.cloudfront.net/USC/TR1/d6/4a/4e/01/cf/v1_UC1/UC110814669.jpg?Expires=1791205605&Signature=Kg9w37UqIxp~aGOYE-mMIiHZtTBbIhQQHkrQ376~TtfmhGewvd3wEJH2Ik9vcsSRVdvmIDoSC~8S70xUh5SKV~K8DWP24EsQWeFaXikOdGybfc5ioek4hxbUv99HqyXkwTHNYhtno7-Wr7POod9Lk6QgfaNlE42XVnf1UG4c15pLx3eeH3wRl0ai2LRA~rK-ZDQmjWBDZAUM1lrwG9bNtOmEAD7vCTv~My-meXcdpmLBRV~nYfHak8rNkNenFquD7PWe9Xdvjs3wRz7m5dIByZXE0JJ8y7pg5LJazdeqkM~CTIx6FE0KBORvJXUp-f-6XH9UV1i14lqT3XwyQ5ZSCw__&Key-Pair-Id=K1U3QT649ZRWYA,images/previews/facsimile/UC110814669.jpg,730,1000,158458,325e2bcbe4042f1de6ace9618f398c2ce2552239ee8542488c4e14df659c99a2,acquired,4.787,Native public JPEG decoded; thumbnail dimensions and visual similarity checked
UC110814668,facsimile RTI capture (2013 colour photo),DSS 3Q15F Column 10 12 TIFF,10,Full,,,https://digitallibrary.usc.edu/asset-management/2A3BF1RIIRNSO,https://d2f4b68zyi14gl.cloudfront.net/USC/TR1/0b/78/19/7d/37/v1_UC1/UC110814668.jpg?Expires=1791205625&Signature=YAAFeHuZlxEvV1YTBYlRwpPX8HJskZITlVr~amnHkfp9U8O17Yfqrru3l3IHbuxUJaCr1zhPS1dxE7qcnQI09v5VZ3aJm6Z8LUpHx9QLRpA70VtJuiam97Qmh9EycqZrTi9YR4nbVt7qyILBkz1cfxEstczrUuGdBpAVcttv97LW591ltbOPrTtoI~Iis~8EY6WKPrBuVTkST4vQZKy3SODAVt3ARR0LvksoVh~CIv8oEiWniLeo4TFyH1sYbDYtstcpsUTyulDcfadmE1aLPAXEniGeUPihggxiJan1Esq6PiZ1ybUrTAPWFePRCReKbxe-3ANmUXKnLZpKBNicKg__&Key-Pair-Id=K1U3QT649ZRWYA,images/previews/facsimile/UC110814668.jpg,770,1000,128346,61e8b780257356a3b91501af006f5c65aa58c6b353bae61fa79c3a8fb5b180a1,acquired,4.124,Native public JPEG decoded; thumbnail dimensions and visual similarity checked
UC110814667,facsimile RTI capture (2013 colour photo),DSS 3Q15F Column 9 27 TIFF,9,Full,,,https://digitallibrary.usc.edu/asset-management/2A3BF1RIIRUX9,https://d2f4b68zyi14gl.cloudfront.net/USC/TR1/f8/3d/7a/48/d0/v1_UC1/UC110814667.jpg?Expires=1791205645&Signature=be73BicMlC9pE-yAz~Lg8FomuN5g4wHaTaCJVM6cp-ihjiwpdta~0dVEk755qyB0bQpNRtq64tkQpXk-DJkecvpVB1qqeeB~ePcLX1SCCmcWWS8xFoyMtisaMoYjFp5Jjqx6mfWmt4Ea-t1SQFkOa2lKWwssU7QS0OjqHUIpcBcd7UlOaIiAafj3jn8EjljZDlaaq3mHSYgdSXQcxtoZQdh4iY356e3OyIRqu7Izd5LXZVPY-13m3dbHXAhsZuddAIHDm1mkU4aocAU4H1pgYH3sbAOjkf2IqegpcKy5kzMrgqPIJ6QG9DS8N7v9ALjC6txeL4F0nVnM8itnWNNXjQ__&Key-Pair-Id=K1U3QT649ZRWYA,images/previews/facsimile/UC110814667.jpg,754,1000,162449,40b2fae5aab2a69dfd5e89b5c8a297363e06185a97b2e4733956926e2b6517fa,acquired,4.994,Native public JPEG decoded; thumbnail dimensions and visual similarity checked
UC110814666,facsimile RTI capture (2013 colour photo),DSS 3Q15F Column 1 Top 04 TIFF,1,Top,,,https://digitallibrary.usc.edu/asset-management/2A3BF1RIIRW4X,https://d2f4b68zyi14gl.cloudfront.net/USC/TR1/f1/fd/fa/c4/df/v1_UC1/UC110814666.jpg?Expires=1791205665&Signature=QqUDQE3q45eskfvujOLGFC1LEEUZ4V-T5W06bl9chOab1ngDpTxNOLCxdZmBq5Lumr2l6~fCSWv2jMmaM0pwYEcrMU407TAJKoSjN3Vqx4c9qE1HYBr31iGauW8V4gnH~2QUTkFsDUGst7ZN7VQ~OAeF6AmvsgS7A8QiXykUv~e-f64y5lbCHRPPBOIuw5SgvsTW595~8wYbFXbw07d0RCFiOBRcn3zMCztiJ3CDP97vHDRKnwd9FubwdF2qSRST9XfmKX18z5FwJVJSzaekJ4pAgjsKQCu1A5Vs39cD88uIErRu5Jg37BBMVBJZC504IBJF1B7pIWMzg5eGIFjRkQ__&Key-Pair-Id=K1U3QT649ZRWYA,images/previews/facsimile/UC110814666.jpg,1000,667,169106,a81551ec610f88ee807331aabb5a2ab6f6cd1e53c4c9d6b06a6c7c492184f286,acquired,5.509,Native public JPEG decoded; thumbnail dimensions and visual similarity checked
UC110814665,facsimile RTI capture (2013 colour photo),DSS 3Q15F Column 2 Bottom 02 TIFF,2,Bottom,,,https://digitallibrary.usc.edu/asset-management/2A3BF1RIIRYAK,https://d2f4b68zyi14gl.cloudfront.net/USC/TR1/cf/d0/90/a6/0c/v1_UC1/UC110814665.jpg?Expires=1791205685&Signature=XtMO~WN-PE3rU5yESHFHS4f4LaIZMgQVccJ3~ojnDi-fgbFaUH6abkgTCgwrYPjYM3h-xaqne1WpuQ1Xstew~D8ulcJntd5wtYvFYbgWSZIodmbm8~B3mnE9SADB-ey7DfmJFNDcYT4OlVPMjhMDnqDST0D1TUTTUVImJDjMSKHeRTkMymGyEiEvsjovA2EX0OGxMIxqb~W-cdtDaQlkuZmHClNKZt1PPSynn-t84prfyJvAqi6YF4YOqagw44yk74yT18okjHQpd1om8BUDTa3Q0c3dRX~MfQFMznaQcazPtDy6IKzBsreWWJaEto1KFMV6xTMUhlS15efkrD00pA__&Key-Pair-Id=K1U3QT649ZRWYA,images/previews/facsimile/UC110814665.jpg,1000,667,185200,9b6feb62062a4c833473a9fb0714000f51f2dae624672128b27dce1a2ddf23c3,acquired,5.788,Native public JPEG decoded; thumbnail dimensions and visual similarity checked
UC110814664,facsimile RTI capture (2013 colour photo),DSS 3Q15F Column 2 Bottom 31 TIFF,2,Bottom,,,https://digitallibrary.usc.edu/asset-management/2A3BF1RIIR63P,https://d2f4b68zyi14gl.cloudfront.net/USC/TR1/72/87/19/7b/5a/v1_UC1/UC110814664.jpg?Expires=1791205705&Signature=POE4HXhY0angCJwv7Gm4955Ebr3U-4iO0w8R6uZw5qp5SHnCzSL9ZYbjRPJuRqQNEpJZjFL4uhjWG2wxJLTRImyd36YyiQoqo8GTubC2pAgTnlTPRGWi5VmUUJkEIwPn6l0xcu6eys~eLid8KF6s4lguibANd6Nzg8bYfz0YGc~QL7YgolEjpdufSpEqiP3CLKsZkvj85bTJKqdI-9XVZ5hcZ7aBEWEZjOhcyOMbn6mO58o7Q13JDdvX4oPWpOmdRtMVpqVReNGGB2ZV-h1CeMkZ0lR682F3eIwh55thSsaw6aYpVWaXfksFbsZ-k3YckxjeQ42HOhnXqxzhfImdyg__&Key-Pair-Id=K1U3QT649ZRWYA,images/previews/facsimile/UC110814664.jpg,1000,667,203569,c6322a0565a495feb855321a9f3f602d3f2545664608d617ad8df564f464e278,acquired,6.072,Native public JPEG decoded; thumbnail dimensions and visual similarity checked
UC110814663,facsimile RTI capture (2013 colour photo),DSS 3Q15F Column 1 08 TIFF,1,Full,,,https://digitallibrary.usc.edu/asset-management/2A3BF1RIIRENK,https://d2f4b68zyi14gl.cloudfront.net/USC/TR1/f5/27/64/57/fe/v1_UC1/UC110814663.jpg?Expires=1791205725&Signature=p5qLq08izxNCNzSzK9eWiNGNzdGHaGY8p-mYeQWsrCe4g~EqkqZqFYJ7KkykFrByXLGsub9mQQ9KFP6vq5SGhH3oSw9vKKtoMVNXE0fJEb9HQHQvHSN7SKEZvMiEPXNOCarQ0U8dO3cv~haqt9oV94IzQJlkP~8KaRRaBZccP7cVn-7PqZV97DSVvjbZUt3OtG1kroSPS47yByrVXlE6fEBNKIN4KPi2GAGS1gUgrshgOwYM8KKJhGQ4Ouw8wzJkxxspUps6aDUaoZwnKo7ln3SKg5-jnzJMg~2RXR~6Z0XKLuuMNKDCMZPMiRddeloKl1tAQPDtbuVykSSpNv5IMA__&Key-Pair-Id=K1U3QT649ZRWYA,images/previews/facsimile/UC110814663.jpg,735,1000,135549,4928d67528a5556b45c6f865bafa4c1f3eb2e84f7c6c48efecf09471d9463434,acquired,4.448,Native public JPEG decoded; thumbnail dimensions and visual similarity checked
UC110814662,facsimile RTI capture (2013 colour photo),DSS 3Q15F Column 1 Bottom 08 TIFF,1,Bottom,,,https://digitallibrary.usc.edu/asset-management/2A3BF1RIIRR77,https://d2f4b68zyi14gl.cloudfront.net/USC/TR1/f3/55/bf/96/50/v1_UC1/UC110814662.jpg?Expires=1791205745&Signature=pAVNzCNxi~DKlPFQoeSvQgl8lPPuSBJOUsMnqab-YnctgqlcT-wqpWtWboaVIuhYvvU5GmPlxoHoN5p8P-pe6yYPiW-EG9Ct2lnWi0YAx~eCj3pPBxjDLb9FSzEGz6~dcHi4kTf~ESsSrIG5XNUAsY4s-zPKzKagOm5iygMunUlEUaNuaQI0A0~V~czXBsnBdIzC0H0rz~wwTt1q8fctaGHLvCbGLF4iPe0nN0NADF2W7a6lmvbxkZm-zW3L50pCWq8oEae0D9fHkwySzudMpWovN2~wF5QjriJvQoEF4hop0U4pkq581OeZprUPdp~CuTevxkopBUN-7vD--Fdg3Q__&Key-Pair-Id=K1U3QT649ZRWYA,images/previews/facsimile/UC110814662.jpg,1000,667,146196,cb1e62737acf3f1ea639fd1c81c17d210eb3b72b14fb911ac6d793ccf77c4749,acquired,5.071,Native public JPEG decoded; thumbnail dimensions and visual similarity checked
UC110814656,facsimile RTI capture (2013 colour photo),DSS 3Q15F Column 6 28 TIFF,6,Full,,,https://digitallibrary.usc.edu/asset-management/2A3BF1RIIROKW,https://d2f4b68zyi14gl.cloudfront.net/USC/TR1/58/64/35/b9/92/v1_UC1/UC110814656.jpg?Expires=1791205765&Signature=SUYKKb9WY25AbNbTN8U-HnJtrV4C3bFyXQmGRiPPL0w8sWRTeeyxeEO1mfV9FJxtqgjqjMMjxs7pE9lRyuiNwMZvYAAMEJ3~RHJSZMh2tKn9J69~ikGHNkKZMCwq-BmrL3Y-HrcF718f1GhdpQ~g1SodzlsW2Ez43x6P-FKV5wvVyN1mReLPdVgor-v4XC1YbIiOV5Mdq4Q3lNwYIFD-rNdlxOG5y5SuAjFU6AAUj55siXKA8XXAvfr~y-FJ4GbCoHYXPMT7QT3HaT8LqnJOxReRRYtY-lkKDf~P2aBhVO0vLT~AilxODgQ45ZyQ3vLSN0R019EX1hSOt9Xeh5PMwg__&Key-Pair-Id=K1U3QT649ZRWYA,images/previews/facsimile/UC110814656.jpg,782,1000,107889,f454d5c72f742bbfea9cbb4c5f3f5cbaff3db1e94a9804039be3bbf02b5705c8,acquired,3.51,Native public JPEG decoded; thumbnail dimensions and visual similarity checked
UC110814658,facsimile RTI capture (2013 colour photo),DSS 3Q15F Column 8 04 TIFF,8,Full,,,https://digitallibrary.usc.edu/asset-management/2A3BF1RIIR51I,https://d2f4b68zyi14gl.cloudfront.net/USC/TR1/ec/b1/8f/e9/1f/v1_UC1/UC110814658.jpg?Expires=1791205785&Signature=Jk~pq3UW1pXL-wB8KfErESFxe2Wsp6Vx6DBPdm3wkNUeh3Gb1klCex3WKFeHIO7Pmia9m5rtzYrK-YwRXn5kXOf8ewyw0PsIHeaugcsVHs4s1cmsjStJ8lrQyuxV7lEspP~zlglpjPoAEw5dAQFYauHFvIp~ZgucwsHbbcWlNoRKV85YKDYGdlJyeEN8tmxAWe7XR473QxxsPSLsqMwvNldGGQtx4Mm6OG7CXjiyGUlg-E~xjtFjP8lDlxSgN-0dYJk238hKPnS8LXRndiRmJbR36eNyWIW1FDQDth~d8pLgJlDIU1Yz2hSxhganhHgk2ErgTMPizR8IRQkOZIzbQQ__&Key-Pair-Id=K1U3QT649ZRWYA,images/previews/facsimile/UC110814658.jpg,713,1000,99990,6456678b23eba10d3b4a85c507612eb9df4e5548847a91ad428d52802657f58a,acquired,3.553,Native public JPEG decoded; thumbnail dimensions and visual similarity checked
UC110814661,facsimile RTI capture (2013 colour photo),DSS 3Q15F Column 2 Bottom 18 TIFF,2,Bottom,,,https://digitallibrary.usc.edu/asset-management/2A3BF1RIIRK89,https://d2f4b68zyi14gl.cloudfront.net/USC/TR1/fb/3a/d4/1f/94/v1_UC1/UC110814661.jpg?Expires=1791205805&Signature=fZDnoR0KUtAmFnYZC0RV7v11Jhx~ETHf7mT54dOc8SNawXGuA6bWrfZFd5jLhfY6t7XtOARObkldXnmVTdjJ0G-XZdkx6XZquAdyyfbKSFdDIDiOEye53~H6gdupy5GQVQcCgygq4yFY5~j9nIAfLwinoVZy2QP~iVAwm~fKU7mQg8KZ2CTrRaO39TH25H8AsiTeK5FXIP5w1wGp1XqEImpwRxfcT-KqyHPrHoDqu-eDRYo5OX-MApnV8fYV6Eah-yHI0B4AcIV0Op74uLpvzw4ozuaTkrtDEY4KXfyU7pabQI0pydm-PAiyvkDg8j3xmQ9vCOQNfzMxbRrS8r7Mew__&Key-Pair-Id=K1U3QT649ZRWYA,images/previews/facsimile/UC110814661.jpg,1000,667,163134,03797dd020dde8c908678799232bb0d987f400e5c5f604caf6fc305c041ecef4,acquired,5.303,Native public JPEG decoded; thumbnail dimensions and visual similarity checked
UC110814660,facsimile RTI capture (2013 colour photo),DSS 3Q15F Column 2 03 TIFF,2,Full,,,https://digitallibrary.usc.edu/asset-management/2A3BF1RIIRT65,https://d2f4b68zyi14gl.cloudfront.net/USC/TR1/3c/8c/d9/83/81/v1_UC1/UC110814660.jpg?Expires=1791205825&Signature=gS9~IZ2M2vOKL7ONbEX~XicmBscGwYt1~ZcijpdbHdQgEbuPpfcXEbmWR97SU7o8gBLzTy7~rdsxbX5170EVtHPsrbeAx7y0mVdo4S-bJ3VDFYF2v8I07dG3edN4wtKtVq-Ao7KltkHcnW~zPYKgrHVE9IbZ195zVbm9E~O~TPkv5bDE76jgTE3Vu8S6abWZxhzc7nVb2VJumlJYOGEqV~R2iIKqGipO9nQBv-iYU-oYo1OA2T9XKRGGqhli-JQQR4Y~aObr1gFQ9x6vPL2W-DkEhAZaeiRVU7Oevek6SLYXjxT2Wl-Yl0nEWYuhD6kgUKM5PZbErDAUkxw3kRRGTQ__&Key-Pair-Id=K1U3QT649ZRWYA,images/previews/facsimile/UC110814660.jpg,743,1000,176810,55fd619a3f95b3e48b31173a4bcbf4a738b97e751d22a3ad0e6fdc000c292afc,acquired,5.274,Native public JPEG decoded; thumbnail dimensions and visual similarity checked
UC110814659,facsimile RTI capture (2013 colour photo),DSS 3Q15F Column 10 15 TIFF,10,Full,,,https://digitallibrary.usc.edu/asset-management/2A3BF1RIIRHV2,https://d2f4b68zyi14gl.cloudfront.net/USC/TR1/7a/83/cb/49/32/v1_UC1/UC110814659.jpg?Expires=1791205845&Signature=nwNYY9fwuwyKlKA3E5SYbRg4HdCybmCgockDZnER528Xj55cU4iuMlTNr5DsMDPG-ACm7c3jrOxUlPqpbnbNjpdAd6b5uYiZRTdHbD~-q34itTzVGMO9tVPP6OGkNqO220pV9kHpoShQDMchTQjNosVzEi5xjluGVNi6fLvCpmYT5uDTGbWyKjTJc3R1vNY0Rrv4Wx~NNf4YfAvN4dZPNm8UwdX1xmwDaaiHlQz1mCxHEvNq8LW6le59HTb509htfNOGJMNfyhmLg~6bkMakpk4x3nzamYFgRDeKMmpZPGT~WgiOzxjJLAJlT0saM26C1VYieb-DNsYzwzWwkbQPEQ__&Key-Pair-Id=K1U3QT649ZRWYA,images/previews/facsimile/UC110814659.jpg,770,1000,172967,2d234b04d410b4973c868746c4116b54119e9fd38bd86e843b73e48ccb19ab05,acquired,5.324,Native public JPEG decoded; thumbnail dimensions and visual similarity checked
UC110814657,facsimile RTI capture (2013 colour photo),DSS 3Q15F Column 3 07 TIFF,3,Full,,,https://digitallibrary.usc.edu/asset-management/2A3BF1RIIR9WB,https://d2f4b68zyi14gl.cloudfront.net/USC/TR1/22/9d/ae/7f/37/v1_UC1/UC110814657.jpg?Expires=1791205865&Signature=UaSgpFTA21uq7ZdGeZJOY2--z5Ab37DD2ElbfqywBMaH4j7H7D77BkwReHkanPvmIsAOdyq7qsiWsLUEXOsR~t-NATZqIs~t3CJMnGryL28Ke38HJpD0sz76o9JdlgFC3ya~KxjDUcOMSFAJwFjf8Z9wfDiTZ3SVU9dQ-BYX4PNHOJWP3Mq3XFggHb-0j8fTTADV9XBrFHZIW~zaHKSgBZICQbdp~vDKn7qpBYs5Cxn7gIogI1h9qMam0G8A0iXpEidcjR0FygK7iSgiXlkVlKeSg6UGrtpmg-zaHE2nE~kD~K3H7jlSaOy9SjwtxGMdOaW21TjQEXVDL9BOQ8GtVA__&Key-Pair-Id=K1U3QT649ZRWYA,images/previews/facsimile/UC110814657.jpg,738,1000,139042,dd6acd31c8fff44a459035981bf31778d632d556733888fc25aef191a0b927d3,acquired,4.58,Native public JPEG decoded; thumbnail dimensions and visual similarity checked
UC110814653,facsimile RTI capture (2013 colour photo),DSS 3Q15F Column 7 02 TIFF,7,Full,,,https://digitallibrary.usc.edu/asset-management/2A3BF1RIIR1P7,https://d2f4b68zyi14gl.cloudfront.net/USC/TR1/05/9e/31/bc/9d/v1_UC1/UC110814653.jpg?Expires=1791205885&Signature=o0cPMR0ce22JxChlOSXaQ9~wA54hwMhR4yMog671BAh8OtiQYyNzQHlfLNNXKLyQ3Hpz5EMd8um9Pt7wAQemrVPXTk044jf4vmTYRNZcshTV5SszLNPCMUXo2~MEC3QE5SQVDhgsANIevXInipqjBoKSOdtWzbDz~IVlJla-l6YUjcoySpZye5fnPjhIs6-ZrfljiVg8wRzt2bLtASC7qGvfl7BwIGcmcYRWcDcTs194E5HAff3pfK-w5QeYNrGZ0lG1iRmqwa7JXiLiNwZ-vpmhaFfKCaWkD5sSunxIj0QjgmWa10-wejCrlT46NC1Q~dIK96utatrs2KPt0atoAw__&Key-Pair-Id=K1U3QT649ZRWYA,images/previews/facsimile/UC110814653.jpg,779,1000,199691,f33c1f10afcbc2b508771238bcc65faae499f2ed8c7e807333da0cdb30daf8f3,acquired,5.75,Native public JPEG decoded; thumbnail dimensions and visual similarity checked
UC110814655,facsimile RTI capture (2013 colour photo),DSS 3Q15F Column 12 22 TIFF,12,Full,,,https://digitallibrary.usc.edu/asset-management/2A3BF1RIIR8O4,https://d2f4b68zyi14gl.cloudfront.net/USC/TR1/6f/5f/16/ed/7d/v1_UC1/UC110814655.jpg?Expires=1791205905&Signature=AwHnlQDxWMVf4gaq32anxK8jPfD4dv33aS4hcb~SNW0~eIEfEqo1uccXeiQ9HQDiXGvYBUs4NGEmeo0Zv7M98mNKEvQCytn4mHyRQ64YuFWvIgrAckMOHdUUhNdKFYTaN7BIhtXF0Nt67mp3H4Uhy9EDV9ukvJOOg34uA~rEorE72OYoXKwcRSjo1qPkF8zD-AZ4CF68JbyOuAVaJ4beMWbQaxVpZxZHnuLBBV09DaS0lJLO409FApO9SuPqJAgZjt~II4ObBb65QvofIrt0CHc6W~1jD4kPofsZNaHa8IJw~Pdyh5t3Cp92bTWvmaUPUvoAf1UOhWCTeOz4N8D1Jg__&Key-Pair-Id=K1U3QT649ZRWYA,images/previews/facsimile/UC110814655.jpg,652,1000,155934,9a10ac7401f859c55e1768b367caf74a18f5b48ab40828266448c62b35344e1a,acquired,5.213,Native public JPEG decoded; thumbnail dimensions and visual similarity checked
UC110814654,facsimile RTI capture (2013 colour photo),DSS 3Q15F Column 1 Bottom 20 TIFF,1,Bottom,,,https://digitallibrary.usc.edu/asset-management/2A3BF1RIIRJY8,,,,,,,pending,,Not yet acquired; browser pass in progress
UC110814652,facsimile RTI capture (2013 colour photo),DSS 3Q15F Column 1 Top 02 TIFF,1,Top,,,https://digitallibrary.usc.edu/asset-management/2A3BF1RIIR3T1,https://d2f4b68zyi14gl.cloudfront.net/USC/TR1/2d/0f/28/85/47/v1_UC1/UC110814652.jpg?Expires=1791205945&Signature=H0w3wRFNRn866aJf3i8eMB2pjVKAv6WPdAJiEG40M-Y3eOi4MmDZbCYbaY0rhcMt-JsqtMBgV9eoi9ja8FPQp1YLxkQfosoaM8bSsg-EPuJ9pjxvJYA-5UPaZDbrgSK~vTuxazs0ulWRywRXEYd8BfrJM8IFPgT8c7~1DvfaI--YxDnT-55t5iBkuHgbpNjFxTFBJ5xZdDTsKp9E1~bj~X-bPcsMfrsx-6qCpb7WSbTv4hHCQv5PI8zjoUYwmE1-NpifxePMsM2jZ2oTTi46w1tcK229GMJ04U0LB1ks1MvoOVxzvyssPEN77p22pPwu1h~wNGiw33OWbucNgrP56w__&Key-Pair-Id=K1U3QT649ZRWYA,images/previews/facsimile/UC110814652.jpg,1000,667,204049,0b21364df4a528f5a557cb042a318019fd0ac50c8a4701039cb34baa64480839,acquired,6.145,Native public JPEG decoded; thumbnail dimensions and visual similarity checked
UC110814651,facsimile RTI capture (2013 colour photo),DSS 3Q15F Column 5 02 TIFF,5,Full,,,https://digitallibrary.usc.edu/asset-management/2A3BF1RIIRBUW,https://d2f4b68zyi14gl.cloudfront.net/USC/TR1/51/a4/99/ef/18/v1_UC1/UC110814651.jpg?Expires=1791205965&Signature=IWWVqD5EliPrw11m-UaB2ZCyK9vUihzBDIfl~AoIUuQ9lpx8pjQ~W9k4yD86~8~jAqUTEBg92TrU1LcC4kYVxiZdlLkCPP7GvO-G8wiiK0kZ4qUUqDrgiOBX-G9QWkvpfOsOo4PpaQ6pqZbp5IeFOvt3FecF3N0X5UhSdIjxOPM-J6iHVr3U7JJi-yuNuFJ7d-z6m0EXjQqq24cyE8YssVIx4xKGeuT0fCcxWSX~aZb~BOzFIek2iJCpxiuDNX383PYgZWBNpqBPYdrzG~o2oRGtkxJEM9vcJofrqNeBYZUhAFSvP1eEoEQdYnEbnHx-V5Au8zcGe-maRaWE5tziGA__&Key-Pair-Id=K1U3QT649ZRWYA,images/previews/facsimile/UC110814651.jpg,787,1000,219595,ccf9edd930016caf0b92ff59d37a7aa3060436eed5c563276bdef7b82422e9cd,acquired,5.911,Native public JPEG decoded; thumbnail dimensions and visual similarity checked
UC110814650,facsimile RTI capture (2013 colour photo),DSS 3Q15F Column 2 Bottom 38 TIFF,2,Bottom,,,https://digitallibrary.usc.edu/asset-management/2A3BF1RIIR49U,https://d2f4b68zyi14gl.cloudfront.net/USC/TR1/41/62/52/78/5d/v1_UC1/UC110814650.jpg?Expires=1791206003&Signature=b2L2XJYKj30i-LV~AbnFmJXUgwCuKz7DFTs4cB8ztfjB4X0vxgVzwpGV69aNPuPaLHUcM-pPPKa5RnhUeEkbsZnirddgJmcRFcTMDy9YZucuD7l8mbCAn-R8~VB4vIdRz6GJBMNFsobpJU0TlLEW7sb4fNScxLBSxF1U3VQ3-xIVrQsedUImVpMFdgbld3~RLKhZMAqNwReITQNh99ul3mtnaStyoQDQrduNwKAMfDQKNgNwlSG4MRZS38nnT2h9vGABqUQxvXZ3NUxZThAirCNKuRDyFTmN5eSD-2YckrSAavbjpeN2RyqJsuk6Cy~PRi3rB9zPU23~JkVOEPVQsQ__&Key-Pair-Id=K1U3QT649ZRWYA,images/previews/facsimile/UC110814650.jpg,1000,667,149893,582bf134185a06c5f454801a617fcf5c67208215f86fc3c539c3f15e8fb4b701,acquired,4.859,Native public JPEG decoded; thumbnail dimensions and visual similarity checked
UC110814647,facsimile RTI capture (2013 colour photo),DSS 3Q15F Column 3 Bottom 30 TIFF,3,Bottom,,,https://digitallibrary.usc.edu/asset-management/2A3BF1RIIQDUX,,,,,,,pending,,Not yet acquired; browser pass in progress
UC110814646,facsimile RTI capture (2013 colour photo),DSS 3Q15F Column 2 15 TIFF,2,Full,,,https://digitallibrary.usc.edu/asset-management/2A3BF1RIIQB1W,https://d2f4b68zyi14gl.cloudfront.net/USC/TR1/ec/03/b3/a2/3b/v1_UC1/UC110814646.jpg?Expires=1791206043&Signature=D0heBvrDCXIi63QpKM5Kb4JuV6Nbt6kn5MLDgHJ3tuJYOl9~qxXqN0KjlN6P2EVSHUnb8dH1dQZoBk3IGASTuSuTnkO134uOXtVicrU8XcYFk63Hm9o7VEdeY~BEWqvowdGZeVW3X2jMYMSHRcZaJxiWkwiXRSOcmDnbE4Cx1CmW6y42xvbG-tjbhxE-y3nmEPp5IMxvGtwydw~~hHaX3VMzTptutYo5m~fGFFv6S0ZGmpbQb1OlDYcxJEVY1Bv-Kr7R-HoDOWitdh6wpWqd2m2OJH38CEZuDVld4vC48UZNXi8se7EmfanzyG7ytQuatUlMKwIRYpLZJWjiob2TzQ__&Key-Pair-Id=K1U3QT649ZRWYA,images/previews/facsimile/UC110814646.jpg,743,1000,177363,bb66a801500fee9430099fa2357988732a46d69a3c96d226360cc846dcde4617,acquired,5.487,Native public JPEG decoded; thumbnail dimensions and visual similarity checked
UC110814648,facsimile RTI capture (2013 colour photo),DSS 3Q15F Column 3 Bottom 02 TIFF,3,Bottom,,,https://digitallibrary.usc.edu/asset-management/2A3BF1RIIQHG2,https://d2f4b68zyi14gl.cloudfront.net/USC/TR1/5b/5b/60/dc/72/v1_UC1/UC110814648.jpg?Expires=1791206063&Signature=HcuK5nZxderkrcHOe88BjveVHh5FYIHIG2SIEmOGqIjF2Uqt2-NuBWevrsJ8FhyX0Vx1ThabIyNr8F6G08Y2fx6Bjs-WKekoy~qFMvUT~GfKCGS7pMHbLBZvHvnh9WLvDSDHbAN4OOFy1copaKhNYZUDFCfPb3KLNl8GVySd2ctn0eWZ5snlvEBvpBKYWJMhXQ3agbwI7OM0Nxw3VXK04F1P3eHvjKUfDmomYtKJTRfAYSZicM3u7hvn~Ew-WevJ2XaakH2MTGcgX7zqyl3pkg-5KG3kLTsCc7MaNLkSjwXvClocDC9JTp0AcMoeDo2UJ83206vTyVCRzjYX5Zte6Q__&Key-Pair-Id=K1U3QT649ZRWYA,images/previews/facsimile/UC110814648.jpg,1000,667,184939,8d47fad281fb24c1287076820d22afd663f23a0d5a441636c61d362814d46e08,acquired,5.498,Native public JPEG decoded; thumbnail dimensions and visual similarity checked
UC110814649,facsimile RTI capture (2013 colour photo),DSS 3Q15F Column 1 Top 25 TIFF,1,Top,,,https://digitallibrary.usc.edu/asset-management/2A3BF1RIIQ6JP,https://d2f4b68zyi14gl.cloudfront.net/USC/TR1/69/72/19/b3/d5/v1_UC1/UC110814649.jpg?Expires=1791206083&Signature=Uh-vQMsz~HFda48m6MAlrzJI6GGN2LLxkvDBi5ulMrObhraQuqp7gOM0qL-ckt-sU1iC-8v4eQONBdoMeA9EIR45868GSTctYvHL~c6T55gAziJSjz7cftnxjWz-NRCJIwXL~qLBDdH68vwXwgHSeXegdTxDETZGiZeIa8qq2u7V7nDPhegs6n8NryqjzytrTKpT93IT5RyWfBwLsp821K7vv86LW8fMUrX53M4UW3bZCs7J5HWmme9MW6BJ8VkWiChPr1spI~ds09np-EmLcBH1IikNezIsutXGRwzrYQ2gkLLtSkoHRzOOSP89vz90Uzn96fZDb9gj5DTs8Z6J4g__&Key-Pair-Id=K1U3QT649ZRWYA,images/previews/facsimile/UC110814649.jpg,1000,667,143722,ccc884a956ff33d00fff5a156e73510bef4a1558e078565216ff55eac461dc21,acquired,5.006,Native public JPEG decoded; thumbnail dimensions and visual similarity checked
UC110814645,facsimile RTI capture (2013 colour photo),DSS 3Q15F Column 3 11 TIFF,3,Full,,,https://digitallibrary.usc.edu/asset-management/2A3BF1RIIQ06D,https://d2f4b68zyi14gl.cloudfront.net/USC/TR1/24/00/2b/00/b6/v1_UC1/UC110814645.jpg?Expires=1791206102&Signature=XigEPUOrypexT9149roOc4aUEWmG58Okd7fheJDRM4JQSvnNzO2oHoqDMy3rBElbZzXuxxV-hifN5FJPezd3xdPi1SLByJDtMni~6VFJ0ZoNEVRJkrvxgePYQ1mCGOQyHtD7CZqqo8baagxT4Q39EqTjVW-ULDCoWqbUIy7oDT1SQCw9LYjh7Srx1b0FlqfZSgv~A-Zpt6~FqRh~26JCNfgqmC9c97WCuyjA-1Z8MAN1fDQrdLEAByuaIvCGIEjg2ElCUIxhtitMJf0GuGtpZGUuvzZKwrjWs6yhIwa7zFjOAmf7vg-ja2VTpM3LuvuJ6JRlT~zwFRKlRU53NWb3IQ__&Key-Pair-Id=K1U3QT649ZRWYA,images/previews/facsimile/UC110814645.jpg,738,1000,146544,a63d0d6422b3bf794cac2e30899d9bfc86bf1bc46f3fc3ecb932cf8f5fbc81c2,acquired,4.777,Native public JPEG decoded; thumbnail dimensions and visual similarity checked
UC110814644,facsimile RTI capture (2013 colour photo),DSS 3Q15F Column 4 35 TIFF,4,Full,,,https://digitallibrary.usc.edu/asset-management/2A3BF1RIIQ3Y1,https://d2f4b68zyi14gl.cloudfront.net/USC/TR1/25/83/13/cb/e3/v1_UC1/UC110814644.jpg?Expires=1791206122&Signature=m0qmqHXn2Qn47yHFdBr~SZzyX94QCU93RuDLh-IX4AjYwPthn2NGnNRY~LwK1e4YaXOHSQ2lIYhWzxn7n8AlIDr3oMkc8RrmEFUkbFGchzykLM-dDcn5UiCQ3Fu7TLLOH6mg3pElTO31-7Dngen5GNX2A9-kcvvMBwN3inR4uhXoHVulIGBZsJlGXxISP6C3E1kUWIZlPeE4nmcKmlKmnZAoLQoR44Ojeno4fykRlUqcY8C12o-IFRl6OSAEHOXhl02~TnFmIph3P~zVatyvxX7mJpyQb5CCfsnSJVxwZWXcSU-82UJ9J97eQZKc5edGHJoMCkpjKGxbdd97VRK2vA__&Key-Pair-Id=K1U3QT649ZRWYA,images/previews/facsimile/UC110814644.jpg,730,1000,146945,f37a21fbb865ea27006fbee7b71a6f453bc1b0729239ffd9f8204a587deace24,acquired,4.649,Native public JPEG decoded; thumbnail dimensions and visual similarity checked
UC110814643,facsimile RTI capture (2013 colour photo),DSS 3Q15F Column 7 21 TIFF,7,Full,,,https://digitallibrary.usc.edu/asset-management/2A3BF1RIIQEMK,https://d2f4b68zyi14gl.cloudfront.net/USC/TR1/95/e3/5b/d0/26/v1_UC1/UC110814643.jpg?Expires=1791206142&Signature=JEDGjJQR-bIR4BT5eKDa0~30kY6sMp8SOFPVn~nmqp6wGgcoSm7F4fJsX1qjvwO5hHuu5Z3lVuqMBB0CojyLuGoz7D17axjALYurSMn0frtmVv5DEh4Ag5bGkeLG63Qe2pVxWg1jqYMRXhIhzQs4g5OqHHfF6NLgNW~TOXh9cGzUpjVAqjyVeeeI2rYBtDRmV6ma5eGR35JbibF8IRjZ5ZnP1szDCGaq~qlWAKunrFHu0OyVyMb1dxCShIlbhVuXZhA49A2lMeag27rEzdUXij0xwahbfpDLd2NJR3E~69KIDDpBjjqszkKUXZjsdvPNlXA-6kl08RrfZ~aMAL2cRQ__&Key-Pair-Id=K1U3QT649ZRWYA,images/previews/facsimile/UC110814643.jpg,779,1000,215428,32454a27e8eeac48cc4a1b35552cefb4186bd34280dae21aa77467f051ea4ee0,acquired,6.133,Native public JPEG decoded; thumbnail dimensions and visual similarity checked
UC110814642,facsimile RTI capture (2013 colour photo),DSS 3Q15F Column 6 04 TIFF,6,Full,,,https://digitallibrary.usc.edu/asset-management/2A3BF1RIIQWKX,https://d2f4b68zyi14gl.cloudfront.net/USC/TR1/54/04/d5/70/37/v1_UC1/UC110814642.jpg?Expires=1791206162&Signature=h28uNkECOYFjo5SoT1PxeeXk1~6Af1NOw7GteO7TD6o~BnOaNG73aiSW7VaXrDrprIjJC49NZ-LXmL0V80HecpBRIrrCe73KJpiQ-GVz2wx1IP8Amhk8T-jykrEmDJZiq6AypihXt7VYnn2PrguQ3pMSkAhet4d1XMT3lIc8ObQ0ozzWWdKsVCPfpK57FqhjaW-1BumJVFmF4LyyGunK2-P467Wql5CXMjZUR6nnS1vydwbD3QCn1hlyQJtbAtmyHEXAZhzkMc1YiDiwHCd2vxK7zkOY7svjNmEAk4sWvAKbIgWcNkzjoSvYYeBjTncDJW5z1wPNwlsssSug4nBwew__&Key-Pair-Id=K1U3QT649ZRWYA,images/previews/facsimile/UC110814642.jpg,782,1000,142672,7b7b30373382cb79405e0b4f96f20866309b6c4d187ae5eb6ca46f4f0523197f,acquired,4.331,Native public JPEG decoded; thumbnail dimensions and visual similarity checked
UC110814641,facsimile RTI capture (2013 colour photo),DSS 3Q15F Column 9 12 TIFF,9,Full,,,https://digitallibrary.usc.edu/asset-management/2A3BF1RIIQCSP,https://d2f4b68zyi14gl.cloudfront.net/USC/TR1/8f/53/5d/de/dd/v1_UC1/UC110814641.jpg?Expires=1791206182&Signature=Lg6T3IigDmLJQakPpLgmJzmNoFqgIJcht95mdal7SRLkvZu7sjtoC8o~pEQWi6A0fDjVrrsXO~Kfdn~AgMDXpcl91Bwp-M~sGpsKC5WwDcbRYqFJKPDS~xrsiJucWTYheLv5gaMQ86gF0aKnPicyStEhHCknCNUOWKrG3sDJ-l84x9lMc7XG6M4mgNu~exD-hq5CzCB4eGn6eQHw4UHzUmEokPs7g~2Bn8iraBmtMK-dTR1ZEzkfMXnENtbPr~XhbuHXwrRkf2aRCugfJHIe0p9-haYj7U6gsyh7~L8sPa55t4mPyoJAeDeckrS0tyPrZi3CkiYK4WITXxMN5XruSg__&Key-Pair-Id=K1U3QT649ZRWYA,images/previews/facsimile/UC110814641.jpg,754,1000,141967,bf4f93ab7061057c9c83bbe2d7f6a40e11a49c0dc60f847193f5bf70bd944f8c,acquired,4.605,Native public JPEG decoded; thumbnail dimensions and visual similarity checked
UC110814640,facsimile RTI capture (2013 colour photo),DSS 3Q15F Column 1 Top 41 TIFF,1,Top,,,https://digitallibrary.usc.edu/asset-management/2A3BF1RIIQN0O,https://d2f4b68zyi14gl.cloudfront.net/USC/TR1/37/d4/d6/47/4b/v1_UC1/UC110814640.jpg?Expires=1791206202&Signature=CN53onEFSa3GMGWHZWkipXnwCFpx6rt2LZn8Y19Zl2xAv543e24nQFawvJNiRjYPs-PvOzR-9C3u6STXJeA4EXjmwJQdiLCmHOY~VFxMvxzlrQfNWZ-1v2c986nNNCVkxXS20lYYWwY56QC05muA9MB3vX26qba9xs~wP~QSVtE5Mujq48G30t4b0ToTHfCTCgRb4QdJdjfUMhnvL-atXn-yTGnEmKrZCxK8yzfK7c8jRlg~4sjETfyxUMhEOBj~MPpj6u4JLVJ3dBXZPxusWkq0ConZE0DmRM5DwBTghtSsbyV6NI4vBc8WXWN1FYrtvzW88qALOuzuh4uYaV7PTA__&Key-Pair-Id=K1U3QT649ZRWYA,images/previews/facsimile/UC110814640.jpg,1000,667,154611,a24bc3812346cbabc9ac7e1b95768a721541329def9c8c81a8516fe13255b66c,acquired,4.934,Native public JPEG decoded; thumbnail dimensions and visual similarity checked
UC110814639,facsimile RTI capture (2013 colour photo),DSS 3Q15F Column 10 28 TIFF,10,Full,,,https://digitallibrary.usc.edu/asset-management/2A3BF1RIIQ2XU,https://d2f4b68zyi14gl.cloudfront.net/USC/TR1/b3/4b/97/c7/31/v1_UC1/UC110814639.jpg?Expires=1791206222&Signature=E07BQiEt-PvD~IlTla8inmefbGcnHLKI8h-RFAvn7a3aHOjHEgq0tx7UOzDzXp6EnlA3stIRWq1NICrIfHgdPuoxnfWIMqSRVitcTQC3z265fug5Of-jFblS2yx0tqj-mR8yUN5kTI7CFA7pml-7Z8nC~y7ylQglxkqA1Cl~4LTfdYKnhM9k2H63YuyQmzWrh3y3HB8wBf5tPHuJ7oUbd6WJYynRebTB6U5ShMgeuHq35XcqiZGSbATP4MjpHthG8OUZzl8H~Egq63aIvZ0OMoIgbkdbQawRmwBR6TRpIpbeXKZx-EyC0R1sNnyjR5mZjbJ4weQhagRye5YYhzjdtA__&Key-Pair-Id=K1U3QT649ZRWYA,images/previews/facsimile/UC110814639.jpg,770,1000,139817,3d037b68a05bc5aac093a5c4fd4982dc3eb15b4068410c608002a325066c5a3f,acquired,4.342,Native public JPEG decoded; thumbnail dimensions and visual similarity checked
UC110814638,facsimile RTI capture (2013 colour photo),DSS 3Q15F Column 7 31 TIFF,7,Full,,,https://digitallibrary.usc.edu/asset-management/2A3BF1RIIQP4R,https://d2f4b68zyi14gl.cloudfront.net/USC/TR1/16/1c/07/d2/f3/v1_UC1/UC110814638.jpg?Expires=1791206242&Signature=TUoQmUvozbO97jSFqwfR7RhshB0Y~DlNbvmMalUEVP1AZxFMEps-GAfXUo~oMXYCLqoIrxOdhrUSwmCUnBhC1rZkiur2r6MGxrHxomiN2~wsIDOqoOsSfXpOAvyHvhkQPrQAr1BebQoqecBxgHA-eSvQYEUvs5pbRUz5cqtx3nRb8GfEKxtGDFno3m8B2LnBYAO~GtpeMxmEJqi5zIBySwLRDi0TWR4nOzZjotx5j6l9UwHZHNbivuaf0N6YOYFK6HU2sqphVCUF5mJHRlvOBXz8a15xDsWphjX12p1cxMYxL~FXgC1~IurXyyej16m6Cpwqk00GCNGcNmIUAtxnwQ__&Key-Pair-Id=K1U3QT649ZRWYA,images/previews/facsimile/UC110814638.jpg,779,1000,146883,50aef1d4f652b2c0479ba108b70ca206b1b7d8df7f68251b0e30a40600fb1a26,acquired,4.967,Native public JPEG decoded; thumbnail dimensions and visual similarity checked
UC110814637,facsimile RTI capture (2013 colour photo),DSS 3Q15F Column 10 13 TIFF,10,Full,,,https://digitallibrary.usc.edu/asset-management/2A3BF1RIIQTA5,https://d2f4b68zyi14gl.cloudfront.net/USC/TR1/a3/17/e9/0c/56/v1_UC1/UC110814637.jpg?Expires=1791206262&Signature=qAcKsXWXWFc4sP67aS-oUFxc8UP1-TXpxVOm1wqZ-Iw~cOIxhyQYdaSdSOfgvxj3uHfr3b8BuioyBmy8yK2q9Dvea~GpsrRY3F2EzDAHEfOmZtzPgOGqMp6ACA4zR8FvdNNC8bn4CsPz5-IVEoRnGCM0HarP2vbTALhqZNt156a~~jZ4007Yp3Xjnvv5dvuLak88daB9Bd7hCRIoCaxMue9dp3GsbgEGvB8cJa7aBLZ9e7NPvB3Dg-~dIXuaY364sncAB3LAidwMsBHoV9WS1VWr9D2CFGvt48uW8IN51Q5OtiP7XnJo7R-6WoaRZGbV7u9RolNbfsSNhaAH1oU0Nw__&Key-Pair-Id=K1U3QT649ZRWYA,images/previews/facsimile/UC110814637.jpg,770,1000,225244,7a86465d7f1513d6202289f46c6e1544cb1ad91e18b29c8ebd8f58c98db93c50,acquired,6.118,Native public JPEG decoded; thumbnail dimensions and visual similarity checked
UC110814636,facsimile RTI capture (2013 colour photo),DSS 3Q15F Column 5 34 TIFF,5,Full,,,https://digitallibrary.usc.edu/asset-management/2A3BF1RIIQSL8,https://d2f4b68zyi14gl.cloudfront.net/USC/TR1/2c/eb/24/d5/c9/v1_UC1/UC110814636.jpg?Expires=1791206283&Signature=PHQGhnrlbNX~MLhGxqteED9YialFLEyXDCdW6HCT39opUm4pfzvoQ7ztQzmdZ1IHTsFvWuMBu67dp7k2mBPJOf73gwkaT-7pb-WQE66bkF0dTyb16VcmLdvRejxdJmA-uZ6XXEhPGwukvTrXhVlP6AbFtV-8lqVvhQLfqoOGwLmbKk0drSSwa0bOiOXies-Xb0TlMVTBJ7ew~3vHwqy7MiJC1ylDS4ntN5HNTzIUJeiNx9dQxiB4D-KXCtlmqkS2eeCVsl6EX8UcJ9lZlay1WqmwV-202O6pzSPgN4DL-HcSjLlIa50O5Q9a8rD06bTpDovN98ToA442dNWuYs9CKQ__&Key-Pair-Id=K1U3QT649ZRWYA,images/previews/facsimile/UC110814636.jpg,787,1000,206477,b0feef62a1e9bb2f075a255651b21257a25dba654ac24c031e9510dcdc208fce,acquired,5.716,Native public JPEG decoded; thumbnail dimensions and visual similarity checked
UC110814633,facsimile RTI capture (2013 colour photo),DSS 3Q15F Column 1 06 TIFF,1,Full,,,https://digitallibrary.usc.edu/asset-management/2A3BF1RIIQUP9,https://d2f4b68zyi14gl.cloudfront.net/USC/TR1/87/b2/72/48/ff/v1_UC1/UC110814633.jpg?Expires=1791206302&Signature=FPXk~x-oXci457FW95GFsICbKkSJD9UQOqlGEcC-cmZX53PRCEE8H83ZIsewhJ6ghH5EY0lKPFHHK3o~l4cC5MPZbYmD0I6W8Cvo7fGPnC22g-rbZMRB89JZOSz0Bkw5Eg6hyVWIpxaBdKvG0zaRo2Gn0dw60CJBqxBYxWV6Wf50GRJmhSUXw4kpkUfN9~3GTjyix72hn2QSGt2eJi8PHF9a2jCv70g8PS7cxVkjxxlMmD09ev75dypmJFEOkv~zlW04CE8YWJjRPIEW9xS-HeTMK2gvYgTf9ZNC1Av6vV6Alvf8-~qxqE7VoxuRvRorfrtfdAZTxwwHVx13js40NA__&Key-Pair-Id=K1U3QT649ZRWYA,images/previews/facsimile/UC110814633.jpg,735,1000,189733,1377d3a56811d9645679ba5445c3b54f53362faf079ad068c0a1865432326f81,acquired,5.536,Native public JPEG decoded; thumbnail dimensions and visual similarity checked
UC110814635,facsimile RTI capture (2013 colour photo),DSS 3Q15F Column 12 35 TIFF,12,Full,,,https://digitallibrary.usc.edu/asset-management/2A3BF1RIIQGN5,https://d2f4b68zyi14gl.cloudfront.net/USC/TR1/d9/eb/78/98/1a/v1_UC1/UC110814635.jpg?Expires=1791206322&Signature=WSEb998iyB8YsjXeJcvWDC6CVFG1~6FO1q7zFK83nUhw1oPumOnlD5TQ2hg7qm9KnJgjL26Iu0z~~PNDB2GmV3lP26k~SzeXnK5zIT9Jtd0RC6Q1jx0Vrur2Ek698IPG5CIwxJgo1HwBvdZXEjf4wgQgBnEXNfVuTrZ1zs9kxu9JqRW-xHw5rF11w1xlc8Yx9fd9MUo-e588a99ytfeUr0lrmwZ8n7iG-drilm0zdYv3u4cOjl1Folv8v9VWP3j4210aR41yy7EsvMEE2WiToIpkwPsiTeHfNwpWxxrP~AHVXIrYlJ1-6jYWzpXjOLSkBjSJdFNL4~R1fQ0Jak~22g__&Key-Pair-Id=K1U3QT649ZRWYA,images/previews/facsimile/UC110814635.jpg,652,1000,141422,009b5b97e6c6572ab64faa2fdd41e179bc8b1abbafc56e41bbc98b37fcdb5113,acquired,4.901,Native public JPEG decoded; thumbnail dimensions and visual similarity checked
UC110814632,facsimile RTI capture (2013 colour photo),DSS 3Q15F Column 10 34 TIFF,10,Full,,,https://digitallibrary.usc.edu/asset-management/2A3BF1RIIQX54,https://d2f4b68zyi14gl.cloudfront.net/USC/TR1/2a/db/34/0a/1e/v1_UC1/UC110814632.jpg?Expires=1791206342&Signature=A2kNd5-OS0r92-diI42xlTbRd1-3r1mlAl-hlk9SU25RkNU5yxPaItWFuDBY29ksujU-bbiaoaedunjYChk~03BSglDWMsOl~2VZ-x3jCgiGa4-in-y61t8UNe1smrAC-ASo4g19lM6MZB0LU6qp-Fkpjn7357U~wdzR0j3Ty0SEEJLkPG7~R3hiRG4mHWNohVP9s-AI~w55faP1cUqLgUfHc90yFIL01bExp-VkqV3pOmPZULpy9EaOWTDyYDPZ0RtoPM09lNvYLZQUSzDWhLirMU3I5P45O2BAvqSE90ZpvHxqOgnmRmnKq1dMtadm57g2-i-Ni7riHFUBr5R4EA__&Key-Pair-Id=K1U3QT649ZRWYA,images/previews/facsimile/UC110814632.jpg,770,1000,211386,1a013ac2f0a48a04a6aba4ea6d252c0b54790242d9911d9acb7df4db853a1f57,acquired,5.808,Native public JPEG decoded; thumbnail dimensions and visual similarity checked
UC110814634,facsimile RTI capture (2013 colour photo),DSS 3Q15F Column 4 23 TIFF,4,Full,,,https://digitallibrary.usc.edu/asset-management/2A3BF1RIIQMT2,https://d2f4b68zyi14gl.cloudfront.net/USC/TR1/ad/2e/e7/d6/2e/v1_UC1/UC110814634.jpg?Expires=1791206362&Signature=llnK1KX83CQrJAvdFPsjwou8ttktXGvt9taI8eFMPQKcizFFkBYk3ZttDEhqIZAckS90HvjGUuDPx8c-iwTX3IWvUBwF-S9oKxnv1UqwGG~uJAkboWvstWYz4Pp7vYqyiQID3F1BW4NADM6HOFd7O~prt4CRujlE7yitYbqDzEHoz3N-fdqtEKjvl0PsvA6ihxFUj0ngRK6HVAO5waBPEzQY05jEyitB-Np7fayoYtoK7h6e0m1FUYU53OAgQgeQUqjt4OanVkLlMtQj7DVxdGUrN0ca~pourkZLXyklUj0gk3pNPmkz6TU08800WygQnhXQX4SETFspEJDLLSyScA__&Key-Pair-Id=K1U3QT649ZRWYA,images/previews/facsimile/UC110814634.jpg,730,1000,153362,6db7f310b3eb9e00b89b1d78977e7749a76f18b422612e403924c3d55966e778,acquired,4.668,Native public JPEG decoded; thumbnail dimensions and visual similarity checked
UC110814631,facsimile RTI capture (2013 colour photo),DSS 3Q15F Column 8 13 TIFF,8,Full,,,https://digitallibrary.usc.edu/asset-management/2A3BF1RIIQ1W7,https://d2f4b68zyi14gl.cloudfront.net/USC/TR1/dd/60/de/8e/9b/v1_UC1/UC110814631.jpg?Expires=1791206382&Signature=Xp0TVRSP66UWmmXukLGOEs8QFFWVcnuuq2R0iqBh1qkhX2WfrvIrA63pJC9CjZoL4PY9Zkfiupg1werTFWcrDNhDoLc~2bP1q9jarMHjx3lZAczppI19LAnXAe3rH9r0JuzH02F3ALlAiiWySG2iksLoW-gib2pWdkA11zK4qoruB29ycJqsgmY7bGSWrom-CCsM651Va69CAlvHKesVPi6rJ9CpgRhjswrlF0-Lp47vZXzBVkhxf-8AStoprLk9x4kUDXDg4j~K8U6HNd81GyTri3b9KAinX7GWwvbebSfcS-V-H~H8mnOJvvvepduTSpuFND18XPfhm8TKbUUE5g__&Key-Pair-Id=K1U3QT649ZRWYA,images/previews/facsimile/UC110814631.jpg,713,1000,190624,9de8c54f2cf6ec9c8b8ebc8e9ad212781a9d4580a60e3fbca952f79ead7e81f5,acquired,5.907,Native public JPEG decoded; thumbnail dimensions and visual similarity checked
UC110814630,facsimile RTI capture (2013 colour photo),DSS 3Q15F Column 3 Bottom 24 TIFF,3,Bottom,,,https://digitallibrary.usc.edu/asset-management/2A3BF1RIIQORW,https://d2f4b68zyi14gl.cloudfront.net/USC/TR1/ca/13/78/d4/9a/v1_UC1/UC110814630.jpg?Expires=1791206402&Signature=Fy63bemrP9ODoHYUJF3yyCZ1a4aVKgBzdQH6ydaTrTM0LZ6Mr6vNBrHCa0RcLNOKJCthVHRhwYmy0Lzfs9ej8aeCBfuYIRBUkGiFzh9ZCzhh-tYDqRNK9Xy32-h6md77DFYM3O40uJStzWqVhkEtjsTj7NMtEM1f4TjRw8R5bfmdrjBvEzNUeEk0boGw~SYGWyAHcp~8kQUIqagsCahNPirrKCKkxhx4EjhLAauY7bGmRlne3h265XNjaQOY8KzAekKV--itDhAS3guefjE16~pcFBcJ77-yLF2rWFQrBiRkMlVbpm5X1otkZwh8Rr7M42RosyTfDdUBM9mrnAvc5Q__&Key-Pair-Id=K1U3QT649ZRWYA,images/previews/facsimile/UC110814630.jpg,1000,667,122603,c40638ff6bf4cd070cbe3f4ca3f561d0ef2491b8d7c0ea0edcfdb5b0ddfecd86,acquired,4.103,Native public JPEG decoded; thumbnail dimensions and visual similarity checked
UC110814629,facsimile RTI capture (2013 colour photo),DSS 3Q15F Column 7 04 TIFF,7,Full,,,https://digitallibrary.usc.edu/asset-management/2A3BF1RIIQZFQ,https://d2f4b68zyi14gl.cloudfront.net/USC/TR1/d9/39/9f/60/23/v1_UC1/UC110814629.jpg?Expires=1791206422&Signature=R7BlJP7YBFHmQm7k~ZMQqN9mjFh4X95E02kBeTMaMRV107iTQsU4Jt1FGcEdI4yaE9b78EG9QYrXE8bIHg13nwCp2c-zTZRfEiBDCsPGTUK8E6IXhCDap86tdySkzWm7Y1OIGh3Sy6Gr58vakbgykQuxKZIdc~tVnOMpe-BdFGchpbOdI~CZHVXSWIzngyvKvQ-tP5q-OviPYwvR~t6u~~YNJ7RmWL23FTp~fwOitWg8cHH4Spfl4yQVobI10znWt6lWJmOMatcgBxnippVF6Fmy1CkoWynSV79KRBJhCy3P3J3XEfFRJ7kOyX22yWUQfHoHbdK3~qIgcIT~ExLBKA__&Key-Pair-Id=K1U3QT649ZRWYA,images/previews/facsimile/UC110814629.jpg,779,1000,135650,80a33b617d8a09ecf3d0c40b849f6039e23af409d8fdd32a5a84d789768b1182,acquired,4.341,Native public JPEG decoded; thumbnail dimensions and visual similarity checked
UC110814628,facsimile RTI capture (2013 colour photo),DSS 3Q15F Column 1 Top 00 TIFF,1,Top,,,https://digitallibrary.usc.edu/asset-management/2A3BF1RIIQAVO,https://d2f4b68zyi14gl.cloudfront.net/USC/TR1/73/12/0b/3b/bc/v1_UC1/UC110814628.jpg?Expires=1791206442&Signature=WhwpUBBvBXDzZ95dMSEKHospFXTa2dxtM7f4IBQ9kBFvJeIWl1~GqYJs5ptfP4cFp4RaDC8WKvmaQdaAxYSMs7f2a8PWpkRTLTlROXhI6HPBj94PpyJTHADfFjXo4dicnUkG3Pu7iX-Oagx8dKfojPX~fzQEBWlPFhghmW1d9YsxokcLMf9tCNDt-hSgKbxIA2wTRv4B4I1az9we8VKKYQ00duRPEaL9VgRc7ejO~~RwMrbeGKvVw4QPjZ47r0y1trJh6vHX3W94819SPJvhuc4dISghtUKt4ktde~MaWnhH~u4ng5vv3tARx61BzXCv-4k1gZ913gxoCI-26cB-rQ__&Key-Pair-Id=K1U3QT649ZRWYA,images/previews/facsimile/UC110814628.jpg,1000,667,193268,542c75ae4986d3f3e9ce4839180605ce3be3900abde3770434456810c997f135,acquired,6.222,Native public JPEG decoded; thumbnail dimensions and visual similarity checked
UC110814627,facsimile RTI capture (2013 colour photo),DSS 3Q15F Column 3 Bottom 01 TIFF,3,Bottom,,,https://digitallibrary.usc.edu/asset-management/2A3BF1RIIQL3Q,https://d2f4b68zyi14gl.cloudfront.net/USC/TR1/c2/e7/a9/3f/4d/v1_UC1/UC110814627.jpg?Expires=1791206462&Signature=ijnpAgG94TRDaPJN4jFpTxCKdUHaVWtWUljseq~Qi0YaW3qiG3XaSUnd6c3G5qoKom2p0KveTdwz006-1sTcv76LPdZdpiJEB9euAhyPhxWaX6J3vSsyJm1gX7ZgrcYDEtEEyYDiEiWaPIjUVNEUwOTooyYtIY7rR19H1Cwl6pG6-ekcV0Gf8WxRfQ6WI5-b08sMs5BhNSykEg2v7suMF5LEwyH33fli52C5KUZ~dWvqkmv6u5z-lmBA4dinOePsbChj1ewLgquI5XagHzfjauU0wELgtOiFrOxhRzp7DxLunvECvYhzhgKG3LG8qWTdIwsxUc-5g9qwUEQMcmydcg__&Key-Pair-Id=K1U3QT649ZRWYA,images/previews/facsimile/UC110814627.jpg,1000,667,193051,24ada4bc2505f483543fa8361ebd85f6eaa3248deca61d8f7ccc05d7ba5351db,acquired,5.611,Native public JPEG decoded; thumbnail dimensions and visual similarity checked
UC110814626,facsimile RTI capture (2013 colour photo),DSS 3Q15F Column 6 13 TIFF,6,Full,,,https://digitallibrary.usc.edu/asset-management/2A3BF1RIIQQBB,https://d2f4b68zyi14gl.cloudfront.net/USC/TR1/8a/2f/51/03/4b/v1_UC1/UC110814626.jpg?Expires=1791206482&Signature=SrA93oViNDx7j0fbj12lpoRYTZHhG46nRmrvhs3p9lOFjvv4qAQUH0YVJKnhlpfLQ5u74Ady2nS2cMsX5V-9jmfsBOp5QZ2~F2nDestFugyW4l4u3pYMTUXQQuVmBtQK2DWhbJ-OA~gv~ozb2MavP-qQJ--FmpAkCY6f1Ud5iDJiUTLS~xilN6pj0YRBlpVPhTDvNvm55w84SD2aOOyYET~PjQ3UbuR8pAfFArgFSjdS3KrDtPr00jMQL5Akazef0L9Z3MwQRPG0~DooGDdI0Eb~Al6dsahVPLTWq9Drc5zHN42BQC4vU~SUfL2896lGRk14vfZ1-0BiG9i42cp4dQ__&Key-Pair-Id=K1U3QT649ZRWYA,images/previews/facsimile/UC110814626.jpg,782,1000,226827,8095ebab3422c897e3de8a7296c5ed2e0c05033dafd753dd4c84dc11ebcc33e1,acquired,6.155,Native public JPEG decoded; thumbnail dimensions and visual similarity checked
UC110814625,facsimile RTI capture (2013 colour photo),DSS 3Q15F Column 12 27 TIFF,12,Full,,,https://digitallibrary.usc.edu/asset-management/2A3BF1RIIQIQI,https://d2f4b68zyi14gl.cloudfront.net/USC/TR1/5e/db/09/7c/86/v1_UC1/UC110814625.jpg?Expires=1791206502&Signature=l1CAm6WnZSk4WVranyjEGSINO~MlR1KrDtRUYIB6ZOvLU27074VHCG-PaAofLPxNugeCPal83NQLyLGnGt~PDMQWxkcnKdWzFKa~p3ZKT2qQujDKWJvPKfC9m90kI68I3qWcHikHplFKX3gLMEmn0EcZBgWkwuJupJNDsrbgBv-ByPTo9r63Xj-N9NwPtUMQhDGGb35Q3l9HIGU3cOVvjDPTqSLRIHYXy5w7A0zHeLcPLEoLLdfDHziohn~DWU~nxMXWBFZpesbdzzNro6CQbjPCYo5Uvqe3G6P81gE-cOYPfo47c0zrb0OQ7267oqy-EPNU86fVzUP3NJf6KyS9mA__&Key-Pair-Id=K1U3QT649ZRWYA,images/previews/facsimile/UC110814625.jpg,652,1000,135528,96e3bd8bf5cbade01f24c2f0939dbf8b80243bdb77d75f2af7bfe2a68ee1e7c3,acquired,4.847,Native public JPEG decoded; thumbnail dimensions and visual similarity checked
UC110814624,facsimile RTI capture (2013 colour photo),DSS 3Q15F Column 2 21 TIFF,2,Full,,,https://digitallibrary.usc.edu/asset-management/2A3BF1RIIQ48U,https://d2f4b68zyi14gl.cloudfront.net/USC/TR1/eb/3f/35/81/5c/v1_UC1/UC110814624.jpg?Expires=1791206522&Signature=ddjBNXUxzmH1KHFlwke0Z-jpHrkIZ6Nrdw1TNMDyGyA4eD6FVH41x~143jeQU~INn2m1Ze~lS-y8Gx2LaVYufmbOdGWhuki4kyUPtztcqHdi86vOkmz39eXSKn3t5PgETjWlh-nfydMPSFk4DrMCsSHgBe1Fz9KSyaLIkaAVRzZmRylXFB7VQpCi88wt9ScDFm1XR3PlX7rhBQsYB554noztJ0TKxIZqSD1LPHAdOSMtQ9uqjiqNn94pZM1xbXTrHoqNswAYG~U-J4~-iNLSRCV5kXRVyaJQy9TeKrnhcXKvoQqtDb9z-vWfVv-TAFy1HoWVHQk4r3nKtWiZFGAAUg__&Key-Pair-Id=K1U3QT649ZRWYA,images/previews/facsimile/UC110814624.jpg,743,1000,207647,a976665d8ef3128adc3f6794e830c20e2a507e6c934a1e6da5c334151f177083,acquired,5.858,Native public JPEG decoded; thumbnail dimensions and visual similarity checked
UC110814623,facsimile RTI capture (2013 colour photo),DSS 3Q15F Column 9 03 TIFF,9,Full,,,https://digitallibrary.usc.edu/asset-management/2A3BF1RIIQRD7,https://d2f4b68zyi14gl.cloudfront.net/USC/TR1/b6/ba/b7/99/c4/v1_UC1/UC110814623.jpg?Expires=1791206542&Signature=GA1VwHhyNd~n3LFH4I~lfjJ6gmVKWuismKKH4uvoLJzWjWHLLUC7MuHLAALGvNvNQdI3uOC4UrB1Tj3Fz11iKDDCe9pS-7VdTzLwzKV7eC~LIL4vrepO9Up0T7uTyy~yuYLuE5~tD7zgjQP2~2Uk8KqvMQSHyLimwSB4IIWu8HZsj9e1sSxbN1FNoqip0-n1TQj7satzUbGfCClsZ1QpDJnHgUejpnHJWcnaXvJGAcFDafyHjFEYji6h7EApwEhq773gIAWOI1dt5Ufr5lRxqu7jyqoyM0DZi429lk8XxGIaEaUWrUQx17VUo1CFzYHE3eKxcgePMnezHu8Fj1zcXw__&Key-Pair-Id=K1U3QT649ZRWYA,images/previews/facsimile/UC110814623.jpg,754,1000,184515,61edc8dd76b6b6c5970f7936c850bce2e848885962cc5c7e47832afadda1d862,acquired,5.345,Native public JPEG decoded; thumbnail dimensions and visual similarity checked
UC110814621,facsimile RTI capture (2013 colour photo),DSS 3Q15F Column 1 09 TIFF,1,Full,,,https://digitallibrary.usc.edu/asset-management/2A3BF1RIIQYHK,https://d2f4b68zyi14gl.cloudfront.net/USC/TR1/d3/d8/ff/50/d7/v1_UC1/UC110814621.jpg?Expires=1791206562&Signature=I4cYQvqyhUV~0YLvRoq~m1QWrXfrMEJIzYqwJfYUWwD3CZc9T4b0g2HtLIRStQ-IyuMEKIzS6ojvB7sC3~ce2Q4~-a-TkHlF9Pwb~tYvgXDr1q2v1KOLX6Mo0kBOo32QmaS83KGo7Qp~yyI7Tg0~ql46rU3CSNp7hnUaMEpFXnFdyPWuC~7r19Lz~PNnbL1-muDRpO8ewB8p5QXH7guyb~ybObtLxLTqN6FAz~FJZnP3B5oxzRIu5acOs1ZckDusiJP6yW9uyYnjx58tRTA7LynjTRbOZ2qwugJV-wNhrNXjqQDCtCDpg2QY0bYn-VlR~CToWvQ0KyX4BxIc5BNqOw__&Key-Pair-Id=K1U3QT649ZRWYA,images/previews/facsimile/UC110814621.jpg,735,1000,210507,fcfecf21eaf48af817dbf7ff7c0a989b590a96a7d41de7b42c3bfd9577bd06d4,acquired,5.781,Native public JPEG decoded; thumbnail dimensions and visual similarity checked
UC110814622,facsimile RTI capture (2013 colour photo),DSS 3Q15F Column 10 20 TIFF,10,Full,,,https://digitallibrary.usc.edu/asset-management/2A3BF1RIIQFE1,https://d2f4b68zyi14gl.cloudfront.net/USC/TR1/b1/ba/0c/00/4e/v1_UC1/UC110814622.jpg?Expires=1791206582&Signature=XaAFuZUf7kFd0RuKcut840df2OdR8A4EPmjTKI1ifIgAPH16AtXPF4kuRRK3WLUJBi99cA2xNSC40D1znvqo0mKYgypyi2zFeyQqvrLhpuDuydmPF0lByUmwqgSi6IwvuzIWwiUofxbTQycVkAp52dPxsYRZx7QwhP2UVcD2N3zqrUjIvY2rnkj7qk8iTHD1ugX-2e4jUb5Kk93P0HfPYAHKQLEk3ObTi9erzr7PEtelvAcT6C0C71rOpZvLxCBiI-an~eCPZXTjk0K~EzBdd4o-puXfZ8ewiusCgV7HQVg0qw7At0e2r7JCz3byGmdsSTvx1AadPGidVYZ2Ssc~7A__&Key-Pair-Id=K1U3QT649ZRWYA,images/previews/facsimile/UC110814622.jpg,770,1000,157493,9041736cbbde68b274b7747fd634acf8db618f64c123dafc7bd1d21dfbfd3950,acquired,4.762,Native public JPEG decoded; thumbnail dimensions and visual similarity checked
UC110814618,facsimile RTI capture (2013 colour photo),DSS 3Q15F Column 4 11 TIFF,4,Full,,,https://digitallibrary.usc.edu/asset-management/2A3BF1RIIQ8I4,https://d2f4b68zyi14gl.cloudfront.net/USC/TR1/78/10/00/19/c2/v1_UC1/UC110814618.jpg?Expires=1791206603&Signature=sdE1zRtyd4ZIzyV8Elf2i1a586-DTRDbTTsjIfi1lq~0yXU1pnMQ40SoOVfd9KlOQwWJ0-a1gAd-YRAp741S3AzsfVJuvC9fUVV28y3LjiA20zI1mlyAAkrMeUSHOsuS3flsKT-wl6yCoeGUo2zxs4mGLlDoIkcutyjtDYVjCe0fksoXG0BvPMszvlu65KOWwDzsnH4gO7JfhkAdunEB6bey~0kB~ab8t01zFh6uTbClMl38VhIaLKeVMWyMcJk9nBBTmhvRNUvWE~06A~54TZpA8EkxSn0dsDFrlGEeWSLEsQ3ZdXFTef3YceV9EabqB21k6aTzDnCpeAj~z9BTNg__&Key-Pair-Id=K1U3QT649ZRWYA,images/previews/facsimile/UC110814618.jpg,730,1000,140603,3e6d3d269802917d8d851849640b4eba47230dec3a7bff5a3ccbdab47289c11a,acquired,4.46,Native public JPEG decoded; thumbnail dimensions and visual similarity checked
UC110814619,facsimile RTI capture (2013 colour photo),DSS 3Q15F Column 6 11 TIFF,6,Full,,,https://digitallibrary.usc.edu/asset-management/2A3BF1RIIQ9OB,https://d2f4b68zyi14gl.cloudfront.net/USC/TR1/c3/bb/1d/a5/56/v1_UC1/UC110814619.jpg?Expires=1791206622&Signature=O5Kr8suoIl6v6MParYJSsSi7BYvEUf2W5WghTk-b5I8yIIbw9SusRB4mumrpb6H-28oDomRsH~2IEG5GsRL~dFsYI6qqcR-w5cPb3cdsm4B35X~yhsJBManA12FaQgNuOhV2tJOWEBXwoWGh-ilbJD~1vU~XOMhGmog6UV8g3w3-VRjq-3gB5jcYz2p~V07pv0qCwcSgC-HV8Eby3exrlL-CK1f2FsGi~fPG8o2sAYLaIu4SoRWr8NZ0OZevp0a8Ol1X3C3piQgBa4n-5oxPBLrZU-N8TT~lFaVqt-ZuaSj9kfsqFYbm2dff3nzldOJM932tLh2pzI-dhRIoWPZUDQ__&Key-Pair-Id=K1U3QT649ZRWYA,images/previews/facsimile/UC110814619.jpg,782,1000,171387,a0a6c91e7d94c4977da3dca39b365bc679de6d17192d862fe75f0f5aa241b0f9,acquired,5.241,Native public JPEG decoded; thumbnail dimensions and visual similarity checked
UC110814620,facsimile RTI capture (2013 colour photo),DSS 3Q15F Column 3 29 TIFF,3,Full,,,https://digitallibrary.usc.edu/asset-management/2A3BF1RIIQ72R,https://d2f4b68zyi14gl.cloudfront.net/USC/TR1/c6/ab/39/54/77/v1_UC1/UC110814620.jpg?Expires=1791206642&Signature=fNb6R2~X2~0NScuQORPOF7wiotCyerfNx8d1KdbCFxRXeeiQZosDQ-zFQHcIiQFCymEYjbU0XZX0~sQ~oS4RX-X7NFb4mzzwd6hLx0rBVHFjSOj0OEb1QddIWA7uwD2PRg-3qGvAXSIcL2XbAxmQO~kfw0qJE6h8sruVeqM9BkGAaGEPpNi5htyuPtQe-P1lZVaQ57lVrdc0TnK2LpOeqDY4W0Q-0ryfomIpkOFqisdGjRocuEeN66aHGg3dqWc903zYn9ZnNpux5l9pihmhVim-UEF1qTTgQykFQuiLNgY5hZAXTqGHLMZ54J8J9gSfOzfuWuhdWMmNEK5XqVPzlA__&Key-Pair-Id=K1U3QT649ZRWYA,images/previews/facsimile/UC110814620.jpg,738,1000,199063,f676526bf1bf81a17351b215aff940a176167d6aa8b8910ef0d47350a11960f1,acquired,5.757,Native public JPEG decoded; thumbnail dimensions and visual similarity checked
UC110814617,facsimile RTI capture (2013 colour photo),DSS 3Q15F Column 6 18 TIFF,6,Full,,,https://digitallibrary.usc.edu/asset-management/2A3BF1RIIQVCD,https://d2f4b68zyi14gl.cloudfront.net/USC/TR1/74/95/66/57/4e/v1_UC1/UC110814617.jpg?Expires=1791206662&Signature=eurNyTdZkIgfBBzDu7YLCdS5yhYJALKTfZifondlncw0OdaxShFhwgh0GP~Zjy-mw2bVDYDbdnTpG5O-OuuafjF2EQ8oAh6xlppf8Z9TKHu3R5fff8VfFO3oKEVqmxb1mdHpERKLyL6~LIxhMNKCS7UBRGnPyIF9kXJcqTw0dGcMQ~QSLDSTq5csmYGkzS9HKK-wW68GxXOPUq2vvYA0PYk4nq7rGRk-DpT6wYQ0YzuTQibstRuq9bUNz4ZAsBq39oSL0dcGlM7~2DBfw~AvN0WoXGv2uDY9Lv1uQFRrS1xz4OvbG4cWKb-KJscE5IPvSYQIEQhT7YPsGyztIPapdg__&Key-Pair-Id=K1U3QT649ZRWYA,images/previews/facsimile/UC110814617.jpg,782,1000,185639,14908d44e6a41d72f0145fb957f918f212040f8721328430455ad063d16a555a,acquired,5.366,Native public JPEG decoded; thumbnail dimensions and visual similarity checked
UC110814616,facsimile RTI capture (2013 colour photo),DSS 3Q15F Column 9 10 TIFF,9,Full,,,https://digitallibrary.usc.edu/asset-management/2A3BF1RIIQJZ8,https://d2f4b68zyi14gl.cloudfront.net/USC/TR1/66/51/a9/f3/0b/v1_UC1/UC110814616.jpg?Expires=1791206682&Signature=L4fNy5kFr2RVRIOEGTcD8~gGK2jta2mIa~dNK4j5yC-pO1yHwImk-TIWvliIBIOQuvkI0q02-g0JL3KmMQ4N2WsWnyLQNEOU~03L~r0t8qEpyR35iL2ANSEEUAJhBafZSTqO0V3n3J~2vxjef849tx7k3y4tr~356p7XvxCurhqAV0gnDxuxvcUb7~8v0DO02czKw5aduZFANwt7sz~ZXUjWq1Fp2ZHin1MFG12BKBnH1Vqn5rETjXPd4zodXRYFKSLZHDhGkHb67ou-FoaS~5xAtK5k92WvvEqTiO5x2AA8N3OVgMW9MH7EEIDP6ieE68zckNoGZgp3JfSUTY3W3g__&Key-Pair-Id=K1U3QT649ZRWYA,images/previews/facsimile/UC110814616.jpg,754,1000,207306,3dcd15fd8968549e256eb94a311a67465f308bd22e5551039e13af0b80e6c5f3,acquired,5.905,Native public JPEG decoded; thumbnail dimensions and visual similarity checked
UC110814615,facsimile RTI capture (2013 colour photo),DSS 3Q15F Column 11 22 TIFF,11,Full,,,https://digitallibrary.usc.edu/asset-management/2A3BF1RIIQ59I,https://d2f4b68zyi14gl.cloudfront.net/USC/TR1/8e/5e/5f/61/c1/v1_UC1/UC110814615.jpg?Expires=1791206702&Signature=nI7HdMOCtj425ey5DuZrLrNiEhyBg9BRHnCaJ~mB61uzr9FmnMoaUpDRq-oCAdMlsvP5835vtu9sjOHKlSXAfATecZXQLDbfN4xB~mraY4OOmat3otAV4KO6PmREH7Q~JGHzPl45UHxmqL3DQ72Ph0Ot~BjSro37NvqPvqsXaX4hQNB9TPcK14aYnIkNQvMKna3vheaGbtjl76pw4zYi~PlWjOHiO3sATXYfl5SbTl6zDLcJuJdYRefjU~yXIaXk8Ss8PayXI9m-LHccqb1HC8HeHk~afDAS2bzawS3oPPcLkubq1ORg8hNiqELwuEGLdGqPjWtaCwOyemWHG~jR-w__&Key-Pair-Id=K1U3QT649ZRWYA,images/previews/facsimile/UC110814615.jpg,785,1000,205964,44ffb7bac0ae4bcf91b4dfc01af2de64d34cbafed0ac9d48ec48358cd27dbe49,acquired,5.512,Native public JPEG decoded; thumbnail dimensions and visual similarity checked
UC110814614,facsimile RTI capture (2013 colour photo),DSS 3Q15F Column 4 01 TIFF,4,Full,,,https://digitallibrary.usc.edu/asset-management/2A3BF1RIIQK79,https://d2f4b68zyi14gl.cloudfront.net/USC/TR1/f5/ea/9a/e1/a5/v1_UC1/UC110814614.jpg?Expires=1791206722&Signature=ZYYvsitldR8wj-AtgUg8wzTp6kX~oiYbZMlib11yuJ8JCc1NNr7-3apRgPNU7IfjsKyqAq3GwYH1CGeeXYwQvc6GGd5knpoIomBeNahOvxuNO0CSN58ZEUyEla9tQEOO7lZXVjQmEKAHt0N~OHfQourxQPY7g1VN6G1EH4-rkVvFAM6H1eoh8h-GL~5~B5ek4qfjuBcSLDAI~BimS~GQCLMYfoAOf8evza--AnZHx9a0CTOQO5qr2yoOODt5jyZe8T64rDfzkF8dF1RxZ4~cteULMh2xdVpOiZxpHJQ8gmMl8zn8cCYmJaBPP2LKVRVdKz0dYxGQlrIK55fIiG6OMg__&Key-Pair-Id=K1U3QT649ZRWYA,images/previews/facsimile/UC110814614.jpg,730,1000,185796,b1b03b57963a850a227cc6b83a5e8a0ded2bf927a262c673b90c8a3255a1d84b,acquired,5.302,Native public JPEG decoded; thumbnail dimensions and visual similarity checked
UC110814613,facsimile RTI capture (2013 colour photo),DSS 3Q15F Column 3 Bottom 21 TIFF,3,Bottom,,,https://digitallibrary.usc.edu/asset-management/2A3BF1RIIYA8O,https://d2f4b68zyi14gl.cloudfront.net/USC/TR1/f0/ce/d2/68/54/v1_UC1/UC110814613.jpg?Expires=1791206742&Signature=PMP00GDBNHZsRKrZ~Y9kvNkSUvUTzyzkoLDPqs7kZ3EwTPXssWuofydml~ljX2SUW3xHM9x8Pih7qxS6TlkVGPJMnR2oyJTNU1j49erXj8JL7ojzilGHwiHaIzs7XhlTdWMbZ~3vxKE4bADma2PRS60EER5MygQMPY6Z5wtwTVjtpyE027EpzpVR0uICKCj4EE2IkMK~Ar5jHkUh-hQ2J8vMtwhVNxEkeHUuqYu3BAmJkw83SRFAQh9QOrF4fq7EKlJyC9zu~mNwDUeElWILZPTVCsMmN~EIYIsHLlGEVmDv9-TpLxAHP56TUiwSMwQL~LBPi0NuMn3qtBWVvggRXQ__&Key-Pair-Id=K1U3QT649ZRWYA,images/previews/facsimile/UC110814613.jpg,1000,667,191871,01227dd1e6f88dfb2d71cbc04753469c2c60eceaef12a631846e0bd1b8c2a664,acquired,5.564,Native public JPEG decoded; thumbnail dimensions and visual similarity checked
UC110814612,facsimile RTI capture (2013 colour photo),DSS 3Q15F Column 4 29 TIFF,4,Full,,,https://digitallibrary.usc.edu/asset-management/2A3BF1RIIYH72,https://d2f4b68zyi14gl.cloudfront.net/USC/TR1/12/d6/d0/76/a5/v1_UC1/UC110814612.jpg?Expires=1791206762&Signature=DwHNKFrjEOQAl1ySLx95kARNAkfg0oo55Wio6LvPcjHQ07EiM~8VjVIgKucjK2Lnk1p6URYUosRurpPwe6JIS8v7SMHSwsOLtlLHJNyOaH8IssFvNHDYMrBvumhbQty5~BVDZu1XuWobEz9DA38fXDnd77~y1L9wM29XBDjmNmnAKYo8Ck9lcsP3Y8HTqm95WuIy4D8iTbd8dt4U1OiyHL3frLvTesRHNfeQ8pwJ0ecAgc0VGLd0JnoQnH5NNbqAefftQI10xgQdA1cF1jAq3VuourOMwEYoGgWD96jU8~puW-Con--J~MsAO4iGr8lOSPZLpKg8EaHFfU0DRtm~qA__&Key-Pair-Id=K1U3QT649ZRWYA,images/previews/facsimile/UC110814612.jpg,730,1000,179031,a0b85f27e65e94c8c306ed40369424b7d3c9c157c890eba74b0afc4b8c1702e9,acquired,5.149,Native public JPEG decoded; thumbnail dimensions and visual similarity checked
UC110814605,facsimile RTI capture (2013 colour photo),DSS 3Q15F Column 11 29 TIFF,11,Full,,,https://digitallibrary.usc.edu/asset-management/2A3BF1RIIYK69,https://d2f4b68zyi14gl.cloudfront.net/USC/TR1/79/33/ea/bd/70/v1_UC1/UC110814605.jpg?Expires=1791206782&Signature=nguuZyDnApf~zgPTDp3CPwHuXtKfSarUxJgTXyjhFd-q9UAzkUpT~3ZoybMwewBv-Vbpm2ETNs2r0P1pmKCQ6BPvRo-8zS~Ni1-loxMtVq1zp0P6G6Mw1YXia8fjk9HCqjb1e3DCXyWjI8Ywwr1JDYPxI2CEZFt2fNSl-dv~AYNHwmcLja7QMuZjlkjNWJeFz80fMuedh7RwiNkFzz3pac4YCKaFKKK97fjJ3G9zOOeBYi1h~3A3fr7IBcOWbziGpv6IPpzSQKah3IBjm9P2ZK8Xqr6Vv2ueWJQiho13No5tZhAKh~Sq2EkpCP1qiRRgWAv-O-OcpTZsGhfWyQFepQ__&Key-Pair-Id=K1U3QT649ZRWYA,images/previews/facsimile/UC110814605.jpg,785,1000,221247,65420b81c99a6f59f9fd7cc6d1ae53dc2e5d2c610866092a7e9031adb3256057,acquired,5.776,Native public JPEG decoded; thumbnail dimensions and visual similarity checked
UC110814611,facsimile RTI capture (2013 colour photo),DSS 3Q15F Column 8 17 TIFF,8,Full,,,https://digitallibrary.usc.edu/asset-management/2A3BF1RIIY5EI,https://d2f4b68zyi14gl.cloudfront.net/USC/TR1/d5/0e/f9/88/4e/v1_UC1/UC110814611.jpg?Expires=1791206802&Signature=Mql1qg~q~jdBSC8U1isY-9f7f-xwFz9F-6t7~Vq1c8vWkjlr0GDMkH26yrFfLFomkN0f8Yqjh4ILYOFuyPx-q1-LN1s3LKIogPzdvbf8eJeSmTr6aUKME9mcEh3WHP3KF837U12H2q64M6IzusoQCMW2JwM0SyQrZTDeyBeM7xgjn5LAi40p1s~gmUC88ICOZfFcQDuSCBWpQC4WptcD7OYOvF-xaAvv9AKcsXXLO4~lBr4fhvJMoPVhzEW67wbgXUYMSOCOUIu2XbjLG6S-sDvXVD--7kIZS9aD-jhyCG31wvDfvFM4~lVV7xIoCoVwyBoKxftFYykrcDAWxkzVlA__&Key-Pair-Id=K1U3QT649ZRWYA,images/previews/facsimile/UC110814611.jpg,713,1000,196683,23a3d272326938dc23514decc2bea50031285ec236e27ffb1fd31972b0ca4a12,acquired,6.06,Native public JPEG decoded; thumbnail dimensions and visual similarity checked
UC110814610,facsimile RTI capture (2013 colour photo),DSS 3Q15F Column 1 13 TIFF,1,Full,,,https://digitallibrary.usc.edu/asset-management/2A3BF1RIIYXF4,https://d2f4b68zyi14gl.cloudfront.net/USC/TR1/d4/4e/38/07/3f/v1_UC1/UC110814610.jpg?Expires=1791206822&Signature=k6phS7o73pAMgVvQJO2u-TGCdFwFgpLpZRMGDjRIXpUbtdyZNpsC0tdC8kGdJ90Ecf~r5dUBwNeEhnFwevxPb3uWbIBL6OGPTErHKa9HM~NfubaF~XubIAllyaiuLsBNrvEkJYkt0rnqHIKekj5X2axfR4GTQ51Tbbt3IN0Oj62DVIAdfqql-IAygAO3xL~JxcSZuugbNJTe-ZVfq64XKwKMw9yl3bShEeJ8z~aYBbFNKfW2~Yf7lIPYrZgrWcgsRM0Nmwtzg6g6aRUyVQmBh6e~EDyUxzaISD59WD8DlftvBS5vNUxU2WInh~KYPmN7UkzuPrICfutigcHuC0Nwnw__&Key-Pair-Id=K1U3QT649ZRWYA,images/previews/facsimile/UC110814610.jpg,735,1000,208360,04418fb12f732808d187947e5529b15f984620c5c9beccde40589ac32d189857,acquired,5.783,Native public JPEG decoded; thumbnail dimensions and visual similarity checked
UC110814609,facsimile RTI capture (2013 colour photo),DSS 3Q15F Column 2 34 TIFF,2,Full,,,https://digitallibrary.usc.edu/asset-management/2A3BF1RIIY1N7,https://d2f4b68zyi14gl.cloudfront.net/USC/TR1/dc/6f/53/d3/a3/v1_UC1/UC110814609.jpg?Expires=1791206842&Signature=dFYJgk54JHe3MW6cWNuWI-r4rV1zyHWpFPzGihN3JHM7~-rjWnbc85ZDk1oPL3ggI~y10I9HYCNYWBY41YKINRAhNSdeaaltHOgP6G2H8kquxO~6t342HIF0eswpDf8Ea-xWDbIPAdB5lB5FAP--j1fL1h~mGCPhBwbKv14Mzp4h0jsXrNrgmlOGp5YxE1h4rhNBwaBQbQ6TaVnuygrZ2kH9F-UID903HgzWzCkoCUv2R4iE8iQ-jDS84nX12qpZ~LZCgKHUKp7gwwuS3X3oTeFhW1bVcGOuv0qNJkQphpppzXH-k4uU-B6hig3~W5yjPV0svtQEYK0DqzskQmkr7w__&Key-Pair-Id=K1U3QT649ZRWYA,images/previews/facsimile/UC110814609.jpg,743,1000,206574,be65fde8a1e4dff14c001891529236d973d3845ac416e03b6957e4c31bf19859,acquired,6.02,Native public JPEG decoded; thumbnail dimensions and visual similarity checked
UC110814608,facsimile RTI capture (2013 colour photo),DSS 3Q15F Column 1 Bottom 40 TIFF,1,Bottom,,,https://digitallibrary.usc.edu/asset-management/2A3BF1RIIYDVX,https://d2f4b68zyi14gl.cloudfront.net/USC/TR1/56/82/81/79/e9/v1_UC1/UC110814608.jpg?Expires=1791206862&Signature=VvBhfuIhpOW2vFzgheNXtQqUd0NPR83DP6VfkHYRiNHWPF5R2HlKj309roxjmXqTMAKbyPs7AIka7remJrdQpXKHMTMorityODlMHJvPWtKhL31TyKhXNJeKQffsZcAQpIpUxhbakqxAurBPXQI12pXhPqxrk70oRFAeMs7J-G5sTG9cU~aJD8uVG7auDFqPYvzVteYpSdm36cL8Qeoe9B6fkaYB9YumvOvGO3uzlnSVccF3~XnQH8Fe97r0ZccFUDrHTsz68WAzV-OAQ4QM22VVGKDsbwbqcEaPL73k5DVC4wMOG8aZzJb~6hGd51DuI2a7ydeEGOuhpfXafAKMyA__&Key-Pair-Id=K1U3QT649ZRWYA,images/previews/facsimile/UC110814608.jpg,1000,667,108280,c412bf0633882241275fb51accd033739e50d54c5c35299a89d9d0711e7654da,acquired,3.648,Native public JPEG decoded; thumbnail dimensions and visual similarity checked
UC110814607,facsimile RTI capture (2013 colour photo),DSS 3Q15F Column 6 07 TIFF,6,Full,,,https://digitallibrary.usc.edu/asset-management/2A3BF1RIIYNXO,https://d2f4b68zyi14gl.cloudfront.net/USC/TR1/7f/ec/55/17/67/v1_UC1/UC110814607.jpg?Expires=1791206882&Signature=meo45aaX4O8T5NemKxWhzg7Zf7wIU-dirdgfzRz5b5E7WVAz0KBDux5Y5-qNvFdQ8gHCp-qDU0~he5uHEBEgmauB1qmnUhrHc1KBJVzihV5Z6VsCBcxk~y~c0eNzOCWzBoWY~CoYvt~5QdcT5P1IEuS9417yZbm5GTsDvsmqi-AZR3wAs~bbalFLEX8OQCa7ku~NAdgzjdGn~iT1RyequsITyc7C9vWGwEaKzydoNj92sbRne5x~LnGRbP--xy2881cnOc5DmfVsCXl3o0Y8rf45B0CINPYn8KrQlCprM75Bp3Xo1euGVXPe-LDS60Pmf8mt7Y2SuxI1nx2eG8fbmA__&Key-Pair-Id=K1U3QT649ZRWYA,images/previews/facsimile/UC110814607.jpg,782,1000,201322,437b76e2b3d5134151409f7e91e784ebbf545a023726f8ddad15d227e920e232,acquired,5.628,Native public JPEG decoded; thumbnail dimensions and visual similarity checked
UC110814606,facsimile RTI capture (2013 colour photo),DSS 3Q15F Column 5 26 TIFF,5,Full,,,https://digitallibrary.usc.edu/asset-management/2A3BF1RIIYIYI,https://d2f4b68zyi14gl.cloudfront.net/USC/TR1/31/3b/17/90/f5/v1_UC1/UC110814606.jpg?Expires=1791206902&Signature=TgsS44LAzj0fsejIWSIV5ZwIv7WDoE-Mc~ioAXpBC9ZZ-M8igVwGeebg79tPRgWdgm6s32ksMyO-SC8fY~gStjEvfSumH7sS~JQspNbisRWP9nve~hCVQ9L9UjE9k48H9D92tMGHriksqWkWKCqqGltmwhuoIbd9Wl1hc56KwA8KNBQOYdXSWzbDKSwItlMN0fkZVw15V1w5gBj2W9JD-PTrg09mqU-ySX~sRfNgVPFi33RHSJWHNnWJVWpohrQAzPKmA-eyjY-hjpYoYi1A7QDcJi2tH6vAp7ysI~7nA1IS4e5elNeQCionsdGKHi1AplyX3FNgV~H5sPRFAZqvOg__&Key-Pair-Id=K1U3QT649ZRWYA,images/previews/facsimile/UC110814606.jpg,787,1000,212986,8a3609028f839242a16a2f3146a236b967b40a872423aeadf2030a28d8aec575,acquired,5.925,Native public JPEG decoded; thumbnail dimensions and visual similarity checked
UC110814604,facsimile RTI capture (2013 colour photo),DSS 3Q15F Column 11 31 TIFF,11,Full,,,https://digitallibrary.usc.edu/asset-management/2A3BF1RIIY2ZU,https://d2f4b68zyi14gl.cloudfront.net/USC/TR1/dc/82/68/26/64/v1_UC1/UC110814604.jpg?Expires=1791206923&Signature=JSz7UclZZU3F4LQkBD8JTwu94VmtT1FsRb9YvQpUJ8XvojWqkO~IkfEEcZggzRiNlGMhRmtLyNYTFIG4BWc9zKkJKRGRPwL7jBunBcmUaIq3GvPIuXBkg2Se4049yu720p6n8pL6nrLlrRWY1RUUL~rXjpPzD45XQYnsiuCQO27NJa1ugHC3pkNeeaMWlUBxpmsOxvBoWcqJnGMd083aNTgfzKbwQ1isSaDJZyQi5PiWxyQh8jmMotUTceQY3RnB232-PUlUE2eW4MVZfBIvvIIKiRcW3ieLqK3SSTJPvRgReJsLTd5cWky4qEFY0AczoNA6WQjYR3xhAgOIsr9Bpg__&Key-Pair-Id=K1U3QT649ZRWYA,images/previews/facsimile/UC110814604.jpg,785,1000,179640,78f05d9de3a3e2ecb8f90a6e83e76b935ebb6ad442b3c32b4336b3f951340383,acquired,5.192,Native public JPEG decoded; thumbnail dimensions and visual similarity checked
UC110814602,facsimile RTI capture (2013 colour photo),DSS 3Q15F Column 1 Top 03 TIFF,1,Top,,,https://digitallibrary.usc.edu/asset-management/2A3BF1RIIYJO8,https://d2f4b68zyi14gl.cloudfront.net/USC/TR1/42/f1/8a/11/79/v1_UC1/UC110814602.jpg?Expires=1791206942&Signature=G1cS7BDp9B7FTgKchKhsqIWePTEOAIspv5IqiPfG8zcXWz7PrJ-I~wrYc0o~uAw7LlltDBZMTNx~jagO6G8eJyK6sDdHlceo1pl2jet49DNXchSKMeOK2FQQXdhi5Ya7eYV0KpbW4xnDWK5ytDB~ZyvkjfPwdruAfAbyVx9-MmyA~Z~K3Gk5j7D4UmoapFLu0Cy9nngRHScU84zhgXPA77Z7WORBi92qewUgZWBHwL4cTzViynckXjGITc8~zfiegCqXj5SNYJdbhBG81a9RSxjqkbVcLhjpFl~Xi7xNwk8ILueZJ-AaJuk6qOfiH5uOls2AoxbX61Y5tU1JCjC-Og__&Key-Pair-Id=K1U3QT649ZRWYA,images/previews/facsimile/UC110814602.jpg,1000,667,198069,c95b9d5175b1c93148ea8b02288022daa40bdb7d3867e567d295321a356bff22,acquired,6.062,Native public JPEG decoded; thumbnail dimensions and visual similarity checked
UC110814603,facsimile RTI capture (2013 colour photo),DSS 3Q15F Column 12 04 TIFF,12,Full,,,https://digitallibrary.usc.edu/asset-management/2A3BF1RIIYCQP,https://d2f4b68zyi14gl.cloudfront.net/USC/TR1/14/0f/a6/b5/f6/v1_UC1/UC110814603.jpg?Expires=1791206962&Signature=b55ttsFIe4ow~zWBwq3xKlX9CPfzubIDUga5T1Pl8dqICMhnxjejPc2jWhf6U0SIdVa2bzBntmyQxb7l8LZTGdS0PFGfXDklya1AG0FsHQGMofb6dLVQLcZQ0mBzdM6h9MKQ56NbOv1u8URtS1prRWsSx25hlEuURp0rybfA~b0h48BOpBash4g3oZnR4DdFxCFnB9vQbhZfMOI-2DYGJgjkIgtGoZ1zGD3HKM0yjrvxCM6MKD62a5dTm-O6Br8FSyaFBxL6AVPvca7sbX6xb7YZxzXTuL5eQfB1COWzan5sqmTsNM79orySNTiZY3HZe46hmE9EFyNZ3ZTkfwGJ9A__&Key-Pair-Id=K1U3QT649ZRWYA,images/previews/facsimile/UC110814603.jpg,652,1000,116312,255e25067d1224d5728ffcea20818eed75b92d91ec51b0a1634193fa4b60497b,acquired,4.209,Native public JPEG decoded; thumbnail dimensions and visual similarity checked
UC110814601,facsimile RTI capture (2013 colour photo),DSS 3Q15F Column 1 Top 40 TIFF,1,Top,,,https://digitallibrary.usc.edu/asset-management/2A3BF1RIIYPSR,https://d2f4b68zyi14gl.cloudfront.net/USC/TR1/18/79/62/1d/05/v1_UC1/UC110814601.jpg?Expires=1791206982&Signature=ZRDbVmPvV8K0HKiAxm~C3MmDUuARDvw3ZybzlCfRdh7anNEWjLNTeDrzyhrXkWycDsTmz3f7DYc-8v5uQdkxF7k9oN70~jxx2bSKj3Qx5a57W2jZUwdVqjzYsDD9To~SEtl~~L354YMVUZwFNf7O9Xa16HQ4IBjWl1ab8iD5ZAW8KAf5VgarKQWGHminjvc-kq7kvxVS0vaSsT1olmrLOR6S4elMLWHvMuai8OO7RRJUBRfgYbpwuYcvq8~47EvlSwo1EVWk~uGZyhQLjakXM0paXFnRfAHi3PqdhYM65rEGGmRZPRIUqfqjTs1l2zAAouSfziCodYqnkYNfNZSWbg__&Key-Pair-Id=K1U3QT649ZRWYA,images/previews/facsimile/UC110814601.jpg,1000,667,163550,135c098e343fa698a7c5294264b6a85109f57f8229a38e3294342b1e502262b1,acquired,5.328,Native public JPEG decoded; thumbnail dimensions and visual similarity checked
UC110814600,facsimile RTI capture (2013 colour photo),DSS 3Q15F Column 11 25 TIFF,11,Full,,,https://digitallibrary.usc.edu/asset-management/2A3BF1RIIYQHB,https://d2f4b68zyi14gl.cloudfront.net/USC/TR1/40/99/16/7f/12/v1_UC1/UC110814600.jpg?Expires=1791207002&Signature=Smx1m8he8TmlgSs9gwrh5HmQNioRUOdGkpcc5fMQP5ZHxLo8H83l16vpKIFJwLKoZrEVDYD0PS4RQfT3IYSnLNJnc49-iOn46nQ3CIbrZwcMXbBzj0V9iebNQdja1IAY7pfo8R-FxCMFtDdFhRMRzEmp7upaSa~PmtWViXTOssik~VFZZ0YWq65lZ5pJ2vygP8K~ZWEZ4F-5XCDR-Etj7y-lnptkcJMVqal5Wz37zuo9evnTxgt0ynjdXWxALCGEGMoOjDyngv7~VsoKSJfSpgk6gxjssqfwlOXnGZlA7aEEsd8CDF6YUUq3Rul3dQmZJv5rtl2vceJtzSK1EZyG1w__&Key-Pair-Id=K1U3QT649ZRWYA,images/previews/facsimile/UC110814600.jpg,785,1000,222996,88a33d212dc36ba61cc94927beb01e681a8fba0514eb4165703ec472827938a2,acquired,5.789,Native public JPEG decoded; thumbnail dimensions and visual similarity checked
UC110814599,facsimile RTI capture (2013 colour photo),DSS 3Q15F Column 6 29 TIFF,6,Full,,,https://digitallibrary.usc.edu/asset-management/2A3BF1RIIYVID,https://d2f4b68zyi14gl.cloudfront.net/USC/TR1/5c/bf/bb/e7/44/v1_UC1/UC110814599.jpg?Expires=1791207022&Signature=ekPOZKLQmglq8YSuFiaUKzz4aM69LgFQHMk1GXmkg634OA1N9IbL17Rn0WdluRGq4Xs5mkcjJ0BckqtMd7Mof1nTirMyr1hum0~QwbrHcGCp88YJca2LUmp-syQLjC9s2XHxZrYVCh25muCu5OLZpkhOLyarq14Lw7G4RHrwQQHzsZCGxnOOCmppsFxEjfrUv414XsOm0Jfju5gQVTb06vdTzA6iqt~~7jGNjlLkY5PTi5GNVRIjy9-10PRhf-2MNQkfJCwPhlikqRHFn~v3828DIqoP6AIivjn8GEZYXSIJwr6AZIaIlFp3nATw5tk~RTRWpBznqsks-NFFg9AALw__&Key-Pair-Id=K1U3QT649ZRWYA,images/previews/facsimile/UC110814599.jpg,782,1000,220020,69c14bc8f9cb2632df7ffd815edc8babd0962d91a08d9a59be5cd5619fcdfc11,acquired,6.087,Native public JPEG decoded; thumbnail dimensions and visual similarity checked
UC110814598,facsimile RTI capture (2013 colour photo),DSS 3Q15F Column 1 Bottom 03 TIFF,1,Bottom,,,https://digitallibrary.usc.edu/asset-management/2A3BF1RIIY7JR,https://d2f4b68zyi14gl.cloudfront.net/USC/TR1/a8/bd/66/a6/35/v1_UC1/UC110814598.jpg?Expires=1791207042&Signature=pjug~rjWy-CS701MLI6nimFQml-J7CT4tlfpavk7PxRdZh9Ccz73RZfDwK2Zgyy0RbZbRAokmEHET943pDCbm5HEjJC9ABk1BoEemQ3Oqnhssm7hgZw82x0e8ZZIOtRtJVQ6esuBhUzrNI2t90oj3XysrI7bBgv3dtHJOlQPmv~RxdEEM1cyj~BU5UqgpOS~Y0VhaW4~eccRDdXNGf47TIBD3ic7GhYJa31dI2BOnNdQE8EHxq5V318~-8b2ZvvWRbZAPQnKmt4DEQ53osMW1wBWXukjsvsnXTLI9x8Pjro0N4bOdY6xhEE2ZhgCmZ1NwhKX1LHDFJKgxN88vc2v5A__&Key-Pair-Id=K1U3QT649ZRWYA,images/previews/facsimile/UC110814598.jpg,1000,667,162264,71f107d8c985683fc541dabf631f39c597c985a1d993cfed7c82626992c288ff,acquired,5.349,Native public JPEG decoded; thumbnail dimensions and visual similarity checked
UC110814597,facsimile RTI capture (2013 colour photo),DSS 3Q15F Column 1 Top 08 TIFF,1,Top,,,https://digitallibrary.usc.edu/asset-management/2A3BF1RIIYZRQ,https://d2f4b68zyi14gl.cloudfront.net/USC/TR1/bf/dd/a2/8e/2a/v1_UC1/UC110814597.jpg?Expires=1791207062&Signature=MDSIA3Z4n6IpQRASX2qy0oTPqruiYnXkiurmcGIspJHd~jBmXz8NYLMTzja7Ao4-o9qa5VA6cs-wwNCcwTXOoezqMDeA370K26nhedphsfyU4u24eVTwyDCaElddXOMBO2nEDlseDg3SomeCdZHPx55qq~z1QaCsEo5pU7nhI5O-gY8rmpLg7NetZYOuLVqaUM8xDOUCBkl~nXIJrVjDhv0Cn0hT17Hu2gI394eRK29cRYIbFsuuyRAGVVJuro~jpm99rRVHWtqJ3Rihyr6CdA~5Nek2LVmF5fFfAwxWMzRYS2hBbx2HYNepekSay9a2ib9H2g93e-X8fl3Z7XKoKA__&Key-Pair-Id=K1U3QT649ZRWYA,images/previews/facsimile/UC110814597.jpg,1000,667,153087,77edfd8a450b15952078ae77f4d25e91b879d360608e8ea16c737e4a65d33bee,acquired,5.23,Native public JPEG decoded; thumbnail dimensions and visual similarity checked
UC110814596,facsimile RTI capture (2013 colour photo),DSS 3Q15F Column 4 07 TIFF,4,Full,,,https://digitallibrary.usc.edu/asset-management/2A3BF1RIIYUC9,https://d2f4b68zyi14gl.cloudfront.net/USC/TR1/73/a1/f7/17/43/v1_UC1/UC110814596.jpg?Expires=1791207082&Signature=ia~0NVsccnvfeWjfeD6TVZlAvQo6nLw7VClbUQSaWxWI6AHy~xUrTz~AVdzjZ-y5DaWHlweydK~l4NrxySvZhcWTQ~sMvOIeial2J4unGJGrM~~4ENVy3xyuxjA4KTQzvfLNChwUXwCKVqJGvRWrTyndzRLoKgqEl4noCmsBiC3Age-jys2SPbJOFRyc25oOwHOH6pT~JM2vJCc1sMB0jFgr6b6pn7wt04GuqI0DFqUs6w6r~qymZ-6nZd6IJPrmhxJQZ2zv5MSGjfiCfQ6CQS2ZoGiRPWqqHh6WD1wNYNCmfTGeIS5EhMBWDckmON3PwZ9k2xzHfToedRoU4WFiLA__&Key-Pair-Id=K1U3QT649ZRWYA,images/previews/facsimile/UC110814596.jpg,730,1000,148909,dd9ca9f3df5487ece357013d943b32925980ba3e701ee1b531ff1c720408ed60,acquired,4.492,Native public JPEG decoded; thumbnail dimensions and visual similarity checked
UC110814595,facsimile RTI capture (2013 colour photo),DSS 3Q15F Column 4 28 TIFF,4,Full,,,https://digitallibrary.usc.edu/asset-management/2A3BF1RIIYG25,https://d2f4b68zyi14gl.cloudfront.net/USC/TR1/81/8a/eb/4d/c7/v1_UC1/UC110814595.jpg?Expires=1791207102&Signature=c6m3Lfak08SV-SgTEP2j5~wZLo1GaDtNQSeHBCP7fencd4N191r3GHKRg0114aFK5y0k-7beTLGBspuseIqrmCmGg~r-YGmmiqFAn3ZFUz3BloITPlThNCUkjm1E4PM9DMxIcJ9lIgtgjPeRbekzmoe84P38ip-A~BsHH6mywEpc1FEZZ3q5oYISLlMFbzOY3ojhIu3AWHe-8ABEKp0IUBn3j~Em8TENSp96RPORgj31RquD2~7wLDe911lsZpkkUBeGv9SHpEPr-hRgAtyxuxNHd5psvZQL~PGOx6gxtSJKs4uwzTtl~B~4Rn~2DkKb6pGop8WHFfG3hJuo8HqbZQ__&Key-Pair-Id=K1U3QT649ZRWYA,images/previews/facsimile/UC110814595.jpg,730,1000,115279,0d3f4041df41f3d6b17d5e4b162e7738db599dc02ec6d991c2b7fdeb0be62b71,acquired,3.702,Native public JPEG decoded; thumbnail dimensions and visual similarity checked
UC110814592,facsimile RTI capture (2013 colour photo),DSS 3Q15F Column 2 Bottom 10 TIFF,2,Bottom,,,https://digitallibrary.usc.edu/asset-management/2A3BF1RIIYMP2,https://d2f4b68zyi14gl.cloudfront.net/USC/TR1/73/6f/e0/f3/62/v1_UC1/UC110814592.jpg?Expires=1791207122&Signature=fpGEyybVU3CMs-rHsCSy9hBECegxe295HioqwnHTFbrKBfc0REjsmYWqiyHt-ST00pAz2jSzjBRmCQdql89oBynWG8PVDi31KDlGBZ4XUxShVaMJDcqESQNH0x-xxKrG8W7ksAatat5~MHGtZ1Ln~s9ciH7ASFu-s0UFAK1KQUNERVfVp1hWbFgzxsG0rQGj-Q9HaQjR7NpW2W4LC8E6lTYYQxv-jFIrE23FPKsSUaGU5-RjtMGtw0Fy55bo7xju35VjPTtjnlext6DKNJ71JFGP8X6zx6HfDMErWIlJ~HJfbLjwulkgQvZqAC3qxEilpEbzAhDcto9RTZp1kXfeyA__&Key-Pair-Id=K1U3QT649ZRWYA,images/previews/facsimile/UC110814592.jpg,1000,667,104982,6ec289d6d06f0db90d7df176c91e343861e5a464f4e5f0733b32a394efe5eb83,acquired,3.497,Native public JPEG decoded; thumbnail dimensions and visual similarity checked
UC110814593,facsimile RTI capture (2013 colour photo),DSS 3Q15F Column 2 Bottom 09 TIFF,2,Bottom,,,https://digitallibrary.usc.edu/asset-management/2A3BF1RIIYOTW,https://d2f4b68zyi14gl.cloudfront.net/USC/TR1/ad/59/ac/cb/60/v1_UC1/UC110814593.jpg?Expires=1791207142&Signature=B5fTc6BrlxzbTQJL5Ww3ld4v3qqAnh7w5QUiZ6Op02l5hFiNKzVCmabQ~qYLUQ2QleNqZqLbG9JriRTaoWIBX4Gyo9fBPSO9btqR3dUMFBqacAIWp82CQuNJwYQTKHwrvPswuSfvGd~mQl5BvDDMIllKQpCGM8QyUDa26eNbDO7kGmDtcxpOzSHIp5AY07F6o5yNzxSXY3oqbKeVTqE9ZKbfAje-czgZkY8GCxul0G8YgrCuU8LWyO6Rz-6GyafScOQ0uMrCBEhtsrw5Ap9u2AEdx6v2P33C~7dvsrJw~b7wPynuujlB-Liwd0uev-9O73V1swGY3PM~rsZ6UmAnYA__&Key-Pair-Id=K1U3QT649ZRWYA,images/previews/facsimile/UC110814593.jpg,1000,667,147120,46e96b075ed7932025f74a173bb1fe0e834f9ee08ebace7e73a63c62ca645b18,acquired,4.799,Native public JPEG decoded; thumbnail dimensions and visual similarity checked
UC110814594,facsimile RTI capture (2013 colour photo),DSS 3Q15F Column 6 05 TIFF,6,Full,,,https://digitallibrary.usc.edu/asset-management/2A3BF1RIIY4LU,https://d2f4b68zyi14gl.cloudfront.net/USC/TR1/ac/1d/b8/4d/e3/v1_UC1/UC110814594.jpg?Expires=1791207162&Signature=KkXm0UlcXTmH3qfCnWcuLoFkc-1SlcOwyKIDmQczToKgcWntijKCck36KjQjBRPaiEEI7yO6RSo6O8vQrAApsipYtas6RRHmbaU4P-xYE-JnTk~OX9q18DTSGKmjErPwucQjAj5rHBUtrtkWMR9RHcTs~-reXRBqMeN3fqwruUye03f0n~G6A0nKgEqJeymueE4kupkYif5vFJokDyjW1DkY3wOilt4vTSaU9TYre2jzPjQoVNYOGsZTg8HFF9pJJXk0bKqOBXIaHKsPqpl2w9WKEh53Nl8gOzqDYDssXssLse6oSU~WCwuiI8JeT9b3IVHGZRT8ALlZNz21EOuSqQ__&Key-Pair-Id=K1U3QT649ZRWYA,images/previews/facsimile/UC110814594.jpg,782,1000,229546,c1b23390c659809da6f824f6523a3becee20d485b8d21ae5d5e3b243af340dbf,acquired,6.295,Native public JPEG decoded; thumbnail dimensions and visual similarity checked
UC110814588,facsimile RTI capture (2013 colour photo),DSS 3Q15F Column 1 17 TIFF,1,Full,,,https://digitallibrary.usc.edu/asset-management/2A3BF1RIIYBGW,https://d2f4b68zyi14gl.cloudfront.net/USC/TR1/08/af/6b/33/26/v1_UC1/UC110814588.jpg?Expires=1791207182&Signature=RX09gbDBhLJwS1tpawv8Mp6KRuT-VGlsTdw9fB~glIDiRIqVHhz6fGP9XKQuRpF8F4VcYxAEYNcLpcwuGiUWL2qOhmoonXa9ySr6cwP9ZGS1EFeNDNYM42CBjTwehIeOWic0-si2EU9Hdi49sts7yfOguvwhuCTnkrwFBT-yDflhPJ9xGnsD8GnqWTwJKhqy-ODPExzZKkIeAGQuxykNatk-BNoBoQABKyPKW6DwZuYseIh4QmaBYqJWNq482D0DXAvoaACuAnIxUgWUAnRZnO6RyhPKW1v2X6N43t9VOjoSVybknGmz8-UzEVCrEJOfuhv40dwu7ErxdLAq6-gkIQ__&Key-Pair-Id=K1U3QT649ZRWYA,images/previews/facsimile/UC110814588.jpg,735,1000,205250,9d7a287c087746e9ab3e1352f25c6eacc4547a4896c072174534d1f33529f89e,acquired,5.677,Native public JPEG decoded; thumbnail dimensions and visual similarity checked
UC110814589,facsimile RTI capture (2013 colour photo),DSS 3Q15F Column 1 35 TIFF,1,Full,,,https://digitallibrary.usc.edu/asset-management/2A3BF1RIIYYKK,https://d2f4b68zyi14gl.cloudfront.net/USC/TR1/0b/6a/70/0a/7d/v1_UC1/UC110814589.jpg?Expires=1791207202&Signature=dBvJ88ggvFWgUrSwH3MD6V-6vnhUB00Wn6MObqP~N0KBDfqJ~7kAE48Cfsj9aHjWJvuBqHJ04Jh6McEuc0EDC~Mo3qlHB~P5E1mgW3dY692VeCzTNFPGv079BK8XEk6qTvlIT7U0dpw1rBFKP4S0MiH7gJxO0bTSCOrSOPng79fH1uZph9rFZpjBQr0nAnTl-WgBy71NiKCoUXSElFBEvnDvyjpwGsqh3goGEdvEtMscODRpSz1X9j96imignzfvOBBptmkmepRfmG63Mzb061y6Sw9o8qmWER8~b5XTwt1Tjs7t5LjoGAWy44tqHTl02wyqZKfDNBShm9eEfOkXfg__&Key-Pair-Id=K1U3QT649ZRWYA,images/previews/facsimile/UC110814589.jpg,735,1000,174614,21357714166437f02136de871485e8cae93fb2b33a9f51ee009f5eb055861697,acquired,5.173,Native public JPEG decoded; thumbnail dimensions and visual similarity checked
UC110814591,facsimile RTI capture (2013 colour photo),DSS 3Q15F Column 3 25 TIFF,3,Full,,,https://digitallibrary.usc.edu/asset-management/2A3BF1RIIY3W1,https://d2f4b68zyi14gl.cloudfront.net/USC/TR1/22/ca/17/86/11/v1_UC1/UC110814591.jpg?Expires=1791207222&Signature=PAA-Vp2IX4bBUeVLPQ0rrz7FQ0XmMdIqS9Zxom7mZKd0TQxIykdhhzjLZY75~aUIQe9S4iQcXdzXrQEvFzXsDkOHlKBU-kL0KthuhpzycABi5t6kVIyjAEEW1Z3yWhzxe3HPU2F7S7viN9aA7UPD4pPmlndpsW4wad2c0JeP8g5cqczkdZgeP5qbVlQfcWu2MM86c-zpZvfd1Hm6BDOsgmp9hTWkQrCBFp9DM7g~yygPMMlFsGfw0QIC22o277lY85pbDiBVTbTx-Q-nkY3rr3-0ojMc7aOl1vPXlCArYXwAyKfTyO~4~h7rrtB3KqfPm5LU~fJT7sIz6CZy2kxJAA__&Key-Pair-Id=K1U3QT649ZRWYA,images/previews/facsimile/UC110814591.jpg,738,1000,197272,3f93022ea27bfaa7408060b739c195c2f8161a39809cad741695acf9a1298359,acquired,5.684,Native public JPEG decoded; thumbnail dimensions and visual similarity checked
UC110814590,facsimile RTI capture (2013 colour photo),DSS 3Q15F Column 1 20 TIFF,1,Full,,,https://digitallibrary.usc.edu/asset-management/2A3BF1RIIYSB8,https://d2f4b68zyi14gl.cloudfront.net/USC/TR1/ac/bd/16/ef/49/v1_UC1/UC110814590.jpg?Expires=1791207243&Signature=i19dwosDOcwhyMo7ggc53-d9dGe3i8ZXEPRphbTrllCd64LbT0rGzBwMkUhP3tSJZX4~wEuE-R-iqtqDa2-BWfqMd17ZTtdDxgIdJX5V0wDsct41s7G0zkXBOjGFss-1~TPcGwzTy5D-0aWQ6oPwF379xKdrvULs1W7b8-~MBDHYPwKgqV9zRuVFncRn-ziUJ02716KgwgJtYYsvQ8Hyh6UgirpZB~jFz7DL~qLi4yxiG7p5eCQ54T6I2OTwpnN-Vivn-4n1wDbbephfXi~JXww7BnK6R0xfXdcXFMN~SLA4KpYddgtNnaGyHBWCEgnzJu8scbdRviFiFDLJr8gh~A__&Key-Pair-Id=K1U3QT649ZRWYA,images/previews/facsimile/UC110814590.jpg,735,1000,138135,40846daff4afb898ecc1960a6000413353e2d72e7c3d8d5262da1c6ecd04e49b,acquired,4.181,Native public JPEG decoded; thumbnail dimensions and visual similarity checked
UC110814587,facsimile RTI capture (2013 colour photo),DSS 3Q15F Column 5 17 TIFF,5,Full,,,https://digitallibrary.usc.edu/asset-management/2A3BF1RIIYT45,https://d2f4b68zyi14gl.cloudfront.net/USC/TR1/77/32/bc/52/44/v1_UC1/UC110814587.jpg?Expires=1791207262&Signature=fhKR96HXkkJ3WHMZec3sl5IOnz7H03eJTMR2wMcSYrCOc2bvIr-V-I0VpfMFCgTZZy4CDIgPRAnk9lkv7zwbSgdGWmp7~~akAYkWP5llPT2-qQh5imKrXkxW0u7J~~14nvYzTgm-gDIjuzxkqK~Zx5atUQRuD2o6HzxLRxxOkR1iLi-yyMMhLkHOHt8QwgatITAGsOB3-LnsM-aYSS6-NMQf21y~mWyedfmkpRyXOwSb-ykmsEtfYUFnSzAfDULBQUV92wAreyA0vA9qHYUoA2An67D6y2ny7qsGYnbTHJ98se77oFrYn8sUS2GfZF6ji9ii~uuCUdZZANyd3qUdMA__&Key-Pair-Id=K1U3QT649ZRWYA,images/previews/facsimile/UC110814587.jpg,787,1000,229200,69458fd4a90d4729cdd2939d15c31eb142e64c06f5e547e2532e150ab3f60a8f,acquired,6.2,Native public JPEG decoded; thumbnail dimensions and visual similarity checked
UC110814586,facsimile RTI capture (2013 colour photo),DSS 3Q15F Column 3 02 TIFF,3,Full,,,https://digitallibrary.usc.edu/asset-management/2A3BF1RIIYW0X,https://d2f4b68zyi14gl.cloudfront.net/USC/TR1/5b/fb/5c/e1/84/v1_UC1/UC110814586.jpg?Expires=1791207282&Signature=Q8R9jkboAOw9WAFreFcdoUqX1xdkU4IXZIaWMpVIqv4PU4JJNLd70npv2Y6rWab1y1-92RJqcvYiO1flZ6qONG4bx6LCPsswJ10C5gYJ3zbDh5u9CZT9hZQwTalPhJ3FryoIQeXUjGEKplGE1-y2POPyLBmkNDzg0a04xmmGabfamg6rkDTWgT4fb08OvXijbcglLAbejcxA0tBD0kz4QVT3DZIPTUOwQCyNuT0~QZ84tEtLX3l8c8KEDTo7WzGe3NONzQWZBIzdSDQ3DlWHAmInVXIfHS6nhZClsQ2mGgxP6o0N5GwhJ-NjfpYjPgPIj8PJxeeCJm7FUSr3nZcR8w__&Key-Pair-Id=K1U3QT649ZRWYA,images/previews/facsimile/UC110814586.jpg,738,1000,185135,57e69eaa46cd1ff84cd42790c89b046ee16c2e5988376752b628ac7822fa5068,acquired,5.418,Native public JPEG decoded; thumbnail dimensions and visual similarity checked
UC110814585,facsimile RTI capture (2013 colour photo),DSS 3Q15F Column 10 24 TIFF,10,Full,,,https://digitallibrary.usc.edu/asset-management/2A3BF1RIIYRA7,,,,,,,pending,,Not yet acquired; browser pass in progress
UC110814583,facsimile RTI capture (2013 colour photo),DSS 3Q15F Column 3 Bottom 37 TIFF,3,Bottom,,,https://digitallibrary.usc.edu/asset-management/2A3BF1RIIYEUK,,,,,,,pending,,Not yet acquired; browser pass in progress
UC110814582,facsimile RTI capture (2013 colour photo),DSS 3Q15F Column 1 Bottom 19 TIFF,1,Bottom,,,https://digitallibrary.usc.edu/asset-management/2A3BF1RIIY69P,,,,,,,pending,,Not yet acquired; browser pass in progress
UC110814581,facsimile RTI capture (2013 colour photo),DSS 3Q15F Column 11 01 TIFF,11,Full,,,https://digitallibrary.usc.edu/asset-management/2A3BF1RIIY834,,,,,,,pending,,Not yet acquired; browser pass in progress
UC110814579,facsimile RTI capture (2013 colour photo),DSS 3Q15F Column 1 Top 45 TIFF,1,Top,,,https://digitallibrary.usc.edu/asset-management/2A3BF1RIIY9MB,,,,,,,pending,,Not yet acquired; browser pass in progress
UC110814578,facsimile RTI capture (2013 colour photo),DSS 3Q15F Column 3 10 TIFF,3,Full,,,https://digitallibrary.usc.edu/asset-management/2A3BF1RIIYFD1,,,,,,,pending,,Not yet acquired; browser pass in progress
UC110814577,facsimile RTI capture (2013 colour photo),DSS 3Q15F Column 12 30 TIFF,12,Full,,,https://digitallibrary.usc.edu/asset-management/2A3BF1RII06UP,,,,,,,pending,,Not yet acquired; browser pass in progress
UC110814576,facsimile RTI capture (2013 colour photo),DSS 3Q15F Column 11 30 TIFF,11,Full,,,https://digitallibrary.usc.edu/asset-management/2A3BF1RII05VI,,,,,,,pending,,Not yet acquired; browser pass in progress
UC110814574,facsimile RTI capture (2013 colour photo),DSS 3Q15F Column 2 04 TIFF,2,Full,,,https://digitallibrary.usc.edu/asset-management/2A3BF1RII0D3X,,,,,,,pending,,Not yet acquired; browser pass in progress
UC110814572,facsimile RTI capture (2013 colour photo),DSS 3Q15F Column 2 11 TIFF,2,Full,,,https://digitallibrary.usc.edu/asset-management/2A3BF1RII0RL7,,,,,,,pending,,Not yet acquired; browser pass in progress
UC110814573,facsimile RTI capture (2013 colour photo),DSS 3Q15F Column 6 14 TIFF,6,Full,,,https://digitallibrary.usc.edu/asset-management/2A3BF1RII02TU,,,,,,,pending,,Not yet acquired; browser pass in progress
UC110814570,facsimile RTI capture (2013 colour photo),DSS 3Q15F Column 12 07 TIFF,12,Full,,,https://digitallibrary.usc.edu/asset-management/2A3BF1RII0Z4Q,,,,,,,pending,,Not yet acquired; browser pass in progress
UC110814569,facsimile RTI capture (2013 colour photo),DSS 3Q15F Column 1 30 TIFF,1,Full,,,https://digitallibrary.usc.edu/asset-management/2A3BF1RII0WFX,,,,,,,pending,,Not yet acquired; browser pass in progress
UC110814568,facsimile RTI capture (2013 colour photo),DSS 3Q15F Column 5 16 TIFF,5,Full,,,https://digitallibrary.usc.edu/asset-management/2A3BF1RII0OSW,,,,,,,pending,,Not yet acquired; browser pass in progress
UC110814567,facsimile RTI capture (2013 colour photo),DSS 3Q15F Column 3 14 TIFF,3,Full,,,https://digitallibrary.usc.edu/asset-management/2A3BF1RII0MQ2,,,,,,,pending,,Not yet acquired; browser pass in progress
UC110814564,facsimile RTI capture (2013 colour photo),DSS 3Q15F Column 2 Bottom 08 TIFF,2,Bottom,,,https://digitallibrary.usc.edu/asset-management/2A3BF1RII0Q6B,,,,,,,pending,,Not yet acquired; browser pass in progress
UC110814563,facsimile RTI capture (2013 colour photo),DSS 3Q15F Column 3 35 TIFF,3,Full,,,https://digitallibrary.usc.edu/asset-management/2A3BF1RII03X1,,,,,,,pending,,Not yet acquired; browser pass in progress
UC110814551,facsimile RTI capture (2013 colour photo),DSS 3Q15F Column 7 34 TIFF,7,Full,,,https://digitallibrary.usc.edu/asset-management/2A3BF1RII0I0I,,,,,,,pending,,Not yet acquired; browser pass in progress
UC110814561,facsimile RTI capture (2013 colour photo),DSS 3Q15F Column 3 01 TIFF,3,Full,,,https://digitallibrary.usc.edu/asset-management/2A3BF1RII0JP8,,,,,,,pending,,Not yet acquired; browser pass in progress
UC110814558,facsimile RTI capture (2013 colour photo),DSS 3Q15F Column 12 05 TIFF,12,Full,,,https://digitallibrary.usc.edu/asset-management/2A3BF1RII0CKP,,,,,,,pending,,Not yet acquired; browser pass in progress
UC110814559,facsimile RTI capture (2013 colour photo),DSS 3Q15F Column 3 Bottom 40 TIFF,3,Bottom,,,https://digitallibrary.usc.edu/asset-management/2A3BF1RII0PHR,,,,,,,pending,,Not yet acquired; browser pass in progress
UC110814560,facsimile RTI capture (2013 colour photo),DSS 3Q15F Column 2 24 TIFF,2,Full,,,https://digitallibrary.usc.edu/asset-management/2A3BF1RII0BJW,,,,,,,pending,,Not yet acquired; browser pass in progress
UC110814557,facsimile RTI capture (2013 colour photo),DSS 3Q15F Column 9 05 TIFF,9,Full,,,https://digitallibrary.usc.edu/asset-management/2A3BF1RII07MR,,,,,,,pending,,Not yet acquired; browser pass in progress
UC110814556,facsimile RTI capture (2013 colour photo),DSS 3Q15F Column 8 23 TIFF,8,Full,,,https://digitallibrary.usc.edu/asset-management/2A3BF1RII00DD,,,,,,,pending,,Not yet acquired; browser pass in progress
UC110814555,facsimile RTI capture (2013 colour photo),DSS 3Q15F Column 1 Top 32 TIFF,1,Top,,,https://digitallibrary.usc.edu/asset-management/2A3BF1RII0NRO,,,,,,,pending,,Not yet acquired; browser pass in progress
UC110814552,facsimile RTI capture (2013 colour photo),DSS 3Q15F Column 7 23 TIFF,7,Full,,,https://digitallibrary.usc.edu/asset-management/2A3BF1RII0H92,,,,,,,pending,,Not yet acquired; browser pass in progress
UC110814554,facsimile RTI capture (2013 colour photo),DSS 3Q15F Column 3 Bottom 07 TIFF,3,Bottom,,,https://digitallibrary.usc.edu/asset-management/2A3BF1RII0S78,,,,,,,pending,,Not yet acquired; browser pass in progress
UC110814550,facsimile RTI capture (2013 colour photo),DSS 3Q15F Column 6 22 TIFF,6,Full,,,https://digitallibrary.usc.edu/asset-management/2A3BF1RII0XA4,,,,,,,pending,,Not yet acquired; browser pass in progress
UC110814547,facsimile RTI capture (2013 colour photo),DSS 3Q15F Column 8 32 TIFF,8,Full,,,https://digitallibrary.usc.edu/asset-management/2A3BF1RII0VWD,,,,,,,pending,,Not yet acquired; browser pass in progress
UC110814545,facsimile RTI capture (2013 colour photo),DSS 3Q15F Column 9 28 TIFF,9,Full,,,https://digitallibrary.usc.edu/asset-management/2A3BF1RII0EIK,,,,,,,pending,,Not yet acquired; browser pass in progress
UC110814544,facsimile RTI capture (2013 colour photo),DSS 3Q15F Column 12 36 TIFF,12,Full,,,https://digitallibrary.usc.edu/asset-management/2A3BF1RII01Z7,,,,,,,pending,,Not yet acquired; browser pass in progress
UC110814543,facsimile RTI capture (2013 colour photo),DSS 3Q15F Column 6 20 TIFF,6,Full,,,https://digitallibrary.usc.edu/asset-management/2A3BF1RII0A1O,,,,,,,pending,,Not yet acquired; browser pass in progress
UC110814541,facsimile RTI capture (2013 colour photo),DSS 3Q15F Column 2 Bottom 20 TIFF,2,Bottom,,,https://digitallibrary.usc.edu/asset-management/2A3BF1RIINSK8,,,,,,,pending,,Not yet acquired; browser pass in progress
UC110814533,facsimile RTI capture (2013 colour photo),DSS 3Q15F Column 5 35 TIFF,5,Full,,,https://digitallibrary.usc.edu/asset-management/2A3BF1RIINXT4,,,,,,,pending,,Not yet acquired; browser pass in progress
UC110814539,facsimile RTI capture (2013 colour photo),DSS 3Q15F Column 7 26 TIFF,7,Full,,,https://digitallibrary.usc.edu/asset-management/2A3BF1RIINRS7,,,,,,,pending,,Not yet acquired; browser pass in progress
UC110814540,facsimile RTI capture (2013 colour photo),DSS 3Q15F Column 3 Bottom 36 TIFF,3,Bottom,,,https://digitallibrary.usc.edu/asset-management/2A3BF1RIINOCW,,,,,,,pending,,Not yet acquired; browser pass in progress
UC110814537,facsimile RTI capture (2013 colour photo),DSS 3Q15F Column 3 Bottom 27 TIFF,3,Bottom,,,https://digitallibrary.usc.edu/asset-management/2A3BF1RIIN7ER,,,,,,,pending,,Not yet acquired; browser pass in progress
UC110814538,facsimile RTI capture (2013 colour photo),DSS 3Q15F Column 6 19 TIFF,6,Full,,,https://digitallibrary.usc.edu/asset-management/2A3BF1RIIN4HU,,,,,,,pending,,Not yet acquired; browser pass in progress
UC110814535,facsimile RTI capture (2013 colour photo),DSS 3Q15F Column 1 Top 17 TIFF,1,Top,,,https://digitallibrary.usc.edu/asset-management/2A3BF1RIINJU8,,,,,,,pending,,Not yet acquired; browser pass in progress
UC110814534,facsimile RTI capture (2013 colour photo),DSS 3Q15F Column 8 24 TIFF,8,Full,,,https://digitallibrary.usc.edu/asset-management/2A3BF1RIIN1J7,,,,,,,pending,,Not yet acquired; browser pass in progress
UC110814531,facsimile RTI capture (2013 colour photo),DSS 3Q15F Column 2 Bottom 11 TIFF,2,Bottom,,,https://digitallibrary.usc.edu/asset-management/2A3BF1RIIN9VB,,,,,,,pending,,Not yet acquired; browser pass in progress
UC110814529,facsimile RTI capture (2013 colour photo),DSS 3Q15F Column 2 Bottom 45 TIFF,2,Bottom,,,https://digitallibrary.usc.edu/asset-management/2A3BF1RIIN321,,,,,,,pending,,Not yet acquired; browser pass in progress
UC110814525,facsimile RTI capture (2013 colour photo),DSS 3Q15F Column 1 Top 30 TIFF,1,Top,,,https://digitallibrary.usc.edu/asset-management/2A3BF1RIINL7Q,,,,,,,pending,,Not yet acquired; browser pass in progress
UC110814526,facsimile RTI capture (2013 colour photo),DSS 3Q15F Column 11 06 TIFF,11,Full,,,https://digitallibrary.usc.edu/asset-management/2A3BF1RIIN5AI,,,,,,,pending,,Not yet acquired; browser pass in progress
UC110814524,facsimile RTI capture (2013 colour photo),DSS 3Q15F Column 4 19 TIFF,4,Full,,,https://digitallibrary.usc.edu/asset-management/2A3BF1RIIN6DP,,,,,,,pending,,Not yet acquired; browser pass in progress
UC110814520,facsimile RTI capture (2013 colour photo),DSS 3Q15F Column 3 Bottom 13 TIFF,3,Bottom,,,https://digitallibrary.usc.edu/asset-management/2A3BF1RIINV1D,,,,,,,pending,,Not yet acquired; browser pass in progress
UC110814523,facsimile RTI capture (2013 colour photo),DSS 3Q15F Column 10 19 TIFF,10,Full,,,https://digitallibrary.usc.edu/asset-management/2A3BF1RIINU39,,,,,,,pending,,Not yet acquired; browser pass in progress
UC110814522,facsimile RTI capture (2013 colour photo),DSS 3Q15F Column 3 17 TIFF,3,Full,,,https://digitallibrary.usc.edu/asset-management/2A3BF1RIINQ0B,,,,,,,pending,,Not yet acquired; browser pass in progress
UC110814518,facsimile RTI capture (2013 colour photo),DSS 3Q15F Column 9 20 TIFF,9,Full,,,https://digitallibrary.usc.edu/asset-management/2A3BF1RIINKF9,,,,,,,pending,,Not yet acquired; browser pass in progress
UC110814519,facsimile RTI capture (2013 colour photo),DSS 3Q15F Column 3 Bottom 38 TIFF,3,Bottom,,,https://digitallibrary.usc.edu/asset-management/2A3BF1RIINNOO,,,,,,,pending,,Not yet acquired; browser pass in progress
UC110814517,facsimile RTI capture (2013 colour photo),DSS 3Q15F Column 3 Bottom 18 TIFF,3,Bottom,,,https://digitallibrary.usc.edu/asset-management/2A3BF1RIING95,,,,,,,pending,,Not yet acquired; browser pass in progress
UC110814513,facsimile RTI capture (2013 colour photo),DSS 3Q15F Column 11 35 TIFF,11,Full,,,https://digitallibrary.usc.edu/asset-management/2A3BF1RIINCWP,,,,,,,pending,,Not yet acquired; browser pass in progress
UC110814514,facsimile RTI capture (2013 colour photo),DSS 3Q15F Column 10 36 TIFF,10,Full,,,https://digitallibrary.usc.edu/asset-management/2A3BF1RIIN2MU,,,,,,,pending,,Not yet acquired; browser pass in progress
UC110814512,facsimile RTI capture (2013 colour photo),DSS 3Q15F Column 1 Bottom 25 TIFF,1,Bottom,,,https://digitallibrary.usc.edu/asset-management/2A3BF1RIINPYR,,,,,,,pending,,Not yet acquired; browser pass in progress
UC110814509,facsimile RTI capture (2013 colour photo),DSS 3Q15F Column 9 15 TIFF,9,Full,,,https://digitallibrary.usc.edu/asset-management/2A3BF1RIINABO,,,,,,,pending,,Not yet acquired; browser pass in progress
UC110814510,facsimile RTI capture (2013 colour photo),DSS 3Q15F Column 4 24 TIFF,4,Full,,,https://digitallibrary.usc.edu/asset-management/2A3BF1RIINF41,,,,,,,pending,,Not yet acquired; browser pass in progress
UC110814507,facsimile RTI capture (2013 colour photo),DSS 3Q15F Column 1 31 TIFF,1,Full,,,https://digitallibrary.usc.edu/asset-management/2A3BF1RIINTQ5,,,,,,,pending,,Not yet acquired; browser pass in progress
UC110814505,facsimile RTI capture (2013 colour photo),DSS 3Q15F Column 8 28 TIFF,8,Full,,,https://digitallibrary.usc.edu/asset-management/2A3BF1RIILMD2,,,,,,,pending,,Not yet acquired; browser pass in progress
UC110814504,facsimile RTI capture (2013 colour photo),DSS 3Q15F Column 9 35 TIFF,9,Full,,,https://digitallibrary.usc.edu/asset-management/2A3BF1RIIL3B1,,,,,,,pending,,Not yet acquired; browser pass in progress
UC110814503,facsimile RTI capture (2013 colour photo),DSS 3Q15F Column 3 09 TIFF,3,Full,,,https://digitallibrary.usc.edu/asset-management/2A3BF1RIIL1H7,,,,,,,pending,,Not yet acquired; browser pass in progress
UC110814498,facsimile RTI capture (2013 colour photo),DSS 3Q15F Column 2 Bottom 34 TIFF,2,Bottom,,,https://digitallibrary.usc.edu/asset-management/2A3BF1RIIL26U,,,,,,,pending,,Not yet acquired; browser pass in progress
UC110814500,facsimile RTI capture (2013 colour photo),DSS 3Q15F Column 8 34 TIFF,8,Full,,,https://digitallibrary.usc.edu/asset-management/2A3BF1RIILQ3B,,,,,,,pending,,Not yet acquired; browser pass in progress
UC110814502,facsimile RTI capture (2013 colour photo),DSS 3Q15F Column 12 16 TIFF,12,Full,,,https://digitallibrary.usc.edu/asset-management/2A3BF1RIILOEW,,,,,,,pending,,Not yet acquired; browser pass in progress
UC110814499,facsimile RTI capture (2013 colour photo),DSS 3Q15F Column 10 25 TIFF,10,Full,,,https://digitallibrary.usc.edu/asset-management/2A3BF1RIILHW2,,,,,,,pending,,Not yet acquired; browser pass in progress
UC110814497,facsimile RTI capture (2013 colour photo),DSS 3Q15F Column 4 14 TIFF,4,Full,,,https://digitallibrary.usc.edu/asset-management/2A3BF1RIIL4CU,,,,,,,pending,,Not yet acquired; browser pass in progress
UC110814495,facsimile RTI capture (2013 colour photo),DSS 3Q15F Column 2 28 TIFF,2,Full,,,https://digitallibrary.usc.edu/asset-management/2A3BF1RIILKN9,,,,,,,pending,,Not yet acquired; browser pass in progress
UC110814493,facsimile RTI capture (2013 colour photo),DSS 3Q15F Column 9 32 TIFF,9,Full,,,https://digitallibrary.usc.edu/asset-management/2A3BF1RIILDTX,,,,,,,pending,,Not yet acquired; browser pass in progress
UC110814492,facsimile RTI capture (2013 colour photo),DSS 3Q15F Column 8 10 TIFF,8,Full,,,https://digitallibrary.usc.edu/asset-management/2A3BF1RIIL8S4,,,,,,,pending,,Not yet acquired; browser pass in progress
UC110814490,facsimile RTI capture (2013 colour photo),DSS 3Q15F Column 6 16 TIFF,6,Full,,,https://digitallibrary.usc.edu/asset-management/2A3BF1RIILTU5,,,,,,,pending,,Not yet acquired; browser pass in progress
UC110814489,facsimile RTI capture (2013 colour photo),DSS 3Q15F Column 3 16 TIFF,3,Full,,,https://digitallibrary.usc.edu/asset-management/2A3BF1RIIL6XP,,,,,,,pending,,Not yet acquired; browser pass in progress
UC110814488,facsimile RTI capture (2013 colour photo),DSS 3Q15F Column 3 Bottom 43 TIFF,3,Bottom,,,https://digitallibrary.usc.edu/asset-management/2A3BF1RIILRM7,,,,,,,pending,,Not yet acquired; browser pass in progress
UC110814487,facsimile RTI capture (2013 colour photo),DSS 3Q15F Column 1 Top 10 TIFF,1,Top,,,https://digitallibrary.usc.edu/asset-management/2A3BF1RIILY1K,,,,,,,pending,,Not yet acquired; browser pass in progress
UC110814485,facsimile RTI capture (2013 colour photo),DSS 3Q15F Column 3 Bottom 06 TIFF,3,Bottom,,,https://digitallibrary.usc.edu/asset-management/2A3BF1RIIL5ZI,,,,,,,pending,,Not yet acquired; browser pass in progress
UC110814484,facsimile RTI capture (2013 colour photo),DSS 3Q15F Column 5 05 TIFF,5,Full,,,https://digitallibrary.usc.edu/asset-management/2A3BF1RIILUA9,,,,,,,pending,,Not yet acquired; browser pass in progress
UC110814482,facsimile RTI capture (2013 colour photo),DSS 3Q15F Column 10 26 TIFF,10,Full,,,https://digitallibrary.usc.edu/asset-management/2A3BF1RIILLQQ,,,,,,,pending,,Not yet acquired; browser pass in progress
UC110814481,facsimile RTI capture (2013 colour photo),DSS 3Q15F Column 3 Bottom 15 TIFF,3,Bottom,,,https://digitallibrary.usc.edu/asset-management/2A3BF1RIILSI8,,,,,,,pending,,Not yet acquired; browser pass in progress
UC110814479,facsimile RTI capture (2013 colour photo),DSS 3Q15F Column 4 20 TIFF,4,Full,,,https://digitallibrary.usc.edu/asset-management/2A3BF1RIILV4D,,,,,,,pending,,Not yet acquired; browser pass in progress
UC110814478,facsimile RTI capture (2013 colour photo),DSS 3Q15F Column 3 03 TIFF,3,Full,,,https://digitallibrary.usc.edu/asset-management/2A3BF1RIILBYW,,,,,,,pending,,Not yet acquired; browser pass in progress
UC110814476,facsimile RTI capture (2013 colour photo),DSS 3Q15F Column 10 17 TIFF,10,Full,,,https://digitallibrary.usc.edu/asset-management/2A3BF1RIILC8P,,,,,,,pending,,Not yet acquired; browser pass in progress
UC110814471,facsimile RTI capture (2013 colour photo),DSS 3Q15F Column 2 Bottom 44 TIFF,2,Bottom,,,https://digitallibrary.usc.edu/asset-management/2A3BF1RIILN7O,,,,,,,pending,,Not yet acquired; browser pass in progress
UC110814474,facsimile RTI capture (2013 colour photo),DSS 3Q15F Column 1 Top 23 TIFF,1,Top,,,https://digitallibrary.usc.edu/asset-management/2A3BF1RIILPVR,,,,,,,pending,,Not yet acquired; browser pass in progress
UC110814475,facsimile RTI capture (2013 colour photo),DSS 3Q15F Column 1 Bottom 33 TIFF,1,Bottom,,,https://digitallibrary.usc.edu/asset-management/2A3BF1RIILXJ4,,,,,,,pending,,Not yet acquired; browser pass in progress
UC110814473,facsimile RTI capture (2013 colour photo),DSS 3Q15F Column 2 Bottom 07 TIFF,2,Bottom,,,https://digitallibrary.usc.edu/asset-management/2A3BF1RIILJ58,,,,,,,pending,,Not yet acquired; browser pass in progress
UC110814469,facsimile RTI capture (2013 colour photo),DSS 3Q15F Column 4 30 TIFF,4,Full,,,https://digitallibrary.usc.edu/asset-management/2A3BF1RIILGK5,,,,,,,pending,,Not yet acquired; browser pass in progress
UC110814470,facsimile RTI capture (2013 colour photo),DSS 3Q15F Column 1 Bottom 18 TIFF,1,Bottom,,,https://digitallibrary.usc.edu/asset-management/2A3BF1RIIFGP5,,,,,,,pending,,Not yet acquired; browser pass in progress
UC110814467,facsimile RTI capture (2013 colour photo),DSS 3Q15F Column 9 31 TIFF,9,Full,,,https://digitallibrary.usc.edu/asset-management/2A3BF1RIIFEWK,,,,,,,pending,,Not yet acquired; browser pass in progress
UC110814465,facsimile RTI capture (2013 colour photo),DSS 3Q15F Column 1 Top 38 TIFF,1,Top,,,https://digitallibrary.usc.edu/asset-management/2A3BF1RIIFDNX,,,,,,,pending,,Not yet acquired; browser pass in progress
UC110814464,facsimile RTI capture (2013 colour photo),DSS 3Q15F Column 8 21 TIFF,8,Full,,,https://digitallibrary.usc.edu/asset-management/2A3BF1RIIF8Z4,,,,,,,pending,,Not yet acquired; browser pass in progress
UC110814466,facsimile RTI capture (2013 colour photo),DSS 3Q15F Column 9 29 TIFF,9,Full,,,https://digitallibrary.usc.edu/asset-management/2A3BF1RIIF4JU,,,,,,,pending,,Not yet acquired; browser pass in progress
UC110814463,facsimile RTI capture (2013 colour photo),DSS 3Q15F Column 2 Bottom 03 TIFF,2,Bottom,,,https://digitallibrary.usc.edu/asset-management/2A3BF1RIIFOHW,,,,,,,pending,,Not yet acquired; browser pass in progress
UC110814461,facsimile RTI capture (2013 colour photo),DSS 3Q15F Column 4 09 TIFF,4,Full,,,https://digitallibrary.usc.edu/asset-management/2A3BF1RIIFXL4,,,,,,,pending,,Not yet acquired; browser pass in progress
UC110814458,facsimile RTI capture (2013 colour photo),DSS 3Q15F Column 2 Bottom 30 TIFF,2,Bottom,,,https://digitallibrary.usc.edu/asset-management/2A3BF1RIIFC5P,,,,,,,pending,,Not yet acquired; browser pass in progress
UC110814459,facsimile RTI capture (2013 colour photo),DSS 3Q15F Column 9 01 TIFF,9,Full,,,https://digitallibrary.usc.edu/asset-management/2A3BF1RIIF08D,,,,,,,pending,,Not yet acquired; browser pass in progress
UC110814454,facsimile RTI capture (2013 colour photo),DSS 3Q15F Column 2 Bottom 26 TIFF,2,Bottom,,,https://digitallibrary.usc.edu/asset-management/2A3BF1RIIFU09,,,,,,,pending,,Not yet acquired; browser pass in progress
UC110814449,facsimile RTI capture (2013 colour photo),DSS 3Q15F Column 2 31 TIFF,2,Full,,,https://digitallibrary.usc.edu/asset-management/2A3BF1RIIFS98,,,,,,,pending,,Not yet acquired; browser pass in progress
UC110814452,facsimile RTI capture (2013 colour photo),DSS 3Q15F Column 1 Top 29 TIFF,1,Top,,,https://digitallibrary.usc.edu/asset-management/2A3BF1RIIFWAX,,,,,,,pending,,Not yet acquired; browser pass in progress
UC110814453,facsimile RTI capture (2013 colour photo),DSS 3Q15F Column 7 11 TIFF,7,Full,,,https://digitallibrary.usc.edu/asset-management/2A3BF1RIIFYDK,,,,,,,pending,,Not yet acquired; browser pass in progress
UC110814445,facsimile RTI capture (2013 colour photo),DSS 3Q15F Column 1 Bottom 05 TIFF,1,Bottom,,,https://digitallibrary.usc.edu/asset-management/2A3BF1RIIFQEB,,,,,,,pending,,Not yet acquired; browser pass in progress
UC110814451,facsimile RTI capture (2013 colour photo),DSS 3Q15F Column 3 27 TIFF,3,Full,,,https://digitallibrary.usc.edu/asset-management/2A3BF1RIIF7CR,,,,,,,pending,,Not yet acquired; browser pass in progress
UC110814447,facsimile RTI capture (2013 colour photo),DSS 3Q15F Column 1 Bottom 11 TIFF,1,Bottom,,,https://digitallibrary.usc.edu/asset-management/2A3BF1RIIF9YB,,,,,,,pending,,Not yet acquired; browser pass in progress
UC110814448,facsimile RTI capture (2013 colour photo),DSS 3Q15F Column 2 Bottom 05 TIFF,2,Bottom,,,https://digitallibrary.usc.edu/asset-management/2A3BF1RIIFF11,,,,,,,pending,,Not yet acquired; browser pass in progress
UC110814444,facsimile RTI capture (2013 colour photo),DSS 3Q15F Column 8 08 TIFF,8,Full,,,https://digitallibrary.usc.edu/asset-management/2A3BF1RIIFZBQ,,,,,,,pending,,Not yet acquired; browser pass in progress
UC110814446,facsimile RTI capture (2013 colour photo),DSS 3Q15F Column 1 36 TIFF,1,Full,,,https://digitallibrary.usc.edu/asset-management/2A3BF1RIIF6IP,,,,,,,pending,,Not yet acquired; browser pass in progress
UC110814443,facsimile RTI capture (2013 colour photo),DSS 3Q15F Column 4 05 TIFF,4,Full,,,https://digitallibrary.usc.edu/asset-management/2A3BF1RIIFHU2,,,,,,,pending,,Not yet acquired; browser pass in progress
UC110814440,facsimile RTI capture (2013 colour photo),DSS 3Q15F Column 2 36 TIFF,2,Full,,,https://digitallibrary.usc.edu/asset-management/2A3BF1RIIFBMW,,,,,,,pending,,Not yet acquired; browser pass in progress
UC110814439,facsimile RTI capture (2013 colour photo),DSS 3Q15F Column 9 25 TIFF,9,Full,,,https://digitallibrary.usc.edu/asset-management/2A3BF1RIIF3R1,,,,,,,pending,,Not yet acquired; browser pass in progress
UC110814436,facsimile RTI capture (2013 colour photo),DSS 3Q15F Column 2 25 TIFF,2,Full,,,https://digitallibrary.usc.edu/asset-management/2A3BF1RIIFLOQ,,,,,,,pending,,Not yet acquired; browser pass in progress
UC110814435,facsimile RTI capture (2013 colour photo),DSS 3Q15F Column 4 06 TIFF,4,Full,,,https://digitallibrary.usc.edu/asset-management/2A3BF1RIIFA2O,,,,,,,pending,,Not yet acquired; browser pass in progress
UC110814434,facsimile RTI capture (2013 colour photo),DSS 3Q15F Column 9 34 TIFF,9,Full,,,https://digitallibrary.usc.edu/asset-management/2A3BF1RII1PIR,,,,,,,pending,,Not yet acquired; browser pass in progress
UC110814433,facsimile RTI capture (2013 colour photo),DSS 3Q15F Column 8 31 TIFF,8,Full,,,https://digitallibrary.usc.edu/asset-management/2A3BF1RII1W2X,,,,,,,pending,,Not yet acquired; browser pass in progress
UC110814432,facsimile RTI capture (2013 colour photo),DSS 3Q15F Column 7 08 TIFF,7,Full,,,https://digitallibrary.usc.edu/asset-management/2A3BF1RII1NJO,,,,,,,pending,,Not yet acquired; browser pass in progress
UC110814427,facsimile RTI capture (2013 colour photo),DSS 3Q15F Column 1 Top 24 TIFF,1,Top,,,https://digitallibrary.usc.edu/asset-management/2A3BF1RII1ZMQ,,,,,,,pending,,Not yet acquired; browser pass in progress
UC110814425,facsimile RTI capture (2013 colour photo),DSS 3Q15F Column 2 Bottom 04 TIFF,2,Bottom,,,https://digitallibrary.usc.edu/asset-management/2A3BF1RII1JE8,,,,,,,pending,,Not yet acquired; browser pass in progress
UC110814426,facsimile RTI capture (2013 colour photo),DSS 3Q15F Column 5 32 TIFF,5,Full,,,https://digitallibrary.usc.edu/asset-management/2A3BF1RII1TC5,,,,,,,pending,,Not yet acquired; browser pass in progress
UC110814424,facsimile RTI capture (2013 colour photo),DSS 3Q15F Column 3 26 TIFF,3,Full,,,https://digitallibrary.usc.edu/asset-management/2A3BF1RII175R,,,,,,,pending,,Not yet acquired; browser pass in progress
UC110814422,facsimile RTI capture (2013 colour photo),DSS 3Q15F Column 1 12 TIFF,1,Full,,,https://digitallibrary.usc.edu/asset-management/2A3BF1RII15RI,,,,,,,pending,,Not yet acquired; browser pass in progress
UC110814421,facsimile RTI capture (2013 colour photo),DSS 3Q15F Column 1 11 TIFF,1,Full,,,https://digitallibrary.usc.edu/asset-management/2A3BF1RII1VLD,,,,,,,pending,,Not yet acquired; browser pass in progress
UC110814418,facsimile RTI capture (2013 colour photo),DSS 3Q15F Column 10 09 TIFF,10,Full,,,https://digitallibrary.usc.edu/asset-management/2A3BF1RII13G1,,,,,,,pending,,Not yet acquired; browser pass in progress
UC110814416,facsimile RTI capture (2013 colour photo),DSS 3Q15F Column 9 22 TIFF,9,Full,,,https://digitallibrary.usc.edu/asset-management/2A3BF1RII10ZD,,,,,,,pending,,Not yet acquired; browser pass in progress
UC110814417,facsimile RTI capture (2013 colour photo),DSS 3Q15F Column 4 31 TIFF,4,Full,,,https://digitallibrary.usc.edu/asset-management/2A3BF1RII14QU,,,,,,,pending,,Not yet acquired; browser pass in progress
UC110814420,facsimile RTI capture (2013 colour photo),DSS 3Q15F Column 2 06 TIFF,2,Full,,,https://digitallibrary.usc.edu/asset-management/2A3BF1RII1ASO,,,,,,,pending,,Not yet acquired; browser pass in progress
UC110814415,facsimile RTI capture (2013 colour photo),DSS 3Q15F Column 9 13 TIFF,9,Full,,,https://digitallibrary.usc.edu/asset-management/2A3BF1RII1KX9,,,,,,,pending,,Not yet acquired; browser pass in progress
UC110814414,facsimile RTI capture (2013 colour photo),DSS 3Q15F Column 10 31 TIFF,10,Full,,,https://digitallibrary.usc.edu/asset-management/2A3BF1RII1D4X,,,,,,,pending,,Not yet acquired; browser pass in progress
UC110814413,facsimile RTI capture (2013 colour photo),DSS 3Q15F Column 6 31 TIFF,6,Full,,,https://digitallibrary.usc.edu/asset-management/2A3BF1RII1EAK,,,,,,,pending,,Not yet acquired; browser pass in progress
UC110814412,facsimile RTI capture (2013 colour photo),DSS 3Q15F Column 1 Bottom 10 TIFF,1,Bottom,,,https://digitallibrary.usc.edu/asset-management/2A3BF1RII1C3P,,,,,,,pending,,Not yet acquired; browser pass in progress
UC110814411,facsimile RTI capture (2013 colour photo),DSS 3Q15F Column 11 19 TIFF,11,Full,,,https://digitallibrary.usc.edu/asset-management/2A3BF1RII1YNK,,,,,,,pending,,Not yet acquired; browser pass in progress
UC110814409,facsimile RTI capture (2013 colour photo),DSS 3Q15F Column 6 12 TIFF,6,Full,,,https://digitallibrary.usc.edu/asset-management/2A3BF1RII1BKW,,,,,,,pending,,Not yet acquired; browser pass in progress
UC110814407,facsimile RTI capture (2013 colour photo),DSS 3Q15F Column 11 10 TIFF,11,Full,,,https://digitallibrary.usc.edu/asset-management/2A3BF1RII1U89,,,,,,,pending,,Not yet acquired; browser pass in progress
UC110814405,facsimile RTI capture (2013 colour photo),DSS 3Q15F Column 7 03 TIFF,7,Full,,,https://digitallibrary.usc.edu/asset-management/2A3BF1RII1G65,,,,,,,pending,,Not yet acquired; browser pass in progress
UC110814402,facsimile RTI capture (2013 colour photo),DSS 3Q15F Column 3 Bottom 34 TIFF,3,Bottom,,,https://digitallibrary.usc.edu/asset-management/2A3BF1RII1QWB,,,,,,,pending,,Not yet acquired; browser pass in progress
UC110814403,facsimile RTI capture (2013 colour photo),DSS 3Q15F Column 3 Bottom 23 TIFF,3,Bottom,,,https://digitallibrary.usc.edu/asset-management/2A3BF1RII1RP7,,,,,,,pending,,Not yet acquired; browser pass in progress
UC110814400,facsimile RTI capture (2013 colour photo),DSS 3Q15F Column 1 Bottom 22 TIFF,1,Bottom,,,https://digitallibrary.usc.edu/asset-management/2A3BF1RII1FT1,,,,,,,pending,,Not yet acquired; browser pass in progress
UC110814401,facsimile RTI capture (2013 colour photo),DSS 3Q15F Column 1 Bottom 15 TIFF,1,Bottom,,,https://digitallibrary.usc.edu/asset-management/2A3BF1RII1OUW,,,,,,,pending,,Not yet acquired; browser pass in progress
UC110814399,facsimile RTI capture (2013 colour photo),DSS 3Q15F Column 12 14 TIFF,12,Full,,,https://digitallibrary.usc.edu/asset-management/2A3BF1RII129U,,,,,,,pending,,Not yet acquired; browser pass in progress
UC110814398,facsimile RTI capture (2013 colour photo),DSS 3Q15F Column 10 05 TIFF,10,Full,,,https://digitallibrary.usc.edu/asset-management/2A3BF1RIIVZ2Q,,,,,,,pending,,Not yet acquired; browser pass in progress
UC110814397,facsimile RTI capture (2013 colour photo),DSS 3Q15F Column 8 16 TIFF,8,Full,,,https://digitallibrary.usc.edu/asset-management/2A3BF1RIIVCUP,,,,,,,pending,,Not yet acquired; browser pass in progress
UC110814396,facsimile RTI capture (2013 colour photo),DSS 3Q15F Column 3 28 TIFF,3,Full,,,https://digitallibrary.usc.edu/asset-management/2A3BF1RIIVIVI,,,,,,,pending,,Not yet acquired; browser pass in progress
UC110814394,facsimile RTI capture (2013 colour photo),DSS 3Q15F Column 8 02 TIFF,8,Full,,,https://digitallibrary.usc.edu/asset-management/2A3BF1RIIVW3X,,,,,,,pending,,Not yet acquired; browser pass in progress
UC110814395,facsimile RTI capture (2013 colour photo),DSS 3Q15F Column 12 11 TIFF,12,Full,,,https://digitallibrary.usc.edu/asset-management/2A3BF1RIIV1L7,,,,,,,pending,,Not yet acquired; browser pass in progress
UC110814393,facsimile RTI capture (2013 colour photo),DSS 3Q15F Column 7 01 TIFF,7,Full,,,https://digitallibrary.usc.edu/asset-management/2A3BF1RIIV4TU,,,,,,,pending,,Not yet acquired; browser pass in progress
UC110814392,facsimile RTI capture (2013 colour photo),DSS 3Q15F Column 5 25 TIFF,5,Full,,,https://digitallibrary.usc.edu/asset-management/2A3BF1RIIVXN4,,,,,,,pending,,Not yet acquired; browser pass in progress
UC110814391,facsimile RTI capture (2013 colour photo),DSS 3Q15F Column 11 15 TIFF,11,Full,,,https://digitallibrary.usc.edu/asset-management/2A3BF1RIIVL4Q,,,,,,,pending,,Not yet acquired; browser pass in progress
UC110814390,facsimile RTI capture (2013 colour photo),DSS 3Q15F Column 6 33 TIFF,6,Full,,,https://digitallibrary.usc.edu/asset-management/2A3BF1RIIVDFX,,,,,,,pending,,Not yet acquired; browser pass in progress
UC110814388,facsimile RTI capture (2013 colour photo),DSS 3Q15F Column 4 12 TIFF,4,Full,,,https://digitallibrary.usc.edu/asset-management/2A3BF1RIIVBSW,,,,,,,pending,,Not yet acquired; browser pass in progress
UC110814386,facsimile RTI capture (2013 colour photo),DSS 3Q15F Column 2 Bottom 43 TIFF,2,Bottom,,,https://digitallibrary.usc.edu/asset-management/2A3BF1RIIVE5K,,,,,,,pending,,Not yet acquired; browser pass in progress
UC110814384,facsimile RTI capture (2013 colour photo),DSS 3Q15F Column 2 29 TIFF,2,Full,,,https://digitallibrary.usc.edu/asset-management/2A3BF1RIIVUE9,,,,,,,pending,,Not yet acquired; browser pass in progress
UC110814380,facsimile RTI capture (2013 colour photo),DSS 3Q15F Column 2 35 TIFF,2,Full,,,https://digitallibrary.usc.edu/asset-management/2A3BF1RIIVQCB,,,,,,,pending,,Not yet acquired; browser pass in progress
UC110814382,facsimile RTI capture (2013 colour photo),DSS 3Q15F Column 7 17 TIFF,7,Full,,,https://digitallibrary.usc.edu/asset-management/2A3BF1RIIV50I,,,,,,,pending,,Not yet acquired; browser pass in progress
UC110814379,facsimile RTI capture (2013 colour photo),DSS 3Q15F Column 6 03 TIFF,6,Full,,,https://digitallibrary.usc.edu/asset-management/2A3BF1RIIVSP8,,,,,,,pending,,Not yet acquired; browser pass in progress
UC110814371,facsimile RTI capture (2013 colour photo),DSS 3Q15F Column 3 Bottom 20 TIFF,3,Bottom,,,https://digitallibrary.usc.edu/asset-management/2A3BF1RIIV7HR,,,,,,,pending,,Not yet acquired; browser pass in progress
UC110814306,facsimile RTI capture (2013 colour photo),DSS 3Q15F Column 1 04 TIFF,1,Full,,,https://digitallibrary.usc.edu/asset-management/2A3BF1RIIVOJW,,,,,,,pending,,Not yet acquired; browser pass in progress
UC110814308,facsimile RTI capture (2013 colour photo),DSS 3Q15F Column 9 21 TIFF,9,Full,,,https://digitallibrary.usc.edu/asset-management/2A3BF1RIIVPMR,,,,,,,pending,,Not yet acquired; browser pass in progress
UC110814376,facsimile RTI capture (2013 colour photo),DSS 3Q15F Column 5 03 TIFF,5,Full,,,https://digitallibrary.usc.edu/asset-management/2A3BF1RIIVVDD,,,,,,,pending,,Not yet acquired; browser pass in progress
UC110814377,facsimile RTI capture (2013 colour photo),DSS 3Q15F Column 1 18 TIFF,1,Full,,,https://digitallibrary.usc.edu/asset-management/2A3BF1RIIVARO,,,,,,,pending,,Not yet acquired; browser pass in progress
UC110814374,facsimile RTI capture (2013 colour photo),DSS 3Q15F Column 2 Bottom 17 TIFF,2,Bottom,,,https://digitallibrary.usc.edu/asset-management/2A3BF1RIIVM92,,,,,,,pending,,Not yet acquired; browser pass in progress
UC110814375,facsimile RTI capture (2013 colour photo),DSS 3Q15F Column 12 32 TIFF,12,Full,,,https://digitallibrary.usc.edu/asset-management/2A3BF1RIIVJ78,,,,,,,pending,,Not yet acquired; browser pass in progress
UC110814307,facsimile RTI capture (2013 colour photo),DSS 3Q15F Column 7 30 TIFF,7,Full,,,https://digitallibrary.usc.edu/asset-management/2A3BF1RIIV8A4,,,,,,,pending,,Not yet acquired; browser pass in progress
UC110814305,facsimile RTI capture (2013 colour photo),DSS 3Q15F Column 12 26 TIFF,12,Full,,,https://digitallibrary.usc.edu/asset-management/2A3BF1RIIV2GU,,,,,,,pending,,Not yet acquired; browser pass in progress
UC110814304,facsimile RTI capture (2013 colour photo),DSS 3Q15F Column 6 26 TIFF,6,Full,,,https://digitallibrary.usc.edu/asset-management/2A3BF1RIIVTO5,,,,,,,pending,,Not yet acquired; browser pass in progress
UC110814302,facsimile RTI capture (2013 colour photo),DSS 3Q15F Column 1 Top 19 TIFF,1,Top,,,https://digitallibrary.usc.edu/asset-management/2A3BF1RIIVN1O,,,,,,,pending,,Not yet acquired; browser pass in progress
UC110814301,facsimile RTI capture (2013 colour photo),DSS 3Q15F Column 1 Bottom 16 TIFF,1,Bottom,,,https://digitallibrary.usc.edu/asset-management/2A3BF1RIIV381,,,,,,,pending,,Not yet acquired; browser pass in progress
UC110814298,facsimile RTI capture (2013 colour photo),DSS 3Q15F Column 1 Bottom 37 TIFF,1,Bottom,,,https://digitallibrary.usc.edu/asset-management/2A3BF1RIIGN9O,,,,,,,pending,,Not yet acquired; browser pass in progress
UC110814297,facsimile RTI capture (2013 colour photo),DSS 3Q15F Column 3 Bottom 25 TIFF,3,Bottom,,,https://digitallibrary.usc.edu/asset-management/2A3BF1RIIGOVW,,,,,,,pending,,Not yet acquired; browser pass in progress
UC110814286,facsimile RTI capture (2013 colour photo),DSS 3Q15F Column 12 33 TIFF,12,Full,,,https://digitallibrary.usc.edu/asset-management/2A3BF1RIIGKZ9,,,,,,,pending,,Not yet acquired; browser pass in progress
UC110814296,facsimile RTI capture (2013 colour photo),DSS 3Q15F Column 10 18 TIFF,10,Full,,,https://digitallibrary.usc.edu/asset-management/2A3BF1RIIGP3R,,,,,,,pending,,Not yet acquired; browser pass in progress
UC110814295,facsimile RTI capture (2013 colour photo),DSS 3Q15F Column 2 Bottom 28 TIFF,2,Bottom,,,https://digitallibrary.usc.edu/asset-management/2A3BF1RIIG6RP,,,,,,,pending,,Not yet acquired; browser pass in progress
UC110814290,facsimile RTI capture (2013 colour photo),DSS 3Q15F Column 2 27 TIFF,2,Full,,,https://digitallibrary.usc.edu/asset-management/2A3BF1RIIGB0W,,,,,,,pending,,Not yet acquired; browser pass in progress
UC110814289,facsimile RTI capture (2013 colour photo),DSS 3Q15F Column 1 07 TIFF,1,Full,,,https://digitallibrary.usc.edu/asset-management/2A3BF1RIIG5TI,,,,,,,pending,,Not yet acquired; browser pass in progress
UC110814294,facsimile RTI capture (2013 colour photo),DSS 3Q15F Column 1 Bottom 35 TIFF,1,Bottom,,,https://digitallibrary.usc.edu/asset-management/2A3BF1RIIGFP1,,,,,,,pending,,Not yet acquired; browser pass in progress
UC110814291,facsimile RTI capture (2013 colour photo),DSS 3Q15F Column 10 16 TIFF,10,Full,,,https://digitallibrary.usc.edu/asset-management/2A3BF1RIIGLKQ,,,,,,,pending,,Not yet acquired; browser pass in progress
UC110814293,facsimile RTI capture (2013 colour photo),DSS 3Q15F Column 1 Top 16 TIFF,1,Top,,,https://digitallibrary.usc.edu/asset-management/2A3BF1RIIG8H4,,,,,,,pending,,Not yet acquired; browser pass in progress
UC110814292,facsimile RTI capture (2013 colour photo),DSS 3Q15F Column 2 Bottom 13 TIFF,2,Bottom,,,https://digitallibrary.usc.edu/asset-management/2A3BF1RIIG167,,,,,,,pending,,Not yet acquired; browser pass in progress
UC110814288,facsimile RTI capture (2013 colour photo),DSS 3Q15F Column 8 14 TIFF,8,Full,,,https://digitallibrary.usc.edu/asset-management/2A3BF1RIIGSW8,,,,,,,pending,,Not yet acquired; browser pass in progress
UC110814287,facsimile RTI capture (2013 colour photo),DSS 3Q15F Column 10 10 TIFF,10,Full,,,https://digitallibrary.usc.edu/asset-management/2A3BF1RIIGXM4,,,,,,,pending,,Not yet acquired; browser pass in progress
UC110814285,facsimile RTI capture (2013 colour photo),DSS 3Q15F Column 5 27 TIFF,5,Full,,,https://digitallibrary.usc.edu/asset-management/2A3BF1RIIGE4K,,,,,,,pending,,Not yet acquired; browser pass in progress
UC110814284,facsimile RTI capture (2013 colour photo),DSS 3Q15F Column 2 Bottom 35 TIFF,2,Bottom,,,https://digitallibrary.usc.edu/asset-management/2A3BF1RIIG4YU,,,,,,,pending,,Not yet acquired; browser pass in progress
UC110814278,facsimile RTI capture (2013 colour photo),DSS 3Q15F Column 4 16 TIFF,4,Full,,,https://digitallibrary.usc.edu/asset-management/2A3BF1RIIGG55,,,,,,,pending,,Not yet acquired; browser pass in progress
UC110814275,facsimile RTI capture (2013 colour photo),DSS 3Q15F Column 8 07 TIFF,8,Full,,,https://digitallibrary.usc.edu/asset-management/2A3BF1RIIGHX2,,,,,,,pending,,Not yet acquired; browser pass in progress
UC110814274,facsimile RTI capture (2013 colour photo),DSS 3Q15F Column 3 Bottom 10 TIFF,3,Bottom,,,https://digitallibrary.usc.edu/asset-management/2A3BF1RIIG371,,,,,,,pending,,Not yet acquired; browser pass in progress
UC110814271,facsimile RTI capture (2013 colour photo),DSS 3Q15F Column 2 Bottom 29 TIFF,2,Bottom,,,https://digitallibrary.usc.edu/asset-management/2A3BF1RIIGVBD,,,,,,,pending,,Not yet acquired; browser pass in progress
UC110814276,facsimile RTI capture (2013 colour photo),DSS 3Q15F Column 7 09 TIFF,7,Full,,,https://digitallibrary.usc.edu/asset-management/2A3BF1RIIG7FR,,,,,,,pending,,Not yet acquired; browser pass in progress
UC110814273,facsimile RTI capture (2013 colour photo),DSS 3Q15F Column 2 Bottom 36 TIFF,2,Bottom,,,https://digitallibrary.usc.edu/asset-management/2A3BF1RIIGUL9,,,,,,,pending,,Not yet acquired; browser pass in progress
UC110814272,facsimile RTI capture (2013 colour photo),DSS 3Q15F Column 2 Bottom 23 TIFF,2,Bottom,,,https://digitallibrary.usc.edu/asset-management/2A3BF1RIIGY2K,,,,,,,pending,,Not yet acquired; browser pass in progress
UC110814269,facsimile RTI capture (2013 colour photo),DSS 3Q15F Column 2 Bottom 21 TIFF,2,Bottom,,,https://digitallibrary.usc.edu/asset-management/2A3BF1RIIGZUQ,,,,,,,pending,,Not yet acquired; browser pass in progress
UC110814270,facsimile RTI capture (2013 colour photo),DSS 3Q15F Column 1 Bottom 29 TIFF,1,Bottom,,,https://digitallibrary.usc.edu/asset-management/2A3BF1RIIGQNB,,,,,,,pending,,Not yet acquired; browser pass in progress
UC110814268,facsimile RTI capture (2013 colour photo),DSS 3Q15F Column 1 Bottom 14 TIFF,1,Bottom,,,https://digitallibrary.usc.edu/asset-management/2A3BF1RIIGRC7,,,,,,,pending,,Not yet acquired; browser pass in progress
UC110814265,facsimile RTI capture (2013 colour photo),DSS 3Q15F Column 1 Bottom 06 TIFF,1,Bottom,,,https://digitallibrary.usc.edu/asset-management/2A3BF1RIIGM82,,,,,,,pending,,Not yet acquired; browser pass in progress
UC110814263,facsimile RTI capture (2013 colour photo),DSS 3Q15F Column 3 05 TIFF,3,Full,,,https://digitallibrary.usc.edu/asset-management/2A3BF1RII7I7I,,,,,,,pending,,Not yet acquired; browser pass in progress
UC110814262,facsimile RTI capture (2013 colour photo),DSS 3Q15F Column 5 09 TIFF,5,Full,,,https://digitallibrary.usc.edu/asset-management/2A3BF1RII7JA8,,,,,,,pending,,Not yet acquired; browser pass in progress
UC110814261,facsimile RTI capture (2013 colour photo),DSS 3Q15F Column 5 28 TIFF,5,Full,,,https://digitallibrary.usc.edu/asset-management/2A3BF1RII7ML2,,,,,,,pending,,Not yet acquired; browser pass in progress
UC110814259,facsimile RTI capture (2013 colour photo),DSS 3Q15F Column 7 19 TIFF,7,Full,,,https://digitallibrary.usc.edu/asset-management/2A3BF1RII7ESK,,,,,,,pending,,Not yet acquired; browser pass in progress
UC110814258,facsimile RTI capture (2013 colour photo),DSS 3Q15F Column 3 Bottom 03 TIFF,3,Bottom,,,https://digitallibrary.usc.edu/asset-management/2A3BF1RII75PI,,,,,,,pending,,Not yet acquired; browser pass in progress
UC110814257,facsimile RTI capture (2013 colour photo),DSS 3Q15F Column 11 08 TIFF,11,Full,,,https://digitallibrary.usc.edu/asset-management/2A3BF1RII7HZ2,,,,,,,pending,,Not yet acquired; browser pass in progress
UC110814255,facsimile RTI capture (2013 colour photo),DSS 3Q15F Column 2 17 TIFF,2,Full,,,https://digitallibrary.usc.edu/asset-management/2A3BF1RII7FC1,,,,,,,pending,,Not yet acquired; browser pass in progress
UC110814256,facsimile RTI capture (2013 colour photo),DSS 3Q15F Column 4 03 TIFF,4,Full,,,https://digitallibrary.usc.edu/asset-management/2A3BF1RII7RI7,,,,,,,pending,,Not yet acquired; browser pass in progress
UC110814251,facsimile RTI capture (2013 colour photo),DSS 3Q15F Column 1 Bottom 13 TIFF,1,Bottom,,,https://digitallibrary.usc.edu/asset-management/2A3BF1RII7BXW,,,,,,,pending,,Not yet acquired; browser pass in progress
UC110814253,facsimile RTI capture (2013 colour photo),DSS 3Q15F Column 1 Top 13 TIFF,1,Top,,,https://digitallibrary.usc.edu/asset-management/2A3BF1RII7L0Q,,,,,,,pending,,Not yet acquired; browser pass in progress
UC110814247,facsimile RTI capture (2013 colour photo),DSS 3Q15F Column 1 Top 21 TIFF,1,Top,,,https://digitallibrary.usc.edu/asset-management/2A3BF1RII7ZVQ,,,,,,,pending,,Not yet acquired; browser pass in progress
UC110814248,facsimile RTI capture (2013 colour photo),DSS 3Q15F Column 4 02 TIFF,4,Full,,,https://digitallibrary.usc.edu/asset-management/2A3BF1RII7DQX,,,,,,,pending,,Not yet acquired; browser pass in progress
UC110814246,facsimile RTI capture (2013 colour photo),DSS 3Q15F Column 4 18 TIFF,4,Full,,,https://digitallibrary.usc.edu/asset-management/2A3BF1RII7SN8,,,,,,,pending,,Not yet acquired; browser pass in progress
UC110814243,facsimile RTI capture (2013 colour photo),DSS 3Q15F Column 1 Bottom 31 TIFF,1,Bottom,,,https://digitallibrary.usc.edu/asset-management/2A3BF1RII7XU4,,,,,,,pending,,Not yet acquired; browser pass in progress
UC110814244,facsimile RTI capture (2013 colour photo),DSS 3Q15F Column 5 13 TIFF,5,Full,,,https://digitallibrary.usc.edu/asset-management/2A3BF1RII74WU,,,,,,,pending,,Not yet acquired; browser pass in progress
UC110814241,facsimile RTI capture (2013 colour photo),DSS 3Q15F Column 11 09 TIFF,11,Full,,,https://digitallibrary.usc.edu/asset-management/2A3BF1RII77RR,,,,,,,pending,,Not yet acquired; browser pass in progress
UC110814240,facsimile RTI capture (2013 colour photo),DSS 3Q15F Column 5 08 TIFF,5,Full,,,https://digitallibrary.usc.edu/asset-management/2A3BF1RII7KO9,,,,,,,pending,,Not yet acquired; browser pass in progress
UC110814238,facsimile RTI capture (2013 colour photo),DSS 3Q15F Column 11 21 TIFF,11,Full,,,https://digitallibrary.usc.edu/asset-management/2A3BF1RII7157,,,,,,,pending,,Not yet acquired; browser pass in progress
UC110814239,facsimile RTI capture (2013 colour photo),DSS 3Q15F Column 7 25 TIFF,7,Full,,,https://digitallibrary.usc.edu/asset-management/2A3BF1RII78K4,,,,,,,pending,,Not yet acquired; browser pass in progress
UC110814237,facsimile RTI capture (2013 colour photo),DSS 3Q15F Column 10 21 TIFF,10,Full,,,https://digitallibrary.usc.edu/asset-management/2A3BF1RII76TP,,,,,,,pending,,Not yet acquired; browser pass in progress
UC110814236,facsimile RTI capture (2013 colour photo),DSS 3Q15F Column 3 Bottom 26 TIFF,3,Bottom,,,https://digitallibrary.usc.edu/asset-management/2A3BF1RII7VHD,,,,,,,pending,,Not yet acquired; browser pass in progress
UC110814235,facsimile RTI capture (2013 colour photo),DSS 3Q15F Column 7 29 TIFF,7,Full,,,https://digitallibrary.usc.edu/asset-management/2A3BF1RII7P1R,,,,,,,pending,,Not yet acquired; browser pass in progress
UC110814234,facsimile RTI capture (2013 colour photo),DSS 3Q15F Column 3 Bottom 22 TIFF,3,Bottom,,,https://digitallibrary.usc.edu/asset-management/2A3BF1RII7O8W,,,,,,,pending,,Not yet acquired; browser pass in progress
UC110814231,facsimile RTI capture (2013 colour photo),DSS 3Q15F Column 1 10 TIFF,1,Full,,,https://digitallibrary.usc.edu/asset-management/2A3BF1RII7T35,,,,,,,pending,,Not yet acquired; browser pass in progress
UC110814229,facsimile RTI capture (2013 colour photo),DSS 3Q15F Column 8 30 TIFF,8,Full,,,https://digitallibrary.usc.edu/asset-management/2A3BF1RII7UB9,,,,,,,pending,,Not yet acquired; browser pass in progress
UC110814228,facsimile RTI capture (2013 colour photo),DSS 3Q15F Column 1 01 TIFF,1,Full,,,https://digitallibrary.usc.edu/asset-management/2A3BF1RIIUXW4,,,,,,,pending,,Not yet acquired; browser pass in progress
UC110814227,facsimile RTI capture (2013 colour photo),DSS 3Q15F Column 8 35 TIFF,8,Full,,,https://digitallibrary.usc.edu/asset-management/2A3BF1RIIUPOR,,,,,,,pending,,Not yet acquired; browser pass in progress
UC110814225,facsimile RTI capture (2013 colour photo),DSS 3Q15F Column 6 01 TIFF,6,Full,,,https://digitallibrary.usc.edu/asset-management/2A3BF1RIIUYCK,,,,,,,pending,,Not yet acquired; browser pass in progress
UC110814226,facsimile RTI capture (2013 colour photo),DSS 3Q15F Column 6 34 TIFF,6,Full,,,https://digitallibrary.usc.edu/asset-management/2A3BF1RIIU3V1,,,,,,,pending,,Not yet acquired; browser pass in progress
UC110814224,facsimile RTI capture (2013 colour photo),DSS 3Q15F Column 8 09 TIFF,8,Full,,,https://digitallibrary.usc.edu/asset-management/2A3BF1RIIUAFO,,,,,,,pending,,Not yet acquired; browser pass in progress
UC110814223,facsimile RTI capture (2013 colour photo),DSS 3Q15F Column 9 04 TIFF,9,Full,,,https://digitallibrary.usc.edu/asset-management/2A3BF1RIIU0YD,,,,,,,pending,,Not yet acquired; browser pass in progress
UC110814222,facsimile RTI capture (2013 colour photo),DSS 3Q15F Column 9 23 TIFF,9,Full,,,https://digitallibrary.usc.edu/asset-management/2A3BF1RIIU8D4,,,,,,,pending,,Not yet acquired; browser pass in progress
UC110814221,facsimile RTI capture (2013 colour photo),DSS 3Q15F Column 8 18 TIFF,8,Full,,,https://digitallibrary.usc.edu/asset-management/2A3BF1RIIUE6K,,,,,,,pending,,Not yet acquired; browser pass in progress
UC110814220,facsimile RTI capture (2013 colour photo),DSS 3Q15F Column 9 36 TIFF,9,Full,,,https://digitallibrary.usc.edu/asset-management/2A3BF1RIIULAQ,,,,,,,pending,,Not yet acquired; browser pass in progress
UC110814219,facsimile RTI capture (2013 colour photo),DSS 3Q15F Column 12 10 TIFF,12,Full,,,https://digitallibrary.usc.edu/asset-management/2A3BF1RIIUB4W,,,,,,,pending,,Not yet acquired; browser pass in progress
UC110814218,facsimile RTI capture (2013 colour photo),DSS 3Q15F Column 12 17 TIFF,12,Full,,,https://digitallibrary.usc.edu/asset-management/2A3BF1RIIU97B,,,,,,,pending,,Not yet acquired; browser pass in progress
UC110814216,facsimile RTI capture (2013 colour photo),DSS 3Q15F Column 7 05 TIFF,7,Full,,,https://digitallibrary.usc.edu/asset-management/2A3BF1RIIUJG8,,,,,,,pending,,Not yet acquired; browser pass in progress
UC110814214,facsimile RTI capture (2013 colour photo),DSS 3Q15F Column 1 Top 12 TIFF,1,Top,,,https://digitallibrary.usc.edu/asset-management/2A3BF1RIIUMJ2,,,,,,,pending,,Not yet acquired; browser pass in progress
UC110814211,facsimile RTI capture (2013 colour photo),DSS 3Q15F Column 1 Top 33 TIFF,1,Top,,,https://digitallibrary.usc.edu/asset-management/2A3BF1RIIU187,,,,,,,pending,,Not yet acquired; browser pass in progress
UC110814210,facsimile RTI capture (2013 colour photo),DSS 3Q15F Column 2 14 TIFF,2,Full,,,https://digitallibrary.usc.edu/asset-management/2A3BF1RIIU4RU,,,,,,,pending,,Not yet acquired; browser pass in progress
UC110814208,facsimile RTI capture (2013 colour photo),DSS 3Q15F Column 2 10 TIFF,2,Full,,,https://digitallibrary.usc.edu/asset-management/2A3BF1RIIU7BR,,,,,,,pending,,Not yet acquired; browser pass in progress
UC110814207,facsimile RTI capture (2013 colour photo),DSS 3Q15F Column 2 Bottom 14 TIFF,2,Bottom,,,https://digitallibrary.usc.edu/asset-management/2A3BF1RIIUZNQ,,,,,,,pending,,Not yet acquired; browser pass in progress
UC110814204,facsimile RTI capture (2013 colour photo),DSS 3Q15F Column 4 13 TIFF,4,Full,,,https://digitallibrary.usc.edu/asset-management/2A3BF1RIIUTZ5,,,,,,,pending,,Not yet acquired; browser pass in progress
UC110814201,facsimile RTI capture (2013 colour photo),DSS 3Q15F Column 3 Bottom 39 TIFF,3,Bottom,,,https://digitallibrary.usc.edu/asset-management/2A3BF1RIIUD5X,,,,,,,pending,,Not yet acquired; browser pass in progress
UC110814206,facsimile RTI capture (2013 colour photo),DSS 3Q15F Column 10 29 TIFF,10,Full,,,https://digitallibrary.usc.edu/asset-management/2A3BF1RIIUO2W,,,,,,,pending,,Not yet acquired; browser pass in progress
UC110814205,facsimile RTI capture (2013 colour photo),DSS 3Q15F Column 10 11 TIFF,10,Full,,,https://digitallibrary.usc.edu/asset-management/2A3BF1RIIU21U,,,,,,,pending,,Not yet acquired; browser pass in progress
UC110814203,facsimile RTI capture (2013 colour photo),DSS 3Q15F Column 1 Bottom 34 TIFF,1,Bottom,,,https://digitallibrary.usc.edu/asset-management/2A3BF1RIIUVED,,,,,,,pending,,Not yet acquired; browser pass in progress
UC110814197,facsimile RTI capture (2013 colour photo),DSS 3Q15F Column 3 Bottom 08 TIFF,3,Bottom,,,https://digitallibrary.usc.edu/asset-management/2A3BF1RIIUN3O,,,,,,,pending,,Not yet acquired; browser pass in progress
UC110814200,facsimile RTI capture (2013 colour photo),DSS 3Q15F Column 11 12 TIFF,11,Full,,,https://digitallibrary.usc.edu/asset-management/2A3BF1RIIURX7,,,,,,,pending,,Not yet acquired; browser pass in progress
UC110814199,facsimile RTI capture (2013 colour photo),DSS 3Q15F Column 1 Bottom 27 TIFF,1,Bottom,,,https://digitallibrary.usc.edu/asset-management/2A3BF1RIIUKQ9,,,,,,,pending,,Not yet acquired; browser pass in progress
UC110814196,facsimile RTI capture (2013 colour photo),DSS 3Q15F Column 1 Top 31 TIFF,1,Top,,,https://digitallibrary.usc.edu/asset-management/2A3BF1RIIUQPB,,,,,,,pending,,Not yet acquired; browser pass in progress
UC110814195,facsimile RTI capture (2013 colour photo),DSS 3Q15F Column 6 08 TIFF,6,Full,,,https://digitallibrary.usc.edu/asset-management/2A3BF1RIIUHS2,,,,,,,pending,,Not yet acquired; browser pass in progress
UC110814193,facsimile RTI capture (2013 colour photo),DSS 3Q15F Column 1 Bottom 23 TIFF,1,Bottom,,,https://digitallibrary.usc.edu/asset-management/2A3BF1RIIUIUI,,,,,,,pending,,Not yet acquired; browser pass in progress
UC110814190,facsimile RTI capture (2013 colour photo),DSS 3Q15F Column 2 Bottom 22 TIFF,2,Bottom,,,https://digitallibrary.usc.edu/asset-management/2A3BF1RIIMPZR,,,,,,,pending,,Not yet acquired; browser pass in progress
UC110814188,facsimile RTI capture (2013 colour photo),DSS 3Q15F Column 5 18 TIFF,5,Full,,,https://digitallibrary.usc.edu/asset-management/2A3BF1RIIMQTB,,,,,,,pending,,Not yet acquired; browser pass in progress
UC110814187,facsimile RTI capture (2013 colour photo),DSS 3Q15F Column 11 03 TIFF,11,Full,,,https://digitallibrary.usc.edu/asset-management/2A3BF1RIIMIMI,,,,,,,pending,,Not yet acquired; browser pass in progress
UC110814186,facsimile RTI capture (2013 colour photo),DSS 3Q15F Column 1 Top 28 TIFF,1,Top,,,https://digitallibrary.usc.edu/asset-management/2A3BF1RIIMD6X,,,,,,,pending,,Not yet acquired; browser pass in progress
UC110814185,facsimile RTI capture (2013 colour photo),DSS 3Q15F Column 9 17 TIFF,9,Full,,,https://digitallibrary.usc.edu/asset-management/2A3BF1RIIMV9D,,,,,,,pending,,Not yet acquired; browser pass in progress
UC110814184,facsimile RTI capture (2013 colour photo),DSS 3Q15F Column 12 15 TIFF,12,Full,,,https://digitallibrary.usc.edu/asset-management/2A3BF1RIIM8E4,,,,,,,pending,,Not yet acquired; browser pass in progress
UC110814178,facsimile RTI capture (2013 colour photo),DSS 3Q15F Column 6 24 TIFF,6,Full,,,https://digitallibrary.usc.edu/asset-management/2A3BF1RIIMLDQ,,,,,,,pending,,Not yet acquired; browser pass in progress
UC110814183,facsimile RTI capture (2013 colour photo),DSS 3Q15F Column 12 03 TIFF,12,Full,,,https://digitallibrary.usc.edu/asset-management/2A3BF1RIIMJ18,,,,,,,pending,,Not yet acquired; browser pass in progress
UC110814182,facsimile RTI capture (2013 colour photo),DSS 3Q15F Column 12 08 TIFF,12,Full,,,https://digitallibrary.usc.edu/asset-management/2A3BF1RIIM23U,,,,,,,pending,,Not yet acquired; browser pass in progress
UC110814180,facsimile RTI capture (2013 colour photo),DSS 3Q15F Column 7 16 TIFF,7,Full,,,https://digitallibrary.usc.edu/asset-management/2A3BF1RIIMONW,,,,,,,pending,,Not yet acquired; browser pass in progress
UC110814179,facsimile RTI capture (2013 colour photo),DSS 3Q15F Column 2 Bottom 42 TIFF,2,Bottom,,,https://digitallibrary.usc.edu/asset-management/2A3BF1RIIM6BP,,,,,,,pending,,Not yet acquired; browser pass in progress
UC110814177,facsimile RTI capture (2013 colour photo),DSS 3Q15F Column 12 31 TIFF,12,Full,,,https://digitallibrary.usc.edu/asset-management/2A3BF1RIIM4FU,,,,,,,pending,,Not yet acquired; browser pass in progress
UC110814176,facsimile RTI capture (2013 colour photo),DSS 3Q15F Column 3 Bottom 28 TIFF,3,Bottom,,,https://digitallibrary.usc.edu/asset-management/2A3BF1RIIM3U1,,,,,,,pending,,Not yet acquired; browser pass in progress
UC110814173,facsimile RTI capture (2013 colour photo),DSS 3Q15F Column 7 35 TIFF,7,Full,,,https://digitallibrary.usc.edu/asset-management/2A3BF1RIIMA5O,,,,,,,pending,,Not yet acquired; browser pass in progress
UC110814171,facsimile RTI capture (2013 colour photo),DSS 3Q15F Column 12 09 TIFF,12,Full,,,https://digitallibrary.usc.edu/asset-management/2A3BF1RIIM1V7,,,,,,,pending,,Not yet acquired; browser pass in progress
UC110814170,facsimile RTI capture (2013 colour photo),DSS 3Q15F Column 3 Bottom 41 TIFF,3,Bottom,,,https://digitallibrary.usc.edu/asset-management/2A3BF1RIIMXY4,,,,,,,pending,,Not yet acquired; browser pass in progress
UC110814164,facsimile RTI capture (2013 colour photo),DSS 3Q15F Column 5 33 TIFF,5,Full,,,https://digitallibrary.usc.edu/asset-management/2A3BF1RIIME7K,,,,,,,pending,,Not yet acquired; browser pass in progress
UC110814169,facsimile RTI capture (2013 colour photo),DSS 3Q15F Column 4 34 TIFF,4,Full,,,https://digitallibrary.usc.edu/asset-management/2A3BF1RIIMZWQ,,,,,,,pending,,Not yet acquired; browser pass in progress
UC110814163,facsimile RTI capture (2013 colour photo),DSS 3Q15F Column 11 23 TIFF,11,Full,,,https://digitallibrary.usc.edu/asset-management/2A3BF1RIIMNIO,,,,,,,pending,,Not yet acquired; browser pass in progress
UC110814167,facsimile RTI capture (2013 colour photo),DSS 3Q15F Column 3 32 TIFF,3,Full,,,https://digitallibrary.usc.edu/asset-management/2A3BF1RIIMUJ9,,,,,,,pending,,Not yet acquired; browser pass in progress
UC110814166,facsimile RTI capture (2013 colour photo),DSS 3Q15F Column 1 Bottom 04 TIFF,1,Bottom,,,https://digitallibrary.usc.edu/asset-management/2A3BF1RIIMWCX,,,,,,,pending,,Not yet acquired; browser pass in progress
UC110814165,facsimile RTI capture (2013 colour photo),DSS 3Q15F Column 6 25 TIFF,6,Full,,,https://digitallibrary.usc.edu/asset-management/2A3BF1RIIMFK1,,,,,,,pending,,Not yet acquired; browser pass in progress
UC110814162,facsimile RTI capture (2013 colour photo),DSS 3Q15F Column 3 18 TIFF,3,Full,,,https://digitallibrary.usc.edu/asset-management/2A3BF1RIIMH42,,,,,,,pending,,Not yet acquired; browser pass in progress
UC110814161,facsimile RTI capture (2013 colour photo),DSS 3Q15F Column 6 02 TIFF,6,Full,,,https://digitallibrary.usc.edu/asset-management/2A3BF1RIIMSR8,,,,,,,pending,,Not yet acquired; browser pass in progress
UC110814160,facsimile RTI capture (2013 colour photo),DSS 3Q15F Column 3 Bottom 04 TIFF,3,Bottom,,,https://digitallibrary.usc.edu/asset-management/2A3BF1RIIM5HI,,,,,,,pending,,Not yet acquired; browser pass in progress
UC110814159,facsimile RTI capture (2013 colour photo),DSS 3Q15F Column 10 04 TIFF,10,Full,,,https://digitallibrary.usc.edu/asset-management/2A3BF1RIIMBAW,,,,,,,pending,,Not yet acquired; browser pass in progress
UC110814158,facsimile RTI capture (2013 colour photo),DSS 3Q15F Column 3 Bottom 16 TIFF,3,Bottom,,,https://digitallibrary.usc.edu/asset-management/2A3BF1RIIMYPK,,,,,,,pending,,Not yet acquired; browser pass in progress
UC110814157,facsimile RTI capture (2013 colour photo),DSS 3Q15F Column 9 33 TIFF,9,Full,,,https://digitallibrary.usc.edu/asset-management/2A3BF1RIIMCOP,,,,,,,pending,,Not yet acquired; browser pass in progress
UC110814156,facsimile RTI capture (2013 colour photo),DSS 3Q15F Column 1 Top 39 TIFF,1,Top,,,https://digitallibrary.usc.edu/asset-management/2A3BF1RIICF51,,,,,,,pending,,Not yet acquired; browser pass in progress
UC110814155,facsimile RTI capture (2013 colour photo),DSS 3Q15F Column 10 30 TIFF,10,Full,,,https://digitallibrary.usc.edu/asset-management/2A3BF1RIICS48,,,,,,,pending,,Not yet acquired; browser pass in progress
UC110814153,facsimile RTI capture (2013 colour photo),DSS 3Q15F Column 1 21 TIFF,1,Full,,,https://digitallibrary.usc.edu/asset-management/2A3BF1RIICQSB,,,,,,,pending,,Not yet acquired; browser pass in progress
UC110814154,facsimile RTI capture (2013 colour photo),DSS 3Q15F Column 9 11 TIFF,9,Full,,,https://digitallibrary.usc.edu/asset-management/2A3BF1RIICKH9,,,,,,,pending,,Not yet acquired; browser pass in progress
UC110814151,facsimile RTI capture (2013 colour photo),DSS 3Q15F Column 1 19 TIFF,1,Full,,,https://digitallibrary.usc.edu/asset-management/2A3BF1RIICWYX,,,,,,,pending,,Not yet acquired; browser pass in progress
UC110814152,facsimile RTI capture (2013 colour photo),DSS 3Q15F Column 5 14 TIFF,5,Full,,,https://digitallibrary.usc.edu/asset-management/2A3BF1RIIC8V4,,,,,,,pending,,Not yet acquired; browser pass in progress
UC110814150,facsimile RTI capture (2013 colour photo),DSS 3Q15F Column 8 26 TIFF,8,Full,,,https://digitallibrary.usc.edu/asset-management/2A3BF1RIIC56I,,,,,,,pending,,Not yet acquired; browser pass in progress
UC110814149,facsimile RTI capture (2013 colour photo),DSS 3Q15F Column 3 Bottom 17 TIFF,3,Bottom,,,https://digitallibrary.usc.edu/asset-management/2A3BF1RIIC3I1,,,,,,,pending,,Not yet acquired; browser pass in progress
UC110814148,facsimile RTI capture (2013 colour photo),DSS 3Q15F Column 7 15 TIFF,7,Full,,,https://digitallibrary.usc.edu/asset-management/2A3BF1RIICUM9,,,,,,,pending,,Not yet acquired; browser pass in progress
UC110814147,facsimile RTI capture (2013 colour photo),DSS 3Q15F Column 1 Bottom 09 TIFF,1,Bottom,,,https://digitallibrary.usc.edu/asset-management/2A3BF1RIIC137,,,,,,,pending,,Not yet acquired; browser pass in progress
UC110814146,facsimile RTI capture (2013 colour photo),DSS 3Q15F Column 9 08 TIFF,9,Full,,,https://digitallibrary.usc.edu/asset-management/2A3BF1RIICG15,,,,,,,pending,,Not yet acquired; browser pass in progress
UC110814145,facsimile RTI capture (2013 colour photo),DSS 3Q15F Column 9 06 TIFF,9,Full,,,https://digitallibrary.usc.edu/asset-management/2A3BF1RIICMO2,,,,,,,pending,,Not yet acquired; browser pass in progress
UC110814144,facsimile RTI capture (2013 colour photo),DSS 3Q15F Column 3 Bottom 05 TIFF,3,Bottom,,,https://digitallibrary.usc.edu/asset-management/2A3BF1RIICOZW,,,,,,,pending,,Not yet acquired; browser pass in progress
UC110814143,facsimile RTI capture (2013 colour photo),DSS 3Q15F Column 8 06 TIFF,8,Full,,,https://digitallibrary.usc.edu/asset-management/2A3BF1RIICPTR,,,,,,,pending,,Not yet acquired; browser pass in progress
UC110814142,facsimile RTI capture (2013 colour photo),DSS 3Q15F Column 2 02 TIFF,2,Full,,,https://digitallibrary.usc.edu/asset-management/2A3BF1RIICE9K,,,,,,,pending,,Not yet acquired; browser pass in progress
UC110814141,facsimile RTI capture (2013 colour photo),DSS 3Q15F Column 6 10 TIFF,6,Full,,,https://digitallibrary.usc.edu/asset-management/2A3BF1RIICBLW,,,,,,,pending,,Not yet acquired; browser pass in progress
UC110814140,facsimile RTI capture (2013 colour photo),DSS 3Q15F Column 9 30 TIFF,9,Full,,,https://digitallibrary.usc.edu/asset-management/2A3BF1RIICNWO,,,,,,,pending,,Not yet acquired; browser pass in progress
UC110814139,facsimile RTI capture (2013 colour photo),DSS 3Q15F Column 5 01 TIFF,5,Full,,,https://digitallibrary.usc.edu/asset-management/2A3BF1RIIC9JB,,,,,,,pending,,Not yet acquired; browser pass in progress
UC110814138,facsimile RTI capture (2013 colour photo),DSS 3Q15F Column 12 23 TIFF,12,Full,,,https://digitallibrary.usc.edu/asset-management/2A3BF1RIICL8Q,,,,,,,pending,,Not yet acquired; browser pass in progress
UC110814137,facsimile RTI capture (2013 colour photo),DSS 3Q15F Column 2 26 TIFF,2,Full,,,https://digitallibrary.usc.edu/asset-management/2A3BF1RIICJ28,,,,,,,pending,,Not yet acquired; browser pass in progress
UC110814134,facsimile RTI capture (2013 colour photo),DSS 3Q15F Column 1 05 TIFF,1,Full,,,https://digitallibrary.usc.edu/asset-management/2A3BF1RIIC2NU,,,,,,,pending,,Not yet acquired; browser pass in progress
UC110814136,facsimile RTI capture (2013 colour photo),DSS 3Q15F Column 5 29 TIFF,5,Full,,,https://digitallibrary.usc.edu/asset-management/2A3BF1RIICRF7,,,,,,,pending,,Not yet acquired; browser pass in progress
UC110814135,facsimile RTI capture (2013 colour photo),DSS 3Q15F Column 2 07 TIFF,2,Full,,,https://digitallibrary.usc.edu/asset-management/2A3BF1RIIC4AU,,,,,,,pending,,Not yet acquired; browser pass in progress
UC110814133,facsimile RTI capture (2013 colour photo),DSS 3Q15F Column 2 Bottom 00 TIFF,2,Bottom,,,https://digitallibrary.usc.edu/asset-management/2A3BF1RIICCPP,,,,,,,pending,,Not yet acquired; browser pass in progress
UC110814132,facsimile RTI capture (2013 colour photo),DSS 3Q15F Column 4 32 TIFF,4,Full,,,https://digitallibrary.usc.edu/asset-management/2A3BF1RIICVUD,,,,,,,pending,,Not yet acquired; browser pass in progress
UC110814131,facsimile RTI capture (2013 colour photo),DSS 3Q15F Column 11 24 TIFF,11,Full,,,https://digitallibrary.usc.edu/asset-management/2A3BF1RIICTR5,,,,,,,pending,,Not yet acquired; browser pass in progress
UC110814129,facsimile RTI capture (2013 colour photo),DSS 3Q15F Column 1 26 TIFF,1,Full,,,https://digitallibrary.usc.edu/asset-management/2A3BF1RIICZXQ,,,,,,,pending,,Not yet acquired; browser pass in progress
UC110814130,facsimile RTI capture (2013 colour photo),DSS 3Q15F Column 3 36 TIFF,3,Full,,,https://digitallibrary.usc.edu/asset-management/2A3BF1RIICICI,,,,,,,pending,,Not yet acquired; browser pass in progress
UC110814128,facsimile RTI capture (2013 colour photo),DSS 3Q15F Column 1 33 TIFF,1,Full,,,https://digitallibrary.usc.edu/asset-management/2A3BF1RIICX04,,,,,,,pending,,Not yet acquired; browser pass in progress
UC110814127,facsimile RTI capture (2013 colour photo),DSS 3Q15F Column 3 23 TIFF,3,Full,,,https://digitallibrary.usc.edu/asset-management/2A3BF1RIICADO,,,,,,,pending,,Not yet acquired; browser pass in progress
UC110814124,facsimile RTI capture (2013 colour photo),DSS 3Q15F Column 4 10 TIFF,4,Full,,,https://digitallibrary.usc.edu/asset-management/2A3BF1RIIC67P,,,,,,,pending,,Not yet acquired; browser pass in progress
UC110814121,facsimile RTI capture (2013 colour photo),DSS 3Q15F Column 1 15 TIFF,1,Full,,,https://digitallibrary.usc.edu/asset-management/2A3BF1RIICHB2,,,,,,,pending,,Not yet acquired; browser pass in progress
UC110814120,facsimile RTI capture (2013 colour photo),DSS 3Q15F Column 8 20 TIFF,8,Full,,,https://digitallibrary.usc.edu/asset-management/2A3BF1RIICDEX,,,,,,,pending,,Not yet acquired; browser pass in progress
UC110814122,facsimile RTI capture (2013 colour photo),DSS 3Q15F Column 1 Bottom 00 TIFF,1,Bottom,,,https://digitallibrary.usc.edu/asset-management/2A3BF1RIIC7GR,,,,,,,pending,,Not yet acquired; browser pass in progress
UC110814119,facsimile RTI capture (2013 colour photo),DSS 3Q15F Column 5 22 TIFF,5,Full,,,https://digitallibrary.usc.edu/asset-management/2A3BF1RIIC0KD,,,,,,,pending,,Not yet acquired; browser pass in progress
UC110814117,facsimile RTI capture (2013 colour photo),DSS 3Q15F Column 8 29 TIFF,8,Full,,,https://digitallibrary.usc.edu/asset-management/2A3BF1RIID2BU,,,,,,,pending,,Not yet acquired; browser pass in progress
UC110814118,facsimile RTI capture (2013 colour photo),DSS 3Q15F Column 3 Bottom 12 TIFF,3,Bottom,,,https://digitallibrary.usc.edu/asset-management/2A3BF1RIIDU59,,,,,,,pending,,Not yet acquired; browser pass in progress
UC110814116,facsimile RTI capture (2013 colour photo),DSS 3Q15F Column 6 30 TIFF,6,Full,,,https://digitallibrary.usc.edu/asset-management/2A3BF1RIID3A1,,,,,,,pending,,Not yet acquired; browser pass in progress
UC110814113,facsimile RTI capture (2013 colour photo),DSS 3Q15F Column 12 24 TIFF,12,Full,,,https://digitallibrary.usc.edu/asset-management/2A3BF1RIIDNLO,,,,,,,pending,,Not yet acquired; browser pass in progress
UC110814111,facsimile RTI capture (2013 colour photo),DSS 3Q15F Column 2 09 TIFF,2,Full,,,https://digitallibrary.usc.edu/asset-management/2A3BF1RIID4OU,,,,,,,pending,,Not yet acquired; browser pass in progress
UC110814110,facsimile RTI capture (2013 colour photo),DSS 3Q15F Column 1 25 TIFF,1,Full,,,https://digitallibrary.usc.edu/asset-management/2A3BF1RIIDSM8,,,,,,,pending,,Not yet acquired; browser pass in progress
UC110814109,facsimile RTI capture (2013 colour photo),DSS 3Q15F Column 7 33 TIFF,7,Full,,,https://digitallibrary.usc.edu/asset-management/2A3BF1RIID5WI,,,,,,,pending,,Not yet acquired; browser pass in progress
UC110814108,facsimile RTI capture (2013 colour photo),DSS 3Q15F Column 9 19 TIFF,9,Full,,,https://digitallibrary.usc.edu/asset-management/2A3BF1RIID6YP,,,,,,,pending,,Not yet acquired; browser pass in progress
UC110814107,facsimile RTI capture (2013 colour photo),DSS 3Q15F Column 1 Top 46 TIFF,1,Top,,,https://digitallibrary.usc.edu/asset-management/2A3BF1RIIDE0K,,,,,,,pending,,Not yet acquired; browser pass in progress
UC110814106,facsimile RTI capture (2013 colour photo),DSS 3Q15F Column 1 Top 37 TIFF,1,Top,,,https://digitallibrary.usc.edu/asset-management/2A3BF1RIIDX14,,,,,,,pending,,Not yet acquired; browser pass in progress
UC110814105,facsimile RTI capture (2013 colour photo),DSS 3Q15F Column 2 30 TIFF,2,Full,,,https://digitallibrary.usc.edu/asset-management/2A3BF1RIIDCEP,,,,,,,pending,,Not yet acquired; browser pass in progress
UC110814101,facsimile RTI capture (2013 colour photo),DSS 3Q15F Column 1 Bottom 39 TIFF,1,Bottom,,,https://digitallibrary.usc.edu/asset-management/2A3BF1RIIDBPW,,,,,,,pending,,Not yet acquired; browser pass in progress
UC110814103,facsimile RTI capture (2013 colour photo),DSS 3Q15F Column 11 32 TIFF,11,Full,,,https://digitallibrary.usc.edu/asset-management/2A3BF1RIID03D,,,,,,,pending,,Not yet acquired; browser pass in progress
UC110814102,facsimile RTI capture (2013 colour photo),DSS 3Q15F Column 2 Bottom 15 TIFF,2,Bottom,,,https://digitallibrary.usc.edu/asset-management/2A3BF1RIIDP9R,,,,,,,pending,,Not yet acquired; browser pass in progress
UC110814100,facsimile RTI capture (2013 colour photo),DSS 3Q15F Column 10 01 TIFF,10,Full,,,https://digitallibrary.usc.edu/asset-management/2A3BF1RIIDKI9,,,,,,,pending,,Not yet acquired; browser pass in progress
UC110814098,facsimile RTI capture (2013 colour photo),DSS 3Q15F Column 9 16 TIFF,9,Full,,,https://digitallibrary.usc.edu/asset-management/2A3BF1RIIDHC2,,,,,,,pending,,Not yet acquired; browser pass in progress
UC110814099,facsimile RTI capture (2013 colour photo),DSS 3Q15F Column 5 12 TIFF,5,Full,,,https://digitallibrary.usc.edu/asset-management/2A3BF1RIIDJH8,,,,,,,pending,,Not yet acquired; browser pass in progress
UC110814095,facsimile RTI capture (2013 colour photo),DSS 3Q15F Column 4 04 TIFF,4,Full,,,https://digitallibrary.usc.edu/asset-management/2A3BF1RIIDM62,,,,,,,pending,,Not yet acquired; browser pass in progress
UC110814096,facsimile RTI capture (2013 colour photo),DSS 3Q15F Column 1 Bottom 21 TIFF,1,Bottom,,,https://digitallibrary.usc.edu/asset-management/2A3BF1RIIDR27,,,,,,,pending,,Not yet acquired; browser pass in progress
UC110814091,facsimile RTI capture (2013 colour photo),DSS 3Q15F Column 2 Bottom 25 TIFF,2,Bottom,,,https://digitallibrary.usc.edu/asset-management/2A3BF1RIIDAZO,,,,,,,pending,,Not yet acquired; browser pass in progress
UC110814090,facsimile RTI capture (2013 colour photo),DSS 3Q15F Column 12 28 TIFF,12,Full,,,https://digitallibrary.usc.edu/asset-management/2A3BF1RIIDW8X,,,,,,,pending,,Not yet acquired; browser pass in progress
UC110814089,facsimile RTI capture (2013 colour photo),DSS 3Q15F Column 1 Top 14 TIFF,1,Top,,,https://digitallibrary.usc.edu/asset-management/2A3BF1RIIDIDI,,,,,,,pending,,Not yet acquired; browser pass in progress
UC110814088,facsimile RTI capture (2013 colour photo),DSS 3Q15F Column 2 Bottom 27 TIFF,2,Bottom,,,https://digitallibrary.usc.edu/asset-management/2A3BF1RIIDZGQ,,,,,,,pending,,Not yet acquired; browser pass in progress
UC110814085,facsimile RTI capture (2013 colour photo),DSS 3Q15F Column 3 21 TIFF,3,Full,,,https://digitallibrary.usc.edu/asset-management/2A3BF1RIIDYVK,,,,,,,pending,,Not yet acquired; browser pass in progress
UC110814087,facsimile RTI capture (2013 colour photo),DSS 3Q15F Column 7 07 TIFF,7,Full,,,https://digitallibrary.usc.edu/asset-management/2A3BF1RIID147,,,,,,,pending,,Not yet acquired; browser pass in progress
UC110814086,facsimile RTI capture (2013 colour photo),DSS 3Q15F Column 1 22 TIFF,1,Full,,,https://digitallibrary.usc.edu/asset-management/2A3BF1RIID8R4,,,,,,,pending,,Not yet acquired; browser pass in progress
UC110814083,facsimile RTI capture (2013 colour photo),DSS 3Q15F Column 3 Bottom 33 TIFF,3,Bottom,,,https://digitallibrary.usc.edu/asset-management/2A3BF1RIIHVQD,,,,,,,pending,,Not yet acquired; browser pass in progress
UC110814082,facsimile RTI capture (2013 colour photo),DSS 3Q15F Column 8 05 TIFF,8,Full,,,https://digitallibrary.usc.edu/asset-management/2A3BF1RIIHGX5,,,,,,,pending,,Not yet acquired; browser pass in progress
UC110814081,facsimile RTI capture (2013 colour photo),DSS 3Q15F Column 1 29 TIFF,1,Full,,,https://digitallibrary.usc.edu/asset-management/2A3BF1RIIH7ZR,,,,,,,pending,,Not yet acquired; browser pass in progress
UC110814080,facsimile RTI capture (2013 colour photo),DSS 3Q15F Column 11 36 TIFF,11,Full,,,https://digitallibrary.usc.edu/asset-management/2A3BF1RIIH9TB,,,,,,,pending,,Not yet acquired; browser pass in progress
UC110814079,facsimile RTI capture (2013 colour photo),DSS 3Q15F Column 4 08 TIFF,4,Full,,,https://digitallibrary.usc.edu/asset-management/2A3BF1RIIH5MI,,,,,,,pending,,Not yet acquired; browser pass in progress
UC110814078,facsimile RTI capture (2013 colour photo),DSS 3Q15F Column 1 23 TIFF,1,Full,,,https://digitallibrary.usc.edu/asset-management/2A3BF1RIIHW6X,,,,,,,pending,,Not yet acquired; browser pass in progress
UC110814076,facsimile RTI capture (2013 colour photo),DSS 3Q15F Column 1 Bottom 28 TIFF,1,Bottom,,,https://digitallibrary.usc.edu/asset-management/2A3BF1RIIH09D,,,,,,,pending,,Not yet acquired; browser pass in progress
UC110814074,facsimile RTI capture (2013 colour photo),DSS 3Q15F Column 5 23 TIFF,5,Full,,,https://digitallibrary.usc.edu/asset-management/2A3BF1RIIHQGB,,,,,,,pending,,Not yet acquired; browser pass in progress
UC110814071,facsimile RTI capture (2013 colour photo),DSS 3Q15F Column 8 22 TIFF,8,Full,,,https://digitallibrary.usc.edu/asset-management/2A3BF1RIIHS18,,,,,,,pending,,Not yet acquired; browser pass in progress
UC110814070,facsimile RTI capture (2013 colour photo),DSS 3Q15F Column 8 36 TIFF,8,Full,,,https://digitallibrary.usc.edu/asset-management/2A3BF1RIIHBNW,,,,,,,pending,,Not yet acquired; browser pass in progress
UC110814068,facsimile RTI capture (2013 colour photo),DSS 3Q15F Column 3 22 TIFF,3,Full,,,https://digitallibrary.usc.edu/asset-management/2A3BF1RIIH2FU,,,,,,,pending,,Not yet acquired; browser pass in progress
UC110814069,facsimile RTI capture (2013 colour photo),DSS 3Q15F Column 1 Bottom 30 TIFF,1,Bottom,,,https://digitallibrary.usc.edu/asset-management/2A3BF1RIIHFU1,,,,,,,pending,,Not yet acquired; browser pass in progress
UC110814067,facsimile RTI capture (2013 colour photo),DSS 3Q15F Column 7 06 TIFF,7,Full,,,https://digitallibrary.usc.edu/asset-management/2A3BF1RIIHPLR,,,,,,,pending,,Not yet acquired; browser pass in progress
UC110814063,facsimile RTI capture (2013 colour photo),DSS 3Q15F Column 3 15 TIFF,3,Full,,,https://digitallibrary.usc.edu/asset-management/2A3BF1RIIHN5O,,,,,,,pending,,Not yet acquired; browser pass in progress
UC110814065,facsimile RTI capture (2013 colour photo),DSS 3Q15F Column 3 Bottom 35 TIFF,3,Bottom,,,https://digitallibrary.usc.edu/asset-management/2A3BF1RIIHT85,,,,,,,pending,,Not yet acquired; browser pass in progress
UC110814064,facsimile RTI capture (2013 colour photo),DSS 3Q15F Column 7 10 TIFF,7,Full,,,https://digitallibrary.usc.edu/asset-management/2A3BF1RIIHRV7,,,,,,,pending,,Not yet acquired; browser pass in progress
UC110814061,facsimile RTI capture (2013 colour photo),DSS 3Q15F Column 1 Top 18 TIFF,1,Top,,,https://digitallibrary.usc.edu/asset-management/2A3BF1RIIH8Y4,,,,,,,pending,,Not yet acquired; browser pass in progress
UC110814062,facsimile RTI capture (2013 colour photo),DSS 3Q15F Column 2 19 TIFF,2,Full,,,https://digitallibrary.usc.edu/asset-management/2A3BF1RIIH107,,,,,,,pending,,Not yet acquired; browser pass in progress
UC110814060,facsimile RTI capture (2013 colour photo),DSS 3Q15F Column 2 Bottom 39 TIFF,2,Bottom,,,https://digitallibrary.usc.edu/asset-management/2A3BF1RIIHH22,,,,,,,pending,,Not yet acquired; browser pass in progress
UC110814059,facsimile RTI capture (2013 colour photo),DSS 3Q15F Column 2 12 TIFF,2,Full,,,https://digitallibrary.usc.edu/asset-management/2A3BF1RIIHY7K,,,,,,,pending,,Not yet acquired; browser pass in progress
UC110814056,facsimile RTI capture (2013 colour photo),DSS 3Q15F Column 2 16 TIFF,2,Full,,,https://digitallibrary.usc.edu/asset-management/2A3BF1RIIHAIO,,,,,,,pending,,Not yet acquired; browser pass in progress
UC110814054,facsimile RTI capture (2013 colour photo),DSS 3Q15F Column 10 02 TIFF,10,Full,,,https://digitallibrary.usc.edu/asset-management/2A3BF1RIIH3K1,,,,,,,pending,,Not yet acquired; browser pass in progress
UC110814051,facsimile RTI capture (2013 colour photo),DSS 3Q15F Column 7 18 TIFF,7,Full,,,https://digitallibrary.usc.edu/asset-management/2A3BF1RIIHJR8,,,,,,,pending,,Not yet acquired; browser pass in progress
UC110814050,facsimile RTI capture (2013 colour photo),DSS 3Q15F Column 9 26 TIFF,9,Full,,,https://digitallibrary.usc.edu/asset-management/2A3BF1RIIHIHI,,,,,,,pending,,Not yet acquired; browser pass in progress
UC110814053,facsimile RTI capture (2013 colour photo),DSS 3Q15F Column 8 12 TIFF,8,Full,,,https://digitallibrary.usc.edu/asset-management/2A3BF1RIIHOAW,,,,,,,pending,,Not yet acquired; browser pass in progress
UC110814049,facsimile RTI capture (2013 colour photo),DSS 3Q15F Column 12 06 TIFF,12,Full,,,https://digitallibrary.usc.edu/asset-management/2A3BF1RIIHEPK,,,,,,,pending,,Not yet acquired; browser pass in progress
UC110814043,facsimile RTI capture (2013 colour photo),DSS 3Q15F Column 6 35 TIFF,6,Full,,,https://digitallibrary.usc.edu/asset-management/2A3BF1RIIH6OP,,,,,,,pending,,Not yet acquired; browser pass in progress
UC110814048,facsimile RTI capture (2013 colour photo),DSS 3Q15F Column 1 28 TIFF,1,Full,,,https://digitallibrary.usc.edu/asset-management/2A3BF1RII2QXB,,,,,,,pending,,Not yet acquired; browser pass in progress
UC110814044,facsimile RTI capture (2013 colour photo),DSS 3Q15F Column 10 06 TIFF,10,Full,,,https://digitallibrary.usc.edu/asset-management/2A3BF1RII2XP4,,,,,,,pending,,Not yet acquired; browser pass in progress
UC110814047,facsimile RTI capture (2013 colour photo),DSS 3Q15F Column 1 16 TIFF,1,Full,,,https://digitallibrary.usc.edu/asset-management/2A3BF1RII2ZCQ,,,,,,,pending,,Not yet acquired; browser pass in progress
UC110814046,facsimile RTI capture (2013 colour photo),DSS 3Q15F Column 6 32 TIFF,6,Full,,,https://digitallibrary.usc.edu/asset-management/2A3BF1RII2TY5,,,,,,,pending,,Not yet acquired; browser pass in progress
UC110814045,facsimile RTI capture (2013 colour photo),DSS 3Q15F Column 9 07 TIFF,9,Full,,,https://digitallibrary.usc.edu/asset-management/2A3BF1RII2M32,,,,,,,pending,,Not yet acquired; browser pass in progress
UC110814042,facsimile RTI capture (2013 colour photo),DSS 3Q15F Column 9 02 TIFF,9,Full,,,https://digitallibrary.usc.edu/asset-management/2A3BF1RII26AP,,,,,,,pending,,Not yet acquired; browser pass in progress
UC110814041,facsimile RTI capture (2013 colour photo),DSS 3Q15F Column 11 28 TIFF,11,Full,,,https://digitallibrary.usc.edu/asset-management/2A3BF1RII2S08,,,,,,,pending,,Not yet acquired; browser pass in progress
UC110814038,facsimile RTI capture (2013 colour photo),DSS 3Q15F Column 6 27 TIFF,6,Full,,,https://digitallibrary.usc.edu/asset-management/2A3BF1RII2ELK,,,,,,,pending,,Not yet acquired; browser pass in progress
UC110814034,facsimile RTI capture (2013 colour photo),DSS 3Q15F Column 2 Bottom 12 TIFF,2,Bottom,,,https://digitallibrary.usc.edu/asset-management/2A3BF1RII23J1,,,,,,,pending,,Not yet acquired; browser pass in progress
UC110814033,facsimile RTI capture (2013 colour photo),DSS 3Q15F Column 1 Bottom 38 TIFF,1,Bottom,,,https://digitallibrary.usc.edu/asset-management/2A3BF1RII2B5W,,,,,,,pending,,Not yet acquired; browser pass in progress
UC110814027,facsimile RTI capture (2013 colour photo),DSS 3Q15F Column 1 Bottom 24 TIFF,1,Bottom,,,https://digitallibrary.usc.edu/asset-management/2A3BF1RII2FS1,,,,,,,pending,,Not yet acquired; browser pass in progress
UC110814032,facsimile RTI capture (2013 colour photo),DSS 3Q15F Column 5 30 TIFF,5,Full,,,https://digitallibrary.usc.edu/asset-management/2A3BF1RII2L6Q,,,,,,,pending,,Not yet acquired; browser pass in progress
UC110814021,facsimile RTI capture (2013 colour photo),DSS 3Q15F Column 5 19 TIFF,5,Full,,,https://digitallibrary.usc.edu/asset-management/2A3BF1RII254I,,,,,,,pending,,Not yet acquired; browser pass in progress
UC110814031,facsimile RTI capture (2013 colour photo),DSS 3Q15F Column 3 34 TIFF,3,Full,,,https://digitallibrary.usc.edu/asset-management/2A3BF1RII2874,,,,,,,pending,,Not yet acquired; browser pass in progress
UC110814030,facsimile RTI capture (2013 colour photo),DSS 3Q15F Column 4 36 TIFF,4,Full,,,https://digitallibrary.usc.edu/asset-management/2A3BF1RII2VGD,,,,,,,pending,,Not yet acquired; browser pass in progress
UC110814028,facsimile RTI capture (2013 colour photo),DSS 3Q15F Column 12 19 TIFF,12,Full,,,https://digitallibrary.usc.edu/asset-management/2A3BF1RII2YZK,,,,,,,pending,,Not yet acquired; browser pass in progress
UC110814029,facsimile RTI capture (2013 colour photo),DSS 3Q15F Column 5 15 TIFF,5,Full,,,https://digitallibrary.usc.edu/asset-management/2A3BF1RII20TD,,,,,,,pending,,Not yet acquired; browser pass in progress
UC110814026,facsimile RTI capture (2013 colour photo),DSS 3Q15F Column 1 Top 01 TIFF,1,Top,,,https://digitallibrary.usc.edu/asset-management/2A3BF1RII22UU,,,,,,,pending,,Not yet acquired; browser pass in progress
UC110814025,facsimile RTI capture (2013 colour photo),DSS 3Q15F Column 3 24 TIFF,3,Full,,,https://digitallibrary.usc.edu/asset-management/2A3BF1RII27DR,,,,,,,pending,,Not yet acquired; browser pass in progress
UC110814023,facsimile RTI capture (2013 colour photo),DSS 3Q15F Column 8 15 TIFF,8,Full,,,https://digitallibrary.usc.edu/asset-management/2A3BF1RII2WOX,,,,,,,pending,,Not yet acquired; browser pass in progress
UC110814020,facsimile RTI capture (2013 colour photo),DSS 3Q15F Column 12 21 TIFF,12,Full,,,https://digitallibrary.usc.edu/asset-management/2A3BF1RII2I2I,,,,,,,pending,,Not yet acquired; browser pass in progress
UC110814017,facsimile RTI capture (2013 colour photo),DSS 3Q15F Column 4 21 TIFF,4,Full,,,https://digitallibrary.usc.edu/asset-management/2A3BF1RII24KU,,,,,,,pending,,Not yet acquired; browser pass in progress
UC110814015,facsimile RTI capture (2013 colour photo),DSS 3Q15F Column 11 11 TIFF,11,Full,,,https://digitallibrary.usc.edu/asset-management/2A3BF1RII2RQ7,,,,,,,pending,,Not yet acquired; browser pass in progress
UC110814014,facsimile RTI capture (2013 colour photo),DSS 3Q15F Column 2 13 TIFF,2,Full,,,https://digitallibrary.usc.edu/asset-management/2A3BF1RII2PWR,,,,,,,pending,,Not yet acquired; browser pass in progress
UC110814013,facsimile RTI capture (2013 colour photo),DSS 3Q15F Column 4 27 TIFF,4,Full,,,https://digitallibrary.usc.edu/asset-management/2A3BF1RII2OIW,,,,,,,pending,,Not yet acquired; browser pass in progress
UC110814012,facsimile RTI capture (2013 colour photo),DSS 3Q15F Column 7 36 TIFF,7,Full,,,https://digitallibrary.usc.edu/asset-management/2A3BF1RIIEN8O,,,,,,,pending,,Not yet acquired; browser pass in progress
UC110814011,facsimile RTI capture (2013 colour photo),DSS 3Q15F Column 11 18 TIFF,11,Full,,,https://digitallibrary.usc.edu/asset-management/2A3BF1RIIEM72,,,,,,,pending,,Not yet acquired; browser pass in progress
UC110814010,facsimile RTI capture (2013 colour photo),DSS 3Q15F Column 3 04 TIFF,3,Full,,,https://digitallibrary.usc.edu/asset-management/2A3BF1RIIEU69,,,,,,,pending,,Not yet acquired; browser pass in progress
UC110814009,facsimile RTI capture (2013 colour photo),DSS 3Q15F Column 12 25 TIFF,12,Full,,,https://digitallibrary.usc.edu/asset-management/2A3BF1RIIEIEI,,,,,,,pending,,Not yet acquired; browser pass in progress
UC110814008,facsimile RTI capture (2013 colour photo),DSS 3Q15F Column 4 33 TIFF,4,Full,,,https://digitallibrary.usc.edu/asset-management/2A3BF1RIIE8F4,,,,,,,pending,,Not yet acquired; browser pass in progress
UC110814007,facsimile RTI capture (2013 colour photo),DSS 3Q15F Column 2 22 TIFF,2,Full,,,https://digitallibrary.usc.edu/asset-management/2A3BF1RIIERN7,,,,,,,pending,,Not yet acquired; browser pass in progress
UC110814006,facsimile RTI capture (2013 colour photo),DSS 3Q15F Column 1 Top 22 TIFF,1,Top,,,https://digitallibrary.usc.edu/asset-management/2A3BF1RIIEWVX,,,,,,,pending,,Not yet acquired; browser pass in progress
UC110814005,facsimile RTI capture (2013 colour photo),DSS 3Q15F Column 10 32 TIFF,10,Full,,,https://digitallibrary.usc.edu/asset-management/2A3BF1RIIEAXO,,,,,,,pending,,Not yet acquired; browser pass in progress
UC110814003,facsimile RTI capture (2013 colour photo),DSS 3Q15F Column 1 Top 44 TIFF,1,Top,,,https://digitallibrary.usc.edu/asset-management/2A3BF1RIIE5YI,,,,,,,pending,,Not yet acquired; browser pass in progress
UC110814000,facsimile RTI capture (2013 colour photo),DSS 3Q15F Column 9 24 TIFF,9,Full,,,https://digitallibrary.usc.edu/asset-management/2A3BF1RIIESO8,,,,,,,pending,,Not yet acquired; browser pass in progress
UC110814001,facsimile RTI capture (2013 colour photo),DSS 3Q15F Column 1 Bottom 17 TIFF,1,Bottom,,,https://digitallibrary.usc.edu/asset-management/2A3BF1RIIE6QP,,,,,,,pending,,Not yet acquired; browser pass in progress
UC110813998,facsimile RTI capture (2013 colour photo),DSS 3Q15F Column 5 24 TIFF,5,Full,,,https://digitallibrary.usc.edu/asset-management/2A3BF1RIIE9HB,,,,,,,pending,,Not yet acquired; browser pass in progress
UC110813997,facsimile RTI capture (2013 colour photo),DSS 3Q15F Column 2 20 TIFF,2,Full,,,https://digitallibrary.usc.edu/asset-management/2A3BF1RIIE0ID,,,,,,,pending,,Not yet acquired; browser pass in progress
UC110813996,facsimile RTI capture (2013 colour photo),DSS 3Q15F Column 6 15 TIFF,6,Full,,,https://digitallibrary.usc.edu/asset-management/2A3BF1RIIELRQ,,,,,,,pending,,Not yet acquired; browser pass in progress
UC110813995,facsimile RTI capture (2013 colour photo),DSS 3Q15F Column 11 07 TIFF,11,Full,,,https://digitallibrary.usc.edu/asset-management/2A3BF1RIIEKC9,,,,,,,pending,,Not yet acquired; browser pass in progress
UC110813993,facsimile RTI capture (2013 colour photo),DSS 3Q15F Column 1 Top 35 TIFF,1,Top,,,https://digitallibrary.usc.edu/asset-management/2A3BF1RIIET25,,,,,,,pending,,Not yet acquired; browser pass in progress
UC110813990,facsimile RTI capture (2013 colour photo),DSS 3Q15F Column 1 Top 05 TIFF,1,Top,,,https://digitallibrary.usc.edu/asset-management/2A3BF1RIIEHP2,,,,,,,pending,,Not yet acquired; browser pass in progress
UC110813991,facsimile RTI capture (2013 colour photo),DSS 3Q15F Column 11 16 TIFF,11,Full,,,https://digitallibrary.usc.edu/asset-management/2A3BF1RIIEBTW,,,,,,,pending,,Not yet acquired; browser pass in progress
UC110813989,facsimile RTI capture (2013 colour photo),DSS 3Q15F Column 7 12 TIFF,7,Full,,,https://digitallibrary.usc.edu/asset-management/2A3BF1RIIEOGW,,,,,,,pending,,Not yet acquired; browser pass in progress
UC110813987,facsimile RTI capture (2013 colour photo),DSS 3Q15F Column 3 33 TIFF,3,Full,,,https://digitallibrary.usc.edu/asset-management/2A3BF1RIIEEKK,,,,,,,pending,,Not yet acquired; browser pass in progress
UC110813986,facsimile RTI capture (2013 colour photo),DSS 3Q15F Column 11 27 TIFF,11,Full,,,https://digitallibrary.usc.edu/asset-management/2A3BF1RIIEJB8,,,,,,,pending,,Not yet acquired; browser pass in progress
UC110813984,facsimile RTI capture (2013 colour photo),DSS 3Q15F Column 7 22 TIFF,7,Full,,,https://digitallibrary.usc.edu/asset-management/2A3BF1RIIED0X,,,,,,,pending,,Not yet acquired; browser pass in progress
UC110813974,facsimile RTI capture (2013 colour photo),DSS 3Q15F Column 1 27 TIFF,1,Full,,,https://digitallibrary.usc.edu/asset-management/2A3BF1RIIEYUK,,,,,,,pending,,Not yet acquired; browser pass in progress
UC110813981,facsimile RTI capture (2013 colour photo),DSS 3Q15F Column 12 12 TIFF,12,Full,,,https://digitallibrary.usc.edu/asset-management/2A3BF1RIIEC9P,,,,,,,pending,,Not yet acquired; browser pass in progress
UC110813973,facsimile RTI capture (2013 colour photo),DSS 3Q15F Column 2 23 TIFF,2,Full,,,https://digitallibrary.usc.edu/asset-management/2A3BF1RIIEX34,,,,,,,pending,,Not yet acquired; browser pass in progress
UC110813982,facsimile RTI capture (2013 colour photo),DSS 3Q15F Column 11 26 TIFF,11,Full,,,https://digitallibrary.usc.edu/asset-management/2A3BF1RIIEQMB,,,,,,,pending,,Not yet acquired; browser pass in progress
UC110813980,facsimile RTI capture (2013 colour photo),DSS 3Q15F Column 9 14 TIFF,9,Full,,,https://digitallibrary.usc.edu/asset-management/2A3BF1RIIE3D1,,,,,,,pending,,Not yet acquired; browser pass in progress
UC110813979,facsimile RTI capture (2013 colour photo),DSS 3Q15F Column 3 31 TIFF,3,Full,,,https://digitallibrary.usc.edu/asset-management/2A3BF1RIIEV5D,,,,,,,pending,,Not yet acquired; browser pass in progress
UC110813977,facsimile RTI capture (2013 colour photo),DSS 3Q15F Column 2 33 TIFF,2,Full,,,https://digitallibrary.usc.edu/asset-management/2A3BF1RIIBU49,,,,,,,pending,,Not yet acquired; browser pass in progress
UC110813975,facsimile RTI capture (2013 colour photo),DSS 3Q15F Column 10 27 TIFF,10,Full,,,https://digitallibrary.usc.edu/asset-management/2A3BF1RIIB1K7,,,,,,,pending,,Not yet acquired; browser pass in progress
UC110813976,facsimile RTI capture (2013 colour photo),DSS 3Q15F Column 1 14 TIFF,1,Full,,,https://digitallibrary.usc.edu/asset-management/2A3BF1RIIBG05,,,,,,,pending,,Not yet acquired; browser pass in progress
UC110813970,facsimile RTI capture (2013 colour photo),DSS 3Q15F Column 12 34 TIFF,12,Full,,,https://digitallibrary.usc.edu/asset-management/2A3BF1RIIBYGK,,,,,,,pending,,Not yet acquired; browser pass in progress
UC110813968,facsimile RTI capture (2013 colour photo),DSS 3Q15F Column 5 21 TIFF,5,Full,,,https://digitallibrary.usc.edu/asset-management/2A3BF1RIIBMA2,,,,,,,pending,,Not yet acquired; browser pass in progress
UC110813967,facsimile RTI capture (2013 colour photo),DSS 3Q15F Column 5 31 TIFF,5,Full,,,https://digitallibrary.usc.edu/asset-management/2A3BF1RIIBK29,,,,,,,pending,,Not yet acquired; browser pass in progress
UC110813965,facsimile RTI capture (2013 colour photo),DSS 3Q15F Column 1 Top 36 TIFF,1,Top,,,https://digitallibrary.usc.edu/asset-management/2A3BF1RIIB0JD,,,,,,,pending,,Not yet acquired; browser pass in progress
UC110813964,facsimile RTI capture (2013 colour photo),DSS 3Q15F Column 1 Top 06 TIFF,1,Top,,,https://digitallibrary.usc.edu/asset-management/2A3BF1RIIBACO,,,,,,,pending,,Not yet acquired; browser pass in progress
UC110813962,facsimile RTI capture (2013 colour photo),DSS 3Q15F Column 2 05 TIFF,2,Full,,,https://digitallibrary.usc.edu/asset-management/2A3BF1RIIBLYQ,,,,,,,pending,,Not yet acquired; browser pass in progress
UC110813963,facsimile RTI capture (2013 colour photo),DSS 3Q15F Column 5 07 TIFF,5,Full,,,https://digitallibrary.usc.edu/asset-management/2A3BF1RIIBP8R,,,,,,,pending,,Not yet acquired; browser pass in progress
UC110813961,facsimile RTI capture (2013 colour photo),DSS 3Q15F Column 1 34 TIFF,1,Full,,,https://digitallibrary.usc.edu/asset-management/2A3BF1RIIBN6O,,,,,,,pending,,Not yet acquired; browser pass in progress
UC110813959,facsimile RTI capture (2013 colour photo),DSS 3Q15F Column 10 14 TIFF,10,Full,,,https://digitallibrary.usc.edu/asset-management/2A3BF1RIIB5OI,,,,,,,pending,,Not yet acquired; browser pass in progress
UC110813958,facsimile RTI capture (2013 colour photo),DSS 3Q15F Column 7 28 TIFF,7,Full,,,https://digitallibrary.usc.edu/asset-management/2A3BF1RIIBTV5,,,,,,,pending,,Not yet acquired; browser pass in progress
UC110813957,facsimile RTI capture (2013 colour photo),DSS 3Q15F Column 8 11 TIFF,8,Full,,,https://digitallibrary.usc.edu/asset-management/2A3BF1RIIBW7X,,,,,,,pending,,Not yet acquired; browser pass in progress
UC110813953,facsimile RTI capture (2013 colour photo),DSS 3Q15F Column 2 Bottom 41 TIFF,2,Bottom,,,https://digitallibrary.usc.edu/asset-management/2A3BF1RIIBFM1,,,,,,,pending,,Not yet acquired; browser pass in progress
UC110813955,facsimile RTI capture (2013 colour photo),DSS 3Q15F Column 3 Bottom 00 TIFF,3,Bottom,,,https://digitallibrary.usc.edu/asset-management/2A3BF1RIIBVSD,,,,,,,pending,,Not yet acquired; browser pass in progress
UC110813954,facsimile RTI capture (2013 colour photo),DSS 3Q15F Column 1 03 TIFF,1,Full,,,https://digitallibrary.usc.edu/asset-management/2A3BF1RIIB3H1,,,,,,,pending,,Not yet acquired; browser pass in progress
UC110813952,facsimile RTI capture (2013 colour photo),DSS 3Q15F Column 3 Bottom 32 TIFF,3,Bottom,,,https://digitallibrary.usc.edu/asset-management/2A3BF1RIIBBWW,,,,,,,pending,,Not yet acquired; browser pass in progress
UC110813951,facsimile RTI capture (2013 colour photo),DSS 3Q15F Column 4 26 TIFF,4,Full,,,https://digitallibrary.usc.edu/asset-management/2A3BF1RIIB8Q4,,,,,,,pending,,Not yet acquired; browser pass in progress
UC110813948,facsimile RTI capture (2013 colour photo),DSS 3Q15F Column 2 32 TIFF,2,Full,,,https://digitallibrary.usc.edu/asset-management/2A3BF1RIIBDPX,,,,,,,pending,,Not yet acquired; browser pass in progress
UC110813946,facsimile RTI capture (2013 colour photo),DSS 3Q15F Column 2 08 TIFF,2,Full,,,https://digitallibrary.usc.edu/asset-management/2A3BF1RIIBETK,,,,,,,pending,,Not yet acquired; browser pass in progress
UC110813945,facsimile RTI capture (2013 colour photo),DSS 3Q15F Column 4 15 TIFF,4,Full,,,https://digitallibrary.usc.edu/asset-management/2A3BF1RIIBIBI,,,,,,,pending,,Not yet acquired; browser pass in progress
UC110813944,facsimile RTI capture (2013 colour photo),DSS 3Q15F Column 1 Bottom 02 TIFF,1,Bottom,,,https://digitallibrary.usc.edu/asset-management/2A3BF1RIIB25U,,,,,,,pending,,Not yet acquired; browser pass in progress
UC110813943,facsimile RTI capture (2013 colour photo),DSS 3Q15F Column 3 19 TIFF,3,Full,,,https://digitallibrary.usc.edu/asset-management/2A3BF1RIIBCLP,,,,,,,pending,,Not yet acquired; browser pass in progress
UC110813942,facsimile RTI capture (2013 colour photo),DSS 3Q15F Column 7 13 TIFF,7,Full,,,https://digitallibrary.usc.edu/asset-management/2A3BF1RIIBZEQ,,,,,,,pending,,Not yet acquired; browser pass in progress
UC110813941,facsimile RTI capture (2013 colour photo),DSS 3Q15F Column 5 11 TIFF,5,Full,,,https://digitallibrary.usc.edu/asset-management/2A3BF1RIIB9RB,,,,,,,pending,,Not yet acquired; browser pass in progress
UC110813938,facsimile RTI capture (2013 colour photo),DSS 3Q15F Column 1 02 TIFF,1,Full,,,https://digitallibrary.usc.edu/asset-management/2A3BF1RII9WUX,,,,,,,pending,,Not yet acquired; browser pass in progress
UC110813937,facsimile RTI capture (2013 colour photo),DSS 3Q15F Column 1 Top 20 TIFF,1,Top,,,https://digitallibrary.usc.edu/asset-management/2A3BF1RII9MG2,,,,,,,pending,,Not yet acquired; browser pass in progress
UC110813935,facsimile RTI capture (2013 colour photo),DSS 3Q15F Column 2 Bottom 32 TIFF,2,Bottom,,,https://digitallibrary.usc.edu/asset-management/2A3BF1RII9CJP,,,,,,,pending,,Not yet acquired; browser pass in progress
UC110813936,facsimile RTI capture (2013 colour photo),DSS 3Q15F Column 10 07 TIFF,10,Full,,,https://digitallibrary.usc.edu/asset-management/2A3BF1RII9FY1,,,,,,,pending,,Not yet acquired; browser pass in progress
UC110813931,facsimile RTI capture (2013 colour photo),DSS 3Q15F Column 6 17 TIFF,6,Full,,,https://digitallibrary.usc.edu/asset-management/2A3BF1RII9YMK,,,,,,,pending,,Not yet acquired; browser pass in progress
UC110813934,facsimile RTI capture (2013 colour photo),DSS 3Q15F Column 11 02 TIFF,11,Full,,,https://digitallibrary.usc.edu/asset-management/2A3BF1RII9DKX,,,,,,,pending,,Not yet acquired; browser pass in progress
UC110813933,facsimile RTI capture (2013 colour photo),DSS 3Q15F Column 1 Top 26 TIFF,1,Top,,,https://digitallibrary.usc.edu/asset-management/2A3BF1RII96SP,,,,,,,pending,,Not yet acquired; browser pass in progress
UC110813932,facsimile RTI capture (2013 colour photo),DSS 3Q15F Column 1 Top 15 TIFF,1,Top,,,https://digitallibrary.usc.edu/asset-management/2A3BF1RII9A0O,,,,,,,pending,,Not yet acquired; browser pass in progress
UC110813930,facsimile RTI capture (2013 colour photo),DSS 3Q15F Column 10 23 TIFF,10,Full,,,https://digitallibrary.usc.edu/asset-management/2A3BF1RII94XU,,,,,,,pending,,Not yet acquired; browser pass in progress
UC110813926,facsimile RTI capture (2013 colour photo),DSS 3Q15F Column 12 29 TIFF,12,Full,,,https://digitallibrary.usc.edu/asset-management/2A3BF1RII974R,,,,,,,pending,,Not yet acquired; browser pass in progress
UC110813929,facsimile RTI capture (2013 colour photo),DSS 3Q15F Column 10 03 TIFF,10,Full,,,https://digitallibrary.usc.edu/asset-management/2A3BF1RII9GA5,,,,,,,pending,,Not yet acquired; browser pass in progress
UC110813928,facsimile RTI capture (2013 colour photo),DSS 3Q15F Column 9 18 TIFF,9,Full,,,https://digitallibrary.usc.edu/asset-management/2A3BF1RII9JL8,,,,,,,pending,,Not yet acquired; browser pass in progress
UC110813925,facsimile RTI capture (2013 colour photo),DSS 3Q15F Column 3 Bottom 14 TIFF,3,Bottom,,,https://digitallibrary.usc.edu/asset-management/2A3BF1RII9KP9,,,,,,,pending,,Not yet acquired; browser pass in progress
UC110813923,facsimile RTI capture (2013 colour photo),DSS 3Q15F Column 1 Top 43 TIFF,1,Top,,,https://digitallibrary.usc.edu/asset-management/2A3BF1RII9TN5,,,,,,,pending,,Not yet acquired; browser pass in progress
UC110813922,facsimile RTI capture (2013 colour photo),DSS 3Q15F Column 3 Bottom 44 TIFF,3,Bottom,,,https://digitallibrary.usc.edu/asset-management/2A3BF1RII9HT2,,,,,,,pending,,Not yet acquired; browser pass in progress
UC110813920,facsimile RTI capture (2013 colour photo),DSS 3Q15F Column 3 12 TIFF,3,Full,,,https://digitallibrary.usc.edu/asset-management/2A3BF1RII9BRW,,,,,,,pending,,Not yet acquired; browser pass in progress
UC110813919,facsimile RTI capture (2013 colour photo),DSS 3Q15F Column 11 05 TIFF,11,Full,,,https://digitallibrary.usc.edu/asset-management/2A3BF1RII9NVO,,,,,,,pending,,Not yet acquired; browser pass in progress
UC110813917,facsimile RTI capture (2013 colour photo),DSS 3Q15F Column 11 33 TIFF,11,Full,,,https://digitallibrary.usc.edu/asset-management/2A3BF1RII9Z3Q,,,,,,,pending,,Not yet acquired; browser pass in progress
UC110813915,facsimile RTI capture (2013 colour photo),DSS 3Q15F Column 3 Bottom 45 TIFF,3,Bottom,,,https://digitallibrary.usc.edu/asset-management/2A3BF1RII95QI,,,,,,,pending,,Not yet acquired; browser pass in progress
UC110813916,facsimile RTI capture (2013 colour photo),DSS 3Q15F Column 7 20 TIFF,7,Full,,,https://digitallibrary.usc.edu/asset-management/2A3BF1RII928U,,,,,,,pending,,Not yet acquired; browser pass in progress
UC110813914,facsimile RTI capture (2013 colour photo),DSS 3Q15F Column 12 02 TIFF,12,Full,,,https://digitallibrary.usc.edu/asset-management/2A3BF1RII91D7,,,,,,,pending,,Not yet acquired; browser pass in progress
UC110813913,facsimile RTI capture (2013 colour photo),DSS 3Q15F Column 1 Bottom 26 TIFF,1,Bottom,,,https://digitallibrary.usc.edu/asset-management/2A3BF1RII9EHK,,,,,,,pending,,Not yet acquired; browser pass in progress
UC110813912,facsimile RTI capture (2013 colour photo),DSS 3Q15F Column 3 06 TIFF,3,Full,,,https://digitallibrary.usc.edu/asset-management/2A3BF1RII93E1,,,,,,,pending,,Not yet acquired; browser pass in progress
UC110813911,facsimile RTI capture (2013 colour photo),DSS 3Q15F Column 1 Bottom 07 TIFF,1,Bottom,,,https://digitallibrary.usc.edu/asset-management/2A3BF1RII9XI4,,,,,,,pending,,Not yet acquired; browser pass in progress
UC110813910,facsimile RTI capture (2013 colour photo),DSS 3Q15F Column 10 22 TIFF,10,Full,,,https://digitallibrary.usc.edu/asset-management/2A3BF1RII9QOB,,,,,,,pending,,Not yet acquired; browser pass in progress
UC110813909,facsimile RTI capture (2013 colour photo),DSS 3Q15F Column 3 Bottom 29 TIFF,3,Bottom,,,https://digitallibrary.usc.edu/asset-management/2A3BF1RII9P2R,,,,,,,pending,,Not yet acquired; browser pass in progress
UC110813808,facsimile RTI capture (2013 colour photo),DSS 3Q15F Column 2 01 TIFF,2,Full,,,https://digitallibrary.usc.edu/asset-management/2A3BF1RII90CD,,,,,,,pending,,Not yet acquired; browser pass in progress
UC110813805,facsimile RTI capture (2013 colour photo),DSS 3Q15F Column 12 01 TIFF,12,Full,,,https://digitallibrary.usc.edu/asset-management/2A3BF1RII9I9I,,,,,,,pending,,Not yet acquired; browser pass in progress
UC110813791,facsimile RTI capture (2013 colour photo),DSS 3Q15F Column 1 Top 11 TIFF,1,Top,,,https://digitallibrary.usc.edu/asset-management/2A3BF1RIIJYOK,,,,,,,pending,,Not yet acquired; browser pass in progress
UC110813790,facsimile RTI capture (2013 colour photo),DSS 3Q15F Column 11 13 TIFF,11,Full,,,https://digitallibrary.usc.edu/asset-management/2A3BF1RIIJO3W,,,,,,,pending,,Not yet acquired; browser pass in progress
UC110813788,facsimile RTI capture (2013 colour photo),DSS 3Q15F Column 5 10 TIFF,5,Full,,,https://digitallibrary.usc.edu/asset-management/2A3BF1RIIJUG9,,,,,,,pending,,Not yet acquired; browser pass in progress
UC110813789,facsimile RTI capture (2013 colour photo),DSS 3Q15F Column 7 14 TIFF,7,Full,,,https://digitallibrary.usc.edu/asset-management/2A3BF1RIIJ5SI,,,,,,,pending,,Not yet acquired; browser pass in progress
UC110813787,facsimile RTI capture (2013 colour photo),DSS 3Q15F Column 6 36 TIFF,6,Full,,,https://digitallibrary.usc.edu/asset-management/2A3BF1RIIJQZB,,,,,,,pending,,Not yet acquired; browser pass in progress
UC110813775,facsimile RTI capture (2013 colour photo),DSS 3Q15F Column 11 34 TIFF,11,Full,,,https://digitallibrary.usc.edu/asset-management/2A3BF1RIIJEBK,,,,,,,pending,,Not yet acquired; browser pass in progress
UC110813773,facsimile RTI capture (2013 colour photo),DSS 3Q15F Column 8 19 TIFF,8,Full,,,https://digitallibrary.usc.edu/asset-management/2A3BF1RIIJ7AR,,,,,,,pending,,Not yet acquired; browser pass in progress
UC110813772,facsimile RTI capture (2013 colour photo),DSS 3Q15F Column 1 32 TIFF,1,Full,,,https://digitallibrary.usc.edu/asset-management/2A3BF1RIIJDHX,,,,,,,pending,,Not yet acquired; browser pass in progress
UC110813771,facsimile RTI capture (2013 colour photo),DSS 3Q15F Column 3 Bottom 31 TIFF,3,Bottom,,,https://digitallibrary.usc.edu/asset-management/2A3BF1RIIJAKO,,,,,,,pending,,Not yet acquired; browser pass in progress
UC110813770,facsimile RTI capture (2013 colour photo),DSS 3Q15F Column 3 Bottom 11 TIFF,3,Bottom,,,https://digitallibrary.usc.edu/asset-management/2A3BF1RIIJGD5,,,,,,,pending,,Not yet acquired; browser pass in progress
UC110813769,facsimile RTI capture (2013 colour photo),DSS 3Q15F Column 3 Bottom 42 TIFF,3,Bottom,,,https://digitallibrary.usc.edu/asset-management/2A3BF1RIIJ1E7,,,,,,,pending,,Not yet acquired; browser pass in progress
UC110813768,facsimile RTI capture (2013 colour photo),DSS 3Q15F Column 2 Bottom 37 TIFF,2,Bottom,,,https://digitallibrary.usc.edu/asset-management/2A3BF1RIIJ2VU,,,,,,,pending,,Not yet acquired; browser pass in progress
UC110813766,facsimile RTI capture (2013 colour photo),DSS 3Q15F Column 2 18 TIFF,2,Full,,,https://digitallibrary.usc.edu/asset-management/2A3BF1RIIJRY7,,,,,,,pending,,Not yet acquired; browser pass in progress
UC110813765,facsimile RTI capture (2013 colour photo),DSS 3Q15F Column 7 27 TIFF,7,Full,,,https://digitallibrary.usc.edu/asset-management/2A3BF1RIIJV7D,,,,,,,pending,,Not yet acquired; browser pass in progress
UC110813761,facsimile RTI capture (2013 colour photo),DSS 3Q15F Column 1 Bottom 36 TIFF,1,Bottom,,,https://digitallibrary.usc.edu/asset-management/2A3BF1RIIJBFW,,,,,,,pending,,Not yet acquired; browser pass in progress
UC110813762,facsimile RTI capture (2013 colour photo),DSS 3Q15F Column 6 09 TIFF,6,Full,,,https://digitallibrary.usc.edu/asset-management/2A3BF1RIIJL5Q,,,,,,,pending,,Not yet acquired; browser pass in progress
UC110813763,facsimile RTI capture (2013 colour photo),DSS 3Q15F Column 12 13 TIFF,12,Full,,,https://digitallibrary.usc.edu/asset-management/2A3BF1RIIJ864,,,,,,,pending,,Not yet acquired; browser pass in progress
UC110813757,facsimile RTI capture (2013 colour photo),DSS 3Q15F Column 1 Top 27 TIFF,1,Top,,,https://digitallibrary.usc.edu/asset-management/2A3BF1RIIJXC4,,,,,,,pending,,Not yet acquired; browser pass in progress
UC110813756,facsimile RTI capture (2013 colour photo),DSS 3Q15F Column 2 Bottom 40 TIFF,2,Bottom,,,https://digitallibrary.usc.edu/asset-management/2A3BF1RIIJ64P,,,,,,,pending,,Not yet acquired; browser pass in progress
UC110813749,facsimile RTI capture (2013 colour photo),DSS 3Q15F Column 1 Top 07 TIFF,1,Top,,,https://digitallibrary.usc.edu/asset-management/2A3BF1RIIJ9LB,,,,,,,pending,,Not yet acquired; browser pass in progress
UC110813752,facsimile RTI capture (2013 colour photo),DSS 3Q15F Column 3 20 TIFF,3,Full,,,https://digitallibrary.usc.edu/asset-management/2A3BF1RIIJIJI,,,,,,,pending,,Not yet acquired; browser pass in progress
UC110813746,facsimile RTI capture (2013 colour photo),DSS 3Q15F Column 8 01 TIFF,8,Full,,,https://digitallibrary.usc.edu/asset-management/2A3BF1RIIJ0PD,,,,,,,pending,,Not yet acquired; browser pass in progress
UC110813755,facsimile RTI capture (2013 colour photo),DSS 3Q15F Column 2 Bottom 01 TIFF,2,Bottom,,,https://digitallibrary.usc.edu/asset-management/2A3BF1RIIJSX8,,,,,,,pending,,Not yet acquired; browser pass in progress
UC110813754,facsimile RTI capture (2013 colour photo),DSS 3Q15F Column 1 Top 34 TIFF,1,Top,,,https://digitallibrary.usc.edu/asset-management/2A3BF1RIIJTW5,,,,,,,pending,,Not yet acquired; browser pass in progress
UC110813753,facsimile RTI capture (2013 colour photo),DSS 3Q15F Column 4 25 TIFF,4,Full,,,https://digitallibrary.usc.edu/asset-management/2A3BF1RIIJKT9,,,,,,,pending,,Not yet acquired; browser pass in progress
UC110813744,facsimile RTI capture (2013 colour photo),DSS 3Q15F Column 1 Top 09 TIFF,1,Top,,,https://digitallibrary.usc.edu/asset-management/2A3BF1RIIJ40U,,,,,,,pending,,Not yet acquired; browser pass in progress
UC110813748,facsimile RTI capture (2013 colour photo),DSS 3Q15F Column 11 17 TIFF,11,Full,,,https://digitallibrary.usc.edu/asset-management/2A3BF1RIIJC2P,,,,,,,pending,,Not yet acquired; browser pass in progress
UC110813751,facsimile RTI capture (2013 colour photo),DSS 3Q15F Column 5 06 TIFF,5,Full,,,https://digitallibrary.usc.edu/asset-management/2A3BF1RIIJM12,,,,,,,pending,,Not yet acquired; browser pass in progress
UC110813750,facsimile RTI capture (2013 colour photo),DSS 3Q15F Column 8 27 TIFF,8,Full,,,https://digitallibrary.usc.edu/asset-management/2A3BF1RIIT61P,,,,,,,pending,,Not yet acquired; browser pass in progress
UC110813747,facsimile RTI capture (2013 colour photo),DSS 3Q15F Column 3 30 TIFF,3,Full,,,https://digitallibrary.usc.edu/asset-management/2A3BF1RIITA9O,,,,,,,pending,,Not yet acquired; browser pass in progress
UC110813745,facsimile RTI capture (2013 colour photo),DSS 3Q15F Column 8 25 TIFF,8,Full,,,https://digitallibrary.usc.edu/asset-management/2A3BF1RIIT4EU,,,,,,,pending,,Not yet acquired; browser pass in progress
UC110813742,facsimile RTI capture (2013 colour photo),DSS 3Q15F Column 7 24 TIFF,7,Full,,,https://digitallibrary.usc.edu/asset-management/2A3BF1RIITBVW,,,,,,,pending,,Not yet acquired; browser pass in progress
UC110813736,facsimile RTI capture (2013 colour photo),DSS 3Q15F Column 3 Bottom 19 TIFF,3,Bottom,,,https://digitallibrary.usc.edu/asset-management/2A3BF1RIIT3P1,,,,,,,pending,,Not yet acquired; browser pass in progress
UC110813735,facsimile RTI capture (2013 colour photo),DSS 3Q15F Column 2 Bottom 19 TIFF,2,Bottom,,,https://digitallibrary.usc.edu/asset-management/2A3BF1RIITZKQ,,,,,,,pending,,Not yet acquired; browser pass in progress
UC110813731,facsimile RTI capture (2013 colour photo),DSS 3Q15F Column 5 36 TIFF,5,Full,,,https://digitallibrary.usc.edu/asset-management/2A3BF1RIITXH4,,,,,,,pending,,Not yet acquired; browser pass in progress
UC110813730,facsimile RTI capture (2013 colour photo),DSS 3Q15F Column 5 20 TIFF,5,Full,,,https://digitallibrary.usc.edu/asset-management/2A3BF1RIITR67,,,,,,,pending,,Not yet acquired; browser pass in progress
UC110813734,facsimile RTI capture (2013 colour photo),DSS 3Q15F Column 1 Bottom 12 TIFF,1,Bottom,,,https://digitallibrary.usc.edu/asset-management/2A3BF1RIITJW8,,,,,,,pending,,Not yet acquired; browser pass in progress
UC110813733,facsimile RTI capture (2013 colour photo),DSS 3Q15F Column 10 33 TIFF,10,Full,,,https://digitallibrary.usc.edu/asset-management/2A3BF1RIIT8M4,,,,,,,pending,,Not yet acquired; browser pass in progress
UC110813732,facsimile RTI capture (2013 colour photo),DSS 3Q15F Column 2 Bottom 24 TIFF,2,Bottom,,,https://digitallibrary.usc.edu/asset-management/2A3BF1RIITY4K,,,,,,,pending,,Not yet acquired; browser pass in progress
UC110813729,facsimile RTI capture (2013 colour photo),DSS 3Q15F Column 8 33 TIFF,8,Full,,,https://digitallibrary.usc.edu/asset-management/2A3BF1RIIT2YU,,,,,,,pending,,Not yet acquired; browser pass in progress
UC110813728,facsimile RTI capture (2013 colour photo),DSS 3Q15F Column 8 03 TIFF,8,Full,,,https://digitallibrary.usc.edu/asset-management/2A3BF1RIITVOD,,,,,,,pending,,Not yet acquired; browser pass in progress
UC110813727,facsimile RTI capture (2013 colour photo),DSS 3Q15F Column 3 Bottom 09 TIFF,3,Bottom,,,https://digitallibrary.usc.edu/asset-management/2A3BF1RIITNQO,,,,,,,pending,,Not yet acquired; browser pass in progress
UC110813726,facsimile RTI capture (2013 colour photo),DSS 3Q15F Column 10 08 TIFF,10,Full,,,https://digitallibrary.usc.edu/asset-management/2A3BF1RIITWSX,,,,,,,pending,,Not yet acquired; browser pass in progress
UC110813722,facsimile RTI capture (2013 colour photo),DSS 3Q15F Column 9 09 TIFF,9,Full,,,https://digitallibrary.usc.edu/asset-management/2A3BF1RIIT5GI,,,,,,,pending,,Not yet acquired; browser pass in progress
UC110813723,facsimile RTI capture (2013 colour photo),DSS 3Q15F Column 2 Bottom 06 TIFF,2,Bottom,,,https://digitallibrary.usc.edu/asset-management/2A3BF1RIITDJX,,,,,,,pending,,Not yet acquired; browser pass in progress
UC110813720,facsimile RTI capture (2013 colour photo),DSS 3Q15F Column 11 04 TIFF,11,Full,,,https://digitallibrary.usc.edu/asset-management/2A3BF1RIITMX2,,,,,,,pending,,Not yet acquired; browser pass in progress
UC110813718,facsimile RTI capture (2013 colour photo),DSS 3Q15F Column 11 14 TIFF,11,Full,,,https://digitallibrary.usc.edu/asset-management/2A3BF1RIITF71,,,,,,,pending,,Not yet acquired; browser pass in progress
UC110813717,facsimile RTI capture (2013 colour photo),DSS 3Q15F Column 12 18 TIFF,12,Full,,,https://digitallibrary.usc.edu/asset-management/2A3BF1RIITGI5,,,,,,,pending,,Not yet acquired; browser pass in progress
UC15246908,"original scroll cut segment (1988 film photo, scanned)","3Q15 Cut 16 Verso frgs, b&w neg",,,16,Verso,https://digitallibrary.usc.edu/asset-management/2A3BF1S6762JX,,,,,,,pending,,Not yet acquired; browser pass in progress
UC15246906,"original scroll cut segment (1988 film photo, scanned)","3Q15 Cut 23 Recto bot ctr, b&w neg",,,23,Recto,https://digitallibrary.usc.edu/asset-management/2A3BF1S6760X2,,,,,,,pending,,Not yet acquired; browser pass in progress
UC15246904,"original scroll cut segment (1988 film photo, scanned)","3Q15 Cut 16 Recto frgs, b&w neg",,,16,Recto,https://digitallibrary.usc.edu/asset-management/2A3BF1S676LBD,,,,,,,pending,,Not yet acquired; browser pass in progress
UC15246897,"original scroll cut segment (1988 film photo, scanned)","3Q15 Cut 18 Recto rt top light, b&w neg",,,18,Recto,https://digitallibrary.usc.edu/asset-management/2A3BF1S676PC7,,,,,,,pending,,Not yet acquired; browser pass in progress
UC15246896,"original scroll cut segment (1988 film photo, scanned)","3Q15 Cut 18 Recto lft bot light, b&w neg",,,18,Recto,https://digitallibrary.usc.edu/asset-management/2A3BF1S676V82,,,,,,,pending,,Not yet acquired; browser pass in progress
UC15246893,"original scroll cut segment (1988 film photo, scanned)","3Q15 Cut 22 Verso, color",,,22,Verso,https://digitallibrary.usc.edu/asset-management/2A3BF1S67VCX5,,,,,,,pending,,Not yet acquired; browser pass in progress
UC15246889,"original scroll cut segment (1988 film photo, scanned)","3Q15 Cut 16 Recto  edge bot light, color",,,16,Recto,https://digitallibrary.usc.edu/asset-management/2A3BF1S67V46X,,,,,,,pending,,Not yet acquired; browser pass in progress
UC15246887,"original scroll cut segment (1988 film photo, scanned)","3Q15 Cut 19 Recto rt bot light, color",,,19,Recto,https://digitallibrary.usc.edu/asset-management/2A3BF1S67VL9D,,,,,,,pending,,Not yet acquired; browser pass in progress
UC15246885,"original scroll cut segment (1988 film photo, scanned)","3Q15 Cut 16 Recto lft top light, b&w neg",,,16,Recto,https://digitallibrary.usc.edu/asset-management/2A3BF1S67VBE4,,,,,,,pending,,Not yet acquired; browser pass in progress
UC15246883,"original scroll cut segment (1988 film photo, scanned)","3Q15 Cut 16 Recto frgs, color",,,16,Recto,https://digitallibrary.usc.edu/asset-management/2A3BF1S67TLXD,,,,,,,pending,,Not yet acquired; browser pass in progress
UC15246874,"original scroll cut segment (1988 film photo, scanned)","3Q15 Cut 17 Recto top light, b&w neg",,,17,Recto,https://digitallibrary.usc.edu/asset-management/2A3BF1S67U3ZP,,,,,,,pending,,Not yet acquired; browser pass in progress
UC15246869,"original scroll cut segment (1988 film photo, scanned)","3Q15 Cut 16 Recto rt bot light, b&w neg",,,16,Recto,https://digitallibrary.usc.edu/asset-management/2A3BF1S67ULJD,,,,,,,pending,,Not yet acquired; browser pass in progress
UC15246868,"original scroll cut segment (1988 film photo, scanned)","3Q15 Cut 23 Recto bot ctr, color",,,23,Recto,https://digitallibrary.usc.edu/asset-management/2A3BF1S67UB94,,,,,,,pending,,Not yet acquired; browser pass in progress
UC15246866,"original scroll cut segment (1988 film photo, scanned)","3Q15 Cut 18 Recto rt bot light, b&w neg",,,18,Recto,https://digitallibrary.usc.edu/asset-management/2A3BF1S67UJCO,,,,,,,pending,,Not yet acquired; browser pass in progress
UC15246865,"original scroll cut segment (1988 film photo, scanned)","3Q15 Cut 22 Recto lft bot light, b&w neg",,,22,Recto,https://digitallibrary.usc.edu/asset-management/2A3BF1S67UMYQ,,,,,,,pending,,Not yet acquired; browser pass in progress
UC15246864,"original scroll cut segment (1988 film photo, scanned)","3Q15 Cut 16 Recto ctr top light, color",,,16,Recto,https://digitallibrary.usc.edu/asset-management/2A3BF1S67U58R,,,,,,,pending,,Not yet acquired; browser pass in progress
UC15246863,"original scroll cut segment (1988 film photo, scanned)","3Q15 Cut 21 Recto bot light, b&w neg",,,21,Recto,https://digitallibrary.usc.edu/asset-management/2A3BF1S67U1OI,,,,,,,pending,,Not yet acquired; browser pass in progress
UC15246861,"original scroll cut segment (1988 film photo, scanned)","3Q15 Cut 23 Recto ctr bot light, color",,,23,Recto,https://digitallibrary.usc.edu/asset-management/2A3BF1S67U6V5,,,,,,,pending,,Not yet acquired; browser pass in progress
UC15246860,"original scroll cut segment (1988 film photo, scanned)","3Q15 Cut 23 Recto ctr sd light, color",,,23,Recto,https://digitallibrary.usc.edu/asset-management/2A3BF1S67U47X,,,,,,,pending,,Not yet acquired; browser pass in progress
UC15246608,"original scroll cut segment (1988 film photo, scanned)","3Q15 Cut 22 Recto lft bot light, color",,,22,Recto,https://digitallibrary.usc.edu/asset-management/2A3BF1S67UGM1,,,,,,,pending,,Not yet acquired; browser pass in progress
UC15246605,"original scroll cut segment (1988 film photo, scanned)","3Q15 Cut 19 Recto ctr top light, color",,,19,Recto,https://digitallibrary.usc.edu/asset-management/2A3BF1S67UTH1,,,,,,,pending,,Not yet acquired; browser pass in progress
UC15246606,"original scroll cut segment (1988 film photo, scanned)","3Q15 Cut 23 Recto top ctr, color",,,23,Recto,https://digitallibrary.usc.edu/asset-management/2A3BF1S67UUWW,,,,,,,pending,,Not yet acquired; browser pass in progress
UC15246604,"original scroll cut segment (1988 film photo, scanned)","3Q15 Cut 16 Recto rt top light, b&w neg",,,16,Recto,https://digitallibrary.usc.edu/asset-management/2A3BF1S67UD1B,,,,,,,pending,,Not yet acquired; browser pass in progress
UC15246602,"original scroll cut segment (1988 film photo, scanned)","3Q15 Cut 19 Verso, b&w neg",,,19,Verso,https://digitallibrary.usc.edu/asset-management/2A3BF1S67UVN2,,,,,,,pending,,Not yet acquired; browser pass in progress
UC15246598,"original scroll cut segment (1988 film photo, scanned)","3Q15 Cut 19 Recto rt bot light, b&w neg",,,19,Recto,https://digitallibrary.usc.edu/asset-management/2A3BF1S67URBI,,,,,,,pending,,Not yet acquired; browser pass in progress
UC15246599,"original scroll cut segment (1988 film photo, scanned)","3Q15 Cut 21 Verso, b&w neg",,,21,Verso,https://digitallibrary.usc.edu/asset-management/2A3BF1S67UKDW,,,,,,,pending,,Not yet acquired; browser pass in progress
UC15246597,"original scroll cut segment (1988 film photo, scanned)","3Q15 Cut 18 Recto lft bot light, color",,,18,Recto,https://digitallibrary.usc.edu/asset-management/2A3BF1S67UQ5U,,,,,,,pending,,Not yet acquired; browser pass in progress
UC15246596,"original scroll cut segment (1988 film photo, scanned)","3Q15 Cut 20 Recto ctr bot light, b&w neg",,,20,Recto,https://digitallibrary.usc.edu/asset-management/2A3BF1S67UFLP,,,,,,,pending,,Not yet acquired; browser pass in progress
UC15246593,"original scroll cut segment (1988 film photo, scanned)","3Q15 Cut 16 Verso frgs, color",,,16,Verso,https://digitallibrary.usc.edu/asset-management/2A3BF1S679W_4,,,,,,,pending,,Not yet acquired; browser pass in progress
UC15246589,"original scroll cut segment (1988 film photo, scanned)","3Q15 Cut 22 Recto rt top light, b&w neg",,,22,Recto,https://digitallibrary.usc.edu/asset-management/2A3BF1S679V_1,,,,,,,pending,,Not yet acquired; browser pass in progress
UC15246585,"original scroll cut segment (1988 film photo, scanned)","3Q15 Cut 16 Verso, b&w neg",,,16,Verso,https://digitallibrary.usc.edu/asset-management/2A3BF1S679Y_D,,,,,,,pending,,Not yet acquired; browser pass in progress
UC15246583,"original scroll cut segment (1988 film photo, scanned)","3Q15 Cut 17 Recto bot light, b&w neg",,,17,Recto,https://digitallibrary.usc.edu/asset-management/2A3BF1S6YX7EZ,,,,,,,pending,,Not yet acquired; browser pass in progress
UC15246582,"original scroll cut segment (1988 film photo, scanned)","3Q15 Cut 20 Recto lft bot light, color",,,20,Recto,https://digitallibrary.usc.edu/asset-management/2A3BF1S6YX8GT,,,,,,,pending,,Not yet acquired; browser pass in progress
UC15246581,"original scroll cut segment (1988 film photo, scanned)","3Q15 Cut 22 Recto rt bot light, b&w neg",,,22,Recto,https://digitallibrary.usc.edu/asset-management/2A3BF1S6YXDLN,,,,,,,pending,,Not yet acquired; browser pass in progress
UC15246579,"original scroll cut segment (1988 film photo, scanned)","3Q15 Cut 18 Recto rt bot light, color",,,18,Recto,https://digitallibrary.usc.edu/asset-management/2A3BF1S6YXV1F,,,,,,,pending,,Not yet acquired; browser pass in progress
UC15246578,"original scroll cut segment (1988 film photo, scanned)","3Q15 Cut 21 Verso, color",,,21,Verso,https://digitallibrary.usc.edu/asset-management/2A3BF1S6YX4HE,,,,,,,pending,,Not yet acquired; browser pass in progress
UC15246576,"original scroll cut segment (1988 film photo, scanned)","3Q15 Cut 23 Recto lft top light, b&w neg",,,23,Recto,https://digitallibrary.usc.edu/asset-management/2A3BF1S6Y1PVZ,,,,,,,pending,,Not yet acquired; browser pass in progress
UC15246573,"original scroll cut segment (1988 film photo, scanned)","3Q15 Cut 20 Recto rt bot light, b&w neg",,,20,Recto,https://digitallibrary.usc.edu/asset-management/2A3BF1S6Y1Z9C,,,,,,,pending,,Not yet acquired; browser pass in progress
UC15246571,"original scroll cut segment (1988 film photo, scanned)","3Q15 Cut 18 Recto ctr top light, b&w neg",,,18,Recto,https://digitallibrary.usc.edu/asset-management/2A3BF1S6Y1HWG,,,,,,,pending,,Not yet acquired; browser pass in progress
UC15246570,"original scroll cut segment (1988 film photo, scanned)","3Q15 Cut 16 Recto edge bot lt, b&w neg",,,16,Recto,https://digitallibrary.usc.edu/asset-management/2A3BF1S6Y1TU0,,,,,,,pending,,Not yet acquired; browser pass in progress
UC15246568,"original scroll cut segment (1988 film photo, scanned)","3Q15 Cut 22 Recto rt bot light, color",,,22,Recto,https://digitallibrary.usc.edu/asset-management/2A3BF1S6Y1LQC,,,,,,,pending,,Not yet acquired; browser pass in progress
UC15246565,"original scroll cut segment (1988 film photo, scanned)","3Q15 Cut 23 Verso, color",,,23,Verso,https://digitallibrary.usc.edu/asset-management/2A3BF1S6Y18ST,,,,,,,pending,,Not yet acquired; browser pass in progress
UC15246357,"original scroll cut segment (1988 film photo, scanned)","3Q15 Cut 19 Recto lft bot light, b&w neg",,,19,Recto,https://digitallibrary.usc.edu/asset-management/2A3BF1S6Y1ERY,,,,,,,pending,,Not yet acquired; browser pass in progress
UC15246352,"original scroll cut segment (1988 film photo, scanned)","3Q15 Cut 23 Recto ctr top light, b&w neg",,,23,Recto,https://digitallibrary.usc.edu/asset-management/2A3BF1S6Y1UA6,,,,,,,pending,,Not yet acquired; browser pass in progress
UC15246349,"original scroll cut segment (1988 film photo, scanned)","3Q15 Cut 23 Recto ctr top light, color",,,23,Recto,https://digitallibrary.usc.edu/asset-management/2A3BF1S6Y1Q3S,,,,,,,pending,,Not yet acquired; browser pass in progress
UC15246347,"original scroll cut segment (1988 film photo, scanned)","3Q15 Cut 19 Recto ctr top light, b&w neg",,,19,Recto,https://digitallibrary.usc.edu/asset-management/2A3BF1S6Y1SIA,,,,,,,pending,,Not yet acquired; browser pass in progress
UC15246344,"original scroll cut segment (1988 film photo, scanned)","3Q15 Cut 17 Recto top light, color",,,17,Recto,https://digitallibrary.usc.edu/asset-management/2A3BF1S6Y1OE3,,,,,,,pending,,Not yet acquired; browser pass in progress
UC15246342,"original scroll cut segment (1988 film photo, scanned)","3Q15 Cut 16 Recto edge top light, color",,,16,Recto,https://digitallibrary.usc.edu/asset-management/2A3BF1S6YD2SE,,,,,,,pending,,Not yet acquired; browser pass in progress
UC15246341,"original scroll cut segment (1988 film photo, scanned)","3Q15 Cut 18 Verso, b&w neg",,,18,Verso,https://digitallibrary.usc.edu/asset-management/2A3BF1S6YDU06,,,,,,,pending,,Not yet acquired; browser pass in progress
UC15246340,"original scroll cut segment (1988 film photo, scanned)","3Q15 Cut 17 Verso, b&w neg",,,17,Verso,https://digitallibrary.usc.edu/asset-management/2A3BF1S6YDVXF,,,,,,,pending,,Not yet acquired; browser pass in progress
UC15246339,"original scroll cut segment (1988 film photo, scanned)","3Q15 Cut 16 Verso, color",,,16,Verso,https://digitallibrary.usc.edu/asset-management/2A3BF1S6YD3RL,,,,,,,pending,,Not yet acquired; browser pass in progress
UC15246338,"original scroll cut segment (1988 film photo, scanned)","3Q15 Cut 19 Recto ctr top light, color",,,19,Recto,https://digitallibrary.usc.edu/asset-management/2A3BF1S6YDLOC,,,,,,,pending,,Not yet acquired; browser pass in progress
UC15246337,"original scroll cut segment (1988 film photo, scanned)","3Q15 Cut 22 Recto lft top light, color",,,22,Recto,https://digitallibrary.usc.edu/asset-management/2A3BF1S6YDT70,,,,,,,pending,,Not yet acquired; browser pass in progress
UC15246336,"original scroll cut segment (1988 film photo, scanned)","3Q15 Cut 22 Recto ctr top light, color",,,22,Recto,https://digitallibrary.usc.edu/asset-management/2A3BF1S6YDN4J,,,,,,,pending,,Not yet acquired; browser pass in progress
UC15246333,"original scroll cut segment (1988 film photo, scanned)","3Q15 Cut 21 Recto bot light, color",,,21,Recto,https://digitallibrary.usc.edu/asset-management/2A3BF1S6YQE9Y,,,,,,,pending,,Not yet acquired; browser pass in progress
UC15246325,"original scroll cut segment (1988 film photo, scanned)","3Q15 Cut 20 Recto ctr bot light, color",,,20,Recto,https://digitallibrary.usc.edu/asset-management/2A3BF1S6YQX0T,,,,,,,pending,,Not yet acquired; browser pass in progress
UC15246323,"original scroll cut segment (1988 film photo, scanned)","3Q15 Cut 20 Recto rt top light, color",,,20,Recto,https://digitallibrary.usc.edu/asset-management/2A3BF1S6YQ13H,,,,,,,pending,,Not yet acquired; browser pass in progress
UC15246318,"original scroll cut segment (1988 film photo, scanned)","3Q15 Cut 23 Recto top ctr, b&w neg",,,23,Recto,https://digitallibrary.usc.edu/asset-management/2A3BF1S6YQQSS,,,,,,,pending,,Not yet acquired; browser pass in progress
UC15246313,"original scroll cut segment (1988 film photo, scanned)","3Q15 Cut 20 Verso, b&w neg",,,20,Verso,https://digitallibrary.usc.edu/asset-management/2A3BF1S6YQF5L,,,,,,,pending,,Not yet acquired; browser pass in progress
UC15246311,"original scroll cut segment (1988 film photo, scanned)","3Q15 Cut 20 Recto rt bot light, color",,,20,Recto,https://digitallibrary.usc.edu/asset-management/2A3BF1S6YQ9JS,,,,,,,pending,,Not yet acquired; browser pass in progress
UC15246310,"original scroll cut segment (1988 film photo, scanned)","3Q15 Cut 18 Recto ctr top light, color",,,18,Recto,https://digitallibrary.usc.edu/asset-management/2A3BF1S6YQ7GZ,,,,,,,pending,,Not yet acquired; browser pass in progress
UC15246058,"original scroll cut segment (1988 film photo, scanned)","3Q15 Cut 19 Recto rt top light, b&w neg",,,19,Recto,https://digitallibrary.usc.edu/asset-management/2A3BF1S6YQ56V,,,,,,,pending,,Not yet acquired; browser pass in progress
UC15246051,"original scroll cut segment (1988 film photo, scanned)","3Q15 Cut 23 Recto lft top light, color",,,23,Recto,https://digitallibrary.usc.edu/asset-management/2A3BF1S6YV14H,,,,,,,pending,,Not yet acquired; browser pass in progress
UC15246047,"original scroll cut segment (1988 film photo, scanned)","3Q15 Cut 19 Recto lft bot light, color",,,19,Recto,https://digitallibrary.usc.edu/asset-management/2A3BF1S6YVDXN,,,,,,,pending,,Not yet acquired; browser pass in progress
UC15246046,"original scroll cut segment (1988 film photo, scanned)","3Q15 Cut 22 Recto ctr bot light, color",,,22,Recto,https://digitallibrary.usc.edu/asset-management/2A3BF1S6YVHCG,,,,,,,pending,,Not yet acquired; browser pass in progress
UC15246041,"original scroll cut segment (1988 film photo, scanned)","3Q15 Cut 22 Recto ctr top light, b&w neg",,,22,Recto,https://digitallibrary.usc.edu/asset-management/2A3BF1S6YVQUS,,,,,,,pending,,Not yet acquired; browser pass in progress
UC15246039,"original scroll cut segment (1988 film photo, scanned)","3Q15 Cut 23 Verso, b&w neg",,,23,Verso,https://digitallibrary.usc.edu/asset-management/2A3BF1S6YVGS0,,,,,,,pending,,Not yet acquired; browser pass in progress
UC15246038,"original scroll cut segment (1988 film photo, scanned)","3Q15 Cut 20 Recto rt top light, b&w neg",,,20,Recto,https://digitallibrary.usc.edu/asset-management/2A3BF1S6YV5WV,,,,,,,pending,,Not yet acquired; browser pass in progress
UC15246033,"original scroll cut segment (1988 film photo, scanned)","3Q15 Cut 18 Recto ctr bot light, color",,,18,Recto,https://digitallibrary.usc.edu/asset-management/2A3BF1S6Y3VAF,,,,,,,pending,,Not yet acquired; browser pass in progress
UC15246029,"original scroll cut segment (1988 film photo, scanned)","3Q15 Cut 20 Recto lft bot light, b&w neg",,,20,Recto,https://digitallibrary.usc.edu/asset-management/2A3BF1S6Y3J6A,,,,,,,pending,,Not yet acquired; browser pass in progress
UC15246028,"original scroll cut segment (1988 film photo, scanned)","3Q15 Cut 17 Recto bot light, color",,,17,Recto,https://digitallibrary.usc.edu/asset-management/2A3BF1S6Y3HYG,,,,,,,pending,,Not yet acquired; browser pass in progress
UC15246022,"original scroll cut segment (1988 film photo, scanned)","3Q15 Cut 22 Recto ctr bot light, b&w neg",,,22,Recto,https://digitallibrary.usc.edu/asset-management/2A3BF1S6Y33LL,,,,,,,pending,,Not yet acquired; browser pass in progress
UC15246020,"original scroll cut segment (1988 film photo, scanned)","3Q15 Cut 18 Verso, color",,,18,Verso,https://digitallibrary.usc.edu/asset-management/2A3BF1S6Y3LSC,,,,,,,pending,,Not yet acquired; browser pass in progress
UC15246018,"original scroll cut segment (1988 film photo, scanned)","3Q15 Cut 23 Recto ctr sd light, b&w neg",,,23,Recto,https://digitallibrary.usc.edu/asset-management/2A3BF1S6Y3O93,,,,,,,pending,,Not yet acquired; browser pass in progress
UC15246017,"original scroll cut segment (1988 film photo, scanned)","3Q15 Cut 21 Recto top light, color",,,21,Recto,https://digitallibrary.usc.edu/asset-management/2A3BF1S6Y3SCA,,,,,,,pending,,Not yet acquired; browser pass in progress
UC15246011,"original scroll cut segment (1988 film photo, scanned)","3Q15 Cut 22 Recto lft top light, b&w neg",,,22,Recto,https://digitallibrary.usc.edu/asset-management/2A3BF1S6YSLVC,,,,,,,pending,,Not yet acquired; browser pass in progress
UC15245707,"original scroll cut segment (1988 film photo, scanned)","3Q15 Cut 22 Verso, b&w neg",,,22,Verso,https://digitallibrary.usc.edu/asset-management/2A3BF1S6YS71Z,,,,,,,pending,,Not yet acquired; browser pass in progress
UC15245699,"original scroll cut segment (1988 film photo, scanned)","3Q15 Cut 16 Recto ctr bot light, color",,,16,Recto,https://digitallibrary.usc.edu/asset-management/2A3BF1S6YSIPV,,,,,,,pending,,Not yet acquired; browser pass in progress
UC15245706,"original scroll cut segment (1988 film photo, scanned)","3Q15 Cut 22 Recto rt top light, color",,,22,Recto,https://digitallibrary.usc.edu/asset-management/2A3BF1S6YSYSY,,,,,,,pending,,Not yet acquired; browser pass in progress
UC15245704,"original scroll cut segment (1988 film photo, scanned)","3Q15 Cut 16 Recto rt top light, color",,,16,Recto,https://digitallibrary.usc.edu/asset-management/2A3BF1S6YSPRZ,,,,,,,pending,,Not yet acquired; browser pass in progress
UC15245693,"original scroll cut segment (1988 film photo, scanned)","3Q15 Cut 20 Recto lft top light, color",,,20,Recto,https://digitallibrary.usc.edu/asset-management/2A3BF1S6YSR5H,,,,,,,pending,,Not yet acquired; browser pass in progress
UC15245695,"original scroll cut segment (1988 film photo, scanned)","3Q15 Cut 18 Recto lft top light, b&w neg",,,18,Recto,https://digitallibrary.usc.edu/asset-management/2A3BF1S6YS4DE,,,,,,,pending,,Not yet acquired; browser pass in progress
UC15245696,"original scroll cut segment (1988 film photo, scanned)","3Q15 Cut 20 Recto ctr top light, b&w neg",,,20,Recto,https://digitallibrary.usc.edu/asset-management/2A3BF1S6YS3CL,,,,,,,pending,,Not yet acquired; browser pass in progress
UC15245694,"original scroll cut segment (1988 film photo, scanned)","3Q15 Cut 23 Recto ctr bot light, b&w neg",,,23,Recto,https://digitallibrary.usc.edu/asset-management/2A3BF1S6YSZ0C,,,,,,,pending,,Not yet acquired; browser pass in progress
UC15245690,"original scroll cut segment (1988 film photo, scanned)","3Q15 Cut 16 Recto lft bot light, b&w neg",,,16,Recto,https://digitallibrary.usc.edu/asset-management/2A3BF1S6YSD9N,,,,,,,pending,,Not yet acquired; browser pass in progress
UC15245688,"original scroll cut segment (1988 film photo, scanned)","3Q15 Cut 16 Recto lft bot light, color",,,16,Recto,https://digitallibrary.usc.edu/asset-management/2A3BF1S6Y6FVL,,,,,,,pending,,Not yet acquired; browser pass in progress
UC15245681,"original scroll cut segment (1988 film photo, scanned)","3Q15 Cut 16 Recto ctr top light, b&w neg",,,16,Recto,https://digitallibrary.usc.edu/asset-management/2A3BF1S6Y6O43,,,,,,,pending,,Not yet acquired; browser pass in progress
UC15245680,"original scroll cut segment (1988 film photo, scanned)","3Q15 Cut 20 Recto lft top light, b&w neg",,,20,Recto,https://digitallibrary.usc.edu/asset-management/2A3BF1S6Y6A3J,,,,,,,pending,,Not yet acquired; browser pass in progress
UC15245678,"original scroll cut segment (1988 film photo, scanned)","3Q15 Cut 23 Recto lft bot light, b&w neg",,,23,Recto,https://digitallibrary.usc.edu/asset-management/2A3BF1S6Y6ZAC,,,,,,,pending,,Not yet acquired; browser pass in progress
UC15245677,"original scroll cut segment (1988 film photo, scanned)","3Q15 Cut 21 Recto top light, b&w neg",,,21,Recto,https://digitallibrary.usc.edu/asset-management/2A3BF1S6Y641E,,,,,,,pending,,Not yet acquired; browser pass in progress
UC15245672,"original scroll cut segment (1988 film photo, scanned)","3Q15 Cut 18 Recto rt top light, color",,,18,Recto,https://digitallibrary.usc.edu/asset-management/2A3BF1S6Y66MM,,,,,,,pending,,Not yet acquired; browser pass in progress
UC15245673,"original scroll cut segment (1988 film photo, scanned)","3Q15 Cut 20 Verso, color",,,20,Verso,https://digitallibrary.usc.edu/asset-management/2A3BF1S6Y6GZ0,,,,,,,pending,,Not yet acquired; browser pass in progress
UC15245671,"original scroll cut segment (1988 film photo, scanned)","3Q15 Cut 16 Recto lft top light, color",,,16,Recto,https://digitallibrary.usc.edu/asset-management/2A3BF1S6Y65UV,,,,,,,pending,,Not yet acquired; browser pass in progress
UC15245670,"original scroll cut segment (1988 film photo, scanned)","3Q15 Cut 20 Recto ctr top light, color",,,20,Recto,https://digitallibrary.usc.edu/asset-management/2A3BF1S6Y68WT,,,,,,,pending,,Not yet acquired; browser pass in progress
UC15245669,"original scroll cut segment (1988 film photo, scanned)","3Q15 Cut 19 Recto rt top light, color",,,19,Recto,https://digitallibrary.usc.edu/asset-management/2A3BF1S6Y6CHM,,,,,,,pending,,Not yet acquired; browser pass in progress
UC15245667,"original scroll cut segment (1988 film photo, scanned)","3Q15 Cut 18 Recto ctr bot light, b&w neg",,,18,Recto,https://digitallibrary.usc.edu/asset-management/2A3BF1S6Y6MSG,,,,,,,pending,,Not yet acquired; browser pass in progress
UC15245665,"original scroll cut segment (1988 film photo, scanned)","3Q15 Cut 17 Verso, color",,,17,Verso,https://digitallibrary.usc.edu/asset-management/2A3BF1S6Y6VYF,,,,,,,pending,,Not yet acquired; browser pass in progress
UC15245661,"original scroll cut segment (1988 film photo, scanned)","3Q15 Cut 19 Verso, color",,,19,Verso,https://digitallibrary.usc.edu/asset-management/2A3BF1S6Y834L,,,,,,,pending,,Not yet acquired; browser pass in progress
UC15245659,"original scroll cut segment (1988 film photo, scanned)","3Q15 Cut 19 Recto lft top light, b&w neg",,,19,Recto,https://digitallibrary.usc.edu/asset-management/2A3BF1S6Y8GQ0,,,,,,,pending,,Not yet acquired; browser pass in progress
UC15245503,"original scroll cut segment (1988 film photo, scanned)","3Q15 Cut 16 Recto edge top lt, b&w neg",,,16,Recto,https://digitallibrary.usc.edu/asset-management/2A3BF1S6Y8EXY,,,,,,,pending,,Not yet acquired; browser pass in progress
UC15245504,"original scroll cut segment (1988 film photo, scanned)","3Q15 Cut 19 Recto lft top light, color",,,19,Recto,https://digitallibrary.usc.edu/asset-management/2A3BF1S6Y8VRF,,,,,,,pending,,Not yet acquired; browser pass in progress
UC15245502,"original scroll cut segment (1988 film photo, scanned)","3Q15 Cut 16 Recto rt bot light, color",,,16,Recto,https://digitallibrary.usc.edu/asset-management/2A3BF1S6Y8Y8Y,,,,,,,pending,,Not yet acquired; browser pass in progress
UC15245494,"original scroll cut segment (1988 film photo, scanned)","3Q15 Cut 23 Recto lft bot light, color",,,23,Recto,https://digitallibrary.usc.edu/asset-management/2A3BF1S6Y8QVS,,,,,,,pending,,Not yet acquired; browser pass in progress
UC15245501,"original scroll cut segment (1988 film photo, scanned)","3Q15 Cut 19 Recto ctr top light, b&w neg",,,19,Recto,https://digitallibrary.usc.edu/asset-management/2A3BF1S6YFGM0,,,,,,,pending,,Not yet acquired; browser pass in progress
UC15245491,"original scroll cut segment (1988 film photo, scanned)","3Q15 Cut 18 Recto lft top light, color",,,18,Recto,https://digitallibrary.usc.edu/asset-management/2A3BF1S6YFD1N,,,,,,,pending,,Not yet acquired; browser pass in progress
UC15245482,"original scroll cut segment (1988 film photo, scanned)","3Q15 Cut 11 Recto lft top light, b&w neg",,,11,Recto,https://digitallibrary.usc.edu/asset-management/2A3BF1S6YF58V,,,,,,,pending,,Not yet acquired; browser pass in progress
UC15245472,"original scroll cut segment (1988 film photo, scanned)","3Q15 Cut 15 Recto edge top lt, b&w neg",,,15,Recto,https://digitallibrary.usc.edu/asset-management/2A3BF1S6YF9IS,,,,,,,pending,,Not yet acquired; browser pass in progress
UC15245471,"original scroll cut segment (1988 film photo, scanned)","3Q15 Cut 11 Recto rt top light, b&w neg",,,11,Recto,https://digitallibrary.usc.edu/asset-management/2A3BF1S6YFFLL,,,,,,,pending,,Not yet acquired; browser pass in progress
UC15245470,"original scroll cut segment (1988 film photo, scanned)","3Q15 Cut 13 Recto ctr bot light, color",,,13,Recto,https://digitallibrary.usc.edu/asset-management/2A3BF1S6YFZSC,,,,,,,pending,,Not yet acquired; browser pass in progress
UC15245469,"original scroll cut segment (1988 film photo, scanned)","3Q15 Cut 13 Recto lft top light, b&w neg",,,13,Recto,https://digitallibrary.usc.edu/asset-management/2A3BF1S6YF6VM,,,,,,,pending,,Not yet acquired; browser pass in progress
UC15245461,"original scroll cut segment (1988 film photo, scanned)","3Q15 Cut 12 Recto rt top light, color",,,12,Recto,https://digitallibrary.usc.edu/asset-management/2A3BF1S6YFIXV,,,,,,,pending,,Not yet acquired; browser pass in progress
UC15245459,"original scroll cut segment (1988 film photo, scanned)","3Q15 Cut 11 Recto ctr top light, b&w neg",,,11,Recto,https://digitallibrary.usc.edu/asset-management/2A3BF1S6YFAGJ,,,,,,,pending,,Not yet acquired; browser pass in progress
UC15245457,"original scroll cut segment (1988 film photo, scanned)","3Q15 Cut 12 Recto lft bot light, b&w neg",,,12,Recto,https://digitallibrary.usc.edu/asset-management/2A3BF1S6Y06_J,,,,,,,pending,,Not yet acquired; browser pass in progress
UC15245456,"original scroll cut segment (1988 film photo, scanned)","3Q15 Cut 12 Recto ctr top light, color",,,12,Recto,https://digitallibrary.usc.edu/asset-management/2A3BF1S6Y05_E,,,,,,,pending,,Not yet acquired; browser pass in progress
UC15245451,"original scroll cut segment (1988 film photo, scanned)","3Q15 Cut 11 Recto ctr top light, color",,,11,Recto,https://digitallibrary.usc.edu/asset-management/2A3BF1S6Y0W_3,,,,,,,pending,,Not yet acquired; browser pass in progress
UC15245446,"original scroll cut segment (1988 film photo, scanned)","3Q15 Cut 13 Verso, b&w neg",,,13,Verso,https://digitallibrary.usc.edu/asset-management/2A3BF1S6Y0Q_T,,,,,,,pending,,Not yet acquired; browser pass in progress
UC15245442,"original scroll cut segment (1988 film photo, scanned)","3Q15 Cut 11 Recto rt bot light, b&w neg",,,11,Recto,https://digitallibrary.usc.edu/asset-management/2A3BF1S6OK1PD,,,,,,,pending,,Not yet acquired; browser pass in progress
UC15245443,"original scroll cut segment (1988 film photo, scanned)","3Q15 Cut 14 Verso, b&w neg",,,14,Verso,https://digitallibrary.usc.edu/asset-management/2A3BF1S6OK9W5,,,,,,,pending,,Not yet acquired; browser pass in progress
UC15245437,"original scroll cut segment (1988 film photo, scanned)","3Q15 Cut 13 Recto lft top light, color",,,13,Recto,https://digitallibrary.usc.edu/asset-management/2A3BF1S6OK512,,,,,,,pending,,Not yet acquired; browser pass in progress
UC15245430,"original scroll cut segment (1988 film photo, scanned)","3Q15 Cut 13 Recto ctr top light, color",,,13,Recto,https://digitallibrary.usc.edu/asset-management/2A3BF1S6ORSL7,,,,,,,pending,,Not yet acquired; browser pass in progress
UC15245432,"original scroll cut segment (1988 film photo, scanned)","3Q15 Cut 14 Recto rt top light, b&w neg",,,14,Recto,https://digitallibrary.usc.edu/asset-management/2A3BF1S6ORMTU,,,,,,,pending,,Not yet acquired; browser pass in progress
UC15245429,"original scroll cut segment (1988 film photo, scanned)","3Q15 Cut 15 Recto rt bot light, b&w neg",,,15,Recto,https://digitallibrary.usc.edu/asset-management/2A3BF1S6ORP4Q,,,,,,,pending,,Not yet acquired; browser pass in progress
UC15245427,"original scroll cut segment (1988 film photo, scanned)","3Q15 Cut 14 Recto lft top light, color",,,14,Recto,https://digitallibrary.usc.edu/asset-management/2A3BF1S6ORCSW,,,,,,,pending,,Not yet acquired; browser pass in progress
UC15245424,"original scroll cut segment (1988 film photo, scanned)","3Q15 Cut 11 Recto lft bot light, color",,,11,Recto,https://digitallibrary.usc.edu/asset-management/2A3BF1S6OR06B,,,,,,,pending,,Not yet acquired; browser pass in progress
UC15245417,"original scroll cut segment (1988 film photo, scanned)","3Q15 Cut 13 Recto lft bot light, b&w neg",,,13,Recto,https://digitallibrary.usc.edu/asset-management/2A3BF1S6ORWKP,,,,,,,pending,,Not yet acquired; browser pass in progress
UC15245414,"original scroll cut segment (1988 film photo, scanned)","3Q15 Cut 15 Recto edge top light, color",,,15,Recto,https://digitallibrary.usc.edu/asset-management/2A3BF1S6OR6JW,,,,,,,pending,,Not yet acquired; browser pass in progress
UC15245415,"original scroll cut segment (1988 film photo, scanned)","3Q15 Cut 15 Recto lft top light, b&w neg",,,15,Recto,https://digitallibrary.usc.edu/asset-management/2A3BF1S6OREMR,,,,,,,pending,,Not yet acquired; browser pass in progress
UC15245412,"original scroll cut segment (1988 film photo, scanned)","3Q15 Cut 15 Verso, b&w neg",,,15,Verso,https://digitallibrary.usc.edu/asset-management/2A3BF1S6ORRDD,,,,,,,pending,,Not yet acquired; browser pass in progress
UC15245409,"original scroll cut segment (1988 film photo, scanned)","3Q15 Cut 11 Recto rt top light, color",,,11,Recto,https://digitallibrary.usc.edu/asset-management/2A3BF1S6ORTA4,,,,,,,pending,,Not yet acquired; browser pass in progress
UC15245308,"original scroll cut segment (1988 film photo, scanned)","3Q15 Cut 11 Recto ctr bot light, color",,,11,Recto,https://digitallibrary.usc.edu/asset-management/2A3BF1S6ORHGU,,,,,,,pending,,Not yet acquired; browser pass in progress
UC15245303,"original scroll cut segment (1988 film photo, scanned)","3Q15 Cut 14 Recto lft bot light, b&w neg",,,14,Recto,https://digitallibrary.usc.edu/asset-management/2A3BF1S6OR3Y9,,,,,,,pending,,Not yet acquired; browser pass in progress
UC15245300,"original scroll cut segment (1988 film photo, scanned)","3Q15 Cut 15 Recto rt top light, b&w neg",,,15,Recto,https://digitallibrary.usc.edu/asset-management/2A3BF1S6OTA8I,,,,,,,pending,,Not yet acquired; browser pass in progress
UC15245294,"original scroll cut segment (1988 film photo, scanned)","3Q15 Cut 11 Recto lft top light, color",,,11,Recto,https://digitallibrary.usc.edu/asset-management/2A3BF1S6OEN7I,,,,,,,pending,,Not yet acquired; browser pass in progress
UC15245288,"original scroll cut segment (1988 film photo, scanned)","3Q15 Cut 16 Recto ctr bot light, b&w neg",,,16,Recto,https://digitallibrary.usc.edu/asset-management/2A3BF1S6OEWGP,,,,,,,pending,,Not yet acquired; browser pass in progress
UC15245285,"original scroll cut segment (1988 film photo, scanned)","3Q15 Cut 12 Recto lft bot light, color",,,12,Recto,https://digitallibrary.usc.edu/asset-management/2A3BF1S6OE4C1,,,,,,,pending,,Not yet acquired; browser pass in progress
UC15245283,"original scroll cut segment (1988 film photo, scanned)","3Q15 Cut 15 Recto ctr bot light, b&w neg",,,15,Recto,https://digitallibrary.usc.edu/asset-management/2A3BF1S6OESI7,,,,,,,pending,,Not yet acquired; browser pass in progress
UC15245280,"original scroll cut segment (1988 film photo, scanned)","3Q15 Cut 14 Recto rt bot light, color",,,14,Recto,https://digitallibrary.usc.edu/asset-management/2A3BF1S6OE9F5,,,,,,,pending,,Not yet acquired; browser pass in progress
UC15245281,"original scroll cut segment (1988 film photo, scanned)","3Q15 Cut 15 Recto lft top light, color",,,15,Recto,https://digitallibrary.usc.edu/asset-management/2A3BF1S6OE02B,,,,,,,pending,,Not yet acquired; browser pass in progress
UC15245279,"original scroll cut segment (1988 film photo, scanned)","3Q15 Cut 14 Recto lft top light, b&w neg",,,14,Recto,https://digitallibrary.usc.edu/asset-management/2A3BF1S6OEPVQ,,,,,,,pending,,Not yet acquired; browser pass in progress
UC15245271,"original scroll cut segment (1988 film photo, scanned)","3Q15 Cut 14 Recto rt bot light, b&w neg",,,14,Recto,https://digitallibrary.usc.edu/asset-management/2A3BF1S6OEERR,,,,,,,pending,,Not yet acquired; browser pass in progress
UC15245269,"original scroll cut segment (1988 film photo, scanned)","3Q15 Cut 14 Recto rt top light, color",,,14,Recto,https://digitallibrary.usc.edu/asset-management/2A3BF1S6OEDTP,,,,,,,pending,,Not yet acquired; browser pass in progress
UC110769050,RTI/PTM data file (small preview),3Q15 Facs. Col. 2 RTI,2,Full,,,https://digitallibrary.usc.edu/asset-management/2A3BF1S6OE1HD,,,,,,,pending,,Not yet acquired; browser pass in progress
UC15245262,"original scroll cut segment (1988 film photo, scanned)","3Q15 Cut 12 Recto ctr bot light, color",,,12,Recto,https://digitallibrary.usc.edu/asset-management/2A3BF1S6OEC8W,,,,,,,pending,,Not yet acquired; browser pass in progress
UC15245261,"original scroll cut segment (1988 film photo, scanned)","3Q15 Cut 13 Recto lft bot light, color",,,13,Recto,https://digitallibrary.usc.edu/asset-management/2A3BF1S6OEQ35,,,,,,,pending,,Not yet acquired; browser pass in progress
UC15245207,"original scroll cut segment (1988 film photo, scanned)","3Q15 Cut 15 Recto lft bot light, color",,,15,Recto,https://digitallibrary.usc.edu/asset-management/2A3BF1S6OE3B9,,,,,,,pending,,Not yet acquired; browser pass in progress
UC15245206,"original scroll cut segment (1988 film photo, scanned)","3Q15 Cut 12 Recto rt bot light, b&w neg",,,12,Recto,https://digitallibrary.usc.edu/asset-management/2A3BF1S6OH9Y5,,,,,,,pending,,Not yet acquired; browser pass in progress
UC110769045,RTI/PTM data file (small preview),3Q15 Facs. Col. 12TRTI,12,Top,,,https://digitallibrary.usc.edu/asset-management/2A3BF1S6OH532,,,,,,,pending,,Not yet acquired; browser pass in progress
UC110769121,RTI/PTM data file (small preview),3Q15 Facs. Col. 9 RTI,9,Full,,,https://digitallibrary.usc.edu/asset-management/2A3BF1S6OHWAP,,,,,,,pending,,Not yet acquired; browser pass in progress
UC110769053,RTI/PTM data file (small preview),3Q15 Facs. Col. 3 RTI,3,Full,,,https://digitallibrary.usc.edu/asset-management/2A3BF1S6OH08B,,,,,,,pending,,Not yet acquired; browser pass in progress
UC110769047,RTI/PTM data file (small preview),3Q15 Facs. Col. 1 RTI,1,Full,,,https://digitallibrary.usc.edu/asset-management/2A3BF1S6OHQE5,,,,,,,pending,,Not yet acquired; browser pass in progress
UC110769056,RTI/PTM data file (small preview),3Q15 Facs. Col. 4 RTI,4,Full,,,https://digitallibrary.usc.edu/asset-management/2A3BF1S6OHXLK,,,,,,,pending,,Not yet acquired; browser pass in progress
UC15245200,"original scroll cut segment (1988 film photo, scanned)","3Q15 Cut 14 Verso, color",,,14,Verso,https://digitallibrary.usc.edu/asset-management/2A3BF1S6OHS97,,,,,,,pending,,Not yet acquired; browser pass in progress
UC15245194,"original scroll cut segment (1988 film photo, scanned)","3Q15 Cut 11 Recto rt bot light, color",,,11,Recto,https://digitallibrary.usc.edu/asset-management/2A3BF1S6OH4J1,,,,,,,pending,,Not yet acquired; browser pass in progress
UC15245190,"original scroll cut segment (1988 film photo, scanned)","3Q15 Cut 15 Recto rt top light, color",,,15,Recto,https://digitallibrary.usc.edu/asset-management/2A3BF1S6OHBMO,,,,,,,pending,,Not yet acquired; browser pass in progress
UC15245188,"original scroll cut segment (1988 film photo, scanned)","3Q15 Cut 11 Verso, color",,,11,Verso,https://digitallibrary.usc.edu/asset-management/2A3BF1S6OH2S1,,,,,,,pending,,Not yet acquired; browser pass in progress
UC15245196,"original scroll cut segment (1988 film photo, scanned)","3Q15 Cut 15 Recto ctr top light, b&w neg",,,15,Recto,https://digitallibrary.usc.edu/asset-management/2A3BF1S6OHP6Q,,,,,,,pending,,Not yet acquired; browser pass in progress
UC15245198,"original scroll cut segment (1988 film photo, scanned)","3Q15 Cut 11 Recto ctr bot light, b&w neg",,,11,Recto,https://digitallibrary.usc.edu/asset-management/2A3BF1S6OHHUU,,,,,,,pending,,Not yet acquired; browser pass in progress
UC110769118,RTI/PTM data file (small preview),3Q15 Facs. Col. 8 RTI,8,Full,,,https://digitallibrary.usc.edu/asset-management/2A3BF1S6OHYDR,,,,,,,pending,,Not yet acquired; browser pass in progress
UC15245186,"original scroll cut segment (1988 film photo, scanned)","3Q15 Cut 12 Recto ctr top light, b&w neg",,,12,Recto,https://digitallibrary.usc.edu/asset-management/2A3BF1S6OHLOX,,,,,,,pending,,Not yet acquired; browser pass in progress
UC15245184,"original scroll cut segment (1988 film photo, scanned)","3Q15 Cut 14 Recto lft bot light, color",,,14,Recto,https://digitallibrary.usc.edu/asset-management/2A3BF1S6OHKV8,,,,,,,pending,,Not yet acquired; browser pass in progress
UC110769048,RTI/PTM data file (small preview),3Q15 Facs. Col. 1TRTI,1,Top,,,https://digitallibrary.usc.edu/asset-management/2A3BF1S6OHDNP,,,,,,,pending,,Not yet acquired; browser pass in progress
UC110769043,RTI/PTM data file (small preview),3Q15 Facs. Col. 12BRTI,12,Bottom,,,https://digitallibrary.usc.edu/asset-management/2A3BF1S6OH3R9,,,,,,,pending,,Not yet acquired; browser pass in progress
UC110769042,RTI/PTM data file (small preview),3Q15 Facs. Col. 11TRTI,11,Top,,,https://digitallibrary.usc.edu/asset-management/2A3BF1S6OHJQ7,,,,,,,pending,,Not yet acquired; browser pass in progress
UC110769052,RTI/PTM data file (small preview),3Q15 Facs. Col. 3BRTI,3,Bottom,,,https://digitallibrary.usc.edu/asset-management/2A3BF1S6OHIF2,,,,,,,pending,,Not yet acquired; browser pass in progress
UC110769039,RTI/PTM data file (small preview),3Q15 Facs. Col. 10TRTI,10,Top,,,https://digitallibrary.usc.edu/asset-management/2A3BF1S6OHOHO,,,,,,,pending,,Not yet acquired; browser pass in progress
UC15245163,"original scroll cut segment (1988 film photo, scanned)","3Q15 Cut 12 Recto lft top light, color",,,12,Recto,https://digitallibrary.usc.edu/asset-management/2A3BF1S6OH6IW,,,,,,,pending,,Not yet acquired; browser pass in progress
UC15245171,"original scroll cut segment (1988 film photo, scanned)","3Q15 Cut 11 Verso, b&w neg",,,11,Verso,https://digitallibrary.usc.edu/asset-management/2A3BF1S6OUC3W,,,,,,,pending,,Not yet acquired; browser pass in progress
UC15245166,"original scroll cut segment (1988 film photo, scanned)","3Q15 Cut 13 Recto ctr top light, b&w neg",,,13,Recto,https://digitallibrary.usc.edu/asset-management/2A3BF1S6OUYNR,,,,,,,pending,,Not yet acquired; browser pass in progress
UC15245172,"original scroll cut segment (1988 film photo, scanned)","3Q15 Cut 15 Recto ctr top light, color",,,15,Recto,https://digitallibrary.usc.edu/asset-management/2A3BF1S6OUASI,,,,,,,pending,,Not yet acquired; browser pass in progress
UC15245174,"original scroll cut segment (1988 film photo, scanned)","3Q15 Cut 15 Recto edge bot lt, b&w neg",,,15,Recto,https://digitallibrary.usc.edu/asset-management/2A3BF1S6OU0ZB,,,,,,,pending,,Not yet acquired; browser pass in progress
UC15245164,"original scroll cut segment (1988 film photo, scanned)","3Q15 Cut 15 Recto edge bot light, color",,,15,Recto,https://digitallibrary.usc.edu/asset-management/2A3BF1S6OU8BK,,,,,,,pending,,Not yet acquired; browser pass in progress
UC110769044,RTI/PTM data file (small preview),3Q15 Facs. Col. 12 RTI,12,Full,,,https://digitallibrary.usc.edu/asset-management/2A3BF1S6OUJE7,,,,,,,pending,,Not yet acquired; browser pass in progress
UC110769037,RTI/PTM data file (small preview),3Q15 Facs. Col. 10BRTI,10,Bottom,,,https://digitallibrary.usc.edu/asset-management/2A3BF1S6OUMVU,,,,,,,pending,,Not yet acquired; browser pass in progress
UC110769046,RTI/PTM data file (small preview),3Q15 Facs. Col. 1BRTI,1,Bottom,,,https://digitallibrary.usc.edu/asset-management/2A3BF1S6OU4Q1,,,,,,,pending,,Not yet acquired; browser pass in progress
UC110769110,RTI/PTM data file (small preview),3Q15 Facs. Col. 5TRTI,5,Top,,,https://digitallibrary.usc.edu/asset-management/2A3BF1S6OU75Q,,,,,,,pending,,Not yet acquired; browser pass in progress
UC110769051,RTI/PTM data file (small preview),3Q15 Facs. Col. 2TRTI,2,Top,,,https://digitallibrary.usc.edu/asset-management/2A3BF1S6OUG64,,,,,,,pending,,Not yet acquired; browser pass in progress
UC15245156,"original scroll cut segment (1988 film photo, scanned)","3Q15 Cut 15 Recto lft bot light, b&w neg",,,15,Recto,https://digitallibrary.usc.edu/asset-management/2A3BF1S6OUZMX,,,,,,,pending,,Not yet acquired; browser pass in progress
UC15245155,"original scroll cut segment (1988 film photo, scanned)","3Q15 Cut 12 Recto rt top light, b&w neg",,,12,Recto,https://digitallibrary.usc.edu/asset-management/2A3BF1S6OUTC4,,,,,,,pending,,Not yet acquired; browser pass in progress
UC110769109,RTI/PTM data file (small preview),3Q15 Facs. Col. 5 RTI,5,Full,,,https://digitallibrary.usc.edu/asset-management/2A3BF1S6OUU88,,,,,,,pending,,Not yet acquired; browser pass in progress
UC110769114,RTI/PTM data file (small preview),3Q15 Facs. Col. 7BRTI,7,Bottom,,,https://digitallibrary.usc.edu/asset-management/2A3BF1S6OUOUO,,,,,,,pending,,Not yet acquired; browser pass in progress
UC15245152,"original scroll cut segment (1988 film photo, scanned)","3Q15 Cut 15 Verso, color",,,15,Verso,https://digitallibrary.usc.edu/asset-management/2A3BF1S6OU291,,,,,,,pending,,Not yet acquired; browser pass in progress
UC15245151,"original scroll cut segment (1988 film photo, scanned)","3Q15 Cut 11 Recto lft bot light, b&w neg",,,11,Recto,https://digitallibrary.usc.edu/asset-management/2A3BF1S6OURPD,,,,,,,pending,,Not yet acquired; browser pass in progress
UC110769049,RTI/PTM data file (small preview),3Q15 Facs. Col. 2BRTI,2,Bottom,,,https://digitallibrary.usc.edu/asset-management/2A3BF1S6OUKX8,,,,,,,pending,,Not yet acquired; browser pass in progress
UC110769041,RTI/PTM data file (small preview),3Q15 Facs. Col. 11 RTI,11,Full,,,https://digitallibrary.usc.edu/asset-management/2A3BF1S6OUQW5,,,,,,,pending,,Not yet acquired; browser pass in progress
UC110769111,RTI/PTM data file (small preview),3Q15 Facs. Col. 6BRTI,6,Bottom,,,https://digitallibrary.usc.edu/asset-management/2A3BF1S6OUFT9,,,,,,,pending,,Not yet acquired; browser pass in progress
UC15245143,"original scroll cut segment (1988 film photo, scanned)","3Q15 Cut 15 Recto rt bot light, color",,,15,Recto,https://digitallibrary.usc.edu/asset-management/2A3BF1S6OUI12,,,,,,,pending,,Not yet acquired; browser pass in progress
UC110769040,RTI/PTM data file (small preview),3Q15 Facs. Col. 11BRTI,11,Bottom,,,https://digitallibrary.usc.edu/asset-management/2A3BF1S6OJZ2X,,,,,,,pending,,Not yet acquired; browser pass in progress
UC110769055,RTI/PTM data file (small preview),3Q15 Facs. Col. 4BRTI,4,Bottom,,,https://digitallibrary.usc.edu/asset-management/2A3BF1S6OJOJO,,,,,,,pending,,Not yet acquired; browser pass in progress
UC110769113,RTI/PTM data file (small preview),3Q15 Facs. Col. 6TRTI,6,Top,,,https://digitallibrary.usc.edu/asset-management/2A3BF1S6OJUE8,,,,,,,pending,,Not yet acquired; browser pass in progress
UC110769112,RTI/PTM data file (small preview),3Q15 Facs. Col. 6 RTI,6,Full,,,https://digitallibrary.usc.edu/asset-management/2A3BF1S6OJ502,,,,,,,pending,,Not yet acquired; browser pass in progress
UC110769054,RTI/PTM data file (small preview),3Q15 Facs. Col. 3TRTI,3,Top,,,https://digitallibrary.usc.edu/asset-management/2A3BF1S6OJQC5,,,,,,,pending,,Not yet acquired; browser pass in progress
UC110769115,RTI/PTM data file (small preview),3Q15 Facs. Col. 7 RTI,7,Full,,,https://digitallibrary.usc.edu/asset-management/2A3BF1S6OJ7HQ,,,,,,,pending,,Not yet acquired; browser pass in progress
UC110769122,RTI/PTM data file (small preview),3Q15 Facs. Col. 9TRTI,9,Top,,,https://digitallibrary.usc.edu/asset-management/2A3BF1S6OJGB4,,,,,,,pending,,Not yet acquired; browser pass in progress
UC15245131,"original scroll cut segment (1988 film photo, scanned)","3Q15 Cut 15 Recto ctr bot light, color",,,15,Recto,https://digitallibrary.usc.edu/asset-management/2A3BF1S6OJ1LD,,,,,,,pending,,Not yet acquired; browser pass in progress
UC15245130,"original scroll cut segment (1988 film photo, scanned)","3Q15 Cut 12 Recto rt bot light, color",,,12,Recto,https://digitallibrary.usc.edu/asset-management/2A3BF1S6OJ2G1,,,,,,,pending,,Not yet acquired; browser pass in progress
UC15245129,"original scroll cut segment (1988 film photo, scanned)","3Q15 Cut 12 Recto ctr bot light, b&w neg",,,12,Recto,https://digitallibrary.usc.edu/asset-management/2A3BF1S6OJHQU,,,,,,,pending,,Not yet acquired; browser pass in progress
UC110769117,RTI/PTM data file (small preview),3Q15 Facs. Col. 8BRTI,8,Bottom,,,https://digitallibrary.usc.edu/asset-management/2A3BF1S6OJRZD,,,,,,,pending,,Not yet acquired; browser pass in progress
UC15245127,"original scroll cut segment (1988 film photo, scanned)","3Q15 Cut 12 Verso, b&w neg",,,12,Verso,https://digitallibrary.usc.edu/asset-management/2A3BF1S6OJVDB,,,,,,,pending,,Not yet acquired; browser pass in progress
UC110769120,RTI/PTM data file (small preview),3Q15 Facs. Col. 9BRTI,9,Bottom,,,https://digitallibrary.usc.edu/asset-management/2A3BF1S6OJFX9,,,,,,,pending,,Not yet acquired; browser pass in progress
UC110769038,RTI/PTM data file (small preview),3Q15 Facs. Col. 10 RTI,10,Full,,,https://digitallibrary.usc.edu/asset-management/2A3BF1S6OJL4X,,,,,,,pending,,Not yet acquired; browser pass in progress
UC110769116,RTI/PTM data file (small preview),3Q15 Facs. Col. 7TRTI,7,Top,,,https://digitallibrary.usc.edu/asset-management/2A3BF1S6OJ8AK,,,,,,,pending,,Not yet acquired; browser pass in progress
UC15245117,"original scroll cut segment (1988 film photo, scanned)","3Q15 Cut 13 Verso, color",,,13,Verso,https://digitallibrary.usc.edu/asset-management/2A3BF1S6OJJ77,,,,,,,pending,,Not yet acquired; browser pass in progress
UC15245119,"original scroll cut segment (1988 film photo, scanned)","3Q15 Cut 12 Verso, color",,,12,Verso,https://digitallibrary.usc.edu/asset-management/2A3BF1S6OJ6KW,,,,,,,pending,,Not yet acquired; browser pass in progress
UC15245115,"original scroll cut segment (1988 film photo, scanned)","3Q15 Cut 13 Recto ctr bot light, b&w neg",,,13,Recto,https://digitallibrary.usc.edu/asset-management/2A3BF1S6OJN1I,,,,,,,pending,,Not yet acquired; browser pass in progress
UC110769057,RTI/PTM data file (small preview),3Q15 Facs. Col. 4TRTI,4,Top,,,https://digitallibrary.usc.edu/asset-management/2A3BF1S6OJIV2,,,,,,,pending,,Not yet acquired; browser pass in progress
UC110769058,RTI/PTM data file (small preview),3Q15 Facs. Col. 5BRTI,5,Bottom,,,https://digitallibrary.usc.edu/asset-management/2A3BF1S6OJSP7,,,,,,,pending,,Not yet acquired; browser pass in progress
UC110769119,RTI/PTM data file (small preview),3Q15 Facs. Col. 8TRTI,8,Top,,,https://digitallibrary.usc.edu/asset-management/2A3BF1S6O2HSU,,,,,,,pending,,Not yet acquired; browser pass in progress
UC15244955,"original scroll cut segment (1988 film photo, scanned)","3Q15 Cut 12 Recto lft top light, b&w neg",,,12,Recto,https://digitallibrary.usc.edu/asset-management/2A3BF1S6O2AFI,,,,,,,pending,,Not yet acquired; browser pass in progress
