find_id,hit_seq,hit_id,volume,year,issue,printed_page,page_source,find_page,ia_identifier,leaf,matched_key,author_or_reporter,place_as_written,place_id,distance_direction,find_type,report_kind,date_period,finder,disposition,quote,georef_confidence,relevance,ocr_flag,same_find_as
F0001,H0006,palestine-exploration-quarterly_1869-1870:95:natuf,QS 1869-70 (reprinted Reports 1867-69),1867-69,reports,83,page_numbers.json,83,palestine-exploration-quarterly_1869-1870,95,natuf,"C. Warren (letter, Jan. 1869)","Cave Khureitun, west of the Frank Mountain",natuf,west of the Frank Mountain,sarcophagus;inscription,survey,,"Dr. Tobler (earlier visit, as reported)",,in which he found some sarcophagi and Phoenician inscriptions,high,"E38 Netophah, E40 (natuf); Tobler's claim relayed, not seen by Warren's party",good,
F0002,H0006,palestine-exploration-quarterly_1869-1870:95:natuf,QS 1869-70 (reprinted Reports 1867-69),1867-69,reports,83,page_numbers.json,83,palestine-exploration-quarterly_1869-1870,95,natuf,"C. Warren (letter, Jan. 1869)",the cave [Khureitun],natuf,,cave;other,excavation,,Sergeant Birtles and six fellahs,,the 7ft. of loam was full of broken pottery,high,"E38, E40; continues p. 84; no sarcophagi or inscriptions found; floors of three caves dug",good,
F0003,H0024,palestine-exploration-quarterly_1872-10:39:beth_shean,QS 1872,1872,10,189,running_head,189,palestine-exploration-quarterly_1872-10,39,beth_shean,C. F. Tyrwhitt Drake,"Beisan, near the Serai",beth_shean,near the Serai,inscription,survey,,C. F. Tyrwhitt Drake,lies near the Serai,At Beisan I found a broken inscription,medium,E58 Beth Sham,good,
F0004,H0025,palestine-exploration-quarterly_1872-10:40:gerizim,QS 1872,1872,10,190,running_head,190,palestine-exploration-quarterly_1872-10,40,gerizim,C. F. Tyrwhitt Drake,"Duwaymeh, at the eastern base of Mount Gerizim",gerizim,eastern base of Mount Gerizim,structure,survey,,reported by local people; inspected by Drake,a third column taken by Mohammed Said Pasha,"a place called Duwaymeh, lying at the eastern base of Mount Gerizim",medium,"E57 Gerizim; columns and mosaic, probable Roman villa",good,
F0005,H0029,palestine-exploration-quarterly_1873-04:11:gerizim_area,QS 1873,1873,04,49,page_numbers.json,49,palestine-exploration-quarterly_1873-04,11,gerizim_area,C. R. Conder,a probable Roman villa at Nablus,gerizim,,structure,excavation,,Survey party,,"a probable Roman villa at Nablus, which we excavated partially",low,E57 Gerizim (Nablus town); probably the Duwaymeh villa (INFERENCE),good,F0004
F0006,H0030,palestine-exploration-quarterly_1873-04:31:gerizim_area,QS 1873,1873,04,69,running_head,69,palestine-exploration-quarterly_1873-04,31,gerizim_area,C. W. Wilson (Ebal and Gerizim),"mound north of the castle, Khirbet Louzah, Gerizim",gerizim,at the end of the arm running north from the castle,coin,excavation,Roman (as given),Wilson's party,,a few Roman coins nothing of interest was found,high,E57 Gerizim,good,
F0007,H0031,palestine-exploration-quarterly_1873-04:33:gerizim_area,QS 1873,1873,04,71,page_numbers.json,71,palestine-exploration-quarterly_1873-04,33,gerizim_area,C. W. Wilson (Ebal and Gerizim),"Joseph's Tomb, a short distance north of Jacob's Well",gerizim,north of Jacob's Well,inscription;jar_vessel,survey,modern (as given),Wilson's party,,within it we found two modern inscriptions,medium,E57 Gerizim area (Balata); modern objects only,good,
F0008,H0039,palestine-exploration-quarterly_1874-04:6:ain_duk,QS 1874,1874,04,38,page_numbers.json,38,palestine-exploration-quarterly_1874-04,6,ain_duk,C. R. Conder (Gilgal and the Plains of Jericho),"'Ain Duk, at the foot of the cliff of Koruntil",ain_duk,at the foot of the cliff of Koruntil,structure,survey,Roman (as suggested),Survey party,,seems to be that of a small Roman temple,high,"E1/E17 (Achor, ain_duk), E29, E31 Doq",good,
F0009,H0042,palestine-exploration-quarterly_1874-04:9:jericho_area,QS 1874,1874,04,41,page_numbers.json,41,palestine-exploration-quarterly_1874-04,9,jericho_area,C. R. Conder,"Kh. el Mifjar, north of 'Ain el Sultan",nuweimeh,"north of 'Ain el Sultan (north bank of Wady Nuweimeh, INFERENCE)",structure,excavation,Byzantine? (church apse suggested),Captain Warren (1868),the remains have now disappeared,shows ruins excavated by Captain Warren,medium,"Jericho plain north of the tell (Kh. el-Mefjar, about 2 km N; RP-MEFJAR); not the strip",good,
F0010,H0048,palestine-exploration-quarterly_1874-04:39:dok_generic,QS 1874,1874,04,71,page_numbers.json,71,palestine-exploration-quarterly_1874-04,39,dok_generic,C. F. Tyrwhitt Drake,"near the makam of Ali ibn Taleb, above Khirbet Abu Lahm",nuweimeh,above the makam; the hill commands Wady Nuway'ameh,tomb,survey,,M. Clermont-Ganneau,,"M. Ganneau found two rock-hewn tombs, with pigeon-hole loculi",low,"E1/E17 Achor (Nuweimeh), E31 Doq (Drake's Docus proposal)",good,
F0011,H0048,palestine-exploration-quarterly_1874-04:39:dok_generic,QS 1874,1874,04,71,page_numbers.json,71,palestine-exploration-quarterly_1874-04,39,dok_generic,C. F. Tyrwhitt Drake,hill-top immediately above the makam (proposed Docus),nuweimeh,above the makam,structure,survey,,Drake,,traces of a tower and other buildings to the south,low,E31 Doq: an alternative Docus site,good,
F0012,H0050,palestine-exploration-quarterly_1874-04:40:qelt_generic,QS 1874,1874,04,72,page_numbers.json,72,palestine-exploration-quarterly_1874-04,40,qelt_generic,C. F. Tyrwhitt Drake,Dayr el Kelt,choziba,,inscription,survey,"late (Arabic graffiti, as given)",Drake,in situ on frescoes,Arabic graffiti in ordinary character (not Cufic),high,E32 Koziba,good,
F0013,H0051,palestine-exploration-quarterly_1874-04:41:ain_duk,QS 1874,1874,04,73,page_numbers.json,73,palestine-exploration-quarterly_1874-04,41,ain_duk,C. F. Tyrwhitt Drake,crusading fortress beside the chapel on the summit of Jebel Kuruntul,doq,Ain Duk flows some nine hundred feet below,cistern,survey,crusading (as given),Drake,,I could find no trace of any cistern or reservoir,high,E31 Doq: explicit absence statement for the summit (scope: one visit),good,
F0014,H0051,palestine-exploration-quarterly_1874-04:41:ain_duk,QS 1874,1874,04,73,page_numbers.json,73,palestine-exploration-quarterly_1874-04,41,ain_duk,C. F. Tyrwhitt Drake,Tell Moghyfer,unresolved,,inscription;structure,chance,,natives (stones lately dug up),,Some stones had lately been dug up by the natives,none,Jericho plain monastery; fresco with Greek letters,good,
F0015,H0052,palestine-exploration-quarterly_1874-04:42:tell_es_sultan,QS 1874,1874,04,74,page_numbers.json,74,palestine-exploration-quarterly_1874-04,42,tell_es_sultan,C. F. Tyrwhitt Drake,"Khirbet Gumran, two miles north of 'Ain Feshkah",kh_qumran,graves beside the ruin and on two adjoining hillocks,tomb,excavation,,Drake and M. Clermont-Ganneau,teeth kept by Drake,No objects of any kind were found in the grave,high,E20-22 Sekakah; Kohlit Qumran model (cemetery); 700-750 graves counted; brick over the body at 41 in.,good,
F0016,H0052,palestine-exploration-quarterly_1874-04:42:tell_es_sultan,QS 1874,1874,04,74,page_numbers.json,74,palestine-exploration-quarterly_1874-04,42,tell_es_sultan,C. F. Tyrwhitt Drake,Khirbet Gumran,kh_qumran,,coin,survey,presumably Jewish (as given),Drake,,"a small nearly defaced copper coin, presumably Jewish",high,E20-22; coin and pottery only finds at the ruin,good,
F0017,H0052,palestine-exploration-quarterly_1874-04:42:tell_es_sultan,QS 1874,1874,04,74,page_numbers.json,74,palestine-exploration-quarterly_1874-04,42,tell_es_sultan,C. F. Tyrwhitt Drake,Khirbet Gumran,kh_qumran,between this ruin and the wall,structure,survey,,Drake,,A small birket lies between this ruin and the wall,high,E22 reservoir (Qumran),good,
F0018,H0053,palestine-exploration-quarterly_1874-04:53:jericho_area,QS 1874,1874,04,85,running_head,85,palestine-exploration-quarterly_1874-04,53,jericho_area,C. Clermont-Ganneau (letters),Riha (Jericho),jericho_area,,inscription,chance,,a man of Riha (claim),given to a man of Silwan,pretended to have discovered some days before three stones with inscriptions,low,Jericho; unverified claim,good,
F0019,H0053,palestine-exploration-quarterly_1874-04:53:jericho_area,QS 1874,1874,04,85,running_head,85,palestine-exploration-quarterly_1874-04,53,jericho_area,C. Clermont-Ganneau (letters),Tawahin es Soukkar,jericho_area,,other,survey,,Clermont-Ganneau's party,,fragments of sculpture such as we had already found,medium,"Jericho, foot of Jebel Quruntul (E31 Doq area)",good,
F0020,H0053,palestine-exploration-quarterly_1874-04:53:jericho_area,QS 1874,1874,04,85,running_head,85,palestine-exploration-quarterly_1874-04,53,jericho_area,C. Clermont-Ganneau (letters),"the surrounding Tells, and Jericho",jericho_area,,structure,chance,,local diggers (unnamed),"Russian enclosure, for a new building",cut stones taken from excavations made in the surrounding Tells,low,Q2 Tell es-Sultan strip: 1870s stone digging in tells is one source of modern pits (INFERENCE),good,
F0021,H0054,palestine-exploration-quarterly_1874-04:55:jericho_area,QS 1874,1874,04,87,page_numbers.json,87,palestine-exploration-quarterly_1874-04,55,jericho_area,C. Clermont-Ganneau (letters),tomb near Khaur Abou Lahem,nuweimeh,,tomb,excavation,,Clermont-Ganneau,,The whole of Monday was taken up with the useless excavation,low,E1/E17; TRADITION on the page: inscribed stone and gold casket said to lie in Khaur Abou Lahem,good,F0010
F0022,H0055,palestine-exploration-quarterly_1874-04:56:choziba,QS 1874,1874,04,88,page_numbers.json,88,palestine-exploration-quarterly_1874-04,56,choziba,C. Clermont-Ganneau (letters),convent of Deir el Kelt,choziba,,inscription,survey,,Lieut. Conder (found and copied); squeeze by Clermont-Ganneau,,a Greek and Arabic inscription which Lieut. Conder had found and copied,high,E32 Koziba,good,
F0023,H0055,palestine-exploration-quarterly_1874-04:56:choziba,QS 1874,1874,04,88,page_numbers.json,88,palestine-exploration-quarterly_1874-04,56,choziba,C. Clermont-Ganneau (letters),Jericho (Riha),jericho_area,,inscription,chance,"Pescennius Niger, probably (as given)",not stated,taken away about three years earlier,a fine monumental Latin inscription had been taken away,low,Jericho town,good,
F0024,H0057,palestine-exploration-quarterly_1874-04:56:tell_el_qos,QS 1874,1874,04,88,page_numbers.json,88,palestine-exploration-quarterly_1874-04,56,tell_el_qos,C. Clermont-Ganneau (letters),Tell el Qos,tell_el_qos,,inscription,chance,,guide (claim),in the guide's house at Riha,an inscribed stone found at Tell el Qos,high,E30 Haqqoz (tell_el_qos); object only pick scratches,good,
F0025,H0060,palestine-exploration-quarterly_1874-04:57:tell_es_sultan,QS 1874,1874,04,89,running_head,89,palestine-exploration-quarterly_1874-04,57,tell_es_sultan,C. Clermont-Ganneau (letters),the little ruined building which surrounds the fountain of Elisha,tell_es_sultan,around the fountain,structure,excavation,pagan temple (suggested),Clermont-Ganneau's two workmen,,I distinguished very clearly an apse with a niche,high,Q3 entry 11 (pool east of the site): early record of the spring-house apse and niche; work stopped by the people of Riha,good,
F0026,H0061,palestine-exploration-quarterly_1874-04:58:jericho_area,QS 1874,1874,04,90,page_numbers.json,90,palestine-exploration-quarterly_1874-04,58,jericho_area,C. Clermont-Ganneau (letters),Khan el Hathrour,x_khan_el_ahmar,,other;inscription,survey,"Roman (milestone, as given)",Clermont-Ganneau,,"the fragment of a Roman milestone, brought, however, from some other place",medium,Jerusalem-Jericho road,good,
F0027,H0074,palestine-exploration-quarterly_1874-07:79:gerizim_area,QS 1874,1874,07,207,running_head,207,palestine-exploration-quarterly_1874-07,79,gerizim_area,C. Clermont-Ganneau,"old Nablous road, thirty metres north of the Tombs of the Kings",jer_tombs_kings,thirty metres north of the Tombs of the Kings,other,chance,"Hadrian, probably (claim)",a man (unnamed),now belongs to an effendi of the town,thirty metres north of the Tombs of the Kings,high,"E27 (queen's residence, Tombs of the Kings option); marble head among fallen wall blocks",good,
F0028,H0085,palestine-exploration-quarterly_1875-01:28:beth_shean,QS 1875,1875,01,30,page_numbers.json,30,palestine-exploration-quarterly_1875-01,28,beth_shean,C. F. Tyrwhitt Drake,"near Tell el Husn, Baysan",beth_shean,near Tell el Husn,tomb,survey,,Drake,,"discovered two subterranean tombs of masonry, with domed roofs",high,E58 Beth Sham,good,
F0029,H0085,palestine-exploration-quarterly_1875-01:28:beth_shean,QS 1875,1875,01,30,page_numbers.json,30,palestine-exploration-quarterly_1875-01,28,beth_shean,C. F. Tyrwhitt Drake,"Jami'a el Arb'ain, Baysan",beth_shean,near the modern village,inscription,survey,Islamic (as given),Drake,over the mihrab,Over the mihrab is a large block of stone,medium,E58,good,
F0030,H0088,palestine-exploration-quarterly_1875-04:6:x_qarn_sartaba,QS 1875,1875,04,64,running_head,64,palestine-exploration-quarterly_1875-04,6,x_qarn_sartaba,C. R. Conder,"the plain at the base of the Kurn-Surtabeh, through which Wady Far'a flows",x_qarn_sartaba,in the plain at the base,tomb;inscription,survey,Greek period (as given),Survey party,,one having a much defaced Hebrew inscription,low,Kohlit Qarn Sartaba model (S1283): graves near the mountain; direction from the summit not stated,good,
F0031,H0103,palestine-exploration-quarterly_1875-10:6:gerizim_area,QS 1875,1875,10,190,running_head,190,palestine-exploration-quarterly_1875-10,6,gerizim_area,C. R. Conder,"the early church built over Jacob's well, at Nablus",gerizim,"Jacob's well, east of Nablus",structure,survey,early church (as given),Survey party,hidden by modern vaults,nearly the whole of the floor and foundations of the early church,medium,E57 Gerizim (eastern base),good,
F0032,H0115,palestine-exploration-quarterly_1876-07:49:beth_shean,QS 1876,1876,07,151,running_head,151,palestine-exploration-quarterly_1876-07,49,beth_shean,C. R. Conder (Masonry Tombs),"Beisan, as marked on the special Survey",beth_shean,,tomb,survey,,Survey party (Drake),,closed with square doors of black basalt,high,E58,good,F0028
F0033,H0118,palestine-exploration-quarterly_1876-10:4:gerizim_area,QS 1876,1876,10,162,running_head,162,palestine-exploration-quarterly_1876-10,4,gerizim_area,QS editors (Jacob's Well note),"Jacob's Well, a mile and a half east of Nablus, at the eastern base of Mount Gerizim",gerizim,a mile and a half east of Nablus,jar_vessel;structure,excavation,,Captain Anderson (1866),,a small unbroken pitcher proved that water is sometimes found,medium,"E57 Gerizim (well at its eastern base); well 75 ft deep, church debris inside",good,
F0034,H0138,palestine-exploration-quarterly_1878-01:2:gerizim,QS 1878,1878,01,2,running_head,2,palestine-exploration-quarterly_1878-01,2,gerizim,"QS editors (Notes and News), from Jacob Shellaby via Conder",a certain cavern now blocked up on the side of Gerizim,gerizim,between the place of sacrifice and the road down to Ras el Ain,cave,survey,,Samaritan informant (TRADITION),blocked up,a certain cavern now blocked up on the side of Gerizim,medium,E57 Gerizim; TRADITION: Samaritans call it the Cave of Makkedah,good,
F0035,H0179,palestine-exploration-quarterly_1881-07:2:gerizim_area,QS 1881,1881,07,128,page_numbers.json,128,palestine-exploration-quarterly_1881-07,2,gerizim_area,QS editors (Notes and News),Jacob's Well,gerizim,,structure,excavation,early Christian chapel period (as suggested),Rev. C. W. Bardsley,,the stone mouth described and figured by him,medium,E57 Gerizim (eastern base),good,
F0036,H0180,palestine-exploration-quarterly_1881-07:7:gerizim_area,QS 1881,1881,07,133,running_head,133,palestine-exploration-quarterly_1881-07,7,gerizim_area,QS editors (General Committee),Jacob's Well,gerizim,,structure,excavation,,Rev. C. W. Barclay [sic; Bardsley on p. 128],drawing sent to the Fund,"the ancient mouths of Jacob's Well, which he succeeded in uncovering",medium,E57,good,F0035
F0037,H0184,palestine-exploration-quarterly_1881-07:71:gerizim_area,QS 1881,1881,07,195,running_head,195,palestine-exploration-quarterly_1881-07,71,gerizim_area,C. R. Conder,vault north-west of Jacob's Well,gerizim,north-west of the well,structure,survey,ancient cruciform basilica (as given),Conder,in situ,in a vault north-west of the well,medium,E57 Gerizim (eastern base); grey syenite shafts,good,
F0038,H0193,palestine-exploration-quarterly_1881-10:19:beth_horon,QS 1881,1881,10,257,page_numbers.json,257,palestine-exploration-quarterly_1881-10,19,beth_horon,C. R. Conder,the Nether Beth Horon,beth_horon,"Nether (lower) Beth Horon, about 2.5 km W of the upper village (INFERENCE)",treasure;tomb,chance,,not stated,,a treasure trove was reported some little time since,low,E40 Horon; rumour of treasure proved to be a small rock tomb,good,
F0039,H0196,palestine-exploration-quarterly_1881-10:21:ein_samiya,QS 1881,1881,10,259,page_numbers.json,259,palestine-exploration-quarterly_1881-10,21,ein_samiya,C. R. Conder,"'Alali el Benat, east of Kilia (Sheet XV), in the great gorge of Wady Samieh",ein_samiya,in the great gorge of Wady Samieh,cave;cistern,survey,hermits (as given),Mr. Black,,a curious hermits' cave with three cisterns,low,Kohlit Ein Samiya / Kh. el-Marjama model (Zissu); position in the gorge east of the spring (INFERENCE),good,
F0040,H0198,palestine-exploration-quarterly_1882-01:16:jericho_area,QS 1882,1882,01,16,page_numbers.json,16,palestine-exploration-quarterly_1882-01,16,jericho_area,C. Clermont-Ganneau (notes),the neighbourhood of Jericho,jericho_area,,inscription,purchase,,not stated (collected at Jerusalem),Clermont-Ganneau's copies or photographs,Another fragment from the neighbourhood of Jericho,low,Jericho district only,good,
F0041,H0199,palestine-exploration-quarterly_1882-01:28:gerizim_area,QS 1882,1882,01,28,running_head,28,palestine-exploration-quarterly_1882-01,28,gerizim_area,C. Clermont-Ganneau (notes),"Nablus, capital of a column of the large mosque",gerizim,Nablus town,inscription,survey,Roman (name Lucius Iacchus),Clermont-Ganneau,in the mosque,"one which I discovered at Nablus, on the capital",low,E57 Gerizim (Nablus town),good,
F0042,H0206,palestine-exploration-quarterly_1882-10:33:gerizim,QS 1882,1882,10,221,running_head,221,palestine-exploration-quarterly_1882-10,33,gerizim,QS (Princes' visit report),the Sacred Rock on the summit of Mount Gerizim,gerizim,"on the west, or lower edge, of the rock",cistern;cave,survey,,Royal party; Mr. Dalton,,"a sunk cavity, like a cistern, which is traditionally the cave",high,E57 Gerizim; TRADITION (Tabernacle cave); same page: no Samaritan Temple remains recognised,good,
F0043,H0230,palestine-exploration-quarterly_1884-07:43:gerizim,QS 1884,1884,07,187,running_head,187,palestine-exploration-quarterly_1884-07,43,gerizim,C. Clermont-Ganneau (Times reprint),"Nablous, at the foot of Mount Gerizim",gerizim,at the foot of Mount Gerizim,inscription;other,chance,Greek (mythological reliefs),Ottoman building works (1883),preservation secured by Raouf Pasha,works undertaken by the Ottoman authorities for the construction of a building,low,E57 Gerizim (Nablus town); marble pedestal with reliefs,good,
F0044,H0231,palestine-exploration-quarterly_1884-07:44:gerizim,QS 1884,1884,07,188,running_head,188,palestine-exploration-quarterly_1884-07,44,gerizim,C. Clermont-Ganneau (Times reprint),the foot of Mount Gerizim,gerizim,at the foot of Mount Gerizim,inscription;other,chance,Greek (as given),Ottoman building works,,brought to light a considerable number of fragments of sculptured marble,low,E57 (continuation of the 1883 Nablus find),good,F0043
F0045,H0235,palestine-exploration-quarterly_1884-10:34:gerizim_area,QS 1884,1884,10,224,running_head,224,palestine-exploration-quarterly_1884-10,34,gerizim_area,C. Clermont-Ganneau (Antiquities of Palestine in London),Nablus (Sichem),gerizim,,inscription,purchase,rather late (as given),not stated,British Museum,"a Samaritan inscription from Nablus (Sichem), of rather late epoch",low,E57 (Nablus town); findspot not stated,good,
F0046,H0236,palestine-exploration-quarterly_1884-10:34:jericho_area,QS 1884,1884,10,224,running_head,224,palestine-exploration-quarterly_1884-10,34,jericho_area,C. Clermont-Ganneau (Antiquities of Palestine in London),Jericho,jericho_area,,other,purchase,,not stated,British Museum,"a lion's muzzle in marble, half broken, from Jericho",low,Jericho district,good,
F0047,H0239,palestine-exploration-quarterly_1885-04:27:gerizim_area,QS 1885,1885,04,95,running_head,95,palestine-exploration-quarterly_1885-04,27,gerizim_area,L. Oliphant,"Nablous, municipal improvements",gerizim,Nablus town,inscription;other,chance,,municipal works,destined for the Museum at Constantinople,some monuments recently discovered during some municipal improvements,low,E57; the Theseus pedestal (see QS 1886 p. 18),good,F0043
F0048,H0247,palestine-exploration-quarterly_1886-10:7:gerizim_area,QS 1886,1886,10,165,running_head,165,palestine-exploration-quarterly_1886-10,7,gerizim_area,C. R. Conder,Nablus (purchase),gerizim,,metal_object;jar_vessel,purchase,no date shown (as given),not stated,office of the Fund,"This curious jug, now in the office of the Fund",none,bronze vase bought in Nablus; findspot not stated,good,
F0049,H0255,palestine-exploration-quarterly_1888-07:38:beth_shean,QS 1888,1888,07,140,running_head,140,palestine-exploration-quarterly_1888-07,38,beth_shean,G. Schumacher (Recent Discoveries),the ruins of Beisan,beth_shean,among the ruins,other,chance,,natives,brought to the reporter,"an interesting mask of a human head, made of pottery",medium,E58 Beth Sham,good,
F0050,H0256,palestine-exploration-quarterly_1888-10:1:jericho_area,QS 1888,1888,10,171,inferred,171,palestine-exploration-quarterly_1888-10,1,jericho_area,QS editors (Notes and News),near the ancient site of Jericho (land of the Russian mission),jericho_area,near the ancient site of Jericho,structure;metal_object;lamp;jar_vessel,chance,,Russian mission (digging foundations),not stated,"In digging for a foundation, capitals, pillars, lintels, iron weapons",low,"Jericho; which 'ancient site' is not said (INFERENCE: Russian property in the oasis, not Tell es-Sultan)",good,
F0051,H0257,palestine-exploration-quarterly_1889-01:1:jericho_area,QS 1889,1889,01,1,inferred,1,palestine-exploration-quarterly_1889-01,1,jericho_area,QS editors (Notes and News),Russian excavations at Jericho,jericho_area,,structure;lamp;jar_vessel,chance,,Russian mission,,have proved the existence of former extensive buildings,low,repeat of the 1888 report,good,F0050
F0052,H0258,palestine-exploration-quarterly_1889-07:14:gerizim_area,QS 1889,1889,07,114,running_head,114,palestine-exploration-quarterly_1889-07,14,gerizim_area,not determined (Recent Discoveries in Jerusalem),"north of the Tombs of the Kings, lower slope of Mount Scopus, east of the Nablus road",jer_tombs_kings,north of the Tombs of the Kings,cistern;structure,chance,Crusading (as given),member of an Effendi family (clearing ground for a house),,On clearing the ground he discovered a cistern,medium,"E27 (Tombs of the Kings option), weak",good,
F0053,H0260,palestine-exploration-quarterly_1889-10:8:jericho_area,QS 1889,1889,10,166,running_head,166,palestine-exploration-quarterly_1889-10,8,jericho_area,QS editors (General Committee),Jericho,jericho_area,,structure;metal_object;lamp;jar_vessel,chance,,Russian mission,,"capitals, pillars, lintels, iron weapons, pottery, jars and lamps",low,repeat of the 1888 report,good,F0050
F0054,H0264,palestine-exploration-quarterly_1890-04:72:x_qarn_sartaba,QS 1890,1890,04,130,running_head,130,palestine-exploration-quarterly_1890-04,72,x_qarn_sartaba,J. Neil (Slime Pits of Siddim),"near Kurn Surtubeh (from SWP Memoirs vol. II, plate facing p. 397)",x_qarn_sartaba,near the mountain,cistern,survey,,SWP surveyors,,"four rock-cut beers, or ordinary underground cemented water-cisterns",low,"Kohlit Qarn Sartaba (S1283): same SWP record as coder A's cave-cisterns, not independent",good,
F0055,H0268,palestine-exploration-quarterly_1890-07:67:x_qarn_sartaba,QS 1890,1890,07,199,running_head,199,palestine-exploration-quarterly_1890-07,67,x_qarn_sartaba,not determined (Gihon),Surtabeh,x_qarn_sartaba,,cistern,survey,,as reported by Neil,,the system of pits for water connected with shafts,low,repeat of H0264 source,good,F0054
F0056,H0271,palestine-exploration-quarterly_1892-01:11:gerizim_area,QS 1892,1892,01,9,page_numbers.json,9,palestine-exploration-quarterly_1892-01,11,gerizim_area,"C. Schick (letters), quoting C. W. Wilson 1865","ruin in Wady el Joz at the Nablus road, near the pool of the Tomb of the Kings",jer_tombs_kings,west of the ruin in Wady el Joz,structure,excavation,,"Sir Charles Wilson (1865, Excavation No. XIII)",,to try and discover the conduit which took the water,medium,negative search for the conduit from the pool near the Tomb of the Kings (failed),good,
F0057,H0272,palestine-exploration-quarterly_1892-04:45:hyrcania,QS 1892,1892,04,121,inferred,121,palestine-exploration-quarterly_1892-04,45,hyrcania,C. Schick (letters),"Khirbet Mird, four hours east of Jerusalem near Mar Saba",hyrcania,,tomb,survey,fifth century after Christ (as given),not stated,,"especially at the Khirbet Mird, four hours distant east of Jerusalem",high,E35 / E16 (Hyrcania options),good,
F0058,H0282,palestine-exploration-quarterly_1893:278:gerizim_area,QS 1893,1893,,256,running_head,256,palestine-exploration-quarterly_1893,278,gerizim_area,G. Robinson Lees,"Jacob's Well, near Nablus",gerizim,,structure,excavation,chapel (as given),the Greek owners (clearing),door placed at the foot of the steps,"Several columns were found, and large slabs of stone",medium,E57 Gerizim (eastern base),good,
F0059,H0283,palestine-exploration-quarterly_1893:293:gerizim_area,QS 1893,1893,,271,running_head,271,palestine-exploration-quarterly_1893,293,gerizim_area,QS editors (Annual Meeting),Jacob's Well,gerizim,,structure,excavation,,Greek abbot,ruins in the charge of a Greek abbot,some debris had been cleared away,medium,E57; repeat of Lees 1893,good,F0058
F0060,H0369,palestine-exploration-quarterly_1894:213:jericho_area,QS 1894,1894,,175,running_head,176,palestine-exploration-quarterly_1894,213,jericho_area,F. J. Bliss (Notes on the Plain of Jericho),"Tell es Sultan, near the base of the mound, above the spring",tell_es_sultan,"near the base of the mound, above the spring (east side)",structure;other,survey,pre-Israelite (as suggested),Bliss,,a hollow has recently been scooped out for some reason,high,"Q3 spring area, not the north strip; a recent hollow (modern pit) beside the spring; mud-brick wall traced; ledge-handle pottery",good,
F0061,H0369,palestine-exploration-quarterly_1894:213:jericho_area,QS 1894,1894,,175,running_head,176,palestine-exploration-quarterly_1894,213,jericho_area,F. J. Bliss (Notes on the Plain of Jericho),Warren's cutting at the north-west elevation of Tell es Sultan,tell_es_sultan,north-west elevation of the mound,structure,survey,,Bliss (in Warren's old cut),,In the cutting made by Warren at the north-west elevation,high,Q2: Warren's 1868 cuts on the mound; not the strip north of the tell,good,
F0062,H0369,palestine-exploration-quarterly_1894:213:jericho_area,QS 1894,1894,,175,running_head,176,palestine-exploration-quarterly_1894,213,jericho_area,F. J. Bliss (Notes on the Plain of Jericho),the southern Tell of the pair called Tellul Abu el 'Aleik,jericho_palaces,not far from the entrance of the pass,other,survey,Amorite or pre-Israelite pottery (as given),Bliss (in Warren's old cuts),,to recover in the lower levels of Warren's cuts,high,E29 Jericho pools (palaces); pottery only,good,
F0063,H0370,palestine-exploration-quarterly_1894:215:jericho_area,QS 1894,1894,,177,running_head,177,palestine-exploration-quarterly_1894,215,jericho_area,F. J. Bliss (Notes on the Plain of Jericho),"Khurbet el Mefjir, two miles north of the tower of Er Riha",nuweimeh,two miles almost directly north of the ruined tower of Er Riha,structure;other,chance,Roman-type pottery; Byzantine or Crusader stucco (opinions given),stone diggers for the Sultan's building at Riha; Bliss and Tristram,stone taken to the Sultan's palace at Riha,all the stone had been brought from Khurbet el Mefjir,medium,"Jericho plain north (Kh. el-Mefjar, RP-MEFJAR); stone robbing digs trenches",good,
F0064,H0371,palestine-exploration-quarterly_1894:217:jericho_area,QS 1894,1894,,179,running_head,179,palestine-exploration-quarterly_1894,217,jericho_area,F. J. Bliss (Notes on the Plain of Jericho),"Khurbet el Mefjir, second heap",nuweimeh,,inscription;structure,chance,,local Arabs (reports),inscriptions broken up; frescoed walls re-buried,tantalising accounts of inscriptions which had been broken up,medium,Kh. el-Mefjar; Arabs also describe a drain large enough to crawl through,good,F0063
F0065,H0371,palestine-exploration-quarterly_1894:217:jericho_area,QS 1894,1894,,179,running_head,181,palestine-exploration-quarterly_1894,217,jericho_area,F. J. Bliss (Notes on the Plain of Jericho),"the Russian property north-west of the hotel, Jericho",jericho_area,north-west of the hotel,structure;cistern,excavation,same period as Kh. el Mefjir (opinion),Russian owners,,a small cistern 3 feet square at its north-east corner,low,Jericho town (Russian property); continues the 1888 report,good,F0050
F0066,H0371,palestine-exploration-quarterly_1894:217:jericho_area,QS 1894,1894,,179,running_head,182,palestine-exploration-quarterly_1894,217,jericho_area,F. J. Bliss (Notes on the Plain of Jericho),"Birket el Jiljulieh, 165 feet S.S.E. of the tamarisk",jericho_area,165 feet S.S.E. of the tree (Shejeret el Ithleh),structure,survey,Roman or later (opinion),Bliss,,The Birket is 165 feet S.S.E. of the tree,low,E29 Jericho pools (regional inventory); pool 100 by 84 ft,good,
F0067,H0383,palestine-exploration-quarterly_1895:119:beth_shean,QS 1895,1895,,89,page_numbers.json,89,palestine-exploration-quarterly_1895,119,beth_shean,"QS editors (Notes and News), from C. Schick",Beisan,beth_shean,,coin_hoard,chance,,not stated,not stated,a find of gold coins is said to have been made,medium,E58 Beth Sham; hearsay,good,
F0068,H0384,palestine-exploration-quarterly_1895:119:gerizim_area,QS 1895,1895,,89,page_numbers.json,89,palestine-exploration-quarterly_1895,119,gerizim_area,"QS editors (Notes and News), from C. Schick",Jacob's Well,gerizim,,structure,excavation,,not stated,work stopped over a property question,The church has been found to have had three apses,medium,E57 (eastern base),good,
F0069,H0387,palestine-exploration-quarterly_1895:144:beth_shean,QS 1895,1895,,114,running_head,114,palestine-exploration-quarterly_1895,144,beth_shean,G. Schumacher (Beth-Dejan and other notes),"northern bank of the Jalud river, opposite Beisan",beth_shean,"on the northern bank of the Jalud, opposite Beisan",cistern;structure,chance,,Italian workmen sinking trial pits for the railway company,,"the Italian workmen struck an underground channel, cut into the soft rock",medium,"E58 Beth Sham (channel or cistern, plastered, over 100 ft long)",good,
F0070,H0391,palestine-exploration-quarterly_1895:227:jericho_area,QS 1895,1895,,195,running_head,195,palestine-exploration-quarterly_1895,227,jericho_area,QS editors (Notes and News),"Herod's Palace, Jericho [Kh. el Mefjir as Bliss suggested]",nuweimeh,,other,purchase,,F. J. Bliss,lent to the Jerusalem Association collection,"Dr. Bliss loaned some stones from Herod's Palace, Jericho",low,Kh. el-Mefjar objects in a collection,good,F0063
F0071,H0442,palestine-exploration-quarterly_1899:179:jericho_area,QS 1899,1899,,127,page_numbers.json,127,palestine-exploration-quarterly_1899,179,jericho_area,J. E. Hanauer (The Ruins of the Herodian Jericho),"Khirbet es Sumra, on the northern bank of Wad en Nuei'ameh",nuweimeh,on the northern bank of Wady en Nuei'ameh,structure;other,chance,"Roman (capitals, fire-tiles, as given)",searchers for building stones,stone removed for building,are being destroyed rapidly by searchers for building stones,medium,same ruin as Kh. el Mefjir (Bliss 1894); E1/E17 Nuweimeh,good,F0063
F0072,H0443,palestine-exploration-quarterly_1899:180:x_khan_el_ahmar,QS 1899,1899,,128,running_head,128,palestine-exploration-quarterly_1899,180,x_khan_el_ahmar,J. E. Hanauer,"the half-way Khan of the Good Samaritan, on the way to Jerusalem",x_khan_el_ahmar,within the enclosure of the Khan,structure;cave,chance,,not stated,,has been found within the enclosure of the half-way Khan,high,Jerusalem-Jericho road; niches in nearby caves (a columbarium),good,
F0073,H0458,palestine-exploration-quarterly_1900:104:gerizim_area,QS 1900,1900,,62,running_head,62,palestine-exploration-quarterly_1900,104,gerizim_area,C. Schick (Reports),"Jacob's well, at the foot of Gerizim",gerizim,at the foot of Gerizim,structure,excavation,basilica with three apses (as given),a Greek priest (clearing and excavations),enclosed with a wall,"the place was cleared by a Greek priest, excavations made",medium,E57 (eastern base); old pool partly filled with earth,good,
F0074,H0464,palestine-exploration-quarterly_1900:451:beth_shean,QS 1900,1900,,355,page_numbers.json,355,palestine-exploration-quarterly_1900,451,beth_shean,G. Schumacher (Reports from Galilee),the ancient high road from the Jalud Bridge near Beisan westwards,beth_shean,westwards from the Jalud bridge near Beisan,sarcophagus;inscription,survey,,Schumacher,,we came across a number of sarcophagi scattered about,medium,E58 Beth Sham,good,
F0075,H0488,palestine-exploration-quarterly_1902:188:ein_feshkha,QS 1902,1902,,162,page_numbers.json,162,palestine-exploration-quarterly_1902,188,ein_feshkha,"E. W. G. Masterman ('Ain el-Feshkhah, el-Hajar el-Asbah, and Khurbet Kumran)",the great cemetery on the same hill to the east of Khurbet Kumran,kh_qumran,on the same hill to the east,tomb,survey,,Masterman (observation); one grave opened by Clermont-Ganneau,,at least three of the graves have been exposed and lie open,high,E20-22 Sekakah; Kohlit Qumran model (cemetery); upwards of a thousand graves,good,
F0076,H0488,palestine-exploration-quarterly_1902:188:ein_feshkha,QS 1902,1902,,162,page_numbers.json,161,palestine-exploration-quarterly_1902,188,ein_feshkha,"E. W. G. Masterman ('Ain el-Feshkhah, el-Hajar el-Asbah, and Khurbet Kumran)",Khurbet el-Yehud or Khurbet Kumran,kh_qumran,close to the ruins; aqueduct to the westward,structure,survey,,Masterman,,"Close to these is a Birket (pool), in fair preservation, partially plastered",high,"E22 reservoir; birket 67 ft by 16 ft 8 in, 10 ft deep, steps at the north end; aqueduct to the west",good,
F0077,H0489,palestine-exploration-quarterly_1902:231:beth_shean,QS 1902,1902,,201,running_head,201,palestine-exploration-quarterly_1902,231,beth_shean,C. W. Wilson (Notices of Foreign Publications),Beisan (Bethshean),beth_shean,,tomb;other,survey,,as reported in Echos d'Orient (1901),,Busts from tombs at Beisan (Bethshean) and other finds are also noticed,low,E58; secondary notice,good,
F0078,H0492,palestine-exploration-quarterly_1902:270:gerizim_area,QS 1902,1902,,240,running_head,240,palestine-exploration-quarterly_1902,270,gerizim_area,R. A. S. Macalister (Reports),Nablus,gerizim,Nablus town,inscription,survey,,Dr. Wright of Nablus (holder); squeeze by Masterman,with Dr. Wright at Nablus,"a Greek inscription shown him by Dr. Wright, of Nablus",low,E57 (Nablus town); funerary text,good,
F0079,H0518,palestine-exploration-quarterly_1904:284:gerizim_area,QS 1904,1904,,254,running_head,254,palestine-exploration-quarterly_1904,284,gerizim_area,R. A. S. Macalister (Reports),"Tell el-Ful, on the east side of the Nablus road, beyond Sha'fat",tell_el_ful,"on the east side of the Nablus road, a short distance beyond Sha'fat",structure,excavation,,Survey party (earlier),,has proved to possess no sepulchral character,high,E43 Beth Tamar option (tell_el_ful); negative for tombs,good,
F0080,H0533,palestine-exploration-quarterly_1905:183:beth_shean,QS 1905,1905,,161,running_head,161,palestine-exploration-quarterly_1905,183,beth_shean,C. W. Wilson (Foreign Publications),Beisan (Scythopolis),beth_shean,,other,purchase,,not stated,"Baron Ustinow collection, Jerusalem","a plaque of pottery from Beisan (Scythopolis), with a figure",low,E58; findspot not stated,good,
F0081,H0558,palestine-exploration-quarterly_1907:113:beth_shean,QS 1907,1907,,101,running_head,101,palestine-exploration-quarterly_1907,113,beth_shean,not determined (Diary of a Visit to Safed),the Necropolis of Beisan,beth_shean,in the hill side,tomb,chance,,plunderers (an Effendi said to dig tombs),contents plundered,Rows on rows of recently plundered tombs gape in the hill side,medium,E58 Beth Sham,good,
F0082,H0561,palestine-exploration-quarterly_1907:144:beth_shean,QS 1907,1907,,130,running_head,130,palestine-exploration-quarterly_1907,144,beth_shean,not determined (Diary of a Visit to Safed),Beisan,beth_shean,,other,purchase,,not stated,"Herr Hesselschwert, hotel at Nablus (collection)","a haematite seal-cylinder, the latter from Beisan",low,E58; findspot not stated; object is a seal (coded other),good,
F0083,H0565,palestine-exploration-quarterly_1907:252:ein_samiya,QS 1907,1907,,236,running_head,236,palestine-exploration-quarterly_1907,252,ein_samiya,R. A. S. Macalister (Some New Inscriptions),"'Ain Samieh, a remote spot at the head of the Wady Samieh, N.W. of Kefr Malek",ein_samiya,"at the head of the Wady Samieh, N.W. of the village of Kefr Malek",inscription,chance,,Yusif (after rumours of illicit digging),,Yusif had heard rumours of illicit digging there,high,Kohlit Ein Samiya / Kh. el-Marjama model (Zissu); Greek inscription on a column drum,good,
F0084,H0566,palestine-exploration-quarterly_1907:253:ein_samiya,QS 1907,1907,,237,running_head,237,palestine-exploration-quarterly_1907,253,ein_samiya,R. A. S. Macalister (Some New Inscriptions),'Ain Samieh,ein_samiya,,inscription,chance,,,,cut on the drum of a column 41 in. long,high,same inscription,good,F0083
F0085,H0568,palestine-exploration-quarterly_1907:261:jericho_area,QS 1907,1907,,245,page_numbers.json,245,palestine-exploration-quarterly_1907,261,jericho_area,QS editors (Notes and News),Jericho (Prof. Sellin's excavation),tell_es_sultan,,structure;metal_object;other,excavation,Canaanite (as given),Prof. Sellin,,He has found an old Canaanite castle,medium,"Q2/Q3 Tell es-Sultan (INFERENCE: Sellin dug the tell); bronze hatchets, 22 blank clay tablets, clay idol, city wall",good,
F0086,H0578,palestine-exploration-quarterly_1908:110:ein_samiya,QS 1908,1908,,86,running_head,86,palestine-exploration-quarterly_1908,110,ein_samiya,QS editors (Notes and News),"Samieh, or Samey",ein_samiya,,metal_object;other,chance,early (as implied),not stated,"Mr. Herbert Clark's private collection, Jerusalem",some thirty pieces of pottery found at Samieh,medium,"Kohlit Ein Samiya model; bronze spears and daggers, beads, pottery found in 1907",good,
F0087,H0583,palestine-exploration-quarterly_1908:372:gerizim_area,QS 1908,1908,,340,running_head,340,palestine-exploration-quarterly_1908,372,gerizim_area,R. A. S. Macalister (Notes and Queries),"Nablus, C.M.S. Hospital",gerizim,twelve feet below the present surface,metal_object,chance,,workmen digging a well for the hospital,"Dr. Gaskoin Wright, Nablus",found some time ago in the course of digging a well,low,E57 (Nablus town); bronze tube with wheel-like disc,good,
F0088,H0589,palestine-exploration-quarterly_1909:30:jericho_area,QS 1909,1909,,22,page_numbers.json,22,palestine-exploration-quarterly_1909,30,jericho_area,not determined (Gezer jar-handle note),Jericho,jericho_area,,other;jar_vessel,excavation,,Sellin's excavation (INFERENCE),,The seals reported from Jericho,low,Jericho excavations 1907-09; object is a seal (coded other),good,
F0089,H0592,palestine-exploration-quarterly_1909:86:gerizim_area,QS 1909,1909,,74,running_head,74,palestine-exploration-quarterly_1909,86,gerizim_area,"QS editors (Notes and Queries), from Dr. Wright of Nablus","close to Joseph's tomb, Nablus",gerizim,close to Joseph's tomb,metal_object,chance,,builders of a house,,some interesting objects have lately been found in building a house,medium,E57 area (Balata); many knives,good,
F0090,H0596,palestine-exploration-quarterly_1909:197:ein_samiya,QS 1909,1909,,181,running_head,181,palestine-exploration-quarterly_1909,197,ein_samiya,QS (Annual Meeting),Samieh,ein_samiya,,inscription,chance,,,rescued from destruction (Macalister),rescuing the inscription at Samieh from destruction,high,same inscription,good,F0083
F0091,H0601,palestine-exploration-quarterly_1909:307:jericho_area,QS 1909,1909,,287,running_head,287,palestine-exploration-quarterly_1909,307,jericho_area,not determined (Old Hebrew Alphabet and the Gezer Tablet),Jericho,jericho_area,,jar_vessel;inscription,excavation,"fifth to third centuries B.C. (palaeography, as given)",Sellin's excavation (INFERENCE),,It is found upon jar-handles of Jericho,low,Jericho excavations 1907-09,good,F0088
F0092,H0608,palestine-exploration-quarterly_1910:69:jericho_area,QS 1910,1910,,59,running_head,59,palestine-exploration-quarterly_1910,69,jericho_area,S. A. Cook (The German Excavations at Jericho),"the north of the plateau, above the citadel and between it and the city wall",tell_es_sultan,"north of the plateau, inside the city wall",tomb,excavation,"Arab (Mohammedan), rifled (as given)",Sellin and Watzinger,,numerous Arab graves were found in the north of the plateau,high,"Q2: graves on the north part of the tell, inside the city wall, not the strip beyond it; review of the German reports",good,
F0093,H0608,palestine-exploration-quarterly_1910:69:jericho_area,QS 1910,1910,,59,running_head,59,palestine-exploration-quarterly_1910,69,jericho_area,S. A. Cook (The German Excavations at Jericho),about 100 feet north-east of the eastern tower of the citadel,tell_es_sultan,about 100 feet north-east of the eastern tower of the citadel,tomb,excavation,Early Byzantine (as given),Sellin and Watzinger,,two family graves of the Early Byzantine period were found,high,"Q2: on the tell (city wall, north-east); not the strip north of the tell",good,
F0094,H0609,palestine-exploration-quarterly_1910:70:jericho_area,QS 1910,1910,,60,running_head,60,palestine-exploration-quarterly_1910,70,jericho_area,S. A. Cook (The German Excavations at Jericho),"north of the citadel, Tell es-Sultan",tell_es_sultan,north of the citadel,structure;other,excavation,late Jewish or Hellenistic (as given),Sellin and Watzinger,,found everywhere below the Arab graves north of the citadel,high,Q2: a Hellenistic horizon on the north part of the tell (inside the wall),good,
F0095,H0609,palestine-exploration-quarterly_1910:70:jericho_area,QS 1910,1910,,60,running_head,61,palestine-exploration-quarterly_1910,70,jericho_area,S. A. Cook (The German Excavations at Jericho),small houses north of the citadel,tell_es_sultan,north of the citadel,tomb;jar_vessel,excavation,Syro-Israelite / Canaanite (as given),Sellin and Watzinger,,Infant burials were found beneath the floors,high,Q2 context only (pre-window); jar burials,good,
F0096,H0609,palestine-exploration-quarterly_1910:70:jericho_area,QS 1910,1910,,60,running_head,61,palestine-exploration-quarterly_1910,70,jericho_area,S. A. Cook (The German Excavations at Jericho),"the north-east, by the city-wall",tell_es_sultan,"north-east, by the city wall",jar_vessel;inscription,excavation,late Jewish or Hellenistic (reviewer),Sellin and Watzinger,,Another jar-handle with an Aramaic stamp,high,"Q2: north-east edge of the tell, inside the wall",good,
F0097,H0647,palestine-exploration-quarterly_1913:61:wadi_qumran,QS 1913,1913,,43,running_head,43,palestine-exploration-quarterly_1913,61,wadi_qumran,E. W. G. Masterman (Dead Sea Observations),"Khurbet el-Yehud, near Wady Kumran",kh_qumran,near Wady Kumran,tomb,chance,,probably treasure hunters (as suggested),,Some of the graves here showed evidence of recent disturbance,high,E20-22; Kohlit Qumran model; graves disturbed by treasure hunters in 1912,good,
F0098,H0672,palestine-exploration-quarterly_1869-1870:23:jer_temple,QS 1869-70 (reprinted Reports 1867-69),1867-69,reports,11,running_head,11,palestine-exploration-quarterly_1869-1870,23,jer_temple,C. Warren (letter),near the Golden Gate,jer_east_gate,near the Golden Gate,structure,chance,,a fellah (claim),,where a fellah says he found a tower,high,E9/E10 East Gate,good,
F0099,H0674,palestine-exploration-quarterly_1869-1870:27:mount_zion,QS 1869-70 (reprinted Reports 1867-69),1867-69,reports,15,running_head,15,palestine-exploration-quarterly_1869-1870,27,mount_zion,C. Warren (letter),south-east of the south-east angle of the Coenaculum,mount_zion,"south-east of the south-east angle of the Coenaculum, 50 ft above the present aqueduct",structure,excavation,,Warren's party,,Shaft discovered south-east of south-east angle of Coenaculum,high,Kohlit Mount Zion option (Pixner); shaft 16 ft deep into an ancient aqueduct,good,
F0100,H0678,palestine-exploration-quarterly_1869-1870:51:siloam_generic,QS 1869-70 (reprinted Reports 1867-69),1867-69,reports,39,running_head,39,palestine-exploration-quarterly_1869-1870,51,siloam_generic,C. Warren (letter; Sergeant Birtles' exploration),the passage from the Virgin's Fountain (Siloam),jer_siloam,passage above the Virgin's Fountain,lamp;jar_vessel;metal_object,excavation,,Warren and Sergeant Birtles,brought to town,who wanted to have a share in the treasure,high,"E49 Siloam; lamps, cooking dish, water jars, iron ring; villagers suspected treasure",good,
F0101,H0680,palestine-exploration-quarterly_1869-1870:97:jer_se_corner,QS 1869-70 (reprinted Reports 1867-69),1867-69,reports,85,running_head,85,palestine-exploration-quarterly_1869-1870,97,jer_se_corner,C. Warren (letter),the rock at the S.E. angle of the Haram,jer_se_corner,3 ft to the east of the angle,structure;jar_vessel,excavation,,Warren's party,,a hole was found scooped out of the rock,high,E12a/E50-51 SE corner,good,
F0102,H0681,palestine-exploration-quarterly_1869-1870:105:jer_south_wall,QS 1869-70 (reprinted Reports 1867-69),1867-69,reports,93,running_head,93,palestine-exploration-quarterly_1869-1870,105,jer_south_wall,C. Warren (letter),"shaft No. 34, 132 ft south of the triple gate",jer_south_wall,"132 ft south of the triple gate, west of a cistern",lamp;jar_vessel;cistern,excavation,,Warren's party,,a great number of glass bottles and earthenware lamps,high,E53 (south wall); finds in a drain,good,
F0103,H0682,palestine-exploration-quarterly_1869-1870:109:jer_bethesda,QS 1869-70 (reprinted Reports 1867-69),1867-69,reports,97,running_head,97,palestine-exploration-quarterly_1869-1870,109,jer_bethesda,C. Warren (letter),vaulted tank south of the Birket Israil,jer_bethesda,its northern wall 23 ft 6 in from the south side of the Birket Israil,cistern,excavation,,Warren's party,,23ft. 6in. from the south side of the Birket Israil,high,E55 Bethesda; nine bays on four cruciform piers,good,
F0104,H0683,palestine-exploration-quarterly_1869-1870:112:jer_bethesda,QS 1869-70 (reprinted Reports 1867-69),1867-69,reports,100,running_head,100,palestine-exploration-quarterly_1869-1870,112,jer_bethesda,C. Warren (letter),the Birket Israil,jer_bethesda,,other,excavation,"Arabic (glazed pottery, as judged)",Warren's party,,at the Birket Israil the pottery is totally different,high,E55; pottery only,good,
F0105,H0685,palestine-exploration-quarterly_1869-1870:112:jer_siloam,QS 1869-70 (reprinted Reports 1867-69),1867-69,reports,100,running_head,100,palestine-exploration-quarterly_1869-1870,112,jer_siloam,C. Warren (letter),"Ophel, between the South Haram Wall and the Pool of Siloam",jer_siloam,between the South Haram Wall and the Pool of Siloam,lamp;inscription,excavation,,Warren's party,,lamps of a particular type (two of which have Greek inscriptions),low,Ophel (between E53 and E49); no finer place,good,
F0106,H0688,palestine-exploration-quarterly_1869-1870:113:jer_se_corner,QS 1869-70 (reprinted Reports 1867-69),1867-69,reports,101,running_head,101,palestine-exploration-quarterly_1869-1870,113,jer_se_corner,C. Warren (letter),hole in rock at the south-east angle of the Haram Area,jer_se_corner,,jar_vessel,excavation,,Warren's party,,the jar found placed in the hole in rock,high,E12a/E50-51; jar in a rock hole at the foot of the angle,good,F0101
F0107,H0690,palestine-exploration-quarterly_1869-1870:113:jer_tyropoeon,QS 1869-70 (reprinted Reports 1867-69),1867-69,reports,101,running_head,101,palestine-exploration-quarterly_1869-1870,113,jer_tyropoeon,C. Warren (letter),"south end of the bridge, at Robinson's Arch, above the pavement",jer_tyropoeon,south end of the bridge,other,excavation,,Warren's party,,"the other at the south end of the bridge, at Robinson's Arch",high,stone weight,good,
F0108,H0694,palestine-exploration-quarterly_1869-1870:120:jer_east_gate,QS 1869-70 (reprinted Reports 1867-69),1867-69,reports,106,running_head,106,palestine-exploration-quarterly_1869-1870,120,jer_east_gate,C. Warren (letter XL),the Golden Gate,jer_east_gate,outside the east Haram wall,structure,excavation,,Warren's party,,at the Golden Gate the Haram Wall extends below the present surface,high,E9/E10: wall continues 30-40 ft below ground outside,good,
F0109,H0696,palestine-exploration-quarterly_1869-1870:127:jer_temple,QS 1869-70 (reprinted Reports 1867-69),1867-69,reports,113,page_numbers.json,113,palestine-exploration-quarterly_1869-1870,127,jer_temple,C. Warren (letter),"about 7 ft north of the jamb of the gate (Barclay's Gate), alongside the Haram Wall",jer_tyropoeon,about 7 ft north of the jamb of the gate,lamp;other,excavation,,Warren's party,,About 5ft. below the surface we came upon a lamp,medium,"west wall, Barclay's Gate",good,
F0110,H0697,palestine-exploration-quarterly_1869-1870:130:jer_bethesda,QS 1869-70 (reprinted Reports 1867-69),1867-69,reports,116,running_head,116,palestine-exploration-quarterly_1869-1870,130,jer_bethesda,C. Warren (letter),the Birket Israil,jer_bethesda,about 20 ft below the surface of the rubbish,other,excavation,,Warren's party,,"This capital was found in the Birket Israil, about 20ft. below",high,E55; Ionic capital,good,
F0111,H0705,palestine-exploration-quarterly_1869-1870:140:jer_tyropoeon,QS 1869-70 (reprinted Reports 1867-69),1867-69,reports,126,running_head,126,palestine-exploration-quarterly_1869-1870,140,jer_tyropoeon,C. Warren (letter),under the pavement under Wilson's Arch,jer_tyropoeon,under the pavement,other;inscription,excavation,,Warren's party (1867),,"the signet of Haggai, the son of Shebaniah was found in 1867",high,Hebrew seal under Wilson's Arch (seal coded other),good,
F0112,H0706,palestine-exploration-quarterly_1869-1870:144:jer_tyropoeon,QS 1869-70 (reprinted Reports 1867-69),1867-69,reports,130,page_numbers.json,130,palestine-exploration-quarterly_1869-1870,144,jer_tyropoeon,C. Warren (letter),shaft at the S.W. angle (Robinson's Arch area),jer_tyropoeon,S.W. angle of the Haram,lamp;inscription,excavation,,Warren's party,,"lamps, one with a Greek inscription",high,west wall,good,
F0113,H0710,palestine-exploration-quarterly_1869-1870:162:jer_temple,QS 1869-70 (reprinted Reports 1867-69),1867-69,reports,148,running_head,148,palestine-exploration-quarterly_1869-1870,162,jer_temple,C. Warren (letter),cave south of the Haram Area,jer_south_wall,south of the Haram Area,metal_object,excavation,,Warren's party,,The Copper Candlestick found south of the Haram Area,medium,copper object from a cave south of the Haram (E53 area),good,
F0114,H0711,palestine-exploration-quarterly_1869-1870:167:jer_bir_ayyub,QS 1869-70 (reprinted Reports 1867-69),1867-69,reports,152,page_numbers.json,152,palestine-exploration-quarterly_1869-1870,167,jer_bir_ayyub,C. Warren (letter),75 ft north of the pool at Bir Eyub,jer_bir_ayyub,75 ft north of the pool; staircases 86 ft north of the cistern or grotto,structure;cistern,excavation,,Warren's party,,came on head of staircase,high,E34/E45/E47 Bir Ayyub; rock-cut staircases,good,
F0115,H0719,palestine-exploration-quarterly_1869-1870:204:jer_temple,QS 1869-70,1869,no2,36,running_head,36,palestine-exploration-quarterly_1869-1870,204,jer_temple,E. Deutsch (letter),the double passage underneath the Aksa,jer_south_wall,,inscription,survey,,E. Deutsch,in situ on a column,another new Hebrew inscription on a column in the double passage,high,"E53 (south wall, Double Gate passage)",good,
F0116,H0720,palestine-exploration-quarterly_1869-1870:204:kidron_generic,QS 1869-70,1869,no2,36,running_head,36,palestine-exploration-quarterly_1869-1870,204,kidron_generic,E. Deutsch (letter),"near the tomb of the Bene-Chezir (St. James's tomb), Valley of Jehoshaphat",jer_kidron_mon,near the tomb of the Bene-Chezir,inscription,survey,,E. Deutsch,in situ,"one in Hebrew with ligatures, near the well-known tomb of the Bene-Chezir",high,E48 Absalom monument area; E35 Kidron,good,
F0117,H0729,palestine-exploration-quarterly_1869-1870:289:jer_temple,QS 1869-70,1870,no4,117,running_head,117,palestine-exploration-quarterly_1869-1870,289,jer_temple,QS editors (Statement of Progress),cavern south of the Haram Wall,jer_south_wall,south of the Haram Wall,cave;metal_object;lamp,excavation,,Warren's party,,a most curious cavern has been found and examined,medium,E53; used as dyer's shop and stable,good,F0113
F0118,H0739,palestine-exploration-quarterly_1869-1870:502:jer_tyropoeon,QS 1869-70,1870,no6,330,running_head,330,palestine-exploration-quarterly_1869-1870,502,jer_tyropoeon,C. Warren,Robinson's Arch,jer_tyropoeon,,other;inscription,excavation,,Warren's party,now in the office of the Fund,on a stone weight found at Robinson's Arch,high,stone weight with a supposed Hebrew character,good,
F0119,H0750,palestine-exploration-quarterly_1869-1870:544:kidron_generic,QS 1869-70,1870,no7,370,running_head,370,palestine-exploration-quarterly_1869-1870,544,kidron_generic,C. Warren (Discovery at the North-West Angle),the western bank of the Kedron Valley,jer_kidron_mon,"western bank of the valley, below the Haram",structure,excavation,,Warren's party,,the whole western bank of the Kedron Valley is buried in debris,low,E35 Kidron / E48: debris 60-80 ft deep; bed shifted 90 ft east,good,
F0120,H0756,palestine-exploration-quarterly_1871_2:23:jer_south_wall,QS 1871,1871,no2,103,page_numbers.json,103,palestine-exploration-quarterly_1871_2,23,jer_south_wall,not determined (Notes on new discoveries),built into the southern wall of the Haram,jer_south_wall,,inscription,chance,"Roman (Antoninus, as given)",demolition of an old building,built into the wall,"the votive inscription of Antoninus, built into the southern wall",high,E53 south wall,good,
F0121,H0758,palestine-exploration-quarterly_1871_2:25:jer_kidron_mon,QS 1871,1871,no2,105,running_head,105,palestine-exploration-quarterly_1871_2,25,jer_kidron_mon,C. Clermont-Ganneau (Notes on certain new discoveries),"the tomb of Absalom, western face",jer_kidron_mon,western face of the monument,tomb;structure,excavation,,Clermont-Ganneau,,The tomb of Absalom cleared out,high,E48 Absalom's monument,good,
F0122,H0770,palestine-exploration-quarterly_1872-07:41:jer_temple,QS 1872,1872,07,117,page_numbers.json,117,palestine-exploration-quarterly_1872-07,41,jer_temple,C. Clermont-Ganneau (Annual Meeting address),foundations of an Arab edifice some metres from the Mosque of Omar,jer_temple,some metres distant from the Mosque of Omar,inscription,excavation,the Temple (as given),Clermont-Ganneau (dug it out),,Two letters only were visible above ground,medium,E3/E5-E8 Temple; Greek warning inscription,good,
F0123,H0771,palestine-exploration-quarterly_1872-07:42:jer_bethesda,QS 1872,1872,07,118,running_head,118,palestine-exploration-quarterly_1872-07,42,jer_bethesda,C. Clermont-Ganneau (Annual Meeting address),the side of Bethesda,jer_bethesda,on the side of Bethesda,inscription,survey,Roman (as given),Clermont-Ganneau,,engraved upon a slab of marble found on the side of Bethesda,high,E55 Bethesda; votive inscription of Pompeia Lucilia,good,
F0124,H0772,palestine-exploration-quarterly_1872-07:42:siloam_generic,QS 1872,1872,07,118,running_head,118,palestine-exploration-quarterly_1872-07,42,siloam_generic,C. Clermont-Ganneau (Annual Meeting address),Siloam (village rock tombs),jer_kidron_east,,inscription;tomb,survey,Hebrew in Phoenician character (as given),Clermont-Ganneau,given to the British Museum,two Hebrew texts in Phoenician character discovered by me at Siloam,high,E52-E54 Kidron east (Silwan necropolis),good,
F0125,H0776,palestine-exploration-quarterly_1872-10:20:kidron_generic,QS 1872,1872,10,170,running_head,170,palestine-exploration-quarterly_1872-10,20,kidron_generic,C. R. Conder,the village of Siloam and its rock-cut tombs,jer_kidron_east,the village of Siloam,tomb;cave,survey,"ancient, with Christian crosses (as given)",Conder and Dr. Chaplin,,the rock-hewn quarries and tombs are no doubt of great antiquity,high,E52-E54; villagers live in caves and quarries,good,
F0126,H0777,palestine-exploration-quarterly_1872-10:20:siloam_generic,QS 1872,1872,10,170,running_head,170,palestine-exploration-quarterly_1872-10,20,siloam_generic,C. R. Conder,"Siloam, on the rock",jer_kidron_east,,inscription,survey,,Clermont-Ganneau,,Here M. Ganneau discovered on the rock the one,high,same find as the Silwan rock inscriptions,good,F0124
F0127,H0780,palestine-exploration-quarterly_1873-04:30:jer_temple,QS 1873,1873,04,68,running_head,68,palestine-exploration-quarterly_1873-04,30,jer_temple,C. W. Wilson (Ebal and Gerizim),the octagonal church on Mount Gerizim,gerizim,under the floor of the church,coin;structure,excavation,very early Cufic (coin); church c. A.D. 533 (as given),Wilson's party,,a very early Cufic coin was turned up,high,E57 Gerizim summit; cisterns half-filled with rubbish south of the castle,good,
F0128,H0781,palestine-exploration-quarterly_1873-04:34:jer_east_gate,QS 1873,1873,04,72,running_head,72,palestine-exploration-quarterly_1873-04,34,jer_east_gate,"QS editors, from C. Schick",near the Golden Gate,jer_east_gate,running from the old postern in the east wall towards the platform,structure,survey,,C. Schick,,indications of the existence of a vaulted passage near the Golden Gate,high,E9/E10 East Gate,good,
F0129,H0785,palestine-exploration-quarterly_1873-10:20:jer_temple,QS 1873,1873,10,154,running_head,154,palestine-exploration-quarterly_1873-10,20,jer_temple,C. R. Conder,the Kubbet es Sakhrah (repairs),jer_temple,,inscription,chance,Cufic (as given),repairs to the building,in situ,the Cufic inscription on the beams,high,E3-E8 Temple (Dome of the Rock),good,
F0130,H0786,palestine-exploration-quarterly_1873-10:21:jer_temple,QS 1873,1873,10,155,running_head,155,palestine-exploration-quarterly_1873-10,21,jer_temple,C. R. Conder,the coping of the parapet of the outer wall of the Dome of the Rock,jer_temple,,inscription,chance,Greek (as given),repairs,sent to the Fund,a bit of Greek inscription from a slab from the coping,high,E3-E8,good,
F0131,H0786,palestine-exploration-quarterly_1873-10:21:jer_temple,QS 1873,1873,10,155,running_head,155,palestine-exploration-quarterly_1873-10,21,jer_temple,C. R. Conder,rock tombs lately opened on the Mount of Offence,jer_kidron_east,Mount of Offence (INFERENCE: south end of the east slope),ossuary;tomb,chance,,not stated,,More than twenty mortuary chests have been discovered in rock tombs,low,E54 (tombs on the east slope); ossuaries,good,
F0132,H0790,palestine-exploration-quarterly_1874-01:7:jer_temple,QS 1874,1874,01,7,page_numbers.json,7,palestine-exploration-quarterly_1874-01,7,jer_temple,C. Clermont-Ganneau (letters),coming from the Haram es Shereef,jer_temple,,inscription,purchase,,not stated,the Russian Archimandrite,has shown me three fragments of interesting inscriptions,medium,E3-E8; provenance as stated,good,
F0133,H0791,palestine-exploration-quarterly_1874-01:9:jer_tombs_kings,QS 1874,1874,01,9,page_numbers.json,9,palestine-exploration-quarterly_1874-01,9,jer_tombs_kings,C. Clermont-Ganneau (letters),the Tombs of the Kings (K'bour el Molouk),jer_tombs_kings,,sarcophagus;inscription,excavation,near the Christian era (as given),M. de Saulcy (1863),taken by de Saulcy,the sarcophagus taken by M. de Saulcy from the Tombs,high,E27 queen's residence (Helena) option,good,
F0134,H0794,palestine-exploration-quarterly_1874-04:59:jer_temple,QS 1874,1874,04,91,running_head,91,palestine-exploration-quarterly_1874-04,59,jer_temple,C. Clermont-Ganneau (letters),the esplanade of the Sakhra,jer_temple,in one of the little oratories,inscription;sarcophagus,survey,"third century of the Hejira (inscription, as given)",Clermont-Ganneau,in situ,"a beautiful old sarcophagus, ornamented with roses",high,E3-E8,good,
F0135,H0797,palestine-exploration-quarterly_1874-04:66:jer_tombs_kings,QS 1874,1874,04,98,page_numbers.json,98,palestine-exploration-quarterly_1874-04,66,jer_tombs_kings,C. Clermont-Ganneau (letters),great cavern in the side of Mount Zion,mount_zion,,cave,excavation,,Clermont-Ganneau's workmen,,where this subterranean passage leads,high,Kohlit Mount Zion option (Pixner),good,
F0136,H0798,palestine-exploration-quarterly_1874-04:70:siloam_generic,QS 1874,1874,04,102,running_head,102,palestine-exploration-quarterly_1874-04,70,siloam_generic,C. Clermont-Ganneau (letters),"Kerm Gamar, a plot of a Silwan man, in a little valley (Yasul?)",unresolved,"on the north side, half-way up",cistern;sarcophagus;lamp;inscription;cave,purchase,,the owner of the plot (twenty lamps from a sepulchral cave),two lamps acquired by Clermont-Ganneau,two out of twenty lamps found by him in a sepulchral cave,none,"valley south of Jerusalem, position not fixed",good,
F0137,H0799,palestine-exploration-quarterly_1874-04:75:mount_zion,QS 1874,1874,04,107,running_head,107,palestine-exploration-quarterly_1874-04,75,mount_zion,C. Clermont-Ganneau (letters),the excavation on Mount Zion (gallery),mount_zion,,jar_vessel;other;cave,excavation,,Clermont-Ganneau's workmen,,an incredible quantity of fragments of stone vessels,high,"Kohlit Mount Zion option; stone vessels, stone spur rowels and cones",good,F0135
F0138,H0801,palestine-exploration-quarterly_1874-04:77:siloam_generic,QS 1874,1874,04,109,running_head,109,palestine-exploration-quarterly_1874-04,77,siloam_generic,C. Clermont-Ganneau (letters),"tombs near Beit Sahour el 'Atiga, in the Kedron Valley, a little below the Bir Eyub",jer_bir_ayyub,a little below the Bir Eyub,tomb,survey,recent bones (as given),Clermont-Ganneau; great tomb first explored by Warren,,"in the Kedron Valley, a little below the Bir Eyub",medium,E45/E47 Bir Ayyub area,good,
F0139,H0806,palestine-exploration-quarterly_1874-07:9:jer_temple,QS 1874,1874,07,137,running_head,136-137,palestine-exploration-quarterly_1874-07,9,jer_temple,C. Clermont-Ganneau (letters),"exterior of the eastern wall of the Haram, about 133 metres north of the south-east angle",jer_east_gate,"about 133 m north of the south-east angle, second course below the battlements",inscription,survey,"Turkish hand, perhaps Sultan Selim's works (as suggested)",reported ('it is said'),in situ in the wall,In this place are stones buried for the use of the Haram,medium,E10 eastern wall; an inscription pointing to a buried store; a shaft of about 1871 found nothing (continues p. 137),good,
F0140,H0808,palestine-exploration-quarterly_1874-07:37:jer_east_gate,QS 1874,1874,07,165,running_head,165,palestine-exploration-quarterly_1874-07,37,jer_east_gate,C. Clermont-Ganneau (letters),"inside the east wall of the Haram, nearly 160 metres south of the Golden Gate",jer_east_gate,"nearly 160 m south of the Golden Gate, against the interior of the east wall",structure,excavation,,the memour (Ottoman director of the Haram works); first shaft under Kondret Bey,,The excavation has led to no archaeological or practical result,medium,"E10; negative search for the inscribed store: over 30 ft of made earth with pottery, mosaic cubes and marble",good,
F0141,H0810,palestine-exploration-quarterly_1874-07:81:jer_south_wall,QS 1874,1874,07,209,running_head,209,palestine-exploration-quarterly_1874-07,81,jer_south_wall,not determined (The Head of Hadrian),the Double Gate of the south wall,jer_south_wall,,inscription,survey,"Roman (Hadrian / Antoninus Pius, as given)",,built into the gate,the Latin inscription found in the Double Gate of the south wall,high,E53 south wall,good,F0120
F0142,H0811,palestine-exploration-quarterly_1874-10:45:jer_temple,QS 1874,1874,10,261,page_numbers.json,261,palestine-exploration-quarterly_1874-10,45,jer_temple,C. Clermont-Ganneau (letters),within the Haram,jer_temple,,inscription,survey,Arabic (as implied),Clermont-Ganneau,in situ,"I have just rediscovered, within the Haram, an inscription",high,E3-E8,good,
F0143,H0815,palestine-exploration-quarterly_1875-01:54:jer_temple,QS 1875,1875,01,56,running_head,56,palestine-exploration-quarterly_1875-01,54,jer_temple,not determined (article title),the Sakhra of Jerusalem,jer_temple,,inscription,chance,Greek (as given),not stated,,GREEK INSCRIPTION FOUND IN THE SAKHRA OF JERUSALEM,high,E3-E8,good,
F0144,H0822,palestine-exploration-quarterly_1876-07:13:jer_tombs_kings,QS 1876,1876,07,119,running_head,119,palestine-exploration-quarterly_1876-07,13,jer_tombs_kings,QS (Ladies' Associations report),the chambers of the tombs of the kings,jer_tombs_kings,,sarcophagus,chance,,an American visitor,fragments carried off as mementoes,carrying off fragments purposely broken off as mementoes,high,E27; damage to the sarcophagi,good,
F0145,H0826,palestine-exploration-quarterly_1878-01:2:jer_temple,QS 1878,1878,01,2,running_head,2,palestine-exploration-quarterly_1878-01,2,jer_temple,QS editors (Notes and News),the Haram,jer_temple,,metal_object,chance,"Italian, twelfth century (Kitchener's opinion)",not stated,,a brass plate was found in the Haram bearing the arms,high,E3-E8; bronze with much silver; cover of a font or vessel,good,
F0146,H0840,palestine-exploration-quarterly_1880-01:67:jer_east_gate,QS 1880,1880,01,47,page_numbers.json,47,palestine-exploration-quarterly_1880-01,67,jer_east_gate,C. W. Wilson (Masonry of the Haram Wall),100 feet east of the Golden Gate,jer_east_gate,100 ft east of the Golden Gate,structure,excavation,,Warren's party,,in search of a tower said to have been seen,high,"E9/E10; negative: shaft abandoned at 27 ft (the fellah's claim, QS 1867-69 p. 11)",good,F0098
F0147,H0845,palestine-exploration-quarterly_1880-01:75:jer_se_corner,QS 1880,1880,01,55,page_numbers.json,55,palestine-exploration-quarterly_1880-01,75,jer_se_corner,C. W. Wilson (Masonry of the Haram Wall),the foot of the wall at the south-east angle,jer_se_corner,at the foot of the wall,jar_vessel;inscription,excavation,Nehemiah's time suggested (as given),Warren's party,,jar-handles with Phoenician inscriptions were obtained,high,E12a/E50-51 SE corner,good,
F0148,H0851,palestine-exploration-quarterly_1880-04:2:jer_se_corner,QS 1880,1880,04,68,running_head,68,palestine-exploration-quarterly_1880-04,2,jer_se_corner,QS editors (Notes and News),Solomon's Stables and other places in the Haram Area,jer_se_corner,,inscription,survey,Hebrew and Kufic (as given),collectors of squeezes (Palmer's collection),squeezes in the Fund's collection,a number of grafiti in Hebrew and Kufic characters,high,E12a/E50-51 SE corner vaults,good,
F0149,H0864,palestine-exploration-quarterly_1880-10:48:jer_siloam,QS 1880,1880,10,238,running_head,238,palestine-exploration-quarterly_1880-10,48,jer_siloam,C. Schick,the conduit (Siloam tunnel) at the Pool of Siloam,jer_siloam,"about 25 ft from the southern entrance, beside the eastern rock wall",inscription,chance,,one of Schick's pupils (fell into the water),in situ,he discovered some marks like letters on the wall of rock,high,E49 Siloam: the Siloam tunnel inscription,good,
F0150,H0876,palestine-exploration-quarterly_1881-07:17:jer_siloam,QS 1881,1881,07,141,running_head,141,palestine-exploration-quarterly_1881-07,17,jer_siloam,A. H. Sayce,the conduit leading into the Pool of Siloam,jer_siloam,,inscription,chance,June 1880 (discovery date),a pupil of Mr. Schick,in situ,an important discovery was accidentally made at the Pool of Siloam,high,E49,good,F0149
F0151,H0878,palestine-exploration-quarterly_1881-07:18:jer_siloam,QS 1881,1881,07,142,running_head,142,palestine-exploration-quarterly_1881-07,18,jer_siloam,A. H. Sayce,a niche at the lower end of the conduit,jer_siloam,about 19 feet from where the conduit opens into the Pool of Siloam,inscription,chance,,,in situ,about 19 feet from the place where it opens out,high,E49: position of the tablet (Schick gave about 25 ft),good,F0149
F0152,H0893,palestine-exploration-quarterly_1881-07:74:siloam_generic,QS 1881,1881,07,198,running_head,198,palestine-exploration-quarterly_1881-07,74,siloam_generic,C. R. Conder,the passage (tunnel) from the Siloam end,jer_siloam,"on the right hand entering from the Siloam end, some 12 paces from the entrance",inscription,survey,,,in situ,some 12 paces from the entrance,high,E49: a third position statement for the tablet,good,F0149
F0153,H0898,palestine-exploration-quarterly_1881-10:44:siloam_generic,QS 1881,1881,10,282,running_head,282,palestine-exploration-quarterly_1881-10,44,siloam_generic,A. H. Sayce,the entrance of the Tyropoeon valley (near the Pool of Siloam),jer_siloam,at the entrance of the Tyropoeon valley,structure,excavation,,Dr. H. Guthe,,succeeded in discovering remains of the old city wall,medium,E49 Siloam area; Guthe 1881,good,
F0154,H0921,palestine-exploration-quarterly_1882-01:1:jer_siloam,QS 1882,1882,01,1,inferred,1,palestine-exploration-quarterly_1882-01,1,jer_siloam,QS editors (Notes and News),the passage between the Virgin's Fount and the Pool of Siloam,jer_siloam,,inscription;structure,survey,,Lieutenant Conder,,He found no other inscriptions,high,E49: explicit absence statement for the tunnel (scope: two four-hour visits); junction point found,good,
F0155,H0922,palestine-exploration-quarterly_1882-01:2:jer_temple,QS 1882,1882,01,2,inferred,2,palestine-exploration-quarterly_1882-01,2,jer_temple,QS editors (Notes and News),the eastern wall of the Haram Area,jer_east_gate,in the eastern wall,structure,chance,not of great antiquity (as reported),Turkish repairs,,another gate has been discovered in the eastern wall,high,E9/E10 East Gate / eastern wall,good,
F0156,H0923,palestine-exploration-quarterly_1882-01:4:jer_siloam,QS 1882,1882,01,4,running_head,4,palestine-exploration-quarterly_1882-01,4,jer_siloam,C. R. Conder,a conduit from the Fountain of the Virgin to the lower pool of Siloam,jer_siloam,,structure,survey,perhaps older than the tunnel (as suggested),C. Schick (discoverer),,it apparently carried water direct to the lower pool of Siloam,high,E49,good,
F0157,H0924,palestine-exploration-quarterly_1882-01:4:siloam_generic,QS 1882,1882,01,4,running_head,4,palestine-exploration-quarterly_1882-01,4,siloam_generic,C. R. Conder,near Siloam,jer_siloam,near Siloam,structure,excavation,,Dr. Guthe,,"I also saw the supposed city wall uncovered, near Siloam",medium,E49,good,F0153
F0158,H0926,palestine-exploration-quarterly_1882-01:17:jer_temple,QS 1882,1882,01,17,running_head,17,palestine-exploration-quarterly_1882-01,17,jer_temple,C. Clermont-Ganneau (notes),base of a column of the galleries inside the Haram esh Sherif,jer_temple,,inscription,survey,12th century (as given),Clermont-Ganneau,in situ,belonging apparently to the epitaph of some Templar,high,E3-E8,good,
F0159,H0928,palestine-exploration-quarterly_1882-01:18:jer_temple,QS 1882,1882,01,18,running_head,18,palestine-exploration-quarterly_1882-01,18,jer_temple,C. Clermont-Ganneau (notes),"the wall of the Haram, about fifty yards from the buried-stones inscription",jer_east_gate,about fifty yards from the inscription,structure,excavation,,"Turkish authorities, persuaded by Clermont-Ganneau",,My prediction was realized. The door was there,high,"E9/E10: a walled-up door found by a stated prediction (cf. QS 1874 pp. 136-137, 165)",good,F0155
F0160,H0942,palestine-exploration-quarterly_1882-07:8:jer_tombs_kings,QS 1882,1882,07,144,running_head,144,palestine-exploration-quarterly_1882-07,8,jer_tombs_kings,C. R. Conder,the Tombs of the Kings (tomb of Helena),jer_tombs_kings,,sarcophagus;structure,excavation,,M. de Saulcy (sarcophagus); later excavators (stele remains),,"remains of the stele, which, according to Pausanias, stood above Helena's tomb",high,E27 (Helena of Adiabene option),good,
F0161,H0973,palestine-exploration-quarterly_1883-10:50:jer_siloam,QS 1883,1883,10,212,page_numbers.json,212,palestine-exploration-quarterly_1883-10,50,jer_siloam,A. H. Sayce,the neighbourhood of the Pool of Siloam,jer_siloam,in the neighbourhood of the Pool of Siloam,structure;cistern,excavation,,Dr. H. Guthe,,Dr. Guthe has discovered the remains of four other old reservoirs,medium,E49 Siloam (pools fed from the tunnel),good,
F0162,H0991,palestine-exploration-quarterly_1884-01:102:siloam_generic,QS 1884,1884,01,90,running_head,90,palestine-exploration-quarterly_1884-01,102,siloam_generic,"C. Clermont-Ganneau (Genuine and False Inscriptions, Times reprint)",the spring of Siloam,jer_siloam,,inscription,chance,,some Arab children bathing (a variant account),,discovered about three years since by some Arab children who were bathing,high,E49; finder differs from Schick's account,good,F0149
F0163,H0996,palestine-exploration-quarterly_1884-10:32:jer_bethesda,QS 1884,1884,10,222,page_numbers.json,222,palestine-exploration-quarterly_1884-10,32,jer_bethesda,C. Clermont-Ganneau (Antiquities of Palestine in London),Pool of Bethesda,jer_bethesda,,inscription;other,purchase,,,British Museum,"white marble foot from Jerusalem, with Greek dedication",high,E55; the Pompeia Lucilia dedication now in the British Museum,good,F0123
F0164,H0997,palestine-exploration-quarterly_1884-10:32:jer_tombs_kings,QS 1884,1884,10,222,page_numbers.json,222,palestine-exploration-quarterly_1884-10,32,jer_tombs_kings,C. Clermont-Ganneau (Antiquities of Palestine in London),the tombs of the Kings near Jerusalem,jer_tombs_kings,,sarcophagus;inscription,purchase,,,British Museum,"a few sarcophagi, or fragments of sarcophagi, from the tombs",high,E27,good,
F0165,H0998,palestine-exploration-quarterly_1884-10:33:siloam_generic,QS 1884,1884,10,223,page_numbers.json,223,palestine-exploration-quarterly_1884-10,33,siloam_generic,C. Clermont-Ganneau (Antiquities of Palestine in London),Siloam (village),jer_kidron_east,,inscription,purchase,epoch of the Kings of Judah (as given),Clermont-Ganneau,British Museum,"the only museum in Europe possessing, in the original",high,E52-E54; the Silwan tomb inscriptions,good,F0124
F0166,H1005,palestine-exploration-quarterly_1885-01:16:siloam_generic,QS 1885,1885,01,14,running_head,14,palestine-exploration-quarterly_1885-01,16,siloam_generic,C. R. Conder (Inscriptions),a tomb in the Jordan Valley (Memoirs II p. 396),x_qarn_sartaba,in the Jordan Valley,inscription;tomb,survey,perhaps as old as the Siloam text (as suggested),Conder (1874),,The inscription on a tomb in the Jordan Valley,low,"Kohlit Qarn Sartaba model (same tomb as QS 1875 p. 64, INFERENCE)",good,F0030
F0167,H1016,palestine-exploration-quarterly_1886-04:27:jer_siloam,QS 1886,1886,04,91,page_numbers.json,91,palestine-exploration-quarterly_1886-04,27,jer_siloam,C. Schick (The Aqueducts at Siloam),the Birket el Hamra,jer_siloam,,structure,excavation,,C. Schick (autumn 1880),,I made a shaft in the Birket el Hamra for water,high,E49 main pool (lower pool): a shaft and probe to the bottom,good,
F0168,H1034,palestine-exploration-quarterly_1887-07:26:jer_gethsemane,QS 1887,1887,07,152,running_head,152,palestine-exploration-quarterly_1887-07,26,jer_gethsemane,not determined (Notes from Jerusalem),near Gethsemane,jer_gethsemane,near Gethsemane,tomb;inscription,chance,,not stated,,the newly discovered rock-cut tomb near Gethsemane. It bears an inscription,high,E54/E56 options (Gethsemane),good,
F0169,H1047,palestine-exploration-quarterly_1889-01:1:jer_bethesda,QS 1889,1889,01,1,inferred,1,palestine-exploration-quarterly_1889-01,1,jer_bethesda,QS editors (Notes and News),the Pool of Bethesda (St. Anne's),jer_bethesda,,structure;cistern,excavation,,the French (Algerian) mission,,The great discovery of the year has been that of the Pool,high,E55 Bethesda; later summary of Schick's July 1888 report,good,F0277
F0170,H1058,palestine-exploration-quarterly_1889-10:1:jer_bethesda,QS 1889,1889,10,159,inferred,159,palestine-exploration-quarterly_1889-10,1,jer_bethesda,"QS editors, from Pere Leon Cre",the crypt of the church at the south-east angle of the Pool of Bethesda,jer_bethesda,south-east angle of the Pool,structure,excavation,,"Pere Leon Cre, Algerian Mission",,In clearing out the crypt of the church built,high,E55,good,
F0171,H1059,palestine-exploration-quarterly_1889-10:1:siloam_generic,QS 1889,1889,10,159,inferred,159,palestine-exploration-quarterly_1889-10,1,siloam_generic,QS editors (Notes and News),Siloam,jer_kidron_east,,structure;tomb;inscription,chance,,not stated,,An ancient rock-hewn Church has been discovered at Siloam,medium,E52-E54 east slope; also rock tombs with stone doors,good,
F0172,H1075,palestine-exploration-quarterly_1890-01:11:jer_kidron_east,QS 1890,1890,01,1,inferred,1,palestine-exploration-quarterly_1890-01,11,jer_kidron_east,QS editors (Notes and News),the village of Silwan,jer_kidron_east,,structure;inscription,chance,,not stated,,a Greek inscription in the apse,medium,E52-E54; chapel dedicated to the prophet Isaiah (as read),good,F0171
F0173,H1077,palestine-exploration-quarterly_1890-01:32:jer_kidron_east,QS 1890,1890,01,16,running_head,16,palestine-exploration-quarterly_1890-01,32,jer_kidron_east,C. Schick (Discovery of rock-hewn chapels at Silwan),the village of Silwan,jer_kidron_east,,structure;inscription,chance,,villagers (reported),,in the village of Silwan a church had been discovered,medium,E52-E54,good,F0171
F0174,H1083,palestine-exploration-quarterly_1890-07:12:jer_bethesda,QS 1890,1890,07,144,running_head,144,palestine-exploration-quarterly_1890-07,12,jer_bethesda,QS editors (Annual Meeting),the wall over the Pool of Bethesda,jer_bethesda,over the pool,other,excavation,,Algerian Mission (St. Anne),,the discovery of a fresco on the wall over the Pool,high,E55; fresco of an angel troubling the water,good,
F0175,H1104,palestine-exploration-quarterly_1890-10:40:siloam_generic,QS 1890,1890,10,252,inferred,252,palestine-exploration-quarterly_1890-10,40,siloam_generic,C. Schick (Reports),Silwan,jer_kidron_east,,structure;inscription,chance,,villagers (reported),,more rock-cut chambers had been found in Silwan,medium,E52-E54; walls of one covered with old inscriptions,good,
F0176,H1105,palestine-exploration-quarterly_1890-10:47:jer_siloam,QS 1890,1890,10,257,running_head,257,palestine-exploration-quarterly_1890-10,47,jer_siloam,C. Schick (Reports),between the Virgin's Fountain and the Pool of Siloah,jer_siloam,,structure,excavation,,C. Schick,,Searching for a second Aqueduct,high,E49; work later stopped by the Governor (QS 1891),good,
F0177,H1111,palestine-exploration-quarterly_1891-04:3:siloam_generic,QS 1891,1891,04,89,running_head,89,palestine-exploration-quarterly_1891-04,3,siloam_generic,QS editors (Notes and News),the Siloam tunnel (inscription removed),jer_siloam,,inscription,purchase,,a fellah cut it out and sold it to a Greek for 35 napoleons (as stated),"recovered; with the Turkish authorities, for the Museum at Constantinople; broken in removal",the stone bearing the Inscription has been broken in removal,high,E49; removal history of the tablet,good,F0149
F0178,H1129,palestine-exploration-quarterly_1892-07:23:jer_kidron_east,QS 1892,1892,07,197,running_head,197,palestine-exploration-quarterly_1892-07,23,jer_kidron_east,G. Robinson Lees (Notes),a tomb south of the village of Silwan,jer_kidron_east,south of the village of Silwan,lamp;tomb,chance,,not stated (tomb planned by Schick),photograph sent to the Fund,three lamps found in a tomb south of the village of Silwan,medium,E52-E54 east slope,good,
F0179,H1139,palestine-exploration-quarterly_1893:47:jer_tyropoeon,QS 1893,1893,,31,page_numbers.json,31,palestine-exploration-quarterly_1893,47,jer_tyropoeon,"not determined (Cuneiform inscriptions found at Lachish, etc.)",under the pavement of Robinson's arch,jer_tyropoeon,under the pavement,inscription;other,excavation,,Warren's workmen,,it was discovered under the pavement of Robinson's arch,high,inscribed object from Warren's excavation; depth not recorded,good,
F0180,H1146,palestine-exploration-quarterly_1893:158:jer_gethsemane,QS 1893,1893,,140,running_head,140,palestine-exploration-quarterly_1893,158,jer_gethsemane,G. Robinson Lees (Notes),grounds of the new Russian church adjoining the Garden of Gethsemane,jer_gethsemane,at the extreme south-east corner of the grounds,tomb;inscription;lamp,chance,,not stated,,In the grounds of the new Russian church adjoining the Garden,high,E54/E56 options (Gethsemane); Greek inscription over the door,good,
F0181,H1262,palestine-exploration-quarterly_1894:37:jer_gethsemane,QS 1894,1894,,21,running_head,21,palestine-exploration-quarterly_1894,37,jer_gethsemane,J. E. Hanauer (Notes),the Russian property near Gethsemane,jer_gethsemane,,inscription,chance,"Christian (porters of the Holy Anastasis, as read)",not stated,,was found on the Russian property near Gethsemane,high,E54/E56 options; probably the same tomb inscription as Lees 1893 (INFERENCE),good,F0180
F0182,H1288,palestine-exploration-quarterly_1895:120:jer_se_corner,QS 1895,1895,,90,running_head,90,palestine-exploration-quarterly_1895,120,jer_se_corner,QS editors (Notes and News),"Solomon's Stables, Haram Area",jer_se_corner,,structure,chance,,Haram authorities (clearance),rubbish spread over the south-east part of the Haram surface,The rubbish in Solomon's Stables has been brought up and spread out,high,E12a/E50-51: fill removed from the SE vaults (1895); Golden Gate walled off inside,good,
F0183,H1290,palestine-exploration-quarterly_1895:160:mount_zion,QS 1895,1895,,130,running_head,130,palestine-exploration-quarterly_1895,160,mount_zion,not determined (article title),the wall of Neby Daud,mount_zion,,inscription,survey,Crusading cross form (as described),,in the wall,LATIN INSCRIPTION IN THE WALL OF NEBY DAUD,high,Kohlit Mount Zion option,good,
F0184,H1294,palestine-exploration-quarterly_1895:227:siloam_generic,QS 1895,1895,,195,running_head,195,palestine-exploration-quarterly_1895,227,siloam_generic,QS editors (Notes and News),Silwan,jer_kidron_east,,other,purchase,Hebrew (as given),not stated,"Mr. Herbert Clark's cases, Jerusalem Association collection",one Hebrew seal from Silwan,low,E52-E54 (village); findspot not stated; object is a seal (coded other),good,
F0185,H1308,palestine-exploration-quarterly_1896:159:jer_tyropoeon,QS 1896,1896,,117,running_head,117,palestine-exploration-quarterly_1896,159,jer_tyropoeon,F. J. Bliss (Excavations at Jerusalem),in front of the wall crossing the mouth of the Tyropoeon valley,jer_siloam,at a depth of 26 ft in front of the wall crossing the mouth of the Tyropoeon,jar_vessel;inscription,excavation,,Bliss and Dickie,,found at a depth of 26 feet in front of the wall,high,E49 Siloam (dam wall at the lower pool); stamped jar handle,good,
F0186,H1309,palestine-exploration-quarterly_1896:162:siloam_generic,QS 1896,1896,,120,running_head,120,palestine-exploration-quarterly_1896,162,siloam_generic,F. J. Bliss (Excavations at Jerusalem),inside the gate near Siloam,jer_siloam,inside the gate near Siloam,coin;metal_object,excavation,,Bliss and Dickie,,"have all been of copper, much corroded",medium,E49; bronze buckle; 130 copper coins examined (whole campaign),good,
F0187,H1350,palestine-exploration-quarterly_1897:50:jer_siloam,QS 1897,1897,,26,running_head,26,palestine-exploration-quarterly_1897,50,jer_siloam,F. J. Bliss and A. C. Dickie (Excavations at Jerusalem),the Pool of Siloam,jer_siloam,at the pool,structure,excavation,Byzantine church (as described),Bliss and Dickie,,ANCIENT CHURCH AT POOL OF SILOAM,high,E49 Siloam,good,
F0188,H1358,palestine-exploration-quarterly_1897:221:jer_tombs_kings,QS 1897,1897,,185,page_numbers.json,185,palestine-exploration-quarterly_1897,221,jer_tombs_kings,not determined (The so-called Tombs of the Kings),the Tombs of the Kings,jer_tombs_kings,,cistern,survey,,,,"rock steps are left, so that a person can go down",high,E27; rock-cut cisterns with stepped slanting entrances,good,
F0189,H1385,palestine-exploration-quarterly_1898:46:jer_tombs_kings,QS 1898,1898,,28,running_head,28,palestine-exploration-quarterly_1898,46,jer_tombs_kings,J. E. Hanauer (Notes),the Tombs of the Kings,jer_tombs_kings,,other,excavation,,not stated,,the capitals dug up at the Tombs of the Kings,high,E27 (Helena's monument),good,
F0190,H1391,palestine-exploration-quarterly_1898:76:jer_temple,QS 1898,1898,,58,running_head,58,palestine-exploration-quarterly_1898,76,jer_temple,E. J. Pilcher (On the Date of the Siloam Inscription),the south-west angle of the Haram area,jer_tyropoeon,south-west angle of the Haram,other;inscription,excavation,,the Fund's excavators (Warren),,It was found at the south-west angle of the Haram area,high,the Haggai seal; QS 1869-70 p. 126 says under the Wilson's Arch pavement (two locations given) (seal coded other),good,F0111
F0191,H1397,palestine-exploration-quarterly_1898:208:jer_kidron_east,QS 1898,1898,,158,running_head,158,palestine-exploration-quarterly_1898,208,jer_kidron_east,C. Clermont-Ganneau (Notes on the Quarterly Statement),the village of Siloam,jer_kidron_east,,inscription,survey,earlier than the Captivity (as given),Clermont-Ganneau (1870),British Museum,the two inscriptions which I discovered in the village of Siloam,high,E52-E54; discovery year 1870,good,F0124
F0192,H1411,palestine-exploration-quarterly_1899:154:jer_se_corner,QS 1899,1899,,104,running_head,104,palestine-exploration-quarterly_1899,154,jer_se_corner,F. J. Bliss (Excavations at Tell Zakariya),on the rock at the south-east angle of the Haram enclosure,jer_se_corner,"at a depth of 79 feet, on a bed of rich earth 8 to 10 ft thick lying on the rock",jar_vessel;inscription,excavation,,Sir Charles Warren,,lying on the rock at the south-east angle of the Haram enclosure,high,E12a/E50-51: depth and bed of the stamped jar handles,good,F0147
F0193,H1441,palestine-exploration-quarterly_1900:336:mount_zion,QS 1900,1900,,252,running_head,252,palestine-exploration-quarterly_1900,336,mount_zion,C. Clermont-Ganneau (Inscribed Jar-handles of Palestine),a large and very curious cavern in the so-called Mount Zion,mount_zion,,jar_vessel;other,excavation,,Clermont-Ganneau (1874),,"amongst much ancient rubbish, in a large and very curious cavern",high,Kohlit Mount Zion option; stamped jar-handle from the 1874 cavern excavation; object is a seal (coded other),good,
F0194,H1489,palestine-exploration-quarterly_1904:325:siloam_generic,QS 1904,1904,,295,page_numbers.json,295,palestine-exploration-quarterly_1904,325,siloam_generic,J. E. Hanauer (Notes and Queries),the soil of Silwan,jer_kidron_east,,jar_vessel,chance,,a friend of the writer,,"soil of Silwan, where one of my friends picked it up",low,E52-E54 (village); iridescent glass,good,
F0195,H1514,palestine-exploration-quarterly_1907:14:jer_gethsemane,QS 1907,1907,,2,running_head,2,palestine-exploration-quarterly_1907,14,jer_gethsemane,QS editors (Notes and News),"property of the Greeks, south of the place opposite Gethsemane",jer_gethsemane,just to the south of the place opposite Gethsemane,inscription,chance,Greek (as given),not stated,,of Greek inscriptions in the property belonging to the Greeks,medium,E54/E56 options,good,
F0196,H1532,palestine-exploration-quarterly_1908:23:jer_south_wall,QS 1908,1908,,7,running_head,7,palestine-exploration-quarterly_1908,23,jer_south_wall,"QS editors, from J. E. Hanauer","inside the Golden Gateway, south wall",jer_east_gate,"about 3 ft east of the western pilaster, about 3 ft above the ground",inscription,survey,old square Hebrew lettering (as described),J. E. Hanauer,in situ,very distinct traces of old square Hebrew lettering,high,E9/E10 East Gate; also a Hebrew graffito on the string-course near the Double Gate (found by A. Mitchell),good,
F0197,H1540,palestine-exploration-quarterly_1908:374:jer_kidron_mon,QS 1908,1908,,342,running_head,341-342,palestine-exploration-quarterly_1908,374,jer_kidron_mon,R. A. S. Macalister (Notes and Queries),"slope of the hill below Deir es-Senneh, near Silwan",jer_kidron_east,on the slope below Deir es-Senneh,tomb;inscription,chance,,a fellah,,a tomb has recently been opened by a fellah,medium,"E52-E54; two Hebrew (Aramaic) inscriptions, one naming Absalom",good,
F0198,H1570,palestine-exploration-quarterly_1910:170:kidron_generic,QS 1910,1910,,154,running_head,154,palestine-exploration-quarterly_1910,170,kidron_generic,"QS (New Books and Periodicals), summarising R. E. Funke",the Wady en-Nar (Kidron gorge),unresolved,position not given,tomb,survey,,R. E. Funke,,"describes a burial-place in the Wady en-Nar, with some remains of paintings",none,E35 Kidron gorge (position unknown); secondary notice of ZDPV,good,
F0199,H1601,palestine-exploration-quarterly_1912:44:jer_siloam,QS 1912,1912,,36,running_head,36,palestine-exploration-quarterly_1912,44,jer_siloam,"G. Dalman (The Search for the Temple Treasure, from MuNDPV 1911)",Warren's shaft near the Virgin's Fountain; the Siloam tunnel,jer_siloam,"near the Virgin's Fountain, foot of the Eastern Hill",structure;treasure,excavation,,Captain Parker's expedition (1909-11),,they explored it thoroughly without finding anything remarkable,high,"E49 Siloam: treasure hunt; tunnel cleared, a parallel tunnel found, an old city wall with a gate and paved street met on the hill",good,
F0200,H1603,palestine-exploration-quarterly_1912:45:jer_temple,QS 1912,1912,,37,running_head,37,palestine-exploration-quarterly_1912,45,jer_temple,G. Dalman (The Search for the Temple Treasure),"the so-called Stables of Solomon, inside the Haram",jer_se_corner,,cistern;treasure,excavation,,"Captain Parker's expedition (April 1911, at night)",,"they were stopped by cisterns, and gave up the attempt",high,E12a/E50-51: negative search under the SE vaults,good,
F0201,H1603,palestine-exploration-quarterly_1912:45:jer_temple,QS 1912,1912,,37,running_head,37,palestine-exploration-quarterly_1912,45,jer_temple,G. Dalman (The Search for the Temple Treasure),the rock tunnel leading north to the Sacred Rock under the Dome of the Rock,jer_temple,followed about seven metres northward,structure;treasure,excavation,,Captain Parker's expedition (April 1911),,nothing particular was found except a slight enlargement of it,high,E3-E8 Temple: negative search; Well of Souls not opened (floor later repaired),good,
F0202,H1604,palestine-exploration-quarterly_1912:46:jer_temple,QS 1912,1912,,38,running_head,38,palestine-exploration-quarterly_1912,46,jer_temple,G. Dalman (The Search for the Temple Treasure),the Haram (rumoured finds),jer_temple,,treasure,excavation,,Captain Parker's expedition,rumours of finds carried off; none shown,a cypher which revealed the place where the vessels and treasures,high,CLAIM: a cipher said to locate the hidden Temple vessels; Parker admits the object was not attained,good,F0200
F0203,H1651,palestine-exploration-quarterly_1914:107:siloam_generic,QS 1914,1914,,99,running_head,99,palestine-exploration-quarterly_1914,107,siloam_generic,not determined (inscribed weights note),"Silwan, near Jerusalem",jer_kidron_east,,other;inscription,chance,,a fellah,,"It was discovered by a fellah at Silwan, near Jerusalem",low,E52-E54 (village); inscribed stone weight,good,
F0204,H1652,palestine-exploration-quarterly_1914:175:siloam_generic,QS 1914,1914,,167,running_head,167,palestine-exploration-quarterly_1914,175,siloam_generic,"Mr. Beaumont (letters, Recent Discoveries at Jerusalem)","building works near the Dung Gate, 20 ft north of the city wall",jer_tyropoeon,20 ft north of the city wall and 10 ft east of the aqueduct,jar_vessel;structure,chance,sixth or seventh century B.C. (Vincent's opinion),building works; observed by Beaumont,,nothing but the smooth rock found underneath,medium,a large slab with a jar beside it was lifted: nothing below (negative); an older canal from Solomon's Pools found to the west (p. 168),good,
F0205,H1673,palestine-exploration-quarterly_1869-1870:18:jer_temple,QS 1869-70 (reprinted Reports 1867-69),1867-69,reports,6,running_head,6,palestine-exploration-quarterly_1869-1870,18,jer_temple,C. Warren (Reports 1867),water passages from Tank X and the vaulted chambers under the Haram Area,jer_temple,,cistern;structure,excavation,,Warren's party,,A passage was also discovered running apparently from the Great Sea,high,E6/E8/E13 cistern options in the Haram,good,
F0206,H1682,palestine-exploration-quarterly_1869-1870:33:jer_siloam,QS 1869-70 (reprinted Reports 1867-69),1867-69,reports,21,running_head,21,palestine-exploration-quarterly_1869-1870,33,jer_siloam,C. Warren (Reports 1867),caves above the Pool of Siloam (Vineyard of the Palace),jer_siloam,above the Pool of Siloam,cave,excavation,,Warren's party,,an excavation to bare some caves above the Pool of Siloam,high,E49; no results at the time of writing,good,
F0207,H1691,palestine-exploration-quarterly_1869-1870:55:jer_temple,QS 1869-70 (reprinted Reports 1867-69),1867-69,reports,43,page_numbers.json,43,palestine-exploration-quarterly_1869-1870,55,jer_temple,C. Warren (letter),tanks Nos. 11 and 22 in the Haram Area,jer_temple,,cistern,survey,,Warren,,"have found none, except Nos. 11 and 22, in the Haram Area",high,E6/E8 cistern options; survey of the Haram tanks,good,
F0208,H1699,palestine-exploration-quarterly_1869-1870:66:jer_kidron_mon,QS 1869-70 (reprinted Reports 1867-69),1867-69,reports,54,running_head,54,palestine-exploration-quarterly_1869-1870,66,jer_kidron_mon,"C. Warren (letter), reporting a Rabbi",the Tomb of Jehoshaphat (Kidron),jer_kidron_mon,,tomb;manuscript,chance,,'somebody' (unknown),,Somebody has opened the Tomb of Jehoshaphat,high,E48 Absalom monument area: the tomb used as a genizah for old Hebrew books (as the Rabbi said),good,
F0209,H1706,palestine-exploration-quarterly_1869-1870:70:jer_tyropoeon,QS 1869-70 (reprinted Reports 1867-69),1867-69,reports,58,running_head,58,palestine-exploration-quarterly_1869-1870,70,jer_tyropoeon,C. Warren (Works in Progress),to the west of Wilson's Arch,jer_tyropoeon,"in connection with, and to the west of Wilson's Arch",cistern;structure,excavation,,Warren's party,,"a system of vaults, tanks, and aqueducts",high,Tyropoeon; plan on p. 69,good,
F0210,H1710,palestine-exploration-quarterly_1869-1870:73:jer_tyropoeon,QS 1869-70 (reprinted Reports 1867-69),1867-69,reports,61,running_head,61,palestine-exploration-quarterly_1869-1870,73,jer_tyropoeon,C. Warren (letter),the cistern north of Robinson's Arch,jer_tyropoeon,north of the arch,cistern;structure,excavation,,Warren's party,,"a low passage or drain was discovered, leading direct to the Haram",high,west wall; drain cleared about 70 ft to the north,good,
F0211,H1714,palestine-exploration-quarterly_1869-1870:85:jer_bir_ayyub,QS 1869-70 (reprinted Reports 1867-69),1867-69,reports,73,page_numbers.json,73,palestine-exploration-quarterly_1869-1870,85,jer_bir_ayyub,C. Warren (letter),the rock-cut canal below Bir Eyub,jer_bir_ayyub,below Bir Eyub,structure,excavation,,Warren's party,,our rock-cut canal below Bir Eyub,high,E34/E45/E47 Bir Ayyub,good,
F0212,H1718,palestine-exploration-quarterly_1869-1870:95:jer_bethesda,QS 1869-70 (reprinted Reports 1867-69),1867-69,reports,83,page_numbers.json,83,palestine-exploration-quarterly_1869-1870,95,jer_bethesda,"C. Warren (letter, Jan. 1869)",the garden north-west of Birket Israil,jer_bethesda,"north-west of the Birket, across the road",cistern,excavation,,Warren's party,,an entrance to a cistern found at 61ft. north of,high,"E55 Bethesda; an aqueduct filled it, blocked at both ends (p. 99)",good,
F0213,H1719,palestine-exploration-quarterly_1869-1870:95:jer_bir_ayyub,QS 1869-70 (reprinted Reports 1867-69),1867-69,reports,83,page_numbers.json,83,palestine-exploration-quarterly_1869-1870,95,jer_bir_ayyub,"C. Warren (letter, Jan. 1869)","rock-cut passage at 'Ain el Luzeh, 170 ft from Bir Eyub",jer_bir_ayyub,170 ft from Bir Eyub,structure,excavation,,Warren's party,,the steps of which are in very good preservation,high,E34/E45/E47; same rock-cut passage as QS 1867-69 p. 152,good,F0114
F0214,H1722,palestine-exploration-quarterly_1869-1870:100:jer_temple,QS 1869-70 (reprinted Reports 1867-69),1867-69,reports,88,page_numbers.json,88,palestine-exploration-quarterly_1869-1870,100,jer_temple,C. Warren (letter),"near Robinson's Arch, west Haram Wall",jer_tyropoeon,,cistern,excavation,,Warren's party,,half cut through by the west Haram Wall,high,a rock-cut cistern older than the west wall,good,
F0215,H1725,palestine-exploration-quarterly_1869-1870:101:jer_tyropoeon,QS 1869-70 (reprinted Reports 1867-69),1867-69,reports,89,page_numbers.json,89,palestine-exploration-quarterly_1869-1870,101,jer_tyropoeon,C. Warren (letter),west of the circular cistern north of Robinson's Arch,jer_tyropoeon,,structure,excavation,,Warren's party,,some curious rectangular chambers have been opened,high,rock-cut chambers about 16 by 6 ft,good,
F0216,H1727,palestine-exploration-quarterly_1869-1870:103:jer_tyropoeon,QS 1869-70 (reprinted Reports 1867-69),1867-69,reports,91,page_numbers.json,91,palestine-exploration-quarterly_1869-1870,103,jer_tyropoeon,C. Warren (letter),the causeway of Tarik Bab es Silsile at Wilson's Arch,jer_tyropoeon,,structure;cistern,excavation,,Warren's party,,a succession of vaults upon vaults,high,Tyropoeon causeway,good,
F0217,H1729,palestine-exploration-quarterly_1869-1870:107:jer_temple,QS 1869-70 (reprinted Reports 1867-69),1867-69,reports,95,running_head,95,palestine-exploration-quarterly_1869-1870,107,jer_temple,C. Warren (letter),shafts south of the Haram Area,jer_south_wall,south of the Haram,structure,excavation,,Warren's party,,"we have found the remains of buildings, drains, scarped and cut rock",high,E53 (south wall area),good,
F0218,H1732,palestine-exploration-quarterly_1869-1870:109:jer_temple,QS 1869-70 (reprinted Reports 1867-69),1867-69,reports,97,running_head,97,palestine-exploration-quarterly_1869-1870,109,jer_temple,C. Warren (letter),tank mouth in a private garden projecting into the Haram Area,jer_temple,,cistern;structure,excavation,,Warren's party,,came on the floor of a little chamber about 6ft. square,medium,E6/E8 cistern options,good,
F0219,H1733,palestine-exploration-quarterly_1869-1870:110:jer_bethesda,QS 1869-70 (reprinted Reports 1867-69),1867-69,reports,98,running_head,98,palestine-exploration-quarterly_1869-1870,110,jer_bethesda,C. Warren (letter),the substructure beside the Birket Israil,jer_bethesda,south wall of the pool,cistern;structure,excavation,,Warren's party,,I find a grating in the south wall (2ft. square),high,E55,good,
F0220,H1745,palestine-exploration-quarterly_1869-1870:126:jer_tyropoeon,QS 1869-70 (reprinted Reports 1867-69),1867-69,reports,112,running_head,112,palestine-exploration-quarterly_1869-1870,126,jer_tyropoeon,C. Warren (letter),the west Haram Wall south of Wilson's Arch,jer_tyropoeon,between Barclay's Gate and Wilson's Arch,structure,excavation,,Warren's party,,it would have been visible in the shafts or gallery,high,explicit absence statement: no second gate like Barclay's south of Wilson's Arch,good,
F0221,H1748,palestine-exploration-quarterly_1869-1870:130:mount_zion,QS 1869-70 (reprinted Reports 1867-69),1867-69,reports,116,running_head,116,palestine-exploration-quarterly_1869-1870,130,mount_zion,C. Warren (letter),the south-east side of Mount Sion,mount_zion,south-east side,cave;other,chance,,a fellah (digging),,found in a hewn cave a slab of sculptured marble,medium,Kohlit Mount Zion option; slab with a cross,good,
F0222,H1751,palestine-exploration-quarterly_1869-1870:157:jer_bir_ayyub,QS 1869-70 (reprinted Reports 1867-69),1867-69,reports,143,running_head,143,palestine-exploration-quarterly_1869-1870,157,jer_bir_ayyub,"C. Warren (letter, Dec. 1869)",Bir Eyub,jer_bir_ayyub,at the bottom of the well,structure,survey,,a person who went down when the well was dry (reported),,found a passage at bottom from whence a strong wind was blowing,high,E34/E45/E47,good,
F0223,H1753,palestine-exploration-quarterly_1869-1870:157:siloam_generic,QS 1869-70 (reprinted Reports 1867-69),1867-69,reports,143,running_head,143,palestine-exploration-quarterly_1869-1870,157,siloam_generic,"C. Warren (letter, Dec. 1869)",the grotto lately found (near Bir Eyub),jer_bir_ayyub,,cave,excavation,,Warren's party,the fellahin of Siloam refused 12 napoleons for the land,the land over where we have lately found the grotto,medium,E45/E47; a man tried to buy the land over the grotto,good,F0114
F0224,H1773,palestine-exploration-quarterly_1869-1870:231:jer_bethesda,QS 1869-70,1869,no3,61,page_numbers.json,61,palestine-exploration-quarterly_1869-1870,231,jer_bethesda,"QS editors (Statement, summary of Warren letter XLIII)",a chamber or passage at the Birket Israil,jer_bethesda,,structure,excavation,,Warren's party,,perhaps served as an overflow for the Birket Israil,high,E55 Bethesda,good,
F0225,H1776,palestine-exploration-quarterly_1869-1870:241:jer_bir_ayyub,QS 1869-70,1869,no3,69,running_head,69,palestine-exploration-quarterly_1869-1870,241,jer_bir_ayyub,C. W. Wilson (Remains of Tombs in Palestine),"the Kedron Valley, below Bir Eyub",jer_bir_ayyub,below Bir Eyub,tomb,excavation,,C. Warren,figured in PEF Plan No. 24,A large tomb has lately been discovered by Lieutenant Warren,medium,E34/E45/E47 Bir Ayyub; Kidron tomb,good,
F0226,H1786,palestine-exploration-quarterly_1869-1870:511:jer_temple,QS 1869-70,1870,no6,339,running_head,339,palestine-exploration-quarterly_1869-1870,511,jer_temple,C. Warren (Annual General Meeting address),"west of the Haram, beyond Wilson's Arch",jer_tyropoeon,leading up towards the Jaffa Gate,structure,excavation,,Warren's party,,supporting a secret vaulted passage,medium,Wilson's Arch vaults; adds the passage toward the Jaffa Gate,good,F0216
F0227,H1787,palestine-exploration-quarterly_1869-1870:511:jer_tyropoeon,QS 1869-70,1870,no6,339,running_head,339,palestine-exploration-quarterly_1869-1870,511,jer_tyropoeon,C. Warren (Annual General Meeting address),"Robinson's Arch, Tyropoeon Valley",jer_tyropoeon,south of Barclay's gateway,structure,excavation,,Warren's party,,the actual fallen voussoirs of the arch,high,Robinson's Arch pier and voussoirs,good,
F0228,H1788,palestine-exploration-quarterly_1869-1870:512:kidron_generic,QS 1869-70,1870,no6,340,running_head,340,palestine-exploration-quarterly_1869-1870,512,kidron_generic,C. Warren (Annual General Meeting address),the Birket Israil (so-called pool of Bethesda),jer_bethesda,toward the Kedron; from the tower at the north-east angle,structure,excavation,,Warren's party,,a very curious old overflow chamber,high,E55; adds the secret staircase in the wall,good,F0224
F0229,H1789,palestine-exploration-quarterly_1869-1870:516:jer_bir_ayyub,QS 1869-70,1870,no6,344,running_head,344,palestine-exploration-quarterly_1869-1870,516,jer_bir_ayyub,C. Warren (Annual General Meeting address),the aqueduct in the Kedron Valley past Bir Eyub,jer_bir_ayyub,cleared 1800 ft until past Bir Eyub,structure;cistern,excavation,,Warren's party,,a great grotto cut into the form of a pool,high,E34/E45/E47; explicit statement the work was never completed,good,F0114
F0230,H1795,palestine-exploration-quarterly_1869-1870:543:jer_south_wall,QS 1869-70,1870,no7,369,running_head,369,palestine-exploration-quarterly_1869-1870,543,jer_south_wall,QS editors (The Haram Area),under the Single Gate,jer_south_wall,under the Single Gate,structure,excavation,,C. Warren,,"A very curious passage, discovered by Captain Warren",high,Haram south wall; passage left unexplored,good,
F0231,H1811,palestine-exploration-quarterly_1873-01:19:jer_temple,QS 1873,1873,01,19,running_head,19,palestine-exploration-quarterly_1873-01,19,jer_temple,C. R. Conder (citing T. Neil),El Aksa,jer_temple,,other,chance,Christian (as suggested),T. Neil,,"the capitals discovered by the Rev. T. Neil, in El Aksa",medium,sculptured capitals; second-hand,good,
F0232,H1812,palestine-exploration-quarterly_1873-01:36:jer_temple,QS 1873,1873,01,36,running_head,36,palestine-exploration-quarterly_1873-01,36,jer_temple,C. R. Conder (Jerusalem),north-east corner of the Haram platform,jer_temple,north-east corner of the platform,cistern,survey,,Conder's party,,"three rock-hewn cisterns, not previously visited, have been examined",high,E6/E8 Haram cisterns,good,
F0233,H1816,palestine-exploration-quarterly_1873-07:15:jer_temple,QS 1873,1873,07,93,running_head,93,palestine-exploration-quarterly_1873-07,15,jer_temple,C. R. Conder (reports),the Haram wall (window with buttresses),jer_temple,,structure,survey,,Conder,in situ,has never before been found in the Haram,medium,Haram masonry; buttressed wall,fair,
F0234,H1820,palestine-exploration-quarterly_1874-04:51:siloam_generic,QS 1874,1874,04,83,page_numbers.json,83,palestine-exploration-quarterly_1874-04,51,siloam_generic,C. Clermont-Ganneau (letters),the cemetery of Khirbet Gomran,kh_qumran,on the mound and adjacent plateaux,tomb,excavation,,"C. Clermont-Ganneau, C. F. T. Drake, A. Lecomte, two Silwan workmen",a jawbone kept for study,There was no article of any kind in the tomb,high,"Qumran cemetery; one grave opened, bricks over bones, N-S axis; perhaps a thousand tombs",good,F0015
F0235,H1825,palestine-exploration-quarterly_1874-07:7:jer_temple,QS 1874,1874,07,135,page_numbers.json,135,palestine-exploration-quarterly_1874-07,7,jer_temple,"C. Clermont-Ganneau (letters, March 1874)","inside the Dome of the Rock, near the eastern gate",jer_temple,0.50 m S.S.E. of the south pillar by the eastern gate,structure,excavation,,"Haram workmen, at C-G's request",a cement specimen taken,The excavation was pushed to a total depth of 0.90 metre,high,Haram; small sounding to the rock,fair,
F0236,H1833,palestine-exploration-quarterly_1875-07:15:mount_zion,QS 1875,1875,07,119,page_numbers.json,119,palestine-exploration-quarterly_1875-07,15,mount_zion,a speaker at the 1875 Annual Meeting (name not read),the northern slope of Mount Zion,mount_zion,northern slope,structure,chance,,"the speaker's builders, about 1863",made into a rain-water cistern,we came upon the remains of an old tower,medium,Mount Zion; second-wall question,good,
F0237,H1835,palestine-exploration-quarterly_1875-10:3:jer_temple,QS 1875,1875,10,187,inferred,187,palestine-exploration-quarterly_1875-10,3,jer_temple,"J. Chaplin (letter, August 1875)",the souterrain north of the platform in the Haram,jer_temple,north of the platform,structure,survey,,not stated,,souterrain north of the platform in the Haram has recently been opened,high,Haram subterranean chamber,fair,
F0238,H1849,palestine-exploration-quarterly_1877-07:31:jer_bethesda,QS 1877,1877,07,135,page_numbers.json,135,palestine-exploration-quarterly_1877-07,31,jer_bethesda,C. R. Conder (Age of the Temple Wall),rock-cut aqueduct from the Twin Pools to the Haram wall,jer_temple,just south of the rock scarp at the north-west corner,structure,survey,,Conder,,I was able to penetrate into a chamber,high,Haram west wall; aqueduct chamber,good,
F0239,H1874,palestine-exploration-quarterly_1880-01:2:jer_tombs_kings,QS 1880,1880,01,4,running_head,4,palestine-exploration-quarterly_1880-01,2,jer_tombs_kings,"J. Chaplin (letter, Dec. 1879, Notes and News)",the sunken court in front of the Tombs of the Kings,jer_tombs_kings,in the court before the entrance,other;structure,excavation,,excavations for the French owner (a lady),,have been found many capitals and other architectural remains,high,Tombs of the Kings; pyramid stones (as interpreted),good,
F0240,H1908,palestine-exploration-quarterly_1880-04:20:jer_temple,QS 1880,1880,04,82,page_numbers.json,82,palestine-exploration-quarterly_1880-04,20,jer_temple,"C. R. Conder (rock levels, citing his 1872 work)","chambers under the platform of the Dome of the Rock, south and west",jer_temple,south and west of the platform,structure,survey,,Conder (1872),,No rock was found in them,high,explicit absence statement,good,
F0241,H1977,palestine-exploration-quarterly_1884-07:31:jer_siloam,QS 1884,1884,07,175,running_head,175,palestine-exploration-quarterly_1884-07,31,jer_siloam,"QS editors (Fresh News from Kadesh, quoting King's Recent Discoveries)",near the upper end of the Siloam tunnel,jer_siloam,only 50 feet from the Virgin's Fountain,structure,excavation,1867 work (as implied),the engineers (Warren's party),,the engineers came upon a lateral passage cut in the rock,high,Warren's shaft passage; second-hand,good,
F0242,H1984,palestine-exploration-quarterly_1886-04:22:jer_siloam,QS 1886,1886,04,88,running_head,88,palestine-exploration-quarterly_1886-04,22,jer_siloam,C. Schick (The Aqueducts at Siloam),the main aqueduct from the Pool of Siloam to the mill,jer_siloam,along the main aqueduct below the pool,structure,excavation,,C. Schick,,"I found, however, several others when cleaning out the main aqueduct",high,Siloam side channels,good,
F0243,H1989,palestine-exploration-quarterly_1887-01:61:jer_temple,QS 1887,1887,01,59,running_head,59,palestine-exploration-quarterly_1887-01,61,jer_temple,QS editors (Byzantine Capital found in the Haram Area),the Haram Area,jer_temple,,other,chance,Byzantine (as judged),not stated,received by the Committee (PEF),has recently been found in some excavations at Jerusalem,medium,Haram; double capital saved from the lime-kiln,good,
F0244,H1990,palestine-exploration-quarterly_1887-04:47:jer_temple,QS 1887,1887,04,105,page_numbers.json,105,palestine-exploration-quarterly_1887-04,47,jer_temple,C. R. Conder (Notes from the Quarterly Statements),east of the present east wall of the Aksa Mosque,jer_temple,east of the east wall of the mosque,structure,survey,,Conder,in situ,foundations of pillars east of the present east wall,low,Haram south; unverified observation,good,
F0245,H1992,palestine-exploration-quarterly_1887-04:54:siloam_generic,QS 1887,1887,04,112,page_numbers.json,112,palestine-exploration-quarterly_1887-04,54,siloam_generic,C. Schick (A Remarkable Tomb),"Wady Yasul, past Bir Eyub and 'Ain Lozeh",jer_bir_ayyub,past Bir Eyub and 'Ain Lozeh; southern slope of Wady Yasul,tomb;inscription;cistern,survey,Arabic inscription (as given),"workpeople's report, then C. Schick",in situ,in it some rock- hewn tombs,medium,Kidron below Bir Ayyub; tomb with well-mouth; INFERENCE nearest listed place,good,
F0246,H1995,palestine-exploration-quarterly_1887-07:25:jer_gethsemane,QS 1887,1887,07,151,page_numbers.json,151,palestine-exploration-quarterly_1887-07,25,jer_gethsemane,"C. Schick (letter, 1887)","Gethsemane, the new Russian church",jer_gethsemane,"beside the church, toward the hill",tomb,chance,,builders of the Russian church,,by this a rock-cut tomb was discovered,high,Gethsemane; building works,good,
F0247,H2031,palestine-exploration-quarterly_1890-01:29:jer_south_wall,QS 1890,1890,01,13,inferred,13,palestine-exploration-quarterly_1890-01,29,jer_south_wall,C. Schick (Excavations on the Eastern Brow of Zion),the eastern brow of Zion (monks' ground),mount_zion,eastern slope,cave;cistern;structure;other,excavation,,the monks of the property,,"also pavements, mosaics, &c., were found",medium,Kohlit Mount Zion option; rock-cut dwellings later made cisterns,fair,
F0248,H2034,palestine-exploration-quarterly_1890-01:36:jer_kidron_east,QS 1890,1890,01,18,running_head,18,palestine-exploration-quarterly_1890-01,36,jer_kidron_east,"C. Schick (report, 1890)",rock-hewn chapels in the village of Silwan,jer_kidron_east,in the village of Silwan,cave;structure,survey,,C. Schick,,there is a cave under the rocky court containing much earth,medium,"E52-E54 east slope; tomb hoped for, not found",good,F0171
F0249,H2035,palestine-exploration-quarterly_1890-04:9:siloam_generic,QS 1890,1890,04,67,running_head,67,palestine-exploration-quarterly_1890-04,9,siloam_generic,C. Schick (Reports from Jerusalem),Rock-cut cave at Silwan,jer_kidron_east,under the first house reached by the road from the Pool of Siloam across the valley,cave,survey,,"villagers' report, then C. Schick",in use as a stable,bringing me into a large rock- hewn cave,high,E52-E54; rock passage ends abruptly,good,
F0250,H2049,palestine-exploration-quarterly_1890-10:48:jer_siloam,QS 1890,1890,10,258,running_head,258,palestine-exploration-quarterly_1890-10,48,jer_siloam,"C. Schick (reports, 1890)","the eastern slope of Ophel, above the Virgin's Fountain",jer_siloam,on the road up from the Virgin's Fountain,structure;other,chance,,fellaheen digging old pottery for hamra; then C. Schick,,they came to a place where there were walls on two sides,medium,Ophel east slope; pottery dug for cement; INFERENCE nearest place,good,
F0251,H2052,palestine-exploration-quarterly_1891-01:9:siloam_generic,QS 1891,1891,01,11,running_head,11,palestine-exploration-quarterly_1891-01,9,siloam_generic,C. Schick (More Discoveries at Silwan),the scarped rocks at the north end of Silwan village (Russian ground),jer_kidron_east,north end of the village,structure;inscription;cistern,excavation,,the Russian Archimandrite's workmen,,"then made some excavations, especially between the two projecting parts",high,E52-E54 east slope; rock chapel with recesses,good,
F0252,H2054,palestine-exploration-quarterly_1891-04:3:jer_se_corner,QS 1891,1891,04,89,running_head,89,palestine-exploration-quarterly_1891-04,3,jer_se_corner,QS editors (Notes and News),"inside Solomon's Stables, Haram Area",jer_se_corner,about 57 ft from the south wall and 175 ft from the east wall,structure,survey,,G. Robinson Lees,in situ,has discovered the spring of an ancient arch,high,SE corner vaults; partly cleared by the Moslems,good,
F0253,H2059,palestine-exploration-quarterly_1891-07:16:jer_se_corner,QS 1891,1891,07,204,running_head,204,palestine-exploration-quarterly_1891-07,16,jer_se_corner,J. E. Hanauer (letters),"Solomon's Stables, south-east angle of the Haram",jer_se_corner,in the vaults at the south-east angle,structure,chance,,clearing by the Haram authorities,,A SUBTERRANEAN PASSAGE IN SOLOMON'S STABLES,high,SE corner vaults; earth removed,good,F0252
F0254,H2064,palestine-exploration-quarterly_1892-01:18:mount_zion,QS 1892,1892,01,16,running_head,16,palestine-exploration-quarterly_1892-01,18,mount_zion,C. Schick (letters),north of Bishop Gobat's School,mount_zion,"higher up, north of the school",cave,chance,,diggings (not stated by whom),,"a rock-cut cave was found, measuring 8 by 10 feet",high,Kohlit Mount Zion option,good,
F0255,H2067,palestine-exploration-quarterly_1892-04:48:mount_zion,QS 1892,1892,04,124,running_head,124,palestine-exploration-quarterly_1892-04,48,mount_zion,"C. Schick (letters, Jan. 1892)",the American burial ground near the Neby Daud building,mount_zion,near Neby Daud,structure,excavation,,S. Merrill (American Consul),,the base- ment of once a large building,high,Mount Zion; floor of concrete 5 ft down,good,
F0256,H2106,palestine-exploration-quarterly_1894:30:siloam_generic,QS 1894,1894,,16,running_head,16,palestine-exploration-quarterly_1894,30,siloam_generic,C. Schick (letters; the Augustinians' excavations on Mount Zion),"the Augustinian ground on Mount Zion, by the southern road down to Siloah",mount_zion,close to the southern road which goes down to Siloah,cistern;structure;cave,excavation,Roman bath (as judged),the Augustinian Brethren,,was found one of the very ancient small cisterns with steps,medium,"Kohlit Mount Zion option; rock-hewn rooms, bath",good,
F0257,H2135,palestine-exploration-quarterly_1896:328:jer_siloam,QS 1896,1896,,276,running_head,276,palestine-exploration-quarterly_1896,328,jer_siloam,"QS editors (Notes and News, on Bliss's report)",west of the Pool of Siloam,jer_siloam,less than 30 feet west of the western wall of the pool,structure,excavation,,F. J. Bliss and A. C. Dickie,,this stairway is less than 30 feet west of the western wall,high,Siloam pool area,good,
F0258,H2138,palestine-exploration-quarterly_1896:359:jer_tombs_kings,QS 1896,1896,,305,running_head,305,palestine-exploration-quarterly_1896,359,jer_tombs_kings,A. C. Dickie (Report on Tomb discovered near the Tombs of the Kings),"Bishop Blyth's property north of the city, near the Tombs of the Kings",jer_tombs_kings,"near the Tombs of the Kings, on the college ground",tomb;other,chance,,building works on Bishop Blyth's property,,a tomb which had been discovered on his property,medium,Tombs of the Kings area; shaft tomb with fresco,good,
F0259,H2164,palestine-exploration-quarterly_1897:216:siloam_generic,QS 1897,1897,,180,running_head,180,palestine-exploration-quarterly_1897,216,siloam_generic,F. J. Bliss (Excavations at Jerusalem),"a field east of the Pool of Siloam, south of the tunnel's curve",jer_siloam,"east of the pool, south of the curve of the tunnel",structure;cistern,excavation,,F. J. Bliss,,no such discovery has rewarded our toil,high,explicit absence: no pit entrance to royal tombs in a 100 x 36 ft clearance,good,
F0260,H2165,palestine-exploration-quarterly_1897:219:jer_tombs_kings,QS 1897,1897,,183,running_head,183,palestine-exploration-quarterly_1897,219,jer_tombs_kings,C. Schick (The so-called Tombs of the Kings),"the Tombs of the Kings, north wall of the chief chamber",jer_tombs_kings,on the north wall of the first or chief chamber,sarcophagus;tomb,excavation,,M. de Saulcy's workpeople (1863),taken abroad by de Saulcy,had found a new chamber with a stone coffin,high,E27 Tombs of the Kings; Schick's eyewitness account,good,F0133
F0261,H2170,palestine-exploration-quarterly_1897:307:jer_siloam,QS 1897,1897,,263,running_head,263,palestine-exploration-quarterly_1897,307,jer_siloam,F. J. Bliss (Excavations at Jerusalem),the courtyard in front of the original Pool of Siloam,jer_siloam,descending from the south to the court before the pool,structure,excavation,,F. J. Bliss,,the flight of eight steps we found descending from the south,high,Siloam pool area; steps found in the last hours of the permit,good,
F0262,H2173,palestine-exploration-quarterly_1897:311:jer_temple,QS 1897,1897,,265,running_head,265,palestine-exploration-quarterly_1897,311,jer_temple,F. J. Bliss (Excavations at Jerusalem),"the clearance east of the Pool of Siloam, south of the tunnel's curve",jer_siloam,"east of the pool, south of the curve",coin;lamp;jar_vessel,excavation,Hasmonean to first revolt; Byzantine lamps; one Arab coin (as identified),F. J. Bliss,cleaned by H. Clarke,Fifteen of these certainly are not later than the first century,high,Siloam; coins from the debris over rock cuttings; peasants report no pit entrance north of the curve,good,
F0263,H2173,palestine-exploration-quarterly_1897:311:jer_temple,QS 1897,1897,,265,running_head,265-267,palestine-exploration-quarterly_1897,311,jer_temple,F. J. Bliss (Excavations at Jerusalem),the supposed theatre site south of the Aksa Mosque,jer_south_wall,"some 250 ft south of the Aksa, east of the Khatuniyeh",structure;tomb;cave,excavation,"Roman or Byzantine (upper walls, as judged)",F. J. Bliss,,the rock-cut chambers which may originally have served as tombs,medium,south of the Haram; explicit absence of theatre seats,good,
F0264,H2174,palestine-exploration-quarterly_1897:315:jer_gethsemane,QS 1897,1897,,267,running_head,267-268,palestine-exploration-quarterly_1897,315,jer_gethsemane,F. J. Bliss (Excavations at Jerusalem),"west of the Tomb of the Virgin, Valley of Jehoshaphat",jer_gethsemane,146 ft up the slope from the steps Petrie saw in 1890,tomb;jar_vessel;lamp,excavation,"fifth to sixth century (lamps, as judged)",F. J. Bliss,tombs not cleared,"rock-cut tombs were discovered containing bones, glass vases, and Byzantine lamps",high,Gethsemane; no steps found,good,
F0265,H2204,palestine-exploration-quarterly_1900:204:jer_tombs_kings,QS 1900,1900,,144,running_head,144,palestine-exploration-quarterly_1900,204,jer_tombs_kings,"C. Schick (reports, 1900)","the Damascus road where it branches, west of the Tombs of the Kings",jer_tombs_kings,24 ft south of the well mouth; about 50 ft north of the tomb Dickie examined,structure,chance,,building works on Bishop Blyth's ground,,"a perpendicular shaft, cut into the rock, and 36 feet deep",medium,Tombs of the Kings area,good,
F0266,H2205,palestine-exploration-quarterly_1900:258:jer_tombs_kings,QS 1900,1900,,196,running_head,196,palestine-exploration-quarterly_1900,258,jer_tombs_kings,QS editors (Notes and News),opposite the Tombs of the Kings and the Anglican Bishop's new buildings,jer_tombs_kings,opposite the Tombs of the Kings,tomb,chance,,not stated,,two rock-hewn graves have been found,medium,Tombs of the Kings area,good,
F0267,H2206,palestine-exploration-quarterly_1900:335:jer_bir_ayyub,QS 1900,1900,,251,inferred,251,palestine-exploration-quarterly_1900,335,jer_bir_ayyub,"J. E. Hanauer (letter, May 1900; author inferred from the footnote)",rock-hewn vats near Bir Eyub,jer_bir_ayyub,between a named point and Bir Eyub,structure;cave,survey,,the writer and Mr. Hornstein,,Just under- neath the rock where these vats are,medium,E34/E45/E47 Bir Ayyub; cave full of red earth reported by fellahin; TRADITION of Job's cave,good,
F0268,H2208,palestine-exploration-quarterly_1901:187:jer_bethesda,QS 1901,1901,,163,running_head,163,palestine-exploration-quarterly_1901,187,jer_bethesda,L. Cre (Discovery at the Pool Bethesda),the western pool near St Anne's,jer_bethesda,"south wall of the western pool, 62 ft 4 in below ground",structure;cistern,excavation,,"the White Fathers (PEF grant, 1899)",,the discovery of the outlet of the western pool,high,E55 Bethesda; outlet and drain,good,
F0269,H2212,palestine-exploration-quarterly_1902:18:mount_zion,QS 1902,1902,,2,inferred,2,palestine-exploration-quarterly_1902,18,mount_zion,"QS editors, from C. Schick (Notes and News)",land east and south-east of the Coenaculum (David's Tomb),mount_zion,east and south-east of the Coenaculum,cistern;structure;other,excavation,,the Armenians,,"They have found already several rock-hewn cisterns, remains of houses",high,Kohlit Mount Zion option; tank and cistern below it,good,
F0270,H2221,palestine-exploration-quarterly_1902:278:kidron_generic,QS 1902,1902,,248,running_head,248,palestine-exploration-quarterly_1902,278,kidron_generic,R. A. S. Macalister (reports),"north end of the Kedron Valley, near the north-east corner of the city",jer_gethsemane,west side of a road down from the Bethany road,other,survey,,R. A. S. Macalister,in situ,A singular rock-cutting,low,Kidron north end; the author guesses an infant grave (CLAIM),good,
F0271,H2227,palestine-exploration-quarterly_1903:175:mount_zion,QS 1903,1903,,153,inferred,153,palestine-exploration-quarterly_1903,175,mount_zion,S. Merrill? (Notes from Jerusalem; author not read),"the American Mission burial ground west of Neby Daud, Mount Zion",mount_zion,west side of Neby Daud,structure,chance,,"grave-diggers, then hired men",,There was uncovered a finely-constructed basement of a pier,high,Mount Zion; flat stone met when digging graves,fair,F0255
F0272,H2234,palestine-exploration-quarterly_1904:125:jer_bethesda,QS 1904,1904,,99,inferred,99,palestine-exploration-quarterly_1904,125,jer_bethesda,"QS editors, from R. A. S. Macalister (Notes and News)",under the east end of St Anne's Church,jer_bethesda,under the east end of the church,cave;structure,excavation,,the White Fathers (Pere Cre),,a curious little chamber with mosaic floor,high,E55 Bethesda; complex of caves,good,
F0273,H2240,palestine-exploration-quarterly_1905:18:jer_tombs_kings,QS 1905,1905,,2,inferred,2,palestine-exploration-quarterly_1905,18,jer_tombs_kings,"QS editors (Notes and News, Hanauer's report)","Bishop Blyth's Mission, west side of the Damascus Road, near the Tombs of the Kings",jer_tombs_kings,west side of the Damascus Road,structure,chance,,workmen digging foundations for a wall,,came upon a vaulted chamber of well-dressed masonry,medium,Tombs of the Kings area,good,
F0274,H2249,palestine-exploration-quarterly_1906:109:mount_zion,QS 1906,1906,,91,running_head,91,palestine-exploration-quarterly_1906,109,mount_zion,QS editors (Notes and News),"the Armenian property near the Zion Gate, inside the wall",mount_zion,just within the Zion Gate,structure,chance,medieval (as judged),building works (not stated),,"was found a large vault, apparently medieval",low,Kohlit Mount Zion option; inside the city wall,good,
F0275,H2265,palestine-exploration-quarterly_1907:151:jer_gethsemane,QS 1907,1907,,137,page_numbers.json,137-139,palestine-exploration-quarterly_1907,151,jer_gethsemane,C. K. Spyridonidis (The Church of St. Stephen),"the field before Gethsemane, at the traditional place of Stephen's stoning",jer_gethsemane,just before Gethsemane,inscription;structure;cistern,excavation,"fourth century (inscription, as judged)",C. K. Spyridonidis (for the Greek Patriarchate),,In levelling this field I found different things,medium,Kidron at Gethsemane; two Greek inscriptions and a well,good,
F0276,H2303,palestine-exploration-quarterly_1913:154:tell_el_ful,QS 1913,1913,,134,running_head,133-134,palestine-exploration-quarterly_1913,154,tell_el_ful,E. W. G. Masterman (Tell el-Ful and Khurbet 'Adaseh),Tell el-Ful and the spur and valley around it,tell_el_ful,NE side of the tell; across the valley to the south,jar_vessel;tomb;ossuary;cave,survey,"Israelite (pottery, as judged)",Masterman; fellahin (pottery sold to H. Clark),pottery bought by H. Clark of Jerusalem,the fragments of a broken ossuary,high,Tell el-Ful; surface sherds and tombs,good,
F0277,H2007,palestine-exploration-quarterly_1888-07:7:jer_bethesda,QS 1888,1888,07,117,inferred,115,palestine-exploration-quarterly_1888-07,7,jer_bethesda,C. Schick (Pool of Bethesda: Recent Discoveries in Jerusalem),"the ground of St Anne's, north of the Birket Israil",jer_bethesda,"north of the Birket Israil, near St. Stephen's Gate",cistern;structure,excavation,,"the Algerian (White Fathers) mission, clearing rubbish",,"several important discoveries were made, one of which was a deep cistern",high,"E55 Bethesda; the pool with steps, conduit, masonry fragments",fair,
