seq,tier,status,drop_reason,hit_id,ia_identifier,year,issue,leaf,printed_page,page_source,key,region,hit_class,matched_text,strong_terms,feature_terms,discovery_terms,occurrences_on_page,text_version
H0001,1,dropped,not_find,palestine-exploration-quarterly_1869-1870:30:kh_yanun,palestine-exploration-quarterly_1869-1870,1867-69,reports,30,18,running_head,kh_yanun,NORTH,feature,Yanun,,cave|caves,came upon,1,B_space
H0002,1,dropped,other_place,palestine-exploration-quarterly_1869-1870:30:x_qarn_sartaba,palestine-exploration-quarterly_1869-1870,1867-69,reports,30,18,running_head,x_qarn_sartaba,NORTH,feature,Alexandrium,,cistern,came upon,1,B_space
H0003,1,dropped,apparatus,palestine-exploration-quarterly_1869-1870:42:mar_saba,palestine-exploration-quarterly_1869-1870,1867-69,reports,42,30,page_numbers.json,mar_saba,DESERT,strong,Mar Saba,lamp,tomb,found|obtained,2,B_space
H0004,1,dropped,not_find,palestine-exploration-quarterly_1869-1870:73:jericho_area,palestine-exploration-quarterly_1869-1870,1867-69,reports,73,61,running_head,jericho_area,JERICHO,feature,Jericho,,cistern,discovered|found,1,B_space
H0005,1,dropped,not_find,palestine-exploration-quarterly_1869-1870:73:tell_es_sultan,palestine-exploration-quarterly_1869-1870,1867-69,reports,73,61,running_head,tell_es_sultan,JERICHO,feature,Ain Sultan,,cistern,discovered|found,1,B_space
H0006,1,kept,,palestine-exploration-quarterly_1869-1870:95:natuf,palestine-exploration-quarterly_1869-1870,1867-69,reports,95,83,page_numbers.json,natuf,SOUTH,strong,Khureitun,inscriptions|sarcophagi,cave,found,3,B_space
H0007,1,dropped,duplicate_page,palestine-exploration-quarterly_1869-1870:95:tekoa_herodium,palestine-exploration-quarterly_1869-1870,1867-69,reports,95,83,page_numbers.json,tekoa_herodium,SOUTH,strong,Frank Mountain,inscriptions|sarcophagi,cave,found,1,B_space
H0008,1,dropped,not_find,palestine-exploration-quarterly_1869-1870:99:muhalhil,palestine-exploration-quarterly_1869-1870,1867-69,reports,99,87,running_head,muhalhil,DESERT,feature,Neby Musa,,caves,obtained,3,B_space
H0009,1,dropped,too_vague,palestine-exploration-quarterly_1869-1870:236:gerizim_area,palestine-exploration-quarterly_1869-1870,1869,no3,236,66,running_head,gerizim_area,NORTH,strong,Nablus,sarcophagus,tombs,found,1,B_space
H0010,1,dropped,not_find,palestine-exploration-quarterly_1869-1870:289:natuf,palestine-exploration-quarterly_1869-1870,1870,no4,289,117,running_head,natuf,SOUTH,strong,Adullam,golden,cave|cavern|vaults,discoveries|excavated|found,1,B_space
H0011,1,dropped,not_find,palestine-exploration-quarterly_1869-1870:381:jericho_area,palestine-exploration-quarterly_1869-1870,1870,no4,381,209,running_head,jericho_area,JERICHO,strong,JERICHO,inscription,,found,2,B_space
H0012,1,dropped,other_place,palestine-exploration-quarterly_1869-1870:455:gerizim_area,palestine-exploration-quarterly_1869-1870,1870,no6,455,283,running_head,gerizim_area,NORTH,strong,Nablous,brass|inscription,,lately,1,B_space
H0013,1,dropped,other_place,palestine-exploration-quarterly_1871_1:4:doq,palestine-exploration-quarterly_1871_1,1871,no1,4,4,running_head,doq,JERICHO,feature,quarantine,,grave,dug|found|recently|turned up,1,B_space
H0014,1,dropped,other_place,palestine-exploration-quarterly_1871_1:88:gerizim_area,palestine-exploration-quarterly_1871_1,1871,no1,88,72,running_head,gerizim_area,NORTH,strong,Nablous,coins|gold|jars|treasures,,brought to light|buried|found,1,B_space
H0015,1,dropped,not_find,palestine-exploration-quarterly_1871_1:89:jericho_area,palestine-exploration-quarterly_1871_1,1871,no1,89,73,page_numbers.json,jericho_area,JERICHO,strong,Jericho,inscriptions,,found,1,B_space
H0016,1,dropped,too_vague,palestine-exploration-quarterly_1871_3:17:gerizim_area,palestine-exploration-quarterly_1871_3,1871,no3,17,139,running_head,gerizim_area,NORTH,strong,Nablus,gold,,discovery|found,1,B_space
H0017,1,dropped,other_place,palestine-exploration-quarterly_1872-01:16:group:zadok,palestine-exploration-quarterly_1872-01,1872,01,16,16,running_head,group:zadok,TEXT,strong,Zadok,golden,,,1,B_space
H0018,1,dropped,not_find,palestine-exploration-quarterly_1872-04:8:beth_horon,palestine-exploration-quarterly_1872-04,1872,04,8,40,running_head,beth_horon,WEST,feature,Beth-horon,,tombs,found|opening,1,B_space
H0019,1,dropped,other_place,palestine-exploration-quarterly_1872-04:14:beth_horon,palestine-exploration-quarterly_1872-04,1872,04,14,46,running_head,beth_horon,WEST,feature,Beth-horon,,sepulchral,discovered,1,B_space
H0020,1,dropped,not_find,palestine-exploration-quarterly_1872-04:31:jericho_area,palestine-exploration-quarterly_1872-04,1872,04,31,57,running_head,jericho_area,JERICHO,strong,Jericho,treasures,tomb,,1,B_space
H0021,1,dropped,not_find,palestine-exploration-quarterly_1872-04:31:qelt_generic,palestine-exploration-quarterly_1872-04,1872,04,31,57,running_head,qelt_generic,JERICHO,strong,Wady Kelt,treasures,tomb,,4,B_space
H0022,1,dropped,other_place,palestine-exploration-quarterly_1872-04:42:gerizim_area,palestine-exploration-quarterly_1872-04,1872,04,42,68,running_head,gerizim_area,NORTH,strong,Nablus,sarcophagi,,obtained,1,B_space
H0023,1,dropped,not_find,palestine-exploration-quarterly_1872-10:10:gerizim_area,palestine-exploration-quarterly_1872-10,1872,10,10,160,running_head,gerizim_area,NORTH,feature,Nablous,,vaults,find|opened,2,B_space
H0024,1,kept,,palestine-exploration-quarterly_1872-10:39:beth_shean,palestine-exploration-quarterly_1872-10,1872,10,39,189,running_head,beth_shean,NORTH,strong,Beisan,inscription,tomb,found,2,B_space
H0025,1,kept,,palestine-exploration-quarterly_1872-10:40:gerizim,palestine-exploration-quarterly_1872-10,1872,10,40,190,running_head,gerizim,NORTH,feature,Gerizim,,tombs,opening,4,B_space
H0026,1,dropped,duplicate_page,palestine-exploration-quarterly_1872-10:40:gerizim_area,palestine-exploration-quarterly_1872-10,1872,10,40,190,running_head,gerizim_area,NORTH,feature,Jacob’s well,,tomb,found,6,B_space
H0027,1,dropped,not_find,palestine-exploration-quarterly_1872-10:41:gerizim_area,palestine-exploration-quarterly_1872-10,1872,10,41,191,page_numbers.json,gerizim_area,NORTH,strong,Nablus,brass|scroll|silver,,,1,B_space
H0028,1,dropped,not_find,palestine-exploration-quarterly_1872-10:43:gerizim,palestine-exploration-quarterly_1872-10,1872,10,43,193,running_head,gerizim,NORTH,strong,Gerizim,inscriptions,,,2,B_space
H0029,1,kept,,palestine-exploration-quarterly_1873-04:11:gerizim_area,palestine-exploration-quarterly_1873-04,1873,04,11,49,page_numbers.json,gerizim_area,NORTH,strong,Nablus,sarcophagus,caves|tomb,excavated|found,2,B_space
H0030,1,kept,,palestine-exploration-quarterly_1873-04:31:gerizim_area,palestine-exploration-quarterly_1873-04,1873,04,31,69,running_head,gerizim_area,NORTH,strong,Nablus,coins,,found,1,B_space
H0031,1,kept,,palestine-exploration-quarterly_1873-04:33:gerizim_area,palestine-exploration-quarterly_1873-04,1873,04,33,71,page_numbers.json,gerizim_area,NORTH,strong,Jacob’s Well,inscriptions,tomb,found|recently,9,B_space
H0032,1,dropped,other_place,palestine-exploration-quarterly_1873-07:15:beth_horon,palestine-exploration-quarterly_1873-07,1873,07,15,93,running_head,beth_horon,WEST,feature,Bethhoron,,tomb,found,1,B_space
H0033,1,dropped,other_place,palestine-exploration-quarterly_1874-01:20:natuf,palestine-exploration-quarterly_1874-01,1874,01,20,20,running_head,natuf,SOUTH,feature,Adullam,,cave,found,3,B_space
H0034,1,dropped,not_find,palestine-exploration-quarterly_1874-01:25:natuf,palestine-exploration-quarterly_1874-01,1874,01,25,25,running_head,natuf,SOUTH,feature,Adullam,,cave,lately,1,B_space
H0035,1,dropped,not_find,palestine-exploration-quarterly_1874-01:25:tekoa_herodium,palestine-exploration-quarterly_1874-01,1874,01,25,25,running_head,tekoa_herodium,SOUTH,feature,Herodium,,chamber,clearing,2,B_space
H0036,1,dropped,other_place,palestine-exploration-quarterly_1874-01:26:natuf,palestine-exploration-quarterly_1874-01,1874,01,26,26,running_head,natuf,SOUTH,feature,Adullam,,cave|chamber,find,3,B_space
H0037,1,dropped,not_find,palestine-exploration-quarterly_1874-04:4:jericho_area,palestine-exploration-quarterly_1874-04,1874,04,4,36,page_numbers.json,jericho_area,JERICHO,strong,Jericho,brass,,,7,B_space
H0038,1,dropped,not_find,palestine-exploration-quarterly_1874-04:4:qelt_generic,palestine-exploration-quarterly_1874-04,1874,04,4,36,page_numbers.json,qelt_generic,JERICHO,strong,Wady Kelt,brass,,,3,B_space
H0039,1,kept,,palestine-exploration-quarterly_1874-04:6:ain_duk,palestine-exploration-quarterly_1874-04,1874,04,6,38,page_numbers.json,ain_duk,JERICHO,feature,Ain Duk,,caves,found,1,B_space
H0040,1,dropped,duplicate_page,palestine-exploration-quarterly_1874-04:6:dok_generic,palestine-exploration-quarterly_1874-04,1874,04,6,38,page_numbers.json,dok_generic,JERICHO,feature,Dagon,,caves,found,1,B_space
H0041,1,dropped,too_vague,palestine-exploration-quarterly_1874-04:6:jericho_area,palestine-exploration-quarterly_1874-04,1874,04,6,38,page_numbers.json,jericho_area,JERICHO,feature,Er Riha,,caves,found|hidden,7,B_space
H0042,1,kept,,palestine-exploration-quarterly_1874-04:9:jericho_area,palestine-exploration-quarterly_1874-04,1874,04,9,41,page_numbers.json,jericho_area,JERICHO,feature,Jericho,,chamber|cistern,excavated|found,2,B_space
H0043,1,dropped,duplicate_page,palestine-exploration-quarterly_1874-04:9:mar_saba,palestine-exploration-quarterly_1874-04,1874,04,9,41,page_numbers.json,mar_saba,DESERT,feature,Mar Saba,,chamber,excavated|found,1,B_space
H0044,1,dropped,not_find,palestine-exploration-quarterly_1874-04:9:qelt_generic,palestine-exploration-quarterly_1874-04,1874,04,9,41,page_numbers.json,qelt_generic,JERICHO,feature,Wady Kelt,,chamber,found,2,B_space
H0045,1,dropped,duplicate_page,palestine-exploration-quarterly_1874-04:9:tell_es_sultan,palestine-exploration-quarterly_1874-04,1874,04,9,41,page_numbers.json,tell_es_sultan,JERICHO,feature,Ain el Sultan,,chamber,excavated|found,1,B_space
H0046,1,dropped,not_find,palestine-exploration-quarterly_1874-04:12:jordan_ford,palestine-exploration-quarterly_1874-04,1874,04,12,44,page_numbers.json,jordan_ford,JERICHO,feature,Hajlah,,cistern,find,2,B_space
H0047,1,dropped,not_find,palestine-exploration-quarterly_1874-04:12:tell_es_sultan,palestine-exploration-quarterly_1874-04,1874,04,12,44,page_numbers.json,tell_es_sultan,JERICHO,feature,Ain el Sultan,,cistern,find,2,B_space
H0048,1,kept,,palestine-exploration-quarterly_1874-04:39:dok_generic,palestine-exploration-quarterly_1874-04,1874,04,39,71,page_numbers.json,dok_generic,JERICHO,feature,Docus,,tombs,found,2,B_space
H0049,1,dropped,not_find,palestine-exploration-quarterly_1874-04:40:jordan_ford,palestine-exploration-quarterly_1874-04,1874,04,40,72,page_numbers.json,jordan_ford,JERICHO,feature,Hajla,,caves,find|found,1,B_space
H0050,1,kept,,palestine-exploration-quarterly_1874-04:40:qelt_generic,palestine-exploration-quarterly_1874-04,1874,04,40,72,page_numbers.json,qelt_generic,JERICHO,strong,Kelt,inscriptions,vault,found,3,B_space
H0051,1,kept,,palestine-exploration-quarterly_1874-04:41:ain_duk,palestine-exploration-quarterly_1874-04,1874,04,41,73,page_numbers.json,ain_duk,JERICHO,feature,Ain Duk,,cistern,find,1,B_space
H0052,1,kept,,palestine-exploration-quarterly_1874-04:42:tell_es_sultan,palestine-exploration-quarterly_1874-04,1874,04,42,74,page_numbers.json,tell_es_sultan,JERICHO,strong,Ain el Sultan,coin|copper,,found,1,B_space
H0053,1,kept,,palestine-exploration-quarterly_1874-04:53:jericho_area,palestine-exploration-quarterly_1874-04,1874,04,53,85,running_head,jericho_area,JERICHO,strong,Riha,inscriptions,,discovered|found,6,B_space
H0054,1,kept,,palestine-exploration-quarterly_1874-04:55:jericho_area,palestine-exploration-quarterly_1874-04,1874,04,55,87,page_numbers.json,jericho_area,JERICHO,strong,Riha,gold|inscription,tomb,excavation,5,B_space
H0055,1,kept,,palestine-exploration-quarterly_1874-04:56:choziba,palestine-exploration-quarterly_1874-04,1874,04,56,88,page_numbers.json,choziba,JERICHO,strong,Deir el Kelt,inscription,,found,1,B_space
H0056,1,dropped,duplicate_page,palestine-exploration-quarterly_1874-04:56:jericho_area,palestine-exploration-quarterly_1874-04,1874,04,56,88,page_numbers.json,jericho_area,JERICHO,strong,Riha,inscribed,,found,7,B_space
H0057,1,kept,,palestine-exploration-quarterly_1874-04:56:tell_el_qos,palestine-exploration-quarterly_1874-04,1874,04,56,88,page_numbers.json,tell_el_qos,JERICHO,strong,Tell el Qos,inscribed|inscription,,found,1,B_space
H0058,1,dropped,duplicate_page,palestine-exploration-quarterly_1874-04:57:jericho_area,palestine-exploration-quarterly_1874-04,1874,04,57,89,running_head,jericho_area,JERICHO,strong,Riha,inscription,,,1,B_space
H0059,1,dropped,not_find,palestine-exploration-quarterly_1874-04:57:qelt_generic,palestine-exploration-quarterly_1874-04,1874,04,57,89,running_head,qelt_generic,JERICHO,strong,Kelt,inscription,,,1,B_space
H0060,1,kept,,palestine-exploration-quarterly_1874-04:57:tell_es_sultan,palestine-exploration-quarterly_1874-04,1874,04,57,89,running_head,tell_es_sultan,JERICHO,strong,fountain of Elisha,inscription,,,1,B_space
H0061,1,kept,,palestine-exploration-quarterly_1874-04:58:jericho_area,palestine-exploration-quarterly_1874-04,1874,04,58,90,page_numbers.json,jericho_area,JERICHO,strong,Jericho,inscribed,,found,1,B_space
H0062,1,dropped,not_find,palestine-exploration-quarterly_1874-04:65:choziba,palestine-exploration-quarterly_1874-04,1874,04,65,97,running_head,choziba,JERICHO,strong,Deir el Kelt,inscription|lamp|sarcophagus,,discovered|found|lately,1,B_space
H0063,1,dropped,not_find,palestine-exploration-quarterly_1874-07:1:x_qarn_sartaba,palestine-exploration-quarterly_1874-07,1874,07,1,129,inferred,x_qarn_sartaba,NORTH,strong,Kurn Sartabeh,inscriptions,,discovery,2,B_space
H0064,1,dropped,not_find,palestine-exploration-quarterly_1874-07:2:x_qarn_sartaba,palestine-exploration-quarterly_1874-07,1874,07,2,130,running_head,x_qarn_sartaba,NORTH,feature,Kurn Sartabeh,,chambers,found,2,B_space
H0065,1,dropped,not_find,palestine-exploration-quarterly_1874-07:23:jericho_area,palestine-exploration-quarterly_1874-07,1874,07,23,151,running_head,jericho_area,JERICHO,strong,Jericho,ossuaries,,,1,B_space
H0066,1,dropped,not_find,palestine-exploration-quarterly_1874-07:34:tekoa_herodium,palestine-exploration-quarterly_1874-07,1874,07,34,162,running_head,tekoa_herodium,SOUTH,strong,Tekoa,manuscripts,,,1,B_space
H0067,1,dropped,other_place,palestine-exploration-quarterly_1874-07:39:jericho_area,palestine-exploration-quarterly_1874-07,1874,07,39,167,page_numbers.json,jericho_area,JERICHO,strong,Jericho,inscription,,discovery,1,B_space
H0068,1,dropped,not_find,palestine-exploration-quarterly_1874-07:42:jericho_area,palestine-exploration-quarterly_1874-07,1874,07,42,170,running_head,jericho_area,JERICHO,feature,Jericho,,caverns|tombs,excavation,10,B_space
H0069,1,dropped,not_find,palestine-exploration-quarterly_1874-07:44:jericho_area,palestine-exploration-quarterly_1874-07,1874,07,44,172,page_numbers.json,jericho_area,JERICHO,strong,Jericho,gold,,obtained,3,B_space
H0070,1,dropped,other_place,palestine-exploration-quarterly_1874-07:51:beth_shean,palestine-exploration-quarterly_1874-07,1874,07,51,179,running_head,beth_shean,NORTH,feature,Beisan,,chambers,found,2,B_space
H0071,1,dropped,not_find,palestine-exploration-quarterly_1874-07:52:beth_shean,palestine-exploration-quarterly_1874-07,1874,07,52,180,running_head,beth_shean,NORTH,strong,Beisan,brass,,found,4,B_space
H0072,1,dropped,not_find,palestine-exploration-quarterly_1874-07:52:jericho_area,palestine-exploration-quarterly_1874-07,1874,07,52,180,running_head,jericho_area,JERICHO,strong,Jericho,brass,,found,3,B_space
H0073,1,dropped,not_find,palestine-exploration-quarterly_1874-07:55:beth_shean,palestine-exploration-quarterly_1874-07,1874,07,55,183,running_head,beth_shean,NORTH,strong,Beisan,lamps,,concealed,8,B_space
H0074,1,kept,,palestine-exploration-quarterly_1874-07:79:gerizim_area,palestine-exploration-quarterly_1874-07,1874,07,79,207,running_head,gerizim_area,NORTH,feature,Nablous,,tombs,discovery|picked up,1,B_space
H0075,1,dropped,not_find,palestine-exploration-quarterly_1874-10:5:beth_shean,palestine-exploration-quarterly_1874-10,1874,10,5,221,running_head,beth_shean,NORTH,feature,Beisan,,tomb|tombs,discovered,2,B_space
H0076,1,dropped,not_find,palestine-exploration-quarterly_1874-10:6:jericho_area,palestine-exploration-quarterly_1874-10,1874,10,6,222,running_head,jericho_area,JERICHO,strong,Jericho,inscriptions,chambers|tombs,brought to light|discovered|found,1,B_space
H0077,1,dropped,not_find,palestine-exploration-quarterly_1874-10:6:kh_qumran,palestine-exploration-quarterly_1874-10,1874,10,6,222,running_head,kh_qumran,QUMRAN,strong,Gumran,inscriptions,chambers|tombs,brought to light|discovered|found,2,B_space
H0078,1,dropped,not_find,palestine-exploration-quarterly_1874-10:6:qelt_generic,palestine-exploration-quarterly_1874-10,1874,10,6,222,running_head,qelt_generic,JERICHO,strong,Wady Kelt,inscriptions,chambers|tombs,brought to light|discovered|found,2,B_space
H0079,1,dropped,other_place,palestine-exploration-quarterly_1874-10:21:carmel_siah,palestine-exploration-quarterly_1874-10,1874,10,21,237,page_numbers.json,carmel_siah,CARMEL,strong,Siah,inscription|inscriptions,,found,2,B_space
H0080,1,dropped,not_find,palestine-exploration-quarterly_1874-10:40:jericho_area,palestine-exploration-quarterly_1874-10,1874,10,40,256,page_numbers.json,jericho_area,JERICHO,feature,Gilgal,,tomb,discovery,2,B_space
H0081,1,dropped,not_find,palestine-exploration-quarterly_1874-10:40:tekoa_herodium,palestine-exploration-quarterly_1874-10,1874,10,40,256,page_numbers.json,tekoa_herodium,SOUTH,feature,Fureidis,,tomb|tombs,discoveries,2,B_space
H0082,1,dropped,not_find,palestine-exploration-quarterly_1874-10:48:gerizim,palestine-exploration-quarterly_1874-10,1874,10,48,264,page_numbers.json,gerizim,NORTH,feature,Gerizim,,cavern|caves,excavations,4,B_space
H0083,1,dropped,other_place,palestine-exploration-quarterly_1874-10:48:jericho_area,palestine-exploration-quarterly_1874-10,1874,10,48,264,page_numbers.json,jericho_area,JERICHO,feature,Jericho,,cavern|caves,excavations,6,B_space
H0084,1,dropped,other_place,palestine-exploration-quarterly_1874-10:62:gerizim_area,palestine-exploration-quarterly_1874-10,1874,10,62,278,running_head,gerizim_area,NORTH,strong,Shechem,inscription,,,1,B_space
H0085,1,kept,,palestine-exploration-quarterly_1875-01:28:beth_shean,palestine-exploration-quarterly_1875-01,1875,01,28,30,page_numbers.json,beth_shean,NORTH,strong,Bethshean,inscription,,,2,A_joined
H0086,1,dropped,not_find,palestine-exploration-quarterly_1875-01:39:jericho_area,palestine-exploration-quarterly_1875-01,1875,01,39,41,page_numbers.json,jericho_area,JERICHO,feature,Gilgal,,tomb,discovery,1,B_space
H0087,1,dropped,other_place,palestine-exploration-quarterly_1875-01:40:natuf,palestine-exploration-quarterly_1875-01,1875,01,40,42,running_head,natuf,SOUTH,feature,Adullam,,caves,finds,2,B_space
H0088,1,kept,,palestine-exploration-quarterly_1875-04:6:x_qarn_sartaba,palestine-exploration-quarterly_1875-04,1875,04,6,64,running_head,x_qarn_sartaba,NORTH,strong,Kurn-Surtabeh,inscription,tombs,found,3,B_space
H0089,1,dropped,not_find,palestine-exploration-quarterly_1875-04:14:jordan_ford,palestine-exploration-quarterly_1875-04,1875,04,14,72,running_head,jordan_ford,JERICHO,strong,Bethabara,manuscripts,,,11,B_space
H0090,1,dropped,apparatus,palestine-exploration-quarterly_1875-07:1:natuf,palestine-exploration-quarterly_1875-07,1875,07,1,105,inferred,natuf,SOUTH,feature,Adullam,,caves,found,2,B_space
H0091,1,dropped,not_find,palestine-exploration-quarterly_1875-07:31:tekoa_herodium,palestine-exploration-quarterly_1875-07,1875,07,31,135,page_numbers.json,tekoa_herodium,SOUTH,strong,Fureidis,treasures,vaults,found,2,B_space
H0092,1,dropped,other_place,palestine-exploration-quarterly_1875-07:34:natuf,palestine-exploration-quarterly_1875-07,1875,07,34,138,running_head,natuf,SOUTH,feature,ADULLAM,,cave|cavern|tomb,found,1,B_space
H0093,1,dropped,other_place,palestine-exploration-quarterly_1875-07:41:natuf,palestine-exploration-quarterly_1875-07,1875,07,41,145,running_head,natuf,SOUTH,feature,Adullam,,cave|cavern,discovery,5,B_space
H0094,1,dropped,other_place,palestine-exploration-quarterly_1875-07:45:natuf,palestine-exploration-quarterly_1875-07,1875,07,45,149,running_head,natuf,SOUTH,feature,Adullam,,cistern|tombs,hidden,5,B_space
H0095,1,dropped,other_place,palestine-exploration-quarterly_1875-07:53:dok_generic,palestine-exploration-quarterly_1875-07,1875,07,53,157,page_numbers.json,dok_generic,JERICHO,strong,Dagon,sarcophagus,,,1,B_space
H0096,1,dropped,other_place,palestine-exploration-quarterly_1875-07:64:natuf,palestine-exploration-quarterly_1875-07,1875,07,64,168,running_head,natuf,SOUTH,strong,Adullam,inscriptions,,,4,B_space
H0097,1,dropped,other_place,palestine-exploration-quarterly_1875-07:67:natuf,palestine-exploration-quarterly_1875-07,1875,07,67,171,page_numbers.json,natuf,SOUTH,feature,Adullam,,cave,find,7,B_space
H0098,1,dropped,other_place,palestine-exploration-quarterly_1875-07:68:natuf,palestine-exploration-quarterly_1875-07,1875,07,68,172,running_head,natuf,SOUTH,strong,Adullam,inscriptions,,found,6,B_space
H0099,1,dropped,other_place,palestine-exploration-quarterly_1875-07:72:natuf,palestine-exploration-quarterly_1875-07,1875,07,72,176,running_head,natuf,SOUTH,feature,Adullam,,cave|caves|cisterns|tombs,found,3,B_space
H0100,1,dropped,other_place,palestine-exploration-quarterly_1875-10:4:natuf,palestine-exploration-quarterly_1875-10,1875,10,4,188,inferred,natuf,SOUTH,feature,Adullam,,caves,discovery,1,B_space
H0101,1,dropped,other_place,palestine-exploration-quarterly_1875-10:6:dok_generic,palestine-exploration-quarterly_1875-10,1875,10,6,190,running_head,dok_generic,JERICHO,strong,Dagon,inscription,sepulchre,found,1,B_space
H0102,1,dropped,not_find,palestine-exploration-quarterly_1875-10:6:gerizim,palestine-exploration-quarterly_1875-10,1875,10,6,190,running_head,gerizim,NORTH,feature,Luzeh,,vaults,discovered|found|hidden,3,B_space
H0103,1,kept,,palestine-exploration-quarterly_1875-10:6:gerizim_area,palestine-exploration-quarterly_1875-10,1875,10,6,190,running_head,gerizim_area,NORTH,feature,Nablus,,grotto|vaults,discovered|excavated|found|hidden,2,B_space
H0104,1,dropped,other_place,palestine-exploration-quarterly_1875-10:26:dok_generic,palestine-exploration-quarterly_1875-10,1875,10,26,210,running_head,dok_generic,JERICHO,strong,Dagon,lamps,,,1,B_space
H0105,1,dropped,not_find,palestine-exploration-quarterly_1875-10:28:jericho_area,palestine-exploration-quarterly_1875-10,1875,10,28,212,page_numbers.json,jericho_area,JERICHO,strong,Jericho,brass,,,2,B_space
H0106,1,dropped,other_place,palestine-exploration-quarterly_1875-10:36:dok_generic,palestine-exploration-quarterly_1875-10,1875,10,36,220,running_head,dok_generic,JERICHO,strong,Dagon,coins|lamps,chambers,,1,B_space
H0107,1,dropped,other_place,palestine-exploration-quarterly_1875-10:37:dok_generic,palestine-exploration-quarterly_1875-10,1875,10,37,221,page_numbers.json,dok_generic,JERICHO,strong,Dagon,coins|copper|inscribed|inscriptions|silver,,,1,B_space
H0108,1,dropped,not_find,palestine-exploration-quarterly_1876-01:19:jericho_area,palestine-exploration-quarterly_1876-01,1876,01,19,17,running_head,jericho_area,JERICHO,feature,Gilgal,,sepulchre|sepulchres|tombs,obtained,1,B_space
H0109,1,dropped,not_find,palestine-exploration-quarterly_1876-01:20:beth_shean,palestine-exploration-quarterly_1876-01,1876,01,20,18,running_head,beth_shean,NORTH,strong,Beisan,sarcophagi,chamber|graves|kokim|loculi|tombs,excavation|obtained,2,B_space
H0110,1,dropped,other_place,palestine-exploration-quarterly_1876-01:43:natuf,palestine-exploration-quarterly_1876-01,1876,01,43,41,page_numbers.json,natuf,SOUTH,strong,Adullam,lamp,caves,,4,B_space
H0111,1,dropped,other_place,palestine-exploration-quarterly_1876-01:45:natuf,palestine-exploration-quarterly_1876-01,1876,01,45,43,page_numbers.json,natuf,SOUTH,feature,Adullam,,cave|caves,discovered|find,1,B_space
H0112,1,dropped,other_place,palestine-exploration-quarterly_1876-01:47:natuf,palestine-exploration-quarterly_1876-01,1876,01,47,45,running_head,natuf,SOUTH,feature,Adullam,,cave,discovered,1,B_space
H0113,1,dropped,apparatus,palestine-exploration-quarterly_1876-04:3:tell_es_sultan,palestine-exploration-quarterly_1876-04,1876,04,3,59,page_numbers.json,tell_es_sultan,JERICHO,feature,Elisha’s Fountain,,sepulchre,obtained,1,B_space
H0114,1,dropped,apparatus,palestine-exploration-quarterly_1876-07:3:tell_es_sultan,palestine-exploration-quarterly_1876-07,1876,07,3,109,running_head,tell_es_sultan,JERICHO,feature,Elisha’s Fountain,,sepulchre,obtained,1,B_space
H0115,1,kept,,palestine-exploration-quarterly_1876-07:49:beth_shean,palestine-exploration-quarterly_1876-07,1876,07,49,151,running_head,beth_shean,NORTH,feature,Beisdn,,loculi|tomb|tombs,found,1,B_space
H0116,1,dropped,not_find,palestine-exploration-quarterly_1876-07:52:jordan_ford,palestine-exploration-quarterly_1876-07,1876,07,52,154,running_head,jordan_ford,JERICHO,feature,Bethabara,,caves,found,2,B_space
H0117,1,dropped,other_place,palestine-exploration-quarterly_1876-07:52:natuf,palestine-exploration-quarterly_1876-07,1876,07,52,154,running_head,natuf,SOUTH,feature,Adullam,,cave|caves,found,3,B_space
H0118,1,kept,,palestine-exploration-quarterly_1876-10:4:gerizim_area,palestine-exploration-quarterly_1876-10,1876,10,4,162,running_head,gerizim_area,NORTH,feature,JACOB'S WELL,,sepulchre,cleared|obtained,3,B_space
H0119,1,dropped,apparatus,palestine-exploration-quarterly_1876-10:4:tell_es_sultan,palestine-exploration-quarterly_1876-10,1876,10,4,162,running_head,tell_es_sultan,JERICHO,feature,Elisha’s Fountain,,sepulchre,obtained,2,B_space
H0120,1,dropped,apparatus,palestine-exploration-quarterly_1876-10:5:jordan_ford,palestine-exploration-quarterly_1876-10,1876,10,5,163,page_numbers.json,jordan_ford,JERICHO,feature,Hajlah,,tomb,discovered|found,1,B_space
H0121,1,dropped,other_place,palestine-exploration-quarterly_1876-10:11:dok_generic,palestine-exploration-quarterly_1876-10,1876,10,11,169,running_head,dok_generic,JERICHO,strong,Dagon,inscription,,,1,B_space
H0122,1,dropped,not_find,palestine-exploration-quarterly_1876-10:35:gerizim_area,palestine-exploration-quarterly_1876-10,1876,10,35,193,running_head,gerizim_area,NORTH,feature,Shechem,,tomb,buried,4,B_space
H0123,1,dropped,not_find,palestine-exploration-quarterly_1876-10:36:gerizim_area,palestine-exploration-quarterly_1876-10,1876,10,36,194,running_head,gerizim_area,NORTH,feature,Jacob’s well,,tomb|tombs,buried,1,B_space
H0124,1,dropped,apparatus,palestine-exploration-quarterly_1876-10:45:jericho_area,palestine-exploration-quarterly_1876-10,1876,10,45,203,page_numbers.json,jericho_area,JERICHO,feature,Jericho,,graves,discovered|found,5,B_space
H0125,1,dropped,apparatus,palestine-exploration-quarterly_1876-10:45:qelt_generic,palestine-exploration-quarterly_1876-10,1876,10,45,203,page_numbers.json,qelt_generic,JERICHO,feature,Kelt,,graves,discovered|found,1,B_space
H0126,1,dropped,not_find,palestine-exploration-quarterly_1877-04:22:gerizim_area,palestine-exploration-quarterly_1877-04,1877,04,22,88,running_head,gerizim_area,NORTH,feature,Nablus,,cave,hidden,2,B_space
H0127,1,dropped,not_find,palestine-exploration-quarterly_1877-04:28:jericho_area,palestine-exploration-quarterly_1877-04,1877,04,28,94,page_numbers.json,jericho_area,JERICHO,feature,Jericho,,tomb|tombs,buried|find|found,2,B_space
H0128,1,dropped,not_find,palestine-exploration-quarterly_1877-04:28:muhalhil,palestine-exploration-quarterly_1877-04,1877,04,28,94,page_numbers.json,muhalhil,DESERT,feature,tomb of Moses,,tomb|tombs,buried|find|found,1,B_space
H0129,1,dropped,not_find,palestine-exploration-quarterly_1877-04:31:jericho_area,palestine-exploration-quarterly_1877-04,1877,04,31,97,running_head,jericho_area,JERICHO,feature,Jericho,,tomb,find,2,B_space
H0130,1,dropped,apparatus,palestine-exploration-quarterly_1877-07:33:beth_shean,palestine-exploration-quarterly_1877-07,1877,07,33,137,running_head,beth_shean,NORTH,strong,Scythopolis,inscriptions,,,2,B_space
H0131,1,dropped,apparatus,palestine-exploration-quarterly_1877-07:33:jordan_ford,palestine-exploration-quarterly_1877-07,1877,07,33,137,running_head,jordan_ford,JERICHO,strong,Bethabara,inscriptions,,,1,B_space
H0132,1,dropped,not_find,palestine-exploration-quarterly_1877-07:34:jericho_area,palestine-exploration-quarterly_1877-07,1877,07,34,138,running_head,jericho_area,JERICHO,strong,Jericho,inscriptions,,found,4,B_space
H0133,1,dropped,not_find,palestine-exploration-quarterly_1877-07:34:tell_es_sultan,palestine-exploration-quarterly_1877-07,1877,07,34,138,running_head,tell_es_sultan,JERICHO,strong,Ain es Sultan,inscriptions,,found,1,B_space
H0134,1,dropped,not_find,palestine-exploration-quarterly_1877-07:38:doq,palestine-exploration-quarterly_1877-07,1877,07,38,142,page_numbers.json,doq,JERICHO,feature,Quarantan‘a,,tomb,discovered|found,6,B_space
H0135,1,dropped,not_find,palestine-exploration-quarterly_1877-07:38:jericho_area,palestine-exploration-quarterly_1877-07,1877,07,38,142,page_numbers.json,jericho_area,JERICHO,feature,Gilgal,,tomb,discovered|found,4,B_space
H0136,1,dropped,not_find,palestine-exploration-quarterly_1877-07:46:gerizim_area,palestine-exploration-quarterly_1877-07,1877,07,46,150,running_head,gerizim_area,NORTH,feature,Shechem,,tomb,hidden,8,B_space
H0137,1,dropped,not_find,palestine-exploration-quarterly_1877-10:26:jordan_ford,palestine-exploration-quarterly_1877-10,1877,10,26,184,running_head,jordan_ford,JERICHO,strong,Bethabara,manuscripts,,,5,B_space
H0138,1,kept,,palestine-exploration-quarterly_1878-01:2:gerizim,palestine-exploration-quarterly_1878-01,1878,01,2,2,running_head,gerizim,NORTH,feature,Gerizim,,cave|cavern|tomb|tombs,obtained,2,B_space
H0139,1,dropped,other_place,palestine-exploration-quarterly_1878-01:2:gerizim_area,palestine-exploration-quarterly_1878-01,1878,01,2,2,running_head,gerizim_area,NORTH,feature,Shechem,,cavern|tomb|tombs,buried,4,B_space
H0140,1,dropped,other_place,palestine-exploration-quarterly_1878-01:10:gerizim_area,palestine-exploration-quarterly_1878-01,1878,01,10,10,running_head,gerizim_area,NORTH,feature,Nablus,,cave,dug|found,1,B_space
H0141,1,dropped,not_find,palestine-exploration-quarterly_1878-01:15:jordan_ford,palestine-exploration-quarterly_1878-01,1878,01,15,15,page_numbers.json,jordan_ford,JERICHO,strong,Bethabara,manuscripts,,,2,B_space
H0142,1,dropped,not_find,palestine-exploration-quarterly_1878-01:20:gerizim_area,palestine-exploration-quarterly_1878-01,1878,01,20,20,running_head,gerizim_area,NORTH,feature,Shechem,,tombs,find,3,B_space
H0143,1,dropped,other_place,palestine-exploration-quarterly_1878-01:23:gerizim_area,palestine-exploration-quarterly_1878-01,1878,01,23,23,running_head,gerizim_area,NORTH,feature,Nablus,,tomb|tombs,buried|found,1,B_space
H0144,1,dropped,not_find,palestine-exploration-quarterly_1878-01:27:gerizim,palestine-exploration-quarterly_1878-01,1878,01,27,27,page_numbers.json,gerizim,NORTH,strong,Gerizim,golden|manuscript,,,12,B_space
H0145,1,dropped,not_find,palestine-exploration-quarterly_1878-01:27:gerizim_area,palestine-exploration-quarterly_1878-01,1878,01,27,27,page_numbers.json,gerizim_area,NORTH,strong,Shechem,golden|manuscript,,,7,B_space
H0146,1,dropped,not_find,palestine-exploration-quarterly_1878-01:28:gerizim,palestine-exploration-quarterly_1878-01,1878,01,28,28,running_head,gerizim,NORTH,strong,Gerizim,golden,,,6,B_space
H0147,1,dropped,not_find,palestine-exploration-quarterly_1878-01:28:gerizim_area,palestine-exploration-quarterly_1878-01,1878,01,28,28,running_head,gerizim_area,NORTH,strong,Shechem,golden,,,6,B_space
H0148,1,dropped,not_find,palestine-exploration-quarterly_1878-01:38:doq,palestine-exploration-quarterly_1878-01,1878,01,38,38,running_head,doq,JERICHO,feature,Quarantania,,tombs,buried|found,1,B_space
H0149,1,dropped,apparatus,palestine-exploration-quarterly_1878-04:4:gerizim,palestine-exploration-quarterly_1878-04,1878,04,4,50,running_head,gerizim,NORTH,strong,Gerizim,manuscripts,,discoveries,2,B_space
H0150,1,dropped,apparatus,palestine-exploration-quarterly_1878-04:4:gerizim_area,palestine-exploration-quarterly_1878-04,1878,04,4,50,running_head,gerizim_area,NORTH,strong,Shechem,manuscripts,,discoveries,1,B_space
H0151,1,dropped,other_place,palestine-exploration-quarterly_1878-04:16:gerizim_area,palestine-exploration-quarterly_1878-04,1878,04,16,62,page_numbers.json,gerizim_area,NORTH,strong,Nablus,gold|inscription,caves|tombs,,5,B_space
H0152,1,dropped,other_place,palestine-exploration-quarterly_1878-04:19:beth_horon,palestine-exploration-quarterly_1878-04,1878,04,19,65,running_head,beth_horon,WEST,strong,Beit Ur,sarcophagus,,,1,B_space
H0153,1,dropped,not_find,palestine-exploration-quarterly_1878-04:42:gerizim_area,palestine-exploration-quarterly_1878-04,1878,04,42,88,running_head,gerizim_area,NORTH,strong,Nablus,inscribed|inscriptions,,found,1,B_space
H0154,1,dropped,not_find,palestine-exploration-quarterly_1878-07:6:beth_shean,palestine-exploration-quarterly_1878-07,1878,07,6,110,running_head,beth_shean,NORTH,feature,Bethshean,,tombs,found,1,B_space
H0155,1,dropped,not_find,palestine-exploration-quarterly_1878-07:6:gerizim,palestine-exploration-quarterly_1878-07,1878,07,6,110,running_head,gerizim,NORTH,feature,Gerizim,,tombs,found,2,B_space
H0156,1,dropped,not_find,palestine-exploration-quarterly_1878-07:6:gerizim_area,palestine-exploration-quarterly_1878-07,1878,07,6,110,running_head,gerizim_area,NORTH,feature,Shechem,,tombs,found,1,B_space
H0157,1,dropped,not_find,palestine-exploration-quarterly_1878-07:16:mar_saba,palestine-exploration-quarterly_1878-07,1878,07,16,120,running_head,mar_saba,DESERT,strong,Mar Saba,golden,caves,,1,B_space
H0158,1,dropped,not_find,palestine-exploration-quarterly_1879-04:34:gerizim_area,palestine-exploration-quarterly_1879-04,1879,04,34,88,running_head,gerizim_area,NORTH,feature,Jacob’s Well,,chamber,opening,8,B_space
H0159,1,dropped,not_find,palestine-exploration-quarterly_1879-04:35:gerizim_area,palestine-exploration-quarterly_1879-04,1879,04,35,89,running_head,gerizim_area,NORTH,strong,Shechem,silver,,bought|buried|dug,7,B_space
H0160,1,dropped,not_find,palestine-exploration-quarterly_1879-04:46:gerizim_area,palestine-exploration-quarterly_1879-04,1879,04,46,100,running_head,gerizim_area,NORTH,strong,Shechem,golden,,,1,B_space
H0161,1,dropped,other_place,palestine-exploration-quarterly_1879-07:21:natuf,palestine-exploration-quarterly_1879-07,1879,07,21,125,running_head,natuf,SOUTH,feature,Adullam,,cave|cavern|chamber,find,2,B_space
H0162,1,dropped,not_find,palestine-exploration-quarterly_1879-07:25:tekoa_herodium,palestine-exploration-quarterly_1879-07,1879,07,25,129,running_head,tekoa_herodium,SOUTH,feature,Frank Mountain,,cave,found,1,B_space
H0163,1,dropped,not_find,palestine-exploration-quarterly_1879-07:48:jericho_area,palestine-exploration-quarterly_1879-07,1879,07,48,152,running_head,jericho_area,JERICHO,strong,Jericho,vessels,,,1,B_space
H0164,1,dropped,not_find,palestine-exploration-quarterly_1879-10:20:gerizim_area,palestine-exploration-quarterly_1879-10,1879,10,20,176,running_head,gerizim_area,NORTH,feature,Jacob’s Well,,sepulchre|sepulchres|tomb,discover,1,B_space
H0165,1,dropped,not_find,palestine-exploration-quarterly_1879-10:40:jericho_area,palestine-exploration-quarterly_1879-10,1879,10,40,194,running_head,jericho_area,JERICHO,feature,Jericho,,grave,buried,1,B_space
H0166,1,dropped,not_find,palestine-exploration-quarterly_1880-01:41:jericho_area,palestine-exploration-quarterly_1880-01,1880,01,41,29,inferred,jericho_area,JERICHO,feature,Jericho,,vaults,excavating|excavations|found|opening,1,B_space
H0167,1,dropped,not_find,palestine-exploration-quarterly_1880-04:7:beth_shean,palestine-exploration-quarterly_1880-04,1880,04,7,73,page_numbers.json,beth_shean,NORTH,feature,Bethshean,,tomb,discovered|excavation,1,B_space
H0168,1,dropped,not_find,palestine-exploration-quarterly_1880-04:7:gerizim,palestine-exploration-quarterly_1880-04,1880,04,7,73,page_numbers.json,gerizim,NORTH,feature,Gerizim,,tomb,discovered|excavation|excavations,2,B_space
H0169,1,dropped,not_find,palestine-exploration-quarterly_1880-04:7:gerizim_area,palestine-exploration-quarterly_1880-04,1880,04,7,73,page_numbers.json,gerizim_area,NORTH,feature,Shechem,,tomb,discovered|excavation|excavations,1,B_space
H0170,1,dropped,not_find,palestine-exploration-quarterly_1880-04:7:tekoa_herodium,palestine-exploration-quarterly_1880-04,1880,04,7,73,page_numbers.json,tekoa_herodium,SOUTH,feature,Fureidis,,tomb,discovered|excavation,1,B_space
H0171,1,dropped,not_find,palestine-exploration-quarterly_1880-04:29:gerizim,palestine-exploration-quarterly_1880-04,1880,04,29,91,running_head,gerizim,NORTH,feature,Gerizim,,sepulchre,found,2,B_space
H0172,1,dropped,not_find,palestine-exploration-quarterly_1880-04:41:gerizim,palestine-exploration-quarterly_1880-04,1880,04,41,103,running_head,gerizim,NORTH,strong,Gerizim,golden,,,6,B_space
H0173,1,dropped,other_place,palestine-exploration-quarterly_1880-10:65:ein_ghuweir,palestine-exploration-quarterly_1880-10,1880,10,65,255,running_head,ein_ghuweir,QUMRAN,strong,Ghuweir,sarcophagi,,found,1,B_space
H0174,1,dropped,other_place,palestine-exploration-quarterly_1881-01:40:dok_generic,palestine-exploration-quarterly_1881-01,1881,01,40,40,running_head,dok_generic,JERICHO,feature,Dagon,,caves|sepulchre|tomb,buried|found,1,B_space
H0175,1,dropped,not_find,palestine-exploration-quarterly_1881-01:40:jericho_area,palestine-exploration-quarterly_1881-01,1881,01,40,40,running_head,jericho_area,JERICHO,feature,Gilgal,,caves,discovered|discoveries|found,2,B_space
H0176,1,dropped,other_place,palestine-exploration-quarterly_1881-01:44:natuf,palestine-exploration-quarterly_1881-01,1881,01,44,44,running_head,natuf,SOUTH,feature,Adullam,,cave,found,2,B_space
H0177,1,dropped,other_place,palestine-exploration-quarterly_1881-04:19:gerizim,palestine-exploration-quarterly_1881-04,1881,04,19,81,running_head,gerizim,NORTH,feature,Jebel et Tor,,cave|tomb,find,3,B_space
H0178,1,dropped,not_find,palestine-exploration-quarterly_1881-04:20:mar_saba,palestine-exploration-quarterly_1881-04,1881,04,20,82,running_head,mar_saba,DESERT,feature,Mar Saba,,cave,discovered,1,B_space
H0179,1,kept,,palestine-exploration-quarterly_1881-07:2:gerizim_area,palestine-exploration-quarterly_1881-07,1881,07,2,128,page_numbers.json,gerizim_area,NORTH,strong,Jacob’s Well,inscription,sepulchre|tomb,discoverer|discovery|found,1,B_space
H0180,1,kept,,palestine-exploration-quarterly_1881-07:7:gerizim_area,palestine-exploration-quarterly_1881-07,1881,07,7,133,running_head,gerizim_area,NORTH,strong,Jacob’s Well,inscription,,found|recently|uncovering,1,B_space
H0181,1,dropped,not_find,palestine-exploration-quarterly_1881-07:54:choziba,palestine-exploration-quarterly_1881-07,1881,07,54,178,running_head,choziba,JERICHO,strong,Deir el Kelt,inscriptions,,found,1,B_space
H0182,1,dropped,not_find,palestine-exploration-quarterly_1881-07:70:gerizim_area,palestine-exploration-quarterly_1881-07,1881,07,70,194,running_head,gerizim_area,NORTH,feature,Nablus,,caves,excavate|excavated|excavation|find,2,B_space
H0183,1,dropped,duplicate_page,palestine-exploration-quarterly_1881-07:71:gerizim,palestine-exploration-quarterly_1881-07,1881,07,71,195,running_head,gerizim,NORTH,feature,Gerizim,,vault,excavations,2,B_space
H0184,1,kept,,palestine-exploration-quarterly_1881-07:71:gerizim_area,palestine-exploration-quarterly_1881-07,1881,07,71,195,running_head,gerizim_area,NORTH,feature,Jacob’s Well,,vault,excavations,2,B_space
H0185,1,dropped,other_place,palestine-exploration-quarterly_1881-07:72:gerizim_area,palestine-exploration-quarterly_1881-07,1881,07,72,196,page_numbers.json,gerizim_area,NORTH,strong,NAb- lus,lamps,,found,1,A_joined
H0186,1,dropped,other_place,palestine-exploration-quarterly_1881-07:72:tekoa_herodium,palestine-exploration-quarterly_1881-07,1881,07,72,196,page_numbers.json,tekoa_herodium,SOUTH,strong,Tekoa,inscription|sarcophagus,,,1,B_space
H0187,1,dropped,not_find,palestine-exploration-quarterly_1881-07:75:gerizim_area,palestine-exploration-quarterly_1881-07,1881,07,75,199,running_head,gerizim_area,NORTH,feature,Nablus,,tomb,discoveries|excavations,4,B_space
H0188,1,dropped,not_find,palestine-exploration-quarterly_1881-07:88:gerizim_area,palestine-exploration-quarterly_1881-07,1881,07,88,212,running_head,gerizim_area,NORTH,feature,Nablous,,chamber|vault,found,5,B_space
H0189,1,dropped,not_find,palestine-exploration-quarterly_1881-07:90:gerizim_area,palestine-exploration-quarterly_1881-07,1881,07,90,214,running_head,gerizim_area,NORTH,feature,Jacob’s Well,,cistern,obtained,3,B_space
H0190,1,dropped,not_find,palestine-exploration-quarterly_1881-07:112:gerizim,palestine-exploration-quarterly_1881-07,1881,07,112,236,running_head,gerizim,NORTH,feature,Gerizim,,sepulchre|tomb,buried|find,4,B_space
H0191,1,dropped,not_find,palestine-exploration-quarterly_1881-07:112:gerizim_area,palestine-exploration-quarterly_1881-07,1881,07,112,236,running_head,gerizim_area,NORTH,feature,Shechem,,sepulchre|tomb,buried,6,B_space
H0192,1,dropped,other_place,palestine-exploration-quarterly_1881-10:17:jericho_area,palestine-exploration-quarterly_1881-10,1881,10,17,255,page_numbers.json,jericho_area,JERICHO,feature,Jericho,,tombs,found,2,B_space
H0193,1,kept,,palestine-exploration-quarterly_1881-10:19:beth_horon,palestine-exploration-quarterly_1881-10,1881,10,19,257,page_numbers.json,beth_horon,WEST,strong,Beth Horon,treasure,tomb,discovery|found,1,B_space
H0194,1,dropped,not_find,palestine-exploration-quarterly_1881-10:19:gerizim_area,palestine-exploration-quarterly_1881-10,1881,10,19,257,page_numbers.json,gerizim_area,NORTH,strong,Shechem,treasure,,found,1,B_space
H0195,1,dropped,not_find,palestine-exploration-quarterly_1881-10:19:jericho_area,palestine-exploration-quarterly_1881-10,1881,10,19,257,page_numbers.json,jericho_area,JERICHO,strong,Jericho,treasure,,found,1,B_space
H0196,1,kept,,palestine-exploration-quarterly_1881-10:21:ein_samiya,palestine-exploration-quarterly_1881-10,1881,10,21,259,page_numbers.json,ein_samiya,SAMDES,feature,Samieh,,cave|caves|cisterns,found|recently,1,B_space
H0197,1,dropped,other_place,palestine-exploration-quarterly_1881-10:29:gerizim_area,palestine-exploration-quarterly_1881-10,1881,10,29,267,running_head,gerizim_area,NORTH,feature,Jacob’s well,,tomb,found,2,B_space
H0198,1,kept,,palestine-exploration-quarterly_1882-01:16:jericho_area,palestine-exploration-quarterly_1882-01,1882,01,16,16,page_numbers.json,jericho_area,JERICHO,strong,Jericho,inscriptions|ossuaries|ossuary,,,1,B_space
H0199,1,kept,,palestine-exploration-quarterly_1882-01:28:gerizim_area,palestine-exploration-quarterly_1882-01,1882,01,28,28,running_head,gerizim_area,NORTH,strong,Nablus,inscriptions,,discovered,1,B_space
H0200,1,dropped,not_find,palestine-exploration-quarterly_1882-04:31:doq,palestine-exploration-quarterly_1882-04,1882,04,31,93,running_head,doq,JERICHO,strong,Quarantania,brass,,,1,B_space
H0201,1,dropped,not_find,palestine-exploration-quarterly_1882-04:31:jericho_area,palestine-exploration-quarterly_1882-04,1882,04,31,93,running_head,jericho_area,JERICHO,strong,Jericho,brass,,found,3,B_space
H0202,1,dropped,not_find,palestine-exploration-quarterly_1882-04:32:jericho_area,palestine-exploration-quarterly_1882-04,1882,04,32,94,running_head,jericho_area,JERICHO,strong,Jericho,brass,,,3,B_space
H0203,1,dropped,other_place,palestine-exploration-quarterly_1882-04:47:gerizim_area,palestine-exploration-quarterly_1882-04,1882,04,47,109,running_head,gerizim_area,NORTH,strong,Nablus,inscription,,found,1,B_space
H0204,1,dropped,not_find,palestine-exploration-quarterly_1882-07:4:jericho_area,palestine-exploration-quarterly_1882-07,1882,07,4,140,page_numbers.json,jericho_area,JERICHO,strong,Gilgal,inscribed,,found,4,B_space
H0205,1,dropped,not_find,palestine-exploration-quarterly_1882-10:18:gerizim_area,palestine-exploration-quarterly_1882-10,1882,10,18,208,running_head,gerizim_area,NORTH,feature,Shechem,,cave|tomb,buried,1,B_space
H0206,1,kept,,palestine-exploration-quarterly_1882-10:33:gerizim,palestine-exploration-quarterly_1882-10,1882,10,33,221,running_head,gerizim,NORTH,strong,Gerizim,inscription,,,8,B_space
H0207,1,dropped,duplicate_page,palestine-exploration-quarterly_1882-10:33:gerizim_area,palestine-exploration-quarterly_1882-10,1882,10,33,221,running_head,gerizim_area,NORTH,strong,Shechem,inscription,,,1,B_space
H0208,1,dropped,not_find,palestine-exploration-quarterly_1882-10:71:gerizim_area,palestine-exploration-quarterly_1882-10,1882,10,71,257,running_head,gerizim_area,NORTH,feature,Shechem,,cave,bought|purchased,3,B_space
H0209,1,dropped,not_find,palestine-exploration-quarterly_1882-10:72:gerizim_area,palestine-exploration-quarterly_1882-10,1882,10,72,258,running_head,gerizim_area,NORTH,strong,Shechem,silver,cave|sepulchre,,8,B_space
H0210,1,dropped,not_find,palestine-exploration-quarterly_1882-10:74:gerizim_area,palestine-exploration-quarterly_1882-10,1882,10,74,260,running_head,gerizim_area,NORTH,feature,Shechem,,sepulchre,bought|purchased,1,B_space
H0211,1,dropped,not_find,palestine-exploration-quarterly_1883-01:45:gerizim_area,palestine-exploration-quarterly_1883-01,1883,01,45,45,running_head,gerizim_area,NORTH,feature,Nablus,,caves,bought,1,B_space
H0212,1,dropped,not_find,palestine-exploration-quarterly_1883-01:57:jericho_area,palestine-exploration-quarterly_1883-01,1883,01,57,57,page_numbers.json,jericho_area,JERICHO,feature,Jericho,,tomb,buried,1,B_space
H0213,1,dropped,not_find,palestine-exploration-quarterly_1883-01:64:tekoa_herodium,palestine-exploration-quarterly_1883-01,1883,01,64,64,inferred,tekoa_herodium,SOUTH,feature,Herodium,,tomb,buried,1,B_space
H0214,1,dropped,not_find,palestine-exploration-quarterly_1883-04:47:gerizim_area,palestine-exploration-quarterly_1883-04,1883,04,47,109,page_numbers.json,gerizim_area,NORTH,strong,Shechem,silver,sepulchre|sepulchro|tomb,bought,3,A_joined
H0215,1,dropped,not_find,palestine-exploration-quarterly_1883-04:48:gerizim_area,palestine-exploration-quarterly_1883-04,1883,04,48,110,running_head,gerizim_area,NORTH,feature,Shechem,,sepulchres|tomb,buried,4,B_space
H0216,1,dropped,not_find,palestine-exploration-quarterly_1883-07:21:gerizim_area,palestine-exploration-quarterly_1883-07,1883,07,21,139,running_head,gerizim_area,NORTH,feature,Shechem,,tomb,found,1,B_space
H0217,1,dropped,not_find,palestine-exploration-quarterly_1883-10:12:gerizim_area,palestine-exploration-quarterly_1883-10,1883,10,12,174,page_numbers.json,gerizim_area,NORTH,strong,Shechem,inscriptions,,,1,B_space
H0218,1,dropped,not_find,palestine-exploration-quarterly_1883-10:43:gerizim_area,palestine-exploration-quarterly_1883-10,1883,10,43,205,running_head,gerizim_area,NORTH,strong,NAblus,coins|inscriptions|manuscript|manuscripts,,discovered|found,1,B_space
H0219,1,dropped,not_find,palestine-exploration-quarterly_1883-10:44:gerizim_area,palestine-exploration-quarterly_1883-10,1883,10,44,206,running_head,gerizim_area,NORTH,strong,Shechem,manuscript|parchment,,,2,B_space
H0220,1,dropped,not_find,palestine-exploration-quarterly_1883-10:52:jericho_area,palestine-exploration-quarterly_1883-10,1883,10,52,214,running_head,jericho_area,JERICHO,strong,Jericho,inscriptions,,,1,B_space
H0221,1,dropped,not_find,palestine-exploration-quarterly_1883-10:52:mar_saba,palestine-exploration-quarterly_1883-10,1883,10,52,214,running_head,mar_saba,DESERT,strong,Mar- Saba,inscriptions,,,1,B_space
H0222,1,dropped,not_find,palestine-exploration-quarterly_1884-01:61:natuf,palestine-exploration-quarterly_1884-01,1884,01,61,51,running_head,natuf,SOUTH,feature,Adullam,,cave,cleared|find,1,B_space
H0223,1,dropped,not_find,palestine-exploration-quarterly_1884-01:73:natuf,palestine-exploration-quarterly_1884-01,1884,01,73,63,running_head,natuf,SOUTH,feature,Adullam,,cave,found,12,B_space
H0224,1,dropped,not_find,palestine-exploration-quarterly_1884-01:76:natuf,palestine-exploration-quarterly_1884-01,1884,01,76,66,running_head,natuf,SOUTH,feature,Ain el Natuf,,cave,found,5,B_space
H0225,1,dropped,not_find,palestine-exploration-quarterly_1884-01:92:natuf,palestine-exploration-quarterly_1884-01,1884,01,92,80,running_head,natuf,SOUTH,feature,Adullam,,cave|tomb,discover,2,B_space
H0226,1,dropped,not_find,palestine-exploration-quarterly_1884-07:2:jericho_area,palestine-exploration-quarterly_1884-07,1884,07,2,146,running_head,jericho_area,JERICHO,strong,Jericho,inscription|inscriptions,sepulchre,excavations|found,1,B_space
H0227,1,dropped,not_find,palestine-exploration-quarterly_1884-07:39:gerizim_area,palestine-exploration-quarterly_1884-07,1884,07,39,183,running_head,gerizim_area,NORTH,feature,Nablus,,cistern,find,1,B_space
H0228,1,dropped,not_find,palestine-exploration-quarterly_1884-07:39:qelt_generic,palestine-exploration-quarterly_1884-07,1884,07,39,183,running_head,qelt_generic,JERICHO,feature,Wady Kelt,,cave,find,2,B_space
H0229,1,dropped,other_place,palestine-exploration-quarterly_1884-07:39:x_khan_el_ahmar,palestine-exploration-quarterly_1884-07,1884,07,39,183,running_head,x_khan_el_ahmar,DESERT,feature,Talat ed Dumm,,cistern,find,1,B_space
H0230,1,kept,,palestine-exploration-quarterly_1884-07:43:gerizim,palestine-exploration-quarterly_1884-07,1884,07,43,187,running_head,gerizim,NORTH,strong,Gerizim,inscriptions,,discoveries|discovery,2,B_space
H0231,1,kept,,palestine-exploration-quarterly_1884-07:44:gerizim,palestine-exploration-quarterly_1884-07,1884,07,44,188,running_head,gerizim,NORTH,strong,Gerizim,inscriptions,,brought to light|discoveries|found,2,B_space
H0232,1,dropped,not_find,palestine-exploration-quarterly_1884-07:45:gerizim,palestine-exploration-quarterly_1884-07,1884,07,45,189,running_head,gerizim,NORTH,strong,Gerizim,coins,,found,4,B_space
H0233,1,dropped,not_find,palestine-exploration-quarterly_1884-07:45:gerizim_area,palestine-exploration-quarterly_1884-07,1884,07,45,189,running_head,gerizim_area,NORTH,strong,Neapolis,coins,,found,4,B_space
H0234,1,dropped,other_place,palestine-exploration-quarterly_1884-10:20:ein_ghuweir,palestine-exploration-quarterly_1884-10,1884,10,20,214,running_head,ein_ghuweir,QUMRAN,strong,Ghuweir,inscriptions,,found,2,B_space
H0235,1,kept,,palestine-exploration-quarterly_1884-10:34:gerizim_area,palestine-exploration-quarterly_1884-10,1884,10,34,224,running_head,gerizim_area,NORTH,strong,Nablus,inscription|seal,,,2,B_space
H0236,1,kept,,palestine-exploration-quarterly_1884-10:34:jericho_area,palestine-exploration-quarterly_1884-10,1884,10,34,224,running_head,jericho_area,JERICHO,feature,Jericho,,tomb,found,1,B_space
H0237,1,dropped,not_find,palestine-exploration-quarterly_1885-01:70:natuf,palestine-exploration-quarterly_1885-01,1885,01,70,64,running_head,natuf,SOUTH,strong,Adullam,lamps,cave,find,1,B_space
H0238,1,dropped,other_place,palestine-exploration-quarterly_1885-04:26:gerizim_area,palestine-exploration-quarterly_1885-04,1885,04,26,94,running_head,gerizim_area,NORTH,feature,NABLOUS,,tomb,excavating|found|opened|unearthed,1,B_space
H0239,1,kept,,palestine-exploration-quarterly_1885-04:27:gerizim_area,palestine-exploration-quarterly_1885-04,1885,04,27,95,running_head,gerizim_area,NORTH,strong,Nablous,inscriptions,,brought to light|discovered|recently,2,B_space
H0240,1,dropped,other_place,palestine-exploration-quarterly_1885-07:25:buqeia,palestine-exploration-quarterly_1885-07,1885,07,25,173,running_head,buqeia,DESERT,strong,Bukeia,inscription,,,2,B_space
H0241,1,dropped,not_find,palestine-exploration-quarterly_1885-07:29:jericho_area,palestine-exploration-quarterly_1885-07,1885,07,29,177,running_head,jericho_area,JERICHO,strong,Jericho,gold,,lately|opening,1,B_space
H0242,1,dropped,not_find,palestine-exploration-quarterly_1886-01:19:gerizim,palestine-exploration-quarterly_1886-01,1886,01,19,17,page_numbers.json,gerizim,NORTH,strong,Gerizim,coins,tombs,,2,B_space
H0243,1,dropped,not_find,palestine-exploration-quarterly_1886-01:20:gerizim_area,palestine-exploration-quarterly_1886-01,1886,01,20,18,running_head,gerizim_area,NORTH,strong,Nablus,inscriptions,,excavations,1,B_space
H0244,1,dropped,not_find,palestine-exploration-quarterly_1886-01:22:kh_qumran,palestine-exploration-quarterly_1886-01,1886,01,22,20,running_head,kh_qumran,QUMRAN,strong,Gomorrah,inscriptions,,,2,B_space
H0245,1,dropped,not_find,palestine-exploration-quarterly_1886-01:36:natuf,palestine-exploration-quarterly_1886-01,1886,01,36,32,page_numbers.json,natuf,SOUTH,feature,Adullam,,cave,recently,3,B_space
H0246,1,dropped,not_find,palestine-exploration-quarterly_1886-04:63:jericho_area,palestine-exploration-quarterly_1886-04,1886,04,63,127,running_head,jericho_area,JERICHO,strong,Jericho,vessel,cistern,,7,B_space
H0247,1,kept,,palestine-exploration-quarterly_1886-10:7:gerizim_area,palestine-exploration-quarterly_1886-10,1886,10,7,165,running_head,gerizim_area,NORTH,strong,Nablus,bronze|gem,,purchased,1,B_space
H0248,1,dropped,not_find,palestine-exploration-quarterly_1886-10:8:gerizim_area,palestine-exploration-quarterly_1886-10,1886,10,8,166,running_head,gerizim_area,NORTH,feature,Jacob’s well,,sepulchre|tombs,discovery|found,1,B_space
H0249,1,dropped,other_place,palestine-exploration-quarterly_1887-01:34:gerizim_area,palestine-exploration-quarterly_1887-01,1887,01,34,34,running_head,gerizim_area,NORTH,strong,Ndblus,sarcophagus,,discoveries|found|lately,1,B_space
H0250,1,dropped,not_find,palestine-exploration-quarterly_1887-04:33:jericho_area,palestine-exploration-quarterly_1887-04,1887,04,33,91,running_head,jericho_area,JERICHO,strong,Jericho,golden,,,1,B_space
H0251,1,dropped,not_find,palestine-exploration-quarterly_1887-04:39:jericho_area,palestine-exploration-quarterly_1887-04,1887,04,39,97,running_head,jericho_area,JERICHO,strong,Jericho,brass|copper|lamps,,,1,B_space
H0252,1,dropped,not_find,palestine-exploration-quarterly_1887-04:57:jericho_area,palestine-exploration-quarterly_1887-04,1887,04,57,115,page_numbers.json,jericho_area,JERICHO,feature,Jericho,,sepulchres,excavated,1,B_space
H0253,1,dropped,other_place,palestine-exploration-quarterly_1887-04:63:group:zadok,palestine-exploration-quarterly_1887-04,1887,04,63,121,running_head,group:zadok,TEXT,strong,Zadok,golden,,opened,2,B_space
H0254,1,dropped,other_place,palestine-exploration-quarterly_1887-10:26:tekoa_herodium,palestine-exploration-quarterly_1887-10,1887,10,26,222,page_numbers.json,tekoa_herodium,SOUTH,feature,Fureidis,,caves,came upon|discoveries|opened,1,B_space
H0255,1,kept,,palestine-exploration-quarterly_1888-07:38:beth_shean,palestine-exploration-quarterly_1888-07,1888,07,38,140,running_head,beth_shean,NORTH,strong,Beisén,sarcophagi,,find|found,2,B_space
H0256,1,kept,,palestine-exploration-quarterly_1888-10:1:jericho_area,palestine-exploration-quarterly_1888-10,1888,10,1,171,inferred,jericho_area,JERICHO,strong,Jericho,brass|bronze|jars|lamps,cave|sepulchre|vaults,cleared|digging|excavations|found,1,B_space
H0257,1,kept,,palestine-exploration-quarterly_1889-01:1:jericho_area,palestine-exploration-quarterly_1889-01,1889,01,1,1,inferred,jericho_area,JERICHO,strong,Jericho,jars|lamps,cave|sepulchre,cleared|excavations|found,1,B_space
H0258,1,kept,,palestine-exploration-quarterly_1889-07:14:gerizim_area,palestine-exploration-quarterly_1889-07,1889,07,14,114,running_head,gerizim_area,NORTH,feature,Nablus,,tombs,clearing|discovered|obtained|recently,1,B_space
H0259,1,dropped,other_place,palestine-exploration-quarterly_1889-07:15:gerizim_area,palestine-exploration-quarterly_1889-07,1889,07,15,115,page_numbers.json,gerizim_area,NORTH,feature,Nablus,,tomb|vault,buried|found|uncovered,1,B_space
H0260,1,kept,,palestine-exploration-quarterly_1889-10:8:jericho_area,palestine-exploration-quarterly_1889-10,1889,10,8,166,running_head,jericho_area,JERICHO,strong,Jericho,brass|bronze|jars|lamps,,excavations|found|recently,1,B_space
H0261,1,dropped,apparatus,palestine-exploration-quarterly_1890-01:3:natuf,palestine-exploration-quarterly_1890-01,1890,01,3,,,natuf,SOUTH,strong,Adullam,brass|inscription,cave,,1,B_space
H0262,1,dropped,apparatus,palestine-exploration-quarterly_1890-01:7:natuf,palestine-exploration-quarterly_1890-01,1890,01,7,,,natuf,SOUTH,feature,Adullam,,cave|sepulchre,excavations,1,B_space
H0263,1,dropped,not_find,palestine-exploration-quarterly_1890-01:64:jericho_area,palestine-exploration-quarterly_1890-01,1890,01,64,42,running_head,jericho_area,JERICHO,strong,Jericho,jar,,obtained,2,B_space
H0264,1,kept,,palestine-exploration-quarterly_1890-04:72:x_qarn_sartaba,palestine-exploration-quarterly_1890-04,1890,04,72,130,running_head,x_qarn_sartaba,NORTH,feature,Kurn Surtubeh,,cisterns,found,1,B_space
H0265,1,dropped,apparatus,palestine-exploration-quarterly_1890-07:16:natuf,palestine-exploration-quarterly_1890-07,1890,07,16,148,running_head,natuf,SOUTH,strong,Adullam,brass|inscription|inscriptions,cave|pits|tombs,found,1,B_space
H0266,1,dropped,not_find,palestine-exploration-quarterly_1890-07:38:mar_saba,palestine-exploration-quarterly_1890-07,1890,07,38,170,running_head,mar_saba,DESERT,strong,Mar Saba,silver,,,1,B_space
H0267,1,dropped,not_find,palestine-exploration-quarterly_1890-07:48:natuf,palestine-exploration-quarterly_1890-07,1890,07,48,180,running_head,natuf,SOUTH,feature,ADULLAM,,cave,digging|discovered|found|picked up|recently,5,B_space
H0268,1,kept,,palestine-exploration-quarterly_1890-07:67:x_qarn_sartaba,palestine-exploration-quarterly_1890-07,1890,07,67,199,running_head,x_qarn_sartaba,NORTH,feature,Surtabeh,,pit|pits,found,1,B_space
H0269,1,dropped,other_place,palestine-exploration-quarterly_1890-10:103:carmel_siah,palestine-exploration-quarterly_1890-10,1890,10,103,311,running_head,carmel_siah,CARMEL,strong,Siah,inscription|inscriptions,,discovered,1,B_space
H0270,1,dropped,apparatus,palestine-exploration-quarterly_1891-10:13:gerizim,palestine-exploration-quarterly_1891-10,1891,10,13,269,page_numbers.json,gerizim,NORTH,strong,Gerizim,inscription,cave|pits|sepulchre,,2,B_space
H0271,1,kept,,palestine-exploration-quarterly_1892-01:11:gerizim_area,palestine-exploration-quarterly_1892-01,1892,01,11,9,page_numbers.json,gerizim_area,NORTH,feature,Nablus,,tomb,discover|excavations,1,B_space
H0272,1,kept,,palestine-exploration-quarterly_1892-04:45:hyrcania,palestine-exploration-quarterly_1892-04,1892,04,45,121,inferred,hyrcania,DESERT,feature,Mird,,tomb|tombs,found,2,B_space
H0273,1,dropped,duplicate_page,palestine-exploration-quarterly_1892-04:45:mar_saba,palestine-exploration-quarterly_1892-04,1892,04,45,121,inferred,mar_saba,DESERT,feature,Mar Saba,,tomb|tombs,found,1,B_space
H0274,1,dropped,not_find,palestine-exploration-quarterly_1892-07:11:tekoa_herodium,palestine-exploration-quarterly_1892-07,1892,07,11,185,page_numbers.json,tekoa_herodium,SOUTH,strong,Herodion,sarcophagi,,buried,2,B_space
H0275,1,dropped,not_find,palestine-exploration-quarterly_1892-07:31:jordan_ford,palestine-exploration-quarterly_1892-07,1892,07,31,205,running_head,jordan_ford,JERICHO,feature,Hajlah,,tomb,digging|excavations|found,1,B_space
H0276,1,dropped,not_find,palestine-exploration-quarterly_1892-07:31:tekoa_herodium,palestine-exploration-quarterly_1892-07,1892,07,31,205,running_head,tekoa_herodium,SOUTH,feature,Herodium,,tomb|tombs,buried|discovered|discovery,1,B_space
H0277,1,dropped,not_find,palestine-exploration-quarterly_1892-10:4:gerizim_area,palestine-exploration-quarterly_1892-10,1892,10,4,266,running_head,gerizim_area,NORTH,strong,Nablus,coins,,discovered,1,B_space
H0278,1,dropped,apparatus,palestine-exploration-quarterly_1893:10:gerizim_area,palestine-exploration-quarterly_1893,1893,,10,,,gerizim_area,NORTH,strong,Jacob’s Well,inscription|inscriptions,tomb,found,1,B_space
H0279,1,dropped,apparatus,palestine-exploration-quarterly_1893:12:gerizim_area,palestine-exploration-quarterly_1893,1893,,12,,,gerizim_area,NORTH,strong,Jacob’s Well,inscriptions|seal,tomb|tombs,found,2,B_space
H0280,1,dropped,apparatus,palestine-exploration-quarterly_1893:15:gerizim_area,palestine-exploration-quarterly_1893,1893,,15,,,gerizim_area,NORTH,strong,Jacob’s Well,inscriptions,sepulchre|tomb|tombs,found,1,B_space
H0281,1,dropped,not_find,palestine-exploration-quarterly_1893:277:gerizim_area,palestine-exploration-quarterly_1893,1893,,277,255,page_numbers.json,gerizim_area,NORTH,feature,JACOB’S WELL,,grotto,recently,4,B_space
H0282,1,kept,,palestine-exploration-quarterly_1893:278:gerizim_area,palestine-exploration-quarterly_1893,1893,,278,256,running_head,gerizim_area,NORTH,feature,JACOB’s WELL,,chamber,cleared|excavated|found|opening,1,B_space
H0283,1,kept,,palestine-exploration-quarterly_1893:293:gerizim_area,palestine-exploration-quarterly_1893,1893,,293,271,running_head,gerizim_area,NORTH,strong,Jacob’s Well,lamps,,cleared|found|lately|unearthed,1,B_space
H0284,1,dropped,apparatus,palestine-exploration-quarterly_1893:296:gerizim_area,palestine-exploration-quarterly_1893,1893,,296,274,running_head,gerizim_area,NORTH,strong,Jacob’s Well,inscribed|inscription|inscriptions,sepulchre|tomb,excavations|found,1,B_space
H0285,1,dropped,apparatus,palestine-exploration-quarterly_1893:363:gerizim_area,palestine-exploration-quarterly_1893,1893,,363,1,inferred,gerizim_area,NORTH,strong,Jacob’s Well,manuscripts,,,2,B_space
H0286,1,dropped,apparatus,palestine-exploration-quarterly_1893:366:natuf,palestine-exploration-quarterly_1893,1893,,366,4,running_head,natuf,SOUTH,strong,Adullam,brass|inscriptions,cave,found,1,B_space
H0287,1,dropped,apparatus,palestine-exploration-quarterly_1893:373:gerizim_area,palestine-exploration-quarterly_1893,1893,,373,11,page_numbers.json,gerizim_area,NORTH,strong,Nablus,bronze,,,1,B_space
H0288,1,dropped,apparatus,palestine-exploration-quarterly_1893:379:gerizim,palestine-exploration-quarterly_1893,1893,,379,17,page_numbers.json,gerizim,NORTH,strong,Gerizim,inscription|inscriptions,,discovered|discoveries|discovery,2,B_space
H0289,1,dropped,apparatus,palestine-exploration-quarterly_1893:379:kh_qumran,palestine-exploration-quarterly_1893,1893,,379,17,page_numbers.json,kh_qumran,QUMRAN,strong,Gomorrah,bronze|inscription|inscriptions|ossuaries,,discovery,1,B_space
H0290,1,dropped,apparatus,palestine-exploration-quarterly_1893:384:gerizim_area,palestine-exploration-quarterly_1893,1893,,384,22,running_head,gerizim_area,NORTH,strong,Jacob’s Well,inscriptions,,discovered,1,B_space
H0291,1,dropped,apparatus,palestine-exploration-quarterly_1893:387:gerizim_area,palestine-exploration-quarterly_1893,1893,,387,25,page_numbers.json,gerizim_area,NORTH,strong,Nablous,sarcophagus,tomb,discoveries|excavations|found|opened,1,B_space
H0292,1,dropped,apparatus,palestine-exploration-quarterly_1893:396:gerizim,palestine-exploration-quarterly_1893,1893,,396,34,running_head,gerizim,NORTH,feature,Gerizim,,tombs,discoveries|excavations,4,B_space
H0293,1,dropped,apparatus,palestine-exploration-quarterly_1893:398:natuf,palestine-exploration-quarterly_1893,1893,,398,36,running_head,natuf,SOUTH,strong,Adullam,inscription,cave,found,1,B_space
H0294,1,dropped,apparatus,palestine-exploration-quarterly_1893:400:kh_qumran,palestine-exploration-quarterly_1893,1893,,400,38,page_numbers.json,kh_qumran,QUMRAN,strong,Goumran,inscription|inscriptions,,discoveries|found,1,B_space
H0295,1,dropped,apparatus,palestine-exploration-quarterly_1893:401:gerizim_area,palestine-exploration-quarterly_1893,1893,,401,39,page_numbers.json,gerizim_area,NORTH,strong,Jacob’s Well,inscription|inscriptions,tomb,,1,B_space
H0296,1,dropped,apparatus,palestine-exploration-quarterly_1893:404:x_qarn_sartaba,palestine-exploration-quarterly_1893,1893,,404,42,running_head,x_qarn_sartaba,NORTH,strong,Kurn Sartabeh,inscription,cave|cistern,,2,B_space
H0297,1,dropped,apparatus,palestine-exploration-quarterly_1893:405:gerizim,palestine-exploration-quarterly_1893,1893,,405,43,page_numbers.json,gerizim,NORTH,strong,Gerizim,inscription|inscriptions,,found,2,B_space
H0298,1,dropped,apparatus,palestine-exploration-quarterly_1893:405:gerizim_area,palestine-exploration-quarterly_1893,1893,,405,43,page_numbers.json,gerizim_area,NORTH,strong,Nablous,inscription|inscriptions,cave,found,1,B_space
H0299,1,dropped,apparatus,palestine-exploration-quarterly_1893:408:jericho_area,palestine-exploration-quarterly_1893,1893,,408,46,running_head,jericho_area,JERICHO,strong,Gilgal,inscriptions,,found,1,B_space
H0300,1,dropped,apparatus,palestine-exploration-quarterly_1893:410:gerizim,palestine-exploration-quarterly_1893,1893,,410,48,running_head,gerizim,NORTH,strong,Geri- zim,inscription|inscriptions,tombs,excavations|found,2,A_joined
H0301,1,dropped,apparatus,palestine-exploration-quarterly_1893:411:dok_generic,palestine-exploration-quarterly_1893,1893,,411,49,running_head,dok_generic,JERICHO,strong,Dagon,sarcophagus,tomb,,1,B_space
H0302,1,dropped,apparatus,palestine-exploration-quarterly_1893:411:jericho_area,palestine-exploration-quarterly_1893,1893,,411,49,running_head,jericho_area,JERICHO,strong,Jericho,sarcophagus,tomb,,1,B_space
H0303,1,dropped,apparatus,palestine-exploration-quarterly_1893:411:natuf,palestine-exploration-quarterly_1893,1893,,411,49,running_head,natuf,SOUTH,feature,Adiullam,,cave|grave,excavated|found,2,B_space
H0304,1,dropped,apparatus,palestine-exploration-quarterly_1893:413:x_qarn_sartaba,palestine-exploration-quarterly_1893,1893,,413,51,page_numbers.json,x_qarn_sartaba,NORTH,strong,Alexandrium,inscription,cave,found,1,B_space
H0305,1,dropped,apparatus,palestine-exploration-quarterly_1893:416:natuf,palestine-exploration-quarterly_1893,1893,,416,54,running_head,natuf,SOUTH,feature,Adullam,,cave|tombs,found,1,B_space
H0306,1,dropped,apparatus,palestine-exploration-quarterly_1893:418:dok_generic,palestine-exploration-quarterly_1893,1893,,418,56,running_head,dok_generic,JERICHO,feature,Dagon,,cavern|caves|tomb|tombs,found,1,B_space
H0307,1,dropped,apparatus,palestine-exploration-quarterly_1893:421:buqeia,palestine-exploration-quarterly_1893,1893,,421,59,running_head,buqeia,DESERT,strong,Bukeiah,bronze,,,1,B_space
H0308,1,dropped,apparatus,palestine-exploration-quarterly_1893:423:choziba,palestine-exploration-quarterly_1893,1893,,423,61,running_head,choziba,JERICHO,strong,Chozeba,sarcophagus,tomb,discovery,1,A_joined
H0309,1,dropped,apparatus,palestine-exploration-quarterly_1893:423:jordan_ford,palestine-exploration-quarterly_1893,1893,,423,61,running_head,jordan_ford,JERICHO,strong,Bethabara,sarcophagus,tomb,discovery,1,A_joined
H0310,1,dropped,apparatus,palestine-exploration-quarterly_1893:423:natuf,palestine-exploration-quarterly_1893,1893,,423,61,running_head,natuf,SOUTH,strong,Adullam,inscrip,cave|caves|sepulchre,discovered|recently,1,B_space
H0311,1,dropped,apparatus,palestine-exploration-quarterly_1893:425:dok_generic,palestine-exploration-quarterly_1893,1893,,425,63,running_head,dok_generic,JERICHO,feature,Dagon,,cavern,found,2,B_space
H0312,1,dropped,apparatus,palestine-exploration-quarterly_1893:426:choziba,palestine-exploration-quarterly_1893,1893,,426,64,running_head,choziba,JERICHO,strong,Deir el Kelt,inscrip|inscription|inscriptions,caves,,1,B_space
H0313,1,dropped,apparatus,palestine-exploration-quarterly_1893:428:natuf,palestine-exploration-quarterly_1893,1893,,428,66,running_head,natuf,SOUTH,strong,Adullam,inscriptions,,,1,B_space
H0314,1,dropped,apparatus,palestine-exploration-quarterly_1893:430:beth_shean,palestine-exploration-quarterly_1893,1893,,430,68,running_head,beth_shean,NORTH,feature,Beisan,,cave|tombs,found,2,B_space
H0315,1,dropped,apparatus,palestine-exploration-quarterly_1893:430:jericho_area,palestine-exploration-quarterly_1893,1893,,430,68,running_head,jericho_area,JERICHO,feature,Jericho,,cave|tombs,found,2,B_space
H0316,1,dropped,apparatus,palestine-exploration-quarterly_1893:431:doq,palestine-exploration-quarterly_1893,1893,,431,69,running_head,doq,JERICHO,strong,quarantine,inscription|inscriptions,,discovery|found|obtained,1,B_space
H0317,1,dropped,apparatus,palestine-exploration-quarterly_1893:432:beth_shean,palestine-exploration-quarterly_1893,1893,,432,70,running_head,beth_shean,NORTH,feature,Beisan,,caves,found,2,B_space
H0318,1,dropped,apparatus,palestine-exploration-quarterly_1893:433:kh_qumran,palestine-exploration-quarterly_1893,1893,,433,71,page_numbers.json,kh_qumran,QUMRAN,feature,Gomorrah,,tomb|tombs,excavation|excavations|found,2,B_space
H0319,1,dropped,apparatus,palestine-exploration-quarterly_1893:436:tekoa_herodium,palestine-exploration-quarterly_1893,1893,,436,74,page_numbers.json,tekoa_herodium,SOUTH,strong,Herodium,inscription,tombs,discovery|excavations|found,1,B_space
H0320,1,dropped,apparatus,palestine-exploration-quarterly_1893:438:choziba,palestine-exploration-quarterly_1893,1893,,438,76,running_head,choziba,JERICHO,strong,Deir el Kelt,inscriptions,,,1,B_space
H0321,1,dropped,apparatus,palestine-exploration-quarterly_1893:440:gerizim_area,palestine-exploration-quarterly_1893,1893,,440,78,running_head,gerizim_area,NORTH,feature,Jacob’s Well,,tomb|tombs,bought|discovery,1,B_space
H0322,1,dropped,apparatus,palestine-exploration-quarterly_1893:440:tekoa_herodium,palestine-exploration-quarterly_1893,1893,,440,78,running_head,tekoa_herodium,SOUTH,strong,Herodium,inscriptions,,,1,B_space
H0323,1,dropped,apparatus,palestine-exploration-quarterly_1893:441:gerizim_area,palestine-exploration-quarterly_1893,1893,,441,79,running_head,gerizim_area,NORTH,feature,Nablus,,tombs,found,1,B_space
H0324,1,dropped,apparatus,palestine-exploration-quarterly_1893:442:gerizim_area,palestine-exploration-quarterly_1893,1893,,442,80,running_head,gerizim_area,NORTH,feature,Nablus,,caverns,found,1,B_space
H0325,1,dropped,apparatus,palestine-exploration-quarterly_1893:442:jericho_area,palestine-exploration-quarterly_1893,1893,,442,80,running_head,jericho_area,JERICHO,strong,Jericho,inscriptions,,found,4,B_space
H0326,1,dropped,apparatus,palestine-exploration-quarterly_1893:444:doq,palestine-exploration-quarterly_1893,1893,,444,82,running_head,doq,JERICHO,feature,quarantine,,cave|tombs,cleared|discoveries|found,1,B_space
H0327,1,dropped,apparatus,palestine-exploration-quarterly_1893:446:buqeia,palestine-exploration-quarterly_1893,1893,,446,84,running_head,buqeia,DESERT,feature,Bukeiah,,cave,discovered,1,B_space
H0328,1,dropped,apparatus,palestine-exploration-quarterly_1893:447:jericho_area,palestine-exploration-quarterly_1893,1893,,447,85,running_head,jericho_area,JERICHO,strong,Gilgal,sarcophagus,,discoveries,1,B_space
H0329,1,dropped,apparatus,palestine-exploration-quarterly_1893:448:jordan_ford,palestine-exploration-quarterly_1893,1893,,448,86,running_head,jordan_ford,JERICHO,strong,Hajlah,inscriptions,cistern,,1,B_space
H0330,1,dropped,apparatus,palestine-exploration-quarterly_1893:448:x_qarn_sartaba,palestine-exploration-quarterly_1893,1893,,448,86,running_head,x_qarn_sartaba,NORTH,strong,Alexan- drium,inscription,,found,1,A_joined
H0331,1,dropped,apparatus,palestine-exploration-quarterly_1893:449:kh_qumran,palestine-exploration-quarterly_1893,1893,,449,87,running_head,kh_qumran,QUMRAN,strong,Gumrdn,sarcophagi,cave|tombs,found|opened,1,B_space
H0332,1,dropped,apparatus,palestine-exploration-quarterly_1893:450:gerizim,palestine-exploration-quarterly_1893,1893,,450,88,running_head,gerizim,NORTH,feature,Gerizim,,tombs,discoveries,2,B_space
H0333,1,dropped,apparatus,palestine-exploration-quarterly_1893:450:natuf,palestine-exploration-quarterly_1893,1893,,450,88,running_head,natuf,SOUTH,feature,Adullam,,cave|caves|sepulchres|tombs,buried,3,B_space
H0334,1,dropped,apparatus,palestine-exploration-quarterly_1893:452:kh_qumran,palestine-exploration-quarterly_1893,1893,,452,90,running_head,kh_qumran,QUMRAN,strong,Gomorrah,lamps,tomb,,1,B_space
H0335,1,dropped,apparatus,palestine-exploration-quarterly_1893:453:hyrcania,palestine-exploration-quarterly_1893,1893,,453,91,running_head,hyrcania,DESERT,strong,Mird,inscriptions,caves|tombs,,1,B_space
H0336,1,dropped,apparatus,palestine-exploration-quarterly_1893:455:mar_saba,palestine-exploration-quarterly_1893,1893,,455,93,running_head,mar_saba,DESERT,strong,Mar Saba,inscription,cavern,,1,B_space
H0337,1,dropped,apparatus,palestine-exploration-quarterly_1893:458:doq,palestine-exploration-quarterly_1893,1893,,458,96,running_head,doq,JERICHO,feature,Quarantania,,tombs,found,1,B_space
H0338,1,dropped,apparatus,palestine-exploration-quarterly_1893:458:gerizim,palestine-exploration-quarterly_1893,1893,,458,96,running_head,gerizim,NORTH,strong,Gerizim,inscribed|inscrip,,discovered|excavations,2,B_space
H0339,1,dropped,apparatus,palestine-exploration-quarterly_1893:459:ain_duk,palestine-exploration-quarterly_1893,1893,,459,97,page_numbers.json,ain_duk,JERICHO,strong,Naarath,inscriptions|manuscripts,cave,,1,B_space
H0340,1,dropped,apparatus,palestine-exploration-quarterly_1893:459:gerizim_area,palestine-exploration-quarterly_1893,1893,,459,97,page_numbers.json,gerizim_area,NORTH,strong,Nablus,bronze|inscriptions|manuscripts,tomb,discoveries,1,B_space
H0341,1,dropped,apparatus,palestine-exploration-quarterly_1893:461:natuf,palestine-exploration-quarterly_1893,1893,,461,99,running_head,natuf,SOUTH,strong,Netopha,inscription,sepulchres,,1,B_space
H0342,1,dropped,apparatus,palestine-exploration-quarterly_1893:468:doq,palestine-exploration-quarterly_1893,1893,,468,106,running_head,doq,JERICHO,strong,Quarantania,inscription,,found,2,B_space
H0343,1,dropped,apparatus,palestine-exploration-quarterly_1893:469:jericho_area,palestine-exploration-quarterly_1893,1893,,469,107,page_numbers.json,jericho_area,JERICHO,strong,Riha,inscriptions,,,1,B_space
H0344,1,dropped,apparatus,palestine-exploration-quarterly_1893:470:kh_qumran,palestine-exploration-quarterly_1893,1893,,470,108,running_head,kh_qumran,QUMRAN,strong,Gomorrah,coins,,found,1,B_space
H0345,1,dropped,apparatus,palestine-exploration-quarterly_1893:471:jericho_area,palestine-exploration-quarterly_1893,1893,,471,109,page_numbers.json,jericho_area,JERICHO,feature,Jericho,,sepulchre|tomb,excavation|excavations,1,B_space
H0346,1,dropped,apparatus,palestine-exploration-quarterly_1893:472:gerizim_area,palestine-exploration-quarterly_1893,1893,,472,110,running_head,gerizim_area,NORTH,strong,Nablus,jars|manuscripts,,discovered|found,1,B_space
H0347,1,dropped,apparatus,palestine-exploration-quarterly_1893:473:x_qarn_sartaba,palestine-exploration-quarterly_1893,1893,,473,111,page_numbers.json,x_qarn_sartaba,NORTH,strong,Sartabeh,inscription,cave,found,1,B_space
H0348,1,dropped,apparatus,palestine-exploration-quarterly_1893:474:kh_qumran,palestine-exploration-quarterly_1893,1893,,474,112,running_head,kh_qumran,QUMRAN,strong,Gomorrah,sarcophagi,tombs,found,1,B_space
H0349,1,dropped,apparatus,palestine-exploration-quarterly_1893:475:gerizim,palestine-exploration-quarterly_1893,1893,,475,113,running_head,gerizim,NORTH,strong,Gerizim,inscription,sepulchre|tomb|tombs,,2,B_space
H0350,1,dropped,apparatus,palestine-exploration-quarterly_1893:475:gerizim_area,palestine-exploration-quarterly_1893,1893,,475,113,running_head,gerizim_area,NORTH,strong,Nablus,inscription,sepulchre|tomb,,3,B_space
H0351,1,dropped,apparatus,palestine-exploration-quarterly_1893:479:dok_generic,palestine-exploration-quarterly_1893,1893,,479,117,page_numbers.json,dok_generic,JERICHO,feature,Dagon,,caves,found,1,B_space
H0352,1,dropped,apparatus,palestine-exploration-quarterly_1893:481:jericho_area,palestine-exploration-quarterly_1893,1893,,481,119,page_numbers.json,jericho_area,JERICHO,strong,Jericho,inscription,tombs,found,2,B_space
H0353,1,dropped,apparatus,palestine-exploration-quarterly_1893:485:ein_ghuweir,palestine-exploration-quarterly_1893,1893,,485,123,page_numbers.json,ein_ghuweir,QUMRAN,strong,Ghuweir,inscrip,tomb|tombs,,1,B_space
H0354,1,dropped,apparatus,palestine-exploration-quarterly_1893:486:qelt_generic,palestine-exploration-quarterly_1893,1893,,486,124,running_head,qelt_generic,JERICHO,strong,Wady Kelt,inscription,cave|tomb,found,3,B_space
H0355,1,dropped,apparatus,palestine-exploration-quarterly_1894:12:gerizim_area,palestine-exploration-quarterly_1894,1894,,12,,,gerizim_area,NORTH,strong,Jacob’s Well,bronze|medal|sarcophagus,,excavations,1,B_space
H0356,1,dropped,apparatus,palestine-exploration-quarterly_1894:12:jericho_area,palestine-exploration-quarterly_1894,1894,,12,,,jericho_area,JERICHO,strong,Jiljulieh,bronze|medal,,,2,B_space
H0357,1,dropped,apparatus,palestine-exploration-quarterly_1894:13:gerizim_area,palestine-exploration-quarterly_1894,1894,,13,,,gerizim_area,NORTH,strong,Jacob’s Well,bronze|inscriptions|medal,grotto|tomb,excavations|found,1,B_space
H0358,1,dropped,apparatus,palestine-exploration-quarterly_1894:13:jericho_area,palestine-exploration-quarterly_1894,1894,,13,,,jericho_area,JERICHO,strong,Jiljulieh,bronze|inscriptions|medal,cisterns,excavations,2,B_space
H0359,1,dropped,apparatus,palestine-exploration-quarterly_1894:14:jericho_area,palestine-exploration-quarterly_1894,1894,,14,,,jericho_area,JERICHO,strong,Jericho,sarcophagi,,,4,B_space
H0360,1,dropped,apparatus,palestine-exploration-quarterly_1894:14:jericho_palaces,palestine-exploration-quarterly_1894,1894,,14,,,jericho_palaces,JERICHO,strong,Abu el ’Aleik,inscrip|sarcophagi,tomb|tombs,found,1,B_space
H0361,1,dropped,apparatus,palestine-exploration-quarterly_1894:14:tell_es_sultan,palestine-exploration-quarterly_1894,1894,,14,,,tell_es_sultan,JERICHO,strong,Tell es Sultan,inscrip,tomb|tombs,found,1,B_space
H0362,1,dropped,not_find,palestine-exploration-quarterly_1894:128:jericho_area,palestine-exploration-quarterly_1894,1894,,128,104,running_head,jericho_area,JERICHO,feature,Jericho,,tomb,buried|found|hidden,3,B_space
H0363,1,dropped,not_find,palestine-exploration-quarterly_1894:128:tekoa_herodium,palestine-exploration-quarterly_1894,1894,,128,104,running_head,tekoa_herodium,SOUTH,feature,Frank Mountain,,caves|tomb,buried|found|hidden,1,B_space
H0364,1,dropped,not_find,palestine-exploration-quarterly_1894:128:x_khan_el_ahmar,palestine-exploration-quarterly_1894,1894,,128,104,running_head,x_khan_el_ahmar,DESERT,feature,Good Samaritan,,cisterns,found,1,B_space
H0365,1,dropped,not_find,palestine-exploration-quarterly_1894:130:ain_duk,palestine-exploration-quarterly_1894,1894,,130,106,running_head,ain_duk,JERICHO,feature,Ain Duk,,caves,concealed,1,A_joined
H0366,1,dropped,not_find,palestine-exploration-quarterly_1894:130:doq,palestine-exploration-quarterly_1894,1894,,130,106,running_head,doq,JERICHO,feature,Quarantana,,caves,concealed,1,A_joined
H0367,1,dropped,not_find,palestine-exploration-quarterly_1894:136:gerizim_area,palestine-exploration-quarterly_1894,1894,,136,112,page_numbers.json,gerizim_area,NORTH,feature,Jacob’s Well,,vault,cleared,4,B_space
H0368,1,dropped,not_find,palestine-exploration-quarterly_1894:190:tekoa_herodium,palestine-exploration-quarterly_1894,1894,,190,154,running_head,tekoa_herodium,SOUTH,feature,Herodium,,tomb,buried|discoveries|find,1,B_space
H0369,1,kept,,palestine-exploration-quarterly_1894:213:jericho_area,palestine-exploration-quarterly_1894,1894,,213,175,running_head,jericho_area,JERICHO,strong,JERICHO,inscriptions|treasures,,find,2,B_space
H0370,1,kept,,palestine-exploration-quarterly_1894:215:jericho_area,palestine-exploration-quarterly_1894,1894,,215,177,running_head,jericho_area,JERICHO,feature,Jericho,,chamber,excavating|found,4,B_space
H0371,1,kept,,palestine-exploration-quarterly_1894:217:jericho_area,palestine-exploration-quarterly_1894,1894,,217,179,running_head,jericho_area,JERICHO,feature,JERICHO,,tomb,excavating,1,B_space
H0372,1,dropped,not_find,palestine-exploration-quarterly_1894:303:gerizim_area,palestine-exploration-quarterly_1894,1894,,303,263,running_head,gerizim_area,NORTH,feature,Nablus,,grotto|tomb,found,1,B_space
H0373,1,dropped,not_find,palestine-exploration-quarterly_1894:336:gerizim_area,palestine-exploration-quarterly_1894,1894,,336,294,running_head,gerizim_area,NORTH,feature,Shechem,,grave,buried,4,B_space
H0374,1,dropped,not_find,palestine-exploration-quarterly_1894:344:jericho_area,palestine-exploration-quarterly_1894,1894,,344,302,running_head,jericho_area,JERICHO,feature,Jericho,,cisterns,excavations,2,B_space
H0375,1,dropped,not_find,palestine-exploration-quarterly_1894:346:jericho_area,palestine-exploration-quarterly_1894,1894,,346,304,running_head,jericho_area,JERICHO,strong,Jericho,coins,,excavations|found|lately|unearthed,3,B_space
H0376,1,dropped,apparatus,palestine-exploration-quarterly_1894:347:gerizim_area,palestine-exploration-quarterly_1894,1894,,347,305,running_head,gerizim_area,NORTH,strong,Jacob’s Well,sarcophagi,tomb,excavations,1,B_space
H0377,1,dropped,apparatus,palestine-exploration-quarterly_1894:347:jericho_area,palestine-exploration-quarterly_1894,1894,,347,305,running_head,jericho_area,JERICHO,strong,Jericho,sarcophagi,tomb,excavations,1,B_space
H0378,1,dropped,apparatus,palestine-exploration-quarterly_1895:9:natuf,palestine-exploration-quarterly_1895,1895,,9,,,natuf,SOUTH,feature,Adullam,,cave,excavations,1,B_space
H0379,1,dropped,apparatus,palestine-exploration-quarterly_1895:14:beth_shean,palestine-exploration-quarterly_1895,1895,,14,,,beth_shean,NORTH,strong,Beisan,coins|gold,cavern,find,2,B_space
H0380,1,dropped,apparatus,palestine-exploration-quarterly_1895:14:jericho_area,palestine-exploration-quarterly_1895,1895,,14,,,jericho_area,JERICHO,strong,Jericho,coins|gold,cave|cavern|sepulchre,find,1,B_space
H0381,1,dropped,apparatus,palestine-exploration-quarterly_1895:15:gerizim_area,palestine-exploration-quarterly_1895,1895,,15,,,gerizim_area,NORTH,strong,Jacob’s Well,inscriptions,tomb,excavations,1,B_space
H0382,1,dropped,apparatus,palestine-exploration-quarterly_1895:16:natuf,palestine-exploration-quarterly_1895,1895,,16,,,natuf,SOUTH,strong,Adullam,seals,cave|sepulchre|sepulchres,,1,B_space
H0383,1,kept,,palestine-exploration-quarterly_1895:119:beth_shean,palestine-exploration-quarterly_1895,1895,,119,89,page_numbers.json,beth_shean,NORTH,strong,Beisan,coins|gold,,excavations|find|found,2,B_space
H0384,1,kept,,palestine-exploration-quarterly_1895:119:gerizim_area,palestine-exploration-quarterly_1895,1895,,119,89,page_numbers.json,gerizim_area,NORTH,strong,Jacob’s Well,coins|gold,,excavations|find|found,1,B_space
H0385,1,dropped,not_find,palestine-exploration-quarterly_1895:119:jericho_area,palestine-exploration-quarterly_1895,1895,,119,89,page_numbers.json,jericho_area,JERICHO,strong,Jericho,coins|gold,,excavations|find|found,1,B_space
H0386,1,dropped,other_place,palestine-exploration-quarterly_1895:142:gerizim_area,palestine-exploration-quarterly_1895,1895,,142,112,page_numbers.json,gerizim_area,NORTH,strong,Nablus,inscriptions,,found,1,B_space
H0387,1,kept,,palestine-exploration-quarterly_1895:144:beth_shean,palestine-exploration-quarterly_1895,1895,,144,114,running_head,beth_shean,NORTH,feature,Beisan,,cistern|pits,found,14,B_space
H0388,1,dropped,other_place,palestine-exploration-quarterly_1895:208:jericho_area,palestine-exploration-quarterly_1895,1895,,208,178,running_head,jericho_area,JERICHO,strong,Jericho,inscription,,found,1,B_space
H0389,1,dropped,not_find,palestine-exploration-quarterly_1895:226:gerizim_area,palestine-exploration-quarterly_1895,1895,,226,194,running_head,gerizim_area,NORTH,strong,Nablus,coins|silver,,,1,B_space
H0390,1,dropped,not_find,palestine-exploration-quarterly_1895:227:gerizim_area,palestine-exploration-quarterly_1895,1895,,227,195,running_head,gerizim_area,NORTH,strong,Nablus,coins|copper|lamps,,,2,B_space
H0391,1,kept,,palestine-exploration-quarterly_1895:227:jericho_area,palestine-exploration-quarterly_1895,1895,,227,195,running_head,jericho_area,JERICHO,strong,Jericho,bronze|coins|seal|seals,,,1,B_space
H0392,1,dropped,apparatus,palestine-exploration-quarterly_1895:234:jericho_area,palestine-exploration-quarterly_1895,1895,,234,202,running_head,jericho_area,JERICHO,feature,Jericho,,sepulchre,discovery,1,B_space
H0393,1,dropped,not_find,palestine-exploration-quarterly_1895:235:jericho_area,palestine-exploration-quarterly_1895,1895,,235,203,running_head,jericho_area,JERICHO,strong,Jericho,inscriptions,,buried|excavations|found,2,B_space
H0394,1,dropped,not_find,palestine-exploration-quarterly_1895:235:tell_es_sultan,palestine-exploration-quarterly_1895,1895,,235,203,running_head,tell_es_sultan,JERICHO,strong,Ain es Sultan,inscriptions,,buried|found,2,B_space
H0395,1,dropped,not_find,palestine-exploration-quarterly_1895:237:jericho_area,palestine-exploration-quarterly_1895,1895,,237,205,running_head,jericho_area,JERICHO,strong,Jericho,jars,,,1,B_space
H0396,1,dropped,not_find,palestine-exploration-quarterly_1895:293:jericho_area,palestine-exploration-quarterly_1895,1895,,293,259,running_head,jericho_area,JERICHO,strong,Jericho,manuscript,,,1,B_space
H0397,1,dropped,not_find,palestine-exploration-quarterly_1895:334:jericho_area,palestine-exploration-quarterly_1895,1895,,334,298,running_head,jericho_area,JERICHO,strong,Jericho,bronze|coins|seal|seals,,,1,B_space
H0398,1,dropped,apparatus,palestine-exploration-quarterly_1895:340:jericho_area,palestine-exploration-quarterly_1895,1895,,340,304,running_head,jericho_area,JERICHO,feature,Jericho,,sepulchre,discovery,1,B_space
H0399,1,dropped,not_find,palestine-exploration-quarterly_1895:384:natuf,palestine-exploration-quarterly_1895,1895,,384,338,running_head,natuf,SOUTH,feature,Chariton,,cave|cavern,find,11,B_space
H0400,1,dropped,not_find,palestine-exploration-quarterly_1895:385:natuf,palestine-exploration-quarterly_1895,1895,,385,339,running_head,natuf,SOUTH,feature,Adullam,,cave,opened,7,B_space
H0401,1,dropped,apparatus,palestine-exploration-quarterly_1896:9:gerizim,palestine-exploration-quarterly_1896,1896,,9,,,gerizim,NORTH,strong,Gerizim,seal,cave,excavations,2,B_space
H0402,1,dropped,apparatus,palestine-exploration-quarterly_1896:9:natuf,palestine-exploration-quarterly_1896,1896,,9,,,natuf,SOUTH,feature,Adullam,,cave,excavations,1,B_space
H0403,1,dropped,apparatus,palestine-exploration-quarterly_1896:17:carmel_siah,palestine-exploration-quarterly_1896,1896,,17,,,carmel_siah,CARMEL,strong,Siah,inscription|lamps,cavern|tombs,excavations,1,B_space
H0404,1,dropped,apparatus,palestine-exploration-quarterly_1896:17:natuf,palestine-exploration-quarterly_1896,1896,,17,,,natuf,SOUTH,strong,Adullam,inscription|inscriptions,cave,,1,B_space
H0405,1,dropped,apparatus,palestine-exploration-quarterly_1896:18:carmel_siah,palestine-exploration-quarterly_1896,1896,,18,,,carmel_siah,CARMEL,strong,Siah,inscriptions|seal|vessels,tombs,,1,B_space
H0406,1,dropped,apparatus,palestine-exploration-quarterly_1896:18:natuf,palestine-exploration-quarterly_1896,1896,,18,,,natuf,SOUTH,strong,Adullam,inscriptions,cave,,1,B_space
H0407,1,dropped,apparatus,palestine-exploration-quarterly_1896:25:jericho_area,palestine-exploration-quarterly_1896,1896,,25,7,running_head,jericho_area,JERICHO,feature,Jericho,,sepulchre,discovery,1,B_space
H0408,1,dropped,not_find,palestine-exploration-quarterly_1896:55:jordan_ford,palestine-exploration-quarterly_1896,1896,,55,25,running_head,jordan_ford,JERICHO,feature,pilgrim bathing,,tombs,recently,1,B_space
H0409,1,dropped,other_place,palestine-exploration-quarterly_1896:75:buqeia,palestine-exploration-quarterly_1896,1896,,75,45,running_head,buqeia,DESERT,feature,Bukeia,,caves|cisterns,found,1,B_space
H0410,1,dropped,other_place,palestine-exploration-quarterly_1896:115:mar_saba,palestine-exploration-quarterly_1896,1896,,115,79,running_head,mar_saba,DESERT,strong,Sabas,inscription,,discovered,1,B_space
H0411,1,dropped,not_find,palestine-exploration-quarterly_1896:203:jericho_area,palestine-exploration-quarterly_1896,1896,,203,161,page_numbers.json,jericho_area,JERICHO,strong,Jericho,jar,cave,,2,B_space
H0412,1,dropped,not_find,palestine-exploration-quarterly_1896:203:natuf,palestine-exploration-quarterly_1896,1896,,203,161,page_numbers.json,natuf,SOUTH,strong,Chariton,jar|treasure,cave,,12,B_space
H0413,1,dropped,not_find,palestine-exploration-quarterly_1896:203:tekoa_herodium,palestine-exploration-quarterly_1896,1896,,203,161,page_numbers.json,tekoa_herodium,SOUTH,strong,Tekoa,treasure,cave,,1,B_space
H0414,1,dropped,not_find,palestine-exploration-quarterly_1896:204:natuf,palestine-exploration-quarterly_1896,1896,,204,162,running_head,natuf,SOUTH,feature,Khureitun,,cave|cisterns,discovering,9,B_space
H0415,1,dropped,not_find,palestine-exploration-quarterly_1896:282:beth_shean,palestine-exploration-quarterly_1896,1896,,282,234,running_head,beth_shean,NORTH,feature,Scythopolis,,cave,found,1,B_space
H0416,1,dropped,not_find,palestine-exploration-quarterly_1896:282:gerizim_area,palestine-exploration-quarterly_1896,1896,,282,234,running_head,gerizim_area,NORTH,feature,Neapolis,,cave,found,3,B_space
H0417,1,dropped,not_find,palestine-exploration-quarterly_1896:303:kh_yanun,palestine-exploration-quarterly_1896,1896,,303,255,page_numbers.json,kh_yanun,NORTH,strong,Janohah,inscription,,,1,B_space
H0418,1,dropped,not_find,palestine-exploration-quarterly_1896:338:natuf,palestine-exploration-quarterly_1896,1896,,338,286,running_head,natuf,SOUTH,strong,Adullam,coins,cave,found,1,B_space
H0419,1,dropped,apparatus,palestine-exploration-quarterly_1897:14:gerizim_area,palestine-exploration-quarterly_1897,1897,,14,,,gerizim_area,NORTH,strong,Jacob’s Well,inscription|inscriptions,,,1,B_space
H0420,1,dropped,apparatus,palestine-exploration-quarterly_1897:14:jericho_area,palestine-exploration-quarterly_1897,1897,,14,,,jericho_area,JERICHO,strong,Jericho,coins|inscriptions,,found,1,B_space
H0421,1,dropped,apparatus,palestine-exploration-quarterly_1897:17:gerizim_area,palestine-exploration-quarterly_1897,1897,,17,,,gerizim_area,NORTH,strong,Jacob’s Well,vessels,tombs,,1,B_space
H0422,1,dropped,not_find,palestine-exploration-quarterly_1897:92:gerizim_area,palestine-exploration-quarterly_1897,1897,,92,68,running_head,gerizim_area,NORTH,strong,Jacob’s Well,jar,,found,5,B_space
H0423,1,dropped,not_find,palestine-exploration-quarterly_1897:178:gerizim_area,palestine-exploration-quarterly_1897,1897,,178,150,running_head,gerizim_area,NORTH,feature,Jacob’s Well,,cistern,obtained,6,B_space
H0424,1,dropped,not_find,palestine-exploration-quarterly_1897:233:gerizim_area,palestine-exploration-quarterly_1897,1897,,233,197,running_head,gerizim_area,NORTH,feature,Nablus,,cistern,find|found,3,B_space
H0425,1,dropped,not_find,palestine-exploration-quarterly_1897:234:gerizim_area,palestine-exploration-quarterly_1897,1897,,234,198,running_head,gerizim_area,NORTH,strong,Nablus,jar,,,5,B_space
H0426,1,dropped,not_find,palestine-exploration-quarterly_1897:243:gerizim_area,palestine-exploration-quarterly_1897,1897,,243,205,running_head,gerizim_area,NORTH,strong,Shechem,coins|silver,,,1,B_space
H0427,1,dropped,not_find,palestine-exploration-quarterly_1897:247:gerizim_area,palestine-exploration-quarterly_1897,1897,,247,209,running_head,gerizim_area,NORTH,feature,Jacob’s Well,,cave,found,3,B_space
H0428,1,dropped,not_find,palestine-exploration-quarterly_1897:247:jericho_area,palestine-exploration-quarterly_1897,1897,,247,209,running_head,jericho_area,JERICHO,strong,Jericho,golden,caves|sepulchre,,2,B_space
H0429,1,dropped,not_find,palestine-exploration-quarterly_1897:262:choziba,palestine-exploration-quarterly_1897,1897,,262,224,running_head,choziba,JERICHO,strong,Deir el Kelt,inscription|inscriptions|sarcophagus,,,1,B_space
H0430,1,dropped,not_find,palestine-exploration-quarterly_1897:288:jericho_area,palestine-exploration-quarterly_1897,1897,,288,246,running_head,jericho_area,JERICHO,feature,Jericho,,sepulchre,found,1,B_space
H0431,1,dropped,not_find,palestine-exploration-quarterly_1897:292:gerizim_area,palestine-exploration-quarterly_1897,1897,,292,250,running_head,gerizim_area,NORTH,strong,Jacob’s Well,inscription|inscriptions,,,1,B_space
H0432,1,dropped,not_find,palestine-exploration-quarterly_1898:279:gerizim_area,palestine-exploration-quarterly_1898,1898,,279,221,page_numbers.json,gerizim_area,NORTH,strong,Nablus,scroll,,,1,B_space
H0433,1,dropped,not_find,palestine-exploration-quarterly_1898:317:beth_horon,palestine-exploration-quarterly_1898,1898,,317,253,running_head,beth_horon,WEST,strong,Bethhoron,brass|copper|silver,,,1,B_space
H0434,1,dropped,not_find,palestine-exploration-quarterly_1898:317:jericho_area,palestine-exploration-quarterly_1898,1898,,317,253,running_head,jericho_area,JERICHO,strong,Jericho,bronze|copper|gold|silver,,,1,B_space
H0435,1,dropped,apparatus,palestine-exploration-quarterly_1899:10:ibziq,palestine-exploration-quarterly_1899,1899,,10,273,running_head,ibziq,NORTH,strong,Bezek,inscriptions|jar,cistern,discovery|found,1,B_space
H0436,1,dropped,apparatus,palestine-exploration-quarterly_1899:10:jericho_area,palestine-exploration-quarterly_1899,1899,,10,273,running_head,jericho_area,JERICHO,strong,Jericho,inscriptions|jar,cistern|tomb,discovery|found,1,B_space
H0437,1,dropped,apparatus,palestine-exploration-quarterly_1899:14:ibziq,palestine-exploration-quarterly_1899,1899,,14,277,inferred,ibziq,NORTH,strong,Bezek,inscriptions,,,1,B_space
H0438,1,dropped,apparatus,palestine-exploration-quarterly_1899:16:jericho_area,palestine-exploration-quarterly_1899,1899,,16,279,inferred,jericho_area,JERICHO,strong,Jericho,inscribed|inscrip|inscription|inscriptions|jar,,found,2,B_space
H0439,1,dropped,apparatus,palestine-exploration-quarterly_1899:17:jericho_area,palestine-exploration-quarterly_1899,1899,,17,280,inferred,jericho_area,JERICHO,strong,Jericho,coins|copper|golden,graves,found,1,B_space
H0440,1,dropped,apparatus,palestine-exploration-quarterly_1899:18:transjordan,palestine-exploration-quarterly_1899,1899,,18,281,inferred,transjordan,TRANSJ,strong,Machaerus,inscriptions,,,1,B_space
H0441,1,dropped,not_find,palestine-exploration-quarterly_1899:117:gerizim_area,palestine-exploration-quarterly_1899,1899,,117,81,page_numbers.json,gerizim_area,NORTH,strong,Jacob’s Well,coins,,discoveries|found,1,B_space
H0442,1,kept,,palestine-exploration-quarterly_1899:179:jericho_area,palestine-exploration-quarterly_1899,1899,,179,127,page_numbers.json,jericho_area,JERICHO,feature,Jericho,,chambers,recently,4,B_space
H0443,1,kept,,palestine-exploration-quarterly_1899:180:x_khan_el_ahmar,palestine-exploration-quarterly_1899,1899,,180,128,running_head,x_khan_el_ahmar,DESERT,feature,Good Samaritan,,caves,found,1,B_space
H0444,1,dropped,not_find,palestine-exploration-quarterly_1899:280:choziba,palestine-exploration-quarterly_1899,1899,,280,210,running_head,choziba,JERICHO,strong,Chozeba,jar,,find,1,B_space
H0445,1,dropped,not_find,palestine-exploration-quarterly_1899:388:jericho_area,palestine-exploration-quarterly_1899,1899,,388,316,running_head,jericho_area,JERICHO,strong,Jericho,inscriptions,,excavations,1,B_space
H0446,1,dropped,not_find,palestine-exploration-quarterly_1899:430:transjordan,palestine-exploration-quarterly_1899,1899,,430,336,running_head,transjordan,TRANSJ,strong,Machaerus,inscribed|jar,,,1,B_space
H0447,1,dropped,not_find,palestine-exploration-quarterly_1899:440:gerizim_area,palestine-exploration-quarterly_1899,1899,,440,344,running_head,gerizim_area,NORTH,strong,Shechem,inscription,,,2,B_space
H0448,1,dropped,apparatus,palestine-exploration-quarterly_1900:11:gerizim_area,palestine-exploration-quarterly_1900,1900,,11,,,gerizim_area,NORTH,strong,Jacob’s Well,inscribed|inscription|inscriptions|jar,cistern,discovered|found,1,B_space
H0449,1,dropped,apparatus,palestine-exploration-quarterly_1900:11:jericho_area,palestine-exploration-quarterly_1900,1900,,11,,,jericho_area,JERICHO,strong,Jericho,inscribed|inscription|inscriptions|jar,cistern,discovered|found,1,B_space
H0450,1,dropped,apparatus,palestine-exploration-quarterly_1900:12:gerizim_area,palestine-exploration-quarterly_1900,1900,,12,,,gerizim_area,NORTH,strong,Jacob’s Well,inscription|inscriptions|jar,tomb,found,1,B_space
H0451,1,dropped,apparatus,palestine-exploration-quarterly_1900:12:jericho_area,palestine-exploration-quarterly_1900,1900,,12,,,jericho_area,JERICHO,strong,Jericho,inscription|inscriptions|jar|ossuaries,tomb,found,1,B_space
H0452,1,dropped,apparatus,palestine-exploration-quarterly_1900:15:gerizim_area,palestine-exploration-quarterly_1900,1900,,15,,,gerizim_area,NORTH,feature,Nablus,,tomb,excavations,1,B_space
H0453,1,dropped,apparatus,palestine-exploration-quarterly_1900:16:gerizim_area,palestine-exploration-quarterly_1900,1900,,16,,,gerizim_area,NORTH,strong,Jacob’s Well,inscriptions,chambers|cistern|tomb|tombs,found,1,B_space
H0454,1,dropped,apparatus,palestine-exploration-quarterly_1900:16:jericho_area,palestine-exploration-quarterly_1900,1900,,16,,,jericho_area,JERICHO,strong,Jericho,inscriptions,chambers|cistern|tomb|tombs,found,1,B_space
H0455,1,dropped,not_find,palestine-exploration-quarterly_1900:18:gerizim_area,palestine-exploration-quarterly_1900,1900,,18,2,running_head,gerizim_area,NORTH,feature,Nablus,,cisterns|sepulchre,purchased,1,B_space
H0456,1,dropped,not_find,palestine-exploration-quarterly_1900:103:gerizim_area,palestine-exploration-quarterly_1900,1900,,103,61,running_head,gerizim_area,NORTH,strong,Jacob’s well,sarcophagus,tomb,excavated|excavations|found|recently,4,B_space
H0457,1,dropped,duplicate_page,palestine-exploration-quarterly_1900:104:gerizim,palestine-exploration-quarterly_1900,1900,,104,62,running_head,gerizim,NORTH,strong,Gerizim,coin,,,6,B_space
H0458,1,kept,,palestine-exploration-quarterly_1900:104:gerizim_area,palestine-exploration-quarterly_1900,1900,,104,62,running_head,gerizim_area,NORTH,strong,Jacob’s well,coin,,cleared|excavations|recently,2,B_space
H0459,1,dropped,other_place,palestine-exploration-quarterly_1900:154:natuf,palestine-exploration-quarterly_1900,1900,,154,96,running_head,natuf,SOUTH,feature,Nettif,,cisterns,excavating|excavations|found,1,B_space
H0460,1,dropped,not_find,palestine-exploration-quarterly_1900:293:gerizim_area,palestine-exploration-quarterly_1900,1900,,293,217,page_numbers.json,gerizim_area,NORTH,strong,Nablus,jars,,,1,B_space
H0461,1,dropped,other_place,palestine-exploration-quarterly_1900:294:natuf,palestine-exploration-quarterly_1900,1900,,294,218,running_head,natuf,SOUTH,strong,Nettif,jars,,,1,B_space
H0462,1,dropped,not_find,palestine-exploration-quarterly_1900:399:gerizim_area,palestine-exploration-quarterly_1900,1900,,399,311,page_numbers.json,gerizim_area,NORTH,strong,Jacob’s Well,inscriptions,,discoveries|discovery|recently,1,B_space
H0463,1,dropped,not_find,palestine-exploration-quarterly_1900:399:jericho_area,palestine-exploration-quarterly_1900,1900,,399,311,page_numbers.json,jericho_area,JERICHO,strong,Jericho,inscriptions,,discoveries|discovery|recently,1,B_space
H0464,1,kept,,palestine-exploration-quarterly_1900:451:beth_shean,palestine-exploration-quarterly_1900,1900,,451,355,page_numbers.json,beth_shean,NORTH,strong,Beisan,inscription|sarcophagi,,,3,B_space
H0465,1,dropped,apparatus,palestine-exploration-quarterly_1901:14:gerizim_area,palestine-exploration-quarterly_1901,1901,,14,,,gerizim_area,NORTH,strong,Nablus,inscriptions|seal,,,2,B_space
H0466,1,dropped,apparatus,palestine-exploration-quarterly_1901:15:beth_shean,palestine-exploration-quarterly_1901,1901,,15,,,beth_shean,NORTH,strong,Beisan,inscription|inscriptions,cave|sepulchre,excavations|found,4,B_space
H0467,1,dropped,apparatus,palestine-exploration-quarterly_1901:15:gerizim_area,palestine-exploration-quarterly_1901,1901,,15,,,gerizim_area,NORTH,feature,Nablus,,tomb,excavations,2,B_space
H0468,1,dropped,apparatus,palestine-exploration-quarterly_1901:15:jericho_area,palestine-exploration-quarterly_1901,1901,,15,,,jericho_area,JERICHO,feature,Jericho,,vault,excavations|found,1,B_space
H0469,1,dropped,apparatus,palestine-exploration-quarterly_1901:16:jericho_area,palestine-exploration-quarterly_1901,1901,,16,,,jericho_area,JERICHO,strong,Jericho,inscriptions,sepulchral|tomb|tombs,,1,B_space
H0470,1,dropped,not_find,palestine-exploration-quarterly_1901:144:tekoa_herodium,palestine-exploration-quarterly_1901,1901,,144,122,page_numbers.json,tekoa_herodium,SOUTH,strong,Tekoa,inscription,,,1,B_space
H0471,1,dropped,not_find,palestine-exploration-quarterly_1901:220:gerizim_area,palestine-exploration-quarterly_1901,1901,,220,196,running_head,gerizim_area,NORTH,strong,Nablus,copper,,,1,B_space
H0472,1,dropped,not_find,palestine-exploration-quarterly_1901:220:jericho_area,palestine-exploration-quarterly_1901,1901,,220,196,running_head,jericho_area,JERICHO,feature,Jericho,,grave,buried|finds,1,B_space
H0473,1,dropped,other_place,palestine-exploration-quarterly_1901:229:gerizim_area,palestine-exploration-quarterly_1901,1901,,229,205,running_head,gerizim_area,NORTH,strong,Neapolis,inscribed,tomb,discovered|found,1,B_space
H0474,1,dropped,not_find,palestine-exploration-quarterly_1901:263:jordan_ford,palestine-exploration-quarterly_1901,1901,,263,237,running_head,jordan_ford,JERICHO,strong,Beth Hoglah,manuscripts,,,1,B_space
H0475,1,dropped,not_find,palestine-exploration-quarterly_1901:335:tekoa_herodium,palestine-exploration-quarterly_1901,1901,,335,309,running_head,tekoa_herodium,SOUTH,feature,Tekoa,,tombs,discovered|found,1,B_space
H0476,1,dropped,other_place,palestine-exploration-quarterly_1901:435:buqeia,palestine-exploration-quarterly_1901,1901,,435,407,running_head,buqeia,DESERT,strong,Bukeia,inscription,,found,1,B_space
H0477,1,dropped,not_find,palestine-exploration-quarterly_1901:443:tekoa_herodium,palestine-exploration-quarterly_1901,1901,,443,415,running_head,tekoa_herodium,SOUTH,feature,Herodium,,grave,buried,1,B_space
H0478,1,dropped,apparatus,palestine-exploration-quarterly_1902:10:gerizim_area,palestine-exploration-quarterly_1902,1902,,10,,,gerizim_area,NORTH,strong,Nablus,inscription|seal,grotto|tomb,,1,B_space
H0479,1,dropped,apparatus,palestine-exploration-quarterly_1902:12:ein_feshkha,palestine-exploration-quarterly_1902,1902,,12,,,ein_feshkha,QUMRAN,strong,Feshkhah,inscribed|inscription,caves|tomb,,4,B_space
H0480,1,dropped,apparatus,palestine-exploration-quarterly_1902:12:gerizim_area,palestine-exploration-quarterly_1902,1902,,12,,,gerizim_area,NORTH,strong,Nablus,inscription|seals,tomb|tombs,,1,B_space
H0481,1,dropped,apparatus,palestine-exploration-quarterly_1902:12:kh_qumran,palestine-exploration-quarterly_1902,1902,,12,,,kh_qumran,QUMRAN,strong,Kumran,inscription|seals,tomb|tombs,,1,B_space
H0482,1,dropped,apparatus,palestine-exploration-quarterly_1902:14:gerizim_area,palestine-exploration-quarterly_1902,1902,,14,,,gerizim_area,NORTH,strong,Nablus,inscriptions,grotto,,1,B_space
H0483,1,dropped,apparatus,palestine-exploration-quarterly_1902:15:gerizim_area,palestine-exploration-quarterly_1902,1902,,15,,,gerizim_area,NORTH,strong,Nablus,inscription,sepulchre,excavations,1,B_space
H0484,1,dropped,not_find,palestine-exploration-quarterly_1902:104:gerizim_area,palestine-exploration-quarterly_1902,1902,,104,82,running_head,gerizim_area,NORTH,strong,Nablus,gold|silver,,,2,B_space
H0485,1,dropped,not_find,palestine-exploration-quarterly_1902:107:gerizim,palestine-exploration-quarterly_1902,1902,,107,85,page_numbers.json,gerizim,NORTH,feature,Gerizim,,tomb,found,2,B_space
H0486,1,dropped,not_find,palestine-exploration-quarterly_1902:112:gerizim_area,palestine-exploration-quarterly_1902,1902,,112,90,running_head,gerizim_area,NORTH,strong,Nablus,manuscripts,,discovery,3,B_space
H0487,1,dropped,not_find,palestine-exploration-quarterly_1902:114:gerizim,palestine-exploration-quarterly_1902,1902,,114,92,running_head,gerizim,NORTH,strong,Gerizim,vessels,,discover|discovery,2,B_space
H0488,1,kept,,palestine-exploration-quarterly_1902:188:ein_feshkha,palestine-exploration-quarterly_1902,1902,,188,162,page_numbers.json,ein_feshkha,QUMRAN,feature,Feshkhah,,graves,opened,14,B_space
H0489,1,kept,,palestine-exploration-quarterly_1902:231:beth_shean,palestine-exploration-quarterly_1902,1902,,231,201,running_head,beth_shean,NORTH,strong,Beisdn,inscriptions|ossuaries,tombs,finds|found,2,B_space
H0490,1,dropped,other_place,palestine-exploration-quarterly_1902:231:gerizim_area,palestine-exploration-quarterly_1902,1902,,231,201,running_head,gerizim_area,NORTH,strong,Neapolis,inscriptions,tombs,finds|found,1,B_space
H0491,1,dropped,not_find,palestine-exploration-quarterly_1902:266:beth_horon,palestine-exploration-quarterly_1902,1902,,266,236,running_head,beth_horon,WEST,strong,Beth- horon,inscription,,,1,B_space
H0492,1,kept,,palestine-exploration-quarterly_1902:270:gerizim_area,palestine-exploration-quarterly_1902,1902,,270,240,running_head,gerizim_area,NORTH,strong,NABLUS,inscrip|inscription,caves|cisterns|tomb|tombs,,2,B_space
H0493,1,dropped,not_find,palestine-exploration-quarterly_1902:271:gerizim_area,palestine-exploration-quarterly_1902,1902,,271,241,running_head,gerizim_area,NORTH,strong,NABLUS,inscription,tomb,,1,B_space
H0494,1,dropped,not_find,palestine-exploration-quarterly_1902:310:beth_horon,palestine-exploration-quarterly_1902,1902,,310,276,running_head,beth_horon,WEST,strong,Beth-horon,inscription,,,4,B_space
H0495,1,dropped,not_find,palestine-exploration-quarterly_1902:335:gerizim_area,palestine-exploration-quarterly_1902,1902,,335,299,page_numbers.json,gerizim_area,NORTH,strong,Nablus,inscription,,,1,B_space
H0496,1,dropped,not_find,palestine-exploration-quarterly_1902:335:jericho_area,palestine-exploration-quarterly_1902,1902,,335,299,page_numbers.json,jericho_area,JERICHO,strong,Jericho,inscription,,,3,B_space
H0497,1,dropped,other_place,palestine-exploration-quarterly_1902:420:choziba,palestine-exploration-quarterly_1902,1902,,420,382,running_head,choziba,JERICHO,strong,Koziba,coins,,,3,B_space
H0498,1,dropped,apparatus,palestine-exploration-quarterly_1902:493:gerizim_area,palestine-exploration-quarterly_1902,1902,,493,13,inferred,gerizim_area,NORTH,strong,Nablous,seals,,,1,B_space
H0499,1,dropped,apparatus,palestine-exploration-quarterly_1902:493:jericho_area,palestine-exploration-quarterly_1902,1902,,493,13,inferred,jericho_area,JERICHO,strong,Jericho,seals,,,1,B_space
H0500,1,dropped,apparatus,palestine-exploration-quarterly_1903:10:dok_generic,palestine-exploration-quarterly_1903,1903,,10,,,dok_generic,JERICHO,strong,Dagon,inscription,,excavation|excavations,1,B_space
H0501,1,dropped,apparatus,palestine-exploration-quarterly_1903:13:dok_generic,palestine-exploration-quarterly_1903,1903,,13,,,dok_generic,JERICHO,strong,dagon,inscription|inscriptions,,excavation|excavations,1,B_space
H0502,1,dropped,apparatus,palestine-exploration-quarterly_1903:13:jordan_ford,palestine-exploration-quarterly_1903,1903,,13,,,jordan_ford,JERICHO,strong,Bethabara,inscriptions,,excavation|excavations,1,B_space
H0503,1,dropped,apparatus,palestine-exploration-quarterly_1903:14:jordan_ford,palestine-exploration-quarterly_1903,1903,,14,,,jordan_ford,JERICHO,strong,Hajla,inscription,sepulchre,,2,B_space
H0504,1,dropped,apparatus,palestine-exploration-quarterly_1903:15:wadi_qumran,palestine-exploration-quarterly_1903,1903,,15,,,wadi_qumran,QUMRAN,strong,Wady Kumran,inscriptions,tombs,excavations|found,1,B_space
H0505,1,dropped,not_find,palestine-exploration-quarterly_1903:105:gerizim_area,palestine-exploration-quarterly_1903,1903,,105,87,running_head,gerizim_area,NORTH,feature,Nablus,,grotto,opened,1,B_space
H0506,1,dropped,not_find,palestine-exploration-quarterly_1903:118:doq,palestine-exploration-quarterly_1903,1903,,118,100,running_head,doq,JERICHO,feature,Karantel,,cave,discovered|recently,1,B_space
H0507,1,dropped,not_find,palestine-exploration-quarterly_1903:118:jordan_ford,palestine-exploration-quarterly_1903,1903,,118,100,running_head,jordan_ford,JERICHO,feature,Hajla,,cave,recently,2,B_space
H0508,1,dropped,not_find,palestine-exploration-quarterly_1903:368:gerizim_area,palestine-exploration-quarterly_1903,1903,,368,338,running_head,gerizim_area,NORTH,feature,Nablus,,cistern,found,2,B_space
H0509,1,dropped,other_place,palestine-exploration-quarterly_1903:386:dok_generic,palestine-exploration-quarterly_1903,1903,,386,356,running_head,dok_generic,JERICHO,strong,DAGON,coins|gold,,discovery|find,4,B_space
H0510,1,dropped,other_place,palestine-exploration-quarterly_1903:387:dok_generic,palestine-exploration-quarterly_1903,1903,,387,357,running_head,dok_generic,JERICHO,strong,Dagon,treasure,,buried,2,B_space
H0511,1,dropped,apparatus,palestine-exploration-quarterly_1904:10:ein_feshkha,palestine-exploration-quarterly_1904,1904,,10,,,ein_feshkha,QUMRAN,strong,Feshkhah,inscribed,,,2,B_space
H0512,1,dropped,apparatus,palestine-exploration-quarterly_1904:11:ein_feshkha,palestine-exploration-quarterly_1904,1904,,11,,,ein_feshkha,QUMRAN,strong,Feshkhah,inscribed|seal|seals,,excavation,2,B_space
H0513,1,dropped,apparatus,palestine-exploration-quarterly_1904:13:ein_feshkha,palestine-exploration-quarterly_1904,1904,,13,,,ein_feshkha,QUMRAN,strong,Feshkhah,inscrip,,excavations,2,B_space
H0514,1,dropped,apparatus,palestine-exploration-quarterly_1904:13:jericho_area,palestine-exploration-quarterly_1904,1904,,13,,,jericho_area,JERICHO,strong,Eriha,jars,cisterns,excavation|excavations,1,B_space
H0515,1,dropped,not_find,palestine-exploration-quarterly_1904:92:gerizim_area,palestine-exploration-quarterly_1904,1904,,92,72,running_head,gerizim_area,NORTH,strong,Shechem,manuscripts,,,3,B_space
H0516,1,dropped,other_place,palestine-exploration-quarterly_1904:116:natuf,palestine-exploration-quarterly_1904,1904,,116,96,running_head,natuf,SOUTH,strong,Nettif,inscription|inscriptions,tomb,found,1,B_space
H0517,1,dropped,apparatus,palestine-exploration-quarterly_1904:124:jericho_area,palestine-exploration-quarterly_1904,1904,,124,98,inferred,jericho_area,JERICHO,feature,Jericho,,sepulchre,discovery,1,B_space
H0518,1,kept,,palestine-exploration-quarterly_1904:284:gerizim_area,palestine-exploration-quarterly_1904,1904,,284,254,running_head,gerizim_area,NORTH,feature,Nablus,,sepulchral,excavated|excavations,1,B_space
H0519,1,dropped,not_find,palestine-exploration-quarterly_1904:299:tekoa_herodium,palestine-exploration-quarterly_1904,1904,,299,269,running_head,tekoa_herodium,SOUTH,feature,Frank mountain,,graves,recently,1,B_space
H0520,1,dropped,not_find,palestine-exploration-quarterly_1904:374:muhalhil,palestine-exploration-quarterly_1904,1904,,374,344,running_head,muhalhil,DESERT,strong,tomb of Moses,ossuaries,tomb|tombs,discovery|recently,1,B_space
H0521,1,dropped,other_place,palestine-exploration-quarterly_1904:410:tell_es_sultan,palestine-exploration-quarterly_1904,1904,,410,380,running_head,tell_es_sultan,JERICHO,feature,Ain es-Sultan,,vault,find,1,B_space
H0522,1,dropped,apparatus,palestine-exploration-quarterly_1904:436:jericho_area,palestine-exploration-quarterly_1904,1904,,436,406,inferred,jericho_area,JERICHO,feature,Jericho,,sepulchre,discovery,1,B_space
H0523,1,dropped,apparatus,palestine-exploration-quarterly_1904:454:jericho_area,palestine-exploration-quarterly_1904,1904,,454,424,inferred,jericho_area,JERICHO,feature,Jericho,,sepulchre,discovery,1,B_space
H0524,1,dropped,apparatus,palestine-exploration-quarterly_1905:10:transjordan,palestine-exploration-quarterly_1905,1905,,10,,,transjordan,TRANSJ,strong,Machaerus,inscriptions,,,3,B_space
H0525,1,dropped,apparatus,palestine-exploration-quarterly_1905:11:transjordan,palestine-exploration-quarterly_1905,1905,,11,,,transjordan,TRANSJ,strong,Machaerus,coins|seals,,,2,B_space
H0526,1,dropped,apparatus,palestine-exploration-quarterly_1905:13:dok_generic,palestine-exploration-quarterly_1905,1905,,13,,,dok_generic,JERICHO,strong,Dagon,inscriptions,,excavation,1,B_space
H0527,1,dropped,apparatus,palestine-exploration-quarterly_1905:14:transjordan,palestine-exploration-quarterly_1905,1905,,14,,,transjordan,TRANSJ,strong,Machaerus,inscription|lamps,tombs,excavations,1,B_space
H0528,1,dropped,other_place,palestine-exploration-quarterly_1905:65:transjordan,palestine-exploration-quarterly_1905,1905,,65,47,running_head,transjordan,TRANSJ,feature,Machaerus,,caves|cisterns,discoverable,1,B_space
H0529,1,dropped,not_find,palestine-exploration-quarterly_1905:88:kh_qumran,palestine-exploration-quarterly_1905,1905,,88,70,running_head,kh_qumran,QUMRAN,feature,Gomorrah,,pits,find,2,B_space
H0530,1,dropped,not_find,palestine-exploration-quarterly_1905:88:x_qarn_sartaba,palestine-exploration-quarterly_1905,1905,,88,70,running_head,x_qarn_sartaba,NORTH,feature,Kurn Surtubeh,,pits,find,1,B_space
H0531,1,dropped,not_find,palestine-exploration-quarterly_1905:164:gerizim_area,palestine-exploration-quarterly_1905,1905,,164,142,running_head,gerizim_area,NORTH,strong,Neapolis,inscriptions,,found,1,B_space
H0532,1,dropped,not_find,palestine-exploration-quarterly_1905:181:ein_feshkha,palestine-exploration-quarterly_1905,1905,,181,159,running_head,ein_feshkha,QUMRAN,strong,FESHKHAH,silver,,,8,B_space
H0533,1,kept,,palestine-exploration-quarterly_1905:183:beth_shean,palestine-exploration-quarterly_1905,1905,,183,161,running_head,beth_shean,NORTH,strong,Scythopolis,inscriptions,,excavations,1,B_space
H0534,1,dropped,not_find,palestine-exploration-quarterly_1905:183:gerizim_area,palestine-exploration-quarterly_1905,1905,,183,161,running_head,gerizim_area,NORTH,strong,Neapolis,inscriptions|seal,,,1,B_space
H0535,1,dropped,other_place,palestine-exploration-quarterly_1905:299:beth_shean,palestine-exploration-quarterly_1905,1905,,299,275,inferred,beth_shean,NORTH,strong,Scythopolis,inscriptions,,found,1,B_space
H0536,1,dropped,not_find,palestine-exploration-quarterly_1905:375:gerizim_area,palestine-exploration-quarterly_1905,1905,,375,347,page_numbers.json,gerizim_area,NORTH,strong,Nablus,jars,,,1,B_space
H0537,1,dropped,apparatus,palestine-exploration-quarterly_1905:400:jericho_area,palestine-exploration-quarterly_1905,1905,,400,372,inferred,jericho_area,JERICHO,feature,Jericho,,sepulchre,discovery,1,B_space
H0538,1,dropped,apparatus,palestine-exploration-quarterly_1905:406:jericho_area,palestine-exploration-quarterly_1905,1905,,406,378,inferred,jericho_area,JERICHO,feature,Jericho,,sepulchre,discovery,1,B_space
H0539,1,dropped,apparatus,palestine-exploration-quarterly_1905:412:jericho_area,palestine-exploration-quarterly_1905,1905,,412,384,inferred,jericho_area,JERICHO,feature,Jericho,,sepulchre,discovery,1,B_space
H0540,1,dropped,apparatus,palestine-exploration-quarterly_1905:418:jericho_area,palestine-exploration-quarterly_1905,1905,,418,390,inferred,jericho_area,JERICHO,feature,Jericho,,sepulchre,discovery,1,B_space
H0541,1,dropped,apparatus,palestine-exploration-quarterly_1905:442:transjordan,palestine-exploration-quarterly_1905,1905,,442,414,inferred,transjordan,TRANSJ,strong,MACHAERUS,coins,,,2,B_space
H0542,1,dropped,apparatus,palestine-exploration-quarterly_1906:186:jericho_area,palestine-exploration-quarterly_1906,1906,,186,166,running_head,jericho_area,JERICHO,feature,Jericho,,sepulchre,discovery,1,B_space
H0543,1,dropped,apparatus,palestine-exploration-quarterly_1906:192:jericho_area,palestine-exploration-quarterly_1906,1906,,192,166,running_head,jericho_area,JERICHO,feature,Jericho,,sepulchre,discovery,1,B_space
H0544,1,dropped,not_find,palestine-exploration-quarterly_1906:212:jericho_area,palestine-exploration-quarterly_1906,1906,,212,180,running_head,jericho_area,JERICHO,feature,Jericho,,tombs,discovered|lately,1,B_space
H0545,1,dropped,not_find,palestine-exploration-quarterly_1906:242:muhalhil,palestine-exploration-quarterly_1906,1906,,242,210,running_head,muhalhil,DESERT,feature,Tomb of Moses,,sepulchre|tomb,concealed,1,B_space
H0546,1,dropped,apparatus,palestine-exploration-quarterly_1906:368:jericho_area,palestine-exploration-quarterly_1906,1906,,368,334,inferred,jericho_area,JERICHO,feature,Jericho,,sepulchre,discovery,1,B_space
H0547,1,dropped,apparatus,palestine-exploration-quarterly_1906:374:jericho_area,palestine-exploration-quarterly_1906,1906,,374,6,inferred,jericho_area,JERICHO,feature,Jericho,,sepulchre,discovery,1,B_space
H0548,1,dropped,apparatus,palestine-exploration-quarterly_1906:386:jericho_area,palestine-exploration-quarterly_1906,1906,,386,18,inferred,jericho_area,JERICHO,feature,Jericho,,sepulchre,discovery,1,B_space
H0549,1,dropped,apparatus,palestine-exploration-quarterly_1907:8:gerizim_area,palestine-exploration-quarterly_1907,1907,,8,,,gerizim_area,NORTH,strong,Nablus,inscriptions,graves|tomb,discovered|found,1,B_space
H0550,1,dropped,apparatus,palestine-exploration-quarterly_1907:9:beth_shean,palestine-exploration-quarterly_1907,1907,,9,,,beth_shean,NORTH,strong,Beth-Shean,inscription|inscriptions|seal,tomb,found,2,B_space
H0551,1,dropped,apparatus,palestine-exploration-quarterly_1907:9:gerizim_area,palestine-exploration-quarterly_1907,1907,,9,,,gerizim_area,NORTH,strong,Nablus,inscription,tomb,,1,B_space
H0552,1,dropped,apparatus,palestine-exploration-quarterly_1907:11:beth_shean,palestine-exploration-quarterly_1907,1907,,11,,,beth_shean,NORTH,strong,Beth-shean,coins,,,1,B_space
H0553,1,dropped,apparatus,palestine-exploration-quarterly_1907:11:jericho_area,palestine-exploration-quarterly_1907,1907,,11,,,jericho_area,JERICHO,strong,Jericho,inscriptions,caves|graves|tombs,excavations,2,B_space
H0554,1,dropped,other_place,palestine-exploration-quarterly_1907:13:doq,palestine-exploration-quarterly_1907,1907,,13,1,inferred,doq,JERICHO,strong,quarantine,inscriptions,caves,found,1,B_space
H0555,1,dropped,other_place,palestine-exploration-quarterly_1907:82:group:zadok,palestine-exploration-quarterly_1907,1907,,82,70,running_head,group:zadok,TEXT,strong,Zadok,coin,,,1,B_space
H0556,1,dropped,not_find,palestine-exploration-quarterly_1907:104:gerizim_area,palestine-exploration-quarterly_1907,1907,,104,92,running_head,gerizim_area,NORTH,feature,Nablus,,kokim|tomb|tombs,recently,5,B_space
H0557,1,dropped,not_find,palestine-exploration-quarterly_1907:111:beth_shean,palestine-exploration-quarterly_1907,1907,,111,99,page_numbers.json,beth_shean,NORTH,feature,Beis4n,,tomb,excavator|found,1,B_space
H0558,1,kept,,palestine-exploration-quarterly_1907:113:beth_shean,palestine-exploration-quarterly_1907,1907,,113,101,running_head,beth_shean,NORTH,strong,Scythopolis,manuscripts,tomb|tombs,discovering|found|hidden|recently,8,B_space
H0559,1,dropped,not_find,palestine-exploration-quarterly_1907:117:beth_shean,palestine-exploration-quarterly_1907,1907,,117,105,running_head,beth_shean,NORTH,strong,Beisan,treasure,,,4,B_space
H0560,1,dropped,other_place,palestine-exploration-quarterly_1907:143:gerizim_area,palestine-exploration-quarterly_1907,1907,,143,129,running_head,gerizim_area,NORTH,strong,Nablus,inscribed|jar|vessel,,found|picked up,2,B_space
H0561,1,kept,,palestine-exploration-quarterly_1907:144:beth_shean,palestine-exploration-quarterly_1907,1907,,144,130,running_head,beth_shean,NORTH,strong,Beisan,bronze|seal|vessel,,,4,B_space
H0562,1,dropped,duplicate_page,palestine-exploration-quarterly_1907:144:gerizim_area,palestine-exploration-quarterly_1907,1907,,144,130,running_head,gerizim_area,NORTH,strong,Nablus,bronze|seal|vessel,,,3,B_space
H0563,1,dropped,not_find,palestine-exploration-quarterly_1907:173:beth_shean,palestine-exploration-quarterly_1907,1907,,173,159,running_head,beth_shean,NORTH,strong,Scythopolis,coins|silver,,,1,B_space
H0564,1,dropped,not_find,palestine-exploration-quarterly_1907:181:tell_es_sultan,palestine-exploration-quarterly_1907,1907,,181,167,page_numbers.json,tell_es_sultan,JERICHO,feature,Ain es-Sultan,,tombs,digging|discovered|excavate|found|lately,1,B_space
H0565,1,kept,,palestine-exploration-quarterly_1907:252:ein_samiya,palestine-exploration-quarterly_1907,1907,,252,236,running_head,ein_samiya,SAMDES,strong,Samieh,inscription|inscriptions,,digging|discovered,1,B_space
H0566,1,kept,,palestine-exploration-quarterly_1907:253:ein_samiya,palestine-exploration-quarterly_1907,1907,,253,237,running_head,ein_samiya,SAMDES,strong,Samieh,inscription|inscriptions,,,1,B_space
H0567,1,dropped,other_place,palestine-exploration-quarterly_1907:258:transjordan,palestine-exploration-quarterly_1907,1907,,258,242,page_numbers.json,transjordan,TRANSJ,strong,Amathus,gold,tombs,,3,B_space
H0568,1,kept,,palestine-exploration-quarterly_1907:261:jericho_area,palestine-exploration-quarterly_1907,1907,,261,245,page_numbers.json,jericho_area,JERICHO,strong,Jericho,bronze|inscription|jar,,excavation|find|found,1,B_space
H0569,1,dropped,apparatus,palestine-exploration-quarterly_1907:348:jericho_area,palestine-exploration-quarterly_1907,1907,,348,332,inferred,jericho_area,JERICHO,feature,Jericho,,sepulchre,discovery,1,B_space
H0570,1,dropped,apparatus,palestine-exploration-quarterly_1908:9:gerizim_area,palestine-exploration-quarterly_1908,1908,,9,,,gerizim_area,NORTH,strong,Nablus,inscribed,,,2,B_space
H0571,1,dropped,apparatus,palestine-exploration-quarterly_1908:10:gerizim_area,palestine-exploration-quarterly_1908,1908,,10,,,gerizim_area,NORTH,strong,Nablus,bronze|golden|inscriptions,tomb,,1,B_space
H0572,1,dropped,apparatus,palestine-exploration-quarterly_1908:11:gerizim_area,palestine-exploration-quarterly_1908,1908,,11,,,gerizim_area,NORTH,strong,Jacob’s Well,inscription,,,1,B_space
H0573,1,dropped,apparatus,palestine-exploration-quarterly_1908:14:gerizim_area,palestine-exploration-quarterly_1908,1908,,14,,,gerizim_area,NORTH,strong,Jacob’s Well,bronze|golden|inscribed|inscription|inscriptions,sepulchre,found,3,B_space
H0574,1,dropped,apparatus,palestine-exploration-quarterly_1908:15:gerizim_area,palestine-exploration-quarterly_1908,1908,,15,,,gerizim_area,NORTH,strong,Jacob’s Well,inscriptions|jar,,,1,B_space
H0575,1,dropped,apparatus,palestine-exploration-quarterly_1908:15:qelt_generic,palestine-exploration-quarterly_1908,1908,,15,,,qelt_generic,JERICHO,strong,Cherith,inscriptions,,,1,B_space
H0576,1,dropped,apparatus,palestine-exploration-quarterly_1908:16:gerizim_area,palestine-exploration-quarterly_1908,1908,,16,,,gerizim_area,NORTH,strong,Nablus,golden|inscriptions,sepulchre,discoveries,2,B_space
H0577,1,dropped,not_find,palestine-exploration-quarterly_1908:78:beth_horon,palestine-exploration-quarterly_1908,1908,,78,54,running_head,beth_horon,WEST,feature,Beth-horon,,cavern,excavated,2,B_space
H0578,1,kept,,palestine-exploration-quarterly_1908:110:ein_samiya,palestine-exploration-quarterly_1908,1908,,110,86,running_head,ein_samiya,SAMDES,strong,Samieh,bronze,,find|found,1,B_space
H0579,1,dropped,too_vague,palestine-exploration-quarterly_1908:256:tekoa_herodium,palestine-exploration-quarterly_1908,1908,,256,230,running_head,tekoa_herodium,SOUTH,feature,Tekoa,,tombs,excavation,2,B_space
H0580,1,dropped,other_place,palestine-exploration-quarterly_1908:257:ein_feshkha,palestine-exploration-quarterly_1908,1908,,257,231,page_numbers.json,ein_feshkha,QUMRAN,strong,Feshkhah,copper,graves,recently,2,B_space
H0581,1,dropped,other_place,palestine-exploration-quarterly_1908:257:mar_saba,palestine-exploration-quarterly_1908,1908,,257,231,page_numbers.json,mar_saba,DESERT,strong,Mar Saba,copper,graves,recently,1,B_space
H0582,1,dropped,not_find,palestine-exploration-quarterly_1908:274:gerizim_area,palestine-exploration-quarterly_1908,1908,,274,248,running_head,gerizim_area,NORTH,strong,JACOBS WELL,vessel,,bought|dug,5,B_space
H0583,1,kept,,palestine-exploration-quarterly_1908:372:gerizim_area,palestine-exploration-quarterly_1908,1908,,372,340,running_head,gerizim_area,NORTH,strong,Ndblus,bronze,,digging|discovered|found,2,B_space
H0584,1,dropped,not_find,palestine-exploration-quarterly_1908:373:gerizim_area,palestine-exploration-quarterly_1908,1908,,373,341,running_head,gerizim_area,NORTH,strong,NABLUS,bronze|inscriptions,tomb,found|opened|recently,1,B_space
H0585,1,dropped,apparatus,palestine-exploration-quarterly_1909:4:gerizim_area,palestine-exploration-quarterly_1909,1909,,4,,,gerizim_area,NORTH,strong,Nablus,bronze|coin|inscription|inscriptions|seals,,,3,B_space
H0586,1,dropped,apparatus,palestine-exploration-quarterly_1909:6:dok_generic,palestine-exploration-quarterly_1909,1909,,6,,,dok_generic,JERICHO,strong,Dagon,coin,,discovery,1,B_space
H0587,1,dropped,apparatus,palestine-exploration-quarterly_1909:7:gerizim_area,palestine-exploration-quarterly_1909,1909,,7,,,gerizim_area,NORTH,strong,Jacob’s Well,inscriptions|jar|seals,,excavations,2,B_space
H0588,1,dropped,apparatus,palestine-exploration-quarterly_1909:7:jericho_area,palestine-exploration-quarterly_1909,1909,,7,,,jericho_area,JERICHO,strong,Jericho,jar|seals,,excavations,2,B_space
H0589,1,kept,,palestine-exploration-quarterly_1909:30:jericho_area,palestine-exploration-quarterly_1909,1909,,30,22,page_numbers.json,jericho_area,JERICHO,strong,Jericho,seal|seals,,discovered,1,B_space
H0590,1,dropped,not_find,palestine-exploration-quarterly_1909:59:gerizim_area,palestine-exploration-quarterly_1909,1909,,59,47,page_numbers.json,gerizim_area,NORTH,feature,Jacob’s well,,tomb,excavation,2,B_space
H0591,1,dropped,not_find,palestine-exploration-quarterly_1909:85:gerizim_area,palestine-exploration-quarterly_1909,1909,,85,73,page_numbers.json,gerizim_area,NORTH,strong,Nablus,bronze,,recently,1,B_space
H0592,1,kept,,palestine-exploration-quarterly_1909:86:gerizim_area,palestine-exploration-quarterly_1909,1909,,86,74,running_head,gerizim_area,NORTH,strong,Nadblus,bronze,tomb,discoveries|found|lately,6,B_space
H0593,1,dropped,not_find,palestine-exploration-quarterly_1909:90:gerizim_area,palestine-exploration-quarterly_1909,1909,,90,78,running_head,gerizim_area,NORTH,strong,Nablus,bronze,,digging,1,B_space
H0594,1,dropped,not_find,palestine-exploration-quarterly_1909:136:gerizim,palestine-exploration-quarterly_1909,1909,,136,120,running_head,gerizim,NORTH,strong,Gerizim,inscriptions|sarcophagi,,,2,B_space
H0595,1,dropped,not_find,palestine-exploration-quarterly_1909:150:muhalhil,palestine-exploration-quarterly_1909,1909,,150,134,running_head,muhalhil,DESERT,strong,Neby Mousa,vessel,,find,1,B_space
H0596,1,kept,,palestine-exploration-quarterly_1909:197:ein_samiya,palestine-exploration-quarterly_1909,1909,,197,181,running_head,ein_samiya,SAMDES,strong,Samieh,inscription,,excavation,1,B_space
H0597,1,dropped,not_find,palestine-exploration-quarterly_1909:236:jericho_area,palestine-exploration-quarterly_1909,1909,,236,216,running_head,jericho_area,JERICHO,feature,Jericho,,tomb,found,1,B_space
H0598,1,dropped,other_place,palestine-exploration-quarterly_1909:259:jericho_area,palestine-exploration-quarterly_1909,1909,,259,239,running_head,jericho_area,JERICHO,strong,Riha,inscriptions,,,1,B_space
H0599,1,dropped,not_find,palestine-exploration-quarterly_1909:293:gerizim_area,palestine-exploration-quarterly_1909,1909,,293,273,running_head,gerizim_area,NORTH,feature,Shechem,,tomb,discovered,1,B_space
H0600,1,dropped,not_find,palestine-exploration-quarterly_1909:294:dok_generic,palestine-exploration-quarterly_1909,1909,,294,274,running_head,dok_generic,JERICHO,strong,Dagon,seal,,found,7,B_space
H0601,1,kept,,palestine-exploration-quarterly_1909:307:jericho_area,palestine-exploration-quarterly_1909,1909,,307,287,running_head,jericho_area,JERICHO,strong,Jericho,coins|inscribed|jar,,found,1,B_space
H0602,1,dropped,not_find,palestine-exploration-quarterly_1909:311:jericho_area,palestine-exploration-quarterly_1909,1909,,311,291,running_head,jericho_area,JERICHO,strong,Jericho,jar,pit,discovered|found,1,B_space
H0603,1,dropped,not_find,palestine-exploration-quarterly_1909:317:jericho_area,palestine-exploration-quarterly_1909,1909,,317,297,page_numbers.json,jericho_area,JERICHO,strong,Jericho,jar|seal,,,1,B_space
H0604,1,dropped,apparatus,palestine-exploration-quarterly_1910:4:gerizim_area,palestine-exploration-quarterly_1910,1910,,4,,,gerizim_area,NORTH,strong,Jacob’s Well,inscription,,,1,B_space
H0605,1,dropped,apparatus,palestine-exploration-quarterly_1910:6:gerizim_area,palestine-exploration-quarterly_1910,1910,,6,,,gerizim_area,NORTH,strong,Jacob’s Well,inscription|inscriptions,,excavations,1,B_space
H0606,1,dropped,apparatus,palestine-exploration-quarterly_1910:6:jericho_area,palestine-exploration-quarterly_1910,1910,,6,,,jericho_area,JERICHO,strong,Jericho,inscriptions,,excavations,1,B_space
H0607,1,dropped,apparatus,palestine-exploration-quarterly_1910:7:gerizim_area,palestine-exploration-quarterly_1910,1910,,7,,,gerizim_area,NORTH,feature,Shechem,,sepulchre,excavations,1,B_space
H0608,1,kept,,palestine-exploration-quarterly_1910:69:jericho_area,palestine-exploration-quarterly_1910,1910,,69,59,running_head,jericho_area,JERICHO,feature,Jericho,,tomb,excavation|excavations|unearthed,6,B_space
H0609,1,kept,,palestine-exploration-quarterly_1910:70:jericho_area,palestine-exploration-quarterly_1910,1910,,70,60,running_head,jericho_area,JERICHO,feature,JERICHO,,graves,excavations,2,B_space
H0610,1,dropped,not_find,palestine-exploration-quarterly_1910:73:jericho_area,palestine-exploration-quarterly_1910,1910,,73,63,running_head,jericho_area,JERICHO,strong,JERICHO,bronze,,excavations|found,5,B_space
H0611,1,dropped,not_find,palestine-exploration-quarterly_1910:75:jericho_area,palestine-exploration-quarterly_1910,1910,,75,65,running_head,jericho_area,JERICHO,strong,JERICHO,jar,,excavations|find,7,B_space
H0612,1,dropped,not_find,palestine-exploration-quarterly_1910:83:jericho_area,palestine-exploration-quarterly_1910,1910,,83,73,page_numbers.json,jericho_area,JERICHO,strong,Jericho,treasures,,excavations,1,B_space
H0613,1,dropped,other_place,palestine-exploration-quarterly_1910:123:gerizim_area,palestine-exploration-quarterly_1910,1910,,123,107,running_head,gerizim_area,NORTH,strong,Nablus,sarcophagi,cave,,1,B_space
H0614,1,dropped,not_find,palestine-exploration-quarterly_1910:148:gerizim_area,palestine-exploration-quarterly_1910,1910,,148,132,page_numbers.json,gerizim_area,NORTH,feature,Jacob’s Well,,tomb,dug,9,B_space
H0615,1,dropped,not_find,palestine-exploration-quarterly_1910:149:gerizim_area,palestine-exploration-quarterly_1910,1910,,149,133,running_head,gerizim_area,NORTH,feature,Shechem,,tomb,dug,8,B_space
H0616,1,dropped,not_find,palestine-exploration-quarterly_1910:151:gerizim_area,palestine-exploration-quarterly_1910,1910,,151,135,running_head,gerizim_area,NORTH,feature,Nablus,,cistern,found,4,B_space
H0617,1,dropped,not_find,palestine-exploration-quarterly_1910:170:beth_shean,palestine-exploration-quarterly_1910,1910,,170,154,running_head,beth_shean,NORTH,strong,Beth-Shean,lamps,,brought to light,1,B_space
H0618,1,dropped,apparatus,palestine-exploration-quarterly_1910:185:jericho_area,palestine-exploration-quarterly_1910,1910,,185,167,running_head,jericho_area,JERICHO,strong,Jericho,inscriptions,,excavations,1,B_space
H0619,1,dropped,not_find,palestine-exploration-quarterly_1910:283:gerizim_area,palestine-exploration-quarterly_1910,1910,,283,255,page_numbers.json,gerizim_area,NORTH,feature,Sichem,,caves,discovered,1,A_joined
H0620,1,dropped,not_find,palestine-exploration-quarterly_1910:321:jericho_area,palestine-exploration-quarterly_1910,1910,,321,293,page_numbers.json,jericho_area,JERICHO,strong,Jericho,inscriptions|seal,,discovery|excavations,2,B_space
H0621,1,dropped,apparatus,palestine-exploration-quarterly_1910:330:jericho_area,palestine-exploration-quarterly_1910,1910,,330,302,inferred,jericho_area,JERICHO,feature,Jericho,,sepulchre,discovery,1,B_space
H0622,1,dropped,apparatus,palestine-exploration-quarterly_1910:336:jericho_area,palestine-exploration-quarterly_1910,1910,,336,308,inferred,jericho_area,JERICHO,feature,Jericho,,sepulchre,discovery,1,B_space
H0623,1,dropped,apparatus,palestine-exploration-quarterly_1910:342:jericho_area,palestine-exploration-quarterly_1910,1910,,342,314,inferred,jericho_area,JERICHO,feature,Jericho,,sepulchre,discovery,1,B_space
H0624,1,dropped,apparatus,palestine-exploration-quarterly_1910:348:jericho_area,palestine-exploration-quarterly_1910,1910,,348,320,inferred,jericho_area,JERICHO,feature,Jericho,,sepulchre,discovery,1,B_space
H0625,1,dropped,apparatus,palestine-exploration-quarterly_1910:356:jericho_area,palestine-exploration-quarterly_1910,1910,,356,328,inferred,jericho_area,JERICHO,feature,Jericho,,sepulchre,discovery,1,B_space
H0626,1,dropped,apparatus,palestine-exploration-quarterly_1910:362:jericho_area,palestine-exploration-quarterly_1910,1910,,362,334,inferred,jericho_area,JERICHO,feature,Jericho,,sepulchre,discovery,1,B_space
H0627,1,dropped,apparatus,palestine-exploration-quarterly_1910:368:jericho_area,palestine-exploration-quarterly_1910,1910,,368,340,inferred,jericho_area,JERICHO,feature,Jericho,,sepulchre,discovery,1,B_space
H0628,1,dropped,apparatus,palestine-exploration-quarterly_1910:374:jericho_area,palestine-exploration-quarterly_1910,1910,,374,6,page_numbers.json,jericho_area,JERICHO,feature,Jericho,,sepulchre,discovery,1,B_space
H0629,1,dropped,apparatus,palestine-exploration-quarterly_1911:5:ein_feshkha,palestine-exploration-quarterly_1911,1911,,5,,,ein_feshkha,QUMRAN,strong,Feshkhah,jar,,,2,B_space
H0630,1,dropped,not_find,palestine-exploration-quarterly_1911:113:beth_shean,palestine-exploration-quarterly_1911,1911,,113,101,running_head,beth_shean,NORTH,feature,Beth-shan,,tomb,buried,2,B_space
H0631,1,dropped,apparatus,palestine-exploration-quarterly_1911:134:beth_shean,palestine-exploration-quarterly_1911,1911,,134,120,running_head,beth_shean,NORTH,strong,Scythopolis,inscriptions,,,1,B_space
H0632,1,dropped,apparatus,palestine-exploration-quarterly_1911:134:jericho_area,palestine-exploration-quarterly_1911,1911,,134,120,running_head,jericho_area,JERICHO,strong,Jericho,inscriptions,,,1,B_space
H0633,1,dropped,apparatus,palestine-exploration-quarterly_1912:7:jericho_area,palestine-exploration-quarterly_1912,1912,,7,,,jericho_area,JERICHO,strong,Jericho,inscribed|ossuary,cisterns|sepulchre,discoveries|excavations|found,1,B_space
H0634,1,dropped,not_find,palestine-exploration-quarterly_1912:19:gerizim_area,palestine-exploration-quarterly_1912,1912,,19,11,page_numbers.json,gerizim_area,NORTH,strong,Nablus,gold,,,1,B_space
H0635,1,dropped,not_find,palestine-exploration-quarterly_1912:117:dok_generic,palestine-exploration-quarterly_1912,1912,,117,99,running_head,dok_generic,JERICHO,strong,Dagon,coins,,,2,B_space
H0636,1,dropped,not_find,palestine-exploration-quarterly_1912:137:jericho_area,palestine-exploration-quarterly_1912,1912,,137,119,running_head,jericho_area,JERICHO,feature,Jericho,,cave,find,4,B_space
H0637,1,dropped,apparatus,palestine-exploration-quarterly_1912:282:jericho_area,palestine-exploration-quarterly_1912,1912,,282,36,inferred,jericho_area,JERICHO,feature,Jericho,,sepulchre,discovery,1,B_space
H0638,1,dropped,apparatus,palestine-exploration-quarterly_1912:288:jericho_area,palestine-exploration-quarterly_1912,1912,,288,42,inferred,jericho_area,JERICHO,feature,Jericho,,sepulchre,discovery,1,B_space
H0639,1,dropped,apparatus,palestine-exploration-quarterly_1912:294:jericho_area,palestine-exploration-quarterly_1912,1912,,294,48,inferred,jericho_area,JERICHO,feature,Jericho,,sepulchre,discovery,1,B_space
H0640,1,dropped,apparatus,palestine-exploration-quarterly_1912:300:jericho_area,palestine-exploration-quarterly_1912,1912,,300,54,inferred,jericho_area,JERICHO,feature,Jericho,,sepulchre,discovery,1,B_space
H0641,1,dropped,apparatus,palestine-exploration-quarterly_1912:306:jericho_area,palestine-exploration-quarterly_1912,1912,,306,60,inferred,jericho_area,JERICHO,feature,Jericho,,sepulchre,discovery,1,B_space
H0642,1,dropped,apparatus,palestine-exploration-quarterly_1912:324:jericho_area,palestine-exploration-quarterly_1912,1912,,324,6,inferred,jericho_area,JERICHO,feature,Jericho,,sepulchre,discovery,1,B_space
H0643,1,dropped,apparatus,palestine-exploration-quarterly_1913:11:jericho_area,palestine-exploration-quarterly_1913,1913,,11,,,jericho_area,JERICHO,strong,Jericho,inscribed|inscription|inscriptions|ossuary,sepulchre,excavation,1,B_space
H0644,1,dropped,not_find,palestine-exploration-quarterly_1913:43:gerizim_area,palestine-exploration-quarterly_1913,1913,,43,27,page_numbers.json,gerizim_area,NORTH,feature,Shechem,,tomb,buried,2,B_space
H0645,1,dropped,not_find,palestine-exploration-quarterly_1913:49:jericho_area,palestine-exploration-quarterly_1913,1913,,49,31,page_numbers.json,jericho_area,JERICHO,feature,Jericho,,sepulchre,find,1,B_space
H0646,1,dropped,duplicate_page,palestine-exploration-quarterly_1913:61:jericho_area,palestine-exploration-quarterly_1913,1913,,61,43,running_head,jericho_area,JERICHO,strong,Jericho,treasure,,found,3,B_space
H0647,1,kept,,palestine-exploration-quarterly_1913:61:wadi_qumran,palestine-exploration-quarterly_1913,1913,,61,43,running_head,wadi_qumran,QUMRAN,strong,Wady Kumran,treasure,graves,found,1,B_space
H0648,1,dropped,apparatus,palestine-exploration-quarterly_1914:8:gerizim_area,palestine-exploration-quarterly_1914,1914,,8,,,gerizim_area,NORTH,strong,Shechem,sarcophagus,tombs,excavations,2,B_space
H0649,1,dropped,not_find,palestine-exploration-quarterly_1914:50:jericho_area,palestine-exploration-quarterly_1914,1914,,50,42,running_head,jericho_area,JERICHO,strong,Jericho,ossuary,,,1,B_space
H0650,1,dropped,not_find,palestine-exploration-quarterly_1914:85:gerizim_area,palestine-exploration-quarterly_1914,1914,,85,77,page_numbers.json,gerizim_area,NORTH,feature,Shechem,,tomb,buried|found,1,B_space
H0651,1,dropped,not_find,palestine-exploration-quarterly_1914:91:gerizim_area,palestine-exploration-quarterly_1914,1914,,91,83,running_head,gerizim_area,NORTH,feature,Shechem,,tomb|tombs,found,1,B_space
H0652,1,dropped,not_find,palestine-exploration-quarterly_1914:196:gerizim_area,palestine-exploration-quarterly_1914,1914,,196,186,running_head,gerizim_area,NORTH,strong,Neapolis,vessel,,,1,B_space
H0653,1,dropped,not_find,palestine-exploration-quarterly_1914:202:beth_shean,palestine-exploration-quarterly_1914,1914,,202,192,page_numbers.json,beth_shean,NORTH,strong,Scythopolis,coins,,,1,B_space
H0654,1,dropped,not_find,palestine-exploration-quarterly_1914:204:gerizim,palestine-exploration-quarterly_1914,1914,,204,194,running_head,gerizim,NORTH,strong,Gerizim,coins,,,4,B_space
H0655,1,dropped,not_find,palestine-exploration-quarterly_1914:204:gerizim_area,palestine-exploration-quarterly_1914,1914,,204,194,running_head,gerizim_area,NORTH,strong,Neapolis,coins,,,2,B_space
H0656,1,dropped,not_find,palestine-exploration-quarterly_1914:205:gerizim,palestine-exploration-quarterly_1914,1914,,205,195,running_head,gerizim,NORTH,strong,Gerizim,coins,,,2,B_space
H0657,1,dropped,not_find,palestine-exploration-quarterly_1914:205:gerizim_area,palestine-exploration-quarterly_1914,1914,,205,195,running_head,gerizim_area,NORTH,strong,Neapolis,coins,sepulchre,found,1,B_space
H0658,1,dropped,not_find,palestine-exploration-quarterly_1914:209:gerizim_area,palestine-exploration-quarterly_1914,1914,,209,199,running_head,gerizim_area,NORTH,strong,Neapolis,coins,,,1,B_space
H0659,1,dropped,other_place,palestine-exploration-quarterly_1914:216:gerizim_area,palestine-exploration-quarterly_1914,1914,,216,206,running_head,gerizim_area,NORTH,strong,Nablus,sarcophagus,,found|recently,1,B_space
H0660,1,dropped,apparatus,palestine-exploration-quarterly_1914:224:jericho_area,palestine-exploration-quarterly_1914,1914,,224,214,inferred,jericho_area,JERICHO,feature,Jericho,,sepulchre,discovery,1,B_space
H0661,1,dropped,apparatus,palestine-exploration-quarterly_1914:230:jericho_area,palestine-exploration-quarterly_1914,1914,,230,220,inferred,jericho_area,JERICHO,feature,Jericho,,sepulchre,discovery,1,B_space
H0662,1,dropped,apparatus,palestine-exploration-quarterly_1914:236:jericho_area,palestine-exploration-quarterly_1914,1914,,236,226,inferred,jericho_area,JERICHO,feature,Jericho,,sepulchre,discovery,1,B_space
H0663,1,dropped,apparatus,palestine-exploration-quarterly_1914:242:jericho_area,palestine-exploration-quarterly_1914,1914,,242,232,inferred,jericho_area,JERICHO,feature,Jericho,,sepulchre,discovery,1,B_space
H0664,1,dropped,apparatus,palestine-exploration-quarterly_1914:248:jericho_area,palestine-exploration-quarterly_1914,1914,,248,238,inferred,jericho_area,JERICHO,feature,Jericho,,sepulchre,discovery,1,B_space
H0665,1,dropped,apparatus,palestine-exploration-quarterly_1914:254:jericho_area,palestine-exploration-quarterly_1914,1914,,254,244,inferred,jericho_area,JERICHO,feature,Jericho,,sepulchre,discovery,1,B_space
H0666,1,dropped,apparatus,palestine-exploration-quarterly_1914:260:jericho_area,palestine-exploration-quarterly_1914,1914,,260,2,inferred,jericho_area,JERICHO,feature,Jericho,,sepulchre,discovery,1,B_space
H0667,1,dropped,apparatus,palestine-exploration-quarterly_1914:264:jericho_area,palestine-exploration-quarterly_1914,1914,,264,6,running_head,jericho_area,JERICHO,feature,Jericho,,sepulchre,hidden,1,B_space
H0668,2,dropped,apparatus,palestine-exploration-quarterly_1869-1870:11:jer_temple,palestine-exploration-quarterly_1869-1870,1867-69,reports,11,,,jer_temple,JER,strong,Haram,gold|inscription,tombs,discovery,1,B_space
H0669,2,dropped,apparatus,palestine-exploration-quarterly_1869-1870:12:jer_bethesda,palestine-exploration-quarterly_1869-1870,1867-69,reports,12,,,jer_bethesda,JER,strong,Bethesda,inscription|jar,,excavations,1,B_space
H0670,2,dropped,apparatus,palestine-exploration-quarterly_1869-1870:12:jer_tyropoeon,palestine-exploration-quarterly_1869-1870,1867-69,reports,12,,,jer_tyropoeon,JER,strong,Robinson’s Arch,inscription|jar,tomb|tombs,excavations,1,B_space
H0671,2,dropped,not_find,palestine-exploration-quarterly_1869-1870:23:jer_south_wall,palestine-exploration-quarterly_1869-1870,1867-69,reports,23,11,running_head,jer_south_wall,JER,strong,single gate,golden,vaults,excavating|excavation|found,2,B_space
H0672,2,kept,,palestine-exploration-quarterly_1869-1870:23:jer_temple,palestine-exploration-quarterly_1869-1870,1867-69,reports,23,11,running_head,jer_temple,JER,strong,Haram,golden,vaults,excavating|excavation|found,3,B_space
H0673,2,dropped,other_place,palestine-exploration-quarterly_1869-1870:27:jer_se_corner,palestine-exploration-quarterly_1869-1870,1867-69,reports,27,15,running_head,jer_se_corner,JER,strong,south-east angle,golden,,discovered|found|opening,1,B_space
H0674,2,kept,,palestine-exploration-quarterly_1869-1870:27:mount_zion,palestine-exploration-quarterly_1869-1870,1867-69,reports,27,15,running_head,mount_zion,JER,strong,Coenaculum,golden,,discovered|found|opening,1,B_space
H0675,2,dropped,not_find,palestine-exploration-quarterly_1869-1870:28:jer_east_gate,palestine-exploration-quarterly_1869-1870,1867-69,reports,28,16,running_head,jer_east_gate,JER,strong,Golden Gate,golden,,discovered|excavation|find|opened|opening|uncovered,2,B_space
H0676,2,dropped,other_place,palestine-exploration-quarterly_1869-1870:34:jer_temple,palestine-exploration-quarterly_1869-1870,1867-69,reports,34,22,page_numbers.json,jer_temple,JER,strong,Haram,treasure,,found,2,B_space
H0677,2,dropped,apparatus,palestine-exploration-quarterly_1869-1870:42:kidron_generic,palestine-exploration-quarterly_1869-1870,1867-69,reports,42,30,page_numbers.json,kidron_generic,JER,strong,Wady en-Nar,lamp,tomb,found|obtained,2,B_space
H0678,2,kept,,palestine-exploration-quarterly_1869-1870:51:siloam_generic,palestine-exploration-quarterly_1869-1870,1867-69,reports,51,39,running_head,siloam_generic,JER,strong,Siloam,treasure,,found,2,B_space
H0679,2,dropped,not_find,palestine-exploration-quarterly_1869-1870:81:jer_south_wall,palestine-exploration-quarterly_1869-1870,1867-69,reports,81,69,running_head,jer_south_wall,JER,strong,Triple Gate,golden,,find,9,B_space
H0680,2,kept,,palestine-exploration-quarterly_1869-1870:97:jer_se_corner,palestine-exploration-quarterly_1869-1870,1867-69,reports,97,85,running_head,jer_se_corner,JER,strong,S.E. angle,jar,,clearing|find|found,2,B_space
H0681,2,kept,,palestine-exploration-quarterly_1869-1870:105:jer_south_wall,palestine-exploration-quarterly_1869-1870,1867-69,reports,105,93,running_head,jer_south_wall,JER,strong,triple gate,lamps,,broken into|found,2,B_space
H0682,2,kept,,palestine-exploration-quarterly_1869-1870:109:jer_bethesda,palestine-exploration-quarterly_1869-1870,1867-69,reports,109,97,running_head,jer_bethesda,JER,strong,Birket Israil,inscriptions,,fallen in,1,B_space
H0683,2,kept,,palestine-exploration-quarterly_1869-1870:112:jer_bethesda,palestine-exploration-quarterly_1869-1870,1867-69,reports,112,100,running_head,jer_bethesda,JER,strong,Birket Israil,inscriptions|lamps,,found,1,B_space
H0684,2,dropped,duplicate_page,palestine-exploration-quarterly_1869-1870:112:jer_se_corner,palestine-exploration-quarterly_1869-1870,1867-69,reports,112,100,running_head,jer_se_corner,JER,strong,south-east angle,inscriptions|lamps,,found,1,B_space
H0685,2,kept,,palestine-exploration-quarterly_1869-1870:112:jer_siloam,palestine-exploration-quarterly_1869-1870,1867-69,reports,112,100,running_head,jer_siloam,JER,strong,Pool of Siloam,inscriptions|lamps,,found,1,B_space
H0686,2,dropped,duplicate_page,palestine-exploration-quarterly_1869-1870:112:jer_temple,palestine-exploration-quarterly_1869-1870,1867-69,reports,112,100,running_head,jer_temple,JER,strong,Haram,inscriptions|lamps,,found,3,B_space
H0687,2,dropped,not_find,palestine-exploration-quarterly_1869-1870:113:jer_bethesda,palestine-exploration-quarterly_1869-1870,1867-69,reports,113,101,running_head,jer_bethesda,JER,strong,Birket Israil,golden,,found,5,B_space
H0688,2,kept,,palestine-exploration-quarterly_1869-1870:113:jer_se_corner,palestine-exploration-quarterly_1869-1870,1867-69,reports,113,101,running_head,jer_se_corner,JER,strong,south-east angle,jar|jars,,found,1,B_space
H0689,2,dropped,duplicate_page,palestine-exploration-quarterly_1869-1870:113:jer_temple,palestine-exploration-quarterly_1869-1870,1867-69,reports,113,101,running_head,jer_temple,JER,strong,Haram,jar|jars,,found,2,B_space
H0690,2,kept,,palestine-exploration-quarterly_1869-1870:113:jer_tyropoeon,palestine-exploration-quarterly_1869-1870,1867-69,reports,113,101,running_head,jer_tyropoeon,JER,strong,Robinson’s Arch,jar,,found,1,B_space
H0691,2,dropped,not_find,palestine-exploration-quarterly_1869-1870:118:jer_east_gate,palestine-exploration-quarterly_1869-1870,1867-69,reports,118,104,running_head,jer_east_gate,JER,strong,Golden Gate,golden,sepulchre|tomb|tombs,digging,3,B_space
H0692,2,dropped,not_find,palestine-exploration-quarterly_1869-1870:118:jer_temple,palestine-exploration-quarterly_1869-1870,1867-69,reports,118,104,running_head,jer_temple,JER,strong,Dome of the Rock,golden,sepulchre|tomb,concealed,3,B_space
H0693,2,dropped,not_find,palestine-exploration-quarterly_1869-1870:118:mount_zion,palestine-exploration-quarterly_1869-1870,1867-69,reports,118,104,running_head,mount_zion,JER,strong,tomb of David,golden,sepulchre,,2,B_space
H0694,2,kept,,palestine-exploration-quarterly_1869-1870:120:jer_east_gate,palestine-exploration-quarterly_1869-1870,1867-69,reports,120,106,running_head,jer_east_gate,JER,strong,Golden Gate,golden,,obtained,6,B_space
H0695,2,dropped,duplicate_page,palestine-exploration-quarterly_1869-1870:120:jer_temple,palestine-exploration-quarterly_1869-1870,1867-69,reports,120,106,running_head,jer_temple,JER,strong,Haram,golden,,obtained,2,B_space
H0696,2,kept,,palestine-exploration-quarterly_1869-1870:127:jer_temple,palestine-exploration-quarterly_1869-1870,1867-69,reports,127,113,page_numbers.json,jer_temple,JER,strong,Haram,lamp|scrolls,,came upon|excavation,6,B_space
H0697,2,kept,,palestine-exploration-quarterly_1869-1870:130:jer_bethesda,palestine-exploration-quarterly_1869-1870,1867-69,reports,130,116,running_head,jer_bethesda,JER,strong,Birket Israil,golden,,excavations|found|picked up,1,B_space
H0698,2,dropped,not_find,palestine-exploration-quarterly_1869-1870:132:jer_temple,palestine-exploration-quarterly_1869-1870,1867-69,reports,132,118,running_head,jer_temple,JER,strong,Haram,golden,,,7,B_space
H0699,2,dropped,not_find,palestine-exploration-quarterly_1869-1870:132:kidron_generic,palestine-exploration-quarterly_1869-1870,1867-69,reports,132,118,running_head,kidron_generic,JER,strong,Kedron,golden,,,1,B_space
H0700,2,dropped,not_find,palestine-exploration-quarterly_1869-1870:136:jer_bethesda,palestine-exploration-quarterly_1869-1870,1867-69,reports,136,122,running_head,jer_bethesda,JER,strong,Birket Israil,golden,,,1,B_space
H0701,2,dropped,not_find,palestine-exploration-quarterly_1869-1870:136:jer_temple,palestine-exploration-quarterly_1869-1870,1867-69,reports,136,122,running_head,jer_temple,JER,strong,Haram,golden,,,5,B_space
H0702,2,dropped,not_find,palestine-exploration-quarterly_1869-1870:138:jer_se_corner,palestine-exploration-quarterly_1869-1870,1867-69,reports,138,124,running_head,jer_se_corner,JER,strong,south-east angle,coin,,found,5,B_space
H0703,2,dropped,not_find,palestine-exploration-quarterly_1869-1870:138:jer_south_wall,palestine-exploration-quarterly_1869-1870,1867-69,reports,138,124,running_head,jer_south_wall,JER,strong,Double Gate,coin,,,15,B_space
H0704,2,dropped,not_find,palestine-exploration-quarterly_1869-1870:138:jer_temple,palestine-exploration-quarterly_1869-1870,1867-69,reports,138,124,running_head,jer_temple,JER,strong,Dome of the Rock,coin,,,1,B_space
H0705,2,kept,,palestine-exploration-quarterly_1869-1870:140:jer_tyropoeon,palestine-exploration-quarterly_1869-1870,1867-69,reports,140,126,running_head,jer_tyropoeon,JER,strong,Wilson’s Arch,inscription|lamps,,found,9,B_space
H0706,2,kept,,palestine-exploration-quarterly_1869-1870:144:jer_tyropoeon,palestine-exploration-quarterly_1869-1870,1867-69,reports,144,130,page_numbers.json,jer_tyropoeon,JER,strong,Robinson’s Arch,inscription|lamps,,came upon,4,B_space
H0707,2,dropped,not_find,palestine-exploration-quarterly_1869-1870:153:jer_temple,palestine-exploration-quarterly_1869-1870,1867-69,reports,153,139,running_head,jer_temple,JER,strong,Haram,golden,,excavations|found,2,B_space
H0708,2,dropped,other_place,palestine-exploration-quarterly_1869-1870:157:jer_se_corner,palestine-exploration-quarterly_1869-1870,1867-69,reports,157,143,running_head,jer_se_corner,JER,strong,south-east angle,inscription,,found,1,B_space
H0709,2,dropped,other_place,palestine-exploration-quarterly_1869-1870:157:jer_temple,palestine-exploration-quarterly_1869-1870,1867-69,reports,157,143,running_head,jer_temple,JER,strong,Haram,inscription,,found,1,B_space
H0710,2,kept,,palestine-exploration-quarterly_1869-1870:162:jer_temple,palestine-exploration-quarterly_1869-1870,1867-69,reports,162,148,running_head,jer_temple,JER,strong,Haram,copper|lamp,cavern,found,4,B_space
H0711,2,kept,,palestine-exploration-quarterly_1869-1870:167:jer_bir_ayyub,palestine-exploration-quarterly_1869-1870,1867-69,reports,167,152,page_numbers.json,jer_bir_ayyub,JER,strong,Bir Eyub,sarcophagus,cistern|grotto,found,2,B_space
H0712,2,dropped,not_find,palestine-exploration-quarterly_1869-1870:174:jer_bethesda,palestine-exploration-quarterly_1869-1870,1869,no1,174,6,page_numbers.json,jer_bethesda,JER,strong,Birket Israil,golden,vaults,found,4,B_space
H0713,2,dropped,not_find,palestine-exploration-quarterly_1869-1870:174:jer_siloam,palestine-exploration-quarterly_1869-1870,1869,no1,174,6,page_numbers.json,jer_siloam,JER,strong,Pool of Siloam,golden,vaults,found,1,B_space
H0714,2,dropped,not_find,palestine-exploration-quarterly_1869-1870:174:jer_south_wall,palestine-exploration-quarterly_1869-1870,1869,no1,174,6,page_numbers.json,jer_south_wall,JER,strong,Triple Gate,golden,vaults,found,1,B_space
H0715,2,dropped,not_find,palestine-exploration-quarterly_1869-1870:174:jer_temple,palestine-exploration-quarterly_1869-1870,1869,no1,174,6,page_numbers.json,jer_temple,JER,strong,Haram,golden,vaults,found,2,B_space
H0716,2,dropped,not_find,palestine-exploration-quarterly_1869-1870:174:jer_tyropoeon,palestine-exploration-quarterly_1869-1870,1869,no1,174,6,page_numbers.json,jer_tyropoeon,JER,strong,Robinson’s Arch,golden,vaults,found,2,B_space
H0717,2,dropped,not_find,palestine-exploration-quarterly_1869-1870:199:jer_se_corner,palestine-exploration-quarterly_1869-1870,1869,no2,199,31,page_numbers.json,jer_se_corner,JER,strong,south-east angle,golden,,discovery|excavation|found,1,B_space
H0718,2,dropped,not_find,palestine-exploration-quarterly_1869-1870:199:jer_temple,palestine-exploration-quarterly_1869-1870,1869,no2,199,31,page_numbers.json,jer_temple,JER,strong,Dome of the Rock,golden,,discovery|excavation|found,3,B_space
H0719,2,kept,,palestine-exploration-quarterly_1869-1870:204:jer_temple,palestine-exploration-quarterly_1869-1870,1869,no2,204,36,running_head,jer_temple,JER,strong,Aksa,inscription,tomb,discover,2,B_space
H0720,2,kept,,palestine-exploration-quarterly_1869-1870:204:kidron_generic,palestine-exploration-quarterly_1869-1870,1869,no2,204,36,running_head,kidron_generic,JER,strong,Valley of Jehoshaphat,inscription,tomb,buried|discover,1,B_space
H0721,2,dropped,not_find,palestine-exploration-quarterly_1869-1870:216:jer_temple,palestine-exploration-quarterly_1869-1870,1869,no2,216,46,running_head,jer_temple,JER,strong,Haram,vessels,cistern,opening,3,B_space
H0722,2,dropped,not_find,palestine-exploration-quarterly_1869-1870:220:jer_temple,palestine-exploration-quarterly_1869-1870,1869,no2,220,50,running_head,jer_temple,JER,strong,Haram,golden,,excavations,9,B_space
H0723,2,dropped,not_find,palestine-exploration-quarterly_1869-1870:220:jer_tyropoeon,palestine-exploration-quarterly_1869-1870,1869,no2,220,50,running_head,jer_tyropoeon,JER,strong,Wilson’s Arch,golden,,buried|excavations|found,2,B_space
H0724,2,dropped,not_find,palestine-exploration-quarterly_1869-1870:236:jer_tombs_kings,palestine-exploration-quarterly_1869-1870,1869,no3,236,66,running_head,jer_tombs_kings,JER,strong,Tombs of the Kings,sarcophagus,tomb,found,1,B_space
H0725,2,dropped,ocr_noise,palestine-exploration-quarterly_1869-1870:261:jer_baqa,palestine-exploration-quarterly_1869-1870,1869,no3,261,89,running_head,jer_baqa,JER,strong,baked,lamp,,,1,B_space
H0726,2,dropped,not_find,palestine-exploration-quarterly_1869-1870:271:jer_bethesda,palestine-exploration-quarterly_1869-1870,1869,no3,271,99,running_head,jer_bethesda,JER,strong,Bethesda,golden,sepulchre,,1,B_space
H0727,2,dropped,not_find,palestine-exploration-quarterly_1869-1870:271:jer_temple,palestine-exploration-quarterly_1869-1870,1869,no3,271,99,running_head,jer_temple,JER,strong,Haram,golden,,,4,B_space
H0728,2,dropped,not_find,palestine-exploration-quarterly_1869-1870:271:jer_tyropoeon,palestine-exploration-quarterly_1869-1870,1869,no3,271,99,running_head,jer_tyropoeon,JER,strong,Robinson’s Arch,golden,sepulchre,,1,B_space
H0729,2,kept,,palestine-exploration-quarterly_1869-1870:289:jer_temple,palestine-exploration-quarterly_1869-1870,1870,no4,289,117,running_head,jer_temple,JER,strong,Haram,copper|golden|lamps,cave|cavern,excavated|found,1,B_space
H0730,2,dropped,not_find,palestine-exploration-quarterly_1869-1870:289:jer_tyropoeon,palestine-exploration-quarterly_1869-1870,1870,no4,289,117,running_head,jer_tyropoeon,JER,strong,Robinson’s Arch,golden,cave|cavern|vaults,discoveries|excavated,2,B_space
H0731,2,dropped,other_place,palestine-exploration-quarterly_1869-1870:309:jer_temple,palestine-exploration-quarterly_1869-1870,1870,no4,309,137,running_head,jer_temple,JER,strong,Haram,sarcophagus,,find,2,B_space
H0732,2,dropped,other_place,palestine-exploration-quarterly_1869-1870:312:jer_temple,palestine-exploration-quarterly_1869-1870,1870,no4,312,140,running_head,jer_temple,JER,strong,Haram,sarcophagi|sarcophagus,tombs,found,1,B_space
H0733,2,dropped,other_place,palestine-exploration-quarterly_1869-1870:313:jer_se_corner,palestine-exploration-quarterly_1869-1870,1870,no4,313,141,page_numbers.json,jer_se_corner,JER,strong,south-east angle,inscription,,found|lately,2,B_space
H0734,2,dropped,other_place,palestine-exploration-quarterly_1869-1870:404:jer_temple,palestine-exploration-quarterly_1869-1870,1870,no4,404,232,running_head,jer_temple,JER,strong,Haram,inscription,tomb,,2,B_space
H0735,2,dropped,not_find,palestine-exploration-quarterly_1869-1870:425:jer_siloam,palestine-exploration-quarterly_1869-1870,1870,no4,425,253,page_numbers.json,jer_siloam,JER,strong,Ain Sitti Mariam,vessels,,,4,B_space
H0736,2,dropped,not_find,palestine-exploration-quarterly_1869-1870:425:siloam_generic,palestine-exploration-quarterly_1869-1870,1870,no4,425,253,page_numbers.json,siloam_generic,JER,strong,Siloam,vessels,,,2,B_space
H0737,2,dropped,apparatus,palestine-exploration-quarterly_1869-1870:450:jer_tyropoeon,palestine-exploration-quarterly_1869-1870,1870,no4,450,278,running_head,jer_tyropoeon,JER,strong,Robinson’s Arch,gold,tombs,excavation,1,B_space
H0738,2,dropped,not_find,palestine-exploration-quarterly_1869-1870:495:jer_temple,palestine-exploration-quarterly_1869-1870,1870,no6,495,323,running_head,jer_temple,JER,strong,Haram,inscription|inscriptions,,,1,B_space
H0739,2,kept,,palestine-exploration-quarterly_1869-1870:502:jer_tyropoeon,palestine-exploration-quarterly_1869-1870,1870,no6,502,330,running_head,jer_tyropoeon,JER,strong,Robinson’s Arch,inscription,,found|obtained,2,B_space
H0740,2,dropped,not_find,palestine-exploration-quarterly_1869-1870:512:jer_bethesda,palestine-exploration-quarterly_1869-1870,1870,no6,512,340,running_head,jer_bethesda,JER,strong,Birket Israil,golden,chamber,find|found,3,B_space
H0741,2,dropped,not_find,palestine-exploration-quarterly_1869-1870:513:jer_se_corner,palestine-exploration-quarterly_1869-1870,1870,no6,513,341,page_numbers.json,jer_se_corner,JER,strong,south-east angle,golden,,,1,B_space
H0742,2,dropped,not_find,palestine-exploration-quarterly_1869-1870:513:jer_temple,palestine-exploration-quarterly_1869-1870,1870,no6,513,341,page_numbers.json,jer_temple,JER,strong,Haram,golden,,,3,B_space
H0743,2,dropped,not_find,palestine-exploration-quarterly_1869-1870:514:jer_se_corner,palestine-exploration-quarterly_1869-1870,1870,no6,514,342,running_head,jer_se_corner,JER,strong,south-east angle,golden,,,3,B_space
H0744,2,dropped,not_find,palestine-exploration-quarterly_1869-1870:514:jer_temple,palestine-exploration-quarterly_1869-1870,1870,no6,514,342,running_head,jer_temple,JER,strong,Haram,golden,,found,2,B_space
H0745,2,dropped,not_find,palestine-exploration-quarterly_1869-1870:515:jer_east_gate,palestine-exploration-quarterly_1869-1870,1870,no6,515,343,page_numbers.json,jer_east_gate,JER,strong,Golden Gate,inscribed,,,2,B_space
H0746,2,dropped,not_find,palestine-exploration-quarterly_1869-1870:515:jer_se_corner,palestine-exploration-quarterly_1869-1870,1870,no6,515,343,page_numbers.json,jer_se_corner,JER,strong,south-east angle,golden|inscribed,,,4,B_space
H0747,2,dropped,not_find,palestine-exploration-quarterly_1869-1870:515:jer_south_wall,palestine-exploration-quarterly_1869-1870,1870,no6,515,343,page_numbers.json,jer_south_wall,JER,strong,Double Gate,golden,,,2,B_space
H0748,2,dropped,not_find,palestine-exploration-quarterly_1869-1870:515:jer_temple,palestine-exploration-quarterly_1869-1870,1870,no6,515,343,page_numbers.json,jer_temple,JER,strong,dome of the rock,golden|inscribed,,,2,B_space
H0749,2,dropped,not_find,palestine-exploration-quarterly_1869-1870:515:kidron_generic,palestine-exploration-quarterly_1869-1870,1870,no6,515,343,page_numbers.json,kidron_generic,JER,strong,Kedron,golden|inscribed,,,1,B_space
H0750,2,kept,,palestine-exploration-quarterly_1869-1870:544:kidron_generic,palestine-exploration-quarterly_1869-1870,1870,no7,544,370,running_head,kidron_generic,JER,strong,Kedron,golden,tombs,buried|discovery|found,1,B_space
H0751,2,dropped,not_find,palestine-exploration-quarterly_1869-1870:546:jer_bethesda,palestine-exploration-quarterly_1869-1870,1870,no7,546,372,running_head,jer_bethesda,JER,strong,Birket Israil,inscription,,discovery,1,B_space
H0752,2,dropped,apparatus,palestine-exploration-quarterly_1869-1870:571:jer_bethesda,palestine-exploration-quarterly_1869-1870,1870,no7,571,395,page_numbers.json,jer_bethesda,JER,strong,Bethesda,inscription|inscriptions|jar,,discovery,1,B_space
H0753,2,dropped,apparatus,palestine-exploration-quarterly_1869-1870:571:jer_temple,palestine-exploration-quarterly_1869-1870,1870,no7,571,395,page_numbers.json,jer_temple,JER,strong,Haram,inscription|inscriptions|jar,tomb|tombs,discovery,1,B_space
H0754,2,dropped,not_find,palestine-exploration-quarterly_1871_1:48:jer_temple,palestine-exploration-quarterly_1871_1,1871,no1,48,40,running_head,jer_temple,JER,strong,Haram,inscriptions|manuscripts,,,3,B_space
H0755,2,dropped,not_find,palestine-exploration-quarterly_1871_1:89:jer_temple,palestine-exploration-quarterly_1871_1,1871,no1,89,73,page_numbers.json,jer_temple,JER,strong,Haram,inscriptions|manuscripts,,found,1,B_space
H0756,2,kept,,palestine-exploration-quarterly_1871_2:23:jer_south_wall,palestine-exploration-quarterly_1871_2,1871,no2,23,103,page_numbers.json,jer_south_wall,JER,strong,southern wall of the Haram,inscription,,found,1,B_space
H0757,2,dropped,not_find,palestine-exploration-quarterly_1871_2:23:siloam_generic,palestine-exploration-quarterly_1871_2,1871,no2,23,103,page_numbers.json,siloam_generic,JER,strong,Siloam,inscription,cave,discovered|discoveries|obtained,1,B_space
H0758,2,kept,,palestine-exploration-quarterly_1871_2:25:jer_kidron_mon,palestine-exploration-quarterly_1871_2,1871,no2,25,105,running_head,jer_kidron_mon,JER,strong,Absalom,inscription|sarcophagus,tomb,cleared|discover|excavations|find,1,B_space
H0759,2,dropped,not_find,palestine-exploration-quarterly_1871_2:40:jer_temple,palestine-exploration-quarterly_1871_2,1871,no2,40,118,running_head,jer_temple,JER,strong,Haram,inscriptions,,,1,B_space
H0760,2,dropped,not_find,palestine-exploration-quarterly_1871_3:5:jer_temple,palestine-exploration-quarterly_1871_3,1871,no3,5,127,page_numbers.json,jer_temple,JER,strong,Sakhrah,treasure,,,10,B_space
H0761,2,dropped,not_find,palestine-exploration-quarterly_1871_3:6:jer_temple,palestine-exploration-quarterly_1871_3,1871,no3,6,128,running_head,jer_temple,JER,strong,Sakhrah,gold,,opening,6,B_space
H0762,2,dropped,not_find,palestine-exploration-quarterly_1871_3:7:jer_temple,palestine-exploration-quarterly_1871_3,1871,no3,7,129,page_numbers.json,jer_temple,JER,strong,Sakhrah,gold|silver,,,6,B_space
H0763,2,dropped,not_find,palestine-exploration-quarterly_1871_3:8:jer_temple,palestine-exploration-quarterly_1871_3,1871,no3,8,130,running_head,jer_temple,JER,strong,el Aksa,lamps,,,5,B_space
H0764,2,dropped,not_find,palestine-exploration-quarterly_1871_3:9:jer_temple,palestine-exploration-quarterly_1871_3,1871,no3,9,131,page_numbers.json,jer_temple,JER,strong,HARAM,inscription,,,10,B_space
H0765,2,dropped,not_find,palestine-exploration-quarterly_1871_3:19:jer_temple,palestine-exploration-quarterly_1871_3,1871,no3,19,141,running_head,jer_temple,JER,strong,Mosque of Omar,inscriptions,,excavations,1,B_space
H0766,2,dropped,not_find,palestine-exploration-quarterly_1871_4:8:jer_temple,palestine-exploration-quarterly_1871_4,1871,no4,8,164,running_head,jer_temple,JER,strong,HARAM,inscription,,obtained,6,B_space
H0767,2,dropped,not_find,palestine-exploration-quarterly_1871_4:10:jer_temple,palestine-exploration-quarterly_1871_4,1871,no4,10,166,running_head,jer_temple,JER,strong,Haram,gold|silver,,,3,B_space
H0768,2,dropped,not_find,palestine-exploration-quarterly_1871_4:13:jer_temple,palestine-exploration-quarterly_1871_4,1871,no4,13,169,running_head,jer_temple,JER,strong,Sakhrah,inscription|inscriptions,,found,4,B_space
H0769,2,dropped,other_place,palestine-exploration-quarterly_1872-07:6:jer_temple,palestine-exploration-quarterly_1872-07,1872,07,6,82,page_numbers.json,jer_temple,JER,strong,harem,gold,,,1,B_space
H0770,2,kept,,palestine-exploration-quarterly_1872-07:41:jer_temple,palestine-exploration-quarterly_1872-07,1872,07,41,117,page_numbers.json,jer_temple,JER,strong,Mosque of Omar,inscription,,buried|uncover,1,B_space
H0771,2,kept,,palestine-exploration-quarterly_1872-07:42:jer_bethesda,palestine-exploration-quarterly_1872-07,1872,07,42,118,running_head,jer_bethesda,JER,strong,Bethesda,inscription|inscriptions,caverns,found,1,B_space
H0772,2,kept,,palestine-exploration-quarterly_1872-07:42:siloam_generic,palestine-exploration-quarterly_1872-07,1872,07,42,118,running_head,siloam_generic,JER,strong,Siloam,inscriptions,,discovered,1,B_space
H0773,2,dropped,not_find,palestine-exploration-quarterly_1872-10:16:jer_se_corner,palestine-exploration-quarterly_1872-10,1872,10,16,166,running_head,jer_se_corner,JER,strong,south-east corner of the Haram,golden,chamber,,1,B_space
H0774,2,dropped,not_find,palestine-exploration-quarterly_1872-10:16:jer_temple,palestine-exploration-quarterly_1872-10,1872,10,16,166,running_head,jer_temple,JER,strong,El Aksa,golden,chamber,,3,B_space
H0775,2,dropped,duplicate_page,palestine-exploration-quarterly_1872-10:20:jer_kidron_mon,palestine-exploration-quarterly_1872-10,1872,10,20,170,running_head,jer_kidron_mon,JER,strong,Absalom,inscription,tomb|tombs,,1,B_space
H0776,2,kept,,palestine-exploration-quarterly_1872-10:20:kidron_generic,palestine-exploration-quarterly_1872-10,1872,10,20,170,running_head,kidron_generic,JER,strong,Kedron,inscription,tombs,,2,B_space
H0777,2,kept,,palestine-exploration-quarterly_1872-10:20:siloam_generic,palestine-exploration-quarterly_1872-10,1872,10,20,170,running_head,siloam_generic,JER,strong,Siloam,inscriptions,sepulchres|tomb|tombs,discovered,2,B_space
H0778,2,dropped,not_find,palestine-exploration-quarterly_1872-10:21:siloam_generic,palestine-exploration-quarterly_1872-10,1872,10,21,171,running_head,siloam_generic,JER,strong,Siloam,inscriptions,,,1,B_space
H0779,2,dropped,not_find,palestine-exploration-quarterly_1873-01:10:jer_temple,palestine-exploration-quarterly_1873-01,1873,01,10,10,running_head,jer_temple,JER,strong,Haram,inscriptions,,,2,B_space
H0780,2,kept,,palestine-exploration-quarterly_1873-04:30:jer_temple,palestine-exploration-quarterly_1873-04,1873,04,30,68,running_head,jer_temple,JER,strong,Dome of the Rock,coin,,found|turned up|uncovered,1,B_space
H0781,2,kept,,palestine-exploration-quarterly_1873-04:34:jer_east_gate,palestine-exploration-quarterly_1873-04,1873,04,34,72,running_head,jer_east_gate,JER,strong,Golden Gate,inscription,,finds|found,1,B_space
H0782,2,dropped,not_find,palestine-exploration-quarterly_1873-07:12:jer_temple,palestine-exploration-quarterly_1873-07,1873,07,12,90,running_head,jer_temple,JER,strong,Haram,treasures,,,3,B_space
H0783,2,dropped,not_find,palestine-exploration-quarterly_1873-10:13:jer_temple,palestine-exploration-quarterly_1873-10,1873,10,13,147,running_head,jer_temple,JER,strong,Haram,golden,,found,1,B_space
H0784,2,dropped,not_find,palestine-exploration-quarterly_1873-10:18:jer_bethesda,palestine-exploration-quarterly_1873-10,1873,10,18,152,running_head,jer_bethesda,JER,strong,Birket Israel,golden,,discovered,1,B_space
H0785,2,kept,,palestine-exploration-quarterly_1873-10:20:jer_temple,palestine-exploration-quarterly_1873-10,1873,10,20,154,running_head,jer_temple,JER,strong,Kubbet es Sakhrah,inscription,,discovered|uncovering,2,B_space
H0786,2,kept,,palestine-exploration-quarterly_1873-10:21:jer_temple,palestine-exploration-quarterly_1873-10,1873,10,21,155,running_head,jer_temple,JER,strong,Dome of the Rock,inscription,tombs,discovered|lately|opened,2,B_space
H0787,2,dropped,not_find,palestine-exploration-quarterly_1873-10:22:jer_temple,palestine-exploration-quarterly_1873-10,1873,10,22,156,running_head,jer_temple,JER,strong,Dome of the Rock,inscription,,find,2,B_space
H0788,2,dropped,not_find,palestine-exploration-quarterly_1873-10:23:jer_temple,palestine-exploration-quarterly_1873-10,1873,10,23,157,page_numbers.json,jer_temple,JER,strong,Haram,inscription,,found,3,B_space
H0789,2,dropped,not_find,palestine-exploration-quarterly_1873-10:24:jer_bethesda,palestine-exploration-quarterly_1873-10,1873,10,24,158,running_head,jer_bethesda,JER,strong,Bethesda,lamp|seals,,discovered|found,1,B_space
H0790,2,kept,,palestine-exploration-quarterly_1874-01:7:jer_temple,palestine-exploration-quarterly_1874-01,1874,01,7,7,page_numbers.json,jer_temple,JER,strong,Haram,inscriptions,,brought to light,1,B_space
H0791,2,kept,,palestine-exploration-quarterly_1874-01:9:jer_tombs_kings,palestine-exploration-quarterly_1874-01,1874,01,9,9,page_numbers.json,jer_tombs_kings,JER,strong,Tombs of the Kings,inscription|sarcophagus,,,1,B_space
H0792,2,dropped,not_find,palestine-exploration-quarterly_1874-04:34:jer_temple,palestine-exploration-quarterly_1874-04,1874,04,34,66,page_numbers.json,jer_temple,JER,strong,el Aksa,inscription,,,6,A_joined
H0793,2,dropped,duplicate_page,palestine-exploration-quarterly_1874-04:53:siloam_generic,palestine-exploration-quarterly_1874-04,1874,04,53,85,running_head,siloam_generic,JER,strong,Silwan,inscribed|inscriptions,,excavations|found,1,B_space
H0794,2,kept,,palestine-exploration-quarterly_1874-04:59:jer_temple,palestine-exploration-quarterly_1874-04,1874,04,59,91,running_head,jer_temple,JER,strong,Haram,inscrip,,found,3,B_space
H0795,2,dropped,other_place,palestine-exploration-quarterly_1874-04:65:jer_se_corner,palestine-exploration-quarterly_1874-04,1874,04,65,97,running_head,jer_se_corner,JER,strong,south-east angle,gold,sepulchres|tombs,,1,B_space
H0796,2,dropped,not_find,palestine-exploration-quarterly_1874-04:65:jer_temple,palestine-exploration-quarterly_1874-04,1874,04,65,97,running_head,jer_temple,JER,strong,Kubbet es Sakhra,inscription|lamp|sarcophagus,tomb|tombs,discovered|found|lately,3,B_space
H0797,2,kept,,palestine-exploration-quarterly_1874-04:66:jer_tombs_kings,palestine-exploration-quarterly_1874-04,1874,04,66,98,page_numbers.json,jer_tombs_kings,JER,strong,Tombs of the Kings,jar,tombs,find,2,B_space
H0798,2,kept,,palestine-exploration-quarterly_1874-04:70:siloam_generic,palestine-exploration-quarterly_1874-04,1874,04,70,102,running_head,siloam_generic,JER,strong,Silwan,sarcophagus,caves|cisterns|sepulchral,excavated|find,1,B_space
H0799,2,kept,,palestine-exploration-quarterly_1874-04:75:mount_zion,palestine-exploration-quarterly_1874-04,1874,04,75,107,running_head,mount_zion,JER,strong,Mount Zion,vessels,sepulchres|tomb,excavatio|excavation|found,1,B_space
H0800,2,dropped,other_place,palestine-exploration-quarterly_1874-04:76:kidron_generic,palestine-exploration-quarterly_1874-04,1874,04,76,108,page_numbers.json,kidron_generic,JER,strong,Valley of Jehoshaphat,sarcophagi,cavern,found,1,B_space
H0801,2,kept,,palestine-exploration-quarterly_1874-04:77:siloam_generic,palestine-exploration-quarterly_1874-04,1874,04,77,109,running_head,siloam_generic,JER,strong,Silwan,inscrip|sarcophagi,tomb|tombs,find|found,1,B_space
H0802,2,dropped,ocr_noise,palestine-exploration-quarterly_1874-04:84:jer_baqa,palestine-exploration-quarterly_1874-04,1874,04,84,116,running_head,jer_baqa,JER,strong,baked,coins,,,5,B_space
H0803,2,dropped,ocr_noise,palestine-exploration-quarterly_1874-04:85:jer_baqa,palestine-exploration-quarterly_1874-04,1874,04,85,117,page_numbers.json,jer_baqa,JER,strong,baked,vessels,,,2,B_space
H0804,2,dropped,ocr_noise,palestine-exploration-quarterly_1874-04:88:jer_baqa,palestine-exploration-quarterly_1874-04,1874,04,88,120,running_head,jer_baqa,JER,strong,baked,jars,,found,1,B_space
H0805,2,dropped,not_find,palestine-exploration-quarterly_1874-07:8:jer_temple,palestine-exploration-quarterly_1874-07,1874,07,8,136,page_numbers.json,jer_temple,JER,strong,Haram,inscrip|inscriptions,,excavation,7,B_space
H0806,2,kept,,palestine-exploration-quarterly_1874-07:9:jer_temple,palestine-exploration-quarterly_1874-07,1874,07,9,137,running_head,jer_temple,JER,strong,Haram,inscription,,buried,12,B_space
H0807,2,dropped,not_find,palestine-exploration-quarterly_1874-07:18:jer_temple,palestine-exploration-quarterly_1874-07,1874,07,18,146,page_numbers.json,jer_temple,JER,strong,Haram,sarcophagi|sarcophagus,chamber|sepulchre,found,1,B_space
H0808,2,kept,,palestine-exploration-quarterly_1874-07:37:jer_east_gate,palestine-exploration-quarterly_1874-07,1874,07,37,165,running_head,jer_east_gate,JER,strong,east wall of the Haram,golden,,excavation,2,B_space
H0809,2,dropped,not_find,palestine-exploration-quarterly_1874-07:78:siloam_generic,palestine-exploration-quarterly_1874-07,1874,07,78,206,running_head,siloam_generic,JER,strong,Siloam,inscription,,bought,1,B_space
H0810,2,kept,,palestine-exploration-quarterly_1874-07:81:jer_south_wall,palestine-exploration-quarterly_1874-07,1874,07,81,209,running_head,jer_south_wall,JER,strong,Double Gate,inscription,,found,1,B_space
H0811,2,kept,,palestine-exploration-quarterly_1874-10:45:jer_temple,palestine-exploration-quarterly_1874-10,1874,10,45,261,page_numbers.json,jer_temple,JER,strong,Haram,inscribed|inscription,,,5,B_space
H0812,2,dropped,not_find,palestine-exploration-quarterly_1874-10:46:jer_east_gate,palestine-exploration-quarterly_1874-10,1874,10,46,262,page_numbers.json,jer_east_gate,JER,strong,Bab er rahmé,inscription,,found,1,B_space
H0813,2,dropped,not_find,palestine-exploration-quarterly_1874-10:46:jer_temple,palestine-exploration-quarterly_1874-10,1874,10,46,262,page_numbers.json,jer_temple,JER,strong,Haram,inscription,,opened,5,B_space
H0814,2,dropped,not_find,palestine-exploration-quarterly_1874-10:47:jer_temple,palestine-exploration-quarterly_1874-10,1874,10,47,263,running_head,jer_temple,JER,strong,Haram,vessel,,found,7,B_space
H0815,2,kept,,palestine-exploration-quarterly_1875-01:54:jer_temple,palestine-exploration-quarterly_1875-01,1875,01,54,56,running_head,jer_temple,JER,strong,SAKHRA,inscription,,found,3,B_space
H0816,2,dropped,not_find,palestine-exploration-quarterly_1875-01:55:jer_temple,palestine-exploration-quarterly_1875-01,1875,01,55,57,running_head,jer_temple,JER,strong,SAKHRA,inscription,,found,1,B_space
H0817,2,dropped,not_find,palestine-exploration-quarterly_1875-04:42:jer_east_gate,palestine-exploration-quarterly_1875-04,1875,04,42,98,running_head,jer_east_gate,JER,strong,Golden Gate,golden,cisterns,found|obtained,4,B_space
H0818,2,dropped,not_find,palestine-exploration-quarterly_1875-04:42:jer_se_corner,palestine-exploration-quarterly_1875-04,1875,04,42,98,running_head,jer_se_corner,JER,strong,south- east angle,golden,,obtained,1,B_space
H0819,2,dropped,not_find,palestine-exploration-quarterly_1875-04:42:jer_temple,palestine-exploration-quarterly_1875-04,1875,04,42,98,running_head,jer_temple,JER,strong,Noble Sanctuary,golden,,,1,B_space
H0820,2,dropped,not_find,palestine-exploration-quarterly_1875-04:42:kidron_generic,palestine-exploration-quarterly_1875-04,1875,04,42,98,running_head,kidron_generic,JER,strong,Cedron,golden,,,1,B_space
H0821,2,dropped,not_find,palestine-exploration-quarterly_1875-04:47:jer_siloam,palestine-exploration-quarterly_1875-04,1875,04,47,103,running_head,jer_siloam,JER,strong,Gihon,inscription,grotto,find,2,B_space
H0822,2,kept,,palestine-exploration-quarterly_1876-07:13:jer_tombs_kings,palestine-exploration-quarterly_1876-07,1876,07,13,119,running_head,jer_tombs_kings,JER,strong,tombs of the kings,sarcophagi,chambers,come upon|discoveries|find,1,B_space
H0823,2,dropped,not_find,palestine-exploration-quarterly_1877-04:22:jer_temple,palestine-exploration-quarterly_1877-04,1877,04,22,88,running_head,jer_temple,JER,strong,Haram,treasure,,,5,B_space
H0824,2,dropped,not_find,palestine-exploration-quarterly_1877-10:1:jer_gethsemane,palestine-exploration-quarterly_1877-10,1877,10,1,159,inferred,jer_gethsemane,JER,strong,Church of the Virgin,inscriptions,,,1,B_space
H0825,2,dropped,not_find,palestine-exploration-quarterly_1877-10:40:mount_zion,palestine-exploration-quarterly_1877-10,1877,10,40,198,running_head,mount_zion,JER,strong,tomb of David,treasures,sepulchres|tomb,buried,2,B_space
H0826,2,kept,,palestine-exploration-quarterly_1878-01:2:jer_temple,palestine-exploration-quarterly_1878-01,1878,01,2,2,running_head,jer_temple,JER,strong,Haram,brass|bronze|silver|vessel,vault,found,1,B_space
H0827,2,dropped,not_find,palestine-exploration-quarterly_1878-01:33:jer_tombs_kings,palestine-exploration-quarterly_1878-01,1878,01,33,33,running_head,jer_tombs_kings,JER,strong,tomb of Helena,sarcophagus,chamber,found,1,B_space
H0828,2,dropped,other_place,palestine-exploration-quarterly_1878-04:16:jer_tombs_kings,palestine-exploration-quarterly_1878-04,1878,04,16,62,page_numbers.json,jer_tombs_kings,JER,strong,tombs of the kings,inscription,tombs,,2,B_space
H0829,2,dropped,ocr_noise,palestine-exploration-quarterly_1878-04:43:jer_baqa,palestine-exploration-quarterly_1878-04,1878,04,43,89,running_head,jer_baqa,JER,strong,baked,inscriptions|jars,,,1,B_space
H0830,2,dropped,not_find,palestine-exploration-quarterly_1879-01:51:jer_temple,palestine-exploration-quarterly_1879-01,1879,01,51,53,inferred,jer_temple,JER,strong,Dome of the Rock,inscriptions,,found,7,B_space
H0831,2,dropped,not_find,palestine-exploration-quarterly_1880-01:15:jer_temple,palestine-exploration-quarterly_1880-01,1880,01,15,13,running_head,jer_temple,JER,strong,HARAM,jars|lamps,,,5,B_space
H0832,2,dropped,not_find,palestine-exploration-quarterly_1880-01:15:jer_tyropoeon,palestine-exploration-quarterly_1880-01,1880,01,15,13,running_head,jer_tyropoeon,JER,strong,Robinson’s Arch,jars|lamps,,excavations|found,5,B_space
H0833,2,dropped,not_find,palestine-exploration-quarterly_1880-01:61:jer_bethesda,palestine-exploration-quarterly_1880-01,1880,01,61,41,running_head,jer_bethesda,JER,strong,Birket Israil,golden,tombs,excavation|excavations,1,B_space
H0834,2,dropped,not_find,palestine-exploration-quarterly_1880-01:61:jer_east_gate,palestine-exploration-quarterly_1880-01,1880,01,61,41,running_head,jer_east_gate,JER,strong,Golden Gate,golden,,,5,B_space
H0835,2,dropped,not_find,palestine-exploration-quarterly_1880-01:61:jer_temple,palestine-exploration-quarterly_1880-01,1880,01,61,41,running_head,jer_temple,JER,strong,HARAM,golden,,,2,B_space
H0836,2,dropped,not_find,palestine-exploration-quarterly_1880-01:61:kidron_generic,palestine-exploration-quarterly_1880-01,1880,01,61,41,running_head,kidron_generic,JER,strong,Kedron,golden,tombs,excavations,1,B_space
H0837,2,dropped,not_find,palestine-exploration-quarterly_1880-01:64:jer_temple,palestine-exploration-quarterly_1880-01,1880,01,64,44,running_head,jer_temple,JER,strong,Haram,golden,,found,4,B_space
H0838,2,dropped,not_find,palestine-exploration-quarterly_1880-01:66:jer_se_corner,palestine-exploration-quarterly_1880-01,1880,01,66,46,running_head,jer_se_corner,JER,strong,south-east angle,golden,vaults,,2,B_space
H0839,2,dropped,not_find,palestine-exploration-quarterly_1880-01:66:jer_temple,palestine-exploration-quarterly_1880-01,1880,01,66,46,running_head,jer_temple,JER,strong,Haram,golden,vaults,,4,B_space
H0840,2,kept,,palestine-exploration-quarterly_1880-01:67:jer_east_gate,palestine-exploration-quarterly_1880-01,1880,01,67,47,page_numbers.json,jer_east_gate,JER,strong,Golden Gate,golden,,excavations|found,3,B_space
H0841,2,dropped,not_find,palestine-exploration-quarterly_1880-01:67:jer_se_corner,palestine-exploration-quarterly_1880-01,1880,01,67,47,page_numbers.json,jer_se_corner,JER,strong,south-east angle,golden,,excavation,2,B_space
H0842,2,dropped,not_find,palestine-exploration-quarterly_1880-01:67:jer_temple,palestine-exploration-quarterly_1880-01,1880,01,67,47,page_numbers.json,jer_temple,JER,strong,HARAM,golden,,found,6,B_space
H0843,2,dropped,not_find,palestine-exploration-quarterly_1880-01:68:jer_se_corner,palestine-exploration-quarterly_1880-01,1880,01,68,48,running_head,jer_se_corner,JER,strong,south-east angle,golden,,,5,B_space
H0844,2,dropped,duplicate_page,palestine-exploration-quarterly_1880-01:74:jer_se_corner,palestine-exploration-quarterly_1880-01,1880,01,74,54,page_numbers.json,jer_se_corner,JER,strong,south-east angle,coins|inscriptions|jar,,found,1,B_space
H0845,2,kept,,palestine-exploration-quarterly_1880-01:75:jer_se_corner,palestine-exploration-quarterly_1880-01,1880,01,75,55,page_numbers.json,jer_se_corner,JER,strong,south-east angle,inscriptions|jar,,obtained,11,B_space
H0846,2,dropped,duplicate_page,palestine-exploration-quarterly_1880-01:75:jer_south_wall,palestine-exploration-quarterly_1880-01,1880,01,75,55,page_numbers.json,jer_south_wall,JER,strong,Single Gate,jar,,,8,B_space
H0847,2,dropped,duplicate_page,palestine-exploration-quarterly_1880-01:75:jer_temple,palestine-exploration-quarterly_1880-01,1880,01,75,55,page_numbers.json,jer_temple,JER,strong,HARAM,inscriptions|jar,,obtained,1,B_space
H0848,2,dropped,not_find,palestine-exploration-quarterly_1880-01:80:jer_east_gate,palestine-exploration-quarterly_1880-01,1880,01,80,60,inferred,jer_east_gate,JER,strong,Golden Gate,inscription,,,1,B_space
H0849,2,dropped,duplicate_page,palestine-exploration-quarterly_1880-01:80:jer_temple,palestine-exploration-quarterly_1880-01,1880,01,80,60,inferred,jer_temple,JER,strong,HARAM,golden,,,3,B_space
H0850,2,dropped,not_find,palestine-exploration-quarterly_1880-01:81:jer_temple,palestine-exploration-quarterly_1880-01,1880,01,81,61,inferred,jer_temple,JER,strong,Haram,seal,,came upon|cleared|found,4,B_space
H0851,2,kept,,palestine-exploration-quarterly_1880-04:2:jer_se_corner,palestine-exploration-quarterly_1880-04,1880,04,2,68,running_head,jer_se_corner,JER,strong,Solomon’s Stables,copper|inscriptions,,,1,B_space
H0852,2,dropped,not_find,palestine-exploration-quarterly_1880-04:2:jer_temple,palestine-exploration-quarterly_1880-04,1880,04,2,68,running_head,jer_temple,JER,strong,Sakhrah,copper|inscriptions,,,4,B_space
H0853,2,dropped,not_find,palestine-exploration-quarterly_1880-04:22:jer_temple,palestine-exploration-quarterly_1880-04,1880,04,22,84,running_head,jer_temple,JER,strong,Haram,golden,,,11,B_space
H0854,2,dropped,not_find,palestine-exploration-quarterly_1880-04:28:jer_se_corner,palestine-exploration-quarterly_1880-04,1880,04,28,90,running_head,jer_se_corner,JER,strong,S.E. angle,golden,,,1,B_space
H0855,2,dropped,not_find,palestine-exploration-quarterly_1880-04:28:jer_temple,palestine-exploration-quarterly_1880-04,1880,04,28,90,running_head,jer_temple,JER,strong,Haram,golden,,,1,B_space
H0856,2,dropped,not_find,palestine-exploration-quarterly_1880-04:28:kidron_generic,palestine-exploration-quarterly_1880-04,1880,04,28,90,running_head,kidron_generic,JER,strong,Kedron,golden,,,1,B_space
H0857,2,dropped,not_find,palestine-exploration-quarterly_1880-04:31:jer_se_corner,palestine-exploration-quarterly_1880-04,1880,04,31,93,running_head,jer_se_corner,JER,strong,south-east angle,golden,,found,2,B_space
H0858,2,dropped,not_find,palestine-exploration-quarterly_1880-04:31:jer_temple,palestine-exploration-quarterly_1880-04,1880,04,31,93,running_head,jer_temple,JER,strong,Haram,golden,vaults,,9,B_space
H0859,2,dropped,not_find,palestine-exploration-quarterly_1880-04:37:jer_east_gate,palestine-exploration-quarterly_1880-04,1880,04,37,99,running_head,jer_east_gate,JER,strong,Bab er Rahmeh,golden,,find|obtained,2,B_space
H0860,2,dropped,not_find,palestine-exploration-quarterly_1880-04:41:jer_temple,palestine-exploration-quarterly_1880-04,1880,04,41,103,running_head,jer_temple,JER,strong,el Aksa,golden,,,1,B_space
H0861,2,dropped,not_find,palestine-exploration-quarterly_1880-07:3:jer_temple,palestine-exploration-quarterly_1880-07,1880,07,3,129,running_head,jer_temple,JER,strong,Sakhrah,inscrip,,,3,B_space
H0862,2,dropped,not_find,palestine-exploration-quarterly_1880-07:37:jer_se_corner,palestine-exploration-quarterly_1880-07,1880,07,37,161,running_head,jer_se_corner,JER,strong,south-east angle,golden,,,2,B_space
H0863,2,dropped,not_find,palestine-exploration-quarterly_1880-07:41:jer_temple,palestine-exploration-quarterly_1880-07,1880,07,41,165,running_head,jer_temple,JER,strong,Haram,golden,,found,4,B_space
H0864,2,kept,,palestine-exploration-quarterly_1880-10:48:jer_siloam,palestine-exploration-quarterly_1880-10,1880,10,48,238,running_head,jer_siloam,JER,strong,POOL OF SILOAM,inscription,,,8,B_space
H0865,2,dropped,not_find,palestine-exploration-quarterly_1880-10:49:jer_siloam,palestine-exploration-quarterly_1880-10,1880,10,49,239,running_head,jer_siloam,JER,strong,Pool of Siloam,inscription,,,2,B_space
H0866,2,dropped,not_find,palestine-exploration-quarterly_1881-01:2:jer_siloam,palestine-exploration-quarterly_1881-01,1881,01,2,2,inferred,jer_siloam,JER,strong,Pool of Siloam,inscription,,discovered|found,1,B_space
H0867,2,dropped,not_find,palestine-exploration-quarterly_1881-01:16:jer_siloam,palestine-exploration-quarterly_1881-01,1881,01,16,16,running_head,jer_siloam,JER,strong,Pool of Siloam,inscription,,discovery|found|opened,1,B_space
H0868,2,dropped,not_find,palestine-exploration-quarterly_1881-04:2:jer_siloam,palestine-exploration-quarterly_1881-04,1881,04,2,64,running_head,jer_siloam,JER,strong,Pool of Siloam,inscription,,found,1,B_space
H0869,2,dropped,not_find,palestine-exploration-quarterly_1881-04:7:jer_siloam,palestine-exploration-quarterly_1881-04,1881,04,7,69,page_numbers.json,jer_siloam,JER,strong,POOL OF SILOAM,inscription,,discovery,4,B_space
H0870,2,dropped,not_find,palestine-exploration-quarterly_1881-04:8:siloam_generic,palestine-exploration-quarterly_1881-04,1881,04,8,70,page_numbers.json,siloam_generic,JER,strong,SILOAM,inscription,,,1,B_space
H0871,2,dropped,not_find,palestine-exploration-quarterly_1881-04:9:jer_siloam,palestine-exploration-quarterly_1881-04,1881,04,9,71,running_head,jer_siloam,JER,strong,POOL OF SILOAM,inscription,,,1,B_space
H0872,2,dropped,not_find,palestine-exploration-quarterly_1881-04:10:jer_siloam,palestine-exploration-quarterly_1881-04,1881,04,10,72,running_head,jer_siloam,JER,strong,POOL OF SILOAM,inscrip|inscription,,,2,B_space
H0873,2,dropped,not_find,palestine-exploration-quarterly_1881-07:2:jer_siloam,palestine-exploration-quarterly_1881-07,1881,07,2,128,page_numbers.json,jer_siloam,JER,strong,Pool of Siloam,inscription,,discovery,1,B_space
H0874,2,dropped,not_find,palestine-exploration-quarterly_1881-07:7:jer_siloam,palestine-exploration-quarterly_1881-07,1881,07,7,133,running_head,jer_siloam,JER,strong,Pool of Siloam,inscription,,found|recently|uncovering,1,B_space
H0875,2,dropped,not_find,palestine-exploration-quarterly_1881-07:16:siloam_generic,palestine-exploration-quarterly_1881-07,1881,07,16,140,inferred,siloam_generic,JER,strong,SILOAM,inscription,,,1,B_space
H0876,2,kept,,palestine-exploration-quarterly_1881-07:17:jer_siloam,palestine-exploration-quarterly_1881-07,1881,07,17,141,running_head,jer_siloam,JER,strong,POOL OF SILOAM,inscription,,accidentally|discovered|discovery,4,B_space
H0877,2,dropped,not_find,palestine-exploration-quarterly_1881-07:17:siloam_generic,palestine-exploration-quarterly_1881-07,1881,07,17,141,running_head,siloam_generic,JER,strong,Siloam,inscription,,excavated|excavators|found,1,B_space
H0878,2,kept,,palestine-exploration-quarterly_1881-07:18:jer_siloam,palestine-exploration-quarterly_1881-07,1881,07,18,142,running_head,jer_siloam,JER,strong,Pool of Siloam,inscription,,discovered,2,B_space
H0879,2,dropped,not_find,palestine-exploration-quarterly_1881-07:21:jer_siloam,palestine-exploration-quarterly_1881-07,1881,07,21,145,running_head,jer_siloam,JER,strong,POOL OF SILOAM,inscription,,discovered|found,2,B_space
H0880,2,dropped,not_find,palestine-exploration-quarterly_1881-07:21:siloam_generic,palestine-exploration-quarterly_1881-07,1881,07,21,145,running_head,siloam_generic,JER,strong,Siloam,inscription|inscriptions|seals,,found,3,B_space
H0881,2,dropped,not_find,palestine-exploration-quarterly_1881-07:22:siloam_generic,palestine-exploration-quarterly_1881-07,1881,07,22,146,running_head,siloam_generic,JER,strong,Siloam,inscription,,,3,B_space
H0882,2,dropped,not_find,palestine-exploration-quarterly_1881-07:23:jer_siloam,palestine-exploration-quarterly_1881-07,1881,07,23,147,running_head,jer_siloam,JER,strong,POOL OF SILOAM,inscriptions,,discovered,2,B_space
H0883,2,dropped,not_find,palestine-exploration-quarterly_1881-07:23:jer_temple,palestine-exploration-quarterly_1881-07,1881,07,23,147,running_head,jer_temple,JER,strong,Temple area,inscription,,,1,B_space
H0884,2,dropped,not_find,palestine-exploration-quarterly_1881-07:24:jer_temple,palestine-exploration-quarterly_1881-07,1881,07,24,148,running_head,jer_temple,JER,strong,Temple area,inscription|inscriptions,,discoveries|find|found,1,B_space
H0885,2,dropped,not_find,palestine-exploration-quarterly_1881-07:27:jer_siloam,palestine-exploration-quarterly_1881-07,1881,07,27,151,running_head,jer_siloam,JER,strong,Pool of Siloam,inscription,,find,2,B_space
H0886,2,dropped,not_find,palestine-exploration-quarterly_1881-07:29:jer_siloam,palestine-exploration-quarterly_1881-07,1881,07,29,153,running_head,jer_siloam,JER,strong,Pool of Siloam,inscription,,,5,B_space
H0887,2,dropped,not_find,palestine-exploration-quarterly_1881-07:29:siloam_generic,palestine-exploration-quarterly_1881-07,1881,07,29,153,running_head,siloam_generic,JER,strong,Shiloah,inscription,,discovered|found,2,B_space
H0888,2,dropped,not_find,palestine-exploration-quarterly_1881-07:30:jer_siloam,palestine-exploration-quarterly_1881-07,1881,07,30,154,running_head,jer_siloam,JER,strong,Pool of Siloam,inscription,,find|found,1,B_space
H0889,2,dropped,not_find,palestine-exploration-quarterly_1881-07:31:siloam_generic,palestine-exploration-quarterly_1881-07,1881,07,31,155,page_numbers.json,siloam_generic,JER,strong,SILOAM,inscription,,,4,B_space
H0890,2,dropped,not_find,palestine-exploration-quarterly_1881-07:32:siloam_generic,palestine-exploration-quarterly_1881-07,1881,07,32,156,running_head,siloam_generic,JER,strong,SILOAM,inscription|inscriptions,,,8,B_space
H0891,2,dropped,not_find,palestine-exploration-quarterly_1881-07:33:siloam_generic,palestine-exploration-quarterly_1881-07,1881,07,33,157,page_numbers.json,siloam_generic,JER,strong,SILOAM,inscription,,,5,B_space
H0892,2,dropped,other_place,palestine-exploration-quarterly_1881-07:73:jer_bethesda,palestine-exploration-quarterly_1881-07,1881,07,73,197,page_numbers.json,jer_bethesda,JER,strong,St. Anne,inscription,,excavations,1,B_space
H0893,2,kept,,palestine-exploration-quarterly_1881-07:74:siloam_generic,palestine-exploration-quarterly_1881-07,1881,07,74,198,running_head,siloam_generic,JER,strong,Siloam,inscription,,,1,B_space
H0894,2,dropped,not_find,palestine-exploration-quarterly_1881-10:2:jer_siloam,palestine-exploration-quarterly_1881-10,1881,10,2,240,running_head,jer_siloam,JER,strong,Pool of Siloam,inscription,,cleared|found,2,B_space
H0895,2,dropped,not_find,palestine-exploration-quarterly_1881-10:34:jer_tombs_kings,palestine-exploration-quarterly_1881-10,1881,10,34,272,running_head,jer_tombs_kings,JER,strong,Tombs of the Kings,inscription|inscriptions,loculi|tomb|tombs,found,1,B_space
H0896,2,dropped,not_find,palestine-exploration-quarterly_1881-10:34:siloam_generic,palestine-exploration-quarterly_1881-10,1881,10,34,272,running_head,siloam_generic,JER,strong,Siloam,inscribed|inscription,,found,1,B_space
H0897,2,dropped,not_find,palestine-exploration-quarterly_1881-10:44:jer_siloam,palestine-exploration-quarterly_1881-10,1881,10,44,282,running_head,jer_siloam,JER,strong,POOL OF SILOAM,inscription,,discovering,2,B_space
H0898,2,kept,,palestine-exploration-quarterly_1881-10:44:siloam_generic,palestine-exploration-quarterly_1881-10,1881,10,44,282,running_head,siloam_generic,JER,strong,Siloam,inscription,,discovering,1,B_space
H0899,2,dropped,not_find,palestine-exploration-quarterly_1881-10:45:jer_siloam,palestine-exploration-quarterly_1881-10,1881,10,45,283,running_head,jer_siloam,JER,strong,POOL OF SILOAM,inscription,,,1,B_space
H0900,2,dropped,not_find,palestine-exploration-quarterly_1881-10:45:siloam_generic,palestine-exploration-quarterly_1881-10,1881,10,45,283,running_head,siloam_generic,JER,strong,Siloam,inscription|inscriptions,,,1,B_space
H0901,2,dropped,not_find,palestine-exploration-quarterly_1881-10:46:jer_siloam,palestine-exploration-quarterly_1881-10,1881,10,46,284,running_head,jer_siloam,JER,strong,POOL OF SILOAM,inscription,,obtained,1,B_space
H0902,2,dropped,not_find,palestine-exploration-quarterly_1881-10:47:jer_siloam,palestine-exploration-quarterly_1881-10,1881,10,47,285,page_numbers.json,jer_siloam,JER,strong,Pool of Siloam,inscription,,excavation,2,B_space
H0903,2,dropped,not_find,palestine-exploration-quarterly_1881-10:47:siloam_generic,palestine-exploration-quarterly_1881-10,1881,10,47,285,page_numbers.json,siloam_generic,JER,strong,SILOAM,inscription,,hidden,4,B_space
H0904,2,dropped,not_find,palestine-exploration-quarterly_1881-10:48:siloam_generic,palestine-exploration-quarterly_1881-10,1881,10,48,286,running_head,siloam_generic,JER,strong,SILOAM,inscription,,,1,B_space
H0905,2,dropped,not_find,palestine-exploration-quarterly_1881-10:49:siloam_generic,palestine-exploration-quarterly_1881-10,1881,10,49,287,inferred,siloam_generic,JER,strong,SILOAM,inscription,,,1,B_space
H0906,2,dropped,not_find,palestine-exploration-quarterly_1881-10:51:siloam_generic,palestine-exploration-quarterly_1881-10,1881,10,51,287,running_head,siloam_generic,JER,strong,SILOAM,coins|inscription,,,1,B_space
H0907,2,dropped,not_find,palestine-exploration-quarterly_1881-10:52:siloam_generic,palestine-exploration-quarterly_1881-10,1881,10,52,288,running_head,siloam_generic,JER,strong,SILOAM,inscription,,,1,B_space
H0908,2,dropped,not_find,palestine-exploration-quarterly_1881-10:53:siloam_generic,palestine-exploration-quarterly_1881-10,1881,10,53,289,page_numbers.json,siloam_generic,JER,strong,SILOAM,inscription,,find,1,B_space
H0909,2,dropped,not_find,palestine-exploration-quarterly_1881-10:54:siloam_generic,palestine-exploration-quarterly_1881-10,1881,10,54,290,running_head,siloam_generic,JER,strong,SILOAM,inscription,,,1,B_space
H0910,2,dropped,not_find,palestine-exploration-quarterly_1881-10:55:siloam_generic,palestine-exploration-quarterly_1881-10,1881,10,55,291,running_head,siloam_generic,JER,strong,SILOAM,inscription,,,1,B_space
H0911,2,dropped,not_find,palestine-exploration-quarterly_1881-10:56:siloam_generic,palestine-exploration-quarterly_1881-10,1881,10,56,292,running_head,siloam_generic,JER,strong,SILOAM,inscription,,,2,B_space
H0912,2,dropped,not_find,palestine-exploration-quarterly_1881-10:57:jer_siloam,palestine-exploration-quarterly_1881-10,1881,10,57,293,running_head,jer_siloam,JER,strong,Gihon,inscription,,discovery,1,B_space
H0913,2,dropped,not_find,palestine-exploration-quarterly_1881-10:57:siloam_generic,palestine-exploration-quarterly_1881-10,1881,10,57,293,running_head,siloam_generic,JER,strong,SILOAM,inscription,,,1,B_space
H0914,2,dropped,not_find,palestine-exploration-quarterly_1881-10:58:jer_siloam,palestine-exploration-quarterly_1881-10,1881,10,58,294,running_head,jer_siloam,JER,strong,Pool of Siloam,inscription,,,1,B_space
H0915,2,dropped,not_find,palestine-exploration-quarterly_1881-10:58:siloam_generic,palestine-exploration-quarterly_1881-10,1881,10,58,294,running_head,siloam_generic,JER,strong,SILOAM,inscription,,,11,B_space
H0916,2,dropped,not_find,palestine-exploration-quarterly_1881-10:59:siloam_generic,palestine-exploration-quarterly_1881-10,1881,10,59,295,running_head,siloam_generic,JER,strong,SILOAM,inscription,,,6,B_space
H0917,2,dropped,not_find,palestine-exploration-quarterly_1881-10:60:jer_siloam,palestine-exploration-quarterly_1881-10,1881,10,60,296,running_head,jer_siloam,JER,strong,pool of Siloam,inscription,,discovered|discovery,1,B_space
H0918,2,dropped,not_find,palestine-exploration-quarterly_1881-10:60:siloam_generic,palestine-exploration-quarterly_1881-10,1881,10,60,296,running_head,siloam_generic,JER,strong,Siloam,inscription,,,2,B_space
H0919,2,dropped,not_find,palestine-exploration-quarterly_1881-10:73:kidron_generic,palestine-exploration-quarterly_1881-10,1881,10,73,309,running_head,kidron_generic,JER,strong,Kidron,vessels,,found,1,B_space
H0920,2,dropped,not_find,palestine-exploration-quarterly_1881-10:74:kidron_generic,palestine-exploration-quarterly_1881-10,1881,10,74,310,running_head,kidron_generic,JER,strong,Kidron,inscribed|jar|vessels,,discovered,1,B_space
H0921,2,kept,,palestine-exploration-quarterly_1882-01:1:jer_siloam,palestine-exploration-quarterly_1882-01,1882,01,1,1,inferred,jer_siloam,JER,strong,Pool of Siloam,inscription|inscriptions,,discovering|found|recently,1,B_space
H0922,2,kept,,palestine-exploration-quarterly_1882-01:2:jer_temple,palestine-exploration-quarterly_1882-01,1882,01,2,2,inferred,jer_temple,JER,strong,Haram,inscription,,discovered|discovery,1,B_space
H0923,2,kept,,palestine-exploration-quarterly_1882-01:4:jer_siloam,palestine-exploration-quarterly_1882-01,1882,01,4,4,running_head,jer_siloam,JER,strong,pool of Siloam,inscription,,discoverer|discovery|find|uncovered,2,B_space
H0924,2,kept,,palestine-exploration-quarterly_1882-01:4:siloam_generic,palestine-exploration-quarterly_1882-01,1882,01,4,4,running_head,siloam_generic,JER,strong,Siloam,inscription,,discoverer|find|found|obtained|uncovered,1,B_space
H0925,2,dropped,not_find,palestine-exploration-quarterly_1882-01:17:jer_siloam,palestine-exploration-quarterly_1882-01,1882,01,17,17,running_head,jer_siloam,JER,strong,Pool of Siloam,inscription,,discovered|discoveries,2,B_space
H0926,2,kept,,palestine-exploration-quarterly_1882-01:17:jer_temple,palestine-exploration-quarterly_1882-01,1882,01,17,17,running_head,jer_temple,JER,strong,Haram,inscriptions,,found,1,B_space
H0927,2,dropped,not_find,palestine-exploration-quarterly_1882-01:17:siloam_generic,palestine-exploration-quarterly_1882-01,1882,01,17,17,running_head,siloam_generic,JER,strong,Siloam,inscription,cave,discovered,1,B_space
H0928,2,kept,,palestine-exploration-quarterly_1882-01:18:jer_temple,palestine-exploration-quarterly_1882-01,1882,01,18,18,running_head,jer_temple,JER,strong,Haram,inscription,,buried|discovered|excavations,4,B_space
H0929,2,dropped,not_find,palestine-exploration-quarterly_1882-01:18:jer_tombs_kings,palestine-exploration-quarterly_1882-01,1882,01,18,18,running_head,jer_tombs_kings,JER,strong,Tomb of the Kings,sarcophagus,,discoveries|excavations,3,B_space
H0930,2,dropped,not_find,palestine-exploration-quarterly_1882-01:59:jer_siloam,palestine-exploration-quarterly_1882-01,1882,01,59,59,running_head,jer_siloam,JER,strong,Pool of Siloam,inscription,,,1,B_space
H0931,2,dropped,not_find,palestine-exploration-quarterly_1882-01:59:siloam_generic,palestine-exploration-quarterly_1882-01,1882,01,59,59,running_head,siloam_generic,JER,strong,Siloam,inscription,,,1,B_space
H0932,2,dropped,not_find,palestine-exploration-quarterly_1882-01:62:jer_siloam,palestine-exploration-quarterly_1882-01,1882,01,62,62,page_numbers.json,jer_siloam,JER,strong,pool of Siloah,inscription,,,3,B_space
H0933,2,dropped,not_find,palestine-exploration-quarterly_1882-01:62:siloam_generic,palestine-exploration-quarterly_1882-01,1882,01,62,62,page_numbers.json,siloam_generic,JER,strong,SILOAM,inscription,,,5,B_space
H0934,2,dropped,not_find,palestine-exploration-quarterly_1882-01:63:siloam_generic,palestine-exploration-quarterly_1882-01,1882,01,63,63,running_head,siloam_generic,JER,strong,Siloam,inscription|inscriptions,,discovery|excavation|find,1,B_space
H0935,2,dropped,not_find,palestine-exploration-quarterly_1882-04:44:jer_temple,palestine-exploration-quarterly_1882-04,1882,04,44,106,running_head,jer_temple,JER,strong,Dome of the Rock,bronze|inscription,,,4,B_space
H0936,2,dropped,not_find,palestine-exploration-quarterly_1882-04:60:siloam_generic,palestine-exploration-quarterly_1882-04,1882,04,60,122,running_head,siloam_generic,JER,strong,SILOAM,inscribed|inscription,,,4,B_space
H0937,2,dropped,not_find,palestine-exploration-quarterly_1882-04:63:siloam_generic,palestine-exploration-quarterly_1882-04,1882,04,63,125,running_head,siloam_generic,JER,strong,SILOAM,inscription,,,2,B_space
H0938,2,dropped,not_find,palestine-exploration-quarterly_1882-04:64:siloam_generic,palestine-exploration-quarterly_1882-04,1882,04,64,126,running_head,siloam_generic,JER,strong,SILOAM,inscription,,,1,B_space
H0939,2,dropped,not_find,palestine-exploration-quarterly_1882-04:65:jer_temple,palestine-exploration-quarterly_1882-04,1882,04,65,127,page_numbers.json,jer_temple,JER,strong,Haram,inscription,,,1,B_space
H0940,2,dropped,not_find,palestine-exploration-quarterly_1882-04:68:jer_siloam,palestine-exploration-quarterly_1882-04,1882,04,68,130,running_head,jer_siloam,JER,strong,pool of Siloam,inscription,,,2,B_space
H0941,2,dropped,not_find,palestine-exploration-quarterly_1882-04:68:siloam_generic,palestine-exploration-quarterly_1882-04,1882,04,68,130,running_head,siloam_generic,JER,strong,SILOAM,inscription,,,3,B_space
H0942,2,kept,,palestine-exploration-quarterly_1882-07:8:jer_tombs_kings,palestine-exploration-quarterly_1882-07,1882,07,8,144,running_head,jer_tombs_kings,JER,strong,Queen Helena,sarcophagus,tomb,discovered|excavated,2,A_joined
H0943,2,dropped,not_find,palestine-exploration-quarterly_1882-07:11:siloam_generic,palestine-exploration-quarterly_1882-07,1882,07,11,147,running_head,siloam_generic,JER,strong,Siloam,inscription|inscriptions,,found,1,B_space
H0944,2,dropped,not_find,palestine-exploration-quarterly_1882-07:20:jer_tyropoeon,palestine-exploration-quarterly_1882-07,1882,07,20,156,running_head,jer_tyropoeon,JER,strong,Tyropeeon,gold|silver,,found,3,B_space
H0945,2,dropped,not_find,palestine-exploration-quarterly_1882-07:42:jer_temple,palestine-exploration-quarterly_1882-07,1882,07,42,176,running_head,jer_temple,JER,strong,Dome of the Rock,inscription,chamber,discovered|finds|recently,2,B_space
H0946,2,dropped,not_find,palestine-exploration-quarterly_1882-07:45:jer_siloam,palestine-exploration-quarterly_1882-07,1882,07,45,179,page_numbers.json,jer_siloam,JER,strong,Virgin’s Fountain,inscription,,,1,B_space
H0947,2,dropped,not_find,palestine-exploration-quarterly_1882-07:45:siloam_generic,palestine-exploration-quarterly_1882-07,1882,07,45,179,page_numbers.json,siloam_generic,JER,strong,Siloam,inscription,,,3,B_space
H0948,2,dropped,not_find,palestine-exploration-quarterly_1882-07:46:siloam_generic,palestine-exploration-quarterly_1882-07,1882,07,46,180,running_head,siloam_generic,JER,strong,SILOAM,inscription,,,1,B_space
H0949,2,dropped,not_find,palestine-exploration-quarterly_1882-07:52:siloam_generic,palestine-exploration-quarterly_1882-07,1882,07,52,186,running_head,siloam_generic,JER,strong,Siloam,inscription,tomb,,1,B_space
H0950,2,dropped,not_find,palestine-exploration-quarterly_1882-10:12:jer_temple,palestine-exploration-quarterly_1882-10,1882,10,12,202,running_head,jer_temple,JER,strong,Haram,sarcophagi,cave|chambers|loculi,,4,B_space
H0951,2,dropped,not_find,palestine-exploration-quarterly_1882-10:14:jer_temple,palestine-exploration-quarterly_1882-10,1882,10,14,904,running_head,jer_temple,JER,strong,Haram,inscrip,cistern,,1,B_space
H0952,2,dropped,not_find,palestine-exploration-quarterly_1882-10:15:jer_temple,palestine-exploration-quarterly_1882-10,1882,10,15,205,running_head,jer_temple,JER,strong,Haram,copper,chamber,,1,B_space
H0953,2,dropped,not_find,palestine-exploration-quarterly_1882-10:20:jer_temple,palestine-exploration-quarterly_1882-10,1882,10,20,210,running_head,jer_temple,JER,strong,Haram,sarcophagi,,,3,B_space
H0954,2,dropped,not_find,palestine-exploration-quarterly_1882-10:61:siloam_generic,palestine-exploration-quarterly_1882-10,1882,10,61,247,page_numbers.json,siloam_generic,JER,strong,Siloam,inscrip,sepulchre,discovered|found,1,B_space
H0955,2,dropped,not_find,palestine-exploration-quarterly_1883-01:61:jer_south_wall,palestine-exploration-quarterly_1883-01,1883,01,61,61,running_head,jer_south_wall,JER,strong,Huldah,vessels,,,1,B_space
H0956,2,dropped,not_find,palestine-exploration-quarterly_1883-04:1:siloam_generic,palestine-exploration-quarterly_1883-04,1883,04,1,65,inferred,siloam_generic,JER,strong,Siloam,inscriptions,,excavations|found,1,B_space
H0957,2,dropped,not_find,palestine-exploration-quarterly_1883-04:44:siloam_generic,palestine-exploration-quarterly_1883-04,1883,04,44,106,running_head,siloam_generic,JER,strong,SILOAM,inscription|inscriptions,,,12,B_space
H0958,2,dropped,not_find,palestine-exploration-quarterly_1883-04:45:jer_bir_ayyub,palestine-exploration-quarterly_1883-04,1883,04,45,107,running_head,jer_bir_ayyub,JER,strong,Enrogel,inscriptions,,,3,B_space
H0959,2,dropped,not_find,palestine-exploration-quarterly_1883-04:45:jer_siloam,palestine-exploration-quarterly_1883-04,1883,04,45,107,running_head,jer_siloam,JER,strong,Gihon,inscriptions,,,8,B_space
H0960,2,dropped,not_find,palestine-exploration-quarterly_1883-04:50:tell_el_ful,palestine-exploration-quarterly_1883-04,1883,04,50,112,page_numbers.json,tell_el_ful,JER,strong,Gibeah,inscription,,buried|discovered,1,B_space
H0961,2,dropped,not_find,palestine-exploration-quarterly_1883-10:8:siloam_generic,palestine-exploration-quarterly_1883-10,1883,10,8,170,running_head,siloam_generic,JER,strong,Siloam,coins|inscription|inscriptions,,found,2,B_space
H0962,2,dropped,not_find,palestine-exploration-quarterly_1883-10:9:jer_kidron_mon,palestine-exploration-quarterly_1883-10,1883,10,9,171,running_head,jer_kidron_mon,JER,strong,Beni Hezir,inscription|inscriptions,tomb,,4,B_space
H0963,2,dropped,not_find,palestine-exploration-quarterly_1883-10:9:jer_tombs_kings,palestine-exploration-quarterly_1883-10,1883,10,9,171,running_head,jer_tombs_kings,JER,strong,tombs of the Kings,coins|inscription|sarcophagus,,discovered,1,B_space
H0964,2,dropped,not_find,palestine-exploration-quarterly_1883-10:10:jer_kidron_mon,palestine-exploration-quarterly_1883-10,1883,10,10,172,page_numbers.json,jer_kidron_mon,JER,strong,Beni Hezir,inscriptions,tomb|tombs,discovered|found,2,B_space
H0965,2,dropped,not_find,palestine-exploration-quarterly_1883-10:11:siloam_generic,palestine-exploration-quarterly_1883-10,1883,10,11,173,running_head,siloam_generic,JER,strong,Siloam,coins|inscription,,,3,B_space
H0966,2,dropped,not_find,palestine-exploration-quarterly_1883-10:37:siloam_generic,palestine-exploration-quarterly_1883-10,1883,10,37,199,page_numbers.json,siloam_generic,JER,strong,Siloam,inscription,,,1,B_space
H0967,2,dropped,not_find,palestine-exploration-quarterly_1883-10:38:siloam_generic,palestine-exploration-quarterly_1883-10,1883,10,38,200,running_head,siloam_generic,JER,strong,Siloam,inscription,grave,,1,B_space
H0968,2,dropped,not_find,palestine-exploration-quarterly_1883-10:39:siloam_generic,palestine-exploration-quarterly_1883-10,1883,10,39,201,page_numbers.json,siloam_generic,JER,strong,Siloam,inscription|manuscripts,,discovery|opening,1,B_space
H0969,2,dropped,not_find,palestine-exploration-quarterly_1883-10:44:siloam_generic,palestine-exploration-quarterly_1883-10,1883,10,44,206,running_head,siloam_generic,JER,strong,Siloam,inscription,cave|chambers|tombs,buried,1,B_space
H0970,2,dropped,not_find,palestine-exploration-quarterly_1883-10:48:siloam_generic,palestine-exploration-quarterly_1883-10,1883,10,48,210,running_head,siloam_generic,JER,strong,SILOAM,inscription,,,3,B_space
H0971,2,dropped,not_find,palestine-exploration-quarterly_1883-10:49:jer_siloam,palestine-exploration-quarterly_1883-10,1883,10,49,211,page_numbers.json,jer_siloam,JER,strong,Gihon,inscription,,discovered,3,B_space
H0972,2,dropped,not_find,palestine-exploration-quarterly_1883-10:49:siloam_generic,palestine-exploration-quarterly_1883-10,1883,10,49,211,page_numbers.json,siloam_generic,JER,strong,SILOAM,inscription,,,8,B_space
H0973,2,kept,,palestine-exploration-quarterly_1883-10:50:jer_siloam,palestine-exploration-quarterly_1883-10,1883,10,50,212,page_numbers.json,jer_siloam,JER,strong,Pool of Siloam,inscription,,discovered,6,B_space
H0974,2,dropped,not_find,palestine-exploration-quarterly_1883-10:50:kidron_generic,palestine-exploration-quarterly_1883-10,1883,10,50,212,page_numbers.json,kidron_generic,JER,strong,Kidron,inscription,,,3,B_space
H0975,2,dropped,not_find,palestine-exploration-quarterly_1883-10:50:siloam_generic,palestine-exploration-quarterly_1883-10,1883,10,50,212,page_numbers.json,siloam_generic,JER,strong,SILOAM,inscription,,,10,B_space
H0976,2,dropped,not_find,palestine-exploration-quarterly_1883-10:51:siloam_generic,palestine-exploration-quarterly_1883-10,1883,10,51,213,page_numbers.json,siloam_generic,JER,strong,SILOAM,inscription,,,4,B_space
H0977,2,dropped,not_find,palestine-exploration-quarterly_1883-10:52:jer_bir_ayyub,palestine-exploration-quarterly_1883-10,1883,10,52,214,running_head,jer_bir_ayyub,JER,strong,En-rogel,inscriptions,,,6,B_space
H0978,2,dropped,not_find,palestine-exploration-quarterly_1883-10:52:siloam_generic,palestine-exploration-quarterly_1883-10,1883,10,52,214,running_head,siloam_generic,JER,strong,SILOAM,inscription,,,1,B_space
H0979,2,dropped,not_find,palestine-exploration-quarterly_1883-10:55:siloam_generic,palestine-exploration-quarterly_1883-10,1883,10,55,215,inferred,siloam_generic,JER,strong,Siloam,inscription,,,5,B_space
H0980,2,dropped,not_find,palestine-exploration-quarterly_1883-10:56:jer_siloam,palestine-exploration-quarterly_1883-10,1883,10,56,216,running_head,jer_siloam,JER,strong,Gihon,inscription,,,14,B_space
H0981,2,dropped,not_find,palestine-exploration-quarterly_1883-10:56:siloam_generic,palestine-exploration-quarterly_1883-10,1883,10,56,216,running_head,siloam_generic,JER,strong,Siloam,inscription,,,5,B_space
H0982,2,dropped,other_place,palestine-exploration-quarterly_1883-10:66:jer_baqa,palestine-exploration-quarterly_1883-10,1883,10,66,226,running_head,jer_baqa,JER,strong,Rephaim,gem,cave,,1,B_space
H0983,2,dropped,not_find,palestine-exploration-quarterly_1884-01:33:siloam_generic,palestine-exploration-quarterly_1884-01,1884,01,33,23,running_head,siloam_generic,JER,strong,Siloam,inscription,,,2,B_space
H0984,2,dropped,not_find,palestine-exploration-quarterly_1884-01:37:siloam_generic,palestine-exploration-quarterly_1884-01,1884,01,37,27,page_numbers.json,siloam_generic,JER,strong,Siloam,inscription,,excavated,4,B_space
H0985,2,dropped,not_find,palestine-exploration-quarterly_1884-01:54:jer_siloam,palestine-exploration-quarterly_1884-01,1884,01,54,44,page_numbers.json,jer_siloam,JER,strong,Fountain of the Virgin,inscription,,discovery|found,2,B_space
H0986,2,dropped,not_find,palestine-exploration-quarterly_1884-01:54:siloam_generic,palestine-exploration-quarterly_1884-01,1884,01,54,44,page_numbers.json,siloam_generic,JER,strong,Siloam,inscription,,discovery|found,2,B_space
H0987,2,dropped,not_find,palestine-exploration-quarterly_1884-01:80:jer_siloam,palestine-exploration-quarterly_1884-01,1884,01,80,70,running_head,jer_siloam,JER,strong,Virgin’s Spring,inscription,,,2,B_space
H0988,2,dropped,not_find,palestine-exploration-quarterly_1884-01:80:kidron_generic,palestine-exploration-quarterly_1884-01,1884,01,80,70,running_head,kidron_generic,JER,strong,Kidron,inscription,,,1,B_space
H0989,2,dropped,not_find,palestine-exploration-quarterly_1884-01:80:siloam_generic,palestine-exploration-quarterly_1884-01,1884,01,80,70,running_head,siloam_generic,JER,strong,Siloam,inscription,,,3,B_space
H0990,2,dropped,not_find,palestine-exploration-quarterly_1884-01:81:jer_siloam,palestine-exploration-quarterly_1884-01,1884,01,81,71,page_numbers.json,jer_siloam,JER,strong,Pool of Siloam,inscription,,,5,B_space
H0991,2,kept,,palestine-exploration-quarterly_1884-01:102:siloam_generic,palestine-exploration-quarterly_1884-01,1884,01,102,90,running_head,siloam_generic,JER,strong,Siloam,inscription,,discovered|dug,1,B_space
H0992,2,dropped,not_find,palestine-exploration-quarterly_1884-01:105:mount_zion,palestine-exploration-quarterly_1884-01,1884,01,105,93,running_head,mount_zion,JER,strong,Mount Sion,manuscript,,,1,B_space
H0993,2,dropped,not_find,palestine-exploration-quarterly_1884-07:2:siloam_generic,palestine-exploration-quarterly_1884-07,1884,07,2,146,running_head,siloam_generic,JER,strong,Siloam,inscription|inscriptions,sepulchre,excavation|excavations|found,1,B_space
H0994,2,dropped,not_find,palestine-exploration-quarterly_1884-07:31:siloam_generic,palestine-exploration-quarterly_1884-07,1884,07,31,175,running_head,siloam_generic,JER,strong,Siloam,lamps,chamber,,4,B_space
H0995,2,dropped,not_find,palestine-exploration-quarterly_1884-07:48:jer_tombs_kings,palestine-exploration-quarterly_1884-07,1884,07,48,192,running_head,jer_tombs_kings,JER,strong,tombs of the Kings,sarcophagus,,,1,B_space
H0996,2,kept,,palestine-exploration-quarterly_1884-10:32:jer_bethesda,palestine-exploration-quarterly_1884-10,1884,10,32,222,page_numbers.json,jer_bethesda,JER,strong,Bethesda,inscription|sarcophagi,tombs,,1,B_space
H0997,2,kept,,palestine-exploration-quarterly_1884-10:32:jer_tombs_kings,palestine-exploration-quarterly_1884-10,1884,10,32,222,page_numbers.json,jer_tombs_kings,JER,strong,tombs of the Kings,inscription|sarcophagi,,,1,B_space
H0998,2,kept,,palestine-exploration-quarterly_1884-10:33:siloam_generic,palestine-exploration-quarterly_1884-10,1884,10,33,223,page_numbers.json,siloam_generic,JER,strong,Siloam,gems|inscription|inscriptions,,discovered,1,B_space
H0999,2,dropped,not_find,palestine-exploration-quarterly_1884-10:58:siloam_generic,palestine-exploration-quarterly_1884-10,1884,10,58,248,running_head,siloam_generic,JER,strong,Siloam,inscription,,,1,B_space
H1000,2,dropped,not_find,palestine-exploration-quarterly_1884-10:59:jer_siloam,palestine-exploration-quarterly_1884-10,1884,10,59,249,running_head,jer_siloam,JER,strong,Pool of Siloam,inscription,,,9,B_space
H1001,2,dropped,not_find,palestine-exploration-quarterly_1884-10:59:siloam_generic,palestine-exploration-quarterly_1884-10,1884,10,59,249,running_head,siloam_generic,JER,strong,Siloam,inscription,,,4,B_space
H1002,2,dropped,not_find,palestine-exploration-quarterly_1884-10:65:siloam_generic,palestine-exploration-quarterly_1884-10,1884,10,65,255,running_head,siloam_generic,JER,strong,SILOAM,inscription,,,2,B_space
H1003,2,dropped,not_find,palestine-exploration-quarterly_1884-10:66:siloam_generic,palestine-exploration-quarterly_1884-10,1884,10,66,256,running_head,siloam_generic,JER,strong,SILOAM,inscription,,,3,B_space
H1004,2,dropped,not_find,palestine-exploration-quarterly_1884-10:67:jer_siloam,palestine-exploration-quarterly_1884-10,1884,10,67,257,inferred,jer_siloam,JER,strong,Virgin’s Spring,inscription,,excavator,1,B_space
H1005,2,kept,,palestine-exploration-quarterly_1885-01:16:siloam_generic,palestine-exploration-quarterly_1885-01,1885,01,16,14,running_head,siloam_generic,JER,strong,Siloam,inscription,tomb,discovered,2,B_space
H1006,2,dropped,not_find,palestine-exploration-quarterly_1885-01:17:jer_kidron_east,palestine-exploration-quarterly_1885-01,1885,01,17,15,inferred,jer_kidron_east,JER,strong,Kefr Silwan,sarcophagus,tomb,found,1,B_space
H1007,2,dropped,not_find,palestine-exploration-quarterly_1885-01:17:jer_kidron_mon,palestine-exploration-quarterly_1885-01,1885,01,17,15,inferred,jer_kidron_mon,JER,strong,Beni Hezir,inscriptions|sarcophagus,tomb,found,2,B_space
H1008,2,dropped,not_find,palestine-exploration-quarterly_1885-01:17:kidron_generic,palestine-exploration-quarterly_1885-01,1885,01,17,15,inferred,kidron_generic,JER,strong,Kedron,sarcophagus,tomb,found,1,B_space
H1009,2,dropped,not_find,palestine-exploration-quarterly_1885-01:17:siloam_generic,palestine-exploration-quarterly_1885-01,1885,01,17,15,inferred,siloam_generic,JER,strong,Siloam,sarcophagus,tomb,found,1,B_space
H1010,2,dropped,not_find,palestine-exploration-quarterly_1885-01:66:siloam_generic,palestine-exploration-quarterly_1885-01,1885,01,66,60,running_head,siloam_generic,JER,strong,Siloam,inscription,,found,9,B_space
H1011,2,dropped,not_find,palestine-exploration-quarterly_1885-01:70:siloam_generic,palestine-exploration-quarterly_1885-01,1885,01,70,64,running_head,siloam_generic,JER,strong,Siloam,inscription|lamp|lamps,,discovered,4,B_space
H1012,2,dropped,not_find,palestine-exploration-quarterly_1885-04:4:jer_siloam,palestine-exploration-quarterly_1885-04,1885,04,4,78,running_head,jer_siloam,JER,strong,Gihon,gold,,,6,B_space
H1013,2,dropped,not_find,palestine-exploration-quarterly_1885-04:38:siloam_generic,palestine-exploration-quarterly_1885-04,1885,04,38,106,running_head,siloam_generic,JER,strong,Silw4n,treasure,sepulchres,discovering|discovery|hidden,1,B_space
H1014,2,dropped,not_find,palestine-exploration-quarterly_1886-04:2:jer_temple,palestine-exploration-quarterly_1886-04,1886,04,2,68,running_head,jer_temple,JER,strong,Dome of the Rock,lamp,,,1,B_space
H1015,2,dropped,not_find,palestine-exploration-quarterly_1886-04:26:jer_siloam,palestine-exploration-quarterly_1886-04,1886,04,26,90,running_head,jer_siloam,JER,strong,Virgin’s Fountain,inscription,,,3,B_space
H1016,2,kept,,palestine-exploration-quarterly_1886-04:27:jer_siloam,palestine-exploration-quarterly_1886-04,1886,04,27,91,page_numbers.json,jer_siloam,JER,strong,Birket el Hamra,inscription,caves|cisterns|tombs,found,1,B_space
H1017,2,dropped,duplicate_page,palestine-exploration-quarterly_1886-04:27:jer_tombs_kings,palestine-exploration-quarterly_1886-04,1886,04,27,91,page_numbers.json,jer_tombs_kings,JER,strong,Tombs of the Kings,inscription,caves|cisterns,found|opened,2,B_space
H1018,2,dropped,not_find,palestine-exploration-quarterly_1886-10:6:siloam_generic,palestine-exploration-quarterly_1886-10,1886,10,6,164,running_head,siloam_generic,JER,strong,Siloam,coins,tombs,,1,B_space
H1019,2,dropped,not_find,palestine-exploration-quarterly_1886-10:7:jer_temple,palestine-exploration-quarterly_1886-10,1886,10,7,165,running_head,jer_temple,JER,strong,Dome of the Rock,coins|seals,,,1,B_space
H1020,2,dropped,not_find,palestine-exploration-quarterly_1886-10:53:siloam_generic,palestine-exploration-quarterly_1886-10,1886,10,53,205,running_head,siloam_generic,JER,strong,Siloam,inscription,,find|found,1,B_space
H1021,2,dropped,not_find,palestine-exploration-quarterly_1886-10:57:siloam_generic,palestine-exploration-quarterly_1886-10,1886,10,57,209,running_head,siloam_generic,JER,strong,Siloam,gems,tombs,discovered|discoveries|excavations,1,B_space
H1022,2,dropped,not_find,palestine-exploration-quarterly_1887-04:30:jer_temple,palestine-exploration-quarterly_1887-04,1887,04,30,90,running_head,jer_temple,JER,strong,DOME OF THE ROCK,inscription,,excavated,7,B_space
H1023,2,dropped,not_find,palestine-exploration-quarterly_1887-04:33:jer_east_gate,palestine-exploration-quarterly_1887-04,1887,04,33,91,running_head,jer_east_gate,JER,strong,Bab al Taubah,golden,,,3,B_space
H1024,2,dropped,not_find,palestine-exploration-quarterly_1887-04:33:jer_temple,palestine-exploration-quarterly_1887-04,1887,04,33,91,running_head,jer_temple,JER,strong,al Aksa,golden,,,4,B_space
H1025,2,dropped,not_find,palestine-exploration-quarterly_1887-04:36:jer_temple,palestine-exploration-quarterly_1887-04,1887,04,36,94,running_head,jer_temple,JER,strong,Noble Sanctuary,brass|lamps,,,8,B_space
H1026,2,dropped,not_find,palestine-exploration-quarterly_1887-04:37:jer_temple,palestine-exploration-quarterly_1887-04,1887,04,37,95,running_head,jer_temple,JER,strong,Dome of the Rock,copper,,,4,B_space
H1027,2,dropped,not_find,palestine-exploration-quarterly_1887-04:38:jer_south_wall,palestine-exploration-quarterly_1887-04,1887,04,38,96,running_head,jer_south_wall,JER,strong,south wall of the Haram,golden,,,1,B_space
H1028,2,dropped,not_find,palestine-exploration-quarterly_1887-04:39:jer_temple,palestine-exploration-quarterly_1887-04,1887,04,39,97,running_head,jer_temple,JER,strong,Haram,lamps,,,12,B_space
H1029,2,dropped,not_find,palestine-exploration-quarterly_1887-04:40:jer_temple,palestine-exploration-quarterly_1887-04,1887,04,40,98,running_head,jer_temple,JER,strong,Noble Sanctuary,copper|lamps,,,9,B_space
H1030,2,dropped,not_find,palestine-exploration-quarterly_1887-04:42:jer_temple,palestine-exploration-quarterly_1887-04,1887,04,42,100,running_head,jer_temple,JER,strong,Temple Area,gold,sepulchre,,4,B_space
H1031,2,dropped,not_find,palestine-exploration-quarterly_1887-04:49:jer_east_gate,palestine-exploration-quarterly_1887-04,1887,04,49,107,running_head,jer_east_gate,JER,strong,Beautiful Gate,golden,,found,3,B_space
H1032,2,dropped,not_find,palestine-exploration-quarterly_1887-04:49:jer_temple,palestine-exploration-quarterly_1887-04,1887,04,49,107,running_head,jer_temple,JER,strong,Haram,golden,,found,4,B_space
H1033,2,dropped,not_find,palestine-exploration-quarterly_1887-04:56:jer_tombs_kings,palestine-exploration-quarterly_1887-04,1887,04,56,114,running_head,jer_tombs_kings,JER,strong,tombs of the kings,sarcophagus,tomb|tombs,found,1,B_space
H1034,2,kept,,palestine-exploration-quarterly_1887-07:26:jer_gethsemane,palestine-exploration-quarterly_1887-07,1887,07,26,152,running_head,jer_gethsemane,JER,strong,Gethsemane,inscription,tomb|tombs,discovered,2,B_space
H1035,2,dropped,other_place,palestine-exploration-quarterly_1888-01:10:jer_tombs_kings,palestine-exploration-quarterly_1888-01,1888,01,10,10,running_head,jer_tombs_kings,JER,strong,tombs of the Kings,lamp,vault,find|found,1,B_space
H1036,2,dropped,not_find,palestine-exploration-quarterly_1888-01:39:jer_temple,palestine-exploration-quarterly_1888-01,1888,01,39,33,page_numbers.json,jer_temple,JER,strong,Haram,gold,,,9,B_space
H1037,2,dropped,not_find,palestine-exploration-quarterly_1888-01:55:jer_tombs_kings,palestine-exploration-quarterly_1888-01,1888,01,55,49,running_head,jer_tombs_kings,JER,strong,Queen Helena,sarcophagi,tombs,excavation|found|opened,1,B_space
H1038,2,dropped,not_find,palestine-exploration-quarterly_1888-01:55:kidron_generic,palestine-exploration-quarterly_1888-01,1888,01,55,49,running_head,kidron_generic,JER,strong,Kedron,sarcophagi,tombs,excavation|found|opened,1,B_space
H1039,2,dropped,not_find,palestine-exploration-quarterly_1888-07:40:jer_east_gate,palestine-exploration-quarterly_1888-07,1888,07,40,142,running_head,jer_east_gate,JER,strong,Bab ar Rahmah,golden,,,3,B_space
H1040,2,dropped,not_find,palestine-exploration-quarterly_1888-07:40:jer_south_wall,palestine-exploration-quarterly_1888-07,1888,07,40,142,running_head,jer_south_wall,JER,strong,Single Gate,golden,,,3,B_space
H1041,2,dropped,not_find,palestine-exploration-quarterly_1888-07:42:jer_east_gate,palestine-exploration-quarterly_1888-07,1888,07,42,144,running_head,jer_east_gate,JER,strong,Bab ar Rahmah,golden,,,7,B_space
H1042,2,dropped,not_find,palestine-exploration-quarterly_1888-07:42:jer_temple,palestine-exploration-quarterly_1888-07,1888,07,42,144,running_head,jer_temple,JER,strong,Aksa,golden,,,2,B_space
H1043,2,dropped,not_find,palestine-exploration-quarterly_1888-10:99:jer_bethesda,palestine-exploration-quarterly_1888-10,1888,10,99,259,running_head,jer_bethesda,JER,strong,BETHESDA,jar|scroll,,,4,B_space
H1044,2,dropped,not_find,palestine-exploration-quarterly_1888-10:118:jer_temple,palestine-exploration-quarterly_1888-10,1888,10,118,278,running_head,jer_temple,JER,strong,AKSA,inscription,,,6,B_space
H1045,2,dropped,not_find,palestine-exploration-quarterly_1888-10:119:jer_temple,palestine-exploration-quarterly_1888-10,1888,10,119,279,running_head,jer_temple,JER,strong,AKSA,inscription,,,6,B_space
H1046,2,dropped,not_find,palestine-exploration-quarterly_1888-10:120:jer_temple,palestine-exploration-quarterly_1888-10,1888,10,120,280,running_head,jer_temple,JER,strong,AKSA,inscription,,,2,B_space
H1047,2,kept,,palestine-exploration-quarterly_1889-01:1:jer_bethesda,palestine-exploration-quarterly_1889-01,1889,01,1,1,inferred,jer_bethesda,JER,strong,Bethesda,sarcophagi,cave|sepulchre,cleared|discovery|found,1,B_space
H1048,2,dropped,not_find,palestine-exploration-quarterly_1889-01:43:jer_siloam,palestine-exploration-quarterly_1889-01,1889,01,43,37,running_head,jer_siloam,JER,strong,Gihon,inscription,,discovery|found,2,A_joined
H1049,2,dropped,not_find,palestine-exploration-quarterly_1889-01:43:siloam_generic,palestine-exploration-quarterly_1889-01,1889,01,43,37,running_head,siloam_generic,JER,strong,Siloam,inscription,,found,8,A_joined
H1050,2,dropped,not_find,palestine-exploration-quarterly_1889-01:55:jer_bir_ayyub,palestine-exploration-quarterly_1889-01,1889,01,55,47,page_numbers.json,jer_bir_ayyub,JER,strong,En-rogel,vessels,cave|cistern|grotto|tomb,excavated,10,B_space
H1051,2,dropped,not_find,palestine-exploration-quarterly_1889-04:10:jer_temple,palestine-exploration-quarterly_1889-04,1889,04,10,62,running_head,jer_temple,JER,strong,Dome of the Rock,inscription,,,4,B_space
H1052,2,dropped,not_find,palestine-exploration-quarterly_1889-04:42:kidron_generic,palestine-exploration-quarterly_1889-04,1889,04,42,90,running_head,kidron_generic,JER,strong,Kedron,golden,,,3,B_space
H1053,2,dropped,not_find,palestine-exploration-quarterly_1889-04:48:jer_east_gate,palestine-exploration-quarterly_1889-04,1889,04,48,94,running_head,jer_east_gate,JER,strong,Golden Gate,golden,,,2,B_space
H1054,2,dropped,not_find,palestine-exploration-quarterly_1889-04:48:jer_temple,palestine-exploration-quarterly_1889-04,1889,04,48,94,running_head,jer_temple,JER,strong,Haram,golden,,,2,B_space
H1055,2,dropped,not_find,palestine-exploration-quarterly_1889-04:54:jer_temple,palestine-exploration-quarterly_1889-04,1889,04,54,100,running_head,jer_temple,JER,strong,Dome of the Rock,inscription,,found,2,B_space
H1056,2,dropped,not_find,palestine-exploration-quarterly_1889-07:39:siloam_generic,palestine-exploration-quarterly_1889-07,1889,07,39,137,page_numbers.json,siloam_generic,JER,strong,Siloam,inscription,,found,1,B_space
H1057,2,dropped,not_find,palestine-exploration-quarterly_1889-07:44:siloam_generic,palestine-exploration-quarterly_1889-07,1889,07,44,142,running_head,siloam_generic,JER,strong,Siloam,inscriptions,,,2,B_space
H1058,2,kept,,palestine-exploration-quarterly_1889-10:1:jer_bethesda,palestine-exploration-quarterly_1889-10,1889,10,1,159,inferred,jer_bethesda,JER,strong,Bethesda,inscriptions,tombs,clearing|discovered|discovery|opening,2,B_space
H1059,2,kept,,palestine-exploration-quarterly_1889-10:1:siloam_generic,palestine-exploration-quarterly_1889-10,1889,10,1,159,inferred,siloam_generic,JER,strong,Siloam,inscriptions,sepulchre|tombs,clearing|discovered|discovery|excavations|found,1,B_space
H1060,2,dropped,not_find,palestine-exploration-quarterly_1889-10:8:jer_bethesda,palestine-exploration-quarterly_1889-10,1889,10,8,166,running_head,jer_bethesda,JER,strong,Bethesda,brass|bronze|jars|lamps,,excavations|found|recently,2,B_space
H1061,2,dropped,not_find,palestine-exploration-quarterly_1889-10:10:jer_bethesda,palestine-exploration-quarterly_1889-10,1889,10,10,168,running_head,jer_bethesda,JER,strong,Bethesda,inscription,cave|sepulchre,,1,B_space
H1062,2,dropped,not_find,palestine-exploration-quarterly_1889-10:10:jer_temple,palestine-exploration-quarterly_1889-10,1889,10,10,168,running_head,jer_temple,JER,strong,Dome of the Rock,inscription,cave|sepulchre|sepulchres,,2,B_space
H1063,2,dropped,not_find,palestine-exploration-quarterly_1889-10:10:siloam_generic,palestine-exploration-quarterly_1889-10,1889,10,10,168,running_head,siloam_generic,JER,strong,Shiloah,inscription,cave|sepulchres,,1,B_space
H1064,2,dropped,not_find,palestine-exploration-quarterly_1889-10:44:mount_zion,palestine-exploration-quarterly_1889-10,1889,10,44,198,running_head,mount_zion,JER,strong,Mount Sion,inscription,,,1,B_space
H1065,2,dropped,apparatus,palestine-exploration-quarterly_1890-01:3:jer_siloam,palestine-exploration-quarterly_1890-01,1890,01,3,,,jer_siloam,JER,strong,Gihon,brass|inscription,cave,,2,B_space
H1066,2,dropped,apparatus,palestine-exploration-quarterly_1890-01:3:siloam_generic,palestine-exploration-quarterly_1890-01,1890,01,3,,,siloam_generic,JER,strong,Siloam,brass|inscription,cave,,1,B_space
H1067,2,dropped,apparatus,palestine-exploration-quarterly_1890-01:5:jer_bethesda,palestine-exploration-quarterly_1890-01,1890,01,5,,,jer_bethesda,JER,strong,Bethesda,inscriptions,chambers|cisterns|grotto|tomb,discovered|discoveries|discovery|excavations,1,B_space
H1068,2,dropped,apparatus,palestine-exploration-quarterly_1890-01:5:siloam_generic,palestine-exploration-quarterly_1890-01,1890,01,5,,,siloam_generic,JER,strong,Silwan,inscriptions,chambers|cisterns|grotto|tomb,discovered|discoveries|discovery|excavations,2,B_space
H1069,2,dropped,apparatus,palestine-exploration-quarterly_1890-01:6:jer_bethesda,palestine-exploration-quarterly_1890-01,1890,01,6,,,jer_bethesda,JER,strong,Bethesda,inscription|inscriptions,cistern|grotto,excavations|found,1,B_space
H1070,2,dropped,apparatus,palestine-exploration-quarterly_1890-01:6:mount_zion,palestine-exploration-quarterly_1890-01,1890,01,6,,,mount_zion,JER,strong,Mount Zion,inscription|inscriptions,cistern|grotto,excavations,1,B_space
H1071,2,dropped,apparatus,palestine-exploration-quarterly_1890-01:6:siloam_generic,palestine-exploration-quarterly_1890-01,1890,01,6,,,siloam_generic,JER,strong,Silwan,inscription|inscriptions,cistern|grotto,excavations,1,B_space
H1072,2,dropped,apparatus,palestine-exploration-quarterly_1890-01:7:siloam_generic,palestine-exploration-quarterly_1890-01,1890,01,7,,,siloam_generic,JER,strong,Siloah,coin,,excavations,1,B_space
H1073,2,dropped,apparatus,palestine-exploration-quarterly_1890-01:8:jer_temple,palestine-exploration-quarterly_1890-01,1890,01,8,,,jer_temple,JER,strong,el Aksa,inscrip|lamps,cave|cisterns|tomb|tombs,discoveries,1,B_space
H1074,2,dropped,apparatus,palestine-exploration-quarterly_1890-01:8:siloam_generic,palestine-exploration-quarterly_1890-01,1890,01,8,,,siloam_generic,JER,strong,Siloam,inscription|seal,cave|pits|tomb,,2,B_space
H1075,2,kept,,palestine-exploration-quarterly_1890-01:11:jer_kidron_east,palestine-exploration-quarterly_1890-01,1890,01,11,1,inferred,jer_kidron_east,JER,strong,village of Silw4n,inscription,,brought to light|discovered|excavations|found,1,B_space
H1076,2,dropped,not_find,palestine-exploration-quarterly_1890-01:25:jer_tombs_kings,palestine-exploration-quarterly_1890-01,1890,01,25,9,inferred,jer_tombs_kings,JER,strong,Tombs of the Kings,inscription,tomb|tombs,discovered|found|opened|opening,1,B_space
H1077,2,kept,,palestine-exploration-quarterly_1890-01:32:jer_kidron_east,palestine-exploration-quarterly_1890-01,1890,01,32,16,running_head,jer_kidron_east,JER,strong,village of Silw4n,inscription,,discovered|discovery,2,B_space
H1078,2,dropped,duplicate_page,palestine-exploration-quarterly_1890-01:32:siloam_generic,palestine-exploration-quarterly_1890-01,1890,01,32,16,running_head,siloam_generic,JER,strong,SILWAN,inscription,,discovered|discovery,1,B_space
H1079,2,dropped,not_find,palestine-exploration-quarterly_1890-01:36:jer_bethesda,palestine-exploration-quarterly_1890-01,1890,01,36,18,running_head,jer_bethesda,JER,strong,BETHESDA,lamps,,,3,B_space
H1080,2,dropped,not_find,palestine-exploration-quarterly_1890-04:19:jer_baqa,palestine-exploration-quarterly_1890-04,1890,04,19,77,page_numbers.json,jer_baqa,JER,strong,Buka’a,jars,,found,3,B_space
H1081,2,dropped,not_find,palestine-exploration-quarterly_1890-04:63:siloam_generic,palestine-exploration-quarterly_1890-04,1890,04,63,121,page_numbers.json,siloam_generic,JER,strong,Siloam,seal,,,2,B_space
H1082,2,dropped,not_find,palestine-exploration-quarterly_1890-07:3:siloam_generic,palestine-exploration-quarterly_1890-07,1890,07,3,135,running_head,siloam_generic,JER,strong,Silwdn,inscriptions,chambers|tomb,discoveries|dug|opened|recently,1,B_space
H1083,2,kept,,palestine-exploration-quarterly_1890-07:12:jer_bethesda,palestine-exploration-quarterly_1890-07,1890,07,12,144,running_head,jer_bethesda,JER,strong,Bethesda,inscription,,discovery|found|obtained,2,B_space
H1084,2,dropped,not_find,palestine-exploration-quarterly_1890-07:12:jer_kidron_east,palestine-exploration-quarterly_1890-07,1890,07,12,144,running_head,jer_kidron_east,JER,strong,village of Silwén,inscription|inscriptions,chambers,cleared|found,1,B_space
H1085,2,dropped,not_find,palestine-exploration-quarterly_1890-07:15:jer_baqa,palestine-exploration-quarterly_1890-07,1890,07,15,147,page_numbers.json,jer_baqa,JER,strong,Rephaim,inscription|inscriptions|sarcophagi,cave|caves|cisterns|tomb|tombs,discovery,1,B_space
H1086,2,dropped,not_find,palestine-exploration-quarterly_1890-07:15:jer_bethesda,palestine-exploration-quarterly_1890-07,1890,07,15,147,page_numbers.json,jer_bethesda,JER,strong,Bethesda,inscription|inscriptions,cave|caves|cisterns|tombs,discovery,1,B_space
H1087,2,dropped,not_find,palestine-exploration-quarterly_1890-07:15:jer_siloam,palestine-exploration-quarterly_1890-07,1890,07,15,147,page_numbers.json,jer_siloam,JER,strong,Gihon,seal,sepulchre,,1,B_space
H1088,2,dropped,not_find,palestine-exploration-quarterly_1890-07:15:siloam_generic,palestine-exploration-quarterly_1890-07,1890,07,15,147,page_numbers.json,siloam_generic,JER,strong,SilwAn,inscription|inscriptions,cave|caves|cisterns|tombs,discovery,1,B_space
H1089,2,dropped,not_find,palestine-exploration-quarterly_1890-07:16:jer_baqa,palestine-exploration-quarterly_1890-07,1890,07,16,148,running_head,jer_baqa,JER,strong,Rephaim,inscription|inscriptions|lamps,,,1,B_space
H1090,2,dropped,not_find,palestine-exploration-quarterly_1890-07:16:siloam_generic,palestine-exploration-quarterly_1890-07,1890,07,16,148,running_head,siloam_generic,JER,strong,Siloam,brass|inscription|inscriptions,cave|tombs,found,1,B_space
H1091,2,dropped,not_find,palestine-exploration-quarterly_1890-07:25:jer_kidron_mon,palestine-exploration-quarterly_1890-07,1890,07,25,157,running_head,jer_kidron_mon,JER,strong,Absalom’s Tomb,inscribing|inscription|inscriptions,chamber|tomb,,2,B_space
H1092,2,dropped,not_find,palestine-exploration-quarterly_1890-07:25:siloam_generic,palestine-exploration-quarterly_1890-07,1890,07,25,157,running_head,siloam_generic,JER,strong,Silwan,inscription,tomb,,1,B_space
H1093,2,dropped,not_find,palestine-exploration-quarterly_1890-07:26:jer_temple,palestine-exploration-quarterly_1890-07,1890,07,26,158,running_head,jer_temple,JER,strong,El Aksa,inscriptions,tomb|tombs,lately|opened,1,B_space
H1094,2,dropped,not_find,palestine-exploration-quarterly_1890-07:59:jer_temple,palestine-exploration-quarterly_1890-07,1890,07,59,191,running_head,jer_temple,JER,strong,Dome of the Rock,gold,sepulchre,discovered|picked up,2,B_space
H1095,2,dropped,not_find,palestine-exploration-quarterly_1890-07:68:jer_siloam,palestine-exploration-quarterly_1890-07,1890,07,68,200,running_head,jer_siloam,JER,strong,Gihon,inscription,,,3,B_space
H1096,2,dropped,not_find,palestine-exploration-quarterly_1890-07:68:siloam_generic,palestine-exploration-quarterly_1890-07,1890,07,68,200,running_head,siloam_generic,JER,strong,Siloam,inscription,,,5,B_space
H1097,2,dropped,not_find,palestine-exploration-quarterly_1890-07:72:jer_siloam,palestine-exploration-quarterly_1890-07,1890,07,72,204,running_head,jer_siloam,JER,strong,Pool of Siloah,inscription,sepulchres,found,8,B_space
H1098,2,dropped,not_find,palestine-exploration-quarterly_1890-07:73:jer_siloam,palestine-exploration-quarterly_1890-07,1890,07,73,205,running_head,jer_siloam,JER,strong,Pool of Siloah,manuscript,,,4,B_space
H1099,2,dropped,not_find,palestine-exploration-quarterly_1890-07:76:jer_bir_ayyub,palestine-exploration-quarterly_1890-07,1890,07,76,208,running_head,jer_bir_ayyub,JER,strong,En-rogel,inscription,grotto,,4,B_space
H1100,2,dropped,not_find,palestine-exploration-quarterly_1890-07:76:siloam_generic,palestine-exploration-quarterly_1890-07,1890,07,76,208,running_head,siloam_generic,JER,strong,SILOAM,inscription,sepulchres,,4,B_space
H1101,2,dropped,not_find,palestine-exploration-quarterly_1890-07:77:jer_siloam,palestine-exploration-quarterly_1890-07,1890,07,77,209,running_head,jer_siloam,JER,strong,Gihon,inscription,,discovery,1,B_space
H1102,2,dropped,not_find,palestine-exploration-quarterly_1890-07:77:siloam_generic,palestine-exploration-quarterly_1890-07,1890,07,77,209,running_head,siloam_generic,JER,strong,SILOAM,inscription,,,3,B_space
H1103,2,dropped,not_find,palestine-exploration-quarterly_1890-10:31:jer_temple,palestine-exploration-quarterly_1890-10,1890,10,31,243,running_head,jer_temple,JER,strong,Haram,inscription,,found,1,B_space
H1104,2,kept,,palestine-exploration-quarterly_1890-10:40:siloam_generic,palestine-exploration-quarterly_1890-10,1890,10,40,252,inferred,siloam_generic,JER,strong,Silwdn,inscriptions,chambers,found,1,B_space
H1105,2,kept,,palestine-exploration-quarterly_1890-10:47:jer_siloam,palestine-exploration-quarterly_1890-10,1890,10,47,257,running_head,jer_siloam,JER,strong,Virgin’s Fountain,coins|jar|vessel,,found,3,B_space
H1106,2,dropped,duplicate_page,palestine-exploration-quarterly_1890-10:47:siloam_generic,palestine-exploration-quarterly_1890-10,1890,10,47,257,running_head,siloam_generic,JER,strong,SILOAH,coins|jar|vessel,,found,1,B_space
H1107,2,dropped,not_find,palestine-exploration-quarterly_1891-01:1:siloam_generic,palestine-exploration-quarterly_1891-01,1891,01,1,2,inferred,siloam_generic,JER,strong,Silwan,inscription,chambers|tomb,discoveries|excavations,3,B_space/djvu_split
H1108,2,dropped,not_find,palestine-exploration-quarterly_1891-01:2:siloam_generic,palestine-exploration-quarterly_1891-01,1891,01,2,3,inferred,siloam_generic,JER,strong,Siloam,inscription,,find|purchased,1,B_space/djvu_split
H1109,2,dropped,not_find,palestine-exploration-quarterly_1891-01:11:jer_siloam,palestine-exploration-quarterly_1891-01,1891,01,11,15,inferred,jer_siloam,JER,strong,Virgin’s Spring,inscription,,excavated|found,4,B_space/djvu_split
H1110,2,dropped,not_find,palestine-exploration-quarterly_1891-04:2:siloam_generic,palestine-exploration-quarterly_1891-04,1891,04,2,88,running_head,siloam_generic,JER,strong,Siloam,inscription,,found,1,B_space
H1111,2,kept,,palestine-exploration-quarterly_1891-04:3:siloam_generic,palestine-exploration-quarterly_1891-04,1891,04,3,89,running_head,siloam_generic,JER,strong,Siloam,inscription|inscriptions,,bought|recently,1,B_space
H1112,2,dropped,not_find,palestine-exploration-quarterly_1891-07:1:siloam_generic,palestine-exploration-quarterly_1891-07,1891,07,1,191,inferred,siloam_generic,JER,strong,Siloam,inscription,,excavations|recently,2,B_space
H1113,2,dropped,not_find,palestine-exploration-quarterly_1891-07:11:siloam_generic,palestine-exploration-quarterly_1891-07,1891,07,11,199,running_head,siloam_generic,JER,strong,Siloam,inscription,,clearing,2,B_space
H1114,2,dropped,other_place,palestine-exploration-quarterly_1891-10:2:jer_tombs_kings,palestine-exploration-quarterly_1891-10,1891,10,2,258,running_head,jer_tombs_kings,JER,strong,tombs of the kings,ossuaries,tombs,,1,B_space
H1115,2,dropped,not_find,palestine-exploration-quarterly_1891-10:9:jer_tyropoeon,palestine-exploration-quarterly_1891-10,1891,10,9,265,running_head,jer_tyropoeon,JER,strong,Robinson’s Arch,inscription|inscriptions,cistern|tomb,,1,B_space
H1116,2,dropped,not_find,palestine-exploration-quarterly_1891-10:9:siloam_generic,palestine-exploration-quarterly_1891-10,1891,10,9,265,running_head,siloam_generic,JER,strong,Siloam,inscription,,,3,B_space
H1117,2,dropped,apparatus,palestine-exploration-quarterly_1891-10:11:jer_east_gate,palestine-exploration-quarterly_1891-10,1891,10,11,267,running_head,jer_east_gate,JER,strong,Golden Gate,inscriptions,tombs,discoveries|excavations,1,B_space
H1118,2,dropped,apparatus,palestine-exploration-quarterly_1891-10:11:jer_se_corner,palestine-exploration-quarterly_1891-10,1891,10,11,267,running_head,jer_se_corner,JER,strong,Solomon’s Stables,golden|inscriptions,,excavations,1,B_space
H1119,2,dropped,apparatus,palestine-exploration-quarterly_1891-10:11:jer_temple,palestine-exploration-quarterly_1891-10,1891,10,11,267,running_head,jer_temple,JER,strong,Haram,inscriptions,,excavations,1,B_space
H1120,2,dropped,apparatus,palestine-exploration-quarterly_1891-10:11:siloam_generic,palestine-exploration-quarterly_1891-10,1891,10,11,267,running_head,siloam_generic,JER,strong,Silwan,golden,tombs,discoveries|excavations,1,B_space
H1121,2,dropped,not_find,palestine-exploration-quarterly_1891-10:15:siloam_generic,palestine-exploration-quarterly_1891-10,1891,10,15,271,page_numbers.json,siloam_generic,JER,strong,Siloam,inscription,,,1,B_space
H1122,2,dropped,not_find,palestine-exploration-quarterly_1891-10:54:jer_tombs_kings,palestine-exploration-quarterly_1891-10,1891,10,54,310,running_head,jer_tombs_kings,JER,strong,tombs of the Kings,inscription,cisterns,find|found,1,B_space
H1123,2,dropped,ocr_noise,palestine-exploration-quarterly_1891-10:55:jer_baqa,palestine-exploration-quarterly_1891-10,1891,10,55,311,page_numbers.json,jer_baqa,JER,strong,baked,inscription,,,2,B_space
H1124,2,dropped,not_find,palestine-exploration-quarterly_1892-01:26:jer_temple,palestine-exploration-quarterly_1892-01,1892,01,26,24,running_head,jer_temple,JER,strong,Haram,golden,,,2,B_space
H1125,2,dropped,ocr_noise,palestine-exploration-quarterly_1892-04:30:jer_baqa,palestine-exploration-quarterly_1892-04,1892,04,30,110,page_numbers.json,jer_baqa,JER,strong,baked,bronze|copper|jars,,found,1,B_space
H1126,2,dropped,not_find,palestine-exploration-quarterly_1892-07:11:mount_zion,palestine-exploration-quarterly_1892-07,1892,07,11,185,page_numbers.json,mount_zion,JER,strong,Gobat’s School,sarcophagi,tomb,,1,B_space
H1127,2,dropped,not_find,palestine-exploration-quarterly_1892-07:11:siloam_generic,palestine-exploration-quarterly_1892-07,1892,07,11,185,page_numbers.json,siloam_generic,JER,strong,Siloah,sarcophagi,tomb,,1,B_space
H1128,2,dropped,not_find,palestine-exploration-quarterly_1892-07:13:mount_zion,palestine-exploration-quarterly_1892-07,1892,07,13,187,running_head,mount_zion,JER,strong,Mount Zion,inscription,,,1,B_space
H1129,2,kept,,palestine-exploration-quarterly_1892-07:23:jer_kidron_east,palestine-exploration-quarterly_1892-07,1892,07,23,197,running_head,jer_kidron_east,JER,strong,village of Silwdn,lamps,tomb,found,1,B_space
H1130,2,dropped,duplicate_page,palestine-exploration-quarterly_1892-07:23:siloam_generic,palestine-exploration-quarterly_1892-07,1892,07,23,197,running_head,siloam_generic,JER,strong,Silwan,lamps,tomb,found,1,B_space
H1131,2,dropped,not_find,palestine-exploration-quarterly_1892-10:22:siloam_generic,palestine-exploration-quarterly_1892-10,1892,10,22,284,running_head,siloam_generic,JER,strong,Siloah,silver,cave|tombs,bought|buried,2,B_space
H1132,2,dropped,not_find,palestine-exploration-quarterly_1892-10:36:jer_tyropoeon,palestine-exploration-quarterly_1892-10,1892,10,36,298,running_head,jer_tyropoeon,JER,strong,Tyropeon,inscriptions,sepulchre|tomb,found,1,B_space
H1133,2,dropped,not_find,palestine-exploration-quarterly_1892-10:36:mount_zion,palestine-exploration-quarterly_1892-10,1892,10,36,298,running_head,mount_zion,JER,strong,Mount Zion,inscriptions,sepulchre|tomb,found,1,B_space
H1134,2,dropped,apparatus,palestine-exploration-quarterly_1893:10:jer_gethsemane,palestine-exploration-quarterly_1893,1893,,10,,,jer_gethsemane,JER,strong,Gethsemane,inscription|inscriptions,tomb,found,1,B_space
H1135,2,dropped,apparatus,palestine-exploration-quarterly_1893:14:jer_gethsemane,palestine-exploration-quarterly_1893,1893,,14,,,jer_gethsemane,JER,strong,Gethsemane,inscriptions,tomb,,1,B_space
H1136,2,dropped,apparatus,palestine-exploration-quarterly_1893:16:jer_gethsemane,palestine-exploration-quarterly_1893,1893,,16,,,jer_gethsemane,JER,strong,Geth- semane,bronze|inscribed|inscription,tomb|tombs,found,1,A_joined
H1137,2,dropped,apparatus,palestine-exploration-quarterly_1893:16:jer_siloam,palestine-exploration-quarterly_1893,1893,,16,,,jer_siloam,JER,strong,Gihon,inscribed,,found,1,B_space
H1138,2,dropped,ocr_noise,palestine-exploration-quarterly_1893:33:jer_baqa,palestine-exploration-quarterly_1893,1893,,33,17,running_head,jer_baqa,JER,strong,baked,inscribed,,found,1,B_space
H1139,2,kept,,palestine-exploration-quarterly_1893:47:jer_tyropoeon,palestine-exploration-quarterly_1893,1893,,47,31,page_numbers.json,jer_tyropoeon,JER,strong,Robinson’s arch,inscription,,discovered|found,1,B_space
H1140,2,dropped,not_find,palestine-exploration-quarterly_1893:48:siloam_generic,palestine-exploration-quarterly_1893,1893,,48,32,running_head,siloam_generic,JER,strong,Siloam,inscribed|inscription,,found|obtained,2,B_space
H1141,2,dropped,not_find,palestine-exploration-quarterly_1893:89:kidron_generic,palestine-exploration-quarterly_1893,1893,,89,71,running_head,kidron_generic,JER,strong,Kidron,lamp,,,1,B_space
H1142,2,dropped,not_find,palestine-exploration-quarterly_1893:143:jer_gethsemane,palestine-exploration-quarterly_1893,1893,,143,125,inferred,jer_gethsemane,JER,strong,Gethsemane,golden,caves|tomb,lately,1,B_space
H1143,2,dropped,not_find,palestine-exploration-quarterly_1893:143:jer_temple,palestine-exploration-quarterly_1893,1893,,143,125,inferred,jer_temple,JER,strong,Dome of the Rock,golden,tomb,lately,1,B_space
H1144,2,dropped,not_find,palestine-exploration-quarterly_1893:143:kidron_generic,palestine-exploration-quarterly_1893,1893,,143,125,inferred,kidron_generic,JER,strong,Kidron,golden,tomb,,1,B_space
H1145,2,dropped,not_find,palestine-exploration-quarterly_1893:156:jer_gethsemane,palestine-exploration-quarterly_1893,1893,,156,138,running_head,jer_gethsemane,JER,strong,GETHSEMANE,inscription|lamps,tomb,,1,B_space
H1146,2,kept,,palestine-exploration-quarterly_1893:158:jer_gethsemane,palestine-exploration-quarterly_1893,1893,,158,140,running_head,jer_gethsemane,JER,strong,Gethsemane,inscription,tomb,find|found|recently,2,B_space
H1147,2,dropped,not_find,palestine-exploration-quarterly_1893:192:jer_temple,palestine-exploration-quarterly_1893,1893,,192,174,running_head,jer_temple,JER,strong,Dome of the Rock,inscription,,,1,B_space
H1148,2,dropped,not_find,palestine-exploration-quarterly_1893:260:jer_temple,palestine-exploration-quarterly_1893,1893,,260,240,running_head,jer_temple,JER,strong,Haram,inscribed|inscriptions,,discovered|found,1,B_space
H1149,2,dropped,not_find,palestine-exploration-quarterly_1893:293:jer_gethsemane,palestine-exploration-quarterly_1893,1893,,293,271,running_head,jer_gethsemane,JER,strong,Gethsemane,inscription|inscriptions|lamps,tomb,found|unearthed,1,B_space
H1150,2,dropped,apparatus,palestine-exploration-quarterly_1893:293:jer_temple,palestine-exploration-quarterly_1893,1893,,293,271,running_head,jer_temple,JER,strong,Temple Area,inscriptions,,,1,B_space
H1151,2,dropped,apparatus,palestine-exploration-quarterly_1893:296:jer_gethsemane,palestine-exploration-quarterly_1893,1893,,296,274,running_head,jer_gethsemane,JER,strong,Gethsemane,inscribed|inscription|inscriptions,sepulchre|tomb,excavations|found,1,B_space
H1152,2,dropped,apparatus,palestine-exploration-quarterly_1893:364:mount_zion,palestine-exploration-quarterly_1893,1893,,364,2,inferred,mount_zion,JER,strong,Tomb of David,golden,tomb,,1,B_space
H1153,2,dropped,apparatus,palestine-exploration-quarterly_1893:364:siloam_generic,palestine-exploration-quarterly_1893,1893,,364,2,inferred,siloam_generic,JER,strong,Siloam,inscription,tomb,found,2,B_space
H1154,2,dropped,apparatus,palestine-exploration-quarterly_1893:365:jer_siloam,palestine-exploration-quarterly_1893,1893,,365,3,inferred,jer_siloam,JER,strong,Gihon,inscription,,,1,B_space
H1155,2,dropped,apparatus,palestine-exploration-quarterly_1893:365:siloam_generic,palestine-exploration-quarterly_1893,1893,,365,3,inferred,siloam_generic,JER,strong,Siloam,inscription,,,4,B_space
H1156,2,dropped,apparatus,palestine-exploration-quarterly_1893:367:jer_bethesda,palestine-exploration-quarterly_1893,1893,,367,5,running_head,jer_bethesda,JER,strong,Birket Israil,gold,,found,1,B_space
H1157,2,dropped,apparatus,palestine-exploration-quarterly_1893:367:jer_siloam,palestine-exploration-quarterly_1893,1893,,367,5,running_head,jer_siloam,JER,strong,Gihon,gold,,found,1,B_space
H1158,2,dropped,apparatus,palestine-exploration-quarterly_1893:367:jer_temple,palestine-exploration-quarterly_1893,1893,,367,5,running_head,jer_temple,JER,strong,Dome of the Rock,inscription|inscriptions,tomb,discovery|found,1,B_space
H1159,2,dropped,apparatus,palestine-exploration-quarterly_1893:372:siloam_generic,palestine-exploration-quarterly_1893,1893,,372,10,running_head,siloam_generic,JER,strong,Siloam,inscription,,discovered,2,B_space
H1160,2,dropped,apparatus,palestine-exploration-quarterly_1893:373:jer_bir_ayyub,palestine-exploration-quarterly_1893,1893,,373,11,page_numbers.json,jer_bir_ayyub,JER,strong,En-Rogel,bronze|inscriptions,,,2,B_space
H1161,2,dropped,apparatus,palestine-exploration-quarterly_1893:376:jer_se_corner,palestine-exploration-quarterly_1893,1893,,376,14,running_head,jer_se_corner,JER,strong,south-east angle,inscriptions,,found,2,B_space
H1162,2,dropped,apparatus,palestine-exploration-quarterly_1893:377:jer_temple,palestine-exploration-quarterly_1893,1893,,377,15,page_numbers.json,jer_temple,JER,strong,Sakhrah,inscription,,,1,B_space
H1163,2,dropped,apparatus,palestine-exploration-quarterly_1893:377:mount_zion,palestine-exploration-quarterly_1893,1893,,377,15,page_numbers.json,mount_zion,JER,strong,Mount Zion,coins|inscription,,find,1,B_space
H1164,2,dropped,apparatus,palestine-exploration-quarterly_1893:378:jer_bir_ayyub,palestine-exploration-quarterly_1893,1893,,378,16,page_numbers.json,jer_bir_ayyub,JER,strong,En-Rogel,inscription|sarcophagi,,discovery|found,2,B_space
H1165,2,dropped,apparatus,palestine-exploration-quarterly_1893:381:jer_se_corner,palestine-exploration-quarterly_1893,1893,,381,19,page_numbers.json,jer_se_corner,JER,strong,Solomon’s Stables,coin|inscription|inscriptions,cave|tomb,,1,B_space
H1166,2,dropped,apparatus,palestine-exploration-quarterly_1893:381:jer_temple,palestine-exploration-quarterly_1893,1893,,381,19,page_numbers.json,jer_temple,JER,strong,Haram,coin|inscription|inscriptions,cave,,1,B_space
H1167,2,dropped,apparatus,palestine-exploration-quarterly_1893:382:jer_bir_ayyub,palestine-exploration-quarterly_1893,1893,,382,20,running_head,jer_bir_ayyub,JER,strong,En Rogel,inscriptions,sepulchres,,2,B_space
H1168,2,dropped,apparatus,palestine-exploration-quarterly_1893:385:jer_temple,palestine-exploration-quarterly_1893,1893,,385,23,page_numbers.json,jer_temple,JER,strong,el Aksa,lamps|sarcophagi,cave|tomb,found,3,B_space
H1169,2,dropped,apparatus,palestine-exploration-quarterly_1893:387:jer_temple,palestine-exploration-quarterly_1893,1893,,387,25,page_numbers.json,jer_temple,JER,strong,Haram,inscriptions,,discoveries|excavations|found,2,B_space
H1170,2,dropped,apparatus,palestine-exploration-quarterly_1893:389:jer_siloam,palestine-exploration-quarterly_1893,1893,,389,27,page_numbers.json,jer_siloam,JER,strong,Pool of Siloam,inscription|inscriptions|manuscripts,,found,2,B_space
H1171,2,dropped,apparatus,palestine-exploration-quarterly_1893:389:jer_temple,palestine-exploration-quarterly_1893,1893,,389,27,page_numbers.json,jer_temple,JER,strong,Haram,inscription,grotto|tombs,discovered|discoveries|found,1,B_space
H1172,2,dropped,apparatus,palestine-exploration-quarterly_1893:389:siloam_generic,palestine-exploration-quarterly_1893,1893,,389,27,page_numbers.json,siloam_generic,JER,strong,Siloam,inscription,grotto|tombs,discovered|discoveries|found,1,B_space
H1173,2,dropped,apparatus,palestine-exploration-quarterly_1893:390:jer_bethesda,palestine-exploration-quarterly_1893,1893,,390,28,page_numbers.json,jer_bethesda,JER,strong,Bethesda,inscriptions,cave|cisterns|grotto|sepulchre|tombs,discoveries|discovery|excavations,2,B_space
H1174,2,dropped,apparatus,palestine-exploration-quarterly_1893:390:mount_zion,palestine-exploration-quarterly_1893,1893,,390,28,page_numbers.json,mount_zion,JER,strong,Mount Zion,inscriptions,cave|tombs,discoveries|excavations,1,B_space
H1175,2,dropped,apparatus,palestine-exploration-quarterly_1893:390:siloam_generic,palestine-exploration-quarterly_1893,1893,,390,28,page_numbers.json,siloam_generic,JER,strong,Silwan,inscriptions,cave|cistern|cisterns|grotto|sepulchre|tombs,discovery|excavations,2,B_space
H1176,2,dropped,apparatus,palestine-exploration-quarterly_1893:391:jer_east_gate,palestine-exploration-quarterly_1893,1893,,391,29,page_numbers.json,jer_east_gate,JER,strong,Golden Gate,ossuaries,tombs,discovered|discoveries|excavations,1,B_space
H1177,2,dropped,apparatus,palestine-exploration-quarterly_1893:391:kidron_generic,palestine-exploration-quarterly_1893,1893,,391,29,page_numbers.json,kidron_generic,JER,strong,Kedron,golden|ossuaries,grotto|tomb|tombs,discoveries|discovery|excavations,1,B_space
H1178,2,dropped,apparatus,palestine-exploration-quarterly_1893:391:siloam_generic,palestine-exploration-quarterly_1893,1893,,391,29,page_numbers.json,siloam_generic,JER,strong,Siloah,golden,cistern|tombs,discovered|discoveries|excavations,5,B_space
H1179,2,dropped,apparatus,palestine-exploration-quarterly_1893:392:jer_temple,palestine-exploration-quarterly_1893,1893,,392,30,running_head,jer_temple,JER,strong,Dome of the Rock,inscriptions,sepulchre,,2,B_space
H1180,2,dropped,apparatus,palestine-exploration-quarterly_1893:393:jer_siloam,palestine-exploration-quarterly_1893,1893,,393,31,page_numbers.json,jer_siloam,JER,strong,Pool of Siloam,inscription,,,1,B_space
H1181,2,dropped,apparatus,palestine-exploration-quarterly_1893:393:jer_temple,palestine-exploration-quarterly_1893,1893,,393,31,page_numbers.json,jer_temple,JER,strong,Aks4,inscription,sepulchre,,2,B_space
H1182,2,dropped,apparatus,palestine-exploration-quarterly_1893:393:siloam_generic,palestine-exploration-quarterly_1893,1893,,393,31,page_numbers.json,siloam_generic,JER,strong,Siloam,inscription,,,1,B_space
H1183,2,dropped,apparatus,palestine-exploration-quarterly_1893:395:jer_tyropoeon,palestine-exploration-quarterly_1893,1893,,395,33,page_numbers.json,jer_tyropoeon,JER,strong,Robinson’s Arch,inscriptions,,discovery|found,1,B_space
H1184,2,dropped,apparatus,palestine-exploration-quarterly_1893:397:jer_temple,palestine-exploration-quarterly_1893,1893,,397,35,page_numbers.json,jer_temple,JER,strong,Haram,inscriptions,,,3,B_space
H1185,2,dropped,apparatus,palestine-exploration-quarterly_1893:400:jer_temple,palestine-exploration-quarterly_1893,1893,,400,38,page_numbers.json,jer_temple,JER,strong,Haram,inscription|inscriptions,,discoveries|found,3,B_space
H1186,2,dropped,apparatus,palestine-exploration-quarterly_1893:400:jer_tyropoeon,palestine-exploration-quarterly_1893,1893,,400,38,page_numbers.json,jer_tyropoeon,JER,strong,Wilson’s Arch,inscription|inscriptions,,found,1,B_space
H1187,2,dropped,apparatus,palestine-exploration-quarterly_1893:400:siloam_generic,palestine-exploration-quarterly_1893,1893,,400,38,page_numbers.json,siloam_generic,JER,strong,Siloam,inscription|inscriptions,,found,1,B_space
H1188,2,dropped,apparatus,palestine-exploration-quarterly_1893:401:jer_siloam,palestine-exploration-quarterly_1893,1893,,401,39,page_numbers.json,jer_siloam,JER,strong,Pool of Siloam,inscription|inscriptions,sepulchre,,1,B_space
H1189,2,dropped,apparatus,palestine-exploration-quarterly_1893:401:jer_temple,palestine-exploration-quarterly_1893,1893,,401,39,page_numbers.json,jer_temple,JER,strong,Temple Area,inscriptions,tombs,discovered|found,2,B_space
H1190,2,dropped,apparatus,palestine-exploration-quarterly_1893:402:jer_east_gate,palestine-exploration-quarterly_1893,1893,,402,40,running_head,jer_east_gate,JER,strong,East Wall of the Haram,inscribed|inscription|inscriptions|lamps,tombs,opened,1,B_space
H1191,2,dropped,apparatus,palestine-exploration-quarterly_1893:402:jer_temple,palestine-exploration-quarterly_1893,1893,,402,40,running_head,jer_temple,JER,strong,el Aksa,inscribed|inscription|inscriptions|lamps,cistern|grotto,,2,B_space
H1192,2,dropped,apparatus,palestine-exploration-quarterly_1893:402:mount_zion,palestine-exploration-quarterly_1893,1893,,402,40,running_head,mount_zion,JER,strong,Mount Zion,inscriptions|lamps,cistern|grotto,discoveries,1,B_space
H1193,2,dropped,apparatus,palestine-exploration-quarterly_1893:403:jer_bethesda,palestine-exploration-quarterly_1893,1893,,403,41,page_numbers.json,jer_bethesda,JER,strong,Bethesda,inscription|lamps,grotto|tomb,discovered|discoveries|excavations,1,B_space
H1194,2,dropped,apparatus,palestine-exploration-quarterly_1893:403:jer_temple,palestine-exploration-quarterly_1893,1893,,403,41,page_numbers.json,jer_temple,JER,strong,Haram,inscription|lamps|sarcophagi,grotto,discovered|discoveries|excavations,4,B_space
H1195,2,dropped,apparatus,palestine-exploration-quarterly_1893:403:siloam_generic,palestine-exploration-quarterly_1893,1893,,403,41,page_numbers.json,siloam_generic,JER,strong,Siloam,inscription|lamps|sarcophagi,grotto,discovered|discoveries,1,B_space
H1196,2,dropped,apparatus,palestine-exploration-quarterly_1893:404:jer_temple,palestine-exploration-quarterly_1893,1893,,404,42,running_head,jer_temple,JER,strong,Haram,inscription,grotto|tomb,discovered|found,3,B_space
H1197,2,dropped,apparatus,palestine-exploration-quarterly_1893:406:jer_bethesda,palestine-exploration-quarterly_1893,1893,,406,44,running_head,jer_bethesda,JER,strong,Twin Pools,gems|inscriptions,cave|tombs,,1,B_space
H1198,2,dropped,apparatus,palestine-exploration-quarterly_1893:406:jer_temple,palestine-exploration-quarterly_1893,1893,,406,44,running_head,jer_temple,JER,strong,Haram,gems|inscriptions,cave|tombs,,3,B_space
H1199,2,dropped,apparatus,palestine-exploration-quarterly_1893:407:mount_zion,palestine-exploration-quarterly_1893,1893,,407,45,page_numbers.json,mount_zion,JER,strong,Tomb of David,seal,cave|sepulchre|tomb,found,1,B_space
H1200,2,dropped,apparatus,palestine-exploration-quarterly_1893:407:siloam_generic,palestine-exploration-quarterly_1893,1893,,407,45,page_numbers.json,siloam_generic,JER,strong,Siloam,inscription,sepulchre|tomb,excavations,2,B_space
H1201,2,dropped,apparatus,palestine-exploration-quarterly_1893:408:jer_tyropoeon,palestine-exploration-quarterly_1893,1893,,408,46,running_head,jer_tyropoeon,JER,strong,Tyropeon,inscriptions,tombs,found,1,B_space
H1202,2,dropped,apparatus,palestine-exploration-quarterly_1893:412:jer_temple,palestine-exploration-quarterly_1893,1893,,412,50,running_head,jer_temple,JER,strong,el Aksa,inscriptions,,discovered|found,1,B_space
H1203,2,dropped,apparatus,palestine-exploration-quarterly_1893:412:siloam_generic,palestine-exploration-quarterly_1893,1893,,412,50,running_head,siloam_generic,JER,strong,Siloam,sarcophagus,,,1,A_joined
H1204,2,dropped,apparatus,palestine-exploration-quarterly_1893:417:jer_temple,palestine-exploration-quarterly_1893,1893,,417,55,running_head,jer_temple,JER,strong,Haram,inscription,tomb,,1,B_space
H1205,2,dropped,apparatus,palestine-exploration-quarterly_1893:420:jer_bethesda,palestine-exploration-quarterly_1893,1893,,420,58,running_head,jer_bethesda,JER,strong,Birket Israil,inscription,,discoveries|discovery|found,1,B_space
H1206,2,dropped,apparatus,palestine-exploration-quarterly_1893:420:jer_bir_ayyub,palestine-exploration-quarterly_1893,1893,,420,58,running_head,jer_bir_ayyub,JER,strong,Bir Eyub,inscrip,,,4,B_space
H1207,2,dropped,apparatus,palestine-exploration-quarterly_1893:421:jer_south_wall,palestine-exploration-quarterly_1893,1893,,421,59,running_head,jer_south_wall,JER,strong,Double Gate,bronze,,,1,B_space
H1208,2,dropped,apparatus,palestine-exploration-quarterly_1893:421:jer_temple,palestine-exploration-quarterly_1893,1893,,421,59,running_head,jer_temple,JER,strong,Haram,inscriptions,tombs,found,2,B_space
H1209,2,dropped,apparatus,palestine-exploration-quarterly_1893:421:kidron_generic,palestine-exploration-quarterly_1893,1893,,421,59,running_head,kidron_generic,JER,strong,Kidron,bronze,,,1,B_space
H1210,2,dropped,apparatus,palestine-exploration-quarterly_1893:423:jer_temple,palestine-exploration-quarterly_1893,1893,,423,61,running_head,jer_temple,JER,strong,Haram,inscrip,cave|caves|sepulchre,discovered|recently,3,B_space
H1211,2,dropped,apparatus,palestine-exploration-quarterly_1893:424:jer_temple,palestine-exploration-quarterly_1893,1893,,424,62,running_head,jer_temple,JER,strong,Haram,copper,cavern,found,1,B_space
H1212,2,dropped,apparatus,palestine-exploration-quarterly_1893:425:jer_temple,palestine-exploration-quarterly_1893,1893,,425,63,running_head,jer_temple,JER,strong,Sakhrah,copper|inscription|inscriptions|treasure,,opening,3,B_space
H1213,2,dropped,apparatus,palestine-exploration-quarterly_1893:427:jer_temple,palestine-exploration-quarterly_1893,1893,,427,65,running_head,jer_temple,JER,strong,Dome of the Rock,inscription|inscriptions,sepulchre,,2,B_space
H1214,2,dropped,apparatus,palestine-exploration-quarterly_1893:430:jer_temple,palestine-exploration-quarterly_1893,1893,,430,68,running_head,jer_temple,JER,strong,Haram,sarcophagus,cave,found,1,B_space
H1215,2,dropped,apparatus,palestine-exploration-quarterly_1893:431:jer_temple,palestine-exploration-quarterly_1893,1893,,431,69,running_head,jer_temple,JER,strong,Haram,golden,,discovered|found,1,B_space
H1216,2,dropped,apparatus,palestine-exploration-quarterly_1893:433:jer_east_gate,palestine-exploration-quarterly_1893,1893,,433,71,page_numbers.json,jer_east_gate,JER,strong,Golden Gate,gold|golden,tombs,excavations|found,1,B_space
H1217,2,dropped,apparatus,palestine-exploration-quarterly_1893:434:jer_temple,palestine-exploration-quarterly_1893,1893,,434,72,running_head,jer_temple,JER,strong,Haram,inscription,,discoveries|discovery|excavation|found,3,B_space
H1218,2,dropped,apparatus,palestine-exploration-quarterly_1893:435:jer_south_wall,palestine-exploration-quarterly_1893,1893,,435,73,page_numbers.json,jer_south_wall,JER,strong,triple gate,golden|inscrip,,,1,B_space
H1219,2,dropped,apparatus,palestine-exploration-quarterly_1893:435:jer_temple,palestine-exploration-quarterly_1893,1893,,435,73,page_numbers.json,jer_temple,JER,strong,Kubbet es Sakhrah,inscrip,,,6,B_space
H1220,2,dropped,apparatus,palestine-exploration-quarterly_1893:435:jer_tyropoeon,palestine-exploration-quarterly_1893,1893,,435,73,page_numbers.json,jer_tyropoeon,JER,strong,Wilson’s Arch,golden,,,1,B_space
H1221,2,dropped,apparatus,palestine-exploration-quarterly_1893:436:jer_temple,palestine-exploration-quarterly_1893,1893,,436,74,page_numbers.json,jer_temple,JER,strong,temple mount,inscription,tombs,excavations|found,1,B_space
H1222,2,dropped,apparatus,palestine-exploration-quarterly_1893:437:jer_temple,palestine-exploration-quarterly_1893,1893,,437,75,page_numbers.json,jer_temple,JER,strong,Haram,inscriptions,tomb,discovery,3,B_space
H1223,2,dropped,apparatus,palestine-exploration-quarterly_1893:438:jer_siloam,palestine-exploration-quarterly_1893,1893,,438,76,running_head,jer_siloam,JER,strong,Pool of Siloam,inscriptions,,,1,B_space
H1224,2,dropped,apparatus,palestine-exploration-quarterly_1893:438:jer_temple,palestine-exploration-quarterly_1893,1893,,438,76,running_head,jer_temple,JER,strong,Haram,inscriptions,,,3,B_space
H1225,2,dropped,apparatus,palestine-exploration-quarterly_1893:438:siloam_generic,palestine-exploration-quarterly_1893,1893,,438,76,running_head,siloam_generic,JER,strong,Siloam,inscriptions,cave|sepulchral|tomb,found,2,B_space
H1226,2,dropped,apparatus,palestine-exploration-quarterly_1893:439:jer_temple,palestine-exploration-quarterly_1893,1893,,439,77,page_numbers.json,jer_temple,JER,strong,Haram,inscriptions,,,4,B_space
H1227,2,dropped,apparatus,palestine-exploration-quarterly_1893:442:jer_temple,palestine-exploration-quarterly_1893,1893,,442,80,running_head,jer_temple,JER,strong,Haram,inscriptions,caverns,discovery|found,1,B_space
H1228,2,dropped,apparatus,palestine-exploration-quarterly_1893:442:mount_zion,palestine-exploration-quarterly_1893,1893,,442,80,running_head,mount_zion,JER,strong,Neby Daud,inscription,grotto,cleared|found,1,B_space
H1229,2,dropped,apparatus,palestine-exploration-quarterly_1893:444:jer_bethesda,palestine-exploration-quarterly_1893,1893,,444,82,running_head,jer_bethesda,JER,strong,Bethesda,golden|inscriptions|ossuaries,tombs,discoveries|excavations,1,B_space
H1230,2,dropped,apparatus,palestine-exploration-quarterly_1893:444:jer_east_gate,palestine-exploration-quarterly_1893,1893,,444,82,running_head,jer_east_gate,JER,strong,Golden Gate,inscriptions|ossuaries,tombs,discoveries|excavations,1,B_space
H1231,2,dropped,apparatus,palestine-exploration-quarterly_1893:444:jer_se_corner,palestine-exploration-quarterly_1893,1893,,444,82,running_head,jer_se_corner,JER,strong,Solomon’s stables,golden|inscriptions|ossuaries,tombs,discoveries|excavations,2,B_space
H1232,2,dropped,apparatus,palestine-exploration-quarterly_1893:444:jer_south_wall,palestine-exploration-quarterly_1893,1893,,444,82,running_head,jer_south_wall,JER,strong,Triple Gate,golden|inscriptions|ossuaries,tombs,discoveries|excavations,1,B_space
H1233,2,dropped,apparatus,palestine-exploration-quarterly_1893:444:jer_temple,palestine-exploration-quarterly_1893,1893,,444,82,running_head,jer_temple,JER,strong,sakhrah,inscription,cisterns,found,4,B_space
H1234,2,dropped,apparatus,palestine-exploration-quarterly_1893:444:kidron_generic,palestine-exploration-quarterly_1893,1893,,444,82,running_head,kidron_generic,JER,strong,Kedron,inscriptions,tomb,excavations,1,B_space
H1235,2,dropped,apparatus,palestine-exploration-quarterly_1893:445:jer_east_gate,palestine-exploration-quarterly_1893,1893,,445,83,running_head,jer_east_gate,JER,strong,Golden Gate,inscrip|lamps|sarcophagi,cave|tomb,,1,B_space
H1236,2,dropped,apparatus,palestine-exploration-quarterly_1893:445:jer_se_corner,palestine-exploration-quarterly_1893,1893,,445,83,running_head,jer_se_corner,JER,strong,Solomon’s stables,golden|inscrip|lamps|sarcophagi,cave|tomb,discoveries,1,B_space
H1237,2,dropped,apparatus,palestine-exploration-quarterly_1893:445:mount_zion,palestine-exploration-quarterly_1893,1893,,445,83,running_head,mount_zion,JER,strong,Neby Daud,golden|inscrip|lamps|sarcophagi,cave|sepulchre|tomb,discoveries,3,B_space
H1238,2,dropped,apparatus,palestine-exploration-quarterly_1893:448:kidron_generic,palestine-exploration-quarterly_1893,1893,,448,86,running_head,kidron_generic,JER,strong,Kedron,inscription,cistern|tombs,bought,2,B_space
H1239,2,dropped,apparatus,palestine-exploration-quarterly_1893:451:jer_temple,palestine-exploration-quarterly_1893,1893,,451,89,running_head,jer_temple,JER,strong,Kubbet es Sakhrah,inscrip,tomb,,4,B_space
H1240,2,dropped,apparatus,palestine-exploration-quarterly_1893:452:siloam_generic,palestine-exploration-quarterly_1893,1893,,452,90,running_head,siloam_generic,JER,strong,Silwan,lamps,tomb,obtained,1,B_space
H1241,2,dropped,apparatus,palestine-exploration-quarterly_1893:455:jer_temple,palestine-exploration-quarterly_1893,1893,,455,93,running_head,jer_temple,JER,strong,el Aksa,inscription,cavern,,5,B_space
H1242,2,dropped,apparatus,palestine-exploration-quarterly_1893:459:kidron_generic,palestine-exploration-quarterly_1893,1893,,459,97,page_numbers.json,kidron_generic,JER,strong,Kedron,bronze,,found,1,B_space
H1243,2,dropped,apparatus,palestine-exploration-quarterly_1893:460:mount_zion,palestine-exploration-quarterly_1893,1893,,460,98,running_head,mount_zion,JER,strong,Neby Daud,inscription,,excavations,1,B_space
H1244,2,dropped,apparatus,palestine-exploration-quarterly_1893:461:jer_tombs_kings,palestine-exploration-quarterly_1893,1893,,461,99,running_head,jer_tombs_kings,JER,strong,Tombs of the Kings,inscription|sarcophagi,tomb|tombs,discovered|discoveries,1,B_space
H1245,2,dropped,apparatus,palestine-exploration-quarterly_1893:463:jer_temple,palestine-exploration-quarterly_1893,1893,,463,101,running_head,jer_temple,JER,strong,Haram,gold|inscriptions|treasure,tomb|tombs,discovering,1,B_space
H1246,2,dropped,apparatus,palestine-exploration-quarterly_1893:468:jer_temple,palestine-exploration-quarterly_1893,1893,,468,106,running_head,jer_temple,JER,strong,Haram,inscrip|inscription|lamps,cave,found,1,B_space
H1247,2,dropped,apparatus,palestine-exploration-quarterly_1893:469:jer_temple,palestine-exploration-quarterly_1893,1893,,469,107,page_numbers.json,jer_temple,JER,strong,Haram,inscription,,,1,B_space
H1248,2,dropped,apparatus,palestine-exploration-quarterly_1893:469:tell_el_ful,palestine-exploration-quarterly_1893,1893,,469,107,page_numbers.json,tell_el_ful,JER,strong,Gibeah,inscriptions,,,1,B_space
H1249,2,dropped,apparatus,palestine-exploration-quarterly_1893:470:jer_bir_ayyub,palestine-exploration-quarterly_1893,1893,,470,108,running_head,jer_bir_ayyub,JER,strong,Bir Eyub,inscriptions,,,4,B_space
H1250,2,dropped,apparatus,palestine-exploration-quarterly_1893:472:jer_temple,palestine-exploration-quarterly_1893,1893,,472,110,running_head,jer_temple,JER,strong,Sakhra,inscriptions,,excavation|found,2,B_space
H1251,2,dropped,apparatus,palestine-exploration-quarterly_1893:475:jer_siloam,palestine-exploration-quarterly_1893,1893,,475,113,running_head,jer_siloam,JER,strong,Pool of Siloam,inscriptions,cave|tomb|tombs,excavations|find,2,B_space
H1252,2,dropped,apparatus,palestine-exploration-quarterly_1893:475:siloam_generic,palestine-exploration-quarterly_1893,1893,,475,113,running_head,siloam_generic,JER,strong,Siloah,inscriptions|sarcophagi,cave|tomb|tombs,excavations|find,5,B_space
H1253,2,dropped,apparatus,palestine-exploration-quarterly_1893:476:jer_siloam,palestine-exploration-quarterly_1893,1893,,476,114,running_head,jer_siloam,JER,strong,Birket Hamrah,inscription,,discovery,1,B_space
H1254,2,dropped,apparatus,palestine-exploration-quarterly_1893:476:siloam_generic,palestine-exploration-quarterly_1893,1893,,476,114,running_head,siloam_generic,JER,strong,Siloam,inscription,,discovery,7,B_space
H1255,2,dropped,apparatus,palestine-exploration-quarterly_1893:477:jer_temple,palestine-exploration-quarterly_1893,1893,,477,115,page_numbers.json,jer_temple,JER,strong,Noble Sanctuary,inscriptions,,found,1,B_space
H1256,2,dropped,apparatus,palestine-exploration-quarterly_1893:483:jer_kidron_mon,palestine-exploration-quarterly_1893,1893,,483,121,page_numbers.json,jer_kidron_mon,JER,strong,Beni-Hezir,sarcophagus,cave|tomb,,2,B_space
H1257,2,dropped,apparatus,palestine-exploration-quarterly_1893:483:jer_south_wall,palestine-exploration-quarterly_1893,1893,,483,121,page_numbers.json,jer_south_wall,JER,strong,Triple Gate,inscribed,,found,1,B_space
H1258,2,dropped,apparatus,palestine-exploration-quarterly_1893:484:jer_tyropoeon,palestine-exploration-quarterly_1893,1893,,484,122,running_head,jer_tyropoeon,JER,strong,Tyropeon,inscription,,,3,B_space
H1259,2,dropped,apparatus,palestine-exploration-quarterly_1894:10:siloam_generic,palestine-exploration-quarterly_1894,1894,,10,,,siloam_generic,JER,strong,Siloam,inscriptions|sarcophagi,,,1,B_space
H1260,2,dropped,apparatus,palestine-exploration-quarterly_1894:12:mount_zion,palestine-exploration-quarterly_1894,1894,,12,,,mount_zion,JER,strong,Mount Zion,sarcophagus,,excavations,1,B_space
H1261,2,dropped,apparatus,palestine-exploration-quarterly_1894:14:siloam_generic,palestine-exploration-quarterly_1894,1894,,14,,,siloam_generic,JER,strong,Siloam,inscrip|sarcophagi,tomb|tombs,found,1,B_space
H1262,2,kept,,palestine-exploration-quarterly_1894:37:jer_gethsemane,palestine-exploration-quarterly_1894,1894,,37,21,running_head,jer_gethsemane,JER,strong,Gethsemane,inscription,,discovered|excavating|found|recently,1,B_space
H1263,2,dropped,not_find,palestine-exploration-quarterly_1894:87:jer_temple,palestine-exploration-quarterly_1894,1894,,87,65,running_head,jer_temple,JER,strong,Haram,vessels,,found,1,B_space
H1264,2,dropped,not_find,palestine-exploration-quarterly_1894:131:jer_temple,palestine-exploration-quarterly_1894,1894,,131,107,running_head,jer_temple,JER,strong,Haram,inscriptions,,,2,B_space
H1265,2,dropped,not_find,palestine-exploration-quarterly_1894:213:siloam_generic,palestine-exploration-quarterly_1894,1894,,213,175,running_head,siloam_generic,JER,strong,Siloam,inscriptions|treasure|treasures,,discoveries|excavations,1,B_space
H1266,2,dropped,not_find,palestine-exploration-quarterly_1894:269:siloam_generic,palestine-exploration-quarterly_1894,1894,,269,231,page_numbers.json,siloam_generic,JER,strong,Siloam,inscription,,find|found,2,B_space
H1267,2,dropped,not_find,palestine-exploration-quarterly_1894:311:siloam_generic,palestine-exploration-quarterly_1894,1894,,311,269,running_head,siloam_generic,JER,strong,SILOAM,inscrip,,,1,B_space
H1268,2,dropped,not_find,palestine-exploration-quarterly_1894:312:jer_siloam,palestine-exploration-quarterly_1894,1894,,312,270,running_head,jer_siloam,JER,strong,Pool of Siloam,inscription,,discovery|found,1,B_space
H1269,2,dropped,not_find,palestine-exploration-quarterly_1894:312:siloam_generic,palestine-exploration-quarterly_1894,1894,,312,270,running_head,siloam_generic,JER,strong,SILOAM,inscriptions,,discoveries,2,B_space
H1270,2,dropped,not_find,palestine-exploration-quarterly_1894:313:siloam_generic,palestine-exploration-quarterly_1894,1894,,313,271,running_head,siloam_generic,JER,strong,SILOAM,inscriptions,,accidentally|discovery|found,2,B_space
H1271,2,dropped,not_find,palestine-exploration-quarterly_1894:314:siloam_generic,palestine-exploration-quarterly_1894,1894,,314,272,page_numbers.json,siloam_generic,JER,strong,SILOAM,inscriptions,,,1,B_space
H1272,2,dropped,not_find,palestine-exploration-quarterly_1894:315:siloam_generic,palestine-exploration-quarterly_1894,1894,,315,273,page_numbers.json,siloam_generic,JER,strong,SILOAM,inscriptions,,,2,B_space
H1273,2,dropped,not_find,palestine-exploration-quarterly_1894:316:siloam_generic,palestine-exploration-quarterly_1894,1894,,316,274,running_head,siloam_generic,JER,strong,SILOAM,inscriptions,,,3,B_space
H1274,2,dropped,not_find,palestine-exploration-quarterly_1894:317:siloam_generic,palestine-exploration-quarterly_1894,1894,,317,275,running_head,siloam_generic,JER,strong,SILOAM,inscriptions,,,6,B_space
H1275,2,dropped,not_find,palestine-exploration-quarterly_1894:318:siloam_generic,palestine-exploration-quarterly_1894,1894,,318,276,running_head,siloam_generic,JER,strong,SILOAM,inscriptions,,,2,B_space
H1276,2,dropped,not_find,palestine-exploration-quarterly_1894:343:siloam_generic,palestine-exploration-quarterly_1894,1894,,343,301,running_head,siloam_generic,JER,strong,Siloam,inscription,,,1,B_space
H1277,2,dropped,not_find,palestine-exploration-quarterly_1894:348:jer_siloam,palestine-exploration-quarterly_1894,1894,,348,306,running_head,jer_siloam,JER,strong,Gihon,inscription,,found,1,B_space
H1278,2,dropped,apparatus,palestine-exploration-quarterly_1895:14:jer_east_gate,palestine-exploration-quarterly_1895,1895,,14,,,jer_east_gate,JER,strong,Golden Gate,copper|inscribed|inscriptions,sepulchre,,1,B_space
H1279,2,dropped,apparatus,palestine-exploration-quarterly_1895:14:kidron_generic,palestine-exploration-quarterly_1895,1895,,14,,,kidron_generic,JER,strong,Wady en Nar,inscriptions,graves,discovery,1,B_space
H1280,2,dropped,apparatus,palestine-exploration-quarterly_1895:14:siloam_generic,palestine-exploration-quarterly_1895,1895,,14,,,siloam_generic,JER,strong,Siloam,copper|golden|inscribed|inscriptions,cave|sepulchre,,1,B_space
H1281,2,dropped,apparatus,palestine-exploration-quarterly_1895:15:jer_siloam,palestine-exploration-quarterly_1895,1895,,15,,,jer_siloam,JER,strong,Pool of Siloam,coins,cistern,found|picked up,1,B_space
H1282,2,dropped,apparatus,palestine-exploration-quarterly_1895:15:mount_zion,palestine-exploration-quarterly_1895,1895,,15,,,mount_zion,JER,strong,Zion Gate,inscription|inscriptions,tomb|tombs,excavations,3,B_space
H1283,2,dropped,apparatus,palestine-exploration-quarterly_1895:16:jer_siloam,palestine-exploration-quarterly_1895,1895,,16,,,jer_siloam,JER,strong,Pool of Siloam,inscription,sepulchre|tomb,found,1,B_space
H1284,2,dropped,not_find,palestine-exploration-quarterly_1895:18:jer_siloam,palestine-exploration-quarterly_1895,1895,,18,2,inferred,jer_siloam,JER,strong,Virgin’s Fountain,inscrip,,opened,2,B_space
H1285,2,dropped,not_find,palestine-exploration-quarterly_1895:18:siloam_generic,palestine-exploration-quarterly_1895,1895,,18,2,inferred,siloam_generic,JER,strong,Siloam,inscrip,cisterns,,2,B_space
H1286,2,dropped,not_find,palestine-exploration-quarterly_1895:40:jer_south_wall,palestine-exploration-quarterly_1895,1895,,40,20,running_head,jer_south_wall,JER,strong,south wall of the Haram,inscription,,found,1,B_space
H1287,2,dropped,not_find,palestine-exploration-quarterly_1895:47:siloam_generic,palestine-exploration-quarterly_1895,1895,,47,25,page_numbers.json,siloam_generic,JER,strong,Silwan,inscription,,discoverer|found,1,B_space
H1288,2,kept,,palestine-exploration-quarterly_1895:120:jer_se_corner,palestine-exploration-quarterly_1895,1895,,120,90,running_head,jer_se_corner,JER,strong,Solomon’s Stables,golden,,,1,B_space
H1289,2,dropped,duplicate_page,palestine-exploration-quarterly_1895:120:jer_temple,palestine-exploration-quarterly_1895,1895,,120,90,running_head,jer_temple,JER,strong,Haram,golden,,,2,B_space
H1290,2,kept,,palestine-exploration-quarterly_1895:160:mount_zion,palestine-exploration-quarterly_1895,1895,,160,130,running_head,mount_zion,JER,strong,NEBY DAUD,inscription|seal,,,2,B_space
H1291,2,dropped,not_find,palestine-exploration-quarterly_1895:219:siloam_generic,palestine-exploration-quarterly_1895,1895,,219,187,page_numbers.json,siloam_generic,JER,strong,Siloam,inscribed|inscription,,find,1,B_space
H1292,2,dropped,not_find,palestine-exploration-quarterly_1895:220:siloam_generic,palestine-exploration-quarterly_1895,1895,,220,188,running_head,siloam_generic,JER,strong,Siloam,inscription,,,3,B_space
H1293,2,dropped,not_find,palestine-exploration-quarterly_1895:222:siloam_generic,palestine-exploration-quarterly_1895,1895,,222,190,running_head,siloam_generic,JER,strong,Siloam,inscription,,,1,B_space
H1294,2,kept,,palestine-exploration-quarterly_1895:227:siloam_generic,palestine-exploration-quarterly_1895,1895,,227,195,running_head,siloam_generic,JER,strong,Silwdn,bronze|coins|seal|seals,,,1,B_space
H1295,2,dropped,not_find,palestine-exploration-quarterly_1895:235:siloam_generic,palestine-exploration-quarterly_1895,1895,,235,203,running_head,siloam_generic,JER,strong,Silw4n,inscriptions,,buried|excavations|found,1,B_space
H1296,2,dropped,not_find,palestine-exploration-quarterly_1895:334:siloam_generic,palestine-exploration-quarterly_1895,1895,,334,298,running_head,siloam_generic,JER,strong,Silwan,bronze|coins|seal|seals,,,1,B_space
H1297,2,dropped,not_find,palestine-exploration-quarterly_1895:424:siloam_generic,palestine-exploration-quarterly_1895,1895,,424,376,running_head,siloam_generic,JER,strong,Siloam,inscription|inscriptions,,,1,B_space
H1298,2,dropped,apparatus,palestine-exploration-quarterly_1896:10:jer_tombs_kings,palestine-exploration-quarterly_1896,1896,,10,,,jer_tombs_kings,JER,strong,Tombs of the Kings,coins|inscription,tomb|tombs,discovered|found,1,B_space
H1299,2,dropped,apparatus,palestine-exploration-quarterly_1896:13:jer_tombs_kings,palestine-exploration-quarterly_1896,1896,,13,,,jer_tombs_kings,JER,strong,Tombs of the Kings,inscriptions,tomb,discovered,1,B_space
H1300,2,dropped,not_find,palestine-exploration-quarterly_1896:92:jer_east_gate,palestine-exploration-quarterly_1896,1896,,92,58,running_head,jer_east_gate,JER,strong,Golden Gate,golden,,,3,B_space
H1301,2,dropped,not_find,palestine-exploration-quarterly_1896:92:jer_south_wall,palestine-exploration-quarterly_1896,1896,,92,58,running_head,jer_south_wall,JER,strong,south wall of the Haram,golden,,,4,B_space
H1302,2,dropped,not_find,palestine-exploration-quarterly_1896:92:jer_temple,palestine-exploration-quarterly_1896,1896,,92,58,running_head,jer_temple,JER,strong,Temple Enclo- sure,golden,,,4,A_joined
H1303,2,dropped,not_find,palestine-exploration-quarterly_1896:92:jer_tyropoeon,palestine-exploration-quarterly_1896,1896,,92,58,running_head,jer_tyropoeon,JER,strong,Wilson’s arch,golden,,,1,B_space
H1304,2,dropped,not_find,palestine-exploration-quarterly_1896:92:kidron_generic,palestine-exploration-quarterly_1896,1896,,92,58,running_head,kidron_generic,JER,strong,Kedron,golden,,,2,B_space
H1305,2,dropped,not_find,palestine-exploration-quarterly_1896:108:siloam_generic,palestine-exploration-quarterly_1896,1896,,108,72,page_numbers.json,siloam_generic,JER,strong,Siloam,inscription,tombs,buried|found,1,B_space
H1306,2,dropped,not_find,palestine-exploration-quarterly_1896:110:siloam_generic,palestine-exploration-quarterly_1896,1896,,110,74,running_head,siloam_generic,JER,strong,Siloam,inscription,,,2,B_space
H1307,2,dropped,not_find,palestine-exploration-quarterly_1896:142:jer_temple,palestine-exploration-quarterly_1896,1896,,142,102,running_head,jer_temple,JER,strong,Haram,inscription,sepulchre|tombs,discovered|found|purchased|recently,1,B_space
H1308,2,kept,,palestine-exploration-quarterly_1896:159:jer_tyropoeon,palestine-exploration-quarterly_1896,1896,,159,117,running_head,jer_tyropoeon,JER,strong,Tyropeon,inscribed|inscription|jar,,found,1,B_space
H1309,2,kept,,palestine-exploration-quarterly_1896:162:siloam_generic,palestine-exploration-quarterly_1896,1896,,162,120,running_head,siloam_generic,JER,strong,Siloam,brass|bronze|coins|copper|lamp,,excavations|found,1,B_space
H1310,2,dropped,not_find,palestine-exploration-quarterly_1896:163:siloam_generic,palestine-exploration-quarterly_1896,1896,,163,121,page_numbers.json,siloam_generic,JER,strong,Siloam,inscription|sarcophagi|treasures,,,1,B_space
H1311,2,dropped,not_find,palestine-exploration-quarterly_1896:169:jer_bethesda,palestine-exploration-quarterly_1896,1896,,169,127,page_numbers.json,jer_bethesda,JER,strong,St. Anne,lamps,,,1,B_space
H1312,2,dropped,not_find,palestine-exploration-quarterly_1896:169:jer_temple,palestine-exploration-quarterly_1896,1896,,169,127,page_numbers.json,jer_temple,JER,strong,Dome of the Rock,lamps,,,1,B_space
H1313,2,dropped,not_find,palestine-exploration-quarterly_1896:175:mount_zion,palestine-exploration-quarterly_1896,1896,,175,133,page_numbers.json,mount_zion,JER,strong,NEBY DAUD,inscription,,,2,B_space
H1314,2,dropped,not_find,palestine-exploration-quarterly_1896:176:mount_zion,palestine-exploration-quarterly_1896,1896,,176,134,running_head,mount_zion,JER,strong,NEBY DAUD,inscription,,,1,B_space
H1315,2,dropped,not_find,palestine-exploration-quarterly_1896:177:mount_zion,palestine-exploration-quarterly_1896,1896,,177,135,running_head,mount_zion,JER,strong,NEBY DAUD,inscription,,,1,B_space
H1316,2,dropped,not_find,palestine-exploration-quarterly_1896:178:mount_zion,palestine-exploration-quarterly_1896,1896,,178,136,running_head,mount_zion,JER,strong,NEBY DAUD,inscription,,,1,B_space
H1317,2,dropped,not_find,palestine-exploration-quarterly_1896:179:mount_zion,palestine-exploration-quarterly_1896,1896,,179,137,page_numbers.json,mount_zion,JER,strong,NEBY DAUD,inscription|medals,,,1,B_space
H1318,2,dropped,not_find,palestine-exploration-quarterly_1896:181:mount_zion,palestine-exploration-quarterly_1896,1896,,181,139,page_numbers.json,mount_zion,JER,strong,NEBY DAUD,inscription,,,1,B_space
H1319,2,dropped,not_find,palestine-exploration-quarterly_1896:182:mount_zion,palestine-exploration-quarterly_1896,1896,,182,140,running_head,mount_zion,JER,strong,NEBY DAUD,inscription,,,1,B_space
H1320,2,dropped,not_find,palestine-exploration-quarterly_1896:183:mount_zion,palestine-exploration-quarterly_1896,1896,,183,141,page_numbers.json,mount_zion,JER,strong,NEBY DAUD,inscription,,,2,B_space
H1321,2,dropped,not_find,palestine-exploration-quarterly_1896:184:mount_zion,palestine-exploration-quarterly_1896,1896,,184,142,running_head,mount_zion,JER,strong,NEBY DAUD,inscription,,,1,B_space
H1322,2,dropped,not_find,palestine-exploration-quarterly_1896:185:mount_zion,palestine-exploration-quarterly_1896,1896,,185,143,running_head,mount_zion,JER,strong,NEBY DAUD,inscription,,,2,B_space
H1323,2,dropped,not_find,palestine-exploration-quarterly_1896:186:mount_zion,palestine-exploration-quarterly_1896,1896,,186,144,running_head,mount_zion,JER,strong,NEBY DAUD,inscription,,found,1,B_space
H1324,2,dropped,not_find,palestine-exploration-quarterly_1896:187:mount_zion,palestine-exploration-quarterly_1896,1896,,187,145,page_numbers.json,mount_zion,JER,strong,NEBY DAUD,inscription,,,1,B_space
H1325,2,dropped,not_find,palestine-exploration-quarterly_1896:187:siloam_generic,palestine-exploration-quarterly_1896,1896,,187,145,page_numbers.json,siloam_generic,JER,strong,Siloam,inscription,,excavations|obtained,1,B_space
H1326,2,dropped,not_find,palestine-exploration-quarterly_1896:188:jer_south_wall,palestine-exploration-quarterly_1896,1896,,188,146,running_head,jer_south_wall,JER,strong,south wall of the Haram,inscription,,,2,B_space
H1327,2,dropped,not_find,palestine-exploration-quarterly_1896:188:jer_temple,palestine-exploration-quarterly_1896,1896,,188,146,running_head,jer_temple,JER,strong,Temple area,inscription,,found,2,B_space
H1328,2,dropped,not_find,palestine-exploration-quarterly_1896:188:mount_zion,palestine-exploration-quarterly_1896,1896,,188,146,running_head,mount_zion,JER,strong,NEBY DAUD,inscription,,,1,B_space
H1329,2,dropped,not_find,palestine-exploration-quarterly_1896:189:mount_zion,palestine-exploration-quarterly_1896,1896,,189,147,running_head,mount_zion,JER,strong,NEBY DAUD,inscription,,,3,B_space
H1330,2,dropped,not_find,palestine-exploration-quarterly_1896:189:siloam_generic,palestine-exploration-quarterly_1896,1896,,189,147,running_head,siloam_generic,JER,strong,Siloam,inscription,,discovered,1,B_space
H1331,2,dropped,not_find,palestine-exploration-quarterly_1896:190:mount_zion,palestine-exploration-quarterly_1896,1896,,190,148,running_head,mount_zion,JER,strong,NEBY DAUD,inscription,,discovery,1,B_space
H1332,2,dropped,not_find,palestine-exploration-quarterly_1896:191:mount_zion,palestine-exploration-quarterly_1896,1896,,191,149,page_numbers.json,mount_zion,JER,strong,NEBY DAUD,inscription,,,1,B_space
H1333,2,dropped,not_find,palestine-exploration-quarterly_1896:192:mount_zion,palestine-exploration-quarterly_1896,1896,,192,150,running_head,mount_zion,JER,strong,NEBY DAUD,inscription,,obtained,1,B_space
H1334,2,dropped,not_find,palestine-exploration-quarterly_1896:193:mount_zion,palestine-exploration-quarterly_1896,1896,,193,151,page_numbers.json,mount_zion,JER,strong,NEBY DAUD,inscription,,,1,B_space
H1335,2,dropped,not_find,palestine-exploration-quarterly_1896:306:mount_zion,palestine-exploration-quarterly_1896,1896,,306,258,running_head,mount_zion,JER,strong,Coenaculum,inscription,,discovered,1,B_space
H1336,2,dropped,not_find,palestine-exploration-quarterly_1896:308:jer_temple,palestine-exploration-quarterly_1896,1896,,308,260,running_head,jer_temple,JER,strong,Haram,inscriptions,,,1,B_space
H1337,2,dropped,not_find,palestine-exploration-quarterly_1896:402:jer_gethsemane,palestine-exploration-quarterly_1896,1896,,402,348,running_head,jer_gethsemane,JER,strong,Geth- semane,copper,tomb,buried,1,A_joined
H1338,2,dropped,apparatus,palestine-exploration-quarterly_1897:11:jer_temple,palestine-exploration-quarterly_1897,1897,,11,,,jer_temple,JER,strong,Sakhra,seal,tombs,discovered|found,2,B_space
H1339,2,dropped,apparatus,palestine-exploration-quarterly_1897:11:jer_tombs_kings,palestine-exploration-quarterly_1897,1897,,11,,,jer_tombs_kings,JER,strong,Tombs of the Kings,vessels,grotto,,1,B_space
H1340,2,dropped,apparatus,palestine-exploration-quarterly_1897:11:kidron_generic,palestine-exploration-quarterly_1897,1897,,11,,,kidron_generic,JER,strong,Kedron,vessels,grotto|tombs,,1,B_space
H1341,2,dropped,apparatus,palestine-exploration-quarterly_1897:11:siloam_generic,palestine-exploration-quarterly_1897,1897,,11,,,siloam_generic,JER,strong,Siloah,vessels,grotto|tombs,,1,B_space
H1342,2,dropped,apparatus,palestine-exploration-quarterly_1897:14:jer_temple,palestine-exploration-quarterly_1897,1897,,14,,,jer_temple,JER,strong,Haram,inscription,,,1,B_space
H1343,2,dropped,apparatus,palestine-exploration-quarterly_1897:15:jer_temple,palestine-exploration-quarterly_1897,1897,,15,,,jer_temple,JER,strong,Sakhra,seal,grotto|tombs,discovered|found,3,B_space
H1344,2,dropped,apparatus,palestine-exploration-quarterly_1897:15:jer_tombs_kings,palestine-exploration-quarterly_1897,1897,,15,,,jer_tombs_kings,JER,strong,Tombs of the Kings,seal,grotto|tombs,discovered|found,2,B_space
H1345,2,dropped,apparatus,palestine-exploration-quarterly_1897:15:jer_tyropoeon,palestine-exploration-quarterly_1897,1897,,15,,,jer_tyropoeon,JER,strong,Tyropeon,inscription|seal,,found,3,B_space
H1346,2,dropped,apparatus,palestine-exploration-quarterly_1897:16:jer_siloam,palestine-exploration-quarterly_1897,1897,,16,,,jer_siloam,JER,strong,Pool of Siloam,inscription|inscriptions|seal|vessels,tomb,found,2,B_space
H1347,2,dropped,apparatus,palestine-exploration-quarterly_1897:16:jer_tombs_kings,palestine-exploration-quarterly_1897,1897,,16,,,jer_tombs_kings,JER,strong,Tombs of the Kings,inscription,tomb,,1,B_space
H1348,2,dropped,apparatus,palestine-exploration-quarterly_1897:16:siloam_generic,palestine-exploration-quarterly_1897,1897,,16,,,siloam_generic,JER,strong,Siloam,inscription|seal,tomb|tombs,found,2,B_space
H1349,2,dropped,apparatus,palestine-exploration-quarterly_1897:17:jer_tombs_kings,palestine-exploration-quarterly_1897,1897,,17,,,jer_tombs_kings,JER,strong,Tombs of the Kings,vessels,tombs,,1,B_space
H1350,2,kept,,palestine-exploration-quarterly_1897:50:jer_siloam,palestine-exploration-quarterly_1897,1897,,50,26,running_head,jer_siloam,JER,strong,POOL OF SILOAM,coin|silver,,,3,B_space
H1351,2,dropped,not_find,palestine-exploration-quarterly_1897:75:jer_temple,palestine-exploration-quarterly_1897,1897,,75,51,running_head,jer_temple,JER,strong,el Aksa,golden,chamber,,1,B_space
H1352,2,dropped,not_find,palestine-exploration-quarterly_1897:75:mount_zion,palestine-exploration-quarterly_1897,1897,,75,51,running_head,mount_zion,JER,strong,Mount Zion,golden,chamber,,1,B_space
H1353,2,dropped,not_find,palestine-exploration-quarterly_1897:81:jer_temple,palestine-exploration-quarterly_1897,1897,,81,57,running_head,jer_temple,JER,strong,Haram,inscription,cave,obtained,4,B_space
H1354,2,dropped,not_find,palestine-exploration-quarterly_1897:84:jer_temple,palestine-exploration-quarterly_1897,1897,,84,60,running_head,jer_temple,JER,strong,HARAM,inscriptions|lamps,cave,,3,B_space
H1355,2,dropped,not_find,palestine-exploration-quarterly_1897:133:jer_temple,palestine-exploration-quarterly_1897,1897,,133,105,running_head,jer_temple,JER,strong,Sakhra,lamps,,,6,B_space
H1356,2,dropped,not_find,palestine-exploration-quarterly_1897:175:jer_siloam,palestine-exploration-quarterly_1897,1897,,175,147,running_head,jer_siloam,JER,strong,Pool of Siloam,coins|inscriptions|seals,,discovered|excavations|found,2,B_space
H1357,2,dropped,not_find,palestine-exploration-quarterly_1897:218:jer_tombs_kings,palestine-exploration-quarterly_1897,1897,,218,182,running_head,jer_tombs_kings,JER,strong,TOMBS OF THE KINGS,seal,,,3,B_space
H1358,2,kept,,palestine-exploration-quarterly_1897:221:jer_tombs_kings,palestine-exploration-quarterly_1897,1897,,221,185,page_numbers.json,jer_tombs_kings,JER,strong,TOMBS OF THE KINGS,vessel,cistern,opening,1,B_space
H1359,2,dropped,not_find,palestine-exploration-quarterly_1897:240:siloam_generic,palestine-exploration-quarterly_1897,1897,,240,204,running_head,siloam_generic,JER,strong,Siloam,coins|seal,,found,7,B_space
H1360,2,dropped,not_find,palestine-exploration-quarterly_1897:244:jer_kidron_mon,palestine-exploration-quarterly_1897,1897,,244,206,running_head,jer_kidron_mon,JER,strong,Beni Hezir,inscribed,tomb|tombs,,2,A_joined
H1361,2,dropped,not_find,palestine-exploration-quarterly_1897:244:jer_tombs_kings,palestine-exploration-quarterly_1897,1897,,244,206,running_head,jer_tombs_kings,JER,strong,Helena of Adiabene,inscribed|inscription,tombs,found,1,B_space
H1362,2,dropped,not_find,palestine-exploration-quarterly_1897:244:siloam_generic,palestine-exploration-quarterly_1897,1897,,244,206,running_head,siloam_generic,JER,strong,Siloam,coins,,,10,B_space
H1363,2,dropped,not_find,palestine-exploration-quarterly_1897:245:siloam_generic,palestine-exploration-quarterly_1897,1897,,245,207,running_head,siloam_generic,JER,strong,SILOAM,coins,,,7,B_space
H1364,2,dropped,not_find,palestine-exploration-quarterly_1897:247:jer_bethesda,palestine-exploration-quarterly_1897,1897,,247,209,running_head,jer_bethesda,JER,strong,Bethesda,golden,sepulchre|tomb|tombs,,1,B_space
H1365,2,dropped,not_find,palestine-exploration-quarterly_1897:247:jer_gethsemane,palestine-exploration-quarterly_1897,1897,,247,209,running_head,jer_gethsemane,JER,strong,Virgin’s Tomb,golden|inscriptions,sepulchre|tomb|tombs|vault,,2,B_space
H1366,2,dropped,not_find,palestine-exploration-quarterly_1897:247:kidron_generic,palestine-exploration-quarterly_1897,1897,,247,209,running_head,kidron_generic,JER,strong,Kedron,inscriptions,tomb|tombs|vault,,3,B_space
H1367,2,dropped,not_find,palestine-exploration-quarterly_1897:248:jer_baqa,palestine-exploration-quarterly_1897,1897,,248,210,running_head,jer_baqa,JER,strong,Buka’ah,brass,,,1,B_space
H1368,2,dropped,not_find,palestine-exploration-quarterly_1897:292:siloam_generic,palestine-exploration-quarterly_1897,1897,,292,250,running_head,siloam_generic,JER,strong,Siloam,coins|inscriptions,,,1,B_space
H1369,2,dropped,not_find,palestine-exploration-quarterly_1897:358:jer_temple,palestine-exploration-quarterly_1897,1897,,358,300,running_head,jer_temple,JER,strong,Dome of the Rock,inscription,,,3,B_space
H1370,2,dropped,not_find,palestine-exploration-quarterly_1897:362:jer_tombs_kings,palestine-exploration-quarterly_1897,1897,,362,304,running_head,jer_tombs_kings,JER,strong,TOMBS OF THE KINGS,inscriptions|seal,,found|purchased,1,B_space
H1371,2,dropped,not_find,palestine-exploration-quarterly_1897:362:siloam_generic,palestine-exploration-quarterly_1897,1897,,362,304,running_head,siloam_generic,JER,strong,SILOAM,inscriptions|seal,tombs,found|purchased,1,B_space
H1372,2,dropped,not_find,palestine-exploration-quarterly_1897:364:siloam_generic,palestine-exploration-quarterly_1897,1897,,364,306,running_head,siloam_generic,JER,strong,Siloam,inscription,,,2,B_space
H1373,2,dropped,not_find,palestine-exploration-quarterly_1897:365:jer_tombs_kings,palestine-exploration-quarterly_1897,1897,,365,307,running_head,jer_tombs_kings,JER,strong,Tombs of the Kings,inscriptions,,,1,B_space
H1374,2,dropped,apparatus,palestine-exploration-quarterly_1898:9:siloam_generic,palestine-exploration-quarterly_1898,1898,,9,,,siloam_generic,JER,strong,Siloam,inscription,sepulchre|tomb,,3,B_space
H1375,2,dropped,apparatus,palestine-exploration-quarterly_1898:10:siloam_generic,palestine-exploration-quarterly_1898,1898,,10,,,siloam_generic,JER,strong,Siloam,inscription|inscriptions,cistern|sepulchre,,1,B_space
H1376,2,dropped,apparatus,palestine-exploration-quarterly_1898:12:siloam_generic,palestine-exploration-quarterly_1898,1898,,12,,,siloam_generic,JER,strong,Siloam,inscription|inscriptions|sarcophagus|seal,sepulchre|tomb,,3,B_space
H1377,2,dropped,apparatus,palestine-exploration-quarterly_1898:14:siloam_generic,palestine-exploration-quarterly_1898,1898,,14,,,siloam_generic,JER,strong,Siloam,inscription,sepulchre,found,2,B_space
H1378,2,dropped,apparatus,palestine-exploration-quarterly_1898:15:jer_temple,palestine-exploration-quarterly_1898,1898,,15,,,jer_temple,JER,strong,Mosque of Omar,inscription|inscriptions,tomb,,1,B_space
H1379,2,dropped,apparatus,palestine-exploration-quarterly_1898:15:siloam_generic,palestine-exploration-quarterly_1898,1898,,15,,,siloam_generic,JER,strong,Siloam,inscription|inscriptions,,,1,B_space
H1380,2,dropped,apparatus,palestine-exploration-quarterly_1898:16:jer_temple,palestine-exploration-quarterly_1898,1898,,16,,,jer_temple,JER,strong,Sakhra,sarcophagus|seal,tomb,found,1,B_space
H1381,2,dropped,apparatus,palestine-exploration-quarterly_1898:16:mount_zion,palestine-exploration-quarterly_1898,1898,,16,,,mount_zion,JER,strong,Tomb of David,seal,tomb,found,1,B_space
H1382,2,dropped,apparatus,palestine-exploration-quarterly_1898:16:siloam_generic,palestine-exploration-quarterly_1898,1898,,16,,,siloam_generic,JER,strong,Siloam,seal,tomb,found,1,B_space
H1383,2,dropped,not_find,palestine-exploration-quarterly_1898:45:jer_tombs_kings,palestine-exploration-quarterly_1898,1898,,45,27,page_numbers.json,jer_tombs_kings,JER,strong,Tombs of the Kings,sarcophagus|vessel,tombs,discovered|found,1,B_space
H1384,2,dropped,duplicate_page,palestine-exploration-quarterly_1898:46:jer_kidron_mon,palestine-exploration-quarterly_1898,1898,,46,28,running_head,jer_kidron_mon,JER,strong,Absalom’s Pillar,sarcophagus,tombs,dug,1,B_space
H1385,2,kept,,palestine-exploration-quarterly_1898:46:jer_tombs_kings,palestine-exploration-quarterly_1898,1898,,46,28,running_head,jer_tombs_kings,JER,strong,Tombs of the Kings,sarcophagus,,dug,1,B_space
H1386,2,dropped,not_find,palestine-exploration-quarterly_1898:62:jer_bethesda,palestine-exploration-quarterly_1898,1898,,62,44,page_numbers.json,jer_bethesda,JER,strong,Sheep-pool,gold,,,1,B_space
H1387,2,dropped,not_find,palestine-exploration-quarterly_1898:62:siloam_generic,palestine-exploration-quarterly_1898,1898,,62,44,page_numbers.json,siloam_generic,JER,strong,Siloam,gold,,,1,B_space
H1388,2,dropped,not_find,palestine-exploration-quarterly_1898:69:jer_east_gate,palestine-exploration-quarterly_1898,1898,,69,51,page_numbers.json,jer_east_gate,JER,strong,Golden Gate,golden,,,1,B_space
H1389,2,dropped,not_find,palestine-exploration-quarterly_1898:74:siloam_generic,palestine-exploration-quarterly_1898,1898,,74,56,page_numbers.json,siloam_generic,JER,strong,SILOAM,inscription,,,1,B_space
H1390,2,dropped,not_find,palestine-exploration-quarterly_1898:75:siloam_generic,palestine-exploration-quarterly_1898,1898,,75,57,running_head,siloam_generic,JER,strong,SILOAM,coins|inscription,,,5,B_space
H1391,2,kept,,palestine-exploration-quarterly_1898:76:jer_temple,palestine-exploration-quarterly_1898,1898,,76,58,running_head,jer_temple,JER,strong,Haram,inscription|seal,,discovered|found,1,B_space
H1392,2,dropped,not_find,palestine-exploration-quarterly_1898:76:siloam_generic,palestine-exploration-quarterly_1898,1898,,76,58,running_head,siloam_generic,JER,strong,SILOAM,inscription,,,4,B_space
H1393,2,dropped,not_find,palestine-exploration-quarterly_1898:77:siloam_generic,palestine-exploration-quarterly_1898,1898,,77,59,running_head,siloam_generic,JER,strong,SILOAM,inscription,,discovery,4,B_space
H1394,2,dropped,not_find,palestine-exploration-quarterly_1898:78:siloam_generic,palestine-exploration-quarterly_1898,1898,,78,60,running_head,siloam_generic,JER,strong,SILOAM,inscription,,find,5,B_space
H1395,2,dropped,not_find,palestine-exploration-quarterly_1898:98:siloam_generic,palestine-exploration-quarterly_1898,1898,,98,76,running_head,siloam_generic,JER,strong,Siloam,gems|inscription,,purchased,2,B_space
H1396,2,dropped,not_find,palestine-exploration-quarterly_1898:115:jer_temple,palestine-exploration-quarterly_1898,1898,,115,93,running_head,jer_temple,JER,strong,Mosque of Omar,inscription,sepulchre,,4,B_space
H1397,2,kept,,palestine-exploration-quarterly_1898:208:jer_kidron_east,palestine-exploration-quarterly_1898,1898,,208,158,running_head,jer_kidron_east,JER,strong,village of Siloam,inscription|inscriptions,,discovered,1,B_space
H1398,2,dropped,not_find,palestine-exploration-quarterly_1898:208:siloam_generic,palestine-exploration-quarterly_1898,1898,,208,158,running_head,siloam_generic,JER,strong,Siloam,inscription|inscriptions,,discovered,1,B_space
H1399,2,dropped,not_find,palestine-exploration-quarterly_1898:209:siloam_generic,palestine-exploration-quarterly_1898,1898,,209,159,running_head,siloam_generic,JER,strong,Siloam,inscription|inscriptions,,,1,B_space
H1400,2,dropped,not_find,palestine-exploration-quarterly_1898:214:jer_siloam,palestine-exploration-quarterly_1898,1898,,214,164,running_head,jer_siloam,JER,strong,Gihon,inscription|lamp,,excavating,1,B_space
H1401,2,dropped,not_find,palestine-exploration-quarterly_1898:214:jer_tombs_kings,palestine-exploration-quarterly_1898,1898,,214,164,running_head,jer_tombs_kings,JER,strong,tomb of the Kings,inscription|seal,,discovery,2,B_space
H1402,2,dropped,not_find,palestine-exploration-quarterly_1898:214:siloam_generic,palestine-exploration-quarterly_1898,1898,,214,164,running_head,siloam_generic,JER,strong,Siloam,inscription|lamp,,excavating,3,B_space
H1403,2,dropped,not_find,palestine-exploration-quarterly_1898:217:siloam_generic,palestine-exploration-quarterly_1898,1898,,217,167,running_head,siloam_generic,JER,strong,Siloam,sarcophagus,chambers|pit|pits|vault,discovering|discovery,2,B_space
H1404,2,dropped,not_find,palestine-exploration-quarterly_1898:271:jer_tombs_kings,palestine-exploration-quarterly_1898,1898,,271,213,page_numbers.json,jer_tombs_kings,JER,strong,Tombs of the Kings,seal,,found,1,B_space
H1405,2,dropped,not_find,palestine-exploration-quarterly_1898:272:siloam_generic,palestine-exploration-quarterly_1898,1898,,272,214,running_head,siloam_generic,JER,strong,Siloam,inscription,cave|tomb,found|recently,2,B_space
H1406,2,dropped,not_find,palestine-exploration-quarterly_1898:314:mount_zion,palestine-exploration-quarterly_1898,1898,,314,250,running_head,mount_zion,JER,strong,Tomb of David,inscription,,,1,B_space
H1407,2,dropped,not_find,palestine-exploration-quarterly_1898:314:siloam_generic,palestine-exploration-quarterly_1898,1898,,314,250,running_head,siloam_generic,JER,strong,Siloam,inscription,tomb,,1,B_space
H1408,2,dropped,not_find,palestine-exploration-quarterly_1898:315:jer_temple,palestine-exploration-quarterly_1898,1898,,315,251,page_numbers.json,jer_temple,JER,strong,Mosque of Omar,inscription,,discovered,2,B_space
H1409,2,dropped,other_place,palestine-exploration-quarterly_1898:317:jer_baqa,palestine-exploration-quarterly_1898,1898,,317,253,running_head,jer_baqa,JER,strong,Rephaim,copper|gold|silver,,,1,B_space
H1410,2,dropped,apparatus,palestine-exploration-quarterly_1899:17:jer_south_wall,palestine-exploration-quarterly_1899,1899,,17,280,inferred,jer_south_wall,JER,strong,Huldah,golden,,,2,B_space
H1411,2,kept,,palestine-exploration-quarterly_1899:154:jer_se_corner,palestine-exploration-quarterly_1899,1899,,154,104,running_head,jer_se_corner,JER,strong,south-east angle,inscription|jar,,found,2,B_space
H1412,2,dropped,not_find,palestine-exploration-quarterly_1899:164:jer_east_gate,palestine-exploration-quarterly_1899,1899,,164,112,page_numbers.json,jer_east_gate,JER,strong,eastern gate of the Temple,golden,,recently,7,B_space
H1413,2,dropped,not_find,palestine-exploration-quarterly_1899:164:jer_gethsemane,palestine-exploration-quarterly_1899,1899,,164,112,page_numbers.json,jer_gethsemane,JER,strong,Gethsemane,golden,,,1,B_space
H1414,2,dropped,not_find,palestine-exploration-quarterly_1899:164:jer_south_wall,palestine-exploration-quarterly_1899,1899,,164,112,page_numbers.json,jer_south_wall,JER,strong,Double Gate,golden,,recently,3,B_space
H1415,2,dropped,not_find,palestine-exploration-quarterly_1899:164:kidron_generic,palestine-exploration-quarterly_1899,1899,,164,112,page_numbers.json,kidron_generic,JER,strong,Kidron,golden,,,3,B_space
H1416,2,dropped,not_find,palestine-exploration-quarterly_1899:165:jer_east_gate,palestine-exploration-quarterly_1899,1899,,165,113,running_head,jer_east_gate,JER,strong,beautiful gate,golden,,,4,B_space
H1417,2,dropped,not_find,palestine-exploration-quarterly_1899:166:jer_south_wall,palestine-exploration-quarterly_1899,1899,,166,114,running_head,jer_south_wall,JER,strong,Huldah,golden,,,8,B_space
H1418,2,dropped,not_find,palestine-exploration-quarterly_1899:166:mount_zion,palestine-exploration-quarterly_1899,1899,,166,114,running_head,mount_zion,JER,strong,Zion Gate,golden,,,1,B_space
H1419,2,dropped,not_find,palestine-exploration-quarterly_1899:167:jer_east_gate,palestine-exploration-quarterly_1899,1899,,167,115,running_head,jer_east_gate,JER,strong,Golden Gate,golden,,,4,B_space
H1420,2,dropped,not_find,palestine-exploration-quarterly_1899:167:jer_siloam,palestine-exploration-quarterly_1899,1899,,167,115,running_head,jer_siloam,JER,strong,Pool of Siloam,golden,,,1,B_space
H1421,2,dropped,not_find,palestine-exploration-quarterly_1899:167:jer_south_wall,palestine-exploration-quarterly_1899,1899,,167,115,running_head,jer_south_wall,JER,strong,Huldah,golden,tomb,,11,B_space
H1422,2,dropped,not_find,palestine-exploration-quarterly_1899:167:kidron_generic,palestine-exploration-quarterly_1899,1899,,167,115,running_head,kidron_generic,JER,strong,Kidron,golden,,,1,B_space
H1423,2,dropped,not_find,palestine-exploration-quarterly_1899:170:jer_temple,palestine-exploration-quarterly_1899,1899,,170,118,running_head,jer_temple,JER,strong,Haram,inscription,,discovered,3,B_space
H1424,2,dropped,ocr_noise,palestine-exploration-quarterly_1899:193:jer_baqa,palestine-exploration-quarterly_1899,1899,,193,141,page_numbers.json,jer_baqa,JER,strong,baked,copper,,,1,B_space
H1425,2,dropped,not_find,palestine-exploration-quarterly_1899:235:jer_se_corner,palestine-exploration-quarterly_1899,1899,,235,177,page_numbers.json,jer_se_corner,JER,strong,south-east angle,jar,,found,2,B_space
H1426,2,dropped,not_find,palestine-exploration-quarterly_1899:266:siloam_generic,palestine-exploration-quarterly_1899,1899,,266,198,running_head,siloam_generic,JER,strong,Siloam,inscription|jar,,found,1,B_space
H1427,2,dropped,not_find,palestine-exploration-quarterly_1899:275:jer_se_corner,palestine-exploration-quarterly_1899,1899,,275,205,page_numbers.json,jer_se_corner,JER,strong,south- east angle,inscribed|inscription|inscriptions|jar,,discovered,2,B_space
H1428,2,dropped,other_place,palestine-exploration-quarterly_1899:282:jer_baqa,palestine-exploration-quarterly_1899,1899,,282,212,running_head,jer_baqa,JER,strong,Rephaim,inscription|seals,,found,2,B_space
H1429,2,dropped,not_find,palestine-exploration-quarterly_1899:342:siloam_generic,palestine-exploration-quarterly_1899,1899,,342,270,running_head,siloam_generic,JER,strong,Siloam,coins|inscription,tomb,found,1,B_space
H1430,2,dropped,not_find,palestine-exploration-quarterly_1899:449:jer_kidron_mon,palestine-exploration-quarterly_1899,1899,,449,353,page_numbers.json,jer_kidron_mon,JER,strong,Beni Hezir,jar,tomb,,2,B_space
H1431,2,dropped,not_find,palestine-exploration-quarterly_1899:449:siloam_generic,palestine-exploration-quarterly_1899,1899,,449,353,page_numbers.json,siloam_generic,JER,strong,Siloam,coins|jar,,found,2,B_space
H1432,2,dropped,not_find,palestine-exploration-quarterly_1899:452:siloam_generic,palestine-exploration-quarterly_1899,1899,,452,356,running_head,siloam_generic,JER,strong,Siloam,inscription|inscriptions,,,1,B_space
H1433,2,dropped,apparatus,palestine-exploration-quarterly_1900:10:jer_temple,palestine-exploration-quarterly_1900,1900,,10,,,jer_temple,JER,strong,Dome of the Rock,inscription,tomb|tombs,,1,B_space
H1434,2,dropped,apparatus,palestine-exploration-quarterly_1900:14:jer_temple,palestine-exploration-quarterly_1900,1900,,14,,,jer_temple,JER,strong,Dome of the Rock,inscriptions,,excavations,1,B_space
H1435,2,dropped,apparatus,palestine-exploration-quarterly_1900:15:jer_tombs_kings,palestine-exploration-quarterly_1900,1900,,15,,,jer_tombs_kings,JER,strong,Tombs of the Kings,jar,cisterns|tombs,,1,B_space
H1436,2,dropped,apparatus,palestine-exploration-quarterly_1900:15:tell_el_ful,palestine-exploration-quarterly_1900,1900,,15,,,tell_el_ful,JER,strong,Gibeah,copper|inscriptions|jar|seal,tomb,,1,B_space
H1437,2,dropped,apparatus,palestine-exploration-quarterly_1900:16:jer_tombs_kings,palestine-exploration-quarterly_1900,1900,,16,,,jer_tombs_kings,JER,strong,Tombs of the Kings,inscriptions,chambers|cistern|tomb,found,1,B_space
H1438,2,dropped,not_find,palestine-exploration-quarterly_1900:24:siloam_generic,palestine-exploration-quarterly_1900,1900,,24,8,inferred,siloam_generic,JER,strong,Siloam,inscription,,digging,1,B_space
H1439,2,dropped,not_find,palestine-exploration-quarterly_1900:161:jer_temple,palestine-exploration-quarterly_1900,1900,,161,103,running_head,jer_temple,JER,strong,Dome of the Rock,brass,,,3,B_space
H1440,2,dropped,not_find,palestine-exploration-quarterly_1900:229:jer_temple,palestine-exploration-quarterly_1900,1900,,229,169,running_head,jer_temple,JER,strong,Haram,inscription,,find,1,B_space
H1441,2,kept,,palestine-exploration-quarterly_1900:336:mount_zion,palestine-exploration-quarterly_1900,1900,,336,252,running_head,mount_zion,JER,strong,Mount Zion,inscribed|jar|seal,cavern,discovered|excavations,2,B_space
H1442,3,dropped,apparatus,palestine-exploration-quarterly_1901:9:jer_bethesda,palestine-exploration-quarterly_1901,1901,,9,,,jer_bethesda,JER,strong,Bethesda,inscription|inscriptions|jar|seal,,discovered|discovery|recently,1,B_space
H1443,3,dropped,apparatus,palestine-exploration-quarterly_1901:12:jer_bethesda,palestine-exploration-quarterly_1901,1901,,12,,,jer_bethesda,JER,strong,Bethesda,inscriptions|jar|seals,sepulchral|tombs,discovered|discovery|excavations|recently,1,B_space
H1444,3,dropped,apparatus,palestine-exploration-quarterly_1901:13:jer_tombs_kings,palestine-exploration-quarterly_1901,1901,,13,,,jer_tombs_kings,JER,strong,Tombs of the Kings,inscription|sarcophagi,grotto|tomb,,1,B_space
H1445,3,dropped,apparatus,palestine-exploration-quarterly_1901:14:jer_siloam,palestine-exploration-quarterly_1901,1901,,14,,,jer_siloam,JER,strong,Virgin’s Fountain,inscriptions|seal,,,1,B_space
H1446,3,dropped,not_find,palestine-exploration-quarterly_1901:114:siloam_generic,palestine-exploration-quarterly_1901,1901,,114,92,running_head,siloam_generic,JER,strong,Siloam,inscription,,,1,B_space
H1447,3,dropped,not_find,palestine-exploration-quarterly_1901:115:jer_south_wall,palestine-exploration-quarterly_1901,1901,,115,93,running_head,jer_south_wall,JER,strong,Double Gate,golden,,,1,B_space
H1448,3,dropped,not_find,palestine-exploration-quarterly_1901:116:kidron_generic,palestine-exploration-quarterly_1901,1901,,116,94,running_head,kidron_generic,JER,strong,Cedron,inscriptions,,discovered|recently,1,B_space
H1449,3,dropped,not_find,palestine-exploration-quarterly_1901:272:jer_temple,palestine-exploration-quarterly_1901,1901,,272,946,running_head,jer_temple,JER,strong,Mosque of Omar,inscription,,,1,B_space
H1450,3,dropped,not_find,palestine-exploration-quarterly_1901:320:siloam_generic,palestine-exploration-quarterly_1901,1901,,320,294,running_head,siloam_generic,JER,strong,Siloam,golden,grotto|sepulchre,discovered,1,B_space
H1451,3,dropped,not_find,palestine-exploration-quarterly_1901:329:jer_tombs_kings,palestine-exploration-quarterly_1901,1901,,329,303,running_head,jer_tombs_kings,JER,strong,Tombs of the Kings,sarcophagus,tomb,buried,1,B_space
H1452,3,dropped,not_find,palestine-exploration-quarterly_1901:364:siloam_generic,palestine-exploration-quarterly_1901,1901,,364,336,running_head,siloam_generic,JER,strong,Siloam,inscrip|inscriptions,,buried|found,1,B_space
H1453,3,dropped,apparatus,palestine-exploration-quarterly_1902:10:siloam_generic,palestine-exploration-quarterly_1902,1902,,10,,,siloam_generic,JER,strong,Silwan,inscription|jar,cave|grotto|tomb,discovered,1,B_space
H1454,3,dropped,apparatus,palestine-exploration-quarterly_1902:14:jer_siloam,palestine-exploration-quarterly_1902,1902,,14,,,jer_siloam,JER,strong,Gihon,inscriptions,cave|grave|tombs,,2,B_space
H1455,3,dropped,apparatus,palestine-exploration-quarterly_1902:14:mount_zion,palestine-exploration-quarterly_1902,1902,,14,,,mount_zion,JER,strong,Cenaculum,coins,cistern|tomb,excavations,1,B_space
H1456,3,dropped,apparatus,palestine-exploration-quarterly_1902:14:siloam_generic,palestine-exploration-quarterly_1902,1902,,14,,,siloam_generic,JER,strong,Silwan,inscriptions,grotto,,1,B_space
H1457,3,dropped,apparatus,palestine-exploration-quarterly_1902:15:siloam_generic,palestine-exploration-quarterly_1902,1902,,15,,,siloam_generic,JER,strong,Siloam,jar,tomb,,1,B_space
H1458,3,dropped,not_find,palestine-exploration-quarterly_1902:162:jer_temple,palestine-exploration-quarterly_1902,1902,,162,140,running_head,jer_temple,JER,strong,Temple Area,treasures,sepulchre,,1,B_space
H1459,3,dropped,not_find,palestine-exploration-quarterly_1902:209:siloam_generic,palestine-exploration-quarterly_1902,1902,,209,179,page_numbers.json,siloam_generic,JER,strong,Siloam,inscription,,,1,B_space
H1460,3,dropped,not_find,palestine-exploration-quarterly_1902:231:jer_bethesda,palestine-exploration-quarterly_1902,1902,,231,201,running_head,jer_bethesda,JER,strong,Bethesda,inscription,,,1,B_space
H1461,3,dropped,not_find,palestine-exploration-quarterly_1902:241:jer_siloam,palestine-exploration-quarterly_1902,1902,,241,211,running_head,jer_siloam,JER,strong,Virgin’s Fountain,inscriptions|ossuaries,tombs,discoveries|found,1,B_space
H1462,3,dropped,not_find,palestine-exploration-quarterly_1902:241:kidron_generic,palestine-exploration-quarterly_1902,1902,,241,211,running_head,kidron_generic,JER,strong,Kidron,inscriptions|ossuaries,tombs,discoveries|found,1,B_space
H1463,3,dropped,not_find,palestine-exploration-quarterly_1902:273:siloam_generic,palestine-exploration-quarterly_1902,1902,,273,243,page_numbers.json,siloam_generic,JER,strong,Siloam,inscription|seal,,,1,B_space
H1464,3,dropped,not_find,palestine-exploration-quarterly_1902:318:jer_bethesda,palestine-exploration-quarterly_1902,1902,,318,284,running_head,jer_bethesda,JER,strong,St. Anne,golden,sepulchre,,1,B_space
H1465,3,dropped,not_find,palestine-exploration-quarterly_1902:320:kidron_generic,palestine-exploration-quarterly_1902,1902,,320,286,running_head,kidron_generic,JER,strong,Kidron,golden,,,2,B_space
H1466,3,dropped,not_find,palestine-exploration-quarterly_1902:331:jer_tyropoeon,palestine-exploration-quarterly_1902,1902,,331,295,running_head,jer_tyropoeon,JER,strong,Wilson’s Arch,silver,,,1,B_space
H1467,3,dropped,ocr_noise,palestine-exploration-quarterly_1902:376:jer_baqa,palestine-exploration-quarterly_1902,1902,,376,338,running_head,jer_baqa,JER,strong,baked,jar|vessel,,found|unearthed,1,B_space
H1468,3,dropped,apparatus,palestine-exploration-quarterly_1903:13:jer_temple,palestine-exploration-quarterly_1903,1903,,13,,,jer_temple,JER,strong,Temple Area,bronze,cave|cisterns,excavation,1,B_space
H1469,3,dropped,other_place,palestine-exploration-quarterly_1903:42:jer_temple,palestine-exploration-quarterly_1903,1903,,42,24,running_head,jer_temple,JER,strong,temple area,jars,cave|caves,buried|found,3,B_space
H1470,3,dropped,other_place,palestine-exploration-quarterly_1903:50:jer_temple,palestine-exploration-quarterly_1903,1903,,50,32,inferred,jer_temple,JER,strong,temple area,jars|vessels,,,3,B_space
H1471,3,dropped,other_place,palestine-exploration-quarterly_1903:67:jer_temple,palestine-exploration-quarterly_1903,1903,,67,49,inferred,jer_temple,JER,strong,temple area,golden,,,1,B_space
H1472,3,dropped,other_place,palestine-exploration-quarterly_1903:105:jer_temple,palestine-exploration-quarterly_1903,1903,,105,87,running_head,jer_temple,JER,strong,Haram,jar,cistern,,1,B_space
H1473,3,dropped,not_find,palestine-exploration-quarterly_1903:205:jer_bethesda,palestine-exploration-quarterly_1903,1903,,205,183,running_head,jer_bethesda,JER,strong,St. Anne’s,inscriptions,tombs,found,1,B_space
H1474,3,dropped,not_find,palestine-exploration-quarterly_1903:207:jer_kidron_mon,palestine-exploration-quarterly_1903,1903,,207,185,running_head,jer_kidron_mon,JER,strong,Bené Hezir,inscription,,found,2,B_space
H1475,3,dropped,other_place,palestine-exploration-quarterly_1903:248:jer_temple,palestine-exploration-quarterly_1903,1903,,248,224,running_head,jer_temple,JER,strong,Temple area,jars,,found,1,B_space
H1476,3,dropped,other_place,palestine-exploration-quarterly_1903:249:jer_temple,palestine-exploration-quarterly_1903,1903,,249,225,running_head,jer_temple,JER,strong,Temple area,bronze,chamber,discovery|found,1,B_space
H1477,3,dropped,not_find,palestine-exploration-quarterly_1903:298:jer_bethesda,palestine-exploration-quarterly_1903,1903,,298,274,running_head,jer_bethesda,JER,strong,St. Anne’s,inscriptions,,,1,B_space
H1478,3,dropped,apparatus,palestine-exploration-quarterly_1904:14:jer_bethesda,palestine-exploration-quarterly_1904,1904,,14,,,jer_bethesda,JER,strong,St. Anne,jar|lamps,chambers|grotto|sepulchral|tomb,,1,B_space
H1479,3,dropped,apparatus,palestine-exploration-quarterly_1904:14:siloam_generic,palestine-exploration-quarterly_1904,1904,,14,,,siloam_generic,JER,strong,Siloam,jar|lamps,chambers|grotto|sepulchral|tomb,,2,B_space
H1480,3,dropped,apparatus,palestine-exploration-quarterly_1904:15:siloam_generic,palestine-exploration-quarterly_1904,1904,,15,,,siloam_generic,JER,strong,Siloam,brass|seals,tomb,excavation|excavations,1,B_space
H1481,3,dropped,apparatus,palestine-exploration-quarterly_1904:15:tell_el_ful,palestine-exploration-quarterly_1904,1904,,15,,,tell_el_ful,JER,strong,Tell el-FUl,brass|seals,tomb,excavation|excavations,1,B_space
H1482,3,dropped,apparatus,palestine-exploration-quarterly_1904:18:siloam_generic,palestine-exploration-quarterly_1904,1904,,18,2,inferred,siloam_generic,JER,strong,Siloam,inscription|inscriptions,,discoveries|excavated,1,B_space
H1483,3,dropped,not_find,palestine-exploration-quarterly_1904:49:mount_zion,palestine-exploration-quarterly_1904,1904,,49,29,running_head,mount_zion,JER,strong,Mount Sion,inscription,sepulchre|sepulchres|tomb,,1,B_space
H1484,3,dropped,not_find,palestine-exploration-quarterly_1904:56:jer_temple,palestine-exploration-quarterly_1904,1904,,56,36,running_head,jer_temple,JER,strong,Dome of the Rock,golden,cave|tomb,,4,B_space
H1485,3,dropped,not_find,palestine-exploration-quarterly_1904:162:jer_siloam,palestine-exploration-quarterly_1904,1904,,162,136,running_head,jer_siloam,JER,strong,Gihon,vessel,,,1,B_space
H1486,3,dropped,not_find,palestine-exploration-quarterly_1904:205:siloam_generic,palestine-exploration-quarterly_1904,1904,,205,179,running_head,siloam_generic,JER,strong,Siloam,inscribed|inscription|seal,,,2,B_space
H1487,3,dropped,not_find,palestine-exploration-quarterly_1904:314:siloam_generic,palestine-exploration-quarterly_1904,1904,,314,284,running_head,siloam_generic,JER,strong,Siloam,inscription,,found|recently,1,B_space
H1488,3,dropped,not_find,palestine-exploration-quarterly_1904:321:siloam_generic,palestine-exploration-quarterly_1904,1904,,321,291,page_numbers.json,siloam_generic,JER,strong,Siloam,inscription|seal|seals,,find,1,B_space
H1489,3,kept,,palestine-exploration-quarterly_1904:325:siloam_generic,palestine-exploration-quarterly_1904,1904,,325,295,page_numbers.json,siloam_generic,JER,strong,SilwAn,gold|vessel|vessels,tomb,broke into|found|recently,1,B_space
H1490,3,dropped,not_find,palestine-exploration-quarterly_1904:388:jer_tyropoeon,palestine-exploration-quarterly_1904,1904,,388,358,running_head,jer_tyropoeon,JER,strong,Robinson’s arch,coin|inscription,,discovered|found,1,B_space
H1491,3,dropped,apparatus,palestine-exploration-quarterly_1905:9:jer_bethesda,palestine-exploration-quarterly_1905,1905,,9,,,jer_bethesda,JER,strong,St. Anne’s,lamps|ossuary,,excavation|found|recently,1,B_space
H1492,3,dropped,apparatus,palestine-exploration-quarterly_1905:11:jer_bethesda,palestine-exploration-quarterly_1905,1905,,11,,,jer_bethesda,JER,strong,St. Anne’s,lamps|seals,,excavation|found,1,B_space
H1493,3,dropped,apparatus,palestine-exploration-quarterly_1905:11:jer_siloam,palestine-exploration-quarterly_1905,1905,,11,,,jer_siloam,JER,strong,Pool of Siloam,lamps|seals,,excavation|found,1,B_space
H1494,3,dropped,apparatus,palestine-exploration-quarterly_1905:13:mount_zion,palestine-exploration-quarterly_1905,1905,,13,,,mount_zion,JER,strong,Mount Zion,inscriptions|jar,,,1,B_space
H1495,3,dropped,apparatus,palestine-exploration-quarterly_1905:14:jer_bethesda,palestine-exploration-quarterly_1905,1905,,14,,,jer_bethesda,JER,strong,St. Anne’s,lamps,,found,2,B_space
H1496,3,dropped,not_find,palestine-exploration-quarterly_1905:30:jer_temple,palestine-exploration-quarterly_1905,1905,,30,14,running_head,jer_temple,JER,strong,Dome of the Rock,inscriptions,,discovery,1,B_space
H1497,3,dropped,not_find,palestine-exploration-quarterly_1905:72:jer_baqa,palestine-exploration-quarterly_1905,1905,,72,54,running_head,jer_baqa,JER,strong,baked,coin|gold,,,1,B_space
H1498,3,dropped,not_find,palestine-exploration-quarterly_1905:165:jer_temple,palestine-exploration-quarterly_1905,1905,,165,143,running_head,jer_temple,JER,strong,Haram,golden,,recently,1,B_space
H1499,3,dropped,not_find,palestine-exploration-quarterly_1905:165:mount_zion,palestine-exploration-quarterly_1905,1905,,165,143,running_head,mount_zion,JER,strong,Mount Sion,golden,pit,,2,B_space
H1500,3,dropped,not_find,palestine-exploration-quarterly_1905:193:siloam_generic,palestine-exploration-quarterly_1905,1905,,193,171,page_numbers.json,siloam_generic,JER,strong,Siloam,inscription|inscriptions,,found,1,B_space
H1501,3,dropped,not_find,palestine-exploration-quarterly_1905:199:siloam_generic,palestine-exploration-quarterly_1905,1905,,199,177,page_numbers.json,siloam_generic,JER,strong,Siloam,inscriptions,,excavations,1,B_space
H1502,3,dropped,not_find,palestine-exploration-quarterly_1905:281:jer_bethesda,palestine-exploration-quarterly_1905,1905,,281,257,inferred,jer_bethesda,JER,strong,St. Anne’s,ossuaries,tomb,found,1,B_space
H1503,3,dropped,not_find,palestine-exploration-quarterly_1905:436:jer_bethesda,palestine-exploration-quarterly_1905,1905,,436,408,inferred,jer_bethesda,JER,strong,St. ANNE’s,inscription,chamber,,1,B_space
H1504,3,dropped,not_find,palestine-exploration-quarterly_1906:98:mount_zion,palestine-exploration-quarterly_1906,1906,,98,80,running_head,mount_zion,JER,strong,Cénacle,inscriptions,,,1,B_space
H1505,3,dropped,not_find,palestine-exploration-quarterly_1906:153:jer_tombs_kings,palestine-exploration-quarterly_1906,1906,,153,135,running_head,jer_tombs_kings,JER,strong,Tombs of the Kings,sarcophagi,,,1,B_space
H1506,3,dropped,not_find,palestine-exploration-quarterly_1906:313:jer_bethesda,palestine-exploration-quarterly_1906,1906,,313,279,page_numbers.json,jer_bethesda,JER,strong,Birket Israil,golden,,,1,B_space
H1507,3,dropped,not_find,palestine-exploration-quarterly_1906:313:jer_east_gate,palestine-exploration-quarterly_1906,1906,,313,279,page_numbers.json,jer_east_gate,JER,strong,Golden Gate,golden,,,2,B_space
H1508,3,dropped,not_find,palestine-exploration-quarterly_1906:313:jer_siloam,palestine-exploration-quarterly_1906,1906,,313,279,page_numbers.json,jer_siloam,JER,strong,Gihon,golden,,,2,B_space
H1509,3,dropped,not_find,palestine-exploration-quarterly_1906:313:kidron_generic,palestine-exploration-quarterly_1906,1906,,313,279,page_numbers.json,kidron_generic,JER,strong,Cedron,golden,,,1,B_space
H1510,3,dropped,not_find,palestine-exploration-quarterly_1906:408:jer_bethesda,palestine-exploration-quarterly_1906,1906,,408,2,running_head,jer_bethesda,JER,strong,St. Anne,lamps,cave,excavations|found,1,B_space
H1511,3,dropped,not_find,palestine-exploration-quarterly_1907:7:mount_zion,palestine-exploration-quarterly_1907,1907,,7,,,mount_zion,JER,strong,Mount Zion,inscribed,,,1,B_space
H1512,3,dropped,not_find,palestine-exploration-quarterly_1907:9:jer_gethsemane,palestine-exploration-quarterly_1907,1907,,9,,,jer_gethsemane,JER,strong,Gethsemane,inscription|inscriptions|seal,cave|grotto|tomb,excavation|found,1,B_space
H1513,3,dropped,not_find,palestine-exploration-quarterly_1907:9:mount_zion,palestine-exploration-quarterly_1907,1907,,9,,,mount_zion,JER,strong,Mount Zion,inscription|inscriptions|seal,cave|grotto|tomb,excavation|found,1,B_space
H1514,3,kept,,palestine-exploration-quarterly_1907:14:jer_gethsemane,palestine-exploration-quarterly_1907,1907,,14,2,running_head,jer_gethsemane,JER,strong,Gethsemane,inscriptions,,discovery,1,B_space
H1515,3,dropped,not_find,palestine-exploration-quarterly_1907:14:mount_zion,palestine-exploration-quarterly_1907,1907,,14,2,running_head,mount_zion,JER,strong,Bishop Gobat,inscriptions,,discovery,1,B_space
H1516,3,dropped,not_find,palestine-exploration-quarterly_1907:94:kidron_generic,palestine-exploration-quarterly_1907,1907,,94,82,running_head,kidron_generic,JER,strong,Valley of Jehoshaphat,inscribed,,discovered,1,B_space
H1517,3,dropped,not_find,palestine-exploration-quarterly_1907:97:siloam_generic,palestine-exploration-quarterly_1907,1907,,97,85,running_head,siloam_generic,JER,strong,Siloam,inscrip|inscription,sepulchre,excavation|excavations|find,1,B_space
H1518,3,dropped,not_find,palestine-exploration-quarterly_1907:123:jer_temple,palestine-exploration-quarterly_1907,1907,,123,111,page_numbers.json,jer_temple,JER,strong,Haram,treasures,cave|caves|cistern,concealed,1,B_space
H1519,3,dropped,not_find,palestine-exploration-quarterly_1907:176:siloam_generic,palestine-exploration-quarterly_1907,1907,,176,162,running_head,siloam_generic,JER,strong,Silwan,inscription,,found,1,B_space
H1520,3,dropped,not_find,palestine-exploration-quarterly_1907:232:jer_temple,palestine-exploration-quarterly_1907,1907,,232,216,running_head,jer_temple,JER,strong,Temple area,golden,grotto|sepulchre,,1,B_space
H1521,3,dropped,not_find,palestine-exploration-quarterly_1907:235:jer_temple,palestine-exploration-quarterly_1907,1907,,235,219,running_head,jer_temple,JER,strong,Mosque of Omar,golden,,,1,B_space
H1522,3,dropped,not_find,palestine-exploration-quarterly_1907:281:siloam_generic,palestine-exploration-quarterly_1907,1907,,281,265,page_numbers.json,siloam_generic,JER,strong,Siloam,inscription|jar,,excavation|found,1,B_space
H1523,3,dropped,not_find,palestine-exploration-quarterly_1907:329:jer_kidron_east,palestine-exploration-quarterly_1907,1907,,329,313,running_head,jer_kidron_east,JER,strong,village of Silwan,inscrip|inscription,caverns,found,1,B_space
H1524,3,dropped,apparatus,palestine-exploration-quarterly_1907:340:jer_temple,palestine-exploration-quarterly_1907,1907,,340,324,inferred,jer_temple,JER,strong,Temple Area,inscription|jar,,found,1,B_space
H1525,3,dropped,apparatus,palestine-exploration-quarterly_1907:340:siloam_generic,palestine-exploration-quarterly_1907,1907,,340,324,inferred,siloam_generic,JER,strong,SILOAM,inscribed|inscription|seal,,excavations|found,2,B_space
H1526,3,dropped,apparatus,palestine-exploration-quarterly_1908:9:jer_east_gate,palestine-exploration-quarterly_1908,1908,,9,,,jer_east_gate,JER,strong,Golden Gate,inscribed,,,1,B_space
H1527,3,dropped,apparatus,palestine-exploration-quarterly_1908:10:jer_east_gate,palestine-exploration-quarterly_1908,1908,,10,,,jer_east_gate,JER,strong,Golden Gate,bronze|inscriptions,tomb,,1,B_space
H1528,3,dropped,apparatus,palestine-exploration-quarterly_1908:10:siloam_generic,palestine-exploration-quarterly_1908,1908,,10,,,siloam_generic,JER,strong,Silwan,bronze|inscriptions,tomb,,1,B_space
H1529,3,dropped,apparatus,palestine-exploration-quarterly_1908:14:jer_east_gate,palestine-exploration-quarterly_1908,1908,,14,,,jer_east_gate,JER,strong,Golden Gate,bronze|hoard|inscribed|inscription,sepulchre,excavation|found,1,B_space
H1530,3,dropped,apparatus,palestine-exploration-quarterly_1908:16:jer_east_gate,palestine-exploration-quarterly_1908,1908,,16,,,jer_east_gate,JER,strong,Golden Gate,inscriptions,sepulchre,discoveries,1,B_space
H1531,3,dropped,apparatus,palestine-exploration-quarterly_1908:16:siloam_generic,palestine-exploration-quarterly_1908,1908,,16,,,siloam_generic,JER,strong,SilwAn,inscribed|inscriptions,sepulchre,,1,B_space
H1532,3,kept,,palestine-exploration-quarterly_1908:23:jer_south_wall,palestine-exploration-quarterly_1908,1908,,23,7,running_head,jer_south_wall,JER,strong,Double Gate,inscription,sepulchre,,1,B_space
H1533,3,dropped,not_find,palestine-exploration-quarterly_1908:98:siloam_generic,palestine-exploration-quarterly_1908,1908,,98,74,running_head,siloam_generic,JER,strong,Siloam,inscription,,finds,1,B_space
H1534,3,dropped,not_find,palestine-exploration-quarterly_1908:109:siloam_generic,palestine-exploration-quarterly_1908,1908,,109,85,running_head,siloam_generic,JER,strong,Siloam,inscription|inscriptions,,discoveries|excavations,1,B_space
H1535,3,dropped,duplicate_page,palestine-exploration-quarterly_1908:190:jer_east_gate,palestine-exploration-quarterly_1908,1908,,190,164,running_head,jer_east_gate,JER,strong,Golden Gate,inscription,,,1,B_space
H1536,3,dropped,duplicate_page,palestine-exploration-quarterly_1908:190:jer_temple,palestine-exploration-quarterly_1908,1908,,190,164,running_head,jer_temple,JER,strong,Haram,inscription,,,1,B_space
H1537,3,dropped,duplicate_page,palestine-exploration-quarterly_1908:191:jer_east_gate,palestine-exploration-quarterly_1908,1908,,191,165,page_numbers.json,jer_east_gate,JER,strong,Golden Gate,inscription,,,1,B_space
H1538,3,dropped,ocr_noise,palestine-exploration-quarterly_1908:234:jer_baqa,palestine-exploration-quarterly_1908,1908,,234,208,running_head,jer_baqa,JER,strong,baked,seal|vessel,,,2,B_space
H1539,3,dropped,not_find,palestine-exploration-quarterly_1908:287:jer_east_gate,palestine-exploration-quarterly_1908,1908,,287,261,running_head,jer_east_gate,JER,strong,Golden Gate,inscription,,,1,B_space
H1540,3,kept,,palestine-exploration-quarterly_1908:374:jer_kidron_mon,palestine-exploration-quarterly_1908,1908,,374,342,running_head,jer_kidron_mon,JER,strong,Absalom,inscription|inscriptions,,,1,B_space
H1541,3,dropped,ocr_noise,palestine-exploration-quarterly_1909:25:jer_baqa,palestine-exploration-quarterly_1909,1909,,25,17,page_numbers.json,jer_baqa,JER,strong,baked,inscribed,,excavation,1,B_space
H1542,3,dropped,not_find,palestine-exploration-quarterly_1909:34:siloam_generic,palestine-exploration-quarterly_1909,1909,,34,26,page_numbers.json,siloam_generic,JER,strong,Siloam,inscription|inscriptions,,,1,B_space
H1543,3,dropped,not_find,palestine-exploration-quarterly_1909:44:siloam_generic,palestine-exploration-quarterly_1909,1909,,44,32,running_head,siloam_generic,JER,strong,Siloam,inscription|inscriptions,,recently,1,B_space
H1544,3,dropped,not_find,palestine-exploration-quarterly_1909:45:siloam_generic,palestine-exploration-quarterly_1909,1909,,45,33,running_head,siloam_generic,JER,strong,Siloam,inscription|inscriptions|seals,,,2,B_space
H1545,3,dropped,not_find,palestine-exploration-quarterly_1909:85:siloam_generic,palestine-exploration-quarterly_1909,1909,,85,73,page_numbers.json,siloam_generic,JER,strong,Silwdn,inscription|inscriptions,tomb,buried,1,B_space
H1546,3,dropped,ocr_noise,palestine-exploration-quarterly_1909:110:jer_baqa,palestine-exploration-quarterly_1909,1909,,110,96,running_head,jer_baqa,JER,strong,baked,inscribed,,discoveries|discovery,1,B_space
H1547,3,dropped,not_find,palestine-exploration-quarterly_1909:209:siloam_generic,palestine-exploration-quarterly_1909,1909,,209,193,running_head,siloam_generic,JER,strong,Siloam,inscription,,,1,B_space
H1548,3,dropped,not_find,palestine-exploration-quarterly_1909:210:siloam_generic,palestine-exploration-quarterly_1909,1909,,210,194,running_head,siloam_generic,JER,strong,Siloam,inscription|seal,,finds|found,1,B_space
H1549,3,dropped,not_find,palestine-exploration-quarterly_1909:229:jer_bethesda,palestine-exploration-quarterly_1909,1909,,229,209,running_head,jer_bethesda,JER,strong,St. Anne,inscription,,,1,B_space
H1550,3,dropped,not_find,palestine-exploration-quarterly_1909:231:jer_kidron_east,palestine-exploration-quarterly_1909,1909,,231,211,page_numbers.json,jer_kidron_east,JER,strong,village of Silw4n,golden,,excavated,1,B_space
H1551,3,dropped,not_find,palestine-exploration-quarterly_1909:231:jer_temple,palestine-exploration-quarterly_1909,1909,,231,211,page_numbers.json,jer_temple,JER,strong,Haram,golden,,excavated,1,B_space
H1552,3,dropped,not_find,palestine-exploration-quarterly_1909:252:jer_kidron_mon,palestine-exploration-quarterly_1909,1909,,252,232,page_numbers.json,jer_kidron_mon,JER,strong,Absalom,seal,tomb,,2,B_space
H1553,3,dropped,not_find,palestine-exploration-quarterly_1909:252:siloam_generic,palestine-exploration-quarterly_1909,1909,,252,232,page_numbers.json,siloam_generic,JER,strong,Silwan,seal,tomb,,1,B_space
H1554,3,dropped,not_find,palestine-exploration-quarterly_1909:304:siloam_generic,palestine-exploration-quarterly_1909,1909,,304,284,running_head,siloam_generic,JER,strong,Siloam,gems|inscription|inscriptions|seals,,unearth,1,B_space
H1555,3,dropped,not_find,palestine-exploration-quarterly_1909:305:siloam_generic,palestine-exploration-quarterly_1909,1909,,305,285,running_head,siloam_generic,JER,strong,Siloam,inscription|seals,,,1,B_space
H1556,3,dropped,not_find,palestine-exploration-quarterly_1909:308:siloam_generic,palestine-exploration-quarterly_1909,1909,,308,288,running_head,siloam_generic,JER,strong,Siloam,inscription,,,1,B_space
H1557,3,dropped,not_find,palestine-exploration-quarterly_1909:309:siloam_generic,palestine-exploration-quarterly_1909,1909,,309,289,running_head,siloam_generic,JER,strong,Siloam,coins,,found,5,B_space
H1558,3,dropped,not_find,palestine-exploration-quarterly_1909:312:siloam_generic,palestine-exploration-quarterly_1909,1909,,312,292,running_head,siloam_generic,JER,strong,Siloam,coins|inscribed|inscription,,,1,B_space
H1559,3,dropped,not_find,palestine-exploration-quarterly_1909:328:siloam_generic,palestine-exploration-quarterly_1909,1909,,328,308,running_head,siloam_generic,JER,strong,Siloam,inscription,,,1,B_space
H1560,3,dropped,not_find,palestine-exploration-quarterly_1909:329:siloam_generic,palestine-exploration-quarterly_1909,1909,,329,309,running_head,siloam_generic,JER,strong,Siloam,inscription,,,1,B_space
H1561,3,dropped,apparatus,palestine-exploration-quarterly_1910:5:mount_zion,palestine-exploration-quarterly_1910,1910,,5,,,mount_zion,JER,strong,Mount Sion,inscription|sarcophagus,,,1,B_space
H1562,3,dropped,apparatus,palestine-exploration-quarterly_1910:6:jer_bir_ayyub,palestine-exploration-quarterly_1910,1910,,6,,,jer_bir_ayyub,JER,strong,En-Rogel,inscription|inscriptions|sarcophagus,,excavations,2,B_space
H1563,3,dropped,apparatus,palestine-exploration-quarterly_1910:6:jer_gethsemane,palestine-exploration-quarterly_1910,1910,,6,,,jer_gethsemane,JER,strong,Gethsemane,inscription|inscriptions|sarcophagus,,excavations,2,B_space
H1564,3,dropped,apparatus,palestine-exploration-quarterly_1910:6:tell_el_ful,palestine-exploration-quarterly_1910,1910,,6,,,tell_el_ful,JER,strong,Gibeah,inscription|inscriptions|sarcophagus,,excavations,1,B_space
H1565,3,dropped,other_place,palestine-exploration-quarterly_1910:13:jer_temple,palestine-exploration-quarterly_1910,1910,,13,5,running_head,jer_temple,JER,strong,temple- enclosure,inscription,,discovery,1,B_space
H1566,3,dropped,not_find,palestine-exploration-quarterly_1910:25:jer_temple,palestine-exploration-quarterly_1910,1910,,25,17,page_numbers.json,jer_temple,JER,strong,Sakhra,bronze,,find,5,B_space
H1567,3,dropped,not_find,palestine-exploration-quarterly_1910:44:siloam_generic,palestine-exploration-quarterly_1910,1910,,44,34,page_numbers.json,siloam_generic,JER,strong,Siloam,inscrip,,,1,B_space
H1568,3,dropped,not_find,palestine-exploration-quarterly_1910:47:siloam_generic,palestine-exploration-quarterly_1910,1910,,47,37,page_numbers.json,siloam_generic,JER,strong,Siloam,inscription,,discovered,1,B_space
H1569,3,dropped,not_find,palestine-exploration-quarterly_1910:48:siloam_generic,palestine-exploration-quarterly_1910,1910,,48,38,running_head,siloam_generic,JER,strong,Siloam,coins|gems|inscriptions,,find|found|unearthed,5,B_space
H1570,3,kept,,palestine-exploration-quarterly_1910:170:kidron_generic,palestine-exploration-quarterly_1910,1910,,170,154,running_head,kidron_generic,JER,strong,Wady en-Nar,lamps,,brought to light,1,B_space
H1571,3,dropped,apparatus,palestine-exploration-quarterly_1910:227:jer_bethesda,palestine-exploration-quarterly_1910,1910,,227,207,inferred,jer_bethesda,JER,strong,St. Anne,golden,cave|sepulchre|tomb,,1,B_space
H1572,3,dropped,apparatus,palestine-exploration-quarterly_1910:227:jer_gethsemane,palestine-exploration-quarterly_1910,1910,,227,207,inferred,jer_gethsemane,JER,strong,Tomb of St. Mary,golden,cave|sepulchre,,1,B_space
H1573,3,dropped,apparatus,palestine-exploration-quarterly_1910:227:jer_siloam,palestine-exploration-quarterly_1910,1910,,227,207,inferred,jer_siloam,JER,strong,Pool of Siloam,golden,cave|sepulchre|tomb,,1,B_space
H1574,3,dropped,apparatus,palestine-exploration-quarterly_1910:227:jer_temple,palestine-exploration-quarterly_1910,1910,,227,207,inferred,jer_temple,JER,strong,Aksa,golden,cave|sepulchre|tomb,,2,B_space
H1575,3,dropped,apparatus,palestine-exploration-quarterly_1910:398:jer_temple,palestine-exploration-quarterly_1910,1910,,398,2,inferred,jer_temple,JER,strong,Temple Area,inscription|jar,,found,1,B_space
H1576,3,dropped,apparatus,palestine-exploration-quarterly_1910:398:siloam_generic,palestine-exploration-quarterly_1910,1910,,398,2,inferred,siloam_generic,JER,strong,SILOAM,inscribed|inscription|seal,,excavations|found,2,B_space
H1577,3,dropped,apparatus,palestine-exploration-quarterly_1910:408:jer_temple,palestine-exploration-quarterly_1910,1910,,408,12,inferred,jer_temple,JER,strong,Temple Area,inscription|jar,,found,1,B_space
H1578,3,dropped,apparatus,palestine-exploration-quarterly_1910:408:siloam_generic,palestine-exploration-quarterly_1910,1910,,408,12,inferred,siloam_generic,JER,strong,SILOAM,inscribed|inscription|seal,,excavations|found,2,B_space
H1579,3,dropped,apparatus,palestine-exploration-quarterly_1910:424:jer_temple,palestine-exploration-quarterly_1910,1910,,424,28,inferred,jer_temple,JER,strong,Temple Area,inscription|jar,,found,1,B_space
H1580,3,dropped,apparatus,palestine-exploration-quarterly_1910:424:siloam_generic,palestine-exploration-quarterly_1910,1910,,424,28,inferred,siloam_generic,JER,strong,SILOAM,inscribed|inscription|seal,,excavations|found,2,B_space
H1581,3,dropped,apparatus,palestine-exploration-quarterly_1910:430:jer_temple,palestine-exploration-quarterly_1910,1910,,430,34,inferred,jer_temple,JER,strong,Temple Area,inscription|jar,,found,1,B_space
H1582,3,dropped,apparatus,palestine-exploration-quarterly_1910:430:siloam_generic,palestine-exploration-quarterly_1910,1910,,430,34,inferred,siloam_generic,JER,strong,SILOAM,inscribed|inscription|seal,,excavations|found,2,B_space
H1583,3,dropped,apparatus,palestine-exploration-quarterly_1910:438:jer_temple,palestine-exploration-quarterly_1910,1910,,438,42,inferred,jer_temple,JER,strong,Temple Area,inscription|jar,,found,1,B_space
H1584,3,dropped,apparatus,palestine-exploration-quarterly_1910:438:siloam_generic,palestine-exploration-quarterly_1910,1910,,438,42,inferred,siloam_generic,JER,strong,SILOAM,inscribed|inscription|seal,,found,2,B_space
H1585,3,dropped,apparatus,palestine-exploration-quarterly_1910:446:jer_temple,palestine-exploration-quarterly_1910,1910,,446,50,inferred,jer_temple,JER,strong,Temple Area,inscription|jar,,found,1,B_space
H1586,3,dropped,apparatus,palestine-exploration-quarterly_1910:446:siloam_generic,palestine-exploration-quarterly_1910,1910,,446,50,inferred,siloam_generic,JER,strong,SILOAM,inscribed|inscription|seal,,excavations|found,2,B_space
H1587,3,dropped,apparatus,palestine-exploration-quarterly_1910:454:jer_temple,palestine-exploration-quarterly_1910,1910,,454,58,inferred,jer_temple,JER,strong,Temple Area,inscription|jar,,found,1,B_space
H1588,3,dropped,apparatus,palestine-exploration-quarterly_1910:454:siloam_generic,palestine-exploration-quarterly_1910,1910,,454,58,inferred,siloam_generic,JER,strong,SILOAM,inscribed|inscription|seal,,excavations|found,2,B_space
H1589,3,dropped,apparatus,palestine-exploration-quarterly_1911:3:mount_zion,palestine-exploration-quarterly_1911,1911,,3,,,mount_zion,JER,strong,Tomb of David,inscriptions,tomb,,1,B_space
H1590,3,dropped,apparatus,palestine-exploration-quarterly_1911:3:tell_el_ful,palestine-exploration-quarterly_1911,1911,,3,,,tell_el_ful,JER,strong,Gibeah,inscriptions,tomb,,4,B_space
H1591,3,dropped,apparatus,palestine-exploration-quarterly_1911:7:mount_zion,palestine-exploration-quarterly_1911,1911,,7,,,mount_zion,JER,strong,Tomb of David,inscription,tombs,discoveries|excavation|excavations,1,B_space
H1592,3,dropped,apparatus,palestine-exploration-quarterly_1911:7:tell_el_ful,palestine-exploration-quarterly_1911,1911,,7,,,tell_el_ful,JER,strong,Gibeah,inscription|inscriptions,,,1,B_space
H1593,3,dropped,not_find,palestine-exploration-quarterly_1911:10:siloam_generic,palestine-exploration-quarterly_1911,1911,,10,2,running_head,siloam_generic,JER,strong,Siloam,inscription|inscriptions,,found,1,B_space
H1594,3,dropped,not_find,palestine-exploration-quarterly_1911:57:jer_tyropoeon,palestine-exploration-quarterly_1911,1911,,57,47,page_numbers.json,jer_tyropoeon,JER,strong,Robinson’s Arch,inscription,,found|recently,2,B_space
H1595,3,dropped,not_find,palestine-exploration-quarterly_1911:93:siloam_generic,palestine-exploration-quarterly_1911,1911,,93,81,running_head,siloam_generic,JER,strong,Siloam,inscription|inscriptions,,,1,B_space
H1596,3,dropped,not_find,palestine-exploration-quarterly_1911:174:jer_temple,palestine-exploration-quarterly_1911,1911,,174,156,running_head,jer_temple,JER,strong,El-Aksa,inscriptions,,,3,B_space
H1597,3,dropped,not_find,palestine-exploration-quarterly_1911:189:jer_tombs_kings,palestine-exploration-quarterly_1911,1911,,189,171,page_numbers.json,jer_tombs_kings,JER,strong,tombs of the kings,lamps,cave|tombs,,1,B_space
H1598,3,dropped,not_find,palestine-exploration-quarterly_1911:205:mount_zion,palestine-exploration-quarterly_1911,1911,,205,187,running_head,mount_zion,JER,strong,TOMB OF DAVID,inscription,,,2,B_space
H1599,3,dropped,not_find,palestine-exploration-quarterly_1911:210:jer_gethsemane,palestine-exploration-quarterly_1911,1911,,210,192,running_head,jer_gethsemane,JER,strong,Gethsemane,inscriptions,,,1,B_space
H1600,3,dropped,apparatus,palestine-exploration-quarterly_1912:7:jer_temple,palestine-exploration-quarterly_1912,1912,,7,,,jer_temple,JER,strong,Temple Area,treasure,cisterns|graves,discoveries|excavations,1,B_space
H1601,3,kept,,palestine-exploration-quarterly_1912:44:jer_siloam,palestine-exploration-quarterly_1912,1912,,44,36,running_head,jer_siloam,JER,strong,Virgin’s Fountain,treasure,,cleared|discovered|found|hidden|opening,2,B_space
H1602,3,dropped,duplicate_page,palestine-exploration-quarterly_1912:44:jer_temple,palestine-exploration-quarterly_1912,1912,,44,36,running_head,jer_temple,JER,strong,Haram,treasure,,,3,B_space
H1603,3,kept,,palestine-exploration-quarterly_1912:45:jer_temple,palestine-exploration-quarterly_1912,1912,,45,37,running_head,jer_temple,JER,strong,Haram,treasure,,,6,B_space
H1604,3,kept,,palestine-exploration-quarterly_1912:46:jer_temple,palestine-exploration-quarterly_1912,1912,,46,38,running_head,jer_temple,JER,strong,Haram,treasure,,clearing|found,1,B_space
H1605,3,dropped,not_find,palestine-exploration-quarterly_1912:47:jer_temple,palestine-exploration-quarterly_1912,1912,,47,39,running_head,jer_temple,JER,strong,Haram,treasure,,discoveries,1,B_space
H1606,3,dropped,not_find,palestine-exploration-quarterly_1912:47:mount_zion,palestine-exploration-quarterly_1912,1912,,47,39,running_head,mount_zion,JER,strong,Mount Sion,treasure,,discovered,1,B_space
H1607,3,dropped,not_find,palestine-exploration-quarterly_1912:47:siloam_generic,palestine-exploration-quarterly_1912,1912,,47,39,running_head,siloam_generic,JER,strong,Siloam,inscription|treasure,,discovery|excavations|finds,1,B_space
H1608,3,dropped,other_place,palestine-exploration-quarterly_1912:48:jer_south_wall,palestine-exploration-quarterly_1912,1912,,48,40,running_head,jer_south_wall,JER,strong,Triple Gate,inscription,,discoveries|recently,1,B_space
H1609,3,dropped,other_place,palestine-exploration-quarterly_1912:48:jer_temple,palestine-exploration-quarterly_1912,1912,,48,40,running_head,jer_temple,JER,strong,Temple Enclosure,inscription,,discoveries|recently,1,B_space
H1610,3,dropped,not_find,palestine-exploration-quarterly_1912:56:siloam_generic,palestine-exploration-quarterly_1912,1912,,56,46,running_head,siloam_generic,JER,strong,Siloam,inscription,,discovered|discovery,3,B_space
H1611,3,dropped,not_find,palestine-exploration-quarterly_1912:81:siloam_generic,palestine-exploration-quarterly_1912,1912,,81,71,page_numbers.json,siloam_generic,JER,strong,Siloam,inscription,,,1,B_space
H1612,3,dropped,not_find,palestine-exploration-quarterly_1912:83:siloam_generic,palestine-exploration-quarterly_1912,1912,,83,73,page_numbers.json,siloam_generic,JER,strong,Siloam,brass|bronze|copper,,dug,1,B_space
H1613,3,dropped,not_find,palestine-exploration-quarterly_1912:119:siloam_generic,palestine-exploration-quarterly_1912,1912,,119,101,running_head,siloam_generic,JER,strong,Siloam,inscription,,discovered|recently,1,B_space
H1614,3,dropped,not_find,palestine-exploration-quarterly_1912:129:jer_temple,palestine-exploration-quarterly_1912,1912,,129,111,page_numbers.json,jer_temple,JER,strong,Haram,coins,,,2,B_space
H1615,3,dropped,not_find,palestine-exploration-quarterly_1912:177:jer_temple,palestine-exploration-quarterly_1912,1912,,177,147,running_head,jer_temple,JER,strong,Haram,lamp|lamps|silver,,,1,B_space
H1616,3,dropped,not_find,palestine-exploration-quarterly_1912:178:jer_temple,palestine-exploration-quarterly_1912,1912,,178,148,running_head,jer_temple,JER,strong,Dome of the Rock,inscriptions|lamp,,,3,B_space
H1617,3,dropped,not_find,palestine-exploration-quarterly_1912:179:jer_temple,palestine-exploration-quarterly_1912,1912,,179,149,page_numbers.json,jer_temple,JER,strong,Haram,brass|inscription|jars|silver,tomb|vaults,,2,B_space
H1618,3,dropped,not_find,palestine-exploration-quarterly_1912:180:jer_temple,palestine-exploration-quarterly_1912,1912,,180,150,running_head,jer_temple,JER,strong,Haram,inscriptions,cave|chamber|tomb,found,1,B_space
H1619,3,dropped,not_find,palestine-exploration-quarterly_1912:186:jer_temple,palestine-exploration-quarterly_1912,1912,,186,156,running_head,jer_temple,JER,strong,Haram,manuscript,,,1,B_space
H1620,3,dropped,apparatus,palestine-exploration-quarterly_1912:248:mount_zion,palestine-exploration-quarterly_1912,1912,,248,2,inferred,mount_zion,JER,strong,Tomb of David,inscriptions,,excavation,1,B_space
H1621,3,dropped,apparatus,palestine-exploration-quarterly_1912:248:tell_el_ful,palestine-exploration-quarterly_1912,1912,,248,2,inferred,tell_el_ful,JER,strong,Gibeah,inscriptions,tomb,excavation,1,B_space
H1622,3,dropped,apparatus,palestine-exploration-quarterly_1912:332:jer_temple,palestine-exploration-quarterly_1912,1912,,332,14,inferred,jer_temple,JER,strong,Temple Area,inscription|jar,,found,1,B_space
H1623,3,dropped,apparatus,palestine-exploration-quarterly_1912:332:siloam_generic,palestine-exploration-quarterly_1912,1912,,332,14,inferred,siloam_generic,JER,strong,SILOAM,inscribed|inscription|seal,,excavations|found,2,B_space
H1624,3,dropped,apparatus,palestine-exploration-quarterly_1912:342:jer_temple,palestine-exploration-quarterly_1912,1912,,342,24,inferred,jer_temple,JER,strong,Temple Area,inscription|jar,,found,1,B_space
H1625,3,dropped,apparatus,palestine-exploration-quarterly_1912:342:siloam_generic,palestine-exploration-quarterly_1912,1912,,342,24,inferred,siloam_generic,JER,strong,SILOAM,inscribed|inscription|seal,,excavations|found,2,B_space
H1626,3,dropped,apparatus,palestine-exploration-quarterly_1912:352:jer_temple,palestine-exploration-quarterly_1912,1912,,352,34,inferred,jer_temple,JER,strong,Temple Area,inscription|jar,,found,1,B_space
H1627,3,dropped,apparatus,palestine-exploration-quarterly_1912:352:siloam_generic,palestine-exploration-quarterly_1912,1912,,352,34,inferred,siloam_generic,JER,strong,SILOAM,inscribed|inscription|seal,,found,2,B_space
H1628,3,dropped,apparatus,palestine-exploration-quarterly_1912:362:jer_temple,palestine-exploration-quarterly_1912,1912,,362,44,inferred,jer_temple,JER,strong,Temple Area,inscription|jar,,found,1,B_space
H1629,3,dropped,apparatus,palestine-exploration-quarterly_1912:362:siloam_generic,palestine-exploration-quarterly_1912,1912,,362,44,inferred,siloam_generic,JER,strong,SILOAM,inscribed|inscription|seal,,found,2,B_space
H1630,3,dropped,apparatus,palestine-exploration-quarterly_1912:372:jer_temple,palestine-exploration-quarterly_1912,1912,,372,54,inferred,jer_temple,JER,strong,Temple Area,inscription|jar,,found,1,B_space
H1631,3,dropped,apparatus,palestine-exploration-quarterly_1912:372:siloam_generic,palestine-exploration-quarterly_1912,1912,,372,54,inferred,siloam_generic,JER,strong,SILOAM,inscribed|inscription|seal,,found,2,B_space
H1632,3,dropped,apparatus,palestine-exploration-quarterly_1912:384:jer_temple,palestine-exploration-quarterly_1912,1912,,384,66,inferred,jer_temple,JER,strong,Temple Area,inscription|jar,,found,1,B_space
H1633,3,dropped,apparatus,palestine-exploration-quarterly_1912:384:siloam_generic,palestine-exploration-quarterly_1912,1912,,384,66,inferred,siloam_generic,JER,strong,SILOAM,inscribed|inscription|seal,,found,2,B_space
H1634,3,dropped,apparatus,palestine-exploration-quarterly_1912:396:jer_temple,palestine-exploration-quarterly_1912,1912,,396,78,inferred,jer_temple,JER,strong,Temple Area,inscription|jar,,found,1,B_space
H1635,3,dropped,apparatus,palestine-exploration-quarterly_1912:396:siloam_generic,palestine-exploration-quarterly_1912,1912,,396,78,inferred,siloam_generic,JER,strong,SILOAM,inscribed|inscription|seal,,found,2,B_space
H1636,3,dropped,apparatus,palestine-exploration-quarterly_1912:408:jer_temple,palestine-exploration-quarterly_1912,1912,,408,90,inferred,jer_temple,JER,strong,Temple Area,inscription|jar,,found,1,B_space
H1637,3,dropped,apparatus,palestine-exploration-quarterly_1912:408:siloam_generic,palestine-exploration-quarterly_1912,1912,,408,90,inferred,siloam_generic,JER,strong,SILOAM,inscribed|inscription|seal,,found,2,B_space
H1638,3,dropped,apparatus,palestine-exploration-quarterly_1913:8:jer_temple,palestine-exploration-quarterly_1913,1913,,8,,,jer_temple,JER,strong,Dome of the Rock,inscriptions,,,1,B_space
H1639,3,dropped,apparatus,palestine-exploration-quarterly_1913:11:jer_temple,palestine-exploration-quarterly_1913,1913,,11,,,jer_temple,JER,strong,Dome of the Rock,inscribed|ossuary,sepulchre,excavation,1,B_space
H1640,3,dropped,apparatus,palestine-exploration-quarterly_1913:11:mount_zion,palestine-exploration-quarterly_1913,1913,,11,,,mount_zion,JER,strong,Protestant Cemetery,inscription|inscriptions,,,1,B_space
H1641,3,dropped,apparatus,palestine-exploration-quarterly_1913:11:tell_el_ful,palestine-exploration-quarterly_1913,1913,,11,,,tell_el_ful,JER,strong,Gibeah,inscribed|inscription|inscriptions|ossuary,,excavation,1,B_space
H1642,3,dropped,not_find,palestine-exploration-quarterly_1913:137:siloam_generic,palestine-exploration-quarterly_1913,1913,,137,117,page_numbers.json,siloam_generic,JER,strong,Siloam,inscribed|inscription|seal,tomb|tombs,found,3,B_space
H1643,3,dropped,apparatus,palestine-exploration-quarterly_1914:7:siloam_generic,palestine-exploration-quarterly_1914,1914,,7,,,siloam_generic,JER,strong,Silwan,coins|ossuary|seals,,discoveries,1,B_space
H1644,3,dropped,apparatus,palestine-exploration-quarterly_1914:7:tell_el_ful,palestine-exploration-quarterly_1914,1914,,7,,,tell_el_ful,JER,strong,Gibeah,inscriptions,,,1,B_space
H1645,3,dropped,apparatus,palestine-exploration-quarterly_1914:8:jer_bethesda,palestine-exploration-quarterly_1914,1914,,8,,,jer_bethesda,JER,strong,Bethesda,inscribed,,excavations,1,B_space
H1646,3,dropped,apparatus,palestine-exploration-quarterly_1914:8:siloam_generic,palestine-exploration-quarterly_1914,1914,,8,,,siloam_generic,JER,strong,Silwan,inscribed,,excavations,2,B_space
H1647,3,dropped,apparatus,palestine-exploration-quarterly_1914:8:tell_el_ful,palestine-exploration-quarterly_1914,1914,,8,,,tell_el_ful,JER,strong,Gibeah,inscribed,,excavations,3,B_space
H1648,3,dropped,not_find,palestine-exploration-quarterly_1914:50:tell_el_ful,palestine-exploration-quarterly_1914,1914,,50,42,running_head,tell_el_ful,JER,strong,GIBEAH,ossuary,,,9,B_space
H1649,3,dropped,not_find,palestine-exploration-quarterly_1914:52:tell_el_ful,palestine-exploration-quarterly_1914,1914,,52,44,running_head,tell_el_ful,JER,strong,Gibeah,coin,,find,7,B_space
H1650,3,dropped,not_find,palestine-exploration-quarterly_1914:103:siloam_generic,palestine-exploration-quarterly_1914,1914,,103,95,running_head,siloam_generic,JER,strong,Siloam,inscription,,discovered|found,1,B_space
H1651,3,kept,,palestine-exploration-quarterly_1914:107:siloam_generic,palestine-exploration-quarterly_1914,1914,,107,99,running_head,siloam_generic,JER,strong,Silwan,inscription,,discovered|obtained,1,B_space
H1652,3,kept,,palestine-exploration-quarterly_1914:175:siloam_generic,palestine-exploration-quarterly_1914,1914,,175,167,running_head,siloam_generic,JER,strong,Siloam,jar,,excavations|found|uncovered,1,B_space
H1653,3,dropped,apparatus,palestine-exploration-quarterly_1914:272:jer_temple,palestine-exploration-quarterly_1914,1914,,272,4,inferred,jer_temple,JER,strong,Temple Area,inscription|jar,,found,1,B_space
H1654,3,dropped,apparatus,palestine-exploration-quarterly_1914:272:siloam_generic,palestine-exploration-quarterly_1914,1914,,272,4,inferred,siloam_generic,JER,strong,SILOAM,inscribed|inscription|seal,,found,2,B_space
H1655,3,dropped,apparatus,palestine-exploration-quarterly_1914:284:jer_temple,palestine-exploration-quarterly_1914,1914,,284,4,inferred,jer_temple,JER,strong,Temple Area,inscription|jar,,found,1,B_space
H1656,3,dropped,apparatus,palestine-exploration-quarterly_1914:284:siloam_generic,palestine-exploration-quarterly_1914,1914,,284,4,inferred,siloam_generic,JER,strong,SILOAM,inscribed|inscription|seal,,found,2,B_space
H1657,3,dropped,apparatus,palestine-exploration-quarterly_1914:296:jer_temple,palestine-exploration-quarterly_1914,1914,,296,4,inferred,jer_temple,JER,strong,Temple Area,inscription|jar,,found,1,B_space
H1658,3,dropped,apparatus,palestine-exploration-quarterly_1914:296:siloam_generic,palestine-exploration-quarterly_1914,1914,,296,4,inferred,siloam_generic,JER,strong,SILOAM,inscribed|inscription|seal,,found,2,B_space
H1659,3,dropped,apparatus,palestine-exploration-quarterly_1914:308:jer_temple,palestine-exploration-quarterly_1914,1914,,308,16,inferred,jer_temple,JER,strong,Temple Area,inscription|jar,,found,1,B_space
H1660,3,dropped,apparatus,palestine-exploration-quarterly_1914:308:siloam_generic,palestine-exploration-quarterly_1914,1914,,308,16,inferred,siloam_generic,JER,strong,SILOAM,inscribed|inscription|seal,,found,2,B_space
H1661,3,dropped,apparatus,palestine-exploration-quarterly_1914:320:jer_temple,palestine-exploration-quarterly_1914,1914,,320,4,inferred,jer_temple,JER,strong,Temple Area,inscription|jar,,found,1,B_space
H1662,3,dropped,apparatus,palestine-exploration-quarterly_1914:320:siloam_generic,palestine-exploration-quarterly_1914,1914,,320,4,inferred,siloam_generic,JER,strong,SILOAM,inscribed|inscription|seal,,found,2,B_space
H1663,3,dropped,apparatus,palestine-exploration-quarterly_1914:332:jer_temple,palestine-exploration-quarterly_1914,1914,,332,16,inferred,jer_temple,JER,strong,Temple Area,inscription|jar,,found,1,B_space
H1664,3,dropped,apparatus,palestine-exploration-quarterly_1914:332:siloam_generic,palestine-exploration-quarterly_1914,1914,,332,16,inferred,siloam_generic,JER,strong,SILOAM,inscribed|inscription|seal,,found,2,B_space
H1665,3,dropped,apparatus,palestine-exploration-quarterly_1914:344:jer_temple,palestine-exploration-quarterly_1914,1914,,344,4,page_numbers.json,jer_temple,JER,strong,Temple Area,inscription|jar,,found,1,B_space
H1666,3,dropped,apparatus,palestine-exploration-quarterly_1914:344:siloam_generic,palestine-exploration-quarterly_1914,1914,,344,4,page_numbers.json,siloam_generic,JER,strong,SILOAM,inscribed|inscription|seal,,found,2,B_space
H1667,3,dropped,apparatus,palestine-exploration-quarterly_1914:356:jer_temple,palestine-exploration-quarterly_1914,1914,,356,4,inferred,jer_temple,JER,strong,Temple Area,inscription|jar,,found,1,B_space
H1668,3,dropped,apparatus,palestine-exploration-quarterly_1914:356:siloam_generic,palestine-exploration-quarterly_1914,1914,,356,4,inferred,siloam_generic,JER,strong,SILOAM,inscribed|inscription|seal,,found,2,B_space
H1669,4,dropped,not_find,palestine-exploration-quarterly_1869-1870:17:jer_se_corner,palestine-exploration-quarterly_1869-1870,1867-69,reports,17,5,running_head,jer_se_corner,JER,feature,S.E. angle,,cave,excavation|excavations|obtained,1,B_space
H1670,4,dropped,not_find,palestine-exploration-quarterly_1869-1870:17:jer_siloam,palestine-exploration-quarterly_1869-1870,1867-69,reports,17,5,running_head,jer_siloam,JER,feature,Gihon,,cave,excavation|excavations,1,B_space
H1671,4,dropped,not_find,palestine-exploration-quarterly_1869-1870:17:jer_south_wall,palestine-exploration-quarterly_1869-1870,1867-69,reports,17,5,running_head,jer_south_wall,JER,feature,Triple Gate,,cave,excavation|excavations,2,B_space
H1672,4,dropped,not_find,palestine-exploration-quarterly_1869-1870:17:jer_temple,palestine-exploration-quarterly_1869-1870,1867-69,reports,17,5,running_head,jer_temple,JER,feature,Haram,,cave,excavation|excavations|obtained,2,B_space
H1673,4,kept,,palestine-exploration-quarterly_1869-1870:18:jer_temple,palestine-exploration-quarterly_1869-1870,1867-69,reports,18,6,running_head,jer_temple,JER,feature,Haram,,chambers,discovered|found,1,B_space
H1674,4,dropped,not_find,palestine-exploration-quarterly_1869-1870:19:jer_se_corner,palestine-exploration-quarterly_1869-1870,1867-69,reports,19,7,page_numbers.json,jer_se_corner,JER,feature,S.E. angle,,cistern,discovered|excavation,1,B_space
H1675,4,dropped,not_find,palestine-exploration-quarterly_1869-1870:19:jer_temple,palestine-exploration-quarterly_1869-1870,1867-69,reports,19,7,page_numbers.json,jer_temple,JER,feature,Haram,,cistern,discovered|excavation,2,B_space
H1676,4,dropped,duplicate_page,palestine-exploration-quarterly_1869-1870:23:jer_east_gate,palestine-exploration-quarterly_1869-1870,1867-69,reports,23,11,running_head,jer_east_gate,JER,feature,Golden Gate,,vaults,excavating|excavation|found,1,B_space
H1677,4,dropped,not_find,palestine-exploration-quarterly_1869-1870:23:jer_se_corner,palestine-exploration-quarterly_1869-1870,1867-69,reports,23,11,running_head,jer_se_corner,JER,feature,south-east angle,,graves,excavated,1,B_space
H1678,4,dropped,duplicate_page,palestine-exploration-quarterly_1869-1870:27:jer_south_wall,palestine-exploration-quarterly_1869-1870,1867-69,reports,27,15,running_head,jer_south_wall,JER,feature,Triple Gate,,chamber,found|opening,1,B_space
H1679,4,dropped,not_find,palestine-exploration-quarterly_1869-1870:28:jer_south_wall,palestine-exploration-quarterly_1869-1870,1867-69,reports,28,16,running_head,jer_south_wall,JER,feature,Single Gate,,chamber,found,2,B_space
H1680,4,dropped,not_find,palestine-exploration-quarterly_1869-1870:28:jer_temple,palestine-exploration-quarterly_1869-1870,1867-69,reports,28,16,running_head,jer_temple,JER,feature,Haram,,chamber,found,1,B_space
H1681,4,dropped,not_find,palestine-exploration-quarterly_1869-1870:28:jer_tyropoeon,palestine-exploration-quarterly_1869-1870,1867-69,reports,28,16,running_head,jer_tyropoeon,JER,feature,Robinson’s Arch,,cistern,found,1,B_space
H1682,4,kept,,palestine-exploration-quarterly_1869-1870:33:jer_siloam,palestine-exploration-quarterly_1869-1870,1867-69,reports,33,21,running_head,jer_siloam,JER,feature,Pool of Siloam,,caves|tomb,excavation|found,1,B_space
H1683,4,dropped,not_find,palestine-exploration-quarterly_1869-1870:33:jer_south_wall,palestine-exploration-quarterly_1869-1870,1867-69,reports,33,21,running_head,jer_south_wall,JER,feature,Triple Gate,,caves|tomb,excavation|found,2,B_space
H1684,4,dropped,not_find,palestine-exploration-quarterly_1869-1870:33:jer_temple,palestine-exploration-quarterly_1869-1870,1867-69,reports,33,21,running_head,jer_temple,JER,feature,Haram,,caves,excavation|found|lately,3,B_space
H1685,4,dropped,not_find,palestine-exploration-quarterly_1869-1870:35:jer_temple,palestine-exploration-quarterly_1869-1870,1867-69,reports,35,23,page_numbers.json,jer_temple,JER,feature,Haram,,pit,excavated|found,9,B_space
H1686,4,dropped,not_find,palestine-exploration-quarterly_1869-1870:39:jer_se_corner,palestine-exploration-quarterly_1869-1870,1867-69,reports,39,27,running_head,jer_se_corner,JER,feature,south-east angle,,vaults,cleared,1,B_space
H1687,4,dropped,not_find,palestine-exploration-quarterly_1869-1870:39:jer_south_wall,palestine-exploration-quarterly_1869-1870,1867-69,reports,39,27,running_head,jer_south_wall,JER,feature,Single Gate,,vaults,cleared,3,B_space
H1688,4,dropped,not_find,palestine-exploration-quarterly_1869-1870:48:jer_temple,palestine-exploration-quarterly_1869-1870,1867-69,reports,48,36,page_numbers.json,jer_temple,JER,feature,Aksa,,vaults,find,1,B_space
H1689,4,dropped,duplicate_page,palestine-exploration-quarterly_1869-1870:51:jer_siloam,palestine-exploration-quarterly_1869-1870,1867-69,reports,51,39,running_head,jer_siloam,JER,feature,Virgin's Fountain,,chamber,found,2,B_space
H1690,4,dropped,duplicate_page,palestine-exploration-quarterly_1869-1870:51:jer_temple,palestine-exploration-quarterly_1869-1870,1867-69,reports,51,39,running_head,jer_temple,JER,feature,Sakhrah,,chamber,found,1,B_space
H1691,4,kept,,palestine-exploration-quarterly_1869-1870:55:jer_temple,palestine-exploration-quarterly_1869-1870,1867-69,reports,55,43,page_numbers.json,jer_temple,JER,feature,Haram,,chamber|cistern,found,6,B_space
H1692,4,dropped,duplicate_page,palestine-exploration-quarterly_1869-1870:55:kidron_generic,palestine-exploration-quarterly_1869-1870,1867-69,reports,55,43,page_numbers.json,kidron_generic,JER,feature,Cedron,,chamber|cistern,discovered|find|found|lately,1,B_space
H1693,4,dropped,not_find,palestine-exploration-quarterly_1869-1870:57:jer_temple,palestine-exploration-quarterly_1869-1870,1867-69,reports,57,45,page_numbers.json,jer_temple,JER,feature,Haram,,vaults,found,2,B_space
H1694,4,dropped,not_find,palestine-exploration-quarterly_1869-1870:57:kidron_generic,palestine-exploration-quarterly_1869-1870,1867-69,reports,57,45,page_numbers.json,kidron_generic,JER,feature,Kedron,,vaults,found,1,B_space
H1695,4,dropped,not_find,palestine-exploration-quarterly_1869-1870:63:jer_south_wall,palestine-exploration-quarterly_1869-1870,1867-69,reports,63,51,page_numbers.json,jer_south_wall,JER,feature,south wall of the Haram,,cistern,found,2,B_space
H1696,4,dropped,not_find,palestine-exploration-quarterly_1869-1870:63:jer_temple,palestine-exploration-quarterly_1869-1870,1867-69,reports,63,51,page_numbers.json,jer_temple,JER,feature,Aksa,,cistern|vaults,discovery|found,4,B_space
H1697,4,dropped,not_find,palestine-exploration-quarterly_1869-1870:63:kidron_generic,palestine-exploration-quarterly_1869-1870,1867-69,reports,63,51,page_numbers.json,kidron_generic,JER,feature,Kedron,,cistern,found,2,B_space
H1698,4,dropped,not_find,palestine-exploration-quarterly_1869-1870:65:jer_temple,palestine-exploration-quarterly_1869-1870,1867-69,reports,65,53,page_numbers.json,jer_temple,JER,feature,Aksa,,chamber|tomb,found,10,B_space
H1699,4,kept,,palestine-exploration-quarterly_1869-1870:66:jer_kidron_mon,palestine-exploration-quarterly_1869-1870,1867-69,reports,66,54,running_head,jer_kidron_mon,JER,feature,Tomb of Jehoshaphat,,tombs,lately|opened,1,B_space
H1700,4,dropped,duplicate_page,palestine-exploration-quarterly_1869-1870:66:jer_temple,palestine-exploration-quarterly_1869-1870,1867-69,reports,66,54,running_head,jer_temple,JER,feature,Haram,,tombs,excavating,4,B_space
H1701,4,dropped,duplicate_page,palestine-exploration-quarterly_1869-1870:66:siloam_generic,palestine-exploration-quarterly_1869-1870,1867-69,reports,66,54,running_head,siloam_generic,JER,feature,Silwan,,tomb|tombs,excavating,1,B_space
H1702,4,dropped,not_find,palestine-exploration-quarterly_1869-1870:67:jer_south_wall,palestine-exploration-quarterly_1869-1870,1867-69,reports,67,55,running_head,jer_south_wall,JER,feature,Single Gate,,vaults,find|opening|recently,2,B_space
H1703,4,dropped,not_find,palestine-exploration-quarterly_1869-1870:67:jer_temple,palestine-exploration-quarterly_1869-1870,1867-69,reports,67,55,running_head,jer_temple,JER,feature,Haram,,vaults,find|opening|recently,5,B_space
H1704,4,dropped,not_find,palestine-exploration-quarterly_1869-1870:67:jer_tyropoeon,palestine-exploration-quarterly_1869-1870,1867-69,reports,67,55,running_head,jer_tyropoeon,JER,feature,Robinson’s Arch,,vaults,excavation|found|obtained|opening,4,B_space
H1705,4,dropped,not_find,palestine-exploration-quarterly_1869-1870:70:jer_bir_ayyub,palestine-exploration-quarterly_1869-1870,1867-69,reports,70,58,running_head,jer_bir_ayyub,JER,feature,Bir Eyub,,vaults,discovery,2,B_space
H1706,4,kept,,palestine-exploration-quarterly_1869-1870:70:jer_tyropoeon,palestine-exploration-quarterly_1869-1870,1867-69,reports,70,58,running_head,jer_tyropoeon,JER,feature,Wilson’s Arch,,vaults,discovery,7,B_space
H1707,4,dropped,not_find,palestine-exploration-quarterly_1869-1870:71:jer_bir_ayyub,palestine-exploration-quarterly_1869-1870,1867-69,reports,71,59,page_numbers.json,jer_bir_ayyub,JER,feature,Bir Eyub,,cavern,found,4,B_space
H1708,4,dropped,not_find,palestine-exploration-quarterly_1869-1870:72:jer_tyropoeon,palestine-exploration-quarterly_1869-1870,1867-69,reports,72,60,running_head,jer_tyropoeon,JER,feature,Robinson’s Arch,,pits,find|lately,3,B_space
H1709,4,dropped,not_find,palestine-exploration-quarterly_1869-1870:73:jer_temple,palestine-exploration-quarterly_1869-1870,1867-69,reports,73,61,running_head,jer_temple,JER,feature,Haram,,cistern,discovered|find|found,4,B_space
H1710,4,kept,,palestine-exploration-quarterly_1869-1870:73:jer_tyropoeon,palestine-exploration-quarterly_1869-1870,1867-69,reports,73,61,running_head,jer_tyropoeon,JER,feature,Robinson's Arch,,cistern,discovered|found,5,B_space
H1711,4,dropped,duplicate_page,palestine-exploration-quarterly_1869-1870:73:kidron_generic,palestine-exploration-quarterly_1869-1870,1867-69,reports,73,61,running_head,kidron_generic,JER,feature,Kedron,,cistern,discovered|found,1,B_space
H1712,4,dropped,not_find,palestine-exploration-quarterly_1869-1870:78:tell_el_ful,palestine-exploration-quarterly_1869-1870,1867-69,reports,78,66,running_head,tell_el_ful,JER,feature,Tuleil el Ful,,cave|caves,digging|excavations|found,3,B_space
H1713,4,dropped,not_find,palestine-exploration-quarterly_1869-1870:81:jer_tyropoeon,palestine-exploration-quarterly_1869-1870,1867-69,reports,81,69,running_head,jer_tyropoeon,JER,feature,Wilson’s Arch,,vaults,find,2,B_space
H1714,4,kept,,palestine-exploration-quarterly_1869-1870:85:jer_bir_ayyub,palestine-exploration-quarterly_1869-1870,1867-69,reports,85,73,page_numbers.json,jer_bir_ayyub,JER,feature,Bir Eyub,,vault,find,2,B_space
H1715,4,dropped,not_find,palestine-exploration-quarterly_1869-1870:85:kidron_generic,palestine-exploration-quarterly_1869-1870,1867-69,reports,85,73,page_numbers.json,kidron_generic,JER,feature,Kedron,,vault,excavation|excavations,1,B_space
H1716,4,dropped,not_find,palestine-exploration-quarterly_1869-1870:85:siloam_generic,palestine-exploration-quarterly_1869-1870,1867-69,reports,85,73,page_numbers.json,siloam_generic,JER,feature,Siloam,,vault,excavation|find,1,B_space
H1717,4,dropped,not_find,palestine-exploration-quarterly_1869-1870:87:jer_bir_ayyub,palestine-exploration-quarterly_1869-1870,1867-69,reports,87,75,page_numbers.json,jer_bir_ayyub,JER,feature,Bir Eyub,,vault,discovered|opened|recently,2,B_space
H1718,4,kept,,palestine-exploration-quarterly_1869-1870:95:jer_bethesda,palestine-exploration-quarterly_1869-1870,1867-69,reports,95,83,page_numbers.json,jer_bethesda,JER,feature,Birket Israil,,cistern,found,1,B_space
H1719,4,kept,,palestine-exploration-quarterly_1869-1870:95:jer_bir_ayyub,palestine-exploration-quarterly_1869-1870,1867-69,reports,95,83,page_numbers.json,jer_bir_ayyub,JER,feature,Bir Eyub,,chamber,found,8,B_space
H1720,4,dropped,not_find,palestine-exploration-quarterly_1869-1870:96:jer_se_corner,palestine-exploration-quarterly_1869-1870,1867-69,reports,96,84,running_head,jer_se_corner,JER,feature,South-east Angle,,cave,find,1,B_space
H1721,4,dropped,not_find,palestine-exploration-quarterly_1869-1870:96:jer_temple,palestine-exploration-quarterly_1869-1870,1867-69,reports,96,84,running_head,jer_temple,JER,feature,Haram,,cave,find,1,B_space
H1722,4,kept,,palestine-exploration-quarterly_1869-1870:100:jer_temple,palestine-exploration-quarterly_1869-1870,1867-69,reports,100,88,page_numbers.json,jer_temple,JER,feature,Haram,,cistern,find,3,B_space
H1723,4,dropped,duplicate_page,palestine-exploration-quarterly_1869-1870:100:jer_tyropoeon,palestine-exploration-quarterly_1869-1870,1867-69,reports,100,88,page_numbers.json,jer_tyropoeon,JER,feature,Robinson’s Arch,,cistern,excavation|found,2,B_space
H1724,4,dropped,not_find,palestine-exploration-quarterly_1869-1870:101:jer_temple,palestine-exploration-quarterly_1869-1870,1867-69,reports,101,89,page_numbers.json,jer_temple,JER,feature,Haram,,chambers|cistern,found,3,B_space
H1725,4,kept,,palestine-exploration-quarterly_1869-1870:101:jer_tyropoeon,palestine-exploration-quarterly_1869-1870,1867-69,reports,101,89,page_numbers.json,jer_tyropoeon,JER,feature,Robinson’s Arch,,chambers|cistern,fallen in|found|opened,2,B_space
H1726,4,dropped,duplicate_page,palestine-exploration-quarterly_1869-1870:103:jer_temple,palestine-exploration-quarterly_1869-1870,1867-69,reports,103,91,page_numbers.json,jer_temple,JER,feature,Haram,,chamber|vaults,discovered|lately,5,B_space
H1727,4,kept,,palestine-exploration-quarterly_1869-1870:103:jer_tyropoeon,palestine-exploration-quarterly_1869-1870,1867-69,reports,103,91,page_numbers.json,jer_tyropoeon,JER,feature,Wilson’s Arch,,chamber|vaults,discovered|lately,3,B_space
H1728,4,dropped,not_find,palestine-exploration-quarterly_1869-1870:106:jer_south_wall,palestine-exploration-quarterly_1869-1870,1867-69,reports,106,94,running_head,jer_south_wall,JER,feature,triple gate,,cisterns,concealed|found,5,B_space
H1729,4,kept,,palestine-exploration-quarterly_1869-1870:107:jer_temple,palestine-exploration-quarterly_1869-1870,1867-69,reports,107,95,running_head,jer_temple,JER,feature,Haram,,cisterns,found,4,B_space
H1730,4,dropped,not_find,palestine-exploration-quarterly_1869-1870:108:jer_se_corner,palestine-exploration-quarterly_1869-1870,1867-69,reports,108,96,running_head,jer_se_corner,JER,feature,south-east angle,,cisterns,found|opening,3,B_space
H1731,4,dropped,not_find,palestine-exploration-quarterly_1869-1870:108:jer_temple,palestine-exploration-quarterly_1869-1870,1867-69,reports,108,96,running_head,jer_temple,JER,feature,Haram,,cisterns,opening,6,B_space
H1732,4,kept,,palestine-exploration-quarterly_1869-1870:109:jer_temple,palestine-exploration-quarterly_1869-1870,1867-69,reports,109,97,running_head,jer_temple,JER,feature,Haram,,chamber|cistern,found|opening,2,B_space
H1733,4,kept,,palestine-exploration-quarterly_1869-1870:110:jer_bethesda,palestine-exploration-quarterly_1869-1870,1867-69,reports,110,98,running_head,jer_bethesda,JER,feature,Birket Israil,,chamber|vaults,find|opening,3,B_space
H1734,4,dropped,duplicate_page,palestine-exploration-quarterly_1869-1870:110:jer_se_corner,palestine-exploration-quarterly_1869-1870,1867-69,reports,110,98,running_head,jer_se_corner,JER,feature,south-east angle,,vaults,found|opening,1,B_space
H1735,4,dropped,duplicate_page,palestine-exploration-quarterly_1869-1870:110:jer_temple,palestine-exploration-quarterly_1869-1870,1867-69,reports,110,98,running_head,jer_temple,JER,feature,Haram,,vaults,found|opening,2,B_space
H1736,4,dropped,not_find,palestine-exploration-quarterly_1869-1870:111:jer_bethesda,palestine-exploration-quarterly_1869-1870,1867-69,reports,111,99,page_numbers.json,jer_bethesda,JER,feature,Birket Israil,,cistern,excavating|find,2,B_space
H1737,4,dropped,not_find,palestine-exploration-quarterly_1869-1870:111:jer_se_corner,palestine-exploration-quarterly_1869-1870,1867-69,reports,111,99,page_numbers.json,jer_se_corner,JER,feature,south-east angle,,vaults,opened,1,B_space
H1738,4,dropped,not_find,palestine-exploration-quarterly_1869-1870:111:jer_temple,palestine-exploration-quarterly_1869-1870,1867-69,reports,111,99,page_numbers.json,jer_temple,JER,feature,Haram,,cistern,found|opened,4,B_space
H1739,4,dropped,not_find,palestine-exploration-quarterly_1869-1870:112:jer_south_wall,palestine-exploration-quarterly_1869-1870,1867-69,reports,112,100,running_head,jer_south_wall,JER,feature,Triple Gate,,vaults,find,4,B_space
H1740,4,dropped,not_find,palestine-exploration-quarterly_1869-1870:119:jer_south_wall,palestine-exploration-quarterly_1869-1870,1867-69,reports,119,105,running_head,jer_south_wall,JER,feature,Triple Gate,,cavern,found,1,B_space
H1741,4,dropped,not_find,palestine-exploration-quarterly_1869-1870:121:jer_temple,palestine-exploration-quarterly_1869-1870,1867-69,reports,121,107,running_head,jer_temple,JER,feature,Haram,,cistern,find,9,B_space
H1742,4,dropped,not_find,palestine-exploration-quarterly_1869-1870:121:jer_tyropoeon,palestine-exploration-quarterly_1869-1870,1867-69,reports,121,107,running_head,jer_tyropoeon,JER,feature,Wilson’s Arch,,cistern,discovered|find,1,B_space
H1743,4,dropped,not_find,palestine-exploration-quarterly_1869-1870:124:jer_tyropoeon,palestine-exploration-quarterly_1869-1870,1867-69,reports,124,110,running_head,jer_tyropoeon,JER,feature,Wilson’s Arch,,chamber,find,11,B_space
H1744,4,dropped,not_find,palestine-exploration-quarterly_1869-1870:126:jer_temple,palestine-exploration-quarterly_1869-1870,1867-69,reports,126,112,running_head,jer_temple,JER,feature,Haram,,chambers,found,5,B_space
H1745,4,kept,,palestine-exploration-quarterly_1869-1870:126:jer_tyropoeon,palestine-exploration-quarterly_1869-1870,1867-69,reports,126,112,running_head,jer_tyropoeon,JER,feature,Wilson’s Arch,,chambers,found,3,B_space
H1746,4,dropped,duplicate_page,palestine-exploration-quarterly_1869-1870:130:jer_temple,palestine-exploration-quarterly_1869-1870,1867-69,reports,130,116,running_head,jer_temple,JER,feature,Haram,,cave,digging|found,3,B_space
H1747,4,dropped,duplicate_page,palestine-exploration-quarterly_1869-1870:130:jer_tyropoeon,palestine-exploration-quarterly_1869-1870,1867-69,reports,130,116,running_head,jer_tyropoeon,JER,feature,Wilson’s Arch,,cave,digging|found,3,B_space
H1748,4,kept,,palestine-exploration-quarterly_1869-1870:130:mount_zion,palestine-exploration-quarterly_1869-1870,1867-69,reports,130,116,running_head,mount_zion,JER,feature,Mount Sion,,cave,digging|found,1,B_space
H1749,4,dropped,other_place,palestine-exploration-quarterly_1869-1870:147:jer_se_corner,palestine-exploration-quarterly_1869-1870,1867-69,reports,147,133,running_head,jer_se_corner,JER,feature,south- east angle,,chamber|chambers|loculi,found|opening,1,B_space
H1750,4,dropped,not_find,palestine-exploration-quarterly_1869-1870:156:jer_tyropoeon,palestine-exploration-quarterly_1869-1870,1867-69,reports,156,142,page_numbers.json,jer_tyropoeon,JER,feature,Robinson’s Arch,,cistern,found,2,B_space
H1751,4,kept,,palestine-exploration-quarterly_1869-1870:157:jer_bir_ayyub,palestine-exploration-quarterly_1869-1870,1867-69,reports,157,143,running_head,jer_bir_ayyub,JER,feature,Bir Eyub,,grotto,found|lately,2,B_space
H1752,4,dropped,not_find,palestine-exploration-quarterly_1869-1870:157:jer_tyropoeon,palestine-exploration-quarterly_1869-1870,1867-69,reports,157,143,running_head,jer_tyropoeon,JER,feature,Robinson’s Arch,,cistern|grotto,found,1,B_space
H1753,4,kept,,palestine-exploration-quarterly_1869-1870:157:siloam_generic,palestine-exploration-quarterly_1869-1870,1867-69,reports,157,143,running_head,siloam_generic,JER,feature,Siloam,,grotto,clearing|found|lately,1,B_space
H1754,4,dropped,not_find,palestine-exploration-quarterly_1869-1870:169:jer_bethesda,palestine-exploration-quarterly_1869-1870,1867-69,reports,169,154,inferred,jer_bethesda,JER,feature,Bethesda,,tombs,discovered|excavation,1,B_space
H1755,4,dropped,not_find,palestine-exploration-quarterly_1869-1870:169:jer_temple,palestine-exploration-quarterly_1869-1870,1867-69,reports,169,154,inferred,jer_temple,JER,feature,Temple enclosure,,tombs,discovered|excavation,1,B_space
H1756,4,dropped,not_find,palestine-exploration-quarterly_1869-1870:169:mount_zion,palestine-exploration-quarterly_1869-1870,1867-69,reports,169,154,inferred,mount_zion,JER,feature,Mount Zion,,tombs,discovered|excavation,1,B_space
H1757,4,dropped,not_find,palestine-exploration-quarterly_1869-1870:174:jer_east_gate,palestine-exploration-quarterly_1869-1870,1869,no1,174,6,page_numbers.json,jer_east_gate,JER,feature,Golden Gate,,vaults,found,1,B_space
H1758,4,dropped,not_find,palestine-exploration-quarterly_1869-1870:175:jer_bethesda,palestine-exploration-quarterly_1869-1870,1869,no1,175,7,running_head,jer_bethesda,JER,feature,St. Anne,,chambers,obtained,1,B_space
H1759,4,dropped,not_find,palestine-exploration-quarterly_1869-1870:175:jer_temple,palestine-exploration-quarterly_1869-1870,1869,no1,175,7,running_head,jer_temple,JER,feature,Haram,,cavern|chambers|cisterns,found|obtained,4,B_space
H1760,4,dropped,not_find,palestine-exploration-quarterly_1869-1870:175:jer_tyropoeon,palestine-exploration-quarterly_1869-1870,1869,no1,175,7,running_head,jer_tyropoeon,JER,feature,Robinson’s Arch,,chambers,obtained,3,B_space
H1761,4,dropped,not_find,palestine-exploration-quarterly_1869-1870:179:jer_temple,palestine-exploration-quarterly_1869-1870,1869,no1,179,11,running_head,jer_temple,JER,feature,Temple Area,,chambers|cisterns|vaults,buried|discoveries|dug|excavating|found,1,B_space
H1762,4,dropped,not_find,palestine-exploration-quarterly_1869-1870:179:jer_tyropoeon,palestine-exploration-quarterly_1869-1870,1869,no1,179,11,running_head,jer_tyropoeon,JER,feature,Robinson’s Arch,,chambers,discoveries|excavating|found,1,B_space
H1763,4,dropped,not_find,palestine-exploration-quarterly_1869-1870:192:jer_temple,palestine-exploration-quarterly_1869-1870,1869,no1,192,24,running_head,jer_temple,JER,feature,Temple enclosure,,cave,find|lately,11,B_space
H1764,4,dropped,not_find,palestine-exploration-quarterly_1869-1870:219:jer_bethesda,palestine-exploration-quarterly_1869-1870,1869,no2,219,49,running_head,jer_bethesda,JER,feature,Birket Israel,,chambers,discoveries|found,1,B_space
H1765,4,dropped,not_find,palestine-exploration-quarterly_1869-1870:219:jer_se_corner,palestine-exploration-quarterly_1869-1870,1869,no2,219,49,running_head,jer_se_corner,JER,feature,south-east angle,,chambers,discoveries|found,1,B_space
H1766,4,dropped,not_find,palestine-exploration-quarterly_1869-1870:219:jer_temple,palestine-exploration-quarterly_1869-1870,1869,no2,219,49,running_head,jer_temple,JER,feature,Haram,,chambers,discoveries|found,3,B_space
H1767,4,dropped,not_find,palestine-exploration-quarterly_1869-1870:219:jer_tyropoeon,palestine-exploration-quarterly_1869-1870,1869,no2,219,49,running_head,jer_tyropoeon,JER,feature,Robinson’s Arch,,chambers,discoveries|found,2,B_space
H1768,4,dropped,not_find,palestine-exploration-quarterly_1869-1870:220:jer_tombs_kings,palestine-exploration-quarterly_1869-1870,1869,no2,220,50,running_head,jer_tombs_kings,JER,feature,tombs of the Kings,,tomb,buried|found,1,B_space
H1769,4,dropped,not_find,palestine-exploration-quarterly_1869-1870:220:kidron_generic,palestine-exploration-quarterly_1869-1870,1869,no2,220,50,running_head,kidron_generic,JER,feature,Kedron,,tomb|tombs,buried|found,1,B_space
H1770,4,dropped,not_find,palestine-exploration-quarterly_1869-1870:220:mount_zion,palestine-exploration-quarterly_1869-1870,1869,no2,220,50,running_head,mount_zion,JER,feature,tomb of David,,tombs,buried|found,1,B_space
H1771,4,dropped,not_find,palestine-exploration-quarterly_1869-1870:222:jer_temple,palestine-exploration-quarterly_1869-1870,1869,no2,222,52,running_head,jer_temple,JER,feature,Haram,,sepulchre,excavations,2,B_space
H1772,4,dropped,not_find,palestine-exploration-quarterly_1869-1870:222:jer_tyropoeon,palestine-exploration-quarterly_1869-1870,1869,no2,222,52,running_head,jer_tyropoeon,JER,feature,Wilson’s Arch,,sepulchre,excavations,1,B_space
H1773,4,kept,,palestine-exploration-quarterly_1869-1870:231:jer_bethesda,palestine-exploration-quarterly_1869-1870,1869,no3,231,61,page_numbers.json,jer_bethesda,JER,feature,Birket Israil,,chamber,discovery|find,1,B_space
H1774,4,dropped,not_find,palestine-exploration-quarterly_1869-1870:239:jer_tombs_kings,palestine-exploration-quarterly_1869-1870,1869,no3,239,67,running_head,jer_tombs_kings,JER,feature,Tombs of the Kings,,chamber|chambers|loculi|tomb,concealed|obtained,1,B_space
H1775,4,dropped,not_find,palestine-exploration-quarterly_1869-1870:240:jer_tombs_kings,palestine-exploration-quarterly_1869-1870,1869,no3,240,68,running_head,jer_tombs_kings,JER,feature,Tombs of the Kings,,chamber|tombs,found|opened,1,B_space
H1776,4,kept,,palestine-exploration-quarterly_1869-1870:241:jer_bir_ayyub,palestine-exploration-quarterly_1869-1870,1869,no3,241,69,running_head,jer_bir_ayyub,JER,feature,Bir Eyub,,loculi|tomb|tombs,lately,2,B_space
H1777,4,dropped,duplicate_page,palestine-exploration-quarterly_1869-1870:241:kidron_generic,palestine-exploration-quarterly_1869-1870,1869,no3,241,69,running_head,kidron_generic,JER,feature,Kedron,,loculi|tomb|tombs,lately,1,B_space
H1778,4,dropped,apparatus,palestine-exploration-quarterly_1869-1870:281:jer_tyropoeon,palestine-exploration-quarterly_1869-1870,1869,no3,281,109,running_head,jer_tyropoeon,JER,feature,Robinson’s Arch,,tombs,excavation,1,B_space
H1779,4,dropped,not_find,palestine-exploration-quarterly_1869-1870:288:jer_se_corner,palestine-exploration-quarterly_1869-1870,1870,no4,288,116,running_head,jer_se_corner,JER,feature,south-east angle,,vaults,discovered,3,B_space
H1780,4,dropped,not_find,palestine-exploration-quarterly_1869-1870:288:jer_temple,palestine-exploration-quarterly_1869-1870,1870,no4,288,116,running_head,jer_temple,JER,feature,Haram,,vaults,found,2,B_space
H1781,4,dropped,duplicate_page,palestine-exploration-quarterly_1869-1870:289:jer_east_gate,palestine-exploration-quarterly_1869-1870,1870,no4,289,117,running_head,jer_east_gate,JER,feature,Golden Gate,,cave|cavern|vaults,discoveries|excavated|found,1,B_space
H1782,4,dropped,apparatus,palestine-exploration-quarterly_1869-1870:338:jer_tyropoeon,palestine-exploration-quarterly_1869-1870,1870,no4,338,166,running_head,jer_tyropoeon,JER,feature,Robinson’s Arch,,tombs,excavation,1,B_space
H1783,4,dropped,apparatus,palestine-exploration-quarterly_1869-1870:450:jer_se_corner,palestine-exploration-quarterly_1869-1870,1870,no4,450,278,running_head,jer_se_corner,JER,feature,S.E. Angle,,tombs,excavation|excavations,1,B_space
H1784,4,dropped,apparatus,palestine-exploration-quarterly_1869-1870:450:jer_temple,palestine-exploration-quarterly_1869-1870,1870,no4,450,278,running_head,jer_temple,JER,feature,Haram,,tombs,excavation|excavations,1,B_space
H1785,4,dropped,not_find,palestine-exploration-quarterly_1869-1870:503:jer_bethesda,palestine-exploration-quarterly_1869-1870,1870,no6,503,331,running_head,jer_bethesda,JER,feature,Bethesda,,chambers,opening,3,B_space
H1786,4,kept,,palestine-exploration-quarterly_1869-1870:511:jer_temple,palestine-exploration-quarterly_1869-1870,1870,no6,511,339,running_head,jer_temple,JER,feature,Haram,,chambers|vault,found,4,B_space
H1787,4,kept,,palestine-exploration-quarterly_1869-1870:511:jer_tyropoeon,palestine-exploration-quarterly_1869-1870,1870,no6,511,339,running_head,jer_tyropoeon,JER,feature,Tyropeon,,chambers|vault,found,4,B_space
H1788,4,kept,,palestine-exploration-quarterly_1869-1870:512:kidron_generic,palestine-exploration-quarterly_1869-1870,1870,no6,512,340,running_head,kidron_generic,JER,feature,Kedron,,chamber|chambers,buried|find|found,2,B_space
H1789,4,kept,,palestine-exploration-quarterly_1869-1870:516:jer_bir_ayyub,palestine-exploration-quarterly_1869-1870,1870,no6,516,344,running_head,jer_bir_ayyub,JER,feature,Bir Eyub,,grotto,cleared|find|found|obtained,6,B_space
H1790,4,dropped,duplicate_page,palestine-exploration-quarterly_1869-1870:516:jer_temple,palestine-exploration-quarterly_1869-1870,1870,no6,516,344,running_head,jer_temple,JER,feature,Haram,,grotto,cleared|find|found|obtained,3,B_space
H1791,4,dropped,duplicate_page,palestine-exploration-quarterly_1869-1870:516:kidron_generic,palestine-exploration-quarterly_1869-1870,1870,no6,516,344,running_head,kidron_generic,JER,feature,Kedron,,grotto,cleared|find|found|obtained,3,B_space
H1792,4,dropped,not_find,palestine-exploration-quarterly_1869-1870:519:jer_tyropoeon,palestine-exploration-quarterly_1869-1870,1870,no6,519,347,running_head,jer_tyropoeon,JER,feature,Wilson’s Arch,,tombs|vaults,find,1,B_space
H1793,4,dropped,not_find,palestine-exploration-quarterly_1869-1870:542:jer_temple,palestine-exploration-quarterly_1869-1870,1870,no7,542,368,running_head,jer_temple,JER,feature,Dome of the Rock,,cave,found,7,B_space
H1794,4,dropped,not_find,palestine-exploration-quarterly_1869-1870:543:jer_se_corner,palestine-exploration-quarterly_1869-1870,1870,no7,543,369,running_head,jer_se_corner,JER,feature,south-east angle,,sepulchre|vaults,discovered,3,B_space
H1795,4,kept,,palestine-exploration-quarterly_1869-1870:543:jer_south_wall,palestine-exploration-quarterly_1869-1870,1870,no7,543,369,running_head,jer_south_wall,JER,feature,Single Gate,,chambers|vaults,discovered,5,B_space
H1796,4,dropped,not_find,palestine-exploration-quarterly_1869-1870:543:jer_temple,palestine-exploration-quarterly_1869-1870,1870,no7,543,369,running_head,jer_temple,JER,feature,Haram,,chambers,discoveries|found,3,B_space
H1797,4,dropped,not_find,palestine-exploration-quarterly_1869-1870:543:jer_tyropoeon,palestine-exploration-quarterly_1869-1870,1870,no7,543,369,running_head,jer_tyropoeon,JER,feature,Wilson’s Arch,,chambers,found,4,B_space
H1798,4,dropped,not_find,palestine-exploration-quarterly_1869-1870:544:jer_east_gate,palestine-exploration-quarterly_1869-1870,1870,no7,544,370,running_head,jer_east_gate,JER,feature,Golden Gate,,tombs,buried,1,B_space
H1799,4,dropped,not_find,palestine-exploration-quarterly_1869-1870:549:jer_temple,palestine-exploration-quarterly_1869-1870,1870,no7,549,373,inferred,jer_temple,JER,feature,Haram,,cisterns,excavated|excavations,2,B_space
H1800,4,dropped,not_find,palestine-exploration-quarterly_1869-1870:550:jer_bir_ayyub,palestine-exploration-quarterly_1869-1870,1870,no7,550,374,running_head,jer_bir_ayyub,JER,feature,En-Rogel,,cisterns,cleared,2,B_space
H1801,4,dropped,not_find,palestine-exploration-quarterly_1869-1870:550:jer_siloam,palestine-exploration-quarterly_1869-1870,1870,no7,550,374,running_head,jer_siloam,JER,feature,Fountain of the Virgin,,caverns,cleared|discovered,1,B_space
H1802,4,dropped,not_find,palestine-exploration-quarterly_1869-1870:550:jer_temple,palestine-exploration-quarterly_1869-1870,1870,no7,550,374,running_head,jer_temple,JER,feature,Dome of the Rock,,cave|caverns|cisterns|grottoes,excavations,2,B_space
H1803,4,dropped,not_find,palestine-exploration-quarterly_1869-1870:550:jer_tyropoeon,palestine-exploration-quarterly_1869-1870,1870,no7,550,374,running_head,jer_tyropoeon,JER,feature,Tyropeon,,caverns,discovered,1,B_space
H1804,4,dropped,not_find,palestine-exploration-quarterly_1869-1870:554:jer_tombs_kings,palestine-exploration-quarterly_1869-1870,1870,no7,554,378,running_head,jer_tombs_kings,JER,feature,Tombs of the Kings,,caves|grotto|tombs,excavated,1,B_space
H1805,4,dropped,not_find,palestine-exploration-quarterly_1869-1870:554:kidron_generic,palestine-exploration-quarterly_1869-1870,1870,no7,554,378,running_head,kidron_generic,JER,feature,Kedron,,caves|grotto|tombs,excavated,1,B_space
H1806,4,dropped,other_place,palestine-exploration-quarterly_1871_1:62:jer_kidron_mon,palestine-exploration-quarterly_1871_1,1871,no1,62,52,running_head,jer_kidron_mon,JER,feature,Absalom,,tomb|tombs,excavated,1,B_space
H1807,4,dropped,other_place,palestine-exploration-quarterly_1872-07:10:siloam_generic,palestine-exploration-quarterly_1872-07,1872,07,10,86,running_head,siloam_generic,JER,feature,Siloam,,cistern,buried,1,B_space
H1808,4,dropped,not_find,palestine-exploration-quarterly_1872-10:15:jer_temple,palestine-exploration-quarterly_1872-10,1872,10,15,165,running_head,jer_temple,JER,feature,Haram,,chambers,discovery,1,B_space
H1809,4,dropped,not_find,palestine-exploration-quarterly_1872-10:16:jer_tyropoeon,palestine-exploration-quarterly_1872-10,1872,10,16,166,running_head,jer_tyropoeon,JER,feature,Wilson’s arch,,cistern,hidden,1,B_space
H1810,4,dropped,not_find,palestine-exploration-quarterly_1873-01:18:jer_tombs_kings,palestine-exploration-quarterly_1873-01,1873,01,18,18,running_head,jer_tombs_kings,JER,feature,tombs of the kings,,caverns|grotto|sepulchre,discovered,1,B_space
H1811,4,kept,,palestine-exploration-quarterly_1873-01:19:jer_temple,palestine-exploration-quarterly_1873-01,1873,01,19,19,running_head,jer_temple,JER,feature,El Aksa,,sepulchre,discovered,1,B_space
H1812,4,kept,,palestine-exploration-quarterly_1873-01:36:jer_temple,palestine-exploration-quarterly_1873-01,1873,01,36,36,running_head,jer_temple,JER,feature,Haram,,cisterns,discoveries,5,B_space
H1813,4,dropped,other_place,palestine-exploration-quarterly_1873-04:8:jer_siloam,palestine-exploration-quarterly_1873-04,1873,04,8,46,running_head,jer_siloam,JER,feature,Virgin’s Fountain,,tombs,found,1,B_space
H1814,4,dropped,other_place,palestine-exploration-quarterly_1873-04:8:siloam_generic,palestine-exploration-quarterly_1873-04,1873,04,8,46,running_head,siloam_generic,JER,feature,Siloam,,tombs,found,1,B_space
H1815,4,dropped,not_find,palestine-exploration-quarterly_1873-04:10:jer_tombs_kings,palestine-exploration-quarterly_1873-04,1873,04,10,48,running_head,jer_tombs_kings,JER,feature,Tombs of the Kings,,chambers|sepulchral|tomb|tombs,discovery|find|found,1,B_space
H1816,4,kept,,palestine-exploration-quarterly_1873-07:15:jer_temple,palestine-exploration-quarterly_1873-07,1873,07,15,93,running_head,jer_temple,JER,feature,Haram,,sepulchre,found,4,B_space
H1817,4,dropped,not_find,palestine-exploration-quarterly_1873-10:19:jer_temple,palestine-exploration-quarterly_1873-10,1873,10,19,153,page_numbers.json,jer_temple,JER,feature,Haram,,sepulchre,found,1,B_space
H1818,4,dropped,too_vague,palestine-exploration-quarterly_1874-01:28:jer_baqa,palestine-exploration-quarterly_1874-01,1874,01,28,28,page_numbers.json,jer_baqa,JER,feature,Rephaim,,tomb,discovered,1,B_space
H1819,4,dropped,other_place,palestine-exploration-quarterly_1874-04:43:jer_bir_ayyub,palestine-exploration-quarterly_1874-04,1874,04,43,75,page_numbers.json,jer_bir_ayyub,JER,feature,Bir Ayyub,,cisterns,discoveries|purchased,2,B_space
H1820,4,kept,,palestine-exploration-quarterly_1874-04:51:siloam_generic,palestine-exploration-quarterly_1874-04,1874,04,51,83,page_numbers.json,siloam_generic,JER,feature,Silwan,,tombs,came upon|digging|excavation,1,B_space
H1821,4,dropped,duplicate_page,palestine-exploration-quarterly_1874-04:77:kidron_generic,palestine-exploration-quarterly_1874-04,1874,04,77,109,running_head,kidron_generic,JER,feature,Kedron,,tomb|tombs,found,1,B_space
H1822,4,dropped,not_find,palestine-exploration-quarterly_1874-04:78:jer_bir_ayyub,palestine-exploration-quarterly_1874-04,1874,04,78,110,running_head,jer_bir_ayyub,JER,feature,Bir Eyoub,,cavern,found,6,B_space
H1823,4,dropped,not_find,palestine-exploration-quarterly_1874-04:78:siloam_generic,palestine-exploration-quarterly_1874-04,1874,04,78,110,running_head,siloam_generic,JER,feature,Silwan,,cavern,found,1,B_space
H1824,4,dropped,not_find,palestine-exploration-quarterly_1874-07:2:jer_temple,palestine-exploration-quarterly_1874-07,1874,07,2,130,running_head,jer_temple,JER,feature,Kubbet es Sakhra,,chambers,excavationsin,2,B_space
H1825,4,kept,,palestine-exploration-quarterly_1874-07:7:jer_temple,palestine-exploration-quarterly_1874-07,1874,07,7,135,page_numbers.json,jer_temple,JER,feature,Haram,,cave,excavation,4,B_space
H1826,4,dropped,duplicate_page,palestine-exploration-quarterly_1874-07:7:mount_zion,palestine-exploration-quarterly_1874-07,1874,07,7,135,page_numbers.json,mount_zion,JER,feature,neby Daoud,,cave,excavation,1,B_space
H1827,4,dropped,not_find,palestine-exploration-quarterly_1874-07:38:jer_temple,palestine-exploration-quarterly_1874-07,1874,07,38,166,running_head,jer_temple,JER,feature,Haram,,cistern,discovered,2,B_space
H1828,4,dropped,not_find,palestine-exploration-quarterly_1874-07:42:jer_bethesda,palestine-exploration-quarterly_1874-07,1874,07,42,170,running_head,jer_bethesda,JER,feature,Saint Anne,,caverns,excavation,1,B_space
H1829,4,dropped,not_find,palestine-exploration-quarterly_1875-04:30:jer_temple,palestine-exploration-quarterly_1875-04,1875,04,30,86,running_head,jer_temple,JER,feature,Haram,,vault,cleared|lately,1,B_space
H1830,4,dropped,not_find,palestine-exploration-quarterly_1875-04:44:jer_temple,palestine-exploration-quarterly_1875-04,1875,04,44,100,running_head,jer_temple,JER,feature,Sakhra,,cave|chambers,obtained,3,B_space
H1831,4,dropped,not_find,palestine-exploration-quarterly_1875-04:46:jer_temple,palestine-exploration-quarterly_1875-04,1875,04,46,102,running_head,jer_temple,JER,feature,Temple platform,,caverns|grotto|sepulchre,fallen in|find|opening,1,B_space
H1832,4,dropped,not_find,palestine-exploration-quarterly_1875-04:47:mount_zion,palestine-exploration-quarterly_1875-04,1875,04,47,103,running_head,mount_zion,JER,feature,Tomb of David,,cavern|caverns|grotto|tombs,found,1,B_space
H1833,4,kept,,palestine-exploration-quarterly_1875-07:15:mount_zion,palestine-exploration-quarterly_1875-07,1875,07,15,119,page_numbers.json,mount_zion,JER,feature,Mount Zion,,cistern,came upon|excavated|excavations|find,1,B_space
H1834,4,dropped,not_find,palestine-exploration-quarterly_1875-07:75:jer_temple,palestine-exploration-quarterly_1875-07,1875,07,75,179,page_numbers.json,jer_temple,JER,feature,Haram,,cave,find|finds,1,B_space
H1835,4,kept,,palestine-exploration-quarterly_1875-10:3:jer_temple,palestine-exploration-quarterly_1875-10,1875,10,3,187,inferred,jer_temple,JER,feature,Haram,,chamber,opened|recently,1,B_space
H1836,4,dropped,other_place,palestine-exploration-quarterly_1875-10:6:jer_bethesda,palestine-exploration-quarterly_1875-10,1875,10,6,190,running_head,jer_bethesda,JER,feature,St. Anne,,grotto,discovered|found,1,B_space
H1837,4,dropped,apparatus,palestine-exploration-quarterly_1876-04:3:jer_temple,palestine-exploration-quarterly_1876-04,1876,04,3,59,page_numbers.json,jer_temple,JER,feature,El Aksa,,sepulchre,obtained,2,B_space
H1838,4,dropped,not_find,palestine-exploration-quarterly_1876-04:48:jer_kidron_mon,palestine-exploration-quarterly_1876-04,1876,04,48,104,running_head,jer_kidron_mon,JER,feature,Absalom,,grave,buried,1,B_space
H1839,4,dropped,not_find,palestine-exploration-quarterly_1876-04:48:kidron_generic,palestine-exploration-quarterly_1876-04,1876,04,48,104,running_head,kidron_generic,JER,feature,Valley of Jehoshaphat,,grave,buried,2,B_space
H1840,4,dropped,apparatus,palestine-exploration-quarterly_1876-07:3:jer_temple,palestine-exploration-quarterly_1876-07,1876,07,3,109,running_head,jer_temple,JER,feature,El Aksa,,sepulchre,obtained,2,B_space
H1841,4,dropped,apparatus,palestine-exploration-quarterly_1876-10:4:jer_temple,palestine-exploration-quarterly_1876-10,1876,10,4,162,running_head,jer_temple,JER,feature,El Aksa,,sepulchre,obtained,4,B_space
H1842,4,dropped,apparatus,palestine-exploration-quarterly_1876-10:5:jer_bethesda,palestine-exploration-quarterly_1876-10,1876,10,5,163,page_numbers.json,jer_bethesda,JER,feature,St. Anne,,tomb,found,1,B_space
H1843,4,dropped,other_place,palestine-exploration-quarterly_1876-10:36:tell_el_ful,palestine-exploration-quarterly_1876-10,1876,10,36,194,running_head,tell_el_ful,JER,feature,Gibeah,,tomb|tombs,buried,1,B_space
H1844,4,dropped,not_find,palestine-exploration-quarterly_1877-01:10:jer_temple,palestine-exploration-quarterly_1877-01,1877,01,10,10,running_head,jer_temple,JER,feature,Dome of the Rock,,sepulchre,excavations|find,1,B_space
H1845,4,dropped,not_find,palestine-exploration-quarterly_1877-01:38:tell_el_ful,palestine-exploration-quarterly_1877-01,1877,01,38,38,page_numbers.json,tell_el_ful,JER,feature,Gibeah,,sepulchre,find,3,B_space
H1846,4,dropped,not_find,palestine-exploration-quarterly_1877-07:29:jer_tombs_kings,palestine-exploration-quarterly_1877-07,1877,07,29,133,page_numbers.json,jer_tombs_kings,JER,feature,tomb of Helena,,kokim|tomb|tombs,buried,1,B_space
H1847,4,dropped,not_find,palestine-exploration-quarterly_1877-07:30:jer_south_wall,palestine-exploration-quarterly_1877-07,1877,07,30,134,page_numbers.json,jer_south_wall,JER,feature,Huldah,,sepulchres,found,1,B_space
H1848,4,dropped,not_find,palestine-exploration-quarterly_1877-07:30:siloam_generic,palestine-exploration-quarterly_1877-07,1877,07,30,134,page_numbers.json,siloam_generic,JER,feature,Siloam,,caves|sepulchre|tomb,hidden,1,B_space
H1849,4,kept,,palestine-exploration-quarterly_1877-07:31:jer_bethesda,palestine-exploration-quarterly_1877-07,1877,07,31,135,page_numbers.json,jer_bethesda,JER,feature,Twin Pools,,chamber,discovery,1,B_space
H1850,4,dropped,duplicate_page,palestine-exploration-quarterly_1877-07:31:jer_temple,palestine-exploration-quarterly_1877-07,1877,07,31,135,page_numbers.json,jer_temple,JER,feature,Haram,,chamber,discovery,6,B_space
H1851,4,dropped,not_find,palestine-exploration-quarterly_1877-10:37:mount_zion,palestine-exploration-quarterly_1877-10,1877,10,37,195,running_head,mount_zion,JER,feature,tomb of David,,sepulchres,discovery|found,1,B_space
H1852,4,dropped,not_find,palestine-exploration-quarterly_1877-10:42:jer_siloam,palestine-exploration-quarterly_1877-10,1877,10,42,200,running_head,jer_siloam,JER,feature,pool of Siloam,,tomb,discovery|found,5,B_space
H1853,4,dropped,not_find,palestine-exploration-quarterly_1877-10:42:mount_zion,palestine-exploration-quarterly_1877-10,1877,10,42,200,running_head,mount_zion,JER,feature,tomb of David,,sepulchre|sepulchres|tomb,buried,3,B_space
H1854,4,dropped,not_find,palestine-exploration-quarterly_1877-10:42:siloam_generic,palestine-exploration-quarterly_1877-10,1877,10,42,200,running_head,siloam_generic,JER,feature,Siloam,,sepulchres|tomb,buried,1,B_space
H1855,4,dropped,not_find,palestine-exploration-quarterly_1877-10:43:mount_zion,palestine-exploration-quarterly_1877-10,1877,10,43,201,running_head,mount_zion,JER,feature,tomb of David,,sepulchres,find,1,B_space
H1856,4,dropped,not_find,palestine-exploration-quarterly_1877-10:43:siloam_generic,palestine-exploration-quarterly_1877-10,1877,10,43,201,running_head,siloam_generic,JER,feature,Siloam,,tomb,find,5,B_space
H1857,4,dropped,not_find,palestine-exploration-quarterly_1877-10:44:jer_siloam,palestine-exploration-quarterly_1877-10,1877,10,44,202,running_head,jer_siloam,JER,feature,Virgin’s fountain,,sepulchres,discovery,7,A_joined
H1858,4,dropped,not_find,palestine-exploration-quarterly_1878-10:28:jer_bir_ayyub,palestine-exploration-quarterly_1878-10,1878,10,28,182,page_numbers.json,jer_bir_ayyub,JER,feature,Enrogel,,sepulchre,find,2,B_space
H1859,4,dropped,not_find,palestine-exploration-quarterly_1879-01:26:jer_temple,palestine-exploration-quarterly_1879-01,1879,01,26,28,running_head,jer_temple,JER,feature,dome of the rock,,cave|sepulchral|tomb|tombs,found,5,B_space
H1860,4,dropped,not_find,palestine-exploration-quarterly_1879-01:28:jer_temple,palestine-exploration-quarterly_1879-01,1879,01,28,30,running_head,jer_temple,JER,feature,Dome of the Rock,,tomb,buried|find,1,B_space
H1861,4,dropped,not_find,palestine-exploration-quarterly_1879-01:30:jer_temple,palestine-exploration-quarterly_1879-01,1879,01,30,32,page_numbers.json,jer_temple,JER,feature,Dome of the Rock,,sepulchre,broken into|found,2,B_space
H1862,4,dropped,not_find,palestine-exploration-quarterly_1879-01:50:jer_temple,palestine-exploration-quarterly_1879-01,1879,01,50,52,inferred,jer_temple,JER,feature,Sakhra,,cave,found,7,B_space
H1863,4,dropped,not_find,palestine-exploration-quarterly_1879-10:16:jer_temple,palestine-exploration-quarterly_1879-10,1879,10,16,172,running_head,jer_temple,JER,feature,Haram,,sepulchre|tomb,discovering|excavations|obtained,1,B_space
H1864,4,dropped,not_find,palestine-exploration-quarterly_1879-10:16:mount_zion,palestine-exploration-quarterly_1879-10,1879,10,16,172,running_head,mount_zion,JER,feature,TOMB OF DAVID,,tomb,bought,3,B_space
H1865,4,dropped,not_find,palestine-exploration-quarterly_1879-10:17:jer_south_wall,palestine-exploration-quarterly_1879-10,1879,10,17,173,running_head,jer_south_wall,JER,feature,Royal Portico,,tomb,discoveries,1,B_space
H1866,4,dropped,not_find,palestine-exploration-quarterly_1879-10:17:jer_tombs_kings,palestine-exploration-quarterly_1879-10,1879,10,17,173,running_head,jer_tombs_kings,JER,feature,tombs of the kings,,sepulchre|tomb,buried|excavations|found,2,B_space
H1867,4,dropped,not_find,palestine-exploration-quarterly_1879-10:17:kidron_generic,palestine-exploration-quarterly_1879-10,1879,10,17,173,running_head,kidron_generic,JER,feature,Kedron,,sepulchre|tomb|tombs,buried|excavations|found,1,B_space
H1868,4,dropped,not_find,palestine-exploration-quarterly_1879-10:18:jer_siloam,palestine-exploration-quarterly_1879-10,1879,10,18,174,running_head,jer_siloam,JER,feature,Pool of Siloam,,sepulchres,find,6,B_space
H1869,4,dropped,not_find,palestine-exploration-quarterly_1879-10:19:jer_siloam,palestine-exploration-quarterly_1879-10,1879,10,19,175,page_numbers.json,jer_siloam,JER,feature,Pool of Siloam,,sepulchre,cleared,3,B_space
H1870,4,dropped,not_find,palestine-exploration-quarterly_1879-10:19:jer_temple,palestine-exploration-quarterly_1879-10,1879,10,19,175,page_numbers.json,jer_temple,JER,feature,Haram,,cisterns|tomb,discovered|found,3,B_space
H1871,4,dropped,not_find,palestine-exploration-quarterly_1879-10:19:mount_zion,palestine-exploration-quarterly_1879-10,1879,10,19,175,page_numbers.json,mount_zion,JER,feature,tomb of David,,cisterns|sepulchre|tomb|tombs,discovered|find|found,1,B_space
H1872,4,dropped,not_find,palestine-exploration-quarterly_1879-10:29:jer_temple,palestine-exploration-quarterly_1879-10,1879,10,29,183,running_head,jer_temple,JER,feature,Dome of the Rock,,vault,discoveries,4,B_space
H1873,4,dropped,not_find,palestine-exploration-quarterly_1879-10:30:jer_temple,palestine-exploration-quarterly_1879-10,1879,10,30,184,running_head,jer_temple,JER,feature,Sakhrah,,cave|vault,discovery,4,B_space
H1874,4,kept,,palestine-exploration-quarterly_1880-01:2:jer_tombs_kings,palestine-exploration-quarterly_1880-01,1880,01,2,4,running_head,jer_tombs_kings,JER,feature,Tombs of the Kings,,tombs,excavations|found|lately|purchased,1,B_space
H1875,4,dropped,not_find,palestine-exploration-quarterly_1880-01:13:jer_temple,palestine-exploration-quarterly_1880-01,1880,01,13,11,inferred,jer_temple,JER,feature,Haram,,cistern,found,5,B_space
H1876,4,dropped,not_find,palestine-exploration-quarterly_1880-01:13:jer_tyropoeon,palestine-exploration-quarterly_1880-01,1880,01,13,11,inferred,jer_tyropoeon,JER,feature,Robinson's Arch,,cistern,found,4,B_space
H1877,4,dropped,not_find,palestine-exploration-quarterly_1880-01:19:jer_temple,palestine-exploration-quarterly_1880-01,1880,01,19,17,inferred,jer_temple,JER,feature,HARAM,,cistern,opening,2,B_space
H1878,4,dropped,not_find,palestine-exploration-quarterly_1880-01:19:jer_tyropoeon,palestine-exploration-quarterly_1880-01,1880,01,19,17,inferred,jer_tyropoeon,JER,feature,Robinson’s Arch,,chamber|cistern,found,1,B_space
H1879,4,dropped,not_find,palestine-exploration-quarterly_1880-01:27:jer_temple,palestine-exploration-quarterly_1880-01,1880,01,27,15,inferred,jer_temple,JER,feature,Haram,,cistern,found,7,B_space
H1880,4,dropped,not_find,palestine-exploration-quarterly_1880-01:28:jer_south_wall,palestine-exploration-quarterly_1880-01,1880,01,28,20,running_head,jer_south_wall,JER,feature,Double Gate,,cisterns,excavated,2,B_space
H1881,4,dropped,not_find,palestine-exploration-quarterly_1880-01:28:jer_temple,palestine-exploration-quarterly_1880-01,1880,01,28,20,running_head,jer_temple,JER,feature,Haram,,cisterns,excavated,6,B_space
H1882,4,dropped,not_find,palestine-exploration-quarterly_1880-01:31:jer_temple,palestine-exploration-quarterly_1880-01,1880,01,31,21,running_head,jer_temple,JER,feature,HARAM,,chamber|vaults,opening,6,B_space
H1883,4,dropped,not_find,palestine-exploration-quarterly_1880-01:35:jer_tyropoeon,palestine-exploration-quarterly_1880-01,1880,01,35,23,running_head,jer_tyropoeon,JER,feature,Robinson’s Arch,,vaults,found,3,B_space
H1884,4,dropped,not_find,palestine-exploration-quarterly_1880-01:36:jer_temple,palestine-exploration-quarterly_1880-01,1880,01,36,24,running_head,jer_temple,JER,feature,Haram,,chamber|vaults,discovery|opening,3,B_space
H1885,4,dropped,not_find,palestine-exploration-quarterly_1880-01:36:jer_tyropoeon,palestine-exploration-quarterly_1880-01,1880,01,36,24,running_head,jer_tyropoeon,JER,feature,Wilson’s Arch,,chamber|vaults,discovery|opening,5,B_space
H1886,4,dropped,not_find,palestine-exploration-quarterly_1880-01:37:jer_tyropoeon,palestine-exploration-quarterly_1880-01,1880,01,37,25,inferred,jer_tyropoeon,JER,feature,WILSON'S ARCH,,vaults,discovered|excavations,1,B_space
H1887,4,dropped,not_find,palestine-exploration-quarterly_1880-01:39:jer_se_corner,palestine-exploration-quarterly_1880-01,1880,01,39,27,inferred,jer_se_corner,JER,feature,south-east angle,,chamber,found,1,B_space
H1888,4,dropped,not_find,palestine-exploration-quarterly_1880-01:39:jer_temple,palestine-exploration-quarterly_1880-01,1880,01,39,27,inferred,jer_temple,JER,feature,Haram,,chambers|vault,opening,3,B_space
H1889,4,dropped,not_find,palestine-exploration-quarterly_1880-01:39:jer_tyropoeon,palestine-exploration-quarterly_1880-01,1880,01,39,27,inferred,jer_tyropoeon,JER,feature,Wilson’s Arch,,chambers|vault,opening,1,B_space
H1890,4,dropped,not_find,palestine-exploration-quarterly_1880-01:40:jer_temple,palestine-exploration-quarterly_1880-01,1880,01,40,28,inferred,jer_temple,JER,feature,HARAM,,cistern|vault,found|opening,3,B_space
H1891,4,dropped,not_find,palestine-exploration-quarterly_1880-01:41:jer_tyropoeon,palestine-exploration-quarterly_1880-01,1880,01,41,29,inferred,jer_tyropoeon,JER,feature,Wilson’s Arch,,vaults,excavating|excavations|found,4,B_space
H1892,4,dropped,not_find,palestine-exploration-quarterly_1880-01:43:jer_tyropoeon,palestine-exploration-quarterly_1880-01,1880,01,43,25,inferred,jer_tyropoeon,JER,feature,Wilson's Arch,,vaults,excavations,2,B_space
H1893,4,dropped,not_find,palestine-exploration-quarterly_1880-01:45:jer_temple,palestine-exploration-quarterly_1880-01,1880,01,45,27,inferred,jer_temple,JER,feature,Haram,,chambers,discovered|excavations|opening,5,B_space
H1894,4,dropped,not_find,palestine-exploration-quarterly_1880-01:46:jer_temple,palestine-exploration-quarterly_1880-01,1880,01,46,28,inferred,jer_temple,JER,feature,Haram,,cistern,opening,7,B_space
H1895,4,dropped,not_find,palestine-exploration-quarterly_1880-01:46:jer_tyropoeon,palestine-exploration-quarterly_1880-01,1880,01,46,28,inferred,jer_tyropoeon,JER,feature,Wilson’s Arch,,cistern,opening,5,B_space
H1896,4,dropped,not_find,palestine-exploration-quarterly_1880-01:49:jer_temple,palestine-exploration-quarterly_1880-01,1880,01,49,31,running_head,jer_temple,JER,feature,Haram,,cistern,excavation,7,B_space
H1897,4,dropped,not_find,palestine-exploration-quarterly_1880-01:50:jer_temple,palestine-exploration-quarterly_1880-01,1880,01,50,32,running_head,jer_temple,JER,feature,Haram,,tombs,excavation,8,B_space
H1898,4,dropped,not_find,palestine-exploration-quarterly_1880-01:52:jer_temple,palestine-exploration-quarterly_1880-01,1880,01,52,84,running_head,jer_temple,JER,feature,Haram,,cisterns,opening,5,B_space
H1899,4,dropped,not_find,palestine-exploration-quarterly_1880-01:66:jer_east_gate,palestine-exploration-quarterly_1880-01,1880,01,66,46,running_head,jer_east_gate,JER,feature,Golden Gate,,tombs,excavations,3,B_space
H1900,4,dropped,not_find,palestine-exploration-quarterly_1880-01:68:jer_temple,palestine-exploration-quarterly_1880-01,1880,01,68,48,running_head,jer_temple,JER,feature,Haram,,vaults,found,4,B_space
H1901,4,dropped,not_find,palestine-exploration-quarterly_1880-01:79:jer_south_wall,palestine-exploration-quarterly_1880-01,1880,01,79,59,inferred,jer_south_wall,JER,feature,Triple Gate,,cistern,opened,8,B_space
H1902,4,dropped,not_find,palestine-exploration-quarterly_1880-01:79:jer_temple,palestine-exploration-quarterly_1880-01,1880,01,79,59,inferred,jer_temple,JER,feature,Haram,,cistern|vaults,opened,2,B_space
H1903,4,dropped,not_find,palestine-exploration-quarterly_1880-01:80:jer_south_wall,palestine-exploration-quarterly_1880-01,1880,01,80,60,inferred,jer_south_wall,JER,feature,Double Gate,,vaults,found,1,B_space
H1904,4,dropped,not_find,palestine-exploration-quarterly_1880-01:85:jer_se_corner,palestine-exploration-quarterly_1880-01,1880,01,85,65,inferred,jer_se_corner,JER,feature,south-east angle,,vaults,found,4,B_space
H1905,4,dropped,not_find,palestine-exploration-quarterly_1880-01:85:jer_south_wall,palestine-exploration-quarterly_1880-01,1880,01,85,65,inferred,jer_south_wall,JER,feature,Triple Gate,,vaults,found,4,B_space
H1906,4,dropped,not_find,palestine-exploration-quarterly_1880-01:85:jer_temple,palestine-exploration-quarterly_1880-01,1880,01,85,65,inferred,jer_temple,JER,feature,Haram,,vaults,found,2,B_space
H1907,4,dropped,not_find,palestine-exploration-quarterly_1880-04:13:jer_temple,palestine-exploration-quarterly_1880-04,1880,04,13,77,inferred,jer_temple,JER,feature,Haram,,cistern,excavations,2,A_joined
H1908,4,kept,,palestine-exploration-quarterly_1880-04:20:jer_temple,palestine-exploration-quarterly_1880-04,1880,04,20,82,page_numbers.json,jer_temple,JER,feature,Dome of the Rock,,chambers,found|obtained,4,B_space
H1909,4,dropped,not_find,palestine-exploration-quarterly_1880-04:29:jer_temple,palestine-exploration-quarterly_1880-04,1880,04,29,91,running_head,jer_temple,JER,feature,Haram,,sepulchre,found,6,B_space
H1910,4,dropped,not_find,palestine-exploration-quarterly_1880-04:31:jer_east_gate,palestine-exploration-quarterly_1880-04,1880,04,31,93,running_head,jer_east_gate,JER,feature,Golden Gate,,vaults,found,2,B_space
H1911,4,dropped,not_find,palestine-exploration-quarterly_1880-04:39:jer_siloam,palestine-exploration-quarterly_1880-04,1880,04,39,101,page_numbers.json,jer_siloam,JER,feature,Gihon,,sepulchre|tombs,found,2,B_space
H1912,4,dropped,not_find,palestine-exploration-quarterly_1880-04:39:jer_tombs_kings,palestine-exploration-quarterly_1880-04,1880,04,39,101,page_numbers.json,jer_tombs_kings,JER,feature,Tombs of the Kings,,sepulchres|tombs,excavations,2,B_space
H1913,4,dropped,not_find,palestine-exploration-quarterly_1880-04:39:siloam_generic,palestine-exploration-quarterly_1880-04,1880,04,39,101,page_numbers.json,siloam_generic,JER,feature,Siloam,,tomb|tombs,buried|found,2,B_space
H1914,4,dropped,not_find,palestine-exploration-quarterly_1880-04:40:jer_south_wall,palestine-exploration-quarterly_1880-04,1880,04,40,102,running_head,jer_south_wall,JER,feature,Huldah,,graves|sepulchre|tomb,concealed|find,1,B_space
H1915,4,dropped,not_find,palestine-exploration-quarterly_1880-07:41:jer_tyropoeon,palestine-exploration-quarterly_1880-07,1880,07,41,165,running_head,jer_tyropoeon,JER,feature,Wilson’s Arch,,vaults,discovered|discovery,4,B_space
H1916,4,dropped,not_find,palestine-exploration-quarterly_1880-07:43:mount_zion,palestine-exploration-quarterly_1880-07,1880,07,43,167,running_head,mount_zion,JER,feature,Tomb of David,,kokim|sepulchral|sepulchre|tomb,buried,4,B_space
H1917,4,dropped,not_find,palestine-exploration-quarterly_1880-07:45:jer_siloam,palestine-exploration-quarterly_1880-07,1880,07,45,169,running_head,jer_siloam,JER,feature,Virgin’s fountain,,tomb,discovery|excavated,1,B_space
H1918,4,dropped,not_find,palestine-exploration-quarterly_1880-07:45:mount_zion,palestine-exploration-quarterly_1880-07,1880,07,45,169,running_head,mount_zion,JER,feature,Tomb of David,,tomb,discovery|excavated,3,B_space
H1919,4,dropped,not_find,palestine-exploration-quarterly_1880-07:49:tell_el_ful,palestine-exploration-quarterly_1880-07,1880,07,49,173,running_head,tell_el_ful,JER,feature,Gibeah,,cave,find,1,B_space
H1920,4,dropped,not_find,palestine-exploration-quarterly_1880-10:38:mount_zion,palestine-exploration-quarterly_1880-10,1880,10,38,228,running_head,mount_zion,JER,feature,tomb of David,,sepulchre,buried,1,B_space
H1921,4,dropped,not_find,palestine-exploration-quarterly_1880-10:39:jer_se_corner,palestine-exploration-quarterly_1880-10,1880,10,39,229,running_head,jer_se_corner,JER,feature,south- east angle,,tomb,finds,2,B_space
H1922,4,dropped,not_find,palestine-exploration-quarterly_1880-10:39:siloam_generic,palestine-exploration-quarterly_1880-10,1880,10,39,229,running_head,siloam_generic,JER,feature,Siloam,,tomb,finds,1,B_space
H1923,4,dropped,not_find,palestine-exploration-quarterly_1880-10:47:tell_el_ful,palestine-exploration-quarterly_1880-10,1880,10,47,237,running_head,tell_el_ful,JER,feature,Gibeah,,cave,concealed,7,B_space
H1924,4,dropped,other_place,palestine-exploration-quarterly_1881-01:40:tell_el_ful,palestine-exploration-quarterly_1881-01,1881,01,40,40,running_head,tell_el_ful,JER,feature,Gibeah,,tombs,discoveries,1,B_space
H1925,4,dropped,not_find,palestine-exploration-quarterly_1881-04:19:jer_temple,palestine-exploration-quarterly_1881-04,1881,04,19,81,running_head,jer_temple,JER,feature,Sakhrah,,cave,find,2,B_space
H1926,4,dropped,not_find,palestine-exploration-quarterly_1881-04:33:mount_zion,palestine-exploration-quarterly_1881-04,1881,04,33,95,running_head,mount_zion,JER,feature,TOMB OF DAVID,,sepulchre|sepulchres,buried,1,B_space
H1927,4,dropped,not_find,palestine-exploration-quarterly_1881-04:34:jer_bir_ayyub,palestine-exploration-quarterly_1881-04,1881,04,34,96,running_head,jer_bir_ayyub,JER,feature,En-rogel,,tomb,buried|found,2,B_space
H1928,4,dropped,not_find,palestine-exploration-quarterly_1881-04:34:jer_siloam,palestine-exploration-quarterly_1881-04,1881,04,34,96,running_head,jer_siloam,JER,feature,Gihon,,tomb,buried|found,1,B_space
H1929,4,dropped,not_find,palestine-exploration-quarterly_1881-04:34:mount_zion,palestine-exploration-quarterly_1881-04,1881,04,34,96,running_head,mount_zion,JER,feature,tomb of David,,sepulchres|tomb,buried,2,B_space
H1930,4,dropped,not_find,palestine-exploration-quarterly_1881-04:35:jer_temple,palestine-exploration-quarterly_1881-04,1881,04,35,97,running_head,jer_temple,JER,feature,Haram,,tomb|tombs,excavation,2,B_space
H1931,4,dropped,not_find,palestine-exploration-quarterly_1881-04:35:mount_zion,palestine-exploration-quarterly_1881-04,1881,04,35,97,running_head,mount_zion,JER,feature,TOMB OF DAVID,,tomb,find,3,B_space
H1932,4,dropped,not_find,palestine-exploration-quarterly_1881-04:35:tell_el_ful,palestine-exploration-quarterly_1881-04,1881,04,35,97,running_head,tell_el_ful,JER,feature,Gibeah,,tomb,find,1,B_space
H1933,4,dropped,not_find,palestine-exploration-quarterly_1881-04:38:jer_siloam,palestine-exploration-quarterly_1881-04,1881,04,38,100,running_head,jer_siloam,JER,feature,Pool (of Siloah,,tomb,discovery,1,B_space
H1934,4,dropped,not_find,palestine-exploration-quarterly_1881-07:77:jer_temple,palestine-exploration-quarterly_1881-07,1881,07,77,201,running_head,jer_temple,JER,feature,Haram,,tomb,recently,1,B_space
H1935,4,dropped,other_place,palestine-exploration-quarterly_1881-10:29:jer_temple,palestine-exploration-quarterly_1881-10,1881,10,29,267,running_head,jer_temple,JER,feature,Haram,,cave,found,6,B_space
H1936,4,dropped,other_place,palestine-exploration-quarterly_1881-10:30:jer_temple,palestine-exploration-quarterly_1881-10,1881,10,30,268,running_head,jer_temple,JER,feature,Haram,,cave|tomb|tombs,discovered,2,B_space
H1937,4,dropped,not_find,palestine-exploration-quarterly_1882-01:2:jer_siloam,palestine-exploration-quarterly_1882-01,1882,01,2,2,inferred,jer_siloam,JER,feature,Pool of Siloam,,grotto,discovered,1,B_space
H1938,4,dropped,not_find,palestine-exploration-quarterly_1882-01:52:tell_el_ful,palestine-exploration-quarterly_1882-01,1882,01,52,52,running_head,tell_el_ful,JER,feature,Gibeah,,cavern,find|hidden,6,B_space
H1939,4,dropped,not_find,palestine-exploration-quarterly_1882-01:53:tell_el_ful,palestine-exploration-quarterly_1882-01,1882,01,53,53,running_head,tell_el_ful,JER,feature,Gibeah,,cave|caves,finds,2,B_space
H1940,4,dropped,not_find,palestine-exploration-quarterly_1882-01:54:tell_el_ful,palestine-exploration-quarterly_1882-01,1882,01,54,54,running_head,tell_el_ful,JER,feature,Gibeah,,cavern,find,1,B_space
H1941,4,dropped,not_find,palestine-exploration-quarterly_1882-01:60:tell_el_ful,palestine-exploration-quarterly_1882-01,1882,01,60,60,running_head,tell_el_ful,JER,feature,Gibeah,,tombs,find,2,B_space
H1942,4,dropped,not_find,palestine-exploration-quarterly_1882-01:64:tell_el_ful,palestine-exploration-quarterly_1882-01,1882,01,64,64,page_numbers.json,tell_el_ful,JER,feature,gibeah,,sepulchre,find,3,B_space
H1943,4,dropped,other_place,palestine-exploration-quarterly_1882-10:7:jer_temple,palestine-exploration-quarterly_1882-10,1882,10,7,197,running_head,jer_temple,JER,feature,Haram,,tomb,obtained|opened,4,B_space
H1944,4,dropped,other_place,palestine-exploration-quarterly_1882-10:10:jer_temple,palestine-exploration-quarterly_1882-10,1882,10,10,200,running_head,jer_temple,JER,feature,Haram,,cave,found|opened,1,B_space
H1945,4,dropped,other_place,palestine-exploration-quarterly_1882-10:15:jer_se_corner,palestine-exploration-quarterly_1882-10,1882,10,15,205,running_head,jer_se_corner,JER,feature,south-east angle,,chamber,found,1,B_space
H1946,4,dropped,other_place,palestine-exploration-quarterly_1882-10:16:jer_temple,palestine-exploration-quarterly_1882-10,1882,10,16,906,running_head,jer_temple,JER,feature,Haram,,chamber,found,7,B_space
H1947,4,dropped,other_place,palestine-exploration-quarterly_1882-10:24:jer_temple,palestine-exploration-quarterly_1882-10,1882,10,24,914,running_head,jer_temple,JER,feature,Haram,,caves|chamber,discovered,4,B_space
H1948,4,dropped,other_place,palestine-exploration-quarterly_1882-10:67:jer_temple,palestine-exploration-quarterly_1882-10,1882,10,67,253,running_head,jer_temple,JER,feature,Haram,,tombs,discoveries,2,B_space
H1949,4,dropped,not_find,palestine-exploration-quarterly_1882-10:80:jer_tombs_kings,palestine-exploration-quarterly_1882-10,1882,10,80,266,running_head,jer_tombs_kings,JER,feature,tombs of the kings,,sepulchres,buried|found,1,B_space
H1950,4,dropped,not_find,palestine-exploration-quarterly_1883-01:41:jer_temple,palestine-exploration-quarterly_1883-01,1883,01,41,41,page_numbers.json,jer_temple,JER,feature,Mosque of Omar,,sepulchre,fell in,1,B_space
H1951,4,dropped,not_find,palestine-exploration-quarterly_1883-01:41:mount_zion,palestine-exploration-quarterly_1883-01,1883,01,41,41,page_numbers.json,mount_zion,JER,feature,Neby Daud,,sepulchre,fell in,1,B_space
H1952,4,dropped,not_find,palestine-exploration-quarterly_1883-01:56:jer_baqa,palestine-exploration-quarterly_1883-01,1883,01,56,56,running_head,jer_baqa,JER,feature,Rephaim,,tomb,found,1,B_space
H1953,4,dropped,other_place,palestine-exploration-quarterly_1883-01:61:jer_temple,palestine-exploration-quarterly_1883-01,1883,01,61,61,running_head,jer_temple,JER,feature,dome of the rock,,sepulchre,found,1,B_space
H1954,4,dropped,not_find,palestine-exploration-quarterly_1883-04:6:jer_south_wall,palestine-exploration-quarterly_1883-04,1883,04,6,70,running_head,jer_south_wall,JER,feature,Huldah,,tombs,find,1,B_space
H1955,4,dropped,other_place,palestine-exploration-quarterly_1883-04:49:tell_el_ful,palestine-exploration-quarterly_1883-04,1883,04,49,111,page_numbers.json,tell_el_ful,JER,feature,Tell-el-ful,,tomb,find,4,B_space
H1956,4,dropped,not_find,palestine-exploration-quarterly_1883-07:21:jer_siloam,palestine-exploration-quarterly_1883-07,1883,07,21,139,running_head,jer_siloam,JER,feature,Virgin’s Fountain,,tomb,found,1,B_space
H1957,4,dropped,not_find,palestine-exploration-quarterly_1883-07:21:siloam_generic,palestine-exploration-quarterly_1883-07,1883,07,21,139,running_head,siloam_generic,JER,feature,Siloam,,tomb,found,2,B_space
H1958,4,dropped,not_find,palestine-exploration-quarterly_1883-07:32:mount_zion,palestine-exploration-quarterly_1883-07,1883,07,32,148,running_head,mount_zion,JER,feature,Bishop Gobat,,grotto|sepulchre,discoveries,1,B_space
H1959,4,dropped,not_find,palestine-exploration-quarterly_1883-07:34:jer_siloam,palestine-exploration-quarterly_1883-07,1883,07,34,150,running_head,jer_siloam,JER,feature,Virgin’s Fountain,,tomb,discovered,1,B_space
H1960,4,dropped,not_find,palestine-exploration-quarterly_1883-07:34:mount_zion,palestine-exploration-quarterly_1883-07,1883,07,34,150,running_head,mount_zion,JER,feature,TOMB OF DAVID,,tomb|tombs,discovery,2,B_space
H1961,4,dropped,not_find,palestine-exploration-quarterly_1883-07:34:siloam_generic,palestine-exploration-quarterly_1883-07,1883,07,34,150,running_head,siloam_generic,JER,feature,Siloam,,tomb,discovered,2,B_space
H1962,4,dropped,not_find,palestine-exploration-quarterly_1883-07:35:mount_zion,palestine-exploration-quarterly_1883-07,1883,07,35,151,running_head,mount_zion,JER,feature,Tomb of David,,sepulchre|sepulchres|tombs,buried,3,B_space
H1963,4,dropped,not_find,palestine-exploration-quarterly_1883-07:37:mount_zion,palestine-exploration-quarterly_1883-07,1883,07,37,153,running_head,mount_zion,JER,feature,Tomb of David,,sepulchres|tomb|tombs,excavating,2,B_space
H1964,4,dropped,not_find,palestine-exploration-quarterly_1883-07:39:jer_siloam,palestine-exploration-quarterly_1883-07,1883,07,39,155,page_numbers.json,jer_siloam,JER,feature,Pool of Siloah,,sepulchres,excavated,6,B_space
H1965,4,dropped,not_find,palestine-exploration-quarterly_1883-07:39:mount_zion,palestine-exploration-quarterly_1883-07,1883,07,39,155,page_numbers.json,mount_zion,JER,feature,TOMB OF DAVID,,sepulchres|tomb,excavated,3,B_space
H1966,4,dropped,not_find,palestine-exploration-quarterly_1883-07:39:siloam_generic,palestine-exploration-quarterly_1883-07,1883,07,39,155,page_numbers.json,siloam_generic,JER,feature,Siloam,,sepulchres,accidentally,11,B_space
H1967,4,dropped,not_find,palestine-exploration-quarterly_1883-10:52:jer_temple,palestine-exploration-quarterly_1883-10,1883,10,52,214,running_head,jer_temple,JER,feature,Har4m,,cisterns,find,1,B_space
H1968,4,dropped,not_find,palestine-exploration-quarterly_1883-10:59:jer_siloam,palestine-exploration-quarterly_1883-10,1883,10,59,219,page_numbers.json,jer_siloam,JER,feature,Pool of Siloam,,sepulchres,opened,2,B_space
H1969,4,dropped,not_find,palestine-exploration-quarterly_1883-10:63:jer_siloam,palestine-exploration-quarterly_1883-10,1883,10,63,223,page_numbers.json,jer_siloam,JER,feature,Virgin’s Spring,,sepulchre,excavations,1,B_space
H1970,4,dropped,not_find,palestine-exploration-quarterly_1884-01:36:jer_tombs_kings,palestine-exploration-quarterly_1884-01,1884,01,36,26,running_head,jer_tombs_kings,JER,feature,Tombs of the Kings,,tomb,buried|discovery|found,1,B_space
H1971,4,dropped,not_find,palestine-exploration-quarterly_1884-01:37:jer_siloam,palestine-exploration-quarterly_1884-01,1884,01,37,27,page_numbers.json,jer_siloam,JER,feature,Virgin’s Fountain,,cave,excavated,3,B_space
H1972,4,dropped,not_find,palestine-exploration-quarterly_1884-01:87:siloam_generic,palestine-exploration-quarterly_1884-01,1884,01,87,75,inferred,siloam_generic,JER,feature,Siloam,,chamber,found,11,B_space
H1973,4,dropped,not_find,palestine-exploration-quarterly_1884-01:90:mount_zion,palestine-exploration-quarterly_1884-01,1884,01,90,78,running_head,mount_zion,JER,feature,Tomb of David,,tomb,excavate,2,B_space
H1974,4,dropped,not_find,palestine-exploration-quarterly_1884-01:92:jer_siloam,palestine-exploration-quarterly_1884-01,1884,01,92,80,running_head,jer_siloam,JER,feature,Virgin’s Fountain,,cave|tomb,discover,1,B_space
H1975,4,dropped,not_find,palestine-exploration-quarterly_1884-01:92:mount_zion,palestine-exploration-quarterly_1884-01,1884,01,92,80,running_head,mount_zion,JER,feature,Tomb of David,,cave,discover,1,B_space
H1976,4,dropped,not_find,palestine-exploration-quarterly_1884-01:92:tell_el_ful,palestine-exploration-quarterly_1884-01,1884,01,92,80,running_head,tell_el_ful,JER,feature,Gibeah,,cave|tomb,discover,2,B_space
H1977,4,kept,,palestine-exploration-quarterly_1884-07:31:jer_siloam,palestine-exploration-quarterly_1884-07,1884,07,31,175,running_head,jer_siloam,JER,feature,Virgin’s Fountain,,chamber,came upon|cleared|discoveries|found|lately,3,B_space
H1978,4,dropped,not_find,palestine-exploration-quarterly_1884-07:39:jer_bir_ayyub,palestine-exploration-quarterly_1884-07,1884,07,39,183,running_head,jer_bir_ayyub,JER,feature,Bir Ayoob,,cave,find,6,B_space
H1979,4,dropped,not_find,palestine-exploration-quarterly_1884-07:53:jer_south_wall,palestine-exploration-quarterly_1884-07,1884,07,53,197,running_head,jer_south_wall,JER,feature,Huldah,,grave|graves,cleared,1,B_space
H1980,4,dropped,not_find,palestine-exploration-quarterly_1884-07:53:kidron_generic,palestine-exploration-quarterly_1884-07,1884,07,53,197,running_head,kidron_generic,JER,feature,Kidron,,grave|graves|sepulchres,cleared,2,B_space
H1981,4,dropped,not_find,palestine-exploration-quarterly_1884-07:54:mount_zion,palestine-exploration-quarterly_1884-07,1884,07,54,198,running_head,mount_zion,JER,feature,Tomb of David,,caves|tomb,found,1,B_space
H1982,4,dropped,not_find,palestine-exploration-quarterly_1884-10:53:siloam_generic,palestine-exploration-quarterly_1884-10,1884,10,53,243,running_head,siloam_generic,JER,feature,Siloam,,tomb,cleared,1,B_space
H1983,4,dropped,not_find,palestine-exploration-quarterly_1885-01:24:jer_bir_ayyub,palestine-exploration-quarterly_1885-01,1885,01,24,20,running_head,jer_bir_ayyub,JER,feature,En Rogel,,cave,recently,12,B_space
H1984,4,kept,,palestine-exploration-quarterly_1886-04:22:jer_siloam,palestine-exploration-quarterly_1886-04,1886,04,22,88,running_head,jer_siloam,JER,feature,Pool of Siloam,,tomb,cleared|found,6,B_space
H1985,4,dropped,not_find,palestine-exploration-quarterly_1886-04:27:siloam_generic,palestine-exploration-quarterly_1886-04,1886,04,27,91,page_numbers.json,siloam_generic,JER,feature,Siloam,,caves,cleared|excavate|find|uncovered,4,B_space
H1986,4,dropped,not_find,palestine-exploration-quarterly_1886-07:5:jer_temple,palestine-exploration-quarterly_1886-07,1886,07,5,135,running_head,jer_temple,JER,feature,Sakhrah,,sepulchre,excavations|found,2,B_space
H1987,4,dropped,not_find,palestine-exploration-quarterly_1887-01:7:jer_tombs_kings,palestine-exploration-quarterly_1887-01,1887,01,7,7,running_head,jer_tombs_kings,JER,feature,tombs of the Kings,,tombs,recently,1,B_space
H1988,4,dropped,not_find,palestine-exploration-quarterly_1887-01:23:jer_temple,palestine-exploration-quarterly_1887-01,1887,01,23,23,running_head,jer_temple,JER,feature,Temple area,,tomb,find,1,B_space
H1989,4,kept,,palestine-exploration-quarterly_1887-01:61:jer_temple,palestine-exploration-quarterly_1887-01,1887,01,61,59,running_head,jer_temple,JER,feature,Aksa,,sepulchre,discoveries|excavations|found|recently,6,B_space
H1990,4,kept,,palestine-exploration-quarterly_1887-04:47:jer_temple,palestine-exploration-quarterly_1887-04,1887,04,47,105,page_numbers.json,jer_temple,JER,feature,Aksa,,caves|tomb,find,1,B_space
H1991,4,dropped,not_find,palestine-exploration-quarterly_1887-04:50:jer_temple,palestine-exploration-quarterly_1887-04,1887,04,50,108,running_head,jer_temple,JER,feature,Haram,,sepulchre,discovered,2,B_space
H1992,4,kept,,palestine-exploration-quarterly_1887-04:54:siloam_generic,palestine-exploration-quarterly_1887-04,1887,04,54,112,page_numbers.json,siloam_generic,JER,feature,Siloam,,tomb|tombs,digging|discover|found,1,B_space
H1993,4,dropped,not_find,palestine-exploration-quarterly_1887-04:57:kidron_generic,palestine-exploration-quarterly_1887-04,1887,04,57,115,page_numbers.json,kidron_generic,JER,feature,Kedron,,sepulchres,discovered|find,1,B_space
H1994,4,dropped,not_find,palestine-exploration-quarterly_1887-04:60:kidron_generic,palestine-exploration-quarterly_1887-04,1887,04,60,118,running_head,kidron_generic,JER,feature,Kedron,,pit,bought,2,B_space
H1995,4,kept,,palestine-exploration-quarterly_1887-07:25:jer_gethsemane,palestine-exploration-quarterly_1887-07,1887,07,25,151,page_numbers.json,jer_gethsemane,JER,feature,Geth- semane,,cave|tomb,discovered|opened,1,A_joined
H1996,4,dropped,not_find,palestine-exploration-quarterly_1887-07:37:kidron_generic,palestine-exploration-quarterly_1887-07,1887,07,37,159,running_head,kidron_generic,JER,feature,Kedron,,cistern|tombs,bought|concealed,1,B_space
H1997,4,dropped,not_find,palestine-exploration-quarterly_1887-07:48:jer_east_gate,palestine-exploration-quarterly_1887-07,1887,07,48,166,running_head,jer_east_gate,JER,feature,Golden Gate,,cistern|tombs,discovered,1,B_space
H1998,4,dropped,not_find,palestine-exploration-quarterly_1887-07:77:jer_kidron_east,palestine-exploration-quarterly_1887-07,1887,07,77,195,running_head,jer_kidron_east,JER,feature,monolith of Siloam,,tomb,find|found|recently,1,B_space
H1999,4,dropped,not_find,palestine-exploration-quarterly_1887-10:57:jer_temple,palestine-exploration-quarterly_1887-10,1887,10,57,253,running_head,jer_temple,JER,feature,Dome of the Rock,,sepulchre,discoveries,1,B_space
H2000,4,dropped,not_find,palestine-exploration-quarterly_1888-01:2:jer_temple,palestine-exploration-quarterly_1888-01,1888,01,2,2,inferred,jer_temple,JER,feature,Temple area,,cisterns,found,2,B_space
H2001,4,dropped,not_find,palestine-exploration-quarterly_1888-01:36:jer_temple,palestine-exploration-quarterly_1888-01,1888,01,36,30,running_head,jer_temple,JER,feature,Dome of the Rock,,sepulchre,found,2,B_space
H2002,4,dropped,not_find,palestine-exploration-quarterly_1888-01:39:jer_gethsemane,palestine-exploration-quarterly_1888-01,1888,01,39,33,page_numbers.json,jer_gethsemane,JER,feature,Gethsemane,,tomb,discover|find,1,B_space
H2003,4,dropped,not_find,palestine-exploration-quarterly_1888-01:54:jer_tombs_kings,palestine-exploration-quarterly_1888-01,1888,01,54,48,running_head,jer_tombs_kings,JER,feature,Tombs of the Kings,,sepulchre|tomb|tombs,excavated,2,B_space
H2004,4,dropped,not_find,palestine-exploration-quarterly_1888-01:54:kidron_generic,palestine-exploration-quarterly_1888-01,1888,01,54,48,running_head,kidron_generic,JER,feature,valley of Jehoshaphat,,sepulchre|tomb|tombs,excavated,1,B_space
H2005,4,dropped,not_find,palestine-exploration-quarterly_1888-01:55:jer_east_gate,palestine-exploration-quarterly_1888-01,1888,01,55,49,running_head,jer_east_gate,JER,feature,east wall of the Haram,,graves|tombs,buried|dug|excavated|found,1,B_space
H2006,4,dropped,not_find,palestine-exploration-quarterly_1888-04:16:jer_temple,palestine-exploration-quarterly_1888-04,1888,04,16,62,running_head,jer_temple,JER,feature,al-Aksa,,cistern|cisterns,discoveries|find,1,B_space
H2007,4,kept,,palestine-exploration-quarterly_1888-07:7:jer_bethesda,palestine-exploration-quarterly_1888-07,1888,07,7,117,inferred,jer_bethesda,JER,feature,Birket Israil,,cistern,found,6,B_space
H2008,4,dropped,not_find,palestine-exploration-quarterly_1888-07:29:jer_bethesda,palestine-exploration-quarterly_1888-07,1888,07,29,131,page_numbers.json,jer_bethesda,JER,feature,Bethesda,,grotto,found,11,B_space
H2009,4,dropped,not_find,palestine-exploration-quarterly_1888-07:30:jer_bethesda,palestine-exploration-quarterly_1888-07,1888,07,30,132,page_numbers.json,jer_bethesda,JER,feature,Bethesda,,vaults,discovered,21,A_joined
H2010,4,dropped,not_find,palestine-exploration-quarterly_1888-10:124:jer_bethesda,palestine-exploration-quarterly_1888-10,1888,10,124,284,running_head,jer_bethesda,JER,feature,Bethesda,,sepulchre,excavation|uncovered,4,B_space
H2011,4,dropped,not_find,palestine-exploration-quarterly_1889-01:14:jer_temple,palestine-exploration-quarterly_1889-01,1889,01,14,14,running_head,jer_temple,JER,feature,Dome of the Rock,,sepulchre,find|found|lately,3,B_space
H2012,4,dropped,not_find,palestine-exploration-quarterly_1889-01:43:jer_temple,palestine-exploration-quarterly_1889-01,1889,01,43,37,running_head,jer_temple,JER,feature,Haram,,sepulchres|tomb,find|found,1,B_space
H2013,4,dropped,not_find,palestine-exploration-quarterly_1889-01:54:jer_bir_ayyub,palestine-exploration-quarterly_1889-01,1889,01,54,46,running_head,jer_bir_ayyub,JER,feature,En-rogel,,cistern|grotto,broke into,10,B_space
H2014,4,dropped,not_find,palestine-exploration-quarterly_1889-01:56:jer_bir_ayyub,palestine-exploration-quarterly_1889-01,1889,01,56,48,running_head,jer_bir_ayyub,JER,feature,EN-ROGEL,,grotto,buried,4,B_space
H2015,4,dropped,not_find,palestine-exploration-quarterly_1889-01:56:kidron_generic,palestine-exploration-quarterly_1889-01,1889,01,56,48,running_head,kidron_generic,JER,feature,Kidron,,grotto,buried,3,B_space
H2016,4,dropped,other_place,palestine-exploration-quarterly_1889-04:1:jer_temple,palestine-exploration-quarterly_1889-04,1889,04,1,53,inferred,jer_temple,JER,feature,Haram,,cave|sepulchre,clearing|discovery|excavations|found,1,B_space
H2017,4,dropped,not_find,palestine-exploration-quarterly_1889-04:10:jer_siloam,palestine-exploration-quarterly_1889-04,1889,04,10,62,running_head,jer_siloam,JER,feature,Umm ed Deraj,,grotto|sepulchre,found,2,B_space
H2018,4,dropped,not_find,palestine-exploration-quarterly_1889-04:11:jer_bethesda,palestine-exploration-quarterly_1889-04,1889,04,11,63,running_head,jer_bethesda,JER,feature,Bethesda,,cave|sepulchre|tomb,discoveries,1,B_space
H2019,4,dropped,not_find,palestine-exploration-quarterly_1889-04:48:jer_se_corner,palestine-exploration-quarterly_1889-04,1889,04,48,94,running_head,jer_se_corner,JER,feature,Solomon’s stables,,vaults,find,2,B_space
H2020,4,dropped,not_find,palestine-exploration-quarterly_1889-04:50:jer_siloam,palestine-exploration-quarterly_1889-04,1889,04,50,96,running_head,jer_siloam,JER,feature,Virgin’s Fountain,,sepulchres,discovered,2,B_space
H2021,4,dropped,not_find,palestine-exploration-quarterly_1889-04:55:jer_temple,palestine-exploration-quarterly_1889-04,1889,04,55,101,running_head,jer_temple,JER,feature,Sakhrah,,sepulchre,buried,1,B_space
H2022,4,dropped,other_place,palestine-exploration-quarterly_1889-07:2:jer_bethesda,palestine-exploration-quarterly_1889-07,1889,07,2,104,running_head,jer_bethesda,JER,feature,twin pools,,cistern,discoveries|found|hidden|opening,1,B_space
H2023,4,dropped,not_find,palestine-exploration-quarterly_1889-07:3:jer_temple,palestine-exploration-quarterly_1889-07,1889,07,3,105,running_head,jer_temple,JER,feature,Dome of the Rock,,sepulchre,found,5,B_space
H2024,4,dropped,other_place,palestine-exploration-quarterly_1889-07:13:jer_gethsemane,palestine-exploration-quarterly_1889-07,1889,07,13,113,inferred,jer_gethsemane,JER,feature,Gethsemane,,chamber|vault,opening,1,B_space
H2025,4,dropped,not_find,palestine-exploration-quarterly_1889-07:15:jer_bethesda,palestine-exploration-quarterly_1889-07,1889,07,15,115,page_numbers.json,jer_bethesda,JER,feature,Bethesda,,tomb|vault,buried|excavations|uncovered,1,B_space
H2026,4,dropped,other_place,palestine-exploration-quarterly_1889-10:7:jer_temple,palestine-exploration-quarterly_1889-10,1889,10,7,165,running_head,jer_temple,JER,feature,Haram,,cave|cistern|sepulchre,clearing|discovered|found,1,B_space
H2027,4,dropped,apparatus,palestine-exploration-quarterly_1890-01:7:jer_bethesda,palestine-exploration-quarterly_1890-01,1890,01,7,,,jer_bethesda,JER,feature,Bethesda,,sepulchre,found,1,B_space
H2028,4,dropped,apparatus,palestine-exploration-quarterly_1890-01:7:jer_siloam,palestine-exploration-quarterly_1890-01,1890,01,7,,,jer_siloam,JER,feature,Gihon,,cave,excavations,1,B_space
H2029,4,dropped,not_find,palestine-exploration-quarterly_1890-01:11:jer_bethesda,palestine-exploration-quarterly_1890-01,1890,01,11,1,inferred,jer_bethesda,JER,feature,Bethesda,,cistern|sepulchre,discovered|discovery,2,B_space
H2030,4,dropped,not_find,palestine-exploration-quarterly_1890-01:28:jer_siloam,palestine-exploration-quarterly_1890-01,1890,01,28,12,inferred,jer_siloam,JER,feature,Pool of Siloam,,cistern|tomb,excavations,1,B_space
H2031,4,kept,,palestine-exploration-quarterly_1890-01:29:jer_south_wall,palestine-exploration-quarterly_1890-01,1890,01,29,13,inferred,jer_south_wall,JER,feature,Triple Gate,,caves,discovered|excavations|find|found,1,B_space
H2032,4,dropped,not_find,palestine-exploration-quarterly_1890-01:31:kidron_generic,palestine-exploration-quarterly_1890-01,1890,01,31,15,running_head,kidron_generic,JER,feature,Kidron,,cave|cistern,found,1,B_space
H2033,4,dropped,not_find,palestine-exploration-quarterly_1890-01:31:mount_zion,palestine-exploration-quarterly_1890-01,1890,01,31,15,running_head,mount_zion,JER,feature,Mount Zion,,cave,found,1,B_space
H2034,4,kept,,palestine-exploration-quarterly_1890-01:36:jer_kidron_east,palestine-exploration-quarterly_1890-01,1890,01,36,18,running_head,jer_kidron_east,JER,feature,village of Silwan,,cave|tomb|tombs,digging|found,1,B_space
H2035,4,kept,,palestine-exploration-quarterly_1890-04:9:siloam_generic,palestine-exploration-quarterly_1890-04,1890,04,9,67,running_head,siloam_generic,JER,feature,Silwdn,,cave,excavation,3,B_space
H2036,4,dropped,not_find,palestine-exploration-quarterly_1890-07:27:jer_se_corner,palestine-exploration-quarterly_1890-07,1890,07,27,159,running_head,jer_se_corner,JER,feature,Solomon’s stables,,pit|vaults,buried|excavations|found,2,B_space
H2037,4,dropped,not_find,palestine-exploration-quarterly_1890-07:27:jer_south_wall,palestine-exploration-quarterly_1890-07,1890,07,27,159,running_head,jer_south_wall,JER,feature,triple gate,,pits|vaults,excavations|find,2,B_space
H2038,4,dropped,not_find,palestine-exploration-quarterly_1890-07:27:jer_temple,palestine-exploration-quarterly_1890-07,1890,07,27,159,running_head,jer_temple,JER,feature,Haram,,pits|vaults,excavations|find,2,B_space
H2039,4,dropped,not_find,palestine-exploration-quarterly_1890-07:28:jer_tombs_kings,palestine-exploration-quarterly_1890-07,1890,07,28,160,running_head,jer_tombs_kings,JER,feature,Tombs of the Kings,,chamber|chambers|tombs,cleared,2,B_space
H2040,4,dropped,other_place,palestine-exploration-quarterly_1890-07:59:jer_siloam,palestine-exploration-quarterly_1890-07,1890,07,59,191,running_head,jer_siloam,JER,feature,Gihon,,sepulchre,discovered|found|picked up,1,B_space
H2041,4,dropped,not_find,palestine-exploration-quarterly_1890-07:72:jer_tyropoeon,palestine-exploration-quarterly_1890-07,1890,07,72,204,running_head,jer_tyropoeon,JER,feature,Tyropeeon,,sepulchres,discovery,1,B_space
H2042,4,dropped,not_find,palestine-exploration-quarterly_1890-07:72:siloam_generic,palestine-exploration-quarterly_1890-07,1890,07,72,204,running_head,siloam_generic,JER,feature,Shiloah,,sepulchres,discovery|recently,3,B_space
H2043,4,dropped,not_find,palestine-exploration-quarterly_1890-07:74:jer_siloam,palestine-exploration-quarterly_1890-07,1890,07,74,206,running_head,jer_siloam,JER,feature,Virgin’s Fountain,,sepulchres,excavation|found,2,B_space
H2044,4,dropped,not_find,palestine-exploration-quarterly_1890-07:76:mount_zion,palestine-exploration-quarterly_1890-07,1890,07,76,208,running_head,mount_zion,JER,feature,tomb of David,,grotto|sepulchres,discovering,1,B_space
H2045,4,dropped,not_find,palestine-exploration-quarterly_1890-10:1:siloam_generic,palestine-exploration-quarterly_1890-10,1890,10,1,213,inferred,siloam_generic,JER,feature,Siloam,,chambers|tomb,discovery|excavations|found,1,B_space
H2046,4,dropped,other_place,palestine-exploration-quarterly_1890-10:17:jer_temple,palestine-exploration-quarterly_1890-10,1890,10,17,229,running_head,jer_temple,JER,feature,Haram,,chamber,buried|find,1,B_space
H2047,4,dropped,other_place,palestine-exploration-quarterly_1890-10:37:kidron_generic,palestine-exploration-quarterly_1890-10,1890,10,37,249,running_head,kidron_generic,JER,feature,Wady en Nar,,chambers|tomb,digging|discovered|find|found|opening,2,B_space
H2048,4,dropped,other_place,palestine-exploration-quarterly_1890-10:39:jer_gethsemane,palestine-exploration-quarterly_1890-10,1890,10,39,251,running_head,jer_gethsemane,JER,feature,Gethsemane,,chamber,found|laid bare,1,B_space
H2049,4,kept,,palestine-exploration-quarterly_1890-10:48:jer_siloam,palestine-exploration-quarterly_1890-10,1890,10,48,258,running_head,jer_siloam,JER,feature,Virgin’s Fountain,,cisterns,find|found,1,B_space
H2050,4,dropped,other_place,palestine-exploration-quarterly_1891-01:7:jer_kidron_east,palestine-exploration-quarterly_1891-01,1891,01,7,8,running_head,jer_kidron_east,JER,feature,Village of Silw4n,,cistern,discovered|excavations|found,1,B_space/djvu_split
H2051,4,dropped,other_place,palestine-exploration-quarterly_1891-01:8:siloam_generic,palestine-exploration-quarterly_1891-01,1891,01,8,10,running_head,siloam_generic,JER,feature,Silw4n,,cave,find|found,2,B_space/djvu_split
H2052,4,kept,,palestine-exploration-quarterly_1891-01:9:siloam_generic,palestine-exploration-quarterly_1891-01,1891,01,9,11,running_head,siloam_generic,JER,feature,SILWAN,,cistern,discovered|discoveries|excavation,1,B_space/djvu_split
H2053,4,dropped,not_find,palestine-exploration-quarterly_1891-01:15:jer_temple,palestine-exploration-quarterly_1891-01,1891,01,15,22,inferred,jer_temple,JER,feature,Haram,,cistern,digging|found,1,B_space/djvu_split
H2054,4,kept,,palestine-exploration-quarterly_1891-04:3:jer_se_corner,palestine-exploration-quarterly_1891-04,1891,04,3,89,running_head,jer_se_corner,JER,feature,Solomon’s Stables,,vaults,cleared|discovered|recently,1,B_space
H2055,4,dropped,duplicate_page,palestine-exploration-quarterly_1891-04:3:jer_temple,palestine-exploration-quarterly_1891-04,1891,04,3,89,running_head,jer_temple,JER,feature,Haram,,vaults,cleared|discovered|recently,1,B_space
H2056,4,dropped,duplicate_page,palestine-exploration-quarterly_1891-04:3:jer_tyropoeon,palestine-exploration-quarterly_1891-04,1891,04,3,89,running_head,jer_tyropoeon,JER,feature,Robinson’s Arch,,vaults,cleared|discovered|discoveries|found,1,B_space
H2057,4,dropped,apparatus,palestine-exploration-quarterly_1891-07:9:jer_temple,palestine-exploration-quarterly_1891-07,1891,07,9,199,inferred,jer_temple,JER,feature,Mosque of Omar,,chamber,discovered,3,B_space
H2058,4,dropped,not_find,palestine-exploration-quarterly_1891-07:12:jer_bethesda,palestine-exploration-quarterly_1891-07,1891,07,12,200,running_head,jer_bethesda,JER,feature,Bethesda,,cistern,cleared|found,1,B_space
H2059,4,kept,,palestine-exploration-quarterly_1891-07:16:jer_se_corner,palestine-exploration-quarterly_1891-07,1891,07,16,204,running_head,jer_se_corner,JER,feature,SOLOMON’S STABLES,,vaults,uncovered,3,B_space
H2060,4,dropped,ocr_noise,palestine-exploration-quarterly_1891-10:29:jer_baqa,palestine-exploration-quarterly_1891-10,1891,10,29,285,running_head,jer_baqa,JER,feature,baked,,pit,found|obtained,2,B_space
H2061,4,dropped,other_place,palestine-exploration-quarterly_1892-01:14:jer_tombs_kings,palestine-exploration-quarterly_1892-01,1892,01,14,12,page_numbers.json,jer_tombs_kings,JER,feature,Tombs of the Kings,,tombs,found,1,B_space
H2062,4,dropped,other_place,palestine-exploration-quarterly_1892-01:15:siloam_generic,palestine-exploration-quarterly_1892-01,1892,01,15,13,page_numbers.json,siloam_generic,JER,feature,Siloah,,tombs,discovered|found,1,B_space
H2063,4,dropped,other_place,palestine-exploration-quarterly_1892-01:17:jer_tombs_kings,palestine-exploration-quarterly_1892-01,1892,01,17,15,page_numbers.json,jer_tombs_kings,JER,feature,tombs of the kings,,tomb,find|opening,1,B_space
H2064,4,kept,,palestine-exploration-quarterly_1892-01:18:mount_zion,palestine-exploration-quarterly_1892-01,1892,01,18,16,running_head,mount_zion,JER,feature,Gobat’s School,,cave,found|opening,4,B_space
H2065,4,dropped,not_find,palestine-exploration-quarterly_1892-01:23:jer_temple,palestine-exploration-quarterly_1892-01,1892,01,23,21,running_head,jer_temple,JER,feature,Haram,,vault,found|opened,5,B_space
H2066,4,dropped,not_find,palestine-exploration-quarterly_1892-01:24:jer_temple,palestine-exploration-quarterly_1892-01,1892,01,24,22,page_numbers.json,jer_temple,JER,feature,Haram,,vaults,hidden,6,B_space
H2067,4,kept,,palestine-exploration-quarterly_1892-04:48:mount_zion,palestine-exploration-quarterly_1892-04,1892,04,48,124,running_head,mount_zion,JER,feature,Neby Daud,,tomb,excavations|found,1,B_space
H2068,4,dropped,other_place,palestine-exploration-quarterly_1892-10:12:kidron_generic,palestine-exploration-quarterly_1892-10,1892,10,12,274,page_numbers.json,kidron_generic,JER,feature,Kidron,,grotto,recently,1,B_space
H2069,4,dropped,apparatus,palestine-exploration-quarterly_1892-10:14:jer_south_wall,palestine-exploration-quarterly_1892-10,1892,10,14,276,running_head,jer_south_wall,JER,feature,Double Gate,,grotto|tomb,discoveries|excavations,1,B_space
H2070,4,dropped,apparatus,palestine-exploration-quarterly_1892-10:14:kidron_generic,palestine-exploration-quarterly_1892-10,1892,10,14,276,running_head,kidron_generic,JER,feature,Kidron,,grotto|tomb,discoveries|excavations,1,B_space
H2071,4,dropped,not_find,palestine-exploration-quarterly_1892-10:22:mount_zion,palestine-exploration-quarterly_1892-10,1892,10,22,284,running_head,mount_zion,JER,feature,Zion Gate,,tombs,found,1,B_space
H2072,4,dropped,not_find,palestine-exploration-quarterly_1892-10:36:jer_temple,palestine-exploration-quarterly_1892-10,1892,10,36,298,running_head,jer_temple,JER,feature,Dome of the Rock,,cave|sepulchre,discovered,1,B_space
H2073,4,dropped,not_find,palestine-exploration-quarterly_1892-10:43:jer_south_wall,palestine-exploration-quarterly_1892-10,1892,10,43,305,running_head,jer_south_wall,JER,feature,Huldah,,sepulchre|tomb|tombs,found,1,B_space
H2074,4,dropped,not_find,palestine-exploration-quarterly_1892-10:44:siloam_generic,palestine-exploration-quarterly_1892-10,1892,10,44,306,running_head,siloam_generic,JER,feature,Siloam,,caves|sepulchre|tombs,hidden,1,B_space
H2075,4,dropped,not_find,palestine-exploration-quarterly_1893:86:jer_temple,palestine-exploration-quarterly_1893,1893,,86,68,running_head,jer_temple,JER,feature,Sakhra,,chamber|tomb,hidden,1,B_space
H2076,4,dropped,not_find,palestine-exploration-quarterly_1893:98:jer_gethsemane,palestine-exploration-quarterly_1893,1893,,98,80,running_head,jer_gethsemane,JER,feature,Gethsemane,,grave|sepulchre,buried,2,B_space
H2077,4,dropped,ocr_noise,palestine-exploration-quarterly_1893:127:jer_baqa,palestine-exploration-quarterly_1893,1893,,127,109,running_head,jer_baqa,JER,feature,baked,,chamber|pit,opening,2,B_space
H2078,4,dropped,not_find,palestine-exploration-quarterly_1893:143:jer_east_gate,palestine-exploration-quarterly_1893,1893,,143,125,inferred,jer_east_gate,JER,feature,Golden Gate,,tomb,lately,1,B_space
H2079,4,dropped,not_find,palestine-exploration-quarterly_1893:145:jer_tombs_kings,palestine-exploration-quarterly_1893,1893,,145,127,inferred,jer_tombs_kings,JER,feature,Tombs of the Kings,,tomb,excavations,1,B_space
H2080,4,dropped,not_find,palestine-exploration-quarterly_1893:150:jer_tombs_kings,palestine-exploration-quarterly_1893,1893,,150,132,running_head,jer_tombs_kings,JER,feature,Tombs of the Kings,,kokim|tombs,opening,1,B_space
H2081,4,dropped,not_find,palestine-exploration-quarterly_1893:155:jer_temple,palestine-exploration-quarterly_1893,1893,,155,137,running_head,jer_temple,JER,feature,Sakhra,,cave|chamber|tomb,found,1,B_space
H2082,4,dropped,other_place,palestine-exploration-quarterly_1893:160:jer_temple,palestine-exploration-quarterly_1893,1893,,160,142,running_head,jer_temple,JER,feature,Mosque of Omar,,vault,found,1,B_space
H2083,4,dropped,not_find,palestine-exploration-quarterly_1893:348:jer_siloam,palestine-exploration-quarterly_1893,1893,,348,324,running_head,jer_siloam,JER,feature,GIHON,,cave|grave,digging,4,B_space
H2084,4,dropped,apparatus,palestine-exploration-quarterly_1893:365:mount_zion,palestine-exploration-quarterly_1893,1893,,365,3,inferred,mount_zion,JER,feature,Tomb of David,,tomb,find,4,B_space
H2085,4,dropped,apparatus,palestine-exploration-quarterly_1893:390:jer_siloam,palestine-exploration-quarterly_1893,1893,,390,28,page_numbers.json,jer_siloam,JER,feature,Pool of Siloam,,sepulchre|tomb,discovered,1,B_space
H2086,4,dropped,apparatus,palestine-exploration-quarterly_1893:391:jer_south_wall,palestine-exploration-quarterly_1893,1893,,391,29,page_numbers.json,jer_south_wall,JER,feature,Double Gate,,grotto|tomb,discoveries|discovery,1,B_space
H2087,4,dropped,apparatus,palestine-exploration-quarterly_1893:402:jer_bethesda,palestine-exploration-quarterly_1893,1893,,402,40,running_head,jer_bethesda,JER,feature,Bethesda,,cistern|grotto|sepulchre|tomb|tombs,discoveries,1,B_space
H2088,4,dropped,apparatus,palestine-exploration-quarterly_1893:403:jer_se_corner,palestine-exploration-quarterly_1893,1893,,403,41,page_numbers.json,jer_se_corner,JER,feature,Solomon’s Stables,,grotto|tomb,discovered|discoveries|excavations|recently,1,B_space
H2089,4,dropped,apparatus,palestine-exploration-quarterly_1893:414:kidron_generic,palestine-exploration-quarterly_1893,1893,,414,52,running_head,kidron_generic,JER,feature,Kedron,,tombs,discoveries|excavations,1,B_space
H2090,4,dropped,apparatus,palestine-exploration-quarterly_1893:414:siloam_generic,palestine-exploration-quarterly_1893,1893,,414,52,running_head,siloam_generic,JER,feature,Siloam,,grotto,found,4,B_space
H2091,4,dropped,apparatus,palestine-exploration-quarterly_1893:422:jer_temple,palestine-exploration-quarterly_1893,1893,,422,60,running_head,jer_temple,JER,feature,Ha- ram,,tombs,found,1,A_joined
H2092,4,dropped,apparatus,palestine-exploration-quarterly_1893:429:mount_zion,palestine-exploration-quarterly_1893,1893,,429,67,running_head,mount_zion,JER,feature,Neby Daud,,tomb,excavating|excavations,1,B_space
H2093,4,dropped,apparatus,palestine-exploration-quarterly_1893:429:siloam_generic,palestine-exploration-quarterly_1893,1893,,429,67,running_head,siloam_generic,JER,feature,Siloah,,tomb,excavating|excavations,1,B_space
H2094,4,dropped,apparatus,palestine-exploration-quarterly_1893:432:jer_gethsemane,palestine-exploration-quarterly_1893,1893,,432,70,running_head,jer_gethsemane,JER,feature,Gethsemane,,cave|tomb,discovery|opened,1,B_space
H2095,4,dropped,apparatus,palestine-exploration-quarterly_1893:432:siloam_generic,palestine-exploration-quarterly_1893,1893,,432,70,running_head,siloam_generic,JER,feature,Siloam,,cave|tomb,opened,1,B_space
H2096,4,dropped,apparatus,palestine-exploration-quarterly_1893:445:jer_south_wall,palestine-exploration-quarterly_1893,1893,,445,83,running_head,jer_south_wall,JER,feature,Double Gate,,cave|grotto|sepulchre|tomb,discoveries,1,B_space
H2097,4,dropped,apparatus,palestine-exploration-quarterly_1893:454:jer_temple,palestine-exploration-quarterly_1893,1893,,454,92,running_head,jer_temple,JER,feature,Haram,,tombs,found,1,B_space
H2098,4,dropped,apparatus,palestine-exploration-quarterly_1893:459:mount_zion,palestine-exploration-quarterly_1893,1893,,459,97,page_numbers.json,mount_zion,JER,feature,Mount Sion,,cave,discovery|found,4,B_space
H2099,4,dropped,apparatus,palestine-exploration-quarterly_1893:470:jer_tyropoeon,palestine-exploration-quarterly_1893,1893,,470,108,running_head,jer_tyropoeon,JER,feature,Robinson's Arch,,cave|chambers,discovered,1,B_space
H2100,4,dropped,apparatus,palestine-exploration-quarterly_1893:485:jer_siloam,palestine-exploration-quarterly_1893,1893,,485,123,page_numbers.json,jer_siloam,JER,feature,Virgin’s Fountain,,caves|sepulchre,discoveries,2,B_space
H2101,4,dropped,apparatus,palestine-exploration-quarterly_1893:486:kidron_generic,palestine-exploration-quarterly_1893,1893,,486,124,running_head,kidron_generic,JER,feature,Wady el Nar,,cavern|caves,found,1,B_space
H2102,4,dropped,apparatus,palestine-exploration-quarterly_1893:487:jer_bir_ayyub,palestine-exploration-quarterly_1893,1893,,487,125,page_numbers.json,jer_bir_ayyub,JER,feature,Well of Job,,tomb,found,1,B_space
H2103,4,dropped,apparatus,palestine-exploration-quarterly_1893:487:jer_tyropoeon,palestine-exploration-quarterly_1893,1893,,487,125,page_numbers.json,jer_tyropoeon,JER,feature,Robinson's Arch,,pits|tomb,found,2,B_space
H2104,4,dropped,apparatus,palestine-exploration-quarterly_1893:487:siloam_generic,palestine-exploration-quarterly_1893,1893,,487,125,page_numbers.json,siloam_generic,JER,feature,Shiloah,,pits|tomb,found,1,B_space
H2105,4,dropped,apparatus,palestine-exploration-quarterly_1894:11:mount_zion,palestine-exploration-quarterly_1894,1894,,11,,,mount_zion,JER,feature,Mount Zion,,tomb,discovery,1,B_space
H2106,4,kept,,palestine-exploration-quarterly_1894:30:siloam_generic,palestine-exploration-quarterly_1894,1894,,30,16,running_head,siloam_generic,JER,feature,Siloah,,cave|cistern|cisterns|tomb,cleared|found|laid bare|opening,1,B_space
H2107,4,dropped,not_find,palestine-exploration-quarterly_1894:31:mount_zion,palestine-exploration-quarterly_1894,1894,,31,17,inferred,mount_zion,JER,feature,MOUNT ZION,,tomb,excavations,1,B_space
H2108,4,dropped,not_find,palestine-exploration-quarterly_1894:35:jer_temple,palestine-exploration-quarterly_1894,1894,,35,19,running_head,jer_temple,JER,feature,Haram,,cistern,excavation,1,B_space
H2109,4,dropped,not_find,palestine-exploration-quarterly_1894:87:siloam_generic,palestine-exploration-quarterly_1894,1894,,87,65,running_head,siloam_generic,JER,feature,Siloam,,tombs,found,1,B_space
H2110,4,dropped,not_find,palestine-exploration-quarterly_1894:88:jer_south_wall,palestine-exploration-quarterly_1894,1894,,88,66,running_head,jer_south_wall,JER,feature,Huldah,,chamber|sepulchre|tomb|tombs,hidden,2,B_space
H2111,4,dropped,not_find,palestine-exploration-quarterly_1894:100:jer_tombs_kings,palestine-exploration-quarterly_1894,1894,,100,78,running_head,jer_tombs_kings,JER,feature,Tombs of the Kings,,tomb,buried|found,1,B_space
H2112,4,dropped,not_find,palestine-exploration-quarterly_1894:187:jer_tyropoeon,palestine-exploration-quarterly_1894,1894,,187,151,running_head,jer_tyropoeon,JER,feature,Tyropeon,,sepulchres,discovery|found,1,B_space
H2113,4,dropped,duplicate_page,palestine-exploration-quarterly_1894:217:jer_kidron_mon,palestine-exploration-quarterly_1894,1894,,217,179,running_head,jer_kidron_mon,JER,feature,Absalom,,tomb,excavating|picked up,1,B_space
H2114,4,dropped,duplicate_page,palestine-exploration-quarterly_1894:217:kidron_generic,palestine-exploration-quarterly_1894,1894,,217,179,running_head,kidron_generic,JER,feature,Kedron,,tomb,excavating|picked up,1,B_space
H2115,4,dropped,not_find,palestine-exploration-quarterly_1894:302:kidron_generic,palestine-exploration-quarterly_1894,1894,,302,262,running_head,kidron_generic,JER,feature,Kedron,,tombs,bought,2,B_space
H2116,4,dropped,other_place,palestine-exploration-quarterly_1894:303:jer_bethesda,palestine-exploration-quarterly_1894,1894,,303,263,running_head,jer_bethesda,JER,feature,twin pools,,cistern|grotto|tomb,found,1,B_space
H2117,4,dropped,not_find,palestine-exploration-quarterly_1894:337:jer_kidron_mon,palestine-exploration-quarterly_1894,1894,,337,295,running_head,jer_kidron_mon,JER,feature,Absalom’s Monument,,grave,found,1,B_space
H2118,4,dropped,not_find,palestine-exploration-quarterly_1894:337:jer_siloam,palestine-exploration-quarterly_1894,1894,,337,295,running_head,jer_siloam,JER,feature,Pool of Siloam,,cisterns|grave,found,1,B_space
H2119,4,dropped,not_find,palestine-exploration-quarterly_1894:337:kidron_generic,palestine-exploration-quarterly_1894,1894,,337,295,running_head,kidron_generic,JER,feature,Kidron,,cisterns|grave,found,1,B_space
H2120,4,dropped,not_find,palestine-exploration-quarterly_1894:337:mount_zion,palestine-exploration-quarterly_1894,1894,,337,295,running_head,mount_zion,JER,feature,Mount Zion,,caves|sepulchres,buried,3,B_space
H2121,4,dropped,apparatus,palestine-exploration-quarterly_1895:10:siloam_generic,palestine-exploration-quarterly_1895,1895,,10,,,siloam_generic,JER,feature,Siloam,,sepulchre|tomb,found,1,B_space
H2122,4,dropped,not_find,palestine-exploration-quarterly_1895:45:jer_temple,palestine-exploration-quarterly_1895,1895,,45,23,running_head,jer_temple,JER,feature,Haram,,sepulchre,excavations,1,B_space
H2123,4,dropped,other_place,palestine-exploration-quarterly_1895:138:jer_bethesda,palestine-exploration-quarterly_1895,1895,,138,108,running_head,jer_bethesda,JER,feature,St. Anne,,tombs,found,1,B_space
H2124,4,dropped,apparatus,palestine-exploration-quarterly_1895:234:jer_temple,palestine-exploration-quarterly_1895,1895,,234,202,running_head,jer_temple,JER,feature,Temple Area,,sepulchre,discovery,1,B_space
H2125,4,dropped,not_find,palestine-exploration-quarterly_1895:295:mount_zion,palestine-exploration-quarterly_1895,1895,,295,261,running_head,mount_zion,JER,feature,tomb of David,,sepulchres,discovery|excavation,1,B_space
H2126,4,dropped,apparatus,palestine-exploration-quarterly_1895:340:jer_temple,palestine-exploration-quarterly_1895,1895,,340,304,running_head,jer_temple,JER,feature,Temple Area,,sepulchre,discovery,1,B_space
H2127,4,dropped,not_find,palestine-exploration-quarterly_1895:375:jer_tombs_kings,palestine-exploration-quarterly_1895,1895,,375,329,running_head,jer_tombs_kings,JER,feature,Tombs of the Kings,,tomb|tombs,bought|digging|found,3,B_space
H2128,4,dropped,apparatus,palestine-exploration-quarterly_1896:16:jer_bethesda,palestine-exploration-quarterly_1896,1896,,16,,,jer_bethesda,JER,feature,St. Anne,,cistern,discoveries,1,A_joined
H2129,4,dropped,apparatus,palestine-exploration-quarterly_1896:25:jer_temple,palestine-exploration-quarterly_1896,1896,,25,7,running_head,jer_temple,JER,feature,Temple Area,,sepulchre,discovery,1,B_space
H2130,4,dropped,too_vague,palestine-exploration-quarterly_1896:152:siloam_generic,palestine-exploration-quarterly_1896,1896,,152,110,running_head,siloam_generic,JER,feature,Siloam,,chambers,found,1,B_space
H2131,4,dropped,not_find,palestine-exploration-quarterly_1896:211:kidron_generic,palestine-exploration-quarterly_1896,1896,,211,169,running_head,kidron_generic,JER,feature,Kidron,,tombs,found,1,B_space
H2132,4,dropped,not_find,palestine-exploration-quarterly_1896:215:jer_siloam,palestine-exploration-quarterly_1896,1896,,215,173,page_numbers.json,jer_siloam,JER,feature,pool of Siloah,,sepulchres,find,2,B_space
H2133,4,dropped,not_find,palestine-exploration-quarterly_1896:254:mount_zion,palestine-exploration-quarterly_1896,1896,,254,208,page_numbers.json,mount_zion,JER,feature,Protestant cemetery,,grave,buried|excavations,2,B_space
H2134,4,dropped,not_find,palestine-exploration-quarterly_1896:268:jer_temple,palestine-exploration-quarterly_1896,1896,,268,220,running_head,jer_temple,JER,feature,Haram,,pit,find|found,1,B_space
H2135,4,kept,,palestine-exploration-quarterly_1896:328:jer_siloam,palestine-exploration-quarterly_1896,1896,,328,276,running_head,jer_siloam,JER,feature,Pool of Siloam,,tomb,discovered,3,B_space
H2136,4,dropped,not_find,palestine-exploration-quarterly_1896:328:jer_tombs_kings,palestine-exploration-quarterly_1896,1896,,328,276,running_head,jer_tombs_kings,JER,feature,Tombs of the Kings,,tomb,discovered,1,B_space
H2137,4,dropped,duplicate_page,palestine-exploration-quarterly_1896:328:jer_tyropoeon,palestine-exploration-quarterly_1896,1896,,328,276,running_head,jer_tyropoeon,JER,feature,Tyropeon,,tomb,found,1,B_space
H2138,4,kept,,palestine-exploration-quarterly_1896:359:jer_tombs_kings,palestine-exploration-quarterly_1896,1896,,359,305,running_head,jer_tombs_kings,JER,feature,TOMBS OF THE KINGS,,tomb,discovered|find,2,B_space
H2139,4,dropped,not_find,palestine-exploration-quarterly_1896:360:jer_tombs_kings,palestine-exploration-quarterly_1896,1896,,360,306,running_head,jer_tombs_kings,JER,feature,TOMBS OF THE KINGS,,tomb|tombs,discovered,2,B_space
H2140,4,dropped,not_find,palestine-exploration-quarterly_1896:361:jer_tombs_kings,palestine-exploration-quarterly_1896,1896,,361,307,running_head,jer_tombs_kings,JER,feature,TOMBS OF THE KINGS,,tomb|tombs,discovered|excavation,1,B_space
H2141,4,dropped,not_find,palestine-exploration-quarterly_1896:362:jer_tombs_kings,palestine-exploration-quarterly_1896,1896,,362,308,running_head,jer_tombs_kings,JER,feature,TOMBS OF THE KINGS,,loculi|tomb,discovered|opening,1,B_space
H2142,4,dropped,not_find,palestine-exploration-quarterly_1896:363:jer_tombs_kings,palestine-exploration-quarterly_1896,1896,,363,309,page_numbers.json,jer_tombs_kings,JER,feature,TOMBS OF THE KINGS,,tomb,discovered,1,B_space
H2143,4,dropped,not_find,palestine-exploration-quarterly_1896:374:jer_temple,palestine-exploration-quarterly_1896,1896,,374,320,running_head,jer_temple,JER,feature,Dome of the Rock,,sepulchre,found,1,B_space
H2144,4,dropped,not_find,palestine-exploration-quarterly_1896:400:siloam_generic,palestine-exploration-quarterly_1896,1896,,400,346,running_head,siloam_generic,JER,feature,Siloam,,cistern,excavations,2,B_space
H2145,4,dropped,apparatus,palestine-exploration-quarterly_1897:11:jer_siloam,palestine-exploration-quarterly_1897,1897,,11,,,jer_siloam,JER,feature,Pool of Siloah,,grotto|tombs,discovered,1,B_space
H2146,4,dropped,apparatus,palestine-exploration-quarterly_1897:15:jer_siloam,palestine-exploration-quarterly_1897,1897,,15,,,jer_siloam,JER,feature,Pool of Siloah,,grotto|tombs,discovered|found,5,B_space
H2147,4,dropped,apparatus,palestine-exploration-quarterly_1897:15:kidron_generic,palestine-exploration-quarterly_1897,1897,,15,,,kidron_generic,JER,feature,Kedron,,chamber|grotto|tombs,discovered|found,1,B_space
H2148,4,dropped,apparatus,palestine-exploration-quarterly_1897:15:siloam_generic,palestine-exploration-quarterly_1897,1897,,15,,,siloam_generic,JER,feature,Siloah,,chamber|grotto|tombs,discovered|found,1,B_space
H2149,4,dropped,not_find,palestine-exploration-quarterly_1897:20:jer_siloam,palestine-exploration-quarterly_1897,1897,,20,2,inferred,jer_siloam,JER,feature,Pool of Siloam,,sepulchre,discovered|discovery|obtained,2,B_space
H2150,4,dropped,not_find,palestine-exploration-quarterly_1897:20:jer_south_wall,palestine-exploration-quarterly_1897,1897,,20,2,inferred,jer_south_wall,JER,feature,Double Gate,,sepulchre,cleared|discovered|obtained|purchased,1,B_space
H2151,4,dropped,not_find,palestine-exploration-quarterly_1897:20:siloam_generic,palestine-exploration-quarterly_1897,1897,,20,2,inferred,siloam_generic,JER,feature,Siloam,,sepulchre,cleared|discovered|obtained|purchased,1,B_space
H2152,4,dropped,not_find,palestine-exploration-quarterly_1897:76:mount_zion,palestine-exploration-quarterly_1897,1897,,76,52,running_head,mount_zion,JER,feature,tomb of David,,tomb,opened,1,B_space
H2153,4,dropped,other_place,palestine-exploration-quarterly_1897:78:jer_temple,palestine-exploration-quarterly_1897,1897,,78,54,running_head,jer_temple,JER,feature,Haram,,tomb,concealed,12,B_space
H2154,4,dropped,other_place,palestine-exploration-quarterly_1897:80:jer_temple,palestine-exploration-quarterly_1897,1897,,80,56,running_head,jer_temple,JER,feature,Haram,,cave,purchased,9,B_space
H2155,4,dropped,other_place,palestine-exploration-quarterly_1897:83:jer_temple,palestine-exploration-quarterly_1897,1897,,83,59,running_head,jer_temple,JER,feature,HARAM,,cave|pit,opening,3,B_space
H2156,4,dropped,not_find,palestine-exploration-quarterly_1897:89:jer_temple,palestine-exploration-quarterly_1897,1897,,89,65,running_head,jer_temple,JER,feature,Haram,,chambers,excavations|found,2,B_space
H2157,4,dropped,not_find,palestine-exploration-quarterly_1897:98:jer_siloam,palestine-exploration-quarterly_1897,1897,,98,74,running_head,jer_siloam,JER,feature,Pool of Siloam,,sepulchres,discover,3,B_space
H2158,4,dropped,not_find,palestine-exploration-quarterly_1897:98:siloam_generic,palestine-exploration-quarterly_1897,1897,,98,74,running_head,siloam_generic,JER,feature,Silwan,,sepulchres,discover,1,B_space
H2159,4,dropped,not_find,palestine-exploration-quarterly_1897:99:jer_siloam,palestine-exploration-quarterly_1897,1897,,99,75,page_numbers.json,jer_siloam,JER,feature,Gihon,,sepulchres|tomb,buried,4,B_space
H2160,4,dropped,not_find,palestine-exploration-quarterly_1897:99:jer_tyropoeon,palestine-exploration-quarterly_1897,1897,,99,75,page_numbers.json,jer_tyropoeon,JER,feature,Tyropeon,,chambers,excavations,1,B_space
H2161,4,dropped,not_find,palestine-exploration-quarterly_1897:107:jer_tombs_kings,palestine-exploration-quarterly_1897,1897,,107,83,page_numbers.json,jer_tombs_kings,JER,feature,Tombs of the Kings,,tomb|tombs,found,1,B_space
H2162,4,dropped,not_find,palestine-exploration-quarterly_1897:150:jer_kidron_mon,palestine-exploration-quarterly_1897,1897,,150,122,running_head,jer_kidron_mon,JER,feature,Absalom,,tomb,found|recently,1,B_space
H2163,4,dropped,not_find,palestine-exploration-quarterly_1897:150:siloam_generic,palestine-exploration-quarterly_1897,1897,,150,122,running_head,siloam_generic,JER,feature,Siloah,,tomb,found|recently,5,B_space
H2164,4,kept,,palestine-exploration-quarterly_1897:216:siloam_generic,palestine-exploration-quarterly_1897,1897,,216,180,running_head,siloam_generic,JER,feature,Siloam,,tombs,excavations,1,B_space
H2165,4,kept,,palestine-exploration-quarterly_1897:219:jer_tombs_kings,palestine-exploration-quarterly_1897,1897,,219,183,running_head,jer_tombs_kings,JER,feature,Tombs of the Kings,,chamber|tombs,clearing|found,2,B_space
H2166,4,dropped,not_find,palestine-exploration-quarterly_1897:220:jer_temple,palestine-exploration-quarterly_1897,1897,,220,184,running_head,jer_temple,JER,feature,Dome of the Rock,,cave|cistern|cisterns,found|opening,1,B_space
H2167,4,dropped,not_find,palestine-exploration-quarterly_1897:220:jer_tombs_kings,palestine-exploration-quarterly_1897,1897,,220,184,running_head,jer_tombs_kings,JER,feature,TOMBS OF THE KINGS,,chambers|cisterns|tombs,bought,1,B_space
H2168,4,dropped,not_find,palestine-exploration-quarterly_1897:222:jer_tombs_kings,palestine-exploration-quarterly_1897,1897,,222,186,running_head,jer_tombs_kings,JER,feature,Tombs of the Kings,,tombs,found,3,B_space
H2169,4,dropped,apparatus,palestine-exploration-quarterly_1897:288:jer_temple,palestine-exploration-quarterly_1897,1897,,288,246,running_head,jer_temple,JER,feature,Temple Area,,sepulchre,found,1,B_space
H2170,4,kept,,palestine-exploration-quarterly_1897:307:jer_siloam,palestine-exploration-quarterly_1897,1897,,307,263,running_head,jer_siloam,JER,feature,Pool of Siloam,,cistern,found,1,B_space
H2171,4,dropped,not_find,palestine-exploration-quarterly_1897:308:jer_siloam,palestine-exploration-quarterly_1897,1897,,308,264,running_head,jer_siloam,JER,feature,Pool of Siloam,,tombs,discovered|find,1,B_space
H2172,4,dropped,not_find,palestine-exploration-quarterly_1897:308:siloam_generic,palestine-exploration-quarterly_1897,1897,,308,264,running_head,siloam_generic,JER,feature,Siloam,,tombs,discovered,1,B_space
H2173,4,kept,,palestine-exploration-quarterly_1897:311:jer_temple,palestine-exploration-quarterly_1897,1897,,311,265,running_head,jer_temple,JER,feature,Aksa,,pit|tomb,discovered,2,B_space
H2174,4,kept,,palestine-exploration-quarterly_1897:315:jer_gethsemane,palestine-exploration-quarterly_1897,1897,,315,267,running_head,jer_gethsemane,JER,feature,Tomb of the Virgin,,chamber|chambers,found,1,B_space
H2175,4,dropped,duplicate_page,palestine-exploration-quarterly_1897:315:kidron_generic,palestine-exploration-quarterly_1897,1897,,315,267,running_head,kidron_generic,JER,feature,Valley of Jehoshaphat,,chamber|chambers|tomb,found,1,B_space
H2176,4,dropped,apparatus,palestine-exploration-quarterly_1898:14:mount_zion,palestine-exploration-quarterly_1898,1898,,14,,,mount_zion,JER,feature,Zion Gate,,cistern|sepulchre|tomb|tombs,excavations,1,B_space
H2177,4,dropped,apparatus,palestine-exploration-quarterly_1898:21:jer_temple,palestine-exploration-quarterly_1898,1898,,21,5,page_numbers.json,jer_temple,JER,feature,Temple Area,,sepulchre,found,1,B_space
H2178,4,dropped,other_place,palestine-exploration-quarterly_1898:104:jer_tombs_kings,palestine-exploration-quarterly_1898,1898,,104,82,running_head,jer_tombs_kings,JER,feature,Tombs of the Kings,,tomb,found|recently,1,B_space
H2179,4,dropped,other_place,palestine-exploration-quarterly_1898:105:jer_temple,palestine-exploration-quarterly_1898,1898,,105,83,page_numbers.json,jer_temple,JER,feature,Sakhra,,cistern|graves,cleared|find|found,2,B_space
H2180,4,dropped,other_place,palestine-exploration-quarterly_1898:199:jer_gethsemane,palestine-exploration-quarterly_1898,1898,,199,151,inferred,jer_gethsemane,JER,feature,Gethsemane,,cistern,found,1,B_space
H2181,4,dropped,not_find,palestine-exploration-quarterly_1898:211:jer_siloam,palestine-exploration-quarterly_1898,1898,,211,161,running_head,jer_siloam,JER,feature,pool of Siloah,,sepulchres,excavations,4,B_space
H2182,4,dropped,not_find,palestine-exploration-quarterly_1898:211:siloam_generic,palestine-exploration-quarterly_1898,1898,,211,161,running_head,siloam_generic,JER,feature,Siloam,,sepulchres|tomb,discoverer|find,2,B_space
H2183,4,dropped,not_find,palestine-exploration-quarterly_1898:212:siloam_generic,palestine-exploration-quarterly_1898,1898,,212,162,running_head,siloam_generic,JER,feature,Siloam,,cave|tomb|tombs,discovered|found|lately,3,B_space
H2184,4,dropped,not_find,palestine-exploration-quarterly_1898:213:jer_siloam,palestine-exploration-quarterly_1898,1898,,213,163,running_head,jer_siloam,JER,feature,Gihon,,tombs,buried,4,B_space
H2185,4,dropped,not_find,palestine-exploration-quarterly_1898:213:siloam_generic,palestine-exploration-quarterly_1898,1898,,213,163,running_head,siloam_generic,JER,feature,Silw4n,,tombs,buried,4,B_space
H2186,4,dropped,apparatus,palestine-exploration-quarterly_1898:215:siloam_generic,palestine-exploration-quarterly_1898,1898,,215,165,running_head,siloam_generic,JER,feature,SILOAM,,tomb,cleared,1,B_space
H2187,4,dropped,not_find,palestine-exploration-quarterly_1898:216:jer_se_corner,palestine-exploration-quarterly_1898,1898,,216,166,running_head,jer_se_corner,JER,feature,south-east angle,,vault,concealed,1,B_space
H2188,4,dropped,not_find,palestine-exploration-quarterly_1898:216:jer_siloam,palestine-exploration-quarterly_1898,1898,,216,166,running_head,jer_siloam,JER,feature,Pool of Siloam,,vault,concealed,3,B_space
H2189,4,dropped,not_find,palestine-exploration-quarterly_1898:216:jer_temple,palestine-exploration-quarterly_1898,1898,,216,166,running_head,jer_temple,JER,feature,Haram,,vault,concealed,1,B_space
H2190,4,dropped,not_find,palestine-exploration-quarterly_1898:216:jer_tombs_kings,palestine-exploration-quarterly_1898,1898,,216,166,running_head,jer_tombs_kings,JER,feature,tomb of the Kings,,tomb|vault,concealed,2,B_space
H2191,4,dropped,not_find,palestine-exploration-quarterly_1898:216:siloam_generic,palestine-exploration-quarterly_1898,1898,,216,166,running_head,siloam_generic,JER,feature,SILOAM,,tomb|vault,concealed,1,B_space
H2192,4,dropped,apparatus,palestine-exploration-quarterly_1898:269:jer_temple,palestine-exploration-quarterly_1898,1898,,269,211,running_head,jer_temple,JER,feature,Temple Area,,sepulchre,found,1,B_space
H2193,4,dropped,apparatus,palestine-exploration-quarterly_1899:10:jer_siloam,palestine-exploration-quarterly_1899,1899,,10,273,running_head,jer_siloam,JER,feature,Gihon,,cistern,discovery,1,B_space
H2194,4,dropped,apparatus,palestine-exploration-quarterly_1899:27:jer_temple,palestine-exploration-quarterly_1899,1899,,27,9,page_numbers.json,jer_temple,JER,feature,Temple Area,,sepulchre,found,1,B_space
H2195,4,dropped,other_place,palestine-exploration-quarterly_1899:77:siloam_generic,palestine-exploration-quarterly_1899,1899,,77,45,running_head,siloam_generic,JER,feature,Siloam,,cistern,found,1,B_space
H2196,4,dropped,not_find,palestine-exploration-quarterly_1899:97:jer_temple,palestine-exploration-quarterly_1899,1899,,97,65,page_numbers.json,jer_temple,JER,feature,Haram,,grotto|tombs,found,1,B_space
H2197,4,dropped,not_find,palestine-exploration-quarterly_1899:97:jer_tombs_kings,palestine-exploration-quarterly_1899,1899,,97,65,page_numbers.json,jer_tombs_kings,JER,feature,tombs of the kings,,grotto|tombs,found,1,B_space
H2198,4,dropped,apparatus,palestine-exploration-quarterly_1899:121:jer_temple,palestine-exploration-quarterly_1899,1899,,121,85,running_head,jer_temple,JER,feature,Temple Area,,sepulchre,found,1,B_space
H2199,4,dropped,ocr_noise,palestine-exploration-quarterly_1899:242:jer_baqa,palestine-exploration-quarterly_1899,1899,,242,182,running_head,jer_baqa,JER,feature,baked,,chambers,discovered|unearthed,1,B_space
H2200,4,dropped,not_find,palestine-exploration-quarterly_1899:287:kidron_generic,palestine-exploration-quarterly_1899,1899,,287,217,running_head,kidron_generic,JER,feature,Kedron,,grotto,excavations|found,2,B_space
H2201,4,dropped,not_find,palestine-exploration-quarterly_1899:345:mount_zion,palestine-exploration-quarterly_1899,1899,,345,273,running_head,mount_zion,JER,feature,tomb of David,,sepulchres,discover,1,B_space
H2202,4,dropped,not_find,palestine-exploration-quarterly_1899:348:mount_zion,palestine-exploration-quarterly_1899,1899,,348,276,running_head,mount_zion,JER,feature,tomb of David,,sepulchres,discovery|find,1,B_space
H2203,4,dropped,other_place,palestine-exploration-quarterly_1900:96:jer_tombs_kings,palestine-exploration-quarterly_1900,1900,,96,58,running_head,jer_tombs_kings,JER,feature,Tombs of the Kings,,chamber|sepulchral|tomb|tombs,found,1,B_space
H2204,4,kept,,palestine-exploration-quarterly_1900:204:jer_tombs_kings,palestine-exploration-quarterly_1900,1900,,204,144,running_head,jer_tombs_kings,JER,feature,tombs of the kings,,cistern|tomb,discovered|found,1,B_space
H2205,4,kept,,palestine-exploration-quarterly_1900:258:jer_tombs_kings,palestine-exploration-quarterly_1900,1900,,258,196,running_head,jer_tombs_kings,JER,feature,Tombs of the Kings,,graves,found|recently,1,B_space
H2206,4,kept,,palestine-exploration-quarterly_1900:335:jer_bir_ayyub,palestine-exploration-quarterly_1900,1900,,335,251,inferred,jer_bir_ayyub,JER,feature,En Rogel,,cave,found|opening,6,B_space
H2207,5,dropped,apparatus,palestine-exploration-quarterly_1901:16:jer_bethesda,palestine-exploration-quarterly_1901,1901,,16,,,jer_bethesda,JER,feature,Bethesda,,sepulchral,discovery,1,B_space
H2208,5,kept,,palestine-exploration-quarterly_1901:187:jer_bethesda,palestine-exploration-quarterly_1901,1901,,187,163,running_head,jer_bethesda,JER,feature,BETHESDA,,caves,discovery|excavations,6,B_space
H2209,5,dropped,not_find,palestine-exploration-quarterly_1901:330:jer_tombs_kings,palestine-exploration-quarterly_1901,1901,,330,304,running_head,jer_tombs_kings,JER,feature,Tombs of the Kings,,chamber|loculi|sepulchre,buried|dug|excavated|found,1,B_space
H2210,5,dropped,apparatus,palestine-exploration-quarterly_1902:10:jer_siloam,palestine-exploration-quarterly_1902,1902,,10,,,jer_siloam,JER,feature,Virgin’s Fountain,,tomb,discovered|recently,1,B_space
H2211,5,dropped,apparatus,palestine-exploration-quarterly_1902:12:jer_siloam,palestine-exploration-quarterly_1902,1902,,12,,,jer_siloam,JER,feature,Virgin’s Fountain,,grotto|tomb,found,2,B_space
H2212,5,kept,,palestine-exploration-quarterly_1902:18:mount_zion,palestine-exploration-quarterly_1902,1902,,18,2,inferred,mount_zion,JER,feature,Zion Gate,,cisterns|tomb,excavating|excavations|found|purchased,1,B_space
H2213,5,dropped,not_find,palestine-exploration-quarterly_1902:50:siloam_generic,palestine-exploration-quarterly_1902,1902,,50,34,running_head,siloam_generic,JER,feature,Siloam,,cave,excavated|found,1,B_space
H2214,5,dropped,not_find,palestine-exploration-quarterly_1902:54:kidron_generic,palestine-exploration-quarterly_1902,1902,,54,38,page_numbers.json,kidron_generic,JER,feature,Kedron,,caves|grotto,found,1,B_space
H2215,5,dropped,not_find,palestine-exploration-quarterly_1902:123:mount_zion,palestine-exploration-quarterly_1902,1902,,123,101,running_head,mount_zion,JER,feature,Protestant cemetery,,vault,buried,2,B_space
H2216,5,dropped,not_find,palestine-exploration-quarterly_1902:123:siloam_generic,palestine-exploration-quarterly_1902,1902,,123,101,running_head,siloam_generic,JER,feature,Siloam,,vault,buried,1,B_space
H2217,5,dropped,not_find,palestine-exploration-quarterly_1902:126:tell_el_ful,palestine-exploration-quarterly_1902,1902,,126,104,running_head,tell_el_ful,JER,feature,Gibeah,,cave,buried,1,B_space
H2218,5,dropped,not_find,palestine-exploration-quarterly_1902:226:jer_siloam,palestine-exploration-quarterly_1902,1902,,226,196,running_head,jer_siloam,JER,feature,Fountain of the Virgin,,vault,lately,1,B_space
H2219,5,dropped,not_find,palestine-exploration-quarterly_1902:244:jer_siloam,palestine-exploration-quarterly_1902,1902,,244,214,running_head,jer_siloam,JER,feature,Virgin’s Fountain,,grotto,discoveries|discovery,1,B_space
H2220,5,dropped,other_place,palestine-exploration-quarterly_1902:275:jer_tombs_kings,palestine-exploration-quarterly_1902,1902,,275,245,running_head,jer_tombs_kings,JER,feature,Tombs of the Kings,,sepulchre|tomb,found,1,B_space
H2221,5,kept,,palestine-exploration-quarterly_1902:278:kidron_generic,palestine-exploration-quarterly_1902,1902,,278,248,running_head,kidron_generic,JER,feature,Kedron,,chamber|graves|tombs,excavations,1,B_space
H2222,5,dropped,not_find,palestine-exploration-quarterly_1902:330:jer_gethsemane,palestine-exploration-quarterly_1902,1902,,330,294,running_head,jer_gethsemane,JER,feature,Gethsemane,,sepulchre,uncovered,1,B_space
H2223,5,dropped,not_find,palestine-exploration-quarterly_1902:429:mount_zion,palestine-exploration-quarterly_1902,1902,,429,391,running_head,mount_zion,JER,feature,Gobat’s School,,cistern,discovered|found|obtained,1,B_space
H2224,5,dropped,not_find,palestine-exploration-quarterly_1902:430:jer_temple,palestine-exploration-quarterly_1902,1902,,430,392,running_head,jer_temple,JER,feature,Haram,,sepulchre,find,2,B_space
H2225,5,dropped,other_place,palestine-exploration-quarterly_1903:95:jer_gethsemane,palestine-exploration-quarterly_1903,1903,,95,77,inferred,jer_gethsemane,JER,feature,Gethsemane,,cisterns|sepulchre,found,1,B_space
H2226,5,dropped,apparatus,palestine-exploration-quarterly_1903:121:jer_temple,palestine-exploration-quarterly_1903,1903,,121,103,running_head,jer_temple,JER,feature,Temple Area,,sepulchre,found,1,B_space
H2227,5,kept,,palestine-exploration-quarterly_1903:175:mount_zion,palestine-exploration-quarterly_1903,1903,,175,153,inferred,mount_zion,JER,feature,Greek cemetery,,graves,digging,2,B_space
H2228,5,dropped,not_find,palestine-exploration-quarterly_1903:273:jer_tombs_kings,palestine-exploration-quarterly_1903,1903,,273,249,inferred,jer_tombs_kings,JER,feature,Tombs of the Kings,,chamber|grave|sepulchre|tomb|tombs,concealed,1,B_space
H2229,5,dropped,other_place,palestine-exploration-quarterly_1903:353:jer_temple,palestine-exploration-quarterly_1903,1903,,353,323,running_head,jer_temple,JER,feature,temple area,,cistern,found,1,B_space
H2230,5,dropped,other_place,palestine-exploration-quarterly_1903:356:jer_tombs_kings,palestine-exploration-quarterly_1903,1903,,356,326,running_head,jer_tombs_kings,JER,feature,Tombs of the Kings,,chamber|chambers|tomb,excavation|opened|recently,1,B_space
H2231,5,dropped,not_find,palestine-exploration-quarterly_1903:383:mount_zion,palestine-exploration-quarterly_1903,1903,,383,353,running_head,mount_zion,JER,feature,Mount Sion,,chamber,excavate,3,B_space
H2232,5,dropped,apparatus,palestine-exploration-quarterly_1904:14:jer_siloam,palestine-exploration-quarterly_1904,1904,,14,,,jer_siloam,JER,feature,Pool of Siloam,,tomb|tombs,discovery|excavations,1,B_space
H2233,5,dropped,apparatus,palestine-exploration-quarterly_1904:124:jer_temple,palestine-exploration-quarterly_1904,1904,,124,98,inferred,jer_temple,JER,feature,Temple Area,,sepulchre,discovery,1,B_space
H2234,5,kept,,palestine-exploration-quarterly_1904:125:jer_bethesda,palestine-exploration-quarterly_1904,1904,,125,99,inferred,jer_bethesda,JER,feature,St. Anne’s,,caves|chamber,excavations|found,1,B_space
H2235,5,dropped,duplicate_page,palestine-exploration-quarterly_1904:284:tell_el_ful,palestine-exploration-quarterly_1904,1904,,284,254,running_head,tell_el_ful,JER,feature,Gibeah,,sepulchral,excavated|excavations,2,B_space
H2236,5,dropped,not_find,palestine-exploration-quarterly_1904:312:jer_bethesda,palestine-exploration-quarterly_1904,1904,,312,282,page_numbers.json,jer_bethesda,JER,feature,Sainte Anne,,chamber,discovered,4,B_space
H2237,5,dropped,other_place,palestine-exploration-quarterly_1904:367:kidron_generic,palestine-exploration-quarterly_1904,1904,,367,337,running_head,kidron_generic,JER,feature,Kedron,,tombs,excavations|found,1,B_space
H2238,5,dropped,apparatus,palestine-exploration-quarterly_1904:436:jer_temple,palestine-exploration-quarterly_1904,1904,,436,406,inferred,jer_temple,JER,feature,Temple Area,,sepulchre,discovery,1,B_space
H2239,5,dropped,apparatus,palestine-exploration-quarterly_1904:454:jer_temple,palestine-exploration-quarterly_1904,1904,,454,424,inferred,jer_temple,JER,feature,Temple Area,,sepulchre,discovery,1,B_space
H2240,5,kept,,palestine-exploration-quarterly_1905:18:jer_tombs_kings,palestine-exploration-quarterly_1905,1905,,18,2,inferred,jer_tombs_kings,JER,feature,Tombs of the Kings,,chamber,came upon|digging,1,B_space
H2241,5,dropped,not_find,palestine-exploration-quarterly_1905:184:jer_bethesda,palestine-exploration-quarterly_1905,1905,,184,162,running_head,jer_bethesda,JER,feature,St. Anne,,cistern,discoveries,3,B_space
H2242,5,dropped,not_find,palestine-exploration-quarterly_1905:258:jer_temple,palestine-exploration-quarterly_1905,1905,,258,234,running_head,jer_temple,JER,feature,Hardm,,tombs,discovered,1,B_space
H2243,5,dropped,not_find,palestine-exploration-quarterly_1905:291:jer_temple,palestine-exploration-quarterly_1905,1905,,291,267,running_head,jer_temple,JER,feature,Haram,,cisterns,excavated,2,B_space
H2244,5,dropped,apparatus,palestine-exploration-quarterly_1905:400:jer_temple,palestine-exploration-quarterly_1905,1905,,400,372,inferred,jer_temple,JER,feature,Temple Area,,sepulchre,discovery,1,B_space
H2245,5,dropped,apparatus,palestine-exploration-quarterly_1905:406:jer_temple,palestine-exploration-quarterly_1905,1905,,406,378,inferred,jer_temple,JER,feature,Temple Area,,sepulchre,discovery,1,B_space
H2246,5,dropped,apparatus,palestine-exploration-quarterly_1905:412:jer_temple,palestine-exploration-quarterly_1905,1905,,412,384,inferred,jer_temple,JER,feature,Temple Area,,sepulchre,discovery,1,B_space
H2247,5,dropped,apparatus,palestine-exploration-quarterly_1905:418:jer_temple,palestine-exploration-quarterly_1905,1905,,418,390,inferred,jer_temple,JER,feature,Temple Area,,sepulchre,discovery,1,B_space
H2248,5,dropped,other_place,palestine-exploration-quarterly_1906:108:jer_south_wall,palestine-exploration-quarterly_1906,1906,,108,90,running_head,jer_south_wall,JER,feature,Triple Gate,,cavern|chambers,found,1,B_space
H2249,5,kept,,palestine-exploration-quarterly_1906:109:mount_zion,palestine-exploration-quarterly_1906,1906,,109,91,running_head,mount_zion,JER,feature,Zion Gate,,vault,found,1,B_space
H2250,5,dropped,apparatus,palestine-exploration-quarterly_1906:186:jer_temple,palestine-exploration-quarterly_1906,1906,,186,166,running_head,jer_temple,JER,feature,Temple Area,,sepulchre,discovery,1,B_space
H2251,5,dropped,apparatus,palestine-exploration-quarterly_1906:192:jer_temple,palestine-exploration-quarterly_1906,1906,,192,166,running_head,jer_temple,JER,feature,Temple Area,,sepulchre,discovery,1,B_space
H2252,5,dropped,not_find,palestine-exploration-quarterly_1906:196:jer_south_wall,palestine-exploration-quarterly_1906,1906,,196,164,running_head,jer_south_wall,JER,feature,Triple Gate,,cavern|sepulchre,found,1,B_space
H2253,5,dropped,not_find,palestine-exploration-quarterly_1906:314:mount_zion,palestine-exploration-quarterly_1906,1906,,314,280,running_head,mount_zion,JER,feature,Tomb of David,,tomb|tombs,buried|find,1,B_space
H2254,5,dropped,not_find,palestine-exploration-quarterly_1906:314:siloam_generic,palestine-exploration-quarterly_1906,1906,,314,280,running_head,siloam_generic,JER,feature,Siloam,,tombs,buried|discovered|find,1,B_space
H2255,5,dropped,not_find,palestine-exploration-quarterly_1906:315:jer_bethesda,palestine-exploration-quarterly_1906,1906,,315,281,page_numbers.json,jer_bethesda,JER,feature,Birket Israil,,tombs,discovered|found,2,B_space
H2256,5,dropped,not_find,palestine-exploration-quarterly_1906:316:mount_zion,palestine-exploration-quarterly_1906,1906,,316,282,running_head,mount_zion,JER,feature,Tomb of David,,tomb,discovered,2,B_space
H2257,5,dropped,apparatus,palestine-exploration-quarterly_1906:368:jer_temple,palestine-exploration-quarterly_1906,1906,,368,334,inferred,jer_temple,JER,feature,Temple Area,,sepulchre,discovery,1,B_space
H2258,5,dropped,apparatus,palestine-exploration-quarterly_1906:374:jer_temple,palestine-exploration-quarterly_1906,1906,,374,6,inferred,jer_temple,JER,feature,Temple Area,,sepulchre,discovery,1,B_space
H2259,5,dropped,apparatus,palestine-exploration-quarterly_1906:386:jer_temple,palestine-exploration-quarterly_1906,1906,,386,18,inferred,jer_temple,JER,feature,Temple Area,,sepulchre,discovery,1,B_space
H2260,5,dropped,not_find,palestine-exploration-quarterly_1907:67:jer_baqa,palestine-exploration-quarterly_1907,1907,,67,55,running_head,jer_baqa,JER,feature,Rephaim,,cistern|grotto|sepulchre|tomb,concealed,1,B_space
H2261,5,dropped,not_find,palestine-exploration-quarterly_1907:67:jer_bir_ayyub,palestine-exploration-quarterly_1907,1907,,67,55,running_head,jer_bir_ayyub,JER,feature,En-Rogel,,cistern|grotto|sepulchre,buried|concealed,3,B_space
H2262,5,dropped,not_find,palestine-exploration-quarterly_1907:67:jer_gethsemane,palestine-exploration-quarterly_1907,1907,,67,55,running_head,jer_gethsemane,JER,feature,Gethsemane,,grotto|sepulchre|sepulchres,buried,1,B_space
H2263,5,dropped,not_find,palestine-exploration-quarterly_1907:67:kidron_generic,palestine-exploration-quarterly_1907,1907,,67,55,running_head,kidron_generic,JER,feature,Kedron,,grotto|sepulchres,buried|concealed,1,B_space
H2264,5,dropped,not_find,palestine-exploration-quarterly_1907:67:siloam_generic,palestine-exploration-quarterly_1907,1907,,67,55,running_head,siloam_generic,JER,feature,Siloam,,grotto|sepulchre|sepulchres,buried,1,B_space
H2265,5,kept,,palestine-exploration-quarterly_1907:151:jer_gethsemane,palestine-exploration-quarterly_1907,1907,,151,137,page_numbers.json,jer_gethsemane,JER,feature,Gethsemane,,sepulchre,bought,1,B_space
H2266,5,dropped,not_find,palestine-exploration-quarterly_1907:249:jer_tombs_kings,palestine-exploration-quarterly_1907,1907,,249,233,running_head,jer_tombs_kings,JER,feature,Tombs of the Kings,,tomb|tombs,found,1,B_space
H2267,5,dropped,apparatus,palestine-exploration-quarterly_1907:348:jer_temple,palestine-exploration-quarterly_1907,1907,,348,332,inferred,jer_temple,JER,feature,Temple Area,,sepulchre,discovery,1,B_space
H2268,5,dropped,not_find,palestine-exploration-quarterly_1908:367:jer_tombs_kings,palestine-exploration-quarterly_1908,1908,,367,335,page_numbers.json,jer_tombs_kings,JER,feature,Tombs of the Kings,,caverns,discovered,1,B_space
H2269,5,dropped,not_find,palestine-exploration-quarterly_1910:32:jer_temple,palestine-exploration-quarterly_1910,1910,,32,22,running_head,jer_temple,JER,feature,Sakhra,,vaults,excavated,8,B_space
H2270,5,dropped,not_find,palestine-exploration-quarterly_1910:239:mount_zion,palestine-exploration-quarterly_1910,1910,,239,213,page_numbers.json,mount_zion,JER,feature,Mount Sion,,cave,found,3,B_space
H2271,5,dropped,not_find,palestine-exploration-quarterly_1910:240:siloam_generic,palestine-exploration-quarterly_1910,1910,,240,214,page_numbers.json,siloam_generic,JER,feature,Siloa,,cave|cavern,opened,1,B_space
H2272,5,dropped,not_find,palestine-exploration-quarterly_1910:265:jer_gethsemane,palestine-exploration-quarterly_1910,1910,,265,237,page_numbers.json,jer_gethsemane,JER,feature,Gethsemane,,cavern|grotto|tomb,finds,2,B_space
H2273,5,dropped,not_find,palestine-exploration-quarterly_1910:313:tell_el_ful,palestine-exploration-quarterly_1910,1910,,313,285,page_numbers.json,tell_el_ful,JER,feature,Gibeah,,tomb,buried,6,B_space
H2274,5,dropped,apparatus,palestine-exploration-quarterly_1910:330:jer_temple,palestine-exploration-quarterly_1910,1910,,330,302,inferred,jer_temple,JER,feature,Temple Area,,sepulchre,discovery,1,B_space
H2275,5,dropped,apparatus,palestine-exploration-quarterly_1910:336:jer_temple,palestine-exploration-quarterly_1910,1910,,336,308,inferred,jer_temple,JER,feature,Temple Area,,sepulchre,discovery,1,B_space
H2276,5,dropped,apparatus,palestine-exploration-quarterly_1910:342:jer_temple,palestine-exploration-quarterly_1910,1910,,342,314,inferred,jer_temple,JER,feature,Temple Area,,sepulchre,discovery,1,B_space
H2277,5,dropped,apparatus,palestine-exploration-quarterly_1910:348:jer_temple,palestine-exploration-quarterly_1910,1910,,348,320,inferred,jer_temple,JER,feature,Temple Area,,sepulchre,discovery,1,B_space
H2278,5,dropped,apparatus,palestine-exploration-quarterly_1910:356:jer_temple,palestine-exploration-quarterly_1910,1910,,356,328,inferred,jer_temple,JER,feature,Temple Area,,sepulchre,discovery,1,B_space
H2279,5,dropped,apparatus,palestine-exploration-quarterly_1910:362:jer_temple,palestine-exploration-quarterly_1910,1910,,362,334,inferred,jer_temple,JER,feature,Temple Area,,sepulchre,discovery,1,B_space
H2280,5,dropped,apparatus,palestine-exploration-quarterly_1910:368:jer_temple,palestine-exploration-quarterly_1910,1910,,368,340,inferred,jer_temple,JER,feature,Temple Area,,sepulchre,discovery,1,B_space
H2281,5,dropped,apparatus,palestine-exploration-quarterly_1910:374:jer_temple,palestine-exploration-quarterly_1910,1910,,374,6,page_numbers.json,jer_temple,JER,feature,Temple Area,,sepulchre,discovery,1,B_space
H2282,5,dropped,not_find,palestine-exploration-quarterly_1911:113:siloam_generic,palestine-exploration-quarterly_1911,1911,,113,101,running_head,siloam_generic,JER,feature,Siloam,,tomb,buried,1,B_space
H2283,5,dropped,not_find,palestine-exploration-quarterly_1911:113:tell_el_ful,palestine-exploration-quarterly_1911,1911,,113,101,running_head,tell_el_ful,JER,feature,Gibeah,,tomb,buried,7,B_space
H2284,5,dropped,not_find,palestine-exploration-quarterly_1911:114:tell_el_ful,palestine-exploration-quarterly_1911,1911,,114,102,running_head,tell_el_ful,JER,feature,Gibeah,,cave,found,7,B_space
H2285,5,dropped,other_place,palestine-exploration-quarterly_1911:140:jer_bethesda,palestine-exploration-quarterly_1911,1911,,140,126,running_head,jer_bethesda,JER,feature,St. Anne,,sepulchre,discovery|excavated|lately,1,B_space
H2286,5,dropped,not_find,palestine-exploration-quarterly_1911:180:tell_el_ful,palestine-exploration-quarterly_1911,1911,,180,162,running_head,tell_el_ful,JER,feature,Gibeah,,tomb,digging,4,B_space
H2287,5,dropped,not_find,palestine-exploration-quarterly_1911:206:mount_zion,palestine-exploration-quarterly_1911,1911,,206,188,running_head,mount_zion,JER,feature,tomb of David,,sepulchre|tomb|tombs,buried,3,B_space
H2288,5,dropped,not_find,palestine-exploration-quarterly_1911:206:siloam_generic,palestine-exploration-quarterly_1911,1911,,206,188,running_head,siloam_generic,JER,feature,Siloam,,sepulchre|sepulchres|tomb|tombs,buried,3,B_space
H2289,5,dropped,not_find,palestine-exploration-quarterly_1911:207:mount_zion,palestine-exploration-quarterly_1911,1911,,207,189,running_head,mount_zion,JER,feature,tomb of David,,tomb,buried,1,B_space
H2290,5,dropped,duplicate_page,palestine-exploration-quarterly_1912:45:jer_se_corner,palestine-exploration-quarterly_1912,1912,,45,37,running_head,jer_se_corner,JER,feature,Stables of Solomon,,cisterns,opened,1,B_space
H2291,5,dropped,not_find,palestine-exploration-quarterly_1912:82:jer_bir_ayyub,palestine-exploration-quarterly_1912,1912,,82,72,running_head,jer_bir_ayyub,JER,feature,En Rogel,,sepulchre,find,4,B_space
H2292,5,dropped,not_find,palestine-exploration-quarterly_1912:144:jer_tombs_kings,palestine-exploration-quarterly_1912,1912,,144,126,running_head,jer_tombs_kings,JER,feature,Tombs of the Kings,,chamber|tomb|tombs,found,1,B_space
H2293,5,dropped,apparatus,palestine-exploration-quarterly_1912:282:jer_temple,palestine-exploration-quarterly_1912,1912,,282,36,inferred,jer_temple,JER,feature,Temple Area,,sepulchre,discovery,1,B_space
H2294,5,dropped,apparatus,palestine-exploration-quarterly_1912:288:jer_temple,palestine-exploration-quarterly_1912,1912,,288,42,inferred,jer_temple,JER,feature,Temple Area,,sepulchre,discovery,1,B_space
H2295,5,dropped,apparatus,palestine-exploration-quarterly_1912:294:jer_temple,palestine-exploration-quarterly_1912,1912,,294,48,inferred,jer_temple,JER,feature,Temple Area,,sepulchre,discovery,1,B_space
H2296,5,dropped,apparatus,palestine-exploration-quarterly_1912:300:jer_temple,palestine-exploration-quarterly_1912,1912,,300,54,inferred,jer_temple,JER,feature,Temple Area,,sepulchre,discovery,1,B_space
H2297,5,dropped,apparatus,palestine-exploration-quarterly_1912:306:jer_temple,palestine-exploration-quarterly_1912,1912,,306,60,inferred,jer_temple,JER,feature,Temple Area,,sepulchre,discovery,1,B_space
H2298,5,dropped,apparatus,palestine-exploration-quarterly_1912:324:jer_temple,palestine-exploration-quarterly_1912,1912,,324,6,inferred,jer_temple,JER,feature,Temple Area,,sepulchre,discovery,1,B_space
H2299,5,dropped,not_find,palestine-exploration-quarterly_1913:41:jer_bethesda,palestine-exploration-quarterly_1913,1913,,41,25,page_numbers.json,jer_bethesda,JER,feature,Sheep Pool,,sepulchre,buried,1,B_space
H2300,5,dropped,not_find,palestine-exploration-quarterly_1913:41:jer_gethsemane,palestine-exploration-quarterly_1913,1913,,41,25,page_numbers.json,jer_gethsemane,JER,feature,Gethsemane,,sepulchre,buried,2,B_space
H2301,5,dropped,not_find,palestine-exploration-quarterly_1913:41:kidron_generic,palestine-exploration-quarterly_1913,1913,,41,25,page_numbers.json,kidron_generic,JER,feature,Valley of Jehoshaphat,,sepulchre,buried,2,B_space
H2302,5,dropped,not_find,palestine-exploration-quarterly_1913:49:jer_gethsemane,palestine-exploration-quarterly_1913,1913,,49,31,page_numbers.json,jer_gethsemane,JER,feature,Gethsemane,,sepulchre|tomb,find,3,B_space
H2303,5,kept,,palestine-exploration-quarterly_1913:154:tell_el_ful,palestine-exploration-quarterly_1913,1913,,154,134,running_head,tell_el_ful,JER,feature,TELL EL-FUL,,tombs,purchased,2,B_space
H2304,5,dropped,not_find,palestine-exploration-quarterly_1914:126:tell_el_ful,palestine-exploration-quarterly_1914,1914,,126,118,running_head,tell_el_ful,JER,feature,Gibeah,,pit,found,5,B_space
H2305,5,dropped,apparatus,palestine-exploration-quarterly_1914:224:jer_temple,palestine-exploration-quarterly_1914,1914,,224,214,inferred,jer_temple,JER,feature,Temple Area,,sepulchre,discovery,1,B_space
H2306,5,dropped,apparatus,palestine-exploration-quarterly_1914:230:jer_temple,palestine-exploration-quarterly_1914,1914,,230,220,inferred,jer_temple,JER,feature,Temple Area,,sepulchre,discovery,1,B_space
H2307,5,dropped,apparatus,palestine-exploration-quarterly_1914:236:jer_temple,palestine-exploration-quarterly_1914,1914,,236,226,inferred,jer_temple,JER,feature,Temple Area,,sepulchre,discovery,1,B_space
H2308,5,dropped,apparatus,palestine-exploration-quarterly_1914:242:jer_temple,palestine-exploration-quarterly_1914,1914,,242,232,inferred,jer_temple,JER,feature,Temple Area,,sepulchre,discovery,1,B_space
H2309,5,dropped,apparatus,palestine-exploration-quarterly_1914:248:jer_temple,palestine-exploration-quarterly_1914,1914,,248,238,inferred,jer_temple,JER,feature,Temple Area,,sepulchre,discovery,1,B_space
H2310,5,dropped,apparatus,palestine-exploration-quarterly_1914:254:jer_temple,palestine-exploration-quarterly_1914,1914,,254,244,inferred,jer_temple,JER,feature,Temple Area,,sepulchre,discovery,1,B_space
H2311,5,dropped,apparatus,palestine-exploration-quarterly_1914:260:jer_temple,palestine-exploration-quarterly_1914,1914,,260,2,inferred,jer_temple,JER,feature,Temple Area,,sepulchre,discovery,1,B_space
