look_id,entry_id,place_id,relation_id,required_feature,reading_condition,placement_relevant,record,record_key,record_id,lineage,looked_at,coverage,coverage_basis,p_recognise,p_recognise_basis,p_report,p_report_basis,p_survive,p_survive_basis,result,result_basis,satisfies_requirement,counted_via,project_use,notes
ASI-L001,1,ain_duk,R-E1-RUIN,ruin (T02 entry_features landmark class; ASI classes settlement_ruin),,yes,"Haim Goldfus & Amir Golani, ASI Map of Wadi el-Makokh - Benjamin archaeological survey (83/12), records within 1 km of the place (survey.iaa.org.il; printed pages not given online)",ASI Map 83/12,,ASI Map 83/12 field survey (Haim Goldfus & Amir Golani),ASI Map 83/12 sheet within 1 km of ain_duk (2 records within 1 km),,UNKNOWN: the introduction says 'This was a full coverage survey of the area' (full coverage); the 1 km circle extends beyond this sheet,,UNKNOWN: no detection rate stated; the introduction says 'most of the sites in this area are single structures',,UNKNOWN: the source gives no reporting rate,,UNKNOWN: not stated,silent,EVIDENCE: none of the 2 records of this map within 1 km is coded settlement_ruin by the frozen keyword rule,,,research/regional/asi_jerusalem (exploratory; not used by the model),No identification is implied.
ASI-L002,1,ain_duk,R-E1-STEPS,steps (T02 entry_features landmark class; ASI classes steps),,yes,"Haim Goldfus & Amir Golani, ASI Map of Wadi el-Makokh - Benjamin archaeological survey (83/12), records within 1 km of the place (survey.iaa.org.il; printed pages not given online)",ASI Map 83/12,,ASI Map 83/12 field survey (Haim Goldfus & Amir Golani),ASI Map 83/12 sheet within 1 km of ain_duk (2 records within 1 km),,UNKNOWN: the introduction says 'This was a full coverage survey of the area' (full coverage); the 1 km circle extends beyond this sheet,,UNKNOWN: no detection rate stated; the introduction says 'most of the sites in this area are single structures',,UNKNOWN: the source gives no reporting rate,,UNKNOWN: not stated,silent,EVIDENCE: none of the 2 records of this map within 1 km is coded steps by the frozen keyword rule,,,research/regional/asi_jerusalem (exploratory; not used by the model),No identification is implied.
ASI-L003,1,buqeia,R-E1-RUIN,ruin (T02 entry_features landmark class; ASI classes settlement_ruin),,yes,"Joseph Patrich, ASI Map of Deir Mar Saba (109/7), sites 71, 74 (survey.iaa.org.il; printed pages not given online)",ASI Map 109/7,,ASI Map 109/7 field survey (Joseph Patrich),ASI Map 109/7 sheet within 1 km of buqeia (6 records within 1 km),,UNKNOWN: the introduction says 'A systematic survey of the area of Map of Deir Mar Saba' (systematic (no explicit full-area statement)),,UNKNOWN: no detection rate stated,,UNKNOWN: the source gives no reporting rate,,UNKNOWN: not stated,reported,"EVIDENCE: ASI record(s) within 1 km coded settlement_ruin by the frozen keyword rule (sites 71, 74)",unknown,,research/regional/asi_jerusalem (exploratory; not used by the model),0 of 2 hit sites date a matching feature in or partly in the window by the record text; No identification is implied.
ASI-L004,1,buqeia,R-E1-STEPS,steps (T02 entry_features landmark class; ASI classes steps),,yes,"Joseph Patrich, ASI Map of Deir Mar Saba (109/7), records within 1 km of the place (survey.iaa.org.il; printed pages not given online)",ASI Map 109/7,,ASI Map 109/7 field survey (Joseph Patrich),ASI Map 109/7 sheet within 1 km of buqeia (6 records within 1 km),,UNKNOWN: the introduction says 'A systematic survey of the area of Map of Deir Mar Saba' (systematic (no explicit full-area statement)),,UNKNOWN: no detection rate stated,,UNKNOWN: the source gives no reporting rate,,UNKNOWN: not stated,silent,EVIDENCE: none of the 6 records of this map within 1 km is coded steps by the frozen keyword rule,,,research/regional/asi_jerusalem (exploratory; not used by the model),No identification is implied.
ASI-L005,2,jer_kidron_mon,R-E2-MONUMENT,monument (T02 entry_features landmark class; ASI classes monument),,yes,"Amos Kloner (Jerusalem survey); Uri Dinur and Nurit Feig (Benjamin survey), ASI Map of Jerusalem (102), sites 345, 410, 411, 420 (survey.iaa.org.il; printed pages not given online)",ASI Map 102,,ASI Map 102 field survey (Amos Kloner (Jerusalem survey); Uri Dinur and Nurit Feig (Benjamin survey)),ASI Map 102 sheet within 1 km of jer_kidron_mon (46 records within 1 km),,UNKNOWN: the introduction says 'This comprehensive and systematic survey included areas that had undergone development' (comprehensive (Kloner part; no explicit full-area statement); full coverage (Benjamin part east of the municipal line)),,UNKNOWN: no detection rate stated; the introduction says 'Remains of sites that were incompletely documented then',,UNKNOWN: the source gives no reporting rate,,UNKNOWN: not stated,reported,"EVIDENCE: ASI record(s) within 1 km coded monument by the frozen keyword rule (sites 345, 410, 411, 420)",unknown,,research/regional/asi_jerusalem (exploratory; not used by the model),1 of 4 hit sites date a matching feature in or partly in the window by the record text (sites 410); No identification is implied.
ASI-L006,2,jer_kidron_mon,R-E2-WALL,wall (T02 entry_features landmark class; ASI classes wall),,yes,"Amos Kloner (Jerusalem survey); Uri Dinur and Nurit Feig (Benjamin survey), ASI Map of Jerusalem (102), sites 339, 345, 346, 357, 367, 407, 409, 411, 412, 417, 419, 421, 422, 434, 478, 480, 485, 502 (survey.iaa.org.il; printed pages not given online)",ASI Map 102,,ASI Map 102 field survey (Amos Kloner (Jerusalem survey); Uri Dinur and Nurit Feig (Benjamin survey)),ASI Map 102 sheet within 1 km of jer_kidron_mon (46 records within 1 km),,UNKNOWN: the introduction says 'This comprehensive and systematic survey included areas that had undergone development' (comprehensive (Kloner part; no explicit full-area statement); full coverage (Benjamin part east of the municipal line)),,UNKNOWN: no detection rate stated; the introduction says 'Remains of sites that were incompletely documented then',,UNKNOWN: the source gives no reporting rate,,UNKNOWN: not stated,reported,"EVIDENCE: ASI record(s) within 1 km coded wall by the frozen keyword rule (sites 339, 345, 346, 357, 367, 407, 409, 411, 412, 417, 419, 421, 422, 434, 478, 480, 485, 502)",unknown,,research/regional/asi_jerusalem (exploratory; not used by the model),"6 of 18 hit sites date a matching feature in or partly in the window by the record text (sites 346, 412, 417, 419, 480, 485); No identification is implied."
ASI-L007,3,jer_temple,R-E3-CISTERN,cistern (T02 entry_features landmark class; ASI classes cistern),,yes,"Amos Kloner (Jerusalem survey); Uri Dinur and Nurit Feig (Benjamin survey), ASI Map of Jerusalem (102), sites 321, 334, 367, 417, 421, 423, 424, 428, 478, 479 (survey.iaa.org.il; printed pages not given online)",ASI Map 102,,ASI Map 102 field survey (Amos Kloner (Jerusalem survey); Uri Dinur and Nurit Feig (Benjamin survey)),ASI Map 102 sheet within 1 km of jer_temple (57 records within 1 km),,UNKNOWN: the introduction says 'This comprehensive and systematic survey included areas that had undergone development' (comprehensive (Kloner part; no explicit full-area statement); full coverage (Benjamin part east of the municipal line)),,UNKNOWN: no detection rate stated; the introduction says 'Remains of sites that were incompletely documented then',,UNKNOWN: the source gives no reporting rate,,UNKNOWN: not stated,reported,"EVIDENCE: ASI record(s) within 1 km coded cistern by the frozen keyword rule (sites 321, 334, 367, 417, 421, 423, 424, 428, 478, 479)",unknown,,research/regional/asi_jerusalem (exploratory; not used by the model),1 of 10 hit sites date a matching feature in or partly in the window by the record text (sites 417); No identification is implied.
ASI-L008,4,carmel_siah,R-E4-BUILDING,building (T02 entry_features landmark class; ASI classes building),,yes,"Ya'aqov Olami, Avraham Ronen and Amit Romano, ASI Map of Haifa - west (22), sites 54, 55 (survey.iaa.org.il; printed pages not given online)",ASI Map 22,,"ASI Map 22 field survey (Ya'aqov Olami, Avraham Ronen and Amit Romano)",ASI Map 22 sheet within 1 km of carmel_siah (18 records within 1 km),,UNKNOWN: the introduction says 'a systematic archaeological survey was conducted of the map area' (systematic (no explicit full-area statement)),,UNKNOWN: no detection rate stated,,UNKNOWN: the source gives no reporting rate,,UNKNOWN: not stated,reported,"EVIDENCE: ASI record(s) within 1 km coded building by the frozen keyword rule (sites 54, 55)",unknown,,research/regional/asi_jerusalem (exploratory; not used by the model),0 of 2 hit sites date a matching feature in or partly in the window by the record text; No identification is implied.
ASI-L009,4,carmel_siah,R-E4-CONDUIT,conduit (T02 entry_features landmark class; ASI classes conduit),,yes,"Ya'aqov Olami, Avraham Ronen and Amit Romano, ASI Map of Haifa - west (22), sites 52, 57 (survey.iaa.org.il; printed pages not given online)",ASI Map 22,,"ASI Map 22 field survey (Ya'aqov Olami, Avraham Ronen and Amit Romano)",ASI Map 22 sheet within 1 km of carmel_siah (18 records within 1 km),,UNKNOWN: the introduction says 'a systematic archaeological survey was conducted of the map area' (systematic (no explicit full-area statement)),,UNKNOWN: no detection rate stated,,UNKNOWN: the source gives no reporting rate,,UNKNOWN: not stated,reported,"EVIDENCE: ASI record(s) within 1 km coded conduit by the frozen keyword rule (sites 52, 57)",unknown,,research/regional/asi_jerusalem (exploratory; not used by the model),0 of 2 hit sites date a matching feature in or partly in the window by the record text; No identification is implied.
ASI-L010,4,carmel_siah,R-E4-MOUND,mound (T02 entry_features landmark class; ASI classes mound),,yes,"Ya'aqov Olami, Avraham Ronen and Amit Romano, ASI Map of Haifa - west (22), records within 1 km of the place (survey.iaa.org.il; printed pages not given online)",ASI Map 22,,"ASI Map 22 field survey (Ya'aqov Olami, Avraham Ronen and Amit Romano)",ASI Map 22 sheet within 1 km of carmel_siah (18 records within 1 km),,UNKNOWN: the introduction says 'a systematic archaeological survey was conducted of the map area' (systematic (no explicit full-area statement)),,UNKNOWN: no detection rate stated,,UNKNOWN: the source gives no reporting rate,,UNKNOWN: not stated,silent,EVIDENCE: none of the 18 records of this map within 1 km is coded mound by the frozen keyword rule,,,research/regional/asi_jerusalem (exploratory; not used by the model),No identification is implied.
ASI-L011,4,carmel_siah,R-E4-POOL,pool (T02 entry_features landmark class; ASI classes pool),,yes,"Ya'aqov Olami, Avraham Ronen and Amit Romano, ASI Map of Haifa - west (22), sites 52, 56, 57 (survey.iaa.org.il; printed pages not given online)",ASI Map 22,,"ASI Map 22 field survey (Ya'aqov Olami, Avraham Ronen and Amit Romano)",ASI Map 22 sheet within 1 km of carmel_siah (18 records within 1 km),,UNKNOWN: the introduction says 'a systematic archaeological survey was conducted of the map area' (systematic (no explicit full-area statement)),,UNKNOWN: no detection rate stated,,UNKNOWN: the source gives no reporting rate,,UNKNOWN: not stated,reported,"EVIDENCE: ASI record(s) within 1 km coded pool by the frozen keyword rule (sites 52, 56, 57)",unknown,,research/regional/asi_jerusalem (exploratory; not used by the model),0 of 3 hit sites date a matching feature in or partly in the window by the record text; No identification is implied.
ASI-L012,4,kuhlah,R-E4-BUILDING,building (T02 entry_features landmark class; ASI classes building),,yes,"Yehuda Govrin, ASI Map of Qasif (140), sites 45, 46, 63 (survey.iaa.org.il; printed pages not given online)",ASI Map 140,,ASI Map 140 field survey (Yehuda Govrin),ASI Map 140 sheet within 1 km of kuhlah (8 records within 1 km),,UNKNOWN: the introduction says 'a systematic archaeological survey of the map area was undertaken' (systematic (no explicit full-area statement)),,UNKNOWN: no detection rate stated,,UNKNOWN: the source gives no reporting rate,,UNKNOWN: not stated,reported,"EVIDENCE: ASI record(s) within 1 km coded building by the frozen keyword rule (sites 45, 46, 63)",unknown,,research/regional/asi_jerusalem (exploratory; not used by the model),0 of 3 hit sites date a matching feature in or partly in the window by the record text; No identification is implied.
ASI-L013,4,kuhlah,R-E4-CONDUIT,conduit (T02 entry_features landmark class; ASI classes conduit),,yes,"Yehuda Govrin, ASI Map of Qasif (140), sites 48, 73 (survey.iaa.org.il; printed pages not given online)",ASI Map 140,,ASI Map 140 field survey (Yehuda Govrin),ASI Map 140 sheet within 1 km of kuhlah (8 records within 1 km),,UNKNOWN: the introduction says 'a systematic archaeological survey of the map area was undertaken' (systematic (no explicit full-area statement)),,UNKNOWN: no detection rate stated,,UNKNOWN: the source gives no reporting rate,,UNKNOWN: not stated,reported,"EVIDENCE: ASI record(s) within 1 km coded conduit by the frozen keyword rule (sites 48, 73)",unknown,,research/regional/asi_jerusalem (exploratory; not used by the model),0 of 2 hit sites date a matching feature in or partly in the window by the record text; No identification is implied.
ASI-L014,4,kuhlah,R-E4-MOUND,mound (T02 entry_features landmark class; ASI classes mound),,yes,"Yehuda Govrin, ASI Map of Qasif (140), records within 1 km of the place (survey.iaa.org.il; printed pages not given online)",ASI Map 140,,ASI Map 140 field survey (Yehuda Govrin),ASI Map 140 sheet within 1 km of kuhlah (8 records within 1 km),,UNKNOWN: the introduction says 'a systematic archaeological survey of the map area was undertaken' (systematic (no explicit full-area statement)),,UNKNOWN: no detection rate stated,,UNKNOWN: the source gives no reporting rate,,UNKNOWN: not stated,silent,EVIDENCE: none of the 8 records of this map within 1 km is coded mound by the frozen keyword rule,,,research/regional/asi_jerusalem (exploratory; not used by the model),No identification is implied.
ASI-L015,4,kuhlah,R-E4-POOL,pool (T02 entry_features landmark class; ASI classes pool),,yes,"Yehuda Govrin, ASI Map of Qasif (140), records within 1 km of the place (survey.iaa.org.il; printed pages not given online)",ASI Map 140,,ASI Map 140 field survey (Yehuda Govrin),ASI Map 140 sheet within 1 km of kuhlah (8 records within 1 km),,UNKNOWN: the introduction says 'a systematic archaeological survey of the map area was undertaken' (systematic (no explicit full-area statement)),,UNKNOWN: no detection rate stated,,UNKNOWN: the source gives no reporting rate,,UNKNOWN: not stated,silent,EVIDENCE: none of the 8 records of this map within 1 km is coded pool by the frozen keyword rule,,,research/regional/asi_jerusalem (exploratory; not used by the model),No identification is implied.
ASI-L016,4,mount_zion,R-E4-BUILDING,building (T02 entry_features landmark class; ASI classes building),,yes,"Amos Kloner (Jerusalem survey); Uri Dinur and Nurit Feig (Benjamin survey), ASI Map of Jerusalem (102), sites 387, 388, 391, 392, 393, 394, 395, 399, 400, 401, 403, 404, 405, 417, 418, 419, 421, 465, 466, 467, 469, 471, 473, 478, 481, 482, 483 (survey.iaa.org.il; printed pages not given online)",ASI Map 102,,ASI Map 102 field survey (Amos Kloner (Jerusalem survey); Uri Dinur and Nurit Feig (Benjamin survey)),ASI Map 102 sheet within 1 km of mount_zion (59 records within 1 km),,UNKNOWN: the introduction says 'This comprehensive and systematic survey included areas that had undergone development' (comprehensive (Kloner part; no explicit full-area statement); full coverage (Benjamin part east of the municipal line)); the 1 km circle extends beyond this sheet,,UNKNOWN: no detection rate stated; the introduction says 'Remains of sites that were incompletely documented then',,UNKNOWN: the source gives no reporting rate,,UNKNOWN: not stated,reported,"EVIDENCE: ASI record(s) within 1 km coded building by the frozen keyword rule (sites 387, 388, 391, 392, 393, 394, 395, 399, 400, 401, 403, 404, 405, 417, 418, 419, 421, 465, 466, 467, 469, 471, 473, 478, 481, 482, 483)",unknown,,research/regional/asi_jerusalem (exploratory; not used by the model),"4 of 27 hit sites date a matching feature in or partly in the window by the record text (sites 387, 417, 478, 481); No identification is implied."
ASI-L017,4,mount_zion,R-E4-CONDUIT,conduit (T02 entry_features landmark class; ASI classes conduit),,yes,"Amos Kloner (Jerusalem survey); Uri Dinur and Nurit Feig (Benjamin survey), ASI Map of Jerusalem (102), sites 388, 389, 394, 395, 397, 399, 401, 402, 403, 417, 418, 419, 460, 464, 465, 466, 475, 476 (survey.iaa.org.il; printed pages not given online)",ASI Map 102,,ASI Map 102 field survey (Amos Kloner (Jerusalem survey); Uri Dinur and Nurit Feig (Benjamin survey)),ASI Map 102 sheet within 1 km of mount_zion (59 records within 1 km),,UNKNOWN: the introduction says 'This comprehensive and systematic survey included areas that had undergone development' (comprehensive (Kloner part; no explicit full-area statement); full coverage (Benjamin part east of the municipal line)); the 1 km circle extends beyond this sheet,,UNKNOWN: no detection rate stated; the introduction says 'Remains of sites that were incompletely documented then',,UNKNOWN: the source gives no reporting rate,,UNKNOWN: not stated,reported,"EVIDENCE: ASI record(s) within 1 km coded conduit by the frozen keyword rule (sites 388, 389, 394, 395, 397, 399, 401, 402, 403, 417, 418, 419, 460, 464, 465, 466, 475, 476)",unknown,,research/regional/asi_jerusalem (exploratory; not used by the model),"4 of 18 hit sites date a matching feature in or partly in the window by the record text (sites 403, 417, 460, 464); No identification is implied."
ASI-L018,4,mount_zion,R-E4-MOUND,mound (T02 entry_features landmark class; ASI classes mound),,yes,"Amos Kloner (Jerusalem survey); Uri Dinur and Nurit Feig (Benjamin survey), ASI Map of Jerusalem (102), sites 416 (survey.iaa.org.il; printed pages not given online)",ASI Map 102,,ASI Map 102 field survey (Amos Kloner (Jerusalem survey); Uri Dinur and Nurit Feig (Benjamin survey)),ASI Map 102 sheet within 1 km of mount_zion (59 records within 1 km),,UNKNOWN: the introduction says 'This comprehensive and systematic survey included areas that had undergone development' (comprehensive (Kloner part; no explicit full-area statement); full coverage (Benjamin part east of the municipal line)); the 1 km circle extends beyond this sheet,,UNKNOWN: no detection rate stated; the introduction says 'Remains of sites that were incompletely documented then',,UNKNOWN: the source gives no reporting rate,,UNKNOWN: not stated,reported,EVIDENCE: ASI record(s) within 1 km coded mound by the frozen keyword rule (sites 416),unknown,,research/regional/asi_jerusalem (exploratory; not used by the model),0 of 1 hit sites date a matching feature in or partly in the window by the record text; No identification is implied.
ASI-L019,4,mount_zion,R-E4-POOL,pool (T02 entry_features landmark class; ASI classes pool),,yes,"Amos Kloner (Jerusalem survey); Uri Dinur and Nurit Feig (Benjamin survey), ASI Map of Jerusalem (102), sites 387, 389, 399, 402, 405, 414, 417, 418, 460, 464, 478, 485 (survey.iaa.org.il; printed pages not given online)",ASI Map 102,,ASI Map 102 field survey (Amos Kloner (Jerusalem survey); Uri Dinur and Nurit Feig (Benjamin survey)),ASI Map 102 sheet within 1 km of mount_zion (59 records within 1 km),,UNKNOWN: the introduction says 'This comprehensive and systematic survey included areas that had undergone development' (comprehensive (Kloner part; no explicit full-area statement); full coverage (Benjamin part east of the municipal line)); the 1 km circle extends beyond this sheet,,UNKNOWN: no detection rate stated; the introduction says 'Remains of sites that were incompletely documented then',,UNKNOWN: the source gives no reporting rate,,UNKNOWN: not stated,reported,"EVIDENCE: ASI record(s) within 1 km coded pool by the frozen keyword rule (sites 387, 389, 399, 402, 405, 414, 417, 418, 460, 464, 478, 485)",unknown,,research/regional/asi_jerusalem (exploratory; not used by the model),"5 of 12 hit sites date a matching feature in or partly in the window by the record text (sites 387, 414, 417, 478, 485); No identification is implied."
ASI-L020,4,muhalhil,R-E4-BUILDING,building (T02 entry_features landmark class; ASI classes building),,yes,"Ofer Sion, ASI Map of Wadi Qelt (109/4), records within 1 km of the place (survey.iaa.org.il; printed pages not given online)",ASI Map 109/4,,ASI Map 109/4 field survey (Ofer Sion),ASI Map 109/4 sheet within 1 km of muhalhil (0 records within 1 km),,"UNKNOWN: the introduction says 'carried out on foot, along all of the map’s terrain' (all terrain on foot); the 1 km circle extends beyond this sheet",,UNKNOWN: no detection rate stated; the introduction says 'where it was not possible to survey by foot',,UNKNOWN: the source gives no reporting rate,,UNKNOWN: not stated,silent,EVIDENCE: none of the 0 records of this map within 1 km is coded building by the frozen keyword rule,,,research/regional/asi_jerusalem (exploratory; not used by the model),No identification is implied.
ASI-L021,4,muhalhil,R-E4-BUILDING,building (T02 entry_features landmark class; ASI classes building),,yes,"Ofer Sion, ASI Map of Kalia (109/5), sites 95, 96 (survey.iaa.org.il; printed pages not given online)",ASI Map 109/5,,ASI Map 109/5 field survey (Ofer Sion),ASI Map 109/5 sheet within 1 km of muhalhil (2 records within 1 km),,"UNKNOWN: the introduction says 'carried out on foot, along all of the map’s terrain' (all terrain on foot except cultivated areas (vehicle transects)); the 1 km circle extends beyond this sheet",,"UNKNOWN: no detection rate stated; the introduction says 'small sites, for various reasons were not recorded'",,UNKNOWN: the source gives no reporting rate,,UNKNOWN: not stated,reported,"EVIDENCE: ASI record(s) within 1 km coded building by the frozen keyword rule (sites 95, 96)",unknown,,research/regional/asi_jerusalem (exploratory; not used by the model),0 of 2 hit sites date a matching feature in or partly in the window by the record text; No identification is implied.
ASI-L022,4,muhalhil,R-E4-CONDUIT,conduit (T02 entry_features landmark class; ASI classes conduit),,yes,"Ofer Sion, ASI Map of Wadi Qelt (109/4), records within 1 km of the place (survey.iaa.org.il; printed pages not given online)",ASI Map 109/4,,ASI Map 109/4 field survey (Ofer Sion),ASI Map 109/4 sheet within 1 km of muhalhil (0 records within 1 km),,"UNKNOWN: the introduction says 'carried out on foot, along all of the map’s terrain' (all terrain on foot); the 1 km circle extends beyond this sheet",,UNKNOWN: no detection rate stated; the introduction says 'where it was not possible to survey by foot',,UNKNOWN: the source gives no reporting rate,,UNKNOWN: not stated,silent,EVIDENCE: none of the 0 records of this map within 1 km is coded conduit by the frozen keyword rule,,,research/regional/asi_jerusalem (exploratory; not used by the model),No identification is implied.
ASI-L023,4,muhalhil,R-E4-CONDUIT,conduit (T02 entry_features landmark class; ASI classes conduit),,yes,"Ofer Sion, ASI Map of Kalia (109/5), records within 1 km of the place (survey.iaa.org.il; printed pages not given online)",ASI Map 109/5,,ASI Map 109/5 field survey (Ofer Sion),ASI Map 109/5 sheet within 1 km of muhalhil (2 records within 1 km),,"UNKNOWN: the introduction says 'carried out on foot, along all of the map’s terrain' (all terrain on foot except cultivated areas (vehicle transects)); the 1 km circle extends beyond this sheet",,"UNKNOWN: no detection rate stated; the introduction says 'small sites, for various reasons were not recorded'",,UNKNOWN: the source gives no reporting rate,,UNKNOWN: not stated,silent,EVIDENCE: none of the 2 records of this map within 1 km is coded conduit by the frozen keyword rule,,,research/regional/asi_jerusalem (exploratory; not used by the model),No identification is implied.
ASI-L024,4,muhalhil,R-E4-MOUND,mound (T02 entry_features landmark class; ASI classes mound),,yes,"Ofer Sion, ASI Map of Wadi Qelt (109/4), records within 1 km of the place (survey.iaa.org.il; printed pages not given online)",ASI Map 109/4,,ASI Map 109/4 field survey (Ofer Sion),ASI Map 109/4 sheet within 1 km of muhalhil (0 records within 1 km),,"UNKNOWN: the introduction says 'carried out on foot, along all of the map’s terrain' (all terrain on foot); the 1 km circle extends beyond this sheet",,UNKNOWN: no detection rate stated; the introduction says 'where it was not possible to survey by foot',,UNKNOWN: the source gives no reporting rate,,UNKNOWN: not stated,silent,EVIDENCE: none of the 0 records of this map within 1 km is coded mound by the frozen keyword rule,,,research/regional/asi_jerusalem (exploratory; not used by the model),No identification is implied.
ASI-L025,4,muhalhil,R-E4-MOUND,mound (T02 entry_features landmark class; ASI classes mound),,yes,"Ofer Sion, ASI Map of Kalia (109/5), records within 1 km of the place (survey.iaa.org.il; printed pages not given online)",ASI Map 109/5,,ASI Map 109/5 field survey (Ofer Sion),ASI Map 109/5 sheet within 1 km of muhalhil (2 records within 1 km),,"UNKNOWN: the introduction says 'carried out on foot, along all of the map’s terrain' (all terrain on foot except cultivated areas (vehicle transects)); the 1 km circle extends beyond this sheet",,"UNKNOWN: no detection rate stated; the introduction says 'small sites, for various reasons were not recorded'",,UNKNOWN: the source gives no reporting rate,,UNKNOWN: not stated,silent,EVIDENCE: none of the 2 records of this map within 1 km is coded mound by the frozen keyword rule,,,research/regional/asi_jerusalem (exploratory; not used by the model),No identification is implied.
ASI-L026,4,muhalhil,R-E4-POOL,pool (T02 entry_features landmark class; ASI classes pool),,yes,"Ofer Sion, ASI Map of Wadi Qelt (109/4), records within 1 km of the place (survey.iaa.org.il; printed pages not given online)",ASI Map 109/4,,ASI Map 109/4 field survey (Ofer Sion),ASI Map 109/4 sheet within 1 km of muhalhil (0 records within 1 km),,"UNKNOWN: the introduction says 'carried out on foot, along all of the map’s terrain' (all terrain on foot); the 1 km circle extends beyond this sheet",,UNKNOWN: no detection rate stated; the introduction says 'where it was not possible to survey by foot',,UNKNOWN: the source gives no reporting rate,,UNKNOWN: not stated,silent,EVIDENCE: none of the 0 records of this map within 1 km is coded pool by the frozen keyword rule,,,research/regional/asi_jerusalem (exploratory; not used by the model),No identification is implied.
ASI-L027,4,muhalhil,R-E4-POOL,pool (T02 entry_features landmark class; ASI classes pool),,yes,"Ofer Sion, ASI Map of Kalia (109/5), records within 1 km of the place (survey.iaa.org.il; printed pages not given online)",ASI Map 109/5,,ASI Map 109/5 field survey (Ofer Sion),ASI Map 109/5 sheet within 1 km of muhalhil (2 records within 1 km),,"UNKNOWN: the introduction says 'carried out on foot, along all of the map’s terrain' (all terrain on foot except cultivated areas (vehicle transects)); the 1 km circle extends beyond this sheet",,"UNKNOWN: no detection rate stated; the introduction says 'small sites, for various reasons were not recorded'",,UNKNOWN: the source gives no reporting rate,,UNKNOWN: not stated,silent,EVIDENCE: none of the 2 records of this map within 1 km is coded pool by the frozen keyword rule,,,research/regional/asi_jerusalem (exploratory; not used by the model),No identification is implied.
ASI-L028,5,jer_temple,R-E5-STEPS,steps (T02 entry_features landmark class; ASI classes steps),,yes,"Amos Kloner (Jerusalem survey); Uri Dinur and Nurit Feig (Benjamin survey), ASI Map of Jerusalem (102), sites 367, 409, 478 (survey.iaa.org.il; printed pages not given online)",ASI Map 102,,ASI Map 102 field survey (Amos Kloner (Jerusalem survey); Uri Dinur and Nurit Feig (Benjamin survey)),ASI Map 102 sheet within 1 km of jer_temple (57 records within 1 km),,UNKNOWN: the introduction says 'This comprehensive and systematic survey included areas that had undergone development' (comprehensive (Kloner part; no explicit full-area statement); full coverage (Benjamin part east of the municipal line)),,UNKNOWN: no detection rate stated; the introduction says 'Remains of sites that were incompletely documented then',,UNKNOWN: the source gives no reporting rate,,UNKNOWN: not stated,reported,"EVIDENCE: ASI record(s) within 1 km coded steps by the frozen keyword rule (sites 367, 409, 478)",unknown,,research/regional/asi_jerusalem (exploratory; not used by the model),1 of 3 hit sites date a matching feature in or partly in the window by the record text (sites 409); No identification is implied.
ASI-L029,6,jer_tyropoeon,R-E6-CISTERN,cistern (T02 entry_features landmark class; ASI classes cistern),,yes,"Amos Kloner (Jerusalem survey); Uri Dinur and Nurit Feig (Benjamin survey), ASI Map of Jerusalem (102), sites 321, 334, 367, 417, 421, 423, 424, 428, 478, 479 (survey.iaa.org.il; printed pages not given online)",ASI Map 102,,ASI Map 102 field survey (Amos Kloner (Jerusalem survey); Uri Dinur and Nurit Feig (Benjamin survey)),ASI Map 102 sheet within 1 km of jer_tyropoeon (59 records within 1 km),,UNKNOWN: the introduction says 'This comprehensive and systematic survey included areas that had undergone development' (comprehensive (Kloner part; no explicit full-area statement); full coverage (Benjamin part east of the municipal line)),,UNKNOWN: no detection rate stated; the introduction says 'Remains of sites that were incompletely documented then',,UNKNOWN: the source gives no reporting rate,,UNKNOWN: not stated,reported,"EVIDENCE: ASI record(s) within 1 km coded cistern by the frozen keyword rule (sites 321, 334, 367, 417, 421, 423, 424, 428, 478, 479)",unknown,,research/regional/asi_jerusalem (exploratory; not used by the model),1 of 10 hit sites date a matching feature in or partly in the window by the record text (sites 417); No identification is implied.
ASI-L030,6,jer_tyropoeon,R-E6-STEPS,steps (T02 entry_features landmark class; ASI classes steps),,yes,"Amos Kloner (Jerusalem survey); Uri Dinur and Nurit Feig (Benjamin survey), ASI Map of Jerusalem (102), sites 367, 409, 478 (survey.iaa.org.il; printed pages not given online)",ASI Map 102,,ASI Map 102 field survey (Amos Kloner (Jerusalem survey); Uri Dinur and Nurit Feig (Benjamin survey)),ASI Map 102 sheet within 1 km of jer_tyropoeon (59 records within 1 km),,UNKNOWN: the introduction says 'This comprehensive and systematic survey included areas that had undergone development' (comprehensive (Kloner part; no explicit full-area statement); full coverage (Benjamin part east of the municipal line)),,UNKNOWN: no detection rate stated; the introduction says 'Remains of sites that were incompletely documented then',,UNKNOWN: the source gives no reporting rate,,UNKNOWN: not stated,reported,"EVIDENCE: ASI record(s) within 1 km coded steps by the frozen keyword rule (sites 367, 409, 478)",unknown,,research/regional/asi_jerusalem (exploratory; not used by the model),1 of 3 hit sites date a matching feature in or partly in the window by the record text (sites 409); No identification is implied.
ASI-L031,7,jer_temple,R-E7-BUILDING,building (T02 entry_features landmark class; ASI classes building),,yes,"Amos Kloner (Jerusalem survey); Uri Dinur and Nurit Feig (Benjamin survey), ASI Map of Jerusalem (102), sites 321, 322, 324, 325, 326, 334, 336, 337, 340, 341, 342, 343, 344, 345, 357, 367, 387, 388, 395, 399, 401, 405, 406, 407, 409, 417, 418, 419, 421, 423, 424, 427, 428, 434, 435, 438, 440, 478 (survey.iaa.org.il; printed pages not given online)",ASI Map 102,,ASI Map 102 field survey (Amos Kloner (Jerusalem survey); Uri Dinur and Nurit Feig (Benjamin survey)),ASI Map 102 sheet within 1 km of jer_temple (57 records within 1 km),,UNKNOWN: the introduction says 'This comprehensive and systematic survey included areas that had undergone development' (comprehensive (Kloner part; no explicit full-area statement); full coverage (Benjamin part east of the municipal line)),,UNKNOWN: no detection rate stated; the introduction says 'Remains of sites that were incompletely documented then',,UNKNOWN: the source gives no reporting rate,,UNKNOWN: not stated,reported,"EVIDENCE: ASI record(s) within 1 km coded building by the frozen keyword rule (sites 321, 322, 324, 325, 326, 334, 336, 337, 340, 341, 342, 343, 344, 345, 357, 367, 387, 388, 395, 399, 401, 405, 406, 407, 409, 417, 418, 419, 421, 423, 424, 427, 428, 434, 435, 438, 440, 478)",unknown,,research/regional/asi_jerusalem (exploratory; not used by the model),"5 of 38 hit sites date a matching feature in or partly in the window by the record text (sites 387, 406, 407, 417, 478); No identification is implied."
ASI-L032,7,jer_temple,R-E7-CAVE,cave (T02 entry_features landmark class; ASI classes cave),,yes,"Amos Kloner (Jerusalem survey); Uri Dinur and Nurit Feig (Benjamin survey), ASI Map of Jerusalem (102), sites 321, 324, 325, 326, 339, 340, 341, 342, 343, 344, 345, 357, 361, 367, 397, 406, 407, 408, 409, 410, 411, 412, 413, 415, 420, 423, 424, 434, 435, 438, 478 (survey.iaa.org.il; printed pages not given online)",ASI Map 102,,ASI Map 102 field survey (Amos Kloner (Jerusalem survey); Uri Dinur and Nurit Feig (Benjamin survey)),ASI Map 102 sheet within 1 km of jer_temple (57 records within 1 km),,UNKNOWN: the introduction says 'This comprehensive and systematic survey included areas that had undergone development' (comprehensive (Kloner part; no explicit full-area statement); full coverage (Benjamin part east of the municipal line)),,UNKNOWN: no detection rate stated; the introduction says 'Remains of sites that were incompletely documented then',,UNKNOWN: the source gives no reporting rate,,UNKNOWN: not stated,reported,"EVIDENCE: ASI record(s) within 1 km coded cave by the frozen keyword rule (sites 321, 324, 325, 326, 339, 340, 341, 342, 343, 344, 345, 357, 361, 367, 397, 406, 407, 408, 409, 410, 411, 412, 413, 415, 420, 423, 424, 434, 435, 438, 478)",unknown,,research/regional/asi_jerusalem (exploratory; not used by the model),"16 of 31 hit sites date a matching feature in or partly in the window by the record text (sites 341, 342, 343, 344, 357, 361, 406, 407, 408, 410, 412, 413, 415, 424, 434, 435); No identification is implied."
ASI-L033,8,jer_temple,R-E8-CISTERN,cistern (T02 entry_features landmark class; ASI classes cistern),,yes,"Amos Kloner (Jerusalem survey); Uri Dinur and Nurit Feig (Benjamin survey), ASI Map of Jerusalem (102), sites 321, 334, 367, 417, 421, 423, 424, 428, 478, 479 (survey.iaa.org.il; printed pages not given online)",ASI Map 102,,ASI Map 102 field survey (Amos Kloner (Jerusalem survey); Uri Dinur and Nurit Feig (Benjamin survey)),ASI Map 102 sheet within 1 km of jer_temple (57 records within 1 km),,UNKNOWN: the introduction says 'This comprehensive and systematic survey included areas that had undergone development' (comprehensive (Kloner part; no explicit full-area statement); full coverage (Benjamin part east of the municipal line)),,UNKNOWN: no detection rate stated; the introduction says 'Remains of sites that were incompletely documented then',,UNKNOWN: the source gives no reporting rate,,UNKNOWN: not stated,reported,"EVIDENCE: ASI record(s) within 1 km coded cistern by the frozen keyword rule (sites 321, 334, 367, 417, 421, 423, 424, 428, 478, 479)",unknown,,research/regional/asi_jerusalem (exploratory; not used by the model),1 of 10 hit sites date a matching feature in or partly in the window by the record text (sites 417); No identification is implied.
ASI-L034,9,jer_east_gate,R-E9-CISTERN,cistern (T02 entry_features landmark class; ASI classes cistern),,yes,"Amos Kloner (Jerusalem survey); Uri Dinur and Nurit Feig (Benjamin survey), ASI Map of Jerusalem (102), sites 321, 360, 367, 417, 421, 423, 424, 428, 478 (survey.iaa.org.il; printed pages not given online)",ASI Map 102,,ASI Map 102 field survey (Amos Kloner (Jerusalem survey); Uri Dinur and Nurit Feig (Benjamin survey)),ASI Map 102 sheet within 1 km of jer_east_gate (52 records within 1 km),,UNKNOWN: the introduction says 'This comprehensive and systematic survey included areas that had undergone development' (comprehensive (Kloner part; no explicit full-area statement); full coverage (Benjamin part east of the municipal line)),,UNKNOWN: no detection rate stated; the introduction says 'Remains of sites that were incompletely documented then',,UNKNOWN: the source gives no reporting rate,,UNKNOWN: not stated,reported,"EVIDENCE: ASI record(s) within 1 km coded cistern by the frozen keyword rule (sites 321, 360, 367, 417, 421, 423, 424, 428, 478)",unknown,,research/regional/asi_jerusalem (exploratory; not used by the model),"2 of 9 hit sites date a matching feature in or partly in the window by the record text (sites 360, 417); No identification is implied."
ASI-L035,9,jer_east_gate,R-E9-CONDUIT,conduit (T02 entry_features landmark class; ASI classes conduit),,yes,"Amos Kloner (Jerusalem survey); Uri Dinur and Nurit Feig (Benjamin survey), ASI Map of Jerusalem (102), sites 323, 345, 388, 401, 406, 417, 418, 419, 428 (survey.iaa.org.il; printed pages not given online)",ASI Map 102,,ASI Map 102 field survey (Amos Kloner (Jerusalem survey); Uri Dinur and Nurit Feig (Benjamin survey)),ASI Map 102 sheet within 1 km of jer_east_gate (52 records within 1 km),,UNKNOWN: the introduction says 'This comprehensive and systematic survey included areas that had undergone development' (comprehensive (Kloner part; no explicit full-area statement); full coverage (Benjamin part east of the municipal line)),,UNKNOWN: no detection rate stated; the introduction says 'Remains of sites that were incompletely documented then',,UNKNOWN: the source gives no reporting rate,,UNKNOWN: not stated,reported,"EVIDENCE: ASI record(s) within 1 km coded conduit by the frozen keyword rule (sites 323, 345, 388, 401, 406, 417, 418, 419, 428)",unknown,,research/regional/asi_jerusalem (exploratory; not used by the model),"2 of 9 hit sites date a matching feature in or partly in the window by the record text (sites 406, 417); No identification is implied."
ASI-L036,10,jer_east_gate,R-E10-CISTERN,cistern (T02 entry_features landmark class; ASI classes cistern),,yes,"Amos Kloner (Jerusalem survey); Uri Dinur and Nurit Feig (Benjamin survey), ASI Map of Jerusalem (102), sites 321, 360, 367, 417, 421, 423, 424, 428, 478 (survey.iaa.org.il; printed pages not given online)",ASI Map 102,,ASI Map 102 field survey (Amos Kloner (Jerusalem survey); Uri Dinur and Nurit Feig (Benjamin survey)),ASI Map 102 sheet within 1 km of jer_east_gate (52 records within 1 km),,UNKNOWN: the introduction says 'This comprehensive and systematic survey included areas that had undergone development' (comprehensive (Kloner part; no explicit full-area statement); full coverage (Benjamin part east of the municipal line)),,UNKNOWN: no detection rate stated; the introduction says 'Remains of sites that were incompletely documented then',,UNKNOWN: the source gives no reporting rate,,UNKNOWN: not stated,reported,"EVIDENCE: ASI record(s) within 1 km coded cistern by the frozen keyword rule (sites 321, 360, 367, 417, 421, 423, 424, 428, 478)",unknown,,research/regional/asi_jerusalem (exploratory; not used by the model),"2 of 9 hit sites date a matching feature in or partly in the window by the record text (sites 360, 417); No identification is implied."
ASI-L037,10,jer_east_gate,R-E10-WALL,wall (T02 entry_features landmark class; ASI classes wall),,yes,"Amos Kloner (Jerusalem survey); Uri Dinur and Nurit Feig (Benjamin survey), ASI Map of Jerusalem (102), sites 321, 323, 324, 326, 339, 345, 346, 357, 367, 388, 396, 401, 407, 409, 411, 412, 417, 419, 421, 434, 478 (survey.iaa.org.il; printed pages not given online)",ASI Map 102,,ASI Map 102 field survey (Amos Kloner (Jerusalem survey); Uri Dinur and Nurit Feig (Benjamin survey)),ASI Map 102 sheet within 1 km of jer_east_gate (52 records within 1 km),,UNKNOWN: the introduction says 'This comprehensive and systematic survey included areas that had undergone development' (comprehensive (Kloner part; no explicit full-area statement); full coverage (Benjamin part east of the municipal line)),,UNKNOWN: no detection rate stated; the introduction says 'Remains of sites that were incompletely documented then',,UNKNOWN: the source gives no reporting rate,,UNKNOWN: not stated,reported,"EVIDENCE: ASI record(s) within 1 km coded wall by the frozen keyword rule (sites 321, 323, 324, 326, 339, 345, 346, 357, 367, 388, 396, 401, 407, 409, 411, 412, 417, 419, 421, 434, 478)",unknown,,research/regional/asi_jerusalem (exploratory; not used by the model),"4 of 21 hit sites date a matching feature in or partly in the window by the record text (sites 346, 412, 417, 419); No identification is implied."
ASI-L038,11,carmel_siah,R-E11-POOL,pool (T02 entry_features landmark class; ASI classes pool),,yes,"Ya'aqov Olami, Avraham Ronen and Amit Romano, ASI Map of Haifa - west (22), sites 52, 56, 57 (survey.iaa.org.il; printed pages not given online)",ASI Map 22,,"ASI Map 22 field survey (Ya'aqov Olami, Avraham Ronen and Amit Romano)",ASI Map 22 sheet within 1 km of carmel_siah (18 records within 1 km),,UNKNOWN: the introduction says 'a systematic archaeological survey was conducted of the map area' (systematic (no explicit full-area statement)),,UNKNOWN: no detection rate stated,,UNKNOWN: the source gives no reporting rate,,UNKNOWN: not stated,reported,"EVIDENCE: ASI record(s) within 1 km coded pool by the frozen keyword rule (sites 52, 56, 57)",unknown,,research/regional/asi_jerusalem (exploratory; not used by the model),0 of 3 hit sites date a matching feature in or partly in the window by the record text; No identification is implied.
ASI-L039,11,kuhlah,R-E11-POOL,pool (T02 entry_features landmark class; ASI classes pool),,yes,"Yehuda Govrin, ASI Map of Qasif (140), records within 1 km of the place (survey.iaa.org.il; printed pages not given online)",ASI Map 140,,ASI Map 140 field survey (Yehuda Govrin),ASI Map 140 sheet within 1 km of kuhlah (8 records within 1 km),,UNKNOWN: the introduction says 'a systematic archaeological survey of the map area was undertaken' (systematic (no explicit full-area statement)),,UNKNOWN: no detection rate stated,,UNKNOWN: the source gives no reporting rate,,UNKNOWN: not stated,silent,EVIDENCE: none of the 8 records of this map within 1 km is coded pool by the frozen keyword rule,,,research/regional/asi_jerusalem (exploratory; not used by the model),No identification is implied.
ASI-L040,11,mount_zion,R-E11-POOL,pool (T02 entry_features landmark class; ASI classes pool),,yes,"Amos Kloner (Jerusalem survey); Uri Dinur and Nurit Feig (Benjamin survey), ASI Map of Jerusalem (102), sites 387, 389, 399, 402, 405, 414, 417, 418, 460, 464, 478, 485 (survey.iaa.org.il; printed pages not given online)",ASI Map 102,,ASI Map 102 field survey (Amos Kloner (Jerusalem survey); Uri Dinur and Nurit Feig (Benjamin survey)),ASI Map 102 sheet within 1 km of mount_zion (59 records within 1 km),,UNKNOWN: the introduction says 'This comprehensive and systematic survey included areas that had undergone development' (comprehensive (Kloner part; no explicit full-area statement); full coverage (Benjamin part east of the municipal line)); the 1 km circle extends beyond this sheet,,UNKNOWN: no detection rate stated; the introduction says 'Remains of sites that were incompletely documented then',,UNKNOWN: the source gives no reporting rate,,UNKNOWN: not stated,reported,"EVIDENCE: ASI record(s) within 1 km coded pool by the frozen keyword rule (sites 387, 389, 399, 402, 405, 414, 417, 418, 460, 464, 478, 485)",unknown,,research/regional/asi_jerusalem (exploratory; not used by the model),"5 of 12 hit sites date a matching feature in or partly in the window by the record text (sites 387, 414, 417, 478, 485); No identification is implied."
ASI-L041,11,muhalhil,R-E11-POOL,pool (T02 entry_features landmark class; ASI classes pool),,yes,"Ofer Sion, ASI Map of Wadi Qelt (109/4), records within 1 km of the place (survey.iaa.org.il; printed pages not given online)",ASI Map 109/4,,ASI Map 109/4 field survey (Ofer Sion),ASI Map 109/4 sheet within 1 km of muhalhil (0 records within 1 km),,"UNKNOWN: the introduction says 'carried out on foot, along all of the map’s terrain' (all terrain on foot); the 1 km circle extends beyond this sheet",,UNKNOWN: no detection rate stated; the introduction says 'where it was not possible to survey by foot',,UNKNOWN: the source gives no reporting rate,,UNKNOWN: not stated,silent,EVIDENCE: none of the 0 records of this map within 1 km is coded pool by the frozen keyword rule,,,research/regional/asi_jerusalem (exploratory; not used by the model),No identification is implied.
ASI-L042,11,muhalhil,R-E11-POOL,pool (T02 entry_features landmark class; ASI classes pool),,yes,"Ofer Sion, ASI Map of Kalia (109/5), records within 1 km of the place (survey.iaa.org.il; printed pages not given online)",ASI Map 109/5,,ASI Map 109/5 field survey (Ofer Sion),ASI Map 109/5 sheet within 1 km of muhalhil (2 records within 1 km),,"UNKNOWN: the introduction says 'carried out on foot, along all of the map’s terrain' (all terrain on foot except cultivated areas (vehicle transects)); the 1 km circle extends beyond this sheet",,"UNKNOWN: no detection rate stated; the introduction says 'small sites, for various reasons were not recorded'",,UNKNOWN: the source gives no reporting rate,,UNKNOWN: not stated,silent,EVIDENCE: none of the 2 records of this map within 1 km is coded pool by the frozen keyword rule,,,research/regional/asi_jerusalem (exploratory; not used by the model),No identification is implied.
ASI-L043,13,jer_temple,R-E13-PIT,pit (T02 entry_features landmark class; ASI classes pit),,yes,"Amos Kloner (Jerusalem survey); Uri Dinur and Nurit Feig (Benjamin survey), ASI Map of Jerusalem (102), sites 321, 334, 339, 361, 395, 408, 409, 411, 417, 423, 424 (survey.iaa.org.il; printed pages not given online)",ASI Map 102,,ASI Map 102 field survey (Amos Kloner (Jerusalem survey); Uri Dinur and Nurit Feig (Benjamin survey)),ASI Map 102 sheet within 1 km of jer_temple (57 records within 1 km),,UNKNOWN: the introduction says 'This comprehensive and systematic survey included areas that had undergone development' (comprehensive (Kloner part; no explicit full-area statement); full coverage (Benjamin part east of the municipal line)),,UNKNOWN: no detection rate stated; the introduction says 'Remains of sites that were incompletely documented then',,UNKNOWN: the source gives no reporting rate,,UNKNOWN: not stated,reported,"EVIDENCE: ASI record(s) within 1 km coded pit by the frozen keyword rule (sites 321, 334, 339, 361, 395, 408, 409, 411, 417, 423, 424)",unknown,,research/regional/asi_jerusalem (exploratory; not used by the model),1 of 11 hit sites date a matching feature in or partly in the window by the record text (sites 424); No identification is implied.
ASI-L044,14,jer_temple,R-E14-TOMB,tomb (T02 entry_features landmark class; ASI classes tomb),,yes,"Amos Kloner (Jerusalem survey); Uri Dinur and Nurit Feig (Benjamin survey), ASI Map of Jerusalem (102), sites 321, 323, 324, 325, 326, 334, 339, 340, 341, 342, 343, 344, 345, 357, 361, 397, 405, 406, 407, 408, 409, 410, 411, 412, 413, 415, 420, 423, 424, 434, 435, 438 (survey.iaa.org.il; printed pages not given online)",ASI Map 102,,ASI Map 102 field survey (Amos Kloner (Jerusalem survey); Uri Dinur and Nurit Feig (Benjamin survey)),ASI Map 102 sheet within 1 km of jer_temple (57 records within 1 km),,UNKNOWN: the introduction says 'This comprehensive and systematic survey included areas that had undergone development' (comprehensive (Kloner part; no explicit full-area statement); full coverage (Benjamin part east of the municipal line)),,UNKNOWN: no detection rate stated; the introduction says 'Remains of sites that were incompletely documented then',,UNKNOWN: the source gives no reporting rate,,UNKNOWN: not stated,reported,"EVIDENCE: ASI record(s) within 1 km coded tomb by the frozen keyword rule (sites 321, 323, 324, 325, 326, 334, 339, 340, 341, 342, 343, 344, 345, 357, 361, 397, 405, 406, 407, 408, 409, 410, 411, 412, 413, 415, 420, 423, 424, 434, 435, 438)",unknown,,research/regional/asi_jerusalem (exploratory; not used by the model),"16 of 32 hit sites date a matching feature in or partly in the window by the record text (sites 334, 341, 343, 344, 357, 406, 407, 408, 410, 412, 413, 415, 424, 434, 435, 438); No identification is implied."
ASI-L045,15,carmel_siah,R-E15-CISTERN,cistern (T02 entry_features landmark class; ASI classes cistern),,yes,"Ya'aqov Olami, Avraham Ronen and Amit Romano, ASI Map of Haifa - west (22), records within 1 km of the place (survey.iaa.org.il; printed pages not given online)",ASI Map 22,,"ASI Map 22 field survey (Ya'aqov Olami, Avraham Ronen and Amit Romano)",ASI Map 22 sheet within 1 km of carmel_siah (18 records within 1 km),,UNKNOWN: the introduction says 'a systematic archaeological survey was conducted of the map area' (systematic (no explicit full-area statement)),,UNKNOWN: no detection rate stated,,UNKNOWN: the source gives no reporting rate,,UNKNOWN: not stated,silent,EVIDENCE: none of the 18 records of this map within 1 km is coded cistern by the frozen keyword rule,,,research/regional/asi_jerusalem (exploratory; not used by the model),No identification is implied.
ASI-L046,15,kuhlah,R-E15-CISTERN,cistern (T02 entry_features landmark class; ASI classes cistern),,yes,"Yehuda Govrin, ASI Map of Qasif (140), sites 48, 64, 65, 73 (survey.iaa.org.il; printed pages not given online)",ASI Map 140,,ASI Map 140 field survey (Yehuda Govrin),ASI Map 140 sheet within 1 km of kuhlah (8 records within 1 km),,UNKNOWN: the introduction says 'a systematic archaeological survey of the map area was undertaken' (systematic (no explicit full-area statement)),,UNKNOWN: no detection rate stated,,UNKNOWN: the source gives no reporting rate,,UNKNOWN: not stated,reported,"EVIDENCE: ASI record(s) within 1 km coded cistern by the frozen keyword rule (sites 48, 64, 65, 73)",unknown,,research/regional/asi_jerusalem (exploratory; not used by the model),0 of 4 hit sites date a matching feature in or partly in the window by the record text; No identification is implied.
ASI-L047,15,mount_zion,R-E15-CISTERN,cistern (T02 entry_features landmark class; ASI classes cistern),,yes,"Amos Kloner (Jerusalem survey); Uri Dinur and Nurit Feig (Benjamin survey), ASI Map of Jerusalem (102), sites 417, 421, 464, 465, 466, 471, 473, 478, 479 (survey.iaa.org.il; printed pages not given online)",ASI Map 102,,ASI Map 102 field survey (Amos Kloner (Jerusalem survey); Uri Dinur and Nurit Feig (Benjamin survey)),ASI Map 102 sheet within 1 km of mount_zion (59 records within 1 km),,UNKNOWN: the introduction says 'This comprehensive and systematic survey included areas that had undergone development' (comprehensive (Kloner part; no explicit full-area statement); full coverage (Benjamin part east of the municipal line)); the 1 km circle extends beyond this sheet,,UNKNOWN: no detection rate stated; the introduction says 'Remains of sites that were incompletely documented then',,UNKNOWN: the source gives no reporting rate,,UNKNOWN: not stated,reported,"EVIDENCE: ASI record(s) within 1 km coded cistern by the frozen keyword rule (sites 417, 421, 464, 465, 466, 471, 473, 478, 479)",unknown,,research/regional/asi_jerusalem (exploratory; not used by the model),1 of 9 hit sites date a matching feature in or partly in the window by the record text (sites 417); No identification is implied.
ASI-L048,15,muhalhil,R-E15-CISTERN,cistern (T02 entry_features landmark class; ASI classes cistern),,yes,"Ofer Sion, ASI Map of Wadi Qelt (109/4), records within 1 km of the place (survey.iaa.org.il; printed pages not given online)",ASI Map 109/4,,ASI Map 109/4 field survey (Ofer Sion),ASI Map 109/4 sheet within 1 km of muhalhil (0 records within 1 km),,"UNKNOWN: the introduction says 'carried out on foot, along all of the map’s terrain' (all terrain on foot); the 1 km circle extends beyond this sheet",,UNKNOWN: no detection rate stated; the introduction says 'where it was not possible to survey by foot',,UNKNOWN: the source gives no reporting rate,,UNKNOWN: not stated,silent,EVIDENCE: none of the 0 records of this map within 1 km is coded cistern by the frozen keyword rule,,,research/regional/asi_jerusalem (exploratory; not used by the model),No identification is implied.
ASI-L049,15,muhalhil,R-E15-CISTERN,cistern (T02 entry_features landmark class; ASI classes cistern),,yes,"Ofer Sion, ASI Map of Kalia (109/5), records within 1 km of the place (survey.iaa.org.il; printed pages not given online)",ASI Map 109/5,,ASI Map 109/5 field survey (Ofer Sion),ASI Map 109/5 sheet within 1 km of muhalhil (2 records within 1 km),,"UNKNOWN: the introduction says 'carried out on foot, along all of the map’s terrain' (all terrain on foot except cultivated areas (vehicle transects)); the 1 km circle extends beyond this sheet",,"UNKNOWN: no detection rate stated; the introduction says 'small sites, for various reasons were not recorded'",,UNKNOWN: the source gives no reporting rate,,UNKNOWN: not stated,silent,EVIDENCE: none of the 2 records of this map within 1 km is coded cistern by the frozen keyword rule,,,research/regional/asi_jerusalem (exploratory; not used by the model),No identification is implied.
ASI-L050,16,hyrcania,R-E16-CONDUIT,conduit (T02 entry_features landmark class; ASI classes conduit),,yes,"Joseph Patrich, ASI Map of Deir Mar Saba (109/7), sites 63, 65, 66, 67, 68, 69, 70, 90 (survey.iaa.org.il; printed pages not given online)",ASI Map 109/7,,ASI Map 109/7 field survey (Joseph Patrich),ASI Map 109/7 sheet within 1 km of hyrcania (9 records within 1 km),,UNKNOWN: the introduction says 'A systematic survey of the area of Map of Deir Mar Saba' (systematic (no explicit full-area statement)),,UNKNOWN: no detection rate stated,,UNKNOWN: the source gives no reporting rate,,UNKNOWN: not stated,reported,"EVIDENCE: ASI record(s) within 1 km coded conduit by the frozen keyword rule (sites 63, 65, 66, 67, 68, 69, 70, 90)",unknown,,research/regional/asi_jerusalem (exploratory; not used by the model),"3 of 8 hit sites date a matching feature in or partly in the window by the record text (sites 67, 69, 90); No identification is implied."
ASI-L051,16,hyrcania,R-E16-POOL,pool (T02 entry_features landmark class; ASI classes pool),,yes,"Joseph Patrich, ASI Map of Deir Mar Saba (109/7), sites 65, 69, 70 (survey.iaa.org.il; printed pages not given online)",ASI Map 109/7,,ASI Map 109/7 field survey (Joseph Patrich),ASI Map 109/7 sheet within 1 km of hyrcania (9 records within 1 km),,UNKNOWN: the introduction says 'A systematic survey of the area of Map of Deir Mar Saba' (systematic (no explicit full-area statement)),,UNKNOWN: no detection rate stated,,UNKNOWN: the source gives no reporting rate,,UNKNOWN: not stated,reported,"EVIDENCE: ASI record(s) within 1 km coded pool by the frozen keyword rule (sites 65, 69, 70)",unknown,,research/regional/asi_jerusalem (exploratory; not used by the model),0 of 3 hit sites date a matching feature in or partly in the window by the record text; No identification is implied.
ASI-L052,18,asla,R-E18-PIT,pit (T02 entry_features landmark class; ASI classes pit),,yes,"Ofer Sion, ASI Map of Kalia (109/5), records within 1 km of the place (survey.iaa.org.il; printed pages not given online)",ASI Map 109/5,,ASI Map 109/5 field survey (Ofer Sion),ASI Map 109/5 sheet within 1 km of asla (6 records within 1 km),1.0,"EVIDENCE: the introduction states 'carried out on foot, along all of the map’s terrain' (Sion, ASI Map of Kalia (109/5), online introduction (survey.iaa.org.il GetMapIntro mapId=78)); the 1 km circle lies inside the sheet",,"UNKNOWN: no detection rate stated; the introduction says 'small sites, for various reasons were not recorded'",,UNKNOWN: the source gives no reporting rate,,UNKNOWN: not stated,silent,EVIDENCE: none of the 6 records of this map within 1 km is coded pit by the frozen keyword rule,,,research/regional/asi_jerusalem (exploratory; not used by the model),No identification is implied.
ASI-L053,19,carmel_siah,R-E19-PIT,pit (T02 entry_features landmark class; ASI classes pit),,yes,"Ya'aqov Olami, Avraham Ronen and Amit Romano, ASI Map of Haifa - west (22), sites 56 (survey.iaa.org.il; printed pages not given online)",ASI Map 22,,"ASI Map 22 field survey (Ya'aqov Olami, Avraham Ronen and Amit Romano)",ASI Map 22 sheet within 1 km of carmel_siah (18 records within 1 km),,UNKNOWN: the introduction says 'a systematic archaeological survey was conducted of the map area' (systematic (no explicit full-area statement)),,UNKNOWN: no detection rate stated,,UNKNOWN: the source gives no reporting rate,,UNKNOWN: not stated,reported,EVIDENCE: ASI record(s) within 1 km coded pit by the frozen keyword rule (sites 56),unknown,,research/regional/asi_jerusalem (exploratory; not used by the model),0 of 1 hit sites date a matching feature in or partly in the window by the record text; No identification is implied.
ASI-L054,19,kuhlah,R-E19-PIT,pit (T02 entry_features landmark class; ASI classes pit),,yes,"Yehuda Govrin, ASI Map of Qasif (140), records within 1 km of the place (survey.iaa.org.il; printed pages not given online)",ASI Map 140,,ASI Map 140 field survey (Yehuda Govrin),ASI Map 140 sheet within 1 km of kuhlah (8 records within 1 km),,UNKNOWN: the introduction says 'a systematic archaeological survey of the map area was undertaken' (systematic (no explicit full-area statement)),,UNKNOWN: no detection rate stated,,UNKNOWN: the source gives no reporting rate,,UNKNOWN: not stated,silent,EVIDENCE: none of the 8 records of this map within 1 km is coded pit by the frozen keyword rule,,,research/regional/asi_jerusalem (exploratory; not used by the model),No identification is implied.
ASI-L055,19,mount_zion,R-E19-PIT,pit (T02 entry_features landmark class; ASI classes pit),,yes,"Amos Kloner (Jerusalem survey); Uri Dinur and Nurit Feig (Benjamin survey), ASI Map of Jerusalem (102), sites 391, 393, 395, 398, 400, 417, 460, 462, 463, 466, 474, 481 (survey.iaa.org.il; printed pages not given online)",ASI Map 102,,ASI Map 102 field survey (Amos Kloner (Jerusalem survey); Uri Dinur and Nurit Feig (Benjamin survey)),ASI Map 102 sheet within 1 km of mount_zion (59 records within 1 km),,UNKNOWN: the introduction says 'This comprehensive and systematic survey included areas that had undergone development' (comprehensive (Kloner part; no explicit full-area statement); full coverage (Benjamin part east of the municipal line)); the 1 km circle extends beyond this sheet,,UNKNOWN: no detection rate stated; the introduction says 'Remains of sites that were incompletely documented then',,UNKNOWN: the source gives no reporting rate,,UNKNOWN: not stated,reported,"EVIDENCE: ASI record(s) within 1 km coded pit by the frozen keyword rule (sites 391, 393, 395, 398, 400, 417, 460, 462, 463, 466, 474, 481)",unknown,,research/regional/asi_jerusalem (exploratory; not used by the model),"3 of 12 hit sites date a matching feature in or partly in the window by the record text (sites 391, 462, 463); No identification is implied."
ASI-L056,19,muhalhil,R-E19-PIT,pit (T02 entry_features landmark class; ASI classes pit),,yes,"Ofer Sion, ASI Map of Wadi Qelt (109/4), records within 1 km of the place (survey.iaa.org.il; printed pages not given online)",ASI Map 109/4,,ASI Map 109/4 field survey (Ofer Sion),ASI Map 109/4 sheet within 1 km of muhalhil (0 records within 1 km),,"UNKNOWN: the introduction says 'carried out on foot, along all of the map’s terrain' (all terrain on foot); the 1 km circle extends beyond this sheet",,UNKNOWN: no detection rate stated; the introduction says 'where it was not possible to survey by foot',,UNKNOWN: the source gives no reporting rate,,UNKNOWN: not stated,silent,EVIDENCE: none of the 0 records of this map within 1 km is coded pit by the frozen keyword rule,,,research/regional/asi_jerusalem (exploratory; not used by the model),No identification is implied.
ASI-L057,19,muhalhil,R-E19-PIT,pit (T02 entry_features landmark class; ASI classes pit),,yes,"Ofer Sion, ASI Map of Kalia (109/5), records within 1 km of the place (survey.iaa.org.il; printed pages not given online)",ASI Map 109/5,,ASI Map 109/5 field survey (Ofer Sion),ASI Map 109/5 sheet within 1 km of muhalhil (2 records within 1 km),,"UNKNOWN: the introduction says 'carried out on foot, along all of the map’s terrain' (all terrain on foot except cultivated areas (vehicle transects)); the 1 km circle extends beyond this sheet",,"UNKNOWN: no detection rate stated; the introduction says 'small sites, for various reasons were not recorded'",,UNKNOWN: the source gives no reporting rate,,UNKNOWN: not stated,silent,EVIDENCE: none of the 2 records of this map within 1 km is coded pit by the frozen keyword rule,,,research/regional/asi_jerusalem (exploratory; not used by the model),No identification is implied.
ASI-L058,24,kuteif,R-E24-TOMB,tomb (T02 entry_features landmark class; ASI classes tomb),,yes,"Ofer Sion, ASI Map of Wadi Qelt (109/4), records within 1 km of the place (survey.iaa.org.il; printed pages not given online)",ASI Map 109/4,,ASI Map 109/4 field survey (Ofer Sion),ASI Map 109/4 sheet within 1 km of kuteif (4 records within 1 km),,"UNKNOWN: the introduction says 'carried out on foot, along all of the map’s terrain' (all terrain on foot); the 1 km circle extends beyond this sheet",,UNKNOWN: no detection rate stated; the introduction says 'where it was not possible to survey by foot',,UNKNOWN: the source gives no reporting rate,,UNKNOWN: not stated,silent,EVIDENCE: none of the 4 records of this map within 1 km is coded tomb by the frozen keyword rule,,,research/regional/asi_jerusalem (exploratory; not used by the model),No identification is implied.
ASI-L059,24,kuteif,R-E24-TOMB,tomb (T02 entry_features landmark class; ASI classes tomb),,yes,"Ofer Sion, ASI Map of Kalia (109/5), records within 1 km of the place (survey.iaa.org.il; printed pages not given online)",ASI Map 109/5,,ASI Map 109/5 field survey (Ofer Sion),ASI Map 109/5 sheet within 1 km of kuteif (0 records within 1 km),,"UNKNOWN: the introduction says 'carried out on foot, along all of the map’s terrain' (all terrain on foot except cultivated areas (vehicle transects)); the 1 km circle extends beyond this sheet",,"UNKNOWN: no detection rate stated; the introduction says 'small sites, for various reasons were not recorded'",,UNKNOWN: the source gives no reporting rate,,UNKNOWN: not stated,silent,EVIDENCE: none of the 0 records of this map within 1 km is coded tomb by the frozen keyword rule,,,research/regional/asi_jerusalem (exploratory; not used by the model),No identification is implied.
ASI-L060,25,iv17_abu_saraj,R-E25-CAVE,cave (T02 entry_features landmark class; ASI classes cave),,yes,"Haim Goldfus & Amir Golani, ASI Map of Wadi el-Makokh - Benjamin archaeological survey (83/12), records within 1 km of the place (survey.iaa.org.il; printed pages not given online)",ASI Map 83/12,,ASI Map 83/12 field survey (Haim Goldfus & Amir Golani),ASI Map 83/12 sheet within 1 km of iv17_abu_saraj (1 records within 1 km),,UNKNOWN: the introduction says 'This was a full coverage survey of the area' (full coverage); the 1 km circle extends beyond this sheet,,UNKNOWN: no detection rate stated; the introduction says 'most of the sites in this area are single structures',,UNKNOWN: the source gives no reporting rate,,UNKNOWN: not stated,silent,EVIDENCE: none of the 1 records of this map within 1 km is coded cave by the frozen keyword rule,,,research/regional/asi_jerusalem (exploratory; not used by the model),No identification is implied.
ASI-L061,27,jer_tombs_kings,R-E27-TOMB,tomb (T02 entry_features landmark class; ASI classes tomb),,yes,"Amos Kloner (Jerusalem survey); Uri Dinur and Nurit Feig (Benjamin survey), ASI Map of Jerusalem (102), sites 240, 241, 242, 243, 244, 245, 246, 247, 248, 249, 250, 253, 256, 260, 261, 264, 320, 321, 323, 324, 325, 326, 330, 331, 332, 333, 334, 339 (survey.iaa.org.il; printed pages not given online)",ASI Map 102,,ASI Map 102 field survey (Amos Kloner (Jerusalem survey); Uri Dinur and Nurit Feig (Benjamin survey)),ASI Map 102 sheet within 1 km of jer_tombs_kings (38 records within 1 km),,UNKNOWN: the introduction says 'This comprehensive and systematic survey included areas that had undergone development' (comprehensive (Kloner part; no explicit full-area statement); full coverage (Benjamin part east of the municipal line)),,UNKNOWN: no detection rate stated; the introduction says 'Remains of sites that were incompletely documented then',,UNKNOWN: the source gives no reporting rate,,UNKNOWN: not stated,reported,"EVIDENCE: ASI record(s) within 1 km coded tomb by the frozen keyword rule (sites 240, 241, 242, 243, 244, 245, 246, 247, 248, 249, 250, 253, 256, 260, 261, 264, 320, 321, 323, 324, 325, 326, 330, 331, 332, 333, 334, 339)",unknown,,research/regional/asi_jerusalem (exploratory; not used by the model),"13 of 28 hit sites date a matching feature in or partly in the window by the record text (sites 241, 243, 244, 245, 246, 247, 248, 260, 261, 320, 330, 332, 334); No identification is implied."
ASI-L062,27,jericho_area,R-E27-TOMB,tomb (T02 entry_features landmark class; ASI classes tomb),,yes,"Ofer Sion, ASI Map of Kalia (109/5), records within 1 km of the place (survey.iaa.org.il; printed pages not given online)",ASI Map 109/5,,ASI Map 109/5 field survey (Ofer Sion),ASI Map 109/5 sheet within 1 km of jericho_area (0 records within 1 km),,"UNKNOWN: the introduction says 'carried out on foot, along all of the map’s terrain' (all terrain on foot except cultivated areas (vehicle transects)); the 1 km circle extends beyond this sheet",,"UNKNOWN: no detection rate stated; the introduction says 'small sites, for various reasons were not recorded'",,UNKNOWN: the source gives no reporting rate,,UNKNOWN: not stated,silent,EVIDENCE: none of the 0 records of this map within 1 km is coded tomb by the frozen keyword rule,,,research/regional/asi_jerusalem (exploratory; not used by the model),No identification is implied.
ASI-L063,29,ain_duk,R-E29-CONDUIT,conduit (T02 entry_features landmark class; ASI classes conduit),,yes,"Haim Goldfus & Amir Golani, ASI Map of Wadi el-Makokh - Benjamin archaeological survey (83/12), records within 1 km of the place (survey.iaa.org.il; printed pages not given online)",ASI Map 83/12,,ASI Map 83/12 field survey (Haim Goldfus & Amir Golani),ASI Map 83/12 sheet within 1 km of ain_duk (2 records within 1 km),,UNKNOWN: the introduction says 'This was a full coverage survey of the area' (full coverage); the 1 km circle extends beyond this sheet,,UNKNOWN: no detection rate stated; the introduction says 'most of the sites in this area are single structures',,UNKNOWN: the source gives no reporting rate,,UNKNOWN: not stated,silent,EVIDENCE: none of the 2 records of this map within 1 km is coded conduit by the frozen keyword rule,,,research/regional/asi_jerusalem (exploratory; not used by the model),No identification is implied.
ASI-L064,29,ain_duk,R-E29-RESERVOIR,reservoir (T02 entry_features landmark class; ASI classes reservoir/pool),,yes,"Haim Goldfus & Amir Golani, ASI Map of Wadi el-Makokh - Benjamin archaeological survey (83/12), records within 1 km of the place (survey.iaa.org.il; printed pages not given online)",ASI Map 83/12,,ASI Map 83/12 field survey (Haim Goldfus & Amir Golani),ASI Map 83/12 sheet within 1 km of ain_duk (2 records within 1 km),,UNKNOWN: the introduction says 'This was a full coverage survey of the area' (full coverage); the 1 km circle extends beyond this sheet,,UNKNOWN: no detection rate stated; the introduction says 'most of the sites in this area are single structures',,UNKNOWN: the source gives no reporting rate,,UNKNOWN: not stated,silent,EVIDENCE: none of the 2 records of this map within 1 km is coded reservoir/pool by the frozen keyword rule,,,research/regional/asi_jerusalem (exploratory; not used by the model),No identification is implied.
ASI-L065,29,hyrcania,R-E29-CONDUIT,conduit (T02 entry_features landmark class; ASI classes conduit),,yes,"Joseph Patrich, ASI Map of Deir Mar Saba (109/7), sites 63, 65, 66, 67, 68, 69, 70, 90 (survey.iaa.org.il; printed pages not given online)",ASI Map 109/7,,ASI Map 109/7 field survey (Joseph Patrich),ASI Map 109/7 sheet within 1 km of hyrcania (9 records within 1 km),,UNKNOWN: the introduction says 'A systematic survey of the area of Map of Deir Mar Saba' (systematic (no explicit full-area statement)),,UNKNOWN: no detection rate stated,,UNKNOWN: the source gives no reporting rate,,UNKNOWN: not stated,reported,"EVIDENCE: ASI record(s) within 1 km coded conduit by the frozen keyword rule (sites 63, 65, 66, 67, 68, 69, 70, 90)",unknown,,research/regional/asi_jerusalem (exploratory; not used by the model),"3 of 8 hit sites date a matching feature in or partly in the window by the record text (sites 67, 69, 90); No identification is implied."
ASI-L066,29,hyrcania,R-E29-RESERVOIR,reservoir (T02 entry_features landmark class; ASI classes reservoir/pool),,yes,"Joseph Patrich, ASI Map of Deir Mar Saba (109/7), sites 63, 64, 65, 69, 70 (survey.iaa.org.il; printed pages not given online)",ASI Map 109/7,,ASI Map 109/7 field survey (Joseph Patrich),ASI Map 109/7 sheet within 1 km of hyrcania (9 records within 1 km),,UNKNOWN: the introduction says 'A systematic survey of the area of Map of Deir Mar Saba' (systematic (no explicit full-area statement)),,UNKNOWN: no detection rate stated,,UNKNOWN: the source gives no reporting rate,,UNKNOWN: not stated,reported,"EVIDENCE: ASI record(s) within 1 km coded reservoir/pool by the frozen keyword rule (sites 63, 64, 65, 69, 70)",unknown,,research/regional/asi_jerusalem (exploratory; not used by the model),1 of 5 hit sites date a matching feature in or partly in the window by the record text (sites 63); No identification is implied.
ASI-L067,29,jericho_palaces,R-E29-CONDUIT,conduit (T02 entry_features landmark class; ASI classes conduit),,yes,"Ofer Sion, ASI Map of Kalia (109/5), sites 1, 2, 4, 11, 16 (survey.iaa.org.il; printed pages not given online)",ASI Map 109/5,,ASI Map 109/5 field survey (Ofer Sion),ASI Map 109/5 sheet within 1 km of jericho_palaces (14 records within 1 km),,"UNKNOWN: the introduction says 'carried out on foot, along all of the map’s terrain' (all terrain on foot except cultivated areas (vehicle transects)); the 1 km circle extends beyond this sheet",,"UNKNOWN: no detection rate stated; the introduction says 'small sites, for various reasons were not recorded'",,UNKNOWN: the source gives no reporting rate,,UNKNOWN: not stated,reported,"EVIDENCE: ASI record(s) within 1 km coded conduit by the frozen keyword rule (sites 1, 2, 4, 11, 16)",unknown,,research/regional/asi_jerusalem (exploratory; not used by the model),0 of 5 hit sites date a matching feature in or partly in the window by the record text; No identification is implied.
ASI-L068,29,jericho_palaces,R-E29-RESERVOIR,reservoir (T02 entry_features landmark class; ASI classes reservoir/pool),,yes,"Ofer Sion, ASI Map of Kalia (109/5), sites 4, 12, 14, 16 (survey.iaa.org.il; printed pages not given online)",ASI Map 109/5,,ASI Map 109/5 field survey (Ofer Sion),ASI Map 109/5 sheet within 1 km of jericho_palaces (14 records within 1 km),,"UNKNOWN: the introduction says 'carried out on foot, along all of the map’s terrain' (all terrain on foot except cultivated areas (vehicle transects)); the 1 km circle extends beyond this sheet",,"UNKNOWN: no detection rate stated; the introduction says 'small sites, for various reasons were not recorded'",,UNKNOWN: the source gives no reporting rate,,UNKNOWN: not stated,reported,"EVIDENCE: ASI record(s) within 1 km coded reservoir/pool by the frozen keyword rule (sites 4, 12, 14, 16)",unknown,,research/regional/asi_jerusalem (exploratory; not used by the model),0 of 4 hit sites date a matching feature in or partly in the window by the record text; No identification is implied.
ASI-L069,30,jericho_area,R-E30-BUILDING,building (T02 entry_features landmark class; ASI classes building),,yes,"Ofer Sion, ASI Map of Kalia (109/5), records within 1 km of the place (survey.iaa.org.il; printed pages not given online)",ASI Map 109/5,,ASI Map 109/5 field survey (Ofer Sion),ASI Map 109/5 sheet within 1 km of jericho_area (0 records within 1 km),,"UNKNOWN: the introduction says 'carried out on foot, along all of the map’s terrain' (all terrain on foot except cultivated areas (vehicle transects)); the 1 km circle extends beyond this sheet",,"UNKNOWN: no detection rate stated; the introduction says 'small sites, for various reasons were not recorded'",,UNKNOWN: the source gives no reporting rate,,UNKNOWN: not stated,silent,EVIDENCE: none of the 0 records of this map within 1 km is coded building by the frozen keyword rule,,,research/regional/asi_jerusalem (exploratory; not used by the model),No identification is implied.
ASI-L070,30,jericho_area,R-E30-CAVE,cave (T02 entry_features landmark class; ASI classes cave),,yes,"Ofer Sion, ASI Map of Kalia (109/5), records within 1 km of the place (survey.iaa.org.il; printed pages not given online)",ASI Map 109/5,,ASI Map 109/5 field survey (Ofer Sion),ASI Map 109/5 sheet within 1 km of jericho_area (0 records within 1 km),,"UNKNOWN: the introduction says 'carried out on foot, along all of the map’s terrain' (all terrain on foot except cultivated areas (vehicle transects)); the 1 km circle extends beyond this sheet",,"UNKNOWN: no detection rate stated; the introduction says 'small sites, for various reasons were not recorded'",,UNKNOWN: the source gives no reporting rate,,UNKNOWN: not stated,silent,EVIDENCE: none of the 0 records of this map within 1 km is coded cave by the frozen keyword rule,,,research/regional/asi_jerusalem (exploratory; not used by the model),No identification is implied.
ASI-L071,30,tell_el_qos,R-E30-BUILDING,building (T02 entry_features landmark class; ASI classes building),,yes,"Ofer Sion, ASI Map of Kalia (109/5), records within 1 km of the place (survey.iaa.org.il; printed pages not given online)",ASI Map 109/5,,ASI Map 109/5 field survey (Ofer Sion),ASI Map 109/5 sheet within 1 km of tell_el_qos (0 records within 1 km),,"UNKNOWN: the introduction says 'carried out on foot, along all of the map’s terrain' (all terrain on foot except cultivated areas (vehicle transects)); the 1 km circle extends beyond this sheet",,"UNKNOWN: no detection rate stated; the introduction says 'small sites, for various reasons were not recorded'",,UNKNOWN: the source gives no reporting rate,,UNKNOWN: not stated,silent,EVIDENCE: none of the 0 records of this map within 1 km is coded building by the frozen keyword rule,,,research/regional/asi_jerusalem (exploratory; not used by the model),No identification is implied.
ASI-L072,30,tell_el_qos,R-E30-CAVE,cave (T02 entry_features landmark class; ASI classes cave),,yes,"Ofer Sion, ASI Map of Kalia (109/5), records within 1 km of the place (survey.iaa.org.il; printed pages not given online)",ASI Map 109/5,,ASI Map 109/5 field survey (Ofer Sion),ASI Map 109/5 sheet within 1 km of tell_el_qos (0 records within 1 km),,"UNKNOWN: the introduction says 'carried out on foot, along all of the map’s terrain' (all terrain on foot except cultivated areas (vehicle transects)); the 1 km circle extends beyond this sheet",,"UNKNOWN: no detection rate stated; the introduction says 'small sites, for various reasons were not recorded'",,UNKNOWN: the source gives no reporting rate,,UNKNOWN: not stated,silent,EVIDENCE: none of the 0 records of this map within 1 km is coded cave by the frozen keyword rule,,,research/regional/asi_jerusalem (exploratory; not used by the model),No identification is implied.
ASI-L073,31,ain_duk,R-E31-FORTRESS,fortress (T02 entry_features landmark class; ASI classes fortress),,yes,"Haim Goldfus & Amir Golani, ASI Map of Wadi el-Makokh - Benjamin archaeological survey (83/12), records within 1 km of the place (survey.iaa.org.il; printed pages not given online)",ASI Map 83/12,,ASI Map 83/12 field survey (Haim Goldfus & Amir Golani),ASI Map 83/12 sheet within 1 km of ain_duk (2 records within 1 km),,UNKNOWN: the introduction says 'This was a full coverage survey of the area' (full coverage); the 1 km circle extends beyond this sheet,,UNKNOWN: no detection rate stated; the introduction says 'most of the sites in this area are single structures',,UNKNOWN: the source gives no reporting rate,,UNKNOWN: not stated,silent,EVIDENCE: none of the 2 records of this map within 1 km is coded fortress by the frozen keyword rule,,,research/regional/asi_jerusalem (exploratory; not used by the model),No identification is implied.
ASI-L074,31,doq,R-E31-FORTRESS,fortress (T02 entry_features landmark class; ASI classes fortress),,yes,"Haim Goldfus & Amir Golani, ASI Map of Wadi el-Makokh - Benjamin archaeological survey (83/12), records within 1 km of the place (survey.iaa.org.il; printed pages not given online)",ASI Map 83/12,,ASI Map 83/12 field survey (Haim Goldfus & Amir Golani),ASI Map 83/12 sheet within 1 km of doq (0 records within 1 km),,UNKNOWN: the introduction says 'This was a full coverage survey of the area' (full coverage); the 1 km circle extends beyond this sheet,,UNKNOWN: no detection rate stated; the introduction says 'most of the sites in this area are single structures',,UNKNOWN: the source gives no reporting rate,,UNKNOWN: not stated,silent,EVIDENCE: none of the 0 records of this map within 1 km is coded fortress by the frozen keyword rule,,,research/regional/asi_jerusalem (exploratory; not used by the model),No identification is implied.
ASI-L075,33,jericho_area,R-E33-BUILDING,building (T02 entry_features landmark class; ASI classes building),,yes,"Ofer Sion, ASI Map of Kalia (109/5), records within 1 km of the place (survey.iaa.org.il; printed pages not given online)",ASI Map 109/5,,ASI Map 109/5 field survey (Ofer Sion),ASI Map 109/5 sheet within 1 km of jericho_area (0 records within 1 km),,"UNKNOWN: the introduction says 'carried out on foot, along all of the map’s terrain' (all terrain on foot except cultivated areas (vehicle transects)); the 1 km circle extends beyond this sheet",,"UNKNOWN: no detection rate stated; the introduction says 'small sites, for various reasons were not recorded'",,UNKNOWN: the source gives no reporting rate,,UNKNOWN: not stated,silent,EVIDENCE: none of the 0 records of this map within 1 km is coded building by the frozen keyword rule,,,research/regional/asi_jerusalem (exploratory; not used by the model),No identification is implied.
ASI-L076,33,jericho_area,R-E33-CONDUIT,conduit (T02 entry_features landmark class; ASI classes conduit),,yes,"Ofer Sion, ASI Map of Kalia (109/5), records within 1 km of the place (survey.iaa.org.il; printed pages not given online)",ASI Map 109/5,,ASI Map 109/5 field survey (Ofer Sion),ASI Map 109/5 sheet within 1 km of jericho_area (0 records within 1 km),,"UNKNOWN: the introduction says 'carried out on foot, along all of the map’s terrain' (all terrain on foot except cultivated areas (vehicle transects)); the 1 km circle extends beyond this sheet",,"UNKNOWN: no detection rate stated; the introduction says 'small sites, for various reasons were not recorded'",,UNKNOWN: the source gives no reporting rate,,UNKNOWN: not stated,silent,EVIDENCE: none of the 0 records of this map within 1 km is coded conduit by the frozen keyword rule,,,research/regional/asi_jerusalem (exploratory; not used by the model),No identification is implied.
ASI-L077,33,jericho_area,R-E33-ROAD,road (T02 entry_features landmark class; ASI classes road),,yes,"Ofer Sion, ASI Map of Kalia (109/5), records within 1 km of the place (survey.iaa.org.il; printed pages not given online)",ASI Map 109/5,,ASI Map 109/5 field survey (Ofer Sion),ASI Map 109/5 sheet within 1 km of jericho_area (0 records within 1 km),,"UNKNOWN: the introduction says 'carried out on foot, along all of the map’s terrain' (all terrain on foot except cultivated areas (vehicle transects)); the 1 km circle extends beyond this sheet",,"UNKNOWN: no detection rate stated; the introduction says 'small sites, for various reasons were not recorded'",,UNKNOWN: the source gives no reporting rate,,UNKNOWN: not stated,silent,EVIDENCE: none of the 0 records of this map within 1 km is coded road by the frozen keyword rule,,,research/regional/asi_jerusalem (exploratory; not used by the model),No identification is implied.
ASI-L078,35,hyrcania,R-E35-CAIRN,cairn (T02 entry_features landmark class; ASI classes cairn),,yes,"Joseph Patrich, ASI Map of Deir Mar Saba (109/7), records within 1 km of the place (survey.iaa.org.il; printed pages not given online)",ASI Map 109/7,,ASI Map 109/7 field survey (Joseph Patrich),ASI Map 109/7 sheet within 1 km of hyrcania (9 records within 1 km),,UNKNOWN: the introduction says 'A systematic survey of the area of Map of Deir Mar Saba' (systematic (no explicit full-area statement)),,UNKNOWN: no detection rate stated,,UNKNOWN: the source gives no reporting rate,,UNKNOWN: not stated,silent,EVIDENCE: none of the 9 records of this map within 1 km is coded cairn by the frozen keyword rule,,,research/regional/asi_jerusalem (exploratory; not used by the model),No identification is implied.
ASI-L079,35,mar_saba,R-E35-CAIRN,cairn (T02 entry_features landmark class; ASI classes cairn),,yes,"Joseph Patrich, ASI Map of Deir Mar Saba (109/7), sites 99 (survey.iaa.org.il; printed pages not given online)",ASI Map 109/7,,ASI Map 109/7 field survey (Joseph Patrich),ASI Map 109/7 sheet within 1 km of mar_saba (9 records within 1 km),,UNKNOWN: the introduction says 'A systematic survey of the area of Map of Deir Mar Saba' (systematic (no explicit full-area statement)),,UNKNOWN: no detection rate stated,,UNKNOWN: the source gives no reporting rate,,UNKNOWN: not stated,reported,EVIDENCE: ASI record(s) within 1 km coded cairn by the frozen keyword rule (sites 99),unknown,,research/regional/asi_jerusalem (exploratory; not used by the model),0 of 1 hit sites date a matching feature in or partly in the window by the record text; No identification is implied.
ASI-L080,38,natuf,R-E38-DOVECOTE,dovecote (T02 entry_features landmark class; ASI classes dovecote),,yes,"Yizhar Hirschfeld, ASI Map of Herodium (108/2), records within 1 km of the place (survey.iaa.org.il; printed pages not given online)",ASI Map 108/2,,ASI Map 108/2 field survey (Yizhar Hirschfeld),ASI Map 108/2 sheet within 1 km of natuf (4 records within 1 km),1.0,"EVIDENCE: the introduction states 'combed as thoroughly as possible by walking along all the ridges' (Hirschfeld, ASI Map of Herodium (108/2), online introduction, Introduction (survey.iaa.org.il GetMapIntro mapId=52)); the 1 km circle lies inside the sheet",,UNKNOWN: no detection rate stated; the introduction says 'Some of the many caves and rock shelters located in the area',,UNKNOWN: the source gives no reporting rate,,UNKNOWN: not stated,silent,EVIDENCE: none of the 4 records of this map within 1 km is coded dovecote by the frozen keyword rule,,,research/regional/asi_jerusalem (exploratory; not used by the model),No identification is implied.
ASI-L081,40,beth_horon,R-E40-CONDUIT,conduit (T02 entry_features landmark class; ASI classes conduit),,yes,"Israel Finklestein (north) & Hananiah Hizmi (south), ASI Map of Beit Sira - South (83), records within 1 km of the place (survey.iaa.org.il; printed pages not given online)",ASI Map 83,,ASI Map 83 field survey (Israel Finklestein (north) & Hananiah Hizmi (south)),ASI Map 83 sheet within 1 km of beth_horon (0 records within 1 km),,UNKNOWN: the introduction says 'This was a full coverage survey of the area' (full coverage); the 1 km circle extends beyond this sheet,,UNKNOWN: no detection rate stated; the introduction says 'conceivable that additional small sites will yet be discovered',,UNKNOWN: the source gives no reporting rate,,UNKNOWN: not stated,silent,EVIDENCE: none of the 0 records of this map within 1 km is coded conduit by the frozen keyword rule,,,research/regional/asi_jerusalem (exploratory; not used by the model),No identification is implied.
ASI-L082,40,beth_horon,R-E40-CONDUIT,conduit (T02 entry_features landmark class; ASI classes conduit),,yes,"Israel Finklestein (north). Amir Feldstein, Giora Kidron, Nizan Hanin, Yair Kamaisky & David Eitam (south)., ASI Map of Ramallah - Benjamin survey (83/1), records within 1 km of the place (survey.iaa.org.il; printed pages not given online)",ASI Map 83/1,,"ASI Map 83/1 field survey (Israel Finklestein (north). Amir Feldstein, Giora Kidron, Nizan Hanin, Yair Kamaisky & David Eitam (south).)",ASI Map 83/1 sheet within 1 km of beth_horon (4 records within 1 km),,UNKNOWN: the introduction says 'This was a full coverage survey of the area' (full coverage); the 1 km circle extends beyond this sheet,,UNKNOWN: no detection rate stated; the introduction says 'conceivable that additional small sites will yet be discovered',,UNKNOWN: the source gives no reporting rate,,UNKNOWN: not stated,silent,EVIDENCE: none of the 4 records of this map within 1 km is coded conduit by the frozen keyword rule,,,research/regional/asi_jerusalem (exploratory; not used by the model),No identification is implied.
ASI-L083,40,natuf,R-E40-CONDUIT,conduit (T02 entry_features landmark class; ASI classes conduit),,yes,"Yizhar Hirschfeld, ASI Map of Herodium (108/2), sites 17, 26, 27 (survey.iaa.org.il; printed pages not given online)",ASI Map 108/2,,ASI Map 108/2 field survey (Yizhar Hirschfeld),ASI Map 108/2 sheet within 1 km of natuf (4 records within 1 km),1.0,"EVIDENCE: the introduction states 'combed as thoroughly as possible by walking along all the ridges' (Hirschfeld, ASI Map of Herodium (108/2), online introduction, Introduction (survey.iaa.org.il GetMapIntro mapId=52)); the 1 km circle lies inside the sheet",,UNKNOWN: no detection rate stated; the introduction says 'Some of the many caves and rock shelters located in the area',,UNKNOWN: the source gives no reporting rate,,UNKNOWN: not stated,reported,"EVIDENCE: ASI record(s) within 1 km coded conduit by the frozen keyword rule (sites 17, 26, 27)",unknown,,research/regional/asi_jerusalem (exploratory; not used by the model),0 of 3 hit sites date a matching feature in or partly in the window by the record text; No identification is implied.
ASI-L084,42,tekoa_herodium,R-E42-CONDUIT,conduit (T02 entry_features landmark class; ASI classes conduit),,yes,"Yizhar Hirschfeld, ASI Map of Herodium (108/2), records within 1 km of the place (survey.iaa.org.il; printed pages not given online)",ASI Map 108/2,,ASI Map 108/2 field survey (Yizhar Hirschfeld),ASI Map 108/2 sheet within 1 km of tekoa_herodium (0 records within 1 km),1.0,"EVIDENCE: the introduction states 'combed as thoroughly as possible by walking along all the ridges' (Hirschfeld, ASI Map of Herodium (108/2), online introduction, Introduction (survey.iaa.org.il GetMapIntro mapId=52)); the 1 km circle lies inside the sheet",,UNKNOWN: no detection rate stated; the introduction says 'Some of the many caves and rock shelters located in the area',,UNKNOWN: the source gives no reporting rate,,UNKNOWN: not stated,silent,EVIDENCE: none of the 0 records of this map within 1 km is coded conduit by the frozen keyword rule,,,research/regional/asi_jerusalem (exploratory; not used by the model),No identification is implied.
ASI-L085,43,tekoa_herodium,R-E43-PIT,pit (T02 entry_features landmark class; ASI classes pit),,yes,"Yizhar Hirschfeld, ASI Map of Herodium (108/2), records within 1 km of the place (survey.iaa.org.il; printed pages not given online)",ASI Map 108/2,,ASI Map 108/2 field survey (Yizhar Hirschfeld),ASI Map 108/2 sheet within 1 km of tekoa_herodium (0 records within 1 km),1.0,"EVIDENCE: the introduction states 'combed as thoroughly as possible by walking along all the ridges' (Hirschfeld, ASI Map of Herodium (108/2), online introduction, Introduction (survey.iaa.org.il GetMapIntro mapId=52)); the 1 km circle lies inside the sheet",,UNKNOWN: no detection rate stated; the introduction says 'Some of the many caves and rock shelters located in the area',,UNKNOWN: the source gives no reporting rate,,UNKNOWN: not stated,silent,EVIDENCE: none of the 0 records of this map within 1 km is coded pit by the frozen keyword rule,,,research/regional/asi_jerusalem (exploratory; not used by the model),No identification is implied.
ASI-L086,43,tell_el_ful,R-E43-PIT,pit (T02 entry_features landmark class; ASI classes pit),,yes,"Amos Kloner (Jerusalem survey); Uri Dinur and Nurit Feig (Benjamin survey), ASI Map of Jerusalem (102), sites 41, 44, 45, 78, 79, 81, 87 (survey.iaa.org.il; printed pages not given online)",ASI Map 102,,ASI Map 102 field survey (Amos Kloner (Jerusalem survey); Uri Dinur and Nurit Feig (Benjamin survey)),ASI Map 102 sheet within 1 km of tell_el_ful (25 records within 1 km),,UNKNOWN: the introduction says 'This comprehensive and systematic survey included areas that had undergone development' (comprehensive (Kloner part; no explicit full-area statement); full coverage (Benjamin part east of the municipal line)),,UNKNOWN: no detection rate stated; the introduction says 'Remains of sites that were incompletely documented then',,UNKNOWN: the source gives no reporting rate,,UNKNOWN: not stated,reported,"EVIDENCE: ASI record(s) within 1 km coded pit by the frozen keyword rule (sites 41, 44, 45, 78, 79, 81, 87)",unknown,,research/regional/asi_jerusalem (exploratory; not used by the model),0 of 7 hit sites date a matching feature in or partly in the window by the record text; No identification is implied.
ASI-L087,44,tekoa_herodium,R-E44-BUILDING,building (T02 entry_features landmark class; ASI classes building),,yes,"Yizhar Hirschfeld, ASI Map of Herodium (108/2), records within 1 km of the place (survey.iaa.org.il; printed pages not given online)",ASI Map 108/2,,ASI Map 108/2 field survey (Yizhar Hirschfeld),ASI Map 108/2 sheet within 1 km of tekoa_herodium (0 records within 1 km),1.0,"EVIDENCE: the introduction states 'combed as thoroughly as possible by walking along all the ridges' (Hirschfeld, ASI Map of Herodium (108/2), online introduction, Introduction (survey.iaa.org.il GetMapIntro mapId=52)); the 1 km circle lies inside the sheet",,UNKNOWN: no detection rate stated; the introduction says 'Some of the many caves and rock shelters located in the area',,UNKNOWN: the source gives no reporting rate,,UNKNOWN: not stated,silent,EVIDENCE: none of the 0 records of this map within 1 km is coded building by the frozen keyword rule,,,research/regional/asi_jerusalem (exploratory; not used by the model),No identification is implied.
ASI-L088,44,tekoa_herodium,R-E44-DOVECOTE,dovecote (T02 entry_features landmark class; ASI classes dovecote),,yes,"Yizhar Hirschfeld, ASI Map of Herodium (108/2), records within 1 km of the place (survey.iaa.org.il; printed pages not given online)",ASI Map 108/2,,ASI Map 108/2 field survey (Yizhar Hirschfeld),ASI Map 108/2 sheet within 1 km of tekoa_herodium (0 records within 1 km),1.0,"EVIDENCE: the introduction states 'combed as thoroughly as possible by walking along all the ridges' (Hirschfeld, ASI Map of Herodium (108/2), online introduction, Introduction (survey.iaa.org.il GetMapIntro mapId=52)); the 1 km circle lies inside the sheet",,UNKNOWN: no detection rate stated; the introduction says 'Some of the many caves and rock shelters located in the area',,UNKNOWN: the source gives no reporting rate,,UNKNOWN: not stated,silent,EVIDENCE: none of the 0 records of this map within 1 km is coded dovecote by the frozen keyword rule,,,research/regional/asi_jerusalem (exploratory; not used by the model),No identification is implied.
ASI-L089,44,tekoa_herodium,R-E44-FORTRESS,fortress (T02 entry_features landmark class; ASI classes fortress),,yes,"Yizhar Hirschfeld, ASI Map of Herodium (108/2), records within 1 km of the place (survey.iaa.org.il; printed pages not given online)",ASI Map 108/2,,ASI Map 108/2 field survey (Yizhar Hirschfeld),ASI Map 108/2 sheet within 1 km of tekoa_herodium (0 records within 1 km),1.0,"EVIDENCE: the introduction states 'combed as thoroughly as possible by walking along all the ridges' (Hirschfeld, ASI Map of Herodium (108/2), online introduction, Introduction (survey.iaa.org.il GetMapIntro mapId=52)); the 1 km circle lies inside the sheet",,UNKNOWN: no detection rate stated; the introduction says 'Some of the many caves and rock shelters located in the area',,UNKNOWN: the source gives no reporting rate,,UNKNOWN: not stated,silent,EVIDENCE: none of the 0 records of this map within 1 km is coded fortress by the frozen keyword rule,,,research/regional/asi_jerusalem (exploratory; not used by the model),No identification is implied.
ASI-L090,45,jer_bir_ayyub,R-E45-CISTERN,cistern (T02 entry_features landmark class; ASI classes cistern),,yes,"Amos Kloner, ASI Map of Talpiot - Survey of Jerusalem The Southern Sector (106), records within 1 km of the place (survey.iaa.org.il; printed pages not given online)",ASI Map 106,,ASI Map 106 field survey (Amos Kloner),ASI Map 106 sheet within 1 km of jer_bir_ayyub (16 records within 1 km),,UNKNOWN: the introduction says 'This comprehensive survey included areas that underwent intensive development' (comprehensive (no explicit full-area statement)); the 1 km circle extends beyond this sheet,,UNKNOWN: no detection rate stated; the introduction says 'the survey teams were often unable to locate and record all',,UNKNOWN: the source gives no reporting rate,,UNKNOWN: not stated,silent,EVIDENCE: none of the 16 records of this map within 1 km is coded cistern by the frozen keyword rule,,,research/regional/asi_jerusalem (exploratory; not used by the model),No identification is implied.
ASI-L091,45,jer_bir_ayyub,R-E45-CISTERN,cistern (T02 entry_features landmark class; ASI classes cistern),,yes,"Amos Kloner (Jerusalem survey); Uri Dinur and Nurit Feig (Benjamin survey), ASI Map of Jerusalem (102), sites 417, 421, 471, 473, 478, 479, 490, 504 (survey.iaa.org.il; printed pages not given online)",ASI Map 102,,ASI Map 102 field survey (Amos Kloner (Jerusalem survey); Uri Dinur and Nurit Feig (Benjamin survey)),ASI Map 102 sheet within 1 km of jer_bir_ayyub (48 records within 1 km),,UNKNOWN: the introduction says 'This comprehensive and systematic survey included areas that had undergone development' (comprehensive (Kloner part; no explicit full-area statement); full coverage (Benjamin part east of the municipal line)); the 1 km circle extends beyond this sheet,,UNKNOWN: no detection rate stated; the introduction says 'Remains of sites that were incompletely documented then',,UNKNOWN: the source gives no reporting rate,,UNKNOWN: not stated,reported,"EVIDENCE: ASI record(s) within 1 km coded cistern by the frozen keyword rule (sites 417, 421, 471, 473, 478, 479, 490, 504)",unknown,,research/regional/asi_jerusalem (exploratory; not used by the model),1 of 8 hit sites date a matching feature in or partly in the window by the record text (sites 417); No identification is implied.
ASI-L092,45,jer_bir_ayyub,R-E45-CONDUIT,conduit (T02 entry_features landmark class; ASI classes conduit),,yes,"Amos Kloner, ASI Map of Talpiot - Survey of Jerusalem The Southern Sector (106), records within 1 km of the place (survey.iaa.org.il; printed pages not given online)",ASI Map 106,,ASI Map 106 field survey (Amos Kloner),ASI Map 106 sheet within 1 km of jer_bir_ayyub (16 records within 1 km),,UNKNOWN: the introduction says 'This comprehensive survey included areas that underwent intensive development' (comprehensive (no explicit full-area statement)); the 1 km circle extends beyond this sheet,,UNKNOWN: no detection rate stated; the introduction says 'the survey teams were often unable to locate and record all',,UNKNOWN: the source gives no reporting rate,,UNKNOWN: not stated,silent,EVIDENCE: none of the 16 records of this map within 1 km is coded conduit by the frozen keyword rule,,,research/regional/asi_jerusalem (exploratory; not used by the model),No identification is implied.
ASI-L093,45,jer_bir_ayyub,R-E45-CONDUIT,conduit (T02 entry_features landmark class; ASI classes conduit),,yes,"Amos Kloner (Jerusalem survey); Uri Dinur and Nurit Feig (Benjamin survey), ASI Map of Jerusalem (102), sites 417, 418, 419, 460 (survey.iaa.org.il; printed pages not given online)",ASI Map 102,,ASI Map 102 field survey (Amos Kloner (Jerusalem survey); Uri Dinur and Nurit Feig (Benjamin survey)),ASI Map 102 sheet within 1 km of jer_bir_ayyub (48 records within 1 km),,UNKNOWN: the introduction says 'This comprehensive and systematic survey included areas that had undergone development' (comprehensive (Kloner part; no explicit full-area statement); full coverage (Benjamin part east of the municipal line)); the 1 km circle extends beyond this sheet,,UNKNOWN: no detection rate stated; the introduction says 'Remains of sites that were incompletely documented then',,UNKNOWN: the source gives no reporting rate,,UNKNOWN: not stated,reported,"EVIDENCE: ASI record(s) within 1 km coded conduit by the frozen keyword rule (sites 417, 418, 419, 460)",unknown,,research/regional/asi_jerusalem (exploratory; not used by the model),"2 of 4 hit sites date a matching feature in or partly in the window by the record text (sites 417, 460); No identification is implied."
ASI-L094,45,tekoa_herodium,R-E45-CISTERN,cistern (T02 entry_features landmark class; ASI classes cistern),,yes,"Yizhar Hirschfeld, ASI Map of Herodium (108/2), records within 1 km of the place (survey.iaa.org.il; printed pages not given online)",ASI Map 108/2,,ASI Map 108/2 field survey (Yizhar Hirschfeld),ASI Map 108/2 sheet within 1 km of tekoa_herodium (0 records within 1 km),1.0,"EVIDENCE: the introduction states 'combed as thoroughly as possible by walking along all the ridges' (Hirschfeld, ASI Map of Herodium (108/2), online introduction, Introduction (survey.iaa.org.il GetMapIntro mapId=52)); the 1 km circle lies inside the sheet",,UNKNOWN: no detection rate stated; the introduction says 'Some of the many caves and rock shelters located in the area',,UNKNOWN: the source gives no reporting rate,,UNKNOWN: not stated,silent,EVIDENCE: none of the 0 records of this map within 1 km is coded cistern by the frozen keyword rule,,,research/regional/asi_jerusalem (exploratory; not used by the model),No identification is implied.
ASI-L095,45,tekoa_herodium,R-E45-CONDUIT,conduit (T02 entry_features landmark class; ASI classes conduit),,yes,"Yizhar Hirschfeld, ASI Map of Herodium (108/2), records within 1 km of the place (survey.iaa.org.il; printed pages not given online)",ASI Map 108/2,,ASI Map 108/2 field survey (Yizhar Hirschfeld),ASI Map 108/2 sheet within 1 km of tekoa_herodium (0 records within 1 km),1.0,"EVIDENCE: the introduction states 'combed as thoroughly as possible by walking along all the ridges' (Hirschfeld, ASI Map of Herodium (108/2), online introduction, Introduction (survey.iaa.org.il GetMapIntro mapId=52)); the 1 km circle lies inside the sheet",,UNKNOWN: no detection rate stated; the introduction says 'Some of the many caves and rock shelters located in the area',,UNKNOWN: the source gives no reporting rate,,UNKNOWN: not stated,silent,EVIDENCE: none of the 0 records of this map within 1 km is coded conduit by the frozen keyword rule,,,research/regional/asi_jerusalem (exploratory; not used by the model),No identification is implied.
ASI-L096,46,ramat_rahel,R-E46-RESERVOIR,reservoir (T02 entry_features landmark class; ASI classes reservoir/pool),,yes,"Amos Kloner, ASI Map of Bet Lehem, Survey of Jerusalem The Southern Sector (105), records within 1 km of the place (survey.iaa.org.il; printed pages not given online)",ASI Map 105,,ASI Map 105 field survey (Amos Kloner),ASI Map 105 sheet within 1 km of ramat_rahel (1 records within 1 km),,UNKNOWN: the introduction says 'This comprehensive survey included areas that underwent intensive development' (comprehensive (no explicit full-area statement)); the 1 km circle extends beyond this sheet,,UNKNOWN: no detection rate stated; the introduction says 'the survey teams were often unable to locate and record all',,UNKNOWN: the source gives no reporting rate,,UNKNOWN: not stated,silent,EVIDENCE: none of the 1 records of this map within 1 km is coded reservoir/pool by the frozen keyword rule,,,research/regional/asi_jerusalem (exploratory; not used by the model),No identification is implied.
ASI-L097,46,ramat_rahel,R-E46-RESERVOIR,reservoir (T02 entry_features landmark class; ASI classes reservoir/pool),,yes,"Amos Kloner, ASI Map of Talpiot - Survey of Jerusalem The Southern Sector (106), sites 66, 91, 92, 95, 98 (survey.iaa.org.il; printed pages not given online)",ASI Map 106,,ASI Map 106 field survey (Amos Kloner),ASI Map 106 sheet within 1 km of ramat_rahel (21 records within 1 km),,UNKNOWN: the introduction says 'This comprehensive survey included areas that underwent intensive development' (comprehensive (no explicit full-area statement)); the 1 km circle extends beyond this sheet,,UNKNOWN: no detection rate stated; the introduction says 'the survey teams were often unable to locate and record all',,UNKNOWN: the source gives no reporting rate,,UNKNOWN: not stated,reported,"EVIDENCE: ASI record(s) within 1 km coded reservoir/pool by the frozen keyword rule (sites 66, 91, 92, 95, 98)",unknown,,research/regional/asi_jerusalem (exploratory; not used by the model),1 of 5 hit sites date a matching feature in or partly in the window by the record text (sites 95); No identification is implied.
ASI-L098,47,jer_bir_ayyub,R-E47-BASIN,basin (T02 entry_features landmark class; ASI classes basin),,yes,"Amos Kloner, ASI Map of Talpiot - Survey of Jerusalem The Southern Sector (106), records within 1 km of the place (survey.iaa.org.il; printed pages not given online)",ASI Map 106,,ASI Map 106 field survey (Amos Kloner),ASI Map 106 sheet within 1 km of jer_bir_ayyub (16 records within 1 km),,UNKNOWN: the introduction says 'This comprehensive survey included areas that underwent intensive development' (comprehensive (no explicit full-area statement)); the 1 km circle extends beyond this sheet,,UNKNOWN: no detection rate stated; the introduction says 'the survey teams were often unable to locate and record all',,UNKNOWN: the source gives no reporting rate,,UNKNOWN: not stated,silent,EVIDENCE: none of the 16 records of this map within 1 km is coded basin by the frozen keyword rule,,,research/regional/asi_jerusalem (exploratory; not used by the model),No identification is implied.
ASI-L099,47,jer_bir_ayyub,R-E47-BASIN,basin (T02 entry_features landmark class; ASI classes basin),,yes,"Amos Kloner (Jerusalem survey); Uri Dinur and Nurit Feig (Benjamin survey), ASI Map of Jerusalem (102), records within 1 km of the place (survey.iaa.org.il; printed pages not given online)",ASI Map 102,,ASI Map 102 field survey (Amos Kloner (Jerusalem survey); Uri Dinur and Nurit Feig (Benjamin survey)),ASI Map 102 sheet within 1 km of jer_bir_ayyub (48 records within 1 km),,UNKNOWN: the introduction says 'This comprehensive and systematic survey included areas that had undergone development' (comprehensive (Kloner part; no explicit full-area statement); full coverage (Benjamin part east of the municipal line)); the 1 km circle extends beyond this sheet,,UNKNOWN: no detection rate stated; the introduction says 'Remains of sites that were incompletely documented then',,UNKNOWN: the source gives no reporting rate,,UNKNOWN: not stated,silent,EVIDENCE: none of the 48 records of this map within 1 km is coded basin by the frozen keyword rule,,,research/regional/asi_jerusalem (exploratory; not used by the model),No identification is implied.
ASI-L100,47,jer_bir_ayyub,R-E47-SPRING,spring (T02 entry_features landmark class; ASI classes spring_well),,yes,"Amos Kloner, ASI Map of Talpiot - Survey of Jerusalem The Southern Sector (106), records within 1 km of the place (survey.iaa.org.il; printed pages not given online)",ASI Map 106,,ASI Map 106 field survey (Amos Kloner),ASI Map 106 sheet within 1 km of jer_bir_ayyub (16 records within 1 km),,UNKNOWN: the introduction says 'This comprehensive survey included areas that underwent intensive development' (comprehensive (no explicit full-area statement)); the 1 km circle extends beyond this sheet,,UNKNOWN: no detection rate stated; the introduction says 'the survey teams were often unable to locate and record all',,UNKNOWN: the source gives no reporting rate,,UNKNOWN: not stated,silent,EVIDENCE: none of the 16 records of this map within 1 km is coded spring_well by the frozen keyword rule,,,research/regional/asi_jerusalem (exploratory; not used by the model),No identification is implied.
ASI-L101,47,jer_bir_ayyub,R-E47-SPRING,spring (T02 entry_features landmark class; ASI classes spring_well),,yes,"Amos Kloner (Jerusalem survey); Uri Dinur and Nurit Feig (Benjamin survey), ASI Map of Jerusalem (102), sites 416, 486 (survey.iaa.org.il; printed pages not given online)",ASI Map 102,,ASI Map 102 field survey (Amos Kloner (Jerusalem survey); Uri Dinur and Nurit Feig (Benjamin survey)),ASI Map 102 sheet within 1 km of jer_bir_ayyub (48 records within 1 km),,UNKNOWN: the introduction says 'This comprehensive and systematic survey included areas that had undergone development' (comprehensive (Kloner part; no explicit full-area statement); full coverage (Benjamin part east of the municipal line)); the 1 km circle extends beyond this sheet,,UNKNOWN: no detection rate stated; the introduction says 'Remains of sites that were incompletely documented then',,UNKNOWN: the source gives no reporting rate,,UNKNOWN: not stated,reported,"EVIDENCE: ASI record(s) within 1 km coded spring_well by the frozen keyword rule (sites 416, 486)",unknown,,research/regional/asi_jerusalem (exploratory; not used by the model),0 of 2 hit sites date a matching feature in or partly in the window by the record text; No identification is implied.
ASI-L102,48,jer_kidron_mon,R-E48-MONUMENT,monument (T02 entry_features landmark class; ASI classes monument),,yes,"Amos Kloner (Jerusalem survey); Uri Dinur and Nurit Feig (Benjamin survey), ASI Map of Jerusalem (102), sites 345, 410, 411, 420 (survey.iaa.org.il; printed pages not given online)",ASI Map 102,,ASI Map 102 field survey (Amos Kloner (Jerusalem survey); Uri Dinur and Nurit Feig (Benjamin survey)),ASI Map 102 sheet within 1 km of jer_kidron_mon (46 records within 1 km),,UNKNOWN: the introduction says 'This comprehensive and systematic survey included areas that had undergone development' (comprehensive (Kloner part; no explicit full-area statement); full coverage (Benjamin part east of the municipal line)),,UNKNOWN: no detection rate stated; the introduction says 'Remains of sites that were incompletely documented then',,UNKNOWN: the source gives no reporting rate,,UNKNOWN: not stated,reported,"EVIDENCE: ASI record(s) within 1 km coded monument by the frozen keyword rule (sites 345, 410, 411, 420)",unknown,,research/regional/asi_jerusalem (exploratory; not used by the model),1 of 4 hit sites date a matching feature in or partly in the window by the record text (sites 410); No identification is implied.
ASI-L103,49,jer_siloam,R-E49-BASIN,basin (T02 entry_features landmark class; ASI classes basin),,yes,"Amos Kloner, ASI Map of Talpiot - Survey of Jerusalem The Southern Sector (106), records within 1 km of the place (survey.iaa.org.il; printed pages not given online)",ASI Map 106,,ASI Map 106 field survey (Amos Kloner),ASI Map 106 sheet within 1 km of jer_siloam (0 records within 1 km),,UNKNOWN: the introduction says 'This comprehensive survey included areas that underwent intensive development' (comprehensive (no explicit full-area statement)); the 1 km circle extends beyond this sheet,,UNKNOWN: no detection rate stated; the introduction says 'the survey teams were often unable to locate and record all',,UNKNOWN: the source gives no reporting rate,,UNKNOWN: not stated,silent,EVIDENCE: none of the 0 records of this map within 1 km is coded basin by the frozen keyword rule,,,research/regional/asi_jerusalem (exploratory; not used by the model),No identification is implied.
ASI-L104,49,jer_siloam,R-E49-BASIN,basin (T02 entry_features landmark class; ASI classes basin),,yes,"Amos Kloner (Jerusalem survey); Uri Dinur and Nurit Feig (Benjamin survey), ASI Map of Jerusalem (102), sites 431 (survey.iaa.org.il; printed pages not given online)",ASI Map 102,,ASI Map 102 field survey (Amos Kloner (Jerusalem survey); Uri Dinur and Nurit Feig (Benjamin survey)),ASI Map 102 sheet within 1 km of jer_siloam (50 records within 1 km),,UNKNOWN: the introduction says 'This comprehensive and systematic survey included areas that had undergone development' (comprehensive (Kloner part; no explicit full-area statement); full coverage (Benjamin part east of the municipal line)); the 1 km circle extends beyond this sheet,,UNKNOWN: no detection rate stated; the introduction says 'Remains of sites that were incompletely documented then',,UNKNOWN: the source gives no reporting rate,,UNKNOWN: not stated,reported,EVIDENCE: ASI record(s) within 1 km coded basin by the frozen keyword rule (sites 431),unknown,,research/regional/asi_jerusalem (exploratory; not used by the model),0 of 1 hit sites date a matching feature in or partly in the window by the record text; No identification is implied.
ASI-L105,49,jer_siloam,R-E49-BUILDING,building (T02 entry_features landmark class; ASI classes building),,yes,"Amos Kloner, ASI Map of Talpiot - Survey of Jerusalem The Southern Sector (106), records within 1 km of the place (survey.iaa.org.il; printed pages not given online)",ASI Map 106,,ASI Map 106 field survey (Amos Kloner),ASI Map 106 sheet within 1 km of jer_siloam (0 records within 1 km),,UNKNOWN: the introduction says 'This comprehensive survey included areas that underwent intensive development' (comprehensive (no explicit full-area statement)); the 1 km circle extends beyond this sheet,,UNKNOWN: no detection rate stated; the introduction says 'the survey teams were often unable to locate and record all',,UNKNOWN: the source gives no reporting rate,,UNKNOWN: not stated,silent,EVIDENCE: none of the 0 records of this map within 1 km is coded building by the frozen keyword rule,,,research/regional/asi_jerusalem (exploratory; not used by the model),No identification is implied.
ASI-L106,49,jer_siloam,R-E49-BUILDING,building (T02 entry_features landmark class; ASI classes building),,yes,"Amos Kloner (Jerusalem survey); Uri Dinur and Nurit Feig (Benjamin survey), ASI Map of Jerusalem (102), sites 405, 417, 418, 419, 421, 434, 435, 438, 467, 469, 473, 478, 480, 481, 482, 483, 494, 504 (survey.iaa.org.il; printed pages not given online)",ASI Map 102,,ASI Map 102 field survey (Amos Kloner (Jerusalem survey); Uri Dinur and Nurit Feig (Benjamin survey)),ASI Map 102 sheet within 1 km of jer_siloam (50 records within 1 km),,UNKNOWN: the introduction says 'This comprehensive and systematic survey included areas that had undergone development' (comprehensive (Kloner part; no explicit full-area statement); full coverage (Benjamin part east of the municipal line)); the 1 km circle extends beyond this sheet,,UNKNOWN: no detection rate stated; the introduction says 'Remains of sites that were incompletely documented then',,UNKNOWN: the source gives no reporting rate,,UNKNOWN: not stated,reported,"EVIDENCE: ASI record(s) within 1 km coded building by the frozen keyword rule (sites 405, 417, 418, 419, 421, 434, 435, 438, 467, 469, 473, 478, 480, 481, 482, 483, 494, 504)",unknown,,research/regional/asi_jerusalem (exploratory; not used by the model),"4 of 18 hit sites date a matching feature in or partly in the window by the record text (sites 417, 478, 480, 481); No identification is implied."
ASI-L107,51,jer_kidron_mon,R-E51-BUILDING,building (T02 entry_features landmark class; ASI classes building),,yes,"Amos Kloner (Jerusalem survey); Uri Dinur and Nurit Feig (Benjamin survey), ASI Map of Jerusalem (102), sites 340, 341, 342, 343, 344, 345, 357, 359, 360, 367, 406, 407, 409, 417, 418, 419, 421, 423, 424, 427, 428, 429, 434, 435, 436, 438, 440, 478, 480 (survey.iaa.org.il; printed pages not given online)",ASI Map 102,,ASI Map 102 field survey (Amos Kloner (Jerusalem survey); Uri Dinur and Nurit Feig (Benjamin survey)),ASI Map 102 sheet within 1 km of jer_kidron_mon (46 records within 1 km),,UNKNOWN: the introduction says 'This comprehensive and systematic survey included areas that had undergone development' (comprehensive (Kloner part; no explicit full-area statement); full coverage (Benjamin part east of the municipal line)),,UNKNOWN: no detection rate stated; the introduction says 'Remains of sites that were incompletely documented then',,UNKNOWN: the source gives no reporting rate,,UNKNOWN: not stated,reported,"EVIDENCE: ASI record(s) within 1 km coded building by the frozen keyword rule (sites 340, 341, 342, 343, 344, 345, 357, 359, 360, 367, 406, 407, 409, 417, 418, 419, 421, 423, 424, 427, 428, 429, 434, 435, 436, 438, 440, 478, 480)",unknown,,research/regional/asi_jerusalem (exploratory; not used by the model),"8 of 29 hit sites date a matching feature in or partly in the window by the record text (sites 359, 360, 406, 407, 417, 429, 478, 480); No identification is implied."
ASI-L108,51,jer_kidron_mon,R-E51-TOMB,tomb (T02 entry_features landmark class; ASI classes tomb),,yes,"Amos Kloner (Jerusalem survey); Uri Dinur and Nurit Feig (Benjamin survey), ASI Map of Jerusalem (102), sites 339, 340, 341, 342, 343, 344, 345, 357, 359, 360, 361, 406, 407, 408, 409, 410, 411, 412, 413, 415, 420, 423, 424, 431, 434, 435, 436, 437, 438, 480, 502 (survey.iaa.org.il; printed pages not given online)",ASI Map 102,,ASI Map 102 field survey (Amos Kloner (Jerusalem survey); Uri Dinur and Nurit Feig (Benjamin survey)),ASI Map 102 sheet within 1 km of jer_kidron_mon (46 records within 1 km),,UNKNOWN: the introduction says 'This comprehensive and systematic survey included areas that had undergone development' (comprehensive (Kloner part; no explicit full-area statement); full coverage (Benjamin part east of the municipal line)),,UNKNOWN: no detection rate stated; the introduction says 'Remains of sites that were incompletely documented then',,UNKNOWN: the source gives no reporting rate,,UNKNOWN: not stated,reported,"EVIDENCE: ASI record(s) within 1 km coded tomb by the frozen keyword rule (sites 339, 340, 341, 342, 343, 344, 345, 357, 359, 360, 361, 406, 407, 408, 409, 410, 411, 412, 413, 415, 420, 423, 424, 431, 434, 435, 436, 437, 438, 480, 502)",unknown,,research/regional/asi_jerusalem (exploratory; not used by the model),"21 of 31 hit sites date a matching feature in or partly in the window by the record text (sites 341, 343, 344, 357, 359, 360, 406, 407, 408, 410, 412, 413, 415, 424, 434, 435, 436, 437, 438, 480, 502); No identification is implied."
ASI-L109,51,jer_se_corner,R-E51-BUILDING,building (T02 entry_features landmark class; ASI classes building),,yes,"Amos Kloner (Jerusalem survey); Uri Dinur and Nurit Feig (Benjamin survey), ASI Map of Jerusalem (102), sites 321, 340, 341, 342, 343, 344, 345, 360, 367, 388, 401, 405, 406, 407, 409, 417, 418, 419, 421, 423, 424, 427, 428, 434, 435, 436, 438, 440, 478, 480 (survey.iaa.org.il; printed pages not given online)",ASI Map 102,,ASI Map 102 field survey (Amos Kloner (Jerusalem survey); Uri Dinur and Nurit Feig (Benjamin survey)),ASI Map 102 sheet within 1 km of jer_se_corner (50 records within 1 km),,UNKNOWN: the introduction says 'This comprehensive and systematic survey included areas that had undergone development' (comprehensive (Kloner part; no explicit full-area statement); full coverage (Benjamin part east of the municipal line)),,UNKNOWN: no detection rate stated; the introduction says 'Remains of sites that were incompletely documented then',,UNKNOWN: the source gives no reporting rate,,UNKNOWN: not stated,reported,"EVIDENCE: ASI record(s) within 1 km coded building by the frozen keyword rule (sites 321, 340, 341, 342, 343, 344, 345, 360, 367, 388, 401, 405, 406, 407, 409, 417, 418, 419, 421, 423, 424, 427, 428, 434, 435, 436, 438, 440, 478, 480)",unknown,,research/regional/asi_jerusalem (exploratory; not used by the model),"6 of 30 hit sites date a matching feature in or partly in the window by the record text (sites 360, 406, 407, 417, 478, 480); No identification is implied."
ASI-L110,51,jer_se_corner,R-E51-TOMB,tomb (T02 entry_features landmark class; ASI classes tomb),,yes,"Amos Kloner (Jerusalem survey); Uri Dinur and Nurit Feig (Benjamin survey), ASI Map of Jerusalem (102), sites 321, 323, 339, 340, 341, 342, 343, 344, 345, 360, 361, 397, 405, 406, 407, 408, 409, 410, 411, 412, 413, 415, 420, 423, 424, 431, 434, 435, 436, 437, 438, 480, 484 (survey.iaa.org.il; printed pages not given online)",ASI Map 102,,ASI Map 102 field survey (Amos Kloner (Jerusalem survey); Uri Dinur and Nurit Feig (Benjamin survey)),ASI Map 102 sheet within 1 km of jer_se_corner (50 records within 1 km),,UNKNOWN: the introduction says 'This comprehensive and systematic survey included areas that had undergone development' (comprehensive (Kloner part; no explicit full-area statement); full coverage (Benjamin part east of the municipal line)),,UNKNOWN: no detection rate stated; the introduction says 'Remains of sites that were incompletely documented then',,UNKNOWN: the source gives no reporting rate,,UNKNOWN: not stated,reported,"EVIDENCE: ASI record(s) within 1 km coded tomb by the frozen keyword rule (sites 321, 323, 339, 340, 341, 342, 343, 344, 345, 360, 361, 397, 405, 406, 407, 408, 409, 410, 411, 412, 413, 415, 420, 423, 424, 431, 434, 435, 436, 437, 438, 480, 484)",unknown,,research/regional/asi_jerusalem (exploratory; not used by the model),"18 of 33 hit sites date a matching feature in or partly in the window by the record text (sites 341, 343, 344, 360, 406, 407, 408, 410, 412, 413, 415, 424, 434, 435, 436, 437, 438, 480); No identification is implied."
ASI-L111,51,jer_south_wall,R-E51-BUILDING,building (T02 entry_features landmark class; ASI classes building),,yes,"Amos Kloner (Jerusalem survey); Uri Dinur and Nurit Feig (Benjamin survey), ASI Map of Jerusalem (102), sites 321, 340, 341, 342, 343, 344, 345, 367, 388, 399, 401, 405, 406, 407, 409, 417, 418, 419, 421, 423, 424, 427, 428, 434, 435, 436, 438, 440, 478, 480, 481, 483 (survey.iaa.org.il; printed pages not given online)",ASI Map 102,,ASI Map 102 field survey (Amos Kloner (Jerusalem survey); Uri Dinur and Nurit Feig (Benjamin survey)),ASI Map 102 sheet within 1 km of jer_south_wall (53 records within 1 km),,UNKNOWN: the introduction says 'This comprehensive and systematic survey included areas that had undergone development' (comprehensive (Kloner part; no explicit full-area statement); full coverage (Benjamin part east of the municipal line)),,UNKNOWN: no detection rate stated; the introduction says 'Remains of sites that were incompletely documented then',,UNKNOWN: the source gives no reporting rate,,UNKNOWN: not stated,reported,"EVIDENCE: ASI record(s) within 1 km coded building by the frozen keyword rule (sites 321, 340, 341, 342, 343, 344, 345, 367, 388, 399, 401, 405, 406, 407, 409, 417, 418, 419, 421, 423, 424, 427, 428, 434, 435, 436, 438, 440, 478, 480, 481, 483)",unknown,,research/regional/asi_jerusalem (exploratory; not used by the model),"6 of 32 hit sites date a matching feature in or partly in the window by the record text (sites 406, 407, 417, 478, 480, 481); No identification is implied."
ASI-L112,51,jer_south_wall,R-E51-TOMB,tomb (T02 entry_features landmark class; ASI classes tomb),,yes,"Amos Kloner (Jerusalem survey); Uri Dinur and Nurit Feig (Benjamin survey), ASI Map of Jerusalem (102), sites 321, 323, 339, 340, 341, 342, 343, 344, 345, 361, 397, 405, 406, 407, 408, 409, 410, 411, 412, 413, 415, 420, 423, 424, 431, 434, 435, 436, 437, 438, 480, 481, 483, 484 (survey.iaa.org.il; printed pages not given online)",ASI Map 102,,ASI Map 102 field survey (Amos Kloner (Jerusalem survey); Uri Dinur and Nurit Feig (Benjamin survey)),ASI Map 102 sheet within 1 km of jer_south_wall (53 records within 1 km),,UNKNOWN: the introduction says 'This comprehensive and systematic survey included areas that had undergone development' (comprehensive (Kloner part; no explicit full-area statement); full coverage (Benjamin part east of the municipal line)),,UNKNOWN: no detection rate stated; the introduction says 'Remains of sites that were incompletely documented then',,UNKNOWN: the source gives no reporting rate,,UNKNOWN: not stated,reported,"EVIDENCE: ASI record(s) within 1 km coded tomb by the frozen keyword rule (sites 321, 323, 339, 340, 341, 342, 343, 344, 345, 361, 397, 405, 406, 407, 408, 409, 410, 411, 412, 413, 415, 420, 423, 424, 431, 434, 435, 436, 437, 438, 480, 481, 483, 484)",unknown,,research/regional/asi_jerusalem (exploratory; not used by the model),"19 of 34 hit sites date a matching feature in or partly in the window by the record text (sites 341, 343, 344, 406, 407, 408, 410, 412, 413, 415, 424, 434, 435, 436, 437, 438, 480, 481, 483); No identification is implied."
ASI-L113,53,jer_kidron_east,R-E53-TOMB,tomb (T02 entry_features landmark class; ASI classes tomb),,yes,"Amos Kloner (Jerusalem survey); Uri Dinur and Nurit Feig (Benjamin survey), ASI Map of Jerusalem (102), sites 341, 342, 343, 344, 345, 361, 405, 406, 407, 408, 409, 410, 411, 412, 413, 415, 420, 423, 424, 431, 434, 435, 436, 437, 438, 480, 481, 482, 483, 484, 502 (survey.iaa.org.il; printed pages not given online)",ASI Map 102,,ASI Map 102 field survey (Amos Kloner (Jerusalem survey); Uri Dinur and Nurit Feig (Benjamin survey)),ASI Map 102 sheet within 1 km of jer_kidron_east (45 records within 1 km),,UNKNOWN: the introduction says 'This comprehensive and systematic survey included areas that had undergone development' (comprehensive (Kloner part; no explicit full-area statement); full coverage (Benjamin part east of the municipal line)),,UNKNOWN: no detection rate stated; the introduction says 'Remains of sites that were incompletely documented then',,UNKNOWN: the source gives no reporting rate,,UNKNOWN: not stated,reported,"EVIDENCE: ASI record(s) within 1 km coded tomb by the frozen keyword rule (sites 341, 342, 343, 344, 345, 361, 405, 406, 407, 408, 409, 410, 411, 412, 413, 415, 420, 423, 424, 431, 434, 435, 436, 437, 438, 480, 481, 482, 483, 484, 502)",unknown,,research/regional/asi_jerusalem (exploratory; not used by the model),"21 of 31 hit sites date a matching feature in or partly in the window by the record text (sites 341, 343, 344, 406, 407, 408, 410, 412, 413, 415, 424, 434, 435, 436, 437, 438, 480, 481, 482, 483, 502); No identification is implied."
ASI-L114,53,jer_south_wall,R-E53-TOMB,tomb (T02 entry_features landmark class; ASI classes tomb),,yes,"Amos Kloner (Jerusalem survey); Uri Dinur and Nurit Feig (Benjamin survey), ASI Map of Jerusalem (102), sites 321, 323, 339, 340, 341, 342, 343, 344, 345, 361, 397, 405, 406, 407, 408, 409, 410, 411, 412, 413, 415, 420, 423, 424, 431, 434, 435, 436, 437, 438, 480, 481, 483, 484 (survey.iaa.org.il; printed pages not given online)",ASI Map 102,,ASI Map 102 field survey (Amos Kloner (Jerusalem survey); Uri Dinur and Nurit Feig (Benjamin survey)),ASI Map 102 sheet within 1 km of jer_south_wall (53 records within 1 km),,UNKNOWN: the introduction says 'This comprehensive and systematic survey included areas that had undergone development' (comprehensive (Kloner part; no explicit full-area statement); full coverage (Benjamin part east of the municipal line)),,UNKNOWN: no detection rate stated; the introduction says 'Remains of sites that were incompletely documented then',,UNKNOWN: the source gives no reporting rate,,UNKNOWN: not stated,reported,"EVIDENCE: ASI record(s) within 1 km coded tomb by the frozen keyword rule (sites 321, 323, 339, 340, 341, 342, 343, 344, 345, 361, 397, 405, 406, 407, 408, 409, 410, 411, 412, 413, 415, 420, 423, 424, 431, 434, 435, 436, 437, 438, 480, 481, 483, 484)",unknown,,research/regional/asi_jerusalem (exploratory; not used by the model),"19 of 34 hit sites date a matching feature in or partly in the window by the record text (sites 341, 343, 344, 406, 407, 408, 410, 412, 413, 415, 424, 434, 435, 436, 437, 438, 480, 481, 483); No identification is implied."
ASI-L115,54,jer_gethsemane,R-E54-TOMB,tomb (T02 entry_features landmark class; ASI classes tomb),,yes,"Amos Kloner (Jerusalem survey); Uri Dinur and Nurit Feig (Benjamin survey), ASI Map of Jerusalem (102), sites 321, 323, 324, 339, 340, 341, 342, 343, 344, 345, 357, 358, 359, 360, 361, 406, 407, 408, 409, 410, 411, 412, 413, 415, 420, 423, 424, 431, 434, 435, 436, 437, 438 (survey.iaa.org.il; printed pages not given online)",ASI Map 102,,ASI Map 102 field survey (Amos Kloner (Jerusalem survey); Uri Dinur and Nurit Feig (Benjamin survey)),ASI Map 102 sheet within 1 km of jer_gethsemane (45 records within 1 km),,UNKNOWN: the introduction says 'This comprehensive and systematic survey included areas that had undergone development' (comprehensive (Kloner part; no explicit full-area statement); full coverage (Benjamin part east of the municipal line)),,UNKNOWN: no detection rate stated; the introduction says 'Remains of sites that were incompletely documented then',,UNKNOWN: the source gives no reporting rate,,UNKNOWN: not stated,reported,"EVIDENCE: ASI record(s) within 1 km coded tomb by the frozen keyword rule (sites 321, 323, 324, 339, 340, 341, 342, 343, 344, 345, 357, 358, 359, 360, 361, 406, 407, 408, 409, 410, 411, 412, 413, 415, 420, 423, 424, 431, 434, 435, 436, 437, 438)",unknown,,research/regional/asi_jerusalem (exploratory; not used by the model),"19 of 33 hit sites date a matching feature in or partly in the window by the record text (sites 341, 343, 344, 357, 359, 360, 406, 407, 408, 410, 412, 413, 415, 424, 434, 435, 436, 437, 438); No identification is implied."
ASI-L116,54,jer_kidron_east,R-E54-TOMB,tomb (T02 entry_features landmark class; ASI classes tomb),,yes,"Amos Kloner (Jerusalem survey); Uri Dinur and Nurit Feig (Benjamin survey), ASI Map of Jerusalem (102), sites 341, 342, 343, 344, 345, 361, 405, 406, 407, 408, 409, 410, 411, 412, 413, 415, 420, 423, 424, 431, 434, 435, 436, 437, 438, 480, 481, 482, 483, 484, 502 (survey.iaa.org.il; printed pages not given online)",ASI Map 102,,ASI Map 102 field survey (Amos Kloner (Jerusalem survey); Uri Dinur and Nurit Feig (Benjamin survey)),ASI Map 102 sheet within 1 km of jer_kidron_east (45 records within 1 km),,UNKNOWN: the introduction says 'This comprehensive and systematic survey included areas that had undergone development' (comprehensive (Kloner part; no explicit full-area statement); full coverage (Benjamin part east of the municipal line)),,UNKNOWN: no detection rate stated; the introduction says 'Remains of sites that were incompletely documented then',,UNKNOWN: the source gives no reporting rate,,UNKNOWN: not stated,reported,"EVIDENCE: ASI record(s) within 1 km coded tomb by the frozen keyword rule (sites 341, 342, 343, 344, 345, 361, 405, 406, 407, 408, 409, 410, 411, 412, 413, 415, 420, 423, 424, 431, 434, 435, 436, 437, 438, 480, 481, 482, 483, 484, 502)",unknown,,research/regional/asi_jerusalem (exploratory; not used by the model),"21 of 31 hit sites date a matching feature in or partly in the window by the record text (sites 341, 343, 344, 406, 407, 408, 410, 412, 413, 415, 424, 434, 435, 436, 437, 438, 480, 481, 482, 483, 502); No identification is implied."
ASI-L117,55,jer_bethesda,R-E55-BUILDING,building (T02 entry_features landmark class; ASI classes building),,yes,"Amos Kloner (Jerusalem survey); Uri Dinur and Nurit Feig (Benjamin survey), ASI Map of Jerusalem (102), sites 321, 322, 324, 325, 326, 330, 332, 336, 337, 340, 341, 342, 343, 344, 345, 357, 359, 360, 367, 387, 388, 395, 401, 406, 407, 409, 417, 418, 421, 423, 424, 427, 428, 434, 435, 440 (survey.iaa.org.il; printed pages not given online)",ASI Map 102,,ASI Map 102 field survey (Amos Kloner (Jerusalem survey); Uri Dinur and Nurit Feig (Benjamin survey)),ASI Map 102 sheet within 1 km of jer_bethesda (53 records within 1 km),,UNKNOWN: the introduction says 'This comprehensive and systematic survey included areas that had undergone development' (comprehensive (Kloner part; no explicit full-area statement); full coverage (Benjamin part east of the municipal line)),,UNKNOWN: no detection rate stated; the introduction says 'Remains of sites that were incompletely documented then',,UNKNOWN: the source gives no reporting rate,,UNKNOWN: not stated,reported,"EVIDENCE: ASI record(s) within 1 km coded building by the frozen keyword rule (sites 321, 322, 324, 325, 326, 330, 332, 336, 337, 340, 341, 342, 343, 344, 345, 357, 359, 360, 367, 387, 388, 395, 401, 406, 407, 409, 417, 418, 421, 423, 424, 427, 428, 434, 435, 440)",unknown,,research/regional/asi_jerusalem (exploratory; not used by the model),"7 of 36 hit sites date a matching feature in or partly in the window by the record text (sites 330, 359, 360, 387, 406, 407, 417); No identification is implied."
ASI-L118,55,jer_bethesda,R-E55-RESERVOIR,reservoir (T02 entry_features landmark class; ASI classes reservoir/pool),,yes,"Amos Kloner (Jerusalem survey); Uri Dinur and Nurit Feig (Benjamin survey), ASI Map of Jerusalem (102), sites 330, 338, 345, 387, 413, 414, 417, 418 (survey.iaa.org.il; printed pages not given online)",ASI Map 102,,ASI Map 102 field survey (Amos Kloner (Jerusalem survey); Uri Dinur and Nurit Feig (Benjamin survey)),ASI Map 102 sheet within 1 km of jer_bethesda (53 records within 1 km),,UNKNOWN: the introduction says 'This comprehensive and systematic survey included areas that had undergone development' (comprehensive (Kloner part; no explicit full-area statement); full coverage (Benjamin part east of the municipal line)),,UNKNOWN: no detection rate stated; the introduction says 'Remains of sites that were incompletely documented then',,UNKNOWN: the source gives no reporting rate,,UNKNOWN: not stated,reported,"EVIDENCE: ASI record(s) within 1 km coded reservoir/pool by the frozen keyword rule (sites 330, 338, 345, 387, 413, 414, 417, 418)",unknown,,research/regional/asi_jerusalem (exploratory; not used by the model),"5 of 8 hit sites date a matching feature in or partly in the window by the record text (sites 330, 338, 387, 414, 417); No identification is implied."
ASI-L119,56,jer_bethesda,R-E56-CAVE,cave (T02 entry_features landmark class; ASI classes cave),,yes,"Amos Kloner (Jerusalem survey); Uri Dinur and Nurit Feig (Benjamin survey), ASI Map of Jerusalem (102), sites 261, 321, 324, 325, 326, 332, 339, 340, 341, 342, 343, 344, 345, 357, 359, 361, 367, 406, 407, 408, 409, 410, 411, 412, 413, 415, 420, 423, 424, 434, 435 (survey.iaa.org.il; printed pages not given online)",ASI Map 102,,ASI Map 102 field survey (Amos Kloner (Jerusalem survey); Uri Dinur and Nurit Feig (Benjamin survey)),ASI Map 102 sheet within 1 km of jer_bethesda (53 records within 1 km),,UNKNOWN: the introduction says 'This comprehensive and systematic survey included areas that had undergone development' (comprehensive (Kloner part; no explicit full-area statement); full coverage (Benjamin part east of the municipal line)),,UNKNOWN: no detection rate stated; the introduction says 'Remains of sites that were incompletely documented then',,UNKNOWN: the source gives no reporting rate,,UNKNOWN: not stated,reported,"EVIDENCE: ASI record(s) within 1 km coded cave by the frozen keyword rule (sites 261, 321, 324, 325, 326, 332, 339, 340, 341, 342, 343, 344, 345, 357, 359, 361, 367, 406, 407, 408, 409, 410, 411, 412, 413, 415, 420, 423, 424, 434, 435)",unknown,,research/regional/asi_jerusalem (exploratory; not used by the model),"18 of 31 hit sites date a matching feature in or partly in the window by the record text (sites 261, 341, 342, 343, 344, 357, 359, 361, 406, 407, 408, 410, 412, 413, 415, 424, 434, 435); No identification is implied."
ASI-L120,56,jer_bethesda,R-E56-TOMB,tomb (T02 entry_features landmark class; ASI classes tomb),,yes,"Amos Kloner (Jerusalem survey); Uri Dinur and Nurit Feig (Benjamin survey), ASI Map of Jerusalem (102), sites 261, 321, 323, 324, 325, 326, 330, 332, 339, 340, 341, 342, 343, 344, 345, 357, 359, 360, 361, 406, 407, 408, 409, 410, 411, 412, 413, 415, 420, 423, 424, 434, 435 (survey.iaa.org.il; printed pages not given online)",ASI Map 102,,ASI Map 102 field survey (Amos Kloner (Jerusalem survey); Uri Dinur and Nurit Feig (Benjamin survey)),ASI Map 102 sheet within 1 km of jer_bethesda (53 records within 1 km),,UNKNOWN: the introduction says 'This comprehensive and systematic survey included areas that had undergone development' (comprehensive (Kloner part; no explicit full-area statement); full coverage (Benjamin part east of the municipal line)),,UNKNOWN: no detection rate stated; the introduction says 'Remains of sites that were incompletely documented then',,UNKNOWN: the source gives no reporting rate,,UNKNOWN: not stated,reported,"EVIDENCE: ASI record(s) within 1 km coded tomb by the frozen keyword rule (sites 261, 321, 323, 324, 325, 326, 330, 332, 339, 340, 341, 342, 343, 344, 345, 357, 359, 360, 361, 406, 407, 408, 409, 410, 411, 412, 413, 415, 420, 423, 424, 434, 435)",unknown,,research/regional/asi_jerusalem (exploratory; not used by the model),"19 of 33 hit sites date a matching feature in or partly in the window by the record text (sites 261, 330, 332, 341, 343, 344, 357, 359, 360, 406, 407, 408, 410, 412, 413, 415, 424, 434, 435); No identification is implied."
ASI-L121,56,jer_kidron_east,R-E56-CAVE,cave (T02 entry_features landmark class; ASI classes cave),,yes,"Amos Kloner (Jerusalem survey); Uri Dinur and Nurit Feig (Benjamin survey), ASI Map of Jerusalem (102), sites 341, 342, 343, 344, 345, 361, 406, 407, 408, 409, 410, 411, 412, 413, 415, 420, 423, 424, 434, 435, 436, 437, 438, 478, 480, 481, 482, 483, 484, 494, 502 (survey.iaa.org.il; printed pages not given online)",ASI Map 102,,ASI Map 102 field survey (Amos Kloner (Jerusalem survey); Uri Dinur and Nurit Feig (Benjamin survey)),ASI Map 102 sheet within 1 km of jer_kidron_east (45 records within 1 km),,UNKNOWN: the introduction says 'This comprehensive and systematic survey included areas that had undergone development' (comprehensive (Kloner part; no explicit full-area statement); full coverage (Benjamin part east of the municipal line)),,UNKNOWN: no detection rate stated; the introduction says 'Remains of sites that were incompletely documented then',,UNKNOWN: the source gives no reporting rate,,UNKNOWN: not stated,reported,"EVIDENCE: ASI record(s) within 1 km coded cave by the frozen keyword rule (sites 341, 342, 343, 344, 345, 361, 406, 407, 408, 409, 410, 411, 412, 413, 415, 420, 423, 424, 434, 435, 436, 437, 438, 478, 480, 481, 482, 483, 484, 494, 502)",unknown,,research/regional/asi_jerusalem (exploratory; not used by the model),"22 of 31 hit sites date a matching feature in or partly in the window by the record text (sites 341, 342, 343, 344, 361, 406, 407, 408, 410, 412, 413, 415, 424, 434, 435, 437, 480, 481, 482, 483, 484, 502); No identification is implied."
ASI-L122,56,jer_kidron_east,R-E56-TOMB,tomb (T02 entry_features landmark class; ASI classes tomb),,yes,"Amos Kloner (Jerusalem survey); Uri Dinur and Nurit Feig (Benjamin survey), ASI Map of Jerusalem (102), sites 341, 342, 343, 344, 345, 361, 405, 406, 407, 408, 409, 410, 411, 412, 413, 415, 420, 423, 424, 431, 434, 435, 436, 437, 438, 480, 481, 482, 483, 484, 502 (survey.iaa.org.il; printed pages not given online)",ASI Map 102,,ASI Map 102 field survey (Amos Kloner (Jerusalem survey); Uri Dinur and Nurit Feig (Benjamin survey)),ASI Map 102 sheet within 1 km of jer_kidron_east (45 records within 1 km),,UNKNOWN: the introduction says 'This comprehensive and systematic survey included areas that had undergone development' (comprehensive (Kloner part; no explicit full-area statement); full coverage (Benjamin part east of the municipal line)),,UNKNOWN: no detection rate stated; the introduction says 'Remains of sites that were incompletely documented then',,UNKNOWN: the source gives no reporting rate,,UNKNOWN: not stated,reported,"EVIDENCE: ASI record(s) within 1 km coded tomb by the frozen keyword rule (sites 341, 342, 343, 344, 345, 361, 405, 406, 407, 408, 409, 410, 411, 412, 413, 415, 420, 423, 424, 431, 434, 435, 436, 437, 438, 480, 481, 482, 483, 484, 502)",unknown,,research/regional/asi_jerusalem (exploratory; not used by the model),"21 of 31 hit sites date a matching feature in or partly in the window by the record text (sites 341, 343, 344, 406, 407, 408, 410, 412, 413, 415, 424, 434, 435, 436, 437, 438, 480, 481, 482, 483, 502); No identification is implied."
ASI-L123,58,beth_shean,R-E58-SPRING,spring (T02 entry_features landmark class; ASI classes spring_well),,yes,"Nehemia Tzori and Noy Shemesh (foreword), ASI Map of Bet She'an (63), sites 50 (survey.iaa.org.il; printed pages not given online)",ASI Map 63,,ASI Map 63 field survey (Nehemia Tzori and Noy Shemesh (foreword)),ASI Map 63 sheet within 1 km of beth_shean (11 records within 1 km),,UNKNOWN: no coverage statement found in the introduction,,UNKNOWN: no detection rate stated,,UNKNOWN: the source gives no reporting rate,,UNKNOWN: not stated,reported,EVIDENCE: ASI record(s) within 1 km coded spring_well by the frozen keyword rule (sites 50),unknown,,research/regional/asi_jerusalem (exploratory; not used by the model),0 of 1 hit sites date a matching feature in or partly in the window by the record text; No identification is implied.
ASI-L124,60,carmel_siah,R-E60-PIT,pit (T02 entry_features landmark class; ASI classes pit),xii10!=janoah,yes,"Ya'aqov Olami, Avraham Ronen and Amit Romano, ASI Map of Haifa - west (22), sites 56 (survey.iaa.org.il; printed pages not given online)",ASI Map 22,,"ASI Map 22 field survey (Ya'aqov Olami, Avraham Ronen and Amit Romano)",ASI Map 22 sheet within 1 km of carmel_siah (18 records within 1 km),,UNKNOWN: the introduction says 'a systematic archaeological survey was conducted of the map area' (systematic (no explicit full-area statement)),,UNKNOWN: no detection rate stated,,UNKNOWN: the source gives no reporting rate,,UNKNOWN: not stated,reported,EVIDENCE: ASI record(s) within 1 km coded pit by the frozen keyword rule (sites 56),unknown,,research/regional/asi_jerusalem (exploratory; not used by the model),0 of 1 hit sites date a matching feature in or partly in the window by the record text; No identification is implied.
ASI-L125,60,carmel_siah,R-E60-TOMB,tomb (T02 entry_features landmark class; ASI classes tomb),xii10!=janoah,yes,"Ya'aqov Olami, Avraham Ronen and Amit Romano, ASI Map of Haifa - west (22), sites 54, 56, 57 (survey.iaa.org.il; printed pages not given online)",ASI Map 22,,"ASI Map 22 field survey (Ya'aqov Olami, Avraham Ronen and Amit Romano)",ASI Map 22 sheet within 1 km of carmel_siah (18 records within 1 km),,UNKNOWN: the introduction says 'a systematic archaeological survey was conducted of the map area' (systematic (no explicit full-area statement)),,UNKNOWN: no detection rate stated,,UNKNOWN: the source gives no reporting rate,,UNKNOWN: not stated,reported,"EVIDENCE: ASI record(s) within 1 km coded tomb by the frozen keyword rule (sites 54, 56, 57)",unknown,,research/regional/asi_jerusalem (exploratory; not used by the model),0 of 3 hit sites date a matching feature in or partly in the window by the record text; No identification is implied.
ASI-L126,60,kuhlah,R-E60-PIT,pit (T02 entry_features landmark class; ASI classes pit),xii10!=janoah,yes,"Yehuda Govrin, ASI Map of Qasif (140), records within 1 km of the place (survey.iaa.org.il; printed pages not given online)",ASI Map 140,,ASI Map 140 field survey (Yehuda Govrin),ASI Map 140 sheet within 1 km of kuhlah (8 records within 1 km),,UNKNOWN: the introduction says 'a systematic archaeological survey of the map area was undertaken' (systematic (no explicit full-area statement)),,UNKNOWN: no detection rate stated,,UNKNOWN: the source gives no reporting rate,,UNKNOWN: not stated,silent,EVIDENCE: none of the 8 records of this map within 1 km is coded pit by the frozen keyword rule,,,research/regional/asi_jerusalem (exploratory; not used by the model),No identification is implied.
ASI-L127,60,kuhlah,R-E60-TOMB,tomb (T02 entry_features landmark class; ASI classes tomb),xii10!=janoah,yes,"Yehuda Govrin, ASI Map of Qasif (140), records within 1 km of the place (survey.iaa.org.il; printed pages not given online)",ASI Map 140,,ASI Map 140 field survey (Yehuda Govrin),ASI Map 140 sheet within 1 km of kuhlah (8 records within 1 km),,UNKNOWN: the introduction says 'a systematic archaeological survey of the map area was undertaken' (systematic (no explicit full-area statement)),,UNKNOWN: no detection rate stated,,UNKNOWN: the source gives no reporting rate,,UNKNOWN: not stated,silent,EVIDENCE: none of the 8 records of this map within 1 km is coded tomb by the frozen keyword rule,,,research/regional/asi_jerusalem (exploratory; not used by the model),No identification is implied.
ASI-L128,60,mount_zion,R-E60-PIT,pit (T02 entry_features landmark class; ASI classes pit),xii10!=janoah,yes,"Amos Kloner (Jerusalem survey); Uri Dinur and Nurit Feig (Benjamin survey), ASI Map of Jerusalem (102), sites 391, 393, 395, 398, 400, 417, 460, 462, 463, 466, 474, 481 (survey.iaa.org.il; printed pages not given online)",ASI Map 102,,ASI Map 102 field survey (Amos Kloner (Jerusalem survey); Uri Dinur and Nurit Feig (Benjamin survey)),ASI Map 102 sheet within 1 km of mount_zion (59 records within 1 km),,UNKNOWN: the introduction says 'This comprehensive and systematic survey included areas that had undergone development' (comprehensive (Kloner part; no explicit full-area statement); full coverage (Benjamin part east of the municipal line)); the 1 km circle extends beyond this sheet,,UNKNOWN: no detection rate stated; the introduction says 'Remains of sites that were incompletely documented then',,UNKNOWN: the source gives no reporting rate,,UNKNOWN: not stated,reported,"EVIDENCE: ASI record(s) within 1 km coded pit by the frozen keyword rule (sites 391, 393, 395, 398, 400, 417, 460, 462, 463, 466, 474, 481)",unknown,,research/regional/asi_jerusalem (exploratory; not used by the model),"3 of 12 hit sites date a matching feature in or partly in the window by the record text (sites 391, 462, 463); No identification is implied."
ASI-L129,60,mount_zion,R-E60-TOMB,tomb (T02 entry_features landmark class; ASI classes tomb),xii10!=janoah,yes,"Amos Kloner (Jerusalem survey); Uri Dinur and Nurit Feig (Benjamin survey), ASI Map of Jerusalem (102), sites 389, 390, 391, 392, 393, 397, 398, 400, 402, 404, 405, 420, 455, 456, 457, 458, 459, 460, 461, 462, 463, 465, 466, 467, 468, 470, 471, 473, 474, 475, 481, 482, 483, 484, 487, 488 (survey.iaa.org.il; printed pages not given online)",ASI Map 102,,ASI Map 102 field survey (Amos Kloner (Jerusalem survey); Uri Dinur and Nurit Feig (Benjamin survey)),ASI Map 102 sheet within 1 km of mount_zion (59 records within 1 km),,UNKNOWN: the introduction says 'This comprehensive and systematic survey included areas that had undergone development' (comprehensive (Kloner part; no explicit full-area statement); full coverage (Benjamin part east of the municipal line)); the 1 km circle extends beyond this sheet,,UNKNOWN: no detection rate stated; the introduction says 'Remains of sites that were incompletely documented then',,UNKNOWN: the source gives no reporting rate,,UNKNOWN: not stated,reported,"EVIDENCE: ASI record(s) within 1 km coded tomb by the frozen keyword rule (sites 389, 390, 391, 392, 393, 397, 398, 400, 402, 404, 405, 420, 455, 456, 457, 458, 459, 460, 461, 462, 463, 465, 466, 467, 468, 470, 471, 473, 474, 475, 481, 482, 483, 484, 487, 488)",unknown,,research/regional/asi_jerusalem (exploratory; not used by the model),"19 of 36 hit sites date a matching feature in or partly in the window by the record text (sites 391, 392, 393, 402, 456, 458, 459, 460, 461, 462, 463, 465, 466, 474, 481, 482, 483, 487, 488); No identification is implied."
ASI-L130,60,muhalhil,R-E60-PIT,pit (T02 entry_features landmark class; ASI classes pit),xii10!=janoah,yes,"Ofer Sion, ASI Map of Wadi Qelt (109/4), records within 1 km of the place (survey.iaa.org.il; printed pages not given online)",ASI Map 109/4,,ASI Map 109/4 field survey (Ofer Sion),ASI Map 109/4 sheet within 1 km of muhalhil (0 records within 1 km),,"UNKNOWN: the introduction says 'carried out on foot, along all of the map’s terrain' (all terrain on foot); the 1 km circle extends beyond this sheet",,UNKNOWN: no detection rate stated; the introduction says 'where it was not possible to survey by foot',,UNKNOWN: the source gives no reporting rate,,UNKNOWN: not stated,silent,EVIDENCE: none of the 0 records of this map within 1 km is coded pit by the frozen keyword rule,,,research/regional/asi_jerusalem (exploratory; not used by the model),No identification is implied.
ASI-L131,60,muhalhil,R-E60-PIT,pit (T02 entry_features landmark class; ASI classes pit),xii10!=janoah,yes,"Ofer Sion, ASI Map of Kalia (109/5), records within 1 km of the place (survey.iaa.org.il; printed pages not given online)",ASI Map 109/5,,ASI Map 109/5 field survey (Ofer Sion),ASI Map 109/5 sheet within 1 km of muhalhil (2 records within 1 km),,"UNKNOWN: the introduction says 'carried out on foot, along all of the map’s terrain' (all terrain on foot except cultivated areas (vehicle transects)); the 1 km circle extends beyond this sheet",,"UNKNOWN: no detection rate stated; the introduction says 'small sites, for various reasons were not recorded'",,UNKNOWN: the source gives no reporting rate,,UNKNOWN: not stated,silent,EVIDENCE: none of the 2 records of this map within 1 km is coded pit by the frozen keyword rule,,,research/regional/asi_jerusalem (exploratory; not used by the model),No identification is implied.
ASI-L132,60,muhalhil,R-E60-TOMB,tomb (T02 entry_features landmark class; ASI classes tomb),xii10!=janoah,yes,"Ofer Sion, ASI Map of Wadi Qelt (109/4), records within 1 km of the place (survey.iaa.org.il; printed pages not given online)",ASI Map 109/4,,ASI Map 109/4 field survey (Ofer Sion),ASI Map 109/4 sheet within 1 km of muhalhil (0 records within 1 km),,"UNKNOWN: the introduction says 'carried out on foot, along all of the map’s terrain' (all terrain on foot); the 1 km circle extends beyond this sheet",,UNKNOWN: no detection rate stated; the introduction says 'where it was not possible to survey by foot',,UNKNOWN: the source gives no reporting rate,,UNKNOWN: not stated,silent,EVIDENCE: none of the 0 records of this map within 1 km is coded tomb by the frozen keyword rule,,,research/regional/asi_jerusalem (exploratory; not used by the model),No identification is implied.
ASI-L133,60,muhalhil,R-E60-TOMB,tomb (T02 entry_features landmark class; ASI classes tomb),xii10!=janoah,yes,"Ofer Sion, ASI Map of Kalia (109/5), sites 95, 96 (survey.iaa.org.il; printed pages not given online)",ASI Map 109/5,,ASI Map 109/5 field survey (Ofer Sion),ASI Map 109/5 sheet within 1 km of muhalhil (2 records within 1 km),,"UNKNOWN: the introduction says 'carried out on foot, along all of the map’s terrain' (all terrain on foot except cultivated areas (vehicle transects)); the 1 km circle extends beyond this sheet",,"UNKNOWN: no detection rate stated; the introduction says 'small sites, for various reasons were not recorded'",,UNKNOWN: the source gives no reporting rate,,UNKNOWN: not stated,reported,"EVIDENCE: ASI record(s) within 1 km coded tomb by the frozen keyword rule (sites 95, 96)",unknown,,research/regional/asi_jerusalem (exploratory; not used by the model),0 of 2 hit sites date a matching feature in or partly in the window by the record text; No identification is implied.
