asi_map_id,map_num,map_name,site_num,record_id,name,name_he,additional_names,field_num,record_fetched,nig_e,nig_n,lat,lon,coord_method,src_wgs84_lat,src_wgs84_lon,coord_check_m,coord_check_flag,nearest_place_id,nearest_place_km,places_within_1km,places_within_3km,feature_classes,heb_only_classes,period_field,periods_as_given,site_finds_in_window,protected_zone_nearby,quote,citation,url
14,22,Haifa - west,8,2439,Stella Maris,סְטֶלָּה מָארִיס,,,no,,,32.827456,34.969804,geojson_point,,,,,carmel_siah,2.982,,carmel_siah:2.982,cistern;tomb;building,cave,,Byzantine,no,no,,"Ya'aqov Olami, Avraham Ronen and Amit Romano, ASI Map of Haifa - west (22), site 8; survey.iaa.org.il record 2439; printed page not given online",https://survey.iaa.org.il/#/MapSurvey/14/site/2439
14,22,Haifa - west,17,2448,Nahal Shiqmona,נַחַל שִׁקְמוֹנָה,,,no,,,32.825638,34.962333,geojson_point,,,,,carmel_siah,2.984,,carmel_siah:2.984,cistern;tomb;steps;settlement_ruin;rock_cut,,,Roman;Byzantine,overlaps,no,,"Ya'aqov Olami, Avraham Ronen and Amit Romano, ASI Map of Haifa - west (22), site 17; survey.iaa.org.il record 2448; printed page not given online",https://survey.iaa.org.il/#/MapSurvey/14/site/2448
14,22,Haifa - west,19,2450,Nahal Shiqmona,נַחַל שִׁקְמוֹנָה,,,no,,,32.824732,34.960200,geojson_point,,,,,carmel_siah,2.979,,carmel_siah:2.979,quarry,,,,unknown,no,,"Ya'aqov Olami, Avraham Ronen and Amit Romano, ASI Map of Haifa - west (22), site 19; survey.iaa.org.il record 2450; printed page not given online",https://survey.iaa.org.il/#/MapSurvey/14/site/2450
14,22,Haifa - west,20,2451,Nahal Shiqmona,נַחַל שִׁקְמוֹנָה,,,no,,,32.824740,34.963938,geojson_point,,,,,carmel_siah,2.835,,carmel_siah:2.835,,,,,unknown,no,,"Ya'aqov Olami, Avraham Ronen and Amit Romano, ASI Map of Haifa - west (22), site 20; survey.iaa.org.il record 2451; printed page not given online",https://survey.iaa.org.il/#/MapSurvey/14/site/2451
14,22,Haifa - west,21,2452,Kh. Tinani (M),ח' תִּנָאנִי,,,no,,,32.823833,34.961271,geojson_point,,,,,carmel_siah,2.845,,carmel_siah:2.845,basin;cave;building;settlement_ruin;winepress;oil_press;terrace,cistern,,Crusader;Roman;Byzantine;Mamluk,overlaps,no,,"Ya'aqov Olami, Avraham Ronen and Amit Romano, ASI Map of Haifa - west (22), site 21; survey.iaa.org.il record 2452; printed page not given online",https://survey.iaa.org.il/#/MapSurvey/14/site/2452
14,22,Haifa - west,22,2453,Tel Shiqmona,תֵּל שִׁקְמוֹנָה,,,no,,,32.822922,34.957001,geojson_point,,,,,carmel_siah,2.962,,carmel_siah:2.962,cistern;pool;tomb;monument;cave;building;steps;wall;mound;settlement_ruin;road;pit;quarry;installation;mosaic;rock_cut,spring_well,,Roman;Byzantine,overlaps,no,,"Ya'aqov Olami, Avraham Ronen and Amit Romano, ASI Map of Haifa - west (22), site 22; survey.iaa.org.il record 2453; printed page not given online",https://survey.iaa.org.il/#/MapSurvey/14/site/2453
14,22,Haifa - west,24,2455,Qiryat Sprinzak,קִרְיַת שְׁפְּרִינְצַק,,,no,,,32.821119,34.957007,geojson_point,,,,,carmel_siah,2.799,,carmel_siah:2.799,tomb;pit,,,Bronze,no,no,,"Ya'aqov Olami, Avraham Ronen and Amit Romano, ASI Map of Haifa - west (22), site 24; survey.iaa.org.il record 2455; printed page not given online",https://survey.iaa.org.il/#/MapSurvey/14/site/2455
14,22,Haifa - west,25,2456,Nahal ‘Aliyya,נַחַל עֲלִיָּה,,,no,,,32.820213,34.954873,geojson_point,,,,,carmel_siah,2.846,,carmel_siah:2.846,,,,Paleolithic,no,no,,"Ya'aqov Olami, Avraham Ronen and Amit Romano, ASI Map of Haifa - west (22), site 25; survey.iaa.org.il record 2456; printed page not given online",https://survey.iaa.org.il/#/MapSurvey/14/site/2456
14,22,Haifa - west,26,2457,Qiryat Eli‘ezer,קִרְיַת אֱלִיעֶזֶר,,,no,,,32.818329,34.959684,geojson_point,,,,,carmel_siah,2.400,,carmel_siah:2.400,winepress;installation;rock_cut,,,,unknown,no,,"Ya'aqov Olami, Avraham Ronen and Amit Romano, ASI Map of Haifa - west (22), site 26; survey.iaa.org.il record 2457; printed page not given online",https://survey.iaa.org.il/#/MapSurvey/14/site/2457
14,22,Haifa - west,27,2458,Qiryat Eli‘ezer,קִרְיַת אֱלִיעֶזֶר,,,no,,,32.823870,34.980493,geojson_point,,,,,carmel_siah,2.594,,carmel_siah:2.594,road,,,Paleolithic;Epipaleolithic;Neolithic;Byzantine,no,no,,"Ya'aqov Olami, Avraham Ronen and Amit Romano, ASI Map of Haifa - west (22), site 27; survey.iaa.org.il record 2458; printed page not given online",https://survey.iaa.org.il/#/MapSurvey/14/site/2458
14,22,Haifa - west,28,2459,Qiryat Eli‘ezer,קִרְיַת אֱלִיעֶזֶר,,,no,,,32.822968,34.980496,geojson_point,,,,,carmel_siah,2.496,,carmel_siah:2.496,,,,Paleolithic,no,no,,"Ya'aqov Olami, Avraham Ronen and Amit Romano, ASI Map of Haifa - west (22), site 28; survey.iaa.org.il record 2459; printed page not given online",https://survey.iaa.org.il/#/MapSurvey/14/site/2459
14,22,Haifa - west,29,2460,Qiryat Eliyahu,קִרְיַת אֵלִיָּהוּ,,,no,,,32.819542,34.980932,geojson_point,,,,,carmel_siah,2.135,,carmel_siah:2.135,tomb;cave,cistern,,Roman,overlaps,no,,"Ya'aqov Olami, Avraham Ronen and Amit Romano, ASI Map of Haifa - west (22), site 29; survey.iaa.org.il record 2460; printed page not given online",https://survey.iaa.org.il/#/MapSurvey/14/site/2460
14,22,Haifa - west,30,2461,‘Abbas Street,רְחוֹב עַבָּאס,,,no,,,32.819360,34.979971,geojson_point,,,,,carmel_siah,2.094,,carmel_siah:2.094,cave;quarry,,,Ottoman,no,no,,"Ya'aqov Olami, Avraham Ronen and Amit Romano, ASI Map of Haifa - west (22), site 30; survey.iaa.org.il record 2461; printed page not given online",https://survey.iaa.org.il/#/MapSurvey/14/site/2461
14,22,Haifa - west,31,2462,German Colony,הַמּוֹשָבָה הַגֶּרְמָנִית,,,no,,,32.820727,34.987977,geojson_point,,,,,carmel_siah,2.507,,carmel_siah:2.507,road,,,Paleolithic;Epipaleolithic;Neolithic,no,no,,"Ya'aqov Olami, Avraham Ronen and Amit Romano, ASI Map of Haifa - west (22), site 31; survey.iaa.org.il record 2462; printed page not given online",https://survey.iaa.org.il/#/MapSurvey/14/site/2462
14,22,Haifa - west,32,2463,German Colony,הַמּוֹשָבָה הַגֶּרְמָנִית,,,no,,,32.820275,34.986910,geojson_point,,,,,carmel_siah,2.415,,carmel_siah:2.415,building,,,Epipaleolithic,no,no,,"Ya'aqov Olami, Avraham Ronen and Amit Romano, ASI Map of Haifa - west (22), site 32; survey.iaa.org.il record 2463; printed page not given online",https://survey.iaa.org.il/#/MapSurvey/14/site/2463
14,22,Haifa - west,33,2464,German Colony,הַמּוֹשָבָה הַגֶּרְמָנִית,,,no,,,32.819388,34.995455,geojson_point,,,,,carmel_siah,2.799,,carmel_siah:2.799,building;road,,,Paleolithic;Epipaleolithic;Chalcolithic,no,no,,"Ya'aqov Olami, Avraham Ronen and Amit Romano, ASI Map of Haifa - west (22), site 33; survey.iaa.org.il record 2464; printed page not given online",https://survey.iaa.org.il/#/MapSurvey/14/site/2464
14,22,Haifa - west,34,2465,Derekh Ha-Yam,דֶּרֶךְ הַיָּם,,,no,,,32.815722,34.963429,geojson_point,,,,,carmel_siah,1.962,,carmel_siah:1.962,,,,,unknown,no,,"Ya'aqov Olami, Avraham Ronen and Amit Romano, ASI Map of Haifa - west (22), site 34; survey.iaa.org.il record 2465; printed page not given online",https://survey.iaa.org.il/#/MapSurvey/14/site/2465
14,22,Haifa - west,35,2466,Nahal ‘Amiq,נַחַל עָמִיק,,,no,,,32.812113,34.962371,geojson_point,,,,,carmel_siah,1.709,,carmel_siah:1.709,,cave,,Paleolithic;Neolithic,no,no,,"Ya'aqov Olami, Avraham Ronen and Amit Romano, ASI Map of Haifa - west (22), site 35; survey.iaa.org.il record 2466; printed page not given online",https://survey.iaa.org.il/#/MapSurvey/14/site/2466
14,22,Haifa - west,36,2467,Nahal ‘Amiq,נַחַל עָמִיק,,,no,,,32.813193,34.961407,geojson_point,,,,,carmel_siah,1.858,,carmel_siah:1.858,,,,,unknown,no,,"Ya'aqov Olami, Avraham Ronen and Amit Romano, ASI Map of Haifa - west (22), site 36; survey.iaa.org.il record 2467; printed page not given online",https://survey.iaa.org.il/#/MapSurvey/14/site/2467
14,22,Haifa - west,37,2468,Nahal ‘Amiq,נַחַל עָמִיק,,,no,,,32.812567,34.963972,geojson_point,,,,,carmel_siah,1.648,,carmel_siah:1.648,cave,,,Ottoman,no,no,,"Ya'aqov Olami, Avraham Ronen and Amit Romano, ASI Map of Haifa - west (22), site 37; survey.iaa.org.il record 2468; printed page not given online",https://survey.iaa.org.il/#/MapSurvey/14/site/2468
14,22,Haifa - west,38,2469,Nahal ‘Amiq,נַחַל עָמִיק,,,no,,,32.810944,34.963976,geojson_point,,,,,carmel_siah,1.511,,carmel_siah:1.511,,,,,unknown,no,,"Ya'aqov Olami, Avraham Ronen and Amit Romano, ASI Map of Haifa - west (22), site 38; survey.iaa.org.il record 2469; printed page not given online",https://survey.iaa.org.il/#/MapSurvey/14/site/2469
14,22,Haifa - west,39,2470,Nahal ‘Amiq,נַחַל עָמִיק,,,no,,,32.810408,34.966647,geojson_point,,,,,carmel_siah,1.305,,carmel_siah:1.305,quarry,,,,unknown,no,,"Ya'aqov Olami, Avraham Ronen and Amit Romano, ASI Map of Haifa - west (22), site 39; survey.iaa.org.il record 2470; printed page not given online",https://survey.iaa.org.il/#/MapSurvey/14/site/2470
14,22,Haifa - west,40,2471,Nahal ‘Amiq,נַחַל עָמִיק,,,no,,,32.808968,34.967932,geojson_point,,,,,carmel_siah,1.105,,carmel_siah:1.105,quarry,,,,unknown,no,,"Ya'aqov Olami, Avraham Ronen and Amit Romano, ASI Map of Haifa - west (22), site 40; survey.iaa.org.il record 2471; printed page not given online",https://survey.iaa.org.il/#/MapSurvey/14/site/2471
14,22,Haifa - west,41,2472,Bahai Gardens,גַּן הַבַּהָאִים,,,no,,,32.812343,34.988532,geojson_point,,,,,carmel_siah,1.786,,carmel_siah:1.786,tomb,,,Byzantine,no,no,,"Ya'aqov Olami, Avraham Ronen and Amit Romano, ASI Map of Haifa - west (22), site 41; survey.iaa.org.il record 2472; printed page not given online",https://survey.iaa.org.il/#/MapSurvey/14/site/2472
14,22,Haifa - west,42,2473,Bahai Gardens,גַּן הַבַּהָאִים,,,no,,,32.815768,34.987989,geojson_point,,,,,carmel_siah,2.042,,carmel_siah:2.042,tomb;cave;pit;rock_cut,cistern,,Late Roman;Byzantine,no,no,,"Ya'aqov Olami, Avraham Ronen and Amit Romano, ASI Map of Haifa - west (22), site 42; survey.iaa.org.il record 2473; printed page not given online",https://survey.iaa.org.il/#/MapSurvey/14/site/2473
14,22,Haifa - west,43,2474,Sederot Ha-Ziyyonut,שְׂדֵרוֹת הַצִּיּוֹנוּת,,,no,,,32.812165,34.990134,geojson_point,,,,,carmel_siah,1.882,,carmel_siah:1.882,building;wall;quarry;terrace,,,,unknown,no,,"Ya'aqov Olami, Avraham Ronen and Amit Romano, ASI Map of Haifa - west (22), site 43; survey.iaa.org.il record 2474; printed page not given online",https://survey.iaa.org.il/#/MapSurvey/14/site/2474
14,22,Haifa - west,44,2475,Bahai Gardens,גַּן הַבַּהָאִים,,,no,,,32.811709,34.987465,geojson_point,,,,,carmel_siah,1.666,,carmel_siah:1.666,cave,,,,unknown,no,,"Ya'aqov Olami, Avraham Ronen and Amit Romano, ASI Map of Haifa - west (22), site 44; survey.iaa.org.il record 2475; printed page not given online",https://survey.iaa.org.il/#/MapSurvey/14/site/2475
14,22,Haifa - west,45,2476,Nahal ‘Amiq,נַחַל עָמִיק,,7-5/4,yes,197770,745886,32.807463,34.972890,nig_epsg2039,32.807535,34.972955,10.0,ok,carmel_siah,0.745,carmel_siah:0.745,carmel_siah:0.745,,,,,unknown,no,Ruinous limekiln in Nahal ‘Amiq.,"Ya'aqov Olami, Avraham Ronen and Amit Romano, ASI Map of Haifa - west (22), site 45; survey.iaa.org.il record 2476; printed page not given online",https://survey.iaa.org.il/#/MapSurvey/14/site/2476
14,22,Haifa - west,46,2477,El Kababir,אֶל-כַּבַּבִּיר,,7-5/9,yes,197280,745696,32.805740,34.967663,nig_epsg2039,32.805811,34.967728,9.9,ok,carmel_siah,0.865,carmel_siah:0.865,carmel_siah:0.865,,,,,unknown,no,"Two ruinous, circular limekilns on spur (4 m, 6 m diam.). Nearby—scattered","Ya'aqov Olami, Avraham Ronen and Amit Romano, ASI Map of Haifa - west (22), site 46; survey.iaa.org.il record 2477; printed page not given online",https://survey.iaa.org.il/#/MapSurvey/14/site/2477
14,22,Haifa - west,47,2478,El Kababir,אֶל-כַּבַּבִּיר,,7-5/6,yes,197300,745896,32.807544,34.967872,nig_epsg2039,32.807615,34.967936,9.9,ok,carmel_siah,0.987,carmel_siah:0.987,carmel_siah:0.987,cave,,Ottoman,Ottoman,no,no,"Two caves, 50 m apart, on slope. The N cave (1.5×5.5 m,","Ya'aqov Olami, Avraham Ronen and Amit Romano, ASI Map of Haifa - west (22), site 47; survey.iaa.org.il record 2478; printed page not given online",https://survey.iaa.org.il/#/MapSurvey/14/site/2478
14,22,Haifa - west,48,2479,El Kababir,אֶל-כַּבַּבִּיר,,7-5/5,yes,197480,745696,32.805744,34.969799,nig_epsg2039,32.805816,34.969863,9.9,ok,carmel_siah,0.717,carmel_siah:0.717,carmel_siah:0.717,settlement_ruin,cave,"Middle Paleolithic,Neolithic",Paleolithic;Neolithic,no,no,"Scatter of flint tools and flakes—mainly waste of a flint tool industry,","Ya'aqov Olami, Avraham Ronen and Amit Romano, ASI Map of Haifa - west (22), site 48; survey.iaa.org.il record 2479; printed page not given online",https://survey.iaa.org.il/#/MapSurvey/14/site/2479
14,22,Haifa - west,49,2480,Nahal Siyah,נַחַל שִׂיחַ,,7-5/8,yes,197290,745486,32.803847,34.967775,nig_epsg2039,32.803918,34.967839,9.9,ok,carmel_siah,0.746,carmel_siah:0.746,carmel_siah:0.746,,,,,unknown,no,"Ruinous limekiln, on slope descending to Nahal Siyah.","Ya'aqov Olami, Avraham Ronen and Amit Romano, ASI Map of Haifa - west (22), site 49; survey.iaa.org.il record 2480; printed page not given online",https://survey.iaa.org.il/#/MapSurvey/14/site/2480
14,22,Haifa - west,50,2482,Nahal Siyah,נַחַל שִׂיחַ,,7-5/7,yes,197180,745446,32.803484,34.966602,nig_epsg2039,32.803555,34.966666,9.9,ok,carmel_siah,0.832,carmel_siah:0.832,carmel_siah:0.832,winepress;rock_cut,cistern,Byzantine,Byzantine,no,no,"Small, rock-hewn winepress on slope, near the outlet of Nahal Siyah, running","Ya'aqov Olami, Avraham Ronen and Amit Romano, ASI Map of Haifa - west (22), site 50; survey.iaa.org.il record 2482; printed page not given online",https://survey.iaa.org.il/#/MapSurvey/14/site/2482
14,22,Haifa - west,51,2483,Nahal Siyah,נַחַל שִׂיחַ,,7-5/2,yes,197180,745396,32.803033,34.966603,nig_epsg2039,32.803104,34.966667,9.9,ok,carmel_siah,0.817,carmel_siah:0.817,carmel_siah:0.817,cave;road;rock_cut,,"Epipaleolithic,Chalcolithic,Early Bronze Age,Iron Age,Roman,Roman,Roman-Byzantine,Byzantine",Chalcolithic;Bronze;Roman;Byzantine;Epipaleolithic;Iron;Iron Age,overlaps,no,"Three ruinous caves on bank of Nahal Siyah, near its outlet, running","Ya'aqov Olami, Avraham Ronen and Amit Romano, ASI Map of Haifa - west (22), site 51; survey.iaa.org.il record 2483; printed page not given online",https://survey.iaa.org.il/#/MapSurvey/14/site/2483
14,22,Haifa - west,52,2484,‘En Siyah,עֵין שִׂיחַ,‘Ein es Suyyah (M); ’Ain es Sîh (S),7-5/10,yes,197630,745376,32.802862,34.971408,nig_epsg2039,32.802933,34.971472,10.0,ok,carmel_siah,0.394,carmel_siah:0.394,carmel_siah:0.394,pool;conduit;rock_cut,spring_well,,,unknown,no,"Conduit at foot of slope, which conveys water from ‘En Siyah to","Ya'aqov Olami, Avraham Ronen and Amit Romano, ASI Map of Haifa - west (22), site 52; survey.iaa.org.il record 2484; printed page not given online",https://survey.iaa.org.il/#/MapSurvey/14/site/2484
14,22,Haifa - west,53,2485,Nahal Siyah,נַחַל שִׂיחַ,,7-5/12,yes,197680,745276,32.801961,34.971944,nig_epsg2039,32.802033,34.972009,10.0,ok,carmel_siah,0.305,carmel_siah:0.305,carmel_siah:0.305,rock_cut,,,,unknown,no,"Limekiln (diam. 5 m)—the lower part rock-hewn, the upper part built of","Ya'aqov Olami, Avraham Ronen and Amit Romano, ASI Map of Haifa - west (22), site 53; survey.iaa.org.il record 2485; printed page not given online",https://survey.iaa.org.il/#/MapSurvey/14/site/2485
14,22,Haifa - west,54,2486,Nahal Siyah,נַחַל שִׂיחַ,,7-5/13,yes,197840,745256,32.801784,34.973653,nig_epsg2039,32.801856,34.973717,10.0,ok,carmel_siah,0.153,carmel_siah:0.153,carmel_siah:0.153,tomb;cave;building;steps;wall;settlement_ruin;installation;rock_cut,,Byzantine,Byzantine,no,no,"Rock-hewn two-storied cave on cliff, on bank of Nahal Siyah, apparently used","Ya'aqov Olami, Avraham Ronen and Amit Romano, ASI Map of Haifa - west (22), site 54; survey.iaa.org.il record 2486; printed page not given online",https://survey.iaa.org.il/#/MapSurvey/14/site/2486
14,22,Haifa - west,55,2487,H. Minzar,ח' מִנְזָר,Kh. ed Deir (M); Ed Deir (S),7-5/1,yes,197780,745196,32.801242,34.973013,nig_epsg2039,32.801313,34.973078,10.0,ok,carmel_siah,0.188,carmel_siah:0.188,carmel_siah:0.188,building;settlement_ruin,,"Byzantine,Early Islamic,Crusader,Mamluk",Crusader;Byzantine;Mamluk;Early Islamic,no,no,Remains of a monastery and a church from the Crusader period in,"Ya'aqov Olami, Avraham Ronen and Amit Romano, ASI Map of Haifa - west (22), site 55; survey.iaa.org.il record 2487; printed page not given online",https://survey.iaa.org.il/#/MapSurvey/14/site/2487
14,22,Haifa - west,56,2488,Nahal Siyah,נַחַל שִׂיחַ,,7-5/3,yes,197180,745156,32.800869,34.966608,nig_epsg2039,32.800940,34.966673,9.9,ok,carmel_siah,0.784,carmel_siah:0.784,carmel_siah:0.784,pool;basin;tomb;pit;installation;rock_cut,cistern,"Intermediate Bronze Age,Middle Bronze Age I",Bronze,no,no,Installations and rock-cuttings on bank of Nahal Siyah: a rock-hewn pool (4×4,"Ya'aqov Olami, Avraham Ronen and Amit Romano, ASI Map of Haifa - west (22), site 56; survey.iaa.org.il record 2488; printed page not given online",https://survey.iaa.org.il/#/MapSurvey/14/site/2488
14,22,Haifa - west,57,2489,‘En Meshotetim,עֵין מְשׁוֹטְטִים,‘Ein Umm el Faraj (M); ’Ain Umm el Fârûj (S),7-5/11,yes,197850,745146,32.800792,34.973762,nig_epsg2039,32.800864,34.973827,10.0,ok,carmel_siah,0.118,carmel_siah:0.118,carmel_siah:0.118,pool;conduit;spring_well;tomb;wall;inscription;rock_cut,,,,unknown,no,"Rectangular, rock-hewn pool (1×2 m) on bank of Nahal Siyah, which catches","Ya'aqov Olami, Avraham Ronen and Amit Romano, ASI Map of Haifa - west (22), site 57; survey.iaa.org.il record 2489; printed page not given online",https://survey.iaa.org.il/#/MapSurvey/14/site/2489
14,22,Haifa - west,58,2490,Hadar Ha-Karmel,הֲדַר הַכַּרְמֶל,,,no,,,32.807485,34.994950,geojson_point,,,,,carmel_siah,1.999,,carmel_siah:1.999,steps;rock_cut,,,modern,no,no,,"Ya'aqov Olami, Avraham Ronen and Amit Romano, ASI Map of Haifa - west (22), site 58; survey.iaa.org.il record 2490; printed page not given online",https://survey.iaa.org.il/#/MapSurvey/14/site/2490
14,22,Haifa - west,59,2491,Nahal Ezov,נַחַל אֵזוֹב,,,no,,,32.795153,34.958255,geojson_point,,,,,carmel_siah,1.695,,carmel_siah:1.695,spring_well;building,,,Byzantine;Crusader,no,no,,"Ya'aqov Olami, Avraham Ronen and Amit Romano, ASI Map of Haifa - west (22), site 59; survey.iaa.org.il record 2491; printed page not given online",https://survey.iaa.org.il/#/MapSurvey/14/site/2491
14,22,Haifa - west,60,2492,Kefar Shamir (south),כְּפַר שָׁמִיר (דרום),,,no,,,32.792263,34.956021,geojson_point,,,,,carmel_siah,2.023,,carmel_siah:2.023,,,,Paleolithic;Neolithic,no,no,,"Ya'aqov Olami, Avraham Ronen and Amit Romano, ASI Map of Haifa - west (22), site 60; survey.iaa.org.il record 2492; printed page not given online",https://survey.iaa.org.il/#/MapSurvey/14/site/2492
14,22,Haifa - west,61,2493,Kefar Shamir,כְּפַר שָׁמִיר,,,no,,,32.793346,34.956659,geojson_point,,,,,carmel_siah,1.914,,carmel_siah:1.914,building,,,Roman;Byzantine,overlaps,no,,"Ya'aqov Olami, Avraham Ronen and Amit Romano, ASI Map of Haifa - west (22), site 61; survey.iaa.org.il record 2493; printed page not given online",https://survey.iaa.org.il/#/MapSurvey/14/site/2493
14,22,Haifa - west,62,2494,Karmeliyya,כַּרְמֶלִיָה,,7-4/5,yes,197580,744796,32.797631,34.970888,nig_epsg2039,32.797702,34.970953,10.0,ok,carmel_siah,0.537,carmel_siah:0.537,carmel_siah:0.537,quarry,cave,,,unknown,no,"Large, ancient quarry on slope of spur, descending W (on the outskirts","Ya'aqov Olami, Avraham Ronen and Amit Romano, ASI Map of Haifa - west (22), site 62; survey.iaa.org.il record 2494; printed page not given online",https://survey.iaa.org.il/#/MapSurvey/14/site/2494
14,22,Haifa - west,63,2495,Karmeliyya,כַּרְמֶלִיָה,Ras Iskandar (M); Fersh Iskander (S),7-4/4,yes,197680,744896,32.798535,34.971953,nig_epsg2039,32.798606,34.972018,10.0,ok,carmel_siah,0.395,carmel_siah:0.395,carmel_siah:0.395,,,"Middle Paleolithic,Neolithic,Chalcolithic",Paleolithic;Neolithic;Chalcolithic,no,no,Large flint tool industry site (c. 250 dunams) near top of spur,"Ya'aqov Olami, Avraham Ronen and Amit Romano, ASI Map of Haifa - west (22), site 63; survey.iaa.org.il record 2495; printed page not given online",https://survey.iaa.org.il/#/MapSurvey/14/site/2495
14,22,Haifa - west,64,2496,Nahal Ezov,נַחַל אֵזוֹב,,7-4/3,yes,197800,744376,32.793848,34.973246,nig_epsg2039,32.793920,34.973311,10.0,ok,carmel_siah,0.812,carmel_siah:0.812,carmel_siah:0.812,quarry,,,,unknown,no,"Large, ancient quarry on slope descending to Nahal Ezov.","Ya'aqov Olami, Avraham Ronen and Amit Romano, ASI Map of Haifa - west (22), site 64; survey.iaa.org.il record 2496; printed page not given online",https://survey.iaa.org.il/#/MapSurvey/14/site/2496
14,22,Haifa - west,65,2497,Nahal Ezov,נַחַל אֵזוֹב,,7-4/2,yes,197730,744306,32.793216,34.972500,nig_epsg2039,32.793287,34.972566,10.0,ok,carmel_siah,0.897,carmel_siah:0.897,carmel_siah:0.897,cave,,,,unknown,no,Three blocked limekilns on slope descending to Nahal Ezov. Nearby—a cave (c.,"Ya'aqov Olami, Avraham Ronen and Amit Romano, ASI Map of Haifa - west (22), site 65; survey.iaa.org.il record 2497; printed page not given online",https://survey.iaa.org.il/#/MapSurvey/14/site/2497
14,22,Haifa - west,66,2498,H. Qastra,ח' קַסְטְרָה,Kh. Kafr es Samir (M); Kh. Kefr es Samîr (S),7-4/1,yes,197480,744296,32.793121,34.969832,nig_epsg2039,32.793192,34.969897,10.0,ok,carmel_siah,1.000,,carmel_siah:1.000,cistern;tomb;cave;building;settlement_ruin;winepress;oil_press;installation,,"Chalcolithic,Intermediate Bronze Age,Middle Bronze Age I,Late Roman,Byzantine,Early Islamic,Ottoman",Late Roman;Byzantine;Chalcolithic;Bronze;Roman;Ottoman;Early Islamic,overlaps,no,,"Ya'aqov Olami, Avraham Ronen and Amit Romano, ASI Map of Haifa - west (22), site 66; survey.iaa.org.il record 2498; printed page not given online",https://survey.iaa.org.il/#/MapSurvey/14/site/2498
14,22,Haifa - west,67,2499,Nahal Ezov,נַחַל אֵזוֹב,,8-4/2,yes,198380,744296,32.793138,34.979440,nig_epsg2039,32.793210,34.979505,10.1,ok,carmel_siah,0.968,carmel_siah:0.968,carmel_siah:0.968,quarry,,Byzantine,Byzantine,no,no,Ancient quarry on slope descending to a tributary of Nahal Ezov. Several,"Ya'aqov Olami, Avraham Ronen and Amit Romano, ASI Map of Haifa - west (22), site 67; survey.iaa.org.il record 2499; printed page not given online",https://survey.iaa.org.il/#/MapSurvey/14/site/2499
14,22,Haifa - west,68,2500,Nahal Ezov,נַחַל אֵזוֹב,,,no,,,32.792942,34.980573,geojson_point,,,,,carmel_siah,1.036,,carmel_siah:1.036,rock_cut,,,,unknown,no,,"Ya'aqov Olami, Avraham Ronen and Amit Romano, ASI Map of Haifa - west (22), site 68; survey.iaa.org.il record 2500; printed page not given online",https://survey.iaa.org.il/#/MapSurvey/14/site/2500
14,22,Haifa - west,69,2501,Ramat Hadar,רָמַת הָדָר,,,no,,,32.798649,34.995506,geojson_point,,,,,carmel_siah,1.934,,carmel_siah:1.934,tomb;cave;wall;winepress;installation;rock_cut,cistern,,Byzantine;Ottoman,no,no,,"Ya'aqov Olami, Avraham Ronen and Amit Romano, ASI Map of Haifa - west (22), site 69; survey.iaa.org.il record 2501; printed page not given online",https://survey.iaa.org.il/#/MapSurvey/14/site/2501
14,22,Haifa - west,70,2502,Wardiyya,וַרְדִּיָּה,,,no,,,32.795035,34.991244,geojson_point,,,,,carmel_siah,1.657,,carmel_siah:1.657,cave;quarry;kiln;rock_cut,,,Byzantine,no,no,,"Ya'aqov Olami, Avraham Ronen and Amit Romano, ASI Map of Haifa - west (22), site 70; survey.iaa.org.il record 2502; printed page not given online",https://survey.iaa.org.il/#/MapSurvey/14/site/2502
14,22,Haifa - west,71,2503,Ehud Street,רְחוֹב אֵהוּד,,,no,,,32.793228,34.989113,geojson_point,,,,,carmel_siah,1.577,,carmel_siah:1.577,cistern;tomb;cave;wall;rock_cut,,,,unknown,no,,"Ya'aqov Olami, Avraham Ronen and Amit Romano, ASI Map of Haifa - west (22), site 71; survey.iaa.org.il record 2503; printed page not given online",https://survey.iaa.org.il/#/MapSurvey/14/site/2503
14,22,Haifa - west,72,2504,‘Enot Wardiyya,עֵינות וַרְדִּיָּה,,,no,,,32.791434,34.994455,geojson_point,,,,,carmel_siah,2.107,,carmel_siah:2.107,cave;installation,,,Byzantine;Ottoman,no,no,,"Ya'aqov Olami, Avraham Ronen and Amit Romano, ASI Map of Haifa - west (22), site 72; survey.iaa.org.il record 2504; printed page not given online",https://survey.iaa.org.il/#/MapSurvey/14/site/2504
14,22,Haifa - west,73,2505,‘Enot Wardiyya,עֵינות וַרְדִּיָּה,,,no,,,32.791435,34.995523,geojson_point,,,,,carmel_siah,2.193,,carmel_siah:2.193,spring_well;cave,,,,unknown,no,,"Ya'aqov Olami, Avraham Ronen and Amit Romano, ASI Map of Haifa - west (22), site 73; survey.iaa.org.il record 2505; printed page not given online",https://survey.iaa.org.il/#/MapSurvey/14/site/2505
14,22,Haifa - west,74,2506,Hazrot Karmel,חַצְרוֹת כַּרְמֶל,,,no,,,32.787769,34.963507,geojson_point,,,,,carmel_siah,1.822,,carmel_siah:1.822,,,,Paleolithic;Neolithic;Byzantine;Ottoman,no,no,,"Ya'aqov Olami, Avraham Ronen and Amit Romano, ASI Map of Haifa - west (22), site 74; survey.iaa.org.il record 2506; printed page not given online",https://survey.iaa.org.il/#/MapSurvey/14/site/2506
14,22,Haifa - west,75,2507,Nahal Ahuzza,נַחַל אֲחֻזָּה,,,no,,,32.784149,34.957112,geojson_point,,,,,carmel_siah,2.511,,carmel_siah:2.511,spring_well,,,,unknown,no,,"Ya'aqov Olami, Avraham Ronen and Amit Romano, ASI Map of Haifa - west (22), site 75; survey.iaa.org.il record 2507; printed page not given online",https://survey.iaa.org.il/#/MapSurvey/14/site/2507
14,22,Haifa - west,76,2508,Nahal Ahuzza,נַחַל אֲחֻזָּה,,,no,,,32.786161,34.971197,geojson_point,,,,,carmel_siah,1.688,,carmel_siah:1.688,cistern;conduit;rock_cut,,,Byzantine;Ottoman,no,no,,"Ya'aqov Olami, Avraham Ronen and Amit Romano, ASI Map of Haifa - west (22), site 76; survey.iaa.org.il record 2508; printed page not given online",https://survey.iaa.org.il/#/MapSurvey/14/site/2508
14,22,Haifa - west,77,2509,Nahal Ahuzza,נַחַל אֲחֻזָּה,,,no,,,32.785620,34.970985,geojson_point,,,,,carmel_siah,1.751,,carmel_siah:1.751,cistern,,,,unknown,no,,"Ya'aqov Olami, Avraham Ronen and Amit Romano, ASI Map of Haifa - west (22), site 77; survey.iaa.org.il record 2509; printed page not given online",https://survey.iaa.org.il/#/MapSurvey/14/site/2509
14,22,Haifa - west,78,2510,Nahal Ahuzza,נַחַל אֲחֻזָּה,,,no,,,32.785083,34.973122,geojson_point,,,,,carmel_siah,1.779,,carmel_siah:1.779,,cave,,Paleolithic;Neolithic,no,no,,"Ya'aqov Olami, Avraham Ronen and Amit Romano, ASI Map of Haifa - west (22), site 78; survey.iaa.org.il record 2510; printed page not given online",https://survey.iaa.org.il/#/MapSurvey/14/site/2510
14,22,Haifa - west,79,2511,Ahuzzat Shemu’el,אֲחֻזַּת שְׁמוּאֵל,,,no,,,32.788072,34.980586,geojson_point,,,,,carmel_siah,1.529,,carmel_siah:1.529,quarry,,,,unknown,no,,"Ya'aqov Olami, Avraham Ronen and Amit Romano, ASI Map of Haifa - west (22), site 79; survey.iaa.org.il record 2511; printed page not given online",https://survey.iaa.org.il/#/MapSurvey/14/site/2511
14,22,Haifa - west,80,2512,Ahuzzat Shemu’el,אֲחֻזַּת שְׁמוּאֵל,,,no,,,32.787798,34.978452,geojson_point,,,,,carmel_siah,1.503,,carmel_siah:1.503,,,,Paleolithic;Neolithic,no,no,,"Ya'aqov Olami, Avraham Ronen and Amit Romano, ASI Map of Haifa - west (22), site 80; survey.iaa.org.il record 2512; printed page not given online",https://survey.iaa.org.il/#/MapSurvey/14/site/2512
14,22,Haifa - west,81,2513,Ahuzzat Shemu’el (west),אֲחֻזַּת שְׁמוּאֵל (מערב),,,no,,,32.786711,34.975786,geojson_point,,,,,carmel_siah,1.591,,carmel_siah:1.591,,cave,,Byzantine,no,no,,"Ya'aqov Olami, Avraham Ronen and Amit Romano, ASI Map of Haifa - west (22), site 81; survey.iaa.org.il record 2513; printed page not given online",https://survey.iaa.org.il/#/MapSurvey/14/site/2513
14,22,Haifa - west,82,2514,Nahal Ezov,נַחַל אֵזוֹב,,,no,,,32.790323,34.978445,geojson_point,,,,,carmel_siah,1.230,,carmel_siah:1.230,,,,,unknown,no,,"Ya'aqov Olami, Avraham Ronen and Amit Romano, ASI Map of Haifa - west (22), site 82; survey.iaa.org.il record 2514; printed page not given online",https://survey.iaa.org.il/#/MapSurvey/14/site/2514
14,22,Haifa - west,83,2515,Nahal Ahuzza,נַחַל אֲחֻזָּה,,,no,,,32.783835,34.980811,geojson_point,,,,,carmel_siah,1.984,,carmel_siah:1.984,,,,,unknown,no,,"Ya'aqov Olami, Avraham Ronen and Amit Romano, ASI Map of Haifa - west (22), site 83; survey.iaa.org.il record 2515; printed page not given online",https://survey.iaa.org.il/#/MapSurvey/14/site/2515
14,22,Haifa - west,84,2516,H. Rosh Mayim (west),ח' רֹאשׁ מַיִם (מערב),,,no,,,32.788728,34.994462,geojson_point,,,,,carmel_siah,2.274,,carmel_siah:2.274,tomb;cave;fortress;mound;settlement_ruin,cistern,,Byzantine;Crusader;Mamluk,no,no,,"Ya'aqov Olami, Avraham Ronen and Amit Romano, ASI Map of Haifa - west (22), site 84; survey.iaa.org.il record 2516; printed page not given online",https://survey.iaa.org.il/#/MapSurvey/14/site/2516
14,22,Haifa - west,85,2517,Romema,רוֹמֵמָה,,,no,,,32.788723,34.991260,geojson_point,,,,,carmel_siah,2.043,,carmel_siah:2.043,winepress;rock_cut,cistern,,Byzantine;Crusader;Mamluk,no,no,,"Ya'aqov Olami, Avraham Ronen and Amit Romano, ASI Map of Haifa - west (22), site 85; survey.iaa.org.il record 2517; printed page not given online",https://survey.iaa.org.il/#/MapSurvey/14/site/2517
14,22,Haifa - west,86,2518,Be’er Rosh Mayim (west),בְּאֵר רֹאשׁ מַיִם (מערב),,,no,,,32.786837,34.995961,geojson_point,,,,,carmel_siah,2.514,,carmel_siah:2.514,spring_well,cave,,Paleolithic;Neolithic,no,no,,"Ya'aqov Olami, Avraham Ronen and Amit Romano, ASI Map of Haifa - west (22), site 86; survey.iaa.org.il record 2518; printed page not given online",https://survey.iaa.org.il/#/MapSurvey/14/site/2518
14,22,Haifa - west,87,2519,Romema,רוֹמֵמָה,,,no,,,32.786290,34.992226,geojson_point,,,,,carmel_siah,2.295,,carmel_siah:2.295,rock_cut,,,,unknown,no,,"Ya'aqov Olami, Avraham Ronen and Amit Romano, ASI Map of Haifa - west (22), site 87; survey.iaa.org.il record 2519; printed page not given online",https://survey.iaa.org.il/#/MapSurvey/14/site/2519
14,22,Haifa - west,88,2520,Romema,רוֹמֵמָה,,,no,,,32.786025,34.995536,geojson_point,,,,,carmel_siah,2.541,,carmel_siah:2.541,tomb;cave,cistern,,Bronze;Iron Age;Persian;Hellenistic,overlaps,no,,"Ya'aqov Olami, Avraham Ronen and Amit Romano, ASI Map of Haifa - west (22), site 88; survey.iaa.org.il record 2520; printed page not given online",https://survey.iaa.org.il/#/MapSurvey/14/site/2520
14,22,Haifa - west,89,2521,Kh. ‘Atteisi (M),ח' עַטַּאִיסִי,,,no,,,32.785937,34.996497,geojson_point,,,,,carmel_siah,2.616,,carmel_siah:2.616,cistern;tomb;cave;wall;settlement_ruin;winepress;terrace,,,Bronze;Iron I;Persian;Hellenistic;Roman,overlaps,no,,"Ya'aqov Olami, Avraham Ronen and Amit Romano, ASI Map of Haifa - west (22), site 89; survey.iaa.org.il record 2521; printed page not given online",https://survey.iaa.org.il/#/MapSurvey/14/site/2521
14,22,Haifa - west,90,2522,Romema,רוֹמֵמָה,,,no,,,32.785304,34.995858,geojson_point,,,,,carmel_siah,2.617,,carmel_siah:2.617,rock_cut,cave,,,unknown,no,,"Ya'aqov Olami, Avraham Ronen and Amit Romano, ASI Map of Haifa - west (22), site 90; survey.iaa.org.il record 2522; printed page not given online",https://survey.iaa.org.il/#/MapSurvey/14/site/2522
14,22,Haifa - west,91,2523,Nahal ‘Ammiram,נַחַל עַמִּירָם,,,no,,,32.780540,34.956055,geojson_point,,,,,carmel_siah,2.883,,carmel_siah:2.883,tomb;road;pit,,,Bronze;Paleolithic;Neolithic;Chalcolithic;Iron;Persian;Hellenistic,overlaps,no,,"Ya'aqov Olami, Avraham Ronen and Amit Romano, ASI Map of Haifa - west (22), site 91; survey.iaa.org.il record 2523; printed page not given online",https://survey.iaa.org.il/#/MapSurvey/14/site/2523
14,22,Haifa - west,93,2525,Nahal Ahuzza,נַחַל אֲחֻזָּה,,,no,,,32.781207,34.974199,geojson_point,,,,,carmel_siah,2.202,,carmel_siah:2.202,cave;wall,,,,unknown,no,,"Ya'aqov Olami, Avraham Ronen and Amit Romano, ASI Map of Haifa - west (22), site 93; survey.iaa.org.il record 2525; printed page not given online",https://survey.iaa.org.il/#/MapSurvey/14/site/2525
14,22,Haifa - west,94,2526,Nahal Ahuzza,נַחַל אֲחֻזָּה,,,no,,,32.780574,34.973134,geojson_point,,,,,carmel_siah,2.278,,carmel_siah:2.278,,cave,,Paleolithic;Neolithic,no,no,,"Ya'aqov Olami, Avraham Ronen and Amit Romano, ASI Map of Haifa - west (22), site 94; survey.iaa.org.il record 2526; printed page not given online",https://survey.iaa.org.il/#/MapSurvey/14/site/2526
14,22,Haifa - west,95,2527,Nahal Ahuzza,נַחַל אֲחֻזָּה,,,no,,,32.778773,34.974206,geojson_point,,,,,carmel_siah,2.473,,carmel_siah:2.473,quarry,,,,unknown,no,,"Ya'aqov Olami, Avraham Ronen and Amit Romano, ASI Map of Haifa - west (22), site 95; survey.iaa.org.il record 2527; printed page not given online",https://survey.iaa.org.il/#/MapSurvey/14/site/2527
14,22,Haifa - west,96,2528,Nahal ‘Ammiram,נַחַל עַמִּירָם,,,no,,,32.777867,34.972073,geojson_point,,,,,carmel_siah,2.587,,carmel_siah:2.587,,cave,,Paleolithic;Neolithic,no,no,,"Ya'aqov Olami, Avraham Ronen and Amit Romano, ASI Map of Haifa - west (22), site 96; survey.iaa.org.il record 2528; printed page not given online",https://survey.iaa.org.il/#/MapSurvey/14/site/2528
14,22,Haifa - west,97,2529,Nahal ‘Ammiram,נַחַל עַמִּירָם,,,no,,,32.777148,34.973356,geojson_point,,,,,carmel_siah,2.657,,carmel_siah:2.657,winepress;rock_cut,cistern,,Byzantine;Ottoman,no,no,,"Ya'aqov Olami, Avraham Ronen and Amit Romano, ASI Map of Haifa - west (22), site 97; survey.iaa.org.il record 2529; printed page not given online",https://survey.iaa.org.il/#/MapSurvey/14/site/2529
14,22,Haifa - west,98,2530,Nahal ‘Ammiram,נַחַל עַמִּירָם,,,no,,,32.776335,34.972718,geojson_point,,,,,carmel_siah,2.751,,carmel_siah:2.751,,,,,unknown,no,,"Ya'aqov Olami, Avraham Ronen and Amit Romano, ASI Map of Haifa - west (22), site 98; survey.iaa.org.il record 2530; printed page not given online",https://survey.iaa.org.il/#/MapSurvey/14/site/2530
14,22,Haifa - west,99,2531,Nahal ‘Ammiram,נַחַל עַמִּירָם,,,no,,,32.776428,34.973999,geojson_point,,,,,carmel_siah,2.734,,carmel_siah:2.734,quarry,,,,unknown,no,,"Ya'aqov Olami, Avraham Ronen and Amit Romano, ASI Map of Haifa - west (22), site 99; survey.iaa.org.il record 2531; printed page not given online",https://survey.iaa.org.il/#/MapSurvey/14/site/2531
14,22,Haifa - west,101,2533,Ramat Eshkol,רָמַת אֶשְׁכּוֹל,,,no,,,32.780412,34.982741,geojson_point,,,,,carmel_siah,2.401,,carmel_siah:2.401,building,,,Ottoman,no,no,,"Ya'aqov Olami, Avraham Ronen and Amit Romano, ASI Map of Haifa - west (22), site 101; survey.iaa.org.il record 2533; printed page not given online",https://survey.iaa.org.il/#/MapSurvey/14/site/2533
14,22,Haifa - west,102,2534,Ramat Eshkol,רָמַת אֶשְׁכּוֹל,,,no,,,32.779694,34.984877,geojson_point,,,,,carmel_siah,2.543,,carmel_siah:2.543,,,,Paleolithic;Neolithic,no,no,,"Ya'aqov Olami, Avraham Ronen and Amit Romano, ASI Map of Haifa - west (22), site 102; survey.iaa.org.il record 2534; printed page not given online",https://survey.iaa.org.il/#/MapSurvey/14/site/2534
14,22,Haifa - west,103,2535,Nahal ‘Ammiram,נַחַל עַמִּירָם,,,no,,,32.778779,34.977408,geojson_point,,,,,carmel_siah,2.481,,carmel_siah:2.481,,cave,,Paleolithic;Neolithic,no,no,,"Ya'aqov Olami, Avraham Ronen and Amit Romano, ASI Map of Haifa - west (22), site 103; survey.iaa.org.il record 2535; printed page not given online",https://survey.iaa.org.il/#/MapSurvey/14/site/2535
14,22,Haifa - west,106,2538,Nahal ‘Ovadya,נַחַל עוֹבַדְיָה,,,no,,,32.778619,34.988723,geojson_point,,,,,carmel_siah,2.800,,carmel_siah:2.800,cave;rock_cut,,,,unknown,no,,"Ya'aqov Olami, Avraham Ronen and Amit Romano, ASI Map of Haifa - west (22), site 106; survey.iaa.org.il record 2538; printed page not given online",https://survey.iaa.org.il/#/MapSurvey/14/site/2538
31,66,Sede Eliyahu,38,3753,Tzomet HaKibbutzim,"צומת הקיבוצים, יחידת נוף 3",,,no,,,32.478400,35.498591,geojson_point,,,,,beth_shean,2.845,,beth_shean:2.845,settlement_ruin;road,,,Hellenistic;Roman;Byzantine,overlaps,no,,"Achia Kohn-Tavor, ASI Map of Sede Eliyahu (66), site 38; survey.iaa.org.il record 3753; printed page not given online",https://survey.iaa.org.il/#/MapSurvey/31/site/3753
31,66,Sede Eliyahu,52,3767,Huseiniya Flour Mill,"טחנת קמח חסאניית, יחידת נוף 3",,,no,,,32.483560,35.508927,geojson_point,,,,,beth_shean,2.305,,beth_shean:2.305,,,,,unknown,no,,"Achia Kohn-Tavor, ASI Map of Sede Eliyahu (66), site 52; survey.iaa.org.il record 3767; printed page not given online",https://survey.iaa.org.il/#/MapSurvey/31/site/3767
31,66,Sede Eliyahu,71,3786,el – Dock,"א- דוק, יחידת נוף 5",,,no,,,32.481966,35.515624,geojson_point,,,,,beth_shean,2.687,,beth_shean:2.687,reservoir,,,Persian;Hellenistic,overlaps,no,,"Achia Kohn-Tavor, ASI Map of Sede Eliyahu (66), site 71; survey.iaa.org.il record 3786; printed page not given online",https://survey.iaa.org.il/#/MapSurvey/31/site/3786
51,105,"Bet Lehem, Survey of Jerusalem The Southern Sector",15,7342,Holiland Hoel,מלון הולילנד,,,no,,,31.756376,35.189329,geojson_point,,,,,jer_baqa,2.994,,jer_baqa:2.994,tomb;cave;pit,,,Bronze;bronze;Iron Age;Persian,no,no,,"Amos Kloner, ASI Map of Bet Lehem, Survey of Jerusalem The Southern Sector (105), site 15; survey.iaa.org.il record 7342; printed page not given online",https://survey.iaa.org.il/#/MapSurvey/51/site/7342
51,105,"Bet Lehem, Survey of Jerusalem The Southern Sector",17,7347,Naḥal Raqqafot,נחל רקפות,,,no,,,31.755925,35.189752,geojson_point,,,,,jer_baqa,2.960,,jer_baqa:2.960,tomb;cave;steps;pit,cistern,,Iron Age;Iron,no,no,,"Amos Kloner, ASI Map of Bet Lehem, Survey of Jerusalem The Southern Sector (105), site 17; survey.iaa.org.il record 7347; printed page not given online",https://survey.iaa.org.il/#/MapSurvey/51/site/7347
51,105,"Bet Lehem, Survey of Jerusalem The Southern Sector",18,7348,Naḥal Raqqafot,נחל רקפות,,,no,,,31.760795,35.192073,geojson_point,,,,,jer_baqa,2.724,,jer_baqa:2.724,tomb;cave;steps;wall;pit;rock_cut,cistern;spring_well,,Herodian;Roman;Late Roman;Byzantine,yes,no,,"Amos Kloner, ASI Map of Bet Lehem, Survey of Jerusalem The Southern Sector (105), site 18; survey.iaa.org.il record 7348; printed page not given online",https://survey.iaa.org.il/#/MapSurvey/51/site/7348
51,105,"Bet Lehem, Survey of Jerusalem The Southern Sector",19,7351,Naḥal Raqqafot,נחל רקפות,,,no,,,31.761246,35.193023,geojson_point,,,,,jer_baqa,2.638,,jer_baqa:2.638,tomb;cave;wall;pit;rock_cut,cistern,,Herodian,yes,no,,"Amos Kloner, ASI Map of Bet Lehem, Survey of Jerusalem The Southern Sector (105), site 19; survey.iaa.org.il record 7351; printed page not given online",https://survey.iaa.org.il/#/MapSurvey/51/site/7351
51,105,"Bet Lehem, Survey of Jerusalem The Southern Sector",20,7352,Naḥal Raqqafot,נחל רקפות,,,no,,,31.760525,35.193128,geojson_point,,,,,jer_baqa,2.622,,jer_baqa:2.622,tomb;cave;wall;pit;rock_cut,cistern,,Hasmonean;Herodian,yes,no,,"Amos Kloner, ASI Map of Bet Lehem, Survey of Jerusalem The Southern Sector (105), site 20; survey.iaa.org.il record 7352; printed page not given online",https://survey.iaa.org.il/#/MapSurvey/51/site/7352
51,105,"Bet Lehem, Survey of Jerusalem The Southern Sector",21,7354,Naḥal Raqqafot,נחל רקפות,,,no,,,31.760886,35.194184,geojson_point,,,,,jer_baqa,2.526,,jer_baqa:2.526,pool;conduit;tomb;cave;steps;wall;road;winepress;installation;terrace;rock_cut,cistern,,Herodian;Second Temple;Byzantine;Abbasid,yes,no,,"Amos Kloner, ASI Map of Bet Lehem, Survey of Jerusalem The Southern Sector (105), site 21; survey.iaa.org.il record 7354; printed page not given online",https://survey.iaa.org.il/#/MapSurvey/51/site/7354
51,105,"Bet Lehem, Survey of Jerusalem The Southern Sector",22,7436,Ḥ. Gorés,ח' גורס,,,no,,,31.754392,35.194502,geojson_point,,,,,jer_baqa,2.544,,jer_baqa:2.544;ramat_rahel:2.815,cistern;tomb;cave;wall;settlement_ruin;rock_cut,,,Byzantine,no,no,,"Amos Kloner, ASI Map of Bet Lehem, Survey of Jerusalem The Southern Sector (105), site 22; survey.iaa.org.il record 7436; printed page not given online",https://survey.iaa.org.il/#/MapSurvey/51/site/7436
51,105,"Bet Lehem, Survey of Jerusalem The Southern Sector",23,7442,Naḥal Reḥavya,נחל רחביה,,,no,,,31.759984,35.197351,geojson_point,,,,,jer_baqa,2.221,,jer_baqa:2.221,tomb;cave;wall;rock_cut,cistern,,Herodian,yes,no,,"Amos Kloner, ASI Map of Bet Lehem, Survey of Jerusalem The Southern Sector (105), site 23; survey.iaa.org.il record 7442; printed page not given online",https://survey.iaa.org.il/#/MapSurvey/51/site/7442
51,105,"Bet Lehem, Survey of Jerusalem The Southern Sector",24,7445,Giv'at Ha-weradim,גבעת הורדים,,,no,,,31.760976,35.199884,geojson_point,,,,,jer_baqa,1.990,,jer_baqa:1.990;ramat_rahel:2.951;mount_zion:2.965,tomb;cave;rock_cut,cistern,,,unknown,no,,"Amos Kloner, ASI Map of Bet Lehem, Survey of Jerusalem The Southern Sector (105), site 24; survey.iaa.org.il record 7445; printed page not given online",https://survey.iaa.org.il/#/MapSurvey/51/site/7445
51,105,"Bet Lehem, Survey of Jerusalem The Southern Sector",25,7449,Gonen,גונן,,,no,,,31.760887,35.209067,geojson_point,,,,,jer_baqa,1.127,,jer_baqa:1.127;mount_zion:2.203;ramat_rahel:2.506;jer_bir_ayyub:2.640;jer_siloam:2.758;jer_tyropoeon:2.975,tomb;cave;building;wall;pit;inscription,cistern,,Hasmonean;Herodian,yes,no,,"Amos Kloner, ASI Map of Bet Lehem, Survey of Jerusalem The Southern Sector (105), site 25; survey.iaa.org.il record 7449; printed page not given online",https://survey.iaa.org.il/#/MapSurvey/51/site/7449
51,105,"Bet Lehem, Survey of Jerusalem The Southern Sector",43,7586,Naḥal Refa'im,נחל רפאים,,,no,,,31.746997,35.193131,geojson_point,,,,,ramat_rahel,2.566,,ramat_rahel:2.566;jer_baqa:2.947,tomb;cave;rock_cut,cistern,,,unknown,no,,"Amos Kloner, ASI Map of Bet Lehem, Survey of Jerusalem The Southern Sector (105), site 43; survey.iaa.org.il record 7586; printed page not given online",https://survey.iaa.org.il/#/MapSurvey/51/site/7586
51,105,"Bet Lehem, Survey of Jerusalem The Southern Sector",44,7587,Beit Ṣafafa (M) (west),בית צפאפא (מערב),,,no,,,31.745103,35.194820,geojson_point,,,,,ramat_rahel,2.355,,ramat_rahel:2.355;jer_baqa:2.914,cistern;reservoir;tomb;wall;settlement_ruin;road;pit;rock_cut,cave,,first century BCE;second century CE;iron;late Second Temple;Bar Kokhba;Byzantine;Second Temple,yes,no,,"Amos Kloner, ASI Map of Bet Lehem, Survey of Jerusalem The Southern Sector (105), site 44; survey.iaa.org.il record 7587; printed page not given online",https://survey.iaa.org.il/#/MapSurvey/51/site/7587
51,105,"Bet Lehem, Survey of Jerusalem The Southern Sector",45,7588,Naḥal Refa'im,נחל רפאים,,,no,,,31.749071,35.195030,geojson_point,,,,,ramat_rahel,2.480,,ramat_rahel:2.480;jer_baqa:2.685,tomb;cave;wall;rock_cut,cistern;spring_well,,,unknown,no,,"Amos Kloner, ASI Map of Bet Lehem, Survey of Jerusalem The Southern Sector (105), site 45; survey.iaa.org.il record 7588; printed page not given online",https://survey.iaa.org.il/#/MapSurvey/51/site/7588
51,105,"Bet Lehem, Survey of Jerusalem The Southern Sector",46,7589,Naḥal Refa'im,נחל רפאים,,,no,,,31.746907,35.195347,geojson_point,,,,,ramat_rahel,2.364,,ramat_rahel:2.364;jer_baqa:2.768,cistern;conduit;tomb;cave;wall;settlement_ruin;rock_cut,,,,unknown,no,,"Amos Kloner, ASI Map of Bet Lehem, Survey of Jerusalem The Southern Sector (105), site 46; survey.iaa.org.il record 7589; printed page not given online",https://survey.iaa.org.il/#/MapSurvey/51/site/7589
51,105,"Bet Lehem, Survey of Jerusalem The Southern Sector",47,7590,Kh. Sheibun (M),ח' שיבון,,,no,,,31.752228,35.199040,geojson_point,,,,,jer_baqa,2.199,,jer_baqa:2.199;ramat_rahel:2.326,pool;settlement_ruin;pit;rock_cut,cistern,,Roman,overlaps,no,,"Amos Kloner, ASI Map of Bet Lehem, Survey of Jerusalem The Southern Sector (105), site 47; survey.iaa.org.il record 7590; printed page not given online",https://survey.iaa.org.il/#/MapSurvey/51/site/7590
51,105,"Bet Lehem, Survey of Jerusalem The Southern Sector",48,7591,Beit Ṣafafa (M),בית צפאפא,,,no,,,31.750785,35.199463,geojson_point,,,,,ramat_rahel,2.202,,ramat_rahel:2.202;jer_baqa:2.224,tomb;building;wall;mosaic;inscription,cistern;cave;spring_well,,Byzantine,no,no,,"Amos Kloner, ASI Map of Bet Lehem, Survey of Jerusalem The Southern Sector (105), site 48; survey.iaa.org.il record 7591; printed page not given online",https://survey.iaa.org.il/#/MapSurvey/51/site/7591
51,105,"Bet Lehem, Survey of Jerusalem The Southern Sector",49,7592,Beit Ṣafafa (M),בית צפאפא,,,no,,,31.745916,35.200097,geojson_point,,,,,ramat_rahel,1.904,,ramat_rahel:1.904;jer_baqa:2.452,cistern;reservoir;tomb;cave;building;fortress;settlement_ruin;cairn;pit;winepress;installation,,,Crusader;Mameluke;Roman;Byzantine;Iron Age,overlaps,no,,"Amos Kloner, ASI Map of Bet Lehem, Survey of Jerusalem The Southern Sector (105), site 49; survey.iaa.org.il record 7592; printed page not given online",https://survey.iaa.org.il/#/MapSurvey/51/site/7592
51,105,"Bet Lehem, Survey of Jerusalem The Southern Sector",83,7800,Gillo,גלה,,,no,,,31.736084,35.188701,geojson_point,,,,,ramat_rahel,2.897,,ramat_rahel:2.897,wall;winepress;rock_cut,cistern,,,unknown,no,,"Amos Kloner, ASI Map of Bet Lehem, Survey of Jerusalem The Southern Sector (105), site 83; survey.iaa.org.il record 7800; printed page not given online",https://survey.iaa.org.il/#/MapSurvey/51/site/7800
51,105,"Bet Lehem, Survey of Jerusalem The Southern Sector",84,7801,Shrafat (M) (south),שרפת (דרום),,,no,,,31.741946,35.189227,geojson_point,,,,,ramat_rahel,2.823,,ramat_rahel:2.823,wall;kiln,cave,,,unknown,no,,"Amos Kloner, ASI Map of Bet Lehem, Survey of Jerusalem The Southern Sector (105), site 84; survey.iaa.org.il record 7801; printed page not given online",https://survey.iaa.org.il/#/MapSurvey/51/site/7801
51,105,"Bet Lehem, Survey of Jerusalem The Southern Sector",85,7803,"Gillo, Ha-Ẓipporen St.","גלה, רחוב הצפרן",,,no,,,31.737076,35.191128,geojson_point,,,,,ramat_rahel,2.655,,ramat_rahel:2.655,reservoir;tomb;cave;dovecote;wall;winepress;rock_cut,cistern,,,unknown,no,,"Amos Kloner, ASI Map of Bet Lehem, Survey of Jerusalem The Southern Sector (105), site 85; survey.iaa.org.il record 7803; printed page not given online",https://survey.iaa.org.il/#/MapSurvey/51/site/7803
51,105,"Bet Lehem, Survey of Jerusalem The Southern Sector",86,7804,Gillo,גלה,,,no,,,31.739782,35.192183,geojson_point,,,,,ramat_rahel,2.535,,ramat_rahel:2.535,cave;winepress;threshing_floor;rock_cut,cistern,,,unknown,no,,"Amos Kloner, ASI Map of Bet Lehem, Survey of Jerusalem The Southern Sector (105), site 86; survey.iaa.org.il record 7804; printed page not given online",https://survey.iaa.org.il/#/MapSurvey/51/site/7804
51,105,"Bet Lehem, Survey of Jerusalem The Southern Sector",87,7805,Shrafat (M) (south),שרפת (דרום),,,no,,,31.742848,35.192182,geojson_point,,,,,ramat_rahel,2.555,,ramat_rahel:2.555,cistern;pool;cave;dovecote;installation;rock_cut,,,,unknown,no,,"Amos Kloner, ASI Map of Bet Lehem, Survey of Jerusalem The Southern Sector (105), site 87; survey.iaa.org.il record 7805; printed page not given online",https://survey.iaa.org.il/#/MapSurvey/51/site/7805
51,105,"Bet Lehem, Survey of Jerusalem The Southern Sector",88,7806,Gillo,גלה,,,no,,,31.738791,35.199359,geojson_point,,,,,ramat_rahel,1.861,,ramat_rahel:1.861,winepress;rock_cut,cistern,,,unknown,no,,"Amos Kloner, ASI Map of Bet Lehem, Survey of Jerusalem The Southern Sector (105), site 88; survey.iaa.org.il record 7806; printed page not given online",https://survey.iaa.org.il/#/MapSurvey/51/site/7806
51,105,"Bet Lehem, Survey of Jerusalem The Southern Sector",89,7807,Gillo,גלה,,,no,,,31.736085,35.199887,geojson_point,,,,,ramat_rahel,1.858,,ramat_rahel:1.858,tomb;cave;steps;rock_cut,cistern,,,unknown,no,,"Amos Kloner, ASI Map of Bet Lehem, Survey of Jerusalem The Southern Sector (105), site 89; survey.iaa.org.il record 7807; printed page not given online",https://survey.iaa.org.il/#/MapSurvey/51/site/7807
51,105,"Bet Lehem, Survey of Jerusalem The Southern Sector",90,7808,Qaṣr ‘Uweis (M),קצר עויס,,,no,,,31.738791,35.200203,geojson_point,,,,,ramat_rahel,1.782,,ramat_rahel:1.782;jer_baqa:2.989,cistern;tomb;wall;road;winepress;mosaic,,,Byzantine;Medieval,no,no,,"Amos Kloner, ASI Map of Bet Lehem, Survey of Jerusalem The Southern Sector (105), site 90; survey.iaa.org.il record 7808; printed page not given online",https://survey.iaa.org.il/#/MapSurvey/51/site/7808
51,105,"Bet Lehem, Survey of Jerusalem The Southern Sector",91,7879,Beit Ṣafafa (M) (south),בית צפאפא (דרום),,,no,,,31.738881,35.202419,geojson_point,,,,,ramat_rahel,1.572,,ramat_rahel:1.572;jer_baqa:2.849,reservoir;tomb;cave;pit;rock_cut,cistern,,,unknown,no,,"Amos Kloner, ASI Map of Bet Lehem, Survey of Jerusalem The Southern Sector (105), site 91; survey.iaa.org.il record 7879; printed page not given online",https://survey.iaa.org.il/#/MapSurvey/51/site/7879
51,105,"Bet Lehem, Survey of Jerusalem The Southern Sector",92,7880,Gillo,גלה,,,no,,,31.735905,35.202736,geojson_point,,,,,ramat_rahel,1.603,,ramat_rahel:1.603,cistern;tomb;cave;rock_cut,,,,unknown,no,,"Amos Kloner, ASI Map of Bet Lehem, Survey of Jerusalem The Southern Sector (105), site 92; survey.iaa.org.il record 7880; printed page not given online",https://survey.iaa.org.il/#/MapSurvey/51/site/7880
51,105,"Bet Lehem, Survey of Jerusalem The Southern Sector",93,7881,Kh.Ṭabaliya (M),ח' טבליה,,,no,,,31.738070,35.207168,geojson_point,,,,,ramat_rahel,1.138,,ramat_rahel:1.138;jer_baqa:2.678,conduit;tomb;building;fortress;wall;settlement_ruin;pit;quarry;terrace;rock_cut,cistern;cave,,Byzantine;Mameluke;Herodian;Roman,yes,no,,"Amos Kloner, ASI Map of Bet Lehem, Survey of Jerusalem The Southern Sector (105), site 93; survey.iaa.org.il record 7881; printed page not given online",https://survey.iaa.org.il/#/MapSurvey/51/site/7881
51,105,"Bet Lehem, Survey of Jerusalem The Southern Sector",94,7882,Kh.Ṭabaliya (M) (northwest),ח' טבליה (צפון-מערב),,,no,,,31.740144,35.206218,geojson_point,,,,,ramat_rahel,1.208,,ramat_rahel:1.208;jer_baqa:2.526,pool;conduit;settlement_ruin;road;rock_cut,cave,,,unknown,no,,"Amos Kloner, ASI Map of Bet Lehem, Survey of Jerusalem The Southern Sector (105), site 94; survey.iaa.org.il record 7882; printed page not given online",https://survey.iaa.org.il/#/MapSurvey/51/site/7882
51,105,"Bet Lehem, Survey of Jerusalem The Southern Sector",95,7883,Beit Ṣafafa (M) (east),בית צפאפא (מזרח),,9-7/4,yes,219958,627677,31.741704,35.209735,nig_epsg2039,31.741768,35.209806,9.8,ok,ramat_rahel,0.896,ramat_rahel:0.896,ramat_rahel:0.896;jer_baqa:2.207,cistern;tomb;cave;steps;wall;pit;rock_cut,,"Herodian,Byzantine",Herodian;Second Temple;Byzantine,yes,no,"Large, imposing rock-hewn Herodian burial cave on moderate slope: rectangular ante-chamber (4x10","Amos Kloner, ASI Map of Bet Lehem, Survey of Jerusalem The Southern Sector (105), site 95; survey.iaa.org.il record 7883; printed page not given online",https://survey.iaa.org.il/#/MapSurvey/51/site/7883
51,105,"Bet Lehem, Survey of Jerusalem The Southern Sector",128,7945,Gillo,גלה,,,no,,,31.735362,35.188174,geojson_point,,,,,ramat_rahel,2.959,,ramat_rahel:2.959,tomb;cave;building;tower;wall;settlement_ruin;winepress;rock_cut,cistern,,Herodian,yes,no,,"Amos Kloner, ASI Map of Bet Lehem, Survey of Jerusalem The Southern Sector (105), site 128; survey.iaa.org.il record 7945; printed page not given online",https://survey.iaa.org.il/#/MapSurvey/51/site/7945
51,105,"Bet Lehem, Survey of Jerusalem The Southern Sector",131,7951,Sheluḥat Refa’im,שלוחת רפאים,,,no,,,31.730583,35.190707,geojson_point,,,,,ramat_rahel,2.872,,ramat_rahel:2.872,wall;terrace;kiln,,,modern,no,no,,"Amos Kloner, ASI Map of Bet Lehem, Survey of Jerusalem The Southern Sector (105), site 131; survey.iaa.org.il record 7951; printed page not given online",https://survey.iaa.org.il/#/MapSurvey/51/site/7951
51,105,"Bet Lehem, Survey of Jerusalem The Southern Sector",132,7952,Gillo,גלה,,,no,,,31.732747,35.191340,geojson_point,,,,,ramat_rahel,2.736,,ramat_rahel:2.736,cave;installation;rock_cut,,,,unknown,no,,"Amos Kloner, ASI Map of Bet Lehem, Survey of Jerusalem The Southern Sector (105), site 132; survey.iaa.org.il record 7952; printed page not given online",https://survey.iaa.org.il/#/MapSurvey/51/site/7952
51,105,"Bet Lehem, Survey of Jerusalem The Southern Sector",133,7953,Gillo,גלה,,,no,,,31.735363,35.191550,geojson_point,,,,,ramat_rahel,2.645,,ramat_rahel:2.645,reservoir,,,,unknown,no,,"Amos Kloner, ASI Map of Bet Lehem, Survey of Jerusalem The Southern Sector (105), site 133; survey.iaa.org.il record 7953; printed page not given online",https://survey.iaa.org.il/#/MapSurvey/51/site/7953
51,105,"Bet Lehem, Survey of Jerusalem The Southern Sector",134,7954,Gillo,גלה,,,no,,,31.734010,35.191656,geojson_point,,,,,ramat_rahel,2.669,,ramat_rahel:2.669,cistern;winepress;rock_cut,,,,unknown,no,,"Amos Kloner, ASI Map of Bet Lehem, Survey of Jerusalem The Southern Sector (105), site 134; survey.iaa.org.il record 7954; printed page not given online",https://survey.iaa.org.il/#/MapSurvey/51/site/7954
51,105,"Bet Lehem, Survey of Jerusalem The Southern Sector",135,7955,Sheluḥat Refa’im,שלוחת רפאים,,,no,,,31.727246,35.191658,geojson_point,,,,,ramat_rahel,2.948,,ramat_rahel:2.948,conduit;tower;steps;winepress;mosaic;rock_cut,cistern;cave,,,unknown,no,,"Amos Kloner, ASI Map of Bet Lehem, Survey of Jerusalem The Southern Sector (105), site 135; survey.iaa.org.il record 7955; printed page not given online",https://survey.iaa.org.il/#/MapSurvey/51/site/7955
51,105,"Bet Lehem, Survey of Jerusalem The Southern Sector",136,7956,Gillo,גלה,,,no,,,31.733830,35.193239,geojson_point,,,,,ramat_rahel,2.530,,ramat_rahel:2.530,tomb;cave;pit;rock_cut,cistern,,Herodian,yes,no,,"Amos Kloner, ASI Map of Bet Lehem, Survey of Jerusalem The Southern Sector (105), site 136; survey.iaa.org.il record 7956; printed page not given online",https://survey.iaa.org.il/#/MapSurvey/51/site/7956
51,105,"Bet Lehem, Survey of Jerusalem The Southern Sector",137,7957,Sheluḥat Refa’im,שלוחת רפאים,,,no,,,31.727697,35.193240,geojson_point,,,,,ramat_rahel,2.793,,ramat_rahel:2.793,tower,,,,unknown,no,,"Amos Kloner, ASI Map of Bet Lehem, Survey of Jerusalem The Southern Sector (105), site 137; survey.iaa.org.il record 7957; printed page not given online",https://survey.iaa.org.il/#/MapSurvey/51/site/7957
51,105,"Bet Lehem, Survey of Jerusalem The Southern Sector",138,7958,Sheluḥat Refa’im,שלוחת רפאים,,,no,,,31.726796,35.194718,geojson_point,,,,,ramat_rahel,2.724,,ramat_rahel:2.724,reservoir;tower;steps;winepress;rock_cut,cistern;cave,,,unknown,no,,"Amos Kloner, ASI Map of Bet Lehem, Survey of Jerusalem The Southern Sector (105), site 138; survey.iaa.org.il record 7958; printed page not given online",https://survey.iaa.org.il/#/MapSurvey/51/site/7958
51,105,"Bet Lehem, Survey of Jerusalem The Southern Sector",139,7959,Sheluḥat Refa’im,שלוחת רפאים,,,no,,,31.727878,35.195351,geojson_point,,,,,ramat_rahel,2.610,,ramat_rahel:2.610,cave;quarry;rock_cut,,,,unknown,no,,"Amos Kloner, ASI Map of Bet Lehem, Survey of Jerusalem The Southern Sector (105), site 139; survey.iaa.org.il record 7959; printed page not given online",https://survey.iaa.org.il/#/MapSurvey/51/site/7959
51,105,"Bet Lehem, Survey of Jerusalem The Southern Sector",140,7960,Sheluḥat Refa’im,שלוחת רפאים,,,no,,,31.730223,35.197250,geojson_point,,,,,ramat_rahel,2.325,,ramat_rahel:2.325,cistern;tomb;cave;wall;winepress;terrace;rock_cut,,,Second Temple,overlaps,no,,"Amos Kloner, ASI Map of Bet Lehem, Survey of Jerusalem The Southern Sector (105), site 140; survey.iaa.org.il record 7960; printed page not given online",https://survey.iaa.org.il/#/MapSurvey/51/site/7960
51,105,"Bet Lehem, Survey of Jerusalem The Southern Sector",141,7961,Deir Ṭanṭura (M),דיר טנטורה,,,no,,,31.729051,35.203264,geojson_point,,,,,ramat_rahel,1.921,,ramat_rahel:1.921,cistern;tower;quarry;winepress;installation,,,Herodian;Byzantine,yes,no,,"Amos Kloner, ASI Map of Bet Lehem, Survey of Jerusalem The Southern Sector (105), site 141; survey.iaa.org.il record 7961; printed page not given online",https://survey.iaa.org.il/#/MapSurvey/51/site/7961
51,105,"Bet Lehem, Survey of Jerusalem The Southern Sector",142,7962,Giv'at Ḥoma (west),גבעת חומה (מערב),,,no,,,31.728600,35.206852,geojson_point,,,,,ramat_rahel,1.709,,ramat_rahel:1.709,conduit;terrace,cave,,Hasmonean;Herodian,yes,no,,"Amos Kloner, ASI Map of Bet Lehem, Survey of Jerusalem The Southern Sector (105), site 142; survey.iaa.org.il record 7962; printed page not given online",https://survey.iaa.org.il/#/MapSurvey/51/site/7962
51,105,"Bet Lehem, Survey of Jerusalem The Southern Sector",143,7963,Giv'at Ha-Arba‘a,גבעת הארבעה,,,no,,,31.732749,35.209173,geojson_point,,,,,ramat_rahel,1.229,,ramat_rahel:1.229,tomb;cave;terrace;rock_cut,cistern,,,unknown,no,,"Amos Kloner, ASI Map of Bet Lehem, Survey of Jerusalem The Southern Sector (105), site 143; survey.iaa.org.il record 7963; printed page not given online",https://survey.iaa.org.il/#/MapSurvey/51/site/7963
51,105,"Bet Lehem, Survey of Jerusalem The Southern Sector",144,7964,Giv‘at Ha-Arba‘a,גבעת הארבעה,,,no,,,31.731126,35.209596,geojson_point,,,,,ramat_rahel,1.327,,ramat_rahel:1.327,conduit;wall;winepress;terrace;rock_cut,cistern;cave,,,unknown,no,,"Amos Kloner, ASI Map of Bet Lehem, Survey of Jerusalem The Southern Sector (105), site 144; survey.iaa.org.il record 7964; printed page not given online",https://survey.iaa.org.il/#/MapSurvey/51/site/7964
51,105,"Bet Lehem, Survey of Jerusalem The Southern Sector",152,7972,Kh. el Khamis (S) (M),ח' אל-ח'מיס,,,no,,,31.722828,35.196090,geojson_point,,,,,ramat_rahel,2.887,,ramat_rahel:2.887,cistern;tomb;cave;building;wall;settlement_ruin;pit;winepress;mosaic;rock_cut,,,Byzantine;Late Roman;Iron Age,no,no,,"Amos Kloner, ASI Map of Bet Lehem, Survey of Jerusalem The Southern Sector (105), site 152; survey.iaa.org.il record 7972; printed page not given online",https://survey.iaa.org.il/#/MapSurvey/51/site/7972
51,105,"Bet Lehem, Survey of Jerusalem The Southern Sector",153,7973,Jerusalem-Bet Leḥem Road (west),כביש ירושלים-בית לחם (מערב),,,no,,,31.725173,35.199783,geojson_point,,,,,ramat_rahel,2.452,,ramat_rahel:2.452,cistern;tower;road;terrace;kiln;rock_cut,,,,unknown,no,,"Amos Kloner, ASI Map of Bet Lehem, Survey of Jerusalem The Southern Sector (105), site 153; survey.iaa.org.il record 7973; printed page not given online",https://survey.iaa.org.il/#/MapSurvey/51/site/7973
52,108/2,Herodium,1,7219,,,,,no,,,31.670701,35.213288,geojson_point,,,,,tekoa_herodium,2.677,,tekoa_herodium:2.677,winepress;rock_cut,cistern,,,unknown,no,,"Yizhar Hirschfeld, ASI Map of Herodium (108/2), site 1; survey.iaa.org.il record 7219; printed page not given online",https://survey.iaa.org.il/#/MapSurvey/52/site/7219
52,108/2,Herodium,2,7220,Kh. Bad Faluh,ח' בד פלוח,,,no,,,31.667995,35.220669,geojson_point,,,,,tekoa_herodium,2.142,,tekoa_herodium:2.142;natuf:2.976,building;settlement_ruin,,,,unknown,no,,"Yizhar Hirschfeld, ASI Map of Herodium (108/2), site 2; survey.iaa.org.il record 7220; printed page not given online",https://survey.iaa.org.il/#/MapSurvey/52/site/7220
52,108/2,Herodium,3,7221,,,,,no,,,31.671602,35.229106,geojson_point,,,,,tekoa_herodium,2.488,,tekoa_herodium:2.488,winepress;rock_cut,cistern,,,unknown,no,,"Yizhar Hirschfeld, ASI Map of Herodium (108/2), site 3; survey.iaa.org.il record 7221; printed page not given online",https://survey.iaa.org.il/#/MapSurvey/52/site/7221
52,108/2,Herodium,4,7241,Tel Hordus,הר הורדוס,,,no,,,31.666188,35.240704,geojson_point,,,,,tekoa_herodium,2.313,,tekoa_herodium:2.313;natuf:2.478,mound,,,,unknown,no,,"Yizhar Hirschfeld, ASI Map of Herodium (108/2), site 4; survey.iaa.org.il record 7241; printed page not given online",https://survey.iaa.org.il/#/MapSurvey/52/site/7241
52,108/2,Herodium,8,7246,,ארק אל אחמר,,,no,,,31.659876,35.235430,geojson_point,,,,,tekoa_herodium,1.452,,tekoa_herodium:1.452;natuf:1.725,tomb,cistern;cave;spring_well,,Palaeolithic,no,no,,"Yizhar Hirschfeld, ASI Map of Herodium (108/2), site 8; survey.iaa.org.il record 7246; printed page not given online",https://survey.iaa.org.il/#/MapSurvey/52/site/7246
52,108/2,Herodium,9,7264,Umm Qula'a,אום קלאע,,,no,,,31.655366,35.238592,geojson_point,,,,,natuf,1.260,,natuf:1.260;tekoa_herodium:1.338,,cistern,,Chalcolithic,no,no,,"Yizhar Hirschfeld, ASI Map of Herodium (108/2), site 9; survey.iaa.org.il record 7264; printed page not given online",https://survey.iaa.org.il/#/MapSurvey/52/site/7264
52,108/2,Herodium,10,7318,,,,,no,,,31.655366,35.239647,geojson_point,,,,,natuf,1.287,,natuf:1.287;tekoa_herodium:1.425,building;wall,cave,,Herodian;Roman,yes,no,,"Yizhar Hirschfeld, ASI Map of Herodium (108/2), site 10; survey.iaa.org.il record 7318; printed page not given online",https://survey.iaa.org.il/#/MapSurvey/52/site/7318
52,108/2,Herodium,11,7324,,,,,no,,,31.658974,35.239648,geojson_point,,,,,tekoa_herodium,1.652,,tekoa_herodium:1.652;natuf:1.673,building,,,,unknown,no,,"Yizhar Hirschfeld, ASI Map of Herodium (108/2), site 11; survey.iaa.org.il record 7324; printed page not given online",https://survey.iaa.org.il/#/MapSurvey/52/site/7324
52,108/2,Herodium,12,7327,,,,,no,,,31.656264,35.255462,geojson_point,,,,,natuf,2.312,,natuf:2.312;tekoa_herodium:2.861,road,,,,unknown,no,,"Yizhar Hirschfeld, ASI Map of Herodium (108/2), site 12; survey.iaa.org.il record 7327; printed page not given online",https://survey.iaa.org.il/#/MapSurvey/52/site/7327
52,108/2,Herodium,16,7359,Kh. ed-Deir (M),ח' א-דיר,,,no,,,31.651762,35.212233,geojson_point,,,,,tekoa_herodium,1.363,,tekoa_herodium:1.363;natuf:2.345,settlement_ruin,,,,unknown,no,,"Yizhar Hirschfeld, ASI Map of Herodium (108/2), site 16; survey.iaa.org.il record 7359; printed page not given online",https://survey.iaa.org.il/#/MapSurvey/52/site/7359
52,108/2,Herodium,17,7366,Kh. Khureitun (M),ח' חריטון,Kh. el-Khureitun (S),17-11/27/1,yes,222589,617197,31.647185,35.237467,nig_epsg2039,31.647250,35.237536,9.7,ok,natuf,0.369,natuf:0.369,natuf:0.369;tekoa_herodium:1.079,cistern;pool;reservoir;conduit;spring_well;tomb;cave;building;tower;wall;settlement_ruin;installation;terrace;mosaic;inscription;rock_cut,,"Byzantine,Arab ,Early Arab,Middle Ages,Crusader,Mamluk",Byzantine;modern;Crusader;Mamluk,no,no,Identified as Monastery of Chariton. Remains of a Byzantine monastery above the,"Yizhar Hirschfeld, ASI Map of Herodium (108/2), site 17; survey.iaa.org.il record 7366; printed page not given online",https://survey.iaa.org.il/#/MapSurvey/52/site/7366
52,108/2,Herodium,18,7375,Umm Qatafa,אם קטפה,,17-11/27/2,yes,222889,617297,31.648086,35.240630,nig_epsg2039,31.648151,35.240699,9.7,ok,natuf,0.643,natuf:0.643,natuf:0.643;tekoa_herodium:1.359,cave;building;rock_cut,cistern,"Acheulian culture,Chalcolithic,Ghassulian (culture)",Chalcolithic,no,no,"Large cave on the eastern bank of Nahal Teqo'a, opposite the Chariton","Yizhar Hirschfeld, ASI Map of Herodium (108/2), site 18; survey.iaa.org.il record 7375; printed page not given online",https://survey.iaa.org.il/#/MapSurvey/52/site/7375
52,108/2,Herodium,19,7376,,,,,no,,,31.650856,35.242808,geojson_point,,,,,natuf,1.005,,natuf:1.005;tekoa_herodium:1.567,wall,cave,,Byzantine,no,no,,"Yizhar Hirschfeld, ASI Map of Herodium (108/2), site 19; survey.iaa.org.il record 7376; printed page not given online",https://survey.iaa.org.il/#/MapSurvey/52/site/7376
52,108/2,Herodium,26,7383,,,,17-11/26/1,yes,222489,616497,31.640873,35.236410,nig_epsg2039,31.640937,35.236480,9.7,ok,natuf,0.399,natuf:0.399,natuf:0.399;tekoa_herodium:1.340,cistern;reservoir;conduit;spring_well;cave;building;steps;wall;mound;quarry;rock_cut,pool;tomb,Byzantine,Byzantine,no,no,"Identified as the ""Hanging Cave"" of Chariton. The niche identified as the","Yizhar Hirschfeld, ASI Map of Herodium (108/2), site 26; survey.iaa.org.il record 7383; printed page not given online",https://survey.iaa.org.il/#/MapSurvey/52/site/7383
52,108/2,Herodium,27,7384,,,,17-11/26/2,yes,222389,616797,31.643578,35.235357,nig_epsg2039,31.643643,35.235426,9.7,ok,natuf,0.087,natuf:0.087,natuf:0.087;tekoa_herodium:1.067,cistern;pool;conduit;spring_well;cave;building;wall;terrace,,,Byzantine,no,no,"On the slope between the Chariton monastery and the ""Hanging Cave"", remains","Yizhar Hirschfeld, ASI Map of Herodium (108/2), site 27; survey.iaa.org.il record 7384; printed page not given online",https://survey.iaa.org.il/#/MapSurvey/52/site/7384
52,108/2,Herodium,28,7385,'Ein es-Sakhari (M),עין א-ס'חרי,,,no,,,31.640032,35.248076,geojson_point,,,,,natuf,1.290,,natuf:1.290;tekoa_herodium:2.303,pool;conduit;spring_well;cave;building;inscription;rock_cut,cistern,,Byzantine,no,no,,"Yizhar Hirschfeld, ASI Map of Herodium (108/2), site 28; survey.iaa.org.il record 7385; printed page not given online",https://survey.iaa.org.il/#/MapSurvey/52/site/7385
52,108/2,Herodium,29,7386,,,,,no,,,31.640032,35.248076,geojson_point,,,,,natuf,1.290,,natuf:1.290;tekoa_herodium:2.303,steps;wall;quarry;terrace;inscription;rock_cut,,,Byzantine,no,no,,"Yizhar Hirschfeld, ASI Map of Herodium (108/2), site 29; survey.iaa.org.il record 7386; printed page not given online",https://survey.iaa.org.il/#/MapSurvey/52/site/7386
52,108/2,Herodium,30,7459,Bir el-Khashm (M),ביר אל-ח'שם,,,no,,,31.638225,35.257562,geojson_point,,,,,natuf,2.203,,natuf:2.203,cistern;building,,,Byzantine,no,no,,"Yizhar Hirschfeld, ASI Map of Herodium (108/2), site 30; survey.iaa.org.il record 7459; printed page not given online",https://survey.iaa.org.il/#/MapSurvey/52/site/7459
52,108/2,Herodium,31,7462,,,,,no,,,31.638225,35.257562,geojson_point,,,,,natuf,2.203,,natuf:2.203,tower;wall,,,Byzantine,no,no,,"Yizhar Hirschfeld, ASI Map of Herodium (108/2), site 31; survey.iaa.org.il record 7462; printed page not given online",https://survey.iaa.org.il/#/MapSurvey/52/site/7462
52,108/2,Herodium,32,7497,,,,,no,,,31.637323,35.258616,geojson_point,,,,,natuf,2.330,,natuf:2.330,wall,,,,unknown,no,,"Yizhar Hirschfeld, ASI Map of Herodium (108/2), site 32; survey.iaa.org.il record 7497; printed page not given online",https://survey.iaa.org.il/#/MapSurvey/52/site/7497
52,108/2,Herodium,34,7499,,,,,no,,,31.639124,35.264942,geojson_point,,,,,natuf,2.854,,natuf:2.854,building;fortress;road,,,Iron Age,no,no,,"Yizhar Hirschfeld, ASI Map of Herodium (108/2), site 34; survey.iaa.org.il record 7499; printed page not given online",https://survey.iaa.org.il/#/MapSurvey/52/site/7499
52,108/2,Herodium,37,7502,"Teqo'a, T.",תל תקוע,,,no,,,31.633724,35.211179,geojson_point,,,,,tekoa_herodium,2.254,,tekoa_herodium:2.254;natuf:2.582,cistern;building;mound;settlement_ruin;road,cave,,Byzantine;Iron Age;Hellenistic;Roman;Medieval,overlaps,no,,"Yizhar Hirschfeld, ASI Map of Herodium (108/2), site 37; survey.iaa.org.il record 7502; printed page not given online",https://survey.iaa.org.il/#/MapSurvey/52/site/7502
52,108/2,Herodium,38,7503,,,,,no,,,31.635528,35.212233,geojson_point,,,,,tekoa_herodium,2.037,,tekoa_herodium:2.037;natuf:2.406,wall;mound;oil_press;rock_cut,,,Byzantine;Medieval,no,no,,"Yizhar Hirschfeld, ASI Map of Herodium (108/2), site 38; survey.iaa.org.il record 7503; printed page not given online",https://survey.iaa.org.il/#/MapSurvey/52/site/7503
52,108/2,Herodium,39,7504,Qasr Abu Leimun (M),קצר אבו לימון,,,no,,,31.628312,35.222774,geojson_point,,,,,natuf,2.149,,natuf:2.149;tekoa_herodium:2.364,building;fortress;wall;settlement_ruin,cave;spring_well,,Byzantine;Mamluk,no,no,,"Yizhar Hirschfeld, ASI Map of Herodium (108/2), site 39; survey.iaa.org.il record 7504; printed page not given online",https://survey.iaa.org.il/#/MapSurvey/52/site/7504
52,108/2,Herodium,40,7505,Juwar el-Qasr (M),קצר ענתר,,,no,,,31.627410,35.230152,geojson_point,,,,,natuf,1.950,,natuf:1.950;tekoa_herodium:2.466,tomb;cave;building;wall;rock_cut,cistern;pool,,Byzantine,no,no,,"Yizhar Hirschfeld, ASI Map of Herodium (108/2), site 40; survey.iaa.org.il record 7505; printed page not given online",https://survey.iaa.org.il/#/MapSurvey/52/site/7505
52,108/2,Herodium,41,7506,,,,,no,,,31.633723,35.230153,geojson_point,,,,,natuf,1.284,,natuf:1.284;tekoa_herodium:1.775,building;settlement_ruin,,,,unknown,no,,"Yizhar Hirschfeld, ASI Map of Herodium (108/2), site 41; survey.iaa.org.il record 7506; printed page not given online",https://survey.iaa.org.il/#/MapSurvey/52/site/7506
52,108/2,Herodium,42,7507,,,,,no,,,31.631013,35.250180,geojson_point,,,,,natuf,2.038,,natuf:2.038,,,,,unknown,no,,"Yizhar Hirschfeld, ASI Map of Herodium (108/2), site 42; survey.iaa.org.il record 7507; printed page not given online",https://survey.iaa.org.il/#/MapSurvey/52/site/7507
52,108/2,Herodium,43,7508,,,,,no,,,31.635524,35.244911,geojson_point,,,,,natuf,1.331,,natuf:1.331;tekoa_herodium:2.335,,,,,unknown,no,,"Yizhar Hirschfeld, ASI Map of Herodium (108/2), site 43; survey.iaa.org.il record 7508; printed page not given online",https://survey.iaa.org.il/#/MapSurvey/52/site/7508
52,108/2,Herodium,44,7509,Umm Naqus (M),אום נקוס,,,no,,,31.634620,35.251236,geojson_point,,,,,natuf,1.847,,natuf:1.847;tekoa_herodium:2.869,cave;terrace,,,Palaeolithic,no,no,,"Yizhar Hirschfeld, ASI Map of Herodium (108/2), site 44; survey.iaa.org.il record 7509; printed page not given online",https://survey.iaa.org.il/#/MapSurvey/52/site/7509
52,108/2,Herodium,45,7510,,,,,no,,,31.634620,35.252290,geojson_point,,,,,natuf,1.929,,natuf:1.929;tekoa_herodium:2.952,cave;building;steps;wall;settlement_ruin;rock_cut,cistern;conduit,,Byzantine,no,no,,"Yizhar Hirschfeld, ASI Map of Herodium (108/2), site 45; survey.iaa.org.il record 7510; printed page not given online",https://survey.iaa.org.il/#/MapSurvey/52/site/7510
52,108/2,Herodium,52,7683,,,,,no,,,31.622902,35.217503,geojson_point,,,,,natuf,2.928,,natuf:2.928,winepress;rock_cut,cistern,,,unknown,no,,"Yizhar Hirschfeld, ASI Map of Herodium (108/2), site 52; survey.iaa.org.il record 7683; printed page not given online",https://survey.iaa.org.il/#/MapSurvey/52/site/7683
52,108/2,Herodium,54,7685,,,,,no,,,31.624704,35.230151,geojson_point,,,,,natuf,2.242,,natuf:2.242;tekoa_herodium:2.764,wall;terrace,,,,unknown,no,,"Yizhar Hirschfeld, ASI Map of Herodium (108/2), site 54; survey.iaa.org.il record 7685; printed page not given online",https://survey.iaa.org.il/#/MapSurvey/52/site/7685
52,108/2,Herodium,55,7686,,,,,no,,,31.621998,35.232259,geojson_point,,,,,natuf,2.505,,natuf:2.505,,,,,unknown,no,,"Yizhar Hirschfeld, ASI Map of Herodium (108/2), site 55; survey.iaa.org.il record 7686; printed page not given online",https://survey.iaa.org.il/#/MapSurvey/52/site/7686
52,108/2,Herodium,63,7694,,,,,no,,,31.617488,35.234366,geojson_point,,,,,natuf,2.990,,natuf:2.990,,,,Byzantine,no,no,,"Yizhar Hirschfeld, ASI Map of Herodium (108/2), site 63; survey.iaa.org.il record 7694; printed page not given online",https://survey.iaa.org.il/#/MapSurvey/52/site/7694
53,106,Talpiot - Survey of Jerusalem The Southern Sector,1,8391,G'eulim,גאולים,Baq'a (M),0-9/1,yes,220718,629677,31.759740,35.217758,nig_epsg2039,31.759805,35.217828,9.8,ok,jer_baqa,0.296,jer_baqa:0.296,jer_baqa:0.296;mount_zion:1.677;jer_bir_ayyub:1.913;jer_siloam:2.085;ramat_rahel:2.199;jer_tyropoeon:2.468;jer_kidron_east:2.507;jer_south_wall:2.534;jer_se_corner:2.592;jer_temple:2.646;jer_east_gate:2.797;jer_kidron_mon:2.798;jer_bethesda:2.952;jer_gethsemane:2.998,,,Paleolithic,prehistoric;Paleolithic,no,no,Large prehistoric site — concentration of Paleolithic flint tools — on moderate,"Amos Kloner, ASI Map of Talpiot - Survey of Jerusalem The Southern Sector (106), site 1; survey.iaa.org.il record 8391; printed page not given online",https://survey.iaa.org.il/#/MapSurvey/53/site/8391
53,106,Talpiot - Survey of Jerusalem The Southern Sector,2,8392,Ramat Talpiot,רמת תלפיות,,1-9/16,yes,221588,629387,31.757123,35.226940,nig_epsg2039,31.757188,35.227011,9.8,ok,jer_baqa,0.622,jer_baqa:0.622,jer_baqa:0.622;jer_bir_ayyub:1.410;mount_zion:1.625;jer_siloam:1.684;ramat_rahel:2.048;jer_kidron_east:2.172;jer_south_wall:2.283;jer_tyropoeon:2.310;jer_se_corner:2.342;jer_temple:2.480;jer_kidron_mon:2.500;jer_east_gate:2.598;jer_gethsemane:2.746;jer_bethesda:2.826,reservoir;building;wall;pit;rock_cut,cave;spring_well,Byzantine,Byzantine,no,no,"Byzantine reservoir on upper reaches of slope (near 25 Caspi St., North","Amos Kloner, ASI Map of Talpiot - Survey of Jerusalem The Southern Sector (106), site 2; survey.iaa.org.il record 8392; printed page not given online",https://survey.iaa.org.il/#/MapSurvey/53/site/8392
53,106,Talpiot - Survey of Jerusalem The Southern Sector,3,8393,Ramat Talpiot,רמת תלפיות,,1-9/17-19,yes,221628,629167,31.755139,35.227362,nig_epsg2039,31.755204,35.227433,9.8,ok,jer_baqa,0.764,jer_baqa:0.764,jer_baqa:0.764;jer_bir_ayyub:1.570;mount_zion:1.842;jer_siloam:1.858;ramat_rahel:1.861;jer_kidron_east:2.350;jer_south_wall:2.473;jer_tyropoeon:2.511;jer_se_corner:2.531;jer_temple:2.678;jer_kidron_mon:2.680;jer_east_gate:2.792;jer_gethsemane:2.931,cistern;reservoir;tomb;cave;wall;road;pit;rock_cut,,"Middle Bronze Age,Iron Age II,Hellenistic",MB;Iron II;Hellenistic;Bronze;Iron Age,overlaps,no,"Rock-hewn burial cave with three kokhim , near top of slope descending","Amos Kloner, ASI Map of Talpiot - Survey of Jerusalem The Southern Sector (106), site 3; survey.iaa.org.il record 8393; printed page not given online",https://survey.iaa.org.il/#/MapSurvey/53/site/8393
53,106,Talpiot - Survey of Jerusalem The Southern Sector,4,8394,Naḥal Aẓal,נחל אצל,,"1-9/10, 13",yes,221688,629597,31.759017,35.227996,nig_epsg2039,31.759082,35.228066,9.8,ok,jer_baqa,0.679,jer_baqa:0.679,jer_baqa:0.679;jer_bir_ayyub:1.183;mount_zion:1.408;jer_siloam:1.452;jer_kidron_east:1.940;jer_south_wall:2.050;jer_tyropoeon:2.080;jer_se_corner:2.109;jer_temple:2.248;jer_kidron_mon:2.267;ramat_rahel:2.281;jer_east_gate:2.366;jer_gethsemane:2.513;jer_bethesda:2.596,conduit;tomb;cave;steps;wall;road;pit;rock_cut,cistern,"Hasmonean,Herodian,Byzantine,Ottoman",Hasmonean;Herodian;Byzantine;Ottoman;Second Temple,yes,no,"Segment of the lower aqueduct leading to the Temple compound, used in","Amos Kloner, ASI Map of Talpiot - Survey of Jerusalem The Southern Sector (106), site 4; survey.iaa.org.il record 8394; printed page not given online",https://survey.iaa.org.il/#/MapSurvey/53/site/8394
53,106,Talpiot - Survey of Jerusalem The Southern Sector,5,8395,Naḥal Aẓal,נחל אצל,,1-9/3,yes,221708,629737,31.760280,35.228208,nig_epsg2039,31.760345,35.228278,9.8,ok,jer_baqa,0.709,jer_baqa:0.709,jer_baqa:0.709;jer_bir_ayyub:1.065;mount_zion:1.267;jer_siloam:1.324;jer_kidron_east:1.808;jer_south_wall:1.914;jer_tyropoeon:1.939;jer_se_corner:1.972;jer_temple:2.109;jer_kidron_mon:2.135;jer_east_gate:2.228;jer_gethsemane:2.378;ramat_rahel:2.419;jer_bethesda:2.455,reservoir;rock_cut,,"Herodian,Roman,Byzantine",Herodian;Roman;Byzantine,yes,no,"Rock-hewn, gray-plastered reservoir (6x6 m, 4 m deep) with a square opening,","Amos Kloner, ASI Map of Talpiot - Survey of Jerusalem The Southern Sector (106), site 5; survey.iaa.org.il record 8395; printed page not given online",https://survey.iaa.org.il/#/MapSurvey/53/site/8395
53,106,Talpiot - Survey of Jerusalem The Southern Sector,6,8396,Naḥal Aẓal,נחל אצל,,"1-9/4, 5, 11",yes,221758,629667,31.759648,35.228735,nig_epsg2039,31.759713,35.228805,9.8,ok,jer_baqa,0.750,jer_baqa:0.750,jer_baqa:0.750;jer_bir_ayyub:1.084;mount_zion:1.337;jer_siloam:1.356;jer_kidron_east:1.844;jer_south_wall:1.959;jer_tyropoeon:1.993;jer_se_corner:2.017;jer_temple:2.161;jer_kidron_mon:2.173;jer_east_gate:2.276;ramat_rahel:2.372;jer_gethsemane:2.420;jer_bethesda:2.509,tomb;cave;rock_cut,cistern,Herodian,Herodian,yes,no,"Two rock-hewn Herodian burial caves, 30 m apart, on slope near main","Amos Kloner, ASI Map of Talpiot - Survey of Jerusalem The Southern Sector (106), site 6; survey.iaa.org.il record 8396; printed page not given online",https://survey.iaa.org.il/#/MapSurvey/53/site/8396
53,106,Talpiot - Survey of Jerusalem The Southern Sector,7,8397,Naḥal Aẓal,נחל אצל,,"1-9/1, 2",yes,221868,629807,31.760910,35.229897,nig_epsg2039,31.760976,35.229967,9.8,ok,jer_baqa,0.880,jer_baqa:0.880;jer_bir_ayyub:0.906,jer_baqa:0.880;jer_bir_ayyub:0.906;jer_siloam:1.179;mount_zion:1.203;jer_kidron_east:1.669;jer_south_wall:1.788;jer_tyropoeon:1.830;jer_se_corner:1.846;jer_temple:1.996;jer_kidron_mon:1.998;jer_east_gate:2.107;jer_gethsemane:2.247;jer_bethesda:2.345;ramat_rahel:2.545,tomb;cave;wall;rock_cut,cistern,"Herodian,Roman",Herodian;Roman,yes,no,Rock-hewn cave on E slope near N branch of Naḥal Aẓal. The,"Amos Kloner, ASI Map of Talpiot - Survey of Jerusalem The Southern Sector (106), site 7; survey.iaa.org.il record 8397; printed page not given online",https://survey.iaa.org.il/#/MapSurvey/53/site/8397
53,106,Talpiot - Survey of Jerusalem The Southern Sector,8,8398,Naḥal Aẓal,נחל אצל,,"1-9/6-9, 12, 14, 15",yes,221938,629507,31.758205,35.230635,nig_epsg2039,31.758270,35.230705,9.8,ok,jer_baqa,0.934,jer_baqa:0.934,jer_baqa:0.934;jer_bir_ayyub:1.121;jer_siloam:1.420;mount_zion:1.509;jer_kidron_east:1.913;jer_south_wall:2.051;jer_se_corner:2.108;jer_tyropoeon:2.112;jer_kidron_mon:2.245;jer_temple:2.273;ramat_rahel:2.305;jer_east_gate:2.376;jer_gethsemane:2.501;jer_bethesda:2.624,tomb;cave;pit;rock_cut,cistern,Herodian,Herodian,yes,no,Rock-hewn caves — most of them used for burial — on slope,"Amos Kloner, ASI Map of Talpiot - Survey of Jerusalem The Southern Sector (106), site 8; survey.iaa.org.il record 8398; printed page not given online",https://survey.iaa.org.il/#/MapSurvey/53/site/8398
53,106,Talpiot - Survey of Jerusalem The Southern Sector,9,8399,Naḥal Aẓal,נחל אצל,,,no,,,31.757819,35.231549,geojson_point,,,,,jer_baqa,1.025,,jer_baqa:1.025;jer_bir_ayyub:1.124;jer_siloam:1.431;mount_zion:1.565;jer_kidron_east:1.924;jer_south_wall:2.071;jer_se_corner:2.127;jer_tyropoeon:2.142;jer_kidron_mon:2.256;jer_temple:2.300;ramat_rahel:2.311;jer_east_gate:2.398;jer_gethsemane:2.515;jer_bethesda:2.652,tomb;cave;rock_cut,cistern,,,unknown,no,,"Amos Kloner, ASI Map of Talpiot - Survey of Jerusalem The Southern Sector (106), site 9; survey.iaa.org.il record 8399; printed page not given online",https://survey.iaa.org.il/#/MapSurvey/53/site/8399
53,106,Talpiot - Survey of Jerusalem The Southern Sector,10,8400,Naḥal Aẓal,נחל אצל,,,no,,,31.758360,35.231972,geojson_point,,,,,jer_bir_ayyub,1.054,,jer_bir_ayyub:1.054;jer_baqa:1.058;jer_siloam:1.362;mount_zion:1.514;jer_kidron_east:1.854;jer_south_wall:2.003;jer_se_corner:2.059;jer_tyropoeon:2.078;jer_kidron_mon:2.186;jer_temple:2.234;jer_east_gate:2.331;ramat_rahel:2.383;jer_gethsemane:2.446;jer_bethesda:2.587,tomb;cave;wall;pit;rock_cut,cistern,,Hasmonean;Herodian,yes,no,,"Amos Kloner, ASI Map of Talpiot - Survey of Jerusalem The Southern Sector (106), site 10; survey.iaa.org.il record 8400; printed page not given online",https://survey.iaa.org.il/#/MapSurvey/53/site/8400
53,106,Talpiot - Survey of Jerusalem The Southern Sector,11,8401,Naḥal Aẓal,נחל אצל,,"2-9/16, 36",yes,222088,629597,31.759016,35.232218,nig_epsg2039,31.759082,35.232289,9.8,ok,jer_bir_ayyub,0.977,jer_bir_ayyub:0.977,jer_bir_ayyub:0.977;jer_baqa:1.078;jer_siloam:1.285;mount_zion:1.448;jer_kidron_east:1.778;jer_south_wall:1.927;jer_se_corner:1.983;jer_tyropoeon:2.003;jer_kidron_mon:2.109;jer_temple:2.159;jer_east_gate:2.255;jer_gethsemane:2.369;ramat_rahel:2.458;jer_bethesda:2.511,tomb;cave;rock_cut,cistern,,,unknown,no,"Rock-hewn burial cave on slope, near S branch of Naḥal Aẓal, containing","Amos Kloner, ASI Map of Talpiot - Survey of Jerusalem The Southern Sector (106), site 11; survey.iaa.org.il record 8401; printed page not given online",https://survey.iaa.org.il/#/MapSurvey/53/site/8401
53,106,Talpiot - Survey of Jerusalem The Southern Sector,12,8402,Ramat Talpiot,רמת תלפיות,,,no,,,31.754572,35.232288,geojson_point,,,,,jer_baqa,1.199,,jer_baqa:1.199;jer_bir_ayyub:1.447;jer_siloam:1.763;mount_zion:1.933;ramat_rahel:2.052;jer_kidron_east:2.251;jer_south_wall:2.411;jer_se_corner:2.466;jer_tyropoeon:2.495;jer_kidron_mon:2.581;jer_temple:2.649;jer_east_gate:2.740;jer_gethsemane:2.844,basin;tomb;cave;rock_cut,cistern,,Herodian,yes,no,,"Amos Kloner, ASI Map of Talpiot - Survey of Jerusalem The Southern Sector (106), site 12; survey.iaa.org.il record 8402; printed page not given online",https://survey.iaa.org.il/#/MapSurvey/53/site/8402
53,106,Talpiot - Survey of Jerusalem The Southern Sector,13,8403,Naḥal Aẓal,נחל אצל,,"2-9/80, 81",yes,222148,629647,31.759467,35.232852,nig_epsg2039,31.759532,35.232922,9.8,ok,jer_bir_ayyub,0.910,jer_bir_ayyub:0.910,jer_bir_ayyub:0.910;jer_baqa:1.138;jer_siloam:1.221;mount_zion:1.415;jer_kidron_east:1.712;jer_south_wall:1.866;jer_se_corner:1.921;jer_tyropoeon:1.948;jer_kidron_mon:2.043;jer_temple:2.102;jer_east_gate:2.194;jer_gethsemane:2.304;jer_bethesda:2.454;ramat_rahel:2.531,tomb;cave;rock_cut,cistern,,,unknown,no,"Rock-hewn burial cave (partly ruinous) on cliff, near confluence of branches of","Amos Kloner, ASI Map of Talpiot - Survey of Jerusalem The Southern Sector (106), site 13; survey.iaa.org.il record 8403; printed page not given online",https://survey.iaa.org.il/#/MapSurvey/53/site/8403
53,106,Talpiot - Survey of Jerusalem The Southern Sector,14,8404,Naḥal Aẓal,נחל אצל,,2-9/4,yes,222178,629597,31.759016,35.233168,nig_epsg2039,31.759081,35.233239,9.9,ok,jer_bir_ayyub,0.948,jer_bir_ayyub:0.948,jer_bir_ayyub:0.948;jer_baqa:1.168;jer_siloam:1.262;mount_zion:1.472;jer_kidron_east:1.752;jer_south_wall:1.910;jer_se_corner:1.965;jer_tyropoeon:1.997;jer_kidron_mon:2.083;jer_temple:2.149;jer_east_gate:2.238;jer_gethsemane:2.345;jer_bethesda:2.501;ramat_rahel:2.505,tomb;cave;settlement_ruin;rock_cut,cistern,,,unknown,no,Four rock-hewn burial caves on slope descending N to Naḥal Aẓal. One,"Amos Kloner, ASI Map of Talpiot - Survey of Jerusalem The Southern Sector (106), site 14; survey.iaa.org.il record 8404; printed page not given online",https://survey.iaa.org.il/#/MapSurvey/53/site/8404
53,106,Talpiot - Survey of Jerusalem The Southern Sector,15,8405,Ramat Talpiot,רמת תלפיות,,,no,,,31.756376,35.233343,geojson_point,,,,,jer_baqa,1.224,,jer_baqa:1.224;jer_bir_ayyub:1.229;jer_siloam:1.547;mount_zion:1.759;jer_kidron_east:2.032;jer_south_wall:2.197;jer_se_corner:2.251;ramat_rahel:2.272;jer_tyropoeon:2.289;jer_kidron_mon:2.362;jer_temple:2.440;jer_east_gate:2.526;jer_gethsemane:2.626;jer_bethesda:2.791,basin;tomb;cave;rock_cut,cistern,,,unknown,no,,"Amos Kloner, ASI Map of Talpiot - Survey of Jerusalem The Southern Sector (106), site 15; survey.iaa.org.il record 8405; printed page not given online",https://survey.iaa.org.il/#/MapSurvey/53/site/8405
53,106,Talpiot - Survey of Jerusalem The Southern Sector,16,8406,Ramat Talpiot,רמת תלפיות,,,no,,,31.753670,35.233343,geojson_point,,,,,jer_baqa,1.333,,jer_baqa:1.333;jer_bir_ayyub:1.525;jer_siloam:1.844;ramat_rahel:2.039;mount_zion:2.051;jer_kidron_east:2.327;jer_south_wall:2.495;jer_se_corner:2.549;jer_tyropoeon:2.590;jer_kidron_mon:2.655;jer_temple:2.740;jer_east_gate:2.825;jer_gethsemane:2.920,conduit;cave;pit;terrace,cistern,,Hasmonean;Herodian;Byzantine,yes,no,,"Amos Kloner, ASI Map of Talpiot - Survey of Jerusalem The Southern Sector (106), site 16; survey.iaa.org.il record 8406; printed page not given online",https://survey.iaa.org.il/#/MapSurvey/53/site/8406
53,106,Talpiot - Survey of Jerusalem The Southern Sector,17,8407,Naḥal Aẓal,נחל אצל,,"2-9/2, 9",yes,222248,629617,31.759196,35.233907,nig_epsg2039,31.759262,35.233977,9.9,ok,jer_bir_ayyub,0.912,jer_bir_ayyub:0.912,jer_bir_ayyub:0.912;jer_siloam:1.229;jer_baqa:1.237;mount_zion:1.475;jer_kidron_east:1.715;jer_south_wall:1.879;jer_se_corner:1.933;jer_tyropoeon:1.974;jer_kidron_mon:2.045;jer_temple:2.123;jer_east_gate:2.209;jer_gethsemane:2.309;jer_bethesda:2.475;ramat_rahel:2.559,tomb;cave;wall;pit;terrace;rock_cut,cistern,Herodian,Herodian,yes,no,"Rock-hewn Herodian burial cave fronted by a courtyard (4.7 m wide), on","Amos Kloner, ASI Map of Talpiot - Survey of Jerusalem The Southern Sector (106), site 17; survey.iaa.org.il record 8407; printed page not given online",https://survey.iaa.org.il/#/MapSurvey/53/site/8407
53,106,Talpiot - Survey of Jerusalem The Southern Sector,18,8408,Naḥal Aẓal,נחל אצל,,,no,,,31.757458,35.234083,geojson_point,,,,,jer_bir_ayyub,1.098,,jer_bir_ayyub:1.098;jer_baqa:1.268;jer_siloam:1.417;mount_zion:1.663;jer_kidron_east:1.900;jer_south_wall:2.069;jer_se_corner:2.122;jer_tyropoeon:2.167;jer_kidron_mon:2.229;jer_temple:2.315;jer_east_gate:2.398;ramat_rahel:2.410;jer_gethsemane:2.494;jer_bethesda:2.666,tomb;cave;building,cistern,,modern,no,no,,"Amos Kloner, ASI Map of Talpiot - Survey of Jerusalem The Southern Sector (106), site 18; survey.iaa.org.il record 8408; printed page not given online",https://survey.iaa.org.il/#/MapSurvey/53/site/8408
53,106,Talpiot - Survey of Jerusalem The Southern Sector,19,8409,Naḥal Aẓal,נחל אצל,,"2-9/1, 10",yes,222328,629587,31.758925,35.234752,nig_epsg2039,31.758991,35.234822,9.9,ok,jer_bir_ayyub,0.928,jer_bir_ayyub:0.928,jer_bir_ayyub:0.928;jer_siloam:1.247;jer_baqa:1.317;mount_zion:1.531;jer_kidron_east:1.728;jer_south_wall:1.900;jer_se_corner:1.953;jer_tyropoeon:2.005;jer_kidron_mon:2.056;jer_temple:2.150;jer_east_gate:2.230;jer_gethsemane:2.321;jer_bethesda:2.500;ramat_rahel:2.580,tomb;cave;rock_cut,cistern,,,unknown,no,"Rock-hewn burial cave fronted by a courtyard (3 m wide), on wadi","Amos Kloner, ASI Map of Talpiot - Survey of Jerusalem The Southern Sector (106), site 19; survey.iaa.org.il record 8409; printed page not given online",https://survey.iaa.org.il/#/MapSurvey/53/site/8409
53,106,Talpiot - Survey of Jerusalem The Southern Sector,20,8410,Naḥal Aẓal,נחל אצל,,"2-9/77, 78",yes,222418,629667,31.759647,35.235702,nig_epsg2039,31.759712,35.235772,9.9,ok,jer_bir_ayyub,0.840,jer_bir_ayyub:0.840,jer_bir_ayyub:0.840;jer_siloam:1.161;jer_baqa:1.408;mount_zion:1.496;jer_kidron_east:1.634;jer_south_wall:1.814;jer_se_corner:1.865;jer_tyropoeon:1.929;jer_kidron_mon:1.960;jer_temple:2.069;jer_east_gate:2.143;jer_gethsemane:2.227;jer_bethesda:2.418;ramat_rahel:2.697,tomb;cave;rock_cut,cistern,Herodian,Herodian,yes,no,"Two-chambered rock-hewn burial cave fronted by a courtyard (3.5 m wide), on","Amos Kloner, ASI Map of Talpiot - Survey of Jerusalem The Southern Sector (106), site 20; survey.iaa.org.il record 8410; printed page not given online",https://survey.iaa.org.il/#/MapSurvey/53/site/8410
53,106,Talpiot - Survey of Jerusalem The Southern Sector,21,8411,Naḥal Aẓal,נחל אצל,,,no,,,31.757097,35.235877,geojson_point,,,,,jer_bir_ayyub,1.123,,jer_bir_ayyub:1.123;jer_baqa:1.442;jer_siloam:1.444;mount_zion:1.760;jer_kidron_east:1.913;jer_south_wall:2.096;jer_se_corner:2.148;jer_tyropoeon:2.213;jer_kidron_mon:2.237;jer_temple:2.353;jer_east_gate:2.425;ramat_rahel:2.484;jer_gethsemane:2.505;jer_bethesda:2.701,tomb;cave;rock_cut,cistern,,,unknown,no,,"Amos Kloner, ASI Map of Talpiot - Survey of Jerusalem The Southern Sector (106), site 21; survey.iaa.org.il record 8411; printed page not given online",https://survey.iaa.org.il/#/MapSurvey/53/site/8411
53,106,Talpiot - Survey of Jerusalem The Southern Sector,22,8412,Naḥal Aẓal,נחל אצל,,"2-9/20, 23",yes,222468,629537,31.758474,35.236229,nig_epsg2039,31.758540,35.236299,9.9,ok,jer_bir_ayyub,0.971,jer_bir_ayyub:0.971,jer_bir_ayyub:0.971;jer_siloam:1.291;jer_baqa:1.459;mount_zion:1.635;jer_kidron_east:1.758;jer_south_wall:1.942;jer_se_corner:1.993;jer_tyropoeon:2.063;jer_kidron_mon:2.081;jer_temple:2.201;jer_east_gate:2.271;jer_gethsemane:2.349;jer_bethesda:2.548;ramat_rahel:2.623,tomb;cave;wall;rock_cut,cistern,Herodian,Herodian,yes,no,"Rock-hewn burial cave (partly ruinous) containing four kokhim, on slope S of","Amos Kloner, ASI Map of Talpiot - Survey of Jerusalem The Southern Sector (106), site 22; survey.iaa.org.il record 8412; printed page not given online",https://survey.iaa.org.il/#/MapSurvey/53/site/8412
53,106,Talpiot - Survey of Jerusalem The Southern Sector,23,8413,Naḥal Aẓal,נחל אצל,,,no,,,31.756375,35.236510,geojson_point,,,,,jer_bir_ayyub,1.205,,jer_bir_ayyub:1.205;jer_baqa:1.516;jer_siloam:1.524;mount_zion:1.857;jer_kidron_east:1.988;jer_south_wall:2.176;jer_se_corner:2.226;jer_tyropoeon:2.298;jer_kidron_mon:2.309;jer_temple:2.435;ramat_rahel:2.463;jer_east_gate:2.504;jer_gethsemane:2.577;jer_bethesda:2.782,building,,,,unknown,no,,"Amos Kloner, ASI Map of Talpiot - Survey of Jerusalem The Southern Sector (106), site 23; survey.iaa.org.il record 8413; printed page not given online",https://survey.iaa.org.il/#/MapSurvey/53/site/8413
53,106,Talpiot - Survey of Jerusalem The Southern Sector,24,8414,UNO Headquarters,"מטה משקיפי האו""ם",,,no,,,31.754572,35.236510,geojson_point,,,,,jer_bir_ayyub,1.405,,jer_bir_ayyub:1.405;jer_baqa:1.569;jer_siloam:1.725;mount_zion:2.043;jer_kidron_east:2.188;ramat_rahel:2.318;jer_south_wall:2.376;jer_se_corner:2.426;jer_tyropoeon:2.498;jer_kidron_mon:2.509;jer_temple:2.635;jer_east_gate:2.704;jer_gethsemane:2.777;jer_bethesda:2.983,cistern;tomb;steps;pit;rock_cut,,,Bronze,no,no,,"Amos Kloner, ASI Map of Talpiot - Survey of Jerusalem The Southern Sector (106), site 24; survey.iaa.org.il record 8414; printed page not given online",https://survey.iaa.org.il/#/MapSurvey/53/site/8414
53,106,Talpiot - Survey of Jerusalem The Southern Sector,25,8415,Naḥal Aẓal,נחל אצל,,,no,,,31.758179,35.236616,geojson_point,,,,,jer_bir_ayyub,1.005,,jer_bir_ayyub:1.005;jer_siloam:1.324;jer_baqa:1.498;mount_zion:1.680;jer_kidron_east:1.787;jer_south_wall:1.975;jer_se_corner:2.025;jer_tyropoeon:2.099;jer_kidron_mon:2.109;jer_temple:2.235;jer_east_gate:2.303;jer_gethsemane:2.377;jer_bethesda:2.582;ramat_rahel:2.621,tomb;cave;wall;settlement_ruin;rock_cut,cistern,,,unknown,no,,"Amos Kloner, ASI Map of Talpiot - Survey of Jerusalem The Southern Sector (106), site 25; survey.iaa.org.il record 8415; printed page not given online",https://survey.iaa.org.il/#/MapSurvey/53/site/8415
53,106,Talpiot - Survey of Jerusalem The Southern Sector,26,8416,Naḥal Aẓal,נחל אצל,,"2-9/41, 51, 55",yes,222508,629517,31.758294,35.236651,nig_epsg2039,31.758359,35.236722,9.9,ok,jer_bir_ayyub,0.992,jer_bir_ayyub:0.992,jer_bir_ayyub:0.992;jer_siloam:1.311;jer_baqa:1.500;mount_zion:1.670;jer_kidron_east:1.774;jer_south_wall:1.962;jer_se_corner:2.012;jer_tyropoeon:2.087;jer_kidron_mon:2.096;jer_temple:2.223;jer_east_gate:2.290;jer_gethsemane:2.364;jer_bethesda:2.569;ramat_rahel:2.633,tomb;cave;rock_cut,cistern,,,unknown,no,"Three rock-hewn courtyards fronting burial caves, 10-20 m apart, on slope near","Amos Kloner, ASI Map of Talpiot - Survey of Jerusalem The Southern Sector (106), site 26; survey.iaa.org.il record 8416; printed page not given online",https://survey.iaa.org.il/#/MapSurvey/53/site/8416
53,106,Talpiot - Survey of Jerusalem The Southern Sector,27,8417,Naḥal Aẓal,נחל אצל,,"2-9/34, 35, 75, 76, 79",yes,222518,629667,31.759646,35.236757,nig_epsg2039,31.759712,35.236828,9.9,ok,jer_bir_ayyub,0.843,jer_bir_ayyub:0.843,jer_bir_ayyub:0.843;jer_siloam:1.162;jer_baqa:1.508;mount_zion:1.543;jer_kidron_east:1.623;jer_south_wall:1.812;jer_se_corner:1.862;jer_tyropoeon:1.939;jer_kidron_mon:1.945;jer_temple:2.073;jer_east_gate:2.140;jer_gethsemane:2.213;jer_bethesda:2.419;ramat_rahel:2.757,tomb;cave;wall;rock_cut,cistern,,,unknown,no,"Two groups of rock-hewn burial caves (all currently blocked) on slope, S","Amos Kloner, ASI Map of Talpiot - Survey of Jerusalem The Southern Sector (106), site 27; survey.iaa.org.il record 8417; printed page not given online",https://survey.iaa.org.il/#/MapSurvey/53/site/8417
53,106,Talpiot - Survey of Jerusalem The Southern Sector,28,8418,Naḥal Aẓal,נחל אצל,,"2-9/5, 11, 17",yes,222518,629597,31.759015,35.236757,nig_epsg2039,31.759081,35.236827,9.9,ok,jer_bir_ayyub,0.913,jer_bir_ayyub:0.913,jer_bir_ayyub:0.913;jer_siloam:1.232;jer_baqa:1.507;mount_zion:1.604;jer_kidron_east:1.693;jer_south_wall:1.882;jer_se_corner:1.932;jer_tyropoeon:2.008;jer_kidron_mon:2.015;jer_temple:2.143;jer_east_gate:2.210;jer_gethsemane:2.283;jer_bethesda:2.490;ramat_rahel:2.701,tomb;cave;wall;rock_cut,cistern,,,unknown,no,"Partially ruinous rock-hewn burial cave in cliff, S of Naḥal Aẓal, consisting","Amos Kloner, ASI Map of Talpiot - Survey of Jerusalem The Southern Sector (106), site 28; survey.iaa.org.il record 8418; printed page not given online",https://survey.iaa.org.il/#/MapSurvey/53/site/8418
53,106,Talpiot - Survey of Jerusalem The Southern Sector,29,8419,Naḥal Aẓal,נחל אצל,,,no,,,31.758089,35.236827,geojson_point,,,,,jer_bir_ayyub,1.016,,jer_bir_ayyub:1.016;jer_siloam:1.335;jer_baqa:1.518;mount_zion:1.698;jer_kidron_east:1.796;jer_south_wall:1.985;jer_se_corner:2.035;jer_tyropoeon:2.111;jer_kidron_mon:2.117;jer_temple:2.246;jer_east_gate:2.313;jer_gethsemane:2.385;jer_bethesda:2.593;ramat_rahel:2.626,tomb;cave;wall;pit;rock_cut,cistern,,Herodian,yes,no,,"Amos Kloner, ASI Map of Talpiot - Survey of Jerusalem The Southern Sector (106), site 29; survey.iaa.org.il record 8419; printed page not given online",https://survey.iaa.org.il/#/MapSurvey/53/site/8419
53,106,Talpiot - Survey of Jerusalem The Southern Sector,30,8423,Naḥal Aẓal,נחל אצל,,"2-9/3, 6-8, 12-15, 18",yes,222538,629577,31.758835,35.236968,nig_epsg2039,31.758900,35.237038,9.9,ok,jer_bir_ayyub,0.935,jer_bir_ayyub:0.935,jer_bir_ayyub:0.935;jer_siloam:1.253;jer_baqa:1.527;mount_zion:1.631;jer_kidron_east:1.712;jer_south_wall:1.902;jer_se_corner:1.952;jer_tyropoeon:2.031;jer_kidron_mon:2.033;jer_temple:2.164;jer_east_gate:2.230;jer_gethsemane:2.301;jer_bethesda:2.510;ramat_rahel:2.698,tomb;cave;building;wall;pit;rock_cut,cistern;spring_well,Herodian,Herodian,yes,no,"Rock-hewn burial caves on slope, descending N to Naḥal Aẓal. One cave","Amos Kloner, ASI Map of Talpiot - Survey of Jerusalem The Southern Sector (106), site 30; survey.iaa.org.il record 8423; printed page not given online",https://survey.iaa.org.il/#/MapSurvey/53/site/8423
53,106,Talpiot - Survey of Jerusalem The Southern Sector,31,8466,Naḥal Aẓal,נחל אצל,,,no,,,31.757818,35.237777,geojson_point,,,,,jer_bir_ayyub,1.057,,jer_bir_ayyub:1.057;jer_siloam:1.372;jer_baqa:1.610;mount_zion:1.767;jer_kidron_east:1.822;jer_south_wall:2.018;jer_se_corner:2.067;jer_kidron_mon:2.139;jer_tyropoeon:2.154;jer_temple:2.284;jer_east_gate:2.344;jer_gethsemane:2.407;jer_bethesda:2.628;ramat_rahel:2.662,tomb;cave;pit;rock_cut,cistern,,,unknown,no,,"Amos Kloner, ASI Map of Talpiot - Survey of Jerusalem The Southern Sector (106), site 31; survey.iaa.org.il record 8466; printed page not given online",https://survey.iaa.org.il/#/MapSurvey/53/site/8466
53,106,Talpiot - Survey of Jerusalem The Southern Sector,32,8467,Naḥal Aẓal,נחל אצל,,2-9/40,yes,222618,629557,31.758654,35.237813,nig_epsg2039,31.758720,35.237883,9.9,ok,jer_bir_ayyub,0.966,jer_bir_ayyub:0.966,jer_bir_ayyub:0.966;jer_siloam:1.280;jer_baqa:1.608;mount_zion:1.689;jer_kidron_east:1.729;jer_south_wall:1.925;jer_se_corner:1.974;jer_kidron_mon:2.046;jer_tyropoeon:2.062;jer_temple:2.191;jer_east_gate:2.252;jer_gethsemane:2.314;jer_bethesda:2.535;ramat_rahel:2.734,tomb;cave;rock_cut,cistern,,,unknown,no,"Rock-hewn burial cave on slope descending N, to Naḥal Aẓal: kokhim; ceiling","Amos Kloner, ASI Map of Talpiot - Survey of Jerusalem The Southern Sector (106), site 32; survey.iaa.org.il record 8467; printed page not given online",https://survey.iaa.org.il/#/MapSurvey/53/site/8467
53,106,Talpiot - Survey of Jerusalem The Southern Sector,33,8468,Naḥal Aẓal,נחל אצל,,2-9/33,yes,222688,629797,31.760818,35.238552,nig_epsg2039,31.760884,35.238622,9.9,ok,jer_bir_ayyub,0.750,jer_bir_ayyub:0.750,jer_bir_ayyub:0.750;jer_siloam:1.054;jer_kidron_east:1.489;mount_zion:1.530;jer_baqa:1.686;jer_south_wall:1.691;jer_se_corner:1.738;jer_kidron_mon:1.802;jer_tyropoeon:1.840;jer_temple:1.962;jer_east_gate:2.015;jer_gethsemane:2.070;jer_bethesda:2.302;ramat_rahel:2.964,tomb;cave;rock_cut,cistern,,,unknown,no,"Rock-hewn burial cave (presently blocked) on slope descending N, to Naḥal Aẓal;","Amos Kloner, ASI Map of Talpiot - Survey of Jerusalem The Southern Sector (106), site 33; survey.iaa.org.il record 8468; printed page not given online",https://survey.iaa.org.il/#/MapSurvey/53/site/8468
53,106,Talpiot - Survey of Jerusalem The Southern Sector,34,8469,Jebel Mukabbir (M),ג'בל מכביר,,,no,,,31.754571,35.239676,geojson_point,,,,,jer_bir_ayyub,1.447,,jer_bir_ayyub:1.447;jer_siloam:1.756;jer_baqa:1.855;mount_zion:2.170;jer_kidron_east:2.188;jer_south_wall:2.394;jer_se_corner:2.440;jer_kidron_mon:2.495;ramat_rahel:2.541;jer_tyropoeon:2.541;jer_temple:2.665;jer_east_gate:2.717;jer_gethsemane:2.763,spring_well;tomb;cave;rock_cut,cistern,,,unknown,no,,"Amos Kloner, ASI Map of Talpiot - Survey of Jerusalem The Southern Sector (106), site 34; survey.iaa.org.il record 8469; printed page not given online",https://survey.iaa.org.il/#/MapSurvey/53/site/8469
53,106,Talpiot - Survey of Jerusalem The Southern Sector,35,8470,Naḥal Qidron,נחל קדרון,,,no,,,31.758178,35.240627,geojson_point,,,,,jer_bir_ayyub,1.095,,jer_bir_ayyub:1.095;jer_siloam:1.389;jer_kidron_east:1.797;jer_baqa:1.876;mount_zion:1.882;jer_south_wall:2.011;jer_se_corner:2.055;jer_kidron_mon:2.098;jer_tyropoeon:2.173;jer_temple:2.287;jer_east_gate:2.329;jer_gethsemane:2.365;jer_bethesda:2.621;ramat_rahel:2.877,tomb;cave;wall;inscription;rock_cut,cistern,,Herodian,yes,no,,"Amos Kloner, ASI Map of Talpiot - Survey of Jerusalem The Southern Sector (106), site 35; survey.iaa.org.il record 8470; printed page not given online",https://survey.iaa.org.il/#/MapSurvey/53/site/8470
53,106,Talpiot - Survey of Jerusalem The Southern Sector,36,8471,Naḥal Qidron,נחל קדרון,,2-9/32,yes,222968,629867,31.761449,35.241508,nig_epsg2039,31.761515,35.241578,9.9,ok,jer_bir_ayyub,0.825,jer_bir_ayyub:0.825,jer_bir_ayyub:0.825;jer_siloam:1.085;jer_kidron_east:1.454;mount_zion:1.667;jer_south_wall:1.677;jer_se_corner:1.717;jer_kidron_mon:1.743;jer_tyropoeon:1.856;jer_temple:1.957;jer_baqa:1.972;jer_east_gate:1.987;jer_gethsemane:2.008;jer_bethesda:2.281,tomb;cave;pit;inscription;rock_cut,cistern,Herodian,Herodian,yes,no,"Rock-hewn burial cave, on slope descending N to Naḥal Qidron. Excavation (E.L.","Amos Kloner, ASI Map of Talpiot - Survey of Jerusalem The Southern Sector (106), site 36; survey.iaa.org.il record 8471; printed page not given online",https://survey.iaa.org.il/#/MapSurvey/53/site/8471
53,106,Talpiot - Survey of Jerusalem The Southern Sector,37,8472,Naḥal Qidron,נחל קדרון,,,no,,,31.754841,35.241681,geojson_point,,,,,jer_bir_ayyub,1.476,,jer_bir_ayyub:1.476;jer_siloam:1.773;jer_baqa:2.030;jer_kidron_east:2.179;mount_zion:2.243;jer_south_wall:2.395;jer_se_corner:2.438;jer_kidron_mon:2.476;jer_tyropoeon:2.557;jer_temple:2.671;ramat_rahel:2.708;jer_east_gate:2.711;jer_gethsemane:2.741,tomb;cave;settlement_ruin;road;rock_cut,cistern,,,unknown,no,,"Amos Kloner, ASI Map of Talpiot - Survey of Jerusalem The Southern Sector (106), site 37; survey.iaa.org.il record 8472; printed page not given online",https://survey.iaa.org.il/#/MapSurvey/53/site/8472
53,106,Talpiot - Survey of Jerusalem The Southern Sector,38,8473,Karm esh Sheikh (M),כרם א-שיח',,,no,,,31.759078,35.247594,geojson_point,,,,,jer_bir_ayyub,1.421,,jer_bir_ayyub:1.421;jer_siloam:1.632;jer_kidron_east:1.906;jer_kidron_mon:2.143;jer_south_wall:2.143;jer_se_corner:2.173;mount_zion:2.276;jer_tyropoeon:2.354;jer_gethsemane:2.390;jer_east_gate:2.422;jer_temple:2.426;jer_baqa:2.531;jer_bethesda:2.719,tomb;cave;rock_cut,cistern,,,unknown,no,,"Amos Kloner, ASI Map of Talpiot - Survey of Jerusalem The Southern Sector (106), site 38; survey.iaa.org.il record 8473; printed page not given online",https://survey.iaa.org.il/#/MapSurvey/53/site/8473
53,106,Talpiot - Survey of Jerusalem The Southern Sector,39,8474,Naḥal Qidron,נחל קדרון,,,no,,,31.757276,35.242210,geojson_point,,,,,jer_bir_ayyub,1.250,,jer_bir_ayyub:1.250;jer_siloam:1.534;jer_kidron_east:1.922;jer_baqa:2.033;mount_zion:2.053;jer_south_wall:2.142;jer_se_corner:2.183;jer_kidron_mon:2.212;jer_tyropoeon:2.314;jer_temple:2.421;jer_east_gate:2.454;jer_gethsemane:2.476;jer_bethesda:2.748;ramat_rahel:2.918,tomb;cave;building;wall;settlement_ruin;rock_cut,cistern;spring_well,,,unknown,no,,"Amos Kloner, ASI Map of Talpiot - Survey of Jerusalem The Southern Sector (106), site 39; survey.iaa.org.il record 8474; printed page not given online",https://survey.iaa.org.il/#/MapSurvey/53/site/8474
53,106,Talpiot - Survey of Jerusalem The Southern Sector,40,8475,Naḥal Qidron,נחל קדרון,,,no,,,31.759801,35.242527,geojson_point,,,,,jer_bir_ayyub,1.029,,jer_bir_ayyub:1.029;jer_siloam:1.292;jer_kidron_east:1.655;mount_zion:1.864;jer_south_wall:1.880;jer_se_corner:1.919;jer_kidron_mon:1.938;jer_baqa:2.054;jer_tyropoeon:2.062;jer_temple:2.161;jer_east_gate:2.187;jer_gethsemane:2.201;jer_bethesda:2.483,tomb;cave;rock_cut,cistern,,,unknown,no,,"Amos Kloner, ASI Map of Talpiot - Survey of Jerusalem The Southern Sector (106), site 40; survey.iaa.org.il record 8475; printed page not given online",https://survey.iaa.org.il/#/MapSurvey/53/site/8475
53,106,Talpiot - Survey of Jerusalem The Southern Sector,41,8476,Naḥal Qidron,נחל קדרון,,,no,,,31.758629,35.242527,geojson_point,,,,,jer_bir_ayyub,1.136,,jer_bir_ayyub:1.136;jer_siloam:1.408;jer_kidron_east:1.781;mount_zion:1.958;jer_south_wall:2.005;jer_se_corner:2.044;jer_baqa:2.053;jer_kidron_mon:2.067;jer_tyropoeon:2.183;jer_temple:2.285;jer_east_gate:2.314;jer_gethsemane:2.330;jer_bethesda:2.609,cistern;reservoir;tomb;cave;wall;rock_cut,,,,unknown,no,,"Amos Kloner, ASI Map of Talpiot - Survey of Jerusalem The Southern Sector (106), site 41; survey.iaa.org.il record 8476; printed page not given online",https://survey.iaa.org.il/#/MapSurvey/53/site/8476
53,106,Talpiot - Survey of Jerusalem The Southern Sector,42,8477,Naḥal Qidron,נחל קדרון,,,no,,,31.757636,35.243160,geojson_point,,,,,jer_bir_ayyub,1.261,,jer_bir_ayyub:1.261;jer_siloam:1.534;jer_kidron_east:1.903;mount_zion:2.080;jer_baqa:2.119;jer_south_wall:2.127;jer_se_corner:2.167;jer_kidron_mon:2.185;jer_tyropoeon:2.307;jer_temple:2.408;jer_east_gate:2.435;jer_gethsemane:2.448;jer_bethesda:2.731,tomb;cave;wall;pit;rock_cut,cistern,,Herodian,yes,no,,"Amos Kloner, ASI Map of Talpiot - Survey of Jerusalem The Southern Sector (106), site 42; survey.iaa.org.il record 8477; printed page not given online",https://survey.iaa.org.il/#/MapSurvey/53/site/8477
53,106,Talpiot - Survey of Jerusalem The Southern Sector,43,8478,Naḥal Qidron,נחל קדרון,,,no,,,31.755021,35.243687,geojson_point,,,,,jer_bir_ayyub,1.537,,jer_bir_ayyub:1.537;jer_siloam:1.819;jer_kidron_east:2.197;jer_baqa:2.211;mount_zion:2.336;jer_south_wall:2.420;jer_se_corner:2.460;jer_kidron_mon:2.480;jer_tyropoeon:2.597;jer_temple:2.701;jer_east_gate:2.730;jer_gethsemane:2.743;ramat_rahel:2.872,tomb;cave;rock_cut,cistern,,Herodian,yes,no,,"Amos Kloner, ASI Map of Talpiot - Survey of Jerusalem The Southern Sector (106), site 43; survey.iaa.org.il record 8478; printed page not given online",https://survey.iaa.org.il/#/MapSurvey/53/site/8478
53,106,Talpiot - Survey of Jerusalem The Southern Sector,44,8481,Naḥal Qidron,נחל קדרון,,,no,,,31.757997,35.245166,geojson_point,,,,,jer_bir_ayyub,1.342,,jer_bir_ayyub:1.342;jer_siloam:1.591;jer_kidron_east:1.922;jer_south_wall:2.153;mount_zion:2.182;jer_kidron_mon:2.186;jer_se_corner:2.188;jer_baqa:2.305;jer_tyropoeon:2.347;jer_temple:2.436;jer_gethsemane:2.443;jer_east_gate:2.450;jer_bethesda:2.747,tomb;cave;wall;pit;inscription;rock_cut,cistern,,,unknown,no,,"Amos Kloner, ASI Map of Talpiot - Survey of Jerusalem The Southern Sector (106), site 44; survey.iaa.org.il record 8481; printed page not given online",https://survey.iaa.org.il/#/MapSurvey/53/site/8481
53,106,Talpiot - Survey of Jerusalem The Southern Sector,45,8482,Naḥal Qidron,נחל קדרון,,,no,,,31.758989,35.244005,geojson_point,,,,,jer_bir_ayyub,1.187,,jer_bir_ayyub:1.187;jer_siloam:1.439;jer_kidron_east:1.781;jer_south_wall:2.010;mount_zion:2.026;jer_se_corner:2.047;jer_kidron_mon:2.053;jer_baqa:2.192;jer_tyropoeon:2.200;jer_temple:2.293;jer_east_gate:2.311;jer_gethsemane:2.313;jer_bethesda:2.608,tomb;cave;wall;pit;rock_cut,cistern,,Herodian,yes,no,,"Amos Kloner, ASI Map of Talpiot - Survey of Jerusalem The Southern Sector (106), site 45; survey.iaa.org.il record 8482; printed page not given online",https://survey.iaa.org.il/#/MapSurvey/53/site/8482
53,106,Talpiot - Survey of Jerusalem The Southern Sector,46,8484,Naḥal Qidron,נחל קדרון,,"3-9/1, 2",yes,223238,629937,31.762079,35.244358,nig_epsg2039,31.762145,35.244428,9.9,ok,jer_bir_ayyub,0.975,jer_bir_ayyub:0.975,jer_bir_ayyub:0.975;jer_siloam:1.180;jer_kidron_east:1.472;jer_south_wall:1.706;jer_kidron_mon:1.728;jer_se_corner:1.739;mount_zion:1.831;jer_tyropoeon:1.910;jer_gethsemane:1.984;jer_temple:1.990;jer_east_gate:1.996;jer_baqa:2.249;jer_bethesda:2.294,tomb;cave;wall;rock_cut,cistern,"Hasmonean,Herodian",Hasmonean;Herodian,yes,no,"Two burial caves, in use in the Hasmonean and Herodian periods, cut","Amos Kloner, ASI Map of Talpiot - Survey of Jerusalem The Southern Sector (106), site 46; survey.iaa.org.il record 8484; printed page not given online",https://survey.iaa.org.il/#/MapSurvey/53/site/8484
53,106,Talpiot - Survey of Jerusalem The Southern Sector,47,8487,Naḥal Qidron,נחל קדרון,,,no,,,31.756734,35.244532,geojson_point,,,,,jer_bir_ayyub,1.416,,jer_bir_ayyub:1.416;jer_siloam:1.682;jer_kidron_east:2.035;mount_zion:2.241;jer_baqa:2.258;jer_south_wall:2.263;jer_se_corner:2.300;jer_kidron_mon:2.309;jer_tyropoeon:2.449;jer_temple:2.545;jer_east_gate:2.566;jer_gethsemane:2.568;jer_bethesda:2.862,cistern;tomb;cave;wall;pit;rock_cut,spring_well,,Herodian,yes,no,,"Amos Kloner, ASI Map of Talpiot - Survey of Jerusalem The Southern Sector (106), site 47; survey.iaa.org.il record 8487; printed page not given online",https://survey.iaa.org.il/#/MapSurvey/53/site/8487
53,106,Talpiot - Survey of Jerusalem The Southern Sector,48,8488,Naḥal Qidron,נחל קדרון,,,no,,,31.754660,35.244531,geojson_point,,,,,jer_bir_ayyub,1.611,,jer_bir_ayyub:1.611;jer_siloam:1.888;jer_kidron_east:2.256;jer_baqa:2.297;mount_zion:2.417;jer_south_wall:2.482;jer_se_corner:2.521;jer_kidron_mon:2.534;jer_tyropoeon:2.663;jer_temple:2.763;jer_east_gate:2.788;jer_gethsemane:2.795;ramat_rahel:2.914,tomb;cave;wall;rock_cut,cistern,,,unknown,no,,"Amos Kloner, ASI Map of Talpiot - Survey of Jerusalem The Southern Sector (106), site 48; survey.iaa.org.il record 8488; printed page not given online",https://survey.iaa.org.il/#/MapSurvey/53/site/8488
53,106,Talpiot - Survey of Jerusalem The Southern Sector,49,8498,(Esh Sheikh Aḥmad es Saḥuri (M,א-שיח' אחמד א-סאחורי,,,no,,,31.761243,35.245061,geojson_point,,,,,jer_bir_ayyub,1.084,,jer_bir_ayyub:1.084;jer_siloam:1.294;jer_kidron_east:1.584;jer_south_wall:1.819;jer_kidron_mon:1.836;jer_se_corner:1.851;mount_zion:1.940;jer_tyropoeon:2.024;jer_gethsemane:2.090;jer_temple:2.103;jer_east_gate:2.107;jer_baqa:2.303;jer_bethesda:2.404,cistern;tomb;cave;dovecote;building;wall;settlement_ruin;road;rock_cut,,,modern;Second Temple;Herodian;Byzantine;Ottoman,yes,no,,"Amos Kloner, ASI Map of Talpiot - Survey of Jerusalem The Southern Sector (106), site 49; survey.iaa.org.il record 8498; printed page not given online",https://survey.iaa.org.il/#/MapSurvey/53/site/8498
53,106,Talpiot - Survey of Jerusalem The Southern Sector,50,8502,Naḥal Qidron,נחל קדרון,,,no,,,31.759981,35.246011,geojson_point,,,,,jer_bir_ayyub,1.242,,jer_bir_ayyub:1.242;jer_siloam:1.459;jer_kidron_east:1.749;jer_south_wall:1.985;jer_kidron_mon:1.998;jer_se_corner:2.016;mount_zion:2.097;jer_tyropoeon:2.191;jer_gethsemane:2.249;jer_temple:2.268;jer_east_gate:2.271;jer_baqa:2.383;jer_bethesda:2.568,tomb;cave;wall;pit;inscription;rock_cut,cistern,,Herodian;Hasmonean,yes,no,,"Amos Kloner, ASI Map of Talpiot - Survey of Jerusalem The Southern Sector (106), site 50; survey.iaa.org.il record 8502; printed page not given online",https://survey.iaa.org.il/#/MapSurvey/53/site/8502
53,106,Talpiot - Survey of Jerusalem The Southern Sector,51,8672,Naḥal Qidron,נחל קדרון,,,no,,,31.761063,35.246222,geojson_point,,,,,jer_bir_ayyub,1.184,,jer_bir_ayyub:1.184;jer_siloam:1.382;jer_kidron_east:1.650;jer_south_wall:1.887;jer_kidron_mon:1.891;jer_se_corner:1.917;mount_zion:2.040;jer_tyropoeon:2.099;jer_gethsemane:2.140;jer_east_gate:2.168;jer_temple:2.170;jer_baqa:2.411;jer_bethesda:2.465,building;wall;road;rock_cut,,,modern,no,no,,"Amos Kloner, ASI Map of Talpiot - Survey of Jerusalem The Southern Sector (106), site 51; survey.iaa.org.il record 8672; printed page not given online",https://survey.iaa.org.il/#/MapSurvey/53/site/8672
53,106,Talpiot - Survey of Jerusalem The Southern Sector,52,8673,Naḥal Qidron,נחל קדרון,,,no,,,31.757455,35.246327,geojson_point,,,,,jer_bir_ayyub,1.459,,jer_bir_ayyub:1.459;jer_siloam:1.701;jer_kidron_east:2.018;jer_south_wall:2.251;jer_kidron_mon:2.274;jer_se_corner:2.285;mount_zion:2.303;jer_baqa:2.419;jer_tyropoeon:2.450;jer_gethsemane:2.528;jer_temple:2.535;jer_east_gate:2.543;jer_bethesda:2.840,tomb;cave;rock_cut,cistern,,,unknown,no,,"Amos Kloner, ASI Map of Talpiot - Survey of Jerusalem The Southern Sector (106), site 52; survey.iaa.org.il record 8673; printed page not given online",https://survey.iaa.org.il/#/MapSurvey/53/site/8673
53,106,Talpiot - Survey of Jerusalem The Southern Sector,53,8674,Kh. Beit Saḥur (M),ח' בית סאחור,,,no,,,31.758357,35.247171,geojson_point,,,,,jer_bir_ayyub,1.444,,jer_bir_ayyub:1.444;jer_siloam:1.668;jer_kidron_east:1.959;jer_south_wall:2.195;jer_kidron_mon:2.204;jer_se_corner:2.226;mount_zion:2.296;jer_tyropoeon:2.402;jer_gethsemane:2.454;jer_temple:2.479;jer_east_gate:2.480;jer_baqa:2.493;jer_bethesda:2.777,cistern;tomb;cave;building;wall;settlement_ruin;road;pit;inscription;rock_cut,,,modern;Second Temple,overlaps,no,,"Amos Kloner, ASI Map of Talpiot - Survey of Jerusalem The Southern Sector (106), site 53; survey.iaa.org.il record 8674; printed page not given online",https://survey.iaa.org.il/#/MapSurvey/53/site/8674
53,106,Talpiot - Survey of Jerusalem The Southern Sector,54,8675,Naḥal Qidron,נחל קדרון,,,no,,,31.760882,35.246644,geojson_point,,,,,jer_bir_ayyub,1.228,,jer_bir_ayyub:1.228;jer_siloam:1.424;jer_kidron_east:1.687;jer_kidron_mon:1.924;jer_south_wall:1.924;jer_se_corner:1.953;mount_zion:2.085;jer_tyropoeon:2.137;jer_gethsemane:2.171;jer_east_gate:2.203;jer_temple:2.207;jer_baqa:2.449;jer_bethesda:2.499,tomb;rock_cut,cistern;cave,,Herodian,yes,no,,"Amos Kloner, ASI Map of Talpiot - Survey of Jerusalem The Southern Sector (106), site 54; survey.iaa.org.il record 8675; printed page not given online",https://survey.iaa.org.il/#/MapSurvey/53/site/8675
53,106,Talpiot - Survey of Jerusalem The Southern Sector,55,8676,Naḥal Qidron,נחל קדרון,,,no,,,31.759800,35.246644,geojson_point,,,,,jer_bir_ayyub,1.301,,jer_bir_ayyub:1.301;jer_siloam:1.513;jer_kidron_east:1.793;jer_south_wall:2.030;jer_kidron_mon:2.036;jer_se_corner:2.060;mount_zion:2.156;jer_tyropoeon:2.239;jer_gethsemane:2.286;jer_east_gate:2.312;jer_temple:2.313;jer_baqa:2.443;jer_bethesda:2.609,tomb;cave;wall;rock_cut,cistern,,Herodian,yes,no,,"Amos Kloner, ASI Map of Talpiot - Survey of Jerusalem The Southern Sector (106), site 55; survey.iaa.org.il record 8676; printed page not given online",https://survey.iaa.org.il/#/MapSurvey/53/site/8676
53,106,Talpiot - Survey of Jerusalem The Southern Sector,56,8677,Naḥal Qidron,נחל קדרון,,,no,,,31.755832,35.246854,geojson_point,,,,,jer_bir_ayyub,1.629,,jer_bir_ayyub:1.629;jer_siloam:1.879;jer_kidron_east:2.204;jer_south_wall:2.437;jer_kidron_mon:2.461;mount_zion:2.465;jer_se_corner:2.471;jer_baqa:2.489;jer_tyropoeon:2.634;jer_gethsemane:2.715;jer_temple:2.720;jer_east_gate:2.730,winepress;rock_cut,cistern;cave,,,unknown,no,,"Amos Kloner, ASI Map of Talpiot - Survey of Jerusalem The Southern Sector (106), site 56; survey.iaa.org.il record 8677; printed page not given online",https://survey.iaa.org.il/#/MapSurvey/53/site/8677
53,106,Talpiot - Survey of Jerusalem The Southern Sector,57,8678,Naḥal Qidron,נחל קדרון,,,no,,,31.759890,35.247172,geojson_point,,,,,jer_bir_ayyub,1.334,,jer_bir_ayyub:1.334;jer_siloam:1.539;jer_kidron_east:1.808;jer_kidron_mon:2.045;jer_south_wall:2.045;jer_se_corner:2.074;mount_zion:2.190;jer_tyropoeon:2.257;jer_gethsemane:2.292;jer_east_gate:2.324;jer_temple:2.328;jer_baqa:2.493;jer_bethesda:2.620,tomb;wall;rock_cut,cistern;cave,,,unknown,no,,"Amos Kloner, ASI Map of Talpiot - Survey of Jerusalem The Southern Sector (106), site 57; survey.iaa.org.il record 8678; printed page not given online",https://survey.iaa.org.il/#/MapSurvey/53/site/8678
53,106,Talpiot - Survey of Jerusalem The Southern Sector,58,8679,Eṣ Ṣuwwana (M),א-צואנה,,,no,,,31.761333,35.247595,geojson_point,,,,,jer_bir_ayyub,1.276,,jer_bir_ayyub:1.276;jer_siloam:1.454;jer_kidron_east:1.689;jer_kidron_mon:1.912;jer_south_wall:1.928;jer_se_corner:1.954;mount_zion:2.131;jer_tyropoeon:2.147;jer_gethsemane:2.154;jer_east_gate:2.197;jer_temple:2.209;jer_bethesda:2.492;jer_baqa:2.543,cistern;winepress;installation,tomb,,,unknown,no,,"Amos Kloner, ASI Map of Talpiot - Survey of Jerusalem The Southern Sector (106), site 58; survey.iaa.org.il record 8679; printed page not given online",https://survey.iaa.org.il/#/MapSurvey/53/site/8679
53,106,Talpiot - Survey of Jerusalem The Southern Sector,59,8680,Naḥal Qidron,נחל קדרון,,,no,,,31.757274,35.248121,geojson_point,,,,,jer_bir_ayyub,1.592,,jer_bir_ayyub:1.592;jer_siloam:1.818;jer_kidron_east:2.107;jer_south_wall:2.344;jer_kidron_mon:2.348;jer_se_corner:2.374;mount_zion:2.442;jer_tyropoeon:2.551;jer_baqa:2.590;jer_gethsemane:2.596;jer_east_gate:2.626;jer_temple:2.627;jer_bethesda:2.922,tomb;cave;wall;settlement_ruin;pit;inscription;rock_cut,cistern,,Herodian,yes,no,,"Amos Kloner, ASI Map of Talpiot - Survey of Jerusalem The Southern Sector (106), site 59; survey.iaa.org.il record 8680; printed page not given online",https://survey.iaa.org.il/#/MapSurvey/53/site/8680
53,106,Talpiot - Survey of Jerusalem The Southern Sector,60,8681,Naḥal Qidron,נחל קדרון,,,no,,,31.758627,35.248649,geojson_point,,,,,jer_bir_ayyub,1.530,,jer_bir_ayyub:1.530;jer_siloam:1.737;jer_kidron_east:1.998;jer_kidron_mon:2.228;jer_south_wall:2.236;jer_se_corner:2.264;mount_zion:2.386;jer_tyropoeon:2.451;jer_gethsemane:2.471;jer_east_gate:2.510;jer_temple:2.519;jer_baqa:2.632;jer_bethesda:2.806,tomb;cave;settlement_ruin;pit;rock_cut,cistern,,,unknown,no,,"Amos Kloner, ASI Map of Talpiot - Survey of Jerusalem The Southern Sector (106), site 60; survey.iaa.org.il record 8681; printed page not given online",https://survey.iaa.org.il/#/MapSurvey/53/site/8681
53,106,Talpiot - Survey of Jerusalem The Southern Sector,61,8682,Naḥal Qidron,נחל קדרון,,,no,,,31.754117,35.249492,geojson_point,,,,,jer_bir_ayyub,1.935,,jer_bir_ayyub:1.935;jer_siloam:2.177;jer_kidron_east:2.479;jer_south_wall:2.715;jer_kidron_mon:2.722;jer_se_corner:2.746;jer_baqa:2.768;mount_zion:2.776;jer_tyropoeon:2.920;jer_gethsemane:2.970;jer_temple:2.998;jer_east_gate:2.999,tomb;cave;rock_cut,cistern,,,unknown,no,,"Amos Kloner, ASI Map of Talpiot - Survey of Jerusalem The Southern Sector (106), site 61; survey.iaa.org.il record 8682; printed page not given online",https://survey.iaa.org.il/#/MapSurvey/53/site/8682
53,106,Talpiot - Survey of Jerusalem The Southern Sector,62,8683,Naḥal Qidron,נחל קדרון,,,no,,,31.753937,35.250019,geojson_point,,,,,jer_bir_ayyub,1.984,,jer_bir_ayyub:1.984;jer_siloam:2.222;jer_kidron_east:2.519;jer_south_wall:2.756;jer_kidron_mon:2.759;jer_se_corner:2.786;jer_baqa:2.821;mount_zion:2.826;jer_tyropoeon:2.962,tomb;cave;rock_cut,cistern,,,unknown,no,,"Amos Kloner, ASI Map of Talpiot - Survey of Jerusalem The Southern Sector (106), site 62; survey.iaa.org.il record 8683; printed page not given online",https://survey.iaa.org.il/#/MapSurvey/53/site/8683
53,106,Talpiot - Survey of Jerusalem The Southern Sector,63,8684,Naḥal Qidron,נחל קדרון,,,no,,,31.758627,35.249705,geojson_point,,,,,jer_bir_ayyub,1.609,,jer_bir_ayyub:1.609;jer_siloam:1.806;jer_kidron_east:2.050;jer_kidron_mon:2.269;jer_south_wall:2.289;jer_se_corner:2.315;mount_zion:2.466;jer_tyropoeon:2.508;jer_gethsemane:2.508;jer_east_gate:2.556;jer_temple:2.570;jer_baqa:2.732;jer_bethesda:2.851,tomb;cave;rock_cut,cistern,,,unknown,no,,"Amos Kloner, ASI Map of Talpiot - Survey of Jerusalem The Southern Sector (106), site 63; survey.iaa.org.il record 8684; printed page not given online",https://survey.iaa.org.il/#/MapSurvey/53/site/8684
53,106,Talpiot - Survey of Jerusalem The Southern Sector,64,8685,"Talpiot, Industrial Zone","תלפיות, אזור התעשיה",,0-8/1,yes,220138,628167,31.746123,35.211635,nig_epsg2039,31.746187,35.211706,9.8,ok,ramat_rahel,0.974,ramat_rahel:0.974,ramat_rahel:0.974;jer_baqa:1.691,tomb;cave;wall;road;pit;inscription;rock_cut,cistern,"Hasmonean,Herodian",Hasmonean;Herodian;bronze,yes,no,"Rock-cut burial cave in soft limestone, on moderate slope (presently on the","Amos Kloner, ASI Map of Talpiot - Survey of Jerusalem The Southern Sector (106), site 64; survey.iaa.org.il record 8685; printed page not given online",https://survey.iaa.org.il/#/MapSurvey/53/site/8685
53,106,Talpiot - Survey of Jerusalem The Southern Sector,65,8686,Talpiot,תלפיות,,0-8/4,yes,220838,628347,31.747745,35.219023,nig_epsg2039,31.747810,35.219094,9.8,ok,ramat_rahel,0.862,ramat_rahel:0.862,ramat_rahel:0.862;jer_baqa:1.282;jer_bir_ayyub:2.693;mount_zion:2.810;jer_siloam:2.965,tomb;cave;wall;pit;inscription;rock_cut,cistern,Herodian,Herodian;first century CE,yes,no,"Rock-cut Herodian burial cave, on moderate slope (near ‘En Ẓurim Blvd.). Excavation","Amos Kloner, ASI Map of Talpiot - Survey of Jerusalem The Southern Sector (106), site 65; survey.iaa.org.il record 8686; printed page not given online",https://survey.iaa.org.il/#/MapSurvey/53/site/8686
53,106,Talpiot - Survey of Jerusalem The Southern Sector,66,8687,Talpiot,תלפיות,,0-8/2,yes,220868,628477,31.748918,35.219340,nig_epsg2039,31.748982,35.219410,9.8,ok,ramat_rahel,0.993,ramat_rahel:0.993,ramat_rahel:0.993;jer_baqa:1.149;jer_bir_ayyub:2.571;mount_zion:2.677;jer_siloam:2.840,reservoir;conduit,cistern,,,unknown,no,"Segment of the upper aqueduct to Jerusalem, on a moderate slope (near","Amos Kloner, ASI Map of Talpiot - Survey of Jerusalem The Southern Sector (106), site 66; survey.iaa.org.il record 8687; printed page not given online",https://survey.iaa.org.il/#/MapSurvey/53/site/8687
53,106,Talpiot - Survey of Jerusalem The Southern Sector,67,8688,Talpiot,תלפיות,,0-8/3,yes,220888,628247,31.746843,35.219550,nig_epsg2039,31.746908,35.219621,9.8,ok,ramat_rahel,0.764,ramat_rahel:0.764,ramat_rahel:0.764;jer_baqa:1.376;jer_bir_ayyub:2.746;mount_zion:2.890,cave;oil_press;installation,,Byzantine,Byzantine,no,no,"Caves on a slope, which served in the Byzantine period as storage-spaces","Amos Kloner, ASI Map of Talpiot - Survey of Jerusalem The Southern Sector (106), site 67; survey.iaa.org.il record 8688; printed page not given online",https://survey.iaa.org.il/#/MapSurvey/53/site/8688
53,106,Talpiot - Survey of Jerusalem The Southern Sector,68,8689,Talpiot,תלפיות,,1-8/7,yes,221068,628637,31.750360,35.221451,nig_epsg2039,31.750425,35.221521,9.8,ok,jer_baqa,0.981,jer_baqa:0.981,jer_baqa:0.981;ramat_rahel:1.176;jer_bir_ayyub:2.323;mount_zion:2.464;jer_siloam:2.597,tomb;cave;wall;pit;rock_cut,cistern,"Herodian,Late Roman",Herodian;Late Roman,yes,no,Rock-cut burial cave on W slope of spur (on Bet Ha-‘Arava St.).,"Amos Kloner, ASI Map of Talpiot - Survey of Jerusalem The Southern Sector (106), site 68; survey.iaa.org.il record 8689; printed page not given online",https://survey.iaa.org.il/#/MapSurvey/53/site/8689
53,106,Talpiot - Survey of Jerusalem The Southern Sector,69,8690,Talpiot,תלפיות,,1-8/3,yes,221118,628377,31.748015,35.221978,nig_epsg2039,31.748080,35.222049,9.8,ok,ramat_rahel,0.936,ramat_rahel:0.936,ramat_rahel:0.936;jer_baqa:1.245;jer_bir_ayyub:2.511;mount_zion:2.704;jer_siloam:2.796,wall;mosaic,,Byzantine,Byzantine,no,no,"Remains of a white mosaic floor, bounded on S and NE by","Amos Kloner, ASI Map of Talpiot - Survey of Jerusalem The Southern Sector (106), site 69; survey.iaa.org.il record 8690; printed page not given online",https://survey.iaa.org.il/#/MapSurvey/53/site/8690
53,106,Talpiot - Survey of Jerusalem The Southern Sector,70,8691,Talpiot-Arnona,תלפיות-ארנונה,,1-8/4,yes,221228,628297,31.747294,35.223139,nig_epsg2039,31.747359,35.223210,9.8,ok,ramat_rahel,0.902,ramat_rahel:0.902,ramat_rahel:0.902;jer_baqa:1.339;jer_bir_ayyub:2.525;mount_zion:2.759;jer_siloam:2.817,tomb;cave;wall;pit;rock_cut,cistern,"Herodian,Roman",Herodian;first century BCE;first century CE;Roman,yes,no,"Rock-hewn burial cave on slope of spur (on Kefar ‘Eẓyon St., straddling","Amos Kloner, ASI Map of Talpiot - Survey of Jerusalem The Southern Sector (106), site 70; survey.iaa.org.il record 8691; printed page not given online",https://survey.iaa.org.il/#/MapSurvey/53/site/8691
53,106,Talpiot - Survey of Jerusalem The Southern Sector,71,8692,Talpiot,תלפיות,,1-8/5,yes,221388,628197,31.746392,35.224827,nig_epsg2039,31.746457,35.224898,9.9,ok,ramat_rahel,0.901,ramat_rahel:0.901,ramat_rahel:0.901;jer_baqa:1.471;jer_bir_ayyub:2.543;mount_zion:2.833;jer_siloam:2.844,tomb;cave;wall;pit;rock_cut,cistern,Herodian,Herodian;first century CE,yes,no,"Rock-hewn burial cave, on shoulder of spur descending SE (within the grounds","Amos Kloner, ASI Map of Talpiot - Survey of Jerusalem The Southern Sector (106), site 71; survey.iaa.org.il record 8692; printed page not given online",https://survey.iaa.org.il/#/MapSurvey/53/site/8692
53,106,Talpiot - Survey of Jerusalem The Southern Sector,72,8693,(Kh. Ṣabiḥa (M,ח' צביחה,Kh. Subhah (S),1-8/6,yes,221688,627997,31.744587,35.227993,nig_epsg2039,31.744652,35.228064,9.9,ok,ramat_rahel,0.993,ramat_rahel:0.993,ramat_rahel:0.993;jer_baqa:1.758;jer_bir_ayyub:2.626;jer_siloam:2.938,cistern;conduit;tomb;cave;steps;wall;settlement_ruin;rock_cut,,"Herodian,Byzantine",Herodian;Byzantine,yes,no,"Ruin, on shoulder of spur (spot height 744), descending SE. Cisterns were","Amos Kloner, ASI Map of Talpiot - Survey of Jerusalem The Southern Sector (106), site 72; survey.iaa.org.il record 8693; printed page not given online",https://survey.iaa.org.il/#/MapSurvey/53/site/8693
53,106,Talpiot - Survey of Jerusalem The Southern Sector,73,8694,East Talpiot,מזרח תלפיות,,,no,,,31.749252,35.230176,geojson_point,,,,,jer_baqa,1.414,,jer_baqa:1.414;ramat_rahel:1.476;jer_bir_ayyub:2.070;jer_siloam:2.384;mount_zion:2.497;jer_kidron_east:2.874,cistern;conduit;building;cairn;pit;winepress;installation;mosaic,cave,,Byzantine;Iron II;Herodian,yes,no,,"Amos Kloner, ASI Map of Talpiot - Survey of Jerusalem The Southern Sector (106), site 73; survey.iaa.org.il record 8694; printed page not given online",https://survey.iaa.org.il/#/MapSurvey/53/site/8694
53,106,Talpiot - Survey of Jerusalem The Southern Sector,74,8695,East Talpiot,מזרח תלפיות,,,no,,,31.748169,35.230281,geojson_point,,,,,ramat_rahel,1.403,,ramat_rahel:1.403;jer_baqa:1.515;jer_bir_ayyub:2.184;jer_siloam:2.499;mount_zion:2.618;jer_kidron_east:2.987,tomb;cave;wall;pit;inscription;rock_cut,cistern,,Herodian;bronze,yes,no,,"Amos Kloner, ASI Map of Talpiot - Survey of Jerusalem The Southern Sector (106), site 74; survey.iaa.org.il record 8695; printed page not given online",https://survey.iaa.org.il/#/MapSurvey/53/site/8695
53,106,Talpiot - Survey of Jerusalem The Southern Sector,75,8696,East Talpiot,מזרח תלפיות,,,no,,,31.752137,35.232709,geojson_point,,,,,jer_baqa,1.369,,jer_baqa:1.369;jer_bir_ayyub:1.703;ramat_rahel:1.873;jer_siloam:2.022;mount_zion:2.206;jer_kidron_east:2.506;jer_south_wall:2.672;jer_se_corner:2.726;jer_tyropoeon:2.763;jer_kidron_mon:2.835;jer_temple:2.914,pool;conduit;tomb;cave;building;tower;wall;pit;rock_cut,cistern;spring_well,,Second Temple;Hasmonean;Herodian;Byzantine;Ottoman;Roman,yes,no,,"Amos Kloner, ASI Map of Talpiot - Survey of Jerusalem The Southern Sector (106), site 75; survey.iaa.org.il record 8696; printed page not given online",https://survey.iaa.org.il/#/MapSurvey/53/site/8696
53,106,Talpiot - Survey of Jerusalem The Southern Sector,76,8697,East Talpiot,מזרח תלפיות,,,no,,,31.751866,35.235453,geojson_point,,,,,jer_baqa,1.604,,jer_baqa:1.604;jer_bir_ayyub:1.706;jer_siloam:2.026;ramat_rahel:2.041;mount_zion:2.295;jer_kidron_east:2.496;jer_south_wall:2.679;jer_se_corner:2.731;jer_tyropoeon:2.792;jer_kidron_mon:2.819;jer_temple:2.934,pool;conduit;tomb;cave;wall;pit;installation;inscription;rock_cut,cistern,,Herodian,yes,no,,"Amos Kloner, ASI Map of Talpiot - Survey of Jerusalem The Southern Sector (106), site 76; survey.iaa.org.il record 8697; printed page not given online",https://survey.iaa.org.il/#/MapSurvey/53/site/8697
53,106,Talpiot - Survey of Jerusalem The Southern Sector,77,8698,East Talpiot,מזרח תלפיות,,,no,,,31.752317,35.238620,geojson_point,,,,,jer_bir_ayyub,1.674,,jer_bir_ayyub:1.674;jer_baqa:1.847;jer_siloam:1.989;ramat_rahel:2.307;mount_zion:2.351;jer_kidron_east:2.434;jer_south_wall:2.634;jer_se_corner:2.682;jer_kidron_mon:2.747;jer_tyropoeon:2.770;jer_temple:2.900;jer_east_gate:2.959,building,,,,unknown,no,,"Amos Kloner, ASI Map of Talpiot - Survey of Jerusalem The Southern Sector (106), site 77; survey.iaa.org.il record 8698; printed page not given online",https://survey.iaa.org.il/#/MapSurvey/53/site/8698
53,106,Talpiot - Survey of Jerusalem The Southern Sector,78,8699,East Talpiot,מזרח תלפיות,,,no,,,31.750963,35.240625,geojson_point,,,,,jer_bir_ayyub,1.858,,jer_bir_ayyub:1.858;jer_baqa:2.083;jer_siloam:2.167;ramat_rahel:2.382;mount_zion:2.567;jer_kidron_east:2.595;jer_south_wall:2.803;jer_se_corner:2.849;jer_kidron_mon:2.899;jer_tyropoeon:2.952,tomb;cave;pit;rock_cut,cistern,,,unknown,no,,"Amos Kloner, ASI Map of Talpiot - Survey of Jerusalem The Southern Sector (106), site 78; survey.iaa.org.il record 8699; printed page not given online",https://survey.iaa.org.il/#/MapSurvey/53/site/8699
53,106,Talpiot - Survey of Jerusalem The Southern Sector,79,8700,East Talpiot,מזרח תלפיות,,,no,,,31.750965,35.232287,geojson_point,,,,,jer_baqa,1.417,,jer_baqa:1.417;ramat_rahel:1.752;jer_bir_ayyub:1.839;jer_siloam:2.157;mount_zion:2.328;jer_kidron_east:2.641;jer_south_wall:2.807;jer_se_corner:2.861;jer_tyropoeon:2.895;jer_kidron_mon:2.971,conduit;tomb;cave;rock_cut,cistern,,,unknown,no,,"Amos Kloner, ASI Map of Talpiot - Survey of Jerusalem The Southern Sector (106), site 79; survey.iaa.org.il record 8700; printed page not given online",https://survey.iaa.org.il/#/MapSurvey/53/site/8700
53,106,Talpiot - Survey of Jerusalem The Southern Sector,80,8701,East Talpiot,מזרח תלפיות,,,no,,,31.749342,35.232498,geojson_point,,,,,jer_baqa,1.554,,jer_baqa:1.554;ramat_rahel:1.647;jer_bir_ayyub:2.013;jer_siloam:2.332;mount_zion:2.510;jer_kidron_east:2.814;jer_south_wall:2.983,tomb;cave;wall;pit;rock_cut,cistern,,Hasmonean;Herodian;bronze,yes,no,,"Amos Kloner, ASI Map of Talpiot - Survey of Jerusalem The Southern Sector (106), site 80; survey.iaa.org.il record 8701; printed page not given online",https://survey.iaa.org.il/#/MapSurvey/53/site/8701
53,106,Talpiot - Survey of Jerusalem The Southern Sector,81,8702,East Talpiot,מזרח תלפיות,,,no,,,31.749161,35.235453,geojson_point,,,,,jer_baqa,1.776,,jer_baqa:1.776;ramat_rahel:1.861;jer_bir_ayyub:2.007;jer_siloam:2.327;mount_zion:2.585;jer_kidron_east:2.795;jer_south_wall:2.980,tomb;cave;rock_cut,cistern,,,unknown,no,,"Amos Kloner, ASI Map of Talpiot - Survey of Jerusalem The Southern Sector (106), site 81; survey.iaa.org.il record 8702; printed page not given online",https://survey.iaa.org.il/#/MapSurvey/53/site/8702
53,106,Talpiot - Survey of Jerusalem The Southern Sector,82,8703,East Talpiot,מזרח תלפיות,,,no,,,31.748259,35.231231,geojson_point,,,,,ramat_rahel,1.478,,ramat_rahel:1.478;jer_baqa:1.562;jer_bir_ayyub:2.154;jer_siloam:2.471;mount_zion:2.615;jer_kidron_east:2.957,cistern;pool;conduit;tomb;cave;building;wall;pit;winepress;installation;mosaic;rock_cut,,,Hasmonean;Herodian;Late Roman;Byzantine;Iron Age;Second Temple;Byz,yes,no,,"Amos Kloner, ASI Map of Talpiot - Survey of Jerusalem The Southern Sector (106), site 82; survey.iaa.org.il record 8703; printed page not given online",https://survey.iaa.org.il/#/MapSurvey/53/site/8703
53,106,Talpiot - Survey of Jerusalem The Southern Sector,83,8728,East Talpiot,מזרח תלפיות,,,no,,,31.746545,35.234080,geojson_point,,,,,ramat_rahel,1.602,,ramat_rahel:1.602;jer_baqa:1.882;jer_bir_ayyub:2.304;jer_siloam:2.624;mount_zion:2.841,reservoir;conduit;tomb;cave;wall;road;rock_cut,cistern;spring_well,,Early Roman;first century BCE;first century CE,yes,no,,"Amos Kloner, ASI Map of Talpiot - Survey of Jerusalem The Southern Sector (106), site 83; survey.iaa.org.il record 8728; printed page not given online",https://survey.iaa.org.il/#/MapSurvey/53/site/8728
53,106,Talpiot - Survey of Jerusalem The Southern Sector,84,8729,East Talpiot,מזרח תלפיות,,,no,,,31.745553,35.236507,geojson_point,,,,,ramat_rahel,1.768,,ramat_rahel:1.768;jer_baqa:2.120;jer_bir_ayyub:2.408;jer_siloam:2.727;mount_zion:2.999,tomb;cave;rock_cut,,,Hasmonean,yes,no,,"Amos Kloner, ASI Map of Talpiot - Survey of Jerusalem The Southern Sector (106), site 84; survey.iaa.org.il record 8729; printed page not given online",https://survey.iaa.org.il/#/MapSurvey/53/site/8729
53,106,Talpiot - Survey of Jerusalem The Southern Sector,85,8730,East Talpiot,מזרח תלפיות,,,no,,,31.745553,35.238618,geojson_point,,,,,ramat_rahel,1.956,,ramat_rahel:1.956;jer_baqa:2.264;jer_bir_ayyub:2.420;jer_siloam:2.737,tomb;cave;quarry;rock_cut,cistern,,Herodian,yes,no,,"Amos Kloner, ASI Map of Talpiot - Survey of Jerusalem The Southern Sector (106), site 85; survey.iaa.org.il record 8730; printed page not given online",https://survey.iaa.org.il/#/MapSurvey/53/site/8730
53,106,Talpiot - Survey of Jerusalem The Southern Sector,86,8731,Naḥal Qidron,נחל קדרון,,,no,,,31.753487,35.246219,geojson_point,,,,,jer_bir_ayyub,1.806,,jer_bir_ayyub:1.806;jer_siloam:2.076;jer_kidron_east:2.428;jer_baqa:2.483;mount_zion:2.619;jer_south_wall:2.657;jer_se_corner:2.694;jer_kidron_mon:2.697;jer_tyropoeon:2.844;jer_temple:2.939;jer_gethsemane:2.954;jer_east_gate:2.958;ramat_rahel:2.980,cave;wall;rock_cut,,,,unknown,no,,"Amos Kloner, ASI Map of Talpiot - Survey of Jerusalem The Southern Sector (106), site 86; survey.iaa.org.il record 8731; printed page not given online",https://survey.iaa.org.il/#/MapSurvey/53/site/8731
53,106,Talpiot - Survey of Jerusalem The Southern Sector,87,8732,Dahr Zein ed Din (M),זהר זין א-דין,,,no,,,31.746090,35.251810,geojson_point,,,,,jer_bir_ayyub,2.783,,jer_bir_ayyub:2.783,tomb;cave;wall;rock_cut,cistern,,,unknown,no,,"Amos Kloner, ASI Map of Talpiot - Survey of Jerusalem The Southern Sector (106), site 87; survey.iaa.org.il record 8732; printed page not given online",https://survey.iaa.org.il/#/MapSurvey/53/site/8732
53,106,Talpiot - Survey of Jerusalem The Southern Sector,88,8733,Naḥal Qidron,נחל קדרון,,,no,,,31.750056,35.259728,geojson_point,,,,,jer_bir_ayyub,2.945,,jer_bir_ayyub:2.945,wall,cave,,Iron II;Byzantine,no,no,,"Amos Kloner, ASI Map of Talpiot - Survey of Jerusalem The Southern Sector (106), site 88; survey.iaa.org.il record 8733; printed page not given online",https://survey.iaa.org.il/#/MapSurvey/53/site/8733
53,106,Talpiot - Survey of Jerusalem The Southern Sector,89,8734,Wadi el Maṣi,ואדי אל-מאצי,,,no,,,31.750687,35.260783,geojson_point,,,,,jer_bir_ayyub,2.978,,jer_bir_ayyub:2.978,cistern;wall;winepress;rock_cut,cave,,Byzantine,no,no,,"Amos Kloner, ASI Map of Talpiot - Survey of Jerusalem The Southern Sector (106), site 89; survey.iaa.org.il record 8734; printed page not given online",https://survey.iaa.org.il/#/MapSurvey/53/site/8734
53,106,Talpiot - Survey of Jerusalem The Southern Sector,91,8736,Giv‘at Ha-Maṭos,גבעת המטוס,,0-7/1,yes,220018,627177,31.737194,35.210368,nig_epsg2039,31.737258,35.210440,9.8,ok,ramat_rahel,0.873,ramat_rahel:0.873,ramat_rahel:0.873;jer_baqa:2.636,cistern;pool;conduit;tomb;cave;building;tower;steps;wall;settlement_ruin;pit;quarry;kiln;rock_cut,,"Iron Age,Second Temple period,Roman,Byzantine,Mamluk",Iron Age;Roman;Byzantine;Mameluke;Second Temple;iron;Iron;Mamluk,overlaps,no,"Remains of settlement, on summit E of Kh.Ṭabaliya (Site [105] 93). In","Amos Kloner, ASI Map of Talpiot - Survey of Jerusalem The Southern Sector (106), site 91; survey.iaa.org.il record 8736; printed page not given online",https://survey.iaa.org.il/#/MapSurvey/53/site/8736
53,106,Talpiot - Survey of Jerusalem The Southern Sector,92,8737,Giv‘at Ha-Arba‘a,גבעת הארבעה,,0-7/2,yes,220218,627297,31.738276,35.212479,nig_epsg2039,31.738340,35.212550,9.8,ok,ramat_rahel,0.645,ramat_rahel:0.645,ramat_rahel:0.645;jer_baqa:2.453,pool;reservoir;conduit;building;wall;road;mosaic;rock_cut,cave;spring_well,Byzantine,Byzantine,no,no,"Pool (6x7.25 m, 3.3 m deep), on saddle, at N foot of","Amos Kloner, ASI Map of Talpiot - Survey of Jerusalem The Southern Sector (106), site 92; survey.iaa.org.il record 8737; printed page not given online",https://survey.iaa.org.il/#/MapSurvey/53/site/8737
53,106,Talpiot - Survey of Jerusalem The Southern Sector,93,8738,Ḥevron Road,דרך חברון,,0-7/4,yes,220438,627777,31.742605,35.214801,nig_epsg2039,31.742669,35.214872,9.8,ok,ramat_rahel,0.491,ramat_rahel:0.491,ramat_rahel:0.491;jer_baqa:1.928,conduit;road;terrace,cave,,,unknown,no,"Segment of the upper aqueduct to Jerusalem, on slope (E of Hevron","Amos Kloner, ASI Map of Talpiot - Survey of Jerusalem The Southern Sector (106), site 93; survey.iaa.org.il record 8738; printed page not given online",https://survey.iaa.org.il/#/MapSurvey/53/site/8738
53,106,Talpiot - Survey of Jerusalem The Southern Sector,94,8739,Ḥevron Road,דרך חברון,,0-7/6,yes,220488,627847,31.743236,35.215328,nig_epsg2039,31.743301,35.215400,9.8,ok,ramat_rahel,0.500,ramat_rahel:0.500,ramat_rahel:0.500;jer_baqa:1.846,cistern;road;rock_cut,,,,unknown,no,"Rock-hewn cistern (3x4 m, 3.5 m deep) on slope, discovered in 1989","Amos Kloner, ASI Map of Talpiot - Survey of Jerusalem The Southern Sector (106), site 94; survey.iaa.org.il record 8739; printed page not given online",https://survey.iaa.org.il/#/MapSurvey/53/site/8739
53,106,Talpiot - Survey of Jerusalem The Southern Sector,95,8740,Ḥ. Ẓewaḥa,ח' צוחה,"Ramat Raḥel, Kh. Ṣaliḥ (M), Kh. Abu Bureik (S)",0-7/3,yes,220618,627467,31.739809,35.216700,nig_epsg2039,31.739874,35.216771,9.8,ok,ramat_rahel,0.218,ramat_rahel:0.218,ramat_rahel:0.218;jer_baqa:2.188,pool;reservoir;tomb;cave;dovecote;building;fortress;settlement_ruin;installation,cistern,"Iron Age II,Iron Age III,Persian,Hellenistic,Hasmonean,Herodian,Roman,Late Roman,Byzantine,Early Arab",Persian;Hellenistic;Herodian;Roman;Byzantine;Iron Age;Hasmonean;Late Roman,yes,no,Ruin on summit (spot height 819; presently in W area of Qibbuẓ,"Amos Kloner, ASI Map of Talpiot - Survey of Jerusalem The Southern Sector (106), site 95; survey.iaa.org.il record 8740; printed page not given online",https://survey.iaa.org.il/#/MapSurvey/53/site/8740
53,106,Talpiot - Survey of Jerusalem The Southern Sector,96,8741,Ramat Raḥel,רמת רחל,,0-7/5,yes,220748,627177,31.737194,35.218071,nig_epsg2039,31.737258,35.218143,9.9,ok,ramat_rahel,0.323,ramat_rahel:0.323,ramat_rahel:0.323;jer_baqa:2.457,tomb;cave;settlement_ruin;pit;rock_cut,cistern,"Hellenistic,Herodian,Roman",Herodian;Hellenistic;Roman,yes,no,"Rock-hewn burial complex, on slope (presently in S area of Qibbuẓ Ramat","Amos Kloner, ASI Map of Talpiot - Survey of Jerusalem The Southern Sector (106), site 96; survey.iaa.org.il record 8741; printed page not given online",https://survey.iaa.org.il/#/MapSurvey/53/site/8741
53,106,Talpiot - Survey of Jerusalem The Southern Sector,97,8742,Ṣur Bahir (M),צור באהר,,1-7/1,yes,221488,626997,31.735569,35.225880,nig_epsg2039,31.735634,35.225952,9.9,ok,ramat_rahel,0.816,ramat_rahel:0.816,ramat_rahel:0.816;jer_baqa:2.668,conduit,cave,,,unknown,no,"Segments of the lower aqueduct to Jerusalem, on slope descending to NW.","Amos Kloner, ASI Map of Talpiot - Survey of Jerusalem The Southern Sector (106), site 97; survey.iaa.org.il record 8742; printed page not given online",https://survey.iaa.org.il/#/MapSurvey/53/site/8742
53,106,Talpiot - Survey of Jerusalem The Southern Sector,98,8743,East Talpiot (Southwest),מזרח תלפיות (דרום-מערב),,1-7/2,yes,221588,627697,31.741882,35.226937,nig_epsg2039,31.741947,35.227008,9.9,ok,ramat_rahel,0.780,ramat_rahel:0.780,ramat_rahel:0.780;jer_baqa:2.007;jer_bir_ayyub:2.942,cistern;pool;tomb;cave;settlement_ruin;rock_cut,,,,unknown,no,"Ruin, on slope of spur (presently in SW portion of East Talpiyot):","Amos Kloner, ASI Map of Talpiot - Survey of Jerusalem The Southern Sector (106), site 98; survey.iaa.org.il record 8743; printed page not given online",https://survey.iaa.org.il/#/MapSurvey/53/site/8743
53,106,Talpiot - Survey of Jerusalem The Southern Sector,99,8744,East Talpiot (west),מזרח תלפיות (מערב),,1-7/3,yes,221588,627907,31.743776,35.226937,nig_epsg2039,31.743841,35.227009,9.9,ok,ramat_rahel,0.861,ramat_rahel:0.861,ramat_rahel:0.861;jer_baqa:1.807;jer_bir_ayyub:2.742,tomb;cave;rock_cut,cistern,,,unknown,no,"Two rock-hewn burial caves, on slope of spur SW of Ḥ. Ẓabiḥa","Amos Kloner, ASI Map of Talpiot - Survey of Jerusalem The Southern Sector (106), site 99; survey.iaa.org.il record 8744; printed page not given online",https://survey.iaa.org.il/#/MapSurvey/53/site/8744
53,106,Talpiot - Survey of Jerusalem The Southern Sector,100,8746,Ṣur Bahir (M),צור באהר,,,no,,,31.737075,35.239143,geojson_point,,,,,ramat_rahel,1.933,,ramat_rahel:1.933,conduit;terrace;rock_cut,cave,,Ottoman,no,no,,"Amos Kloner, ASI Map of Talpiot - Survey of Jerusalem The Southern Sector (106), site 100; survey.iaa.org.il record 8746; printed page not given online",https://survey.iaa.org.il/#/MapSurvey/53/site/8746
53,106,Talpiot - Survey of Jerusalem The Southern Sector,101,8750,East Talpiot,מזרח תלפיות,,,no,,,31.744020,35.233868,geojson_point,,,,,ramat_rahel,1.477,,ramat_rahel:1.477;jer_baqa:2.088;jer_bir_ayyub:2.585;jer_siloam:2.906,basin;cave;building;wall;oil_press;rock_cut,,,Byzantine;Late Roman,no,no,,"Amos Kloner, ASI Map of Talpiot - Survey of Jerusalem The Southern Sector (106), site 101; survey.iaa.org.il record 8750; printed page not given online",https://survey.iaa.org.il/#/MapSurvey/53/site/8750
53,106,Talpiot - Survey of Jerusalem The Southern Sector,102,8752,Kh. Umm Leisun (northwest),ח' אם ליסון,,,no,,,31.740140,35.242838,geojson_point,,,,,ramat_rahel,2.255,,ramat_rahel:2.255;jer_baqa:2.968,settlement_ruin;rock_cut,,,,unknown,no,,"Amos Kloner, ASI Map of Talpiot - Survey of Jerusalem The Southern Sector (106), site 102; survey.iaa.org.il record 8752; printed page not given online",https://survey.iaa.org.il/#/MapSurvey/53/site/8752
53,106,Talpiot - Survey of Jerusalem The Southern Sector,103,8754,Kh. Umm Leisun (M),ח' אם ליסון,,,no,,,31.738878,35.244315,geojson_point,,,,,ramat_rahel,2.398,,ramat_rahel:2.398,cistern;cave;building;settlement_ruin;road;installation;mosaic;rock_cut,,,Byzantine;Iron II;Roman;Mameluke;Ottoman,overlaps,no,,"Amos Kloner, ASI Map of Talpiot - Survey of Jerusalem The Southern Sector (106), site 103; survey.iaa.org.il record 8754; printed page not given online",https://survey.iaa.org.il/#/MapSurvey/53/site/8754
53,106,Talpiot - Survey of Jerusalem The Southern Sector,104,8756,Wadi el Lauz,ואדי אל-לוז,,,no,,,31.741042,35.244949,geojson_point,,,,,ramat_rahel,2.458,,ramat_rahel:2.458,cistern;cave;winepress,,,,unknown,no,,"Amos Kloner, ASI Map of Talpiot - Survey of Jerusalem The Southern Sector (106), site 104; survey.iaa.org.il record 8756; printed page not given online",https://survey.iaa.org.il/#/MapSurvey/53/site/8756
53,106,Talpiot - Survey of Jerusalem The Southern Sector,105,8757,Wadi el Lauz,ואדי אל-לוז,,,no,,,31.738786,35.248641,geojson_point,,,,,ramat_rahel,2.807,,ramat_rahel:2.807,reservoir;wall;rock_cut,,,Herodian,yes,no,,"Amos Kloner, ASI Map of Talpiot - Survey of Jerusalem The Southern Sector (106), site 105; survey.iaa.org.il record 8757; printed page not given online",https://survey.iaa.org.il/#/MapSurvey/53/site/8757
53,106,Talpiot - Survey of Jerusalem The Southern Sector,108,8760,Mâr Eliâs (S),מאר אליאס,"Mar Ilyas, Mar Ilyas Monastery (M)",0-6/5,yes,220068,626907,31.734759,35.210895,nig_epsg2039,31.734823,35.210967,9.8,ok,ramat_rahel,0.961,ramat_rahel:0.961,ramat_rahel:0.961;jer_baqa:2.872,building,cave,Byzantine,Byzantine,no,no,"The later building of the Greek Orthodox Mar Ilyas Monastery, on NW","Amos Kloner, ASI Map of Talpiot - Survey of Jerusalem The Southern Sector (106), site 108; survey.iaa.org.il record 8760; printed page not given online",https://survey.iaa.org.il/#/MapSurvey/53/site/8760
53,106,Talpiot - Survey of Jerusalem The Southern Sector,109,8761,Giv‘at Ha-Arba‘a,גבעת הארבעה (דרום-מערב),,,no,,,31.729412,35.211389,geojson_point,,,,,ramat_rahel,1.378,,ramat_rahel:1.378,cistern;conduit;pit;installation;terrace;rock_cut,cave,,,unknown,no,,"Amos Kloner, ASI Map of Talpiot - Survey of Jerusalem The Southern Sector (106), site 109; survey.iaa.org.il record 8761; printed page not given online",https://survey.iaa.org.il/#/MapSurvey/53/site/8761
53,106,Talpiot - Survey of Jerusalem The Southern Sector,110,8762,Giv‘at Ha-Arba‘a (south),גבעת הארבעה (דרום),,,no,,,31.727608,35.212234,geojson_point,,,,,ramat_rahel,1.518,,ramat_rahel:1.518,wall;winepress;rock_cut,cistern;cave,,,unknown,no,,"Amos Kloner, ASI Map of Talpiot - Survey of Jerusalem The Southern Sector (106), site 110; survey.iaa.org.il record 8762; printed page not given online",https://survey.iaa.org.il/#/MapSurvey/53/site/8762
53,106,Talpiot - Survey of Jerusalem The Southern Sector,111,8763,Giv‘at Ha-Arba‘a,גבעת הארבעה,,0-6/1,yes,220238,626947,31.735120,35.212689,nig_epsg2039,31.735184,35.212761,9.8,ok,ramat_rahel,0.805,ramat_rahel:0.805,ramat_rahel:0.805;jer_baqa:2.783,cave;building;wall;settlement_ruin;terrace;rock_cut,,"Roman,Byzantine",Roman;Byzantine,overlaps,no,"Remains of ancient structures, on summit of Giv‘at Ha-Arba‘a (spot height 817)","Amos Kloner, ASI Map of Talpiot - Survey of Jerusalem The Southern Sector (106), site 111; survey.iaa.org.il record 8763; printed page not given online",https://survey.iaa.org.il/#/MapSurvey/53/site/8763
53,106,Talpiot - Survey of Jerusalem The Southern Sector,112,8766,Giv‘at Ha-Arba‘a,גבעת הארבעה,,"0-6/2, 6",yes,220398,626717,31.733046,35.214377,nig_epsg2039,31.733110,35.214450,9.9,ok,ramat_rahel,0.887,ramat_rahel:0.887,ramat_rahel:0.887;jer_baqa:2.968,cistern;conduit;cave;building;wall;pit;quarry;winepress;terrace;mosaic;rock_cut,,"Roman,Byzantine",Roman;Byzantine,overlaps,no,"Rock-cuttings, agricultural terraces, a winepress, and a rock-hewn cistern including a drain-age","Amos Kloner, ASI Map of Talpiot - Survey of Jerusalem The Southern Sector (106), site 112; survey.iaa.org.il record 8766; printed page not given online",https://survey.iaa.org.il/#/MapSurvey/53/site/8766
53,106,Talpiot - Survey of Jerusalem The Southern Sector,113,8832,Giv‘at Ha-Arba‘a (east),גבעת הארבעה (מזרח),,0-6/7,yes,220748,626617,31.732143,35.218071,nig_epsg2039,31.732208,35.218143,9.9,ok,ramat_rahel,0.877,ramat_rahel:0.877,ramat_rahel:0.877,building;tower;winepress;rock_cut,cave,"Iron Age,Herodian,Roman,Byzantine",Iron Age;Herodian;Roman;Byzantine,yes,no,"Remains of structures, on slope E of Giv'at Ha-Arba‘a. Excavation (N. May,","Amos Kloner, ASI Map of Talpiot - Survey of Jerusalem The Southern Sector (106), site 113; survey.iaa.org.il record 8832; printed page not given online",https://survey.iaa.org.il/#/MapSurvey/53/site/8832
53,106,Talpiot - Survey of Jerusalem The Southern Sector,114,8833,Umm Ṭuba (M) (northwest),אם טובא (צפון-מערב),,,no,,,31.731125,35.227006,geojson_point,,,,,ramat_rahel,1.244,,ramat_rahel:1.244,tomb;cave;wall;rock_cut,cistern,,,unknown,no,,"Amos Kloner, ASI Map of Talpiot - Survey of Jerusalem The Southern Sector (106), site 114; survey.iaa.org.il record 8833; printed page not given online",https://survey.iaa.org.il/#/MapSurvey/53/site/8833
53,106,Talpiot - Survey of Jerusalem The Southern Sector,115,8834,Kh. Umm Ṭuba (M),ח' אם טובא,,,no,,,31.730223,35.229117,geojson_point,,,,,ramat_rahel,1.448,,ramat_rahel:1.448,cistern;building;settlement_ruin;terrace,cave,,Byzantine;Iron II;Herodian;Roman,yes,no,,"Amos Kloner, ASI Map of Talpiot - Survey of Jerusalem The Southern Sector (106), site 115; survey.iaa.org.il record 8834; printed page not given online",https://survey.iaa.org.il/#/MapSurvey/53/site/8834
53,106,Talpiot - Survey of Jerusalem The Southern Sector,116,8835,Umm Ṭuba (M) (south),אם טובא (דרום),,,no,,,31.728419,35.230172,geojson_point,,,,,ramat_rahel,1.665,,ramat_rahel:1.665,cistern;wall;road;rock_cut,,,modern;Byzantine,no,no,,"Amos Kloner, ASI Map of Talpiot - Survey of Jerusalem The Southern Sector (106), site 116; survey.iaa.org.il record 8835; printed page not given online",https://survey.iaa.org.il/#/MapSurvey/53/site/8835
53,106,Talpiot - Survey of Jerusalem The Southern Sector,117,8836,Wadi el Ghrabi,ואדי אל-ע'רבי,,,no,,,31.726615,35.230171,geojson_point,,,,,ramat_rahel,1.825,,ramat_rahel:1.825,cave;steps;wall;rock_cut,cistern;tomb;spring_well,,,unknown,no,,"Amos Kloner, ASI Map of Talpiot - Survey of Jerusalem The Southern Sector (106), site 117; survey.iaa.org.il record 8836; printed page not given online",https://survey.iaa.org.il/#/MapSurvey/53/site/8836
53,106,Talpiot - Survey of Jerusalem The Southern Sector,118,8837,Kh. Umm Ṭuba (M) (north),ח' אם טובא (צפון),,,no,,,31.730763,35.231227,geojson_point,,,,,ramat_rahel,1.547,,ramat_rahel:1.547,cave;settlement_ruin;pit;rock_cut,cistern,,Byzantine,no,no,,"Amos Kloner, ASI Map of Talpiot - Survey of Jerusalem The Southern Sector (106), site 118; survey.iaa.org.il record 8837; printed page not given online",https://survey.iaa.org.il/#/MapSurvey/53/site/8837
53,106,Talpiot - Survey of Jerusalem The Southern Sector,119,8838,Kh. Za'kuka (M),ח' זעכוכה,,,no,,,31.730221,35.237558,geojson_point,,,,,ramat_rahel,2.065,,ramat_rahel:2.065,cave;building;settlement_ruin;winepress;rock_cut,,,,unknown,no,,"Amos Kloner, ASI Map of Talpiot - Survey of Jerusalem The Southern Sector (106), site 119; survey.iaa.org.il record 8838; printed page not given online",https://survey.iaa.org.il/#/MapSurvey/53/site/8838
53,106,Talpiot - Survey of Jerusalem The Southern Sector,120,8839,Kh. Za‘kuka (M) (south),ח' זעכוכה (דרום),,,no,,,31.729410,35.236503,geojson_point,,,,,ramat_rahel,2.032,,ramat_rahel:2.032,cistern;pool;settlement_ruin;rock_cut,,,Iron II,no,no,,"Amos Kloner, ASI Map of Talpiot - Survey of Jerusalem The Southern Sector (106), site 120; survey.iaa.org.il record 8839; printed page not given online",https://survey.iaa.org.il/#/MapSurvey/53/site/8839
53,106,Talpiot - Survey of Jerusalem The Southern Sector,121,8840,Kh. Za‘kuka (M) (south),ח' זעכוכה (דרום),,,no,,,31.727696,35.236502,geojson_point,,,,,ramat_rahel,2.147,,ramat_rahel:2.147,settlement_ruin;winepress;rock_cut,cistern,,Iron II,no,no,,"Amos Kloner, ASI Map of Talpiot - Survey of Jerusalem The Southern Sector (106), site 121; survey.iaa.org.il record 8840; printed page not given online",https://survey.iaa.org.il/#/MapSurvey/53/site/8840
53,106,Talpiot - Survey of Jerusalem The Southern Sector,122,8841,Bir el Jashura (M),ביר אל-כ'שורה,,,no,,,31.729588,35.246633,geojson_point,,,,,ramat_rahel,2.859,,ramat_rahel:2.859,cistern;rock_cut,,,,unknown,no,,"Amos Kloner, ASI Map of Talpiot - Survey of Jerusalem The Southern Sector (106), site 122; survey.iaa.org.il record 8841; printed page not given online",https://survey.iaa.org.il/#/MapSurvey/53/site/8841
53,106,Talpiot - Survey of Jerusalem The Southern Sector,123,8842,Umm Leisun (M),אם ליסון,,,no,,,31.733015,35.247056,geojson_point,,,,,ramat_rahel,2.765,,ramat_rahel:2.765,building;road,,,,unknown,no,,"Amos Kloner, ASI Map of Talpiot - Survey of Jerusalem The Southern Sector (106), site 123; survey.iaa.org.il record 8842; printed page not given online",https://survey.iaa.org.il/#/MapSurvey/53/site/8842
53,106,Talpiot - Survey of Jerusalem The Southern Sector,128,8846,Kh. El Qaṭṭ (M),ח' אל-קט,,,no,,,31.718590,35.219091,geojson_point,,,,,ramat_rahel,2.380,,ramat_rahel:2.380,cistern;building;settlement_ruin;installation;mosaic;inscription,,,,unknown,no,,"Amos Kloner, ASI Map of Talpiot - Survey of Jerusalem The Southern Sector (106), site 128; survey.iaa.org.il record 8846; printed page not given online",https://survey.iaa.org.il/#/MapSurvey/53/site/8846
53,106,Talpiot - Survey of Jerusalem The Southern Sector,129,8847,Giv‘at Ḥoma,גבעת חומה,,,no,,,31.723911,35.219619,geojson_point,,,,,ramat_rahel,1.789,,ramat_rahel:1.789,winepress;rock_cut,cistern,,,unknown,no,,"Amos Kloner, ASI Map of Talpiot - Survey of Jerusalem The Southern Sector (106), site 129; survey.iaa.org.il record 8847; printed page not given online",https://survey.iaa.org.il/#/MapSurvey/53/site/8847
53,106,Talpiot - Survey of Jerusalem The Southern Sector,130,8862,Giv‘at Ḥoma,גבעת חומה,,,no,,,31.725714,35.220675,geojson_point,,,,,ramat_rahel,1.595,,ramat_rahel:1.595,cistern;building;wall;winepress;mosaic;rock_cut,conduit;cave,,Byzantine;Iron Age,no,no,,"Amos Kloner, ASI Map of Talpiot - Survey of Jerusalem The Southern Sector (106), site 130; survey.iaa.org.il record 8862; printed page not given online",https://survey.iaa.org.il/#/MapSurvey/53/site/8862
53,106,Talpiot - Survey of Jerusalem The Southern Sector,131,8863,Giv'at Ḥoma,גבעת חומה,,,no,,,31.723910,35.227005,geojson_point,,,,,ramat_rahel,1.942,,ramat_rahel:1.942,,cave,,Iron II;Roman;Byzantine,overlaps,no,,"Amos Kloner, ASI Map of Talpiot - Survey of Jerusalem The Southern Sector (106), site 131; survey.iaa.org.il record 8863; printed page not given online",https://survey.iaa.org.il/#/MapSurvey/53/site/8863
53,106,Talpiot - Survey of Jerusalem The Southern Sector,132,8865,Kh. Luqa (M),ח' לוקא,,,no,,,31.722105,35.233758,geojson_point,,,,,ramat_rahel,2.430,,ramat_rahel:2.430,cistern;tomb;building;tower;steps;wall;settlement_ruin;pit;mosaic,cave,,Byzantine;Mameluke;Ottoman,no,no,,"Amos Kloner, ASI Map of Talpiot - Survey of Jerusalem The Southern Sector (106), site 132; survey.iaa.org.il record 8865; printed page not given online",https://survey.iaa.org.il/#/MapSurvey/53/site/8865
53,106,Talpiot - Survey of Jerusalem The Southern Sector,133,8866,Kh. Luqa (M) (southeast),ח' לוקא (דרום-מזרח),,,no,,,31.721203,35.234391,geojson_point,,,,,ramat_rahel,2.547,,ramat_rahel:2.547,pool;building;steps;settlement_ruin;pit;rock_cut,cistern;cave,,Roman;Byzantine,overlaps,no,,"Amos Kloner, ASI Map of Talpiot - Survey of Jerusalem The Southern Sector (106), site 133; survey.iaa.org.il record 8866; printed page not given online",https://survey.iaa.org.il/#/MapSurvey/53/site/8866
53,106,Talpiot - Survey of Jerusalem The Southern Sector,134,8860,Wadi el Fakht,ואדי אל-פח'ת,,,no,,,31.725802,35.236502,geojson_point,,,,,ramat_rahel,2.287,,ramat_rahel:2.287,tomb;cave;rock_cut,cistern,,,unknown,no,,"Amos Kloner, ASI Map of Talpiot - Survey of Jerusalem The Southern Sector (106), site 134; survey.iaa.org.il record 8860; printed page not given online",https://survey.iaa.org.il/#/MapSurvey/53/site/8860
53,106,Talpiot - Survey of Jerusalem The Southern Sector,135,8859,Wadi el Fakht,ואדי אל-פח'ת,,,no,,,31.724810,35.236502,geojson_point,,,,,ramat_rahel,2.365,,ramat_rahel:2.365,cistern;wall;road;rock_cut,cave,,,unknown,no,,"Amos Kloner, ASI Map of Talpiot - Survey of Jerusalem The Southern Sector (106), site 135; survey.iaa.org.il record 8859; printed page not given online",https://survey.iaa.org.il/#/MapSurvey/53/site/8859
53,106,Talpiot - Survey of Jerusalem The Southern Sector,136,8858,Kh. Mazmuriya (M),ח' מזמוריה,,,no,,,31.720752,35.238294,geojson_point,,,,,ramat_rahel,2.812,,ramat_rahel:2.812,cistern;cave;building;wall;settlement_ruin;oil_press;terrace,,,modern,no,no,,"Amos Kloner, ASI Map of Talpiot - Survey of Jerusalem The Southern Sector (106), site 136; survey.iaa.org.il record 8858; printed page not given online",https://survey.iaa.org.il/#/MapSurvey/53/site/8858
53,106,Talpiot - Survey of Jerusalem The Southern Sector,137,8857,Wadi el Fakht,ואדי אל-פח'ת,,,no,,,31.724810,35.239667,geojson_point,,,,,ramat_rahel,2.583,,ramat_rahel:2.583,wall;pit;winepress;rock_cut,cistern;cave,,Iron II;Byzantine,no,no,,"Amos Kloner, ASI Map of Talpiot - Survey of Jerusalem The Southern Sector (106), site 137; survey.iaa.org.il record 8857; printed page not given online",https://survey.iaa.org.il/#/MapSurvey/53/site/8857
53,106,Talpiot - Survey of Jerusalem The Southern Sector,138,8856,Wadi el Fakht,ואדי אל-פח'ת,,,no,,,31.725711,35.240723,geojson_point,,,,,ramat_rahel,2.597,,ramat_rahel:2.597,winepress;rock_cut,cistern,,,unknown,no,,"Amos Kloner, ASI Map of Talpiot - Survey of Jerusalem The Southern Sector (106), site 138; survey.iaa.org.il record 8856; printed page not given online",https://survey.iaa.org.il/#/MapSurvey/53/site/8856
53,106,Talpiot - Survey of Jerusalem The Southern Sector,143,8850,Kh. Umm el ‘Aṣafir (M),ח' אם אל-עצאפיר,,,no,,,31.717146,35.223312,geojson_point,,,,,ramat_rahel,2.573,,ramat_rahel:2.573,building;wall;settlement_ruin,cistern,,Byzantine,no,no,,"Amos Kloner, ASI Map of Talpiot - Survey of Jerusalem The Southern Sector (106), site 143; survey.iaa.org.il record 8850; printed page not given online",https://survey.iaa.org.il/#/MapSurvey/53/site/8850
53,106,Talpiot - Survey of Jerusalem The Southern Sector,145,8848,Wadi el Fakht,ואדי אל-פח'ת,,,no,,,31.721293,35.237872,geojson_point,,,,,ramat_rahel,2.741,,ramat_rahel:2.741,cave;building;terrace,,,,unknown,no,,"Amos Kloner, ASI Map of Talpiot - Survey of Jerusalem The Southern Sector (106), site 145; survey.iaa.org.il record 8848; printed page not given online",https://survey.iaa.org.il/#/MapSurvey/53/site/8848
56,23,Haifa - East,3,8146,,,,,no,,,32.816688,34.998665,geojson_point,,,,,carmel_siah,2.817,,carmel_siah:2.817,building,,,modern,no,no,,"Avraham Ronen, Yaacov Olamy, ASI Map of Haifa - East (23), site 3; survey.iaa.org.il record 8146; printed page not given online",https://survey.iaa.org.il/#/MapSurvey/56/site/8146
56,23,Haifa - East,4,8147,,,,,no,,,32.812637,35.002519,geojson_point,,,,,carmel_siah,2.879,,carmel_siah:2.879,tomb,cistern,,modern;Roman;Byzantine;Mameluke;Ottoman,overlaps,no,,"Avraham Ronen, Yaacov Olamy, ASI Map of Haifa - East (23), site 4; survey.iaa.org.il record 8147; printed page not given online",https://survey.iaa.org.il/#/MapSurvey/56/site/8147
56,23,Haifa - East,5,8148,,,,,no,,,32.815068,35.000164,geojson_point,,,,,carmel_siah,2.825,,carmel_siah:2.825,building;wall,cave,,Ottoman,no,no,,"Avraham Ronen, Yaacov Olamy, ASI Map of Haifa - East (23), site 5; survey.iaa.org.il record 8148; printed page not given online",https://survey.iaa.org.il/#/MapSurvey/56/site/8148
56,23,Haifa - East,12,8155,,,,,no,,,32.802350,34.997739,geojson_point,,,,,carmel_siah,2.131,,carmel_siah:2.131,cave;road,,,,unknown,no,,"Avraham Ronen, Yaacov Olamy, ASI Map of Haifa - East (23), site 12; survey.iaa.org.il record 8155; printed page not given online",https://survey.iaa.org.il/#/MapSurvey/56/site/8155
56,23,Haifa - East,13,8156,,,,,no,,,32.801358,34.997634,geojson_point,,,,,carmel_siah,2.116,,carmel_siah:2.116,tomb;cave;building;winepress;installation,cistern,,byzantine;Ottoman,no,no,,"Avraham Ronen, Yaacov Olamy, ASI Map of Haifa - East (23), site 13; survey.iaa.org.il record 8156; printed page not given online",https://survey.iaa.org.il/#/MapSurvey/56/site/8156
56,23,Haifa - East,14,8157,,,,,no,,,32.800469,35.005110,geojson_point,,,,,carmel_siah,2.815,,carmel_siah:2.815,quarry,cistern;cave,,,unknown,no,,"Avraham Ronen, Yaacov Olamy, ASI Map of Haifa - East (23), site 14; survey.iaa.org.il record 8157; printed page not given online",https://survey.iaa.org.il/#/MapSurvey/56/site/8157
56,23,Haifa - East,22,8165,"""Geula Cave""","""מערת גאולה""",,,no,,,32.795953,35.000850,geojson_point,,,,,carmel_siah,2.480,,carmel_siah:2.480,cave;terrace,,,Prehistoric;Palaeolithic,no,no,,"Avraham Ronen, Yaacov Olamy, ASI Map of Haifa - East (23), site 22; survey.iaa.org.il record 8165; printed page not given online",https://survey.iaa.org.il/#/MapSurvey/56/site/8165
56,23,Haifa - East,23,8166,,,,,no,,,32.794144,34.997652,geojson_point,,,,,carmel_siah,2.250,,carmel_siah:2.250,,cistern,,Prehistoric;Neolithic;Palaeolithic;palaeolithic;Byzantine,no,no,,"Avraham Ronen, Yaacov Olamy, ASI Map of Haifa - East (23), site 23; survey.iaa.org.il record 8166; printed page not given online",https://survey.iaa.org.il/#/MapSurvey/56/site/8166
56,23,Haifa - East,24,8167,,,,,no,,,32.794144,34.997652,geojson_point,,,,,carmel_siah,2.250,,carmel_siah:2.250,building;settlement_ruin;road;pit;winepress;installation,cistern;tomb;cave,,Byzantine,no,no,,"Avraham Ronen, Yaacov Olamy, ASI Map of Haifa - East (23), site 24; survey.iaa.org.il record 8167; printed page not given online",https://survey.iaa.org.il/#/MapSurvey/56/site/8167
56,23,Haifa - East,25,8169,,,,,no,,,32.793248,35.000856,geojson_point,,,,,carmel_siah,2.566,,carmel_siah:2.566,road;quarry;rock_cut,cave,,Ottoman,no,no,,"Avraham Ronen, Yaacov Olamy, ASI Map of Haifa - East (23), site 25; survey.iaa.org.il record 8169; printed page not given online",https://survey.iaa.org.il/#/MapSurvey/56/site/8169
56,23,Haifa - East,34,8177,Kh. Rushmiya (M),חורבת ראש-מים,,,no,,,32.789637,34.998730,geojson_point,,,,,carmel_siah,2.553,,carmel_siah:2.553,cistern;cave;building;fortress;tower;wall;mound;settlement_ruin;cairn;rock_cut,tomb,,Crusader;Ottoman;Hellenistic;Roman;Byzantine;Mameluke;Iron II,overlaps,no,,"Avraham Ronen, Yaacov Olamy, ASI Map of Haifa - East (23), site 34; survey.iaa.org.il record 8177; printed page not given online",https://survey.iaa.org.il/#/MapSurvey/56/site/8177
56,23,Haifa - East,37,8180,,,,,no,,,32.787928,35.000869,geojson_point,,,,,carmel_siah,2.821,,carmel_siah:2.821,quarry,cave,,,unknown,no,,"Avraham Ronen, Yaacov Olamy, ASI Map of Haifa - East (23), site 37; survey.iaa.org.il record 8180; printed page not given online",https://survey.iaa.org.il/#/MapSurvey/56/site/8180
56,23,Haifa - East,39,8182,Bir Rushmiya (M),ביר רשמיה,,,no,,,32.787020,34.997455,geojson_point,,,,,carmel_siah,2.612,,carmel_siah:2.612,spring_well,,,prehistoric;Neolithic,no,no,,"Avraham Ronen, Yaacov Olamy, ASI Map of Haifa - East (23), site 39; survey.iaa.org.il record 8182; printed page not given online",https://survey.iaa.org.il/#/MapSurvey/56/site/8182
56,23,Haifa - East,40,8183,,,,,no,,,32.785582,34.999807,geojson_point,,,,,carmel_siah,2.884,,carmel_siah:2.884,,,,Roman;Byzantine,overlaps,no,,"Avraham Ronen, Yaacov Olamy, ASI Map of Haifa - East (23), site 40; survey.iaa.org.il record 8183; printed page not given online",https://survey.iaa.org.il/#/MapSurvey/56/site/8183
59,83,Beit Sira - South,22,8948,Beit Ur et-Tahta,בית עור א-תחתא,,,no,,,31.894748,35.085914,geojson_point,,,,,beth_horon,2.801,,beth_horon:2.801,mound;settlement_ruin;terrace,cistern;tomb;spring_well,,Iron I;Iron;Hell;Rom;Byz;Ott,overlaps,no,,"Israel Finklestein (north) & Hananiah Hizmi (south), ASI Map of Beit Sira - South (83), site 22; survey.iaa.org.il record 8948; printed page not given online",https://survey.iaa.org.il/#/MapSurvey/59/site/8948
59,83,Beit Sira - South,23,8949,Khirbet 'Abirjan,ח'רבת עברג'ן,,,no,,,31.900616,35.092249,geojson_point,,,,,beth_horon,2.625,,beth_horon:2.625,building;settlement_ruin,cave,,Hell;Rom;Byz,overlaps,no,,"Israel Finklestein (north) & Hananiah Hizmi (south), ASI Map of Beit Sira - South (83), site 23; survey.iaa.org.il record 8949; printed page not given online",https://survey.iaa.org.il/#/MapSurvey/59/site/8949
59,83,Beit Sira - South,25,8951,Kh. Lisa,ח'רבת לעסה,,,no,,,31.892058,35.102302,geojson_point,,,,,beth_horon,1.290,,beth_horon:1.290,cistern;settlement_ruin;quarry;installation;terrace,,,Hell;Rom;Byz,overlaps,no,,"Israel Finklestein (north) & Hananiah Hizmi (south), ASI Map of Beit Sira - South (83), site 25; survey.iaa.org.il record 8951; printed page not given online",https://survey.iaa.org.il/#/MapSurvey/59/site/8951
59,83,Beit Sira - South,62,9038,Kh. el-Judeira [136],ח'רבת אל-ג'דירה [136],,,no,,,31.867248,35.092292,geojson_point,,,,,beth_horon,2.829,,beth_horon:2.829,cistern;reservoir;tomb;cave;building;steps;wall;settlement_ruin;terrace,pool,,Hell;Rom;Byz,overlaps,no,,"Israel Finklestein (north) & Hananiah Hizmi (south), ASI Map of Beit Sira - South (83), site 62; survey.iaa.org.il record 9038; printed page not given online",https://survey.iaa.org.il/#/MapSurvey/59/site/9038
59,83,Beit Sira - South,63,9039,Kh. Harfush [137],ח'רבת חרפוש [137],,,no,,,31.879879,35.097560,geojson_point,,,,,beth_horon,1.613,,beth_horon:1.613,cistern;reservoir;tomb;cave;building;wall;settlement_ruin;winepress;terrace,pool,,Hell;Rom;Byz,overlaps,no,,"Israel Finklestein (north) & Hananiah Hizmi (south), ASI Map of Beit Sira - South (83), site 63; survey.iaa.org.il record 9039; printed page not given online",https://survey.iaa.org.il/#/MapSurvey/59/site/9039
59,83,Beit Sira - South,64,9040,Kh. el-Wasat [138],ח'רבת אל-וסט [138],,,no,,,31.881688,35.103371,geojson_point,,,,,beth_horon,1.029,,beth_horon:1.029,tomb;cave;building;settlement_ruin;winepress;oil_press,,,Hell;Rom;Byz,overlaps,no,,"Israel Finklestein (north) & Hananiah Hizmi (south), ASI Map of Beit Sira - South (83), site 64; survey.iaa.org.il record 9040; printed page not given online",https://survey.iaa.org.il/#/MapSurvey/59/site/9040
59,83,Beit Sira - South,65,9041,[139],[139],,,no,,,31.887091,35.094909,geojson_point,,,,,beth_horon,1.758,,beth_horon:1.758,cistern;building,cave,,Rom,overlaps,no,,"Israel Finklestein (north) & Hananiah Hizmi (south), ASI Map of Beit Sira - South (83), site 65; survey.iaa.org.il record 9041; printed page not given online",https://survey.iaa.org.il/#/MapSurvey/59/site/9041
59,83,Beit Sira - South,66,9042,[140],[140],,,no,,,31.887093,35.096494,geojson_point,,,,,beth_horon,1.610,,beth_horon:1.610,tomb;cave;wall;winepress;oil_press;rock_cut,,,Byz;Med;Ott,no,no,,"Israel Finklestein (north) & Hananiah Hizmi (south), ASI Map of Beit Sira - South (83), site 66; survey.iaa.org.il record 9042; printed page not given online",https://survey.iaa.org.il/#/MapSurvey/59/site/9042
62,109/7,Deir Mar Saba,14,10104,Wadi ez Zaraniq,ואדי אֶ־זָּרָאנִיק,,,no,,,31.745823,35.366107,geojson_point,,,,,hyrcania,2.983,,hyrcania:2.983,cistern;road;installation;kiln,cave,,,unknown,no,,"Joseph Patrich, ASI Map of Deir Mar Saba (109/7), site 14; survey.iaa.org.il record 10104; printed page not given online",https://survey.iaa.org.il/#/MapSurvey/62/site/10104
62,109/7,Deir Mar Saba,28,11054,Kh. ez Zeranik (S),ח׳ אֶ־זָרָאנִיק,,,no,,,31.743752,35.363571,geojson_point,,,,,hyrcania,2.762,,hyrcania:2.762,cistern;building;wall;settlement_ruin;rock_cut,pool;cave,,,unknown,no,,"Joseph Patrich, ASI Map of Deir Mar Saba (109/7), site 28; survey.iaa.org.il record 11054; printed page not given online",https://survey.iaa.org.il/#/MapSurvey/62/site/11054
62,109/7,Deir Mar Saba,29,11181,Wadi ez Zaraniq,ואדי אֶ־זָּרָאנִיק,,,no,,,31.743663,35.362305,geojson_point,,,,,hyrcania,2.765,,hyrcania:2.765,cistern;conduit;building;steps;wall;road;terrace,cave,,Byzantine,no,no,,"Joseph Patrich, ASI Map of Deir Mar Saba (109/7), site 29; survey.iaa.org.il record 11181; printed page not given online",https://survey.iaa.org.il/#/MapSurvey/62/site/11181
62,109/7,Deir Mar Saba,30,11183,Wadi Umm el Fus,ואדי אֻם אֶל־פוּס,,,no,,,31.737889,35.364195,geojson_point,,,,,hyrcania,2.107,,hyrcania:2.107,cistern;settlement_ruin;kiln,cave,,,unknown,no,,"Joseph Patrich, ASI Map of Deir Mar Saba (109/7), site 30; survey.iaa.org.il record 11183; printed page not given online",https://survey.iaa.org.il/#/MapSurvey/62/site/11183
62,109/7,Deir Mar Saba,31,11184,Magharat es Sadda (M),מָעָ׳ארַת אֶ־סַּדָּה,,,no,,,31.739146,35.368735,geojson_point,,,,,hyrcania,2.255,,hyrcania:2.255,reservoir;conduit;wall;rock_cut,cave,,,unknown,no,,"Joseph Patrich, ASI Map of Deir Mar Saba (109/7), site 31; survey.iaa.org.il record 11184; printed page not given online",https://survey.iaa.org.il/#/MapSurvey/62/site/11184
62,109/7,Deir Mar Saba,32,11191,Bir Umm el Fus (M),בִּיר אֻם אֶל־פוּס,,,no,,,31.740942,35.374753,geojson_point,,,,,hyrcania,2.576,,hyrcania:2.576,tomb;building;road;cairn;kiln,,,,unknown,no,,"Joseph Patrich, ASI Map of Deir Mar Saba (109/7), site 32; survey.iaa.org.il record 11191; printed page not given online",https://survey.iaa.org.il/#/MapSurvey/62/site/11191
62,109/7,Deir Mar Saba,33,11192,Kh. Karm Abu Ṭabaq (M),ח׳ כַּרְם אַבּוּ טַבַּק,,,no,,,31.741006,35.394065,geojson_point,,,,,buqeia,2.592,,buqeia:2.592,building;fortress;tower;settlement_ruin,,,Iron Age;Iron,no,no,,"Joseph Patrich, ASI Map of Deir Mar Saba (109/7), site 33; survey.iaa.org.il record 11192; printed page not given online",https://survey.iaa.org.il/#/MapSurvey/62/site/11192
62,109/7,Deir Mar Saba,34,11193,Naḥal Qumran (Hyrcania Valley),נַחַל קוּמְרָן (בקעת הורקניה),,,no,,,31.741802,35.405148,geojson_point,,,,,buqeia,2.853,,buqeia:2.853,tomb;settlement_ruin;cairn,cave,,Iron II;Roman,overlaps,no,,"Joseph Patrich, ASI Map of Deir Mar Saba (109/7), site 34; survey.iaa.org.il record 11193; printed page not given online",https://survey.iaa.org.il/#/MapSurvey/62/site/11193
62,109/7,Deir Mar Saba,35,11194,Kh. Abu Ṭabaq,ח׳ אַבּוּ טַבַּק,,,no,,,31.741530,35.405886,geojson_point,,,,,buqeia,2.850,,buqeia:2.850,cistern;reservoir;cave;building;fortress;tower;steps;wall;settlement_ruin;cairn;installation;rock_cut,,,Iron Age;iron;Iron;Hellenistic;Roman;Byzantine,overlaps,no,,"Joseph Patrich, ASI Map of Deir Mar Saba (109/7), site 35; survey.iaa.org.il record 11194; printed page not given online",https://survey.iaa.org.il/#/MapSurvey/62/site/11194
62,109/7,Deir Mar Saba,36,11195,Naḥal Qumran (Hyrcania Valley),נַחַל קוּמְרָן (בקעת הורקניה),,,no,,,31.739994,35.407466,geojson_point,,,,,buqeia,2.753,,buqeia:2.753,building;tower;wall;settlement_ruin;road,cave,,Iron II;Hellenistic,overlaps,no,,"Joseph Patrich, ASI Map of Deir Mar Saba (109/7), site 36; survey.iaa.org.il record 11195; printed page not given online",https://survey.iaa.org.il/#/MapSurvey/62/site/11195
62,109/7,Deir Mar Saba,37,11223,Naḥal Qumran (Hyrcania Valley),נַחַל קוּמְרָן (בקעת הורקניה),,,no,,,31.740712,35.409895,geojson_point,,,,,buqeia,2.930,,buqeia:2.930,wall;settlement_ruin;installation;threshing_floor,cave,,Chalcolithic;Iron II;Roman,overlaps,no,,"Joseph Patrich, ASI Map of Deir Mar Saba (109/7), site 37; survey.iaa.org.il record 11223; printed page not given online",https://survey.iaa.org.il/#/MapSurvey/62/site/11223
62,109/7,Deir Mar Saba,38,11273,Naḥal Qumran (Hyrcania Valley),נַחַל קוּמְרָן (בקעת הורקניה),,,no,,,31.739991,35.409576,geojson_point,,,,,buqeia,2.845,,buqeia:2.845,building;wall,,,Roman,overlaps,no,,"Joseph Patrich, ASI Map of Deir Mar Saba (109/7), site 38; survey.iaa.org.il record 11273; printed page not given online",https://survey.iaa.org.il/#/MapSurvey/62/site/11273
62,109/7,Deir Mar Saba,40,11275,Ard Abu Ṭabaq (M) (Hyrcania Valley),אַרְד אַבּוּ טַבַּק (בקעת הורקניה),,,no,,,31.738365,35.411261,geojson_point,,,,,buqeia,2.776,,buqeia:2.776,cairn,,,Roman,overlaps,no,,"Joseph Patrich, ASI Map of Deir Mar Saba (109/7), site 40; survey.iaa.org.il record 11275; printed page not given online",https://survey.iaa.org.il/#/MapSurvey/62/site/11275
62,109/7,Deir Mar Saba,41,11276,Ard Abu Ṭabaq (M) (Hyrcania Valley),אַרְד אַבּוּ טַבַּק (בקעת הורקניה),,,no,,,31.737006,35.415374,geojson_point,,,,,buqeia,2.897,,buqeia:2.897,cairn,,,,unknown,no,,"Joseph Patrich, ASI Map of Deir Mar Saba (109/7), site 41; survey.iaa.org.il record 11276; printed page not given online",https://survey.iaa.org.il/#/MapSurvey/62/site/11276
62,109/7,Deir Mar Saba,43,11278,Kh. el Munṭar (M),ח׳ אֶל־מֻנְטָאר,,,no,,,31.735115,35.344668,geojson_point,,,,,hyrcania,2.698,,hyrcania:2.698,cistern;reservoir;building;wall;settlement_ruin;pit;terrace,cave,,Second Temple;Byzantine,overlaps,no,,"Joseph Patrich, ASI Map of Deir Mar Saba (109/7), site 43; survey.iaa.org.il record 11278; printed page not given online",https://survey.iaa.org.il/#/MapSurvey/62/site/11278
62,109/7,Deir Mar Saba,44,11279,Har Monṭar,הַר מוֹנְטָר,,,no,,,31.733042,35.343399,geojson_point,,,,,hyrcania,2.647,,hyrcania:2.647,building;tower;wall;cairn,cave,,Bronze;Chalcolithic,no,no,,"Joseph Patrich, ASI Map of Deir Mar Saba (109/7), site 44; survey.iaa.org.il record 11279; printed page not given online",https://survey.iaa.org.il/#/MapSurvey/62/site/11279
62,109/7,Deir Mar Saba,45,11280,Har Monṭar,הַר מוֹנְטָר,,,no,,,31.731589,35.352577,geojson_point,,,,,hyrcania,1.890,,hyrcania:1.890,building;tower;wall;rock_cut,,,,unknown,no,,"Joseph Patrich, ASI Map of Deir Mar Saba (109/7), site 45; survey.iaa.org.il record 11280; printed page not given online",https://survey.iaa.org.il/#/MapSurvey/62/site/11280
62,109/7,Deir Mar Saba,46,11281,Har Monṭar,הַר מוֹנְטָר,,,no,,,31.731406,35.355320,geojson_point,,,,,hyrcania,1.710,,hyrcania:1.710,cistern;road;kiln,,,,unknown,no,,"Joseph Patrich, ASI Map of Deir Mar Saba (109/7), site 46; survey.iaa.org.il record 11281; printed page not given online",https://survey.iaa.org.il/#/MapSurvey/62/site/11281
62,109/7,Deir Mar Saba,47,11282,Har Monṭar,הַר מוֹנְטָר,,,no,,,31.728796,35.349935,geojson_point,,,,,hyrcania,1.870,,hyrcania:1.870,building;wall;road,cistern,,Byzantine;Mameluke,no,no,,"Joseph Patrich, ASI Map of Deir Mar Saba (109/7), site 47; survey.iaa.org.il record 11282; printed page not given online",https://survey.iaa.org.il/#/MapSurvey/62/site/11282
62,109/7,Deir Mar Saba,48,11339,Naḥal Sekhakha,נַחַל סְכָכָה,,,no,,,31.727258,35.354892,geojson_point,,,,,hyrcania,1.395,,hyrcania:1.395,conduit;building,cave,,Hasmonean;Byzantine;Second Temple,yes,no,,"Joseph Patrich, ASI Map of Deir Mar Saba (109/7), site 48; survey.iaa.org.il record 11339; printed page not given online",https://survey.iaa.org.il/#/MapSurvey/62/site/11339
62,109/7,Deir Mar Saba,49,11342,Naḥal Sekhakha,נַחַל סְכָכָה,,,no,,,31.732839,35.364186,geojson_point,,,,,hyrcania,1.548,,hyrcania:1.548,cave;building,,,,unknown,no,,"Joseph Patrich, ASI Map of Deir Mar Saba (109/7), site 49; survey.iaa.org.il record 11342; printed page not given online",https://survey.iaa.org.il/#/MapSurvey/62/site/11342
62,109/7,Deir Mar Saba,50,11347,Naḥal Sekhakha (Hyrcania Valley),נַחַל סְכָכָה (בקעת הורקניה),,,no,,,31.730089,35.397421,geojson_point,,,,,buqeia,1.400,,buqeia:1.400,building;wall;road;installation,cave,,Roman,overlaps,no,,"Joseph Patrich, ASI Map of Deir Mar Saba (109/7), site 50; survey.iaa.org.il record 11347; printed page not given online",https://survey.iaa.org.il/#/MapSurvey/62/site/11347
62,109/7,Deir Mar Saba,51,11348,Naḥal Sekhakha (Hyrcania Valley),נַחַל סְכָכָה (בקעת הורקניה),,,no,,,31.728645,35.398156,geojson_point,,,,,buqeia,1.258,,buqeia:1.258,cairn,,,Byzantine,no,no,,"Joseph Patrich, ASI Map of Deir Mar Saba (109/7), site 51; survey.iaa.org.il record 11348; printed page not given online",https://survey.iaa.org.il/#/MapSurvey/62/site/11348
62,109/7,Deir Mar Saba,52,11349,Naḥal Sekhakha (Hyrcania Valley),נַחַל סְכָכָה (בקעת הורקניה),,,no,,,31.726750,35.398680,geojson_point,,,,,buqeia,1.071,,buqeia:1.071,cistern;pool;conduit;wall;settlement_ruin;terrace;rock_cut,cave,,Iron Age;Roman,overlaps,no,,"Joseph Patrich, ASI Map of Deir Mar Saba (109/7), site 52; survey.iaa.org.il record 11349; printed page not given online",https://survey.iaa.org.il/#/MapSurvey/62/site/11349
62,109/7,Deir Mar Saba,53,11350,Ard Abu Ṭabaq (M) (Hyrcania Valley),אַרְד אַבּוּ טַבַּק (בקעת הורקניה),,,no,,,31.732778,35.408506,geojson_point,,,,,buqeia,2.119,,buqeia:2.119,cairn,cave,,,unknown,no,,"Joseph Patrich, ASI Map of Deir Mar Saba (109/7), site 53; survey.iaa.org.il record 11350; printed page not given online",https://survey.iaa.org.il/#/MapSurvey/62/site/11350
62,109/7,Deir Mar Saba,54,11351,Ard Abu Ṭabaq (M) (Hyrcania Valley),אַרְד אַבּוּ טַבַּק (בקעת הורקניה),,,no,,,31.731250,35.405337,geojson_point,,,,,buqeia,1.806,,buqeia:1.806,building;wall;cairn,,,Roman;Byzantine,overlaps,no,,"Joseph Patrich, ASI Map of Deir Mar Saba (109/7), site 54; survey.iaa.org.il record 11351; printed page not given online",https://survey.iaa.org.il/#/MapSurvey/62/site/11351
62,109/7,Deir Mar Saba,55,11352,Ard Abu Ṭabaq (M) (Hyrcania Valley),אַרְד אַבּוּ טַבַּק (בקעת הורקניה),,,no,,,31.729713,35.407444,geojson_point,,,,,buqeia,1.793,,buqeia:1.793,building,,,,unknown,no,,"Joseph Patrich, ASI Map of Deir Mar Saba (109/7), site 55; survey.iaa.org.il record 11352; printed page not given online",https://survey.iaa.org.il/#/MapSurvey/62/site/11352
62,109/7,Deir Mar Saba,56,11353,Naḥal Sekhakha (Hyrcania Valley),נַחַל סְכָכָה (בקעת הורקניה),,,no,,,31.727379,35.400475,geojson_point,,,,,buqeia,1.203,,buqeia:1.203,building;wall;installation,,,Iron II;Roman,overlaps,no,,"Joseph Patrich, ASI Map of Deir Mar Saba (109/7), site 56; survey.iaa.org.il record 11353; printed page not given online",https://survey.iaa.org.il/#/MapSurvey/62/site/11353
62,109/7,Deir Mar Saba,57,11354,Ard Abu Ṭabaq (M) (Hyrcania Valley),אַרְד אַבּוּ טַבַּק (בקעת הורקניה),,,no,,,31.728450,35.407758,geojson_point,,,,,buqeia,1.712,,buqeia:1.712,kiln,,,,unknown,no,,"Joseph Patrich, ASI Map of Deir Mar Saba (109/7), site 57; survey.iaa.org.il record 11354; printed page not given online",https://survey.iaa.org.il/#/MapSurvey/62/site/11354
62,109/7,Deir Mar Saba,58,11355,Qabr Mis‘if (M),קַבְּר מִסְעִף,,,no,,,31.725124,35.324290,geojson_point,,,,,mar_saba,2.336,,mar_saba:2.336,tomb;cave;building;wall;road;terrace,,,,unknown,no,,"Joseph Patrich, ASI Map of Deir Mar Saba (109/7), site 58; survey.iaa.org.il record 11355; printed page not given online",https://survey.iaa.org.il/#/MapSurvey/62/site/11355
62,109/7,Deir Mar Saba,59,9303,Bir el Ḥaṭṭaba (M),בִּיר אֶל־חַטָּאבָּה,,,no,,,31.722873,35.320066,geojson_point,,,,,mar_saba,2.253,,mar_saba:2.253,reservoir;wall;inscription;rock_cut,,,,unknown,no,,"Joseph Patrich, ASI Map of Deir Mar Saba (109/7), site 59; survey.iaa.org.il record 9303; printed page not given online",https://survey.iaa.org.il/#/MapSurvey/62/site/9303
62,109/7,Deir Mar Saba,60,11370,Sheikh Maseiyif (S),מָגַ׳נַּת מִסְיִף,,,no,,,31.720253,35.325761,geojson_point,,,,,mar_saba,1.777,,mar_saba:1.777,spring_well;tomb;building;mound;settlement_ruin;road;cairn;threshing_floor;inscription,cave,,,unknown,no,,"Joseph Patrich, ASI Map of Deir Mar Saba (109/7), site 60; survey.iaa.org.il record 11370; printed page not given online",https://survey.iaa.org.il/#/MapSurvey/62/site/11370
62,109/7,Deir Mar Saba,61,11371,Bir Abu el Kilab,בִּיר אַבּוּ אֶל־כִּלָאבּ,,,no,,,31.721603,35.328295,geojson_point,,,,,mar_saba,1.872,,mar_saba:1.872,cistern;reservoir;conduit;building;wall;rock_cut,cave,,Ottoman,no,no,,"Joseph Patrich, ASI Map of Deir Mar Saba (109/7), site 61; survey.iaa.org.il record 11371; printed page not given online",https://survey.iaa.org.il/#/MapSurvey/62/site/11371
62,109/7,Deir Mar Saba,62,11372,Wadi el ‘Eidharawi,ואדי אֶל־עֵידָ׳רַוִי,,,no,,,31.719504,35.352770,geojson_point,,,,,hyrcania,1.253,,hyrcania:1.253;mar_saba:2.609,conduit;cave;wall;rock_cut,,,,unknown,no,,"Joseph Patrich, ASI Map of Deir Mar Saba (109/7), site 62; survey.iaa.org.il record 11372; printed page not given online",https://survey.iaa.org.il/#/MapSurvey/62/site/11372
62,109/7,Deir Mar Saba,63,11485,Bir el Qaṭṭar (M),בִּיר אֶל־קַטָּאר,,4-5/1,yes,234188,625798,31.724663,35.359878,nig_epsg2039,31.724727,35.359953,10.0,ok,hyrcania,0.855,hyrcania:0.855,hyrcania:0.855,cistern;reservoir;conduit;cave;building;tower;steps;wall;road;quarry;installation;terrace;kiln;mosaic;inscription;rock_cut,,Byzantine,Byzantine;Herodian,yes,no,Remains of the ’Monastery of the Cave’ ( Spelaion ) — a,"Joseph Patrich, ASI Map of Deir Mar Saba (109/7), site 63; survey.iaa.org.il record 11485; printed page not given online",https://survey.iaa.org.il/#/MapSurvey/62/site/11485
62,109/7,Deir Mar Saba,64,11471,Naḥal Sekhakha,נַחַל סְכָכָה,,"4-5/7, 8",yes,234668,625818,31.724837,35.364943,nig_epsg2039,31.724901,35.365018,10.0,ok,hyrcania,0.657,hyrcania:0.657,hyrcania:0.657;buqeia:2.933,reservoir;cave;building;wall;rock_cut,,Early Arab,,unknown,no,Two (Early Arab?) rock-hewn reservoirs 100 m apart on banks of N,"Joseph Patrich, ASI Map of Deir Mar Saba (109/7), site 64; survey.iaa.org.il record 11471; printed page not given online",https://survey.iaa.org.il/#/MapSurvey/62/site/11471
62,109/7,Deir Mar Saba,65,11839,Bir Abu Shu‘la (M),בִּיר אַבּוּ שֻׁעְלָה,,"4-5/4, 5",yes,234428,625698,31.723758,35.362409,nig_epsg2039,31.723822,35.362484,10.0,ok,hyrcania,0.629,hyrcania:0.629,hyrcania:0.629,pool;reservoir;conduit;cave;building;wall;kiln;mosaic;rock_cut,cistern,"Byzantine,Early Arab",Byzantine,no,no,Ruinous rock-hewn horseshoe-shaped reservoir at foot of W slope of hill. Two,"Joseph Patrich, ASI Map of Deir Mar Saba (109/7), site 65; survey.iaa.org.il record 11839; printed page not given online",https://survey.iaa.org.il/#/MapSurvey/62/site/11839
62,109/7,Deir Mar Saba,66,11840,Naḥal Sekhakha,נַחַל סְכָכָה,,4-5/9,yes,234768,625558,31.722491,35.365994,nig_epsg2039,31.722555,35.366069,10.0,ok,hyrcania,0.388,hyrcania:0.388,hyrcania:0.388;buqeia:2.776,conduit;steps,,,,unknown,no,"Tunnel in Naḥal Sekhakha, N of Meẓudat Hyrcania. It narrows as it","Joseph Patrich, ASI Map of Deir Mar Saba (109/7), site 66; survey.iaa.org.il record 11840; printed page not given online",https://survey.iaa.org.il/#/MapSurvey/62/site/11840
62,109/7,Deir Mar Saba,67,11841,Naḥal Sekhakha,נַחַל סְכָכָה,,4-5/16,yes,234088,625398,31.721057,35.358817,nig_epsg2039,31.721121,35.358892,10.0,ok,hyrcania,0.717,hyrcania:0.717,hyrcania:0.717,conduit;wall;kiln,cave,"Hasmonean,Herodian,Herodian",Herodian;Hasmonean;Byzantine,yes,no,Remains of bridge on saddle (contour line 240) S of Naḥal Sekhakha,"Joseph Patrich, ASI Map of Deir Mar Saba (109/7), site 67; survey.iaa.org.il record 11841; printed page not given online",https://survey.iaa.org.il/#/MapSurvey/62/site/11841
62,109/7,Deir Mar Saba,68,11842,Naḥal Sekhakha,נַחַל סְכָכָה,,4-5/17,yes,234288,625398,31.721055,35.360927,nig_epsg2039,31.721118,35.361002,10.0,ok,hyrcania,0.531,hyrcania:0.531,hyrcania:0.531,conduit;wall,,,Byzantine,no,no,Remains of central bridge (No. 47 on map) on saddle S of,"Joseph Patrich, ASI Map of Deir Mar Saba (109/7), site 68; survey.iaa.org.il record 11842; printed page not given online",https://survey.iaa.org.il/#/MapSurvey/62/site/11842
62,109/7,Deir Mar Saba,69,12565,Naḥal Sekhakha,נַחַל סְכָכָה,,4-5/11-13,yes,234618,625218,31.719427,35.364406,nig_epsg2039,31.719491,35.364481,10.0,ok,hyrcania,0.158,hyrcania:0.158,hyrcania:0.158;buqeia:2.881,pool;reservoir;conduit;spring_well;fortress;wall;pit;quarry;rock_cut,cistern;cave,"Hasmonean,Herodian,Herodian,Second Temple period,Byzantine",Herodian;Byzantine;Hasmonean;Roman;Second Temple,yes,no,Remains of bridge on narrow saddle (which also served as approach to,"Joseph Patrich, ASI Map of Deir Mar Saba (109/7), site 69; survey.iaa.org.il record 12565; printed page not given online",https://survey.iaa.org.il/#/MapSurvey/62/site/12565
62,109/7,Deir Mar Saba,70,12566,Hyrcania,הוֹרְקַנְיָה,Kh. Mird (S); El Mird (M),4-5/10,yes,234689,625138,31.718704,35.365154,nig_epsg2039,31.718768,35.365219,9.4,ok,hyrcania,0.087,hyrcania:0.087,hyrcania:0.087;buqeia:2.806,cistern;pool;reservoir;conduit;tomb;cave;building;fortress;steps;wall;settlement_ruin;road;kiln;mosaic;inscription;rock_cut,spring_well,"Hasmonean,Herodian,Byzantine",Hasmonean;Herodian;Byzantine;Roman,yes,no,"Remains of Hasmonean fortress on summit (spot height 248), commanding the Hyrcania","Joseph Patrich, ASI Map of Deir Mar Saba (109/7), site 70; survey.iaa.org.il record 12566; printed page not given online",https://survey.iaa.org.il/#/MapSurvey/62/site/12566
62,109/7,Deir Mar Saba,71,12567,Naḥal Sekhakha (Hyrcania Valley),נַחַל סְכָכָה (בקעת הורקניה),,6-5/1,yes,236789,625168,31.718945,35.387311,nig_epsg2039,31.719010,35.387375,9.5,ok,buqeia,0.722,buqeia:0.722,buqeia:0.722;hyrcania:2.016,cistern;fortress;settlement_ruin,cave,"Iron Age II,Early Arab,Crusader",Iron;Crusader;Iron Age,no,no,"Oval enclosure (130×140 m) in the Hyrcania Valley, between tributaries of Naḥal","Joseph Patrich, ASI Map of Deir Mar Saba (109/7), site 71; survey.iaa.org.il record 12567; printed page not given online",https://survey.iaa.org.il/#/MapSurvey/62/site/12567
62,109/7,Deir Mar Saba,72,12568,Naḥal Sekhakha (Hyrcania Valley),נַחַל סְכָכָה (בקעת הורקניה),,7-5/1,yes,237108,625648,31.723269,35.390685,nig_epsg2039,31.723335,35.390760,10.2,ok,buqeia,0.731,buqeia:0.731,buqeia:0.731;hyrcania:2.383,pool;wall;cairn,,,,unknown,no,Oval cairn (4.2×4.5 m) near tributary of Naḥal Sekhakha: walls (0.8–1 m,"Joseph Patrich, ASI Map of Deir Mar Saba (109/7), site 72; survey.iaa.org.il record 12568; printed page not given online",https://survey.iaa.org.il/#/MapSurvey/62/site/12568
62,109/7,Deir Mar Saba,73,12569,Naḥal Sekhakha (Hyrcania Valley),נַחַל סְכָכָה (בקעת הורקניה),,7-5/2,yes,237538,625578,31.722631,35.395221,nig_epsg2039,31.722697,35.395296,10.2,ok,buqeia,0.550,buqeia:0.550,buqeia:0.550;hyrcania:2.793,tower;road,cave,"Iron Age II,Roman",Iron II;Roman;Iron Age,overlaps,no,"Circular tower (8 m diam., 1 m wide; one course of stones","Joseph Patrich, ASI Map of Deir Mar Saba (109/7), site 73; survey.iaa.org.il record 12569; printed page not given online",https://survey.iaa.org.il/#/MapSurvey/62/site/12569
62,109/7,Deir Mar Saba,74,12570,Naḥal Sekhakha (Hyrcania Valley),נַחַל סְכָכָה (בקעת הורקניה),,8-5/2,yes,238039,625258,31.719737,35.400500,nig_epsg2039,31.719803,35.400565,9.6,ok,buqeia,0.585,buqeia:0.585,buqeia:0.585,building;wall;settlement_ruin;cairn;installation;threshing_floor,cistern;cave,,,unknown,no,Remains of installation (threshing-floor?) on low spur between branches of Naḥal Sekhakha:,"Joseph Patrich, ASI Map of Deir Mar Saba (109/7), site 74; survey.iaa.org.il record 12570; printed page not given online",https://survey.iaa.org.il/#/MapSurvey/62/site/12570
62,109/7,Deir Mar Saba,75,12571,Naḥal Sekhakha (Hyrcania Valley),נַחַל סְכָכָה (בקעת הורקניה),,,no,,,31.722413,35.404475,geojson_point,,,,,buqeia,1.055,,buqeia:1.055,cairn,,,,unknown,no,,"Joseph Patrich, ASI Map of Deir Mar Saba (109/7), site 75; survey.iaa.org.il record 12571; printed page not given online",https://survey.iaa.org.il/#/MapSurvey/62/site/12571
62,109/7,Deir Mar Saba,76,12572,El Qarn (M),אֶל־קַרְן,,,no,,,31.714669,35.316681,geojson_point,,,,,mar_saba,1.745,,mar_saba:1.745,conduit;building;wall,cave,,Mameluke;Ottoman,no,no,,"Joseph Patrich, ASI Map of Deir Mar Saba (109/7), site 76; survey.iaa.org.il record 12572; printed page not given online",https://survey.iaa.org.il/#/MapSurvey/62/site/12572
62,109/7,Deir Mar Saba,77,12573,Wadi el Ḥeiyat,ואדי אֶל־חֵיָאת,,,no,,,31.711693,35.316677,geojson_point,,,,,mar_saba,1.561,,mar_saba:1.561,reservoir;conduit;wall;rock_cut,cave,,Byzantine,no,no,,"Joseph Patrich, ASI Map of Deir Mar Saba (109/7), site 77; survey.iaa.org.il record 12573; printed page not given online",https://survey.iaa.org.il/#/MapSurvey/62/site/12573
62,109/7,Deir Mar Saba,78,12574,Naḥal Qidron,נַחַל קִדְרוֹן,,,no,,,31.716193,35.327233,geojson_point,,,,,mar_saba,1.305,,mar_saba:1.305,cistern;building;wall;rock_cut,reservoir,,Byzantine,no,no,,"Joseph Patrich, ASI Map of Deir Mar Saba (109/7), site 78; survey.iaa.org.il record 12574; printed page not given online",https://survey.iaa.org.il/#/MapSurvey/62/site/12574
62,109/7,Deir Mar Saba,79,12575,Bir Ibrahim (M),בִּיר אִבְּרָהִים,,,no,,,31.715920,35.330187,geojson_point,,,,,mar_saba,1.224,,mar_saba:1.224,cistern;building;terrace;threshing_floor;rock_cut,reservoir;cave,,iron;Byzantine,no,no,,"Joseph Patrich, ASI Map of Deir Mar Saba (109/7), site 79; survey.iaa.org.il record 12575; printed page not given online",https://survey.iaa.org.il/#/MapSurvey/62/site/12575
62,109/7,Deir Mar Saba,80,12576,‘Ein el Baqquq,עֵין אֶל־בַּקּוּק,,,no,,,31.716279,35.331559,geojson_point,,,,,mar_saba,1.261,,mar_saba:1.261,cistern;pool;reservoir;conduit;building;wall;installation;terrace;rock_cut,cave,,Mameluke;Byzantine;iron,no,no,,"Joseph Patrich, ASI Map of Deir Mar Saba (109/7), site 80; survey.iaa.org.il record 12576; printed page not given online",https://survey.iaa.org.il/#/MapSurvey/62/site/12576
62,109/7,Deir Mar Saba,81,12577,Naḥal Qidron,נַחַל קִדְרוֹן,,,no,,,31.714835,35.332717,geojson_point,,,,,mar_saba,1.110,,mar_saba:1.110,building;wall,cave,,Mameluke,no,no,,"Joseph Patrich, ASI Map of Deir Mar Saba (109/7), site 81; survey.iaa.org.il record 12577; printed page not given online",https://survey.iaa.org.il/#/MapSurvey/62/site/12577
62,109/7,Deir Mar Saba,82,12578,Naḥal Qidron,נַחַל קִדְרוֹן,,1-4/106,yes,231489,624588,31.713782,35.331385,nig_epsg2039,31.713844,35.331450,9.2,ok,mar_saba,0.983,mar_saba:0.983,mar_saba:0.983,cistern;reservoir;conduit;tower;steps;wall;road;rock_cut,cave,Byzantine,Byzantine,no,no,"Robbed remains of complex (the ‘Great Laura’, Complex 4; remains of N","Joseph Patrich, ASI Map of Deir Mar Saba (109/7), site 82; survey.iaa.org.il record 12578; printed page not given online",https://survey.iaa.org.il/#/MapSurvey/62/site/12578
62,109/7,Deir Mar Saba,83,12648,Naḥal Qidron,נַחַל קִדְרוֹן,,1-4/110,yes,231549,624158,31.709904,35.332013,nig_epsg2039,31.709966,35.332078,9.2,ok,mar_saba,0.558,mar_saba:0.558,mar_saba:0.558,pool;reservoir;conduit;wall;quarry;terrace;rock_cut,cistern,,Byzantine,no,no,Segments of aqueduct to Hyrcania (Nos. 11–17 on map) on E cliffs,"Joseph Patrich, ASI Map of Deir Mar Saba (109/7), site 83; survey.iaa.org.il record 12648; printed page not given online",https://survey.iaa.org.il/#/MapSurvey/62/site/12648
62,109/7,Deir Mar Saba,84,12657,Naḥal Qidron,נַחַל קִדְרוֹן,,1-4/105,yes,231459,623998,31.708462,35.331062,nig_epsg2039,31.708524,35.331127,9.2,ok,mar_saba,0.392,mar_saba:0.392,mar_saba:0.392,cistern;conduit;building;road,cave,Early Arab,,unknown,no,"Poorly preserved remains of complex (28×33 m; the ‘Great Laura’, Complex 18),","Joseph Patrich, ASI Map of Deir Mar Saba (109/7), site 84; survey.iaa.org.il record 12657; printed page not given online",https://survey.iaa.org.il/#/MapSurvey/62/site/12657
62,109/7,Deir Mar Saba,85,12658,Wadi el Baqquq,ואדי אֶל־בַּקּוּק,,,no,,,31.717085,35.337257,geojson_point,,,,,mar_saba,1.469,,mar_saba:1.469;hyrcania:2.727,cistern;conduit;building;tower;wall;terrace,cave,,Byzantine,no,no,,"Joseph Patrich, ASI Map of Deir Mar Saba (109/7), site 85; survey.iaa.org.il record 12658; printed page not given online",https://survey.iaa.org.il/#/MapSurvey/62/site/12658
62,109/7,Deir Mar Saba,86,12659,Wadi el Makari,ואדי אֶל־מַכָּרִי,,,no,,,31.710857,35.342735,geojson_point,,,,,mar_saba,1.278,,mar_saba:1.278;hyrcania:2.380,conduit;spring_well;building;rock_cut,cave,,,unknown,no,,"Joseph Patrich, ASI Map of Deir Mar Saba (109/7), site 86; survey.iaa.org.il record 12659; printed page not given online",https://survey.iaa.org.il/#/MapSurvey/62/site/12659
62,109/7,Deir Mar Saba,87,12660,Wadi el Makari,ואדי אֶל־מַכָּרִי,,,no,,,31.714457,35.349597,geojson_point,,,,,hyrcania,1.632,,hyrcania:1.632;mar_saba:2.041,conduit;wall,,,,unknown,no,,"Joseph Patrich, ASI Map of Deir Mar Saba (109/7), site 87; survey.iaa.org.il record 12660; printed page not given online",https://survey.iaa.org.il/#/MapSurvey/62/site/12660
62,109/7,Deir Mar Saba,88,12776,Wadi el ‘Eidharawi,ואדי אֶל־עֵידָ׳רַוִי,,,no,,,31.713008,35.355292,geojson_point,,,,,hyrcania,1.212,,hyrcania:1.212;mar_saba:2.454,pool;reservoir;conduit;steps;wall;rock_cut,cistern;cave;spring_well,,Byzantine,no,no,,"Joseph Patrich, ASI Map of Deir Mar Saba (109/7), site 88; survey.iaa.org.il record 12776; printed page not given online",https://survey.iaa.org.il/#/MapSurvey/62/site/12776
62,109/7,Deir Mar Saba,89,12777,Wadi el Makari,ואדי אֶל־מַכָּרִי,,,no,,,31.709856,35.351489,geojson_point,,,,,hyrcania,1.708,,hyrcania:1.708;mar_saba:2.000,cistern;tomb;cave;mound;terrace,,,Iron II;Roman;Mameluke,overlaps,no,,"Joseph Patrich, ASI Map of Deir Mar Saba (109/7), site 89; survey.iaa.org.il record 12777; printed page not given online",https://survey.iaa.org.il/#/MapSurvey/62/site/12777
62,109/7,Deir Mar Saba,90,12778,Wadi el ‘Eidharawi,ואדי אֶל־עֵידָ׳רַוִי,,4-4/1,yes,234269,624968,31.717177,35.360720,nig_epsg2039,31.717240,35.360785,9.4,ok,hyrcania,0.539,hyrcania:0.539,hyrcania:0.539,conduit;fortress;pit;rock_cut,cistern,Roman,Second Temple;Roman,overlaps,no,"Pair of meticulously hewn pits (0.9, 1.2 m diam.; 4.5 m deep)","Joseph Patrich, ASI Map of Deir Mar Saba (109/7), site 90; survey.iaa.org.il record 12778; printed page not given online",https://survey.iaa.org.il/#/MapSurvey/62/site/12778
62,109/7,Deir Mar Saba,91,12779,Kurm El ‘Ajaz (S),כַּרְם אֶ־סַּמְרָא (אֶל־עָגָ׳ז),Karm es Samra (El ‘Ajaz) (M),7-4/1,yes,237189,624928,31.716775,35.391526,nig_epsg2039,31.716840,35.391592,9.5,ok,buqeia,0.326,buqeia:0.326,buqeia:0.326;hyrcania:2.427,reservoir;fortress;tower;wall;terrace,cave,"Iron Age II,Hellenistic,Roman,Byzantine",Iron Age;Iron II;Hellenistic;Roman;Byzantine,overlaps,no,Remains of rectangular Iron Age II casemate fortress (39.5×69 m) on shoulder,"Joseph Patrich, ASI Map of Deir Mar Saba (109/7), site 91; survey.iaa.org.il record 12779; printed page not given online",https://survey.iaa.org.il/#/MapSurvey/62/site/12779
62,109/7,Deir Mar Saba,92,12780,Naḥal Sekhakha (Hyrcania Valley),נַחַל סְכָכָה (בקעת הורקניה),,"8-4/1,2",yes,238139,624388,31.711890,35.401539,nig_epsg2039,31.711956,35.401605,9.6,ok,buqeia,0.908,buqeia:0.908,buqeia:0.908,wall;cairn,cave,,,unknown,no,"Wall (250 m long, 0.8 m wide) oriented NW–SE on spur between","Joseph Patrich, ASI Map of Deir Mar Saba (109/7), site 92; survey.iaa.org.il record 12780; printed page not given online",https://survey.iaa.org.il/#/MapSurvey/62/site/12780
62,109/7,Deir Mar Saba,93,12781,Wadi es Samara,ואדי אֶ־סָּמָרָה,,,no,,,31.716979,35.419234,geojson_point,,,,,buqeia,2.313,,buqeia:2.313,,cave,,,unknown,no,,"Joseph Patrich, ASI Map of Deir Mar Saba (109/7), site 93; survey.iaa.org.il record 12781; printed page not given online",https://survey.iaa.org.il/#/MapSurvey/62/site/12781
62,109/7,Deir Mar Saba,94,12782,Naḥal Qidron,נַחַל קִדְרוֹן,,1-3/101,yes,231259,623868,31.707291,35.328950,nig_epsg2039,31.707353,35.329015,9.2,ok,mar_saba,0.334,mar_saba:0.334,mar_saba:0.334,cistern;conduit;building;wall;road;rock_cut,cave,Byzantine,Byzantine,no,no,"Remains of structure (14×15 m; the ‘Great Laura’, Complex 17) comprised of","Joseph Patrich, ASI Map of Deir Mar Saba (109/7), site 94; survey.iaa.org.il record 12782; printed page not given online",https://survey.iaa.org.il/#/MapSurvey/62/site/12782
62,109/7,Deir Mar Saba,95,12783,Naḥal Qidron,נַחַל קִדְרוֹן,,1-3/104,yes,231389,623798,31.706659,35.330321,nig_epsg2039,31.706721,35.330386,9.2,ok,mar_saba,0.207,mar_saba:0.207,mar_saba:0.207,cistern;building;tower;wall;road;quarry;mosaic;rock_cut,cave,"Byzantine,Mamluk",Byzantine;Mameluke;Mamluk,no,no,"Poorly preserved complex (the ‘Great Laura’, Complex 25) on spur W of","Joseph Patrich, ASI Map of Deir Mar Saba (109/7), site 95; survey.iaa.org.il record 12783; printed page not given online",https://survey.iaa.org.il/#/MapSurvey/62/site/12783
62,109/7,Deir Mar Saba,96,12784,Naḥal Qidron,נַחַל קִדְרוֹן,,1-3/105,yes,231379,623698,31.705757,35.330214,nig_epsg2039,31.705819,35.330279,9.2,ok,mar_saba,0.127,mar_saba:0.127,mar_saba:0.127,cistern;pool;reservoir;conduit;cave;building;wall;road;rock_cut,,,,unknown,no,"Plastered cisterns and reservoirs, on two levels, on slope W of Naḥal","Joseph Patrich, ASI Map of Deir Mar Saba (109/7), site 96; survey.iaa.org.il record 12784; printed page not given online",https://survey.iaa.org.il/#/MapSurvey/62/site/12784
62,109/7,Deir Mar Saba,97,12785,Deir Maqtal el Ghuweir,דֵּיר מַקְתַּל אֶל־עֻ׳וֵיר,Dar Maqtal el Ghuweir (M),1-3/102,yes,231299,623528,31.704225,35.329368,nig_epsg2039,31.704286,35.329434,9.2,ok,mar_saba,0.186,mar_saba:0.186,mar_saba:0.186,cistern;pool;reservoir;conduit;building;tower;wall;settlement_ruin;rock_cut,cave,"Byzantine,Early Arab",Byzantine,no,no,Ruins of a large structure — apparently the hostel mentioned by Cyril,"Joseph Patrich, ASI Map of Deir Mar Saba (109/7), site 97; survey.iaa.org.il record 12785; printed page not given online",https://survey.iaa.org.il/#/MapSurvey/62/site/12785
62,109/7,Deir Mar Saba,98,12786,Mar Saba (S),דֵּיר מַר סַבָּא,Deir Mar Saba (M),"1-3/1-18; 1-4/3-15, 101-106",yes,231489,624178,31.710085,35.331380,nig_epsg2039,31.710147,35.331445,9.2,ok,mar_saba,0.572,mar_saba:0.572,mar_saba:0.572,cistern;pool;reservoir;tomb;cave;building;tower;steps;wall;road;quarry;kiln;mosaic;inscription;rock_cut,conduit;spring_well,"Byzantine,Early Arab,Crusader",Byzantine;Crusader,no,no,"A monastery of anchorites (laura), known in ancient sources as the ‘Great","Joseph Patrich, ASI Map of Deir Mar Saba (109/7), site 98; survey.iaa.org.il record 12786; printed page not given online",https://survey.iaa.org.il/#/MapSurvey/62/site/12786
62,109/7,Deir Mar Saba,99,12787,Naḥal Qidron,נַחַל קִדְרוֹן,,2-3/1,yes,232189,623048,31.699886,35.338750,nig_epsg2039,31.699948,35.338816,9.3,ok,mar_saba,0.913,mar_saba:0.913,mar_saba:0.913,cairn,,,,unknown,no,Remains of cairn (3 m diam.) on slope E of Naḥal Qidron:,"Joseph Patrich, ASI Map of Deir Mar Saba (109/7), site 99; survey.iaa.org.il record 12787; printed page not given online",https://survey.iaa.org.il/#/MapSurvey/62/site/12787
62,109/7,Deir Mar Saba,100,12788,Naḥal Qidron,נַחַל קִדְרוֹן,,,no,,,31.700840,35.348839,geojson_point,,,,,mar_saba,1.734,,mar_saba:1.734;hyrcania:2.591,cairn,,,,unknown,no,,"Joseph Patrich, ASI Map of Deir Mar Saba (109/7), site 100; survey.iaa.org.il record 12788; printed page not given online",https://survey.iaa.org.il/#/MapSurvey/62/site/12788
62,109/7,Deir Mar Saba,101,12789,Kh. el Makari (M),ח׳ אֶל־מַכָּרִי,,,no,,,31.699448,35.381432,geojson_point,,,,,buqeia,2.391,,buqeia:2.391;hyrcania:2.619,pool;reservoir;fortress;wall;settlement_ruin;terrace;rock_cut,cave,,Iron Age;Roman;Iron II;Hellenistic;Byzantine,overlaps,no,,"Joseph Patrich, ASI Map of Deir Mar Saba (109/7), site 101; survey.iaa.org.il record 12789; printed page not given online",https://survey.iaa.org.il/#/MapSurvey/62/site/12789
62,109/7,Deir Mar Saba,102,12790,Wadi el Makari,ואדי אֶל־מַכָּרִי,,,no,,,31.699891,35.387340,geojson_point,,,,,buqeia,2.102,,buqeia:2.102;hyrcania:2.931,cairn,cave,,,unknown,no,,"Joseph Patrich, ASI Map of Deir Mar Saba (109/7), site 102; survey.iaa.org.il record 12790; printed page not given online",https://survey.iaa.org.il/#/MapSurvey/62/site/12790
62,109/7,Deir Mar Saba,103,12791,Wadi ‘Amriya,ואדי עַמְרִיָּה,,,no,,,31.701683,35.395782,geojson_point,,,,,buqeia,1.783,,buqeia:1.783,cairn,cave,,,unknown,no,,"Joseph Patrich, ASI Map of Deir Mar Saba (109/7), site 103; survey.iaa.org.il record 12791; printed page not given online",https://survey.iaa.org.il/#/MapSurvey/62/site/12791
62,109/7,Deir Mar Saba,104,12792,Wadi ‘Amriya,ואדי עַמְרִיָּה,,,no,,,31.704827,35.404227,geojson_point,,,,,buqeia,1.686,,buqeia:1.686,cairn,,,,unknown,no,,"Joseph Patrich, ASI Map of Deir Mar Saba (109/7), site 104; survey.iaa.org.il record 12792; printed page not given online",https://survey.iaa.org.il/#/MapSurvey/62/site/12792
62,109/7,Deir Mar Saba,105,12793,Wadi es Samara,ואדי אֶ־סָּמָרָה,,,no,,,31.705804,35.413935,geojson_point,,,,,buqeia,2.242,,buqeia:2.242,wall;road;kiln,,,,unknown,no,,"Joseph Patrich, ASI Map of Deir Mar Saba (109/7), site 105; survey.iaa.org.il record 12793; printed page not given online",https://survey.iaa.org.il/#/MapSurvey/62/site/12793
62,109/7,Deir Mar Saba,106,12794,Wadi es Samara,ואדי אֶ־סָּמָרָה,,,no,,,31.703823,35.412242,geojson_point,,,,,buqeia,2.259,,buqeia:2.259,tomb;mound,,,,unknown,no,,"Joseph Patrich, ASI Map of Deir Mar Saba (109/7), site 106; survey.iaa.org.il record 12794; printed page not given online",https://survey.iaa.org.il/#/MapSurvey/62/site/12794
62,109/7,Deir Mar Saba,107,12801,Wadi Umm Sarj,ואדי אֻם סַרְג׳,,,no,,,31.695459,35.317503,geojson_point,,,,,mar_saba,1.667,,mar_saba:1.667,wall;cairn,cave,,,unknown,no,,"Joseph Patrich, ASI Map of Deir Mar Saba (109/7), site 107; survey.iaa.org.il record 12801; printed page not given online",https://survey.iaa.org.il/#/MapSurvey/62/site/12801
62,109/7,Deir Mar Saba,108,12802,Naḥal Qidron,נַחַל קִדְרוֹן,,,no,,,31.691004,35.353782,geojson_point,,,,,mar_saba,2.643,,mar_saba:2.643,cairn,,,,unknown,no,,"Joseph Patrich, ASI Map of Deir Mar Saba (109/7), site 108; survey.iaa.org.il record 12802; printed page not given online",https://survey.iaa.org.il/#/MapSurvey/62/site/12802
62,109/7,Deir Mar Saba,111,12811,Wadi el Makari (Hyrcania Valley),ואדי אֶל־מַכָּרִי (בקעת הורקניה),,,no,,,31.698814,35.383646,geojson_point,,,,,buqeia,2.350,,buqeia:2.350;hyrcania:2.797,cistern;cairn,,,,unknown,no,,"Joseph Patrich, ASI Map of Deir Mar Saba (109/7), site 111; survey.iaa.org.il record 12811; printed page not given online",https://survey.iaa.org.il/#/MapSurvey/62/site/12811
62,109/7,Deir Mar Saba,112,12812,Wadi el Makari (Hyrcania Valley),ואדי אֶל־מַכָּרִי (בקעת הורקניה),,,no,,,31.694760,35.379946,geojson_point,,,,,buqeia,2.912,,buqeia:2.912,building,,,Iron;Persian;Hellenistic,overlaps,no,,"Joseph Patrich, ASI Map of Deir Mar Saba (109/7), site 112; survey.iaa.org.il record 12812; printed page not given online",https://survey.iaa.org.il/#/MapSurvey/62/site/12812
62,109/7,Deir Mar Saba,113,12813,Wadi el Makari (Hyrcania Valley),ואדי אֶל־מַכָּרִי (בקעת הורקניה),,,no,,,31.694215,35.383426,geojson_point,,,,,buqeia,2.824,,buqeia:2.824,building;wall;road;cairn;rock_cut,cave,,Roman;Byzantine,overlaps,no,,"Joseph Patrich, ASI Map of Deir Mar Saba (109/7), site 113; survey.iaa.org.il record 12813; printed page not given online",https://survey.iaa.org.il/#/MapSurvey/62/site/12813
62,109/7,Deir Mar Saba,114,12814,Wadi el Makari (Hyrcania Valley),ואדי אֶל־מַכָּרִי (בקעת הורקניה),,,no,,,31.694030,35.386907,geojson_point,,,,,buqeia,2.736,,buqeia:2.736,wall;cairn;installation,cave,,,unknown,no,,"Joseph Patrich, ASI Map of Deir Mar Saba (109/7), site 114; survey.iaa.org.il record 12814; printed page not given online",https://survey.iaa.org.il/#/MapSurvey/62/site/12814
62,109/7,Deir Mar Saba,116,12816,Wadi ‘Amriya,ואדי עַמְרִיָּה,,,no,,,31.694004,35.404732,geojson_point,,,,,buqeia,2.797,,buqeia:2.797,pool;reservoir;conduit;wall;rock_cut,cistern,,,unknown,no,,"Joseph Patrich, ASI Map of Deir Mar Saba (109/7), site 116; survey.iaa.org.il record 12816; printed page not given online",https://survey.iaa.org.il/#/MapSurvey/62/site/12816
62,109/7,Deir Mar Saba,118,12818,Wadi Umm Sarj,ואדי אֻם סַרְג׳,,,no,,,31.686892,35.316650,geojson_point,,,,,mar_saba,2.431,,mar_saba:2.431,cairn;rock_cut,,,,unknown,no,,"Joseph Patrich, ASI Map of Deir Mar Saba (109/7), site 118; survey.iaa.org.il record 12818; printed page not given online",https://survey.iaa.org.il/#/MapSurvey/62/site/12818
62,109/7,Deir Mar Saba,119,12819,Wadi el Ḥumeima,ואדי אֶל־חֻמֵימָה,,,no,,,31.683254,35.348075,geojson_point,,,,,mar_saba,2.895,,mar_saba:2.895,cairn,,,,unknown,no,,"Joseph Patrich, ASI Map of Deir Mar Saba (109/7), site 119; survey.iaa.org.il record 12819; printed page not given online",https://survey.iaa.org.il/#/MapSurvey/62/site/12819
62,109/7,Deir Mar Saba,128,12828,Wadi Umm Sarj,ואדי אֻם סַרְג׳,,,no,,,31.680733,35.344591,geojson_point,,,,,mar_saba,2.977,,mar_saba:2.977,wall;cairn,cave,,,unknown,no,,"Joseph Patrich, ASI Map of Deir Mar Saba (109/7), site 128; survey.iaa.org.il record 12828; printed page not given online",https://survey.iaa.org.il/#/MapSurvey/62/site/12828
63,102,Jerusalem,2,8969,Wadi el Jauza,ואדי אֶל-גַ'וּזָה,,,no,,,31.846653,35.217094,geojson_point,,,,,tell_el_ful,2.901,,tell_el_ful:2.901,tower;cairn;terrace,,,,unknown,no,,"Amos Kloner (Jerusalem survey); Uri Dinur and Nurit Feig (Benjamin survey), ASI Map of Jerusalem (102), site 2; survey.iaa.org.il record 8969; printed page not given online",https://survey.iaa.org.il/#/MapSurvey/63/site/8969
63,102,Jerusalem,3,8970,Kh. 'Addasa (M) (east),ח' עַדָּאסָה (מזרח),,,no,,,31.846562,35.215720,geojson_point,,,,,tell_el_ful,2.954,,tell_el_ful:2.954,cistern;tomb;cave;steps;settlement_ruin;pit;rock_cut,,,,unknown,no,,"Amos Kloner (Jerusalem survey); Uri Dinur and Nurit Feig (Benjamin survey), ASI Map of Jerusalem (102), site 3; survey.iaa.org.il record 8970; printed page not given online",https://survey.iaa.org.il/#/MapSurvey/63/site/8970
63,102,Jerusalem,4,8971,Kh. 'Adaseh (S),ח' עַדָּאסָה,,,no,,,31.846562,35.214875,geojson_point,,,,,tell_el_ful,2.994,,tell_el_ful:2.994,cistern;conduit;tomb;cave;wall;settlement_ruin;winepress;terrace;mosaic,,,Herodian;Roman;Byzantine,yes,no,,"Amos Kloner (Jerusalem survey); Uri Dinur and Nurit Feig (Benjamin survey), ASI Map of Jerusalem (102), site 4; survey.iaa.org.il record 8971; printed page not given online",https://survey.iaa.org.il/#/MapSurvey/63/site/8971
63,102,Jerusalem,6,8973,Wadi el Jauza,ואדי אֶל-גַ'וּזָה,,,no,,,31.848185,35.221320,geojson_point,,,,,tell_el_ful,2.901,,tell_el_ful:2.901,building;wall,,,,unknown,no,,"Amos Kloner (Jerusalem survey); Uri Dinur and Nurit Feig (Benjamin survey), ASI Map of Jerusalem (102), site 6; survey.iaa.org.il record 8973; printed page not given online",https://survey.iaa.org.il/#/MapSurvey/63/site/8973
63,102,Jerusalem,8,9017,Kh. Erha (S),ח׳ אִרְהָא,,,no,,,31.847462,35.236006,geojson_point,,,,,tell_el_ful,2.705,,tell_el_ful:2.705,cistern;building;wall;settlement_ruin;cairn;rock_cut,,,Ottoman;Bronze;Iron Age;Hellenistic,overlaps,no,,"Amos Kloner (Jerusalem survey); Uri Dinur and Nurit Feig (Benjamin survey), ASI Map of Jerusalem (102), site 8; survey.iaa.org.il record 9017; printed page not given online",https://survey.iaa.org.il/#/MapSurvey/63/site/9017
63,102,Jerusalem,9,9018,Wadi Abu Latiya,ואדי אַבּוּ לָטִיָּה,,,no,,,31.845205,35.246359,geojson_point,,,,,tell_el_ful,2.808,,tell_el_ful:2.808,tomb;building;wall;road;oil_press;installation;rock_cut,cave,,Herodian;Roman;Byzantine,yes,no,,"Amos Kloner (Jerusalem survey); Uri Dinur and Nurit Feig (Benjamin survey), ASI Map of Jerusalem (102), site 9; survey.iaa.org.il record 9018; printed page not given online",https://survey.iaa.org.il/#/MapSurvey/63/site/9018
63,102,Jerusalem,10,9019,Kh. Shi'b es Sira (M),ח' שִׁעְבּ אֶ-צִּירָה,,,no,,,31.845026,35.242133,geojson_point,,,,,tell_el_ful,2.609,,tell_el_ful:2.609,building;settlement_ruin,,,,unknown,no,,"Amos Kloner (Jerusalem survey); Uri Dinur and Nurit Feig (Benjamin survey), ASI Map of Jerusalem (102), site 10; survey.iaa.org.il record 9019; printed page not given online",https://survey.iaa.org.il/#/MapSurvey/63/site/9019
63,102,Jerusalem,11,9020,Wadi el Jauza,ואדי אֶל־גַ׳וּזָה,,,no,,,31.841331,35.227658,geojson_point,,,,,tell_el_ful,2.013,,tell_el_ful:2.013,conduit;quarry;winepress;rock_cut,cistern,,,unknown,no,,"Amos Kloner (Jerusalem survey); Uri Dinur and Nurit Feig (Benjamin survey), ASI Map of Jerusalem (102), site 11; survey.iaa.org.il record 9020; printed page not given online",https://survey.iaa.org.il/#/MapSurvey/63/site/9020
63,102,Jerusalem,12,9021,Kh. Deir Sallam {M),ח' דֵּיר סַלָּאם,,,no,,,31.842681,35.241604,geojson_point,,,,,tell_el_ful,2.350,,tell_el_ful:2.350,tomb;cave;building;wall;settlement_ruin;oil_press;rock_cut,cistern,,,unknown,no,,"Amos Kloner (Jerusalem survey); Uri Dinur and Nurit Feig (Benjamin survey), ASI Map of Jerusalem (102), site 12; survey.iaa.org.il record 9021; printed page not given online",https://survey.iaa.org.il/#/MapSurvey/63/site/9021
63,102,Jerusalem,13,9022,Newe Ya'aqov (west),נְוֵה יַעֲקֹב (מערב),,,no,,,31.841150,35.233363,geojson_point,,,,,tell_el_ful,1.975,,tell_el_ful:1.975,cairn,cave,,Byzantine,no,no,,"Amos Kloner (Jerusalem survey); Uri Dinur and Nurit Feig (Benjamin survey), ASI Map of Jerusalem (102), site 13; survey.iaa.org.il record 9022; printed page not given online",https://survey.iaa.org.il/#/MapSurvey/63/site/9022
63,102,Jerusalem,14,9023,Maqta'al Karkis (M),מַקְטַעַת כַּרְכִּיס,,,no,,,31.835647,35.238644,geojson_point,,,,,tell_el_ful,1.525,,tell_el_ful:1.525,quarry;winepress;kiln;rock_cut,,,Byzantine,no,no,,"Amos Kloner (Jerusalem survey); Uri Dinur and Nurit Feig (Benjamin survey), ASI Map of Jerusalem (102), site 14; survey.iaa.org.il record 9023; printed page not given online",https://survey.iaa.org.il/#/MapSurvey/63/site/9023
63,102,Jerusalem,15,9025,Newe Ya'aqov,נְוֵה יַעֲקֹב,,,no,,,31.836190,35.232305,geojson_point,,,,,tell_el_ful,1.417,,tell_el_ful:1.417,settlement_ruin;pit;mosaic;rock_cut,cistern,,,unknown,no,,"Amos Kloner (Jerusalem survey); Uri Dinur and Nurit Feig (Benjamin survey), ASI Map of Jerusalem (102), site 15; survey.iaa.org.il record 9025; printed page not given online",https://survey.iaa.org.il/#/MapSurvey/63/site/9025
63,102,Jerusalem,16,9026,Newe Ya'aqov (east),נְוֵה יַעֲקֹב (מזרח),,,no,,,31.843130,35.248682,geojson_point,,,,,tell_el_ful,2.739,,tell_el_ful:2.739,building,,,Roman;Byzantine,overlaps,no,,"Amos Kloner (Jerusalem survey); Uri Dinur and Nurit Feig (Benjamin survey), ASI Map of Jerusalem (102), site 16; survey.iaa.org.il record 9026; printed page not given online",https://survey.iaa.org.il/#/MapSurvey/63/site/9026
63,102,Jerusalem,17,9027,Newe Ya'aqov (east),נְוֵה יַעֲקֹב (מזרח),,,no,,,31.841777,35.251640,geojson_point,,,,,tell_el_ful,2.805,,tell_el_ful:2.805,building;winepress;rock_cut,cistern,,,unknown,no,,"Amos Kloner (Jerusalem survey); Uri Dinur and Nurit Feig (Benjamin survey), ASI Map of Jerusalem (102), site 17; survey.iaa.org.il record 9027; printed page not given online",https://survey.iaa.org.il/#/MapSurvey/63/site/9027
63,102,Jerusalem,18,9028,Newe Ya'aqov (east),נְוֵה יַעֲקֹב (מזרח),,,no,,,31.839613,35.249209,geojson_point,,,,,tell_el_ful,2.472,,tell_el_ful:2.472,building;kiln,,,,unknown,no,,"Amos Kloner (Jerusalem survey); Uri Dinur and Nurit Feig (Benjamin survey), ASI Map of Jerusalem (102), site 18; survey.iaa.org.il record 9028; printed page not given online",https://survey.iaa.org.il/#/MapSurvey/63/site/9028
63,102,Jerusalem,19,9029,Newe Ya'aqov (south),נְוֵה יַעֲקֹב (דרום),,,no,,,31.837269,35.246145,geojson_point,,,,,tell_el_ful,2.084,,tell_el_ful:2.084,tomb;steps;kiln;rock_cut,,,,unknown,no,,"Amos Kloner (Jerusalem survey); Uri Dinur and Nurit Feig (Benjamin survey), ASI Map of Jerusalem (102), site 19; survey.iaa.org.il record 9029; printed page not given online",https://survey.iaa.org.il/#/MapSurvey/63/site/9029
63,102,Jerusalem,20,9057,Newe Ya'aqov (south),נְוֵה יַעֲקֹב (דרום),,,no,,,31.836366,35.248680,geojson_point,,,,,tell_el_ful,2.186,,tell_el_ful:2.186,cistern;building;tower;terrace;rock_cut,cave,,Herodian;Byzantine,yes,no,,"Amos Kloner (Jerusalem survey); Uri Dinur and Nurit Feig (Benjamin survey), ASI Map of Jerusalem (102), site 20; survey.iaa.org.il record 9057; printed page not given online",https://survey.iaa.org.il/#/MapSurvey/63/site/9057
63,102,Jerusalem,21,9058,Kh. Ras et 'j'awil (north),ח' רָאס אֶ־טַּוִיל (צפון),,,no,,,31.836005,35.249842,geojson_point,,,,,tell_el_ful,2.245,,tell_el_ful:2.245,conduit;tomb;cave;settlement_ruin;road;winepress;kiln;rock_cut,cistern,,,unknown,no,,"Amos Kloner (Jerusalem survey); Uri Dinur and Nurit Feig (Benjamin survey), ASI Map of Jerusalem (102), site 21; survey.iaa.org.il record 9058; printed page not given online",https://survey.iaa.org.il/#/MapSurvey/63/site/9058
63,102,Jerusalem,22,9059,Kh. Ras et Tawil (north),ח' רָאס אֶ־טַּוִיל (צפון),,,no,,,31.835556,35.245721,geojson_point,,,,,tell_el_ful,1.920,,tell_el_ful:1.920,cistern;conduit;cave;settlement_ruin;road;terrace;rock_cut,,,Byzantine,no,no,,"Amos Kloner (Jerusalem survey); Uri Dinur and Nurit Feig (Benjamin survey), ASI Map of Jerusalem (102), site 22; survey.iaa.org.il record 9059; printed page not given online",https://survey.iaa.org.il/#/MapSurvey/63/site/9059
63,102,Jerusalem,23,9060,Kh. Deir Sallam (M) (southeast),ח' דֵּיר סַלָּאם (דרום-מזרח),,,no,,,31.841148,35.241815,geojson_point,,,,,tell_el_ful,2.206,,tell_el_ful:2.206,tomb;cave;wall;settlement_ruin;pit;rock_cut,cistern,,Herodian,yes,no,,"Amos Kloner (Jerusalem survey); Uri Dinur and Nurit Feig (Benjamin survey), ASI Map of Jerusalem (102), site 23; survey.iaa.org.il record 9060; printed page not given online",https://survey.iaa.org.il/#/MapSurvey/63/site/9060
63,102,Jerusalem,24,9061,Newé Ya‘aqov (east),נְוֵה יַעֲקֹב (מזרח),,,no,,,31.840153,35.253752,geojson_point,,,,,tell_el_ful,2.824,,tell_el_ful:2.824,cistern;road;rock_cut,cave,,,unknown,no,,"Amos Kloner (Jerusalem survey); Uri Dinur and Nurit Feig (Benjamin survey), ASI Map of Jerusalem (102), site 24; survey.iaa.org.il record 9061; printed page not given online",https://survey.iaa.org.il/#/MapSurvey/63/site/9061
63,102,Jerusalem,25,9062,Beit Hanina,בַּית חַנִינָא,,,no,,,31.830149,35.216776,geojson_point,,,,,tell_el_ful,1.551,,tell_el_ful:1.551,conduit;winepress;rock_cut,cistern,,,unknown,no,,"Amos Kloner (Jerusalem survey); Uri Dinur and Nurit Feig (Benjamin survey), ASI Map of Jerusalem (102), site 25; survey.iaa.org.il record 9062; printed page not given online",https://survey.iaa.org.il/#/MapSurvey/63/site/9062
63,102,Jerusalem,26,9063,Nahal ‘Atarot,נַחַל עֱטָרוֹת,,,no,,,31.827624,35.218572,geojson_point,,,,,tell_el_ful,1.279,,tell_el_ful:1.279,tomb;cave;quarry;inscription;rock_cut,cistern,,Herodian,yes,no,,"Amos Kloner (Jerusalem survey); Uri Dinur and Nurit Feig (Benjamin survey), ASI Map of Jerusalem (102), site 26; survey.iaa.org.il record 9063; printed page not given online",https://survey.iaa.org.il/#/MapSurvey/63/site/9063
63,102,Jerusalem,27,9064,Jerusalem-Ramallah road,כביש רושלים-רמאלּה,,1-7/1,yes,221158,637207,31.827648,35.222415,nig_epsg2039,31.827714,35.222480,9.5,ok,tell_el_ful,0.951,tell_el_ful:0.951,tell_el_ful:0.951,building;road;quarry,,"Roman,Byzantine",Roman;Byzantine,overlaps,no,Large ancient quarry on slope. In the Shu'fat-Beit Hanina area — several,"Amos Kloner (Jerusalem survey); Uri Dinur and Nurit Feig (Benjamin survey), ASI Map of Jerusalem (102), site 27; survey.iaa.org.il record 9064; printed page not given online",https://survey.iaa.org.il/#/MapSurvey/63/site/9064
63,102,Jerusalem,28,9109,Jerusalem-Ramallah road,כביש ירושלים-רמאלּה,,1-7/2,yes,221548,637377,31.829180,35.226535,nig_epsg2039,31.829246,35.226600,9.5,ok,tell_el_ful,0.772,tell_el_ful:0.772,tell_el_ful:0.772,wall;road,cave,"Roman,Byzantine",Roman;Byzantine,overlaps,no,"""The Fourth Mile’: segment of an ancient road (4.5 m wide), which,","Amos Kloner (Jerusalem survey); Uri Dinur and Nurit Feig (Benjamin survey), ASI Map of Jerusalem (102), site 28; survey.iaa.org.il record 9109; printed page not given online",https://survey.iaa.org.il/#/MapSurvey/63/site/9109
63,102,Jerusalem,29,9110,Newe Ya'aqov (south),נְוֵה יַעֲקֹב (דרום),,,no,,,31.834656,35.237059,geojson_point,,,,,tell_el_ful,1.360,,tell_el_ful:1.360,tomb;cave;winepress;rock_cut,cistern,,Iron II;Herodian,yes,no,,"Amos Kloner (Jerusalem survey); Uri Dinur and Nurit Feig (Benjamin survey), ASI Map of Jerusalem (102), site 29; survey.iaa.org.il record 9110; printed page not given online",https://survey.iaa.org.il/#/MapSurvey/63/site/9110
63,102,Jerusalem,30,9111,Newe Ya'aqov (south),נְוֵה יַעֲקֹב (דרום),,,no,,,31.833844,35.238326,geojson_point,,,,,tell_el_ful,1.335,,tell_el_ful:1.335,winepress;rock_cut,cistern,,Herodian,yes,no,,"Amos Kloner (Jerusalem survey); Uri Dinur and Nurit Feig (Benjamin survey), ASI Map of Jerusalem (102), site 30; survey.iaa.org.il record 9111; printed page not given online",https://survey.iaa.org.il/#/MapSurvey/63/site/9111
63,102,Jerusalem,31,9112,Newe Ya'aqov,נְוֵה יַעֲקֹב,,,no,,,31.833664,35.233361,geojson_point,,,,,tell_el_ful,1.151,,tell_el_ful:1.151,conduit;quarry;kiln,cave,,modern,no,no,,"Amos Kloner (Jerusalem survey); Uri Dinur and Nurit Feig (Benjamin survey), ASI Map of Jerusalem (102), site 31; survey.iaa.org.il record 9112; printed page not given online",https://survey.iaa.org.il/#/MapSurvey/63/site/9112
63,102,Jerusalem,32,9113,Pisgat Ze'ev,פִּסְגַת זְאֵב,,,no,,,31.833302,35.239277,geojson_point,,,,,tell_el_ful,1.332,,tell_el_ful:1.332,tomb;cave;building;steps;kiln;rock_cut,,,Iron II;Byzantine,no,no,,"Amos Kloner (Jerusalem survey); Uri Dinur and Nurit Feig (Benjamin survey), ASI Map of Jerusalem (102), site 32; survey.iaa.org.il record 9113; printed page not given online",https://survey.iaa.org.il/#/MapSurvey/63/site/9113
63,102,Jerusalem,33,9114,Pisgat Ze'ev,פִּסְגַת זְאֵב,,,no,,,31.833123,35.236213,geojson_point,,,,,tell_el_ful,1.172,,tell_el_ful:1.172,tomb;cave;wall;pit;kiln;rock_cut,cistern,,Herodian;Byzantine,yes,no,,"Amos Kloner (Jerusalem survey); Uri Dinur and Nurit Feig (Benjamin survey), ASI Map of Jerusalem (102), site 33; survey.iaa.org.il record 9114; printed page not given online",https://survey.iaa.org.il/#/MapSurvey/63/site/9114
63,102,Jerusalem,34,9115,Pisgat Ze'ev,פִּסְגַת זְאֵב,,,no,,,31.832491,35.240227,geojson_point,,,,,tell_el_ful,1.316,,tell_el_ful:1.316,cistern;tomb;cave;wall;pit;rock_cut,,,Herodian,yes,no,,"Amos Kloner (Jerusalem survey); Uri Dinur and Nurit Feig (Benjamin survey), ASI Map of Jerusalem (102), site 34; survey.iaa.org.il record 9115; printed page not given online",https://survey.iaa.org.il/#/MapSurvey/63/site/9115
63,102,Jerusalem,35,9116,Pisgat Ze’ev,פִּסְגַת זְאֵב,,,no,,,31.831950,35.238326,geojson_point,,,,,tell_el_ful,1.158,,tell_el_ful:1.158,cistern;tomb;cave;wall;pit;rock_cut,,,Hasmonean;second century BCE;Iron Age;Herodian,yes,no,,"Amos Kloner (Jerusalem survey); Uri Dinur and Nurit Feig (Benjamin survey), ASI Map of Jerusalem (102), site 35; survey.iaa.org.il record 9116; printed page not given online",https://survey.iaa.org.il/#/MapSurvey/63/site/9116
63,102,Jerusalem,36,9117,Pisgat Ze’ev,פִּסְגַת זְאֵב,,,no,,,31.831860,35.237269,geojson_point,,,,,tell_el_ful,1.094,,tell_el_ful:1.094,tomb;building;rock_cut,,,,unknown,no,,"Amos Kloner (Jerusalem survey); Uri Dinur and Nurit Feig (Benjamin survey), ASI Map of Jerusalem (102), site 36; survey.iaa.org.il record 9117; printed page not given online",https://survey.iaa.org.il/#/MapSurvey/63/site/9117
63,102,Jerusalem,37,9118,Pisgat Ze'ev,פִּסְגַת זְאֵב,,,no,,,31.831498,35.241283,geojson_point,,,,,tell_el_ful,1.305,,tell_el_ful:1.305,cistern;cave;building;steps;pit;winepress;terrace;kiln;mosaic;rock_cut,,,Byzantine;Umayyad;Abbasid,no,no,,"Amos Kloner (Jerusalem survey); Uri Dinur and Nurit Feig (Benjamin survey), ASI Map of Jerusalem (102), site 37; survey.iaa.org.il record 9118; printed page not given online",https://survey.iaa.org.il/#/MapSurvey/63/site/9118
63,102,Jerusalem,38,9119,Pisgat Ze’ev,פִּסְגַת זְאֵב,Ras el Tawil (M) (west),2-7/13,yes,222158,637467,31.829991,35.232979,nig_epsg2039,31.830057,35.233043,9.6,ok,tell_el_ful,0.743,tell_el_ful:0.743,tell_el_ful:0.743,building;wall,cave,Iron Age II,Iron II;Iron Age,no,no,Remains of rectangular structure — a farmhouse — on moderate slope. Walls,"Amos Kloner (Jerusalem survey); Uri Dinur and Nurit Feig (Benjamin survey), ASI Map of Jerusalem (102), site 38; survey.iaa.org.il record 9119; printed page not given online",https://survey.iaa.org.il/#/MapSurvey/63/site/9119
63,102,Jerusalem,39,9120,Pisgat Ze’ev,פִּסְגַת זְאֵב,Ras et Tawil (M) (west),2-7/12,yes,222358,637477,31.830080,35.235092,nig_epsg2039,31.830147,35.235156,9.6,ok,tell_el_ful,0.821,tell_el_ful:0.821,tell_el_ful:0.821,,cave,"Roman,Byzantine,Ayyubid,Mamluk",Roman;Byzantine;Ayyubid;Mameluke;Mamluk,overlaps,no,"Complex of agricultural plots enclosed by a stone fence, on moderate slope.","Amos Kloner (Jerusalem survey); Uri Dinur and Nurit Feig (Benjamin survey), ASI Map of Jerusalem (102), site 39; survey.iaa.org.il record 9120; printed page not given online",https://survey.iaa.org.il/#/MapSurvey/63/site/9120
63,102,Jerusalem,40,9121,Pisgat Ze'ev,פִּסְגַת זְאֵב,,,no,,,31.829875,35.240226,geojson_point,,,,,tell_el_ful,1.110,,tell_el_ful:1.110,cistern;conduit;winepress;rock_cut,,,Byzantine,no,no,,"Amos Kloner (Jerusalem survey); Uri Dinur and Nurit Feig (Benjamin survey), ASI Map of Jerusalem (102), site 40; survey.iaa.org.il record 9121; printed page not given online",https://survey.iaa.org.il/#/MapSurvey/63/site/9121
63,102,Jerusalem,41,9122,Ras et Tawil (M) (west),רָאס אֶ־טַּוִיל (מערב),,2-7/15,yes,222738,637337,31.828817,35.239105,nig_epsg2039,31.828883,35.239170,9.6,ok,tell_el_ful,0.954,tell_el_ful:0.954,tell_el_ful:0.954,cistern;conduit;pit;rock_cut,,Byzantine,Byzantine,no,no,"Rock-hewn, bell-shaped, gray-plastered cistern at foot of hill; circular mouth (0.8 m","Amos Kloner (Jerusalem survey); Uri Dinur and Nurit Feig (Benjamin survey), ASI Map of Jerusalem (102), site 41; survey.iaa.org.il record 9122; printed page not given online",https://survey.iaa.org.il/#/MapSurvey/63/site/9122
63,102,Jerusalem,42,9123,Wadi el Khafi,ואדי אֶל־חָ'אפִי,,2-7/20,yes,222528,637277,31.828276,35.236887,nig_epsg2039,31.828343,35.236951,9.6,ok,tell_el_ful,0.757,tell_el_ful:0.757,tell_el_ful:0.757,road,,"Herodian,Early Roman",Herodian;Early Roman,yes,no,"Segment of ancient road running N-S in valley, alongside a tributary of","Amos Kloner (Jerusalem survey); Uri Dinur and Nurit Feig (Benjamin survey), ASI Map of Jerusalem (102), site 42; survey.iaa.org.il record 9123; printed page not given online",https://survey.iaa.org.il/#/MapSurvey/63/site/9123
63,102,Jerusalem,43,9124,GiVat Sha'ul (north),גִּבְעַת שָׁאוּל (צפון),Tell el Ful (S) (M) (north),2-7/16,yes,222018,637227,31.827827,35.231500,nig_epsg2039,31.827893,35.231564,9.6,ok,tell_el_ful,0.484,tell_el_ful:0.484,tell_el_ful:0.484,mound;cairn,,"Iron Age I,Iron Age II,Hellenistic",Iron I;Hellenistic;Iron Age,overlaps,no,Agricultural complex on slope. Within the area of the unit — stone,"Amos Kloner (Jerusalem survey); Uri Dinur and Nurit Feig (Benjamin survey), ASI Map of Jerusalem (102), site 43; survey.iaa.org.il record 9124; printed page not given online",https://survey.iaa.org.il/#/MapSurvey/63/site/9124
63,102,Jerusalem,44,9127,El Qu'qa,אֶל־קֻעְקָא,,2-7/17,yes,222438,637217,31.827735,35.235936,nig_epsg2039,31.827802,35.236001,9.6,ok,tell_el_ful,0.651,tell_el_ful:0.651,tell_el_ful:0.651,cistern;tomb;building;pit;mosaic;rock_cut,,,,unknown,no,Remains of a structure and a while mosaic floor on flat hill,"Amos Kloner (Jerusalem survey); Uri Dinur and Nurit Feig (Benjamin survey), ASI Map of Jerusalem (102), site 44; survey.iaa.org.il record 9127; printed page not given online",https://survey.iaa.org.il/#/MapSurvey/63/site/9127
63,102,Jerusalem,45,9128,Kh. 'Adasa (M),ח' עַדָאסָה,,2-7/18,yes,222668,637167,31.827284,35.238365,nig_epsg2039,31.827351,35.238430,9.6,ok,tell_el_ful,0.798,tell_el_ful:0.798,tell_el_ful:0.798,cistern;reservoir;conduit;tomb;cave;building;fortress;wall;settlement_ruin;pit;winepress;installation;mosaic;rock_cut,,"Hasmonean,Herodian,Roman,Byzantine,Umayyad,Middle Ages,Mamluk",Mameluke;Second Temple;Hasmonean;Herodian;Roman;Byzantine;Medieval;Umayyad;Mamluk,yes,no,"Ruin on slope of hill: wall foundations, a winepress, nine cisterns —","Amos Kloner (Jerusalem survey); Uri Dinur and Nurit Feig (Benjamin survey), ASI Map of Jerusalem (102), site 45; survey.iaa.org.il record 9128; printed page not given online",https://survey.iaa.org.il/#/MapSurvey/63/site/9128
63,102,Jerusalem,46,9149,Giv'al Sha'ul (northeast),גִּבְעַת שָׁאוּל (צפון־מזרח),Tell el Ful (S) (M) (northeast),2-7/19,yes,222268,637017,31.825932,35.234140,nig_epsg2039,31.825999,35.234204,9.6,ok,tell_el_ful,0.389,tell_el_ful:0.389,tell_el_ful:0.389,wall;mound;road,cave,Iron Age II,Iron II;Iron Age,no,no,"Remains of an ancient road (1.7 111 wide) running SE—NW, Hanked by","Amos Kloner (Jerusalem survey); Uri Dinur and Nurit Feig (Benjamin survey), ASI Map of Jerusalem (102), site 46; survey.iaa.org.il record 9149; printed page not given online",https://survey.iaa.org.il/#/MapSurvey/63/site/9149
63,102,Jerusalem,47,9151,Wadi el Khafi,ואדי אֶל־ח'אפִי,,,no,,,31.834473,35.245510,geojson_point,,,,,tell_el_ful,1.823,,tell_el_ful:1.823,winepress;terrace;kiln;rock_cut,cistern;cave,,,unknown,no,,"Amos Kloner (Jerusalem survey); Uri Dinur and Nurit Feig (Benjamin survey), ASI Map of Jerusalem (102), site 47; survey.iaa.org.il record 9151; printed page not given online",https://survey.iaa.org.il/#/MapSurvey/63/site/9151
63,102,Jerusalem,48,9156,Wadi el Khafi,ואדי אֶל־ח'אפִי,,,no,,,31.834111,35.249735,geojson_point,,,,,tell_el_ful,2.113,,tell_el_ful:2.113,cave;winepress;rock_cut,cistern,,Byzantine,no,no,,"Amos Kloner (Jerusalem survey); Uri Dinur and Nurit Feig (Benjamin survey), ASI Map of Jerusalem (102), site 48; survey.iaa.org.il record 9156; printed page not given online",https://survey.iaa.org.il/#/MapSurvey/63/site/9156
63,102,Jerusalem,49,9157,Ras et Tawil (M) (northeast),ח' רָאס אֶ־טַּוִיל (צפון־מזרח),,,no,,,31.833931,35.250475,geojson_point,,,,,tell_el_ful,2.160,,tell_el_ful:2.160,winepress;terrace;rock_cut,cistern,,Iron II;Roman;Byzantine,overlaps,no,,"Amos Kloner (Jerusalem survey); Uri Dinur and Nurit Feig (Benjamin survey), ASI Map of Jerusalem (102), site 49; survey.iaa.org.il record 9157; printed page not given online",https://survey.iaa.org.il/#/MapSurvey/63/site/9157
63,102,Jerusalem,50,9158,Ras et Tawil (M),רָאס אֶ־טַּוִיל,,,no,,,31.833392,35.243080,geojson_point,,,,,tell_el_ful,1.573,,tell_el_ful:1.573,cave;pit;winepress;terrace;rock_cut,cistern,,Byzantine,no,no,,"Amos Kloner (Jerusalem survey); Uri Dinur and Nurit Feig (Benjamin survey), ASI Map of Jerusalem (102), site 50; survey.iaa.org.il record 9158; printed page not given online",https://survey.iaa.org.il/#/MapSurvey/63/site/9158
63,102,Jerusalem,51,9160,Ras et Tawil (M) (east),רָאס אֶ־טַּוִיל (מזרח),,,no,,,31.833029,35.251319,geojson_point,,,,,tell_el_ful,2.177,,tell_el_ful:2.177,kiln,,,,unknown,no,,"Amos Kloner (Jerusalem survey); Uri Dinur and Nurit Feig (Benjamin survey), ASI Map of Jerusalem (102), site 51; survey.iaa.org.il record 9160; printed page not given online",https://survey.iaa.org.il/#/MapSurvey/63/site/9160
63,102,Jerusalem,52,9161,Ras el Tawil (M),רָאס אֶ־טַּוִיל,,,no,,,31.831047,35.243290,geojson_point,,,,,tell_el_ful,1.419,,tell_el_ful:1.419,cistern;tomb;cave;wall;road;rock_cut,,,,unknown,no,,"Amos Kloner (Jerusalem survey); Uri Dinur and Nurit Feig (Benjamin survey), ASI Map of Jerusalem (102), site 52; survey.iaa.org.il record 9161; printed page not given online",https://survey.iaa.org.il/#/MapSurvey/63/site/9161
63,102,Jerusalem,53,9162,Ras et Tawil (M) (east),רָאס אֶ־טַּוִיל (מזרח),,,no,,,31.830594,35.249522,geojson_point,,,,,tell_el_ful,1.903,,tell_el_ful:1.903,cistern;cave;winepress;rock_cut,,,,unknown,no,,"Amos Kloner (Jerusalem survey); Uri Dinur and Nurit Feig (Benjamin survey), ASI Map of Jerusalem (102), site 53; survey.iaa.org.il record 9162; printed page not given online",https://survey.iaa.org.il/#/MapSurvey/63/site/9162
63,102,Jerusalem,54,9163,Ras et Tawil (M),רָאס אֶ־טַּוִיל,,,no,,,31.830145,35.242339,geojson_point,,,,,tell_el_ful,1.287,,tell_el_ful:1.287,building;cairn,,,Neolithic,no,no,,"Amos Kloner (Jerusalem survey); Uri Dinur and Nurit Feig (Benjamin survey), ASI Map of Jerusalem (102), site 54; survey.iaa.org.il record 9163; printed page not given online",https://survey.iaa.org.il/#/MapSurvey/63/site/9163
63,102,Jerusalem,55,9164,Pisgat Ze'ev (center),פִּסְגַת זְאֵב (מרכז),,,no,,,31.827348,35.248887,geojson_point,,,,,tell_el_ful,1.726,,tell_el_ful:1.726,tower;road;winepress;rock_cut,cistern;cave,,Iron Age;Byzantine,no,no,,"Amos Kloner (Jerusalem survey); Uri Dinur and Nurit Feig (Benjamin survey), ASI Map of Jerusalem (102), site 55; survey.iaa.org.il record 9164; printed page not given online",https://survey.iaa.org.il/#/MapSurvey/63/site/9164
63,102,Jerusalem,56,9186,Pisgat Ze'ev (center),פִּסְגַת זְאֵב (מרכז),,,no,,,31.826626,35.251105,geojson_point,,,,,tell_el_ful,1.913,,tell_el_ful:1.913,building;kiln,cave,,Iron II;Hellenistic;Byzantine,overlaps,no,,"Amos Kloner (Jerusalem survey); Uri Dinur and Nurit Feig (Benjamin survey), ASI Map of Jerusalem (102), site 56; survey.iaa.org.il record 9186; printed page not given online",https://survey.iaa.org.il/#/MapSurvey/63/site/9186
63,102,Jerusalem,57,9187,Pisgat Ze'ev (center),פִּסְגַת זְאֵב (מרכז),,,no,,,31.826447,35.244768,geojson_point,,,,,tell_el_ful,1.324,,tell_el_ful:1.324,building;wall;cairn,,,Hellenistic;Iron II;Byzantine,overlaps,no,,"Amos Kloner (Jerusalem survey); Uri Dinur and Nurit Feig (Benjamin survey), ASI Map of Jerusalem (102), site 57; survey.iaa.org.il record 9187; printed page not given online",https://survey.iaa.org.il/#/MapSurvey/63/site/9187
63,102,Jerusalem,58,9197,Pisgat Ze’ev (center),פִּסְגַת זְאֵב (מרכז),,,no,,,31.826358,35.242549,geojson_point,,,,,tell_el_ful,1.119,,tell_el_ful:1.119,building;wall;cairn,,,Hasmonean,yes,no,,"Amos Kloner (Jerusalem survey); Uri Dinur and Nurit Feig (Benjamin survey), ASI Map of Jerusalem (102), site 58; survey.iaa.org.il record 9197; printed page not given online",https://survey.iaa.org.il/#/MapSurvey/63/site/9197
63,102,Jerusalem,59,9200,Kh. Ras et Tawil (M),ח' רָאס אֶ־טַּוִיל,,,no,,,31.831227,35.245509,geojson_point,,,,,tell_el_ful,1.603,,tell_el_ful:1.603,settlement_ruin;terrace,,,MB;Byzantine,no,no,,"Amos Kloner (Jerusalem survey); Uri Dinur and Nurit Feig (Benjamin survey), ASI Map of Jerusalem (102), site 59; survey.iaa.org.il record 9200; printed page not given online",https://survey.iaa.org.il/#/MapSurvey/63/site/9200
63,102,Jerusalem,60,9201,Pisgat Ze'ev (center),פִּסְגַת זְאֵב (מרכז),,,no,,,31.827169,35.242866,geojson_point,,,,,tell_el_ful,1.176,,tell_el_ful:1.176,reservoir;conduit;cave;terrace,,,,unknown,no,,"Amos Kloner (Jerusalem survey); Uri Dinur and Nurit Feig (Benjamin survey), ASI Map of Jerusalem (102), site 60; survey.iaa.org.il record 9201; printed page not given online",https://survey.iaa.org.il/#/MapSurvey/63/site/9201
63,102,Jerusalem,61,9202,Pisgat Ze’ev (east),פִּסְגַת זְאֵב (מזרח),,,no,,,31.825901,35.259767,geojson_point,,,,,tell_el_ful,2.712,,tell_el_ful:2.712,cistern;building;winepress;oil_press;installation;kiln;rock_cut,,,Herodian;Byzantine,yes,no,,"Amos Kloner (Jerusalem survey); Uri Dinur and Nurit Feig (Benjamin survey), ASI Map of Jerusalem (102), site 61; survey.iaa.org.il record 9202; printed page not given online",https://survey.iaa.org.il/#/MapSurvey/63/site/9202
63,102,Jerusalem,62,9204,Wadi el Mujali,ואדי אֶל־מוּגָ'לִי,,,no,,,31.829240,35.254275,geojson_point,,,,,tell_el_ful,2.272,,tell_el_ful:2.272,building;terrace,cave,,Hasmonean;Herodian,yes,no,,"Amos Kloner (Jerusalem survey); Uri Dinur and Nurit Feig (Benjamin survey), ASI Map of Jerusalem (102), site 62; survey.iaa.org.il record 9204; printed page not given online",https://survey.iaa.org.il/#/MapSurvey/63/site/9204
63,102,Jerusalem,63,9206,Wadi el Mujali,ואדי אֶל־מוּגָ'לִי,,,no,,,31.829691,35.253008,geojson_point,,,,,tell_el_ful,2.173,,tell_el_ful:2.173,winepress;rock_cut,cistern;cave,,,unknown,no,,"Amos Kloner (Jerusalem survey); Uri Dinur and Nurit Feig (Benjamin survey), ASI Map of Jerusalem (102), site 63; survey.iaa.org.il record 9206; printed page not given online",https://survey.iaa.org.il/#/MapSurvey/63/site/9206
63,102,Jerusalem,64,9207,Wadi el Mujali,ואדי אֶל־מוּגָ'לִי,,,no,,,31.829781,35.256177,geojson_point,,,,,tell_el_ful,2.462,,tell_el_ful:2.462,cistern;cave;road;pit;winepress;installation;rock_cut,,,modern,no,no,,"Amos Kloner (Jerusalem survey); Uri Dinur and Nurit Feig (Benjamin survey), ASI Map of Jerusalem (102), site 64; survey.iaa.org.il record 9207; printed page not given online",https://survey.iaa.org.il/#/MapSurvey/63/site/9207
63,102,Jerusalem,65,9208,Wadi el Mujali,ואדי אֶל־מוּגָ'לִי,,,no,,,31.826174,35.255013,geojson_point,,,,,tell_el_ful,2.270,,tell_el_ful:2.270,winepress;rock_cut,cistern,,,unknown,no,,"Amos Kloner (Jerusalem survey); Uri Dinur and Nurit Feig (Benjamin survey), ASI Map of Jerusalem (102), site 65; survey.iaa.org.il record 9208; printed page not given online",https://survey.iaa.org.il/#/MapSurvey/63/site/9208
63,102,Jerusalem,66,9209,Wadi el Mujali,ואדי אֶל־מוּגָ'לִי,,,no,,,31.831403,35.259347,geojson_point,,,,,tell_el_ful,2.801,,tell_el_ful:2.801,cistern;pit;rock_cut,,,,unknown,no,,"Amos Kloner (Jerusalem survey); Uri Dinur and Nurit Feig (Benjamin survey), ASI Map of Jerusalem (102), site 66; survey.iaa.org.il record 9209; printed page not given online",https://survey.iaa.org.il/#/MapSurvey/63/site/9209
63,102,Jerusalem,67,9397,Pisgat Ze'ev (east),פִּסְגַת זְאֵב (מזרח),,,no,,,31.828337,35.256705,geojson_point,,,,,tell_el_ful,2.469,,tell_el_ful:2.469,road;winepress;terrace;rock_cut,cistern;cave,,,unknown,no,,"Amos Kloner (Jerusalem survey); Uri Dinur and Nurit Feig (Benjamin survey), ASI Map of Jerusalem (102), site 67; survey.iaa.org.il record 9397; printed page not given online",https://survey.iaa.org.il/#/MapSurvey/63/site/9397
63,102,Jerusalem,68,9398,Nahal 'Atarot,נַחַל עֱטָרוֹת,,,no,,,31.825189,35.219416,geojson_point,,,,,tell_el_ful,1.129,,tell_el_ful:1.129,building;wall;terrace,,,,unknown,no,,"Amos Kloner (Jerusalem survey); Uri Dinur and Nurit Feig (Benjamin survey), ASI Map of Jerusalem (102), site 68; survey.iaa.org.il record 9398; printed page not given online",https://survey.iaa.org.il/#/MapSurvey/63/site/9398
63,102,Jerusalem,69,9399,Nahal 'Atarot,נַחַל עֱטָרוֹת,,,no,,,31.822303,35.220472,geojson_point,,,,,tell_el_ful,1.022,,tell_el_ful:1.022,cistern;rock_cut,cave,,Byzantine,no,no,,"Amos Kloner (Jerusalem survey); Uri Dinur and Nurit Feig (Benjamin survey), ASI Map of Jerusalem (102), site 69; survey.iaa.org.il record 9399; printed page not given online",https://survey.iaa.org.il/#/MapSurvey/63/site/9399
63,102,Jerusalem,70,9400,Nahal 'Atarot,נַחַל עֱטָרוֹת,,,no,,,31.819236,35.220366,geojson_point,,,,,tell_el_ful,1.127,,tell_el_ful:1.127,cistern;building;wall;rock_cut,,,Iron II;Roman,overlaps,no,,"Amos Kloner (Jerusalem survey); Uri Dinur and Nurit Feig (Benjamin survey), ASI Map of Jerusalem (102), site 70; survey.iaa.org.il record 9400; printed page not given online",https://survey.iaa.org.il/#/MapSurvey/63/site/9400
63,102,Jerusalem,71,9401,Nahal ‘Atarot,נַחַל עֱטָרוֹת,,,no,,,31.818966,35.215719,geojson_point,,,,,tell_el_ful,1.546,,tell_el_ful:1.546,building;wall;terrace,cave,,Iron II;Roman;Byzantine,overlaps,no,,"Amos Kloner (Jerusalem survey); Uri Dinur and Nurit Feig (Benjamin survey), ASI Map of Jerusalem (102), site 71; survey.iaa.org.il record 9401; printed page not given online",https://survey.iaa.org.il/#/MapSurvey/63/site/9401
63,102,Jerusalem,72,9402,Nahal 'Atarot,נַחַל עֱטָרוֹת,,,no,,,31.818064,35.215085,geojson_point,,,,,tell_el_ful,1.637,,tell_el_ful:1.637,kiln,cave,,,unknown,no,,"Amos Kloner (Jerusalem survey); Uri Dinur and Nurit Feig (Benjamin survey), ASI Map of Jerusalem (102), site 72; survey.iaa.org.il record 9402; printed page not given online",https://survey.iaa.org.il/#/MapSurvey/63/site/9402
63,102,Jerusalem,73,9403,Nahal 'Atarot,נַחַל עֱטָרוֹת,,,no,,,31.816892,35.216670,geojson_point,,,,,tell_el_ful,1.556,,tell_el_ful:1.556,building;wall,,,Iron II,no,no,,"Amos Kloner (Jerusalem survey); Uri Dinur and Nurit Feig (Benjamin survey), ASI Map of Jerusalem (102), site 73; survey.iaa.org.il record 9403; printed page not given online",https://survey.iaa.org.il/#/MapSurvey/63/site/9403
63,102,Jerusalem,74,9404,Giv'at Sha'ul (north),גִּבְעַת שָׁאוּל (צפון),Tell el Ful (S) (M) (north),1-6/1,yes,221868,636897,31.824851,35.229914,nig_epsg2039,31.824917,35.229979,9.6,ok,tell_el_ful,0.195,tell_el_ful:0.195,tell_el_ful:0.195,tomb;cave;wall;mound;rock_cut,cistern,Herodian,Herodian,yes,no,Rock-hewn burial cave on N slope of Tell el Ful: a central,"Amos Kloner (Jerusalem survey); Uri Dinur and Nurit Feig (Benjamin survey), ASI Map of Jerusalem (102), site 74; survey.iaa.org.il record 9404; printed page not given online",https://survey.iaa.org.il/#/MapSurvey/63/site/9404
63,102,Jerusalem,75,9405,Jerusalem—Ramallah road,כביש ירושלים-רמאלּה,,1-6/2,yes,221438,636797,31.823950,35.225372,nig_epsg2039,31.824016,35.225437,9.5,ok,tell_el_ful,0.553,tell_el_ful:0.553,tell_el_ful:0.553,road;quarry,cave,"Roman,Byzantine",Roman;Byzantine,overlaps,no,Ancient quarry on moderate slope (presently in built-up area). Rectangular impressions of,"Amos Kloner (Jerusalem survey); Uri Dinur and Nurit Feig (Benjamin survey), ASI Map of Jerusalem (102), site 75; survey.iaa.org.il record 9405; printed page not given online",https://survey.iaa.org.il/#/MapSurvey/63/site/9405
63,102,Jerusalem,76,9406,Nahal 'Atarot,נַחַל עֱטָרוֹת,,1-6/3,yes,221128,636597,31.822147,35.222098,nig_epsg2039,31.822212,35.222162,9.5,ok,tell_el_ful,0.873,tell_el_ful:0.873,tell_el_ful:0.873,building;wall;terrace,,Iron Age II,Iron II;Iron Age,no,no,Remains of a structure (3.75x6.50 m) on terrace near a tributary of,"Amos Kloner (Jerusalem survey); Uri Dinur and Nurit Feig (Benjamin survey), ASI Map of Jerusalem (102), site 76; survey.iaa.org.il record 9406; printed page not given online",https://survey.iaa.org.il/#/MapSurvey/63/site/9406
63,102,Jerusalem,77,9407,Shufat (north),שֻׁעְפָט (צפון),,1-6/4,yes,221418,636447,31.820793,35.225160,nig_epsg2039,31.820859,35.225225,9.6,ok,tell_el_ful,0.644,tell_el_ful:0.644,tell_el_ful:0.644,building;steps;road;terrace,,,modern;Modern,no,no,"Segment of an ancient road 011 slope: 4 m wide, exposed segment","Amos Kloner (Jerusalem survey); Uri Dinur and Nurit Feig (Benjamin survey), ASI Map of Jerusalem (102), site 77; survey.iaa.org.il record 9407; printed page not given online",https://survey.iaa.org.il/#/MapSurvey/63/site/9407
63,102,Jerusalem,78,9655,Shufat (northwest),שֻׁעְפָט (צפון־מערב),,1-6/5-13,yes,221228,636367,31.820072,35.223153,nig_epsg2039,31.820138,35.223218,9.5,ok,tell_el_ful,0.849,tell_el_ful:0.849,tell_el_ful:0.849,cistern;pool;conduit;tomb;cave;building;wall;settlement_ruin;pit;winepress;terrace;rock_cut,spring_well,"Iron Age II,Herodian",Herodian;Iron Age,yes,no,"Remains of a structure 011 ruins of an agricultural terrace on slope,","Amos Kloner (Jerusalem survey); Uri Dinur and Nurit Feig (Benjamin survey), ASI Map of Jerusalem (102), site 78; survey.iaa.org.il record 9655; printed page not given online",https://survey.iaa.org.il/#/MapSurvey/63/site/9655
63,102,Jerusalem,79,9658,Giv'at Sha'ul,גִבְעַת שָׁאוּל,Tell el Ful (S) (M),"1-6/14, 2-6/2",yes,221938,636697,31.823047,35.230653,nig_epsg2039,31.823113,35.230718,9.6,ok,tell_el_ful,0.071,tell_el_ful:0.071,tell_el_ful:0.071,tomb;cave;fortress;wall;mound;settlement_ruin;road;pit;quarry;terrace;rock_cut,cistern,"Middle Bronze Age II,Iron Age I,Iron Age II,Babylonian,Hasmonean,Herodian,Late Roman,Byzantine,Mamluk",Iron Age;Persian;Hasmonean;Herodian;Bronze;Late Roman;Byzantine;Mameluke;Iron I;Mamluk,yes,no,Tel (spot height 838); excavations exposed remains of a town and a,"Amos Kloner (Jerusalem survey); Uri Dinur and Nurit Feig (Benjamin survey), ASI Map of Jerusalem (102), site 79; survey.iaa.org.il record 9658; printed page not given online",https://survey.iaa.org.il/#/MapSurvey/63/site/9658
63,102,Jerusalem,80,9667,Wadi Zimra,ואדי זִמְרָה,,2-6/1,yes,222678,636857,31.824488,35.238470,nig_epsg2039,31.824555,35.238535,9.6,ok,tell_el_ful,0.696,tell_el_ful:0.696,tell_el_ful:0.696,settlement_ruin;kiln,,"Iron Age II,Byzantine",Iron II;Byzantine;Iron Age,no,no,"Lime kiln (inner diam. 5 m) on slope, near Wadi Zimra. Nearby","Amos Kloner (Jerusalem survey); Uri Dinur and Nurit Feig (Benjamin survey), ASI Map of Jerusalem (102), site 80; survey.iaa.org.il record 9667; printed page not given online",https://survey.iaa.org.il/#/MapSurvey/63/site/9667
63,102,Jerusalem,81,9715,Ras - Amar (M) (northwest),רָאס עַמָאר (צפון־מערב),,2-6/9,yes,222138,636447,31.820792,35.232765,nig_epsg2039,31.820858,35.232830,9.6,ok,tell_el_ful,0.333,tell_el_ful:0.333,tell_el_ful:0.333,tomb;cave;dovecote;mound;road;pit;quarry;installation;rock_cut,cistern,"Middle Bronze Age IIB,Iron Age II,Herodian,Late Roman,Byzantine",MB;Iron Age;Herodian;Late Roman;Byzantine;Bronze,yes,no,Rock-hewn burial caves on saddle between Tell el Ful and Ras ‘Amar,"Amos Kloner (Jerusalem survey); Uri Dinur and Nurit Feig (Benjamin survey), ASI Map of Jerusalem (102), site 81; survey.iaa.org.il record 9715; printed page not given online",https://survey.iaa.org.il/#/MapSurvey/63/site/9715
63,102,Jerusalem,82,9722,Ras ‘Anvar (M),רָאס עַמָאר,,2-6/3,yes,222388,636497,31.821242,35.235406,nig_epsg2039,31.821309,35.235471,9.6,ok,tell_el_ful,0.469,tell_el_ful:0.469,tell_el_ful:0.469,tomb;cave;building;quarry;terrace;rock_cut,cistern,"Late Hellenistic,Herodian,Byzantine",second century BCE;Byzantine;first century CE;Herodian;Late Hellenistic,yes,no,Remains of a rectangular structure built of fieldstones. on slope S of,"Amos Kloner (Jerusalem survey); Uri Dinur and Nurit Feig (Benjamin survey), ASI Map of Jerusalem (102), site 82; survey.iaa.org.il record 9722; printed page not given online",https://survey.iaa.org.il/#/MapSurvey/63/site/9722
63,102,Jerusalem,83,9758,Wadi Zimra,ואדי זִמְרָה,,2-6/4,yes,222918,636467,31.820970,35.241004,nig_epsg2039,31.821037,35.241069,9.6,ok,tell_el_ful,0.967,tell_el_ful:0.967,tell_el_ful:0.967,cave;building;road,,,,unknown,no,Caves and remains of structures on slope of spur. S of Wadi,"Amos Kloner (Jerusalem survey); Uri Dinur and Nurit Feig (Benjamin survey), ASI Map of Jerusalem (102), site 83; survey.iaa.org.il record 9758; printed page not given online",https://survey.iaa.org.il/#/MapSurvey/63/site/9758
63,102,Jerusalem,84,9761,Wadi el Khalaf,ואדי אֶל־חַ'לַף,,,no,,,31.819323,35.241385,geojson_point,,,,,tell_el_ful,1.068,,tell_el_ful:1.068,cistern;tomb;cave;pit;rock_cut,,,Herodian,yes,no,,"Amos Kloner (Jerusalem survey); Uri Dinur and Nurit Feig (Benjamin survey), ASI Map of Jerusalem (102), site 84; survey.iaa.org.il record 9761; printed page not given online",https://survey.iaa.org.il/#/MapSurvey/63/site/9761
63,102,Jerusalem,85,9762,Ras Amar (M) (southwest),רָאס עַמָאר (דרום־מערב),,2-6/6,yes,222228,636267,31.819168,35.233715,nig_epsg2039,31.819235,35.233780,9.6,ok,tell_el_ful,0.535,tell_el_ful:0.535,tell_el_ful:0.535,cistern;cave;mound;road;winepress;terrace;rock_cut,,"Iron Age II,Hasmonean,Herodian,Roman,Byzantine,Middle Ages",Iron II;Hasmonean;Herodian;Roman;Byzantine;Medieval;Iron Age,yes,no,"Fenced-in agricultural complex. SW of Ras ‘Amar: agricultural terraces and stone fences,","Amos Kloner (Jerusalem survey); Uri Dinur and Nurit Feig (Benjamin survey), ASI Map of Jerusalem (102), site 85; survey.iaa.org.il record 9762; printed page not given online",https://survey.iaa.org.il/#/MapSurvey/63/site/9762
63,102,Jerusalem,86,9852,Wadi el Khalaf,ואדי אֶל־חַ'לַף,,,no,,,31.817700,35.239695,geojson_point,,,,,tell_el_ful,1.028,,tell_el_ful:1.028,terrace,,,Iron II;Herodian;Roman;Byzantine,yes,no,,"Amos Kloner (Jerusalem survey); Uri Dinur and Nurit Feig (Benjamin survey), ASI Map of Jerusalem (102), site 86; survey.iaa.org.il record 9852; printed page not given online",https://survey.iaa.org.il/#/MapSurvey/63/site/9852
63,102,Jerusalem,87,9853,Kh. cs Soma (S),ח' אֶ־צַּוּמַעָה,Kh. es Sauma'a (M),2-6/8,yes,221988,635997,31.816734,35.231180,nig_epsg2039,31.816800,35.231245,9.6,ok,tell_el_ful,0.750,tell_el_ful:0.750,tell_el_ful:0.750,cistern;pool;building;wall;settlement_ruin;pit;winepress;installation;rock_cut,,"Chalcolithic,Roman,Byzantine,Ottoman",Roman;Byzantine;Ottoman;Chalcolithic,overlaps,no,Ruin on hill (spot height 823.3; presently in ShuTat): remains of rectangular,"Amos Kloner (Jerusalem survey); Uri Dinur and Nurit Feig (Benjamin survey), ASI Map of Jerusalem (102), site 87; survey.iaa.org.il record 9853; printed page not given online",https://survey.iaa.org.il/#/MapSurvey/63/site/9853
63,102,Jerusalem,88,9854,Wadi Zimra,ואדי זִמְרָה,,,no,,,31.823019,35.247513,geojson_point,,,,,tell_el_ful,1.542,,tell_el_ful:1.542,cistern;pool;conduit;tomb;cave;building;tower;steps;wall;mound;settlement_ruin;road;cairn;oil_press;installation;terrace;rock_cut,,,Bronze;Iron Age;Hellenistic;MB;Roman;Byzantine,overlaps,no,,"Amos Kloner (Jerusalem survey); Uri Dinur and Nurit Feig (Benjamin survey), ASI Map of Jerusalem (102), site 88; survey.iaa.org.il record 9854; printed page not given online",https://survey.iaa.org.il/#/MapSurvey/63/site/9854
63,102,Jerusalem,89,9855,Wadi Zimra,ואדי זִמְרָה,,,no,,,31.822209,35.244132,geojson_point,,,,,tell_el_ful,1.230,,tell_el_ful:1.230,cistern;conduit;tomb;cave;wall;pit;winepress;rock_cut,,,Second Temple,overlaps,no,,"Amos Kloner (Jerusalem survey); Uri Dinur and Nurit Feig (Benjamin survey), ASI Map of Jerusalem (102), site 89; survey.iaa.org.il record 9855; printed page not given online",https://survey.iaa.org.il/#/MapSurvey/63/site/9855
63,102,Jerusalem,90,10179,Wadi Zimra,ואדי זמרה,,,no,,,31.821937,35.246667,geojson_point,,,,,tell_el_ful,1.471,,tell_el_ful:1.471,quarry;winepress;mosaic;rock_cut,cistern,,Byzantine;Late Roman,no,no,,"Amos Kloner (Jerusalem survey); Uri Dinur and Nurit Feig (Benjamin survey), ASI Map of Jerusalem (102), site 90; survey.iaa.org.il record 10179; printed page not given online",https://survey.iaa.org.il/#/MapSurvey/63/site/10179
63,102,Jerusalem,91,10180,Kh. Ras Abu Ma'ruf (M),ח' ראס אבו מאגרוף,,,no,,,31.820405,35.242864,geojson_point,,,,,tell_el_ful,1.154,,tell_el_ful:1.154,cistern;pool;tomb;cave;building;steps;wall;settlement_ruin;pit;quarry;winepress;oil_press;terrace;kiln;rock_cut,,,Bronze;EB;MB;Herodian;Byzantine;first century CE;iron,yes,no,,"Amos Kloner (Jerusalem survey); Uri Dinur and Nurit Feig (Benjamin survey), ASI Map of Jerusalem (102), site 91; survey.iaa.org.il record 10180; printed page not given online",https://survey.iaa.org.il/#/MapSurvey/63/site/10180
63,102,Jerusalem,92,10181,H. Zimri,ח' זִמְרִי,,,no,,,31.820132,35.251948,geojson_point,,,,,tell_el_ful,1.995,,tell_el_ful:1.995,cistern;building;fortress;tower;wall;settlement_ruin;road;winepress;oil_press;installation;kiln,,,Byzantine;Medieval;Iron Age;Persian;Hellenistic;Hasmonean;Herodian;Roman,yes,no,,"Amos Kloner (Jerusalem survey); Uri Dinur and Nurit Feig (Benjamin survey), ASI Map of Jerusalem (102), site 92; survey.iaa.org.il record 10181; printed page not given online",https://survey.iaa.org.il/#/MapSurvey/63/site/10181
63,102,Jerusalem,93,10182,Wadi el Khalaf,ואדי אֶל־חַ'לַף,,,no,,,31.818781,35.245821,geojson_point,,,,,tell_el_ful,1.477,,tell_el_ful:1.477,tomb;cave;pit;winepress;inscription;rock_cut,cistern,,second century BCE;first century CE;Bronze;EB,yes,no,,"Amos Kloner (Jerusalem survey); Uri Dinur and Nurit Feig (Benjamin survey), ASI Map of Jerusalem (102), site 93; survey.iaa.org.il record 10182; printed page not given online",https://survey.iaa.org.il/#/MapSurvey/63/site/10182
63,102,Jerusalem,94,10183,Wadi el Khalaf,ואדי אֶל־חַ'לַף,,,no,,,31.818690,35.248778,geojson_point,,,,,tell_el_ful,1.744,,tell_el_ful:1.744,cistern;conduit;kiln;rock_cut,cave,,Roman;Byzantine,overlaps,no,,"Amos Kloner (Jerusalem survey); Uri Dinur and Nurit Feig (Benjamin survey), ASI Map of Jerusalem (102), site 94; survey.iaa.org.il record 10183; printed page not given online",https://survey.iaa.org.il/#/MapSurvey/63/site/10183
63,102,Jerusalem,95,10184,Wadi el Khalaf,ואדי אֶל־חַ'לַף,,,no,,,31.816797,35.245081,geojson_point,,,,,tell_el_ful,1.507,,tell_el_ful:1.507,cistern;conduit;terrace;rock_cut,,,,unknown,no,,"Amos Kloner (Jerusalem survey); Uri Dinur and Nurit Feig (Benjamin survey), ASI Map of Jerusalem (102), site 95; survey.iaa.org.il record 10184; printed page not given online",https://survey.iaa.org.il/#/MapSurvey/63/site/10184
63,102,Jerusalem,96,10185,Wadi el Mujali,ואדי אֶל־מוּגָ'לִי,,,no,,,31.825092,35.254168,geojson_point,,,,,tell_el_ful,2.177,,tell_el_ful:2.177,cistern;pool;conduit;building;wall;road;winepress;oil_press;installation;rock_cut,cave,,Hasmonean;Herodian;Early Roman;Byzantine,yes,no,,"Amos Kloner (Jerusalem survey); Uri Dinur and Nurit Feig (Benjamin survey), ASI Map of Jerusalem (102), site 96; survey.iaa.org.il record 10185; printed page not given online",https://survey.iaa.org.il/#/MapSurvey/63/site/10185
63,102,Jerusalem,97,10186,Wadi Ibn 'Id,ואדי אִבְּן עִיד,,,no,,,31.820942,35.257440,geojson_point,,,,,tell_el_ful,2.495,,tell_el_ful:2.495,cistern;conduit;tomb;cave;building;pit;winepress;rock_cut,,,Roman;Byzantine,overlaps,no,,"Amos Kloner (Jerusalem survey); Uri Dinur and Nurit Feig (Benjamin survey), ASI Map of Jerusalem (102), site 97; survey.iaa.org.il record 10186; printed page not given online",https://survey.iaa.org.il/#/MapSurvey/63/site/10186
63,102,Jerusalem,98,10187,Wadi Ibn 'Id,ואדי אִבְּן עִיד,,,no,,,31.820851,35.260186,geojson_point,,,,,tell_el_ful,2.754,,tell_el_ful:2.754,kiln,,,,unknown,no,,"Amos Kloner (Jerusalem survey); Uri Dinur and Nurit Feig (Benjamin survey), ASI Map of Jerusalem (102), site 98; survey.iaa.org.il record 10187; printed page not given online",https://survey.iaa.org.il/#/MapSurvey/63/site/10187
63,102,Jerusalem,99,10188,Shi'b Daghir,שִּעְבּ דָאעִ'ר,,,no,,,31.819049,35.255010,geojson_point,,,,,tell_el_ful,2.303,,tell_el_ful:2.303,cistern;conduit;wall;winepress;rock_cut,,,Byzantine,no,no,,"Amos Kloner (Jerusalem survey); Uri Dinur and Nurit Feig (Benjamin survey), ASI Map of Jerusalem (102), site 99; survey.iaa.org.il record 10188; printed page not given online",https://survey.iaa.org.il/#/MapSurvey/63/site/10188
63,102,Jerusalem,100,10189,,ואדי אִבְּן עִיד,,,no,,,31.823828,35.258498,geojson_point,,,,,tell_el_ful,2.579,,tell_el_ful:2.579,cistern;building;road;kiln,cave,,Roman;Byzantine,overlaps,no,,"Amos Kloner (Jerusalem survey); Uri Dinur and Nurit Feig (Benjamin survey), ASI Map of Jerusalem (102), site 100; survey.iaa.org.il record 10189; printed page not given online",https://survey.iaa.org.il/#/MapSurvey/63/site/10189
63,102,Jerusalem,101,10190,Shi‘b Daghir,שִּעְבּ דָאעִ'ר,,,no,,,31.818959,35.253426,geojson_point,,,,,tell_el_ful,2.159,,tell_el_ful:2.159,cistern;conduit;steps;wall;winepress;kiln;rock_cut,,,,unknown,no,,"Amos Kloner (Jerusalem survey); Uri Dinur and Nurit Feig (Benjamin survey), ASI Map of Jerusalem (102), site 101; survey.iaa.org.il record 10190; printed page not given online",https://survey.iaa.org.il/#/MapSurvey/63/site/10190
63,102,Jerusalem,102,10191,Er Ras (M),אֶ־רָאס,,,no,,,31.811120,35.220260,geojson_point,,,,,tell_el_ful,1.720,,tell_el_ful:1.720;jer_tombs_kings:2.651,conduit;tomb;cave;wall;rock_cut,cistern,,Byzantine,no,no,,"Amos Kloner (Jerusalem survey); Uri Dinur and Nurit Feig (Benjamin survey), ASI Map of Jerusalem (102), site 102; survey.iaa.org.il record 10191; printed page not given online",https://survey.iaa.org.il/#/MapSurvey/63/site/10191
63,102,Jerusalem,103,10192,Er Ras (M),אֶ־רָאס,,,no,,,31.810488,35.220260,geojson_point,,,,,tell_el_ful,1.776,,tell_el_ful:1.776;jer_tombs_kings:2.584,cistern;dovecote;rock_cut,,,,unknown,no,,"Amos Kloner (Jerusalem survey); Uri Dinur and Nurit Feig (Benjamin survey), ASI Map of Jerusalem (102), site 103; survey.iaa.org.il record 10192; printed page not given online",https://survey.iaa.org.il/#/MapSurvey/63/site/10192
63,102,Jerusalem,104,10193,Ramot Forest,יַעַר רָמוֹת,,,no,,,31.808865,35.214135,geojson_point,,,,,tell_el_ful,2.289,,tell_el_ful:2.289;jer_tombs_kings:2.673,cistern;conduit;pit;rock_cut,spring_well,,,unknown,no,,"Amos Kloner (Jerusalem survey); Uri Dinur and Nurit Feig (Benjamin survey), ASI Map of Jerusalem (102), site 104; survey.iaa.org.il record 10193; printed page not given online",https://survey.iaa.org.il/#/MapSurvey/63/site/10193
63,102,Jerusalem,105,10194,Ramot Forest,יַעַר רָמוֹת,,,no,,,31.808865,35.218042,geojson_point,,,,,tell_el_ful,2.046,,tell_el_ful:2.046;jer_tombs_kings:2.496,building;wall,cave,,Byzantine,no,no,,"Amos Kloner (Jerusalem survey); Uri Dinur and Nurit Feig (Benjamin survey), ASI Map of Jerusalem (102), site 105; survey.iaa.org.il record 10194; printed page not given online",https://survey.iaa.org.il/#/MapSurvey/63/site/10194
63,102,Jerusalem,106,10195,Nahal 'Atarot,נַחַל עֱטָרוֹת,,,no,,,31.815359,35.214980,geojson_point,,,,,tell_el_ful,1.779,,tell_el_ful:1.779,building,,,Iron II,no,no,,"Amos Kloner (Jerusalem survey); Uri Dinur and Nurit Feig (Benjamin survey), ASI Map of Jerusalem (102), site 106; survey.iaa.org.il record 10195; printed page not given online",https://survey.iaa.org.il/#/MapSurvey/63/site/10195
63,102,Jerusalem,107,10196,Ramot Forest,יַעַר רָמוֹת,,,no,,,31.808865,35.220154,geojson_point,,,,,tell_el_ful,1.931,,tell_el_ful:1.931;jer_tombs_kings:2.418,settlement_ruin;winepress;rock_cut,,,,unknown,no,,"Amos Kloner (Jerusalem survey); Uri Dinur and Nurit Feig (Benjamin survey), ASI Map of Jerusalem (102), site 107; survey.iaa.org.il record 10196; printed page not given online",https://survey.iaa.org.il/#/MapSurvey/63/site/10196
63,102,Jerusalem,108,10197,Ramot Forest,יַעַר רָמוֹת,,,no,,,31.809587,35.218570,geojson_point,,,,,tell_el_ful,1.952,,tell_el_ful:1.952;jer_tombs_kings:2.548,tomb;cave;wall;settlement_ruin;rock_cut,cistern,,Herodian;second century BCE;first century CE,yes,no,,"Amos Kloner (Jerusalem survey); Uri Dinur and Nurit Feig (Benjamin survey), ASI Map of Jerusalem (102), site 108; survey.iaa.org.il record 10197; printed page not given online",https://survey.iaa.org.il/#/MapSurvey/63/site/10197
63,102,Jerusalem,109,10198,Ramot Forest,יַעַר רָמוֹת,,,no,,,31.808595,35.213395,geojson_point,,,,,tell_el_ful,2.360,,tell_el_ful:2.360;jer_tombs_kings:2.685,conduit;tomb;cave;steps;wall;pit;terrace;rock_cut,cistern,,,unknown,no,,"Amos Kloner (Jerusalem survey); Uri Dinur and Nurit Feig (Benjamin survey), ASI Map of Jerusalem (102), site 109; survey.iaa.org.il record 10198; printed page not given online",https://survey.iaa.org.il/#/MapSurvey/63/site/10198
63,102,Jerusalem,110,10200,Ramot Forest,יַעַר רָמוֹת,,,no,,,31.808414,35.212550,geojson_point,,,,,tell_el_ful,2.431,,tell_el_ful:2.431;jer_tombs_kings:2.714,cistern;rock_cut,cave,,,unknown,no,,"Amos Kloner (Jerusalem survey); Uri Dinur and Nurit Feig (Benjamin survey), ASI Map of Jerusalem (102), site 110; survey.iaa.org.il record 10200; printed page not given online",https://survey.iaa.org.il/#/MapSurvey/63/site/10200
63,102,Jerusalem,111,10202,Ramot Forest,יַעַר רָמוֹת,,,no,,,31.807964,35.214240,geojson_point,,,,,tell_el_ful,2.355,,tell_el_ful:2.355;jer_tombs_kings:2.583,cistern;rock_cut,,,,unknown,no,,"Amos Kloner (Jerusalem survey); Uri Dinur and Nurit Feig (Benjamin survey), ASI Map of Jerusalem (102), site 111; survey.iaa.org.il record 10202; printed page not given online",https://survey.iaa.org.il/#/MapSurvey/63/site/10202
63,102,Jerusalem,112,10204,Er Ras (M),אֶ־רָאס,,,no,,,31.811841,35.219627,geojson_point,,,,,tell_el_ful,1.694,,tell_el_ful:1.694;jer_tombs_kings:2.746,cistern;building;winepress;oil_press;installation,,,Late Roman;Byzantine,no,no,,"Amos Kloner (Jerusalem survey); Uri Dinur and Nurit Feig (Benjamin survey), ASI Map of Jerusalem (102), site 112; survey.iaa.org.il record 10204; printed page not given online",https://survey.iaa.org.il/#/MapSurvey/63/site/10204
63,102,Jerusalem,113,10206,Er Ras (M),אֶ־רָאס,,,no,,,31.812743,35.220155,geojson_point,,,,,tell_el_ful,1.586,,tell_el_ful:1.586;jer_tombs_kings:2.826,building;cairn;installation;terrace;rock_cut,,,,unknown,no,,"Amos Kloner (Jerusalem survey); Uri Dinur and Nurit Feig (Benjamin survey), ASI Map of Jerusalem (102), site 113; survey.iaa.org.il record 10206; printed page not given online",https://survey.iaa.org.il/#/MapSurvey/63/site/10206
63,102,Jerusalem,114,10207,Ramat Shelomo (Rekhes Shu'fat),רָמַת שְׁלֹמֹה (רֶכֶס שֻעְפָאט),,,no,,,31.809857,35.220894,geojson_point,,,,,tell_el_ful,1.801,,tell_el_ful:1.801;jer_tombs_kings:2.499,pool;tomb;dovecote;building;tower;wall;cairn;winepress;installation;rock_cut,cistern;cave,,Iron Age;Hasmonean;Hellenistic;Second Temple;Herodian;Persian;Early Roman,yes,no,,"Amos Kloner (Jerusalem survey); Uri Dinur and Nurit Feig (Benjamin survey), ASI Map of Jerusalem (102), site 114; survey.iaa.org.il record 10207; printed page not given online",https://survey.iaa.org.il/#/MapSurvey/63/site/10207
63,102,Jerusalem,115,10211,Shu'fat,שֻעְפָאט,,,no,,,31.811840,35.228076,geojson_point,,,,,tell_el_ful,1.327,,tell_el_ful:1.327;jer_tombs_kings:2.595,building;tower;steps;wall;cairn,,,Iron II,no,no,,"Amos Kloner (Jerusalem survey); Uri Dinur and Nurit Feig (Benjamin survey), ASI Map of Jerusalem (102), site 115; survey.iaa.org.il record 10211; printed page not given online",https://survey.iaa.org.il/#/MapSurvey/63/site/10211
63,102,Jerusalem,116,10213,Er Ras (M),אֶ־רָאס,,,no,,,31.811390,35.224062,geojson_point,,,,,tell_el_ful,1.504,,tell_el_ful:1.504;jer_tombs_kings:2.589,conduit;building;road;quarry;terrace;rock_cut,,,Roman;Byzantine,overlaps,no,,"Amos Kloner (Jerusalem survey); Uri Dinur and Nurit Feig (Benjamin survey), ASI Map of Jerusalem (102), site 116; survey.iaa.org.il record 10213; printed page not given online",https://survey.iaa.org.il/#/MapSurvey/63/site/10213
63,102,Jerusalem,117,10214,Shu'fat (south),שֻעְפָאט (דרום),,,no,,,31.808233,35.226491,geojson_point,,,,,tell_el_ful,1.753,,tell_el_ful:1.753;jer_tombs_kings:2.207,conduit;tomb;cave;wall;cairn;quarry;rock_cut,cistern,,Herodian,yes,no,,"Amos Kloner (Jerusalem survey); Uri Dinur and Nurit Feig (Benjamin survey), ASI Map of Jerusalem (102), site 117; survey.iaa.org.il record 10214; printed page not given online",https://survey.iaa.org.il/#/MapSurvey/63/site/10214
63,102,Jerusalem,118,10215,Er Ras (M),אֶ־רָאס,,,no,,,31.810488,35.222267,geojson_point,,,,,tell_el_ful,1.673,,tell_el_ful:1.673;jer_tombs_kings:2.529,cave;building;tower,,,Iron II;Hasmonean,yes,no,,"Amos Kloner (Jerusalem survey); Uri Dinur and Nurit Feig (Benjamin survey), ASI Map of Jerusalem (102), site 118; survey.iaa.org.il record 10215; printed page not given online",https://survey.iaa.org.il/#/MapSurvey/63/site/10215
63,102,Jerusalem,119,10217,Shu'fat,שֻעְפָאט,,,no,,,31.814095,35.227020,geojson_point,,,,,tell_el_ful,1.116,,tell_el_ful:1.116;jer_tombs_kings:2.851,tomb;cave;building;wall;pit,cistern,,Roman,overlaps,no,,"Amos Kloner (Jerusalem survey); Uri Dinur and Nurit Feig (Benjamin survey), ASI Map of Jerusalem (102), site 119; survey.iaa.org.il record 10217; printed page not given online",https://survey.iaa.org.il/#/MapSurvey/63/site/10217
63,102,Jerusalem,120,10219,Kh. el Mughram (M),ח' אֶל־מֻעְ'רָם,,,no,,,31.812292,35.224379,geojson_point,,,,,tell_el_ful,1.401,,tell_el_ful:1.401;jer_tombs_kings:2.682,building;tower;wall;settlement_ruin,cave,,Byzantine,no,no,,"Amos Kloner (Jerusalem survey); Uri Dinur and Nurit Feig (Benjamin survey), ASI Map of Jerusalem (102), site 120; survey.iaa.org.il record 10219; printed page not given online",https://survey.iaa.org.il/#/MapSurvey/63/site/10219
63,102,Jerusalem,121,10228,Kh. es Sauma‘a (southeast),ח' אֶ־צַּוּמַעָה (דרום־מזרח),,2-5/1,yes,222088,635937,31.816193,35.232236,nig_epsg2039,31.816259,35.232301,9.6,ok,tell_el_ful,0.816,tell_el_ful:0.816,tell_el_ful:0.816,cistern;pool;building;settlement_ruin;cairn;terrace;rock_cut,cave,"Iron Age II,Byzantine,Middle Ages",Iron II;Byzantine;Medieval;Iron Age,no,no,"Agricultural complex (21 dunams), including terraces enclosed by stone fences, on moderate","Amos Kloner (Jerusalem survey); Uri Dinur and Nurit Feig (Benjamin survey), ASI Map of Jerusalem (102), site 121; survey.iaa.org.il record 10228; printed page not given online",https://survey.iaa.org.il/#/MapSurvey/63/site/10228
63,102,Jerusalem,122,10229,Wadi el Khalaf,ואדי אֶל־חַ'לַף,,,no,,,31.816258,35.239483,geojson_point,,,,,tell_el_ful,1.121,,tell_el_ful:1.121,tomb;cave;wall;winepress;terrace;rock_cut,cistern,,Roman;Byzantine,overlaps,no,,"Amos Kloner (Jerusalem survey); Uri Dinur and Nurit Feig (Benjamin survey), ASI Map of Jerusalem (102), site 122; survey.iaa.org.il record 10229; printed page not given online",https://survey.iaa.org.il/#/MapSurvey/63/site/10229
63,102,Jerusalem,123,10232,Wadi el Khalaf,ואדי אֶל־חַ'לַף,,2-5/3,yes,222408,635897,31.815831,35.235615,nig_epsg2039,31.815898,35.235681,9.6,ok,tell_el_ful,0.947,tell_el_ful:0.947,tell_el_ful:0.947,cave;building;tower;terrace;rock_cut,,"Iron Age II,Byzantine",Iron II;Byzantine;Iron Age,no,no,Agricultural complex — chiefly agricultural terraces — in valley S of Wadi,"Amos Kloner (Jerusalem survey); Uri Dinur and Nurit Feig (Benjamin survey), ASI Map of Jerusalem (102), site 123; survey.iaa.org.il record 10232; printed page not given online",https://survey.iaa.org.il/#/MapSurvey/63/site/10232
63,102,Jerusalem,124,10233,Wadi el Khalaf,ואדי אֶל־חַ'לַף,,,no,,,31.814815,35.235364,geojson_point,,,,,tell_el_ful,1.041,,tell_el_ful:1.041;jer_tombs_kings:2.982,terrace;rock_cut,cave,,Byzantine,no,no,,"Amos Kloner (Jerusalem survey); Uri Dinur and Nurit Feig (Benjamin survey), ASI Map of Jerusalem (102), site 124; survey.iaa.org.il record 10233; printed page not given online",https://survey.iaa.org.il/#/MapSurvey/63/site/10233
63,102,Jerusalem,125,10234,Kh. es Sauma'a (M) (southeast),ח' אֶ־צַּוּמַעָה (דרום־מזרח),,2-5/4,yes,222088,635857,31.815471,35.232235,nig_epsg2039,31.815537,35.232301,9.6,ok,tell_el_ful,0.896,tell_el_ful:0.896,tell_el_ful:0.896,settlement_ruin,,"Chalcolithic,Ghassulian (culture),Iron Age II,Byzantine",Chalcolithic;Iron II;Byzantine;Iron Age,no,no,Scatter of flint tools and pottery on SE slope of hill (presently,"Amos Kloner (Jerusalem survey); Uri Dinur and Nurit Feig (Benjamin survey), ASI Map of Jerusalem (102), site 125; survey.iaa.org.il record 10234; printed page not given online",https://survey.iaa.org.il/#/MapSurvey/63/site/10234
63,102,Jerusalem,126,10236,El Qu'ma (M),אֶל־קֻעְמָא,,,no,,,31.813372,35.237370,geojson_point,,,,,tell_el_ful,1.266,,tell_el_ful:1.266;jer_tombs_kings:2.870,cistern;settlement_ruin,,,Iron II;Byzantine;Medieval,no,no,,"Amos Kloner (Jerusalem survey); Uri Dinur and Nurit Feig (Benjamin survey), ASI Map of Jerusalem (102), site 126; survey.iaa.org.il record 10236; printed page not given online",https://survey.iaa.org.il/#/MapSurvey/63/site/10236
63,102,Jerusalem,127,10237,El Qu'ma (M),אֶל־קֻעְמָא,,,no,,,31.813372,35.239165,geojson_point,,,,,tell_el_ful,1.353,,tell_el_ful:1.353;jer_tombs_kings:2.920,conduit;quarry,,,Ottoman,no,no,,"Amos Kloner (Jerusalem survey); Uri Dinur and Nurit Feig (Benjamin survey), ASI Map of Jerusalem (102), site 127; survey.iaa.org.il record 10237; printed page not given online",https://survey.iaa.org.il/#/MapSurvey/63/site/10237
63,102,Jerusalem,128,10238,Jerusalem-Ramallah road,כביש ירושלים-רמאלּה,,,no,,,31.808503,35.233672,geojson_point,,,,,tell_el_ful,1.682,,tell_el_ful:1.682;jer_tombs_kings:2.262,road;winepress;mosaic;rock_cut,cistern;cave,,Late Roman;Byzantine,no,no,,"Amos Kloner (Jerusalem survey); Uri Dinur and Nurit Feig (Benjamin survey), ASI Map of Jerusalem (102), site 128; survey.iaa.org.il record 10238; printed page not given online",https://survey.iaa.org.il/#/MapSurvey/63/site/10238
63,102,Jerusalem,129,10239,Giv'at Shappira (north),גִּבְעַת שַּפִּירָא (צפון),,,no,,,31.808412,35.239164,geojson_point,,,,,tell_el_ful,1.837,,tell_el_ful:1.837;jer_tombs_kings:2.404,terrace,,,Roman;Byzantine;Ottoman,overlaps,no,,"Amos Kloner (Jerusalem survey); Uri Dinur and Nurit Feig (Benjamin survey), ASI Map of Jerusalem (102), site 129; survey.iaa.org.il record 10239; printed page not given online",https://survey.iaa.org.il/#/MapSurvey/63/site/10239
63,102,Jerusalem,130,10240,Wadi el Khalaf,ואדי אֶל־חַ'לַף,,,no,,,31.815896,35.242651,geojson_point,,,,,tell_el_ful,1.372,,tell_el_ful:1.372,cistern;kiln;rock_cut,,,,unknown,no,,"Amos Kloner (Jerusalem survey); Uri Dinur and Nurit Feig (Benjamin survey), ASI Map of Jerusalem (102), site 130; survey.iaa.org.il record 10240; printed page not given online",https://survey.iaa.org.il/#/MapSurvey/63/site/10240
63,102,Jerusalem,131,10247,Kh. Kakul (S),ח' כַּעְכּוּל,,,no,,,31.815443,35.250784,geojson_point,,,,,tell_el_ful,2.055,,tell_el_ful:2.055,cistern;pool;reservoir;conduit;tomb;cave;dovecote;building;tower;steps;wall;settlement_ruin;cairn;pit;quarry;winepress;oil_press;installation;kiln;mosaic;rock_cut,,,Early Roman;first century BCE;first century CE;Byzantine;Mameluke;Hasmonean;late Hellenistic;Herodian;Iron II;Hellenistic;Ottoman,yes,no,,"Amos Kloner (Jerusalem survey); Uri Dinur and Nurit Feig (Benjamin survey), ASI Map of Jerusalem (102), site 131; survey.iaa.org.il record 10247; printed page not given online",https://survey.iaa.org.il/#/MapSurvey/63/site/10247
63,102,Jerusalem,132,10495,Nahal Og,נחל אוג,,,no,,,31.808501,35.243177,geojson_point,,,,,tell_el_ful,2.014,,tell_el_ful:2.014;jer_tombs_kings:2.585,pool;steps;winepress;installation;rock_cut,,,Herodian;Byzantine,yes,no,,"Amos Kloner (Jerusalem survey); Uri Dinur and Nurit Feig (Benjamin survey), ASI Map of Jerusalem (102), site 132; survey.iaa.org.il record 10495; printed page not given online",https://survey.iaa.org.il/#/MapSurvey/63/site/10495
63,102,Jerusalem,133,10496,Kh. Ka'kul (M) (east),ח׳ כעכול (מזרח),,,no,,,31.816344,35.254375,geojson_point,,,,,tell_el_ful,2.329,,tell_el_ful:2.329,tomb;cave;settlement_ruin;kiln;rock_cut,cistern,,Roman,overlaps,no,,"Amos Kloner (Jerusalem survey); Uri Dinur and Nurit Feig (Benjamin survey), ASI Map of Jerusalem (102), site 133; survey.iaa.org.il record 10496; printed page not given online",https://survey.iaa.org.il/#/MapSurvey/63/site/10496
63,102,Jerusalem,134,10497,Kh. Ka'kul (M) (east),ח׳ כעכול (מזרח),,,no,,,31.814540,35.252896,geojson_point,,,,,tell_el_ful,2.278,,tell_el_ful:2.278,tomb;cave;settlement_ruin;rock_cut,cistern,,,unknown,no,,"Amos Kloner (Jerusalem survey); Uri Dinur and Nurit Feig (Benjamin survey), ASI Map of Jerusalem (102), site 134; survey.iaa.org.il record 10497; printed page not given online",https://survey.iaa.org.il/#/MapSurvey/63/site/10497
63,102,Jerusalem,135,10498,Wadi Ibn id,ואדי אבן עיד,,,no,,,31.809039,35.252893,geojson_point,,,,,tell_el_ful,2.604,,tell_el_ful:2.604,cistern;pit;rock_cut,,,,unknown,no,,"Amos Kloner (Jerusalem survey); Uri Dinur and Nurit Feig (Benjamin survey), ASI Map of Jerusalem (102), site 135; survey.iaa.org.il record 10498; printed page not given online",https://survey.iaa.org.il/#/MapSurvey/63/site/10498
63,102,Jerusalem,137,10500,Kh. el Masani (S),ח׳ אל־מצאנע,,,no,,,31.806430,35.218042,geojson_point,,,,,jer_tombs_kings,2.253,,jer_tombs_kings:2.253;tell_el_ful:2.267,cistern;pool;conduit;tomb;cave;building;wall;settlement_ruin;pit;quarry;rock_cut,,,Herodian;Byzantine,yes,no,,"Amos Kloner (Jerusalem survey); Uri Dinur and Nurit Feig (Benjamin survey), ASI Map of Jerusalem (102), site 137; survey.iaa.org.il record 10500; printed page not given online",https://survey.iaa.org.il/#/MapSurvey/63/site/10500
63,102,Jerusalem,138,10501,Har Hozevim,הר חוצבים,,,no,,,31.804627,35.213290,geojson_point,,,,,jer_tombs_kings,2.338,,jer_tombs_kings:2.338;tell_el_ful:2.694,cistern;building;fortress;tower;wall,cave,,Crusader;Mameluke,no,no,,"Amos Kloner (Jerusalem survey); Uri Dinur and Nurit Feig (Benjamin survey), ASI Map of Jerusalem (102), site 138; survey.iaa.org.il record 10501; printed page not given online",https://survey.iaa.org.il/#/MapSurvey/63/site/10501
63,102,Jerusalem,139,10368,Nahal Sanhedrin,נַחַל סַנְהֶדְרִין,,,no,,,31.803905,35.214135,geojson_point,,,,,jer_tombs_kings,2.225,,jer_tombs_kings:2.225;tell_el_ful:2.709,building;wall,,,Iron II;Byzantine,no,no,,"Amos Kloner (Jerusalem survey); Uri Dinur and Nurit Feig (Benjamin survey), ASI Map of Jerusalem (102), site 139; survey.iaa.org.il record 10368; printed page not given online",https://survey.iaa.org.il/#/MapSurvey/63/site/10368
63,102,Jerusalem,140,10367,Nahal Sanhedrin,נַחַל סַנְהֶדְרִין,,,no,,,31.803274,35.219520,geojson_point,,,,,jer_tombs_kings,1.878,,jer_tombs_kings:1.878;tell_el_ful:2.503;jer_bethesda:2.881,cave;dovecote;rock_cut,,,Hasmonean;Herodian,yes,no,,"Amos Kloner (Jerusalem survey); Uri Dinur and Nurit Feig (Benjamin survey), ASI Map of Jerusalem (102), site 140; survey.iaa.org.il record 10367; printed page not given online",https://survey.iaa.org.il/#/MapSurvey/63/site/10367
63,102,Jerusalem,141,10369,Nahal Sanhedrin,נַחַל סַנְהֶדְרִין,,,no,,,31.803184,35.214557,geojson_point,,,,,jer_tombs_kings,2.138,,jer_tombs_kings:2.138;tell_el_ful:2.751,conduit;steps;road;rock_cut,,,Roman,overlaps,no,,"Amos Kloner (Jerusalem survey); Uri Dinur and Nurit Feig (Benjamin survey), ASI Map of Jerusalem (102), site 141; survey.iaa.org.il record 10369; printed page not given online",https://survey.iaa.org.il/#/MapSurvey/63/site/10369
63,102,Jerusalem,142,10370,Sanhedriyya,סַנְהֶדְרִיָּה,,,no,,,31.800117,35.219098,geojson_point,,,,,jer_tombs_kings,1.604,,jer_tombs_kings:1.604;jer_bethesda:2.615;tell_el_ful:2.838;jer_temple:2.876;jer_east_gate:2.901;jer_tyropoeon:2.947;jer_gethsemane:2.998,tomb;cave;wall;pit;rock_cut,cistern,,Herodian,yes,no,,"Amos Kloner (Jerusalem survey); Uri Dinur and Nurit Feig (Benjamin survey), ASI Map of Jerusalem (102), site 142; survey.iaa.org.il record 10370; printed page not given online",https://survey.iaa.org.il/#/MapSurvey/63/site/10370
63,102,Jerusalem,143,10371,Sanhedriyya,סַנְהֶדְרִיָּה,,,no,,,31.800027,35.218570,geojson_point,,,,,jer_tombs_kings,1.626,,jer_tombs_kings:1.626;jer_bethesda:2.637;tell_el_ful:2.868;jer_temple:2.894;jer_east_gate:2.922;jer_tyropoeon:2.963,tomb;cave;quarry;rock_cut,cistern,,Herodian,yes,no,,"Amos Kloner (Jerusalem survey); Uri Dinur and Nurit Feig (Benjamin survey), ASI Map of Jerusalem (102), site 143; survey.iaa.org.il record 10371; printed page not given online",https://survey.iaa.org.il/#/MapSurvey/63/site/10371
63,102,Jerusalem,144,10372,Sanhedriyya,סַנְהֶדְרִיָּה,,,no,,,31.799576,35.217725,geojson_point,,,,,jer_tombs_kings,1.639,,jer_tombs_kings:1.639;jer_bethesda:2.649;jer_temple:2.897;jer_east_gate:2.931;tell_el_ful:2.947;jer_tyropoeon:2.961,reservoir;tomb;cave;rock_cut,cistern,,Herodian,yes,no,,"Amos Kloner (Jerusalem survey); Uri Dinur and Nurit Feig (Benjamin survey), ASI Map of Jerusalem (102), site 144; survey.iaa.org.il record 10372; printed page not given online",https://survey.iaa.org.il/#/MapSurvey/63/site/10372
63,102,Jerusalem,145,10373,Sanhedriyya,סַנְהֶדְרִיָּה,,,no,,,31.799306,35.218570,geojson_point,,,,,jer_tombs_kings,1.564,,jer_tombs_kings:1.564;jer_bethesda:2.575;jer_temple:2.827;jer_east_gate:2.858;jer_tyropoeon:2.894;tell_el_ful:2.941;jer_gethsemane:2.963,tomb;cave;wall;pit;rock_cut,cistern,,Herodian,yes,no,,"Amos Kloner (Jerusalem survey); Uri Dinur and Nurit Feig (Benjamin survey), ASI Map of Jerusalem (102), site 145; survey.iaa.org.il record 10373; printed page not given online",https://survey.iaa.org.il/#/MapSurvey/63/site/10373
63,102,Jerusalem,146,10375,Sanhedriyya,סַנְהֶדְרִיָּה,,,no,,,31.799306,35.220470,geojson_point,,,,,jer_tombs_kings,1.455,,jer_tombs_kings:1.455;jer_bethesda:2.465;jer_temple:2.731;jer_east_gate:2.753;jer_tyropoeon:2.806;jer_gethsemane:2.846;tell_el_ful:2.873;jer_se_corner:2.986,reservoir;tomb;cave;building;wall;pit;rock_cut,cistern;conduit,,Herodian,yes,no,,"Amos Kloner (Jerusalem survey); Uri Dinur and Nurit Feig (Benjamin survey), ASI Map of Jerusalem (102), site 146; survey.iaa.org.il record 10375; printed page not given online",https://survey.iaa.org.il/#/MapSurvey/63/site/10375
63,102,Jerusalem,147,10502,Nahal Zofim,נחל צופים,,,no,,,31.807061,35.223428,geojson_point,,,,,tell_el_ful,1.968,,tell_el_ful:1.968;jer_tombs_kings:2.132,winepress;installation;rock_cut,,,,unknown,no,,"Amos Kloner (Jerusalem survey); Uri Dinur and Nurit Feig (Benjamin survey), ASI Map of Jerusalem (102), site 147; survey.iaa.org.il record 10502; printed page not given online",https://survey.iaa.org.il/#/MapSurvey/63/site/10502
63,102,Jerusalem,148,10503,Nahal Zofim,נחל צופים,,,no,,,31.806971,35.227335,geojson_point,,,,,tell_el_ful,1.872,,tell_el_ful:1.872;jer_tombs_kings:2.059;jer_bethesda:2.956,pool;tomb;cave;steps;wall;installation;rock_cut,cistern,,Herodian;Byzantine,yes,no,,"Amos Kloner (Jerusalem survey); Uri Dinur and Nurit Feig (Benjamin survey), ASI Map of Jerusalem (102), site 148; survey.iaa.org.il record 10503; printed page not given online",https://survey.iaa.org.il/#/MapSurvey/63/site/10503
63,102,Jerusalem,149,10504,Nahal Zofim,נחל צופים,,,no,,,31.806970,35.229236,geojson_point,,,,,tell_el_ful,1.845,,tell_el_ful:1.845;jer_tombs_kings:2.052;jer_bethesda:2.912,building;tower;road;rock_cut,,,Roman,overlaps,no,,"Amos Kloner (Jerusalem survey); Uri Dinur and Nurit Feig (Benjamin survey), ASI Map of Jerusalem (102), site 149; survey.iaa.org.il record 10504; printed page not given online",https://survey.iaa.org.il/#/MapSurvey/63/site/10504
63,102,Jerusalem,150,10505,Nahal Zofim,נחל צופים,,,no,,,31.806700,35.230187,geojson_point,,,,,tell_el_ful,1.868,,tell_el_ful:1.868;jer_tombs_kings:2.024;jer_bethesda:2.864,building,,,,unknown,no,,"Amos Kloner (Jerusalem survey); Uri Dinur and Nurit Feig (Benjamin survey), ASI Map of Jerusalem (102), site 150; survey.iaa.org.il record 10505; printed page not given online",https://survey.iaa.org.il/#/MapSurvey/63/site/10505
63,102,Jerusalem,151,10506,Nahal Zofim,נחל צופים,,,no,,,31.806340,35.222583,geojson_point,,,,,tell_el_ful,2.073,,tell_el_ful:2.073;jer_tombs_kings:2.078,cave,,,,unknown,no,,"Amos Kloner (Jerusalem survey); Uri Dinur and Nurit Feig (Benjamin survey), ASI Map of Jerusalem (102), site 151; survey.iaa.org.il record 10506; printed page not given online",https://survey.iaa.org.il/#/MapSurvey/63/site/10506
63,102,Jerusalem,152,10507,Nahal Zofim,נחל צופים,,,no,,,31.806250,35.222583,geojson_point,,,,,jer_tombs_kings,2.068,,jer_tombs_kings:2.068;tell_el_ful:2.082,building,spring_well,,,unknown,no,,"Amos Kloner (Jerusalem survey); Uri Dinur and Nurit Feig (Benjamin survey), ASI Map of Jerusalem (102), site 152; survey.iaa.org.il record 10507; printed page not given online",https://survey.iaa.org.il/#/MapSurvey/63/site/10507
63,102,Jerusalem,153,10508,Nahal Zofim,נחל צופים,,,no,,,31.806159,35.224378,geojson_point,,,,,jer_tombs_kings,2.013,,jer_tombs_kings:2.013;tell_el_ful:2.031;jer_bethesda:2.959,tomb;cave;quarry;rock_cut,cistern,,Herodian;Roman;Byzantine,yes,no,,"Amos Kloner (Jerusalem survey); Uri Dinur and Nurit Feig (Benjamin survey), ASI Map of Jerusalem (102), site 153; survey.iaa.org.il record 10508; printed page not given online",https://survey.iaa.org.il/#/MapSurvey/63/site/10508
63,102,Jerusalem,154,10509,Nahal Zofim,נַחַל צוֹפִים,,,no,,,31.805889,35.220893,geojson_point,,,,,jer_tombs_kings,2.084,,jer_tombs_kings:2.084;tell_el_ful:2.185,tomb;cave;rock_cut,cistern,,,unknown,no,,"Amos Kloner (Jerusalem survey); Uri Dinur and Nurit Feig (Benjamin survey), ASI Map of Jerusalem (102), site 154; survey.iaa.org.il record 10509; printed page not given online",https://survey.iaa.org.il/#/MapSurvey/63/site/10509
63,102,Jerusalem,155,10510,Nahal Zofim,נַחַל צוֹפִים,,,no,,,31.805798,35.229342,geojson_point,,,,,jer_tombs_kings,1.921,,jer_tombs_kings:1.921;tell_el_ful:1.974;jer_bethesda:2.782,tomb;wall;rock_cut,cistern;cave,,Herodian,yes,no,,"Amos Kloner (Jerusalem survey); Uri Dinur and Nurit Feig (Benjamin survey), ASI Map of Jerusalem (102), site 155; survey.iaa.org.il record 10510; printed page not given online",https://survey.iaa.org.il/#/MapSurvey/63/site/10510
63,102,Jerusalem,156,10511,Nahal Zofim,נַחַל צוֹפִים,,,no,,,31.805708,35.224590,geojson_point,,,,,jer_tombs_kings,1.960,,jer_tombs_kings:1.960;tell_el_ful:2.072;jer_bethesda:2.905,cistern;conduit;rock_cut,,,,unknown,no,,"Amos Kloner (Jerusalem survey); Uri Dinur and Nurit Feig (Benjamin survey), ASI Map of Jerusalem (102), site 156; survey.iaa.org.il record 10511; printed page not given online",https://survey.iaa.org.il/#/MapSurvey/63/site/10511
63,102,Jerusalem,157,10512,Nahal Zofim,נַחַל צוֹפִים,,,no,,,31.805708,35.226807,geojson_point,,,,,jer_tombs_kings,1.924,,jer_tombs_kings:1.924;tell_el_ful:2.019;jer_bethesda:2.835,quarry,,,,unknown,no,,"Amos Kloner (Jerusalem survey); Uri Dinur and Nurit Feig (Benjamin survey), ASI Map of Jerusalem (102), site 157; survey.iaa.org.il record 10512; printed page not given online",https://survey.iaa.org.il/#/MapSurvey/63/site/10512
63,102,Jerusalem,158,10513,Nahal Zofim,נַחַל צוֹפִים,,,no,,,31.805708,35.227863,geojson_point,,,,,jer_tombs_kings,1.915,,jer_tombs_kings:1.915;tell_el_ful:2.001;jer_bethesda:2.807,cistern;pit;rock_cut,,,,unknown,no,,"Amos Kloner (Jerusalem survey); Uri Dinur and Nurit Feig (Benjamin survey), ASI Map of Jerusalem (102), site 158; survey.iaa.org.il record 10513; printed page not given online",https://survey.iaa.org.il/#/MapSurvey/63/site/10513
63,102,Jerusalem,159,10514,Nahal Zofim,נַחַל צוֹפִים,,,no,,,31.805618,35.223005,geojson_point,,,,,jer_tombs_kings,1.989,,jer_tombs_kings:1.989;tell_el_ful:2.132;jer_bethesda:2.954,wall;cairn;terrace,cave,,Iron II;Late Roman;Byzantine,no,no,,"Amos Kloner (Jerusalem survey); Uri Dinur and Nurit Feig (Benjamin survey), ASI Map of Jerusalem (102), site 159; survey.iaa.org.il record 10514; printed page not given online",https://survey.iaa.org.il/#/MapSurvey/63/site/10514
63,102,Jerusalem,160,10515,Nahal Zofim,נַחַל צוֹפִים,,,no,,,31.805528,35.225012,geojson_point,,,,,jer_tombs_kings,1.932,,jer_tombs_kings:1.932;tell_el_ful:2.080;jer_bethesda:2.872,cistern;terrace;rock_cut,,,,unknown,no,,"Amos Kloner (Jerusalem survey); Uri Dinur and Nurit Feig (Benjamin survey), ASI Map of Jerusalem (102), site 160; survey.iaa.org.il record 10515; printed page not given online",https://survey.iaa.org.il/#/MapSurvey/63/site/10515
63,102,Jerusalem,161,10516,Nahal Zofim,נַחַל צוֹפִים,,,no,,,31.805527,35.229553,geojson_point,,,,,jer_tombs_kings,1.891,,jer_tombs_kings:1.891;tell_el_ful:2.002;jer_bethesda:2.749,cistern;wall;rock_cut,,,,unknown,no,,"Amos Kloner (Jerusalem survey); Uri Dinur and Nurit Feig (Benjamin survey), ASI Map of Jerusalem (102), site 161; survey.iaa.org.il record 10516; printed page not given online",https://survey.iaa.org.il/#/MapSurvey/63/site/10516
63,102,Jerusalem,162,10517,Magharat Umm el 'Amid (M),מַעַ'ארַת אֻם אֶל־עַמִד,,,no,,,31.805437,35.227018,geojson_point,,,,,jer_tombs_kings,1.892,,jer_tombs_kings:1.892;tell_el_ful:2.045;jer_bethesda:2.801,tomb;cave;rock_cut,cistern,,Herodian,yes,no,,"Amos Kloner (Jerusalem survey); Uri Dinur and Nurit Feig (Benjamin survey), ASI Map of Jerusalem (102), site 162; survey.iaa.org.il record 10517; printed page not given online",https://survey.iaa.org.il/#/MapSurvey/63/site/10517
63,102,Jerusalem,163,10518,Nahal Zofim,נַחַל צוֹפִים,,,no,,,31.805347,35.227546,geojson_point,,,,,jer_tombs_kings,1.878,,jer_tombs_kings:1.878;tell_el_ful:2.046;jer_bethesda:2.777,winepress;rock_cut,cistern,,,unknown,no,,"Amos Kloner (Jerusalem survey); Uri Dinur and Nurit Feig (Benjamin survey), ASI Map of Jerusalem (102), site 163; survey.iaa.org.il record 10518; printed page not given online",https://survey.iaa.org.il/#/MapSurvey/63/site/10518
63,102,Jerusalem,164,10519,Nahal Zofim,נַחַל צוֹפִים,,,no,,,31.805257,35.223745,geojson_point,,,,,jer_tombs_kings,1.931,,jer_tombs_kings:1.931;tell_el_ful:2.145;jer_bethesda:2.889,cistern;conduit;tomb;cave;wall;pit;rock_cut,spring_well,,,unknown,no,,"Amos Kloner (Jerusalem survey); Uri Dinur and Nurit Feig (Benjamin survey), ASI Map of Jerusalem (102), site 164; survey.iaa.org.il record 10519; printed page not given online",https://survey.iaa.org.il/#/MapSurvey/63/site/10519
63,102,Jerusalem,165,10520,Nahal Zofim,נַחַל צוֹפִים,,,no,,,31.803815,35.223639,geojson_point,,,,,jer_tombs_kings,1.780,,jer_tombs_kings:1.780;tell_el_ful:2.300;jer_bethesda:2.747,cistern;conduit;steps;pit;rock_cut,spring_well,,,unknown,no,,"Amos Kloner (Jerusalem survey); Uri Dinur and Nurit Feig (Benjamin survey), ASI Map of Jerusalem (102), site 165; survey.iaa.org.il record 10520; printed page not given online",https://survey.iaa.org.il/#/MapSurvey/63/site/10520
63,102,Jerusalem,166,10521,Nahal Zofim,נַחַל צוֹפִים,,,no,,,31.803183,35.225223,geojson_point,,,,,jer_tombs_kings,1.673,,jer_tombs_kings:1.673;tell_el_ful:2.327;jer_bethesda:2.622;jer_east_gate:2.919;jer_temple:2.933;jer_gethsemane:2.964,conduit;cave;dovecote;wall;winepress;installation;rock_cut,cistern,,Hasmonean;Herodian,yes,no,,"Amos Kloner (Jerusalem survey); Uri Dinur and Nurit Feig (Benjamin survey), ASI Map of Jerusalem (102), site 166; survey.iaa.org.il record 10521; printed page not given online",https://survey.iaa.org.il/#/MapSurvey/63/site/10521
63,102,Jerusalem,167,10522,Giv'at Ha-Tahmoshet,גִּבְעַת הַתַּחְמֹשֶׁת,,,no,,,31.799124,35.228601,geojson_point,,,,,jer_tombs_kings,1.180,,jer_tombs_kings:1.180;jer_bethesda:2.087;jer_east_gate:2.384;jer_temple:2.407;jer_gethsemane:2.418;jer_tyropoeon:2.523;jer_se_corner:2.648;jer_kidron_mon:2.658;jer_south_wall:2.687;tell_el_ful:2.719;jer_kidron_east:2.913,cistern;tomb;cave;wall;rock_cut,,,Herodian,yes,no,,"Amos Kloner (Jerusalem survey); Uri Dinur and Nurit Feig (Benjamin survey), ASI Map of Jerusalem (102), site 167; survey.iaa.org.il record 10522; printed page not given online",https://survey.iaa.org.il/#/MapSurvey/63/site/10522
63,102,Jerusalem,168,10523,Nahal Zofim,נַחַל צוֹפִים,,,no,,,31.807331,35.228075,geojson_point,,,,,tell_el_ful,1.820,,tell_el_ful:1.820;jer_tombs_kings:2.094;jer_bethesda:2.976,tomb;pit;quarry,,,,unknown,no,,"Amos Kloner (Jerusalem survey); Uri Dinur and Nurit Feig (Benjamin survey), ASI Map of Jerusalem (102), site 168; survey.iaa.org.il record 10523; printed page not given online",https://survey.iaa.org.il/#/MapSurvey/63/site/10523
63,102,Jerusalem,169,10524,Giv'at Ha-Mivtar,גִּבְעַת הַמִּבְתָּר,,,no,,,31.803724,35.230292,geojson_point,,,,,jer_tombs_kings,1.694,,jer_tombs_kings:1.694;tell_el_ful:2.198;jer_bethesda:2.538;jer_east_gate:2.832;jer_gethsemane:2.837;jer_temple:2.872,tomb;cave;wall;pit;inscription;rock_cut,cistern,,Herodian,yes,no,,"Amos Kloner (Jerusalem survey); Uri Dinur and Nurit Feig (Benjamin survey), ASI Map of Jerusalem (102), site 169; survey.iaa.org.il record 10524; printed page not given online",https://survey.iaa.org.il/#/MapSurvey/63/site/10524
63,102,Jerusalem,170,10525,Giv'at Ha-Mivtar,גִּבְעַת הַמִּבְתָּר,,,no,,,31.802912,35.230925,geojson_point,,,,,jer_tombs_kings,1.609,,jer_tombs_kings:1.609;tell_el_ful:2.287;jer_bethesda:2.438;jer_east_gate:2.731;jer_gethsemane:2.733;jer_temple:2.774;jer_tyropoeon:2.904;jer_kidron_mon:2.986,tomb;cave;wall;pit;rock_cut,cistern,,Hasmonean,yes,no,,"Amos Kloner (Jerusalem survey); Uri Dinur and Nurit Feig (Benjamin survey), ASI Map of Jerusalem (102), site 170; survey.iaa.org.il record 10525; printed page not given online",https://survey.iaa.org.il/#/MapSurvey/63/site/10525
63,102,Jerusalem,171,10526,Giv'at Ha-Mivtar,גִּבְעַת הַמִּבְתָּר,,,no,,,31.802822,35.230080,geojson_point,,,,,jer_tombs_kings,1.593,,jer_tombs_kings:1.593;tell_el_ful:2.300;jer_bethesda:2.444;jer_east_gate:2.739;jer_gethsemane:2.748;jer_temple:2.777;jer_tyropoeon:2.904;jer_kidron_mon:2.999,tomb;cave;inscription;rock_cut,cistern,,Herodian,yes,no,,"Amos Kloner (Jerusalem survey); Uri Dinur and Nurit Feig (Benjamin survey), ASI Map of Jerusalem (102), site 171; survey.iaa.org.il record 10526; printed page not given online",https://survey.iaa.org.il/#/MapSurvey/63/site/10526
63,102,Jerusalem,172,10528,Giv'at Ha-Mivtar,גִּבְעַת הַמִּבְתָּר,,,no,,,31.802641,35.230608,geojson_point,,,,,jer_tombs_kings,1.576,,jer_tombs_kings:1.576;tell_el_ful:2.318;jer_bethesda:2.414;jer_east_gate:2.708;jer_gethsemane:2.713;jer_temple:2.749;jer_tyropoeon:2.877;jer_kidron_mon:2.966;jer_se_corner:2.980,tomb;cave;wall;pit;inscription;rock_cut,cistern,,Herodian,yes,no,,"Amos Kloner (Jerusalem survey); Uri Dinur and Nurit Feig (Benjamin survey), ASI Map of Jerusalem (102), site 172; survey.iaa.org.il record 10528; printed page not given online",https://survey.iaa.org.il/#/MapSurvey/63/site/10528
63,102,Jerusalem,173,10529,Giv'at Ha-Mivtar,גִּבְעַת הַמִּבְתָּר,,,no,,,31.802371,35.229552,geojson_point,,,,,jer_tombs_kings,1.541,,jer_tombs_kings:1.541;tell_el_ful:2.352;jer_bethesda:2.407;jer_east_gate:2.703;jer_gethsemane:2.717;jer_temple:2.737;jer_tyropoeon:2.861;jer_kidron_mon:2.966;jer_se_corner:2.972,tomb;cave;rock_cut,cistern,,Herodian,yes,no,,"Amos Kloner (Jerusalem survey); Uri Dinur and Nurit Feig (Benjamin survey), ASI Map of Jerusalem (102), site 173; survey.iaa.org.il record 10529; printed page not given online",https://survey.iaa.org.il/#/MapSurvey/63/site/10529
63,102,Jerusalem,174,10530,Giv'at Ha-Mivtar,גִּבְעַת הַמִּבְתָּר,,,no,,,31.802280,35.231031,geojson_point,,,,,jer_tombs_kings,1.540,,jer_tombs_kings:1.540;tell_el_ful:2.357;jer_bethesda:2.367;jer_east_gate:2.660;jer_gethsemane:2.663;jer_temple:2.703;jer_tyropoeon:2.833;jer_kidron_mon:2.916;jer_se_corner:2.933;jer_south_wall:2.976,tomb;cave;building;wall;pit;inscription;rock_cut,cistern,,Herodian;Hasmonean,yes,no,,"Amos Kloner (Jerusalem survey); Uri Dinur and Nurit Feig (Benjamin survey), ASI Map of Jerusalem (102), site 174; survey.iaa.org.il record 10530; printed page not given online",https://survey.iaa.org.il/#/MapSurvey/63/site/10530
63,102,Jerusalem,175,10531,Ramot Eshkol,רָמוֹת אֶשׁכּוֹל,,,no,,,31.802101,35.221104,geojson_point,,,,,jer_tombs_kings,1.693,,jer_tombs_kings:1.693;tell_el_ful:2.561;jer_bethesda:2.691;jer_temple:2.974;jer_east_gate:2.984,tomb;cave;wall;pit;inscription;rock_cut,cistern,,Herodian,yes,no,,"Amos Kloner (Jerusalem survey); Uri Dinur and Nurit Feig (Benjamin survey), ASI Map of Jerusalem (102), site 175; survey.iaa.org.il record 10531; printed page not given online",https://survey.iaa.org.il/#/MapSurvey/63/site/10531
63,102,Jerusalem,176,10532,Ramot Eshkol,רָמוֹת אֶשׁכּוֹל,,,no,,,31.801199,35.226173,geojson_point,,,,,jer_tombs_kings,1.438,,jer_tombs_kings:1.438;jer_bethesda:2.384;tell_el_ful:2.523;jer_east_gate:2.681;jer_temple:2.695;jer_gethsemane:2.727;jer_tyropoeon:2.802;jer_se_corner:2.940;jer_kidron_mon:2.961;jer_south_wall:2.977,tomb;cave;rock_cut,cistern,,Herodian,yes,no,,"Amos Kloner (Jerusalem survey); Uri Dinur and Nurit Feig (Benjamin survey), ASI Map of Jerusalem (102), site 176; survey.iaa.org.il record 10532; printed page not given online",https://survey.iaa.org.il/#/MapSurvey/63/site/10532
63,102,Jerusalem,177,10533,Ramot Eshkol,רָמוֹת אֶשׁכּוֹל,,,no,,,31.801019,35.221104,geojson_point,,,,,jer_tombs_kings,1.586,,jer_tombs_kings:1.586;jer_bethesda:2.589;tell_el_ful:2.674;jer_temple:2.867;jer_east_gate:2.880;jer_tyropoeon:2.950;jer_gethsemane:2.961,tomb;wall;pit;rock_cut,cistern;cave,,Herodian;Byzantine;Mameluke;Ottoman,yes,no,,"Amos Kloner (Jerusalem survey); Uri Dinur and Nurit Feig (Benjamin survey), ASI Map of Jerusalem (102), site 177; survey.iaa.org.il record 10533; printed page not given online",https://survey.iaa.org.il/#/MapSurvey/63/site/10533
63,102,Jerusalem,178,10534,Ramot Eshkol,רָמוֹת אֶשׁכּוֹל,,,no,,,31.798764,35.222793,geojson_point,,,,,jer_tombs_kings,1.290,,jer_tombs_kings:1.290;jer_bethesda:2.291;jer_temple:2.571;jer_east_gate:2.583;jer_tyropoeon:2.656;jer_gethsemane:2.664;jer_se_corner:2.824;jer_south_wall:2.854;tell_el_ful:2.861;jer_kidron_mon:2.877,tomb;cave;rock_cut,cistern,,Herodian,yes,no,,"Amos Kloner (Jerusalem survey); Uri Dinur and Nurit Feig (Benjamin survey), ASI Map of Jerusalem (102), site 178; survey.iaa.org.il record 10534; printed page not given online",https://survey.iaa.org.il/#/MapSurvey/63/site/10534
63,102,Jerusalem,179,10535,Nahal Zofim,נַחַל צוֹפִים,,,no,,,31.807060,35.231560,geojson_point,,,,,tell_el_ful,1.826,,tell_el_ful:1.826;jer_tombs_kings:2.074;jer_bethesda:2.883,building;wall;road;terrace,cave,,Iron II,no,no,,"Amos Kloner (Jerusalem survey); Uri Dinur and Nurit Feig (Benjamin survey), ASI Map of Jerusalem (102), site 179; survey.iaa.org.il record 10535; printed page not given online",https://survey.iaa.org.il/#/MapSurvey/63/site/10535
63,102,Jerusalem,180,10536,Giv'at Shappira,גִּבְעַת שַׁפִּירָא,,,no,,,31.806518,35.235150,geojson_point,,,,,tell_el_ful,1.923,,tell_el_ful:1.923;jer_tombs_kings:2.079;jer_bethesda:2.795,tomb;cave;wall;road;pit;inscription;rock_cut,cistern;spring_well,,Herodian,yes,no,,"Amos Kloner (Jerusalem survey); Uri Dinur and Nurit Feig (Benjamin survey), ASI Map of Jerusalem (102), site 180; survey.iaa.org.il record 10536; printed page not given online",https://survey.iaa.org.il/#/MapSurvey/63/site/10536
63,102,Jerusalem,181,10537,Giv'at Shappira,גִּבְעַת שַׁפִּירָא,,,no,,,31.806067,35.235784,geojson_point,,,,,tell_el_ful,1.984,,tell_el_ful:1.984;jer_tombs_kings:2.048;jer_bethesda:2.744;jer_gethsemane:2.983,tomb;cave;wall;pit;rock_cut,cistern,,Hasmonean;Herodian,yes,no,,"Amos Kloner (Jerusalem survey); Uri Dinur and Nurit Feig (Benjamin survey), ASI Map of Jerusalem (102), site 181; survey.iaa.org.il record 10537; printed page not given online",https://survey.iaa.org.il/#/MapSurvey/63/site/10537
63,102,Jerusalem,182,10538,Giv'at Shappira,גִּבְעַת שַׁפִּירָא,,,no,,,31.805886,35.240219,geojson_point,,,,,tell_el_ful,2.134,,tell_el_ful:2.134;jer_tombs_kings:2.194;jer_bethesda:2.755;jer_gethsemane:2.944,tomb;cave;rock_cut,cistern,,Herodian,yes,no,,"Amos Kloner (Jerusalem survey); Uri Dinur and Nurit Feig (Benjamin survey), ASI Map of Jerusalem (102), site 182; survey.iaa.org.il record 10538; printed page not given online",https://survey.iaa.org.il/#/MapSurvey/63/site/10538
63,102,Jerusalem,183,10539,Giv'at Shappira,גִּבְעַת שַׁפִּירָא,,,no,,,31.804984,35.241381,geojson_point,,,,,jer_tombs_kings,2.163,,jer_tombs_kings:2.163;tell_el_ful:2.271;jer_bethesda:2.675;jer_gethsemane:2.849;jer_east_gate:2.932,tomb;cave;steps;wall;pit;rock_cut,cistern,,Hasmonean;Herodian;Byzantine,yes,no,,"Amos Kloner (Jerusalem survey); Uri Dinur and Nurit Feig (Benjamin survey), ASI Map of Jerusalem (102), site 183; survey.iaa.org.il record 10539; printed page not given online",https://survey.iaa.org.il/#/MapSurvey/63/site/10539
63,102,Jerusalem,184,10576,Giv'at Shappira,גִּבְעַת שַׁפִּירָא,,,no,,,31.805346,35.236312,geojson_point,,,,,jer_tombs_kings,1.988,,jer_tombs_kings:1.988;tell_el_ful:2.073;jer_bethesda:2.664;jer_gethsemane:2.898;jer_east_gate:2.942,tomb;cave;wall;pit;quarry;rock_cut,cistern,,Bar Kokhba;Herodian;iron,yes,no,,"Amos Kloner (Jerusalem survey); Uri Dinur and Nurit Feig (Benjamin survey), ASI Map of Jerusalem (102), site 184; survey.iaa.org.il record 10576; printed page not given online",https://survey.iaa.org.il/#/MapSurvey/63/site/10576
63,102,Jerusalem,185,10577,Giv'at Shappira,גִּבְעַת שַׁפִּירָא,,,no,,,31.805345,35.240325,geojson_point,,,,,jer_tombs_kings,2.147,,jer_tombs_kings:2.147;tell_el_ful:2.193;jer_bethesda:2.697;jer_gethsemane:2.884;jer_east_gate:2.959,tomb;cave;rock_cut,cistern,,Bar Kokhba;Hasmonean;Herodian,yes,no,,"Amos Kloner (Jerusalem survey); Uri Dinur and Nurit Feig (Benjamin survey), ASI Map of Jerusalem (102), site 185; survey.iaa.org.il record 10577; printed page not given online",https://survey.iaa.org.il/#/MapSurvey/63/site/10577
63,102,Jerusalem,186,10578,Har Ha-Zofim (Mount Scopus),הַר הַצּוֹפִים,,,no,,,31.802189,35.237684,geojson_point,,,,,jer_tombs_kings,1.719,,jer_tombs_kings:1.719;jer_bethesda:2.319;tell_el_ful:2.445;jer_gethsemane:2.537;jer_east_gate:2.592;jer_temple:2.671;jer_kidron_mon:2.804;jer_tyropoeon:2.825;jer_se_corner:2.870;jer_south_wall:2.921,tomb;cave;rock_cut,cistern,,,unknown,no,,"Amos Kloner (Jerusalem survey); Uri Dinur and Nurit Feig (Benjamin survey), ASI Map of Jerusalem (102), site 186; survey.iaa.org.il record 10578; printed page not given online",https://survey.iaa.org.il/#/MapSurvey/63/site/10578
63,102,Jerusalem,187,10580,Zameret Ha-Bira,צַמֶּרֶת הַבִּירָה,,,no,,,31.804894,35.241275,geojson_point,,,,,jer_tombs_kings,2.149,,jer_tombs_kings:2.149;tell_el_ful:2.275;jer_bethesda:2.664;jer_gethsemane:2.838;jer_east_gate:2.920,tomb;cave;pit;rock_cut,cistern,,Herodian,yes,no,,"Amos Kloner (Jerusalem survey); Uri Dinur and Nurit Feig (Benjamin survey), ASI Map of Jerusalem (102), site 187; survey.iaa.org.il record 10580; printed page not given online",https://survey.iaa.org.il/#/MapSurvey/63/site/10580
63,102,Jerusalem,188,10581,Giv'at Shappira,גִּבְעַת שַׁפִּירָא,,,no,,,31.804173,35.236523,geojson_point,,,,,jer_tombs_kings,1.873,,jer_tombs_kings:1.873;tell_el_ful:2.205;jer_bethesda:2.534;jer_gethsemane:2.766;jer_east_gate:2.812;jer_temple:2.885,tomb;cave,cistern,,Bar Kokhba,yes,no,,"Amos Kloner (Jerusalem survey); Uri Dinur and Nurit Feig (Benjamin survey), ASI Map of Jerusalem (102), site 188; survey.iaa.org.il record 10581; printed page not given online",https://survey.iaa.org.il/#/MapSurvey/63/site/10581
63,102,Jerusalem,189,10582,Giv'at Shappira,גִּבְעַת שַׁפִּירָא,,,no,,,31.803361,35.238529,geojson_point,,,,,jer_tombs_kings,1.871,,jer_tombs_kings:1.871;tell_el_ful:2.342;jer_bethesda:2.456;jer_gethsemane:2.664;jer_east_gate:2.725;jer_temple:2.808;jer_kidron_mon:2.931;jer_tyropoeon:2.965,cistern;tomb;cave;building;winepress;oil_press;mosaic;rock_cut,,,Byzantine;Herodian;Hasmonean;Roman,yes,no,,"Amos Kloner (Jerusalem survey); Uri Dinur and Nurit Feig (Benjamin survey), ASI Map of Jerusalem (102), site 189; survey.iaa.org.il record 10582; printed page not given online",https://survey.iaa.org.il/#/MapSurvey/63/site/10582
63,102,Jerusalem,190,10583,Giv‘at Ha-Mivtar,גִּבְעַת הַמִּבְתָּר,,,no,,,31.802731,35.231348,geojson_point,,,,,jer_tombs_kings,1.593,,jer_tombs_kings:1.593;tell_el_ful:2.307;jer_bethesda:2.411;jer_gethsemane:2.702;jer_east_gate:2.703;jer_temple:2.748;jer_tyropoeon:2.880;jer_kidron_mon:2.957;jer_se_corner:2.976,tomb;cave;pit;rock_cut,cistern,,Herodian,yes,no,,"Amos Kloner (Jerusalem survey); Uri Dinur and Nurit Feig (Benjamin survey), ASI Map of Jerusalem (102), site 190; survey.iaa.org.il record 10583; printed page not given online",https://survey.iaa.org.il/#/MapSurvey/63/site/10583
63,102,Jerusalem,191,10606,Giv'at Ha-Mivtar,גִּבְעַת הַמִּבְתָּר,,,no,,,31.802370,35.232298,geojson_point,,,,,jer_tombs_kings,1.568,,jer_tombs_kings:1.568;tell_el_ful:2.350;jer_bethesda:2.357;jer_gethsemane:2.639;jer_east_gate:2.648;jer_temple:2.697;jer_tyropoeon:2.833;jer_kidron_mon:2.896;jer_se_corner:2.922;jer_south_wall:2.967,tomb;cave;wall;pit;rock_cut,cistern,,Herodian;Hasmonean,yes,no,,"Amos Kloner (Jerusalem survey); Uri Dinur and Nurit Feig (Benjamin survey), ASI Map of Jerusalem (102), site 191; survey.iaa.org.il record 10606; printed page not given online",https://survey.iaa.org.il/#/MapSurvey/63/site/10606
63,102,Jerusalem,192,10607,Giv'at Ha-Mivtar,גִּבְעַת הַמִּבְתָּר,,,no,,,31.801559,35.231453,geojson_point,,,,,jer_tombs_kings,1.466,,jer_tombs_kings:1.466;jer_bethesda:2.281;tell_el_ful:2.438;jer_east_gate:2.573;jer_gethsemane:2.575;jer_temple:2.618;jer_tyropoeon:2.749;jer_kidron_mon:2.828;jer_se_corner:2.846;jer_south_wall:2.890,tomb;cave;wall;pit;rock_cut,cistern,,Hasmonean;Herodian,yes,no,,"Amos Kloner (Jerusalem survey); Uri Dinur and Nurit Feig (Benjamin survey), ASI Map of Jerusalem (102), site 192; survey.iaa.org.il record 10607; printed page not given online",https://survey.iaa.org.il/#/MapSurvey/63/site/10607
63,102,Jerusalem,193,10628,Giv'at Ha-Mivtar,גִּבְעַת הַמִּבְתָּר,,,no,,,31.801469,35.232298,geojson_point,,,,,jer_tombs_kings,1.469,,jer_tombs_kings:1.469;jer_bethesda:2.257;tell_el_ful:2.450;jer_gethsemane:2.543;jer_east_gate:2.549;jer_temple:2.598;jer_tyropoeon:2.733;jer_kidron_mon:2.799;jer_se_corner:2.823;jer_south_wall:2.868,tomb;cave;building;wall;road;pit;kiln;rock_cut,cistern,,first century BCE;Hasmonean;Herodian;Iron Age;Second Temple;Byzantine;Umayyad,yes,no,,"Amos Kloner (Jerusalem survey); Uri Dinur and Nurit Feig (Benjamin survey), ASI Map of Jerusalem (102), site 193; survey.iaa.org.il record 10628; printed page not given online",https://survey.iaa.org.il/#/MapSurvey/63/site/10628
63,102,Jerusalem,194,10629,Giv’at Ha-Mivtar,גִּבְעַת הַמִּבְתָּר,,,no,,,31.802280,35.233988,geojson_point,,,,,jer_tombs_kings,1.596,,jer_tombs_kings:1.596;jer_bethesda:2.329;tell_el_ful:2.372;jer_gethsemane:2.593;jer_east_gate:2.616;jer_temple:2.675;jer_tyropoeon:2.817;jer_kidron_mon:2.854;jer_se_corner:2.892;jer_south_wall:2.939,cistern;reservoir;wall;road,,,Herodian;Roman,yes,no,,"Amos Kloner (Jerusalem survey); Uri Dinur and Nurit Feig (Benjamin survey), ASI Map of Jerusalem (102), site 194; survey.iaa.org.il record 10629; printed page not given online",https://survey.iaa.org.il/#/MapSurvey/63/site/10629
63,102,Jerusalem,195,10630,Giv'at Shappira,גִּבְעַת שַׁפִּירָא,,,no,,,31.801017,35.236522,geojson_point,,,,,jer_tombs_kings,1.553,,jer_tombs_kings:1.553;jer_bethesda:2.183;jer_gethsemane:2.417;jer_east_gate:2.461;jer_temple:2.534;tell_el_ful:2.548;jer_kidron_mon:2.682;jer_tyropoeon:2.685;jer_se_corner:2.739;jer_south_wall:2.788;jer_kidron_east:2.986,,cave,,Paleolithic,no,no,,"Amos Kloner (Jerusalem survey); Uri Dinur and Nurit Feig (Benjamin survey), ASI Map of Jerusalem (102), site 195; survey.iaa.org.il record 10630; printed page not given online",https://survey.iaa.org.il/#/MapSurvey/63/site/10630
63,102,Jerusalem,196,10632,Giv'at Shappira,גִּבְעַת שַׁפִּירָא,,,no,,,31.802189,35.236628,geojson_point,,,,,jer_tombs_kings,1.675,,jer_tombs_kings:1.675;jer_bethesda:2.314;tell_el_ful:2.422;jer_gethsemane:2.546;jer_east_gate:2.591;jer_temple:2.665;jer_kidron_mon:2.811;jer_tyropoeon:2.816;jer_se_corner:2.869;jer_south_wall:2.919,building;tower;wall,reservoir,,Iron Age;Persian,no,no,,"Amos Kloner (Jerusalem survey); Uri Dinur and Nurit Feig (Benjamin survey), ASI Map of Jerusalem (102), site 196; survey.iaa.org.il record 10632; printed page not given online",https://survey.iaa.org.il/#/MapSurvey/63/site/10632
63,102,Jerusalem,197,10633,Ras Shihada (M) (east),רָאס שִׁחָאדָה (מזרח),,,no,,,31.807507,35.250780,geojson_point,,,,,tell_el_ful,2.565,,tell_el_ful:2.565;jer_tombs_kings:2.936,tomb;road;terrace;mosaic,,,Herodian,yes,no,,"Amos Kloner (Jerusalem survey); Uri Dinur and Nurit Feig (Benjamin survey), ASI Map of Jerusalem (102), site 197; survey.iaa.org.il record 10633; printed page not given online",https://survey.iaa.org.il/#/MapSurvey/63/site/10633
63,102,Jerusalem,198,10634,Ras Shihada (M),רָאס שִׁחָאדָה,,,no,,,31.807147,35.247401,geojson_point,,,,,tell_el_ful,2.375,,tell_el_ful:2.375;jer_tombs_kings:2.693,cistern;tomb;pit,,,,unknown,no,,"Amos Kloner (Jerusalem survey); Uri Dinur and Nurit Feig (Benjamin survey), ASI Map of Jerusalem (102), site 198; survey.iaa.org.il record 10634; printed page not given online",https://survey.iaa.org.il/#/MapSurvey/63/site/10634
63,102,Jerusalem,199,10635,Nahal Og,נַחַל אוֹג,,,no,,,31.806968,35.243599,geojson_point,,,,,tell_el_ful,2.178,,tell_el_ful:2.178;jer_tombs_kings:2.462;jer_bethesda:2.937,building;cairn;terrace,,,Iron II;Byzantine;Ottoman,no,no,,"Amos Kloner (Jerusalem survey); Uri Dinur and Nurit Feig (Benjamin survey), ASI Map of Jerusalem (102), site 199; survey.iaa.org.il record 10635; printed page not given online",https://survey.iaa.org.il/#/MapSurvey/63/site/10635
63,102,Jerusalem,200,10636,Nahal Og,נַחַל אוֹג,,,no,,,31.805524,35.246027,geojson_point,,,,,tell_el_ful,2.439,,tell_el_ful:2.439;jer_tombs_kings:2.471;jer_bethesda:2.851;jer_gethsemane:2.969,tomb;cave;wall;terrace;rock_cut,cistern,,Herodian,yes,no,,"Amos Kloner (Jerusalem survey); Uri Dinur and Nurit Feig (Benjamin survey), ASI Map of Jerusalem (102), site 200; survey.iaa.org.il record 10636; printed page not given online",https://survey.iaa.org.il/#/MapSurvey/63/site/10636
63,102,Jerusalem,201,10637,Nahal Og,נַחַל אוֹג,,,no,,,31.805254,35.245182,geojson_point,,,,,jer_tombs_kings,2.397,,jer_tombs_kings:2.397;tell_el_ful:2.419;jer_bethesda:2.797;jer_gethsemane:2.924,cistern;building;cairn;winepress;installation;terrace;rock_cut,,,Iron II,no,no,,"Amos Kloner (Jerusalem survey); Uri Dinur and Nurit Feig (Benjamin survey), ASI Map of Jerusalem (102), site 201; survey.iaa.org.il record 10637; printed page not given online",https://survey.iaa.org.il/#/MapSurvey/63/site/10637
63,102,Jerusalem,202,10639,Nahal Og,נַחַל אוֹג,,,no,,,31.805253,35.247717,geojson_point,,,,,jer_tombs_kings,2.555,,jer_tombs_kings:2.555;tell_el_ful:2.558;jer_bethesda:2.881;jer_gethsemane:2.977,building;wall;winepress;rock_cut,cistern;cave,,Iron II;Roman;Byzantine,overlaps,no,,"Amos Kloner (Jerusalem survey); Uri Dinur and Nurit Feig (Benjamin survey), ASI Map of Jerusalem (102), site 202; survey.iaa.org.il record 10639; printed page not given online",https://survey.iaa.org.il/#/MapSurvey/63/site/10639
63,102,Jerusalem,203,10643,Nahal Og,נַחַל אוֹג,,,no,,,31.804260,35.250251,geojson_point,,,,,jer_tombs_kings,2.651,,jer_tombs_kings:2.651;tell_el_ful:2.794;jer_bethesda:2.885;jer_gethsemane:2.945,wall;road;rock_cut,cave,,Iron II,no,no,,"Amos Kloner (Jerusalem survey); Uri Dinur and Nurit Feig (Benjamin survey), ASI Map of Jerusalem (102), site 203; survey.iaa.org.il record 10643; printed page not given online",https://survey.iaa.org.il/#/MapSurvey/63/site/10643
63,102,Jerusalem,204,10645,Nahal Og,נַחַל אוֹג,,,no,,,31.803540,35.246343,geojson_point,,,,,jer_tombs_kings,2.328,,jer_tombs_kings:2.328;tell_el_ful:2.639;jer_bethesda:2.656;jer_gethsemane:2.760;jer_east_gate:2.881;jer_temple:2.998,cistern;tomb;cave;winepress;rock_cut,,,Hasmonean;Herodian;Byzantine,yes,no,,"Amos Kloner (Jerusalem survey); Uri Dinur and Nurit Feig (Benjamin survey), ASI Map of Jerusalem (102), site 204; survey.iaa.org.il record 10645; printed page not given online",https://survey.iaa.org.il/#/MapSurvey/63/site/10645
63,102,Jerusalem,205,10646,Nahal Og,נַחַל אוֹג,,,no,,,31.803269,35.246871,geojson_point,,,,,jer_tombs_kings,2.341,,jer_tombs_kings:2.341;jer_bethesda:2.647;tell_el_ful:2.691;jer_gethsemane:2.744;jer_east_gate:2.869;jer_temple:2.988,wall,,,Paleolithic;Chalcolithic;Byzantine,no,no,,"Amos Kloner (Jerusalem survey); Uri Dinur and Nurit Feig (Benjamin survey), ASI Map of Jerusalem (102), site 205; survey.iaa.org.il record 10646; printed page not given online",https://survey.iaa.org.il/#/MapSurvey/63/site/10646
63,102,Jerusalem,206,10650,‘Isawiya (M),עִיסָוִיָּה,,,no,,,31.801103,35.251306,geojson_point,,,,,jer_tombs_kings,2.515,,jer_tombs_kings:2.515;jer_bethesda:2.635;jer_gethsemane:2.660;jer_east_gate:2.819;jer_kidron_mon:2.910;jer_temple:2.955,cave;building;mosaic;rock_cut,,,Byzantine;modern,no,no,,"Amos Kloner (Jerusalem survey); Uri Dinur and Nurit Feig (Benjamin survey), ASI Map of Jerusalem (102), site 206; survey.iaa.org.il record 10650; printed page not given online",https://survey.iaa.org.il/#/MapSurvey/63/site/10650
63,102,Jerusalem,207,10655,Ras el Jamia (M),רָאס אֶל־גָ'אמִע,,,no,,,31.801015,35.246237,geojson_point,,,,,jer_tombs_kings,2.127,,jer_tombs_kings:2.127;jer_bethesda:2.394;jer_gethsemane:2.486;jer_east_gate:2.612;jer_temple:2.733;jer_kidron_mon:2.749;tell_el_ful:2.874;jer_se_corner:2.876;jer_tyropoeon:2.906;jer_south_wall:2.933,tomb;cave;steps;wall;settlement_ruin;rock_cut,cistern,,Herodian,yes,no,,"Amos Kloner (Jerusalem survey); Uri Dinur and Nurit Feig (Benjamin survey), ASI Map of Jerusalem (102), site 207; survey.iaa.org.il record 10655; printed page not given online",https://survey.iaa.org.il/#/MapSurvey/63/site/10655
63,102,Jerusalem,208,10690,Isawiya (M),עִיסָוִיָּה,,,no,,,31.800563,35.249722,geojson_point,,,,,jer_tombs_kings,2.358,,jer_tombs_kings:2.358;jer_bethesda:2.504;jer_gethsemane:2.544;jer_east_gate:2.696;jer_kidron_mon:2.799;jer_temple:2.829;jer_se_corner:2.947,cistern;rock_cut,,,,unknown,no,,"Amos Kloner (Jerusalem survey); Uri Dinur and Nurit Feig (Benjamin survey), ASI Map of Jerusalem (102), site 208; survey.iaa.org.il record 10690; printed page not given online",https://survey.iaa.org.il/#/MapSurvey/63/site/10690
63,102,Jerusalem,209,10695,Isawiya (M),עִיסָוִיָּה,,,no,,,31.800563,35.250250,geojson_point,,,,,jer_tombs_kings,2.399,,jer_tombs_kings:2.399;jer_bethesda:2.530;jer_gethsemane:2.564;jer_east_gate:2.718;jer_kidron_mon:2.817;jer_temple:2.853;jer_se_corner:2.968,pool;tomb;cave;steps;wall;installation;rock_cut,cistern,,Hasmonean;Herodian;Second Temple;first century BCE;first century CE;Roman;Byzantine,yes,no,,"Amos Kloner (Jerusalem survey); Uri Dinur and Nurit Feig (Benjamin survey), ASI Map of Jerusalem (102), site 209; survey.iaa.org.il record 10695; printed page not given online",https://survey.iaa.org.il/#/MapSurvey/63/site/10695
63,102,Jerusalem,210,10696,Isawiya (M),עִיסָוִיָּה,,,no,,,31.800022,35.248032,geojson_point,,,,,jer_tombs_kings,2.192,,jer_tombs_kings:2.192;jer_bethesda:2.371;jer_gethsemane:2.431;jer_east_gate:2.573;jer_kidron_mon:2.689;jer_temple:2.702;jer_se_corner:2.829;jer_tyropoeon:2.878;jer_south_wall:2.887,cistern;pool;cave;steps;wall;terrace;rock_cut,,,,unknown,no,,"Amos Kloner (Jerusalem survey); Uri Dinur and Nurit Feig (Benjamin survey), ASI Map of Jerusalem (102), site 210; survey.iaa.org.il record 10696; printed page not given online",https://survey.iaa.org.il/#/MapSurvey/63/site/10696
63,102,Jerusalem,211,10697,Isawiya (M),עִיסָוִיָּה,,,no,,,31.799391,35.247292,geojson_point,,,,,jer_tombs_kings,2.095,,jer_tombs_kings:2.095;jer_bethesda:2.276;jer_gethsemane:2.342;jer_east_gate:2.481;jer_kidron_mon:2.601;jer_temple:2.608;jer_se_corner:2.738;jer_tyropoeon:2.784;jer_south_wall:2.796;jer_kidron_east:2.933,tomb;cave;dovecote;building;wall;terrace;rock_cut,cistern,,Hasmonean;Herodian,yes,no,,"Amos Kloner (Jerusalem survey); Uri Dinur and Nurit Feig (Benjamin survey), ASI Map of Jerusalem (102), site 211; survey.iaa.org.il record 10697; printed page not given online",https://survey.iaa.org.il/#/MapSurvey/63/site/10697
63,102,Jerusalem,212,10698,Ras el Jami',רָאס אֶל־גָ'אמִע,,,no,,,31.801014,35.248138,geojson_point,,,,,jer_tombs_kings,2.266,,jer_tombs_kings:2.266;jer_bethesda:2.473;jer_gethsemane:2.538;jer_east_gate:2.678;jer_kidron_mon:2.797;jer_temple:2.805;jer_se_corner:2.936;tell_el_ful:2.967;jer_tyropoeon:2.981;jer_south_wall:2.993,tomb;steps;wall;rock_cut,cistern;cave,,Hasmonean;Herodian,yes,no,,"Amos Kloner (Jerusalem survey); Uri Dinur and Nurit Feig (Benjamin survey), ASI Map of Jerusalem (102), site 212; survey.iaa.org.il record 10698; printed page not given online",https://survey.iaa.org.il/#/MapSurvey/63/site/10698
63,102,Jerusalem,213,10699,Ras Kharruba (M) (west),רָאס חַ'רּוּבָּה (מערב),,,no,,,31.807325,35.254160,geojson_point,,,,,tell_el_ful,2.817,,tell_el_ful:2.817,winepress;rock_cut,,,,unknown,no,,"Amos Kloner (Jerusalem survey); Uri Dinur and Nurit Feig (Benjamin survey), ASI Map of Jerusalem (102), site 213; survey.iaa.org.il record 10699; printed page not given online",https://survey.iaa.org.il/#/MapSurvey/63/site/10699
63,102,Jerusalem,215,10701,Wadi Salim,ואדי סַלִים,,,no,,,31.802365,35.255530,geojson_point,,,,,jer_tombs_kings,2.927,,jer_tombs_kings:2.927;jer_gethsemane:2.971;jer_bethesda:2.984,cistern;building;rock_cut,,,First Temple;Persian;early Hellenistic,no,no,,"Amos Kloner (Jerusalem survey); Uri Dinur and Nurit Feig (Benjamin survey), ASI Map of Jerusalem (102), site 215; survey.iaa.org.il record 10701; printed page not given online",https://survey.iaa.org.il/#/MapSurvey/63/site/10701
63,102,Jerusalem,216,10702,Wadi Salim,ואדי סַלִים,,,no,,,31.799659,35.256585,geojson_point,,,,,jer_gethsemane,2.774,,jer_gethsemane:2.774;jer_bethesda:2.824;jer_tombs_kings:2.870;jer_east_gate:2.963,pool;cave;dovecote;building;road;quarry;rock_cut,,,Herodian;Iron Age,yes,no,,"Amos Kloner (Jerusalem survey); Uri Dinur and Nurit Feig (Benjamin survey), ASI Map of Jerusalem (102), site 216; survey.iaa.org.il record 10702; printed page not given online",https://survey.iaa.org.il/#/MapSurvey/63/site/10702
63,102,Jerusalem,217,10703,Isawiya (east),עִיסָוִיָּה (מזרח),,,no,,,31.799480,35.252995,geojson_point,,,,,jer_tombs_kings,2.559,,jer_tombs_kings:2.559;jer_gethsemane:2.573;jer_bethesda:2.584;jer_east_gate:2.747;jer_kidron_mon:2.815;jer_temple:2.891;jer_se_corner:2.982,,,,,unknown,no,,"Amos Kloner (Jerusalem survey); Uri Dinur and Nurit Feig (Benjamin survey), ASI Map of Jerusalem (102), site 217; survey.iaa.org.il record 10703; printed page not given online",https://survey.iaa.org.il/#/MapSurvey/63/site/10703
63,102,Jerusalem,218,10704,Sanhedriyya,סַנְהֶדְרִיָּה,,,no,,,31.798674,35.219309,geojson_point,,,,,jer_tombs_kings,1.465,,jer_tombs_kings:1.465;jer_bethesda:2.476;jer_temple:2.730;jer_east_gate:2.760;jer_tyropoeon:2.798;jer_gethsemane:2.864;tell_el_ful:2.978;jer_se_corner:2.986,tomb;cave;rock_cut,cistern,,,unknown,no,,"Amos Kloner (Jerusalem survey); Uri Dinur and Nurit Feig (Benjamin survey), ASI Map of Jerusalem (102), site 218; survey.iaa.org.il record 10704; printed page not given online",https://survey.iaa.org.il/#/MapSurvey/63/site/10704
63,102,Jerusalem,219,10731,Sanhedriyya,סַנְהֶדְרִיָּה,,,no,,,31.798584,35.218569,geojson_point,,,,,jer_tombs_kings,1.503,,jer_tombs_kings:1.503;jer_bethesda:2.513;jer_temple:2.761;jer_east_gate:2.795;jer_tyropoeon:2.825;jer_gethsemane:2.903,tomb;cave;wall;pit;rock_cut,cistern,,Herodian,yes,no,,"Amos Kloner (Jerusalem survey); Uri Dinur and Nurit Feig (Benjamin survey), ASI Map of Jerusalem (102), site 219; survey.iaa.org.il record 10731; printed page not given online",https://survey.iaa.org.il/#/MapSurvey/63/site/10731
63,102,Jerusalem,220,10737,Tel Arza,תֵּל אַרְזָה,,,no,,,31.798224,35.214557,geojson_point,,,,,jer_tombs_kings,1.754,,jer_tombs_kings:1.754;jer_bethesda:2.747;jer_temple:2.965,tomb;cave;mound;pit;quarry;rock_cut,cistern,,Herodian,yes,no,,"Amos Kloner (Jerusalem survey); Uri Dinur and Nurit Feig (Benjamin survey), ASI Map of Jerusalem (102), site 220; survey.iaa.org.il record 10737; printed page not given online",https://survey.iaa.org.il/#/MapSurvey/63/site/10737
63,102,Jerusalem,221,10774,Sanhedriyya,סַנְהֶדְרִיָּה,,,no,,,31.798223,35.219203,geojson_point,,,,,jer_tombs_kings,1.434,,jer_tombs_kings:1.434;jer_bethesda:2.444;jer_temple:2.694;jer_east_gate:2.726;jer_tyropoeon:2.760;jer_gethsemane:2.833;jer_se_corner:2.950;jer_south_wall:2.974,tomb;cave;wall;pit;inscription;rock_cut,cistern,,Herodian,yes,no,,"Amos Kloner (Jerusalem survey); Uri Dinur and Nurit Feig (Benjamin survey), ASI Map of Jerusalem (102), site 221; survey.iaa.org.il record 10774; printed page not given online",https://survey.iaa.org.il/#/MapSurvey/63/site/10774
63,102,Jerusalem,222,10775,Ezrat Tora,עֶזְרַת תּוֹרָה,,,no,,,31.797051,35.215718,geojson_point,,,,,jer_tombs_kings,1.588,,jer_tombs_kings:1.588;jer_bethesda:2.578;jer_temple:2.795;jer_tyropoeon:2.839;jer_east_gate:2.846;jer_gethsemane:2.978,tomb;cave;wall;pit;quarry;rock_cut,cistern,,Herodian,yes,no,,"Amos Kloner (Jerusalem survey); Uri Dinur and Nurit Feig (Benjamin survey), ASI Map of Jerusalem (102), site 222; survey.iaa.org.il record 10775; printed page not given online",https://survey.iaa.org.il/#/MapSurvey/63/site/10775
63,102,Jerusalem,223,10776,Sanhedriyya,סַנְהֶדְרִיָּה,,,no,,,31.797141,35.218992,geojson_point,,,,,jer_tombs_kings,1.359,,jer_tombs_kings:1.359;jer_bethesda:2.367;jer_temple:2.608;jer_east_gate:2.645;jer_tyropoeon:2.668;jer_gethsemane:2.759;jer_se_corner:2.864;jer_south_wall:2.886;jer_kidron_mon:2.948;mount_zion:2.975,tomb;cave;rock_cut,cistern;spring_well,,Herodian,yes,no,,"Amos Kloner (Jerusalem survey); Uri Dinur and Nurit Feig (Benjamin survey), ASI Map of Jerusalem (102), site 223; survey.iaa.org.il record 10776; printed page not given online",https://survey.iaa.org.il/#/MapSurvey/63/site/10776
63,102,Jerusalem,224,10778,‘Ezrat Tora,עֶזְרַת תּוֹרָה,,,no,,,31.797051,35.216141,geojson_point,,,,,jer_tombs_kings,1.556,,jer_tombs_kings:1.556;jer_bethesda:2.549;jer_temple:2.768;jer_tyropoeon:2.815;jer_east_gate:2.818;jer_gethsemane:2.948,tomb;wall;rock_cut,,,Herodian,yes,no,,"Amos Kloner (Jerusalem survey); Uri Dinur and Nurit Feig (Benjamin survey), ASI Map of Jerusalem (102), site 224; survey.iaa.org.il record 10778; printed page not given online",https://survey.iaa.org.il/#/MapSurvey/63/site/10778
63,102,Jerusalem,225,10779,Tel Arza,תֵּל אַרְזָה,,,no,,,31.796871,35.215190,geojson_point,,,,,jer_tombs_kings,1.616,,jer_tombs_kings:1.616;jer_bethesda:2.602;jer_temple:2.813;jer_tyropoeon:2.855;jer_east_gate:2.868,tomb;cave;dovecote;building;wall;mound;quarry;rock_cut,cistern,,First Temple,no,no,,"Amos Kloner (Jerusalem survey); Uri Dinur and Nurit Feig (Benjamin survey), ASI Map of Jerusalem (102), site 225; survey.iaa.org.il record 10779; printed page not given online",https://survey.iaa.org.il/#/MapSurvey/63/site/10779
63,102,Jerusalem,226,10780,Sanhedriyya,סַנְהֶדְרִיָּה,,,no,,,31.796690,35.218358,geojson_point,,,,,jer_tombs_kings,1.369,,jer_tombs_kings:1.369;jer_bethesda:2.371;jer_temple:2.604;jer_east_gate:2.646;jer_tyropoeon:2.659;jer_gethsemane:2.767;jer_se_corner:2.860;jer_south_wall:2.881;mount_zion:2.946;jer_kidron_mon:2.949,tomb;cave;steps;wall;pit;rock_cut,cistern,,Herodian,yes,no,,"Amos Kloner (Jerusalem survey); Uri Dinur and Nurit Feig (Benjamin survey), ASI Map of Jerusalem (102), site 226; survey.iaa.org.il record 10780; printed page not given online",https://survey.iaa.org.il/#/MapSurvey/63/site/10780
63,102,Jerusalem,227,10781,Mahanayim,מַחֲנַיִם,,,no,,,31.796510,35.218781,geojson_point,,,,,jer_tombs_kings,1.326,,jer_tombs_kings:1.326;jer_bethesda:2.329;jer_temple:2.564;jer_east_gate:2.605;jer_tyropoeon:2.620;jer_gethsemane:2.724;jer_se_corner:2.820;jer_south_wall:2.841;jer_kidron_mon:2.908;mount_zion:2.914,tomb;cave;building;pit;rock_cut,cistern,,Herodian,yes,no,,"Amos Kloner (Jerusalem survey); Uri Dinur and Nurit Feig (Benjamin survey), ASI Map of Jerusalem (102), site 227; survey.iaa.org.il record 10781; printed page not given online",https://survey.iaa.org.il/#/MapSurvey/63/site/10781
63,102,Jerusalem,228,10782,Sanhedriyya,סַנְהֶדְרִיָּה,,,no,,,31.796239,35.219836,geojson_point,,,,,jer_tombs_kings,1.232,,jer_tombs_kings:1.232;jer_bethesda:2.239;jer_temple:2.480;jer_east_gate:2.517;jer_tyropoeon:2.540;jer_gethsemane:2.632;jer_se_corner:2.736;jer_south_wall:2.758;jer_kidron_mon:2.819;mount_zion:2.855;jer_kidron_east:2.998,tomb;cave;rock_cut,cistern,,Herodian;modern,yes,no,,"Amos Kloner (Jerusalem survey); Uri Dinur and Nurit Feig (Benjamin survey), ASI Map of Jerusalem (102), site 228; survey.iaa.org.il record 10782; printed page not given online",https://survey.iaa.org.il/#/MapSurvey/63/site/10782
63,102,Jerusalem,229,10783,Nahal Sanhedrin,נחל סַנְהֶדְרִיָּן,,,no,,,31.798674,35.216458,geojson_point,,,,,jer_tombs_kings,1.650,,jer_tombs_kings:1.650;jer_bethesda:2.654;jer_temple:2.888;jer_east_gate:2.930;jer_tyropoeon:2.943,road;quarry,,,Herodian;Roman;Byzantine;Mameluke;Ottoman,yes,no,,"Amos Kloner (Jerusalem survey); Uri Dinur and Nurit Feig (Benjamin survey), ASI Map of Jerusalem (102), site 229; survey.iaa.org.il record 10783; printed page not given online",https://survey.iaa.org.il/#/MapSurvey/63/site/10783
63,102,Jerusalem,230,10785,'Ezrat Tora,עֶזְרַת תּוֹרָה,,,no,,,31.795428,35.215824,geojson_point,,,,,jer_tombs_kings,1.478,,jer_tombs_kings:1.478;jer_bethesda:2.452;jer_temple:2.655;jer_tyropoeon:2.693;jer_east_gate:2.714;jer_gethsemane:2.854;mount_zion:2.905;jer_se_corner:2.909;jer_south_wall:2.925,tomb;cave;wall;rock_cut,cistern,,Herodian,yes,no,,"Amos Kloner (Jerusalem survey); Uri Dinur and Nurit Feig (Benjamin survey), ASI Map of Jerusalem (102), site 230; survey.iaa.org.il record 10785; printed page not given online",https://survey.iaa.org.il/#/MapSurvey/63/site/10785
63,102,Jerusalem,231,10786,Sanhedriyya,סַנְהֶדְרִיָּה,,,no,,,31.795337,35.218780,geojson_point,,,,,jer_tombs_kings,1.242,,jer_tombs_kings:1.242;jer_bethesda:2.237;jer_temple:2.462;jer_east_gate:2.508;jer_tyropoeon:2.513;jer_gethsemane:2.635;jer_se_corner:2.718;jer_south_wall:2.737;mount_zion:2.791;jer_kidron_mon:2.812;jer_kidron_east:2.976,conduit;tomb;cave;wall;quarry;rock_cut,cistern,,Herodian;Ottoman,yes,no,,"Amos Kloner (Jerusalem survey); Uri Dinur and Nurit Feig (Benjamin survey), ASI Map of Jerusalem (102), site 231; survey.iaa.org.il record 10786; printed page not given online",https://survey.iaa.org.il/#/MapSurvey/63/site/10786
63,102,Jerusalem,232,10787,Tel Arza,תֵּל אַרְזָה,,,no,,,31.793534,35.213501,geojson_point,,,,,jer_tombs_kings,1.584,,jer_tombs_kings:1.584;jer_bethesda:2.506;jer_temple:2.674;jer_tyropoeon:2.691;jer_east_gate:2.749;mount_zion:2.820;jer_gethsemane:2.910;jer_se_corner:2.923;jer_south_wall:2.932,tomb;cave;mound;rock_cut,cistern,,Herodian,yes,no,,"Amos Kloner (Jerusalem survey); Uri Dinur and Nurit Feig (Benjamin survey), ASI Map of Jerusalem (102), site 232; survey.iaa.org.il record 10787; printed page not given online",https://survey.iaa.org.il/#/MapSurvey/63/site/10787
63,102,Jerusalem,233,10788,Tel Arza,תֵּל אַרְזָה,,,no,,,31.793534,35.215190,geojson_point,,,,,jer_tombs_kings,1.436,,jer_tombs_kings:1.436;jer_bethesda:2.373;jer_temple:2.553;jer_tyropoeon:2.577;jer_east_gate:2.623;mount_zion:2.742;jer_gethsemane:2.777;jer_se_corner:2.804;jer_south_wall:2.815;jer_kidron_mon:2.926,tomb;cave;wall;mound;pit;rock_cut,cistern,,Hasmonean;Herodian;Second Temple,yes,no,,"Amos Kloner (Jerusalem survey); Uri Dinur and Nurit Feig (Benjamin survey), ASI Map of Jerusalem (102), site 233; survey.iaa.org.il record 10788; printed page not given online",https://survey.iaa.org.il/#/MapSurvey/63/site/10788
63,102,Jerusalem,234,10789,Schneller Compound,מִתְחַם שְׁנֶלֶר,,,no,,,31.791550,35.213817,geojson_point,,,,,jer_tombs_kings,1.491,,jer_tombs_kings:1.491;jer_bethesda:2.368;jer_temple:2.515;jer_tyropoeon:2.522;jer_east_gate:2.600;mount_zion:2.616;jer_se_corner:2.760;jer_south_wall:2.767;jer_gethsemane:2.771;jer_kidron_mon:2.899;jer_kidron_east:2.998,tomb;cave;dovecote;building;wall;pit;rock_cut,cistern,,Herodian;Late Roman;Hasmonean,yes,no,,"Amos Kloner (Jerusalem survey); Uri Dinur and Nurit Feig (Benjamin survey), ASI Map of Jerusalem (102), site 234; survey.iaa.org.il record 10789; printed page not given online",https://survey.iaa.org.il/#/MapSurvey/63/site/10789
63,102,Jerusalem,235,10790,Shekhunat Ha-Bukharim,שְׁכוּנַת הַבּוּכָרִים,,,no,,,31.794255,35.220575,geojson_point,,,,,jer_tombs_kings,1.034,,jer_tombs_kings:1.034;jer_bethesda:2.031;jer_temple:2.262;jer_east_gate:2.305;jer_tyropoeon:2.318;jer_gethsemane:2.428;jer_se_corner:2.518;jer_south_wall:2.539;jer_kidron_mon:2.608;mount_zion:2.624;jer_kidron_east:2.778,pool;tomb;cave;wall;rock_cut,cistern,,Herodian,yes,no,,"Amos Kloner (Jerusalem survey); Uri Dinur and Nurit Feig (Benjamin survey), ASI Map of Jerusalem (102), site 235; survey.iaa.org.il record 10790; printed page not given online",https://survey.iaa.org.il/#/MapSurvey/63/site/10790
63,102,Jerusalem,236,10791,Ramot Eshkol,רָמוֹת אֶשׁכּוֹל,,,no,,,31.798584,35.222160,geojson_point,,,,,jer_tombs_kings,1.301,,jer_tombs_kings:1.301;jer_bethesda:2.308;jer_temple:2.581;jer_east_gate:2.597;jer_tyropoeon:2.663;jer_gethsemane:2.684;jer_se_corner:2.836;jer_south_wall:2.864;jer_kidron_mon:2.894;tell_el_ful:2.897,tomb;cave;inscription;rock_cut,cistern,,Herodian,yes,no,,"Amos Kloner (Jerusalem survey); Uri Dinur and Nurit Feig (Benjamin survey), ASI Map of Jerusalem (102), site 236; survey.iaa.org.il record 10791; printed page not given online",https://survey.iaa.org.il/#/MapSurvey/63/site/10791
63,102,Jerusalem,237,10792,Ramot Eshkol,רָמוֹת אֶשׁכּוֹל,,,no,,,31.797772,35.225644,geojson_point,,,,,jer_tombs_kings,1.082,,jer_tombs_kings:1.082;jer_bethesda:2.060;jer_east_gate:2.355;jer_temple:2.356;jer_gethsemane:2.421;jer_tyropoeon:2.454;jer_se_corner:2.606;jer_south_wall:2.640;jer_kidron_mon:2.644;jer_kidron_east:2.873;tell_el_ful:2.906;mount_zion:2.916,tomb;cave;inscription;rock_cut,cistern,,Herodian,yes,no,,"Amos Kloner (Jerusalem survey); Uri Dinur and Nurit Feig (Benjamin survey), ASI Map of Jerusalem (102), site 237; survey.iaa.org.il record 10792; printed page not given online",https://survey.iaa.org.il/#/MapSurvey/63/site/10792
63,102,Jerusalem,238,10794,Ramot Eshkol,רָמוֹת אֶשׁכּוֹל,,,no,,,31.796960,35.225433,geojson_point,,,,,jer_tombs_kings,1.003,,jer_tombs_kings:1.003;jer_bethesda:1.991;jer_temple:2.281;jer_east_gate:2.285;jer_gethsemane:2.357;jer_tyropoeon:2.376;jer_se_corner:2.533;jer_south_wall:2.565;jer_kidron_mon:2.576;jer_kidron_east:2.800;mount_zion:2.828;tell_el_ful:2.999,tomb;cave;rock_cut,cistern,,Herodian,yes,no,,"Amos Kloner (Jerusalem survey); Uri Dinur and Nurit Feig (Benjamin survey), ASI Map of Jerusalem (102), site 238; survey.iaa.org.il record 10794; printed page not given online",https://survey.iaa.org.il/#/MapSurvey/63/site/10794
63,102,Jerusalem,239,10795,Ramot Eshkol,רָמוֹת אֶשׁכּוֹל,,,no,,,31.797591,35.227968,geojson_point,,,,,jer_tombs_kings,1.015,,jer_tombs_kings:1.015;jer_bethesda:1.949;jer_east_gate:2.246;jer_temple:2.261;jer_gethsemane:2.293;jer_tyropoeon:2.371;jer_se_corner:2.505;jer_kidron_mon:2.526;jer_south_wall:2.542;jer_kidron_east:2.772;mount_zion:2.883;tell_el_ful:2.895,tomb;cave;rock_cut,cistern,,Herodian,yes,no,,"Amos Kloner (Jerusalem survey); Uri Dinur and Nurit Feig (Benjamin survey), ASI Map of Jerusalem (102), site 239; survey.iaa.org.il record 10795; printed page not given online",https://survey.iaa.org.il/#/MapSurvey/63/site/10795
63,102,Jerusalem,240,10798,Ma‘alot Daphna,מַעֲלוֹת דַפְנָה,,1-3/5,yes,221338,633547,31.794640,35.224310,nig_epsg2039,31.794706,35.224377,9.7,ok,jer_tombs_kings,0.822,jer_tombs_kings:0.822,jer_tombs_kings:0.822;jer_bethesda:1.832;jer_temple:2.100;jer_east_gate:2.120;jer_tyropoeon:2.180;jer_gethsemane:2.215;jer_se_corner:2.354;jer_south_wall:2.382;jer_kidron_mon:2.418;mount_zion:2.586;jer_kidron_east:2.620;jer_siloam:2.952,tomb;cave;building;pit;rock_cut,cistern,Iron Age II,Iron Age,no,no,Rock-hewn burial cave attributed to the Iron Age II. on slope. Excavation,"Amos Kloner (Jerusalem survey); Uri Dinur and Nurit Feig (Benjamin survey), ASI Map of Jerusalem (102), site 240; survey.iaa.org.il record 10798; printed page not given online",https://survey.iaa.org.il/#/MapSurvey/63/site/10798
63,102,Jerusalem,241,10799,Shekhunat Ha-Bukharim,שְׁכוּנַת הַבּוּכָרִים,,1-3/6-8,yes,221148,633517,31.794370,35.222303,nig_epsg2039,31.794435,35.222371,9.6,ok,jer_tombs_kings,0.920,jer_tombs_kings:0.920,jer_tombs_kings:0.920;jer_bethesda:1.928;jer_temple:2.175;jer_east_gate:2.208;jer_tyropoeon:2.242;jer_gethsemane:2.320;jer_se_corner:2.431;jer_south_wall:2.455;jer_kidron_mon:2.510;mount_zion:2.594;jer_kidron_east:2.694,reservoir;tomb;cave;dovecote;building;wall;pit;quarry;rock_cut,cistern,"Herodian,Herodian and later periods,Early Roman",Herodian;first century CE;Second Temple;Early Roman,yes,no,Rock-hewn burial cave on slope (on corner of Shemu’el Ha-Navi and Yehezqel,"Amos Kloner (Jerusalem survey); Uri Dinur and Nurit Feig (Benjamin survey), ASI Map of Jerusalem (102), site 241; survey.iaa.org.il record 10799; printed page not given online",https://survey.iaa.org.il/#/MapSurvey/63/site/10799
63,102,Jerusalem,242,10800,Shekhunat Ha-Bukharim,שְׁכוּנַת הַבּוּכָרִים,,1-3/9,yes,221058,633397,31.793288,35.221353,nig_epsg2039,31.793353,35.221420,9.6,ok,jer_tombs_kings,0.911,jer_tombs_kings:0.911,jer_tombs_kings:0.911;jer_bethesda:1.903;jer_temple:2.132;jer_east_gate:2.176;jer_tyropoeon:2.187;jer_gethsemane:2.302;jer_se_corner:2.388;jer_south_wall:2.408;jer_kidron_mon:2.479;mount_zion:2.500;jer_kidron_east:2.648;jer_siloam:2.936,tomb;building;wall;rock_cut,cistern;cave,Herodian,Herodian,yes,no,'Tomb of the Frieze': rock-hewn burial complex on moderate slope. The facade,"Amos Kloner (Jerusalem survey); Uri Dinur and Nurit Feig (Benjamin survey), ASI Map of Jerusalem (102), site 242; survey.iaa.org.il record 10800; printed page not given online",https://survey.iaa.org.il/#/MapSurvey/63/site/10800
63,102,Jerusalem,243,10801,Shekhunat Ha-Bukharim (east),שְׁכוּנַת הַבּוּכָרִים (מזרח),,1-3/10,yes,221218,633377,31.793107,35.223042,nig_epsg2039,31.793173,35.223110,9.7,ok,jer_tombs_kings,0.773,jer_tombs_kings:0.773,jer_tombs_kings:0.773;jer_bethesda:1.777;jer_temple:2.020;jer_east_gate:2.055;jer_tyropoeon:2.085;jer_gethsemane:2.172;jer_se_corner:2.276;jer_south_wall:2.300;jer_kidron_mon:2.358;mount_zion:2.441;jer_kidron_east:2.539;jer_siloam:2.845,tomb;cave;building;quarry;rock_cut,cistern,Herodian,Herodian,yes,no,"Rock-hewn Herodian burial caves on slope, in area of extensive ancient quarries","Amos Kloner (Jerusalem survey); Uri Dinur and Nurit Feig (Benjamin survey), ASI Map of Jerusalem (102), site 243; survey.iaa.org.il record 10801; printed page not given online",https://survey.iaa.org.il/#/MapSurvey/63/site/10801
63,102,Jerusalem,244,10802,Shekhunat Ha-Bukharim (east),שְׁכוּנַת הַבּוּכָרִים (מזרח),,1-3/11,yes,221178,633317,31.792566,35.222620,nig_epsg2039,31.792632,35.222687,9.7,ok,jer_tombs_kings,0.767,jer_tombs_kings:0.767,jer_tombs_kings:0.767;jer_bethesda:1.762;jer_temple:1.995;jer_east_gate:2.036;jer_tyropoeon:2.055;jer_gethsemane:2.159;jer_se_corner:2.251;jer_south_wall:2.273;jer_kidron_mon:2.339;mount_zion:2.392;jer_kidron_east:2.512;jer_siloam:2.809,tomb;cave;building;rock_cut,cistern,"Herodian,Byzantine",Herodian;Byzantine,yes,no,Rock-hewn Herodian burial cave on slope (on the corner of Shemu'el Ha-Navi,"Amos Kloner (Jerusalem survey); Uri Dinur and Nurit Feig (Benjamin survey), ASI Map of Jerusalem (102), site 244; survey.iaa.org.il record 10802; printed page not given online",https://survey.iaa.org.il/#/MapSurvey/63/site/10802
63,102,Jerusalem,245,10803,Esh Sheikh Jarrah (M),אֶ־שֵּׁיח' גַ'רָּאח,,"1-3/12, 15",yes,221948,633257,31.792024,35.230750,nig_epsg2039,31.792090,35.230818,9.7,ok,jer_tombs_kings,0.417,jer_tombs_kings:0.417,jer_tombs_kings:0.417;jer_bethesda:1.276;jer_east_gate:1.573;jer_temple:1.592;jer_gethsemane:1.624;jer_tyropoeon:1.708;jer_se_corner:1.834;jer_kidron_mon:1.854;jer_south_wall:1.872;jer_kidron_east:2.100;mount_zion:2.272;jer_siloam:2.493;jer_bir_ayyub:2.804,tomb;cave;building;wall;inscription;rock_cut,cistern,"Herodian,Roman",Herodian;first century CE;Roman,yes,no,"""Cave of Simon the Just’: rock-hewn burial cave on moderate slope: a","Amos Kloner (Jerusalem survey); Uri Dinur and Nurit Feig (Benjamin survey), ASI Map of Jerusalem (102), site 245; survey.iaa.org.il record 10803; printed page not given online",https://survey.iaa.org.il/#/MapSurvey/63/site/10803
63,102,Jerusalem,246,10804,Esh Sheikh Jarrah (M),אֶ־שֵּׁיח' גַ'רָּאח,,1-3/13,yes,221588,633247,31.791934,35.226949,nig_epsg2039,31.792000,35.227016,9.7,ok,jer_tombs_kings,0.435,jer_tombs_kings:0.435,jer_tombs_kings:0.435;jer_bethesda:1.442;jer_temple:1.716;jer_east_gate:1.731;jer_tyropoeon:1.803;jer_gethsemane:1.824;jer_se_corner:1.970;jer_south_wall:1.999;jer_kidron_mon:2.028;jer_kidron_east:2.236;mount_zion:2.259;jer_siloam:2.581;jer_bir_ayyub:2.880,tomb;cave;rock_cut,cistern,Herodian,Herodian,yes,no,Rock-hewn Herodian burial cave on slope. S-facing entrance leads to an antechamber,"Amos Kloner (Jerusalem survey); Uri Dinur and Nurit Feig (Benjamin survey), ASI Map of Jerusalem (102), site 246; survey.iaa.org.il record 10804; printed page not given online",https://survey.iaa.org.il/#/MapSurvey/63/site/10804
63,102,Jerusalem,247,10806,Nahal Ha-Egoz,נַחַל הָאֱגוֹז,,"1-3/16, 17",yes,221248,633217,31.791664,35.223359,nig_epsg2039,31.791730,35.223426,9.7,ok,jer_tombs_kings,0.653,jer_tombs_kings:0.653,jer_tombs_kings:0.653;jer_bethesda:1.642;jer_temple:1.873;jer_east_gate:1.915;jer_tyropoeon:1.933;jer_gethsemane:2.040;jer_se_corner:2.129;jer_south_wall:2.151;jer_kidron_mon:2.218;mount_zion:2.278;jer_kidron_east:2.390;jer_siloam:2.688;jer_bir_ayyub:2.971,tomb;cave;building;rock_cut,cistern,Herodian,Herodian,yes,no,‘Cave of the Little Synhedrin’: two rock-hewn Herodian burial caves sharing a,"Amos Kloner (Jerusalem survey); Uri Dinur and Nurit Feig (Benjamin survey), ASI Map of Jerusalem (102), site 247; survey.iaa.org.il record 10806; printed page not given online",https://survey.iaa.org.il/#/MapSurvey/63/site/10806
63,102,Jerusalem,248,10813,Bet Yisra’el (north),בֵּית יִשְׂרָאֵל (צפון),,"1-3/16, 17",yes,221248,633217,31.791664,35.223359,nig_epsg2039,31.791730,35.223426,9.7,ok,jer_tombs_kings,0.653,jer_tombs_kings:0.653,jer_tombs_kings:0.653;jer_bethesda:1.642;jer_temple:1.873;jer_east_gate:1.915;jer_tyropoeon:1.933;jer_gethsemane:2.040;jer_se_corner:2.129;jer_south_wall:2.151;jer_kidron_mon:2.218;mount_zion:2.278;jer_kidron_east:2.390;jer_siloam:2.688;jer_bir_ayyub:2.971,tomb;cave;dovecote;building;inscription;rock_cut,cistern,Herodian,Herodian,yes,no,Rock-hewn Herodian burial cave comprising four chambers on slope (near Shemu’el Ha-Navi,"Amos Kloner (Jerusalem survey); Uri Dinur and Nurit Feig (Benjamin survey), ASI Map of Jerusalem (102), site 248; survey.iaa.org.il record 10813; printed page not given online",https://survey.iaa.org.il/#/MapSurvey/63/site/10813
63,102,Jerusalem,249,10815,American Colony,הַמּוֹשָבָה הָאֲמֶרִיקָנִית,,"1-3/18, 19",yes,221748,633197,31.791483,35.228638,nig_epsg2039,31.791549,35.228706,9.7,ok,jer_tombs_kings,0.334,jer_tombs_kings:0.334,jer_tombs_kings:0.334;jer_bethesda:1.312;jer_temple:1.602;jer_east_gate:1.605;jer_gethsemane:1.685;jer_tyropoeon:1.701;jer_se_corner:1.853;jer_south_wall:1.885;jer_kidron_mon:1.898;jer_kidron_east:2.120;mount_zion:2.203;jer_siloam:2.484;jer_bir_ayyub:2.788,tomb;cave;rock_cut,cistern,Herodian,Herodian,yes,no,Ruinous rock-hewn burial cave on moderate slope (on Derekh Shekhem). Only the,"Amos Kloner (Jerusalem survey); Uri Dinur and Nurit Feig (Benjamin survey), ASI Map of Jerusalem (102), site 249; survey.iaa.org.il record 10815; printed page not given online",https://survey.iaa.org.il/#/MapSurvey/63/site/10815
63,102,Jerusalem,250,10816,Ma'alot Daphna (east),מַעֲלוֹת דַפְנָה (מזרח),,1-3/21,yes,221738,633327,31.792656,35.228533,nig_epsg2039,31.792721,35.228600,9.7,ok,jer_tombs_kings,0.464,jer_tombs_kings:0.464,jer_tombs_kings:0.464;jer_bethesda:1.430;jer_east_gate:1.725;jer_temple:1.726;jer_gethsemane:1.796;jer_tyropoeon:1.828;jer_se_corner:1.976;jer_south_wall:2.009;jer_kidron_mon:2.015;jer_kidron_east:2.243;mount_zion:2.334;jer_siloam:2.612;jer_bir_ayyub:2.917,tomb;cave;building;wall;pit;rock_cut,cistern,"Hasmonean,Herodian,Modern",Hasmonean;Herodian;Modern,yes,no,"Rock-hewn burial cave on moderate slope, discovered during roadwork (excavated by G.","Amos Kloner (Jerusalem survey); Uri Dinur and Nurit Feig (Benjamin survey), ASI Map of Jerusalem (102), site 250; survey.iaa.org.il record 10816; printed page not given online",https://survey.iaa.org.il/#/MapSurvey/63/site/10816
63,102,Jerusalem,251,10819,Har Ha-Zofim (Mount Scopus),הַר הַצּוֹפִים,,,no,,,31.793350,35.240743,geojson_point,,,,,jer_tombs_kings,1.217,,jer_tombs_kings:1.217;jer_bethesda:1.409;jer_gethsemane:1.554;jer_east_gate:1.648;jer_temple:1.755;jer_kidron_mon:1.822;jer_se_corner:1.920;jer_tyropoeon:1.924;jer_south_wall:1.975;jer_kidron_east:2.144;jer_siloam:2.624;mount_zion:2.670;jer_bir_ayyub:2.942,tomb;cave;pit;inscription,cistern,,Herodian,yes,no,,"Amos Kloner (Jerusalem survey); Uri Dinur and Nurit Feig (Benjamin survey), ASI Map of Jerusalem (102), site 251; survey.iaa.org.il record 10819; printed page not given online",https://survey.iaa.org.il/#/MapSurvey/63/site/10819
63,102,Jerusalem,252,10825,Har Ha-Zofim (Mount Scopus),הַר הַצּוֹפִים,,,no,,,31.792449,35.240004,geojson_point,,,,,jer_tombs_kings,1.112,,jer_tombs_kings:1.112;jer_bethesda:1.291;jer_gethsemane:1.450;jer_east_gate:1.535;jer_temple:1.639;jer_kidron_mon:1.718;jer_tyropoeon:1.807;jer_se_corner:1.809;jer_south_wall:1.864;jer_kidron_east:2.037;jer_siloam:2.514;mount_zion:2.549;jer_bir_ayyub:2.833,tomb;cave;pit;rock_cut,cistern,,Herodian,yes,no,,"Amos Kloner (Jerusalem survey); Uri Dinur and Nurit Feig (Benjamin survey), ASI Map of Jerusalem (102), site 252; survey.iaa.org.il record 10825; printed page not given online",https://survey.iaa.org.il/#/MapSurvey/63/site/10825
63,102,Jerusalem,253,10826,Har Ha-Zofim (Mount Scopus),הַר הַצּוֹפִים,,2-3/4,yes,222708,633247,31.791932,35.238775,nig_epsg2039,31.791998,35.238842,9.7,ok,jer_tombs_kings,0.982,jer_tombs_kings:0.982,jer_tombs_kings:0.982;jer_bethesda:1.205;jer_gethsemane:1.393;jer_east_gate:1.461;jer_temple:1.556;jer_kidron_mon:1.660;jer_tyropoeon:1.720;jer_se_corner:1.737;jer_south_wall:1.790;jer_kidron_east:1.973;jer_siloam:2.442;mount_zion:2.449;jer_bir_ayyub:2.763,tomb;cave;rock_cut,cistern,Herodian,Herodian,yes,no,Rock-hewn burial cave (currently blocked) with a forecourt at W foot of,"Amos Kloner (Jerusalem survey); Uri Dinur and Nurit Feig (Benjamin survey), ASI Map of Jerusalem (102), site 253; survey.iaa.org.il record 10826; printed page not given online",https://survey.iaa.org.il/#/MapSurvey/63/site/10826
63,102,Jerusalem,254,10828,Har Ha-Zofim (Mount Scopus),הַר הַצּוֹפִים,,,no,,,31.791817,35.239581,geojson_point,,,,,jer_tombs_kings,1.048,,jer_tombs_kings:1.048;jer_bethesda:1.212;jer_gethsemane:1.379;jer_east_gate:1.459;jer_temple:1.561;jer_kidron_mon:1.647;jer_tyropoeon:1.729;jer_se_corner:1.734;jer_south_wall:1.788;jer_kidron_east:1.964;jer_siloam:2.439;mount_zion:2.469;jer_bir_ayyub:2.758,tomb;cave;pit;rock_cut,cistern,,Herodian,yes,no,,"Amos Kloner (Jerusalem survey); Uri Dinur and Nurit Feig (Benjamin survey), ASI Map of Jerusalem (102), site 254; survey.iaa.org.il record 10828; printed page not given online",https://survey.iaa.org.il/#/MapSurvey/63/site/10828
63,102,Jerusalem,255,10829,Har Ha-Zofim (Mount Scopus),הַר הַצּוֹפִים,,,no,,,31.791547,35.240109,geojson_point,,,,,jer_tombs_kings,1.086,,jer_tombs_kings:1.086;jer_bethesda:1.200;jer_gethsemane:1.350;jer_east_gate:1.439;jer_temple:1.546;jer_kidron_mon:1.618;jer_se_corner:1.712;jer_tyropoeon:1.715;jer_south_wall:1.767;jer_kidron_east:1.938;jer_siloam:2.416;mount_zion:2.463;jer_bir_ayyub:2.735,tomb;cave;rock_cut,cistern,,Herodian,yes,no,,"Amos Kloner (Jerusalem survey); Uri Dinur and Nurit Feig (Benjamin survey), ASI Map of Jerusalem (102), site 255; survey.iaa.org.il record 10829; printed page not given online",https://survey.iaa.org.il/#/MapSurvey/63/site/10829
63,102,Jerusalem,256,13649,Nahal Ha-Egoz,נחל האגוז,,2-3/8,yes,222168,633177,31.791302,35.233073,nig_epsg2039,31.791368,35.233140,9.7,ok,jer_tombs_kings,0.480,jer_tombs_kings:0.480,jer_tombs_kings:0.480;jer_bethesda:1.133;jer_east_gate:1.428;jer_gethsemane:1.451;jer_temple:1.467;jer_tyropoeon:1.600;jer_kidron_mon:1.694;jer_se_corner:1.698;jer_south_wall:1.741;jer_kidron_east:1.960;mount_zion:2.223;jer_siloam:2.378;jer_bir_ayyub:2.694,tomb;cave;rock_cut,cistern,,Herodian,yes,no,"Double-chambered rock-hewn burial cave at foot of slope, near Nahal Ha-Egoz (Wadi","Amos Kloner (Jerusalem survey); Uri Dinur and Nurit Feig (Benjamin survey), ASI Map of Jerusalem (102), site 256; survey.iaa.org.il record 13649; printed page not given online",https://survey.iaa.org.il/#/MapSurvey/63/site/13649
63,102,Jerusalem,257,10835,Har Ha-Zofim (Mount Scopus),הר הצופים,,,no,,,31.791096,35.240848,geojson_point,,,,,jer_tombs_kings,1.138,,jer_tombs_kings:1.138;jer_bethesda:1.179;jer_gethsemane:1.305;jer_east_gate:1.407;jer_temple:1.520;jer_kidron_mon:1.573;jer_se_corner:1.676;jer_tyropoeon:1.692;jer_south_wall:1.732;jer_kidron_east:1.897;jer_siloam:2.378;mount_zion:2.450;jer_bir_ayyub:2.696,tomb;cave;road;rock_cut,cistern,,Herodian,yes,no,,"Amos Kloner (Jerusalem survey); Uri Dinur and Nurit Feig (Benjamin survey), ASI Map of Jerusalem (102), site 257; survey.iaa.org.il record 10835; printed page not given online",https://survey.iaa.org.il/#/MapSurvey/63/site/10835
63,102,Jerusalem,258,10838,Har Ha-Zofim (Mount Scopus),הַר הַצּוֹפִים,,,no,,,31.790104,35.239898,geojson_point,,,,,jer_tombs_kings,1.027,,jer_tombs_kings:1.027;jer_bethesda:1.042;jer_gethsemane:1.189;jer_east_gate:1.278;jer_temple:1.387;jer_kidron_mon:1.457;jer_se_corner:1.550;jer_tyropoeon:1.557;jer_south_wall:1.605;jer_kidron_east:1.777;jer_siloam:2.254;mount_zion:2.311;jer_bir_ayyub:2.573,tomb;cave;rock_cut,cistern,,Herodian,yes,no,,"Amos Kloner (Jerusalem survey); Uri Dinur and Nurit Feig (Benjamin survey), ASI Map of Jerusalem (102), site 258; survey.iaa.org.il record 10838; printed page not given online",https://survey.iaa.org.il/#/MapSurvey/63/site/10838
63,102,Jerusalem,259,10840,Har Ha-Zofim (Mount Scopus),הַר הַצּוֹפִים,,,no,,,31.791546,35.241482,geojson_point,,,,,jer_tombs_kings,1.210,,jer_tombs_kings:1.210;jer_bethesda:1.249;jer_gethsemane:1.362;jer_east_gate:1.471;jer_temple:1.588;jer_kidron_mon:1.630;jer_se_corner:1.739;jer_tyropoeon:1.761;jer_south_wall:1.795;jer_kidron_east:1.955;jer_siloam:2.439;mount_zion:2.523;jer_bir_ayyub:2.757,cistern;pool;tomb;cave;wall;rock_cut,,,Hasmonean;Herodian;first century BCE;first century CE,yes,no,,"Amos Kloner (Jerusalem survey); Uri Dinur and Nurit Feig (Benjamin survey), ASI Map of Jerusalem (102), site 259; survey.iaa.org.il record 10840; printed page not given online",https://survey.iaa.org.il/#/MapSurvey/63/site/10840
63,102,Jerusalem,260,10842,Nahal Ha-Egoz,נַחַל הָאֱגוֹז,,2-3/11,yes,222038,633097,31.790581,35.231700,nig_epsg2039,31.790647,35.231768,9.7,ok,jer_tombs_kings,0.330,jer_tombs_kings:0.330,jer_tombs_kings:0.330;jer_bethesda:1.094;jer_east_gate:1.391;jer_temple:1.414;jer_gethsemane:1.440;jer_tyropoeon:1.535;jer_se_corner:1.654;jer_kidron_mon:1.670;jer_south_wall:1.693;jer_kidron_east:1.919;mount_zion:2.123;jer_siloam:2.318;jer_bir_ayyub:2.631,tomb;cave;rock_cut,cistern,Herodian and later periods,Herodian,yes,no,"""Tomb of the Ramban': a large, rock-hewn space (19x20 m, up to","Amos Kloner (Jerusalem survey); Uri Dinur and Nurit Feig (Benjamin survey), ASI Map of Jerusalem (102), site 260; survey.iaa.org.il record 10842; printed page not given online",https://survey.iaa.org.il/#/MapSurvey/63/site/10842
63,102,Jerusalem,261,10844,Nahal Ha-Egoz,נַחַל הָאֱגוֹז,,2-3/12,yes,222338,633017,31.789859,35.234867,nig_epsg2039,31.789924,35.234935,9.7,ok,jer_tombs_kings,0.557,jer_tombs_kings:0.557;jer_bethesda:0.946,jer_tombs_kings:0.557;jer_bethesda:0.946;jer_east_gate:1.235;jer_gethsemane:1.238;jer_temple:1.292;jer_tyropoeon:1.437;jer_kidron_mon:1.488;jer_se_corner:1.510;jer_south_wall:1.556;jer_kidron_east:1.768;mount_zion:2.107;jer_siloam:2.203;jer_bir_ayyub:2.522,tomb;cave;quarry;rock_cut,cistern,Herodian,Herodian,yes,no,"Rock-hewn Herodian (?) burial cave at foot of slope, near Nahal Ha-Egoz.","Amos Kloner (Jerusalem survey); Uri Dinur and Nurit Feig (Benjamin survey), ASI Map of Jerusalem (102), site 261; survey.iaa.org.il record 10844; printed page not given online",https://survey.iaa.org.il/#/MapSurvey/63/site/10844
63,102,Jerusalem,262,10845,Har Ha-Zofim (Mount Scopus),הַר הַצּוֹפִים,,,no,,,31.789833,35.241587,geojson_point,,,,,jer_bethesda,1.085,,jer_bethesda:1.085;jer_gethsemane:1.176;jer_tombs_kings:1.181;jer_east_gate:1.294;jer_temple:1.417;jer_kidron_mon:1.442;jer_se_corner:1.558;jer_tyropoeon:1.592;jer_south_wall:1.615;jer_kidron_east:1.769;jer_siloam:2.256;mount_zion:2.363;jer_bir_ayyub:2.572,tomb;cave;installation;rock_cut,cistern,,Herodian;second century BCE;first century CE,yes,no,,"Amos Kloner (Jerusalem survey); Uri Dinur and Nurit Feig (Benjamin survey), ASI Map of Jerusalem (102), site 262; survey.iaa.org.il record 10845; printed page not given online",https://survey.iaa.org.il/#/MapSurvey/63/site/10845
63,102,Jerusalem,263,10846,Esh Sheikh Jarrah (M),אֶ־שֵּׁיח' גַ'רָּאח,,,no,,,31.796688,35.234409,geojson_point,,,,,jer_tombs_kings,1.034,,jer_tombs_kings:1.034;jer_bethesda:1.706;jer_gethsemane:1.978;jer_east_gate:1.994;jer_temple:2.052;jer_tyropoeon:2.195;jer_kidron_mon:2.236;jer_se_corner:2.270;jer_south_wall:2.316;jer_kidron_east:2.525;mount_zion:2.835;jer_siloam:2.963;tell_el_ful:2.994,,,,,unknown,no,,"Amos Kloner (Jerusalem survey); Uri Dinur and Nurit Feig (Benjamin survey), ASI Map of Jerusalem (102), site 263; survey.iaa.org.il record 10846; printed page not given online",https://survey.iaa.org.il/#/MapSurvey/63/site/10846
63,102,Jerusalem,264,10847,Nahal Ha-Egoz,נַחַל הָאֱגוֹז,,2-3/15,yes,222488,633187,31.791391,35.236452,nig_epsg2039,31.791457,35.236519,9.7,ok,jer_tombs_kings,0.757,jer_tombs_kings:0.757,jer_tombs_kings:0.757;jer_bethesda:1.114;jer_gethsemane:1.361;jer_east_gate:1.391;jer_temple:1.465;jer_tyropoeon:1.619;jer_kidron_mon:1.621;jer_se_corner:1.669;jer_south_wall:1.718;jer_kidron_east:1.918;mount_zion:2.315;jer_siloam:2.370;jer_bir_ayyub:2.690,tomb;cave;building;pit;rock_cut,cistern,"Herodian,Mamluk",Mameluke;Herodian;Mamluk,yes,no,Rock-hewn burial cave with four burial chambers near Nahal Ha-Egoz. Excavation (A.,"Amos Kloner (Jerusalem survey); Uri Dinur and Nurit Feig (Benjamin survey), ASI Map of Jerusalem (102), site 264; survey.iaa.org.il record 10847; printed page not given online",https://survey.iaa.org.il/#/MapSurvey/63/site/10847
63,102,Jerusalem,265,10848,isawiya (M),עִיסָוִיָּה,,,no,,,31.798669,35.248137,geojson_point,,,,,jer_tombs_kings,2.117,,jer_tombs_kings:2.117;jer_bethesda:2.246;jer_gethsemane:2.293;jer_east_gate:2.441;jer_kidron_mon:2.550;jer_temple:2.573;jer_se_corner:2.694;jer_tyropoeon:2.749;jer_south_wall:2.752;jer_kidron_east:2.882,cave;settlement_ruin;rock_cut,,,,unknown,no,,"Amos Kloner (Jerusalem survey); Uri Dinur and Nurit Feig (Benjamin survey), ASI Map of Jerusalem (102), site 265; survey.iaa.org.il record 10848; printed page not given online",https://survey.iaa.org.il/#/MapSurvey/63/site/10848
63,102,Jerusalem,266,10851,isawiya (M),עִיסָוִיָּה,,,no,,,31.798309,35.245708,geojson_point,,,,,jer_tombs_kings,1.903,,jer_tombs_kings:1.903;jer_bethesda:2.100;jer_gethsemane:2.183;jer_east_gate:2.313;jer_temple:2.436;jer_kidron_mon:2.445;jer_se_corner:2.574;jer_tyropoeon:2.611;jer_south_wall:2.632;jer_kidron_east:2.776,cave;rock_cut,,,,unknown,no,,"Amos Kloner (Jerusalem survey); Uri Dinur and Nurit Feig (Benjamin survey), ASI Map of Jerusalem (102), site 266; survey.iaa.org.il record 10851; printed page not given online",https://survey.iaa.org.il/#/MapSurvey/63/site/10851
63,102,Jerusalem,267,10858,Wadi Abu Kharrub,ואדי אַבּוּ חַ'רּוּבָּ,,,no,,,31.798308,35.250777,geojson_point,,,,,jer_tombs_kings,2.312,,jer_tombs_kings:2.312;jer_bethesda:2.353;jer_gethsemane:2.358;jer_east_gate:2.524;jer_kidron_mon:2.606;jer_temple:2.665;jer_se_corner:2.766;jer_south_wall:2.825;jer_tyropoeon:2.843;jer_kidron_east:2.936,rock_cut,,,,unknown,no,,"Amos Kloner (Jerusalem survey); Uri Dinur and Nurit Feig (Benjamin survey), ASI Map of Jerusalem (102), site 267; survey.iaa.org.il record 10858; printed page not given online",https://survey.iaa.org.il/#/MapSurvey/63/site/10858
63,102,Jerusalem,268,10861,isawiya (M),עִיסָוִיָּה,,,no,,,31.798128,35.248031,geojson_point,,,,,jer_tombs_kings,2.077,,jer_tombs_kings:2.077;jer_bethesda:2.190;jer_gethsemane:2.233;jer_east_gate:2.382;jer_kidron_mon:2.490;jer_temple:2.515;jer_se_corner:2.635;jer_tyropoeon:2.692;jer_south_wall:2.693;jer_kidron_east:2.821,cistern;tomb;cave;settlement_ruin;pit;installation;rock_cut,spring_well,,Mameluke;Ottoman,no,no,,"Amos Kloner (Jerusalem survey); Uri Dinur and Nurit Feig (Benjamin survey), ASI Map of Jerusalem (102), site 268; survey.iaa.org.il record 10861; printed page not given online",https://survey.iaa.org.il/#/MapSurvey/63/site/10861
63,102,Jerusalem,269,10866,Nahal Og,נַחַל אוֹג,,,no,,,31.797859,35.242118,geojson_point,,,,,jer_tombs_kings,1.604,,jer_tombs_kings:1.604;jer_bethesda:1.925;jer_gethsemane:2.066;jer_east_gate:2.165;jer_temple:2.273;jer_kidron_mon:2.334;jer_se_corner:2.437;jer_tyropoeon:2.441;jer_south_wall:2.492;jer_kidron_east:2.658,cistern;conduit;tomb;cave;winepress;installation;terrace;rock_cut,,,,unknown,no,,"Amos Kloner (Jerusalem survey); Uri Dinur and Nurit Feig (Benjamin survey), ASI Map of Jerusalem (102), site 269; survey.iaa.org.il record 10866; printed page not given online",https://survey.iaa.org.il/#/MapSurvey/63/site/10866
63,102,Jerusalem,270,10867,Wadi Abu Kharrub,ואדי אַבּוּ חַ'רּוּבָּ,,,no,,,31.796775,35.250670,geojson_point,,,,,jer_gethsemane,2.203,,jer_gethsemane:2.203;jer_bethesda:2.212;jer_tombs_kings:2.228;jer_east_gate:2.375;jer_kidron_mon:2.447;jer_temple:2.518;jer_se_corner:2.612;jer_south_wall:2.671;jer_tyropoeon:2.697;jer_kidron_east:2.777,cistern;tomb;cave;rock_cut,,,,unknown,no,,"Amos Kloner (Jerusalem survey); Uri Dinur and Nurit Feig (Benjamin survey), ASI Map of Jerusalem (102), site 270; survey.iaa.org.il record 10867; printed page not given online",https://survey.iaa.org.il/#/MapSurvey/63/site/10867
63,102,Jerusalem,271,10868,Wadi Abu Kharrub,ואדי אַבּוּ חַ'רּוּבָּ,,,no,,,31.796324,35.250776,geojson_point,,,,,jer_gethsemane,2.164,,jer_gethsemane:2.164;jer_bethesda:2.180;jer_tombs_kings:2.217;jer_east_gate:2.338;jer_kidron_mon:2.407;jer_temple:2.483;jer_se_corner:2.574;jer_south_wall:2.633;jer_tyropoeon:2.662;jer_kidron_east:2.736,cistern;conduit;cave;building;quarry;terrace;rock_cut,,,Herodian;Roman;Byzantine,yes,no,,"Amos Kloner (Jerusalem survey); Uri Dinur and Nurit Feig (Benjamin survey), ASI Map of Jerusalem (102), site 271; survey.iaa.org.il record 10868; printed page not given online",https://survey.iaa.org.il/#/MapSurvey/63/site/10868
63,102,Jerusalem,272,10870,isawiya (M),עִיסָוִיָּה,,,no,,,31.796234,35.248875,geojson_point,,,,,jer_tombs_kings,2.049,,jer_tombs_kings:2.049;jer_bethesda:2.060;jer_gethsemane:2.072;jer_east_gate:2.234;jer_kidron_mon:2.322;jer_temple:2.374;jer_se_corner:2.478;jer_south_wall:2.537;jer_tyropoeon:2.552;jer_kidron_east:2.653,tomb;cave;building;steps;rock_cut,,,,unknown,no,,"Amos Kloner (Jerusalem survey); Uri Dinur and Nurit Feig (Benjamin survey), ASI Map of Jerusalem (102), site 272; survey.iaa.org.il record 10870; printed page not given online",https://survey.iaa.org.il/#/MapSurvey/63/site/10870
63,102,Jerusalem,273,10872,isawiya (M),עִיסָוִיָּה,,,no,,,31.796054,35.249614,geojson_point,,,,,jer_gethsemane,2.085,,jer_gethsemane:2.085;jer_bethesda:2.087;jer_tombs_kings:2.104;jer_east_gate:2.253;jer_kidron_mon:2.332;jer_temple:2.396;jer_se_corner:2.493;jer_south_wall:2.552;jer_tyropoeon:2.574;jer_kidron_east:2.663,cistern;tomb;cave;building;steps;wall;terrace;rock_cut,,,Herodian,yes,no,,"Amos Kloner (Jerusalem survey); Uri Dinur and Nurit Feig (Benjamin survey), ASI Map of Jerusalem (102), site 273; survey.iaa.org.il record 10872; printed page not given online",https://survey.iaa.org.il/#/MapSurvey/63/site/10872
63,102,Jerusalem,274,10873,isawiya (M),עִיסָוִיָּה,,,no,,,31.795513,35.247608,geojson_point,,,,,jer_tombs_kings,1.906,,jer_tombs_kings:1.906;jer_bethesda:1.925;jer_gethsemane:1.949;jer_east_gate:2.106;jer_kidron_mon:2.203;jer_temple:2.243;jer_se_corner:2.353;jer_south_wall:2.412;jer_tyropoeon:2.420;jer_kidron_east:2.535,cave;rock_cut,,,,unknown,no,,"Amos Kloner (Jerusalem survey); Uri Dinur and Nurit Feig (Benjamin survey), ASI Map of Jerusalem (102), site 274; survey.iaa.org.il record 10873; printed page not given online",https://survey.iaa.org.il/#/MapSurvey/63/site/10873
63,102,Jerusalem,275,10933,isawiya (M),עִיסָוִיָּה,,,no,,,31.795423,35.247080,geojson_point,,,,,jer_tombs_kings,1.857,,jer_tombs_kings:1.857;jer_bethesda:1.888;jer_gethsemane:1.921;jer_east_gate:2.073;jer_kidron_mon:2.176;jer_temple:2.209;jer_se_corner:2.323;jer_south_wall:2.382;jer_tyropoeon:2.386;jer_kidron_east:2.508,cistern;conduit;tomb;cave;terrace;rock_cut,,,Herodian,yes,no,,"Amos Kloner (Jerusalem survey); Uri Dinur and Nurit Feig (Benjamin survey), ASI Map of Jerusalem (102), site 275; survey.iaa.org.il record 10933; printed page not given online",https://survey.iaa.org.il/#/MapSurvey/63/site/10933
63,102,Jerusalem,276,10936,Har Ha-Zofim (Mount Scopus),הַר הַצּוֹפִים,,,no,,,31.793348,35.250775,geojson_point,,,,,jer_gethsemane,1.884,,jer_gethsemane:1.884;jer_bethesda:1.940;jer_east_gate:2.072;jer_tombs_kings:2.109;jer_kidron_mon:2.117;jer_temple:2.224;jer_se_corner:2.295;jer_south_wall:2.354;jer_tyropoeon:2.401;jer_kidron_east:2.443;jer_siloam:2.933,quarry,spring_well,,Roman;Byzantine,overlaps,no,,"Amos Kloner (Jerusalem survey); Uri Dinur and Nurit Feig (Benjamin survey), ASI Map of Jerusalem (102), site 276; survey.iaa.org.il record 10936; printed page not given online",https://survey.iaa.org.il/#/MapSurvey/63/site/10936
63,102,Jerusalem,277,10940,Har Ha-Zofim (Mount Scopus),הַר הַצּוֹפִים,,,no,,,31.792176,35.249929,geojson_point,,,,,jer_gethsemane,1.731,,jer_gethsemane:1.731;jer_bethesda:1.793;jer_east_gate:1.921;jer_kidron_mon:1.964;jer_tombs_kings:2.002;jer_temple:2.073;jer_se_corner:2.142;jer_south_wall:2.201;jer_tyropoeon:2.251;jer_kidron_east:2.290;jer_siloam:2.780,cistern;dovecote;wall;rock_cut,cave,,,unknown,no,,"Amos Kloner (Jerusalem survey); Uri Dinur and Nurit Feig (Benjamin survey), ASI Map of Jerusalem (102), site 277; survey.iaa.org.il record 10940; printed page not given online",https://survey.iaa.org.il/#/MapSurvey/63/site/10940
63,102,Jerusalem,278,10942,Har Ha-Zofim (Mount Scopus),הַר הַצּוֹפִים,,,no,,,31.790552,35.249190,geojson_point,,,,,jer_gethsemane,1.544,,jer_gethsemane:1.544;jer_bethesda:1.622;jer_east_gate:1.738;jer_kidron_mon:1.773;jer_temple:1.893;jer_tombs_kings:1.904;jer_se_corner:1.955;jer_south_wall:2.013;jer_tyropoeon:2.070;jer_kidron_east:2.099;jer_siloam:2.588;mount_zion:2.862;jer_bir_ayyub:2.881,cistern;steps;wall;quarry;rock_cut,cave,,,unknown,no,,"Amos Kloner (Jerusalem survey); Uri Dinur and Nurit Feig (Benjamin survey), ASI Map of Jerusalem (102), site 278; survey.iaa.org.il record 10942; printed page not given online",https://survey.iaa.org.il/#/MapSurvey/63/site/10942
63,102,Jerusalem,279,10943,Har Ha-Zofim (Mount Scopus),הַר הַצּוֹפִים,,,no,,,31.790553,35.247817,geojson_point,,,,,jer_gethsemane,1.470,,jer_gethsemane:1.470;jer_bethesda:1.524;jer_east_gate:1.655;jer_kidron_mon:1.708;jer_tombs_kings:1.775;jer_temple:1.806;jer_se_corner:1.881;jer_south_wall:1.940;jer_tyropoeon:1.984;jer_kidron_east:2.037;jer_siloam:2.529;mount_zion:2.776;jer_bir_ayyub:2.827,cistern;wall;rock_cut,,,Byzantine,no,no,,"Amos Kloner (Jerusalem survey); Uri Dinur and Nurit Feig (Benjamin survey), ASI Map of Jerusalem (102), site 279; survey.iaa.org.il record 10943; printed page not given online",https://survey.iaa.org.il/#/MapSurvey/63/site/10943
63,102,Jerusalem,280,10944,Har Ha-Zofim (Mount Scopus),הַר הַצּוֹפִים,,,no,,,31.789922,35.247922,geojson_point,,,,,jer_gethsemane,1.417,,jer_gethsemane:1.417;jer_bethesda:1.485;jer_east_gate:1.607;jer_kidron_mon:1.652;jer_temple:1.760;jer_tombs_kings:1.777;jer_se_corner:1.828;jer_south_wall:1.887;jer_tyropoeon:1.937;jer_kidron_east:1.979;jer_siloam:2.471;mount_zion:2.730;jer_bir_ayyub:2.767,cistern;quarry;rock_cut,,,Byzantine,no,no,,"Amos Kloner (Jerusalem survey); Uri Dinur and Nurit Feig (Benjamin survey), ASI Map of Jerusalem (102), site 280; survey.iaa.org.il record 10944; printed page not given online",https://survey.iaa.org.il/#/MapSurvey/63/site/10944
63,102,Jerusalem,281,11029,Har Ha-Zofim (Mount Scopus),הַר הַצּוֹפִים,,,no,,,31.796957,35.242012,geojson_point,,,,,jer_tombs_kings,1.533,,jer_tombs_kings:1.533;jer_bethesda:1.827;jer_gethsemane:1.965;jer_east_gate:2.065;jer_temple:2.174;jer_kidron_mon:2.233;jer_se_corner:2.337;jer_tyropoeon:2.343;jer_south_wall:2.392;jer_kidron_east:2.557,tomb;cave;rock_cut,cistern,,Herodian,yes,no,,"Amos Kloner (Jerusalem survey); Uri Dinur and Nurit Feig (Benjamin survey), ASI Map of Jerusalem (102), site 281; survey.iaa.org.il record 11029; printed page not given online",https://survey.iaa.org.il/#/MapSurvey/63/site/11029
63,102,Jerusalem,282,11030,isawiya (M),עִיסָוִיָּה,,,no,,,31.797677,35.249720,geojson_point,,,,,jer_tombs_kings,2.191,,jer_tombs_kings:2.191;jer_bethesda:2.237;jer_gethsemane:2.251;jer_east_gate:2.413;jer_kidron_mon:2.501;jer_temple:2.552;jer_se_corner:2.657;jer_south_wall:2.716;jer_tyropoeon:2.730;jer_kidron_east:2.832,tomb;cave;wall;rock_cut,cistern,,Herodian,yes,no,,"Amos Kloner (Jerusalem survey); Uri Dinur and Nurit Feig (Benjamin survey), ASI Map of Jerusalem (102), site 282; survey.iaa.org.il record 11030; printed page not given online",https://survey.iaa.org.il/#/MapSurvey/63/site/11030
63,102,Jerusalem,283,11031,Har Ha-Zofim (Mount Scopus),הַר הַצּוֹפִים,,,no,,,31.796506,35.242751,geojson_point,,,,,jer_tombs_kings,1.559,,jer_tombs_kings:1.559;jer_bethesda:1.804;jer_gethsemane:1.926;jer_east_gate:2.034;jer_temple:2.147;jer_kidron_mon:2.193;jer_se_corner:2.303;jer_tyropoeon:2.319;jer_south_wall:2.359;jer_kidron_east:2.519,tomb;cave;inscription;rock_cut,cistern,,Herodian,yes,no,,"Amos Kloner (Jerusalem survey); Uri Dinur and Nurit Feig (Benjamin survey), ASI Map of Jerusalem (102), site 283; survey.iaa.org.il record 11031; printed page not given online",https://survey.iaa.org.il/#/MapSurvey/63/site/11031
63,102,Jerusalem,284,11032,isawiya (M),עִיסָוִיָּה,,,no,,,31.796865,35.249826,geojson_point,,,,,jer_tombs_kings,2.160,,jer_tombs_kings:2.160;jer_bethesda:2.170;jer_gethsemane:2.174;jer_east_gate:2.341;jer_kidron_mon:2.422;jer_temple:2.482;jer_se_corner:2.582;jer_south_wall:2.641;jer_tyropoeon:2.660;jer_kidron_east:2.753,tomb;cave;rock_cut,cistern,,Herodian,yes,no,,"Amos Kloner (Jerusalem survey); Uri Dinur and Nurit Feig (Benjamin survey), ASI Map of Jerusalem (102), site 284; survey.iaa.org.il record 11032; printed page not given online",https://survey.iaa.org.il/#/MapSurvey/63/site/11032
63,102,Jerusalem,285,11033,Har Ha-Zofim (Mount Scopus),הַר הַצּוֹפִים,,,no,,,31.794612,35.244017,geojson_point,,,,,jer_tombs_kings,1.556,,jer_tombs_kings:1.556;jer_bethesda:1.661;jer_gethsemane:1.744;jer_east_gate:1.872;jer_temple:1.996;jer_kidron_mon:2.008;jer_se_corner:2.134;jer_tyropoeon:2.171;jer_south_wall:2.191;jer_kidron_east:2.338;jer_siloam:2.827;mount_zion:2.937,tomb;cave;pit;rock_cut,cistern,,Hasmonean;Herodian;Byzantine,yes,no,,"Amos Kloner (Jerusalem survey); Uri Dinur and Nurit Feig (Benjamin survey), ASI Map of Jerusalem (102), site 285; survey.iaa.org.il record 11033; printed page not given online",https://survey.iaa.org.il/#/MapSurvey/63/site/11033
63,102,Jerusalem,286,11034,Har Ha-Zofim (Mount Scopus),הַר הַצּוֹפִים,,,no,,,31.794610,35.250353,geojson_point,,,,,jer_gethsemane,1.980,,jer_gethsemane:1.980;jer_bethesda:2.011;jer_tombs_kings:2.112;jer_east_gate:2.159;jer_kidron_mon:2.219;jer_temple:2.307;jer_se_corner:2.390;jer_south_wall:2.449;jer_tyropoeon:2.485;jer_kidron_east:2.548,cistern;tomb;cave;pit;inscription;rock_cut,,,Herodian;Byzantine,yes,no,,"Amos Kloner (Jerusalem survey); Uri Dinur and Nurit Feig (Benjamin survey), ASI Map of Jerusalem (102), site 286; survey.iaa.org.il record 11034; printed page not given online",https://survey.iaa.org.il/#/MapSurvey/63/site/11034
63,102,Jerusalem,287,11035,Har Ha-Zofim (Mount Scopus),הַר הַצּוֹפִים,,,no,,,31.794430,35.249086,geojson_point,,,,,jer_gethsemane,1.902,,jer_gethsemane:1.902;jer_bethesda:1.916;jer_tombs_kings:1.992;jer_east_gate:2.075;jer_kidron_mon:2.147;jer_temple:2.219;jer_se_corner:2.311;jer_south_wall:2.370;jer_tyropoeon:2.397;jer_kidron_east:2.478;jer_siloam:2.971,tomb;cave;pit;inscription;rock_cut,cistern,,Herodian;Hasmonean;bronze,yes,no,,"Amos Kloner (Jerusalem survey); Uri Dinur and Nurit Feig (Benjamin survey), ASI Map of Jerusalem (102), site 287; survey.iaa.org.il record 11035; printed page not given online",https://survey.iaa.org.il/#/MapSurvey/63/site/11035
63,102,Jerusalem,288,11036,Har Ha-Zofim (Mount Scopus),הַר הַצּוֹפִים,,,no,,,31.794251,35.244439,geojson_point,,,,,jer_tombs_kings,1.576,,jer_tombs_kings:1.576;jer_bethesda:1.645;jer_gethsemane:1.716;jer_east_gate:1.849;jer_temple:1.976;jer_kidron_mon:1.978;jer_se_corner:2.109;jer_tyropoeon:2.152;jer_south_wall:2.166;jer_kidron_east:2.309;jer_siloam:2.799;mount_zion:2.923,tomb;cave;wall;settlement_ruin;pit;inscription;rock_cut,cistern,,Hasmonean;Herodian,yes,no,,"Amos Kloner (Jerusalem survey); Uri Dinur and Nurit Feig (Benjamin survey), ASI Map of Jerusalem (102), site 288; survey.iaa.org.il record 11036; printed page not given online",https://survey.iaa.org.il/#/MapSurvey/63/site/11036
63,102,Jerusalem,289,11037,Har Ha-Zofim (Mount Scopus),הַר הַצּוֹפִים,,,no,,,31.794252,35.242856,geojson_point,,,,,jer_tombs_kings,1.440,,jer_tombs_kings:1.440;jer_bethesda:1.577;jer_gethsemane:1.681;jer_east_gate:1.797;jer_temple:1.916;jer_kidron_mon:1.947;jer_se_corner:2.063;jer_tyropoeon:2.089;jer_south_wall:2.120;jer_kidron_east:2.275;jer_siloam:2.761;mount_zion:2.849,tomb;cave;rock_cut,cistern,,Herodian,yes,no,,"Amos Kloner (Jerusalem survey); Uri Dinur and Nurit Feig (Benjamin survey), ASI Map of Jerusalem (102), site 289; survey.iaa.org.il record 11037; printed page not given online",https://survey.iaa.org.il/#/MapSurvey/63/site/11037
63,102,Jerusalem,290,11038,Har Ha-Zofim (Mount Scopus),הַר הַצּוֹפִים,,,no,,,31.793799,35.248980,geojson_point,,,,,jer_gethsemane,1.836,,jer_gethsemane:1.836;jer_bethesda:1.857;jer_tombs_kings:1.960;jer_east_gate:2.011;jer_kidron_mon:2.080;jer_temple:2.157;jer_se_corner:2.246;jer_south_wall:2.304;jer_tyropoeon:2.335;jer_kidron_east:2.410;jer_siloam:2.902,tomb;cave;rock_cut,cistern,,Herodian,yes,no,,"Amos Kloner (Jerusalem survey); Uri Dinur and Nurit Feig (Benjamin survey), ASI Map of Jerusalem (102), site 290; survey.iaa.org.il record 11038; printed page not given online",https://survey.iaa.org.il/#/MapSurvey/63/site/11038
63,102,Jerusalem,291,11039,Har Ha-Zofim (Mount Scopus),הַר הַצּוֹפִים,,,no,,,31.793710,35.244122,geojson_point,,,,,jer_tombs_kings,1.525,,jer_tombs_kings:1.525;jer_bethesda:1.578;jer_gethsemane:1.650;jer_east_gate:1.782;jer_temple:1.909;jer_kidron_mon:1.913;jer_se_corner:2.042;jer_tyropoeon:2.085;jer_south_wall:2.100;jer_kidron_east:2.243;jer_siloam:2.733;mount_zion:2.856,tomb;cave;pit;inscription;rock_cut,cistern,,Herodian,yes,no,,"Amos Kloner (Jerusalem survey); Uri Dinur and Nurit Feig (Benjamin survey), ASI Map of Jerusalem (102), site 291; survey.iaa.org.il record 11039; printed page not given online",https://survey.iaa.org.il/#/MapSurvey/63/site/11039
63,102,Jerusalem,292,11040,isawiya (M),עִיסָוִיָּה,,,no,,,31.793710,35.246445,geojson_point,,,,,jer_bethesda,1.698,,jer_bethesda:1.698;jer_gethsemane:1.722;jer_tombs_kings:1.730;jer_east_gate:1.877;jer_kidron_mon:1.977;jer_temple:2.014;jer_se_corner:2.125;jer_south_wall:2.184;jer_tyropoeon:2.192;jer_kidron_east:2.308;jer_siloam:2.802;mount_zion:2.975,tomb;cave;steps;wall;settlement_ruin;rock_cut,cistern,,Herodian,yes,no,,"Amos Kloner (Jerusalem survey); Uri Dinur and Nurit Feig (Benjamin survey), ASI Map of Jerusalem (102), site 292; survey.iaa.org.il record 11040; printed page not given online",https://survey.iaa.org.il/#/MapSurvey/63/site/11040
63,102,Jerusalem,293,11041,Har Ha-Zofim (Mount Scopus),הַר הַצּוֹפִים,,,no,,,31.793349,35.244545,geojson_point,,,,,jer_tombs_kings,1.547,,jer_tombs_kings:1.547;jer_bethesda:1.564;jer_gethsemane:1.623;jer_east_gate:1.761;jer_kidron_mon:1.884;jer_temple:1.891;jer_se_corner:2.018;jer_tyropoeon:2.067;jer_south_wall:2.076;jer_kidron_east:2.215;jer_siloam:2.706;mount_zion:2.842,tomb,cistern;cave,,Herodian;iron,yes,no,,"Amos Kloner (Jerusalem survey); Uri Dinur and Nurit Feig (Benjamin survey), ASI Map of Jerusalem (102), site 293; survey.iaa.org.il record 11041; printed page not given online",https://survey.iaa.org.il/#/MapSurvey/63/site/11041
63,102,Jerusalem,294,11042,Har Ha-Zofim (Mount Scopus),הַר הַצּוֹפִים,,,no,,,31.792718,35.245284,geojson_point,,,,,jer_bethesda,1.544,,jer_bethesda:1.544;jer_gethsemane:1.579;jer_tombs_kings:1.591;jer_east_gate:1.728;jer_kidron_mon:1.837;jer_temple:1.863;jer_se_corner:1.979;jer_south_wall:2.038;jer_tyropoeon:2.041;jer_kidron_east:2.168;jer_siloam:2.661;mount_zion:2.822;jer_bir_ayyub:2.970,tomb;inscription;rock_cut,cistern;cave,,Herodian,yes,no,,"Amos Kloner (Jerusalem survey); Uri Dinur and Nurit Feig (Benjamin survey), ASI Map of Jerusalem (102), site 294; survey.iaa.org.il record 11042; printed page not given online",https://survey.iaa.org.il/#/MapSurvey/63/site/11042
63,102,Jerusalem,295,11043,Har Ha-Zofim (Mount Scopus),הַר הַצּוֹפִים,,,no,,,31.792448,35.243911,geojson_point,,,,,jer_bethesda,1.447,,jer_bethesda:1.447;jer_tombs_kings:1.458;jer_gethsemane:1.509;jer_east_gate:1.645;jer_kidron_mon:1.772;jer_temple:1.774;jer_se_corner:1.903;jer_tyropoeon:1.951;jer_south_wall:1.961;jer_kidron_east:2.102;jer_siloam:2.593;mount_zion:2.726;jer_bir_ayyub:2.906,tomb;cave;wall;pit;rock_cut,cistern,,Herodian,yes,no,,"Amos Kloner (Jerusalem survey); Uri Dinur and Nurit Feig (Benjamin survey), ASI Map of Jerusalem (102), site 295; survey.iaa.org.il record 11043; printed page not given online",https://survey.iaa.org.il/#/MapSurvey/63/site/11043
63,102,Jerusalem,296,11044,Har Ha-Zofim (Mount Scopus),הַר הַצּוֹפִים,,,no,,,31.790644,35.244966,geojson_point,,,,,jer_bethesda,1.343,,jer_bethesda:1.343;jer_gethsemane:1.353;jer_tombs_kings:1.510;jer_east_gate:1.511;jer_kidron_mon:1.608;jer_temple:1.651;jer_se_corner:1.757;jer_south_wall:1.816;jer_tyropoeon:1.829;jer_kidron_east:1.940;jer_siloam:2.433;mount_zion:2.616;jer_bir_ayyub:2.741,tomb;cave;rock_cut,cistern,,Herodian,yes,no,,"Amos Kloner (Jerusalem survey); Uri Dinur and Nurit Feig (Benjamin survey), ASI Map of Jerusalem (102), site 296; survey.iaa.org.il record 11044; printed page not given online",https://survey.iaa.org.il/#/MapSurvey/63/site/11044
63,102,Jerusalem,297,11045,Har Ha-Zofim (Mount Scopus),הַר הַצּוֹפִים,,,no,,,31.791275,35.246656,geojson_point,,,,,jer_gethsemane,1.485,,jer_gethsemane:1.485;jer_bethesda:1.502;jer_east_gate:1.655;jer_tombs_kings:1.679;jer_kidron_mon:1.733;jer_temple:1.800;jer_se_corner:1.893;jer_south_wall:1.952;jer_tyropoeon:1.978;jer_kidron_east:2.064;jer_siloam:2.557;mount_zion:2.768;jer_bir_ayyub:2.861,tomb;cave;pit;rock_cut,cistern,,Herodian;bronze,yes,no,,"Amos Kloner (Jerusalem survey); Uri Dinur and Nurit Feig (Benjamin survey), ASI Map of Jerusalem (102), site 297; survey.iaa.org.il record 11045; printed page not given online",https://survey.iaa.org.il/#/MapSurvey/63/site/11045
63,102,Jerusalem,298,12958,Har Ha-Zofim (Mount Scopus),הַר הַצּוֹפִים,,,no,,,31.791907,35.243488,geojson_point,,,,,jer_bethesda,1.375,,jer_bethesda:1.375;jer_tombs_kings:1.403;jer_gethsemane:1.440;jer_east_gate:1.574;jer_temple:1.703;jer_kidron_mon:1.704;jer_se_corner:1.833;jer_tyropoeon:1.879;jer_south_wall:1.891;jer_kidron_east:2.034;jer_siloam:2.524;mount_zion:2.654;jer_bir_ayyub:2.837,pool;tomb;cave;building;steps;wall;pit;installation;inscription;rock_cut,cistern,,Iron Age;Herodian;Roman;Byzantine;Medieval,yes,no,,"Amos Kloner (Jerusalem survey); Uri Dinur and Nurit Feig (Benjamin survey), ASI Map of Jerusalem (102), site 298; survey.iaa.org.il record 12958; printed page not given online",https://survey.iaa.org.il/#/MapSurvey/63/site/12958
63,102,Jerusalem,299,11059,Har Ha-Zoﬁm (Mount Scopus),הַר הַצּוֹפִים,,,no,,,31.791816,35.245389,geojson_point,,,,,jer_bethesda,1.470,,jer_bethesda:1.470;jer_gethsemane:1.489;jer_tombs_kings:1.574;jer_east_gate:1.644;jer_kidron_mon:1.745;jer_temple:1.783;jer_se_corner:1.892;jer_south_wall:1.951;jer_tyropoeon:1.960;jer_kidron_east:2.076;jer_siloam:2.570;mount_zion:2.745;jer_bir_ayyub:2.878,tomb;cave;rock_cut,cistern,,Herodian,yes,no,,"Amos Kloner (Jerusalem survey); Uri Dinur and Nurit Feig (Benjamin survey), ASI Map of Jerusalem (102), site 299; survey.iaa.org.il record 11059; printed page not given online",https://survey.iaa.org.il/#/MapSurvey/63/site/11059
63,102,Jerusalem,300,11060,Har Ha-Zoﬁm (Mount Scopus),הַר הַצּוֹפִים,,,no,,,31.791275,35.243594,geojson_point,,,,,jer_bethesda,1.322,,jer_bethesda:1.322;jer_gethsemane:1.376;jer_tombs_kings:1.395;jer_east_gate:1.514;jer_kidron_mon:1.638;jer_temple:1.645;jer_se_corner:1.771;jer_tyropoeon:1.822;jer_south_wall:1.829;jer_kidron_east:1.968;jer_siloam:2.459;mount_zion:2.600;jer_bir_ayyub:2.772,tomb;cave;rock_cut,cistern,,Herodian,yes,no,,"Amos Kloner (Jerusalem survey); Uri Dinur and Nurit Feig (Benjamin survey), ASI Map of Jerusalem (102), site 300; survey.iaa.org.il record 11060; printed page not given online",https://survey.iaa.org.il/#/MapSurvey/63/site/11060
63,102,Jerusalem,301,11063,Har Ha-Zoﬁm (Mount Scopus),הַר הַצּוֹפִים,,,no,,,31.791095,35.244122,geojson_point,,,,,jer_bethesda,1.334,,jer_bethesda:1.334;jer_gethsemane:1.372;jer_tombs_kings:1.440;jer_east_gate:1.517;jer_kidron_mon:1.632;jer_temple:1.652;jer_se_corner:1.770;jer_south_wall:1.829;jer_tyropoeon:1.829;jer_kidron_east:1.963;jer_siloam:2.455;mount_zion:2.611;jer_bir_ayyub:2.766,tomb;cave;wall;pit;rock_cut,cistern,,Hasmonean;Herodian,yes,no,,"Amos Kloner (Jerusalem survey); Uri Dinur and Nurit Feig (Benjamin survey), ASI Map of Jerusalem (102), site 301; survey.iaa.org.il record 11063; printed page not given online",https://survey.iaa.org.il/#/MapSurvey/63/site/11063
63,102,Jerusalem,302,11065,Har Ha-Zoﬁm (Mount Scopus),הַר הַצּוֹפִים,,,no,,,31.790283,35.246127,geojson_point,,,,,jer_gethsemane,1.364,,jer_gethsemane:1.364;jer_bethesda:1.387;jer_east_gate:1.536;jer_kidron_mon:1.612;jer_tombs_kings:1.613;jer_temple:1.682;jer_se_corner:1.772;jer_south_wall:1.831;jer_tyropoeon:1.860;jer_kidron_east:1.943;jer_siloam:2.436;mount_zion:2.650;jer_bir_ayyub:2.740,tomb;cave;pit;rock_cut,cistern,,Hasmonean;Herodian,yes,no,,"Amos Kloner (Jerusalem survey); Uri Dinur and Nurit Feig (Benjamin survey), ASI Map of Jerusalem (102), site 302; survey.iaa.org.il record 11065; printed page not given online",https://survey.iaa.org.il/#/MapSurvey/63/site/11065
63,102,Jerusalem,303,11066,Har Ha-Zoﬁm (Mount Scopus,הַר הַצּוֹפִים,,,no,,,31.794250,35.249930,geojson_point,,,,,jer_gethsemane,1.925,,jer_gethsemane:1.925;jer_bethesda:1.955;jer_tombs_kings:2.061;jer_east_gate:2.103;jer_kidron_mon:2.165;jer_temple:2.251;jer_se_corner:2.335;jer_south_wall:2.394;jer_tyropoeon:2.429;jer_kidron_east:2.494;jer_siloam:2.986,tomb;cave;pit;rock_cut,cistern,,Herodian,yes,no,,"Amos Kloner (Jerusalem survey); Uri Dinur and Nurit Feig (Benjamin survey), ASI Map of Jerusalem (102), site 303; survey.iaa.org.il record 11066; printed page not given online",https://survey.iaa.org.il/#/MapSurvey/63/site/11066
63,102,Jerusalem,304,11068,Har Ha-Zofim (Mount Scopus),הַר הַצּוֹפִים,,,no,,,31.794249,35.251620,geojson_point,,,,,jer_gethsemane,2.012,,jer_gethsemane:2.012;jer_bethesda:2.067;jer_east_gate:2.200;jer_tombs_kings:2.214;jer_kidron_mon:2.244;jer_temple:2.352;jer_se_corner:2.423;jer_south_wall:2.481;jer_tyropoeon:2.530;jer_kidron_east:2.570,tomb;cave;settlement_ruin;inscription;rock_cut,cistern,,Herodian,yes,no,,"Amos Kloner (Jerusalem survey); Uri Dinur and Nurit Feig (Benjamin survey), ASI Map of Jerusalem (102), site 304; survey.iaa.org.il record 11068; printed page not given online",https://survey.iaa.org.il/#/MapSurvey/63/site/11068
63,102,Jerusalem,305,11069,Har Ha-Zofim (Mount Scopus),הַר הַצּוֹפִים,,,no,,,31.796505,35.248030,geojson_point,,,,,jer_tombs_kings,1.990,,jer_tombs_kings:1.990;jer_bethesda:2.038;jer_gethsemane:2.066;jer_east_gate:2.222;jer_kidron_mon:2.320;jer_temple:2.358;jer_se_corner:2.470;jer_south_wall:2.529;jer_tyropoeon:2.535;jer_kidron_east:2.652,tomb;cave;rock_cut,cistern,,Herodian,yes,no,,"Amos Kloner (Jerusalem survey); Uri Dinur and Nurit Feig (Benjamin survey), ASI Map of Jerusalem (102), site 305; survey.iaa.org.il record 11069; printed page not given online",https://survey.iaa.org.il/#/MapSurvey/63/site/11069
63,102,Jerusalem,306,11070,Har Ha-Zofim (Mount Scopus),הַר הַצּוֹפִים,,,no,,,31.796504,35.252360,geojson_point,,,,,jer_gethsemane,2.259,,jer_gethsemane:2.259;jer_bethesda:2.295;jer_tombs_kings:2.363;jer_east_gate:2.441;jer_kidron_mon:2.495;jer_temple:2.590;jer_se_corner:2.670;jer_south_wall:2.728;jer_tyropoeon:2.768;jer_kidron_east:2.823,cistern;wall;rock_cut,,,Byzantine,no,no,,"Amos Kloner (Jerusalem survey); Uri Dinur and Nurit Feig (Benjamin survey), ASI Map of Jerusalem (102), site 306; survey.iaa.org.il record 11070; printed page not given online",https://survey.iaa.org.il/#/MapSurvey/63/site/11070
63,102,Jerusalem,307,11071,Wadi Abu Kharrub,ואדי אַבּוּ חַ'רּוּבָּ,,,no,,,31.792894,35.259222,geojson_point,,,,,jer_gethsemane,2.397,,jer_gethsemane:2.397;jer_bethesda:2.554;jer_kidron_mon:2.583;jer_east_gate:2.619;jer_temple:2.783;jer_se_corner:2.793;jer_south_wall:2.850;jer_tombs_kings:2.880;jer_kidron_east:2.882;jer_tyropoeon:2.953,cistern;tomb;cave;dovecote;building;wall;settlement_ruin;road;quarry;installation;rock_cut,,,Hasmonean;Herodian;first century CE,yes,no,,"Amos Kloner (Jerusalem survey); Uri Dinur and Nurit Feig (Benjamin survey), ASI Map of Jerusalem (102), site 307; survey.iaa.org.il record 11071; printed page not given online",https://survey.iaa.org.il/#/MapSurvey/63/site/11071
63,102,Jerusalem,308,11073,Bir el Hajj (M),בִּיר אֶל־חַג',,,no,,,31.798304,35.260808,geojson_point,,,,,jer_gethsemane,2.914,,jer_gethsemane:2.914,,,,Byzantine,no,no,,"Amos Kloner (Jerusalem survey); Uri Dinur and Nurit Feig (Benjamin survey), ASI Map of Jerusalem (102), site 308; survey.iaa.org.il record 11073; printed page not given online",https://survey.iaa.org.il/#/MapSurvey/63/site/11073
63,102,Jerusalem,309,11075,Har Ha-Zofim (Mount Scopus),הַר הַצּוֹפִים,,,no,,,31.794339,35.252464,geojson_point,,,,,jer_gethsemane,2.066,,jer_gethsemane:2.066;jer_bethesda:2.132;jer_east_gate:2.259;jer_tombs_kings:2.293;jer_kidron_mon:2.295;jer_temple:2.413;jer_se_corner:2.477;jer_south_wall:2.536;jer_tyropoeon:2.590;jer_kidron_east:2.619,cistern;pit;rock_cut,spring_well,,,unknown,no,,"Amos Kloner (Jerusalem survey); Uri Dinur and Nurit Feig (Benjamin survey), ASI Map of Jerusalem (102), site 309; survey.iaa.org.il record 11075; printed page not given online",https://survey.iaa.org.il/#/MapSurvey/63/site/11075
63,102,Jerusalem,310,11081,Ras Tumeim (M),רָאס תֻּמַים,,,no,,,31.791542,35.257637,geojson_point,,,,,jer_gethsemane,2.186,,jer_gethsemane:2.186;jer_bethesda:2.350;jer_kidron_mon:2.371;jer_east_gate:2.410;jer_temple:2.574;jer_se_corner:2.582;jer_south_wall:2.638;jer_kidron_east:2.670;jer_tombs_kings:2.710;jer_tyropoeon:2.743,,,,Iron II;Herodian,yes,no,,"Amos Kloner (Jerusalem survey); Uri Dinur and Nurit Feig (Benjamin survey), ASI Map of Jerusalem (102), site 310; survey.iaa.org.il record 11081; printed page not given online",https://survey.iaa.org.il/#/MapSurvey/63/site/11081
63,102,Jerusalem,311,11088,Har Ha-Zofim (Mount Scopus) (east),הַר הַצּוֹפִים (מזרח),,,no,,,31.790190,35.253941,geojson_point,,,,,jer_gethsemane,1.821,,jer_gethsemane:1.821;jer_bethesda:1.972;jer_kidron_mon:2.017;jer_east_gate:2.040;jer_temple:2.203;jer_se_corner:2.222;jer_south_wall:2.279;jer_kidron_east:2.325;jer_tombs_kings:2.347;jer_tyropoeon:2.374;jer_siloam:2.797,tomb;cave;dovecote;road;pit;winepress;installation;rock_cut,cistern,,first century CE;Iron;First century CE;Iron Age;Herodian;Hasmonean,yes,no,,"Amos Kloner (Jerusalem survey); Uri Dinur and Nurit Feig (Benjamin survey), ASI Map of Jerusalem (102), site 311; survey.iaa.org.il record 11088; printed page not given online",https://survey.iaa.org.il/#/MapSurvey/63/site/11088
63,102,Jerusalem,312,11092,Zikhron Moshe,זִכְרוֹן מֹשֶׁה,,,no,,,31.786139,35.216457,geojson_point,,,,,jer_tombs_kings,1.232,,jer_tombs_kings:1.232;jer_bethesda:1.906;jer_tyropoeon:1.967;mount_zion:1.977;jer_temple:1.989;jer_east_gate:2.097;jer_south_wall:2.217;jer_se_corner:2.219;jer_gethsemane:2.296;jer_kidron_mon:2.384;jer_kidron_east:2.439;jer_siloam:2.580;jer_bir_ayyub:2.801,tomb;cave;rock_cut,cistern,,Herodian,yes,no,,"Amos Kloner (Jerusalem survey); Uri Dinur and Nurit Feig (Benjamin survey), ASI Map of Jerusalem (102), site 312; survey.iaa.org.il record 11092; printed page not given online",https://survey.iaa.org.il/#/MapSurvey/63/site/11092
63,102,Jerusalem,313,11097,Ha-Nevi’im Street,רְחוֹב הַנְּבִיאִים,,,no,,,31.784876,35.216774,geojson_point,,,,,jer_tombs_kings,1.242,,jer_tombs_kings:1.242;jer_bethesda:1.842;mount_zion:1.846;jer_tyropoeon:1.871;jer_temple:1.903;jer_east_gate:2.019;jer_south_wall:2.122;jer_se_corner:2.127;jer_gethsemane:2.226;jer_kidron_mon:2.300;jer_kidron_east:2.339;jer_siloam:2.463;jer_bir_ayyub:2.676;jer_baqa:2.884,tomb;cave;rock_cut,cistern,,Herodian,yes,no,,"Amos Kloner (Jerusalem survey); Uri Dinur and Nurit Feig (Benjamin survey), ASI Map of Jerusalem (102), site 313; survey.iaa.org.il record 11097; printed page not given online",https://survey.iaa.org.il/#/MapSurvey/63/site/11097
63,102,Jerusalem,314,11099,Ha-Nevi’im Street,רְחוֹב הַנְּבִיאִים,,,no,,,31.783884,35.218041,geojson_point,,,,,jer_tombs_kings,1.173,,jer_tombs_kings:1.173;mount_zion:1.686;jer_bethesda:1.704;jer_tyropoeon:1.714;jer_temple:1.751;jer_east_gate:1.871;jer_south_wall:1.965;jer_se_corner:1.971;jer_gethsemane:2.082;jer_kidron_mon:2.148;jer_kidron_east:2.181;jer_siloam:2.300;jer_bir_ayyub:2.514;jer_baqa:2.761,tomb;cave;rock_cut,cistern,,Herodian,yes,no,,"Amos Kloner (Jerusalem survey); Uri Dinur and Nurit Feig (Benjamin survey), ASI Map of Jerusalem (102), site 314; survey.iaa.org.il record 11099; printed page not given online",https://survey.iaa.org.il/#/MapSurvey/63/site/11099
63,102,Jerusalem,315,11101,Ha-Rav Kook Street,רְחוֹב הָרַב קוּק,,,no,,,31.783433,35.220152,geojson_point,,,,,jer_tombs_kings,1.025,,jer_tombs_kings:1.025;jer_bethesda:1.499;jer_tyropoeon:1.514;mount_zion:1.533;jer_temple:1.547;jer_east_gate:1.665;jer_south_wall:1.765;jer_se_corner:1.770;jer_gethsemane:1.876;jer_kidron_mon:1.944;jer_kidron_east:1.983;jer_siloam:2.120;jer_bir_ayyub:2.345;jer_baqa:2.699,pit;rock_cut,cistern,,Byzantine;Ottoman;Mameluke,no,no,,"Amos Kloner (Jerusalem survey); Uri Dinur and Nurit Feig (Benjamin survey), ASI Map of Jerusalem (102), site 315; survey.iaa.org.il record 11101; printed page not given online",https://survey.iaa.org.il/#/MapSurvey/63/site/11101
63,102,Jerusalem,316,11108,Russian Compound (west),מִגְרַשׁ הָרוּסִים (מערב),,,no,,,31.781268,35.220574,geojson_point,,,,,jer_tombs_kings,1.146,,jer_tombs_kings:1.146;mount_zion:1.310;jer_tyropoeon:1.378;jer_temple:1.436;jer_bethesda:1.442;jer_east_gate:1.569;jer_south_wall:1.627;jer_se_corner:1.639;jer_gethsemane:1.794;jer_kidron_mon:1.830;jer_kidron_east:1.834;jer_siloam:1.928;jer_bir_ayyub:2.138;jer_baqa:2.457,cistern;road;rock_cut,cave,,,unknown,no,,"Amos Kloner (Jerusalem survey); Uri Dinur and Nurit Feig (Benjamin survey), ASI Map of Jerusalem (102), site 316; survey.iaa.org.il record 11108; printed page not given online",https://survey.iaa.org.il/#/MapSurvey/63/site/11108
63,102,Jerusalem,317,11110,Ha-Nevi’im Street,רְחוֹב הַנְּבִיאִים,,,no,,,31.784064,35.218674,geojson_point,,,,,jer_tombs_kings,1.111,,jer_tombs_kings:1.111;jer_bethesda:1.649;mount_zion:1.668;jer_tyropoeon:1.671;jer_temple:1.703;jer_east_gate:1.820;jer_south_wall:1.921;jer_se_corner:1.926;jer_gethsemane:2.029;jer_kidron_mon:2.100;jer_kidron_east:2.139;jer_siloam:2.269;jer_bir_ayyub:2.489;jer_baqa:2.776,tomb;cave;rock_cut,cistern,,Herodian,yes,no,,"Amos Kloner (Jerusalem survey); Uri Dinur and Nurit Feig (Benjamin survey), ASI Map of Jerusalem (102), site 317; survey.iaa.org.il record 11110; printed page not given online",https://survey.iaa.org.il/#/MapSurvey/63/site/11110
63,102,Jerusalem,318,11115,Nabi ‘Akasha,נַבִּי עַכָּאשָּה,,,no,,,31.786139,35.218041,geojson_point,,,,,jer_tombs_kings,1.087,,jer_tombs_kings:1.087;jer_bethesda:1.762;jer_tyropoeon:1.841;jer_temple:1.856;mount_zion:1.894;jer_east_gate:1.960;jer_se_corner:2.090;jer_south_wall:2.090;jer_gethsemane:2.155;jer_kidron_mon:2.250;jer_kidron_east:2.315;jer_siloam:2.474;jer_bir_ayyub:2.704,tomb;building,cistern,,Crusader;Mameluke;Ottoman,no,no,,"Amos Kloner (Jerusalem survey); Uri Dinur and Nurit Feig (Benjamin survey), ASI Map of Jerusalem (102), site 318; survey.iaa.org.il record 11115; printed page not given online",https://survey.iaa.org.il/#/MapSurvey/63/site/11115
63,102,Jerusalem,319,11118,Mahane Yehuda,מַחֲנֵה יְהוּדָה,,,no,,,31.784786,35.212234,geojson_point,,,,,jer_tombs_kings,1.656,,jer_tombs_kings:1.656;mount_zion:2.127;jer_tyropoeon:2.255;jer_bethesda:2.262;jer_temple:2.302;jer_east_gate:2.426;jer_south_wall:2.505;jer_se_corner:2.515;jer_gethsemane:2.639;jer_kidron_mon:2.699;jer_kidron_east:2.714;jer_siloam:2.791;jer_baqa:2.962;jer_bir_ayyub:2.978,,,,Herodian,yes,no,,"Amos Kloner (Jerusalem survey); Uri Dinur and Nurit Feig (Benjamin survey), ASI Map of Jerusalem (102), site 319; survey.iaa.org.il record 11118; printed page not given online",https://survey.iaa.org.il/#/MapSurvey/63/site/11118
63,102,Jerusalem,320,11128,Sallah ed Din Street,רחוב צַלָּאח אֶ־דִּין,,"1-2/1, 10",yes,221788,632867,31.788507,35.229060,nig_epsg2039,31.788573,35.229127,9.7,ok,jer_tombs_kings,0.012,jer_tombs_kings:0.012,jer_tombs_kings:0.012;jer_bethesda:1.018;jer_temple:1.286;jer_east_gate:1.303;jer_tyropoeon:1.375;jer_gethsemane:1.408;jer_se_corner:1.540;jer_south_wall:1.569;jer_kidron_mon:1.602;jer_kidron_east:1.806;mount_zion:1.873;jer_siloam:2.156;jer_bir_ayyub:2.458,cistern;pool;tomb;cave;building;steps;wall;pit;rock_cut,,"Herodian,Roman,Late Roman,Byzantine",Herodian;Roman;second century CE;Late Roman;Byzantine,yes,no,"‘Tombs of the Kings’, ‘Tomb of Queen Helene of Adiabene’: rock-hewn burial","Amos Kloner (Jerusalem survey); Uri Dinur and Nurit Feig (Benjamin survey), ASI Map of Jerusalem (102), site 320; survey.iaa.org.il record 11128; printed page not given online",https://survey.iaa.org.il/#/MapSurvey/63/site/11128
63,102,Jerusalem,321,11141,Sultan Suleiman Street,רחוב סֻלְטָאן סֻלֵימָאן,,1-2/2,yes,221888,632217,31.782645,35.230114,nig_epsg2039,31.782710,35.230182,9.7,ok,jer_bethesda,0.558,jer_bethesda:0.558;jer_tombs_kings:0.659;jer_temple:0.695;jer_tyropoeon:0.744;jer_east_gate:0.769;jer_se_corner:0.949;jer_gethsemane:0.951;jer_south_wall:0.966,jer_bethesda:0.558;jer_tombs_kings:0.659;jer_temple:0.695;jer_tyropoeon:0.744;jer_east_gate:0.769;jer_se_corner:0.949;jer_gethsemane:0.951;jer_south_wall:0.966;jer_kidron_mon:1.069;jer_kidron_east:1.205;mount_zion:1.229;jer_siloam:1.510;jer_bir_ayyub:1.805;jer_baqa:2.754,cistern;tomb;cave;building;wall;road;pit;rock_cut,,"Iron Age II,First Temple period,Late Roman,Byzantine",Late Roman;Byzantine;late Roman;Iron Age;First Temple,no,no,Late Roman and Byzantine cist tombs on moderate slope (on Sultan Suleiman,"Amos Kloner (Jerusalem survey); Uri Dinur and Nurit Feig (Benjamin survey), ASI Map of Jerusalem (102), site 321; survey.iaa.org.il record 11141; printed page not given online",https://survey.iaa.org.il/#/MapSurvey/63/site/11141
63,102,Jerusalem,322,11146,Shekhem Road (Nablus Road) (west),דֶּרֶךְ שְׁכֶם (מערב),,1-2/16,yes,221738,632247,31.782916,35.228530,nig_epsg2039,31.782981,35.228598,9.7,ok,jer_tombs_kings,0.626,jer_tombs_kings:0.626;jer_bethesda:0.711;jer_temple:0.827;jer_tyropoeon:0.855;jer_east_gate:0.912,jer_tombs_kings:0.626;jer_bethesda:0.711;jer_temple:0.827;jer_tyropoeon:0.855;jer_east_gate:0.912;jer_se_corner:1.076;jer_south_wall:1.089;jer_gethsemane:1.101;jer_kidron_mon:1.210;mount_zion:1.250;jer_kidron_east:1.326;jer_siloam:1.599;jer_bir_ayyub:1.884;jer_baqa:2.739,building;road,,Herodian,Herodian,yes,no,Foundations of a circular structure on hill (between Shekhem Rd. and Ha-Nevi’im,"Amos Kloner (Jerusalem survey); Uri Dinur and Nurit Feig (Benjamin survey), ASI Map of Jerusalem (102), site 322; survey.iaa.org.il record 11146; printed page not given online",https://survey.iaa.org.il/#/MapSurvey/63/site/11146
63,102,Jerusalem,323,11176,Sha’ar Shekhem (Damascus Gate),שַׁעַר שְׁכֶם,,1-2/3,yes,221888,632117,31.781743,35.230114,nig_epsg2039,31.781809,35.230182,9.7,ok,jer_bethesda,0.542,jer_bethesda:0.542;jer_temple:0.628;jer_tyropoeon:0.660;jer_east_gate:0.719;jer_tombs_kings:0.759;jer_se_corner:0.878;jer_south_wall:0.891;jer_gethsemane:0.918,jer_bethesda:0.542;jer_temple:0.628;jer_tyropoeon:0.660;jer_east_gate:0.719;jer_tombs_kings:0.759;jer_se_corner:0.878;jer_south_wall:0.891;jer_gethsemane:0.918;jer_kidron_mon:1.014;jer_kidron_east:1.128;mount_zion:1.129;jer_siloam:1.417;jer_bir_ayyub:1.710;jer_baqa:2.659,conduit;tomb;fortress;tower;wall;inscription,cave,"Roman,Byzantine,Early Arab,Crusader,Mamluk,Ottoman,Early Ottoman",Roman;Byzantine;Crusader;Ottoman;Mameluke;Mamluk,overlaps,no,A series of gates and fortifications of the Roman. Byzantine. Crusader and,"Amos Kloner (Jerusalem survey); Uri Dinur and Nurit Feig (Benjamin survey), ASI Map of Jerusalem (102), site 323; survey.iaa.org.il record 11176; printed page not given online",https://survey.iaa.org.il/#/MapSurvey/63/site/11176
63,102,Jerusalem,324,11177,Sultan Suleiman Street,רחוב סֻלְטָאן סֻלֵימָאן,,1-2/4,yes,221918,632317,31.783547,35.230431,nig_epsg2039,31.783612,35.230499,9.7,ok,jer_bethesda,0.564,jer_bethesda:0.564;jer_tombs_kings:0.565;jer_temple:0.750;jer_east_gate:0.804;jer_tyropoeon:0.817;jer_gethsemane:0.966,jer_bethesda:0.564;jer_tombs_kings:0.565;jer_temple:0.750;jer_east_gate:0.804;jer_tyropoeon:0.817;jer_gethsemane:0.966;jer_se_corner:1.006;jer_south_wall:1.028;jer_kidron_mon:1.108;jer_kidron_east:1.267;mount_zion:1.332;jer_siloam:1.592;jer_bir_ayyub:1.892;jer_baqa:2.859,tomb;cave;building;wall;quarry;rock_cut,cistern,"Iron Age II,Hasmonean,Herodian,Byzantine,Early Arab,Crusader,Mamluk,Ottoman,British Mandate,Modern",First Temple;Iron Age;Byzantine;Mameluke;Ottoman;Crusader;Hasmonean;Herodian;Mamluk;British Mandate;Modern,yes,no,"‘The Garden Tomb' ('Gordon’s Calvary’): a rock-hewn double-chambered burial cave, with shelves","Amos Kloner (Jerusalem survey); Uri Dinur and Nurit Feig (Benjamin survey), ASI Map of Jerusalem (102), site 324; survey.iaa.org.il record 11177; printed page not given online",https://survey.iaa.org.il/#/MapSurvey/63/site/11177
63,102,Jerusalem,325,11178,Shekhem Road (Nablus Road),דֶּרֶךְ שְׁכֶם,,1-2/5,yes,221838,632397,31.784268,35.229586,nig_epsg2039,31.784334,35.229655,9.7,ok,jer_tombs_kings,0.474,jer_tombs_kings:0.474;jer_bethesda:0.671;jer_temple:0.862;jer_east_gate:0.917;jer_tyropoeon:0.925,jer_tombs_kings:0.474;jer_bethesda:0.671;jer_temple:0.862;jer_east_gate:0.917;jer_tyropoeon:0.925;jer_gethsemane:1.075;jer_se_corner:1.118;jer_south_wall:1.139;jer_kidron_mon:1.221;jer_kidron_east:1.379;mount_zion:1.404;jer_siloam:1.696;jer_bir_ayyub:1.992;jer_baqa:2.911,tomb;cave;building;road,,"Late Bronze Age,Iron Age II,Byzantine,Crusader",First Temple;Iron Age;Byzantine;Crusader;Bronze,no,no,Two monumental tombs of the First Temple period (Iron Age II) on,"Amos Kloner (Jerusalem survey); Uri Dinur and Nurit Feig (Benjamin survey), ASI Map of Jerusalem (102), site 325; survey.iaa.org.il record 11178; printed page not given online",https://survey.iaa.org.il/#/MapSurvey/63/site/11178
63,102,Jerusalem,326,11180,Shekhem Road (Nablus Road),דֶּרֶךְ שְׁכֶם,,1-2/6,yes,221808,632247,31.782916,35.229269,nig_epsg2039,31.782981,35.229338,9.7,ok,jer_tombs_kings,0.623,jer_tombs_kings:0.623;jer_bethesda:0.643;jer_temple:0.774;jer_tyropoeon:0.813;jer_east_gate:0.852,jer_tombs_kings:0.623;jer_bethesda:0.643;jer_temple:0.774;jer_tyropoeon:0.813;jer_east_gate:0.852;jer_se_corner:1.026;jer_gethsemane:1.036;jer_south_wall:1.041;jer_kidron_mon:1.152;mount_zion:1.252;jer_kidron_east:1.279;jer_siloam:1.569;jer_bir_ayyub:1.859;jer_baqa:2.759,tomb;cave;building;wall;road;rock_cut,cistern,Iron Age II,Iron Age,no,no,"Rock-hewn tomb on moderate slope (the ־White Sisters’ Monastery): three chambers, with","Amos Kloner (Jerusalem survey); Uri Dinur and Nurit Feig (Benjamin survey), ASI Map of Jerusalem (102), site 326; survey.iaa.org.il record 11180; printed page not given online",https://survey.iaa.org.il/#/MapSurvey/63/site/11180
63,102,Jerusalem,327,11182,Kikkar Safra (Safra Plaza),כִּכַר סַפְרָא,,1-2/7,yes,221288,631997,31.780662,35.223779,nig_epsg2039,31.780727,35.223847,9.7,ok,jer_tombs_kings,1.012,,jer_tombs_kings:1.012;jer_tyropoeon:1.072;mount_zion:1.099;jer_temple:1.125;jer_bethesda:1.142;jer_east_gate:1.260;jer_south_wall:1.322;jer_se_corner:1.332;jer_gethsemane:1.486;jer_kidron_mon:1.520;jer_kidron_east:1.533;jer_siloam:1.660;jer_bir_ayyub:1.890;jer_baqa:2.406,conduit;building;pit;inscription;rock_cut,cistern,"Iron Age II,Hellenistic,Herodian,Late Roman,Byzantine,Early Arab",Iron Age;Hellenistic;Herodian;Late Roman;Byzantine,yes,no,,"Amos Kloner (Jerusalem survey); Uri Dinur and Nurit Feig (Benjamin survey), ASI Map of Jerusalem (102), site 327; survey.iaa.org.il record 11182; printed page not given online",https://survey.iaa.org.il/#/MapSurvey/63/site/11182
63,102,Jerusalem,328,11185,Russian Compound,מִגְרַשׁ הָרוּסִים,,1-2/8,yes,221208,632117,31.781744,35.222934,nig_epsg2039,31.781809,35.223003,9.7,ok,jer_tombs_kings,0.958,jer_tombs_kings:0.958,jer_tombs_kings:0.958;jer_tyropoeon:1.194;jer_bethesda:1.220;jer_temple:1.235;mount_zion:1.242;jer_east_gate:1.361;jer_south_wall:1.445;jer_se_corner:1.452;jer_gethsemane:1.580;jer_kidron_mon:1.632;jer_kidron_east:1.661;jer_siloam:1.801;jer_bir_ayyub:2.034;jer_baqa:2.518,conduit;building;wall;quarry,,"Crusader,Mamluk,Ottoman",Crusader;Mameluke;Ottoman;Mamluk,no,no,Segments of a conduit and an aqueduct on slope (today the Russian,"Amos Kloner (Jerusalem survey); Uri Dinur and Nurit Feig (Benjamin survey), ASI Map of Jerusalem (102), site 328; survey.iaa.org.il record 11185; printed page not given online",https://survey.iaa.org.il/#/MapSurvey/63/site/11185
63,102,Jerusalem,329,11186,Russian Compound,מִגְרַשׁ הָרוּסִים,,,no,,,31.781449,35.222264,geojson_point,,,,,jer_tombs_kings,1.023,,jer_tombs_kings:1.023;jer_tyropoeon:1.238;mount_zion:1.242;jer_bethesda:1.282;jer_temple:1.286;jer_east_gate:1.416;jer_south_wall:1.488;jer_se_corner:1.497;jer_gethsemane:1.638;jer_kidron_mon:1.683;jer_kidron_east:1.700;jer_siloam:1.823;jer_bir_ayyub:2.048;jer_baqa:2.481,,,,Herodian,yes,no,,"Amos Kloner (Jerusalem survey); Uri Dinur and Nurit Feig (Benjamin survey), ASI Map of Jerusalem (102), site 329; survey.iaa.org.il record 11186; printed page not given online",https://survey.iaa.org.il/#/MapSurvey/63/site/11186
63,102,Jerusalem,330,11187,Shekhem Road (Nablus Road),דֶּרֶךְ שְׁכֶם,,1-2/9,yes,221708,632517,31.785351,35.228214,nig_epsg2039,31.785416,35.228282,9.7,ok,jer_tombs_kings,0.364,jer_tombs_kings:0.364;jer_bethesda:0.844,jer_tombs_kings:0.364;jer_bethesda:0.844;jer_temple:1.038;jer_east_gate:1.094;jer_tyropoeon:1.094;jer_gethsemane:1.249;jer_se_corner:1.293;jer_south_wall:1.313;jer_kidron_mon:1.398;mount_zion:1.522;jer_kidron_east:1.553;jer_siloam:1.857;jer_bir_ayyub:2.148;jer_baqa:2.994,cistern;pool;conduit;tomb;building;tower;wall;road;pit;installation;mosaic;inscription,cave,"Iron Age II,Herodian,Roman,Late Roman,Byzantine,Early Arab,Mamluk",Herodian;first century CE;Roman;Byzantine;Iron Age;Mameluke;Late Roman;Mamluk,yes,no,'The Third Wall': remains of wall (4.4-4.5 m wide) running 450 m,"Amos Kloner (Jerusalem survey); Uri Dinur and Nurit Feig (Benjamin survey), ASI Map of Jerusalem (102), site 330; survey.iaa.org.il record 11187; printed page not given online",https://survey.iaa.org.il/#/MapSurvey/63/site/11187
63,102,Jerusalem,331,11188,Shekhem Road (Nablus Road),דֶּרֶךְ שְׁכֶם,,1-2/18,yes,221728,632877,31.788597,35.228426,nig_epsg2039,31.788663,35.228494,9.7,ok,jer_tombs_kings,0.073,jer_tombs_kings:0.073,jer_tombs_kings:0.073;jer_bethesda:1.064;jer_temple:1.323;jer_east_gate:1.346;jer_tyropoeon:1.407;jer_gethsemane:1.457;jer_se_corner:1.578;jer_south_wall:1.606;jer_kidron_mon:1.647;jer_kidron_east:1.844;mount_zion:1.882;jer_siloam:2.185;jer_bir_ayyub:2.484,cistern;tomb;cave;building;wall;road;pit;quarry;rock_cut,,"Herodian,Roman,Late Roman,Byzantine",Late Roman;Byzantine;Second Temple;Herodian;first century BCE;first century CE;Roman,yes,no,"Rock-hewn rectangular shaft tomb, attributed to the Late Roman period, on moderate","Amos Kloner (Jerusalem survey); Uri Dinur and Nurit Feig (Benjamin survey), ASI Map of Jerusalem (102), site 331; survey.iaa.org.il record 11188; printed page not given online",https://survey.iaa.org.il/#/MapSurvey/63/site/11188
63,102,Jerusalem,332,11189,Sallah ed Din Street,רחוב צַלָּאח אֶ־דִּין,,1-2/19,yes,221978,632647,31.786523,35.231065,nig_epsg2039,31.786588,35.231133,9.7,ok,jer_tombs_kings,0.284,jer_tombs_kings:0.284;jer_bethesda:0.727,jer_tombs_kings:0.284;jer_bethesda:0.727;jer_temple:1.005;jer_east_gate:1.014;jer_tyropoeon:1.106;jer_gethsemane:1.118;jer_se_corner:1.256;jer_south_wall:1.288;jer_kidron_mon:1.312;jer_kidron_east:1.523;mount_zion:1.668;jer_siloam:1.891;jer_bir_ayyub:2.198,tomb;cave;building;pit;quarry;rock_cut,cistern,"Second Temple period,Late Roman,Byzantine",Late Roman;Byzantine;Second Temple,overlaps,no,"Burial structure comprised of three W-facing chambers, on moderate slope (in the","Amos Kloner (Jerusalem survey); Uri Dinur and Nurit Feig (Benjamin survey), ASI Map of Jerusalem (102), site 332; survey.iaa.org.il record 11189; printed page not given online",https://survey.iaa.org.il/#/MapSurvey/63/site/11189
63,102,Jerusalem,333,11190,Kikkar Piqqud Ha-Merkaz (Piqqud Ha-Merkaz Plaza),כִּכַּר פִּקּוּד הַמֶּרְכָּז,,1-2/20,yes,221638,632697,31.786974,35.227476,nig_epsg2039,31.787040,35.227543,9.7,ok,jer_tombs_kings,0.236,jer_tombs_kings:0.236,jer_tombs_kings:0.236;jer_bethesda:1.005;jer_temple:1.222;jer_east_gate:1.268;jer_tyropoeon:1.285;jer_gethsemane:1.408;jer_se_corner:1.478;jer_south_wall:1.500;jer_kidron_mon:1.572;mount_zion:1.705;jer_kidron_east:1.740;jer_siloam:2.050;jer_bir_ayyub:2.341,tomb;cave;building;rock_cut,,"Hasmonean,Herodian,Ottoman",Ottoman;Herodian;Hasmonean,yes,no,"The area of the ‘Mandelbaum Gate’ (’the Ash Heap’, in fact, a","Amos Kloner (Jerusalem survey); Uri Dinur and Nurit Feig (Benjamin survey), ASI Map of Jerusalem (102), site 333; survey.iaa.org.il record 11190; printed page not given online",https://survey.iaa.org.il/#/MapSurvey/63/site/11190
63,102,Jerusalem,334,11196,Morasha,מוֹרָשָׁה,,1-2/11,yes,221428,632007,31.780752,35.225257,nig_epsg2039,31.780817,35.225325,9.7,ok,jer_tombs_kings,0.940,jer_tombs_kings:0.940;jer_tyropoeon:0.949;jer_temple:0.993,jer_tombs_kings:0.940;jer_tyropoeon:0.949;jer_temple:0.993;jer_bethesda:1.002;mount_zion:1.058;jer_east_gate:1.124;jer_south_wall:1.199;jer_se_corner:1.206;jer_gethsemane:1.348;jer_kidron_mon:1.389;jer_kidron_east:1.416;jer_siloam:1.572;jer_bir_ayyub:1.817;jer_baqa:2.436,cistern;reservoir;tomb;building;wall;pit;quarry;installation;rock_cut,conduit;cave;spring_well,"Herodian,Roman,Byzantine",modern;Byzantine;Second Temple;Herodian;Roman,yes,no,Great quantities of human bones on slope (10 Elisha‘ St. Morasha). The,"Amos Kloner (Jerusalem survey); Uri Dinur and Nurit Feig (Benjamin survey), ASI Map of Jerusalem (102), site 334; survey.iaa.org.il record 11196; printed page not given online",https://survey.iaa.org.il/#/MapSurvey/63/site/11196
63,102,Jerusalem,335,11197,Morasha,מוֹרָשָׁה,,1-2/12,yes,221538,632117,31.781744,35.226418,nig_epsg2039,31.781809,35.226487,9.7,ok,jer_tombs_kings,0.798,jer_tombs_kings:0.798;jer_bethesda:0.890;jer_tyropoeon:0.911;jer_temple:0.928,jer_tombs_kings:0.798;jer_bethesda:0.890;jer_tyropoeon:0.911;jer_temple:0.928;jer_east_gate:1.044;mount_zion:1.139;jer_se_corner:1.159;jer_south_wall:1.160;jer_gethsemane:1.257;jer_kidron_mon:1.325;jer_kidron_east:1.387;jer_siloam:1.591;jer_bir_ayyub:1.853;jer_baqa:2.565,mosaic,conduit,"Herodian,Byzantine",Herodian;Byzantine,yes,no,"White mosaic floor on slope (on Ha־‘Ayin־Het St., Morasha). The floor (6","Amos Kloner (Jerusalem survey); Uri Dinur and Nurit Feig (Benjamin survey), ASI Map of Jerusalem (102), site 335; survey.iaa.org.il record 11197; printed page not given online",https://survey.iaa.org.il/#/MapSurvey/63/site/11197
63,102,Jerusalem,336,11198,Shekhem Road (Nablus Road),דֶּרֶךְ שְׁכֶם,,1-2/13,yes,221758,632347,31.783817,35.228742,nig_epsg2039,31.783883,35.228810,9.7,ok,jer_tombs_kings,0.525,jer_tombs_kings:0.525;jer_bethesda:0.722;jer_temple:0.879;jer_tyropoeon:0.924;jer_east_gate:0.949,jer_tombs_kings:0.525;jer_bethesda:0.722;jer_temple:0.879;jer_tyropoeon:0.924;jer_east_gate:0.949;jer_gethsemane:1.122;jer_se_corner:1.133;jer_south_wall:1.149;jer_kidron_mon:1.251;mount_zion:1.351;jer_kidron_east:1.388;jer_siloam:1.681;jer_bir_ayyub:1.971;jer_baqa:2.841,building;road;mosaic,,"Herodian,Byzantine",Herodian;Byzantine,yes,no,"White mosaic floors on a moderate slope, representing the remains of three","Amos Kloner (Jerusalem survey); Uri Dinur and Nurit Feig (Benjamin survey), ASI Map of Jerusalem (102), site 336; survey.iaa.org.il record 11198; printed page not given online",https://survey.iaa.org.il/#/MapSurvey/63/site/11198
63,102,Jerusalem,337,11199,Ha-Nevi'im Street,רְחוֹב הַנְּבִיאִים,,1-2/14,yes,221648,632317,31.783547,35.227580,nig_epsg2039,31.783613,35.227648,9.7,ok,jer_tombs_kings,0.574,jer_tombs_kings:0.574;jer_bethesda:0.816;jer_temple:0.941;jer_tyropoeon:0.967,jer_tombs_kings:0.574;jer_bethesda:0.816;jer_temple:0.941;jer_tyropoeon:0.967;jer_east_gate:1.025;jer_se_corner:1.190;jer_south_wall:1.202;jer_gethsemane:1.210;jer_kidron_mon:1.323;mount_zion:1.324;jer_kidron_east:1.438;jer_siloam:1.703;jer_bir_ayyub:1.984;jer_baqa:2.785,building;wall;mosaic;inscription,cistern;cave,Byzantine,Byzantine;modern,no,no,‘Floor of the Birds’: a floor of a Byzantine church on a,"Amos Kloner (Jerusalem survey); Uri Dinur and Nurit Feig (Benjamin survey), ASI Map of Jerusalem (102), site 337; survey.iaa.org.il record 11199; printed page not given online",https://survey.iaa.org.il/#/MapSurvey/63/site/11199
63,102,Jerusalem,338,11200,Morasha,מוֹרָשָׁה,,1-2/15,yes,221738,632147,31.782014,35.228530,nig_epsg2039,31.782079,35.228598,9.7,ok,jer_bethesda,0.693,jer_bethesda:0.693;jer_tombs_kings:0.726;jer_temple:0.768;jer_tyropoeon:0.780;jer_east_gate:0.868,jer_bethesda:0.693;jer_tombs_kings:0.726;jer_temple:0.768;jer_tyropoeon:0.780;jer_east_gate:0.868;jer_se_corner:1.011;jer_south_wall:1.020;jer_gethsemane:1.070;mount_zion:1.150;jer_kidron_mon:1.158;jer_kidron_east:1.254;jer_siloam:1.510;jer_bir_ayyub:1.792;jer_baqa:2.643,pool;reservoir,,"Second Temple period,Crusader,Late Islamic,Ottoman",Crusader;Second Temple;Ottoman;British Mandate,overlaps,no,"Supposed location of‘Leger's Pool' (Lacus Legerii), a reservoir of the Crusader period,","Amos Kloner (Jerusalem survey); Uri Dinur and Nurit Feig (Benjamin survey), ASI Map of Jerusalem (102), site 338; survey.iaa.org.il record 11200; printed page not given online",https://survey.iaa.org.il/#/MapSurvey/63/site/11200
63,102,Jerusalem,339,11201,Karm esh Sheikh (M),כַּרְם אֶ־שֵּׁיח',,2-2/1,yes,222438,632397,31.784267,35.235921,nig_epsg2039,31.784333,35.235989,9.8,ok,jer_bethesda,0.320,jer_bethesda:0.320;jer_east_gate:0.606;jer_gethsemane:0.633;jer_temple:0.671;jer_tombs_kings:0.793;jer_tyropoeon:0.829;jer_kidron_mon:0.867;jer_se_corner:0.881;jer_south_wall:0.928,jer_bethesda:0.320;jer_east_gate:0.606;jer_gethsemane:0.633;jer_temple:0.671;jer_tombs_kings:0.793;jer_tyropoeon:0.829;jer_kidron_mon:0.867;jer_se_corner:0.881;jer_south_wall:0.928;jer_kidron_east:1.138;mount_zion:1.562;jer_siloam:1.578;jer_bir_ayyub:1.898,tomb;cave;wall;pit;quarry;rock_cut,cistern,"Iron Age II,Roman,Early Roman,Byzantine,Mamluk",Roman;Byzantine;Mameluke;Early Roman;first century BCE;first century CE;bronze;Iron Age;Mamluk,yes,no,Ancient cemetery on slope (in the grounds surrounding the Rockefeller Museum). The,"Amos Kloner (Jerusalem survey); Uri Dinur and Nurit Feig (Benjamin survey), ASI Map of Jerusalem (102), site 339; survey.iaa.org.il record 11201; printed page not given online",https://survey.iaa.org.il/#/MapSurvey/63/site/11201
63,102,Jerusalem,340,11202,Nahal Qidron,נַחַל קִדְרוֹן,,2-2/2-13,yes,222798,632377,31.784085,35.239722,nig_epsg2039,31.784152,35.239790,9.8,ok,jer_bethesda,0.475,jer_bethesda:0.475;jer_gethsemane:0.520;jer_east_gate:0.635;jer_temple:0.770;jer_kidron_mon:0.788;jer_se_corner:0.895;jer_tyropoeon:0.948;jer_south_wall:0.952,jer_bethesda:0.475;jer_gethsemane:0.520;jer_east_gate:0.635;jer_temple:0.770;jer_kidron_mon:0.788;jer_se_corner:0.895;jer_tyropoeon:0.948;jer_south_wall:0.952;jer_kidron_east:1.110;jer_tombs_kings:1.111;jer_siloam:1.593;mount_zion:1.735;jer_bir_ayyub:1.910,tomb;cave;building;rock_cut,cistern,Herodian,Herodian,yes,no,Concentration of rock-hewn burial caves and remains of caves at foot of,"Amos Kloner (Jerusalem survey); Uri Dinur and Nurit Feig (Benjamin survey), ASI Map of Jerusalem (102), site 340; survey.iaa.org.il record 11202; printed page not given online",https://survey.iaa.org.il/#/MapSurvey/63/site/11202
63,102,Jerusalem,341,11203,Nahal Qidron,נַחַל קִדְרוֹן,,2-2/14,yes,222828,632257,31.783003,35.240038,nig_epsg2039,31.783069,35.240107,9.8,ok,jer_gethsemane,0.403,jer_gethsemane:0.403;jer_bethesda:0.436;jer_east_gate:0.543;jer_kidron_mon:0.670;jer_temple:0.690;jer_se_corner:0.792;jer_south_wall:0.850;jer_tyropoeon:0.868;jer_kidron_east:0.996,jer_gethsemane:0.403;jer_bethesda:0.436;jer_east_gate:0.543;jer_kidron_mon:0.670;jer_temple:0.690;jer_se_corner:0.792;jer_south_wall:0.850;jer_tyropoeon:0.868;jer_kidron_east:0.996;jer_tombs_kings:1.195;jer_siloam:1.483;mount_zion:1.660;jer_bir_ayyub:1.798,tomb;cave;building;rock_cut,cistern,Herodian,Herodian,yes,no,Rock-hewn Herodian burial cave at foot of W slope of Har Ha-Zetim.,"Amos Kloner (Jerusalem survey); Uri Dinur and Nurit Feig (Benjamin survey), ASI Map of Jerusalem (102), site 341; survey.iaa.org.il record 11203; printed page not given online",https://survey.iaa.org.il/#/MapSurvey/63/site/11203
63,102,Jerusalem,342,11204,Nahal Qidron,נַחַל קִדְרוֹן,,2-2/15,yes,222828,632197,31.782462,35.240038,nig_epsg2039,31.782528,35.240107,9.8,ok,jer_gethsemane,0.343,jer_gethsemane:0.343;jer_bethesda:0.415;jer_east_gate:0.493;jer_kidron_mon:0.610;jer_temple:0.645;jer_se_corner:0.736;jer_south_wall:0.794;jer_tyropoeon:0.822;jer_kidron_east:0.937,jer_gethsemane:0.343;jer_bethesda:0.415;jer_east_gate:0.493;jer_kidron_mon:0.610;jer_temple:0.645;jer_se_corner:0.736;jer_south_wall:0.794;jer_tyropoeon:0.822;jer_kidron_east:0.937;jer_tombs_kings:1.227;jer_siloam:1.425;mount_zion:1.615;jer_bir_ayyub:1.740,tomb;cave;building;rock_cut,cistern,Herodian,Herodian,yes,no,"Rock-hewn burial cave at foot of W slope of Har Ha-Zetim, near","Amos Kloner (Jerusalem survey); Uri Dinur and Nurit Feig (Benjamin survey), ASI Map of Jerusalem (102), site 342; survey.iaa.org.il record 11204; printed page not given online",https://survey.iaa.org.il/#/MapSurvey/63/site/11204
63,102,Jerusalem,343,11205,Nahal Qidron,נַחַל קִדְרוֹן,,2-2/16,yes,222848,632137,31.781921,35.240249,nig_epsg2039,31.781987,35.240318,9.8,ok,jer_gethsemane,0.289,jer_gethsemane:0.289;jer_bethesda:0.422;jer_east_gate:0.460;jer_kidron_mon:0.554;jer_temple:0.618;jer_se_corner:0.690;jer_south_wall:0.749;jer_tyropoeon:0.793;jer_kidron_east:0.882,jer_gethsemane:0.289;jer_bethesda:0.422;jer_east_gate:0.460;jer_kidron_mon:0.554;jer_temple:0.618;jer_se_corner:0.690;jer_south_wall:0.749;jer_tyropoeon:0.793;jer_kidron_east:0.882;jer_tombs_kings:1.277;jer_siloam:1.372;mount_zion:1.584;jer_bir_ayyub:1.686,tomb;cave;building;rock_cut,cistern,Herodian,Herodian,yes,no,Rock-hewn Herodian burial cave with a forecourt (incompletely hewn; one chamber containing,"Amos Kloner (Jerusalem survey); Uri Dinur and Nurit Feig (Benjamin survey), ASI Map of Jerusalem (102), site 343; survey.iaa.org.il record 11205; printed page not given online",https://survey.iaa.org.il/#/MapSurvey/63/site/11205
63,102,Jerusalem,344,11206,Nahal Qidron,הַר הַזֵּיתִים,,2-2/17,yes,222958,632077,31.781379,35.241410,nig_epsg2039,31.781446,35.241479,9.8,ok,jer_gethsemane,0.287,jer_gethsemane:0.287;jer_east_gate:0.505;jer_kidron_mon:0.526;jer_bethesda:0.527;jer_temple:0.671;jer_se_corner:0.697;jer_south_wall:0.756;jer_tyropoeon:0.838;jer_kidron_east:0.857,jer_gethsemane:0.287;jer_east_gate:0.505;jer_kidron_mon:0.526;jer_bethesda:0.527;jer_temple:0.671;jer_se_corner:0.697;jer_south_wall:0.756;jer_tyropoeon:0.838;jer_kidron_east:0.857;jer_siloam:1.351;jer_tombs_kings:1.402;mount_zion:1.622;jer_bir_ayyub:1.658,tomb;cave;building;rock_cut,cistern,Herodian,Herodian,yes,no,Rock-hewn Herodian burial cave with a forecourt (incompletely hewn; one chamber containing,"Amos Kloner (Jerusalem survey); Uri Dinur and Nurit Feig (Benjamin survey), ASI Map of Jerusalem (102), site 344; survey.iaa.org.il record 11206; printed page not given online",https://survey.iaa.org.il/#/MapSurvey/63/site/11206
63,102,Jerusalem,345,11207,Sha'ar Ha-Arayot (Lions’ Gate),שַׁעַר הָאֲרָיוֹת,,2-2/18,yes,222678,632047,31.781110,35.238454,nig_epsg2039,31.781176,35.238522,9.8,ok,jer_gethsemane,0.209,jer_gethsemane:0.209;jer_bethesda:0.250;jer_east_gate:0.285;jer_temple:0.433;jer_kidron_mon:0.463;jer_se_corner:0.544;jer_south_wall:0.601;jer_tyropoeon:0.610;jer_kidron_east:0.769,jer_gethsemane:0.209;jer_bethesda:0.250;jer_east_gate:0.285;jer_temple:0.433;jer_kidron_mon:0.463;jer_se_corner:0.544;jer_south_wall:0.601;jer_tyropoeon:0.610;jer_kidron_east:0.769;jer_tombs_kings:1.202;jer_siloam:1.245;mount_zion:1.403;jer_bir_ayyub:1.564;jer_baqa:2.955,pool;conduit;tomb;monument;cave;building;wall;inscription,cistern,"Herodian,Byzantine,Crusader,Mamluk,Ottoman",Byzantine;Herodian;Crusader;Mameluke;Ottoman;Mamluk,yes,no,Two adjoining mausoleums of ashlar construction on slope descending E. some 120,"Amos Kloner (Jerusalem survey); Uri Dinur and Nurit Feig (Benjamin survey), ASI Map of Jerusalem (102), site 345; survey.iaa.org.il record 11207; printed page not given online",https://survey.iaa.org.il/#/MapSurvey/63/site/11207
63,102,Jerusalem,346,11208,Sha’ar Ha-Perahim (Herod’s Gate),שַׁעַר הַפְּרָחִים,Bab ez Zahra (M),2-2/19,yes,222388,632307,31.783455,35.235393,nig_epsg2039,31.783521,35.235461,9.8,ok,jer_bethesda,0.233,jer_bethesda:0.233;jer_east_gate:0.528;jer_temple:0.579;jer_gethsemane:0.589;jer_tyropoeon:0.732;jer_se_corner:0.799;jer_kidron_mon:0.805;jer_tombs_kings:0.813;jer_south_wall:0.844,jer_bethesda:0.233;jer_east_gate:0.528;jer_temple:0.579;jer_gethsemane:0.589;jer_tyropoeon:0.732;jer_se_corner:0.799;jer_kidron_mon:0.805;jer_tombs_kings:0.813;jer_south_wall:0.844;jer_kidron_east:1.060;mount_zion:1.459;jer_siloam:1.489;jer_bir_ayyub:1.808,wall;mosaic,cistern,"Hasmonean,Herodian,Byzantine",Second Temple;Hasmonean;Herodian;Byzantine,yes,no,Concentration of ancient remains 50 m E of Sha'ar Ha-Perahim (soundings: R.W.,"Amos Kloner (Jerusalem survey); Uri Dinur and Nurit Feig (Benjamin survey), ASI Map of Jerusalem (102), site 346; survey.iaa.org.il record 11208; printed page not given online",https://survey.iaa.org.il/#/MapSurvey/63/site/11208
63,102,Jerusalem,347,11209,Har Ha-Zofim (Mount Scopus),הַר הַצּוֹפִים,,,no,,,31.788750,35.245493,geojson_point,,,,,jer_gethsemane,1.185,,jer_gethsemane:1.185;jer_bethesda:1.226;jer_east_gate:1.362;jer_kidron_mon:1.431;jer_temple:1.511;jer_tombs_kings:1.541;jer_se_corner:1.595;jer_south_wall:1.653;jer_tyropoeon:1.689;jer_kidron_east:1.762;jer_siloam:2.256;mount_zion:2.481;jer_bir_ayyub:2.559,tomb;cave;wall;settlement_ruin;pit;rock_cut,cistern,,Herodian,yes,no,,"Amos Kloner (Jerusalem survey); Uri Dinur and Nurit Feig (Benjamin survey), ASI Map of Jerusalem (102), site 347; survey.iaa.org.il record 11209; printed page not given online",https://survey.iaa.org.il/#/MapSurvey/63/site/11209
63,102,Jerusalem,348,11210,Har Ha-Zofim (Mount Scopus),הר הצופים,,,no,,,31.788750,35.245916,geojson_point,,,,,jer_gethsemane,1.205,,jer_gethsemane:1.205;jer_bethesda:1.256;jer_east_gate:1.386;jer_kidron_mon:1.448;jer_temple:1.537;jer_tombs_kings:1.581;jer_se_corner:1.615;jer_south_wall:1.674;jer_tyropoeon:1.714;jer_kidron_east:1.779;jer_siloam:2.272;mount_zion:2.507;jer_bir_ayyub:2.573,tomb;cave;wall;pit;rock_cut,cistern,,Herodian,yes,no,,"Amos Kloner (Jerusalem survey); Uri Dinur and Nurit Feig (Benjamin survey), ASI Map of Jerusalem (102), site 348; survey.iaa.org.il record 11210; printed page not given online",https://survey.iaa.org.il/#/MapSurvey/63/site/11210
63,102,Jerusalem,349,11211,Har Ha-Zofim (Mount Scopus),הר הצופים,,,no,,,31.788299,35.245810,geojson_point,,,,,jer_gethsemane,1.157,,jer_gethsemane:1.157;jer_bethesda:1.217;jer_east_gate:1.341;jer_kidron_mon:1.399;jer_temple:1.493;jer_se_corner:1.567;jer_tombs_kings:1.571;jer_south_wall:1.626;jer_tyropoeon:1.670;jer_kidron_east:1.729;jer_siloam:2.222;mount_zion:2.462;jer_bir_ayyub:2.523,tomb;cave;inscription;rock_cut,cistern,,Herodian,yes,no,,"Amos Kloner (Jerusalem survey); Uri Dinur and Nurit Feig (Benjamin survey), ASI Map of Jerusalem (102), site 349; survey.iaa.org.il record 11211; printed page not given online",https://survey.iaa.org.il/#/MapSurvey/63/site/11211
63,102,Jerusalem,350,11212,Har Ha-Zofim (Mount Scopus),הר הצופים,,,no,,,31.787938,35.245704,geojson_point,,,,,jer_gethsemane,1.118,,jer_gethsemane:1.118;jer_bethesda:1.184;jer_east_gate:1.303;jer_kidron_mon:1.358;jer_temple:1.456;jer_se_corner:1.528;jer_tombs_kings:1.562;jer_south_wall:1.587;jer_tyropoeon:1.633;jer_kidron_east:1.688;jer_siloam:2.181;mount_zion:2.426;jer_bir_ayyub:2.482,tomb;cave;wall;rock_cut,cistern,,Herodian,yes,no,,"Amos Kloner (Jerusalem survey); Uri Dinur and Nurit Feig (Benjamin survey), ASI Map of Jerusalem (102), site 350; survey.iaa.org.il record 11212; printed page not given online",https://survey.iaa.org.il/#/MapSurvey/63/site/11212
63,102,Jerusalem,351,11213,Har Ha-Zofim (Mount Scopus),הר הצופים,,,no,,,31.787758,35.244437,geojson_point,,,,,jer_gethsemane,1.041,,jer_gethsemane:1.041;jer_bethesda:1.079;jer_east_gate:1.214;jer_kidron_mon:1.291;jer_temple:1.363;jer_tombs_kings:1.444;jer_se_corner:1.449;jer_south_wall:1.508;jer_tyropoeon:1.541;jer_kidron_east:1.622;jer_siloam:2.116;mount_zion:2.332;jer_bir_ayyub:2.421,tomb;cave;rock_cut,cistern,,Herodian,yes,no,,"Amos Kloner (Jerusalem survey); Uri Dinur and Nurit Feig (Benjamin survey), ASI Map of Jerusalem (102), site 351; survey.iaa.org.il record 11213; printed page not given online",https://survey.iaa.org.il/#/MapSurvey/63/site/11213
63,102,Jerusalem,352,11214,Har Ha-Zofim (Mount Scopus),הר הצופים,,,no,,,31.787397,35.245071,geojson_point,,,,,jer_gethsemane,1.035,,jer_gethsemane:1.035;jer_bethesda:1.100;jer_east_gate:1.219;jer_kidron_mon:1.278;jer_temple:1.371;jer_se_corner:1.445;jer_south_wall:1.504;jer_tombs_kings:1.506;jer_tyropoeon:1.548;jer_kidron_east:1.609;jer_siloam:2.102;mount_zion:2.341;jer_bir_ayyub:2.404,tomb;cave;wall;settlement_ruin;pit;rock_cut,cistern,,Herodian,yes,no,,"Amos Kloner (Jerusalem survey); Uri Dinur and Nurit Feig (Benjamin survey), ASI Map of Jerusalem (102), site 352; survey.iaa.org.il record 11214; printed page not given online",https://survey.iaa.org.il/#/MapSurvey/63/site/11214
63,102,Jerusalem,353,11215,Har Ha-Zofim (Mount Scopus),הַר הַצּוֹפִים,,,no,,,31.787666,35.251722,geojson_point,,,,,jer_gethsemane,1.480,,jer_gethsemane:1.480;jer_bethesda:1.656;jer_kidron_mon:1.669;jer_east_gate:1.704;jer_temple:1.869;jer_se_corner:1.877;jer_south_wall:1.934;jer_kidron_east:1.975;jer_tyropoeon:2.037;jer_tombs_kings:2.132;jer_siloam:2.447;jer_bir_ayyub:2.719;mount_zion:2.817,tomb;cave;rock_cut,cistern,,Herodian;Roman,yes,no,,"Amos Kloner (Jerusalem survey); Uri Dinur and Nurit Feig (Benjamin survey), ASI Map of Jerusalem (102), site 353; survey.iaa.org.il record 11215; printed page not given online",https://survey.iaa.org.il/#/MapSurvey/63/site/11215
63,102,Jerusalem,354,11216,Augusta Victoria Hospital,בֶּית הַחוֹלִים אַוּגוֹסְטָה וִיקְטוֹרְיָה,,,no,,,31.786584,35.249188,geojson_point,,,,,jer_gethsemane,1.219,,jer_gethsemane:1.219;jer_bethesda:1.388;jer_kidron_mon:1.418;jer_east_gate:1.440;jer_temple:1.604;jer_se_corner:1.620;jer_south_wall:1.678;jer_kidron_east:1.731;jer_tyropoeon:1.773;jer_tombs_kings:1.902;jer_siloam:2.210;jer_bir_ayyub:2.490;mount_zion:2.556,tomb;cave;pit;rock_cut,cistern,,Hasmonean;Herodian;Bronze,yes,no,,"Amos Kloner (Jerusalem survey); Uri Dinur and Nurit Feig (Benjamin survey), ASI Map of Jerusalem (102), site 354; survey.iaa.org.il record 11216; printed page not given online",https://survey.iaa.org.il/#/MapSurvey/63/site/11216
63,102,Jerusalem,355,11217,Har Ha-Zofim (Mount Scopus),הַר הַצּוֹפִים,,,no,,,31.786313,35.251722,geojson_point,,,,,jer_gethsemane,1.392,,jer_gethsemane:1.392;jer_kidron_mon:1.566;jer_bethesda:1.599;jer_east_gate:1.623;jer_se_corner:1.780;jer_temple:1.789;jer_south_wall:1.836;jer_kidron_east:1.863;jer_tyropoeon:1.953;jer_tombs_kings:2.144;jer_siloam:2.329;jer_bir_ayyub:2.594;mount_zion:2.725,cistern;quarry;rock_cut,,,,unknown,no,,"Amos Kloner (Jerusalem survey); Uri Dinur and Nurit Feig (Benjamin survey), ASI Map of Jerusalem (102), site 355; survey.iaa.org.il record 11217; printed page not given online",https://survey.iaa.org.il/#/MapSurvey/63/site/11217
63,102,Jerusalem,356,11218,Har Ha-Zofim (Mount Scopus),הַר הַצּוֹפִים,,,no,,,31.785952,35.252038,geojson_point,,,,,jer_gethsemane,1.396,,jer_gethsemane:1.396;jer_kidron_mon:1.563;jer_bethesda:1.614;jer_east_gate:1.629;jer_se_corner:1.780;jer_temple:1.796;jer_south_wall:1.835;jer_kidron_east:1.856;jer_tyropoeon:1.958;jer_tombs_kings:2.178;jer_siloam:2.317;jer_bir_ayyub:2.579;mount_zion:2.725,cistern;cave;rock_cut,,,,unknown,no,,"Amos Kloner (Jerusalem survey); Uri Dinur and Nurit Feig (Benjamin survey), ASI Map of Jerusalem (102), site 356; survey.iaa.org.il record 11218; printed page not given online",https://survey.iaa.org.il/#/MapSurvey/63/site/11218
63,102,Jerusalem,357,11219,Har Ha-Zetim (Mount of Olives) (north),הַר הַזֵּיתִים (צפון),,3-2/12,yes,223068,632447,31.784716,35.242573,nig_epsg2039,31.784782,35.242641,9.8,ok,jer_gethsemane,0.660,jer_gethsemane:0.660;jer_bethesda:0.737;jer_east_gate:0.839;jer_kidron_mon:0.912;jer_temple:0.992,jer_gethsemane:0.660;jer_bethesda:0.737;jer_east_gate:0.839;jer_kidron_mon:0.912;jer_temple:0.992;jer_se_corner:1.068;jer_south_wall:1.127;jer_tyropoeon:1.169;jer_kidron_east:1.243;jer_tombs_kings:1.334;jer_siloam:1.737;mount_zion:1.961;jer_bir_ayyub:2.045,tomb;cave;building;wall;rock_cut,cistern,"Herodian,Late Roman,Byzantine",Herodian;late Roman;Byzantine;Late Roman,yes,no,"Three adjacent rock-hewn burial caves, each consisting of one chamber, on NW","Amos Kloner (Jerusalem survey); Uri Dinur and Nurit Feig (Benjamin survey), ASI Map of Jerusalem (102), site 357; survey.iaa.org.il record 11219; printed page not given online",https://survey.iaa.org.il/#/MapSurvey/63/site/11219
63,102,Jerusalem,358,11220,Et Tur (M),אֶ־טּוּר,,3-2/13,yes,223688,632197,31.782459,35.249118,nig_epsg2039,31.782526,35.249186,9.8,ok,jer_gethsemane,0.976,jer_gethsemane:0.976,jer_gethsemane:0.976;jer_kidron_mon:1.110;jer_east_gate:1.218;jer_bethesda:1.262;jer_se_corner:1.334;jer_temple:1.384;jer_south_wall:1.387;jer_kidron_east:1.389;jer_tyropoeon:1.534;jer_siloam:1.843;jer_tombs_kings:2.000;jer_bir_ayyub:2.102;mount_zion:2.280,tomb;cave;building;pit;rock_cut,cistern,Roman,Roman;iron;bronze;Iron,overlaps,no,"Approximate location of a rock-hewn burial cave examined in the past, on","Amos Kloner (Jerusalem survey); Uri Dinur and Nurit Feig (Benjamin survey), ASI Map of Jerusalem (102), site 358; survey.iaa.org.il record 11220; printed page not given online",https://survey.iaa.org.il/#/MapSurvey/63/site/11220
63,102,Jerusalem,359,11221,Har Ha-Zetim (Mount of Olives),הַר הַזֵּיתִים,,3-2/16,yes,223388,632147,31.782009,35.245950,nig_epsg2039,31.782076,35.246019,9.8,ok,jer_gethsemane,0.680,jer_gethsemane:0.680;jer_kidron_mon:0.841;jer_east_gate:0.920;jer_bethesda:0.959,jer_gethsemane:0.680;jer_kidron_mon:0.841;jer_east_gate:0.920;jer_bethesda:0.959;jer_se_corner:1.056;jer_temple:1.087;jer_south_wall:1.111;jer_kidron_east:1.142;jer_tyropoeon:1.242;jer_siloam:1.617;jer_tombs_kings:1.742;jer_bir_ayyub:1.897;mount_zion:2.002,tomb;cave;building;rock_cut,cistern,"Herodian,Byzantine",Herodian;Byzantine,yes,no,Approximate location of two rock-hewn burial complexes documented in the late nineteenth,"Amos Kloner (Jerusalem survey); Uri Dinur and Nurit Feig (Benjamin survey), ASI Map of Jerusalem (102), site 359; survey.iaa.org.il record 11221; printed page not given online",https://survey.iaa.org.il/#/MapSurvey/63/site/11221
63,102,Jerusalem,360,11222,Har Ha-Zetim (Mount of Olives),הַר הַזֵּיתִים,,3-2/17,yes,223368,632067,31.781288,35.245739,nig_epsg2039,31.781354,35.245807,9.8,ok,jer_gethsemane,0.631,jer_gethsemane:0.631;jer_kidron_mon:0.774;jer_east_gate:0.873;jer_bethesda:0.937;jer_se_corner:0.994,jer_gethsemane:0.631;jer_kidron_mon:0.774;jer_east_gate:0.873;jer_bethesda:0.937;jer_se_corner:0.994;jer_temple:1.039;jer_south_wall:1.048;jer_kidron_east:1.069;jer_tyropoeon:1.189;jer_siloam:1.540;jer_tombs_kings:1.759;jer_bir_ayyub:1.817;mount_zion:1.940,cistern;tomb;building;pit;inscription,,"Herodian,Byzantine",Byzantine;Herodian,yes,no,"Fifteen pit graves in the grounds of the Viri Galilaei Monastery, arranged","Amos Kloner (Jerusalem survey); Uri Dinur and Nurit Feig (Benjamin survey), ASI Map of Jerusalem (102), site 360; survey.iaa.org.il record 11222; printed page not given online",https://survey.iaa.org.il/#/MapSurvey/63/site/11222
63,102,Jerusalem,361,11242,Har Ha-Zetim (Mount of Olives),הַר הַזֵּיתִים,,3-2/14,yes,222988,632067,31.781289,35.241727,nig_epsg2039,31.781355,35.241795,9.8,ok,jer_gethsemane,0.301,jer_gethsemane:0.301;jer_east_gate:0.525;jer_kidron_mon:0.529;jer_bethesda:0.558;jer_temple:0.692;jer_se_corner:0.708;jer_south_wall:0.767;jer_tyropoeon:0.857;jer_kidron_east:0.860,jer_gethsemane:0.301;jer_east_gate:0.525;jer_kidron_mon:0.529;jer_bethesda:0.558;jer_temple:0.692;jer_se_corner:0.708;jer_south_wall:0.767;jer_tyropoeon:0.857;jer_kidron_east:0.860;jer_siloam:1.353;jer_tombs_kings:1.432;mount_zion:1.638;jer_bir_ayyub:1.658,tomb;cave;pit;rock_cut,cistern,Herodian,Herodian,yes,no,"Rock-hewn antechamber on slope (in the ‘Mormon’s Garden’, on the W slope","Amos Kloner (Jerusalem survey); Uri Dinur and Nurit Feig (Benjamin survey), ASI Map of Jerusalem (102), site 361; survey.iaa.org.il record 11242; printed page not given online",https://survey.iaa.org.il/#/MapSurvey/63/site/11242
63,102,Jerusalem,362,11243,Et Tur (M),אֶ־טּוּר,,,no,,,31.780812,35.251825,geojson_point,,,,,jer_gethsemane,1.182,,jer_gethsemane:1.182;jer_kidron_mon:1.259;jer_east_gate:1.423;jer_se_corner:1.490;jer_kidron_east:1.491;jer_bethesda:1.513;jer_south_wall:1.537;jer_temple:1.584;jer_tyropoeon:1.717;jer_siloam:1.902;jer_bir_ayyub:2.129;jer_tombs_kings:2.305;mount_zion:2.418,tomb;cave;terrace;rock_cut,cistern,,Bronze,no,no,,"Amos Kloner (Jerusalem survey); Uri Dinur and Nurit Feig (Benjamin survey), ASI Map of Jerusalem (102), site 362; survey.iaa.org.il record 11243; printed page not given online",https://survey.iaa.org.il/#/MapSurvey/63/site/11243
63,102,Jerusalem,363,11244,Har Ha-Zofim (Mount Scopus) (east),הַר הַצּוֹפִים (מזרח),,,no,,,31.788295,35.257002,geojson_point,,,,,jer_gethsemane,1.932,,jer_gethsemane:1.932;jer_kidron_mon:2.093;jer_bethesda:2.143;jer_east_gate:2.166;jer_se_corner:2.313;jer_temple:2.332;jer_south_wall:2.367;jer_kidron_east:2.377;jer_tyropoeon:2.494;jer_tombs_kings:2.629;jer_siloam:2.826,cistern;pool;conduit;tomb;building;wall;settlement_ruin;road;winepress;oil_press;installation;mosaic;inscription;rock_cut,cave,,Byzantine;Abbasid;Mameluke,no,no,,"Amos Kloner (Jerusalem survey); Uri Dinur and Nurit Feig (Benjamin survey), ASI Map of Jerusalem (102), site 363; survey.iaa.org.il record 11244; printed page not given online",https://survey.iaa.org.il/#/MapSurvey/63/site/11244
63,102,Jerusalem,364,11246,Har Ha-Zofim (Mount Scopus) (east),הַר הַצּוֹפִים (מזרח),,,no,,,31.787123,35.255418,geojson_point,,,,,jer_gethsemane,1.737,,jer_gethsemane:1.737;jer_kidron_mon:1.895;jer_bethesda:1.958;jer_east_gate:1.972;jer_se_corner:2.115;jer_temple:2.139;jer_south_wall:2.170;jer_kidron_east:2.178;jer_tyropoeon:2.299;jer_tombs_kings:2.484;jer_siloam:2.628;jer_bir_ayyub:2.878,tomb;cave;dovecote;installation;rock_cut,cistern,,Herodian,yes,no,,"Amos Kloner (Jerusalem survey); Uri Dinur and Nurit Feig (Benjamin survey), ASI Map of Jerusalem (102), site 364; survey.iaa.org.il record 11246; printed page not given online",https://survey.iaa.org.il/#/MapSurvey/63/site/11246
63,102,Jerusalem,365,11255,Har Ha-Zofim (Mount Scopus) (east),הַר הַצּוֹפִים (מזרח),,,no,,,31.787034,35.253939,geojson_point,,,,,jer_gethsemane,1.612,,jer_gethsemane:1.612;jer_kidron_mon:1.778;jer_bethesda:1.823;jer_east_gate:1.844;jer_se_corner:1.996;jer_temple:2.011;jer_south_wall:2.051;jer_kidron_east:2.068;jer_tyropoeon:2.174;jer_tombs_kings:2.345;jer_siloam:2.526;jer_bir_ayyub:2.783;mount_zion:2.941,tomb;cave;wall;rock_cut,cistern,,Herodian;Byzantine,yes,no,,"Amos Kloner (Jerusalem survey); Uri Dinur and Nurit Feig (Benjamin survey), ASI Map of Jerusalem (102), site 365; survey.iaa.org.il record 11255; printed page not given online",https://survey.iaa.org.il/#/MapSurvey/63/site/11255
63,102,Jerusalem,366,11257,Har Ha-Zofim (Mount Scopus) (east),הַר הַצּוֹפִים (מזרח),,,no,,,31.785681,35.254256,geojson_point,,,,,jer_gethsemane,1.565,,jer_gethsemane:1.565;jer_kidron_mon:1.713;jer_east_gate:1.802;jer_bethesda:1.806;jer_se_corner:1.936;jer_temple:1.970;jer_south_wall:1.989;jer_kidron_east:1.990;jer_tyropoeon:2.126;jer_tombs_kings:2.390;jer_siloam:2.436;jer_bir_ayyub:2.684;mount_zion:2.882,tomb;cave;rock_cut,cistern,,Herodian,yes,no,,"Amos Kloner (Jerusalem survey); Uri Dinur and Nurit Feig (Benjamin survey), ASI Map of Jerusalem (102), site 366; survey.iaa.org.il record 11257; printed page not given online",https://survey.iaa.org.il/#/MapSurvey/63/site/11257
63,102,Jerusalem,367,11258,Har Ha-Zofim (Mount Scopus) (east),הַר הַצּוֹפִים (מזרח),,4-2/5,yes,222408,632447,31.784718,35.235605,nig_epsg2039,31.784784,35.235673,9.8,ok,jer_bethesda,0.371,jer_bethesda:0.371;jer_east_gate:0.660;jer_gethsemane:0.691;jer_temple:0.720;jer_tombs_kings:0.739;jer_tyropoeon:0.873;jer_kidron_mon:0.925;jer_se_corner:0.935;jer_south_wall:0.981,jer_bethesda:0.371;jer_east_gate:0.660;jer_gethsemane:0.691;jer_temple:0.720;jer_tombs_kings:0.739;jer_tyropoeon:0.873;jer_kidron_mon:0.925;jer_se_corner:0.935;jer_south_wall:0.981;jer_kidron_east:1.193;mount_zion:1.594;jer_siloam:1.629;jer_bir_ayyub:1.948,cistern;cave;building;steps;wall;rock_cut,,,,unknown,no,"Rock-hewn double-chambered cave with a forecourt, facing W, on slope of spur.","Amos Kloner (Jerusalem survey); Uri Dinur and Nurit Feig (Benjamin survey), ASI Map of Jerusalem (102), site 367; survey.iaa.org.il record 11258; printed page not given online",https://survey.iaa.org.il/#/MapSurvey/63/site/11258
63,102,Jerusalem,368,11263,Har Ha-Zofim (Mount Scopus) (east),הַר הַצּוֹפִים (מזרח),,,no,,,31.784779,35.254783,geojson_point,,,,,jer_gethsemane,1.569,,jer_gethsemane:1.569;jer_kidron_mon:1.701;jer_east_gate:1.809;jer_bethesda:1.831;jer_se_corner:1.927;jer_kidron_east:1.967;jer_temple:1.976;jer_south_wall:1.979;jer_tyropoeon:2.128;jer_siloam:2.402;jer_tombs_kings:2.455;jer_bir_ayyub:2.641;mount_zion:2.872,cistern;tomb;cave;wall;rock_cut,,,Late Roman;Byzantine,no,no,,"Amos Kloner (Jerusalem survey); Uri Dinur and Nurit Feig (Benjamin survey), ASI Map of Jerusalem (102), site 368; survey.iaa.org.il record 11263; printed page not given online",https://survey.iaa.org.il/#/MapSurvey/63/site/11263
63,102,Jerusalem,369,11264,Wadi Nazil,ואדי נָאזִל,,,no,,,31.782975,35.256577,geojson_point,,,,,jer_gethsemane,1.668,,jer_gethsemane:1.668;jer_kidron_mon:1.764;jer_east_gate:1.911;jer_bethesda:1.969;jer_se_corner:1.995;jer_kidron_east:2.001;jer_south_wall:2.043;jer_temple:2.075;jer_tyropoeon:2.215;jer_siloam:2.404;jer_bir_ayyub:2.620;jer_tombs_kings:2.661;mount_zion:2.927,cistern;conduit;building;pit;quarry;winepress;installation;rock_cut,cave;spring_well,,,unknown,no,,"Amos Kloner (Jerusalem survey); Uri Dinur and Nurit Feig (Benjamin survey), ASI Map of Jerusalem (102), site 369; survey.iaa.org.il record 11264; printed page not given online",https://survey.iaa.org.il/#/MapSurvey/63/site/11264
63,102,Jerusalem,370,11357,Wadi Nazil,ואדי נָאזִל,,,no,,,31.782974,35.257422,geojson_point,,,,,jer_gethsemane,1.746,,jer_gethsemane:1.746;jer_kidron_mon:1.839;jer_east_gate:1.989;jer_bethesda:2.048;jer_se_corner:2.070;jer_kidron_east:2.071;jer_south_wall:2.117;jer_temple:2.152;jer_tyropoeon:2.291;jer_siloam:2.469;jer_bir_ayyub:2.680;jer_tombs_kings:2.739;mount_zion:3.000,quarry;kiln,,,,unknown,no,,"Amos Kloner (Jerusalem survey); Uri Dinur and Nurit Feig (Benjamin survey), ASI Map of Jerusalem (102), site 370; survey.iaa.org.il record 11357; printed page not given online",https://survey.iaa.org.il/#/MapSurvey/63/site/11357
63,102,Jerusalem,371,11358,Wadi Nazil,ואדי נָאזִל,,,no,,,31.782073,35.255732,geojson_point,,,,,jer_gethsemane,1.569,,jer_gethsemane:1.569;jer_kidron_mon:1.654;jer_east_gate:1.811;jer_kidron_east:1.883;jer_bethesda:1.883;jer_se_corner:1.885;jer_south_wall:1.932;jer_temple:1.974;jer_tyropoeon:2.110;jer_siloam:2.281;jer_bir_ayyub:2.494;jer_tombs_kings:2.609;mount_zion:2.813,cistern;wall;settlement_ruin;winepress;installation;rock_cut,cave,,modern,no,no,,"Amos Kloner (Jerusalem survey); Uri Dinur and Nurit Feig (Benjamin survey), ASI Map of Jerusalem (102), site 371; survey.iaa.org.il record 11358; printed page not given online",https://survey.iaa.org.il/#/MapSurvey/63/site/11358
63,102,Jerusalem,372,11368,Har Ha-Zetim (Mount of Olives) (east),הַר הַזֵּיתִים (מזרח),,,no,,,31.780721,35.252775,geojson_point,,,,,jer_gethsemane,1.270,,jer_gethsemane:1.270;jer_kidron_mon:1.341;jer_east_gate:1.511;jer_kidron_east:1.565;jer_se_corner:1.572;jer_bethesda:1.603;jer_south_wall:1.618;jer_temple:1.671;jer_tyropoeon:1.802;jer_siloam:1.966;jer_bir_ayyub:2.186;jer_tombs_kings:2.392;mount_zion:2.496,tomb;cave;building;wall;rock_cut,cistern,,Roman,overlaps,no,,"Amos Kloner (Jerusalem survey); Uri Dinur and Nurit Feig (Benjamin survey), ASI Map of Jerusalem (102), site 372; survey.iaa.org.il record 11368; printed page not given online",https://survey.iaa.org.il/#/MapSurvey/63/site/11368
63,102,Jerusalem,373,11369,Qiryat Wolfson,קִרְיַת ווֹלְפְסוֹן,,,no,,,31.776218,35.210228,geojson_point,,,,,mount_zion,1.810,,mount_zion:1.810;jer_baqa:2.144;jer_tombs_kings:2.255;jer_tyropoeon:2.271;jer_temple:2.385;jer_bethesda:2.487;jer_south_wall:2.494;jer_se_corner:2.525;jer_east_gate:2.542;jer_siloam:2.545;jer_bir_ayyub:2.634;jer_kidron_east:2.644;jer_kidron_mon:2.748;jer_gethsemane:2.783,tomb;cave;rock_cut,cistern,,Herodian;Mameluke;Ottoman,yes,no,,"Amos Kloner (Jerusalem survey); Uri Dinur and Nurit Feig (Benjamin survey), ASI Map of Jerusalem (102), site 373; survey.iaa.org.il record 11369; printed page not given online",https://survey.iaa.org.il/#/MapSurvey/63/site/11369
63,102,Jerusalem,374,11373,Nahalat Ahim,נַחֲלַת אַחִים,,,no,,,31.778834,35.211072,geojson_point,,,,,mount_zion,1.839,,mount_zion:1.839;jer_tombs_kings:2.023;jer_tyropoeon:2.200;jer_temple:2.295;jer_bethesda:2.357;jer_baqa:2.373;jer_south_wall:2.435;jer_east_gate:2.445;jer_se_corner:2.460;jer_siloam:2.564;jer_kidron_east:2.606;jer_kidron_mon:2.674;jer_gethsemane:2.681;jer_bir_ayyub:2.687,tomb;cave;rock_cut,cistern,,Byzantine,no,no,,"Amos Kloner (Jerusalem survey); Uri Dinur and Nurit Feig (Benjamin survey), ASI Map of Jerusalem (102), site 374; survey.iaa.org.il record 11373; printed page not given online",https://survey.iaa.org.il/#/MapSurvey/63/site/11373
63,102,Jerusalem,375,11374,Qiryat Wolfson,קִרְיַת ווֹלְפְסוֹן,,,no,,,31.775858,35.210122,geojson_point,,,,,mount_zion,1.809,,mount_zion:1.809;jer_baqa:2.113;jer_tyropoeon:2.283;jer_tombs_kings:2.287;jer_temple:2.399;jer_south_wall:2.504;jer_bethesda:2.507;jer_se_corner:2.536;jer_siloam:2.544;jer_east_gate:2.557;jer_bir_ayyub:2.628;jer_kidron_east:2.651;jer_kidron_mon:2.759;jer_gethsemane:2.799,tomb;cave;pit;inscription;rock_cut,cistern,,Herodian,yes,no,,"Amos Kloner (Jerusalem survey); Uri Dinur and Nurit Feig (Benjamin survey), ASI Map of Jerusalem (102), site 375; survey.iaa.org.il record 11374; printed page not given online",https://survey.iaa.org.il/#/MapSurvey/63/site/11374
63,102,Jerusalem,376,11375,Qiryat Wolfson,קרית וולפסון,,,no,,,31.775407,35.210228,geojson_point,,,,,mount_zion,1.787,,mount_zion:1.787;jer_baqa:2.065;jer_tyropoeon:2.276;jer_tombs_kings:2.311;jer_temple:2.395;jer_south_wall:2.495;jer_bethesda:2.510;jer_siloam:2.522;jer_se_corner:2.527;jer_east_gate:2.555;jer_bir_ayyub:2.601;jer_kidron_east:2.638;jer_kidron_mon:2.752;jer_gethsemane:2.796,tomb;cave;wall;pit;inscription;rock_cut,cistern,,Second Temple;Herodian,yes,no,,"Amos Kloner (Jerusalem survey); Uri Dinur and Nurit Feig (Benjamin survey), ASI Map of Jerusalem (102), site 376; survey.iaa.org.il record 11375; printed page not given online",https://survey.iaa.org.il/#/MapSurvey/63/site/11375
63,102,Jerusalem,377,11376,Rehavya,רְחַבְיָה,,,no,,,31.776038,35.216562,geojson_point,,,,,mount_zion,1.238,,mount_zion:1.238;jer_tyropoeon:1.674;jer_temple:1.792;jer_tombs_kings:1.831;jer_south_wall:1.895;jer_bethesda:1.916;jer_baqa:1.918;jer_se_corner:1.927;jer_east_gate:1.952;jer_siloam:1.968;jer_kidron_east:2.046;jer_bir_ayyub:2.083;jer_kidron_mon:2.150;jer_gethsemane:2.194,building;quarry,,,Herodian,yes,no,,"Amos Kloner (Jerusalem survey); Uri Dinur and Nurit Feig (Benjamin survey), ASI Map of Jerusalem (102), site 377; survey.iaa.org.il record 11376; printed page not given online",https://survey.iaa.org.il/#/MapSurvey/63/site/11376
63,102,Jerusalem,378,11377,Rehavya,רְחַבְיָה,,,no,,,31.773603,35.217195,geojson_point,,,,,mount_zion,1.100,,mount_zion:1.100;jer_baqa:1.641;jer_tyropoeon:1.654;jer_temple:1.791;jer_siloam:1.835;jer_south_wall:1.854;jer_se_corner:1.892;jer_bir_ayyub:1.914;jer_east_gate:1.957;jer_bethesda:1.963;jer_kidron_east:1.977;jer_tombs_kings:2.009;jer_kidron_mon:2.122;jer_gethsemane:2.199,tomb;cave;rock_cut,cistern,,Herodian,yes,no,,"Amos Kloner (Jerusalem survey); Uri Dinur and Nurit Feig (Benjamin survey), ASI Map of Jerusalem (102), site 378; survey.iaa.org.il record 11377; printed page not given online",https://survey.iaa.org.il/#/MapSurvey/63/site/11377
63,102,Jerusalem,379,11490,Rehavya,רְחַבְיָה,,,no,,,31.773513,35.212128,geojson_point,,,,,mount_zion,1.571,,mount_zion:1.571;jer_baqa:1.794;jer_tyropoeon:2.125;jer_temple:2.257;jer_siloam:2.304;jer_tombs_kings:2.321;jer_south_wall:2.330;jer_bir_ayyub:2.362;jer_se_corner:2.367;jer_bethesda:2.406;jer_east_gate:2.420;jer_kidron_east:2.456;jer_kidron_mon:2.596;jer_gethsemane:2.663,tomb;wall;pit;inscription;rock_cut,cistern;cave,,Hasmonean,yes,no,,"Amos Kloner (Jerusalem survey); Uri Dinur and Nurit Feig (Benjamin survey), ASI Map of Jerusalem (102), site 379; survey.iaa.org.il record 11490; printed page not given online",https://survey.iaa.org.il/#/MapSurvey/63/site/11490
63,102,Jerusalem,380,11378,Rehavya,רְחַבְיָה,,,no,,,31.772882,35.214134,geojson_point,,,,,mount_zion,1.375,,mount_zion:1.375;jer_baqa:1.650;jer_tyropoeon:1.954;jer_temple:2.092;jer_siloam:2.105;jer_south_wall:2.152;jer_bir_ayyub:2.161;jer_se_corner:2.191;jer_tombs_kings:2.247;jer_east_gate:2.257;jer_bethesda:2.259;jer_kidron_east:2.270;jer_kidron_mon:2.421;jer_gethsemane:2.499,tomb;cave;wall;pit;rock_cut,cistern,,Hasmonean;Herodian,yes,no,,"Amos Kloner (Jerusalem survey); Uri Dinur and Nurit Feig (Benjamin survey), ASI Map of Jerusalem (102), site 380; survey.iaa.org.il record 11378; printed page not given online",https://survey.iaa.org.il/#/MapSurvey/63/site/11378
63,102,Jerusalem,381,11379,Rehavya,רְחַבְיָה,,,no,,,31.773513,35.210122,geojson_point,,,,,mount_zion,1.760,,mount_zion:1.760;jer_baqa:1.888;jer_tyropoeon:2.312;jer_temple:2.441;jer_tombs_kings:2.456;jer_siloam:2.491;jer_south_wall:2.518;jer_bir_ayyub:2.544;jer_se_corner:2.555;jer_bethesda:2.583;jer_east_gate:2.605;jer_kidron_east:2.646;jer_kidron_mon:2.784;jer_gethsemane:2.847,tomb;cave;rock_cut,cistern,,Herodian,yes,no,,"Amos Kloner (Jerusalem survey); Uri Dinur and Nurit Feig (Benjamin survey), ASI Map of Jerusalem (102), site 381; survey.iaa.org.il record 11379; printed page not given online",https://survey.iaa.org.il/#/MapSurvey/63/site/11379
63,102,Jerusalem,382,11491,Rehavya,רְחַבְיָה,,,no,,,31.772431,35.211072,geojson_point,,,,,mount_zion,1.660,,mount_zion:1.660;jer_baqa:1.739;jer_tyropoeon:2.247;jer_temple:2.384;jer_siloam:2.386;jer_bir_ayyub:2.426;jer_south_wall:2.445;jer_tombs_kings:2.477;jer_se_corner:2.485;jer_bethesda:2.543;jer_east_gate:2.549;jer_kidron_east:2.563;jer_kidron_mon:2.715;jer_gethsemane:2.791,tomb;cave;pit;rock_cut,cistern,,Herodian,yes,no,,"Amos Kloner (Jerusalem survey); Uri Dinur and Nurit Feig (Benjamin survey), ASI Map of Jerusalem (102), site 382; survey.iaa.org.il record 11491; printed page not given online",https://survey.iaa.org.il/#/MapSurvey/63/site/11491
63,102,Jerusalem,383,11492,Gan Ha-‘Azma’ut (Independence Garden),גן העצמאות,,,no,,,31.778473,35.220468,geojson_point,,,,,mount_zion,1.079,,mount_zion:1.079;jer_tyropoeon:1.313;jer_tombs_kings:1.388;jer_temple:1.406;jer_bethesda:1.488;jer_south_wall:1.552;jer_east_gate:1.558;jer_se_corner:1.574;jer_kidron_east:1.733;jer_siloam:1.752;jer_kidron_mon:1.786;jer_gethsemane:1.795;jer_bir_ayyub:1.930;jer_baqa:2.147,tomb;building,cistern;cave,,Crusader;Mameluke;Ottoman,no,no,,"Amos Kloner (Jerusalem survey); Uri Dinur and Nurit Feig (Benjamin survey), ASI Map of Jerusalem (102), site 383; survey.iaa.org.il record 11492; printed page not given online",https://survey.iaa.org.il/#/MapSurvey/63/site/11492
63,102,Jerusalem,384,11495,Gan Ha-'Azma’ut (Independence Garden),גן העצמאות,,,no,,,31.778112,35.217618,geojson_point,,,,,mount_zion,1.262,,mount_zion:1.262;jer_tyropoeon:1.577;jer_tombs_kings:1.592;jer_temple:1.675;jer_bethesda:1.760;jer_south_wall:1.811;jer_east_gate:1.828;jer_se_corner:1.836;jer_siloam:1.967;jer_kidron_east:1.984;jer_kidron_mon:2.051;jer_gethsemane:2.067;jer_bir_ayyub:2.119;jer_baqa:2.128,reservoir;tomb;cave;rock_cut,cistern,,Herodian;Roman;Byzantine;Mameluke;Ottoman,yes,no,,"Amos Kloner (Jerusalem survey); Uri Dinur and Nurit Feig (Benjamin survey), ASI Map of Jerusalem (102), site 384; survey.iaa.org.il record 11495; printed page not given online",https://survey.iaa.org.il/#/MapSurvey/63/site/11495
63,102,Jerusalem,385,11498,Gan Ha-‘Azma'ut (Independence Garden),גן העצמאות,,,no,,,31.778112,35.220574,geojson_point,,,,,mount_zion,1.044,,mount_zion:1.044;jer_tyropoeon:1.298;jer_temple:1.396;jer_tombs_kings:1.415;jer_bethesda:1.487;jer_south_wall:1.535;jer_east_gate:1.549;jer_se_corner:1.559;jer_kidron_east:1.713;jer_siloam:1.723;jer_kidron_mon:1.772;jer_gethsemane:1.788;jer_bir_ayyub:1.896;jer_baqa:2.106,pool;reservoir;building,,,Roman;Persian,overlaps,no,,"Amos Kloner (Jerusalem survey); Uri Dinur and Nurit Feig (Benjamin survey), ASI Map of Jerusalem (102), site 385; survey.iaa.org.il record 11498; printed page not given online",https://survey.iaa.org.il/#/MapSurvey/63/site/11498
63,102,Jerusalem,386,11500,Rehavya,רחביה,,,no,,,31.771709,35.210122,geojson_point,,,,,jer_baqa,1.722,,jer_baqa:1.722;mount_zion:1.748;jer_tyropoeon:2.353;jer_siloam:2.468;jer_temple:2.492;jer_bir_ayyub:2.496;jer_south_wall:2.548;jer_se_corner:2.588;jer_tombs_kings:2.597;jer_east_gate:2.658;jer_bethesda:2.658;jer_kidron_east:2.659;jer_kidron_mon:2.819;jer_gethsemane:2.900,winepress;rock_cut,,,,unknown,no,,"Amos Kloner (Jerusalem survey); Uri Dinur and Nurit Feig (Benjamin survey), ASI Map of Jerusalem (102), site 386; survey.iaa.org.il record 11500; printed page not given online",https://survey.iaa.org.il/#/MapSurvey/63/site/11500
63,102,Jerusalem,387,11507,Notre Dame Monastery,מנזר נוטר-דם,,1-1/1,yes,221508,631947,31.780211,35.226101,nig_epsg2039,31.780276,35.226170,9.7,ok,jer_tyropoeon,0.850,jer_tyropoeon:0.850;jer_temple:0.900;jer_bethesda:0.929;jer_tombs_kings:0.969;mount_zion:0.979,jer_tyropoeon:0.850;jer_temple:0.900;jer_bethesda:0.929;jer_tombs_kings:0.969;mount_zion:0.979;jer_east_gate:1.035;jer_south_wall:1.101;jer_se_corner:1.109;jer_gethsemane:1.263;jer_kidron_mon:1.296;jer_kidron_east:1.316;jer_siloam:1.474;jer_bir_ayyub:1.722;jer_baqa:2.392,pool;building;mosaic,,"Iron Age II,Hellenistic,Byzantine,Early Arab,Crusader",Iron Age;Hellenistic;Byzantine;Crusader,overlaps,no,"Remains of a bathhouse, a residential building with decorated mosaic floors, and","Amos Kloner (Jerusalem survey); Uri Dinur and Nurit Feig (Benjamin survey), ASI Map of Jerusalem (102), site 387; survey.iaa.org.il record 11507; printed page not given online",https://survey.iaa.org.il/#/MapSurvey/63/site/11507
63,102,Jerusalem,388,11552,Ha-Zanhanim Street,רחוב הצנחנים,,1-1/2,yes,221718,631947,31.780210,35.228318,nig_epsg2039,31.780276,35.228387,9.7,ok,jer_tyropoeon,0.667,jer_tyropoeon:0.667;jer_temple:0.699;jer_bethesda:0.722;jer_east_gate:0.828;jer_south_wall:0.916;jer_se_corner:0.919;jer_tombs_kings:0.928;mount_zion:0.950,jer_tyropoeon:0.667;jer_temple:0.699;jer_bethesda:0.722;jer_east_gate:0.828;jer_south_wall:0.916;jer_se_corner:0.919;jer_tombs_kings:0.928;mount_zion:0.950;jer_gethsemane:1.054;jer_kidron_mon:1.096;jer_kidron_east:1.141;jer_siloam:1.348;jer_bir_ayyub:1.618;jer_baqa:2.445,conduit;building;wall,,"Late Roman,Byzantine,Crusader,Ottoman",Byzantine;Crusader;Late Roman;Ottoman,no,no,"City wall and a fosse on slope, running alongside the Old City","Amos Kloner (Jerusalem survey); Uri Dinur and Nurit Feig (Benjamin survey), ASI Map of Jerusalem (102), site 388; survey.iaa.org.il record 11552; printed page not given online",https://survey.iaa.org.il/#/MapSurvey/63/site/11552
63,102,Jerusalem,389,11553,Mamilla Street,רחוב ממילא,,"1-1/3, 4",yes,221328,631657,31.777596,35.224200,nig_epsg2039,31.777661,35.224269,9.7,ok,mount_zion,0.780,mount_zion:0.780;jer_tyropoeon:0.952,mount_zion:0.780;jer_tyropoeon:0.952;jer_temple:1.055;jer_bethesda:1.177;jer_south_wall:1.187;jer_se_corner:1.212;jer_east_gate:1.213;jer_tombs_kings:1.303;jer_kidron_east:1.367;jer_siloam:1.406;jer_kidron_mon:1.427;jer_gethsemane:1.454;jer_bir_ayyub:1.606;jer_baqa:2.074,pool;conduit;tomb;tower,cistern;cave,"Iron Age II,Late Roman,Byzantine",Late Roman;Byzantine;Iron Age,no,no,"Segment of an aqueduct on slope, running from Berekhat Mamilla to the","Amos Kloner (Jerusalem survey); Uri Dinur and Nurit Feig (Benjamin survey), ASI Map of Jerusalem (102), site 389; survey.iaa.org.il record 11553; printed page not given online",https://survey.iaa.org.il/#/MapSurvey/63/site/11553
63,102,Jerusalem,390,11555,Mamilla (M),ממילא,Mamillah,1-1/5,yes,221168,631597,31.777055,35.222511,nig_epsg2039,31.777120,35.222580,9.7,ok,mount_zion,0.831,mount_zion:0.831,mount_zion:0.831;jer_tyropoeon:1.109;jer_temple:1.220;jer_south_wall:1.338;jer_bethesda:1.348;jer_se_corner:1.366;jer_east_gate:1.379;jer_tombs_kings:1.423;jer_siloam:1.505;jer_kidron_east:1.507;jer_kidron_mon:1.585;jer_gethsemane:1.621;jer_bir_ayyub:1.681;jer_baqa:1.995,tomb;cave,cistern,Iron Age II,Iron Age,no,no,Iron Age II tomb on moderate slope. Nearby (formerly the commercial center,"Amos Kloner (Jerusalem survey); Uri Dinur and Nurit Feig (Benjamin survey), ASI Map of Jerusalem (102), site 390; survey.iaa.org.il record 11555; printed page not given online",https://survey.iaa.org.il/#/MapSurvey/63/site/11555
63,102,Jerusalem,391,11556,Mamilla (M),ממילא,Mamillah,1-1/6,yes,221388,631567,31.776784,35.224834,nig_epsg2039,31.776849,35.224902,9.7,ok,mount_zion,0.671,mount_zion:0.671;jer_tyropoeon:0.889,mount_zion:0.671;jer_tyropoeon:0.889;jer_temple:1.006;jer_south_wall:1.117;jer_se_corner:1.145;jer_bethesda:1.159;jer_east_gate:1.168;jer_kidron_east:1.287;jer_siloam:1.305;jer_kidron_mon:1.366;jer_tombs_kings:1.368;jer_gethsemane:1.411;jer_bir_ayyub:1.499;jer_baqa:1.995,tomb;cave;building;wall;pit;mosaic;inscription,cistern,"Iron Age II,Hasmonean,Herodian,Byzantine,Late Byzantine",Iron Age;Persian;Hasmonean;Herodian;Byzantine,yes,no,"Cemetery on slope (in the Mamilla area), consisting of some 70 burial","Amos Kloner (Jerusalem survey); Uri Dinur and Nurit Feig (Benjamin survey), ASI Map of Jerusalem (102), site 391; survey.iaa.org.il record 11556; printed page not given online",https://survey.iaa.org.il/#/MapSurvey/63/site/11556
63,102,Jerusalem,392,11562,Yemin Moshe (west),ימין משה (מערב),Nikiphoria,"1-1/7, 8",yes,221238,631177,31.773267,35.223249,nig_epsg2039,31.773332,35.223318,9.7,ok,mount_zion,0.537,mount_zion:0.537,mount_zion:0.537;jer_tyropoeon:1.117;jer_temple:1.270;jer_siloam:1.271;jer_south_wall:1.297;jer_se_corner:1.340;jer_bir_ayyub:1.380;jer_kidron_east:1.408;jer_east_gate:1.437;jer_bethesda:1.493;jer_kidron_mon:1.571;jer_baqa:1.584;jer_gethsemane:1.676;jer_tombs_kings:1.787,spring_well;tomb;cave;building;wall;rock_cut,cistern,"Herodian,Early Roman",Herodian;Early Roman,yes,no,"‘Tomb of Herod's Family': a burial cave — partly rock-hewn, partly constructed","Amos Kloner (Jerusalem survey); Uri Dinur and Nurit Feig (Benjamin survey), ASI Map of Jerusalem (102), site 392; survey.iaa.org.il record 11562; printed page not given online",https://survey.iaa.org.il/#/MapSurvey/63/site/11562
63,102,Jerusalem,393,11569,Yemin Moshe (west),ימין משה (מערב),Nikiphoria,1-1/9,yes,221208,631107,31.772636,35.222933,nig_epsg2039,31.772701,35.223002,9.7,ok,mount_zion,0.547,mount_zion:0.547,mount_zion:0.547;jer_tyropoeon:1.172;jer_siloam:1.282;jer_temple:1.329;jer_south_wall:1.344;jer_bir_ayyub:1.374;jer_se_corner:1.388;jer_kidron_east:1.444;jer_east_gate:1.496;jer_baqa:1.511;jer_bethesda:1.560;jer_kidron_mon:1.620;jer_gethsemane:1.732;jer_tombs_kings:1.863,tomb;cave;building;wall;pit;rock_cut,cistern,Herodian,Herodian,yes,no,Rock-hewn Herodian burial cave facing E on slope. SW of the Tomb,"Amos Kloner (Jerusalem survey); Uri Dinur and Nurit Feig (Benjamin survey), ASI Map of Jerusalem (102), site 393; survey.iaa.org.il record 11569; printed page not given online",https://survey.iaa.org.il/#/MapSurvey/63/site/11569
63,102,Jerusalem,394,11637,Qomemiyut,קוממיות,Talbiya,1-1/10,yes,220988,630997,31.771644,35.220610,nig_epsg2039,31.771709,35.220679,9.7,ok,mount_zion,0.756,mount_zion:0.756,mount_zion:0.756;jer_baqa:1.387;jer_tyropoeon:1.417;jer_siloam:1.480;jer_bir_ayyub:1.536;jer_temple:1.574;jer_south_wall:1.586;jer_se_corner:1.631;jer_kidron_east:1.678;jer_east_gate:1.741;jer_bethesda:1.801;jer_kidron_mon:1.863;jer_gethsemane:1.978;jer_tombs_kings:2.044,conduit;building;fortress;wall,cistern;cave,"Crusader,Mamluk",Crusader;Mameluke;Mamluk,no,no,Remains of a fort (7x7 m) on a leveled rock surface on,"Amos Kloner (Jerusalem survey); Uri Dinur and Nurit Feig (Benjamin survey), ASI Map of Jerusalem (102), site 394; survey.iaa.org.il record 11637; printed page not given online",https://survey.iaa.org.il/#/MapSurvey/63/site/11637
63,102,Jerusalem,395,11638,Kikkar Zahal (Zahal Plaza),"כיכר צה""ל",,1-1/11,yes,221478,631777,31.778678,35.225784,nig_epsg2039,31.778743,35.225853,9.7,ok,jer_tyropoeon,0.822,jer_tyropoeon:0.822;mount_zion:0.824;jer_temple:0.905;jer_bethesda:0.996,jer_tyropoeon:0.822;mount_zion:0.824;jer_temple:0.905;jer_bethesda:0.996;jer_east_gate:1.055;jer_south_wall:1.068;jer_se_corner:1.085;jer_tombs_kings:1.141;jer_kidron_east:1.266;jer_kidron_mon:1.289;jer_gethsemane:1.293;jer_siloam:1.370;jer_bir_ayyub:1.600;jer_baqa:2.219,conduit;building;fortress;pit,cistern;cave,"Iron Age II,Herodian,Roman,Late Roman,Early Byzantine,Middle Ages,Crusader,Mamluk,Ottoman",Crusader;Iron Age;Herodian;Roman;Ottoman;Mameluke;late Roman;Byzantine;Late Roman;Mamluk,yes,no,"Ancient remains on slope: Crusader fortifications, a wide fosse and an aqueduct","Amos Kloner (Jerusalem survey); Uri Dinur and Nurit Feig (Benjamin survey), ASI Map of Jerusalem (102), site 395; survey.iaa.org.il record 11638; printed page not given online",https://survey.iaa.org.il/#/MapSurvey/63/site/11638
63,102,Jerusalem,396,11798,Sha'ar Yafo (Jaffa Gate),שער יפו,,1-1/12,yes,221618,631547,31.776603,35.227262,nig_epsg2039,31.776668,35.227330,9.7,ok,mount_zion,0.563,mount_zion:0.563;jer_tyropoeon:0.661;jer_temple:0.785;jer_south_wall:0.887;jer_se_corner:0.915;jer_east_gate:0.950;jer_bethesda:0.969,mount_zion:0.563;jer_tyropoeon:0.661;jer_temple:0.785;jer_south_wall:0.887;jer_se_corner:0.915;jer_east_gate:0.950;jer_bethesda:0.969;jer_kidron_east:1.059;jer_siloam:1.111;jer_kidron_mon:1.137;jer_gethsemane:1.192;jer_bir_ayyub:1.332;jer_tombs_kings:1.338;jer_baqa:2.032,wall;settlement_ruin,cave,"Second Temple period,Byzantine,Early Arab,Ayyubid,Fatimid,Mamluk",Ottoman;Byzantine;Medieval;Ayyubid;Mameluke;Second Temple;Fatimid;Mamluk,overlaps,no,Remains of an ancient city wall (3.1 m wide) on slope (excavated,"Amos Kloner (Jerusalem survey); Uri Dinur and Nurit Feig (Benjamin survey), ASI Map of Jerusalem (102), site 396; survey.iaa.org.il record 11798; printed page not given online",https://survey.iaa.org.il/#/MapSurvey/63/site/11798
63,102,Jerusalem,397,11799,Sha'ar Yafo (Jaffa Gate) (south),שער יפו (דרום),,1-1/13,yes,221638,631337,31.774709,35.227473,nig_epsg2039,31.774775,35.227541,9.8,ok,mount_zion,0.355,mount_zion:0.355;jer_tyropoeon:0.687;jer_temple:0.841;jer_south_wall:0.875;jer_se_corner:0.914;jer_siloam:0.969,mount_zion:0.355;jer_tyropoeon:0.687;jer_temple:0.841;jer_south_wall:0.875;jer_se_corner:0.914;jer_siloam:0.969;jer_kidron_east:1.006;jer_east_gate:1.008;jer_bethesda:1.084;jer_kidron_mon:1.145;jer_bir_ayyub:1.160;jer_gethsemane:1.246;jer_tombs_kings:1.544;jer_baqa:1.839,conduit;tomb;cave;wall;rock_cut,cistern,"Iron Age II,Hasmonean,Herodian,Roman-Byzantine,Crusader,Ayyubid,Ottoman",Hasmonean;Herodian;Roman;Byzantine;Crusader;Ayyubid;Ottoman;Iron Age,yes,no,"Remains of the ancient Old City wall on slope, in area S","Amos Kloner (Jerusalem survey); Uri Dinur and Nurit Feig (Benjamin survey), ASI Map of Jerusalem (102), site 397; survey.iaa.org.il record 11799; printed page not given online",https://survey.iaa.org.il/#/MapSurvey/63/site/11799
63,102,Jerusalem,398,11804,David Ha-Melekh Street (east),רחוב דוד המלך (מזרח),,1-1/14,yes,221188,631507,31.776243,35.222722,nig_epsg2039,31.776308,35.222791,9.7,ok,mount_zion,0.754,mount_zion:0.754,mount_zion:0.754;jer_tyropoeon:1.092;jer_temple:1.213;jer_south_wall:1.313;jer_se_corner:1.344;jer_bethesda:1.365;jer_east_gate:1.376;jer_siloam:1.443;jer_kidron_east:1.471;jer_tombs_kings:1.496;jer_kidron_mon:1.567;jer_bir_ayyub:1.608;jer_gethsemane:1.618;jer_baqa:1.907,tomb;cave;pit;rock_cut,cistern,Byzantine,Byzantine,no,no,Rock-hewn burial caves on slope (in the grounds of the Hebrew Union,"Amos Kloner (Jerusalem survey); Uri Dinur and Nurit Feig (Benjamin survey), ASI Map of Jerusalem (102), site 398; survey.iaa.org.il record 11804; printed page not given online",https://survey.iaa.org.il/#/MapSurvey/63/site/11804
63,102,Jerusalem,399,11843,Birkat es Sultan (M),ברכת הסלטאן,Berekhat Ha-Sultan,1-1/15,yes,221518,631617,31.777235,35.226206,nig_epsg2039,31.777300,35.226275,9.7,ok,mount_zion,0.659,mount_zion:0.659;jer_tyropoeon:0.760;jer_temple:0.871;jer_south_wall:0.994,mount_zion:0.659;jer_tyropoeon:0.760;jer_temple:0.871;jer_south_wall:0.994;jer_se_corner:1.019;jer_bethesda:1.020;jer_east_gate:1.031;jer_kidron_east:1.174;jer_siloam:1.232;jer_kidron_mon:1.236;jer_gethsemane:1.273;jer_tombs_kings:1.286;jer_bir_ayyub:1.449;jer_baqa:2.072,pool;reservoir;conduit;building;wall;installation;inscription;rock_cut,cave,"Second Temple period,Late Roman,Byzantine,Crusader,Mamluk,Ottoman",Mameluke;Ottoman;Crusader;Late Roman;Byzantine;Second Temple;Mamluk,overlaps,no,"Large reservoir, created by damming Ge Ben Hinnom. Natural rock formed its","Amos Kloner (Jerusalem survey); Uri Dinur and Nurit Feig (Benjamin survey), ASI Map of Jerusalem (102), site 399; survey.iaa.org.il record 11843; printed page not given online",https://survey.iaa.org.il/#/MapSurvey/63/site/11843
63,102,Jerusalem,400,11844,YMCA,"ימק""א",,1-1/16,yes,221038,631277,31.774169,35.221138,nig_epsg2039,31.774234,35.221207,9.7,ok,mount_zion,0.759,mount_zion:0.759,mount_zion:0.759;jer_tyropoeon:1.277;jer_temple:1.417;jer_south_wall:1.476;jer_siloam:1.491;jer_se_corner:1.514;jer_east_gate:1.583;jer_kidron_east:1.603;jer_bir_ayyub:1.604;jer_bethesda:1.604;jer_baqa:1.668;jer_kidron_mon:1.744;jer_tombs_kings:1.768;jer_gethsemane:1.825,tomb;cave;building;settlement_ruin;pit;installation;inscription;rock_cut,cistern,"Roman,Byzantine",Roman;bronze;iron;Byzantine;Bronze,overlaps,no,Ancient cemetery on moderate slope (in the grounds of the YMCA compound).,"Amos Kloner (Jerusalem survey); Uri Dinur and Nurit Feig (Benjamin survey), ASI Map of Jerusalem (102), site 400; survey.iaa.org.il record 11844; printed page not given online",https://survey.iaa.org.il/#/MapSurvey/63/site/11844
63,102,Jerusalem,401,11845,Yafo Street,רחוב יפו,,1-1/17,yes,221568,631587,31.776964,35.226734,nig_epsg2039,31.777029,35.226803,9.7,ok,mount_zion,0.615,mount_zion:0.615;jer_tyropoeon:0.710;jer_temple:0.826;jer_south_wall:0.940;jer_se_corner:0.967;jer_east_gate:0.988;jer_bethesda:0.991,mount_zion:0.615;jer_tyropoeon:0.710;jer_temple:0.826;jer_south_wall:0.940;jer_se_corner:0.967;jer_east_gate:0.988;jer_bethesda:0.991;jer_kidron_east:1.117;jer_siloam:1.175;jer_kidron_mon:1.186;jer_gethsemane:1.231;jer_tombs_kings:1.306;jer_bir_ayyub:1.394;jer_baqa:2.056,conduit;building;fortress;wall,,"Hasmonean,Herodian,Byzantine,Early Arab,Ayyubid",Hasmonean;Herodian;Byzantine;Ottoman;Ayyubid,yes,no,"Remains of structures and fortifications on slope, and a segment of an","Amos Kloner (Jerusalem survey); Uri Dinur and Nurit Feig (Benjamin survey), ASI Map of Jerusalem (102), site 401; survey.iaa.org.il record 11845; printed page not given online",https://survey.iaa.org.il/#/MapSurvey/63/site/11845
63,102,Jerusalem,402,11846,Har Ziyyon (Mount Zion),הר ציון,,1-1/18,yes,221558,631027,31.771914,35.226627,nig_epsg2039,31.771979,35.226696,9.8,ok,mount_zion,0.189,mount_zion:0.189;jer_tyropoeon:0.912;jer_siloam:0.924,mount_zion:0.189;jer_tyropoeon:0.912;jer_siloam:0.924;jer_bir_ayyub:1.029;jer_south_wall:1.044;jer_temple:1.084;jer_se_corner:1.095;jer_kidron_east:1.114;jer_east_gate:1.246;jer_kidron_mon:1.324;jer_bethesda:1.366;jer_gethsemane:1.470;jer_baqa:1.520;jer_tombs_kings:1.862,pool;conduit;tomb;cave;quarry;rock_cut,cistern,"Iron Age II,Hasmonean,Herodian,Ottoman",Iron Age;First Temple;Hasmonean;Herodian;Ottoman,yes,no,Rock-hewn burial cave of the Iron Age II (First Temple period) on,"Amos Kloner (Jerusalem survey); Uri Dinur and Nurit Feig (Benjamin survey), ASI Map of Jerusalem (102), site 402; survey.iaa.org.il record 11846; printed page not given online",https://survey.iaa.org.il/#/MapSurvey/63/site/11846
63,102,Jerusalem,403,11847,Gan Bloomfield (Bloomfield Garden),גן בלומפילד,,1-1/19,yes,221248,631087,31.772455,35.223355,nig_epsg2039,31.772520,35.223424,9.7,ok,mount_zion,0.504,mount_zion:0.504,mount_zion:0.504;jer_tyropoeon:1.144;jer_siloam:1.239;jer_temple:1.303;jer_south_wall:1.312;jer_bir_ayyub:1.330;jer_se_corner:1.357;jer_kidron_east:1.407;jer_east_gate:1.470;jer_baqa:1.497;jer_bethesda:1.542;jer_kidron_mon:1.588;jer_gethsemane:1.706;jer_tombs_kings:1.870,conduit;building;rock_cut,cistern;cave,"Herodian,Byzantine",Herodian;Byzantine,yes,no,"Two segments of a plastered rock-hewn conduit (2 m deep, 0.8 m","Amos Kloner (Jerusalem survey); Uri Dinur and Nurit Feig (Benjamin survey), ASI Map of Jerusalem (102), site 403; survey.iaa.org.il record 11847; printed page not given online",https://survey.iaa.org.il/#/MapSurvey/63/site/11847
63,102,Jerusalem,404,13713,Yemin Moshe (north),ימין משה (צפון),,1-1/20,yes,221408,631367,31.774980,35.225044,nig_epsg2039,31.775045,35.225113,9.7,ok,mount_zion,0.499,mount_zion:0.499;jer_tyropoeon:0.896,mount_zion:0.499;jer_tyropoeon:0.896;jer_temple:1.039;jer_south_wall:1.098;jer_se_corner:1.135;jer_siloam:1.184;jer_east_gate:1.206;jer_kidron_east:1.237;jer_bethesda:1.244;jer_bir_ayyub:1.349;jer_kidron_mon:1.364;jer_gethsemane:1.447;jer_tombs_kings:1.556;jer_baqa:1.803,reservoir;tomb;building;wall;installation;rock_cut,cave,"Byzantine,Crusader",Byzantine;Crusader;Hasmonean;first century BCE,yes,no,Remains of buildings — probably related to the Byzantine or Crusader periods,"Amos Kloner (Jerusalem survey); Uri Dinur and Nurit Feig (Benjamin survey), ASI Map of Jerusalem (102), site 404; survey.iaa.org.il record 13713; printed page not given online",https://survey.iaa.org.il/#/MapSurvey/63/site/13713
63,102,Jerusalem,405,13714,Har Ziyyon (Mount Zion),הר ציון,,1-1/21,yes,221788,631007,31.771733,35.229055,nig_epsg2039,31.771798,35.229124,9.8,ok,mount_zion,0.043,mount_zion:0.043;jer_siloam:0.696;jer_tyropoeon:0.759;jer_bir_ayyub:0.827;jer_south_wall:0.854;jer_kidron_east:0.898;jer_se_corner:0.908;jer_temple:0.937,mount_zion:0.043;jer_siloam:0.696;jer_tyropoeon:0.759;jer_bir_ayyub:0.827;jer_south_wall:0.854;jer_kidron_east:0.898;jer_se_corner:0.908;jer_temple:0.937;jer_east_gate:1.090;jer_kidron_mon:1.131;jer_bethesda:1.250;jer_gethsemane:1.301;jer_baqa:1.599;jer_tombs_kings:1.867,pool;tomb;building;fortress;wall,cistern;cave,"Iron Age II,Hasmonean,Herodian,Byzantine,Early Arab",Iron Age;Hasmonean;Herodian;Byzantine;Crusader;Ottoman;Mameluke,yes,no,"The S spur of the ancient Upper City of Jerusalem, enclosed on","Amos Kloner (Jerusalem survey); Uri Dinur and Nurit Feig (Benjamin survey), ASI Map of Jerusalem (102), site 405; survey.iaa.org.il record 13714; printed page not given online",https://survey.iaa.org.il/#/MapSurvey/63/site/13714
63,102,Jerusalem,406,13715,Nahal Qidron,נחל קדרון,,2-1/1,yes,222768,631927,31.780027,35.239404,nig_epsg2039,31.780093,35.239472,9.8,ok,jer_gethsemane,0.068,jer_gethsemane:0.068;jer_east_gate:0.265;jer_kidron_mon:0.336;jer_bethesda:0.370;jer_temple:0.432;jer_se_corner:0.467;jer_south_wall:0.526;jer_tyropoeon:0.596;jer_kidron_east:0.660,jer_gethsemane:0.068;jer_east_gate:0.265;jer_kidron_mon:0.336;jer_bethesda:0.370;jer_temple:0.432;jer_se_corner:0.467;jer_south_wall:0.526;jer_tyropoeon:0.596;jer_kidron_east:0.660;jer_siloam:1.148;jer_tombs_kings:1.350;mount_zion:1.380;jer_bir_ayyub:1.462;jer_baqa:2.910,conduit;tomb;cave;building;winepress;mosaic;inscription;rock_cut,cistern,"Byzantine,Crusader,Ottoman",Byzantine;Crusader;Ottoman;Second Temple;Roman,overlaps,no,"Tomb of the Virgin Mary’: partly hewn and partly constructed chapel-lomb, cruciform","Amos Kloner (Jerusalem survey); Uri Dinur and Nurit Feig (Benjamin survey), ASI Map of Jerusalem (102), site 406; survey.iaa.org.il record 13715; printed page not given online",https://survey.iaa.org.il/#/MapSurvey/63/site/13715
63,102,Jerusalem,407,13716,Har Ha-Zetim (Mount of Olives),הר הזיתים,,"2-1/2, 3",yes,222788,631847,31.779306,35.239615,nig_epsg2039,31.779372,35.239683,9.8,ok,jer_gethsemane,0.022,jer_gethsemane:0.022;jer_east_gate:0.257;jer_kidron_mon:0.257;jer_se_corner:0.411;jer_temple:0.421;jer_bethesda:0.426;jer_south_wall:0.470;jer_tyropoeon:0.572;jer_kidron_east:0.586,jer_gethsemane:0.022;jer_east_gate:0.257;jer_kidron_mon:0.257;jer_se_corner:0.411;jer_temple:0.421;jer_bethesda:0.426;jer_south_wall:0.470;jer_tyropoeon:0.572;jer_kidron_east:0.586;jer_siloam:1.077;mount_zion:1.343;jer_bir_ayyub:1.389;jer_tombs_kings:1.422;jer_baqa:2.858,tomb;cave;building;wall;rock_cut,cistern,"Herodian,Crusader",Byzantine;Crusader;Herodian,yes,no,'Church of Gethsemane’ (Basilica of the Agony): church from the Byzantine and,"Amos Kloner (Jerusalem survey); Uri Dinur and Nurit Feig (Benjamin survey), ASI Map of Jerusalem (102), site 407; survey.iaa.org.il record 13716; printed page not given online",https://survey.iaa.org.il/#/MapSurvey/63/site/13716
63,102,Jerusalem,408,13717,Nahal Qidron,נחל קדרון,,2-1/4,yes,222538,631757,31.778495,35.236975,nig_epsg2039,31.778561,35.237044,9.8,ok,jer_east_gate,0.044,jer_east_gate:0.044;jer_temple:0.157;jer_se_corner:0.234;jer_gethsemane:0.254;jer_kidron_mon:0.273;jer_south_wall:0.286;jer_tyropoeon:0.310;jer_bethesda:0.340;jer_kidron_east:0.489;jer_siloam:0.939,jer_east_gate:0.044;jer_temple:0.157;jer_se_corner:0.234;jer_gethsemane:0.254;jer_kidron_mon:0.273;jer_south_wall:0.286;jer_tyropoeon:0.310;jer_bethesda:0.340;jer_kidron_east:0.489;jer_siloam:0.939;mount_zion:1.096;jer_bir_ayyub:1.259;jer_tombs_kings:1.336;jer_baqa:2.636,tomb;cave;pit;rock_cut,cistern,,Herodian,yes,no,Rock-hewn Herodian (?) burial cave on bank of Nahal Qidron. Entrance faces,"Amos Kloner (Jerusalem survey); Uri Dinur and Nurit Feig (Benjamin survey), ASI Map of Jerusalem (102), site 408; survey.iaa.org.il record 13717; printed page not given online",https://survey.iaa.org.il/#/MapSurvey/63/site/13717
63,102,Jerusalem,409,13718,Sha'ar Ha-Rahamim (Gate of Mercy),שער הרחמים,,2-1/22,yes,222538,631847,31.779306,35.236975,nig_epsg2039,31.779372,35.237044,9.8,ok,jer_east_gate,0.046,jer_east_gate:0.046;jer_temple:0.194;jer_gethsemane:0.232;jer_bethesda:0.256;jer_se_corner:0.324;jer_kidron_mon:0.336;jer_tyropoeon:0.368;jer_south_wall:0.376;jer_kidron_east:0.578,jer_east_gate:0.046;jer_temple:0.194;jer_gethsemane:0.232;jer_bethesda:0.256;jer_se_corner:0.324;jer_kidron_mon:0.336;jer_tyropoeon:0.368;jer_south_wall:0.376;jer_kidron_east:0.578;jer_siloam:1.029;mount_zion:1.160;jer_tombs_kings:1.261;jer_bir_ayyub:1.349;jer_baqa:2.710,tomb;cave;building;fortress;steps;wall;settlement_ruin;road;pit;winepress;inscription;rock_cut,cistern,"Herodian,Byzantine,Early Arab",Second Temple;first century BCE;first century CE;Hasmonean;Herodian;Byzantine;Roman,yes,no,Remains of a Second Temple period residential quarter (first century BCE-first century,"Amos Kloner (Jerusalem survey); Uri Dinur and Nurit Feig (Benjamin survey), ASI Map of Jerusalem (102), site 409; survey.iaa.org.il record 13718; printed page not given online",https://survey.iaa.org.il/#/MapSurvey/63/site/13718
63,102,Jerusalem,410,13719,Nahal Qidron,נחל קדרון,,"2-1/5, 6",yes,222708,631607,31.777142,35.238769,nig_epsg2039,31.777208,35.238838,9.8,ok,jer_kidron_mon,0.050,jer_kidron_mon:0.050;jer_se_corner:0.192;jer_south_wall:0.244;jer_east_gate:0.260;jer_gethsemane:0.261;jer_kidron_east:0.333;jer_temple:0.347;jer_tyropoeon:0.429;jer_bethesda:0.548;jer_siloam:0.823,jer_kidron_mon:0.050;jer_se_corner:0.192;jer_south_wall:0.244;jer_east_gate:0.260;jer_gethsemane:0.261;jer_kidron_east:0.333;jer_temple:0.347;jer_tyropoeon:0.429;jer_bethesda:0.548;jer_siloam:0.823;jer_bir_ayyub:1.136;mount_zion:1.137;jer_tombs_kings:1.556;jer_baqa:2.622,tomb;monument;cave;rock_cut,cistern,Herodian,Herodian;Byzantine,yes,no,‘Cave of Jehoshaphat': rock-hewn burial complex in the bed of Nahal Qidron.,"Amos Kloner (Jerusalem survey); Uri Dinur and Nurit Feig (Benjamin survey), ASI Map of Jerusalem (102), site 410; survey.iaa.org.il record 13719; printed page not given online",https://survey.iaa.org.il/#/MapSurvey/63/site/13719
63,102,Jerusalem,411,13720,Nahal Qidron,נחל קדרון,,7-1/7-9,yes,222708,631557,31.776691,35.238769,nig_epsg2039,31.776757,35.238838,9.8,ok,jer_kidron_mon,0.060,jer_kidron_mon:0.060;jer_se_corner:0.176;jer_south_wall:0.221;jer_kidron_east:0.284;jer_east_gate:0.300;jer_gethsemane:0.310;jer_temple:0.368;jer_tyropoeon:0.429;jer_bethesda:0.592;jer_siloam:0.775,jer_kidron_mon:0.060;jer_se_corner:0.176;jer_south_wall:0.221;jer_kidron_east:0.284;jer_east_gate:0.300;jer_gethsemane:0.310;jer_temple:0.368;jer_tyropoeon:0.429;jer_bethesda:0.592;jer_siloam:0.775;jer_bir_ayyub:1.088;mount_zion:1.111;jer_tombs_kings:1.597;jer_baqa:2.584,tomb;monument;cave;wall;pit;installation;inscription;rock_cut,cistern;spring_well,Hasmonean,Hasmonean;Herodian,yes,no,‘Tomb of Bene Hezir’: rock-hewn burial complex in the bed of Nahal,"Amos Kloner (Jerusalem survey); Uri Dinur and Nurit Feig (Benjamin survey), ASI Map of Jerusalem (102), site 411; survey.iaa.org.il record 13720; printed page not given online",https://survey.iaa.org.il/#/MapSurvey/63/site/13720
63,102,Jerusalem,412,13721,Nahal Qidron,נחל קדרון,,2-1/10,yes,222698,631447,31.775699,35.238663,nig_epsg2039,31.775765,35.238732,9.8,ok,jer_kidron_mon,0.157,jer_kidron_mon:0.157;jer_kidron_east:0.175;jer_se_corner:0.180;jer_south_wall:0.196;jer_east_gate:0.390;jer_gethsemane:0.420;jer_temple:0.423;jer_tyropoeon:0.441;jer_siloam:0.668;jer_bethesda:0.687;jer_bir_ayyub:0.978,jer_kidron_mon:0.157;jer_kidron_east:0.175;jer_se_corner:0.180;jer_south_wall:0.196;jer_east_gate:0.390;jer_gethsemane:0.420;jer_temple:0.423;jer_tyropoeon:0.441;jer_siloam:0.668;jer_bethesda:0.687;jer_bir_ayyub:0.978;mount_zion:1.051;jer_tombs_kings:1.684;jer_baqa:2.495,tomb;cave;wall;rock_cut,cistern,,Herodian,yes,no,Remains of a rock-hewn Herodian (?) burial cave in bed of Nahal,"Amos Kloner (Jerusalem survey); Uri Dinur and Nurit Feig (Benjamin survey), ASI Map of Jerusalem (102), site 412; survey.iaa.org.il record 13721; printed page not given online",https://survey.iaa.org.il/#/MapSurvey/63/site/13721
63,102,Jerusalem,413,13722,Nahal Qidron,נחל קדרון,,2-1/11,yes,222748,631447,31.775699,35.239191,nig_epsg2039,31.775765,35.239260,9.8,ok,jer_kidron_mon,0.146,jer_kidron_mon:0.146;jer_kidron_east:0.196;jer_se_corner:0.226;jer_south_wall:0.245;jer_east_gate:0.414;jer_gethsemane:0.414;jer_temple:0.462;jer_tyropoeon:0.488;jer_siloam:0.687;jer_bethesda:0.708;jer_bir_ayyub:0.992,jer_kidron_mon:0.146;jer_kidron_east:0.196;jer_se_corner:0.226;jer_south_wall:0.245;jer_east_gate:0.414;jer_gethsemane:0.414;jer_temple:0.462;jer_tyropoeon:0.488;jer_siloam:0.687;jer_bethesda:0.708;jer_bir_ayyub:0.992;mount_zion:1.096;jer_tombs_kings:1.711;jer_baqa:2.529,pool;tomb;cave;rock_cut,cistern,"Iron Age II,Hellenistic,Hasmonean,Herodian,Roman,Byzantine,Early Arab",Herodian;Iron Age;Hellenistic;Hasmonean;Roman;Byzantine,yes,no,Five rock-hewn Herodian (?) burial caves in scarp of Nahal Qidron. Kokhim,"Amos Kloner (Jerusalem survey); Uri Dinur and Nurit Feig (Benjamin survey), ASI Map of Jerusalem (102), site 413; survey.iaa.org.il record 13722; printed page not given online",https://survey.iaa.org.il/#/MapSurvey/63/site/13722
63,102,Jerusalem,414,13723,‘Ofel,העפל,,2-1/12,yes,222488,631417,31.775429,35.236446,nig_epsg2039,31.775495,35.236515,9.8,ok,jer_south_wall,0.059,jer_south_wall:0.059;jer_se_corner:0.117;jer_kidron_east:0.208;jer_tyropoeon:0.269;jer_kidron_mon:0.320;jer_temple:0.331;jer_east_gate:0.388;jer_gethsemane:0.526;jer_siloam:0.595;jer_bethesda:0.665;mount_zion:0.851;jer_bir_ayyub:0.916,jer_south_wall:0.059;jer_se_corner:0.117;jer_kidron_east:0.208;jer_tyropoeon:0.269;jer_kidron_mon:0.320;jer_temple:0.331;jer_east_gate:0.388;jer_gethsemane:0.526;jer_siloam:0.595;jer_bethesda:0.665;mount_zion:0.851;jer_bir_ayyub:0.916;jer_tombs_kings:1.609;jer_baqa:2.335,pool;rock_cut,,"Iron Age II,Hellenistic,Hasmonean,Herodian,Roman,Byzantine,Early Arab",Iron Age;Persian;Hellenistic;Hasmonean;Herodian;Roman;Byzantine;Second Temple,yes,no,"Ancient remains from many periods on slope, in the area between the","Amos Kloner (Jerusalem survey); Uri Dinur and Nurit Feig (Benjamin survey), ASI Map of Jerusalem (102), site 414; survey.iaa.org.il record 13723; printed page not given online",https://survey.iaa.org.il/#/MapSurvey/63/site/13723
63,102,Jerusalem,415,13724,Nahal Qidron,נחל קדרון,,2-1/13,yes,222798,631367,31.774977,35.239719,nig_epsg2039,31.775043,35.239788,9.8,ok,jer_kidron_east,0.176,jer_kidron_east:0.176;jer_kidron_mon:0.230;jer_se_corner:0.306;jer_south_wall:0.313;jer_gethsemane:0.495;jer_east_gate:0.508;jer_temple:0.551;jer_tyropoeon:0.562;jer_siloam:0.640;jer_bethesda:0.802;jer_bir_ayyub:0.934,jer_kidron_east:0.176;jer_kidron_mon:0.230;jer_se_corner:0.306;jer_south_wall:0.313;jer_gethsemane:0.495;jer_east_gate:0.508;jer_temple:0.551;jer_tyropoeon:0.562;jer_siloam:0.640;jer_bethesda:0.802;jer_bir_ayyub:0.934;mount_zion:1.113;jer_tombs_kings:1.805;jer_baqa:2.506,tomb;cave;rock_cut,cistern,,Herodian,yes,no,Two rock-hewn Herodian (?) burial caves on slope descending E to Nahal,"Amos Kloner (Jerusalem survey); Uri Dinur and Nurit Feig (Benjamin survey), ASI Map of Jerusalem (102), site 415; survey.iaa.org.il record 13724; printed page not given online",https://survey.iaa.org.il/#/MapSurvey/63/site/13724
63,102,Jerusalem,416,13725,City of David,עיר דוד,,2-1/14,yes,222368,631107,31.772633,35.235178,nig_epsg2039,31.772699,35.235247,9.8,ok,jer_siloam,0.299,jer_siloam:0.299;jer_kidron_east:0.327;jer_south_wall:0.392;jer_se_corner:0.450;jer_tyropoeon:0.488;jer_bir_ayyub:0.609;jer_kidron_mon:0.622;jer_temple:0.625;mount_zion:0.630;jer_east_gate:0.715;jer_gethsemane:0.855;jer_bethesda:0.976,jer_siloam:0.299;jer_kidron_east:0.327;jer_south_wall:0.392;jer_se_corner:0.450;jer_tyropoeon:0.488;jer_bir_ayyub:0.609;jer_kidron_mon:0.622;jer_temple:0.625;mount_zion:0.630;jer_east_gate:0.715;jer_gethsemane:0.855;jer_bethesda:0.976;jer_tombs_kings:1.855;jer_baqa:2.021,spring_well;mound;settlement_ruin,,"Chalcolithic,Early Bronze Age,Middle Bronze Age II,Late Bronze Age,Iron Age II,Hellenistic,Hasmonean,Herodian,Roman,Byzantine",Chalcolithic;Bronze;Iron Age;Persian;Hellenistic;Hasmonean;Herodian;Roman;Byzantine,yes,no,"Tel, rising above the source of the Gihon spring (‘Ein Silwan) —","Amos Kloner (Jerusalem survey); Uri Dinur and Nurit Feig (Benjamin survey), ASI Map of Jerusalem (102), site 416; survey.iaa.org.il record 13725; printed page not given online",https://survey.iaa.org.il/#/MapSurvey/63/site/13725
63,102,Jerusalem,417,13726,City of David,עיר דוד,,"2-1/15, 16",yes,222238,631307,31.774437,35.233807,nig_epsg2039,31.774503,35.233875,9.8,ok,jer_tyropoeon,0.282,jer_tyropoeon:0.282;jer_south_wall:0.313;jer_se_corner:0.367;jer_kidron_east:0.407;jer_temple:0.448;jer_siloam:0.533;jer_east_gate:0.577;mount_zion:0.580;jer_kidron_mon:0.591;jer_gethsemane:0.768;jer_bethesda:0.796;jer_bir_ayyub:0.831,jer_tyropoeon:0.282;jer_south_wall:0.313;jer_se_corner:0.367;jer_kidron_east:0.407;jer_temple:0.448;jer_siloam:0.533;jer_east_gate:0.577;mount_zion:0.580;jer_kidron_mon:0.591;jer_gethsemane:0.768;jer_bethesda:0.796;jer_bir_ayyub:0.831;jer_tombs_kings:1.626;jer_baqa:2.095,cistern;pool;reservoir;conduit;building;tower;wall;pit;installation;mosaic;rock_cut,cave,"Herodian,Byzantine,Crusader,Ottoman",Herodian;Byzantine;Ottoman;Roman;Crusader;Mameluke;Fatimid;Second Temple,yes,no,"Remains of Herodian and Byzantine structures, water installations and conduits on slope,","Amos Kloner (Jerusalem survey); Uri Dinur and Nurit Feig (Benjamin survey), ASI Map of Jerusalem (102), site 417; survey.iaa.org.il record 13726; printed page not given online",https://survey.iaa.org.il/#/MapSurvey/63/site/13726
63,102,Jerusalem,418,13727,City of David,עיר דוד,,2-1/21,yes,222358,631227,31.773716,35.235073,nig_epsg2039,31.773781,35.235142,9.8,ok,jer_south_wall,0.287,jer_south_wall:0.287;jer_kidron_east:0.291;jer_se_corner:0.346;jer_tyropoeon:0.368;jer_siloam:0.417;jer_temple:0.505;jer_kidron_mon:0.541;jer_east_gate:0.602;mount_zion:0.652;jer_bir_ayyub:0.730;jer_gethsemane:0.756;jer_bethesda:0.856,jer_south_wall:0.287;jer_kidron_east:0.291;jer_se_corner:0.346;jer_tyropoeon:0.368;jer_siloam:0.417;jer_temple:0.505;jer_kidron_mon:0.541;jer_east_gate:0.602;mount_zion:0.652;jer_bir_ayyub:0.730;jer_gethsemane:0.756;jer_bethesda:0.856;jer_tombs_kings:1.738;jer_baqa:2.105,pool;conduit;building;quarry;rock_cut,,"Late Roman,Byzantine",Byzantine;Ottoman;Late Roman,no,no,Remains of Byzantine structures on slope (City of David St. — Wadi,"Amos Kloner (Jerusalem survey); Uri Dinur and Nurit Feig (Benjamin survey), ASI Map of Jerusalem (102), site 418; survey.iaa.org.il record 13727; printed page not given online",https://survey.iaa.org.il/#/MapSurvey/63/site/13727
63,102,Jerusalem,419,13728,Ma‘alé Ha-Shalom,מעלה השלום,,2-1/17,yes,222038,631147,31.772995,35.231695,nig_epsg2039,31.773060,35.231764,9.8,ok,mount_zion,0.327,mount_zion:0.327;jer_tyropoeon:0.501;jer_siloam:0.532;jer_south_wall:0.568;jer_kidron_east:0.620;jer_se_corner:0.623;jer_temple:0.678;jer_bir_ayyub:0.762;jer_east_gate:0.822;jer_kidron_mon:0.845,mount_zion:0.327;jer_tyropoeon:0.501;jer_siloam:0.532;jer_south_wall:0.568;jer_kidron_east:0.620;jer_se_corner:0.623;jer_temple:0.678;jer_bir_ayyub:0.762;jer_east_gate:0.822;jer_kidron_mon:0.845;jer_bethesda:1.012;jer_gethsemane:1.022;jer_tombs_kings:1.742;jer_baqa:1.849,conduit;building;tower;wall;inscription,cave,"Second Temple period,Byzantine,Crusader,Ottoman",Ottoman;Second Temple;Hasmonean;Herodian;Byzantine;Crusader;Medieval;Ayyubid,yes,no,"Remains of structures, aqueducts and fortiﬁcations on slope, in the area E","Amos Kloner (Jerusalem survey); Uri Dinur and Nurit Feig (Benjamin survey), ASI Map of Jerusalem (102), site 419; survey.iaa.org.il record 13728; printed page not given online",https://survey.iaa.org.il/#/MapSurvey/63/site/13728
63,102,Jerusalem,420,13729,Kefar Ha-Shilloah,כפר השלוח,Silwan (S) (M),2-1/18,yes,222668,631247,31.773895,35.238346,nig_epsg2039,31.773961,35.238415,9.8,ok,jer_kidron_east,0.041,jer_kidron_east:0.041;jer_south_wall:0.280;jer_se_corner:0.308;jer_kidron_mon:0.357;jer_siloam:0.472;jer_tyropoeon:0.516;jer_temple:0.561;jer_east_gate:0.571;jer_gethsemane:0.623;jer_bir_ayyub:0.777;jer_bethesda:0.867;mount_zion:0.953,jer_kidron_east:0.041;jer_south_wall:0.280;jer_se_corner:0.308;jer_kidron_mon:0.357;jer_siloam:0.472;jer_tyropoeon:0.516;jer_temple:0.561;jer_east_gate:0.571;jer_gethsemane:0.623;jer_bir_ayyub:0.777;jer_bethesda:0.867;mount_zion:0.953;jer_tombs_kings:1.842;jer_baqa:2.329,tomb;monument;cave;rock_cut,cistern,"Iron Age II,Herodian,Byzantine",Herodian;Byzantine;Iron Age,yes,no,'Sela‘ Ha-‘Aliya': a monolith (c. 6 m high) cut on three sides,"Amos Kloner (Jerusalem survey); Uri Dinur and Nurit Feig (Benjamin survey), ASI Map of Jerusalem (102), site 420; survey.iaa.org.il record 13729; printed page not given online",https://survey.iaa.org.il/#/MapSurvey/63/site/13729
63,102,Jerusalem,421,13730,City of David,עיר דוד,,2-1/19,yes,222288,631097,31.772543,35.234334,nig_epsg2039,31.772609,35.234403,9.8,ok,jer_siloam,0.324,jer_siloam:0.324;jer_kidron_east:0.401;jer_south_wall:0.435;jer_tyropoeon:0.490;jer_se_corner:0.494;mount_zion:0.550;jer_bir_ayyub:0.614;jer_temple:0.642;jer_kidron_mon:0.682;jer_east_gate:0.747;jer_gethsemane:0.904;jer_bethesda:0.994,jer_siloam:0.324;jer_kidron_east:0.401;jer_south_wall:0.435;jer_tyropoeon:0.490;jer_se_corner:0.494;mount_zion:0.550;jer_bir_ayyub:0.614;jer_temple:0.642;jer_kidron_mon:0.682;jer_east_gate:0.747;jer_gethsemane:0.904;jer_bethesda:0.994;jer_tombs_kings:1.842;jer_baqa:1.960,cistern;building;wall,,"Herodian,Roman",Herodian;Roman,yes,no,Remains of walls (15 m long) in valley near Nahal Qidron. Nearby,"Amos Kloner (Jerusalem survey); Uri Dinur and Nurit Feig (Benjamin survey), ASI Map of Jerusalem (102), site 421; survey.iaa.org.il record 13730; printed page not given online",https://survey.iaa.org.il/#/MapSurvey/63/site/13730
63,102,Jerusalem,422,13731,Har Ha-Zetim (Mount of Olives),הר הזיתים,,"3-1/1,2",yes,223558,631777,31.778672,35.247744,nig_epsg2039,31.778739,35.247812,9.9,ok,jer_gethsemane,0.790,jer_gethsemane:0.790;jer_kidron_mon:0.821,jer_gethsemane:0.790;jer_kidron_mon:0.821;jer_east_gate:1.022;jer_kidron_east:1.038;jer_se_corner:1.052;jer_south_wall:1.095;jer_bethesda:1.166;jer_temple:1.173;jer_tyropoeon:1.291;jer_siloam:1.453;jer_bir_ayyub:1.692;mount_zion:1.969;jer_tombs_kings:2.068,cave;wall;rock_cut,,,,unknown,no,Rock-hewn cave. S of summit of Har Ha-Zetim (spot height 811; in,"Amos Kloner (Jerusalem survey); Uri Dinur and Nurit Feig (Benjamin survey), ASI Map of Jerusalem (102), site 422; survey.iaa.org.il record 13731; printed page not given online",https://survey.iaa.org.il/#/MapSurvey/63/site/13731
63,102,Jerusalem,423,13732,Har Ha-Zetim (Mount of Olives),הר הזיתים,,3-1/3,yes,223078,631747,31.778403,35.242676,nig_epsg2039,31.778469,35.242745,9.8,ok,jer_gethsemane,0.327,jer_gethsemane:0.327;jer_kidron_mon:0.356;jer_east_gate:0.545;jer_se_corner:0.587;jer_south_wall:0.635;jer_kidron_east:0.637;jer_temple:0.694;jer_bethesda:0.727;jer_tyropoeon:0.814,jer_gethsemane:0.327;jer_kidron_mon:0.356;jer_east_gate:0.545;jer_se_corner:0.587;jer_south_wall:0.635;jer_kidron_east:0.637;jer_temple:0.694;jer_bethesda:0.727;jer_tyropoeon:0.814;jer_siloam:1.112;jer_bir_ayyub:1.397;mount_zion:1.526;jer_tombs_kings:1.700;jer_baqa:2.974,cistern;tomb;cave;building;pit;rock_cut,,Roman-Byzantine,Byzantine;Roman,overlaps,no,Tomb cut into chalk of W slope of Har Ha-Zetim (a lane,"Amos Kloner (Jerusalem survey); Uri Dinur and Nurit Feig (Benjamin survey), ASI Map of Jerusalem (102), site 423; survey.iaa.org.il record 13732; printed page not given online",https://survey.iaa.org.il/#/MapSurvey/63/site/13732
63,102,Jerusalem,424,13733,Har Ha-Zetim (Mount of Olives),הר הזיתים,,3-1/4,yes,222988,631697,31.777952,35.241726,nig_epsg2039,31.778019,35.241794,9.8,ok,jer_kidron_mon,0.254,jer_kidron_mon:0.254;jer_gethsemane:0.272;jer_east_gate:0.464;jer_se_corner:0.485;jer_south_wall:0.533;jer_kidron_east:0.540;jer_temple:0.605;jer_bethesda:0.676;jer_tyropoeon:0.716,jer_kidron_mon:0.254;jer_gethsemane:0.272;jer_east_gate:0.464;jer_se_corner:0.485;jer_south_wall:0.533;jer_kidron_east:0.540;jer_temple:0.605;jer_bethesda:0.676;jer_tyropoeon:0.716;jer_siloam:1.021;jer_bir_ayyub:1.313;mount_zion:1.423;jer_tombs_kings:1.669;jer_baqa:2.875,cistern;tomb;cave;building;pit;installation;mosaic;rock_cut,spring_well,"Middle Bronze Age II,Late Bronze Age,Hasmonean,Herodian,Roman-Byzantine",Roman;Byzantine;Bronze;Hasmonean;Herodian,yes,no,‘Church of Dominus Flevit’: ancient cemetery extending over 6 dunams on W,"Amos Kloner (Jerusalem survey); Uri Dinur and Nurit Feig (Benjamin survey), ASI Map of Jerusalem (102), site 424; survey.iaa.org.il record 13733; printed page not given online",https://survey.iaa.org.il/#/MapSurvey/63/site/13733
63,102,Jerusalem,425,13734,Bethphage,בית פגי,,,no,,,31.775310,35.251717,geojson_point,,,,,jer_kidron_mon,1.191,,jer_kidron_mon:1.191;jer_gethsemane:1.248;jer_kidron_east:1.293;jer_se_corner:1.402;jer_south_wall:1.430;jer_east_gate:1.452;jer_siloam:1.581;jer_temple:1.582;jer_bethesda:1.647;jer_tyropoeon:1.662;jer_bir_ayyub:1.739;mount_zion:2.222;jer_tombs_kings:2.587,tomb;cave;wall;rock_cut,cistern,,,unknown,no,,"Amos Kloner (Jerusalem survey); Uri Dinur and Nurit Feig (Benjamin survey), ASI Map of Jerusalem (102), site 425; survey.iaa.org.il record 13734; printed page not given online",https://survey.iaa.org.il/#/MapSurvey/63/site/13734
63,102,Jerusalem,426,13735,Bethphage,בית פגי,,,no,,,31.778016,35.250240,geojson_point,,,,,jer_gethsemane,1.034,,jer_gethsemane:1.034;jer_kidron_mon:1.042;jer_kidron_east:1.224;jer_east_gate:1.261;jer_se_corner:1.270;jer_south_wall:1.309;jer_temple:1.409;jer_bethesda:1.413;jer_tyropoeon:1.517;jer_siloam:1.597;jer_bir_ayyub:1.806;mount_zion:2.163;jer_tombs_kings:2.307,winepress;rock_cut,cistern,,Byzantine,no,no,,"Amos Kloner (Jerusalem survey); Uri Dinur and Nurit Feig (Benjamin survey), ASI Map of Jerusalem (102), site 426; survey.iaa.org.il record 13735; printed page not given online",https://survey.iaa.org.il/#/MapSurvey/63/site/13735
63,102,Jerusalem,427,13736,Et Tur,א-טור,,3-1/7,yes,223278,631797,31.778853,35.244788,nig_epsg2039,31.778920,35.244856,9.8,ok,jer_gethsemane,0.510,jer_gethsemane:0.510;jer_kidron_mon:0.560;jer_east_gate:0.742;jer_se_corner:0.791;jer_kidron_east:0.817;jer_south_wall:0.838;jer_bethesda:0.892;jer_temple:0.896,jer_gethsemane:0.510;jer_kidron_mon:0.560;jer_east_gate:0.742;jer_se_corner:0.791;jer_kidron_east:0.817;jer_south_wall:0.838;jer_bethesda:0.892;jer_temple:0.896;jer_tyropoeon:1.019;jer_siloam:1.272;jer_bir_ayyub:1.540;mount_zion:1.725;jer_tombs_kings:1.825,building,,"Byzantine,Crusader",Crusader;Byzantine,no,no,'Church of the Assumption’: a Crusader period church on Har Ha-Zetim. built,"Amos Kloner (Jerusalem survey); Uri Dinur and Nurit Feig (Benjamin survey), ASI Map of Jerusalem (102), site 427; survey.iaa.org.il record 13736; printed page not given online",https://survey.iaa.org.il/#/MapSurvey/63/site/13736
63,102,Jerusalem,428,13737,Et Tur,א-טור,,3-1/8,yes,223218,631707,31.778042,35.244154,nig_epsg2039,31.778108,35.244223,9.8,ok,jer_gethsemane,0.472,jer_gethsemane:0.472;jer_kidron_mon:0.475;jer_east_gate:0.688;jer_se_corner:0.706;jer_kidron_east:0.714;jer_south_wall:0.750;jer_temple:0.833;jer_bethesda:0.870;jer_tyropoeon:0.945,jer_gethsemane:0.472;jer_kidron_mon:0.475;jer_east_gate:0.688;jer_se_corner:0.706;jer_kidron_east:0.714;jer_south_wall:0.750;jer_temple:0.833;jer_bethesda:0.870;jer_tyropoeon:0.945;jer_siloam:1.164;jer_bir_ayyub:1.431;mount_zion:1.631;jer_tombs_kings:1.832,cistern;conduit;building,cave,"Byzantine,Crusader",Crusader;Byzantine,no,no,‘Mount of Olives Church’ (‘Eleona’): a basilical church on shoulder of W,"Amos Kloner (Jerusalem survey); Uri Dinur and Nurit Feig (Benjamin survey), ASI Map of Jerusalem (102), site 428; survey.iaa.org.il record 13737; printed page not given online",https://survey.iaa.org.il/#/MapSurvey/63/site/13737
63,102,Jerusalem,429,13738,Et Tur,א-טור,,3-1/9,yes,223588,631837,31.779213,35.248061,nig_epsg2039,31.779280,35.248129,9.9,ok,jer_gethsemane,0.816,jer_gethsemane:0.816;jer_kidron_mon:0.865,jer_gethsemane:0.816;jer_kidron_mon:0.865;jer_east_gate:1.052;jer_kidron_east:1.094;jer_se_corner:1.097;jer_south_wall:1.142;jer_bethesda:1.181;jer_temple:1.207;jer_tyropoeon:1.330;jer_siloam:1.516;jer_bir_ayyub:1.757;mount_zion:2.021;jer_tombs_kings:2.062,building;mosaic;inscription,,"Herodian,Byzantine",Byzantine;Herodian,yes,no,"Byzantine churches and chapels, remains of a monastery and mosaic floors, and","Amos Kloner (Jerusalem survey); Uri Dinur and Nurit Feig (Benjamin survey), ASI Map of Jerusalem (102), site 429; survey.iaa.org.il record 13738; printed page not given online",https://survey.iaa.org.il/#/MapSurvey/63/site/13738
63,102,Jerusalem,430,13739,Wadi Qadum,ואדי קדום,,,no,,,31.774139,35.249605,geojson_point,,,,,jer_kidron_mon,1.027,,jer_kidron_mon:1.027;jer_kidron_east:1.088;jer_gethsemane:1.127;jer_se_corner:1.223;jer_south_wall:1.245;jer_east_gate:1.309;jer_siloam:1.349;jer_temple:1.424;jer_tyropoeon:1.486;jer_bir_ayyub:1.501;jer_bethesda:1.532;mount_zion:2.004;jer_tombs_kings:2.506,cistern;cave;rock_cut,,,,unknown,no,,"Amos Kloner (Jerusalem survey); Uri Dinur and Nurit Feig (Benjamin survey), ASI Map of Jerusalem (102), site 430; survey.iaa.org.il record 13739; printed page not given online",https://survey.iaa.org.il/#/MapSurvey/63/site/13739
63,102,Jerusalem,431,13740,Mizpe Moriyya,מצפה מוריה,Ras el ‘Amud,3-1/12,yes,223288,631167,31.773172,35.244891,nig_epsg2039,31.773238,35.244960,9.9,ok,jer_kidron_east,0.652,jer_kidron_east:0.652;jer_kidron_mon:0.681;jer_se_corner:0.832;jer_south_wall:0.841;jer_gethsemane:0.866;jer_siloam:0.894;jer_east_gate:0.984,jer_kidron_east:0.652;jer_kidron_mon:0.681;jer_se_corner:0.832;jer_south_wall:0.841;jer_gethsemane:0.866;jer_siloam:0.894;jer_east_gate:0.984;jer_temple:1.065;jer_bir_ayyub:1.072;jer_tyropoeon:1.091;jer_bethesda:1.252;mount_zion:1.548;jer_tombs_kings:2.262;jer_baqa:2.757,basin;tomb;terrace;inscription,cave,Early Arab,,unknown,no,Constructed tomb of the Early Arab period on rock terrace on S,"Amos Kloner (Jerusalem survey); Uri Dinur and Nurit Feig (Benjamin survey), ASI Map of Jerusalem (102), site 431; survey.iaa.org.il record 13740; printed page not given online",https://survey.iaa.org.il/#/MapSurvey/63/site/13740
63,102,Jerusalem,432,13741,Bethphage,בית פגי,,,no,,,31.777475,35.251085,geojson_point,,,,,jer_kidron_mon,1.117,,jer_kidron_mon:1.117;jer_gethsemane:1.123;jer_kidron_east:1.280;jer_se_corner:1.342;jer_east_gate:1.346;jer_south_wall:1.379;jer_temple:1.491;jer_bethesda:1.506;jer_tyropoeon:1.593;jer_siloam:1.633;jer_bir_ayyub:1.828;mount_zion:2.220;jer_tombs_kings:2.406,tomb;cave;building;inscription;rock_cut,cistern,,Herodian,yes,no,,"Amos Kloner (Jerusalem survey); Uri Dinur and Nurit Feig (Benjamin survey), ASI Map of Jerusalem (102), site 432; survey.iaa.org.il record 13741; printed page not given online",https://survey.iaa.org.il/#/MapSurvey/63/site/13741
63,102,Jerusalem,433,13742,Bethphage,בית פגי,,,no,,,31.777295,35.250451,geojson_point,,,,,jer_kidron_mon,1.056,,jer_kidron_mon:1.056;jer_gethsemane:1.068;jer_kidron_east:1.217;jer_se_corner:1.281;jer_east_gate:1.289;jer_south_wall:1.317;jer_temple:1.432;jer_bethesda:1.455;jer_tyropoeon:1.533;jer_siloam:1.571;jer_bir_ayyub:1.769;mount_zion:2.157;jer_tombs_kings:2.366,tomb;cave;rock_cut,cistern,,Herodian,yes,no,,"Amos Kloner (Jerusalem survey); Uri Dinur and Nurit Feig (Benjamin survey), ASI Map of Jerusalem (102), site 433; survey.iaa.org.il record 13742; printed page not given online",https://survey.iaa.org.il/#/MapSurvey/63/site/13742
63,102,Jerusalem,434,11390,Har Ha-Zetim (Mount of Olives),הר הזיתים,,3-1/153,yes,223118,631537,31.776509,35.243098,nig_epsg2039,31.776575,35.243166,9.8,ok,jer_kidron_mon,0.365,jer_kidron_mon:0.365;jer_gethsemane:0.474;jer_kidron_east:0.538;jer_se_corner:0.582;jer_south_wall:0.617;jer_east_gate:0.639;jer_temple:0.758;jer_tyropoeon:0.839;jer_bethesda:0.875;jer_siloam:0.970,jer_kidron_mon:0.365;jer_gethsemane:0.474;jer_kidron_east:0.538;jer_se_corner:0.582;jer_south_wall:0.617;jer_east_gate:0.639;jer_temple:0.758;jer_tyropoeon:0.839;jer_bethesda:0.875;jer_siloam:0.970;jer_bir_ayyub:1.234;mount_zion:1.471;jer_tombs_kings:1.874;jer_baqa:2.855,tomb;cave;building;wall;inscription;rock_cut,cistern,"Herodian,Byzantine",Byzantine;Herodian,yes,no,"‘Tombs of the Prophets’: Byzantine rock-hewn burial complex on Har Ha-Zetim, possibly","Amos Kloner (Jerusalem survey); Uri Dinur and Nurit Feig (Benjamin survey), ASI Map of Jerusalem (102), site 434; survey.iaa.org.il record 11390; printed page not given online",https://survey.iaa.org.il/#/MapSurvey/63/site/11390
63,102,Jerusalem,435,11487,Har Ha-Zetim (Mount of Olives),הר הזיתים,,3-1/16,yes,223188,631497,31.776148,35.243836,nig_epsg2039,31.776214,35.243905,9.8,ok,jer_kidron_mon,0.441,jer_kidron_mon:0.441;jer_gethsemane:0.553;jer_kidron_east:0.584;jer_se_corner:0.652;jer_south_wall:0.683;jer_east_gate:0.720;jer_temple:0.836;jer_tyropoeon:0.911;jer_bethesda:0.955;jer_siloam:0.991,jer_kidron_mon:0.441;jer_gethsemane:0.553;jer_kidron_east:0.584;jer_se_corner:0.652;jer_south_wall:0.683;jer_east_gate:0.720;jer_temple:0.836;jer_tyropoeon:0.911;jer_bethesda:0.955;jer_siloam:0.991;jer_bir_ayyub:1.241;mount_zion:1.523;jer_tombs_kings:1.952;jer_baqa:2.881,tomb;cave;building;rock_cut,cistern;spring_well,Herodian,Herodian,yes,no,"Approximate location of a rock-hewn Herodian burial cave, S of the summit","Amos Kloner (Jerusalem survey); Uri Dinur and Nurit Feig (Benjamin survey), ASI Map of Jerusalem (102), site 435; survey.iaa.org.il record 11487; printed page not given online",https://survey.iaa.org.il/#/MapSurvey/63/site/11487
63,102,Jerusalem,436,11488,Har Ha-Zetim (Mount of Olives),הר הזיתים,,3-1/17,yes,223368,631447,31.775697,35.245736,nig_epsg2039,31.775763,35.245805,9.9,ok,jer_kidron_mon,0.628,jer_kidron_mon:0.628;jer_gethsemane:0.726;jer_kidron_east:0.741;jer_se_corner:0.835;jer_south_wall:0.863;jer_east_gate:0.904,jer_kidron_mon:0.628;jer_gethsemane:0.726;jer_kidron_east:0.741;jer_se_corner:0.835;jer_south_wall:0.863;jer_east_gate:0.904;jer_temple:1.023;jer_tyropoeon:1.096;jer_siloam:1.100;jer_bethesda:1.130;jer_bir_ayyub:1.320;mount_zion:1.680;jer_tombs_kings:2.116;jer_baqa:2.988,tomb;cave;building;rock_cut,cistern,"Herodian,Byzantine",Herodian;Byzantine,yes,no,Two rock-hewn burial caves on E slope of Har Ha-Zetim (in the,"Amos Kloner (Jerusalem survey); Uri Dinur and Nurit Feig (Benjamin survey), ASI Map of Jerusalem (102), site 436; survey.iaa.org.il record 11488; printed page not given online",https://survey.iaa.org.il/#/MapSurvey/63/site/11488
63,102,Jerusalem,437,11489,Har Ha-Zetim (Mount of Olives),הר הזיתים,,3-1/18,yes,223388,631297,31.774344,35.245947,nig_epsg2039,31.774410,35.246016,9.9,ok,jer_kidron_mon,0.696,jer_kidron_mon:0.696;jer_kidron_east:0.742;jer_gethsemane:0.836;jer_se_corner:0.881;jer_south_wall:0.900;jer_east_gate:0.990,jer_kidron_mon:0.696;jer_kidron_east:0.742;jer_gethsemane:0.836;jer_se_corner:0.881;jer_south_wall:0.900;jer_east_gate:0.990;jer_siloam:1.040;jer_temple:1.093;jer_tyropoeon:1.144;jer_bir_ayyub:1.232;jer_bethesda:1.236;mount_zion:1.666;jer_tombs_kings:2.235;jer_baqa:2.914,tomb;cave;rock_cut,cistern,Herodian,Herodian,yes,no,Approximate location of a rock-hewn crescent-shaped Herodian burial cave on E slope,"Amos Kloner (Jerusalem survey); Uri Dinur and Nurit Feig (Benjamin survey), ASI Map of Jerusalem (102), site 437; survey.iaa.org.il record 11489; printed page not given online",https://survey.iaa.org.il/#/MapSurvey/63/site/11489
63,102,Jerusalem,438,11639,Har Ha-Mashhit (Mount of Evil Council),הר משחית,,3-1/19,yes,222988,630997,31.771639,35.241723,nig_epsg2039,31.771706,35.241792,9.8,ok,jer_kidron_east,0.445,jer_kidron_east:0.445;jer_siloam:0.554;jer_kidron_mon:0.640;jer_south_wall:0.680;jer_se_corner:0.695;jer_bir_ayyub:0.733;jer_gethsemane:0.892;jer_tyropoeon:0.921;jer_east_gate:0.924;jer_temple:0.951,jer_kidron_east:0.445;jer_siloam:0.554;jer_kidron_mon:0.640;jer_south_wall:0.680;jer_se_corner:0.695;jer_bir_ayyub:0.733;jer_gethsemane:0.892;jer_tyropoeon:0.921;jer_east_gate:0.924;jer_temple:0.951;jer_bethesda:1.219;mount_zion:1.240;jer_tombs_kings:2.220;jer_baqa:2.414,tomb;cave;building;rock_cut,cistern,Herodian,Herodian;bronze,yes,no,Approximate location of two rock-hewn burial caves near Har Ha-Mashhit (Jebel Batin,"Amos Kloner (Jerusalem survey); Uri Dinur and Nurit Feig (Benjamin survey), ASI Map of Jerusalem (102), site 438; survey.iaa.org.il record 11639; printed page not given online",https://survey.iaa.org.il/#/MapSurvey/63/site/11639
63,102,Jerusalem,439,11640,Har Ha-Zetim (Mount of Olives),הר הזיתים,,,no,,,31.772425,35.248655,geojson_point,,,,,jer_kidron_east,1.017,,jer_kidron_east:1.017;jer_kidron_mon:1.022;jer_gethsemane:1.168;jer_se_corner:1.192;jer_south_wall:1.204;jer_siloam:1.210;jer_east_gate:1.320;jer_bir_ayyub:1.331;jer_temple:1.415;jer_tyropoeon:1.453;jer_bethesda:1.569;mount_zion:1.897;jer_tombs_kings:2.567,tomb;cave;wall;inscription;rock_cut,cistern,,first century CE;Byzantine,yes,no,,"Amos Kloner (Jerusalem survey); Uri Dinur and Nurit Feig (Benjamin survey), ASI Map of Jerusalem (102), site 439; survey.iaa.org.il record 11640; printed page not given online",https://survey.iaa.org.il/#/MapSurvey/63/site/11640
63,102,Jerusalem,440,11641,Har Ha-Zetim (Mount of Olives),הר הזיתים,,3-1/20,yes,223318,631907,31.779845,35.245210,nig_epsg2039,31.779912,35.245279,9.8,ok,jer_gethsemane,0.548,jer_gethsemane:0.548;jer_kidron_mon:0.643;jer_east_gate:0.789;jer_se_corner:0.871;jer_bethesda:0.903;jer_kidron_east:0.920;jer_south_wall:0.922;jer_temple:0.950,jer_gethsemane:0.548;jer_kidron_mon:0.643;jer_east_gate:0.789;jer_se_corner:0.871;jer_bethesda:0.903;jer_kidron_east:0.920;jer_south_wall:0.922;jer_temple:0.950;jer_tyropoeon:1.086;jer_siloam:1.382;jer_bir_ayyub:1.654;jer_tombs_kings:1.795;mount_zion:1.813,building;mosaic;inscription,cave,"Byzantine,Arab ,Crusader",Byzantine;Crusader;bronze;iron;Bronze,no,no,Rectangular Byzantine church on Har Ha-Zetim (lane N of the Mount of,"Amos Kloner (Jerusalem survey); Uri Dinur and Nurit Feig (Benjamin survey), ASI Map of Jerusalem (102), site 440; survey.iaa.org.il record 11641; printed page not given online",https://survey.iaa.org.il/#/MapSurvey/63/site/11641
63,102,Jerusalem,441,11668,Wadi Nazil,ואדי נאזל,,,no,,,31.779818,35.256364,geojson_point,,,,,jer_gethsemane,1.601,,jer_gethsemane:1.601;jer_kidron_mon:1.645;jer_kidron_east:1.836;jer_east_gate:1.839;jer_se_corner:1.875;jer_south_wall:1.916;jer_bethesda:1.949;jer_temple:1.995;jer_tyropoeon:2.116;jer_siloam:2.196;jer_bir_ayyub:2.383;jer_tombs_kings:2.745;mount_zion:2.776,cistern;pool;settlement_ruin;pit;terrace;rock_cut,cave;spring_well,,Byzantine,no,no,,"Amos Kloner (Jerusalem survey); Uri Dinur and Nurit Feig (Benjamin survey), ASI Map of Jerusalem (102), site 441; survey.iaa.org.il record 11668; printed page not given online",https://survey.iaa.org.il/#/MapSurvey/63/site/11668
63,102,Jerusalem,442,11669,Wadi Nazil,ואדי נאזל,,,no,,,31.778918,35.252352,geojson_point,,,,,jer_gethsemane,1.223,,jer_gethsemane:1.223;jer_kidron_mon:1.254;jer_kidron_east:1.446;jer_east_gate:1.457;jer_se_corner:1.484;jer_south_wall:1.524;jer_bethesda:1.586;jer_temple:1.610;jer_tyropoeon:1.726;jer_siloam:1.819;jer_bir_ayyub:2.022;mount_zion:2.385;jer_tombs_kings:2.436,tomb;cave;pit;rock_cut,cistern,,,unknown,no,,"Amos Kloner (Jerusalem survey); Uri Dinur and Nurit Feig (Benjamin survey), ASI Map of Jerusalem (102), site 442; survey.iaa.org.il record 11669; printed page not given online",https://survey.iaa.org.il/#/MapSurvey/63/site/11669
63,102,Jerusalem,443,11674,Wadi Nazil,ואדי נאזל,,,no,,,31.778286,35.253724,geojson_point,,,,,jer_gethsemane,1.357,,jer_gethsemane:1.357;jer_kidron_mon:1.373;jer_kidron_east:1.545;jer_east_gate:1.588;jer_se_corner:1.601;jer_south_wall:1.639;jer_bethesda:1.726;jer_temple:1.738;jer_tyropoeon:1.848;jer_siloam:1.895;jer_bir_ayyub:2.081;mount_zion:2.485;jer_tombs_kings:2.583,terrace,,,Herodian;Byzantine,yes,no,,"Amos Kloner (Jerusalem survey); Uri Dinur and Nurit Feig (Benjamin survey), ASI Map of Jerusalem (102), site 443; survey.iaa.org.il record 11674; printed page not given online",https://survey.iaa.org.il/#/MapSurvey/63/site/11674
63,102,Jerusalem,444,11677,Wadi Nazil,ואדי נאזל,,,no,,,31.778015,35.254358,geojson_point,,,,,jer_gethsemane,1.420,,jer_gethsemane:1.420;jer_kidron_mon:1.430;jer_kidron_east:1.594;jer_east_gate:1.649;jer_se_corner:1.656;jer_south_wall:1.693;jer_bethesda:1.791;jer_temple:1.798;jer_tyropoeon:1.905;jer_siloam:1.933;jer_bir_ayyub:2.112;mount_zion:2.534;jer_tombs_kings:2.650,tomb;cave;pit;rock_cut,cistern,,Herodian,yes,no,,"Amos Kloner (Jerusalem survey); Uri Dinur and Nurit Feig (Benjamin survey), ASI Map of Jerusalem (102), site 444; survey.iaa.org.il record 11677; printed page not given online",https://survey.iaa.org.il/#/MapSurvey/63/site/11677
63,102,Jerusalem,445,11685,El ‘Eizariya (northwest),אל־עיזריה (צפון־מערב),,,no,,,31.773957,35.254461,geojson_point,,,,,jer_kidron_mon,1.475,,jer_kidron_mon:1.475;jer_gethsemane:1.545;jer_kidron_east:1.547;jer_se_corner:1.678;jer_south_wall:1.702;jer_east_gate:1.745;jer_siloam:1.783;jer_temple:1.869;jer_bir_ayyub:1.901;jer_tyropoeon:1.940;jer_bethesda:1.945;mount_zion:2.457;jer_tombs_kings:2.886,cistern;pool;conduit;tomb;cave;rock_cut,,,,unknown,no,,"Amos Kloner (Jerusalem survey); Uri Dinur and Nurit Feig (Benjamin survey), ASI Map of Jerusalem (102), site 445; survey.iaa.org.il record 11685; printed page not given online",https://survey.iaa.org.il/#/MapSurvey/63/site/11685
63,102,Jerusalem,446,11702,351751 El ‘Eizariya (northwest),אל-עיזריה (צפון-מערב),,,no,,,31.773687,35.253406,geojson_point,,,,,jer_kidron_mon,1.385,,jer_kidron_mon:1.385;jer_kidron_east:1.448;jer_gethsemane:1.467;jer_se_corner:1.585;jer_south_wall:1.607;jer_east_gate:1.661;jer_siloam:1.679;jer_temple:1.782;jer_bir_ayyub:1.797;jer_tyropoeon:1.848;jer_bethesda:1.869;mount_zion:2.355;jer_tombs_kings:2.821,cistern;quarry;rock_cut,,,,unknown,no,,"Amos Kloner (Jerusalem survey); Uri Dinur and Nurit Feig (Benjamin survey), ASI Map of Jerusalem (102), site 446; survey.iaa.org.il record 11702; printed page not given online",https://survey.iaa.org.il/#/MapSurvey/63/site/11702
63,102,Jerusalem,447,11953,El 'Eizariya (northwest),אל-עיזריה (צפון-מערב),,,no,,,31.773416,35.252561,geojson_point,,,,,jer_kidron_mon,1.318,,jer_kidron_mon:1.318;jer_kidron_east:1.370;jer_gethsemane:1.409;jer_se_corner:1.513;jer_south_wall:1.534;jer_siloam:1.594;jer_east_gate:1.597;jer_bir_ayyub:1.712;jer_temple:1.714;jer_tyropoeon:1.776;jer_bethesda:1.813;mount_zion:2.272;jer_tombs_kings:2.775,cistern;conduit;terrace;rock_cut,cave,,,unknown,no,,"Amos Kloner (Jerusalem survey); Uri Dinur and Nurit Feig (Benjamin survey), ASI Map of Jerusalem (102), site 447; survey.iaa.org.il record 11953; printed page not given online",https://survey.iaa.org.il/#/MapSurvey/63/site/11953
63,102,Jerusalem,448,13747,Wadi Nazil,ואדי נאזל,,,no,,,31.777293,35.255202,geojson_point,,,,,jer_kidron_mon,1.505,,jer_kidron_mon:1.505;jer_gethsemane:1.510;jer_kidron_east:1.653;jer_se_corner:1.729;jer_east_gate:1.735;jer_south_wall:1.764;jer_temple:1.880;jer_bethesda:1.887;jer_siloam:1.971;jer_tyropoeon:1.982;jer_bir_ayyub:2.135;mount_zion:2.590;jer_tombs_kings:2.757,tomb;cave;pit;rock_cut,cistern,,Herodian;Hasmonean,yes,no,,"Amos Kloner (Jerusalem survey); Uri Dinur and Nurit Feig (Benjamin survey), ASI Map of Jerusalem (102), site 448; survey.iaa.org.il record 13747; printed page not given online",https://survey.iaa.org.il/#/MapSurvey/63/site/13747
63,102,Jerusalem,449,13748,Bethphage,בית פגי,,,no,,,31.776933,35.252668,geojson_point,,,,,jer_kidron_mon,1.266,,jer_kidron_mon:1.266;jer_gethsemane:1.282;jer_kidron_east:1.410;jer_se_corner:1.488;jer_east_gate:1.503;jer_south_wall:1.522;jer_temple:1.644;jer_bethesda:1.667;jer_siloam:1.737;jer_tyropoeon:1.742;jer_bir_ayyub:1.912;mount_zion:2.348;jer_tombs_kings:2.566,pool;tomb;cave;pit;inscription;rock_cut,cistern,,Herodian;Hasmonean;Roman;Crusader,yes,no,,"Amos Kloner (Jerusalem survey); Uri Dinur and Nurit Feig (Benjamin survey), ASI Map of Jerusalem (102), site 449; survey.iaa.org.il record 13748; printed page not given online",https://survey.iaa.org.il/#/MapSurvey/63/site/13748
63,102,Jerusalem,450,13749,Bet ‘Anya (Bethany),בית עניה,,,no,,,31.771793,35.252560,geojson_point,,,,,jer_kidron_mon,1.383,,jer_kidron_mon:1.383;jer_kidron_east:1.393;jer_gethsemane:1.503;jer_siloam:1.562;jer_se_corner:1.563;jer_south_wall:1.577;jer_bir_ayyub:1.648;jer_east_gate:1.674;jer_temple:1.779;jer_tyropoeon:1.824;jer_bethesda:1.908;mount_zion:2.264;jer_tombs_kings:2.888,tomb;cave;road;rock_cut,cistern,,Herodian;Hasmonean,yes,no,,"Amos Kloner (Jerusalem survey); Uri Dinur and Nurit Feig (Benjamin survey), ASI Map of Jerusalem (102), site 450; survey.iaa.org.il record 13749; printed page not given online",https://survey.iaa.org.il/#/MapSurvey/63/site/13749
63,102,Jerusalem,451,13750,Qiryat Shemu'el,קרית שמואל,,,no,,,31.771168,35.213712,geojson_point,,,,,mount_zion,1.410,,mount_zion:1.410;jer_baqa:1.494;jer_tyropoeon:2.044;jer_siloam:2.126;jer_bir_ayyub:2.152;jer_temple:2.191;jer_south_wall:2.229;jer_se_corner:2.271;jer_kidron_east:2.330;jer_east_gate:2.358;jer_bethesda:2.380;jer_tombs_kings:2.421;jer_kidron_mon:2.503;jer_gethsemane:2.599,tomb;cave;inscription;rock_cut,cistern,,Herodian,yes,no,,"Amos Kloner (Jerusalem survey); Uri Dinur and Nurit Feig (Benjamin survey), ASI Map of Jerusalem (102), site 451; survey.iaa.org.il record 13750; printed page not given online",https://survey.iaa.org.il/#/MapSurvey/63/site/13750
63,102,Jerusalem,452,13751,Qomemiyut,קוממיות,,,no,,,31.768102,35.215400,geojson_point,,,,,jer_baqa,1.118,,jer_baqa:1.118;mount_zion:1.310;jer_bir_ayyub:1.949;jer_siloam:1.975;jer_tyropoeon:2.035;jer_south_wall:2.186;jer_temple:2.197;jer_se_corner:2.235;jer_kidron_east:2.250;jer_east_gate:2.363;jer_bethesda:2.432;jer_kidron_mon:2.465;jer_gethsemane:2.597;jer_tombs_kings:2.618,tomb;cave;building;wall;rock_cut,cistern,,,unknown,no,,"Amos Kloner (Jerusalem survey); Uri Dinur and Nurit Feig (Benjamin survey), ASI Map of Jerusalem (102), site 452; survey.iaa.org.il record 13751; printed page not given online",https://survey.iaa.org.il/#/MapSurvey/63/site/13751
63,102,Jerusalem,453,13752,Qiryat Shemu’el,קרית שמואל,,,no,,,31.767831,35.211284,geojson_point,,,,,jer_baqa,1.319,,jer_baqa:1.319;mount_zion:1.693;jer_bir_ayyub:2.337;jer_siloam:2.365;jer_tyropoeon:2.395;jer_temple:2.552;jer_south_wall:2.558;jer_se_corner:2.605;jer_kidron_east:2.632;jer_east_gate:2.719;jer_bethesda:2.767;jer_kidron_mon:2.837;jer_tombs_kings:2.856;jer_gethsemane:2.956,tomb;cave;rock_cut,cistern,,Herodian,yes,no,,"Amos Kloner (Jerusalem survey); Uri Dinur and Nurit Feig (Benjamin survey), ASI Map of Jerusalem (102), site 453; survey.iaa.org.il record 13752; printed page not given online",https://survey.iaa.org.il/#/MapSurvey/63/site/13752
63,102,Jerusalem,454,13753,Qomemiyut (south),קוממיות (דרום),,,no,,,31.767200,35.215400,geojson_point,,,,,jer_baqa,1.029,,jer_baqa:1.029;mount_zion:1.344;jer_bir_ayyub:1.946;jer_siloam:1.988;jer_tyropoeon:2.085;jer_south_wall:2.228;jer_temple:2.250;jer_se_corner:2.278;jer_kidron_east:2.283;jer_east_gate:2.416;jer_bethesda:2.494;jer_kidron_mon:2.507;jer_gethsemane:2.647;jer_tombs_kings:2.705,tomb;cave;pit;inscription;rock_cut,cistern,,Herodian,yes,no,,"Amos Kloner (Jerusalem survey); Uri Dinur and Nurit Feig (Benjamin survey), ASI Map of Jerusalem (102), site 454; survey.iaa.org.il record 13753; printed page not given online",https://survey.iaa.org.il/#/MapSurvey/63/site/13753
63,102,Jerusalem,455,13754,Ge Ben Hinnom,גיא בן-הנום,,1-0/1,yes,221688,630597,31.768035,35.227999,nig_epsg2039,31.768101,35.228068,9.8,ok,mount_zion,0.408,mount_zion:0.408;jer_bir_ayyub:0.761;jer_siloam:0.804,mount_zion:0.408;jer_bir_ayyub:0.761;jer_siloam:0.804;jer_tyropoeon:1.154;jer_kidron_east:1.175;jer_baqa:1.197;jer_south_wall:1.198;jer_se_corner:1.256;jer_temple:1.331;jer_kidron_mon:1.461;jer_east_gate:1.474;jer_bethesda:1.659;jer_gethsemane:1.664;jer_tombs_kings:2.281,tomb;cave;rock_cut,cistern,Iron Age II,Iron Age,no,no,Three rock-hewn burial caves attributed to the Iron Age II on bank,"Amos Kloner (Jerusalem survey); Uri Dinur and Nurit Feig (Benjamin survey), ASI Map of Jerusalem (102), site 455; survey.iaa.org.il record 13754; printed page not given online",https://survey.iaa.org.il/#/MapSurvey/63/site/13754
63,102,Jerusalem,456,13755,Ge Ben Hinnom,גיא בן-הנום,,1-0/2,yes,221728,630577,31.767855,35.228421,nig_epsg2039,31.767920,35.228490,9.8,ok,mount_zion,0.425,mount_zion:0.425;jer_bir_ayyub:0.719;jer_siloam:0.772,mount_zion:0.425;jer_bir_ayyub:0.719;jer_siloam:0.772;jer_tyropoeon:1.151;jer_kidron_east:1.155;jer_south_wall:1.186;jer_baqa:1.204;jer_se_corner:1.245;jer_temple:1.328;jer_kidron_mon:1.446;jer_east_gate:1.468;jer_gethsemane:1.654;jer_bethesda:1.660;jer_tombs_kings:2.299,tomb;cave;rock_cut,cistern,Herodian,Herodian,yes,no,Rock-hewn Herodian burial cave on bank of Ge Ben Hinnom: three chambers,"Amos Kloner (Jerusalem survey); Uri Dinur and Nurit Feig (Benjamin survey), ASI Map of Jerusalem (102), site 456; survey.iaa.org.il record 13755; printed page not given online",https://survey.iaa.org.il/#/MapSurvey/63/site/13755
63,102,Jerusalem,457,13756,Ge Ben Hinnom,גיא בן-הנום,,1-0/3,yes,221768,630547,31.767584,35.228843,nig_epsg2039,31.767650,35.228912,9.8,ok,mount_zion,0.455,mount_zion:0.455;jer_bir_ayyub:0.677;jer_siloam:0.745,mount_zion:0.455;jer_bir_ayyub:0.677;jer_siloam:0.745;jer_kidron_east:1.143;jer_tyropoeon:1.160;jer_south_wall:1.184;jer_baqa:1.204;jer_se_corner:1.243;jer_temple:1.336;jer_kidron_mon:1.439;jer_east_gate:1.472;jer_gethsemane:1.653;jer_bethesda:1.671;jer_tombs_kings:2.328,tomb;cave;rock_cut,cistern,"Iron Age II,Herodian,Byzantine",Herodian;Byzantine;Iron Age,yes,no,Rock-hewn burial cave on bank of Ge Ben Hinnom. consisting of a,"Amos Kloner (Jerusalem survey); Uri Dinur and Nurit Feig (Benjamin survey), ASI Map of Jerusalem (102), site 457; survey.iaa.org.il record 13756; printed page not given online",https://survey.iaa.org.il/#/MapSurvey/63/site/13756
63,102,Jerusalem,458,13757,Ge Ben Hinnom,גיא בן-הנום,,1-0/4,yes,221838,630547,31.767584,35.229582,nig_epsg2039,31.767650,35.229651,9.8,ok,mount_zion,0.464,mount_zion:0.464;jer_bir_ayyub:0.607;jer_siloam:0.681,mount_zion:0.464;jer_bir_ayyub:0.607;jer_siloam:0.681;jer_kidron_east:1.091;jer_tyropoeon:1.131;jer_south_wall:1.142;jer_se_corner:1.201;jer_baqa:1.250;jer_temple:1.305;jer_kidron_mon:1.392;jer_east_gate:1.437;jer_gethsemane:1.612;jer_bethesda:1.645;jer_tombs_kings:2.328,tomb;cave;rock_cut,cistern,,Herodian,yes,no,"Wide facade of an incompletely hewn (Herodian?) burial cave, on scarp of","Amos Kloner (Jerusalem survey); Uri Dinur and Nurit Feig (Benjamin survey), ASI Map of Jerusalem (102), site 458; survey.iaa.org.il record 13757; printed page not given online",https://survey.iaa.org.il/#/MapSurvey/63/site/13757
63,102,Jerusalem,459,13758,Giv'at Hananya,גבעת חנניה,Abu Tor (M); Deir Abu Tur (M),1-0/5,yes,221788,630497,31.767133,35.229054,nig_epsg2039,31.767199,35.229123,9.8,ok,mount_zion,0.506,mount_zion:0.506;jer_bir_ayyub:0.656;jer_siloam:0.747,mount_zion:0.506;jer_bir_ayyub:0.656;jer_siloam:0.747;jer_kidron_east:1.161;jer_baqa:1.179;jer_tyropoeon:1.197;jer_south_wall:1.212;jer_se_corner:1.271;jer_temple:1.372;jer_kidron_mon:1.463;jer_east_gate:1.505;jer_gethsemane:1.682;jer_bethesda:1.710;jer_tombs_kings:2.378,tomb;cave;rock_cut,cistern,Herodian,Herodian,yes,no,"Rock-hewn Herodian burial cave on slope (examined in the nineteenth century): antechamber,","Amos Kloner (Jerusalem survey); Uri Dinur and Nurit Feig (Benjamin survey), ASI Map of Jerusalem (102), site 459; survey.iaa.org.il record 13758; printed page not given online",https://survey.iaa.org.il/#/MapSurvey/63/site/13758
63,102,Jerusalem,460,13759,Giv'at Hananya,גבעת חנניה,Abu Tor (M),1-0/6-9,yes,221808,630447,31.766682,35.229265,nig_epsg2039,31.766748,35.229335,9.8,ok,mount_zion,0.558,mount_zion:0.558;jer_bir_ayyub:0.638;jer_siloam:0.753,mount_zion:0.558;jer_bir_ayyub:0.638;jer_siloam:0.753;jer_baqa:1.156;jer_kidron_east:1.182;jer_tyropoeon:1.235;jer_south_wall:1.242;jer_se_corner:1.301;jer_temple:1.409;jer_kidron_mon:1.488;jer_east_gate:1.539;jer_gethsemane:1.712;jer_bethesda:1.749;jer_tombs_kings:2.428,pool;conduit;tomb;cave;wall;pit;rock_cut,cistern,Hasmonean,Hasmonean;first century BCE,yes,no,Rock-hewn burial caves on slope: (1) Blocked cave with a forecourt facing,"Amos Kloner (Jerusalem survey); Uri Dinur and Nurit Feig (Benjamin survey), ASI Map of Jerusalem (102), site 460; survey.iaa.org.il record 13759; printed page not given online",https://survey.iaa.org.il/#/MapSurvey/63/site/13759
63,102,Jerusalem,461,13760,Hevron Road,דרך חברון,,1-0/10,yes,221288,630297,31.765331,35.223776,nig_epsg2039,31.765396,35.223845,9.8,ok,jer_baqa,0.740,jer_baqa:0.740;mount_zion:0.840,jer_baqa:0.740;mount_zion:0.840;jer_bir_ayyub:1.173;jer_siloam:1.284;jer_tyropoeon:1.627;jer_kidron_east:1.675;jer_south_wall:1.692;jer_se_corner:1.750;jer_temple:1.805;jer_east_gate:1.955;jer_kidron_mon:1.958;jer_bethesda:2.118;jer_gethsemane:2.155;jer_tombs_kings:2.629;ramat_rahel:2.854,tomb;cave;road;rock_cut,cistern,Herodian,Herodian,yes,no,"Rock-hewn Herodian burial cave, containing kokhim, on moderate slope (in the Railroad","Amos Kloner (Jerusalem survey); Uri Dinur and Nurit Feig (Benjamin survey), ASI Map of Jerusalem (102), site 461; survey.iaa.org.il record 13760; printed page not given online",https://survey.iaa.org.il/#/MapSurvey/63/site/13760
63,102,Jerusalem,462,13761,Hevron Road,דרך חברון,,1-0/11,yes,221388,630297,31.765330,35.224831,nig_epsg2039,31.765396,35.224901,9.8,ok,jer_baqa,0.783,jer_baqa:0.783;mount_zion:0.790,jer_baqa:0.783;mount_zion:0.790;jer_bir_ayyub:1.075;jer_siloam:1.194;jer_tyropoeon:1.569;jer_kidron_east:1.596;jer_south_wall:1.622;jer_se_corner:1.680;jer_temple:1.747;jer_kidron_mon:1.885;jer_east_gate:1.893;jer_bethesda:2.066;jer_gethsemane:2.088;jer_tombs_kings:2.611;ramat_rahel:2.871,tomb;cave;road;pit;rock_cut,cistern,Herodian,Herodian,yes,no,Rock-hewn Herodian burial cave (partly ruinous) on moderate slope (in the railroad,"Amos Kloner (Jerusalem survey); Uri Dinur and Nurit Feig (Benjamin survey), ASI Map of Jerusalem (102), site 462; survey.iaa.org.il record 13761; printed page not given online",https://survey.iaa.org.il/#/MapSurvey/63/site/13761
63,102,Jerusalem,463,13762,Giv'at Hananya,גבעת חנניה,,1-0/12,yes,221618,630137,31.763887,35.227259,nig_epsg2039,31.763952,35.227328,9.8,ok,jer_baqa,0.804,jer_baqa:0.804;mount_zion:0.875;jer_bir_ayyub:0.904,jer_baqa:0.804;mount_zion:0.875;jer_bir_ayyub:0.904;jer_siloam:1.087;jer_kidron_east:1.538;jer_tyropoeon:1.595;jer_south_wall:1.606;jer_se_corner:1.664;jer_temple:1.770;jer_kidron_mon:1.850;jer_east_gate:1.903;jer_gethsemane:2.075;jer_bethesda:2.108;jer_tombs_kings:2.745;ramat_rahel:2.770,tomb;cave;pit;rock_cut,cistern,Herodian,Herodian,yes,no,Rock-hewn Herodian burial cave on slope: a chamber with a central standing,"Amos Kloner (Jerusalem survey); Uri Dinur and Nurit Feig (Benjamin survey), ASI Map of Jerusalem (102), site 463; survey.iaa.org.il record 13762; printed page not given online",https://survey.iaa.org.il/#/MapSurvey/63/site/13762
63,102,Jerusalem,464,13763,Liberty Bell Garden,גן פעמון הדרור,,1-0/13,yes,221038,630777,31.769660,35.221137,nig_epsg2039,31.769725,35.221207,9.7,ok,mount_zion,0.741,mount_zion:0.741,mount_zion:0.741;jer_baqa:1.167;jer_siloam:1.421;jer_bir_ayyub:1.430;jer_tyropoeon:1.480;jer_south_wall:1.621;jer_temple:1.648;jer_se_corner:1.671;jer_kidron_east:1.681;jer_east_gate:1.812;jer_kidron_mon:1.900;jer_bethesda:1.905;jer_gethsemane:2.042;jer_tombs_kings:2.231,cistern;pool;conduit,,"Hasmonean,Herodian",Hasmonean;Herodian;Byzantine;British Mandate,yes,no,Rock-cuttings and two large cisterns in valley. Among the cuttings are separation,"Amos Kloner (Jerusalem survey); Uri Dinur and Nurit Feig (Benjamin survey), ASI Map of Jerusalem (102), site 464; survey.iaa.org.il record 13763; printed page not given online",https://survey.iaa.org.il/#/MapSurvey/63/site/13763
63,102,Jerusalem,465,13764,'Ketef Hinnom','כתף הנום',,"1-0/14, 15",yes,221368,630757,31.769479,35.224621,nig_epsg2039,31.769544,35.224690,9.8,ok,mount_zion,0.449,mount_zion:0.449,mount_zion:0.449;jer_siloam:1.093;jer_bir_ayyub:1.104;jer_baqa:1.201;jer_tyropoeon:1.232;jer_south_wall:1.342;jer_kidron_east:1.378;jer_se_corner:1.395;jer_temple:1.406;jer_east_gate:1.566;jer_kidron_mon:1.619;jer_bethesda:1.696;jer_gethsemane:1.784;jer_tombs_kings:2.161,cistern;conduit;tomb;building;wall;quarry;mosaic;rock_cut,cave,"Iron Age II,Roman,Late Roman,Byzantine",Byzantine;Roman;Iron Age;late Roman;Late Roman,overlaps,no,Remains of a Byzantine church on shoulder of hill (near St. Andrew’s,"Amos Kloner (Jerusalem survey); Uri Dinur and Nurit Feig (Benjamin survey), ASI Map of Jerusalem (102), site 465; survey.iaa.org.il record 13764; printed page not given online",https://survey.iaa.org.il/#/MapSurvey/63/site/13764
63,102,Jerusalem,466,13765,'Ketef Hinnom','כתף הנום',,1-0/16,yes,221438,630707,31.769028,35.225360,nig_epsg2039,31.769093,35.225429,9.8,ok,mount_zion,0.425,mount_zion:0.425,mount_zion:0.425;jer_bir_ayyub:1.025;jer_siloam:1.028;jer_baqa:1.177;jer_tyropoeon:1.217;jer_south_wall:1.312;jer_kidron_east:1.335;jer_se_corner:1.367;jer_temple:1.393;jer_east_gate:1.549;jer_kidron_mon:1.587;jer_bethesda:1.694;jer_gethsemane:1.762;jer_tombs_kings:2.197,cistern;conduit;tomb;cave;building;wall;pit;quarry;installation;inscription;rock_cut,,"Iron Age II,Babylonian,Persian,Hellenistic,Hasmonean,Herodian,Late Roman",Iron Age;Persian;Hellenistic;Hasmonean;Herodian;Second Temple;Late Roman;Byzantine,yes,no,"Cemetery attributed to the Iron Age II, on shoulder of hill. Excavations","Amos Kloner (Jerusalem survey); Uri Dinur and Nurit Feig (Benjamin survey), ASI Map of Jerusalem (102), site 466; survey.iaa.org.il record 13765; printed page not given online",https://survey.iaa.org.il/#/MapSurvey/63/site/13765
63,102,Jerusalem,467,13766,Hevron Road,דרך חברון,,1-0/17,yes,221488,630597,31.768036,35.225887,nig_epsg2039,31.768101,35.225957,9.8,ok,mount_zion,0.479,mount_zion:0.479;jer_bir_ayyub:0.960;jer_siloam:0.997,mount_zion:0.479;jer_bir_ayyub:0.960;jer_siloam:0.997;jer_baqa:1.096;jer_tyropoeon:1.267;jer_south_wall:1.342;jer_kidron_east:1.343;jer_se_corner:1.398;jer_temple:1.445;jer_east_gate:1.596;jer_kidron_mon:1.612;jer_bethesda:1.757;jer_gethsemane:1.800;jer_tombs_kings:2.299,tomb;cave;building;wall;road;quarry;rock_cut,cistern,Hasmonean,Hasmonean;bronze;iron;second century BCE;first century BCE,yes,no,Rock-hewn burial cave with a forecourt on slope (parking lot near Hevron,"Amos Kloner (Jerusalem survey); Uri Dinur and Nurit Feig (Benjamin survey), ASI Map of Jerusalem (102), site 467; survey.iaa.org.il record 13766; printed page not given online",https://survey.iaa.org.il/#/MapSurvey/63/site/13766
63,102,Jerusalem,468,13767,German Colony,המושבה הגרמנית,,1-0/18,yes,220988,630457,31.766774,35.220609,nig_epsg2039,31.766839,35.220679,9.7,ok,jer_baqa,0.846,jer_baqa:0.846;mount_zion:0.932,jer_baqa:0.846;mount_zion:0.932;jer_bir_ayyub:1.455;jer_siloam:1.515;jer_tyropoeon:1.715;jer_south_wall:1.824;jer_kidron_east:1.848;jer_se_corner:1.878;jer_temple:1.889;jer_east_gate:2.049;jer_kidron_mon:2.100;jer_bethesda:2.171;jer_gethsemane:2.268;jer_tombs_kings:2.550;ramat_rahel:2.982,tomb;cave;wall;rock_cut,cistern,"Iron Age II,Hellenistic",Iron Age;Hellenistic,overlaps,no,"Rock-hewn burial cave on slope (near Z. Gratz St.). Excavation (G. Avni,","Amos Kloner (Jerusalem survey); Uri Dinur and Nurit Feig (Benjamin survey), ASI Map of Jerusalem (102), site 468; survey.iaa.org.il record 13767; printed page not given online",https://survey.iaa.org.il/#/MapSurvey/63/site/13767
63,102,Jerusalem,469,13768,Giv'at Hananya,גבעת חנניה,,1-0/19,yes,221598,630387,31.766142,35.227048,nig_epsg2039,31.766207,35.227118,9.8,ok,mount_zion,0.632,mount_zion:0.632;jer_bir_ayyub:0.853;jer_siloam:0.966;jer_baqa:0.973,mount_zion:0.632;jer_bir_ayyub:0.853;jer_siloam:0.966;jer_baqa:0.973;jer_kidron_east:1.376;jer_tyropoeon:1.381;jer_south_wall:1.416;jer_se_corner:1.474;jer_temple:1.558;jer_kidron_mon:1.673;jer_east_gate:1.698;jer_gethsemane:1.884;jer_bethesda:1.888;jer_tombs_kings:2.497,building;wall;settlement_ruin,,"Byzantine,Ottoman",Ottoman;bronze;Byzantine,no,no,Remains of a building (house?) on hill (H. Goldfuss and Z.M. Gozlan.,"Amos Kloner (Jerusalem survey); Uri Dinur and Nurit Feig (Benjamin survey), ASI Map of Jerusalem (102), site 469; survey.iaa.org.il record 13768; printed page not given online",https://survey.iaa.org.il/#/MapSurvey/63/site/13768
63,102,Jerusalem,470,13769,Giv'at Hananya,גבעת חנניה,,1-0/20,yes,221488,630497,31.767134,35.225887,nig_epsg2039,31.767199,35.225957,9.8,ok,mount_zion,0.566,mount_zion:0.566;jer_bir_ayyub:0.955,mount_zion:0.566;jer_bir_ayyub:0.955;jer_baqa:1.007;jer_siloam:1.025;jer_tyropoeon:1.347;jer_kidron_east:1.397;jer_south_wall:1.409;jer_se_corner:1.467;jer_temple:1.525;jer_east_gate:1.673;jer_kidron_mon:1.676;jer_bethesda:1.843;jer_gethsemane:1.872;jer_tombs_kings:2.398,tomb;rock_cut,,,,unknown,no,Approximate location of a rock-hewn arcosolia tomb on slope (‘En Rogel St.;,"Amos Kloner (Jerusalem survey); Uri Dinur and Nurit Feig (Benjamin survey), ASI Map of Jerusalem (102), site 470; survey.iaa.org.il record 13769; printed page not given online",https://survey.iaa.org.il/#/MapSurvey/63/site/13769
63,102,Jerusalem,471,13770,Giv'at Hananya,גבעת חנניה,,1-0/21,yes,221488,630297,31.765330,35.225887,nig_epsg2039,31.765395,35.225956,9.8,ok,mount_zion,0.750,mount_zion:0.750;jer_baqa:0.836;jer_bir_ayyub:0.978,mount_zion:0.750;jer_baqa:0.836;jer_bir_ayyub:0.978;jer_siloam:1.106;jer_tyropoeon:1.514;jer_kidron_east:1.518;jer_south_wall:1.555;jer_se_corner:1.614;jer_temple:1.692;jer_kidron_mon:1.814;jer_east_gate:1.834;jer_bethesda:2.018;jer_gethsemane:2.023;jer_tombs_kings:2.597;ramat_rahel:2.892,cistern;tomb;cave;building;rock_cut,,Early Arab,,unknown,no,Approximate location of a rock-hewn burial cave (discovered in 1950). Nearby (5,"Amos Kloner (Jerusalem survey); Uri Dinur and Nurit Feig (Benjamin survey), ASI Map of Jerusalem (102), site 471; survey.iaa.org.il record 13770; printed page not given online",https://survey.iaa.org.il/#/MapSurvey/63/site/13770
63,102,Jerusalem,472,13771,Giv'at Hananya,גבעת חנניה,,1-0/27,yes,221488,630407,31.766322,35.225887,nig_epsg2039,31.766387,35.225957,9.8,ok,mount_zion,0.648,mount_zion:0.648;jer_baqa:0.928;jer_bir_ayyub:0.960,mount_zion:0.648;jer_baqa:0.928;jer_bir_ayyub:0.960;jer_siloam:1.057;jer_tyropoeon:1.421;jer_kidron_east:1.449;jer_south_wall:1.474;jer_se_corner:1.531;jer_temple:1.599;jer_kidron_mon:1.736;jer_east_gate:1.745;jer_bethesda:1.921;jer_gethsemane:1.939;jer_tombs_kings:2.488;ramat_rahel:3.000,cave;dovecote;rock_cut,,"Hasmonean,Herodian",Hasmonean;Herodian,yes,no,Rock-hewn rectangular columbarium cave on slope facing N. documented in the nineteenth,"Amos Kloner (Jerusalem survey); Uri Dinur and Nurit Feig (Benjamin survey), ASI Map of Jerusalem (102), site 472; survey.iaa.org.il record 13771; printed page not given online",https://survey.iaa.org.il/#/MapSurvey/63/site/13771
63,102,Jerusalem,473,13772,Giv'at Hananya,גבעת חנניה,,1-0/22,yes,221608,630327,31.765601,35.227154,nig_epsg2039,31.765666,35.227223,9.8,ok,mount_zion,0.689,mount_zion:0.689;jer_bir_ayyub:0.854;jer_baqa:0.933;jer_siloam:0.986,mount_zion:0.689;jer_bir_ayyub:0.854;jer_baqa:0.933;jer_siloam:0.986;jer_kidron_east:1.409;jer_tyropoeon:1.429;jer_south_wall:1.456;jer_se_corner:1.515;jer_temple:1.605;jer_kidron_mon:1.710;jer_east_gate:1.743;jer_gethsemane:1.926;jer_bethesda:1.938;jer_tombs_kings:2.556;ramat_rahel:2.951,cistern;tomb;cave;building;wall;installation;mosaic;rock_cut,,"Hasmonean,Herodian,Byzantine",Byzantine;Herodian;Hasmonean,yes,no,Segment of a mosaic floor ornamented in a geometric pattern on hill,"Amos Kloner (Jerusalem survey); Uri Dinur and Nurit Feig (Benjamin survey), ASI Map of Jerusalem (102), site 473; survey.iaa.org.il record 13772; printed page not given online",https://survey.iaa.org.il/#/MapSurvey/63/site/13772
63,102,Jerusalem,474,13773,Giv'at Hananya,גבעת חנניה,,1-0/23,yes,221888,630297,31.765329,35.230109,nig_epsg2039,31.765395,35.230179,9.8,ok,jer_bir_ayyub,0.594,jer_bir_ayyub:0.594;mount_zion:0.719;jer_siloam:0.779,jer_bir_ayyub:0.594;mount_zion:0.719;jer_siloam:0.779;jer_baqa:1.114;jer_kidron_east:1.242;jer_south_wall:1.330;jer_tyropoeon:1.350;jer_se_corner:1.389;jer_temple:1.519;jer_kidron_mon:1.562;jer_east_gate:1.640;jer_gethsemane:1.798;jer_bethesda:1.866;jer_tombs_kings:2.580,tomb;cave;pit;rock_cut,cistern,Herodian,Herodian,yes,no,Rock-hewn Herodian burial cave on E slope of Giv'at Hananya (examined by,"Amos Kloner (Jerusalem survey); Uri Dinur and Nurit Feig (Benjamin survey), ASI Map of Jerusalem (102), site 474; survey.iaa.org.il record 13773; printed page not given online",https://survey.iaa.org.il/#/MapSurvey/63/site/13773
63,102,Jerusalem,475,13774,Mishkenot Sha'anannim (south),משכנות שאננים (דרום),,1-0/24,yes,221318,630867,31.770471,35.224093,nig_epsg2039,31.770536,35.224163,9.8,ok,mount_zion,0.447,mount_zion:0.447,mount_zion:0.447;jer_siloam:1.142;jer_bir_ayyub:1.182;jer_tyropoeon:1.200;jer_baqa:1.294;jer_south_wall:1.330;jer_temple:1.371;jer_se_corner:1.381;jer_kidron_east:1.387;jer_east_gate:1.533;jer_kidron_mon:1.609;jer_bethesda:1.645;jer_gethsemane:1.758;jer_tombs_kings:2.064,conduit;tomb;quarry;terrace;rock_cut,cistern;cave,"Herodian,Late Roman",Herodian;Late Roman,yes,no,Quarries of the Herodian period on natural rock terraces facing E. Nearby,"Amos Kloner (Jerusalem survey); Uri Dinur and Nurit Feig (Benjamin survey), ASI Map of Jerusalem (102), site 475; survey.iaa.org.il record 13774; printed page not given online",https://survey.iaa.org.il/#/MapSurvey/63/site/13774
63,102,Jerusalem,476,13775,Yemin Moshe,ימין משה,,1-0/25,yes,221248,630977,31.771463,35.223355,nig_epsg2039,31.771528,35.223424,9.7,ok,mount_zion,0.497,mount_zion:0.497,mount_zion:0.497;jer_tyropoeon:1.196;jer_siloam:1.220;jer_bir_ayyub:1.285;jer_south_wall:1.348;jer_temple:1.361;jer_baqa:1.388;jer_se_corner:1.396;jer_kidron_east:1.427;jer_east_gate:1.527;jer_bethesda:1.615;jer_kidron_mon:1.627;jer_gethsemane:1.758;jer_tombs_kings:1.975,conduit;quarry;rock_cut,tomb;cave,,,unknown,no,"Rock-hewn tunnel on slope: a segment 32 m long, runs from S-SE","Amos Kloner (Jerusalem survey); Uri Dinur and Nurit Feig (Benjamin survey), ASI Map of Jerusalem (102), site 476; survey.iaa.org.il record 13775; printed page not given online",https://survey.iaa.org.il/#/MapSurvey/63/site/13775
63,102,Jerusalem,477,13776,Shim'a,שמעה,,1-0/26,yes,221508,630797,31.769839,35.226099,nig_epsg2039,31.769905,35.226168,9.8,ok,mount_zion,0.313,mount_zion:0.313;jer_siloam:0.951;jer_bir_ayyub:0.980,mount_zion:0.313;jer_siloam:0.951;jer_bir_ayyub:0.980;jer_tyropoeon:1.103;jer_south_wall:1.203;jer_kidron_east:1.234;jer_se_corner:1.257;jer_temple:1.280;jer_baqa:1.287;jer_east_gate:1.436;jer_kidron_mon:1.479;jer_bethesda:1.580;jer_gethsemane:1.650;jer_tombs_kings:2.098,cave;rock_cut,,,,unknown,no,Ruinous rock-hewn caves on slope descending to Ge Ben Hinnom from W,"Amos Kloner (Jerusalem survey); Uri Dinur and Nurit Feig (Benjamin survey), ASI Map of Jerusalem (102), site 477; survey.iaa.org.il record 13776; printed page not given online",https://survey.iaa.org.il/#/MapSurvey/63/site/13776
63,102,Jerusalem,478,13777,Har Ziyyon (Mount Zion),הר ציון,,2-0/1,yes,222088,630987,31.771552,35.232222,nig_epsg2039,31.771617,35.232291,9.8,ok,mount_zion,0.342,mount_zion:0.342;jer_siloam:0.407;jer_bir_ayyub:0.601;jer_kidron_east:0.629;jer_tyropoeon:0.630;jer_south_wall:0.640;jer_se_corner:0.699;jer_temple:0.801;jer_kidron_mon:0.902;jer_east_gate:0.930,mount_zion:0.342;jer_siloam:0.407;jer_bir_ayyub:0.601;jer_kidron_east:0.629;jer_tyropoeon:0.630;jer_south_wall:0.640;jer_se_corner:0.699;jer_temple:0.801;jer_kidron_mon:0.902;jer_east_gate:0.930;jer_gethsemane:1.109;jer_bethesda:1.146;jer_baqa:1.749;jer_tombs_kings:1.908,cistern;pool;cave;building;steps;wall;road;mosaic;rock_cut,,"Herodian,Second Temple period,Byzantine,Early Arab",Herodian;Byzantine;Umayyad;Second Temple;Hasmonean;first century BCE;first century CE,yes,no,The Church of Saint Peter in Gallicantu and its environs: remains of,"Amos Kloner (Jerusalem survey); Uri Dinur and Nurit Feig (Benjamin survey), ASI Map of Jerusalem (102), site 478; survey.iaa.org.il record 13777; printed page not given online",https://survey.iaa.org.il/#/MapSurvey/63/site/13777
63,102,Jerusalem,479,13778,Har Ziyyon (Mount Zion),הר ציון,,2-0/35,yes,222088,630797,31.769838,35.232222,nig_epsg2039,31.769904,35.232291,9.8,ok,jer_siloam,0.373,jer_siloam:0.373;mount_zion:0.398;jer_bir_ayyub:0.461;jer_kidron_east:0.738;jer_south_wall:0.795;jer_tyropoeon:0.813;jer_se_corner:0.854;jer_temple:0.981,jer_siloam:0.373;mount_zion:0.398;jer_bir_ayyub:0.461;jer_kidron_east:0.738;jer_south_wall:0.795;jer_tyropoeon:0.813;jer_se_corner:0.854;jer_temple:0.981;jer_kidron_mon:1.040;jer_east_gate:1.101;jer_gethsemane:1.265;jer_bethesda:1.329;jer_baqa:1.603;jer_tombs_kings:2.097,cistern;rock_cut,,,,unknown,no,"Rock-hewn, plastered cistern (4x4 m) on SE slope of Har Ziyyon, possibly","Amos Kloner (Jerusalem survey); Uri Dinur and Nurit Feig (Benjamin survey), ASI Map of Jerusalem (102), site 479; survey.iaa.org.il record 13778; printed page not given online",https://survey.iaa.org.il/#/MapSurvey/63/site/13778
63,102,Jerusalem,480,13779,Har Ha-Mashhit (Mount of Evil Council),הר המשחית,,2-0/2,yes,222788,630697,31.768935,35.239611,nig_epsg2039,31.769001,35.239680,9.8,ok,jer_siloam,0.350,jer_siloam:0.350;jer_bir_ayyub:0.393;jer_kidron_east:0.603;jer_south_wall:0.829;jer_se_corner:0.867;jer_kidron_mon:0.898,jer_siloam:0.350;jer_bir_ayyub:0.393;jer_kidron_east:0.603;jer_south_wall:0.829;jer_se_corner:0.867;jer_kidron_mon:0.898;jer_tyropoeon:1.026;mount_zion:1.084;jer_temple:1.112;jer_east_gate:1.135;jer_gethsemane:1.166;jer_bethesda:1.430;jer_baqa:2.082;jer_tombs_kings:2.390,tomb;cave;building;wall;pit;rock_cut,cistern,"Hasmonean,Herodian,Late Roman",Herodian;second century CE;Hasmonean;Late Roman,yes,no,"Burial structure (Herodian?): vaulted hall, well-built of limestone (underlying the E wall","Amos Kloner (Jerusalem survey); Uri Dinur and Nurit Feig (Benjamin survey), ASI Map of Jerusalem (102), site 480; survey.iaa.org.il record 13779; printed page not given online",https://survey.iaa.org.il/#/MapSurvey/63/site/13779
63,102,Jerusalem,481,13780,Ge Ben Hinnom,גיא בן-הנום,,"2-0/3-11, 13-15, 20",yes,222138,630597,31.768034,35.232749,nig_epsg2039,31.768100,35.232818,9.8,ok,jer_bir_ayyub,0.320,jer_bir_ayyub:0.320;jer_siloam:0.395;mount_zion:0.563;jer_kidron_east:0.852;jer_south_wall:0.952,jer_bir_ayyub:0.320;jer_siloam:0.395;mount_zion:0.563;jer_kidron_east:0.852;jer_south_wall:0.952;jer_tyropoeon:1.001;jer_se_corner:1.010;jer_temple:1.162;jer_kidron_mon:1.174;jer_east_gate:1.270;jer_gethsemane:1.415;jer_baqa:1.498;jer_bethesda:1.513;jer_tombs_kings:2.303,reservoir;tomb;cave;building;wall;pit;quarry;rock_cut,cistern,Herodian,Herodian;Second Temple;Byzantine,yes,no,"Cluster of rock-hewn burial caves on scarp of Ge Ben Hinnom, most","Amos Kloner (Jerusalem survey); Uri Dinur and Nurit Feig (Benjamin survey), ASI Map of Jerusalem (102), site 481; survey.iaa.org.il record 13780; printed page not given online",https://survey.iaa.org.il/#/MapSurvey/63/site/13780
63,102,Jerusalem,482,13781,Ge Ben Hinnom,גיא בן-הנום,,"2-0/12, 18, 19, 23, 24, 37",yes,222058,630557,31.767674,35.231904,nig_epsg2039,31.767739,35.231974,9.8,ok,jer_bir_ayyub,0.390,jer_bir_ayyub:0.390;jer_siloam:0.483;mount_zion:0.543;jer_kidron_east:0.933,jer_bir_ayyub:0.390;jer_siloam:0.483;mount_zion:0.543;jer_kidron_east:0.933;jer_south_wall:1.021;jer_tyropoeon:1.055;jer_se_corner:1.080;jer_temple:1.220;jer_kidron_mon:1.251;jer_east_gate:1.335;jer_baqa:1.411;jer_gethsemane:1.487;jer_bethesda:1.570;jer_tombs_kings:2.332,tomb;cave;building;wall;rock_cut,cistern,"Herodian,Byzantine,Crusader",Byzantine;Crusader;Herodian;first century CE,yes,no,‘Akeldama Monastery’ — the Monastery of St. Onuphrius: a monastery of the,"Amos Kloner (Jerusalem survey); Uri Dinur and Nurit Feig (Benjamin survey), ASI Map of Jerusalem (102), site 482; survey.iaa.org.il record 13781; printed page not given online",https://survey.iaa.org.il/#/MapSurvey/63/site/13781
63,102,Jerusalem,483,13782,Ge Ben Hinnom,גיא בן-הנום,,"2-0/16, 17, 21, 25-29",yes,222208,630547,31.767583,35.233488,nig_epsg2039,31.767649,35.233557,9.8,ok,jer_bir_ayyub,0.240,jer_bir_ayyub:0.240;jer_siloam:0.375;mount_zion:0.647;jer_kidron_east:0.855;jer_south_wall:0.975,jer_bir_ayyub:0.240;jer_siloam:0.375;mount_zion:0.647;jer_kidron_east:0.855;jer_south_wall:0.975;jer_se_corner:1.032;jer_tyropoeon:1.044;jer_kidron_mon:1.183;jer_temple:1.199;jer_east_gate:1.299;jer_gethsemane:1.431;jer_baqa:1.520;jer_bethesda:1.551;jer_tombs_kings:2.363,tomb;cave;building;quarry;rock_cut,cistern,"Herodian,Byzantine",Second Temple;Herodian;Byzantine,yes,no,"A burial complex, burial caves and remains of caves, near the Akeldama","Amos Kloner (Jerusalem survey); Uri Dinur and Nurit Feig (Benjamin survey), ASI Map of Jerusalem (102), site 483; survey.iaa.org.il record 13782; printed page not given online",https://survey.iaa.org.il/#/MapSurvey/63/site/13782
63,102,Jerusalem,484,13783,Ge Ben Hinnom,גיא בן-הנום,,2-0/22,yes,222318,630597,31.768034,35.234649,nig_epsg2039,31.768100,35.234718,9.8,ok,jer_bir_ayyub,0.157,jer_bir_ayyub:0.157;jer_siloam:0.269;mount_zion:0.700;jer_kidron_east:0.759;jer_south_wall:0.898;jer_se_corner:0.954;jer_tyropoeon:0.992,jer_bir_ayyub:0.157;jer_siloam:0.269;mount_zion:0.700;jer_kidron_east:0.759;jer_south_wall:0.898;jer_se_corner:0.954;jer_tyropoeon:0.992;jer_kidron_mon:1.090;jer_temple:1.138;jer_east_gate:1.226;jer_gethsemane:1.344;jer_bethesda:1.489;jer_baqa:1.637;jer_tombs_kings:2.336,tomb;cave;wall;rock_cut,cistern,"Herodian,Late Roman,Byzantine",Herodian;Late Roman;Byzantine,yes,no,Rock-hewn burial cave (blocked with earth) on scarp of Ge Ben Hinnom.,"Amos Kloner (Jerusalem survey); Uri Dinur and Nurit Feig (Benjamin survey), ASI Map of Jerusalem (102), site 484; survey.iaa.org.il record 13783; printed page not given online",https://survey.iaa.org.il/#/MapSurvey/63/site/13783
63,102,Jerusalem,485,13784,City of David (south),עיר דוד (דרום),,2-0/37,yes,222338,630777,31.769657,35.234861,nig_epsg2039,31.769723,35.234930,9.8,ok,jer_siloam,0.132,jer_siloam:0.132;jer_bir_ayyub:0.293;jer_kidron_east:0.591;mount_zion:0.632;jer_south_wall:0.718;jer_se_corner:0.774;jer_tyropoeon:0.813;jer_kidron_mon:0.918;jer_temple:0.957,jer_siloam:0.132;jer_bir_ayyub:0.293;jer_kidron_east:0.591;mount_zion:0.632;jer_south_wall:0.718;jer_se_corner:0.774;jer_tyropoeon:0.813;jer_kidron_mon:0.918;jer_temple:0.957;jer_east_gate:1.045;jer_gethsemane:1.168;jer_bethesda:1.308;jer_baqa:1.767;jer_tombs_kings:2.165,pool;wall;road,,"Hasmonean,Herodian,Second Temple period",Second Temple;Hasmonean;Herodian,yes,no,Two wall segments built of ashlars and the foundations of a road,"Amos Kloner (Jerusalem survey); Uri Dinur and Nurit Feig (Benjamin survey), ASI Map of Jerusalem (102), site 485; survey.iaa.org.il record 13784; printed page not given online",https://survey.iaa.org.il/#/MapSurvey/63/site/13784
63,102,Jerusalem,486,13785,‘En Rogel,עין רוגל,Bir Eyﬁb (S); Bir Aiyub (M),2-0/30,yes,222438,630497,31.767132,35.235915,nig_epsg2039,31.767198,35.235985,9.8,ok,jer_bir_ayyub,0.010,jer_bir_ayyub:0.010;jer_siloam:0.329;jer_kidron_east:0.813;mount_zion:0.855;jer_south_wall:0.982,jer_bir_ayyub:0.010;jer_siloam:0.329;jer_kidron_east:0.813;mount_zion:0.855;jer_south_wall:0.982;jer_se_corner:1.034;jer_tyropoeon:1.103;jer_kidron_mon:1.144;jer_temple:1.237;jer_east_gate:1.311;jer_gethsemane:1.406;jer_bethesda:1.585;jer_baqa:1.679;jer_tombs_kings:2.462,spring_well,,,,unknown,no,"Ancient well in Nahal Qidron (an area known as Wadi Aiyub, in","Amos Kloner (Jerusalem survey); Uri Dinur and Nurit Feig (Benjamin survey), ASI Map of Jerusalem (102), site 486; survey.iaa.org.il record 13785; printed page not given online",https://survey.iaa.org.il/#/MapSurvey/63/site/13785
63,102,Jerusalem,487,13786,Deir Abu Tur (M),דיר אבו טור,,"2-0/31, 33",yes,222198,630157,31.764066,35.233381,nig_epsg2039,31.764132,35.233451,9.8,ok,jer_bir_ayyub,0.427,jer_bir_ayyub:0.427;jer_siloam:0.718;mount_zion:0.958,jer_bir_ayyub:0.427;jer_siloam:0.718;mount_zion:0.958;jer_kidron_east:1.212;jer_baqa:1.306;jer_south_wall:1.355;jer_se_corner:1.411;jer_tyropoeon:1.435;jer_kidron_mon:1.544;jer_temple:1.588;jer_east_gate:1.682;jer_gethsemane:1.800;jer_bethesda:1.940;jer_tombs_kings:2.748,tomb;cave;rock_cut,cistern,,Herodian,yes,no,"Large, semi-circular depression in valley, SW of Nahal Qidron (C. Schick’s identification","Amos Kloner (Jerusalem survey); Uri Dinur and Nurit Feig (Benjamin survey), ASI Map of Jerusalem (102), site 487; survey.iaa.org.il record 13786; printed page not given online",https://survey.iaa.org.il/#/MapSurvey/63/site/13786
63,102,Jerusalem,488,13787,Giv‘at Hananya (east),גבעת חנניה (מזרח),,2-0/32,yes,221988,630197,31.764427,35.231164,nig_epsg2039,31.764493,35.231234,9.8,ok,jer_bir_ayyub,0.551,jer_bir_ayyub:0.551;jer_siloam:0.786;mount_zion:0.841,jer_bir_ayyub:0.551;jer_siloam:0.786;mount_zion:0.841;jer_baqa:1.139;jer_kidron_east:1.269;jer_south_wall:1.380;jer_tyropoeon:1.422;jer_se_corner:1.438;jer_temple:1.587;jer_kidron_mon:1.596;jer_east_gate:1.698;jer_gethsemane:1.841;jer_bethesda:1.937;jer_tombs_kings:2.685;ramat_rahel:2.951,tomb;cave;rock_cut,cistern,Herodian,Herodian,yes,no,Approximate location of a rock-hewn Herodian burial cave on slope (examined in,"Amos Kloner (Jerusalem survey); Uri Dinur and Nurit Feig (Benjamin survey), ASI Map of Jerusalem (102), site 488; survey.iaa.org.il record 13787; printed page not given online",https://survey.iaa.org.il/#/MapSurvey/63/site/13787
63,102,Jerusalem,489,13788,Abu Tor (M) (southeast),אבו טור (דרום-מזרח),,2-0/36,yes,222188,630047,31.763074,35.233275,nig_epsg2039,31.763140,35.233345,9.8,ok,jer_bir_ayyub,0.526,jer_bir_ayyub:0.526;jer_siloam:0.825,jer_bir_ayyub:0.526;jer_siloam:0.825;mount_zion:1.053;jer_baqa:1.255;jer_kidron_east:1.319;jer_south_wall:1.465;jer_se_corner:1.521;jer_tyropoeon:1.546;jer_kidron_mon:1.650;jer_temple:1.699;jer_east_gate:1.792;jer_gethsemane:1.908;jer_bethesda:2.051;jer_tombs_kings:2.856;ramat_rahel:2.901,tomb;cave;wall;rock_cut,cistern,Herodian,Herodian,yes,no,Rock-hewn Herodian burial cave on slope: chamber with N-facing entrance and two,"Amos Kloner (Jerusalem survey); Uri Dinur and Nurit Feig (Benjamin survey), ASI Map of Jerusalem (102), site 489; survey.iaa.org.il record 13788; printed page not given online",https://survey.iaa.org.il/#/MapSurvey/63/site/13788
63,102,Jerusalem,490,13789,Har Ha-Mashhit (Mount of Evil Council) (south),הר המשחית (דרום),,2-0/34,yes,222888,629997,31.762621,35.240664,nig_epsg2039,31.762687,35.240734,9.9,ok,jer_bir_ayyub,0.674,jer_bir_ayyub:0.674;jer_siloam:0.932,jer_bir_ayyub:0.674;jer_siloam:0.932;jer_kidron_east:1.310;mount_zion:1.520;jer_south_wall:1.530;jer_se_corner:1.571;jer_kidron_mon:1.605;jer_tyropoeon:1.705;jer_temple:1.809;jer_east_gate:1.843;jer_gethsemane:1.872;jer_baqa:1.915;jer_bethesda:2.136,cistern;tomb;cave;terrace;inscription;rock_cut,,Herodian,Herodian,yes,no,Approximate location of a rock-hewn Herodian burial cave on slope; excavated by,"Amos Kloner (Jerusalem survey); Uri Dinur and Nurit Feig (Benjamin survey), ASI Map of Jerusalem (102), site 490; survey.iaa.org.il record 13789; printed page not given online",https://survey.iaa.org.il/#/MapSurvey/63/site/13789
63,102,Jerusalem,491,13790,Wadi Qadum,ואדי קדום,,,no,,,31.769900,35.250870,geojson_point,,,,,jer_kidron_east,1.298,,jer_kidron_east:1.298;jer_kidron_mon:1.351;jer_siloam:1.391;jer_bir_ayyub:1.438;jer_se_corner:1.502;jer_south_wall:1.506;jer_gethsemane:1.513;jer_east_gate:1.653;jer_temple:1.737;jer_tyropoeon:1.757;jer_bethesda:1.912;mount_zion:2.114;jer_tombs_kings:2.913,tomb;cave;rock_cut,cistern,,Herodian,yes,no,,"Amos Kloner (Jerusalem survey); Uri Dinur and Nurit Feig (Benjamin survey), ASI Map of Jerusalem (102), site 491; survey.iaa.org.il record 13790; printed page not given online",https://survey.iaa.org.il/#/MapSurvey/63/site/13790
63,102,Jerusalem,492,13791,Wadi Qadum,ואדי קדום,,,no,,,31.769358,35.251081,geojson_point,,,,,jer_kidron_east,1.340,,jer_kidron_east:1.340;jer_kidron_mon:1.403;jer_siloam:1.413;jer_bir_ayyub:1.447;jer_se_corner:1.549;jer_south_wall:1.551;jer_gethsemane:1.570;jer_east_gate:1.706;jer_temple:1.787;jer_tyropoeon:1.802;jer_bethesda:1.967;mount_zion:2.140;jer_tombs_kings:2.970,tomb;cave;rock_cut,cistern,,,unknown,no,,"Amos Kloner (Jerusalem survey); Uri Dinur and Nurit Feig (Benjamin survey), ASI Map of Jerusalem (102), site 492; survey.iaa.org.il record 13791; printed page not given online",https://survey.iaa.org.il/#/MapSurvey/63/site/13791
63,102,Jerusalem,493,13792,Wadi Qadum,ואדי קדום,,,no,,,31.768005,35.251397,geojson_point,,,,,jer_kidron_east,1.433,,jer_kidron_east:1.433;jer_siloam:1.459;jer_bir_ayyub:1.459;jer_kidron_mon:1.521;jer_south_wall:1.653;jer_se_corner:1.654;jer_gethsemane:1.700;jer_east_gate:1.826;jer_temple:1.898;jer_tyropoeon:1.903;jer_bethesda:2.093;mount_zion:2.192,tomb;cave;quarry;rock_cut,cistern,,Herodian,yes,no,,"Amos Kloner (Jerusalem survey); Uri Dinur and Nurit Feig (Benjamin survey), ASI Map of Jerusalem (102), site 493; survey.iaa.org.il record 13792; printed page not given online",https://survey.iaa.org.il/#/MapSurvey/63/site/13792
63,102,Jerusalem,494,13793,Har Ha-Mashhit (Mount of Evil Council) (southwest),הר המשחית (דרום-מערב),,3-0/5,yes,223208,630557,31.767671,35.244044,nig_epsg2039,31.767737,35.244113,9.9,ok,jer_bir_ayyub,0.763,jer_bir_ayyub:0.763;jer_siloam:0.792;jer_kidron_east:0.918,jer_bir_ayyub:0.763;jer_siloam:0.792;jer_kidron_east:0.918;jer_kidron_mon:1.132;jer_south_wall:1.157;jer_se_corner:1.179;jer_gethsemane:1.377;jer_tyropoeon:1.387;jer_east_gate:1.417;jer_temple:1.436;mount_zion:1.525;jer_bethesda:1.712;jer_baqa:2.390;jer_tombs_kings:2.710,cave;building;rock_cut,,,,unknown,no,"Three rock-hewn caves on scarp. The N cave, fronted by a fieldstone","Amos Kloner (Jerusalem survey); Uri Dinur and Nurit Feig (Benjamin survey), ASI Map of Jerusalem (102), site 494; survey.iaa.org.il record 13793; printed page not given online",https://survey.iaa.org.il/#/MapSurvey/63/site/13793
63,102,Jerusalem,495,13794,Wadi Qadum,ואדי קדום,,,no,,,31.766293,35.246858,geojson_point,,,,,jer_bir_ayyub,1.032,,jer_bir_ayyub:1.032;jer_siloam:1.095;jer_kidron_east:1.208;jer_kidron_mon:1.390;jer_south_wall:1.445;jer_se_corner:1.463;jer_gethsemane:1.620;jer_tyropoeon:1.681;jer_east_gate:1.685;jer_temple:1.718;mount_zion:1.826;jer_bethesda:1.976;jer_baqa:2.586;jer_tombs_kings:2.983,cave;rock_cut,,,,unknown,no,,"Amos Kloner (Jerusalem survey); Uri Dinur and Nurit Feig (Benjamin survey), ASI Map of Jerusalem (102), site 495; survey.iaa.org.il record 13794; printed page not given online",https://survey.iaa.org.il/#/MapSurvey/63/site/13794
63,102,Jerusalem,496,13795,Har Ha-Mashhit (Mount of Evil Council) (southwest),הר המשחית (דרום-מערב),,3-0/7,yes,223288,630297,31.765326,35.244887,nig_epsg2039,31.765392,35.244957,9.9,ok,jer_bir_ayyub,0.867,jer_bir_ayyub:0.867;jer_siloam:0.980,jer_bir_ayyub:0.867;jer_siloam:0.980;jer_kidron_east:1.177;jer_kidron_mon:1.403;jer_south_wall:1.416;jer_se_corner:1.442;jer_tyropoeon:1.638;jer_gethsemane:1.650;jer_east_gate:1.685;mount_zion:1.693;jer_temple:1.697;jer_bethesda:1.981;jer_baqa:2.376;jer_tombs_kings:2.975,wall,cave,,,unknown,no,Rectangular rock-cutting (2x6 m) on slope. In NE corner — an opening,"Amos Kloner (Jerusalem survey); Uri Dinur and Nurit Feig (Benjamin survey), ASI Map of Jerusalem (102), site 496; survey.iaa.org.il record 13795; printed page not given online",https://survey.iaa.org.il/#/MapSurvey/63/site/13795
63,102,Jerusalem,497,13796,Wadi Qadum,ואדי קדום,,,no,,,31.764309,35.247173,geojson_point,,,,,jer_bir_ayyub,1.105,,jer_bir_ayyub:1.105;jer_siloam:1.223;jer_kidron_east:1.395;jer_kidron_mon:1.597;jer_south_wall:1.634;jer_se_corner:1.655;jer_gethsemane:1.833;jer_tyropoeon:1.863;jer_east_gate:1.888;jer_temple:1.912;mount_zion:1.936;jer_bethesda:2.181;jer_baqa:2.556,cistern;road;rock_cut,cave,,,unknown,no,,"Amos Kloner (Jerusalem survey); Uri Dinur and Nurit Feig (Benjamin survey), ASI Map of Jerusalem (102), site 497; survey.iaa.org.il record 13796; printed page not given online",https://survey.iaa.org.il/#/MapSurvey/63/site/13796
63,102,Jerusalem,498,13797,Esh Sheikh 'Abdallah (M),א-שיח' עבדאלה,,3-0/9,yes,223238,630147,31.763973,35.244359,nig_epsg2039,31.764039,35.244429,9.9,ok,jer_bir_ayyub,0.869,jer_bir_ayyub:0.869,jer_bir_ayyub:0.869;jer_siloam:1.030;jer_kidron_east:1.282;jer_south_wall:1.519;jer_kidron_mon:1.527;jer_se_corner:1.549;mount_zion:1.717;jer_tyropoeon:1.731;jer_gethsemane:1.780;jer_east_gate:1.801;jer_temple:1.802;jer_bethesda:2.098;jer_baqa:2.289,terrace,cave,,,unknown,no,"Stone fence (17 m long, 0.85 m wide) on slope descending to","Amos Kloner (Jerusalem survey); Uri Dinur and Nurit Feig (Benjamin survey), ASI Map of Jerusalem (102), site 498; survey.iaa.org.il record 13797; printed page not given online",https://survey.iaa.org.il/#/MapSurvey/63/site/13797
63,102,Jerusalem,499,13798,Nahal Qidron,נחל קדרון,,,no,,,31.763588,35.246012,geojson_point,,,,,jer_bir_ayyub,1.029,,jer_bir_ayyub:1.029;jer_siloam:1.178;jer_kidron_east:1.397;jer_kidron_mon:1.622;jer_south_wall:1.636;jer_se_corner:1.662;jer_tyropoeon:1.856;jer_gethsemane:1.867;mount_zion:1.875;jer_east_gate:1.905;jer_temple:1.917;jer_bethesda:2.201;jer_baqa:2.432,pit,cave,,,unknown,no,,"Amos Kloner (Jerusalem survey); Uri Dinur and Nurit Feig (Benjamin survey), ASI Map of Jerusalem (102), site 499; survey.iaa.org.il record 13798; printed page not given online",https://survey.iaa.org.il/#/MapSurvey/63/site/13798
63,102,Jerusalem,500,13799,Nahal Qidron,נחל קדרון,,,no,,,31.762957,35.246012,geojson_point,,,,,jer_bir_ayyub,1.058,,jer_bir_ayyub:1.058;jer_siloam:1.223;jer_kidron_east:1.457;jer_kidron_mon:1.687;jer_south_wall:1.695;jer_se_corner:1.722;mount_zion:1.909;jer_tyropoeon:1.913;jer_gethsemane:1.933;jer_east_gate:1.968;jer_temple:1.977;jer_bethesda:2.264;jer_baqa:2.419,cistern;reservoir;conduit;tomb;cave;building;steps;wall;rock_cut,,,,unknown,no,,"Amos Kloner (Jerusalem survey); Uri Dinur and Nurit Feig (Benjamin survey), ASI Map of Jerusalem (102), site 500; survey.iaa.org.il record 13799; printed page not given online",https://survey.iaa.org.il/#/MapSurvey/63/site/13799
63,102,Jerusalem,501,13800,Wadi Qadum,ואדי קדום,,,no,,,31.763587,35.250234,geojson_point,,,,,jer_bir_ayyub,1.405,,jer_bir_ayyub:1.405;jer_siloam:1.514;jer_kidron_east:1.646;jer_kidron_mon:1.817;jer_south_wall:1.883;jer_se_corner:1.899;jer_gethsemane:2.035;jer_east_gate:2.115;jer_tyropoeon:2.120;jer_temple:2.154;mount_zion:2.233;jer_bethesda:2.403;jer_baqa:2.824,conduit;winepress;rock_cut,cistern,,,unknown,no,,"Amos Kloner (Jerusalem survey); Uri Dinur and Nurit Feig (Benjamin survey), ASI Map of Jerusalem (102), site 501; survey.iaa.org.il record 13800; printed page not given online",https://survey.iaa.org.il/#/MapSurvey/63/site/13800
63,102,Jerusalem,502,13801,Wadi Qadum,ואדי קדום,,3-0/18,yes,223498,630987,31.771548,35.247107,nig_epsg2039,31.771614,35.247176,9.9,ok,jer_kidron_east,0.901,jer_kidron_east:0.901;jer_kidron_mon:0.957,jer_kidron_east:0.901;jer_kidron_mon:0.957;jer_siloam:1.048;jer_se_corner:1.102;jer_south_wall:1.106;jer_gethsemane:1.137;jer_bir_ayyub:1.157;jer_east_gate:1.261;jer_temple:1.339;jer_tyropoeon:1.357;jer_bethesda:1.528;mount_zion:1.749;jer_tombs_kings:2.536;jer_baqa:2.841,tomb;cave;wall;road;rock_cut,cistern,Herodian,Herodian,yes,no,"Two large, rock-hewn Herodian burial complexes and two rock-hewn burial caves on","Amos Kloner (Jerusalem survey); Uri Dinur and Nurit Feig (Benjamin survey), ASI Map of Jerusalem (102), site 502; survey.iaa.org.il record 13801; printed page not given online",https://survey.iaa.org.il/#/MapSurvey/63/site/13801
63,102,Jerusalem,503,13802,Wadi Qadum,ואדי קדום,,,no,,,31.769900,35.249181,geojson_point,,,,,jer_kidron_east,1.152,,jer_kidron_east:1.152;jer_kidron_mon:1.225;jer_siloam:1.231;jer_bir_ayyub:1.283;jer_se_corner:1.364;jer_south_wall:1.365;jer_gethsemane:1.404;jer_east_gate:1.529;jer_temple:1.604;jer_tyropoeon:1.615;jer_bethesda:1.796;mount_zion:1.955;jer_tombs_kings:2.803;jer_baqa:2.935,tomb;cave;rock_cut,cistern,,Herodian,yes,no,,"Amos Kloner (Jerusalem survey); Uri Dinur and Nurit Feig (Benjamin survey), ASI Map of Jerusalem (102), site 503; survey.iaa.org.il record 13802; printed page not given online",https://survey.iaa.org.il/#/MapSurvey/63/site/13802
63,102,Jerusalem,504,13803,Har Ha-Mashhit (Mount of Evil Council) (southeast),הר המשחית (דרום-מזרח),,3-0/20,yes,223308,630417,31.766408,35.245099,nig_epsg2039,31.766474,35.245169,9.9,ok,jer_bir_ayyub,0.866,jer_bir_ayyub:0.866;jer_siloam:0.939,jer_bir_ayyub:0.866;jer_siloam:0.939;jer_kidron_east:1.090;jer_kidron_mon:1.301;jer_south_wall:1.329;jer_se_corner:1.352;jer_gethsemane:1.543;jer_tyropoeon:1.558;jer_east_gate:1.588;jer_temple:1.608;mount_zion:1.665;jer_bethesda:1.882;jer_baqa:2.432;jer_tombs_kings:2.882,cistern;building;terrace;rock_cut,,"Herodian,Roman,Byzantine,Early Arab",Herodian;Roman;Byzantine,yes,no,"Remains of structures, a rock-hewn cistern and agricultural terraces on slope.","Amos Kloner (Jerusalem survey); Uri Dinur and Nurit Feig (Benjamin survey), ASI Map of Jerusalem (102), site 504; survey.iaa.org.il record 13803; printed page not given online",https://survey.iaa.org.il/#/MapSurvey/63/site/13803
63,102,Jerusalem,505,13804,Har Ha-Mashhit (Mount of Evil Council) (southeast),הר המשחית (דרום-מזרח),,3-0/21,yes,223148,630257,31.764965,35.243409,nig_epsg2039,31.765032,35.243479,9.9,ok,jer_bir_ayyub,0.744,jer_bir_ayyub:0.744;jer_siloam:0.891,jer_bir_ayyub:0.744;jer_siloam:0.891;jer_kidron_east:1.143;jer_south_wall:1.379;jer_kidron_mon:1.395;jer_se_corner:1.410;mount_zion:1.585;jer_tyropoeon:1.590;jer_gethsemane:1.651;jer_temple:1.663;jer_east_gate:1.665;jer_bethesda:1.962;jer_baqa:2.231;jer_tombs_kings:2.944,tomb;cave;rock_cut,cistern,Herodian,Herodian,yes,no,"Rock-hewn Herodian burial cave on slope, partly ruinous; filled with a heavy","Amos Kloner (Jerusalem survey); Uri Dinur and Nurit Feig (Benjamin survey), ASI Map of Jerusalem (102), site 505; survey.iaa.org.il record 13804; printed page not given online",https://survey.iaa.org.il/#/MapSurvey/63/site/13804
63,102,Jerusalem,506,13805,Nahal Qidron,נחל קדרון,,3-0/24,yes,222988,629997,31.762621,35.241719,nig_epsg2039,31.762687,35.241789,9.9,ok,jer_bir_ayyub,0.743,jer_bir_ayyub:0.743;jer_siloam:0.982,jer_bir_ayyub:0.743;jer_siloam:0.982;jer_kidron_east:1.332;jer_south_wall:1.558;jer_se_corner:1.596;mount_zion:1.596;jer_kidron_mon:1.617;jer_tyropoeon:1.743;jer_temple:1.840;jer_east_gate:1.865;jer_gethsemane:1.880;jer_baqa:2.013;jer_bethesda:2.160,tomb;cave;inscription;rock_cut,cistern,Herodian,Herodian,yes,no,Approximate location of a rock-hewn Herodian double-chambered burial cave containing kokhim on,"Amos Kloner (Jerusalem survey); Uri Dinur and Nurit Feig (Benjamin survey), ASI Map of Jerusalem (102), site 506; survey.iaa.org.il record 13805; printed page not given online",https://survey.iaa.org.il/#/MapSurvey/63/site/13805
63,102,Jerusalem,507,13806,Nahal Qidron,נחל קדרון,,3-0/22,yes,223118,630097,31.763523,35.243092,nig_epsg2039,31.763589,35.243162,9.9,ok,jer_bir_ayyub,0.786,jer_bir_ayyub:0.786;jer_siloam:0.980,jer_bir_ayyub:0.786;jer_siloam:0.980;jer_kidron_east:1.278;jer_south_wall:1.511;jer_kidron_mon:1.542;jer_se_corner:1.544;mount_zion:1.642;jer_tyropoeon:1.712;jer_temple:1.794;jer_gethsemane:1.801;jer_east_gate:1.805;jer_bethesda:2.102;jer_baqa:2.161,tomb;cave;wall;rock_cut,cistern,,Second Temple,overlaps,no,"Three adjacent rock-hewn burial caves on slope descending to Nahal Qidron, later","Amos Kloner (Jerusalem survey); Uri Dinur and Nurit Feig (Benjamin survey), ASI Map of Jerusalem (102), site 507; survey.iaa.org.il record 13806; printed page not given online",https://survey.iaa.org.il/#/MapSurvey/63/site/13806
63,102,Jerusalem,508,13807,Nahal Qidron,נחל קדרון,,3-0/23,yes,223188,630097,31.763522,35.243831,nig_epsg2039,31.763588,35.243901,9.9,ok,jer_bir_ayyub,0.847,jer_bir_ayyub:0.847,jer_bir_ayyub:0.847;jer_siloam:1.028;jer_kidron_east:1.305;jer_south_wall:1.540;jer_kidron_mon:1.560;jer_se_corner:1.572;mount_zion:1.700;jer_tyropoeon:1.747;jer_gethsemane:1.816;jer_temple:1.824;jer_east_gate:1.829;jer_bethesda:2.126;jer_baqa:2.229,tomb;cave;pit;inscription;rock_cut,cistern;spring_well,Herodian,Herodian,yes,no,Approximate location of a rock-hewn Herodian burial complex in slope descending to,"Amos Kloner (Jerusalem survey); Uri Dinur and Nurit Feig (Benjamin survey), ASI Map of Jerusalem (102), site 508; survey.iaa.org.il record 13807; printed page not given online",https://survey.iaa.org.il/#/MapSurvey/63/site/13807
63,102,Jerusalem,509,13808,Bethphage (south),בית פגי (דרום),,,no,,,31.770891,35.252349,geojson_point,,,,,jer_kidron_east,1.396,,jer_kidron_east:1.396;jer_kidron_mon:1.410;jer_siloam:1.533;jer_gethsemane:1.546;jer_se_corner:1.580;jer_south_wall:1.590;jer_bir_ayyub:1.600;jer_east_gate:1.707;jer_temple:1.804;jer_tyropoeon:1.840;jer_bethesda:1.950;mount_zion:2.246;jer_tombs_kings:2.938,tomb;cave;building;settlement_ruin;pit;rock_cut,cistern,,Herodian,yes,no,,"Amos Kloner (Jerusalem survey); Uri Dinur and Nurit Feig (Benjamin survey), ASI Map of Jerusalem (102), site 509; survey.iaa.org.il record 13808; printed page not given online",https://survey.iaa.org.il/#/MapSurvey/63/site/13808
63,102,Jerusalem,510,13809,El ‘Eizariya (M),אל-עיזריה,,,no,,,31.771251,35.254460,geojson_point,,,,,jer_kidron_mon,1.571,,jer_kidron_mon:1.571;jer_kidron_east:1.581;jer_gethsemane:1.686;jer_siloam:1.735;jer_se_corner:1.752;jer_south_wall:1.766;jer_bir_ayyub:1.803;jer_east_gate:1.861;jer_temple:1.968;jer_tyropoeon:2.014;jer_bethesda:2.091;mount_zion:2.444,cistern;cave;rock_cut,,,,unknown,no,,"Amos Kloner (Jerusalem survey); Uri Dinur and Nurit Feig (Benjamin survey), ASI Map of Jerusalem (102), site 510; survey.iaa.org.il record 13809; printed page not given online",https://survey.iaa.org.il/#/MapSurvey/63/site/13809
63,102,Jerusalem,511,13810,El ‘Eizariya (M),אל-עיזריה,,,no,,,31.762865,35.252556,geojson_point,,,,,jer_bir_ayyub,1.639,,jer_bir_ayyub:1.639;jer_siloam:1.745;jer_kidron_east:1.859;jer_kidron_mon:2.012;jer_south_wall:2.094;jer_se_corner:2.107;jer_gethsemane:2.220;jer_east_gate:2.314;jer_tyropoeon:2.335;jer_temple:2.361;mount_zion:2.466;jer_bethesda:2.597,conduit;tomb;cave;wall;pit;winepress;installation;rock_cut,cistern,,Herodian;Byzantine;Hasmonean,yes,no,,"Amos Kloner (Jerusalem survey); Uri Dinur and Nurit Feig (Benjamin survey), ASI Map of Jerusalem (102), site 511; survey.iaa.org.il record 13810; printed page not given online",https://survey.iaa.org.il/#/MapSurvey/63/site/13810
63,102,Jerusalem,513,12099,Kh. Irha [430],ח'רבת ארהא [430],,,no,,,31.847462,35.235477,geojson_point,,,,,tell_el_ful,2.697,,tell_el_ful:2.697,cistern;tomb;cave;building;wall;settlement_ruin;terrace;mosaic;rock_cut,,,Iron II;Hell;Byz;Ott,overlaps,no,,"Amos Kloner (Jerusalem survey); Uri Dinur and Nurit Feig (Benjamin survey), ASI Map of Jerusalem (102), site 513; survey.iaa.org.il record 12099; printed page not given online",https://survey.iaa.org.il/#/MapSurvey/63/site/12099
63,102,Jerusalem,515,12101,[432],[432],,,no,,,31.763135,35.252873,geojson_point,,,,,jer_bir_ayyub,1.659,,jer_bir_ayyub:1.659;jer_siloam:1.759;jer_kidron_east:1.861;jer_kidron_mon:2.008;jer_south_wall:2.095;jer_se_corner:2.107;jer_gethsemane:2.212;jer_east_gate:2.310;jer_tyropoeon:2.337;jer_temple:2.361;mount_zion:2.482;jer_bethesda:2.592,cistern;tomb;cave,,,Rom,overlaps,no,,"Amos Kloner (Jerusalem survey); Uri Dinur and Nurit Feig (Benjamin survey), ASI Map of Jerusalem (102), site 515; survey.iaa.org.il record 12101; printed page not given online",https://survey.iaa.org.il/#/MapSurvey/63/site/12101
63,102,Jerusalem,516,12102,[433],[433],,,no,,,31.768995,35.257626,geojson_point,,,,,jer_kidron_east,1.934,,jer_kidron_east:1.934;jer_kidron_mon:1.950;jer_siloam:2.033;jer_bir_ayyub:2.055;jer_gethsemane:2.074;jer_se_corner:2.121;jer_south_wall:2.131;jer_east_gate:2.244;jer_temple:2.345;jer_tyropoeon:2.381;jer_bethesda:2.479;mount_zion:2.759,cistern;tomb;cave;terrace,pool,,Rom;Byz;Ott,overlaps,no,,"Amos Kloner (Jerusalem survey); Uri Dinur and Nurit Feig (Benjamin survey), ASI Map of Jerusalem (102), site 516; survey.iaa.org.il record 12102; printed page not given online",https://survey.iaa.org.il/#/MapSurvey/63/site/12102
63,102,Jerusalem,517,12103,[434],[434],,,no,,,31.764034,35.260263,geojson_point,,,,,jer_bir_ayyub,2.322,,jer_bir_ayyub:2.322;jer_siloam:2.376;jer_kidron_east:2.381;jer_kidron_mon:2.453;jer_se_corner:2.598;jer_south_wall:2.599;jer_gethsemane:2.609;jer_east_gate:2.755;jer_temple:2.837;jer_tyropoeon:2.849,cistern;tomb;cave;terrace,,,Rom,overlaps,no,,"Amos Kloner (Jerusalem survey); Uri Dinur and Nurit Feig (Benjamin survey), ASI Map of Jerusalem (102), site 517; survey.iaa.org.il record 12103; printed page not given online",https://survey.iaa.org.il/#/MapSurvey/63/site/12103
63,102,Jerusalem,518,12104,[435],[435],,,no,,,31.769898,35.254460,geojson_point,,,,,jer_kidron_east,1.619,,jer_kidron_east:1.619;jer_kidron_mon:1.638;jer_siloam:1.730;jer_bir_ayyub:1.772;jer_gethsemane:1.772;jer_se_corner:1.807;jer_south_wall:1.816;jer_east_gate:1.935;jer_temple:2.032;jer_tyropoeon:2.066;jer_bethesda:2.176;mount_zion:2.452,tomb;cave,cistern,,,unknown,no,,"Amos Kloner (Jerusalem survey); Uri Dinur and Nurit Feig (Benjamin survey), ASI Map of Jerusalem (102), site 518; survey.iaa.org.il record 12104; printed page not given online",https://survey.iaa.org.il/#/MapSurvey/63/site/12104
63,102,Jerusalem,519,12105,el־Eizariya [436],אל-עיזריה [436],,,no,,,31.771250,35.256572,geojson_point,,,,,jer_kidron_mon,1.756,,jer_kidron_mon:1.756;jer_kidron_east:1.777;jer_gethsemane:1.858;jer_siloam:1.934;jer_se_corner:1.942;jer_south_wall:1.958;jer_bir_ayyub:1.997;jer_east_gate:2.041;jer_temple:2.153;jer_tyropoeon:2.204;jer_bethesda:2.262;mount_zion:2.644,settlement_ruin,tomb,,Iron II;Hell;Byz;Med;Ott,overlaps,no,,"Amos Kloner (Jerusalem survey); Uri Dinur and Nurit Feig (Benjamin survey), ASI Map of Jerusalem (102), site 519; survey.iaa.org.il record 12105; printed page not given online",https://survey.iaa.org.il/#/MapSurvey/63/site/12105
63,102,Jerusalem,520,12232,el־Eizariya [437],אל-עיזריה [437],,,no,,,31.770347,35.261849,geojson_point,,,,,jer_kidron_mon,2.258,,jer_kidron_mon:2.258;jer_kidron_east:2.286;jer_gethsemane:2.347;jer_siloam:2.429;jer_se_corner:2.449;jer_south_wall:2.466;jer_bir_ayyub:2.470;jer_east_gate:2.539;jer_temple:2.656;jer_tyropoeon:2.711;jer_bethesda:2.749,building,cistern,,Byz,no,no,,"Amos Kloner (Jerusalem survey); Uri Dinur and Nurit Feig (Benjamin survey), ASI Map of Jerusalem (102), site 520; survey.iaa.org.il record 12232; printed page not given online",https://survey.iaa.org.il/#/MapSurvey/63/site/12232
63,102,Jerusalem,521,12233,[438],[438],,,no,,,31.770981,35.253932,geojson_point,,,,,jer_kidron_mon,1.539,,jer_kidron_mon:1.539;jer_kidron_east:1.539;jer_gethsemane:1.661;jer_siloam:1.683;jer_se_corner:1.715;jer_south_wall:1.728;jer_bir_ayyub:1.748;jer_east_gate:1.831;jer_temple:1.934;jer_tyropoeon:1.976;jer_bethesda:2.066;mount_zion:2.395,tomb;cave,,,MB,no,no,,"Amos Kloner (Jerusalem survey); Uri Dinur and Nurit Feig (Benjamin survey), ASI Map of Jerusalem (102), site 521; survey.iaa.org.il record 12233; printed page not given online",https://survey.iaa.org.il/#/MapSurvey/63/site/12233
63,102,Jerusalem,522,12234,[439],[439],,,no,,,31.771252,35.253405,geojson_point,,,,,jer_kidron_mon,1.481,,jer_kidron_mon:1.481;jer_kidron_east:1.483;jer_gethsemane:1.603;jer_siloam:1.635;jer_se_corner:1.658;jer_south_wall:1.671;jer_bir_ayyub:1.707;jer_east_gate:1.773;jer_temple:1.877;jer_tyropoeon:1.919;jer_bethesda:2.008;mount_zion:2.344;jer_tombs_kings:2.988,cistern;tomb;cave;building,,,,unknown,no,,"Amos Kloner (Jerusalem survey); Uri Dinur and Nurit Feig (Benjamin survey), ASI Map of Jerusalem (102), site 522; survey.iaa.org.il record 12234; printed page not given online",https://survey.iaa.org.il/#/MapSurvey/63/site/12234
63,102,Jerusalem,523,12235,[440],[440],,,no,,,31.771249,35.259739,geojson_point,,,,,jer_kidron_mon,2.037,,jer_kidron_mon:2.037;jer_kidron_east:2.072;jer_gethsemane:2.124;jer_se_corner:2.230;jer_siloam:2.233;jer_south_wall:2.248;jer_bir_ayyub:2.290;jer_east_gate:2.317;jer_temple:2.434;jer_tyropoeon:2.492;jer_bethesda:2.526;mount_zion:2.943,cistern;cave;dovecote;installation,conduit;tomb;spring_well,,Hell;Rom;Byz;Ott,overlaps,no,,"Amos Kloner (Jerusalem survey); Uri Dinur and Nurit Feig (Benjamin survey), ASI Map of Jerusalem (102), site 523; survey.iaa.org.il record 12235; printed page not given online",https://survey.iaa.org.il/#/MapSurvey/63/site/12235
63,102,Jerusalem,524,12236,Jebel el־Bustan [441],ג'בל אל-בוסתן [441],,,no,,,31.775308,35.258157,geojson_point,,,,,jer_kidron_mon,1.794,,jer_kidron_mon:1.794;jer_gethsemane:1.828;jer_kidron_east:1.900;jer_se_corner:2.009;jer_south_wall:2.038;jer_east_gate:2.045;jer_siloam:2.159;jer_temple:2.182;jer_bethesda:2.216;jer_tyropoeon:2.268;jer_bir_ayyub:2.281;mount_zion:2.822,cistern;cave;winepress;terrace,,,Iron II;Hell;Byz;Med,overlaps,no,,"Amos Kloner (Jerusalem survey); Uri Dinur and Nurit Feig (Benjamin survey), ASI Map of Jerusalem (102), site 524; survey.iaa.org.il record 12236; printed page not given online",https://survey.iaa.org.il/#/MapSurvey/63/site/12236
63,102,Jerusalem,525,12237,[442],[442],,,no,,,31.773957,35.254461,geojson_point,,,,,jer_kidron_mon,1.475,,jer_kidron_mon:1.475;jer_gethsemane:1.545;jer_kidron_east:1.547;jer_se_corner:1.678;jer_south_wall:1.702;jer_east_gate:1.745;jer_siloam:1.783;jer_temple:1.869;jer_bir_ayyub:1.901;jer_tyropoeon:1.940;jer_bethesda:1.945;mount_zion:2.457;jer_tombs_kings:2.886,cistern;tomb;cave;building;installation;rock_cut,,,Hell;Byz,overlaps,no,,"Amos Kloner (Jerusalem survey); Uri Dinur and Nurit Feig (Benjamin survey), ASI Map of Jerusalem (102), site 525; survey.iaa.org.il record 12237; printed page not given online",https://survey.iaa.org.il/#/MapSurvey/63/site/12237
63,102,Jerusalem,526,12336,[443],[443],,,no,,,31.772604,35.255517,geojson_point,,,,,jer_kidron_mon,1.611,,jer_kidron_mon:1.611;jer_kidron_east:1.656;jer_gethsemane:1.699;jer_se_corner:1.806;jer_south_wall:1.825;jer_siloam:1.851;jer_east_gate:1.890;jer_bir_ayyub:1.941;jer_temple:2.008;jer_tyropoeon:2.069;jer_bethesda:2.102;mount_zion:2.546,cistern;tomb;cave;terrace;rock_cut,,,Iron II;Hell;Rom;Byz;Med;Ott,overlaps,no,,"Amos Kloner (Jerusalem survey); Uri Dinur and Nurit Feig (Benjamin survey), ASI Map of Jerusalem (102), site 526; survey.iaa.org.il record 12336; printed page not given online",https://survey.iaa.org.il/#/MapSurvey/63/site/12336
63,102,Jerusalem,527,12337,Ras Abu Subeitan [444],ראס אבו סביתן [444],,,no,,,31.781620,35.260800,geojson_point,,,,,jer_gethsemane,2.035,,jer_gethsemane:2.035;jer_kidron_mon:2.098;jer_east_gate:2.276;jer_kidron_east:2.299;jer_se_corner:2.329;jer_bethesda:2.360;jer_south_wall:2.372;jer_temple:2.436;jer_tyropoeon:2.564;jer_siloam:2.659;jer_bir_ayyub:2.841,cistern;cave;wall;settlement_ruin;road,,,Iron II;Byz;Med;Ott,no,no,,"Amos Kloner (Jerusalem survey); Uri Dinur and Nurit Feig (Benjamin survey), ASI Map of Jerusalem (102), site 527; survey.iaa.org.il record 12337; printed page not given online",https://survey.iaa.org.il/#/MapSurvey/63/site/12337
63,102,Jerusalem,528,12338,[445],[445],,,no,,,31.782973,35.259745,geojson_point,,,,,jer_gethsemane,1.960,,jer_gethsemane:1.960;jer_kidron_mon:2.045;jer_east_gate:2.203;jer_kidron_east:2.267;jer_bethesda:2.267;jer_se_corner:2.277;jer_south_wall:2.322;jer_temple:2.366;jer_tyropoeon:2.502;jer_siloam:2.651;jer_bir_ayyub:2.849;jer_tombs_kings:2.953,cistern,cave,,Iron II;Hell;Rom;Byz,overlaps,no,,"Amos Kloner (Jerusalem survey); Uri Dinur and Nurit Feig (Benjamin survey), ASI Map of Jerusalem (102), site 528; survey.iaa.org.il record 12338; printed page not given online",https://survey.iaa.org.il/#/MapSurvey/63/site/12338
63,102,Jerusalem,529,12450,Ras esh-Sheikh Anbar [446],ראס א-שייח' ענבר [446],,,no,,,31.792893,35.261861,geojson_point,,,,,jer_gethsemane,2.596,,jer_gethsemane:2.596;jer_kidron_mon:2.770;jer_bethesda:2.773;jer_east_gate:2.824;jer_se_corner:2.986;jer_temple:2.989,cistern;tomb;cave;dovecote;building;settlement_ruin;winepress;installation;rock_cut,spring_well,,MB;Iron I;Iron II;Hell;Rom;Byz;Med;Ott,overlaps,no,,"Amos Kloner (Jerusalem survey); Uri Dinur and Nurit Feig (Benjamin survey), ASI Map of Jerusalem (102), site 529; survey.iaa.org.il record 12450; printed page not given online",https://survey.iaa.org.il/#/MapSurvey/63/site/12450
63,102,Jerusalem,530,12451,Bir el-Hajj [447],ביר אל-חג' [447],,,no,,,31.798304,35.260808,geojson_point,,,,,jer_gethsemane,2.914,,jer_gethsemane:2.914,cistern;wall;quarry;winepress;terrace;threshing_floor;mosaic;rock_cut,cave,,Hell;Byz;Ott,overlaps,no,,"Amos Kloner (Jerusalem survey); Uri Dinur and Nurit Feig (Benjamin survey), ASI Map of Jerusalem (102), site 530; survey.iaa.org.il record 12451; printed page not given online",https://survey.iaa.org.il/#/MapSurvey/63/site/12451
63,102,Jerusalem,536,12457,Ras Zukeir [453],ראס ד'כיר [453],,,no,,,31.833478,35.256073,geojson_point,,,,,tell_el_ful,2.600,,tell_el_ful:2.600,cistern;tomb;cave;winepress,,,Iron I;Rom;Med,overlaps,no,,"Amos Kloner (Jerusalem survey); Uri Dinur and Nurit Feig (Benjamin survey), ASI Map of Jerusalem (102), site 536; survey.iaa.org.il record 12457; printed page not given online",https://survey.iaa.org.il/#/MapSurvey/63/site/12457
63,102,Jerusalem,537,12458,[454],[454],,,no,,,31.830322,35.254487,geojson_point,,,,,tell_el_ful,2.328,,tell_el_ful:2.328,cave;terrace,,,Iron II;Byz,no,no,,"Amos Kloner (Jerusalem survey); Uri Dinur and Nurit Feig (Benjamin survey), ASI Map of Jerusalem (102), site 537; survey.iaa.org.il record 12458; printed page not given online",https://survey.iaa.org.il/#/MapSurvey/63/site/12458
63,102,Jerusalem,538,12461,[455],[455],,,no,,,31.768090,35.267654,geojson_point,,,,,jer_kidron_mon,2.860,,jer_kidron_mon:2.860;jer_kidron_east:2.875;jer_gethsemane:2.951;jer_siloam:2.986;jer_bir_ayyub:2.995,building;settlement_ruin,,,Iron II;Rom;Med;Ott,overlaps,no,,"Amos Kloner (Jerusalem survey); Uri Dinur and Nurit Feig (Benjamin survey), ASI Map of Jerusalem (102), site 538; survey.iaa.org.il record 12461; printed page not given online",https://survey.iaa.org.il/#/MapSurvey/63/site/12461
63,102,Jerusalem,539,12463,[456],[456],,,no,,,31.769444,35.263960,geojson_point,,,,,jer_kidron_mon,2.480,,jer_kidron_mon:2.480;jer_kidron_east:2.501;jer_gethsemane:2.571;jer_siloam:2.629;jer_bir_ayyub:2.656;jer_se_corner:2.668;jer_south_wall:2.684;jer_east_gate:2.762;jer_temple:2.877;jer_tyropoeon:2.931;jer_bethesda:2.972,cistern;building;settlement_ruin,cave,,,unknown,no,,"Amos Kloner (Jerusalem survey); Uri Dinur and Nurit Feig (Benjamin survey), ASI Map of Jerusalem (102), site 539; survey.iaa.org.il record 12463; printed page not given online",https://survey.iaa.org.il/#/MapSurvey/63/site/12463
63,102,Jerusalem,540,12466,Abu Dis [457],אבו דיס [457],,,no,,,31.762679,35.265540,geojson_point,,,,,jer_bir_ayyub,2.838,,jer_bir_ayyub:2.838;jer_kidron_east:2.893;jer_siloam:2.897;jer_kidron_mon:2.950,cistern;cave;dovecote;building;settlement_ruin;winepress,conduit;tomb;spring_well,,Rom;Byz;Med;Ott,overlaps,no,,"Amos Kloner (Jerusalem survey); Uri Dinur and Nurit Feig (Benjamin survey), ASI Map of Jerusalem (102), site 540; survey.iaa.org.il record 12466; printed page not given online",https://survey.iaa.org.il/#/MapSurvey/63/site/12466
63,102,Jerusalem,541,12470,Dhahr Barruka [458],דהר ברוכה [458],,,no,,,31.778912,35.267133,geojson_point,,,,,jer_gethsemane,2.619,,jer_gethsemane:2.619;jer_kidron_mon:2.641;jer_kidron_east:2.794;jer_east_gate:2.854;jer_se_corner:2.868;jer_south_wall:2.904;jer_bethesda:2.972,road;winepress;rock_cut,cistern;cave,,Iron II;Rom;Byz;Med;Ott,overlaps,no,,"Amos Kloner (Jerusalem survey); Uri Dinur and Nurit Feig (Benjamin survey), ASI Map of Jerusalem (102), site 541; survey.iaa.org.il record 12470; printed page not given online",https://survey.iaa.org.il/#/MapSurvey/63/site/12470
63,102,Jerusalem,542,12473,Ein Haud [459],עין אל-חוד [459],,,no,,,31.774401,35.270825,geojson_point,,,,,jer_kidron_mon,2.996,,jer_kidron_mon:2.996,spring_well;building,cave,,Iron II;Rom;Med;Ott,overlaps,no,,"Amos Kloner (Jerusalem survey); Uri Dinur and Nurit Feig (Benjamin survey), ASI Map of Jerusalem (102), site 542; survey.iaa.org.il record 12473; printed page not given online",https://survey.iaa.org.il/#/MapSurvey/63/site/12473
63,102,Jerusalem,543,12474,[460],[460],,,no,,,31.776207,35.265548,geojson_point,,,,,jer_kidron_mon,2.485,,jer_kidron_mon:2.485;jer_gethsemane:2.495;jer_kidron_east:2.604;jer_se_corner:2.704;jer_east_gate:2.721;jer_south_wall:2.736;jer_siloam:2.860;jer_temple:2.864;jer_bethesda:2.868;jer_tyropoeon:2.961;jer_bir_ayyub:2.968,cave,,,Iron II,no,no,,"Amos Kloner (Jerusalem survey); Uri Dinur and Nurit Feig (Benjamin survey), ASI Map of Jerusalem (102), site 543; survey.iaa.org.il record 12474; printed page not given online",https://survey.iaa.org.il/#/MapSurvey/63/site/12474
63,102,Jerusalem,544,12475,[461],[461],,,no,,,31.773051,35.263962,geojson_point,,,,,jer_kidron_mon,2.374,,jer_kidron_mon:2.374;jer_gethsemane:2.425;jer_kidron_east:2.448;jer_se_corner:2.581;jer_south_wall:2.605;jer_east_gate:2.636;jer_siloam:2.649;jer_bir_ayyub:2.723;jer_temple:2.767;jer_bethesda:2.816;jer_tyropoeon:2.843,cistern;conduit;spring_well;cave;building;terrace,pool,,Rom;Byz,overlaps,no,,"Amos Kloner (Jerusalem survey); Uri Dinur and Nurit Feig (Benjamin survey), ASI Map of Jerusalem (102), site 544; survey.iaa.org.il record 12475; printed page not given online",https://survey.iaa.org.il/#/MapSurvey/63/site/12475
63,102,Jerusalem,545,12476,ez-Zuaiyim [462],א-זעיים [462],,,no,,,31.789283,35.267667,geojson_point,,,,,jer_gethsemane,2.885,,jer_gethsemane:2.885,cistern;tomb;cave;settlement_ruin;pit;winepress;rock_cut,conduit,,Iron II;Hell;Rom;Byz;Med;Ott,overlaps,no,,"Amos Kloner (Jerusalem survey); Uri Dinur and Nurit Feig (Benjamin survey), ASI Map of Jerusalem (102), site 545; survey.iaa.org.il record 12476; printed page not given online",https://survey.iaa.org.il/#/MapSurvey/63/site/12476
63,102,Jerusalem,547,12478,[464],[464],,,no,,,31.783872,35.268719,geojson_point,,,,,jer_gethsemane,2.812,,jer_gethsemane:2.812;jer_kidron_mon:2.885,building,cistern;cave,,Iron II,no,no,,"Amos Kloner (Jerusalem survey); Uri Dinur and Nurit Feig (Benjamin survey), ASI Map of Jerusalem (102), site 547; survey.iaa.org.il record 12478; printed page not given online",https://survey.iaa.org.il/#/MapSurvey/63/site/12478
63,102,Jerusalem,548,12479,Kh. Buqei Dan [465],ח'רבת בקיע דן [465],,,no,,,31.791539,35.264500,geojson_point,,,,,jer_gethsemane,2.726,,jer_gethsemane:2.726;jer_kidron_mon:2.880;jer_bethesda:2.935;jer_east_gate:2.960,cistern;cave;building;settlement_ruin;winepress;kiln,,,Byz;Med;Ott,no,no,,"Amos Kloner (Jerusalem survey); Uri Dinur and Nurit Feig (Benjamin survey), ASI Map of Jerusalem (102), site 548; survey.iaa.org.il record 12479; printed page not given online",https://survey.iaa.org.il/#/MapSurvey/63/site/12479
65,83/1,Ramallah - Benjamin survey,1,9099,Beit Ur el-Fauqa [28],בית עור אל-פוקא [28],,16 - 14/03/1,yes,210837,643596,31.885234,35.113339,nig_epsg2039,31.885303,35.113408,10.0,ok,beth_horon,0.010,beth_horon:0.010,beth_horon:0.010,tower;settlement_ruin,,"Middle Bronze Age,Iron Age I,Iron Age II,Persian,Hellenistic,Byzantine,Middle Ages,Ottoman",MB;Iron I;Iron II;Hell;Byz;Ott;Bronze;Iron Age;Persian;Hellenistic;Byzantine;Ottoman,overlaps,no,15 (?) dunams. Arab village on prominent hill. See also No. 143,"Israel Finklestein (north). Amir Feldstein, Giora Kidron, Nizan Hanin, Yair Kamaisky & David Eitam (south)., ASI Map of Ramallah - Benjamin survey (83/1), site 1; survey.iaa.org.il record 9099; printed page not given online",https://survey.iaa.org.il/#/MapSurvey/65/site/9099
65,83/1,Ramallah - Benjamin survey,2,9100,Kh. Qureinica [29],ח'רבת קרינעה [29],,,no,,,31.895224,35.114454,geojson_point,,,,,beth_horon,1.108,,beth_horon:1.108,cistern;wall;settlement_ruin;winepress,,,MB;Hell;Rom;Byz,overlaps,no,,"Israel Finklestein (north). Amir Feldstein, Giora Kidron, Nizan Hanin, Yair Kamaisky & David Eitam (south)., ASI Map of Ramallah - Benjamin survey (83/1), site 2; survey.iaa.org.il record 9100; printed page not given online",https://survey.iaa.org.il/#/MapSurvey/65/site/9100
65,83/1,Ramallah - Benjamin survey,3,9101,Kh. Deir Hassan [30],ח'רבת דיר חסן [30],,,no,,,31.902882,35.104932,geojson_point,,,,,beth_horon,2.113,,beth_horon:2.113,cistern;settlement_ruin;oil_press;installation;terrace;rock_cut,,,Hell;Rom;Byz,overlaps,no,,"Israel Finklestein (north). Amir Feldstein, Giora Kidron, Nizan Hanin, Yair Kamaisky & David Eitam (south)., ASI Map of Ramallah - Benjamin survey (83/1), site 3; survey.iaa.org.il record 9101; printed page not given online",https://survey.iaa.org.il/#/MapSurvey/65/site/9101
65,83/1,Ramallah - Benjamin survey,5,9103,[32],[32],,,no,,,31.891173,35.123443,geojson_point,,,,,beth_horon,1.151,,beth_horon:1.151,tomb;cave;building;rock_cut,,,Hell;Rom,overlaps,no,,"Israel Finklestein (north). Amir Feldstein, Giora Kidron, Nizan Hanin, Yair Kamaisky & David Eitam (south)., ASI Map of Ramallah - Benjamin survey (83/1), site 5; survey.iaa.org.il record 9103; printed page not given online",https://survey.iaa.org.il/#/MapSurvey/65/site/9103
65,83/1,Ramallah - Benjamin survey,6,9104,Bir Hajir [33],בית חג'יר [33],,,no,,,31.897933,35.119208,geojson_point,,,,,beth_horon,1.508,,beth_horon:1.508,tomb;cave;building;settlement_ruin;pit,cistern;spring_well,,Byz;Ott,no,no,,"Israel Finklestein (north). Amir Feldstein, Giora Kidron, Nizan Hanin, Yair Kamaisky & David Eitam (south)., ASI Map of Ramallah - Benjamin survey (83/1), site 6; survey.iaa.org.il record 9104; printed page not given online",https://survey.iaa.org.il/#/MapSurvey/65/site/9104
65,83/1,Ramallah - Benjamin survey,7,9105,Kh. es-Sanjaq [34],ח'רבת א-סנג'ק [34],,,no,,,31.899284,35.116036,geojson_point,,,,,beth_horon,1.575,,beth_horon:1.575,cistern;settlement_ruin;oil_press,,,Hell;Rom;Byz,overlaps,no,,"Israel Finklestein (north). Amir Feldstein, Giora Kidron, Nizan Hanin, Yair Kamaisky & David Eitam (south)., ASI Map of Ramallah - Benjamin survey (83/1), site 7; survey.iaa.org.il record 9105; printed page not given online",https://survey.iaa.org.il/#/MapSurvey/65/site/9105
65,83/1,Ramallah - Benjamin survey,13,9139,Kh. Meiyita [40],ח'רבת מיתה [40],,,no,,,31.885765,35.127676,geojson_point,,,,,beth_horon,1.348,,beth_horon:1.348,building;settlement_ruin,cave,,Hell;Rom;Byz,overlaps,no,,"Israel Finklestein (north). Amir Feldstein, Giora Kidron, Nizan Hanin, Yair Kamaisky & David Eitam (south)., ASI Map of Ramallah - Benjamin survey (83/1), site 13; survey.iaa.org.il record 9139; printed page not given online",https://survey.iaa.org.il/#/MapSurvey/65/site/9139
65,83/1,Ramallah - Benjamin survey,14,9142,[41],[41],,,no,,,31.889826,35.132429,geojson_point,,,,,beth_horon,1.865,,beth_horon:1.865,building;wall;terrace,,,Hell;Rom;Byz,overlaps,no,,"Israel Finklestein (north). Amir Feldstein, Giora Kidron, Nizan Hanin, Yair Kamaisky & David Eitam (south)., ASI Map of Ramallah - Benjamin survey (83/1), site 14; survey.iaa.org.il record 9142; printed page not given online",https://survey.iaa.org.il/#/MapSurvey/65/site/9142
65,83/1,Ramallah - Benjamin survey,16,9145,Rujm Abu Khashaba [43],רג'ם אבו ח'שבה [43],,,no,,,31.870440,35.138258,geojson_point,,,,,beth_horon,2.870,,beth_horon:2.870,tower;cairn,,,Rom,overlaps,no,,"Israel Finklestein (north). Amir Feldstein, Giora Kidron, Nizan Hanin, Yair Kamaisky & David Eitam (south)., ASI Map of Ramallah - Benjamin survey (83/1), site 16; survey.iaa.org.il record 9145; printed page not given online",https://survey.iaa.org.il/#/MapSurvey/65/site/9145
65,83/1,Ramallah - Benjamin survey,17,9146,Kh. el-Mahma [44],ח'רבת אל-מחמה [44],,,no,,,31.882165,35.140363,geojson_point,,,,,beth_horon,2.569,,beth_horon:2.569,settlement_ruin;winepress,,,Hell;Rom;Byz,overlaps,no,,"Israel Finklestein (north). Amir Feldstein, Giora Kidron, Nizan Hanin, Yair Kamaisky & David Eitam (south)., ASI Map of Ramallah - Benjamin survey (83/1), site 17; survey.iaa.org.il record 9146; printed page not given online",https://survey.iaa.org.il/#/MapSurvey/65/site/9146
65,83/1,Ramallah - Benjamin survey,18,9147,Kh. er-Ras [45],ח'רבת א-ראס [45],,,no,,,31.883970,35.143532,geojson_point,,,,,beth_horon,2.848,,beth_horon:2.848,settlement_ruin,,,Med,no,no,,"Israel Finklestein (north). Amir Feldstein, Giora Kidron, Nizan Hanin, Yair Kamaisky & David Eitam (south)., ASI Map of Ramallah - Benjamin survey (83/1), site 18; survey.iaa.org.il record 9147; printed page not given online",https://survey.iaa.org.il/#/MapSurvey/65/site/9147
65,83/1,Ramallah - Benjamin survey,19,9148,Kh. Jaryut [46],ח'רבת ג'ריות [46],,,no,,,31.892085,35.139826,geojson_point,,,,,beth_horon,2.606,,beth_horon:2.606,pool;conduit;spring_well;building;settlement_ruin,,,Rom;Byz;Med;Ott,overlaps,no,,"Israel Finklestein (north). Amir Feldstein, Giora Kidron, Nizan Hanin, Yair Kamaisky & David Eitam (south)., ASI Map of Ramallah - Benjamin survey (83/1), site 19; survey.iaa.org.il record 9148; printed page not given online",https://survey.iaa.org.il/#/MapSurvey/65/site/9148
65,83/1,Ramallah - Benjamin survey,46,9196,Kh. Jifna [141],ח'רבת ג'פנא [141],,,no,,,31.865910,35.108673,geojson_point,,,,,beth_horon,2.202,,beth_horon:2.202,cistern;tomb;cave;building;settlement_ruin;oil_press;terrace,,,Hell;Rom;Byz;Ott,overlaps,no,,"Israel Finklestein (north). Amir Feldstein, Giora Kidron, Nizan Hanin, Yair Kamaisky & David Eitam (south)., ASI Map of Ramallah - Benjamin survey (83/1), site 46; survey.iaa.org.il record 9196; printed page not given online",https://survey.iaa.org.il/#/MapSurvey/65/site/9196
65,83/1,Ramallah - Benjamin survey,47,9198,Kh. Kafr Rush [142],ח'רבת כפר רוש [142],,,no,,,31.874928,35.107606,geojson_point,,,,,beth_horon,1.277,,beth_horon:1.277,cistern;tomb;cave;settlement_ruin;terrace,conduit,,Hell;Rom;Byz;Med,overlaps,no,,"Israel Finklestein (north). Amir Feldstein, Giora Kidron, Nizan Hanin, Yair Kamaisky & David Eitam (south)., ASI Map of Ramallah - Benjamin survey (83/1), site 47; survey.iaa.org.il record 9198; printed page not given online",https://survey.iaa.org.il/#/MapSurvey/65/site/9198
65,83/1,Ramallah - Benjamin survey,48,9199,Beit Ur el-Fauqa [143],בית עור אל-פוקא [143],,16 - 14/03/1,yes,210837,643596,31.885234,35.113339,nig_epsg2039,31.885303,35.113408,10.0,ok,beth_horon,0.010,beth_horon:0.010,beth_horon:0.010,cistern;pool;reservoir;tomb;cave;building;settlement_ruin;road;winepress;oil_press;installation;terrace;rock_cut,,"Iron Age II,Hellenistic,Roman,Byzantine,Early Islamic,Middle Ages,Ottoman",Rom;Iron;Hell;Byz;Med;Ott;Roman;Iron Age;Hellenistic;Byzantine;Early Islamic;Ottoman,overlaps,no,18 dunams. Arab village; caves; oil-press; portion of Rom road; reservoir; burial,"Israel Finklestein (north). Amir Feldstein, Giora Kidron, Nizan Hanin, Yair Kamaisky & David Eitam (south)., ASI Map of Ramallah - Benjamin survey (83/1), site 48; survey.iaa.org.il record 9199; printed page not given online",https://survey.iaa.org.il/#/MapSurvey/65/site/9199
65,83/1,Ramallah - Benjamin survey,49,9210,[144],[144],,16 - 14/03/2,yes,210787,643096,31.880725,35.112815,nig_epsg2039,31.880794,35.112884,10.1,ok,beth_horon,0.512,beth_horon:0.512,beth_horon:0.512,cistern;building;terrace,cave,,,unknown,no,0.5 dunam. Traces of building; cisterns. No identifiable sherds.,"Israel Finklestein (north). Amir Feldstein, Giora Kidron, Nizan Hanin, Yair Kamaisky & David Eitam (south)., ASI Map of Ramallah - Benjamin survey (83/1), site 49; survey.iaa.org.il record 9210; printed page not given online",https://survey.iaa.org.il/#/MapSurvey/65/site/9210
65,83/1,Ramallah - Benjamin survey,50,9211,Kh. ez-Zeit [145],ח'רבת א-זית [145],,16 - 14/03/3,yes,210387,643146,31.881173,35.108587,nig_epsg2039,31.881241,35.108656,10.0,ok,beth_horon,0.647,beth_horon:0.647,beth_horon:0.647,tomb;cave;building;settlement_ruin;winepress;oil_press;installation;rock_cut,cistern,"Hellenistic,Roman,Byzantine",Hell;Rom;Byz;Hellenistic;Roman;Byzantine,overlaps,no,12 dunams. Ruin; traces of building; many buildings to south; oil-presses; wine-presses;,"Israel Finklestein (north). Amir Feldstein, Giora Kidron, Nizan Hanin, Yair Kamaisky & David Eitam (south)., ASI Map of Ramallah - Benjamin survey (83/1), site 50; survey.iaa.org.il record 9211; printed page not given online",https://survey.iaa.org.il/#/MapSurvey/65/site/9211
68,109/4,Wadi Qelt,6,9245,Na h al Perat (6),נחל פרת (6),,18+13/89/01,yes,238788,639898,31.851753,35.408693,nig_epsg2039,31.851822,35.408758,9.7,ok,choziba,0.902,choziba:0.902,choziba:0.902;jericho_palaces:2.602,wall,,,,unknown,no,Kind of site: rectangular enclosure| Elevation asl: 10 m | Topography: hilltop,"Ofer Sion, ASI Map of Wadi Qelt (109/4), site 6; survey.iaa.org.il record 9245; printed page not given online",https://survey.iaa.org.il/#/MapSurvey/68/site/9245
68,109/4,Wadi Qelt,7,9246,The Choziba Cells,התאים של חוזיבא,,18+13/99/01,yes,239838,639598,31.849030,35.419781,nig_epsg2039,31.849098,35.419846,9.8,ok,choziba,0.935,choziba:0.935,choziba:0.935;jericho_palaces:1.586,cistern;conduit;tomb;cave;building;steps;wall;installation;terrace;mosaic;inscription;rock_cut,spring_well,Byzantine,Byzantine;modern,no,no,Kind of site: monk cells| Elevation asl: 200 m | Topography: cliff,"Ofer Sion, ASI Map of Wadi Qelt (109/4), site 7; survey.iaa.org.il record 9246; printed page not given online",https://survey.iaa.org.il/#/MapSurvey/68/site/9246
68,109/4,Wadi Qelt,8,9247,St. George/Choziba,סנט ג'ורג/חוזיבא,,18+13/99/02,yes,239088,639048,31.844083,35.411846,nig_epsg2039,31.844151,35.411911,9.8,ok,choziba,0.006,choziba:0.006,choziba:0.006;jericho_palaces:2.462,tomb;cave;building;wall;inscription,cistern,,Byzantine,no,no,Kind of site: active monastery | Elevation asl: 30 m | Topography:,"Ofer Sion, ASI Map of Wadi Qelt (109/4), site 8; survey.iaa.org.il record 9247; printed page not given online",https://survey.iaa.org.il/#/MapSurvey/68/site/9247
68,109/4,Wadi Qelt,17,9256,Na h al Perat (7),נחל פרת (7),,18+13/88/01,yes,238738,638648,31.840481,35.408140,nig_epsg2039,31.840549,35.408206,9.8,ok,choziba,0.528,choziba:0.528,choziba:0.528;jericho_palaces:2.941,conduit;wall;rock_cut,,,modern,no,no,Kind of site: aqueduct | Elevation asl: 90 m | Topography: spur,"Ofer Sion, ASI Map of Wadi Qelt (109/4), site 17; survey.iaa.org.il record 9256; printed page not given online",https://survey.iaa.org.il/#/MapSurvey/68/site/9256
68,109/4,Wadi Qelt,18,9258,Na h al Perat (8),נחל פרת (8),,18+13/88/02,yes,238788,638548,31.839579,35.408666,nig_epsg2039,31.839647,35.408732,9.8,ok,choziba,0.581,choziba:0.581,choziba:0.581;jericho_palaces:2.941,conduit,,,modern;iron,no,no,Kind of site: an aqueduct bridge | Elevation asl: 100 m |,"Ofer Sion, ASI Map of Wadi Qelt (109/4), site 18; survey.iaa.org.il record 9258; printed page not given online",https://survey.iaa.org.il/#/MapSurvey/68/site/9258
68,109/4,Wadi Qelt,19,9259,Na h al Perat (9),נחל פרת (9),,18+13/88/03,yes,238838,638348,31.837774,35.409190,nig_epsg2039,31.837842,35.409256,9.8,ok,choziba,0.743,choziba:0.743,choziba:0.743;jericho_palaces:2.997,conduit;building;fortress;road,,,,unknown,no,Kind of site: aqueduct | Elevation asl: 10 m | Topography: spur,"Ofer Sion, ASI Map of Wadi Qelt (109/4), site 19; survey.iaa.org.il record 9259; printed page not given online",https://survey.iaa.org.il/#/MapSurvey/68/site/9259
68,109/4,Wadi Qelt,20,9260,Manzal Jabr,מנזל ג'בר,,18+13/98/01,yes,239388,638948,31.843176,35.415013,nig_epsg2039,31.843244,35.415078,9.8,ok,choziba,0.322,choziba:0.322,choziba:0.322;jericho_palaces:2.226,reservoir;conduit;building;road,cave,,,unknown,no,Kind of site: structure | Elevation asl: 40 m | Topography: saddle,"Ofer Sion, ASI Map of Wadi Qelt (109/4), site 20; survey.iaa.org.il record 9260; printed page not given online",https://survey.iaa.org.il/#/MapSurvey/68/site/9260
68,109/4,Wadi Qelt,26,9266,Na h al Perat (10),נחל פרת (10),,,no,,,31.826596,35.391275,geojson_point,,,,,choziba,2.744,,choziba:2.744,cairn,cave,,,unknown,no,,"Ofer Sion, ASI Map of Wadi Qelt (109/4), site 26; survey.iaa.org.il record 9266; printed page not given online",https://survey.iaa.org.il/#/MapSurvey/68/site/9266
68,109/4,Wadi Qelt,27,9267,‘Arab el- H ateimat (1),ערב אל חתימת (1),,,no,,,31.834227,35.414531,geojson_point,,,,,choziba,1.126,,choziba:1.126;jericho_palaces:2.838,conduit;cairn,cave,,Byzantine;Ottoman,no,no,,"Ofer Sion, ASI Map of Wadi Qelt (109/4), site 27; survey.iaa.org.il record 9267; printed page not given online",https://survey.iaa.org.il/#/MapSurvey/68/site/9267
68,109/4,Wadi Qelt,28,9268,‘Arab el- H ateimat (2),ערב אל חתימת (2),,,no,,,31.833769,35.418755,geojson_point,,,,,choziba,1.322,,choziba:1.322;jericho_palaces:2.604,road;cairn,,,Byzantine;Ottoman,no,no,,"Ofer Sion, ASI Map of Wadi Qelt (109/4), site 28; survey.iaa.org.il record 9268; printed page not given online",https://survey.iaa.org.il/#/MapSurvey/68/site/9268
68,109/4,Wadi Qelt,34,9339,‘Arab el- H ateimat (4),ערב אל חתימת (4),,,no,,,31.822528,35.398133,geojson_point,,,,,kuteif,2.586,,kuteif:2.586;choziba:2.721,road,,,,unknown,no,,"Ofer Sion, ASI Map of Wadi Qelt (109/4), site 34; survey.iaa.org.il record 9339; printed page not given online",https://survey.iaa.org.il/#/MapSurvey/68/site/9339
68,109/4,Wadi Qelt,44,9360,Sha‘ab er-Rish (1),שעב א ריש (1),,,no,,,31.813933,35.416071,geojson_point,,,,,kuteif,1.411,,kuteif:1.411,wall;cairn,,,Byzantine,no,no,,"Ofer Sion, ASI Map of Wadi Qelt (109/4), site 44; survey.iaa.org.il record 9360; printed page not given online",https://survey.iaa.org.il/#/MapSurvey/68/site/9360
68,109/4,Wadi Qelt,45,9439,Sha‘ab er-Rish (2),שעב א ריש (2),,,no,,,31.811683,35.412897,geojson_point,,,,,kuteif,1.092,,kuteif:1.092,conduit;wall;road,cave,,Byzantine;Early Islamic,no,no,,"Ofer Sion, ASI Map of Wadi Qelt (109/4), site 45; survey.iaa.org.il record 9439; printed page not given online",https://survey.iaa.org.il/#/MapSurvey/68/site/9439
68,109/4,Wadi Qelt,46,9440,Sha‘ab er-Rish (3),שעב א ריש (3),,18+13/95/03,yes,239488,635248,31.809806,35.415993,nig_epsg2039,31.809874,35.416062,10.0,ok,kuteif,0.988,kuteif:0.988,kuteif:0.988;muhalhil:2.993,wall,,Ottoman,Ottoman,no,no,Kind of site: groups of stones | Elevation asl: 80 m |,"Ofer Sion, ASI Map of Wadi Qelt (109/4), site 46; survey.iaa.org.il record 9440; printed page not given online",https://survey.iaa.org.il/#/MapSurvey/68/site/9440
68,109/4,Wadi Qelt,47,9441,Sha‘ab er-Rish (4),שעב א ריש (4),,18+13/95/04,yes,239038,635148,31.808912,35.411239,nig_epsg2039,31.808980,35.411307,9.9,ok,kuteif,0.769,kuteif:0.769,kuteif:0.769,building;wall;road,cave,"Byzantine,Early Islamic",modern;Byzantine;Early Islamic,no,no,Kind of site: square compound – an army base (?) | Elevation,"Ofer Sion, ASI Map of Wadi Qelt (109/4), site 47; survey.iaa.org.il record 9441; printed page not given online",https://survey.iaa.org.il/#/MapSurvey/68/site/9441
68,109/4,Wadi Qelt,65,9474,Tsawanat Qabr Mas‘ud (1),צונת קבר מסעוד (1),,18+13/94/01,yes,239388,634948,31.807103,35.414931,nig_epsg2039,31.807171,35.415000,10.0,ok,kuteif,0.678,kuteif:0.678,kuteif:0.678;muhalhil:2.793,,,,Byzantine;Early Islamic;Ottoman,no,no,Kind of site: groups of stones and sherds | Elevation asl: 30,"Ofer Sion, ASI Map of Wadi Qelt (109/4), site 65; survey.iaa.org.il record 9474; printed page not given online",https://survey.iaa.org.il/#/MapSurvey/68/site/9474
68,109/4,Wadi Qelt,66,9475,Tsawanat Qabr Mas‘ud (2),צונת קבר מסעוד (2),,18+13/94/02,yes,239188,634198,31.800342,35.412804,nig_epsg2039,31.800410,35.412873,10.0,ok,kuteif,0.251,kuteif:0.251,kuteif:0.251;muhalhil:2.366,building;tower;wall;road,,"Byzantine,Ottoman",Byzantine;Ottoman,no,no,Kind of site: observation/guard tower | Elevation asl: 10 m | Topography:,"Ofer Sion, ASI Map of Wadi Qelt (109/4), site 66; survey.iaa.org.il record 9475; printed page not given online",https://survey.iaa.org.il/#/MapSurvey/68/site/9475
68,109/4,Wadi Qelt,75,10406,Hariv en-Nabi Musa (1),הריב א-נבי מוסה (1),,,no,,,31.791389,35.414437,geojson_point,,,,,kuteif,1.224,,kuteif:1.224;muhalhil:1.729,,,,Byzantine;Early Islamic;Ottoman,no,no,,"Ofer Sion, ASI Map of Wadi Qelt (109/4), site 75; survey.iaa.org.il record 10406; printed page not given online",https://survey.iaa.org.il/#/MapSurvey/68/site/10406
68,109/4,Wadi Qelt,95,10462,Hariv en-Nabi Musa (2),הריב א נבי מוסא (2),,,no,,,31.787336,35.411261,geojson_point,,,,,kuteif,1.631,,kuteif:1.631;muhalhil:1.944,mound,,,Ottoman,no,no,,"Ofer Sion, ASI Map of Wadi Qelt (109/4), site 95; survey.iaa.org.il record 10462; printed page not given online",https://survey.iaa.org.il/#/MapSurvey/68/site/10462
68,109/4,Wadi Qelt,96,10463,Hariv en-Nabi Musa (3),הריב א נבי מוסא (3),,,no,,,31.787333,35.412845,geojson_point,,,,,kuteif,1.640,,kuteif:1.640;muhalhil:1.794,conduit;cairn,,,Ottoman,no,no,,"Ofer Sion, ASI Map of Wadi Qelt (109/4), site 96; survey.iaa.org.il record 10463; printed page not given online",https://survey.iaa.org.il/#/MapSurvey/68/site/10463
68,109/4,Wadi Qelt,127,10574,Ard H ashneh (2),ארד ח'שנה (2),,,no,,,31.771087,35.420727,geojson_point,,,,,muhalhil,2.006,,muhalhil:2.006;asla:2.862,wall;road;terrace,cave,,,unknown,no,,"Ofer Sion, ASI Map of Wadi Qelt (109/4), site 127; survey.iaa.org.il record 10574; printed page not given online",https://survey.iaa.org.il/#/MapSurvey/68/site/10574
72,101,Ein Kerem - Benjamin Survey; Survey of Jerusalem,59,9664,Kh. el-Biyar [319],ח'רבת אל-ביר [319],,,no,,,31.830329,35.200614,geojson_point,,,,,tell_el_ful,2.988,,tell_el_ful:2.988,cistern;reservoir;tomb;cave;building;settlement_ruin;terrace;mosaic,pool,,Iron II;Hell;Rom;Byz,overlaps,no,,"Amir Feldstein, Giora Kidron, Nizan Hanin, Yair Kamaisky & David Eitam, ASI Map of Ein Kerem - Benjamin Survey; Survey of Jerusalem (101), site 59; survey.iaa.org.il record 9664; printed page not given online",https://survey.iaa.org.il/#/MapSurvey/72/site/9664
72,101,Ein Kerem - Benjamin Survey; Survey of Jerusalem,60,9665,Beit Hanina [320],בית חנינא [320],,,no,,,31.829878,35.208008,geojson_point,,,,,tell_el_ful,2.304,,tell_el_ful:2.304,settlement_ruin,,,Iron II;Hell;Med;Ott,overlaps,no,,"Amir Feldstein, Giora Kidron, Nizan Hanin, Yair Kamaisky & David Eitam, ASI Map of Ein Kerem - Benjamin Survey; Survey of Jerusalem (101), site 60; survey.iaa.org.il record 9665; printed page not given online",https://survey.iaa.org.il/#/MapSurvey/72/site/9665
72,101,Ein Kerem - Benjamin Survey; Survey of Jerusalem,79,13978,[18],[18],,,no,,,31.822753,35.202516,geojson_point,,,,,tell_el_ful,2.711,,tell_el_ful:2.711,settlement_ruin,cave,,Roman,overlaps,no,,"Amir Feldstein, Giora Kidron, Nizan Hanin, Yair Kamaisky & David Eitam, ASI Map of Ein Kerem - Benjamin Survey; Survey of Jerusalem (101), site 79; survey.iaa.org.il record 13978; printed page not given online",https://survey.iaa.org.il/#/MapSurvey/72/site/13978
72,101,Ein Kerem - Benjamin Survey; Survey of Jerusalem,80,13979,[19],[19],,,no,,,31.822213,35.206424,geojson_point,,,,,tell_el_ful,2.345,,tell_el_ful:2.345,cistern;rock_cut,,,Iron II;Byzantine,no,no,,"Amir Feldstein, Giora Kidron, Nizan Hanin, Yair Kamaisky & David Eitam, ASI Map of Ein Kerem - Benjamin Survey; Survey of Jerusalem (101), site 80; survey.iaa.org.il record 13979; printed page not given online",https://survey.iaa.org.il/#/MapSurvey/72/site/13979
72,101,Ein Kerem - Benjamin Survey; Survey of Jerusalem,81,13980,[20],[20],,,no,,,31.821762,35.203995,geojson_point,,,,,tell_el_ful,2.577,,tell_el_ful:2.577,building;wall,cave,,Iron II;Hellenistic;Roman;Byzantine,overlaps,no,,"Amir Feldstein, Giora Kidron, Nizan Hanin, Yair Kamaisky & David Eitam, ASI Map of Ein Kerem - Benjamin Survey; Survey of Jerusalem (101), site 81; survey.iaa.org.il record 13980; printed page not given online",https://survey.iaa.org.il/#/MapSurvey/72/site/13980
72,101,Ein Kerem - Benjamin Survey; Survey of Jerusalem,82,13981,[21],[21],,,no,,,31.819687,35.203361,geojson_point,,,,,tell_el_ful,2.664,,tell_el_ful:2.664,tomb;cave;terrace;rock_cut,cistern,,Iron II,no,no,,"Amir Feldstein, Giora Kidron, Nizan Hanin, Yair Kamaisky & David Eitam, ASI Map of Ein Kerem - Benjamin Survey; Survey of Jerusalem (101), site 82; survey.iaa.org.il record 13981; printed page not given online",https://survey.iaa.org.il/#/MapSurvey/72/site/13981
72,101,Ein Kerem - Benjamin Survey; Survey of Jerusalem,83,13982,[22],[22],,,no,,,31.817703,35.207481,geojson_point,,,,,tell_el_ful,2.331,,tell_el_ful:2.331,cistern;building;tower;wall;cairn;terrace;rock_cut,,,Iron II;Hellenistic,overlaps,no,,"Amir Feldstein, Giora Kidron, Nizan Hanin, Yair Kamaisky & David Eitam, ASI Map of Ein Kerem - Benjamin Survey; Survey of Jerusalem (101), site 83; survey.iaa.org.il record 13982; printed page not given online",https://survey.iaa.org.il/#/MapSurvey/72/site/13982
72,101,Ein Kerem - Benjamin Survey; Survey of Jerusalem,84,13983,[23],[23],,,no,,,31.816801,35.203784,geojson_point,,,,,tell_el_ful,2.695,,tell_el_ful:2.695,tomb;cave;settlement_ruin;rock_cut,cistern,,Herodian,yes,no,,"Amir Feldstein, Giora Kidron, Nizan Hanin, Yair Kamaisky & David Eitam, ASI Map of Ein Kerem - Benjamin Survey; Survey of Jerusalem (101), site 84; survey.iaa.org.il record 13983; printed page not given online",https://survey.iaa.org.il/#/MapSurvey/72/site/13983
72,101,Ein Kerem - Benjamin Survey; Survey of Jerusalem,90,13989,[29],[29],,,no,,,31.815449,35.209593,geojson_point,,,,,tell_el_ful,2.228,,tell_el_ful:2.228,conduit;building;winepress;terrace;rock_cut,cistern;cave,,,unknown,no,,"Amir Feldstein, Giora Kidron, Nizan Hanin, Yair Kamaisky & David Eitam, ASI Map of Ein Kerem - Benjamin Survey; Survey of Jerusalem (101), site 90; survey.iaa.org.il record 13989; printed page not given online",https://survey.iaa.org.il/#/MapSurvey/72/site/13989
72,101,Ein Kerem - Benjamin Survey; Survey of Jerusalem,91,13990,[30],[30],,,no,,,31.812833,35.202940,geojson_point,,,,,tell_el_ful,2.921,,tell_el_ful:2.921,tomb;wall;pit;rock_cut,cistern;cave;spring_well,,first century CE;Herodian,yes,no,,"Amir Feldstein, Giora Kidron, Nizan Hanin, Yair Kamaisky & David Eitam, ASI Map of Ein Kerem - Benjamin Survey; Survey of Jerusalem (101), site 91; survey.iaa.org.il record 13990; printed page not given online",https://survey.iaa.org.il/#/MapSurvey/72/site/13990
72,101,Ein Kerem - Benjamin Survey; Survey of Jerusalem,92,13991,[31],[31],,,no,,,31.813645,35.209593,geojson_point,,,,,tell_el_ful,2.316,,tell_el_ful:2.316,cairn;terrace;kiln,,,Iron II;Herodian;Roman;Byzantine,yes,no,,"Amir Feldstein, Giora Kidron, Nizan Hanin, Yair Kamaisky & David Eitam, ASI Map of Ein Kerem - Benjamin Survey; Survey of Jerusalem (101), site 92; survey.iaa.org.il record 13991; printed page not given online",https://survey.iaa.org.il/#/MapSurvey/72/site/13991
72,101,Ein Kerem - Benjamin Survey; Survey of Jerusalem,93,13992,[32],[32],,,no,,,31.810940,35.208854,geojson_point,,,,,tell_el_ful,2.530,,tell_el_ful:2.530,cistern;building;cairn;terrace;rock_cut,,,Iron Age,no,no,,"Amir Feldstein, Giora Kidron, Nizan Hanin, Yair Kamaisky & David Eitam, ASI Map of Ein Kerem - Benjamin Survey; Survey of Jerusalem (101), site 93; survey.iaa.org.il record 13992; printed page not given online",https://survey.iaa.org.il/#/MapSurvey/72/site/13992
72,101,Ein Kerem - Benjamin Survey; Survey of Jerusalem,94,13993,[33],[33],,,no,,,31.811120,35.209910,geojson_point,,,,,tell_el_ful,2.436,,tell_el_ful:2.436,reservoir;tomb;cave;building;steps;wall;pit;terrace;rock_cut,cistern,,Iron II;Roman;Byzantine,overlaps,no,,"Amir Feldstein, Giora Kidron, Nizan Hanin, Yair Kamaisky & David Eitam, ASI Map of Ein Kerem - Benjamin Survey; Survey of Jerusalem (101), site 94; survey.iaa.org.il record 13993; printed page not given online",https://survey.iaa.org.il/#/MapSurvey/72/site/13993
72,101,Ein Kerem - Benjamin Survey; Survey of Jerusalem,95,13994,[34],[34],,,no,,,31.810579,35.206425,geojson_point,,,,,tell_el_ful,2.745,,tell_el_ful:2.745,cistern;terrace;rock_cut,,,,unknown,no,,"Amir Feldstein, Giora Kidron, Nizan Hanin, Yair Kamaisky & David Eitam, ASI Map of Ein Kerem - Benjamin Survey; Survey of Jerusalem (101), site 95; survey.iaa.org.il record 13994; printed page not given online",https://survey.iaa.org.il/#/MapSurvey/72/site/13994
72,101,Ein Kerem - Benjamin Survey; Survey of Jerusalem,96,13995,[35],[35],,,no,,,31.810038,35.208643,geojson_point,,,,,tell_el_ful,2.603,,tell_el_ful:2.603,building;road;cairn;winepress;rock_cut,cistern;cave,,Iron II;Herodian;Roman;Byzantine,yes,no,,"Amir Feldstein, Giora Kidron, Nizan Hanin, Yair Kamaisky & David Eitam, ASI Map of Ein Kerem - Benjamin Survey; Survey of Jerusalem (101), site 96; survey.iaa.org.il record 13995; printed page not given online",https://survey.iaa.org.il/#/MapSurvey/72/site/13995
72,101,Ein Kerem - Benjamin Survey; Survey of Jerusalem,97,13996,Kh. Tililiya [36],ח' תליליה [36],,,no,,,31.816711,35.205791,geojson_point,,,,,tell_el_ful,2.516,,tell_el_ful:2.516,cistern;pool;tomb;cave;building;fortress;tower;steps;wall;settlement_ruin;oil_press;rock_cut,,,Byzantine;Iron II;Hasmonean;Herodian,yes,no,,"Amir Feldstein, Giora Kidron, Nizan Hanin, Yair Kamaisky & David Eitam, ASI Map of Ein Kerem - Benjamin Survey; Survey of Jerusalem (101), site 97; survey.iaa.org.il record 13996; printed page not given online",https://survey.iaa.org.il/#/MapSurvey/72/site/13996
72,101,Ein Kerem - Benjamin Survey; Survey of Jerusalem,98,13997,[37],[37],,,no,,,31.809767,35.209593,geojson_point,,,,,tell_el_ful,2.548,,tell_el_ful:2.548,reservoir;tomb;cave;terrace;rock_cut,cistern,,Herodian,yes,no,,"Amir Feldstein, Giora Kidron, Nizan Hanin, Yair Kamaisky & David Eitam, ASI Map of Ein Kerem - Benjamin Survey; Survey of Jerusalem (101), site 98; survey.iaa.org.il record 13997; printed page not given online",https://survey.iaa.org.il/#/MapSurvey/72/site/13997
72,101,Ein Kerem - Benjamin Survey; Survey of Jerusalem,101,14000,[40],[40],,,no,,,31.804717,35.207693,geojson_point,,,,,jer_tombs_kings,2.715,,jer_tombs_kings:2.715,wall;terrace;rock_cut,,,,unknown,no,,"Amir Feldstein, Giora Kidron, Nizan Hanin, Yair Kamaisky & David Eitam, ASI Map of Ein Kerem - Benjamin Survey; Survey of Jerusalem (101), site 101; survey.iaa.org.il record 14000; printed page not given online",https://survey.iaa.org.il/#/MapSurvey/72/site/14000
72,101,Ein Kerem - Benjamin Survey; Survey of Jerusalem,102,14048,[41],[41],,,no,,,31.803725,35.206214,geojson_point,,,,,jer_tombs_kings,2.752,,jer_tombs_kings:2.752,conduit;wall;winepress;rock_cut,cistern;cave,,,unknown,no,,"Amir Feldstein, Giora Kidron, Nizan Hanin, Yair Kamaisky & David Eitam, ASI Map of Ein Kerem - Benjamin Survey; Survey of Jerusalem (101), site 102; survey.iaa.org.il record 14048; printed page not given online",https://survey.iaa.org.il/#/MapSurvey/72/site/14048
72,101,Ein Kerem - Benjamin Survey; Survey of Jerusalem,103,14049,[42],[42],,,no,,,31.803274,35.209382,geojson_point,,,,,jer_tombs_kings,2.489,,jer_tombs_kings:2.489,kiln,cave,,,unknown,no,,"Amir Feldstein, Giora Kidron, Nizan Hanin, Yair Kamaisky & David Eitam, ASI Map of Ein Kerem - Benjamin Survey; Survey of Jerusalem (101), site 103; survey.iaa.org.il record 14049; printed page not given online",https://survey.iaa.org.il/#/MapSurvey/72/site/14049
72,101,Ein Kerem - Benjamin Survey; Survey of Jerusalem,104,14050,Kh. Salih [43],ח' צאלח [43],,,no,,,31.804176,35.205369,geojson_point,,,,,jer_tombs_kings,2.846,,jer_tombs_kings:2.846,cave;wall;settlement_ruin;installation;terrace;rock_cut,,,,unknown,no,,"Amir Feldstein, Giora Kidron, Nizan Hanin, Yair Kamaisky & David Eitam, ASI Map of Ein Kerem - Benjamin Survey; Survey of Jerusalem (101), site 104; survey.iaa.org.il record 14050; printed page not given online",https://survey.iaa.org.il/#/MapSurvey/72/site/14050
72,101,Ein Kerem - Benjamin Survey; Survey of Jerusalem,105,14051,[44],[44],,,no,,,31.802372,35.204842,geojson_point,,,,,jer_tombs_kings,2.769,,jer_tombs_kings:2.769,oil_press,,,,unknown,no,,"Amir Feldstein, Giora Kidron, Nizan Hanin, Yair Kamaisky & David Eitam, ASI Map of Ein Kerem - Benjamin Survey; Survey of Jerusalem (101), site 105; survey.iaa.org.il record 14051; printed page not given online",https://survey.iaa.org.il/#/MapSurvey/72/site/14051
72,101,Ein Kerem - Benjamin Survey; Survey of Jerusalem,106,14052,[45],[45],,,no,,,31.801019,35.206742,geojson_point,,,,,jer_tombs_kings,2.536,,jer_tombs_kings:2.536,tomb;cave;road;rock_cut,cistern,,,unknown,no,,"Amir Feldstein, Giora Kidron, Nizan Hanin, Yair Kamaisky & David Eitam, ASI Map of Ein Kerem - Benjamin Survey; Survey of Jerusalem (101), site 106; survey.iaa.org.il record 14052; printed page not given online",https://survey.iaa.org.il/#/MapSurvey/72/site/14052
72,101,Ein Kerem - Benjamin Survey; Survey of Jerusalem,107,14053,[46],[46],,,no,,,31.799215,35.205898,geojson_point,,,,,jer_tombs_kings,2.502,,jer_tombs_kings:2.502,building;cairn,,,Iron II,no,no,,"Amir Feldstein, Giora Kidron, Nizan Hanin, Yair Kamaisky & David Eitam, ASI Map of Ein Kerem - Benjamin Survey; Survey of Jerusalem (101), site 107; survey.iaa.org.il record 14053; printed page not given online",https://survey.iaa.org.il/#/MapSurvey/72/site/14053
72,101,Ein Kerem - Benjamin Survey; Survey of Jerusalem,121,14067,[60],[60],,,no,,,31.792542,35.202730,geojson_point,,,,,jer_tombs_kings,2.540,,jer_tombs_kings:2.540,tomb;cave;rock_cut,cistern,,Herodian;Late Roman,yes,no,,"Amir Feldstein, Giora Kidron, Nizan Hanin, Yair Kamaisky & David Eitam, ASI Map of Ein Kerem - Benjamin Survey; Survey of Jerusalem (101), site 121; survey.iaa.org.il record 14067; printed page not given online",https://survey.iaa.org.il/#/MapSurvey/72/site/14067
72,101,Ein Kerem - Benjamin Survey; Survey of Jerusalem,122,14068,[61],[61],,,no,,,31.790377,35.209066,geojson_point,,,,,jer_tombs_kings,1.913,,jer_tombs_kings:1.913;jer_bethesda:2.720;mount_zion:2.782;jer_tyropoeon:2.809;jer_temple:2.826;jer_east_gate:2.928,tomb;cave;wall;rock_cut,cistern,,,unknown,no,,"Amir Feldstein, Giora Kidron, Nizan Hanin, Yair Kamaisky & David Eitam, ASI Map of Ein Kerem - Benjamin Survey; Survey of Jerusalem (101), site 122; survey.iaa.org.il record 14068; printed page not given online",https://survey.iaa.org.il/#/MapSurvey/72/site/14068
72,101,Ein Kerem - Benjamin Survey; Survey of Jerusalem,123,14069,Kh. Jemah [62],ח' אל-ג'מעה [62],,,no,,,31.790197,35.206426,geojson_point,,,,,jer_tombs_kings,2.160,,jer_tombs_kings:2.160;mount_zion:2.940;jer_bethesda:2.947,tomb;cave;settlement_ruin;pit;rock_cut,cistern,,British Mandate,no,no,,"Amir Feldstein, Giora Kidron, Nizan Hanin, Yair Kamaisky & David Eitam, ASI Map of Ein Kerem - Benjamin Survey; Survey of Jerusalem (101), site 123; survey.iaa.org.il record 14069; printed page not given online",https://survey.iaa.org.il/#/MapSurvey/72/site/14069
72,101,Ein Kerem - Benjamin Survey; Survey of Jerusalem,160,14107,Wa'r Abu es Safa [99],וער אבו א-צאפא [99],,,no,,,31.789295,35.201675,geojson_point,,,,,jer_tombs_kings,2.602,,jer_tombs_kings:2.602,tomb;cave;wall;pit;rock_cut,cistern,,Herodian;Roman;iron,yes,no,,"Amir Feldstein, Giora Kidron, Nizan Hanin, Yair Kamaisky & David Eitam, ASI Map of Ein Kerem - Benjamin Survey; Survey of Jerusalem (101), site 160; survey.iaa.org.il record 14107; printed page not given online",https://survey.iaa.org.il/#/MapSurvey/72/site/14107
72,101,Ein Kerem - Benjamin Survey; Survey of Jerusalem,161,14108,[100],[100],,,no,,,31.786589,35.201675,geojson_point,,,,,jer_tombs_kings,2.609,,jer_tombs_kings:2.609,tomb;cave;rock_cut,cistern,,Herodian,yes,no,,"Amir Feldstein, Giora Kidron, Nizan Hanin, Yair Kamaisky & David Eitam, ASI Map of Ein Kerem - Benjamin Survey; Survey of Jerusalem (101), site 161; survey.iaa.org.il record 14108; printed page not given online",https://survey.iaa.org.il/#/MapSurvey/72/site/14108
72,101,Ein Kerem - Benjamin Survey; Survey of Jerusalem,162,14109,Esh Sheikh Badr [101],א-שיח' בדר [101],,,no,,,31.785597,35.201147,geojson_point,,,,,jer_tombs_kings,2.670,,jer_tombs_kings:2.670,tomb;cave;steps;wall;pit;rock_cut,cistern,,Iron Age;Herodian;Second Temple,yes,no,,"Amir Feldstein, Giora Kidron, Nizan Hanin, Yair Kamaisky & David Eitam, ASI Map of Ein Kerem - Benjamin Survey; Survey of Jerusalem (101), site 162; survey.iaa.org.il record 14109; printed page not given online",https://survey.iaa.org.il/#/MapSurvey/72/site/14109
72,101,Ein Kerem - Benjamin Survey; Survey of Jerusalem,163,14110,Esh Sheikh Badr [102],א-שיח' בדר [102],,,no,,,31.785597,35.202520,geojson_point,,,,,jer_tombs_kings,2.542,,jer_tombs_kings:2.542;mount_zion:2.912,cistern;pool;conduit;tomb;cave;building;settlement_ruin;road;pit;quarry;oil_press;mosaic;inscription,,,Herodian;Roman;Byzantine;Late Roman,yes,no,,"Amir Feldstein, Giora Kidron, Nizan Hanin, Yair Kamaisky & David Eitam, ASI Map of Ein Kerem - Benjamin Survey; Survey of Jerusalem (101), site 163; survey.iaa.org.il record 14110; printed page not given online",https://survey.iaa.org.il/#/MapSurvey/72/site/14110
72,101,Ein Kerem - Benjamin Survey; Survey of Jerusalem,164,14111,[103],[103],,,no,,,31.782080,35.201148,geojson_point,,,,,jer_tombs_kings,2.746,,jer_tombs_kings:2.746;mount_zion:2.842,,,,Iron Age;Roman;Byzantine,overlaps,no,,"Amir Feldstein, Giora Kidron, Nizan Hanin, Yair Kamaisky & David Eitam, ASI Map of Ein Kerem - Benjamin Survey; Survey of Jerusalem (101), site 164; survey.iaa.org.il record 14111; printed page not given online",https://survey.iaa.org.il/#/MapSurvey/72/site/14111
72,101,Ein Kerem - Benjamin Survey; Survey of Jerusalem,165,14112,[104],[104],,,no,,,31.785147,35.206849,geojson_point,,,,,jer_tombs_kings,2.145,,jer_tombs_kings:2.145;mount_zion:2.545;jer_tyropoeon:2.745;jer_bethesda:2.771;jer_temple:2.800;jer_east_gate:2.928;jer_south_wall:2.994,tomb;cave;wall;pit;rock_cut,cistern,,Early Roman,yes,no,,"Amir Feldstein, Giora Kidron, Nizan Hanin, Yair Kamaisky & David Eitam, ASI Map of Ein Kerem - Benjamin Survey; Survey of Jerusalem (101), site 165; survey.iaa.org.il record 14112; printed page not given online",https://survey.iaa.org.il/#/MapSurvey/72/site/14112
72,101,Ein Kerem - Benjamin Survey; Survey of Jerusalem,166,14113,Esh Sheikh Badr [105],א-שיח' בדר [105],,,no,,,31.782080,35.206216,geojson_point,,,,,jer_tombs_kings,2.287,,jer_tombs_kings:2.287;mount_zion:2.413;jer_tyropoeon:2.710;jer_temple:2.786;jer_bethesda:2.800;jer_baqa:2.898;jer_east_gate:2.926;jer_south_wall:2.953;jer_se_corner:2.972,tomb;cave;building;settlement_ruin;pit;quarry;winepress;rock_cut,cistern,,Herodian;Byzantine,yes,no,,"Amir Feldstein, Giora Kidron, Nizan Hanin, Yair Kamaisky & David Eitam, ASI Map of Ein Kerem - Benjamin Survey; Survey of Jerusalem (101), site 166; survey.iaa.org.il record 14113; printed page not given online",https://survey.iaa.org.il/#/MapSurvey/72/site/14113
72,101,Ein Kerem - Benjamin Survey; Survey of Jerusalem,167,14114,[106],[106],,,no,,,31.780818,35.203999,geojson_point,,,,,jer_tombs_kings,2.530,,jer_tombs_kings:2.530;mount_zion:2.539;jer_baqa:2.885;jer_tyropoeon:2.891;jer_temple:2.976,tomb;cave;wall;settlement_ruin;rock_cut,cistern,,Herodian,yes,no,,"Amir Feldstein, Giora Kidron, Nizan Hanin, Yair Kamaisky & David Eitam, ASI Map of Ein Kerem - Benjamin Survey; Survey of Jerusalem (101), site 167; survey.iaa.org.il record 14114; printed page not given online",https://survey.iaa.org.il/#/MapSurvey/72/site/14114
72,101,Ein Kerem - Benjamin Survey; Survey of Jerusalem,187,14134,[126],[126],,,no,,,31.774143,35.198932,geojson_point,,,,,jer_baqa,2.656,,jer_baqa:2.656;mount_zion:2.819,wall;mosaic,,,Byzantine,no,no,,"Amir Feldstein, Giora Kidron, Nizan Hanin, Yair Kamaisky & David Eitam, ASI Map of Ein Kerem - Benjamin Survey; Survey of Jerusalem (101), site 187; survey.iaa.org.il record 14134; printed page not given online",https://survey.iaa.org.il/#/MapSurvey/72/site/14134
72,101,Ein Kerem - Benjamin Survey; Survey of Jerusalem,188,14135,[127],[127],,,no,,,31.780186,35.202521,geojson_point,,,,,mount_zion,2.642,,mount_zion:2.642;jer_tombs_kings:2.686;jer_baqa:2.908,tomb;cave;pit;rock_cut,cistern,,Second Temple,overlaps,no,,"Amir Feldstein, Giora Kidron, Nizan Hanin, Yair Kamaisky & David Eitam, ASI Map of Ein Kerem - Benjamin Survey; Survey of Jerusalem (101), site 188; survey.iaa.org.il record 14135; printed page not given online",https://survey.iaa.org.il/#/MapSurvey/72/site/14135
72,101,Ein Kerem - Benjamin Survey; Survey of Jerusalem,189,14136,[128],[128],,,no,,,31.779014,35.206427,geojson_point,,,,,mount_zion,2.250,,mount_zion:2.250;jer_tombs_kings:2.397;jer_baqa:2.592;jer_tyropoeon:2.639;jer_temple:2.734;jer_bethesda:2.792;jer_south_wall:2.874;jer_east_gate:2.884;jer_se_corner:2.899;jer_siloam:2.981,cistern;pool;tomb;cave;rock_cut,spring_well,,Iron Age;Second Temple,overlaps,no,,"Amir Feldstein, Giora Kidron, Nizan Hanin, Yair Kamaisky & David Eitam, ASI Map of Ein Kerem - Benjamin Survey; Survey of Jerusalem (101), site 189; survey.iaa.org.il record 14136; printed page not given online",https://survey.iaa.org.il/#/MapSurvey/72/site/14136
72,101,Ein Kerem - Benjamin Survey; Survey of Jerusalem,190,14137,[129],[129],,,no,,,31.779555,35.209911,geojson_point,,,,,mount_zion,1.973,,mount_zion:1.973;jer_tombs_kings:2.077;jer_tyropoeon:2.318;jer_temple:2.408;jer_bethesda:2.458;jer_baqa:2.490;jer_south_wall:2.556;jer_east_gate:2.556;jer_se_corner:2.579;jer_siloam:2.696;jer_kidron_east:2.730;jer_gethsemane:2.790;jer_kidron_mon:2.791;jer_bir_ayyub:2.822,tomb;cave;wall;pit;rock_cut,cistern,,Second Temple;Hasmonean,yes,no,,"Amir Feldstein, Giora Kidron, Nizan Hanin, Yair Kamaisky & David Eitam, ASI Map of Ein Kerem - Benjamin Survey; Survey of Jerusalem (101), site 190; survey.iaa.org.il record 14137; printed page not given online",https://survey.iaa.org.il/#/MapSurvey/72/site/14137
72,101,Ein Kerem - Benjamin Survey; Survey of Jerusalem,191,14138,[130],[130],,,no,,,31.778924,35.209594,geojson_point,,,,,mount_zion,1.970,,mount_zion:1.970;jer_tombs_kings:2.138;jer_tyropoeon:2.340;jer_temple:2.435;jer_baqa:2.439;jer_bethesda:2.495;jer_south_wall:2.575;jer_east_gate:2.585;jer_se_corner:2.600;jer_siloam:2.697;jer_kidron_east:2.745;jer_kidron_mon:2.814;jer_bir_ayyub:2.815;jer_gethsemane:2.821,tomb;rock_cut,,,Bronze,no,no,,"Amir Feldstein, Giora Kidron, Nizan Hanin, Yair Kamaisky & David Eitam, ASI Map of Ein Kerem - Benjamin Survey; Survey of Jerusalem (101), site 191; survey.iaa.org.il record 14138; printed page not given online",https://survey.iaa.org.il/#/MapSurvey/72/site/14138
72,101,Ein Kerem - Benjamin Survey; Survey of Jerusalem,192,14139,[131],[131],,,no,,,31.778383,35.209066,geojson_point,,,,,mount_zion,1.993,,mount_zion:1.993;jer_tombs_kings:2.211;jer_tyropoeon:2.385;jer_baqa:2.408;jer_temple:2.484;jer_bethesda:2.552;jer_south_wall:2.618;jer_east_gate:2.635;jer_se_corner:2.644;jer_siloam:2.722;jer_kidron_east:2.784;jer_bir_ayyub:2.833;jer_kidron_mon:2.860;jer_gethsemane:2.872,tomb;cave;wall;rock_cut,cistern,,Hasmonean;Herodian,yes,no,,"Amir Feldstein, Giora Kidron, Nizan Hanin, Yair Kamaisky & David Eitam, ASI Map of Ein Kerem - Benjamin Survey; Survey of Jerusalem (101), site 192; survey.iaa.org.il record 14139; printed page not given online",https://survey.iaa.org.il/#/MapSurvey/72/site/14139
72,101,Ein Kerem - Benjamin Survey; Survey of Jerusalem,193,14140,[132],[132],,,no,,,31.776669,35.209066,geojson_point,,,,,mount_zion,1.929,,mount_zion:1.929;jer_baqa:2.241;jer_tombs_kings:2.314;jer_tyropoeon:2.380;jer_temple:2.490;jer_bethesda:2.584;jer_south_wall:2.605;jer_se_corner:2.635;jer_east_gate:2.646;jer_siloam:2.664;jer_bir_ayyub:2.754;jer_kidron_east:2.758;jer_kidron_mon:2.856;jer_gethsemane:2.886,cistern;building;fortress;wall;rock_cut,,,Mameluke;Ottoman,no,no,,"Amir Feldstein, Giora Kidron, Nizan Hanin, Yair Kamaisky & David Eitam, ASI Map of Ein Kerem - Benjamin Survey; Survey of Jerusalem (101), site 193; survey.iaa.org.il record 14140; printed page not given online",https://survey.iaa.org.il/#/MapSurvey/72/site/14140
72,101,Ein Kerem - Benjamin Survey; Survey of Jerusalem,194,14141,[133],[133],,,no,,,31.775767,35.206110,geojson_point,,,,,mount_zion,2.175,,mount_zion:2.175;jer_baqa:2.311;jer_tombs_kings:2.602;jer_tyropoeon:2.662;jer_temple:2.777;jer_bethesda:2.878;jer_south_wall:2.883;jer_siloam:2.910;jer_se_corner:2.915;jer_east_gate:2.935;jer_bir_ayyub:2.981,winepress;mosaic;rock_cut,cistern,,Byzantine,no,no,,"Amir Feldstein, Giora Kidron, Nizan Hanin, Yair Kamaisky & David Eitam, ASI Map of Ein Kerem - Benjamin Survey; Survey of Jerusalem (101), site 194; survey.iaa.org.il record 14141; printed page not given online",https://survey.iaa.org.il/#/MapSurvey/72/site/14141
72,101,Ein Kerem - Benjamin Survey; Survey of Jerusalem,195,14142,[134],[134],,,no,,,31.775858,35.206638,geojson_point,,,,,mount_zion,2.129,,mount_zion:2.129;jer_baqa:2.289;jer_tombs_kings:2.555;jer_tyropoeon:2.612;jer_temple:2.726;jer_bethesda:2.827;jer_south_wall:2.833;jer_siloam:2.864;jer_se_corner:2.865;jer_east_gate:2.884;jer_bir_ayyub:2.937;jer_kidron_east:2.980,tomb;cave;wall;rock_cut,cistern,,bronze;end of the Second Temple,yes,no,,"Amir Feldstein, Giora Kidron, Nizan Hanin, Yair Kamaisky & David Eitam, ASI Map of Ein Kerem - Benjamin Survey; Survey of Jerusalem (101), site 195; survey.iaa.org.il record 14142; printed page not given online",https://survey.iaa.org.il/#/MapSurvey/72/site/14142
72,101,Ein Kerem - Benjamin Survey; Survey of Jerusalem,196,14143,[135],[135],,,no,,,31.775677,35.203577,geojson_point,,,,,mount_zion,2.408,,mount_zion:2.408;jer_baqa:2.455;jer_tombs_kings:2.811;jer_tyropoeon:2.902,tomb;cave;pit;rock_cut,cistern,,Herodian,yes,no,,"Amir Feldstein, Giora Kidron, Nizan Hanin, Yair Kamaisky & David Eitam, ASI Map of Ein Kerem - Benjamin Survey; Survey of Jerusalem (101), site 196; survey.iaa.org.il record 14143; printed page not given online",https://survey.iaa.org.il/#/MapSurvey/72/site/14143
72,101,Ein Kerem - Benjamin Survey; Survey of Jerusalem,197,14144,[136],[136],,,no,,,31.777120,35.209594,geojson_point,,,,,mount_zion,1.897,,mount_zion:1.897;jer_tombs_kings:2.244;jer_baqa:2.261;jer_tyropoeon:2.330;jer_temple:2.437;jer_bethesda:2.525;jer_south_wall:2.557;jer_se_corner:2.586;jer_east_gate:2.592;jer_siloam:2.630;jer_kidron_east:2.714;jer_bir_ayyub:2.728;jer_kidron_mon:2.806;jer_gethsemane:2.832,tomb;rock_cut,cistern;cave,,Herodian,yes,no,,"Amir Feldstein, Giora Kidron, Nizan Hanin, Yair Kamaisky & David Eitam, ASI Map of Ein Kerem - Benjamin Survey; Survey of Jerusalem (101), site 197; survey.iaa.org.il record 14144; printed page not given online",https://survey.iaa.org.il/#/MapSurvey/72/site/14144
72,101,Ein Kerem - Benjamin Survey; Survey of Jerusalem,198,14145,[137],[137],,,no,,,31.772791,35.203577,geojson_point,,,,,jer_baqa,2.225,,jer_baqa:2.225;mount_zion:2.370;jer_tyropoeon:2.935;jer_tombs_kings:2.987,tomb;cave;rock_cut,cistern,,Second Temple,overlaps,no,,"Amir Feldstein, Giora Kidron, Nizan Hanin, Yair Kamaisky & David Eitam, ASI Map of Ein Kerem - Benjamin Survey; Survey of Jerusalem (101), site 198; survey.iaa.org.il record 14145; printed page not given online",https://survey.iaa.org.il/#/MapSurvey/72/site/14145
72,101,Ein Kerem - Benjamin Survey; Survey of Jerusalem,199,14146,[138],[138],,,no,,,31.773422,35.200938,geojson_point,,,,,jer_baqa,2.459,,jer_baqa:2.459;mount_zion:2.623,cistern;building;rock_cut,,,,unknown,no,,"Amir Feldstein, Giora Kidron, Nizan Hanin, Yair Kamaisky & David Eitam, ASI Map of Ein Kerem - Benjamin Survey; Survey of Jerusalem (101), site 199; survey.iaa.org.il record 14146; printed page not given online",https://survey.iaa.org.il/#/MapSurvey/72/site/14146
72,101,Ein Kerem - Benjamin Survey; Survey of Jerusalem,200,14147,[139],[139],,,no,,,31.772611,35.209067,geojson_point,,,,,mount_zion,1.850,,mount_zion:1.850;jer_baqa:1.862;jer_tyropoeon:2.428;jer_temple:2.562;jer_siloam:2.577;jer_tombs_kings:2.598;jer_bir_ayyub:2.615;jer_south_wall:2.630;jer_se_corner:2.668;jer_bethesda:2.712;jer_east_gate:2.726;jer_kidron_east:2.750;jer_kidron_mon:2.898;jer_gethsemane:2.968,tomb;cave;wall;settlement_ruin;pit;rock_cut,cistern,,Second Temple;bronze;Hasmonean;Herodian,yes,no,,"Amir Feldstein, Giora Kidron, Nizan Hanin, Yair Kamaisky & David Eitam, ASI Map of Ein Kerem - Benjamin Survey; Survey of Jerusalem (101), site 200; survey.iaa.org.il record 14147; printed page not given online",https://survey.iaa.org.il/#/MapSurvey/72/site/14147
72,101,Ein Kerem - Benjamin Survey; Survey of Jerusalem,201,14148,[140],[140],,,no,,,31.771980,35.209806,geojson_point,,,,,jer_baqa,1.764,,jer_baqa:1.764;mount_zion:1.778;jer_tyropoeon:2.375;jer_siloam:2.500;jer_temple:2.512;jer_bir_ayyub:2.532;jer_south_wall:2.572;jer_tombs_kings:2.596;jer_se_corner:2.611;jer_bethesda:2.673;jer_east_gate:2.678;jer_kidron_east:2.686;jer_kidron_mon:2.842;jer_gethsemane:2.920,tomb;cave;pit;rock_cut,cistern,,Hasmonean;Herodian,yes,no,,"Amir Feldstein, Giora Kidron, Nizan Hanin, Yair Kamaisky & David Eitam, ASI Map of Ein Kerem - Benjamin Survey; Survey of Jerusalem (101), site 201; survey.iaa.org.il record 14148; printed page not given online",https://survey.iaa.org.il/#/MapSurvey/72/site/14148
72,101,Ein Kerem - Benjamin Survey; Survey of Jerusalem,202,14149,[141],[141],,,no,,,31.771889,35.207483,geojson_point,,,,,jer_baqa,1.895,,jer_baqa:1.895;mount_zion:1.997;jer_tyropoeon:2.591;jer_siloam:2.718;jer_temple:2.727;jer_bir_ayyub:2.745;jer_tombs_kings:2.762;jer_south_wall:2.790;jer_se_corner:2.829;jer_bethesda:2.880;jer_east_gate:2.891;jer_kidron_east:2.906,cistern;building;rock_cut,cave,,Byzantine;Crusader;Mameluke,no,no,,"Amir Feldstein, Giora Kidron, Nizan Hanin, Yair Kamaisky & David Eitam, ASI Map of Ein Kerem - Benjamin Survey; Survey of Jerusalem (101), site 202; survey.iaa.org.il record 14149; printed page not given online",https://survey.iaa.org.il/#/MapSurvey/72/site/14149
72,101,Ein Kerem - Benjamin Survey; Survey of Jerusalem,203,14150,[142],[142],,,no,,,31.771709,35.206111,geojson_point,,,,,jer_baqa,1.969,,jer_baqa:1.969;mount_zion:2.127;jer_tyropoeon:2.722;jer_siloam:2.846;jer_temple:2.857;jer_bir_ayyub:2.869;jer_tombs_kings:2.873;jer_south_wall:2.921;jer_se_corner:2.960,conduit;tomb;cave;tower;winepress;mosaic;rock_cut,cistern,,Second Temple;Byzantine,overlaps,no,,"Amir Feldstein, Giora Kidron, Nizan Hanin, Yair Kamaisky & David Eitam, ASI Map of Ein Kerem - Benjamin Survey; Survey of Jerusalem (101), site 203; survey.iaa.org.il record 14150; printed page not given online",https://survey.iaa.org.il/#/MapSurvey/72/site/14150
72,101,Ein Kerem - Benjamin Survey; Survey of Jerusalem,229,14176,[168],[168],,,no,,,31.769183,35.193021,geojson_point,,,,,jer_baqa,2.854,,jer_baqa:2.854,tomb;cave;terrace;rock_cut,cistern,,Herodian;Byzantine,yes,no,,"Amir Feldstein, Giora Kidron, Nizan Hanin, Yair Kamaisky & David Eitam, ASI Map of Ein Kerem - Benjamin Survey; Survey of Jerusalem (101), site 229; survey.iaa.org.il record 14176; printed page not given online",https://survey.iaa.org.il/#/MapSurvey/72/site/14176
72,101,Ein Kerem - Benjamin Survey; Survey of Jerusalem,230,14177,[169],[169],,,no,,,31.767199,35.198511,geojson_point,,,,,jer_baqa,2.290,,jer_baqa:2.290;mount_zion:2.889,tomb;cave;wall;rock_cut,cistern,,Herodian,yes,no,,"Amir Feldstein, Giora Kidron, Nizan Hanin, Yair Kamaisky & David Eitam, ASI Map of Ein Kerem - Benjamin Survey; Survey of Jerusalem (101), site 230; survey.iaa.org.il record 14177; printed page not given online",https://survey.iaa.org.il/#/MapSurvey/72/site/14177
72,101,Ein Kerem - Benjamin Survey; Survey of Jerusalem,231,14178,[170],[170],,,no,,,31.764493,35.192177,geojson_point,,,,,jer_baqa,2.772,,jer_baqa:2.772,tomb;cave;pit;installation;rock_cut,cistern,,Roman;Byzantine;Herodian,yes,no,,"Amir Feldstein, Giora Kidron, Nizan Hanin, Yair Kamaisky & David Eitam, ASI Map of Ein Kerem - Benjamin Survey; Survey of Jerusalem (101), site 231; survey.iaa.org.il record 14178; printed page not given online",https://survey.iaa.org.il/#/MapSurvey/72/site/14178
72,101,Ein Kerem - Benjamin Survey; Survey of Jerusalem,232,14179,[171],[171],,,no,,,31.764133,35.195766,geojson_point,,,,,jer_baqa,2.432,,jer_baqa:2.432,tomb;cave;rock_cut,cistern,,Herodian;Roman,yes,no,,"Amir Feldstein, Giora Kidron, Nizan Hanin, Yair Kamaisky & David Eitam, ASI Map of Ein Kerem - Benjamin Survey; Survey of Jerusalem (101), site 232; survey.iaa.org.il record 14179; printed page not given online",https://survey.iaa.org.il/#/MapSurvey/72/site/14179
72,101,Ein Kerem - Benjamin Survey; Survey of Jerusalem,233,14180,[172],[172],,,no,,,31.763411,35.195133,geojson_point,,,,,jer_baqa,2.474,,jer_baqa:2.474,tomb;cave;pit;rock_cut,cistern,,Herodian,yes,no,,"Amir Feldstein, Giora Kidron, Nizan Hanin, Yair Kamaisky & David Eitam, ASI Map of Ein Kerem - Benjamin Survey; Survey of Jerusalem (101), site 233; survey.iaa.org.il record 14180; printed page not given online",https://survey.iaa.org.il/#/MapSurvey/72/site/14180
72,101,Ein Kerem - Benjamin Survey; Survey of Jerusalem,234,14181,[173],[173],,,no,,,31.770807,35.209067,geojson_point,,,,,jer_baqa,1.706,,jer_baqa:1.706;mount_zion:1.850;jer_tyropoeon:2.476;jer_siloam:2.563;jer_bir_ayyub:2.577;jer_temple:2.618;jer_south_wall:2.666;jer_se_corner:2.707;jer_tombs_kings:2.738;jer_kidron_east:2.770;jer_east_gate:2.784;jer_bethesda:2.790;jer_kidron_mon:2.938,tomb;cave;rock_cut,cistern,,Second Temple,overlaps,no,,"Amir Feldstein, Giora Kidron, Nizan Hanin, Yair Kamaisky & David Eitam, ASI Map of Ein Kerem - Benjamin Survey; Survey of Jerusalem (101), site 234; survey.iaa.org.il record 14181; printed page not given online",https://survey.iaa.org.il/#/MapSurvey/72/site/14181
72,101,Ein Kerem - Benjamin Survey; Survey of Jerusalem,235,14182,[174],[174],,,no,,,31.768011,35.206639,geojson_point,,,,,jer_baqa,1.663,,jer_baqa:1.663;mount_zion:2.117;jer_bir_ayyub:2.776;jer_tyropoeon:2.792;jer_siloam:2.800;jer_temple:2.942;jer_south_wall:2.967,tomb,cistern,,Hasmonean;Herodian,yes,no,,"Amir Feldstein, Giora Kidron, Nizan Hanin, Yair Kamaisky & David Eitam, ASI Map of Ein Kerem - Benjamin Survey; Survey of Jerusalem (101), site 235; survey.iaa.org.il record 14182; printed page not given online",https://survey.iaa.org.il/#/MapSurvey/72/site/14182
72,101,Ein Kerem - Benjamin Survey; Survey of Jerusalem,236,14183,[175],[175],,,no,,,31.766658,35.200094,geojson_point,,,,,jer_baqa,2.129,,jer_baqa:2.129;mount_zion:2.753,pool;conduit;tomb;cave;pit;rock_cut,cistern,,Herodian,yes,no,,"Amir Feldstein, Giora Kidron, Nizan Hanin, Yair Kamaisky & David Eitam, ASI Map of Ein Kerem - Benjamin Survey; Survey of Jerusalem (101), site 236; survey.iaa.org.il record 14183; printed page not given online",https://survey.iaa.org.il/#/MapSurvey/72/site/14183
72,101,Ein Kerem - Benjamin Survey; Survey of Jerusalem,237,14184,[176],[176],,,no,,,31.763502,35.205161,geojson_point,,,,,jer_baqa,1.557,,jer_baqa:1.557;mount_zion:2.396;ramat_rahel:2.923;jer_bir_ayyub:2.943,tomb;cave;rock_cut,cistern,,Herodian;Byzantine,yes,no,,"Amir Feldstein, Giora Kidron, Nizan Hanin, Yair Kamaisky & David Eitam, ASI Map of Ein Kerem - Benjamin Survey; Survey of Jerusalem (101), site 237; survey.iaa.org.il record 14184; printed page not given online",https://survey.iaa.org.il/#/MapSurvey/72/site/14184
73,83/12,Wadi el-Makokh - Benjamin archaeological survey,83,10926,[404],[404],,,no,,,31.865363,35.399276,geojson_point,,,,,choziba,2.645,,choziba:2.645,wall,,,Hell;Byz,overlaps,no,,"Haim Goldfus & Amir Golani, ASI Map of Wadi el-Makokh - Benjamin archaeological survey (83/12), site 83; survey.iaa.org.il record 10926; printed page not given online",https://survey.iaa.org.il/#/MapSurvey/73/site/10926
73,83/12,Wadi el-Makokh - Benjamin archaeological survey,86,10999,[407],[407],,,no,,,31.898737,35.395115,geojson_point,,,,,ain_duk,2.136,,ain_duk:2.136;iv17_abu_saraj:2.960,,,,,unknown,no,,"Haim Goldfus & Amir Golani, ASI Map of Wadi el-Makokh - Benjamin archaeological survey (83/12), site 86; survey.iaa.org.il record 10999; printed page not given online",https://survey.iaa.org.il/#/MapSurvey/73/site/10999
73,83/12,Wadi el-Makokh - Benjamin archaeological survey,88,11001,Umm Sirah [409],אם סירה [409],,,no,,,31.906860,35.390902,geojson_point,,,,,ain_duk,2.731,,ain_duk:2.731,building,cave,,Med;Mamluk,no,no,,"Haim Goldfus & Amir Golani, ASI Map of Wadi el-Makokh - Benjamin archaeological survey (83/12), site 88; survey.iaa.org.il record 11001; printed page not given online",https://survey.iaa.org.il/#/MapSurvey/73/site/11001
73,83/12,Wadi el-Makokh - Benjamin archaeological survey,90,11003,Rujm el-Madaqq [411],רג'ם אל-מדק [411],,,no,,,31.863551,35.405084,geojson_point,,,,,choziba,2.256,,choziba:2.256;doq:2.707,cairn,,,MB;Iron I,no,no,,"Haim Goldfus & Amir Golani, ASI Map of Wadi el-Makokh - Benjamin archaeological survey (83/12), site 90; survey.iaa.org.il record 11003; printed page not given online",https://survey.iaa.org.il/#/MapSurvey/73/site/11003
73,83/12,Wadi el-Makokh - Benjamin archaeological survey,91,11004,[412],[412],,,no,,,31.876169,35.409866,geojson_point,,,,,doq,1.961,,doq:1.961;iv17_abu_saraj:2.092;ain_duk:2.495,building,cave,,,unknown,no,,"Haim Goldfus & Amir Golani, ASI Map of Wadi el-Makokh - Benjamin archaeological survey (83/12), site 91; survey.iaa.org.il record 11004; printed page not given online",https://survey.iaa.org.il/#/MapSurvey/73/site/11004
73,83/12,Wadi el-Makokh - Benjamin archaeological survey,92,11005,[413],[413],,,no,,,31.876631,35.402998,geojson_point,,,,,iv17_abu_saraj,2.543,,iv17_abu_saraj:2.543;doq:2.611;ain_duk:2.714,building,,,,unknown,no,,"Haim Goldfus & Amir Golani, ASI Map of Wadi el-Makokh - Benjamin archaeological survey (83/12), site 92; survey.iaa.org.il record 11005; printed page not given online",https://survey.iaa.org.il/#/MapSurvey/73/site/11005
73,83/12,Wadi el-Makokh - Benjamin archaeological survey,93,11006,[414],[414],,,no,,,31.877522,35.409869,geojson_point,,,,,doq,1.978,,doq:1.978;iv17_abu_saraj:1.983;ain_duk:2.352,building,,,Ott,no,no,,"Haim Goldfus & Amir Golani, ASI Map of Wadi el-Makokh - Benjamin archaeological survey (83/12), site 93; survey.iaa.org.il record 11006; printed page not given online",https://survey.iaa.org.il/#/MapSurvey/73/site/11006
73,83/12,Wadi el-Makokh - Benjamin archaeological survey,94,11007,[415],[415],,,no,,,31.903228,35.407810,geojson_point,,,,,ain_duk,1.124,,ain_duk:1.124;iv17_abu_saraj:2.167,building;steps;wall;road;rock_cut,,,,unknown,no,,"Haim Goldfus & Amir Golani, ASI Map of Wadi el-Makokh - Benjamin archaeological survey (83/12), site 94; survey.iaa.org.il record 11007; printed page not given online",https://survey.iaa.org.il/#/MapSurvey/73/site/11007
73,83/12,Wadi el-Makokh - Benjamin archaeological survey,95,11015,[416],[416],,,no,,,31.915407,35.404664,geojson_point,,,,,ain_duk,2.331,,ain_duk:2.331,building,,,,unknown,no,,"Haim Goldfus & Amir Golani, ASI Map of Wadi el-Makokh - Benjamin archaeological survey (83/12), site 95; survey.iaa.org.il record 11015; printed page not given online",https://survey.iaa.org.il/#/MapSurvey/73/site/11015
73,83/12,Wadi el-Makokh - Benjamin archaeological survey,100,11020,[421],[421],,,no,,,31.865342,35.413013,geojson_point,,,,,doq,1.958,,doq:1.958;choziba:2.367;jericho_palaces:2.656;iv17_abu_saraj:2.967,building,,,,unknown,no,,"Haim Goldfus & Amir Golani, ASI Map of Wadi el-Makokh - Benjamin archaeological survey (83/12), site 100; survey.iaa.org.il record 11020; printed page not given online",https://survey.iaa.org.il/#/MapSurvey/73/site/11020
73,83/12,Wadi el-Makokh - Benjamin archaeological survey,101,11021,[422],[422],,,no,,,31.877966,35.414098,geojson_point,,,,,doq,1.596,,doq:1.596;iv17_abu_saraj:1.683;ain_duk:2.209;nuweimeh:2.610;tell_es_sultan:2.963,tomb,,,Byz,no,no,,"Haim Goldfus & Amir Golani, ASI Map of Wadi el-Makokh - Benjamin archaeological survey (83/12), site 101; survey.iaa.org.il record 11021; printed page not given online",https://survey.iaa.org.il/#/MapSurvey/73/site/11021
73,83/12,Wadi el-Makokh - Benjamin archaeological survey,102,11022,[423],[423],,,no,,,31.886988,35.412003,geojson_point,,,,,iv17_abu_saraj,1.254,,iv17_abu_saraj:1.254;ain_duk:1.297;doq:2.221;nuweimeh:2.753,building,spring_well,,,unknown,no,,"Haim Goldfus & Amir Golani, ASI Map of Wadi el-Makokh - Benjamin archaeological survey (83/12), site 102; survey.iaa.org.il record 11022; printed page not given online",https://survey.iaa.org.il/#/MapSurvey/73/site/11022
73,83/12,Wadi el-Makokh - Benjamin archaeological survey,103,11023,Ein en-Nueimeh [424],עין א-נעימה [424],,18 - 14/94/1,yes,239937,644698,31.895021,35.420934,nig_epsg2039,31.895090,35.421006,10.3,ok,ain_duk,0.419,ain_duk:0.419;iv17_abu_saraj:0.657,ain_duk:0.419;iv17_abu_saraj:0.657;nuweimeh:2.267;doq:2.433,building;wall,spring_well,Pre-Pottery Neolithic,Neolithic,no,no,1 dunam. Traces of walls. Neolithic sherds and flint tools.,"Haim Goldfus & Amir Golani, ASI Map of Wadi el-Makokh - Benjamin archaeological survey (83/12), site 103; survey.iaa.org.il record 11023; printed page not given online",https://survey.iaa.org.il/#/MapSurvey/73/site/11023
73,83/12,Wadi el-Makokh - Benjamin archaeological survey,104,11024,Sahl el-Midan [425],סהל א-מידן [425],,18 - 14/95/1,yes,239587,645698,31.904045,35.417255,nig_epsg2039,31.904114,35.417326,10.2,ok,ain_duk,0.718,ain_duk:0.718,ain_duk:0.718;iv17_abu_saraj:1.706,cave;building,,"Chalcolithic,Roman",Rom;Chalcolithic;Roman,overlaps,no,Found in 1968 survey: traces of structures; Chal; Rom sherds.,"Haim Goldfus & Amir Golani, ASI Map of Wadi el-Makokh - Benjamin archaeological survey (83/12), site 104; survey.iaa.org.il record 11024; printed page not given online",https://survey.iaa.org.il/#/MapSurvey/73/site/11024
73,83/12,Wadi el-Makokh - Benjamin archaeological survey,105,11025,[426],[426],,,no,,,31.920797,35.418421,geojson_point,,,,,ain_duk,2.580,,ain_duk:2.580,building;cairn,cave,,,unknown,no,,"Haim Goldfus & Amir Golani, ASI Map of Wadi el-Makokh - Benjamin archaeological survey (83/12), site 105; survey.iaa.org.il record 11025; printed page not given online",https://survey.iaa.org.il/#/MapSurvey/73/site/11025
78,109/5,Kalia,1,12335,Wadi Qelt (1),ואדי קלט (1),,09/09,yes,240438,639848,31.851273,35.426125,nig_epsg2039,31.851342,35.426190,9.8,ok,jericho_palaces,0.958,jericho_palaces:0.958,jericho_palaces:0.958;choziba:1.573;doq:2.641;tell_es_sultan:2.864,conduit;wall;road,spring_well,,,unknown,no,Kind of site: road | Elevation bsl: -190 m | Area: 7,"Ofer Sion, ASI Map of Kalia (109/5), site 1; survey.iaa.org.il record 12335; printed page not given online",https://survey.iaa.org.il/#/MapSurvey/78/site/12335
78,109/5,Kalia,2,12353,Wadi Qelt (2),ואדי קלט (2),,09/07,yes,240488,639798,31.850821,35.426652,nig_epsg2039,31.850891,35.426717,9.9,ok,jericho_palaces,0.913,jericho_palaces:0.913,jericho_palaces:0.913;choziba:1.592;doq:2.683;tell_es_sultan:2.875,conduit;building;wall;installation,spring_well,,Hasmonean,yes,no,Kind of site: aqueduct | Elevation bsl: -185 m | Area: 4.2,"Ofer Sion, ASI Map of Kalia (109/5), site 2; survey.iaa.org.il record 12353; printed page not given online",https://survey.iaa.org.il/#/MapSurvey/78/site/12353
78,109/5,Kalia,3,12357,Deir el Qelt/Choziba Monastic Cells,דיר אל קלט/התאים של חוזיבא,,,no,,,31.850265,35.423546,geojson_point,,,,,jericho_palaces,1.212,,jericho_palaces:1.212;choziba:1.307;doq:2.799,building,cave,,Byzantine,no,no,,"Ofer Sion, ASI Map of Kalia (109/5), site 3; survey.iaa.org.il record 12357; printed page not given online",https://survey.iaa.org.il/#/MapSurvey/78/site/12357
78,109/5,Kalia,4,12359,Tell el-‘Alaiq (1),תל אל עליק (1),,09/06,yes,240838,639748,31.850364,35.430349,nig_epsg2039,31.850433,35.430414,9.9,ok,jericho_palaces,0.581,jericho_palaces:0.581,jericho_palaces:0.581;choziba:1.888;doq:2.708;tell_es_sultan:2.728,pool;reservoir;conduit;building;wall;mound,,"Early Bronze Age I,Roman",Bronze;Roman,overlaps,no,Kind of site: buildings and a water reservoir| Elevation bsl: -180 m,"Ofer Sion, ASI Map of Kalia (109/5), site 4; survey.iaa.org.il record 12359; printed page not given online",https://survey.iaa.org.il/#/MapSurvey/78/site/12359
78,109/5,Kalia,5,12364,Manzel Jabr el-Ta h tani,מנזל ג'בר אל-תחתני,,09/01,yes,240688,639598,31.849014,35.428761,nig_epsg2039,31.849083,35.428826,9.9,ok,jericho_palaces,0.774,jericho_palaces:0.774,jericho_palaces:0.774;choziba:1.695;doq:2.863;tell_es_sultan:2.933,building;road,,,,unknown,no,Kind of site: building | Elevation bsl: -160 m | Area: 0.63,"Ofer Sion, ASI Map of Kalia (109/5), site 5; survey.iaa.org.il record 12364; printed page not given online",https://survey.iaa.org.il/#/MapSurvey/78/site/12364
78,109/5,Kalia,6,12370,Wadi Qelt (3),ואדי קלט (3),,,no,,,31.847740,35.423012,geojson_point,,,,,choziba,1.136,,choziba:1.136;jericho_palaces:1.331,conduit;wall;road,,,modern,no,no,,"Ofer Sion, ASI Map of Kalia (109/5), site 6; survey.iaa.org.il record 12370; printed page not given online",https://survey.iaa.org.il/#/MapSurvey/78/site/12370
78,109/5,Kalia,7,12372,Cypros,קיפרוס,,,no,,,31.845481,35.426177,geojson_point,,,,,jericho_palaces,1.187,,jericho_palaces:1.187;choziba:1.369,cistern;pool;reservoir;conduit;building;fortress;wall,cave;spring_well,,Herodian;Hellenistic;Hasmonean;Roman;Byzantine,yes,no,,"Ofer Sion, ASI Map of Kalia (109/5), site 7; survey.iaa.org.il record 12372; printed page not given online",https://survey.iaa.org.il/#/MapSurvey/78/site/12372
78,109/5,Kalia,8,12485,The Hummock Aqueduct (1),אמת הגבנון (1),,,no,,,31.845033,35.424063,geojson_point,,,,,choziba,1.165,,choziba:1.165;jericho_palaces:1.379,conduit;fortress,,,,unknown,no,,"Ofer Sion, ASI Map of Kalia (109/5), site 8; survey.iaa.org.il record 12485; printed page not given online",https://survey.iaa.org.il/#/MapSurvey/78/site/12485
78,109/5,Kalia,9,12486,The Hummock Aqueduct (2),אמת הגבנון (2),,,no,,,31.843953,35.423004,geojson_point,,,,,choziba,1.060,,choziba:1.060;jericho_palaces:1.529,cistern;conduit;fortress;rock_cut,cave,,,unknown,no,,"Ofer Sion, ASI Map of Kalia (109/5), site 9; survey.iaa.org.il record 12486; printed page not given online",https://survey.iaa.org.il/#/MapSurvey/78/site/12486
78,109/5,Kalia,10,12487,Tell el-‘Alaiq (2),תל אל עליק (2),,19/07,yes,241388,639948,31.852157,35.436165,nig_epsg2039,31.852227,35.436230,9.9,ok,jericho_palaces,0.033,jericho_palaces:0.033,jericho_palaces:0.033;tell_es_sultan:2.314;choziba:2.472;doq:2.564;jericho_area:2.578;tell_el_qos:2.799,building;mound,,"Hellenistic,Hasmonean,Roman",Hasmonean;Herodian;Hellenistic;Roman,yes,no,Kind of site: palace complex| Elevation bsl: -200 m | Area: 20,"Ofer Sion, ASI Map of Kalia (109/5), site 10; survey.iaa.org.il record 12487; printed page not given online",https://survey.iaa.org.il/#/MapSurvey/78/site/12487
78,109/5,Kalia,11,12488,Tell el-‘Alaiq (3),תל אל עליק (3),,19/05,yes,241788,639948,31.852149,35.440391,nig_epsg2039,31.852219,35.440456,9.9,ok,jericho_palaces,0.393,jericho_palaces:0.393,jericho_palaces:0.393;jericho_area:2.186;tell_es_sultan:2.210;tell_el_qos:2.403;doq:2.676;choziba:2.848,conduit;wall;mound,,,,unknown,no,Kind of site: aqueduct | Elevation bsl: -210 m | Area: 1,"Ofer Sion, ASI Map of Kalia (109/5), site 11; survey.iaa.org.il record 12488; printed page not given online",https://survey.iaa.org.il/#/MapSurvey/78/site/12488
78,109/5,Kalia,12,12489,Tell el-‘Alaiq (4),תל אל עליק (4),,19/06,yes,241538,639798,31.850802,35.437746,nig_epsg2039,31.850871,35.437811,9.9,ok,jericho_palaces,0.185,jericho_palaces:0.185,jericho_palaces:0.185;tell_es_sultan:2.412;jericho_area:2.463;choziba:2.564;tell_el_qos:2.674;doq:2.745,pool;wall;mound,,"Early Bronze Age,Early Roman",Bronze;Early Roman,yes,no,Kind of site: pools | Elevation bsl: -210 m | Area: 0.4,"Ofer Sion, ASI Map of Kalia (109/5), site 12; survey.iaa.org.il record 12489; printed page not given online",https://survey.iaa.org.il/#/MapSurvey/78/site/12489
78,109/5,Kalia,13,12490,Tell el-‘Alaiq (5),תל אל עליק (5),,19/08,yes,241038,639898,31.851713,35.432466,nig_epsg2039,31.851783,35.432531,9.9,ok,jericho_palaces,0.357,jericho_palaces:0.357,jericho_palaces:0.357;choziba:2.130;tell_es_sultan:2.501;doq:2.565;jericho_area:2.931,wall;mound;road,,"Chalcolithic,Roman",Chalcolithic;Roman,overlaps,no,Kind of site: pottery sherd scatter | Elevation bsl: -210 m |,"Ofer Sion, ASI Map of Kalia (109/5), site 13; survey.iaa.org.il record 12490; printed page not given online",https://survey.iaa.org.il/#/MapSurvey/78/site/12490
78,109/5,Kalia,14,12491,Tell el-‘Alaiq (6),תל אל עליק (6),,19/01,yes,241388,639748,31.850354,35.436160,nig_epsg2039,31.850423,35.436225,9.9,ok,jericho_palaces,0.169,jericho_palaces:0.169,jericho_palaces:0.169;choziba:2.406;tell_es_sultan:2.504;jericho_area:2.620;doq:2.761;tell_el_qos:2.830,pool;building;mound,,"Hellenistic,Hasmonean,Roman",Hasmonean;Hellenistic;Roman,yes,no,Kind of site: Hasmonean palaces | Elevation bsl: -199 m | Area:,"Ofer Sion, ASI Map of Kalia (109/5), site 14; survey.iaa.org.il record 12491; printed page not given online",https://survey.iaa.org.il/#/MapSurvey/78/site/12491
78,109/5,Kalia,15,12492,Tell el-‘Alaiq (7),תל אל עליק (7),,19/04,yes,241138,639448,31.847653,35.433512,nig_epsg2039,31.847722,35.433578,9.9,ok,jericho_palaces,0.535,jericho_palaces:0.535,jericho_palaces:0.535;choziba:2.091;tell_es_sultan:2.872;jericho_area:2.945,mound,,Byzantine,Byzantine;Early Islamic,no,no,Kind of site: Sherds and stones | Elevation bsl: -190 m |,"Ofer Sion, ASI Map of Kalia (109/5), site 15; survey.iaa.org.il record 12492; printed page not given online",https://survey.iaa.org.il/#/MapSurvey/78/site/12492
78,109/5,Kalia,16,12493,Birkat Musa,בירכת מוסה,,19/02,yes,241738,639548,31.848543,35.439854,nig_epsg2039,31.848613,35.439919,9.9,ok,jericho_palaces,0.503,jericho_palaces:0.503,jericho_palaces:0.503;jericho_area:2.348;tell_el_qos:2.539;tell_es_sultan:2.614;choziba:2.698,pool;reservoir;conduit;building;wall,cave;spring_well,"Early Bronze Age,Early Roman,Byzantine,Early Islamic",Bronze;Early Roman;Byzantine;Early Islamic,yes,no,Kind of site: pool | Elevation bsl: -225 m | Area: 2.625,"Ofer Sion, ASI Map of Kalia (109/5), site 16; survey.iaa.org.il record 12493; printed page not given online",https://survey.iaa.org.il/#/MapSurvey/78/site/12493
78,109/5,Kalia,17,12494,Tell el-‘Alaiq (8),תל אל עליק (8),,19/03,yes,241688,639398,31.847191,35.439322,nig_epsg2039,31.847261,35.439387,9.9,ok,jericho_palaces,0.596,jericho_palaces:0.596,jericho_palaces:0.596;jericho_area:2.452;choziba:2.624;tell_el_qos:2.633;tell_es_sultan:2.770,building;wall;mound;settlement_ruin;road,,"Early Bronze Age,Early Roman",Bronze;Early Roman,yes,no,Kind of site: ruin | Elevation bsl: -190 m | Area: 1.05,"Ofer Sion, ASI Map of Kalia (109/5), site 17; survey.iaa.org.il record 12494; printed page not given online",https://survey.iaa.org.il/#/MapSurvey/78/site/12494
78,109/5,Kalia,18,12495,Tell el-‘Alaiq (9),תל אל עליק (9),,29/03,yes,242288,639798,31.850787,35.445670,nig_epsg2039,31.850857,35.445736,10.0,ok,jericho_palaces,0.899,jericho_palaces:0.899,jericho_palaces:0.899;jericho_area:1.746;tell_el_qos:1.942;tell_es_sultan:2.328,mound,,"Roman,Byzantine",Roman;Byzantine,overlaps,no,Kind of site: pottery sherd scatter | Elevation bsl: -230 m |,"Ofer Sion, ASI Map of Kalia (109/5), site 18; survey.iaa.org.il record 12495; printed page not given online",https://survey.iaa.org.il/#/MapSurvey/78/site/12495
78,109/5,Kalia,19,12496,Tell el-‘Alaiq (10),תל אל עליק (10),,29/05,yes,242188,639598,31.848985,35.444609,nig_epsg2039,31.849055,35.444675,10.0,ok,jericho_palaces,0.853,jericho_palaces:0.853,jericho_palaces:0.853;jericho_area:1.914;tell_el_qos:2.096;tell_es_sultan:2.526,wall;mound;settlement_ruin;terrace,,Iron Age II,Iron II;Iron Age,no,no,Kind of site: ruin | Elevation bsl: -250 m | Area: 30,"Ofer Sion, ASI Map of Kalia (109/5), site 19; survey.iaa.org.il record 12496; printed page not given online",https://survey.iaa.org.il/#/MapSurvey/78/site/12496
78,109/5,Kalia,20,12497,Jericho South (1),יריחו דרום (1),,,no,,,31.847695,35.448792,geojson_point,,,,,jericho_palaces,1.273,,jericho_palaces:1.273;jericho_area:1.641;tell_el_qos:1.788;tell_es_sultan:2.698,,,,Hellenistic;Hasmonean;Early Roman,yes,no,,"Ofer Sion, ASI Map of Kalia (109/5), site 20; survey.iaa.org.il record 12497; printed page not given online",https://survey.iaa.org.il/#/MapSurvey/78/site/12497
78,109/5,Kalia,21,12545,Jericho South (2),יריחו דרום (2),,,no,,,31.846342,35.448894,geojson_point,,,,,jericho_palaces,1.344,,jericho_palaces:1.344;jericho_area:1.723;tell_el_qos:1.854;tell_es_sultan:2.849,pool;conduit;tomb;building;wall;road,cave,,modern;Byzantine;Late Roman;Roman,overlaps,no,,"Ofer Sion, ASI Map of Kalia (109/5), site 21; survey.iaa.org.il record 12545; printed page not given online",https://survey.iaa.org.il/#/MapSurvey/78/site/12545
78,109/5,Kalia,22,12546,Jericho South (3),יריחו דרום (3),,,no,,,31.845888,35.450477,geojson_point,,,,,jericho_palaces,1.500,,jericho_palaces:1.500;jericho_area:1.644;tell_el_qos:1.758;tell_es_sultan:2.923,conduit;road,cave,,modern,no,no,,"Ofer Sion, ASI Map of Kalia (109/5), site 22; survey.iaa.org.il record 12546; printed page not given online",https://survey.iaa.org.il/#/MapSurvey/78/site/12546
78,109/5,Kalia,23,12547,Khirbet Mafjar (1),ח'רבת מע'יפר (1),,,no,,,31.844490,35.473717,geojson_point,,,,,tell_el_qos,1.407,,tell_el_qos:1.407;jericho_area:1.638,cistern;conduit;wall;settlement_ruin,,,Byzantine;Early Islamic,no,no,,"Ofer Sion, ASI Map of Kalia (109/5), site 23; survey.iaa.org.il record 12547; printed page not given online",https://survey.iaa.org.il/#/MapSurvey/78/site/12547
78,109/5,Kalia,24,12548,Tell Jaljul,תל ג'לג'ול,,,no,,,31.850323,35.487468,geojson_point,,,,,tell_el_qos,2.133,,tell_el_qos:2.133;jericho_area:2.393,cistern;building;mound;road;cairn,pool;cave,,Byzantine;Early Islamic,no,no,,"Ofer Sion, ASI Map of Kalia (109/5), site 24; survey.iaa.org.il record 12548; printed page not given online",https://survey.iaa.org.il/#/MapSurvey/78/site/12548
78,109/5,Kalia,32,12556,Jericho East (5),יריחו מזרח (5),,,no,,,31.848018,35.509649,geojson_point,,,,,jordan_ford,2.989,,jordan_ford:2.989,road,,,Late Roman;Byzantine,no,no,,"Ofer Sion, ASI Map of Kalia (109/5), site 32; survey.iaa.org.il record 12556; printed page not given online",https://survey.iaa.org.il/#/MapSurvey/78/site/12556
78,109/5,Kalia,33,12557,Jericho East (6),יריחו מזרח (6),,,no,,,31.847103,35.515457,geojson_point,,,,,jordan_ford,2.443,,jordan_ford:2.443,conduit;road,cave,,,unknown,no,,"Ofer Sion, ASI Map of Kalia (109/5), site 33; survey.iaa.org.il record 12557; printed page not given online",https://survey.iaa.org.il/#/MapSurvey/78/site/12557
78,109/5,Kalia,34,12558,Jericho East (7),יריחו מזרח (7),,,no,,,31.845304,35.513338,geojson_point,,,,,jordan_ford,2.560,,jordan_ford:2.560,road,,,Byzantine;modern,no,no,,"Ofer Sion, ASI Map of Kalia (109/5), site 34; survey.iaa.org.il record 12558; printed page not given online",https://survey.iaa.org.il/#/MapSurvey/78/site/12558
78,109/5,Kalia,35,12559,Jericho East (8),יריחו מזרח (8),,,no,,,31.849798,35.519692,geojson_point,,,,,jordan_ford,2.238,,jordan_ford:2.238,building;road,,,modern,no,no,,"Ofer Sion, ASI Map of Kalia (109/5), site 35; survey.iaa.org.il record 12559; printed page not given online",https://survey.iaa.org.il/#/MapSurvey/78/site/12559
78,109/5,Kalia,36,12560,‘Ein al-Beida,עין אל בצ'ה,,,no,,,31.847092,35.519683,geojson_point,,,,,jordan_ford,2.082,,jordan_ford:2.082,pool;conduit;spring_well;building;wall,,,Modern;modern,no,no,,"Ofer Sion, ASI Map of Kalia (109/5), site 36; survey.iaa.org.il record 12560; printed page not given online",https://survey.iaa.org.il/#/MapSurvey/78/site/12560
78,109/5,Kalia,37,12561,‘Aqabat Jabr (1),עקבת ג'בר (1),,,no,,,31.840058,35.433031,geojson_point,,,,,jericho_palaces,1.348,,jericho_palaces:1.348;choziba:2.057,tomb,cave,,Roman;Byzantine,overlaps,no,,"Ofer Sion, ASI Map of Kalia (109/5), site 37; survey.iaa.org.il record 12561; printed page not given online",https://survey.iaa.org.il/#/MapSurvey/78/site/12561
78,109/5,Kalia,38,12562,‘Aqabat Jabr (2),עקבת ג'בר (2),,18/01,yes,241138,638948,31.843144,35.433501,nig_epsg2039,31.843213,35.433567,9.9,ok,jericho_palaces,1.004,,jericho_palaces:1.004;choziba:2.054,tomb,cave,"Roman,Modern",Roman;modern;Modern,overlaps,no,,"Ofer Sion, ASI Map of Kalia (109/5), site 38; survey.iaa.org.il record 12562; printed page not given online",https://survey.iaa.org.il/#/MapSurvey/78/site/12562
78,109/5,Kalia,39,12563,‘Aqabat Jabr Refugee Camp,מחנה פליטים עקבת ג'בר,,,no,,,31.837788,35.441477,geojson_point,,,,,jericho_palaces,1.642,,jericho_palaces:1.642;jericho_area:2.882;choziba:2.891;tell_el_qos:2.983,conduit;building;road,cave,,modern;Hellenistic;Hasmonean;Early Roman,yes,no,,"Ofer Sion, ASI Map of Kalia (109/5), site 39; survey.iaa.org.il record 12563; printed page not given online",https://survey.iaa.org.il/#/MapSurvey/78/site/12563
78,109/5,Kalia,40,12564,‘Aqabat Jabr (3),עקבת ג'בר (3),,,no,,,31.838251,35.434611,geojson_point,,,,,jericho_palaces,1.522,,jericho_palaces:1.522;choziba:2.252,tomb,,,Roman;Byzantine,overlaps,no,,"Ofer Sion, ASI Map of Kalia (109/5), site 40; survey.iaa.org.il record 12564; printed page not given online",https://survey.iaa.org.il/#/MapSurvey/78/site/12564
78,109/5,Kalia,41,12764,‘Aqabat Jabr (4),עקבת ג'בר (4),,,no,,,31.841380,35.449938,geojson_point,,,,,jericho_palaces,1.742,,jericho_palaces:1.742;jericho_area:2.054;tell_el_qos:2.125,road,,,Byzantine;modern,no,no,,"Ofer Sion, ASI Map of Kalia (109/5), site 41; survey.iaa.org.il record 12764; printed page not given online",https://survey.iaa.org.il/#/MapSurvey/78/site/12764
78,109/5,Kalia,42,12765,‘Aqabat Jabr East (1),עקבת ג'בר מזרח (1),,,no,,,31.840461,35.458915,geojson_point,,,,,tell_el_qos,1.746,,tell_el_qos:1.746;jericho_area:1.784;jericho_palaces:2.489,cistern;conduit;building;wall;pit,,,Late Roman;Byzantine,no,no,,"Ofer Sion, ASI Map of Kalia (109/5), site 42; survey.iaa.org.il record 12765; printed page not given online",https://survey.iaa.org.il/#/MapSurvey/78/site/12765
78,109/5,Kalia,43,12766,‘Aqabat Jabr East (2),עקבת ג'בר מזרח (2),,,no,,,31.840008,35.459970,geojson_point,,,,,tell_el_qos,1.760,,tell_el_qos:1.760;jericho_area:1.814;jericho_palaces:2.601,reservoir;conduit;building,pool,,,unknown,no,,"Ofer Sion, ASI Map of Kalia (109/5), site 43; survey.iaa.org.il record 12766; printed page not given online",https://survey.iaa.org.il/#/MapSurvey/78/site/12766
78,109/5,Kalia,44,12767,‘Aqabat Jabr East (3),עקבת ג'בר מזרח (3),,,no,,,31.839108,35.458911,geojson_point,,,,,tell_el_qos,1.887,,tell_el_qos:1.887;jericho_area:1.931;jericho_palaces:2.569,cistern;building;road,cave,,Byzantine;Early Islamic;Umayyad,no,no,,"Ofer Sion, ASI Map of Kalia (109/5), site 44; survey.iaa.org.il record 12767; printed page not given online",https://survey.iaa.org.il/#/MapSurvey/78/site/12767
78,109/5,Kalia,45,12768,‘Aqabat Jabr East (4),עקבת ג'בר מזרח (4),,,no,,,31.837756,35.458908,geojson_point,,,,,tell_el_qos,2.030,,tell_el_qos:2.030;jericho_area:2.078;jericho_palaces:2.655,conduit;building;mound,,,Byzantine;Early Islamic,no,no,,"Ofer Sion, ASI Map of Kalia (109/5), site 45; survey.iaa.org.il record 12768; printed page not given online",https://survey.iaa.org.il/#/MapSurvey/78/site/12768
78,109/5,Kalia,46,12769,‘Aqabat Jabr East (5),עקבת ג'בר מזרח (5),,,no,,,31.838647,35.464192,geojson_point,,,,,tell_el_qos,1.834,,tell_el_qos:1.834;jericho_area:1.945,cistern;building;road,,,,unknown,no,,"Ofer Sion, ASI Map of Kalia (109/5), site 46; survey.iaa.org.il record 12769; printed page not given online",https://survey.iaa.org.il/#/MapSurvey/78/site/12769
78,109/5,Kalia,47,12770,Khirbet Mafjar (2),חרבת מע'יפר (2),,,no,,,31.842232,35.475295,geojson_point,,,,,tell_el_qos,1.699,,tell_el_qos:1.699;jericho_area:1.928,conduit;building;wall;settlement_ruin,cave,,Byzantine;Early Islamic,no,no,,"Ofer Sion, ASI Map of Kalia (109/5), site 47; survey.iaa.org.il record 12770; printed page not given online",https://survey.iaa.org.il/#/MapSurvey/78/site/12770
78,109/5,Kalia,48,12771,Khirbet Mafjar (3),ח'רבת מע'יפר (3),,,no,,,31.837267,35.477394,geojson_point,,,,,tell_el_qos,2.274,,tell_el_qos:2.274;jericho_area:2.495,conduit;building;mound;settlement_ruin,,,Byzantine;Early Islamic,no,no,,"Ofer Sion, ASI Map of Kalia (109/5), site 48; survey.iaa.org.il record 12771; printed page not given online",https://survey.iaa.org.il/#/MapSurvey/78/site/12771
78,109/5,Kalia,49,12772,Tell Mafjar,תל מע'יפר,,,no,,,31.839977,35.475289,geojson_point,,,,,tell_el_qos,1.914,,tell_el_qos:1.914;jericho_area:2.134,cistern;building;fortress;wall;mound;road,cave,,Roman;Byzantine;Early Islamic;Abbasid;Ayyubid,overlaps,no,,"Ofer Sion, ASI Map of Kalia (109/5), site 49; survey.iaa.org.il record 12772; printed page not given online",https://survey.iaa.org.il/#/MapSurvey/78/site/12772
78,109/5,Kalia,50,12795,Jordan Desert (1),מדבר הירדן (1),,,no,,,31.843057,35.510161,geojson_point,,,,,jordan_ford,2.790,,jordan_ford:2.790,,,,Byzantine;Early Islamic;modern,no,no,,"Ofer Sion, ASI Map of Kalia (109/5), site 50; survey.iaa.org.il record 12795; printed page not given online",https://survey.iaa.org.il/#/MapSurvey/78/site/12795
78,109/5,Kalia,52,12797,Monastery of Peter,מנזר פטרוס,,,no,,,31.840350,35.510681,geojson_point,,,,,jordan_ford,2.700,,jordan_ford:2.700,building;wall,cave,,Byzantine;Early Islamic;Umayyad,no,no,,"Ofer Sion, ASI Map of Kalia (109/5), site 52; survey.iaa.org.il record 12797; printed page not given online",https://survey.iaa.org.il/#/MapSurvey/78/site/12797
78,109/5,Kalia,53,12798,Jordan Desert (3),מדבר הירדן (3),,,no,,,31.839888,35.515433,geojson_point,,,,,jordan_ford,2.249,,jordan_ford:2.249,building,,,Byzantine;Early Islamic,no,no,,"Ofer Sion, ASI Map of Kalia (109/5), site 53; survey.iaa.org.il record 12798; printed page not given online",https://survey.iaa.org.il/#/MapSurvey/78/site/12798
78,109/5,Kalia,54,12799,Jordan Desert (4),מדבר הירדן (4),,,no,,,31.838083,35.515955,geojson_point,,,,,jordan_ford,2.193,,jordan_ford:2.193,building,,,Byzantine;Early Islamic,no,no,,"Ofer Sion, ASI Map of Kalia (109/5), site 54; survey.iaa.org.il record 12799; printed page not given online",https://survey.iaa.org.il/#/MapSurvey/78/site/12799
78,109/5,Kalia,55,12800,Jordan Desert (5),מדבר הירדן (5),,,no,,,31.835390,35.510665,geojson_point,,,,,jordan_ford,2.712,,jordan_ford:2.712,building;road;rock_cut,cave,,Byzantine;Early Islamic;modern,no,no,,"Ofer Sion, ASI Map of Kalia (109/5), site 55; survey.iaa.org.il record 12800; printed page not given online",https://survey.iaa.org.il/#/MapSurvey/78/site/12800
78,109/5,Kalia,56,12803,Jordan Desert (6),מדבר הירדן (6),,,no,,,31.843017,35.526536,geojson_point,,,,,jordan_ford,1.302,,jordan_ford:1.302,road,,,Byzantine;Early Islamic,no,no,,"Ofer Sion, ASI Map of Kalia (109/5), site 56; survey.iaa.org.il record 12803; printed page not given online",https://survey.iaa.org.il/#/MapSurvey/78/site/12803
78,109/5,Kalia,57,12804,Jordan Desert (7),מדבר הירדן (7),,,no,,,31.841223,35.522833,geojson_point,,,,,jordan_ford,1.576,,jordan_ford:1.576,conduit;wall,spring_well,,modern,no,no,,"Ofer Sion, ASI Map of Kalia (109/5), site 57; survey.iaa.org.il record 12804; printed page not given online",https://survey.iaa.org.il/#/MapSurvey/78/site/12804
78,109/5,Kalia,58,12805,Jordan Desert (8),מדבר הירדן (8),,,no,,,31.841692,35.515439,geojson_point,,,,,jordan_ford,2.272,,jordan_ford:2.272,building;wall;road;mosaic,conduit;cave,,Byzantine;Early Islamic;Umayyad,no,no,,"Ofer Sion, ASI Map of Kalia (109/5), site 58; survey.iaa.org.il record 12805; printed page not given online",https://survey.iaa.org.il/#/MapSurvey/78/site/12805
78,109/5,Kalia,59,12806,Soubiba of the Syrians (2),סוביבא של הסורים (2),,,no,,,31.836274,35.518062,geojson_point,,,,,jordan_ford,2.007,,jordan_ford:2.007,building;wall;road;mosaic,cave,,Late Roman;Byzantine;Early Islamic;modern,no,no,,"Ofer Sion, ASI Map of Kalia (109/5), site 59; survey.iaa.org.il record 12806; printed page not given online",https://survey.iaa.org.il/#/MapSurvey/78/site/12806
78,109/5,Kalia,60,12807,‘Aqabat Jabr South (1),עקבת ג'בר דרום (1),,,no,,,31.827439,35.428776,geojson_point,,,,,choziba,2.450,,choziba:2.450;jericho_palaces:2.807,building;wall;settlement_ruin,,,,unknown,no,,"Ofer Sion, ASI Map of Kalia (109/5), site 60; survey.iaa.org.il record 12807; printed page not given online",https://survey.iaa.org.il/#/MapSurvey/78/site/12807
78,109/5,Kalia,61,12808,‘Aqabat Jabr South (2),עקבת ג'בר דרום (2),,,no,,,31.833288,35.436184,geojson_point,,,,,jericho_palaces,2.066,,jericho_palaces:2.066;choziba:2.599,terrace,cave,,Early Roman,yes,no,,"Ofer Sion, ASI Map of Kalia (109/5), site 61; survey.iaa.org.il record 12808; printed page not given online",https://survey.iaa.org.il/#/MapSurvey/78/site/12808
78,109/5,Kalia,62,12880,‘Aqabat Jabr South (3),עקבת ג'בר דרום (3),,,no,,,31.832381,35.439351,geojson_point,,,,,jericho_palaces,2.187,,jericho_palaces:2.187;choziba:2.911,tomb,cave,,Hellenistic;Hasmonean;Roman;modern,yes,no,,"Ofer Sion, ASI Map of Kalia (109/5), site 62; survey.iaa.org.il record 12880; printed page not given online",https://survey.iaa.org.il/#/MapSurvey/78/site/12880
78,109/5,Kalia,63,12881,‘Aqabat Jabr South (4),עקבת ג'בר דרום (4),,,no,,,31.831034,35.436179,geojson_point,,,,,jericho_palaces,2.317,,jericho_palaces:2.317;choziba:2.723,,cave,,Roman,overlaps,no,,"Ofer Sion, ASI Map of Kalia (109/5), site 63; survey.iaa.org.il record 12881; printed page not given online",https://survey.iaa.org.il/#/MapSurvey/78/site/12881
78,109/5,Kalia,64,12882,‘Aqabat Jabr South (5),עקבת ג'בר דרום (5),,,no,,,31.830128,35.438289,geojson_point,,,,,jericho_palaces,2.425,,jericho_palaces:2.425;choziba:2.946,conduit,spring_well,,modern,no,no,,"Ofer Sion, ASI Map of Kalia (109/5), site 64; survey.iaa.org.il record 12882; printed page not given online",https://survey.iaa.org.il/#/MapSurvey/78/site/12882
78,109/5,Kalia,65,12883,Manzel Jabr South (1),מנזל ג'בר דרום (1),,,no,,,31.827872,35.439340,geojson_point,,,,,jericho_palaces,2.685,,jericho_palaces:2.685,,cave,,Roman;modern,overlaps,no,,"Ofer Sion, ASI Map of Kalia (109/5), site 65; survey.iaa.org.il record 12883; printed page not given online",https://survey.iaa.org.il/#/MapSurvey/78/site/12883
78,109/5,Kalia,66,12884,Khan el-‘Askar,ח'אן אל עסכר,,,no,,,31.827416,35.441980,geojson_point,,,,,jericho_palaces,2.773,,jericho_palaces:2.773,building;wall;road,cave,,modern,no,no,,"Ofer Sion, ASI Map of Kalia (109/5), site 66; survey.iaa.org.il record 12884; printed page not given online",https://survey.iaa.org.il/#/MapSurvey/78/site/12884
78,109/5,Kalia,67,12885,Jordan Desert (9),מדבר הירדן (9),,,no,,,31.832300,35.481077,geojson_point,,,,,tell_el_qos,2.927,,tell_el_qos:2.927,conduit,,,modern,no,no,,"Ofer Sion, ASI Map of Kalia (109/5), site 67; survey.iaa.org.il record 12885; printed page not given online",https://survey.iaa.org.il/#/MapSurvey/78/site/12885
78,109/5,Kalia,68,12886,Jordan Desert (10),מדבר הירדן (10),,,no,,,31.830876,35.512763,geojson_point,,,,,jordan_ford,2.629,,jordan_ford:2.629,building;road;rock_cut,cave,,modern;Byzantine,no,no,,"Ofer Sion, ASI Map of Kalia (109/5), site 68; survey.iaa.org.il record 12886; printed page not given online",https://survey.iaa.org.il/#/MapSurvey/78/site/12886
78,109/5,Kalia,69,12887,The Laura of Calamon,הלאורה של קלמון,,,no,,,31.828614,35.515924,geojson_point,,,,,jordan_ford,2.447,,jordan_ford:2.447,cistern;building;wall,,,Byzantine;Early Islamic,no,no,,"Ofer Sion, ASI Map of Kalia (109/5), site 69; survey.iaa.org.il record 12887; printed page not given online",https://survey.iaa.org.il/#/MapSurvey/78/site/12887
78,109/5,Kalia,70,12888,The New Laura,הלאורה החדשה,,,no,,,31.827266,35.513807,geojson_point,,,,,jordan_ford,2.693,,jordan_ford:2.693,building;wall;rock_cut,,,modern;Byzantine;Early Islamic,no,no,,"Ofer Sion, ASI Map of Kalia (109/5), site 70; survey.iaa.org.il record 12888; printed page not given online",https://survey.iaa.org.il/#/MapSurvey/78/site/12888
78,109/5,Kalia,72,12890,Jordan Desert (11),מדבר הירדן (11),,,no,,,31.826370,35.511164,geojson_point,,,,,jordan_ford,2.961,,jordan_ford:2.961,building;mound;rock_cut,,,Byzantine;Early Islamic;Ottoman;modern,no,no,,"Ofer Sion, ASI Map of Kalia (109/5), site 72; survey.iaa.org.il record 12890; printed page not given online",https://survey.iaa.org.il/#/MapSurvey/78/site/12890
78,109/5,Kalia,73,12891,Wadi Umm Romit,ואדי אום רומית,,,no,,,31.824277,35.431937,geojson_point,,,,,choziba,2.911,,choziba:2.911,building;settlement_ruin,,,,unknown,no,,"Ofer Sion, ASI Map of Kalia (109/5), site 73; survey.iaa.org.il record 12891; printed page not given online",https://survey.iaa.org.il/#/MapSurvey/78/site/12891
78,109/5,Kalia,79,12910,Rujm al-Qabila (1),רג'ם אל קבליה (1),,,no,,,31.815257,35.432972,geojson_point,,,,,kuteif,2.546,,kuteif:2.546,conduit;tomb;wall;cairn,,,Hellenistic;Roman,overlaps,no,,"Ofer Sion, ASI Map of Kalia (109/5), site 79; survey.iaa.org.il record 12910; printed page not given online",https://survey.iaa.org.il/#/MapSurvey/78/site/12910
78,109/5,Kalia,80,12911,Rujm al-Qabila (2),רג'ם אל קבליה (2),,,no,,,31.799450,35.446662,geojson_point,,,,,muhalhil,2.013,,muhalhil:2.013,conduit;wall;cairn,,,modern,no,no,,"Ofer Sion, ASI Map of Kalia (109/5), site 80; survey.iaa.org.il record 12911; printed page not given online",https://survey.iaa.org.il/#/MapSurvey/78/site/12911
78,109/5,Kalia,81,12912,Rujm al-Qabila (3),רג'ם אל קבליה (3),,,no,,,31.799002,35.445077,geojson_point,,,,,muhalhil,1.874,,muhalhil:1.874,building;tower;road;cairn,cave,,,unknown,no,,"Ofer Sion, ASI Map of Kalia (109/5), site 81; survey.iaa.org.il record 12912; printed page not given online",https://survey.iaa.org.il/#/MapSurvey/78/site/12912
78,109/5,Kalia,83,12914,Tell Muhalhal (1),תל מוחלחל (1),,,no,,,31.793147,35.441367,geojson_point,,,,,muhalhil,1.169,,muhalhil:1.169;asla:2.563,mound,,,Iron Age,no,no,,"Ofer Sion, ASI Map of Kalia (109/5), site 83; survey.iaa.org.il record 12914; printed page not given online",https://survey.iaa.org.il/#/MapSurvey/78/site/12914
78,109/5,Kalia,84,12915,Tell Muhalhal (2),תל מוחלחל (2),,,no,,,31.790442,35.441360,geojson_point,,,,,muhalhil,1.005,,muhalhil:1.005;asla:2.285,building;mound,cave,,Chalcolithic;Iron,no,no,,"Ofer Sion, ASI Map of Kalia (109/5), site 84; survey.iaa.org.il record 12915; printed page not given online",https://survey.iaa.org.il/#/MapSurvey/78/site/12915
78,109/5,Kalia,85,12916,Tell Muhalhal (3),תל מוחלחל (3),,,no,,,31.792241,35.443476,geojson_point,,,,,muhalhil,1.276,,muhalhil:1.276;asla:2.403,building;mound,,,,unknown,no,,"Ofer Sion, ASI Map of Kalia (109/5), site 85; survey.iaa.org.il record 12916; printed page not given online",https://survey.iaa.org.il/#/MapSurvey/78/site/12916
78,109/5,Kalia,86,12917,Tell Muhalhal (3),תל מוחלחל (4),,,no,,,31.790885,35.445585,geojson_point,,,,,muhalhil,1.392,,muhalhil:1.392;asla:2.205,building;mound,,,Iron Age,no,no,,"Ofer Sion, ASI Map of Kalia (109/5), site 86; survey.iaa.org.il record 12917; printed page not given online",https://survey.iaa.org.il/#/MapSurvey/78/site/12917
78,109/5,Kalia,87,12918,Tell Muhalhal (5),תל מוחלחל (5),,,no,,,31.790438,35.443472,geojson_point,,,,,muhalhil,1.188,,muhalhil:1.188;asla:2.212,building;mound,,,Bronze,no,no,,"Ofer Sion, ASI Map of Kalia (109/5), site 87; survey.iaa.org.il record 12918; printed page not given online",https://survey.iaa.org.il/#/MapSurvey/78/site/12918
78,109/5,Kalia,94,12925,En-Nabi Musa,א נבי מוסא,,,no,,,31.786434,35.411259,geojson_point,,,,,kuteif,1.731,,kuteif:1.731;muhalhil:1.942,cistern;tomb;building;road;inscription,cave,,,unknown,no,,"Ofer Sion, ASI Map of Kalia (109/5), site 94; survey.iaa.org.il record 12925; printed page not given online",https://survey.iaa.org.il/#/MapSurvey/78/site/12925
78,109/5,Kalia,95,12926,Makam Hasan al-Ra‘i,מקם חסן אל רעי,,02/02,yes,240338,632098,31.781383,35.424902,nig_epsg2039,31.781452,35.424973,10.1,ok,muhalhil,0.864,muhalhil:0.864,muhalhil:0.864;kuteif:2.642;asla:2.696,tomb;building,,,,unknown,no,Kind of site: ancient tomb | Elevation bsl: -80 m | Area:,"Ofer Sion, ASI Map of Kalia (109/5), site 95; survey.iaa.org.il record 12926; printed page not given online",https://survey.iaa.org.il/#/MapSurvey/78/site/12926
78,109/5,Kalia,96,12927,Sitna ‘Aisha,סתנא עישה,,12/01,yes,241188,632648,31.786328,35.433889,nig_epsg2039,31.786396,35.433959,10.2,ok,muhalhil,0.198,muhalhil:0.198,muhalhil:0.198;asla:2.302;kuteif:2.778,tomb;building;wall,,,modern,no,no,Kind of site: tomb | Elevation bsl: -85 m | Area: 0.4,"Ofer Sion, ASI Map of Kalia (109/5), site 96; survey.iaa.org.il record 12927; printed page not given online",https://survey.iaa.org.il/#/MapSurvey/78/site/12927
78,109/5,Kalia,97,12928,Tell Muhalhal (6),תל מוחלחל (6),,,no,,,31.788172,35.449273,geojson_point,,,,,muhalhil,1.662,,muhalhil:1.662;asla:1.850,building;mound,,,,unknown,no,,"Ofer Sion, ASI Map of Kalia (109/5), site 97; survey.iaa.org.il record 12928; printed page not given online",https://survey.iaa.org.il/#/MapSurvey/78/site/12928
78,109/5,Kalia,98,12929,Tell Muhalhal (7),תל מוחלחל (7),,,no,,,31.784117,35.447679,geojson_point,,,,,asla,1.427,,asla:1.427;muhalhil:1.524,mound,,,,unknown,no,,"Ofer Sion, ASI Map of Kalia (109/5), site 98; survey.iaa.org.il record 12929; printed page not given online",https://survey.iaa.org.il/#/MapSurvey/78/site/12929
78,109/5,Kalia,99,12930,Tell Muhalhal (8),תל מוחלחל (8),,,no,,,31.782311,35.448730,geojson_point,,,,,asla,1.210,,asla:1.210;muhalhil:1.666,building;mound;cairn,,,Roman;Byzantine,overlaps,no,,"Ofer Sion, ASI Map of Kalia (109/5), site 99; survey.iaa.org.il record 12930; printed page not given online",https://survey.iaa.org.il/#/MapSurvey/78/site/12930
78,109/5,Kalia,100,12931,Tell Muhalhal (9),תל מוחלחל (9),,,no,,,31.781406,35.450840,geojson_point,,,,,asla,1.090,,asla:1.090;muhalhil:1.886,building;mound,cave,,Late Roman;Byzantine,no,no,,"Ofer Sion, ASI Map of Kalia (109/5), site 100; survey.iaa.org.il record 12931; printed page not given online",https://survey.iaa.org.il/#/MapSurvey/78/site/12931
78,109/5,Kalia,101,12932,Tabaq el-Kanmura (1),טבק אל קנמורה (1),,21/04,yes,242888,631948,31.779981,35.451821,nig_epsg2039,31.780051,35.451892,10.3,ok,asla,0.935,asla:0.935,asla:0.935;muhalhil:2.026,,cave,"Ottoman,Modern",Ottoman;modern;Modern,no,no,Kind of site: stone fenced enclosures | Elevation bsl: -220 m |,"Ofer Sion, ASI Map of Kalia (109/5), site 101; survey.iaa.org.il record 12932; printed page not given online",https://survey.iaa.org.il/#/MapSurvey/78/site/12932
78,109/5,Kalia,102,12933,Tabaq el-Kanmura (2),טבק אל קנמורה (2),,21/01,yes,242538,631848,31.779086,35.448123,nig_epsg2039,31.779156,35.448195,10.3,ok,asla,0.876,asla:0.876,asla:0.876;muhalhil:1.748,conduit;cairn,cave,"Byzantine,Ottoman",Byzantine;Ottoman,no,no,Kind of site: stone heaps | Elevation bsl: -90 m | Area:,"Ofer Sion, ASI Map of Kalia (109/5), site 102; survey.iaa.org.il record 12933; printed page not given online",https://survey.iaa.org.il/#/MapSurvey/78/site/12933
78,109/5,Kalia,103,12934,Tabaq el-Kanmura (3),טבק אל קנמורה (3),,21/03,yes,242938,631648,31.777275,35.452341,nig_epsg2039,31.777344,35.452413,10.3,ok,asla,0.644,asla:0.644,asla:0.644;muhalhil:2.195,conduit,cave,,,unknown,no,Kind of site: animal pen | Elevation bsl: -230 m | Area:,"Ofer Sion, ASI Map of Kalia (109/5), site 103; survey.iaa.org.il record 12934; printed page not given online",https://survey.iaa.org.il/#/MapSurvey/78/site/12934
78,109/5,Kalia,104,12935,Tabaq el-Kanmura (4),טבק אל קנמורה (4),,21/02,yes,242688,631298,31.774123,35.449694,nig_epsg2039,31.774193,35.449765,10.3,ok,asla,0.307,asla:0.307,asla:0.307;muhalhil:2.179,,,"Roman,Byzantine,Modern",Roman;Byzantine;modern;Modern,overlaps,no,Kind of site: animal pen | Elevation bsl: -210 m | Area:,"Ofer Sion, ASI Map of Kalia (109/5), site 104; survey.iaa.org.il record 12935; printed page not given online",https://survey.iaa.org.il/#/MapSurvey/78/site/12935
78,109/5,Kalia,105,12936,Tabaq el-Kanmura (5),טבק אל קנמורה (5),,31/01,yes,243038,631198,31.773214,35.453386,nig_epsg2039,31.773284,35.453458,10.3,ok,asla,0.288,asla:0.288,asla:0.288;muhalhil:2.518,,,Roman,Roman,overlaps,no,Kind of site: animal pen | Elevation bsl: -240 m | Area:,"Ofer Sion, ASI Map of Kalia (109/5), site 105; survey.iaa.org.il record 12936; printed page not given online",https://survey.iaa.org.il/#/MapSurvey/78/site/12936
78,109/5,Kalia,107,12938,Jabal Harmun,ג'בל חרמון,,,no,,,31.762484,35.441291,geojson_point,,,,,asla,1.367,,asla:1.367;wadi_qumran:2.533;muhalhil:2.815;kh_qumran:2.865,wall;mound,,,,unknown,no,,"Ofer Sion, ASI Map of Kalia (109/5), site 107; survey.iaa.org.il record 12938; printed page not given online",https://survey.iaa.org.il/#/MapSurvey/78/site/12938
78,109/5,Kalia,108,12939,Zahr Danab Ghayar,זהר דנב ע'ייר,,30/01,yes,243288,630598,31.767798,35.456011,nig_epsg2039,31.767868,35.456083,10.4,ok,asla,0.635,asla:0.635,asla:0.635;kh_qumran:2.905,cave,,,,unknown,no,Kind of site: caves | Elevation bsl: -200 m | Area: 50,"Ofer Sion, ASI Map of Kalia (109/5), site 108; survey.iaa.org.il record 12939; printed page not given online",https://survey.iaa.org.il/#/MapSurvey/78/site/12939
1126,136,Yattir,240,19713,Be’er ‘Anim (1),באר ענים (1),,,no,,,31.318874,35.060949,geojson_point,,,,,kuhlah,2.916,,kuhlah:2.916,building;tower,spring_well,,,unknown,no,,"Ya‘akov Baumgarten and Hillel Silberklang (foreword), ASI Map of Yattir (136), site 240; survey.iaa.org.il record 19713; printed page not given online",https://survey.iaa.org.il/#/MapSurvey/1126/site/19713
1126,136,Yattir,242,19715,H orbat Qeta,חורבת קטה,,,no,,,31.317979,35.067253,geojson_point,,,,,kuhlah,2.990,,kuhlah:2.990,cistern;conduit;cave;building;settlement_ruin,,,,unknown,no,,"Ya‘akov Baumgarten and Hillel Silberklang (foreword), ASI Map of Yattir (136), site 242; survey.iaa.org.il record 19715; printed page not given online",https://survey.iaa.org.il/#/MapSurvey/1126/site/19715
1126,136,Yattir,243,19716,Spot Height 722,נ.ג. 722,,,no,,,31.315278,35.071460,geojson_point,,,,,kuhlah,2.905,,kuhlah:2.905,building,,,,unknown,no,,"Ya‘akov Baumgarten and Hillel Silberklang (foreword), ASI Map of Yattir (136), site 243; survey.iaa.org.il record 19716; printed page not given online",https://survey.iaa.org.il/#/MapSurvey/1126/site/19716
2147,63,Bet She'an,19,21655,H amadiya 1,חמדיה 1,,,no,,,32.521640,35.515573,geojson_point,,,,,beth_shean,2.313,,beth_shean:2.313,building;settlement_ruin,,,med;Byzantine,no,no,,"Nehemia Tzori and Noy Shemesh (foreword), ASI Map of Bet She'an (63), site 19; survey.iaa.org.il record 21655; printed page not given online",https://survey.iaa.org.il/#/MapSurvey/2147/site/21655
2147,63,Bet She'an,20,21656,H amadiya 2,חמדיה 2,,,no,,,32.519813,35.525146,geojson_point,,,,,beth_shean,2.736,,beth_shean:2.736,road,cave,,Neolithic;Bronze;Hellenistic,overlaps,no,,"Nehemia Tzori and Noy Shemesh (foreword), ASI Map of Bet She'an (63), site 20; survey.iaa.org.il record 21656; printed page not given online",https://survey.iaa.org.il/#/MapSurvey/2147/site/21656
2147,63,Bet She'an,26,21662,Tel Temes (Tumis) 1,תל תמס (תומיס) 1,,,no,,,32.511801,35.480421,geojson_point,,,,,beth_shean,2.309,,beth_shean:2.309,tomb;building;mound;settlement_ruin;road,cistern,,Roman;Byzantine;Early Islamic;bronze,overlaps,no,,"Nehemia Tzori and Noy Shemesh (foreword), ASI Map of Bet She'an (63), site 26; survey.iaa.org.il record 21662; printed page not given online",https://survey.iaa.org.il/#/MapSurvey/2147/site/21662
2147,63,Bet She'an,27,21663,Tel Temes (Tumis) 2,תל תמס (תומיס) 2,,,no,,,32.512251,35.480954,geojson_point,,,,,beth_shean,2.283,,beth_shean:2.283,mound;road;inscription,,,,unknown,no,,"Nehemia Tzori and Noy Shemesh (foreword), ASI Map of Bet She'an (63), site 27; survey.iaa.org.il record 21663; printed page not given online",https://survey.iaa.org.il/#/MapSurvey/2147/site/21663
2147,63,Bet She'an,28,21664,H anot Beshan (Khan el Ahmar),חנות בישן (ח'אן אל-אחמר),,,no,,,32.512670,35.495323,geojson_point,,,,,beth_shean,1.235,,beth_shean:1.235,building;inscription,,,,unknown,no,,"Nehemia Tzori and Noy Shemesh (foreword), ASI Map of Bet She'an (63), site 28; survey.iaa.org.il record 21664; printed page not given online",https://survey.iaa.org.il/#/MapSurvey/2147/site/21664
2147,63,Bet She'an,29,21665,Birkat Mesillot,ברכות מסילות,,,no,,,32.513591,35.486812,geojson_point,,,,,beth_shean,1.881,,beth_shean:1.881,pool;tomb;mosaic,cistern,,,unknown,no,,"Nehemia Tzori and Noy Shemesh (foreword), ASI Map of Bet She'an (63), site 29; survey.iaa.org.il record 21665; printed page not given online",https://survey.iaa.org.il/#/MapSurvey/2147/site/21665
2147,63,Bet She'an,30,21666,Tel I z tabba 1,תל אצטבה 1,,,no,,,32.512656,35.501708,geojson_point,,,,,beth_shean,1.004,,beth_shean:1.004,wall;mound;mosaic;inscription,,,Byzantine,no,no,,"Nehemia Tzori and Noy Shemesh (foreword), ASI Map of Bet She'an (63), site 30; survey.iaa.org.il record 21666; printed page not given online",https://survey.iaa.org.il/#/MapSurvey/2147/site/21666
2147,63,Bet She'an,31,21667,H orbat Rodem,חורבת רודם,,,no,,,32.515356,35.503845,geojson_point,,,,,beth_shean,1.298,,beth_shean:1.298,tomb;building;wall;mound;pit;kiln,cistern;cave,,Byzantine,no,no,,"Nehemia Tzori and Noy Shemesh (foreword), ASI Map of Bet She'an (63), site 31; survey.iaa.org.il record 21667; printed page not given online",https://survey.iaa.org.il/#/MapSurvey/2147/site/21667
2147,63,Bet She'an,32,21668,"Tel I z tabba, City Wall","תל אצטבה, חומה",,,no,,,32.516272,35.497463,geojson_point,,,,,beth_shean,1.494,,beth_shean:1.494,conduit;tomb;building;wall;mound;inscription,,,modern,no,no,,"Nehemia Tzori and Noy Shemesh (foreword), ASI Map of Bet She'an (63), site 32; survey.iaa.org.il record 21668; printed page not given online",https://survey.iaa.org.il/#/MapSurvey/2147/site/21668
2147,63,Bet She'an,33,21669,H amadiya 3,חמדיה 3,,,no,,,32.513525,35.515546,geojson_point,,,,,beth_shean,1.599,,beth_shean:1.599,building;inscription,cave,,Late Roman;Byzantine,no,no,,"Nehemia Tzori and Noy Shemesh (foreword), ASI Map of Bet She'an (63), site 33; survey.iaa.org.il record 21669; printed page not given online",https://survey.iaa.org.il/#/MapSurvey/2147/site/21669
2147,63,Bet She'an,34,21670,H amadiya 4,חמדיה 4,,,no,,,32.511698,35.525118,geojson_point,,,,,beth_shean,2.249,,beth_shean:2.249,road,,,,unknown,no,,"Nehemia Tzori and Noy Shemesh (foreword), ASI Map of Bet She'an (63), site 34; survey.iaa.org.il record 21670; printed page not given online",https://survey.iaa.org.il/#/MapSurvey/2147/site/21670
2147,63,Bet She'an,35,21671,H amadiya 5,חמדיה 5,,,no,,,32.518015,35.523011,geojson_point,,,,,beth_shean,2.454,,beth_shean:2.454,conduit;road;quarry;terrace,cave,,Paleolithic;Neolithic;Bronze;Byzantine,no,no,,"Nehemia Tzori and Noy Shemesh (foreword), ASI Map of Bet She'an (63), site 35; survey.iaa.org.il record 21671; printed page not given online",https://survey.iaa.org.il/#/MapSurvey/2147/site/21671
2147,63,Bet She'an,36,21672,H amadiya 6,חמדיה 6,,,no,,,32.513506,35.522996,geojson_point,,,,,beth_shean,2.162,,beth_shean:2.162,building;mound;road,,,Byzantine;Early Islamic,no,no,,"Nehemia Tzori and Noy Shemesh (foreword), ASI Map of Bet She'an (63), site 36; survey.iaa.org.il record 21672; printed page not given online",https://survey.iaa.org.il/#/MapSurvey/2147/site/21672
2147,63,Bet She'an,37,21673,Twal – H amadiya,טואל – חמדיה,,,no,,,32.514413,35.520870,geojson_point,,,,,beth_shean,2.049,,beth_shean:2.049,road,cistern;tomb,,Bronze;Hasmonean;Roman;Byzantine,yes,no,,"Nehemia Tzori and Noy Shemesh (foreword), ASI Map of Bet She'an (63), site 37; survey.iaa.org.il record 21673; printed page not given online",https://survey.iaa.org.il/#/MapSurvey/2147/site/21673
2147,63,Bet She'an,38,21674,Khirbat et-Twal,חרבת א-טואל,,,no,,,32.514408,35.522999,geojson_point,,,,,beth_shean,2.214,,beth_shean:2.214,conduit;tomb;building;road;mosaic,cistern,,Byzantine;Early Islamic;Neolithic;Chalcolithic;Iron Age;Hellenistic;modern,overlaps,no,,"Nehemia Tzori and Noy Shemesh (foreword), ASI Map of Bet She'an (63), site 38; survey.iaa.org.il record 21674; printed page not given online",https://survey.iaa.org.il/#/MapSurvey/2147/site/21674
2147,63,Bet She'an,45,21681,Tel Ba z ul,תל בצול,,,no,,,32.506397,35.477212,geojson_point,,,,,beth_shean,2.445,,beth_shean:2.445,tomb;building;mound;mosaic;inscription,cistern,,Byzantine,no,no,,"Nehemia Tzori and Noy Shemesh (foreword), ASI Map of Bet She'an (63), site 45; survey.iaa.org.il record 21681; printed page not given online",https://survey.iaa.org.il/#/MapSurvey/2147/site/21681
2147,63,Bet She'an,46,21682,"Bet Sheʽan, Shikun Gimmel and Dalet","בית-שאן, שיכון ג'-ד'",,,no,,,32.505466,35.491043,geojson_point,,,,,beth_shean,1.147,,beth_shean:1.147,reservoir;conduit;building;wall;road;installation;mosaic,cave;spring_well,,Byzantine;Roman,overlaps,no,,"Nehemia Tzori and Noy Shemesh (foreword), ASI Map of Bet She'an (63), site 46; survey.iaa.org.il record 21682; printed page not given online",https://survey.iaa.org.il/#/MapSurvey/2147/site/21682
2147,63,Bet She'an,47,21683,The Western Bridge,הגשר המערבי,,62/2,yes,246782,712600,32.507196,35.495231,nig_epsg2039,32.507260,35.495306,10.0,ok,beth_shean,0.833,beth_shean:0.833,beth_shean:0.833,building;mound;road;inscription,cave,"Roman,Mamluk",Roman;Mamluk,overlaps,no,Jisr al-Khan appears on the British map of the Survey of Western,"Nehemia Tzori and Noy Shemesh (foreword), ASI Map of Bet She'an (63), site 47; survey.iaa.org.il record 21683; printed page not given online",https://survey.iaa.org.il/#/MapSurvey/2147/site/21683
2147,63,Bet She'an,48,21684,Tel Naharon,תל-נהרון,,,no,,,32.509068,35.493183,geojson_point,,,,,beth_shean,1.104,,beth_shean:1.104,mound;mosaic,,,Byzantine,no,no,,"Nehemia Tzori and Noy Shemesh (foreword), ASI Map of Bet She'an (63), site 48; survey.iaa.org.il record 21684; printed page not given online",https://survey.iaa.org.il/#/MapSurvey/2147/site/21684
2147,63,Bet She'an,49,21685,Khirbat Qantar,חרבת קנטר,,,no,,,32.509984,35.486801,geojson_point,,,,,beth_shean,1.680,,beth_shean:1.680,settlement_ruin,,,Roman;Byzantine;Early Islamic,overlaps,no,,"Nehemia Tzori and Noy Shemesh (foreword), ASI Map of Bet She'an (63), site 49; survey.iaa.org.il record 21685; printed page not given online",https://survey.iaa.org.il/#/MapSurvey/2147/site/21685
2147,63,Bet She'an,50,21686,Bet Sheʽan 1,בית-שאן 1,,72/1,yes,247083,712100,32.502680,35.498419,nig_epsg2039,32.502744,35.498484,9.3,ok,beth_shean,0.452,beth_shean:0.452,beth_shean:0.452,cistern;conduit;spring_well;building;tower;wall;settlement_ruin;pit;installation;mosaic,cave,"Chalcolithic,Persian,Hellenistic,Late Roman,Byzantine",Byzantine;bronze;Late Roman;Persian;Hellenistic;Chalcolithic;Roman,overlaps,no,"Architectural remains, mosaic floors, terra cotta pipelines and other installations were exposed","Nehemia Tzori and Noy Shemesh (foreword), ASI Map of Bet She'an (63), site 50; survey.iaa.org.il record 21686; printed page not given online",https://survey.iaa.org.il/#/MapSurvey/2147/site/21686
2147,63,Bet She'an,51,21687,Tel Bet Sheʽan,תל בית-שאן,,72/2,yes,247483,712300,32.504474,35.502682,nig_epsg2039,32.504537,35.502746,9.3,ok,beth_shean,0.094,beth_shean:0.094,beth_shean:0.094,building;mound;road;pit,cistern;cave,"Chalcolithic,Early Bronze Age,Middle Bronze Age II,Late Bronze Age,Iron Age I,Byzantine",Ottoman;Chalcolithic;Bronze;Iron Age;Byzantine;bronze;Roman;modern,overlaps,no,It is marked on maps as Tell el- H usn. Eighteen strata,"Nehemia Tzori and Noy Shemesh (foreword), ASI Map of Bet She'an (63), site 51; survey.iaa.org.il record 21687; printed page not given online",https://survey.iaa.org.il/#/MapSurvey/2147/site/21687
2147,63,Bet She'an,52,21688,Bet Sheʽan National Park,גן לאומי בית-שאן,,72/3,yes,247682,712600,32.507174,35.504808,nig_epsg2039,32.507238,35.504883,10.0,ok,beth_shean,0.419,beth_shean:0.419,beth_shean:0.419,conduit;tomb;cave;building;mound;road;mosaic,cistern,"Middle Bronze Age I,Persian,Hellenistic,Byzantine",Bronze;bronze;Persian;Hellenistic;Byzantine,overlaps,no,Numerous burial caves were exposed while building the road to Tiberias. Some,"Nehemia Tzori and Noy Shemesh (foreword), ASI Map of Bet She'an (63), site 52; survey.iaa.org.il record 21688; printed page not given online",https://survey.iaa.org.il/#/MapSurvey/2147/site/21688
2147,63,Bet She'an,53,21689,The Truncated Bridge,הגשר הקטוע,,72/4,yes,247783,712300,32.504466,35.505874,nig_epsg2039,32.504530,35.505939,9.4,ok,beth_shean,0.275,beth_shean:0.275,beth_shean:0.275,wall;road,cistern;cave,"Roman,Byzantine",Roman;Byzantine,overlaps,no,"Jisr al-Maqta‘ in Arabic – remains of this bridge’s walls and vaults,","Nehemia Tzori and Noy Shemesh (foreword), ASI Map of Bet She'an (63), site 53; survey.iaa.org.il record 21689; printed page not given online",https://survey.iaa.org.il/#/MapSurvey/2147/site/21689
2147,63,Bet She'an,54,21690,Bet Sheʽan 2,בית-שאן 2,,82/1,yes,248283,712000,32.501748,35.511185,nig_epsg2039,32.501812,35.511250,9.4,ok,beth_shean,0.790,beth_shean:0.790,beth_shean:0.790,tomb;wall;mound;kiln,,"Persian,Hellenistic,Roman",Persian;Hellenistic;Roman,overlaps,no,An elongated tell covering an area of 15 × 70 meters is,"Nehemia Tzori and Noy Shemesh (foreword), ASI Map of Bet She'an (63), site 54; survey.iaa.org.il record 21690; printed page not given online",https://survey.iaa.org.il/#/MapSurvey/2147/site/21690
2147,63,Bet She'an,55,21691,H orbat H amman 1,חורבת חמן 1,,82/2,yes,248283,712400,32.505355,35.511198,nig_epsg2039,32.505419,35.511262,9.4,ok,beth_shean,0.782,beth_shean:0.782,beth_shean:0.782,cistern;conduit;tomb;building;wall;mound;settlement_ruin;mosaic,,"Mesolithic,Chalcolithic,Early Bronze Age I,Early Bronze Age II,Early Bronze Age III,Middle Bronze Age,Late Bronze Age,Persian,Hellenistic,Byzantine",Byzantine;Chalcolithic;Bronze;Persian;Hellenistic;iron;bronze,overlaps,no,"This large site, which extends across the northern bank of Na h","Nehemia Tzori and Noy Shemesh (foreword), ASI Map of Bet She'an (63), site 55; survey.iaa.org.il record 21691; printed page not given online",https://survey.iaa.org.il/#/MapSurvey/2147/site/21691
2147,63,Bet She'an,56,21692,H orbat H amman 2,חורבת חמן 2,,,no,,,32.506316,35.513394,geojson_point,,,,,beth_shean,1.009,,beth_shean:1.009,conduit;spring_well;tomb;building;mound;road;terrace;mosaic;inscription,cave,,Byzantine;Bronze;Early Islamic;Iron Age,no,no,,"Nehemia Tzori and Noy Shemesh (foreword), ASI Map of Bet She'an (63), site 56; survey.iaa.org.il record 21692; printed page not given online",https://survey.iaa.org.il/#/MapSurvey/2147/site/21692
2147,63,Bet She'an,57,21693,Tel ‘Efroni (el-Waqf),תל עפרוני (אל-ווקף),,,no,,,32.503574,35.528282,geojson_point,,,,,beth_shean,2.362,,beth_shean:2.362,building;mound;installation,cave,,Byzantine;Iron Age;Hellenistic;Early Islamic;Paleolithic,overlaps,no,,"Nehemia Tzori and Noy Shemesh (foreword), ASI Map of Bet She'an (63), site 57; survey.iaa.org.il record 21693; printed page not given online",https://survey.iaa.org.il/#/MapSurvey/2147/site/21693
2147,63,Bet She'an,58,21694,Sheʽan Junction,צומת שאן,,,no,,,32.508106,35.518720,geojson_point,,,,,beth_shean,1.545,,beth_shean:1.545,road;inscription,,,,unknown,no,,"Nehemia Tzori and Noy Shemesh (foreword), ASI Map of Bet She'an (63), site 58; survey.iaa.org.il record 21694; printed page not given online",https://survey.iaa.org.il/#/MapSurvey/2147/site/21694
2147,63,Bet She'an,64,21700,Mesillot (Mantar el Azraq),מסילות (מנטאר אל-אזרק),,,no,,,32.492873,35.476109,geojson_point,,,,,beth_shean,2.802,,beth_shean:2.802,building;wall,cave,,Hellenistic;Roman;Byzantine,overlaps,no,,"Nehemia Tzori and Noy Shemesh (foreword), ASI Map of Bet She'an (63), site 64; survey.iaa.org.il record 21700; printed page not given online",https://survey.iaa.org.il/#/MapSurvey/2147/site/21700
2147,63,Bet She'an,65,21701,"Bet Sheʽan, Shikun Vav (Eliyahu) 1","בית-שאן, שיכון ו' (אליהו) 1",,,no,,,32.493736,35.494199,geojson_point,,,,,beth_shean,1.387,,beth_shean:1.387,tomb;building,cistern,,,unknown,no,,"Nehemia Tzori and Noy Shemesh (foreword), ASI Map of Bet She'an (63), site 65; survey.iaa.org.il record 21701; printed page not given online",https://survey.iaa.org.il/#/MapSurvey/2147/site/21701
2147,63,Bet She'an,66,21702,"Bet Sheʽan, Shikun Vav (Eliyahu) 2","בית-שאן, שיכון ו' (אליהו) 2",,61/2,yes,246883,711500,32.497275,35.496274,nig_epsg2039,32.497338,35.496339,9.3,ok,beth_shean,0.959,beth_shean:0.959,beth_shean:0.959,tomb;monument;building;wall;mound,cistern;cave,Roman,Byzantine;Roman,overlaps,no,Burial places were exposed throughout the entire neighborhood (map ref. 1969/2115; 1972/2105;,"Nehemia Tzori and Noy Shemesh (foreword), ASI Map of Bet She'an (63), site 66; survey.iaa.org.il record 21702; printed page not given online",https://survey.iaa.org.il/#/MapSurvey/2147/site/21702
2147,63,Bet She'an,67,21703,"Bet Sheʽan, Shikun Vav (Eliyahu) 3","בית-שאן, שיכון ו' (אליהו) 3",,71/1,yes,247783,711600,32.498154,35.505853,nig_epsg2039,32.498218,35.505918,9.4,ok,beth_shean,0.669,beth_shean:0.669,beth_shean:0.669,tomb;cave;road;rock_cut,cistern,Iron Age II,Iron Age;iron;bronze,no,no,"In 1951 five burial caves dating to the Late Iron Age II,","Nehemia Tzori and Noy Shemesh (foreword), ASI Map of Bet She'an (63), site 67; survey.iaa.org.il record 21703; printed page not given online",https://survey.iaa.org.il/#/MapSurvey/2147/site/21703
2147,63,Bet She'an,68,21704,The Roman Theater,התיאטרון הרומי,,71/2,yes,247283,711900,32.500872,35.500541,nig_epsg2039,32.500935,35.500606,9.3,ok,beth_shean,0.395,beth_shean:0.395,beth_shean:0.395,building;mound;road,cave,Late Roman,Roman;Late Roman,overlaps,no,"The Roman theater, which was surveyed in the nineteenth century by the","Nehemia Tzori and Noy Shemesh (foreword), ASI Map of Bet She'an (63), site 68; survey.iaa.org.il record 21704; printed page not given online",https://survey.iaa.org.il/#/MapSurvey/2147/site/21704
2147,63,Bet She'an,69,21705,"Bet Sheʽan, Shikun Vav (Eliyahu) 4","בית-שאן, שיכון ו' (אליהו) 4",,71/3,yes,247483,711700,32.499063,35.502664,nig_epsg2039,32.499127,35.502729,9.4,ok,beth_shean,0.517,beth_shean:0.517,beth_shean:0.517,pool;conduit;tomb;building;wall;installation;mosaic;inscription,spring_well,"Hellenistic,Roman,Byzantine,Early Islamic",Byzantine;bronze;Early Islamic;Hellenistic;Roman;second century CE,overlaps,no,Four strata of buildings dating to the Byzantine period were exposed in,"Nehemia Tzori and Noy Shemesh (foreword), ASI Map of Bet She'an (63), site 69; survey.iaa.org.il record 21705; printed page not given online",https://survey.iaa.org.il/#/MapSurvey/2147/site/21705
2147,63,Bet She'an,70,21706,‘En Eshtori,עין אשתורי,,,no,,,32.494593,35.513354,geojson_point,,,,,beth_shean,1.397,,beth_shean:1.397,spring_well;terrace,,,Paleolithic;Neolithic;Iron Age;Persian;Hellenistic;Roman;Byzantine;Early Islamic,overlaps,no,,"Nehemia Tzori and Noy Shemesh (foreword), ASI Map of Bet She'an (63), site 70; survey.iaa.org.il record 21706; printed page not given online",https://survey.iaa.org.il/#/MapSurvey/2147/site/21706
2147,63,Bet She'an,71,21707,Tel Eshtori,תל אשתורי,,,no,,,32.495472,35.522934,geojson_point,,,,,beth_shean,2.074,,beth_shean:2.074,wall;mound,,,Bronze;Iron Age;Persian,no,no,,"Nehemia Tzori and Noy Shemesh (foreword), ASI Map of Bet She'an (63), site 71; survey.iaa.org.il record 21707; printed page not given online",https://survey.iaa.org.il/#/MapSurvey/2147/site/21707
2147,63,Bet She'an,73,21709,Muntar el Azraq,מנטאר אל-אביץ',,,no,,,32.483833,35.486721,geojson_point,,,,,beth_shean,2.690,,beth_shean:2.690,tomb;building,cistern,,Bronze,no,no,,"Nehemia Tzori and Noy Shemesh (foreword), ASI Map of Bet She'an (63), site 73; survey.iaa.org.il record 21709; printed page not given online",https://survey.iaa.org.il/#/MapSurvey/2147/site/21709
2147,63,Bet She'an,74,21710,"Reshefim, Fishponds","רשפים, ברכות דגים",,,no,,,32.490138,35.489932,geojson_point,,,,,beth_shean,1.949,,beth_shean:1.949,tomb;building,cistern,,Chalcolithic;Bronze;bronze;Roman;Byzantine,overlaps,no,,"Nehemia Tzori and Noy Shemesh (foreword), ASI Map of Bet She'an (63), site 74; survey.iaa.org.il record 21710; printed page not given online",https://survey.iaa.org.il/#/MapSurvey/2147/site/21710
2147,63,Bet She'an,75,21711,Tel Madga,תל מדגה,,,no,,,32.486512,35.498432,geojson_point,,,,,beth_shean,1.960,,beth_shean:1.960,pool;building;wall;mound;kiln;inscription,,,iron;Byzantine,no,no,,"Nehemia Tzori and Noy Shemesh (foreword), ASI Map of Bet She'an (63), site 75; survey.iaa.org.il record 21711; printed page not given online",https://survey.iaa.org.il/#/MapSurvey/2147/site/21711
2147,63,Bet She'an,76,21712,"Bet Sheʽan, Shikun Vav (Eliyahu) 5","בית-שאן, שיכון ו' (אליהו) 5",,,no,,,32.486498,35.504816,geojson_point,,,,,beth_shean,1.920,,beth_shean:1.920,tomb;wall;road,cistern;cave,,Roman;Byzantine,overlaps,no,,"Nehemia Tzori and Noy Shemesh (foreword), ASI Map of Bet She'an (63), site 76; survey.iaa.org.il record 21712; printed page not given online",https://survey.iaa.org.il/#/MapSurvey/2147/site/21712
2147,63,Bet She'an,77,21713,Tel Nissa,תל נישא,,,no,,,32.488271,35.517589,geojson_point,,,,,beth_shean,2.189,,beth_shean:2.189,conduit;spring_well;building;tower;wall;mound,cave,,Bronze;Iron Age;bronze;Paleolithic;Neolithic;Chalcolithic;Roman;Byzantine,overlaps,no,,"Nehemia Tzori and Noy Shemesh (foreword), ASI Map of Bet She'an (63), site 77; survey.iaa.org.il record 21713; printed page not given online",https://survey.iaa.org.il/#/MapSurvey/2147/site/21713
2147,63,Bet She'an,78,21714,Neve Eitan Fields,שדות נווה-איתן,,,no,,,32.491873,35.519729,geojson_point,,,,,beth_shean,2.041,,beth_shean:2.041,mound,,,Byzantine;Early Islamic,no,no,,"Nehemia Tzori and Noy Shemesh (foreword), ASI Map of Bet She'an (63), site 78; survey.iaa.org.il record 21714; printed page not given online",https://survey.iaa.org.il/#/MapSurvey/2147/site/21714
2159,140,Qasif,5,22578,Spot Height 648,נ.ג. 648,,,no,,,31.308919,35.034703,geojson_point,,,,,kuhlah,2.631,,kuhlah:2.631,conduit;cave;wall,,,,unknown,no,,"Yehuda Govrin, ASI Map of Qasif (140), site 5; survey.iaa.org.il record 22578; printed page not given online",https://survey.iaa.org.il/#/MapSurvey/2159/site/22578
2159,140,Qasif,6,22579,Na h al ʽAnim,נחל ענים,,,no,,,31.307124,35.041009,geojson_point,,,,,kuhlah,2.068,,kuhlah:2.068,conduit;wall;winepress;rock_cut,,,Byzantine,no,no,,"Yehuda Govrin, ASI Map of Qasif (140), site 6; survey.iaa.org.il record 22579; printed page not given online",https://survey.iaa.org.il/#/MapSurvey/2159/site/22579
2159,140,Qasif,7,22580,Harei ʽIra,הרי עירא,,,no,,,31.303073,35.046793,geojson_point,,,,,kuhlah,1.372,,kuhlah:1.372,building;road,cave,,,unknown,no,,"Yehuda Govrin, ASI Map of Qasif (140), site 7; survey.iaa.org.il record 22580; printed page not given online",https://survey.iaa.org.il/#/MapSurvey/2159/site/22580
2159,140,Qasif,8,22581,Harei ʽIra 1,הרי עירא 1,,,no,,,31.305329,35.047840,geojson_point,,,,,kuhlah,1.533,,kuhlah:1.533,building;wall;threshing_floor,cave,,,unknown,no,,"Yehuda Govrin, ASI Map of Qasif (140), site 8; survey.iaa.org.il record 22581; printed page not given online",https://survey.iaa.org.il/#/MapSurvey/2159/site/22581
2159,140,Qasif,9,22582,Harei ʽIra 2,הרי עירא 2,,,no,,,31.308487,35.048885,geojson_point,,,,,kuhlah,1.816,,kuhlah:1.816,cairn,,,,unknown,no,,"Yehuda Govrin, ASI Map of Qasif (140), site 9; survey.iaa.org.il record 22582; printed page not given online",https://survey.iaa.org.il/#/MapSurvey/2159/site/22582
2159,140,Qasif,10,22583,Harei ʽIra 3,הרי עירא 3,,,no,,,31.310294,35.050983,geojson_point,,,,,kuhlah,1.955,,kuhlah:1.955,,,,,unknown,no,,"Yehuda Govrin, ASI Map of Qasif (140), site 10; survey.iaa.org.il record 22583; printed page not given online",https://survey.iaa.org.il/#/MapSurvey/2159/site/22583
2159,140,Qasif,11,22584,Mount Me h illot,הר מחילות,,,no,,,31.306238,35.053616,geojson_point,,,,,kuhlah,1.470,,kuhlah:1.470,building;wall,cave,,Roman;Byzantine,overlaps,no,,"Yehuda Govrin, ASI Map of Qasif (140), site 11; survey.iaa.org.il record 22584; printed page not given online",https://survey.iaa.org.il/#/MapSurvey/2159/site/22584
2159,140,Qasif,12,22585,Harei ʽIra 4,הרי עירא 4,,,no,,,31.310749,35.054659,geojson_point,,,,,kuhlah,1.963,,kuhlah:1.963,conduit;terrace,cave,,,unknown,no,,"Yehuda Govrin, ASI Map of Qasif (140), site 12; survey.iaa.org.il record 22585; printed page not given online",https://survey.iaa.org.il/#/MapSurvey/2159/site/22585
2159,140,Qasif,13,22586,Mount Me h illot 1,הר מחילות 1,,,no,,,31.303084,35.055722,geojson_point,,,,,kuhlah,1.111,,kuhlah:1.111,building;wall,,,Byzantine,no,no,,"Yehuda Govrin, ASI Map of Qasif (140), site 13; survey.iaa.org.il record 22586; printed page not given online",https://survey.iaa.org.il/#/MapSurvey/2159/site/22586
2159,140,Qasif,14,22587,Mount Me h illot 2,הר מחילות 2,,,no,,,31.306242,35.056767,geojson_point,,,,,kuhlah,1.468,,kuhlah:1.468,cistern;conduit;cave;wall;settlement_ruin;pit;terrace;rock_cut,,,Chalcolithic,no,no,,"Yehuda Govrin, ASI Map of Qasif (140), site 14; survey.iaa.org.il record 22587; printed page not given online",https://survey.iaa.org.il/#/MapSurvey/2159/site/22587
2159,140,Qasif,15,22588,Mount Me h illot 3,הר מחילות 3,,,no,,,31.311204,35.057809,geojson_point,,,,,kuhlah,2.027,,kuhlah:2.027,,cave,,,unknown,no,,"Yehuda Govrin, ASI Map of Qasif (140), site 15; survey.iaa.org.il record 22588; printed page not given online",https://survey.iaa.org.il/#/MapSurvey/2159/site/22588
2159,140,Qasif,16,22589,Trig. Point 680 - Mount Me h illot,נ.ט. 680- הר מחילות,,,no,,,31.306695,35.058342,geojson_point,,,,,kuhlah,1.539,,kuhlah:1.539,building;wall,,,Roman,overlaps,no,,"Yehuda Govrin, ASI Map of Qasif (140), site 16; survey.iaa.org.il record 22589; printed page not given online",https://survey.iaa.org.il/#/MapSurvey/2159/site/22589
2159,140,Qasif,17,22590,Mount Me h illot 4,הר מחילות 4,,,no,,,31.309854,35.059913,geojson_point,,,,,kuhlah,1.914,,kuhlah:1.914,building;wall,,,Paleolithic,no,no,,"Yehuda Govrin, ASI Map of Qasif (140), site 17; survey.iaa.org.il record 22590; printed page not given online",https://survey.iaa.org.il/#/MapSurvey/2159/site/22590
2159,140,Qasif,18,22591,Na h al Pukh 1,נחל פוך 1,,,no,,,31.308056,35.065693,geojson_point,,,,,kuhlah,1.934,,kuhlah:1.934,conduit;tomb;building;wall;terrace,,,,unknown,no,,"Yehuda Govrin, ASI Map of Qasif (140), site 18; survey.iaa.org.il record 22591; printed page not given online",https://survey.iaa.org.il/#/MapSurvey/2159/site/22591
2159,140,Qasif,19,22592,Mount Me h illot 5,הר מחילות 5,,,no,,,31.303554,35.072002,geojson_point,,,,,kuhlah,1.967,,kuhlah:1.967,road;rock_cut,cave,,,unknown,no,,"Yehuda Govrin, ASI Map of Qasif (140), site 19; survey.iaa.org.il record 22592; printed page not given online",https://survey.iaa.org.il/#/MapSurvey/2159/site/22592
2159,140,Qasif,20,22593,Maʽaleh Deragot West,מעלה דרגות מערבי,,,no,,,31.308965,35.071994,geojson_point,,,,,kuhlah,2.372,,kuhlah:2.372,building;wall;settlement_ruin;road,cave,,,unknown,no,,"Yehuda Govrin, ASI Map of Qasif (140), site 20; survey.iaa.org.il record 22593; printed page not given online",https://survey.iaa.org.il/#/MapSurvey/2159/site/22593
2159,140,Qasif,21,22594,Maʽaleh Deragot West 1,מעלה דרגות מערבי 1,,,no,,,31.304909,35.074101,geojson_point,,,,,kuhlah,2.217,,kuhlah:2.217,building;wall;settlement_ruin;road,,,,unknown,no,,"Yehuda Govrin, ASI Map of Qasif (140), site 21; survey.iaa.org.il record 22594; printed page not given online",https://survey.iaa.org.il/#/MapSurvey/2159/site/22594
2159,140,Qasif,22,22595,Kafr Darajat,כפר דרג'ת,,,no,,,31.304008,35.074628,geojson_point,,,,,kuhlah,2.201,,kuhlah:2.201,cistern;conduit,cave,,,unknown,no,,"Yehuda Govrin, ASI Map of Qasif (140), site 22; survey.iaa.org.il record 22595; printed page not given online",https://survey.iaa.org.il/#/MapSurvey/2159/site/22595
2159,140,Qasif,23,22596,Kafr Darajat 1,כפר דרג'ת 1,,,no,,,31.304460,35.075678,geojson_point,,,,,kuhlah,2.312,,kuhlah:2.312,,,,,unknown,no,,"Yehuda Govrin, ASI Map of Qasif (140), site 23; survey.iaa.org.il record 22596; printed page not given online",https://survey.iaa.org.il/#/MapSurvey/2159/site/22596
2159,140,Qasif,24,22597,Khirbat Darajat,חרבת דרג'ת,,,no,,,31.303559,35.077254,geojson_point,,,,,kuhlah,2.388,,kuhlah:2.388,,,,Chalcolithic;Bronze;Iron II;Persian;Roman,overlaps,no,,"Yehuda Govrin, ASI Map of Qasif (140), site 24; survey.iaa.org.il record 22597; printed page not given online",https://survey.iaa.org.il/#/MapSurvey/2159/site/22597
2159,140,Qasif,25,22598,Na h al Deragot,נחל דרגות,,,no,,,31.304465,35.080930,geojson_point,,,,,kuhlah,2.744,,kuhlah:2.744,cistern;conduit;cave;rock_cut,,,Early Islamic,no,no,,"Yehuda Govrin, ASI Map of Qasif (140), site 25; survey.iaa.org.il record 22598; printed page not given online",https://survey.iaa.org.il/#/MapSurvey/2159/site/22598
2159,140,Qasif,27,22600,Na h al Deragot 2,נחל דרגות 2,,,no,,,31.303564,35.081981,geojson_point,,,,,kuhlah,2.789,,kuhlah:2.789,cistern;conduit;cave;rock_cut,,,,unknown,no,,"Yehuda Govrin, ASI Map of Qasif (140), site 27; survey.iaa.org.il record 22600; printed page not given online",https://survey.iaa.org.il/#/MapSurvey/2159/site/22600
2159,140,Qasif,28,22601,Na h al Deragot 3,נחל דרגות 3,,,no,,,31.304016,35.082506,geojson_point,,,,,kuhlah,2.856,,kuhlah:2.856,cistern;cave;installation;rock_cut,,,,unknown,no,,"Yehuda Govrin, ASI Map of Qasif (140), site 28; survey.iaa.org.il record 22601; printed page not given online",https://survey.iaa.org.il/#/MapSurvey/2159/site/22601
2159,140,Qasif,29,22602,Na h al Deragot 4,נחל דרגות 4,,,no,,,31.305369,35.083029,geojson_point,,,,,kuhlah,2.967,,kuhlah:2.967,cistern;conduit;rock_cut,cave,,,unknown,no,,"Yehuda Govrin, ASI Map of Qasif (140), site 29; survey.iaa.org.il record 22602; printed page not given online",https://survey.iaa.org.il/#/MapSurvey/2159/site/22602
2159,140,Qasif,43,22616,Harei ʽIra 5,הרי עירא 5,,,no,,,31.296754,35.042603,geojson_point,,,,,kuhlah,1.273,,kuhlah:1.273,wall;cairn,,,Byzantine,no,no,,"Yehuda Govrin, ASI Map of Qasif (140), site 43; survey.iaa.org.il record 22616; printed page not given online",https://survey.iaa.org.il/#/MapSurvey/2159/site/22616
2159,140,Qasif,44,22617,Harei ʽIra 6,הרי עירא 6,,,no,,,31.299462,35.044174,geojson_point,,,,,kuhlah,1.272,,kuhlah:1.272,building,,,,unknown,no,,"Yehuda Govrin, ASI Map of Qasif (140), site 44; survey.iaa.org.il record 22617; printed page not given online",https://survey.iaa.org.il/#/MapSurvey/2159/site/22617
2159,140,Qasif,45,22618,Harei ʽIra 7,הרי עירא 7,,48/3,yes,204341,578345,31.296691,35.045680,nig_epsg2039,31.296758,35.045754,10.2,ok,kuhlah,0.997,kuhlah:0.997,kuhlah:0.997,building,,,,unknown,no,Location : the peak of a spur that descends from the Harei,"Yehuda Govrin, ASI Map of Qasif (140), site 45; survey.iaa.org.il record 22618; printed page not given online",https://survey.iaa.org.il/#/MapSurvey/2159/site/22618
2159,140,Qasif,46,22619,Harei ʽIra 8,הרי עירא 8,,48/4,yes,204441,578195,31.295340,35.046733,nig_epsg2039,31.295407,35.046807,10.2,ok,kuhlah,0.851,kuhlah:0.851,kuhlah:0.851,building,,,,unknown,no,"Location : at the top of a narrow spur, c. 500 m","Yehuda Govrin, ASI Map of Qasif (140), site 46; survey.iaa.org.il record 22619; printed page not given online",https://survey.iaa.org.il/#/MapSurvey/2159/site/22619
2159,140,Qasif,47,22620,Khirbat Ku h la,חרבת כחלה,,58/2,yes,205041,578095,31.294446,35.053036,nig_epsg2039,31.294513,35.053110,10.3,ok,kuhlah,0.262,kuhlah:0.262,kuhlah:0.262,settlement_ruin,,,Roman;Byzantine,overlaps,no,A small ruin dating to the Roman-Byzantine period.,"Yehuda Govrin, ASI Map of Qasif (140), site 47; survey.iaa.org.il record 22620; printed page not given online",https://survey.iaa.org.il/#/MapSurvey/2159/site/22620
2159,140,Qasif,48,22621,Spot Height 564,נ.ג. 564,,58/1,yes,205791,578095,31.294455,35.060913,nig_epsg2039,31.294522,35.060987,10.3,ok,kuhlah,0.554,kuhlah:0.554,kuhlah:0.554,cistern;conduit;rock_cut,,,,unknown,no,"Location : on the lower southern slope of Spot Height 564, near","Yehuda Govrin, ASI Map of Qasif (140), site 48; survey.iaa.org.il record 22621; printed page not given online",https://survey.iaa.org.il/#/MapSurvey/2159/site/22621
2159,140,Qasif,49,22622,Spot Height 564a,נ.ג. 564 א,,,no,,,31.296782,35.065185,geojson_point,,,,,kuhlah,1.025,,kuhlah:1.025,cistern;conduit;steps;rock_cut,,,,unknown,no,,"Yehuda Govrin, ASI Map of Qasif (140), site 49; survey.iaa.org.il record 22622; printed page not given online",https://survey.iaa.org.il/#/MapSurvey/2159/site/22622
2159,140,Qasif,50,22623,Na h al Pukh 2,נחל פוך 2,,,no,,,31.299489,35.066231,geojson_point,,,,,kuhlah,1.258,,kuhlah:1.258,cistern,,,,unknown,no,,"Yehuda Govrin, ASI Map of Qasif (140), site 50; survey.iaa.org.il record 22623; printed page not given online",https://survey.iaa.org.il/#/MapSurvey/2159/site/22623
2159,140,Qasif,51,22624,Na h al Pukh 3,נחל פוך 3,,,no,,,31.294078,35.066765,geojson_point,,,,,kuhlah,1.095,,kuhlah:1.095,conduit;building;tower,,,,unknown,no,,"Yehuda Govrin, ASI Map of Qasif (140), site 51; survey.iaa.org.il record 22624; printed page not given online",https://survey.iaa.org.il/#/MapSurvey/2159/site/22624
2159,140,Qasif,52,22625,Na h al Deragot 2,נחל דרגות 2,,,no,,,31.299953,35.078835,geojson_point,,,,,kuhlah,2.362,,kuhlah:2.362,cistern;cave;pit;rock_cut,,,,unknown,no,,"Yehuda Govrin, ASI Map of Qasif (140), site 52; survey.iaa.org.il record 22625; printed page not given online",https://survey.iaa.org.il/#/MapSurvey/2159/site/22625
2159,140,Qasif,53,22626,Spot Height 540,נ.ג. 540,,,no,,,31.294999,35.084619,geojson_point,,,,,kuhlah,2.794,,kuhlah:2.794,cistern;cave;rock_cut,,,Roman;Byzantine,overlaps,no,,"Yehuda Govrin, ASI Map of Qasif (140), site 53; survey.iaa.org.il record 22626; printed page not given online",https://survey.iaa.org.il/#/MapSurvey/2159/site/22626
2159,140,Qasif,58,22631,Na h al ʽAnim 1,נחל ענים 1,,,no,,,31.291319,35.025283,geojson_point,,,,,kuhlah,2.859,,kuhlah:2.859,cistern;rock_cut,,,,unknown,no,,"Yehuda Govrin, ASI Map of Qasif (140), site 58; survey.iaa.org.il record 22631; printed page not given online",https://survey.iaa.org.il/#/MapSurvey/2159/site/22631
2159,140,Qasif,59,22632,Trig. Point 642,נ.ט. 642,,,no,,,31.292234,35.034734,geojson_point,,,,,kuhlah,1.957,,kuhlah:1.957,building,cave,,,unknown,no,,"Yehuda Govrin, ASI Map of Qasif (140), site 59; survey.iaa.org.il record 22632; printed page not given online",https://survey.iaa.org.il/#/MapSurvey/2159/site/22632
2159,140,Qasif,60,22633,Na h al Ko h al,נחל כחל,,,no,,,31.284570,35.036849,geojson_point,,,,,kuhlah,1.993,,kuhlah:1.993,cistern;conduit;wall;road;rock_cut,cave,,,unknown,no,,"Yehuda Govrin, ASI Map of Qasif (140), site 60; survey.iaa.org.il record 22633; printed page not given online",https://survey.iaa.org.il/#/MapSurvey/2159/site/22633
2159,140,Qasif,61,22634,Trig. Point 642a,נ.ט. 642 א,,,no,,,31.292689,35.037884,geojson_point,,,,,kuhlah,1.655,,kuhlah:1.655,wall,,,Byzantine;Early Islamic,no,no,,"Yehuda Govrin, ASI Map of Qasif (140), site 61; survey.iaa.org.il record 22634; printed page not given online",https://survey.iaa.org.il/#/MapSurvey/2159/site/22634
2159,140,Qasif,62,22635,Na h al Ko h al 1,נחל כחל 1,,,no,,,31.287282,35.041045,geojson_point,,,,,kuhlah,1.501,,kuhlah:1.501,building;road,,,,unknown,no,,"Yehuda Govrin, ASI Map of Qasif (140), site 62; survey.iaa.org.il record 22635; printed page not given online",https://survey.iaa.org.il/#/MapSurvey/2159/site/22635
2159,140,Qasif,63,22636,Na h al Ko h al 2,נחל כחל 2,,47/1,yes,204391,577645,31.290379,35.046216,nig_epsg2039,31.290445,35.046290,10.2,ok,kuhlah,0.915,kuhlah:0.915,kuhlah:0.915,building;wall,,,,unknown,no,Location : at the top of a narrow spur that runs in,"Yehuda Govrin, ASI Map of Qasif (140), site 63; survey.iaa.org.il record 22636; printed page not given online",https://survey.iaa.org.il/#/MapSurvey/2159/site/22636
2159,140,Qasif,64,22637,Spot Height 552,נ.ג. 552,,57/3,yes,205191,577595,31.289938,35.054619,nig_epsg2039,31.290005,35.054693,10.3,ok,kuhlah,0.358,kuhlah:0.358,kuhlah:0.358,cistern;rock_cut,cave,,,unknown,no,Location : at the southwestern end of the spur where Spot Height,"Yehuda Govrin, ASI Map of Qasif (140), site 64; survey.iaa.org.il record 22637; printed page not given online",https://survey.iaa.org.il/#/MapSurvey/2159/site/22637
2159,140,Qasif,65,22638,Spot Height 552a,נ.ג. 552 א,,57/2,yes,205241,577695,31.290840,35.055142,nig_epsg2039,31.290908,35.055217,10.3,ok,kuhlah,0.252,kuhlah:0.252,kuhlah:0.252,cistern;rock_cut,cave,,iron,no,no,Location : the western slope of a spur where Spot Height 552,"Yehuda Govrin, ASI Map of Qasif (140), site 65; survey.iaa.org.il record 22638; printed page not given online",https://survey.iaa.org.il/#/MapSurvey/2159/site/22638
2159,140,Qasif,67,22640,Harei ʽIra 10,הרי עירא 10,,,no,,,31.281403,35.029503,geojson_point,,,,,kuhlah,2.775,,kuhlah:2.775,,cave,,Byzantine;Early Islamic,no,no,,"Yehuda Govrin, ASI Map of Qasif (140), site 67; survey.iaa.org.il record 22640; printed page not given online",https://survey.iaa.org.il/#/MapSurvey/2159/site/22640
2159,140,Qasif,68,22641,Na h al Ko h al 3,נחל כחל 3,,,no,,,31.279160,35.037909,geojson_point,,,,,kuhlah,2.266,,kuhlah:2.266,cistern;conduit;rock_cut,cave,,,unknown,no,,"Yehuda Govrin, ASI Map of Qasif (140), site 68; survey.iaa.org.il record 22641; printed page not given online",https://survey.iaa.org.il/#/MapSurvey/2159/site/22641
2159,140,Qasif,69,22642,Na h al Ko h al 4,נחל כחל 4,,,no,,,31.280062,35.037907,geojson_point,,,,,kuhlah,2.198,,kuhlah:2.198,cistern;conduit;building;wall;terrace;rock_cut,cave,,,unknown,no,,"Yehuda Govrin, ASI Map of Qasif (140), site 69; survey.iaa.org.il record 22642; printed page not given online",https://survey.iaa.org.il/#/MapSurvey/2159/site/22642
2159,140,Qasif,70,22643,Na h al Ko h al 5,נחל כחל 5,,,no,,,31.282772,35.041053,geojson_point,,,,,kuhlah,1.775,,kuhlah:1.775,cistern;conduit;building;terrace,cave,,Roman;Byzantine;iron,overlaps,no,,"Yehuda Govrin, ASI Map of Qasif (140), site 70; survey.iaa.org.il record 22643; printed page not given online",https://survey.iaa.org.il/#/MapSurvey/2159/site/22643
2159,140,Qasif,71,22644,Na h al Ko h al 6,נחל כחל 6,,,no,,,31.278266,35.043686,geojson_point,,,,,kuhlah,1.985,,kuhlah:1.985,wall;road,,,,unknown,no,,"Yehuda Govrin, ASI Map of Qasif (140), site 71; survey.iaa.org.il record 22644; printed page not given online",https://survey.iaa.org.il/#/MapSurvey/2159/site/22644
2159,140,Qasif,72,22645,Spot Height 548,נ.ג. 548,,,no,,,31.284133,35.046826,geojson_point,,,,,kuhlah,1.282,,kuhlah:1.282,cistern;conduit;rock_cut,cave,,iron,no,no,,"Yehuda Govrin, ASI Map of Qasif (140), site 72; survey.iaa.org.il record 22645; printed page not given online",https://survey.iaa.org.il/#/MapSurvey/2159/site/22645
2159,140,Qasif,73,22646,Na h al Ko h al 7,נחל כחל 7,,57/1,yes,204992,576995,31.284524,35.052537,nig_epsg2039,31.284591,35.052602,9.6,ok,kuhlah,0.989,kuhlah:0.989,kuhlah:0.989,cistern;conduit;installation,cave,,iron,no,no,Location : c. 400 m west of Spot Height 534. A cistern,"Yehuda Govrin, ASI Map of Qasif (140), site 73; survey.iaa.org.il record 22646; printed page not given online",https://survey.iaa.org.il/#/MapSurvey/2159/site/22646
2159,140,Qasif,74,22647,Na h al Marʽit,נחל מרעית,,,no,,,31.277382,35.057864,geojson_point,,,,,kuhlah,1.765,,kuhlah:1.765,conduit;building,,,Roman;Byzantine,overlaps,no,,"Yehuda Govrin, ASI Map of Qasif (140), site 74; survey.iaa.org.il record 22647; printed page not given online",https://survey.iaa.org.il/#/MapSurvey/2159/site/22647
2159,140,Qasif,75,22648,Spot Height 534,נ.ג. 534,,,no,,,31.280990,35.057859,geojson_point,,,,,kuhlah,1.368,,kuhlah:1.368,cistern;conduit;wall;rock_cut,,,,unknown,no,,"Yehuda Govrin, ASI Map of Qasif (140), site 75; survey.iaa.org.il record 22648; printed page not given online",https://survey.iaa.org.il/#/MapSurvey/2159/site/22648
2159,140,Qasif,76,22649,Na h al Marʽit 1,נחל מרעית 1,,,no,,,31.276938,35.064166,geojson_point,,,,,kuhlah,1.985,,kuhlah:1.985,wall;road,,,Roman;Byzantine,overlaps,no,,"Yehuda Govrin, ASI Map of Qasif (140), site 76; survey.iaa.org.il record 22649; printed page not given online",https://survey.iaa.org.il/#/MapSurvey/2159/site/22649
2159,140,Qasif,88,22661,Spot Height 588,נ.ג. 588,,,no,,,31.274646,35.034767,geojson_point,,,,,kuhlah,2.832,,kuhlah:2.832,cistern;conduit;basin;rock_cut,,,,unknown,no,,"Yehuda Govrin, ASI Map of Qasif (140), site 88; survey.iaa.org.il record 22661; printed page not given online",https://survey.iaa.org.il/#/MapSurvey/2159/site/22661
2159,140,Qasif,89,22662,Givʽat Marʽit,גבעת מרעית,,,no,,,31.272399,35.040021,geojson_point,,,,,kuhlah,2.722,,kuhlah:2.722,cistern;conduit;rock_cut,cave,,,unknown,no,,"Yehuda Govrin, ASI Map of Qasif (140), site 89; survey.iaa.org.il record 22662; printed page not given online",https://survey.iaa.org.il/#/MapSurvey/2159/site/22662
2159,140,Qasif,90,22663,Na h al Ko h al,נחל כחל,,,no,,,31.270146,35.041601,geojson_point,,,,,kuhlah,2.865,,kuhlah:2.865,conduit;wall,cave,,,unknown,no,,"Yehuda Govrin, ASI Map of Qasif (140), site 90; survey.iaa.org.il record 22663; printed page not given online",https://survey.iaa.org.il/#/MapSurvey/2159/site/22663
2159,140,Qasif,91,22664,Na h al Marʽit 2 (Givʽat Marʽit),נחל מרעית 2 (גבעת מרעית),,,no,,,31.271058,35.048949,geojson_point,,,,,kuhlah,2.524,,kuhlah:2.524,cistern;conduit;building;tower;wall,,,,unknown,no,,"Yehuda Govrin, ASI Map of Qasif (140), site 91; survey.iaa.org.il record 22664; printed page not given online",https://survey.iaa.org.il/#/MapSurvey/2159/site/22664
2159,140,Qasif,92,22665,Na h al Marʽit 3,נחל מרעית 3,,,no,,,31.267001,35.050531,geojson_point,,,,,kuhlah,2.937,,kuhlah:2.937,cistern;conduit,cave,,,unknown,no,,"Yehuda Govrin, ASI Map of Qasif (140), site 92; survey.iaa.org.il record 22665; printed page not given online",https://survey.iaa.org.il/#/MapSurvey/2159/site/22665
2159,140,Qasif,93,22666,Na h al Marʽit 4,נחל מרעית 4,,,no,,,31.269257,35.051577,geojson_point,,,,,kuhlah,2.675,,kuhlah:2.675,cistern;conduit;wall;quarry;installation;rock_cut,cave,,Byzantine,no,no,,"Yehuda Govrin, ASI Map of Qasif (140), site 93; survey.iaa.org.il record 22666; printed page not given online",https://survey.iaa.org.il/#/MapSurvey/2159/site/22666
2159,140,Qasif,94,22667,Na h al Marʽit 5,נחל מרעית 5,,,no,,,31.271063,35.053674,geojson_point,,,,,kuhlah,2.455,,kuhlah:2.455,cistern;conduit;wall;road;rock_cut,cave,,Roman;Byzantine,overlaps,no,,"Yehuda Govrin, ASI Map of Qasif (140), site 94; survey.iaa.org.il record 22667; printed page not given online",https://survey.iaa.org.il/#/MapSurvey/2159/site/22667
2159,140,Qasif,95,22668,Na h al Marʽit 6,נחל מרעית 6,,,no,,,31.271966,35.054198,geojson_point,,,,,kuhlah,2.352,,kuhlah:2.352,cistern;quarry;rock_cut,cave,,iron,no,no,,"Yehuda Govrin, ASI Map of Qasif (140), site 95; survey.iaa.org.il record 22668; printed page not given online",https://survey.iaa.org.il/#/MapSurvey/2159/site/22668
2159,140,Qasif,96,22669,Na h al Marʽit 7,נחל מרעית 7,,,no,,,31.274224,35.056819,geojson_point,,,,,kuhlah,2.104,,kuhlah:2.104,cistern;conduit;rock_cut,cave,,,unknown,no,,"Yehuda Govrin, ASI Map of Qasif (140), site 96; survey.iaa.org.il record 22669; printed page not given online",https://survey.iaa.org.il/#/MapSurvey/2159/site/22669
2159,140,Qasif,97,22670,Na h al Marʽit 8,נחל מרעית 8,,,no,,,31.271070,35.058925,geojson_point,,,,,kuhlah,2.474,,kuhlah:2.474,cistern;conduit;rock_cut,,,iron,no,no,,"Yehuda Govrin, ASI Map of Qasif (140), site 97; survey.iaa.org.il record 22670; printed page not given online",https://survey.iaa.org.il/#/MapSurvey/2159/site/22670
2159,140,Qasif,98,22671,Na h al Marʽit 9,נחל מרעית 9,,,no,,,31.270171,35.061551,geojson_point,,,,,kuhlah,2.618,,kuhlah:2.618,cistern;conduit;road;quarry;installation;rock_cut,cave,,,unknown,no,,"Yehuda Govrin, ASI Map of Qasif (140), site 98; survey.iaa.org.il record 22671; printed page not given online",https://survey.iaa.org.il/#/MapSurvey/2159/site/22671
2159,140,Qasif,99,22672,Na h al Marʽit 10,נחל מרעית 10,,,no,,,31.273331,35.064697,geojson_point,,,,,kuhlah,2.373,,kuhlah:2.373,building;tower;wall;road,,,Roman;Byzantine,overlaps,no,,"Yehuda Govrin, ASI Map of Qasif (140), site 99; survey.iaa.org.il record 22672; printed page not given online",https://survey.iaa.org.il/#/MapSurvey/2159/site/22672
