scenario,from_unit,to_unit,from_region,to_region,kind
nuweimeh__project_qumran__include_low__project_61,1,2,jericho,,unknown
nuweimeh__project_qumran__include_low__project_61,2,3,,,unknown
nuweimeh__project_qumran__include_low__project_61,3,4,,jericho,unknown
nuweimeh__project_qumran__include_low__project_61,4,5,jericho,jerusalem,different
nuweimeh__project_qumran__include_low__project_61,5,6,jerusalem,jerusalem,same
nuweimeh__project_qumran__include_low__project_61,6,7,jerusalem,jerusalem,same
nuweimeh__project_qumran__include_low__project_61,7,8,jerusalem,jerusalem,same
nuweimeh__project_qumran__include_low__project_61,8,9,jerusalem,jerusalem,same
nuweimeh__project_qumran__include_low__project_61,9,10,jerusalem,jerusalem,same
nuweimeh__project_qumran__include_low__project_61,10,11,jerusalem,jericho,different
nuweimeh__project_qumran__include_low__project_61,11,12,jericho,jerusalem,different
nuweimeh__project_qumran__include_low__project_61,12,12a,jerusalem,jerusalem,same
nuweimeh__project_qumran__include_low__project_61,12a,13,jerusalem,jerusalem,same
nuweimeh__project_qumran__include_low__project_61,13,14,jerusalem,jerusalem,same
nuweimeh__project_qumran__include_low__project_61,14,15,jerusalem,jericho,different
nuweimeh__project_qumran__include_low__project_61,15,16,jericho,,unknown
nuweimeh__project_qumran__include_low__project_61,16,17,,jericho,unknown
nuweimeh__project_qumran__include_low__project_61,17,18,jericho,jericho,same
nuweimeh__project_qumran__include_low__project_61,18,19,jericho,jericho,same
nuweimeh__project_qumran__include_low__project_61,19,20,jericho,jericho,same
nuweimeh__project_qumran__include_low__project_61,20,21,jericho,jericho,same
nuweimeh__project_qumran__include_low__project_61,21,22,jericho,jericho,same
nuweimeh__project_qumran__include_low__project_61,22,23,jericho,jericho,same
nuweimeh__project_qumran__include_low__project_61,23,24,jericho,jericho,same
nuweimeh__project_qumran__include_low__project_61,24,25,jericho,jericho,same
nuweimeh__project_qumran__include_low__project_61,25,26,jericho,jericho,same
nuweimeh__project_qumran__include_low__project_61,26,27,jericho,,unknown
nuweimeh__project_qumran__include_low__project_61,27,28,,jericho,unknown
nuweimeh__project_qumran__include_low__project_61,28,29,jericho,,unknown
nuweimeh__project_qumran__include_low__project_61,29,30,,jericho,unknown
nuweimeh__project_qumran__include_low__project_61,30,31,jericho,jericho,same
nuweimeh__project_qumran__include_low__project_61,31,32,jericho,jericho,same
nuweimeh__project_qumran__include_low__project_61,32,33,jericho,jericho,same
nuweimeh__project_qumran__include_low__project_61,33,34,jericho,,unknown
nuweimeh__project_qumran__include_low__project_61,34,35,,,unknown
nuweimeh__project_qumran__include_low__project_61,35,36,,jerusalem,unknown
nuweimeh__project_qumran__include_low__project_61,36,37,jerusalem,jerusalem,same
nuweimeh__project_qumran__include_low__project_61,37,38,jerusalem,,unknown
nuweimeh__project_qumran__include_low__project_61,38,39,,,unknown
nuweimeh__project_qumran__include_low__project_61,39,40,,,unknown
nuweimeh__project_qumran__include_low__project_61,40,41,,,unknown
nuweimeh__project_qumran__include_low__project_61,41,42,,,unknown
nuweimeh__project_qumran__include_low__project_61,42,43,,,unknown
nuweimeh__project_qumran__include_low__project_61,43,44,,,unknown
nuweimeh__project_qumran__include_low__project_61,44,45,,,unknown
nuweimeh__project_qumran__include_low__project_61,45,46,,jerusalem,unknown
nuweimeh__project_qumran__include_low__project_61,46,47,jerusalem,jerusalem,same
nuweimeh__project_qumran__include_low__project_61,47,48,jerusalem,jerusalem,same
nuweimeh__project_qumran__include_low__project_61,48,49,jerusalem,jerusalem,same
nuweimeh__project_qumran__include_low__project_61,49,50,jerusalem,jerusalem,same
nuweimeh__project_qumran__include_low__project_61,50,51,jerusalem,jerusalem,same
nuweimeh__project_qumran__include_low__project_61,51,52,jerusalem,jerusalem,same
nuweimeh__project_qumran__include_low__project_61,52,53,jerusalem,jerusalem,same
nuweimeh__project_qumran__include_low__project_61,53,54,jerusalem,jerusalem,same
nuweimeh__project_qumran__include_low__project_61,54,55,jerusalem,jerusalem,same
nuweimeh__project_qumran__include_low__project_61,55,56,jerusalem,jerusalem,same
nuweimeh__project_qumran__include_low__project_61,56,57,jerusalem,,unknown
nuweimeh__project_qumran__include_low__project_61,57,58,,,unknown
nuweimeh__project_qumran__include_low__project_61,58,59,,,unknown
nuweimeh__project_qumran__include_low__project_61,59,60,,jericho,unknown
nuweimeh__project_qumran__include_low__join_12_12a,1,2,jericho,,unknown
nuweimeh__project_qumran__include_low__join_12_12a,2,3,,,unknown
nuweimeh__project_qumran__include_low__join_12_12a,3,4,,jericho,unknown
nuweimeh__project_qumran__include_low__join_12_12a,4,5,jericho,jerusalem,different
nuweimeh__project_qumran__include_low__join_12_12a,5,6,jerusalem,jerusalem,same
nuweimeh__project_qumran__include_low__join_12_12a,6,7,jerusalem,jerusalem,same
nuweimeh__project_qumran__include_low__join_12_12a,7,8,jerusalem,jerusalem,same
nuweimeh__project_qumran__include_low__join_12_12a,8,9,jerusalem,jerusalem,same
nuweimeh__project_qumran__include_low__join_12_12a,9,10,jerusalem,jerusalem,same
nuweimeh__project_qumran__include_low__join_12_12a,10,11,jerusalem,jericho,different
nuweimeh__project_qumran__include_low__join_12_12a,11,12+12a,jericho,jerusalem,different
nuweimeh__project_qumran__include_low__join_12_12a,12+12a,13,jerusalem,jerusalem,same
nuweimeh__project_qumran__include_low__join_12_12a,13,14,jerusalem,jerusalem,same
nuweimeh__project_qumran__include_low__join_12_12a,14,15,jerusalem,jericho,different
nuweimeh__project_qumran__include_low__join_12_12a,15,16,jericho,,unknown
nuweimeh__project_qumran__include_low__join_12_12a,16,17,,jericho,unknown
nuweimeh__project_qumran__include_low__join_12_12a,17,18,jericho,jericho,same
nuweimeh__project_qumran__include_low__join_12_12a,18,19,jericho,jericho,same
nuweimeh__project_qumran__include_low__join_12_12a,19,20,jericho,jericho,same
nuweimeh__project_qumran__include_low__join_12_12a,20,21,jericho,jericho,same
nuweimeh__project_qumran__include_low__join_12_12a,21,22,jericho,jericho,same
nuweimeh__project_qumran__include_low__join_12_12a,22,23,jericho,jericho,same
nuweimeh__project_qumran__include_low__join_12_12a,23,24,jericho,jericho,same
nuweimeh__project_qumran__include_low__join_12_12a,24,25,jericho,jericho,same
nuweimeh__project_qumran__include_low__join_12_12a,25,26,jericho,jericho,same
nuweimeh__project_qumran__include_low__join_12_12a,26,27,jericho,,unknown
nuweimeh__project_qumran__include_low__join_12_12a,27,28,,jericho,unknown
nuweimeh__project_qumran__include_low__join_12_12a,28,29,jericho,,unknown
nuweimeh__project_qumran__include_low__join_12_12a,29,30,,jericho,unknown
nuweimeh__project_qumran__include_low__join_12_12a,30,31,jericho,jericho,same
nuweimeh__project_qumran__include_low__join_12_12a,31,32,jericho,jericho,same
nuweimeh__project_qumran__include_low__join_12_12a,32,33,jericho,jericho,same
nuweimeh__project_qumran__include_low__join_12_12a,33,34,jericho,,unknown
nuweimeh__project_qumran__include_low__join_12_12a,34,35,,,unknown
nuweimeh__project_qumran__include_low__join_12_12a,35,36,,jerusalem,unknown
nuweimeh__project_qumran__include_low__join_12_12a,36,37,jerusalem,jerusalem,same
nuweimeh__project_qumran__include_low__join_12_12a,37,38,jerusalem,,unknown
nuweimeh__project_qumran__include_low__join_12_12a,38,39,,,unknown
nuweimeh__project_qumran__include_low__join_12_12a,39,40,,,unknown
nuweimeh__project_qumran__include_low__join_12_12a,40,41,,,unknown
nuweimeh__project_qumran__include_low__join_12_12a,41,42,,,unknown
nuweimeh__project_qumran__include_low__join_12_12a,42,43,,,unknown
nuweimeh__project_qumran__include_low__join_12_12a,43,44,,,unknown
nuweimeh__project_qumran__include_low__join_12_12a,44,45,,,unknown
nuweimeh__project_qumran__include_low__join_12_12a,45,46,,jerusalem,unknown
nuweimeh__project_qumran__include_low__join_12_12a,46,47,jerusalem,jerusalem,same
nuweimeh__project_qumran__include_low__join_12_12a,47,48,jerusalem,jerusalem,same
nuweimeh__project_qumran__include_low__join_12_12a,48,49,jerusalem,jerusalem,same
nuweimeh__project_qumran__include_low__join_12_12a,49,50,jerusalem,jerusalem,same
nuweimeh__project_qumran__include_low__join_12_12a,50,51,jerusalem,jerusalem,same
nuweimeh__project_qumran__include_low__join_12_12a,51,52,jerusalem,jerusalem,same
nuweimeh__project_qumran__include_low__join_12_12a,52,53,jerusalem,jerusalem,same
nuweimeh__project_qumran__include_low__join_12_12a,53,54,jerusalem,jerusalem,same
nuweimeh__project_qumran__include_low__join_12_12a,54,55,jerusalem,jerusalem,same
nuweimeh__project_qumran__include_low__join_12_12a,55,56,jerusalem,jerusalem,same
nuweimeh__project_qumran__include_low__join_12_12a,56,57,jerusalem,,unknown
nuweimeh__project_qumran__include_low__join_12_12a,57,58,,,unknown
nuweimeh__project_qumran__include_low__join_12_12a,58,59,,,unknown
nuweimeh__project_qumran__include_low__join_12_12a,59,60,,jericho,unknown
nuweimeh__project_qumran__include_low__join_40_41,1,2,jericho,,unknown
nuweimeh__project_qumran__include_low__join_40_41,2,3,,,unknown
nuweimeh__project_qumran__include_low__join_40_41,3,4,,jericho,unknown
nuweimeh__project_qumran__include_low__join_40_41,4,5,jericho,jerusalem,different
nuweimeh__project_qumran__include_low__join_40_41,5,6,jerusalem,jerusalem,same
nuweimeh__project_qumran__include_low__join_40_41,6,7,jerusalem,jerusalem,same
nuweimeh__project_qumran__include_low__join_40_41,7,8,jerusalem,jerusalem,same
nuweimeh__project_qumran__include_low__join_40_41,8,9,jerusalem,jerusalem,same
nuweimeh__project_qumran__include_low__join_40_41,9,10,jerusalem,jerusalem,same
nuweimeh__project_qumran__include_low__join_40_41,10,11,jerusalem,jericho,different
nuweimeh__project_qumran__include_low__join_40_41,11,12,jericho,jerusalem,different
nuweimeh__project_qumran__include_low__join_40_41,12,12a,jerusalem,jerusalem,same
nuweimeh__project_qumran__include_low__join_40_41,12a,13,jerusalem,jerusalem,same
nuweimeh__project_qumran__include_low__join_40_41,13,14,jerusalem,jerusalem,same
nuweimeh__project_qumran__include_low__join_40_41,14,15,jerusalem,jericho,different
nuweimeh__project_qumran__include_low__join_40_41,15,16,jericho,,unknown
nuweimeh__project_qumran__include_low__join_40_41,16,17,,jericho,unknown
nuweimeh__project_qumran__include_low__join_40_41,17,18,jericho,jericho,same
nuweimeh__project_qumran__include_low__join_40_41,18,19,jericho,jericho,same
nuweimeh__project_qumran__include_low__join_40_41,19,20,jericho,jericho,same
nuweimeh__project_qumran__include_low__join_40_41,20,21,jericho,jericho,same
nuweimeh__project_qumran__include_low__join_40_41,21,22,jericho,jericho,same
nuweimeh__project_qumran__include_low__join_40_41,22,23,jericho,jericho,same
nuweimeh__project_qumran__include_low__join_40_41,23,24,jericho,jericho,same
nuweimeh__project_qumran__include_low__join_40_41,24,25,jericho,jericho,same
nuweimeh__project_qumran__include_low__join_40_41,25,26,jericho,jericho,same
nuweimeh__project_qumran__include_low__join_40_41,26,27,jericho,,unknown
nuweimeh__project_qumran__include_low__join_40_41,27,28,,jericho,unknown
nuweimeh__project_qumran__include_low__join_40_41,28,29,jericho,,unknown
nuweimeh__project_qumran__include_low__join_40_41,29,30,,jericho,unknown
nuweimeh__project_qumran__include_low__join_40_41,30,31,jericho,jericho,same
nuweimeh__project_qumran__include_low__join_40_41,31,32,jericho,jericho,same
nuweimeh__project_qumran__include_low__join_40_41,32,33,jericho,jericho,same
nuweimeh__project_qumran__include_low__join_40_41,33,34,jericho,,unknown
nuweimeh__project_qumran__include_low__join_40_41,34,35,,,unknown
nuweimeh__project_qumran__include_low__join_40_41,35,36,,jerusalem,unknown
nuweimeh__project_qumran__include_low__join_40_41,36,37,jerusalem,jerusalem,same
nuweimeh__project_qumran__include_low__join_40_41,37,38,jerusalem,,unknown
nuweimeh__project_qumran__include_low__join_40_41,38,39,,,unknown
nuweimeh__project_qumran__include_low__join_40_41,39,40+41,,,unknown
nuweimeh__project_qumran__include_low__join_40_41,40+41,42,,,unknown
nuweimeh__project_qumran__include_low__join_40_41,42,43,,,unknown
nuweimeh__project_qumran__include_low__join_40_41,43,44,,,unknown
nuweimeh__project_qumran__include_low__join_40_41,44,45,,,unknown
nuweimeh__project_qumran__include_low__join_40_41,45,46,,jerusalem,unknown
nuweimeh__project_qumran__include_low__join_40_41,46,47,jerusalem,jerusalem,same
nuweimeh__project_qumran__include_low__join_40_41,47,48,jerusalem,jerusalem,same
nuweimeh__project_qumran__include_low__join_40_41,48,49,jerusalem,jerusalem,same
nuweimeh__project_qumran__include_low__join_40_41,49,50,jerusalem,jerusalem,same
nuweimeh__project_qumran__include_low__join_40_41,50,51,jerusalem,jerusalem,same
nuweimeh__project_qumran__include_low__join_40_41,51,52,jerusalem,jerusalem,same
nuweimeh__project_qumran__include_low__join_40_41,52,53,jerusalem,jerusalem,same
nuweimeh__project_qumran__include_low__join_40_41,53,54,jerusalem,jerusalem,same
nuweimeh__project_qumran__include_low__join_40_41,54,55,jerusalem,jerusalem,same
nuweimeh__project_qumran__include_low__join_40_41,55,56,jerusalem,jerusalem,same
nuweimeh__project_qumran__include_low__join_40_41,56,57,jerusalem,,unknown
nuweimeh__project_qumran__include_low__join_40_41,57,58,,,unknown
nuweimeh__project_qumran__include_low__join_40_41,58,59,,,unknown
nuweimeh__project_qumran__include_low__join_40_41,59,60,,jericho,unknown
nuweimeh__project_qumran__include_low__join_41_42,1,2,jericho,,unknown
nuweimeh__project_qumran__include_low__join_41_42,2,3,,,unknown
nuweimeh__project_qumran__include_low__join_41_42,3,4,,jericho,unknown
nuweimeh__project_qumran__include_low__join_41_42,4,5,jericho,jerusalem,different
nuweimeh__project_qumran__include_low__join_41_42,5,6,jerusalem,jerusalem,same
nuweimeh__project_qumran__include_low__join_41_42,6,7,jerusalem,jerusalem,same
nuweimeh__project_qumran__include_low__join_41_42,7,8,jerusalem,jerusalem,same
nuweimeh__project_qumran__include_low__join_41_42,8,9,jerusalem,jerusalem,same
nuweimeh__project_qumran__include_low__join_41_42,9,10,jerusalem,jerusalem,same
nuweimeh__project_qumran__include_low__join_41_42,10,11,jerusalem,jericho,different
nuweimeh__project_qumran__include_low__join_41_42,11,12,jericho,jerusalem,different
nuweimeh__project_qumran__include_low__join_41_42,12,12a,jerusalem,jerusalem,same
nuweimeh__project_qumran__include_low__join_41_42,12a,13,jerusalem,jerusalem,same
nuweimeh__project_qumran__include_low__join_41_42,13,14,jerusalem,jerusalem,same
nuweimeh__project_qumran__include_low__join_41_42,14,15,jerusalem,jericho,different
nuweimeh__project_qumran__include_low__join_41_42,15,16,jericho,,unknown
nuweimeh__project_qumran__include_low__join_41_42,16,17,,jericho,unknown
nuweimeh__project_qumran__include_low__join_41_42,17,18,jericho,jericho,same
nuweimeh__project_qumran__include_low__join_41_42,18,19,jericho,jericho,same
nuweimeh__project_qumran__include_low__join_41_42,19,20,jericho,jericho,same
nuweimeh__project_qumran__include_low__join_41_42,20,21,jericho,jericho,same
nuweimeh__project_qumran__include_low__join_41_42,21,22,jericho,jericho,same
nuweimeh__project_qumran__include_low__join_41_42,22,23,jericho,jericho,same
nuweimeh__project_qumran__include_low__join_41_42,23,24,jericho,jericho,same
nuweimeh__project_qumran__include_low__join_41_42,24,25,jericho,jericho,same
nuweimeh__project_qumran__include_low__join_41_42,25,26,jericho,jericho,same
nuweimeh__project_qumran__include_low__join_41_42,26,27,jericho,,unknown
nuweimeh__project_qumran__include_low__join_41_42,27,28,,jericho,unknown
nuweimeh__project_qumran__include_low__join_41_42,28,29,jericho,,unknown
nuweimeh__project_qumran__include_low__join_41_42,29,30,,jericho,unknown
nuweimeh__project_qumran__include_low__join_41_42,30,31,jericho,jericho,same
nuweimeh__project_qumran__include_low__join_41_42,31,32,jericho,jericho,same
nuweimeh__project_qumran__include_low__join_41_42,32,33,jericho,jericho,same
nuweimeh__project_qumran__include_low__join_41_42,33,34,jericho,,unknown
nuweimeh__project_qumran__include_low__join_41_42,34,35,,,unknown
nuweimeh__project_qumran__include_low__join_41_42,35,36,,jerusalem,unknown
nuweimeh__project_qumran__include_low__join_41_42,36,37,jerusalem,jerusalem,same
nuweimeh__project_qumran__include_low__join_41_42,37,38,jerusalem,,unknown
nuweimeh__project_qumran__include_low__join_41_42,38,39,,,unknown
nuweimeh__project_qumran__include_low__join_41_42,39,40,,,unknown
nuweimeh__project_qumran__include_low__join_41_42,40,41+42,,,unknown
nuweimeh__project_qumran__include_low__join_41_42,41+42,43,,,unknown
nuweimeh__project_qumran__include_low__join_41_42,43,44,,,unknown
nuweimeh__project_qumran__include_low__join_41_42,44,45,,,unknown
nuweimeh__project_qumran__include_low__join_41_42,45,46,,jerusalem,unknown
nuweimeh__project_qumran__include_low__join_41_42,46,47,jerusalem,jerusalem,same
nuweimeh__project_qumran__include_low__join_41_42,47,48,jerusalem,jerusalem,same
nuweimeh__project_qumran__include_low__join_41_42,48,49,jerusalem,jerusalem,same
nuweimeh__project_qumran__include_low__join_41_42,49,50,jerusalem,jerusalem,same
nuweimeh__project_qumran__include_low__join_41_42,50,51,jerusalem,jerusalem,same
nuweimeh__project_qumran__include_low__join_41_42,51,52,jerusalem,jerusalem,same
nuweimeh__project_qumran__include_low__join_41_42,52,53,jerusalem,jerusalem,same
nuweimeh__project_qumran__include_low__join_41_42,53,54,jerusalem,jerusalem,same
nuweimeh__project_qumran__include_low__join_41_42,54,55,jerusalem,jerusalem,same
nuweimeh__project_qumran__include_low__join_41_42,55,56,jerusalem,jerusalem,same
nuweimeh__project_qumran__include_low__join_41_42,56,57,jerusalem,,unknown
nuweimeh__project_qumran__include_low__join_41_42,57,58,,,unknown
nuweimeh__project_qumran__include_low__join_41_42,58,59,,,unknown
nuweimeh__project_qumran__include_low__join_41_42,59,60,,jericho,unknown
nuweimeh__project_qumran__include_low__join_49_50,1,2,jericho,,unknown
nuweimeh__project_qumran__include_low__join_49_50,2,3,,,unknown
nuweimeh__project_qumran__include_low__join_49_50,3,4,,jericho,unknown
nuweimeh__project_qumran__include_low__join_49_50,4,5,jericho,jerusalem,different
nuweimeh__project_qumran__include_low__join_49_50,5,6,jerusalem,jerusalem,same
nuweimeh__project_qumran__include_low__join_49_50,6,7,jerusalem,jerusalem,same
nuweimeh__project_qumran__include_low__join_49_50,7,8,jerusalem,jerusalem,same
nuweimeh__project_qumran__include_low__join_49_50,8,9,jerusalem,jerusalem,same
nuweimeh__project_qumran__include_low__join_49_50,9,10,jerusalem,jerusalem,same
nuweimeh__project_qumran__include_low__join_49_50,10,11,jerusalem,jericho,different
nuweimeh__project_qumran__include_low__join_49_50,11,12,jericho,jerusalem,different
nuweimeh__project_qumran__include_low__join_49_50,12,12a,jerusalem,jerusalem,same
nuweimeh__project_qumran__include_low__join_49_50,12a,13,jerusalem,jerusalem,same
nuweimeh__project_qumran__include_low__join_49_50,13,14,jerusalem,jerusalem,same
nuweimeh__project_qumran__include_low__join_49_50,14,15,jerusalem,jericho,different
nuweimeh__project_qumran__include_low__join_49_50,15,16,jericho,,unknown
nuweimeh__project_qumran__include_low__join_49_50,16,17,,jericho,unknown
nuweimeh__project_qumran__include_low__join_49_50,17,18,jericho,jericho,same
nuweimeh__project_qumran__include_low__join_49_50,18,19,jericho,jericho,same
nuweimeh__project_qumran__include_low__join_49_50,19,20,jericho,jericho,same
nuweimeh__project_qumran__include_low__join_49_50,20,21,jericho,jericho,same
nuweimeh__project_qumran__include_low__join_49_50,21,22,jericho,jericho,same
nuweimeh__project_qumran__include_low__join_49_50,22,23,jericho,jericho,same
nuweimeh__project_qumran__include_low__join_49_50,23,24,jericho,jericho,same
nuweimeh__project_qumran__include_low__join_49_50,24,25,jericho,jericho,same
nuweimeh__project_qumran__include_low__join_49_50,25,26,jericho,jericho,same
nuweimeh__project_qumran__include_low__join_49_50,26,27,jericho,,unknown
nuweimeh__project_qumran__include_low__join_49_50,27,28,,jericho,unknown
nuweimeh__project_qumran__include_low__join_49_50,28,29,jericho,,unknown
nuweimeh__project_qumran__include_low__join_49_50,29,30,,jericho,unknown
nuweimeh__project_qumran__include_low__join_49_50,30,31,jericho,jericho,same
nuweimeh__project_qumran__include_low__join_49_50,31,32,jericho,jericho,same
nuweimeh__project_qumran__include_low__join_49_50,32,33,jericho,jericho,same
nuweimeh__project_qumran__include_low__join_49_50,33,34,jericho,,unknown
nuweimeh__project_qumran__include_low__join_49_50,34,35,,,unknown
nuweimeh__project_qumran__include_low__join_49_50,35,36,,jerusalem,unknown
nuweimeh__project_qumran__include_low__join_49_50,36,37,jerusalem,jerusalem,same
nuweimeh__project_qumran__include_low__join_49_50,37,38,jerusalem,,unknown
nuweimeh__project_qumran__include_low__join_49_50,38,39,,,unknown
nuweimeh__project_qumran__include_low__join_49_50,39,40,,,unknown
nuweimeh__project_qumran__include_low__join_49_50,40,41,,,unknown
nuweimeh__project_qumran__include_low__join_49_50,41,42,,,unknown
nuweimeh__project_qumran__include_low__join_49_50,42,43,,,unknown
nuweimeh__project_qumran__include_low__join_49_50,43,44,,,unknown
nuweimeh__project_qumran__include_low__join_49_50,44,45,,,unknown
nuweimeh__project_qumran__include_low__join_49_50,45,46,,jerusalem,unknown
nuweimeh__project_qumran__include_low__join_49_50,46,47,jerusalem,jerusalem,same
nuweimeh__project_qumran__include_low__join_49_50,47,48,jerusalem,jerusalem,same
nuweimeh__project_qumran__include_low__join_49_50,48,49+50,jerusalem,jerusalem,same
nuweimeh__project_qumran__include_low__join_49_50,49+50,51,jerusalem,jerusalem,same
nuweimeh__project_qumran__include_low__join_49_50,51,52,jerusalem,jerusalem,same
nuweimeh__project_qumran__include_low__join_49_50,52,53,jerusalem,jerusalem,same
nuweimeh__project_qumran__include_low__join_49_50,53,54,jerusalem,jerusalem,same
nuweimeh__project_qumran__include_low__join_49_50,54,55,jerusalem,jerusalem,same
nuweimeh__project_qumran__include_low__join_49_50,55,56,jerusalem,jerusalem,same
nuweimeh__project_qumran__include_low__join_49_50,56,57,jerusalem,,unknown
nuweimeh__project_qumran__include_low__join_49_50,57,58,,,unknown
nuweimeh__project_qumran__include_low__join_49_50,58,59,,,unknown
nuweimeh__project_qumran__include_low__join_49_50,59,60,,jericho,unknown
nuweimeh__project_qumran__include_low__split_9,1,2,jericho,,unknown
nuweimeh__project_qumran__include_low__split_9,2,3,,,unknown
nuweimeh__project_qumran__include_low__split_9,3,4,,jericho,unknown
nuweimeh__project_qumran__include_low__split_9,4,5,jericho,jerusalem,different
nuweimeh__project_qumran__include_low__split_9,5,6,jerusalem,jerusalem,same
nuweimeh__project_qumran__include_low__split_9,6,7,jerusalem,jerusalem,same
nuweimeh__project_qumran__include_low__split_9,7,8,jerusalem,jerusalem,same
nuweimeh__project_qumran__include_low__split_9,8,9:II7-8,jerusalem,,unknown
nuweimeh__project_qumran__include_low__split_9,9:II7-8,9:II9,,,unknown
nuweimeh__project_qumran__include_low__split_9,9:II9,10,,jerusalem,unknown
nuweimeh__project_qumran__include_low__split_9,10,11,jerusalem,jericho,different
nuweimeh__project_qumran__include_low__split_9,11,12,jericho,jerusalem,different
nuweimeh__project_qumran__include_low__split_9,12,12a,jerusalem,jerusalem,same
nuweimeh__project_qumran__include_low__split_9,12a,13,jerusalem,jerusalem,same
nuweimeh__project_qumran__include_low__split_9,13,14,jerusalem,jerusalem,same
nuweimeh__project_qumran__include_low__split_9,14,15,jerusalem,jericho,different
nuweimeh__project_qumran__include_low__split_9,15,16,jericho,,unknown
nuweimeh__project_qumran__include_low__split_9,16,17,,jericho,unknown
nuweimeh__project_qumran__include_low__split_9,17,18,jericho,jericho,same
nuweimeh__project_qumran__include_low__split_9,18,19,jericho,jericho,same
nuweimeh__project_qumran__include_low__split_9,19,20,jericho,jericho,same
nuweimeh__project_qumran__include_low__split_9,20,21,jericho,jericho,same
nuweimeh__project_qumran__include_low__split_9,21,22,jericho,jericho,same
nuweimeh__project_qumran__include_low__split_9,22,23,jericho,jericho,same
nuweimeh__project_qumran__include_low__split_9,23,24,jericho,jericho,same
nuweimeh__project_qumran__include_low__split_9,24,25,jericho,jericho,same
nuweimeh__project_qumran__include_low__split_9,25,26,jericho,jericho,same
nuweimeh__project_qumran__include_low__split_9,26,27,jericho,,unknown
nuweimeh__project_qumran__include_low__split_9,27,28,,jericho,unknown
nuweimeh__project_qumran__include_low__split_9,28,29,jericho,,unknown
nuweimeh__project_qumran__include_low__split_9,29,30,,jericho,unknown
nuweimeh__project_qumran__include_low__split_9,30,31,jericho,jericho,same
nuweimeh__project_qumran__include_low__split_9,31,32,jericho,jericho,same
nuweimeh__project_qumran__include_low__split_9,32,33,jericho,jericho,same
nuweimeh__project_qumran__include_low__split_9,33,34,jericho,,unknown
nuweimeh__project_qumran__include_low__split_9,34,35,,,unknown
nuweimeh__project_qumran__include_low__split_9,35,36,,jerusalem,unknown
nuweimeh__project_qumran__include_low__split_9,36,37,jerusalem,jerusalem,same
nuweimeh__project_qumran__include_low__split_9,37,38,jerusalem,,unknown
nuweimeh__project_qumran__include_low__split_9,38,39,,,unknown
nuweimeh__project_qumran__include_low__split_9,39,40,,,unknown
nuweimeh__project_qumran__include_low__split_9,40,41,,,unknown
nuweimeh__project_qumran__include_low__split_9,41,42,,,unknown
nuweimeh__project_qumran__include_low__split_9,42,43,,,unknown
nuweimeh__project_qumran__include_low__split_9,43,44,,,unknown
nuweimeh__project_qumran__include_low__split_9,44,45,,,unknown
nuweimeh__project_qumran__include_low__split_9,45,46,,jerusalem,unknown
nuweimeh__project_qumran__include_low__split_9,46,47,jerusalem,jerusalem,same
nuweimeh__project_qumran__include_low__split_9,47,48,jerusalem,jerusalem,same
nuweimeh__project_qumran__include_low__split_9,48,49,jerusalem,jerusalem,same
nuweimeh__project_qumran__include_low__split_9,49,50,jerusalem,jerusalem,same
nuweimeh__project_qumran__include_low__split_9,50,51,jerusalem,jerusalem,same
nuweimeh__project_qumran__include_low__split_9,51,52,jerusalem,jerusalem,same
nuweimeh__project_qumran__include_low__split_9,52,53,jerusalem,jerusalem,same
nuweimeh__project_qumran__include_low__split_9,53,54,jerusalem,jerusalem,same
nuweimeh__project_qumran__include_low__split_9,54,55,jerusalem,jerusalem,same
nuweimeh__project_qumran__include_low__split_9,55,56,jerusalem,jerusalem,same
nuweimeh__project_qumran__include_low__split_9,56,57,jerusalem,,unknown
nuweimeh__project_qumran__include_low__split_9,57,58,,,unknown
nuweimeh__project_qumran__include_low__split_9,58,59,,,unknown
nuweimeh__project_qumran__include_low__split_9,59,60,,jericho,unknown
nuweimeh__project_qumran__include_low__split_56,1,2,jericho,,unknown
nuweimeh__project_qumran__include_low__split_56,2,3,,,unknown
nuweimeh__project_qumran__include_low__split_56,3,4,,jericho,unknown
nuweimeh__project_qumran__include_low__split_56,4,5,jericho,jerusalem,different
nuweimeh__project_qumran__include_low__split_56,5,6,jerusalem,jerusalem,same
nuweimeh__project_qumran__include_low__split_56,6,7,jerusalem,jerusalem,same
nuweimeh__project_qumran__include_low__split_56,7,8,jerusalem,jerusalem,same
nuweimeh__project_qumran__include_low__split_56,8,9,jerusalem,jerusalem,same
nuweimeh__project_qumran__include_low__split_56,9,10,jerusalem,jerusalem,same
nuweimeh__project_qumran__include_low__split_56,10,11,jerusalem,jericho,different
nuweimeh__project_qumran__include_low__split_56,11,12,jericho,jerusalem,different
nuweimeh__project_qumran__include_low__split_56,12,12a,jerusalem,jerusalem,same
nuweimeh__project_qumran__include_low__split_56,12a,13,jerusalem,jerusalem,same
nuweimeh__project_qumran__include_low__split_56,13,14,jerusalem,jerusalem,same
nuweimeh__project_qumran__include_low__split_56,14,15,jerusalem,jericho,different
nuweimeh__project_qumran__include_low__split_56,15,16,jericho,,unknown
nuweimeh__project_qumran__include_low__split_56,16,17,,jericho,unknown
nuweimeh__project_qumran__include_low__split_56,17,18,jericho,jericho,same
nuweimeh__project_qumran__include_low__split_56,18,19,jericho,jericho,same
nuweimeh__project_qumran__include_low__split_56,19,20,jericho,jericho,same
nuweimeh__project_qumran__include_low__split_56,20,21,jericho,jericho,same
nuweimeh__project_qumran__include_low__split_56,21,22,jericho,jericho,same
nuweimeh__project_qumran__include_low__split_56,22,23,jericho,jericho,same
nuweimeh__project_qumran__include_low__split_56,23,24,jericho,jericho,same
nuweimeh__project_qumran__include_low__split_56,24,25,jericho,jericho,same
nuweimeh__project_qumran__include_low__split_56,25,26,jericho,jericho,same
nuweimeh__project_qumran__include_low__split_56,26,27,jericho,,unknown
nuweimeh__project_qumran__include_low__split_56,27,28,,jericho,unknown
nuweimeh__project_qumran__include_low__split_56,28,29,jericho,,unknown
nuweimeh__project_qumran__include_low__split_56,29,30,,jericho,unknown
nuweimeh__project_qumran__include_low__split_56,30,31,jericho,jericho,same
nuweimeh__project_qumran__include_low__split_56,31,32,jericho,jericho,same
nuweimeh__project_qumran__include_low__split_56,32,33,jericho,jericho,same
nuweimeh__project_qumran__include_low__split_56,33,34,jericho,,unknown
nuweimeh__project_qumran__include_low__split_56,34,35,,,unknown
nuweimeh__project_qumran__include_low__split_56,35,36,,jerusalem,unknown
nuweimeh__project_qumran__include_low__split_56,36,37,jerusalem,jerusalem,same
nuweimeh__project_qumran__include_low__split_56,37,38,jerusalem,,unknown
nuweimeh__project_qumran__include_low__split_56,38,39,,,unknown
nuweimeh__project_qumran__include_low__split_56,39,40,,,unknown
nuweimeh__project_qumran__include_low__split_56,40,41,,,unknown
nuweimeh__project_qumran__include_low__split_56,41,42,,,unknown
nuweimeh__project_qumran__include_low__split_56,42,43,,,unknown
nuweimeh__project_qumran__include_low__split_56,43,44,,,unknown
nuweimeh__project_qumran__include_low__split_56,44,45,,,unknown
nuweimeh__project_qumran__include_low__split_56,45,46,,jerusalem,unknown
nuweimeh__project_qumran__include_low__split_56,46,47,jerusalem,jerusalem,same
nuweimeh__project_qumran__include_low__split_56,47,48,jerusalem,jerusalem,same
nuweimeh__project_qumran__include_low__split_56,48,49,jerusalem,jerusalem,same
nuweimeh__project_qumran__include_low__split_56,49,50,jerusalem,jerusalem,same
nuweimeh__project_qumran__include_low__split_56,50,51,jerusalem,jerusalem,same
nuweimeh__project_qumran__include_low__split_56,51,52,jerusalem,jerusalem,same
nuweimeh__project_qumran__include_low__split_56,52,53,jerusalem,jerusalem,same
nuweimeh__project_qumran__include_low__split_56,53,54,jerusalem,jerusalem,same
nuweimeh__project_qumran__include_low__split_56,54,55,jerusalem,jerusalem,same
nuweimeh__project_qumran__include_low__split_56,55,56:XI16-XII1a,jerusalem,,unknown
nuweimeh__project_qumran__include_low__split_56,56:XI16-XII1a,56:XII1b-2a,,,unknown
nuweimeh__project_qumran__include_low__split_56,56:XII1b-2a,56:XII2b-3,,,unknown
nuweimeh__project_qumran__include_low__split_56,56:XII2b-3,57,,,unknown
nuweimeh__project_qumran__include_low__split_56,57,58,,,unknown
nuweimeh__project_qumran__include_low__split_56,58,59,,,unknown
nuweimeh__project_qumran__include_low__split_56,59,60,,jericho,unknown
nuweimeh__project_qumran__include_low__split_9_and_56,1,2,jericho,,unknown
nuweimeh__project_qumran__include_low__split_9_and_56,2,3,,,unknown
nuweimeh__project_qumran__include_low__split_9_and_56,3,4,,jericho,unknown
nuweimeh__project_qumran__include_low__split_9_and_56,4,5,jericho,jerusalem,different
nuweimeh__project_qumran__include_low__split_9_and_56,5,6,jerusalem,jerusalem,same
nuweimeh__project_qumran__include_low__split_9_and_56,6,7,jerusalem,jerusalem,same
nuweimeh__project_qumran__include_low__split_9_and_56,7,8,jerusalem,jerusalem,same
nuweimeh__project_qumran__include_low__split_9_and_56,8,9:II7-8,jerusalem,,unknown
nuweimeh__project_qumran__include_low__split_9_and_56,9:II7-8,9:II9,,,unknown
nuweimeh__project_qumran__include_low__split_9_and_56,9:II9,10,,jerusalem,unknown
nuweimeh__project_qumran__include_low__split_9_and_56,10,11,jerusalem,jericho,different
nuweimeh__project_qumran__include_low__split_9_and_56,11,12,jericho,jerusalem,different
nuweimeh__project_qumran__include_low__split_9_and_56,12,12a,jerusalem,jerusalem,same
nuweimeh__project_qumran__include_low__split_9_and_56,12a,13,jerusalem,jerusalem,same
nuweimeh__project_qumran__include_low__split_9_and_56,13,14,jerusalem,jerusalem,same
nuweimeh__project_qumran__include_low__split_9_and_56,14,15,jerusalem,jericho,different
nuweimeh__project_qumran__include_low__split_9_and_56,15,16,jericho,,unknown
nuweimeh__project_qumran__include_low__split_9_and_56,16,17,,jericho,unknown
nuweimeh__project_qumran__include_low__split_9_and_56,17,18,jericho,jericho,same
nuweimeh__project_qumran__include_low__split_9_and_56,18,19,jericho,jericho,same
nuweimeh__project_qumran__include_low__split_9_and_56,19,20,jericho,jericho,same
nuweimeh__project_qumran__include_low__split_9_and_56,20,21,jericho,jericho,same
nuweimeh__project_qumran__include_low__split_9_and_56,21,22,jericho,jericho,same
nuweimeh__project_qumran__include_low__split_9_and_56,22,23,jericho,jericho,same
nuweimeh__project_qumran__include_low__split_9_and_56,23,24,jericho,jericho,same
nuweimeh__project_qumran__include_low__split_9_and_56,24,25,jericho,jericho,same
nuweimeh__project_qumran__include_low__split_9_and_56,25,26,jericho,jericho,same
nuweimeh__project_qumran__include_low__split_9_and_56,26,27,jericho,,unknown
nuweimeh__project_qumran__include_low__split_9_and_56,27,28,,jericho,unknown
nuweimeh__project_qumran__include_low__split_9_and_56,28,29,jericho,,unknown
nuweimeh__project_qumran__include_low__split_9_and_56,29,30,,jericho,unknown
nuweimeh__project_qumran__include_low__split_9_and_56,30,31,jericho,jericho,same
nuweimeh__project_qumran__include_low__split_9_and_56,31,32,jericho,jericho,same
nuweimeh__project_qumran__include_low__split_9_and_56,32,33,jericho,jericho,same
nuweimeh__project_qumran__include_low__split_9_and_56,33,34,jericho,,unknown
nuweimeh__project_qumran__include_low__split_9_and_56,34,35,,,unknown
nuweimeh__project_qumran__include_low__split_9_and_56,35,36,,jerusalem,unknown
nuweimeh__project_qumran__include_low__split_9_and_56,36,37,jerusalem,jerusalem,same
nuweimeh__project_qumran__include_low__split_9_and_56,37,38,jerusalem,,unknown
nuweimeh__project_qumran__include_low__split_9_and_56,38,39,,,unknown
nuweimeh__project_qumran__include_low__split_9_and_56,39,40,,,unknown
nuweimeh__project_qumran__include_low__split_9_and_56,40,41,,,unknown
nuweimeh__project_qumran__include_low__split_9_and_56,41,42,,,unknown
nuweimeh__project_qumran__include_low__split_9_and_56,42,43,,,unknown
nuweimeh__project_qumran__include_low__split_9_and_56,43,44,,,unknown
nuweimeh__project_qumran__include_low__split_9_and_56,44,45,,,unknown
nuweimeh__project_qumran__include_low__split_9_and_56,45,46,,jerusalem,unknown
nuweimeh__project_qumran__include_low__split_9_and_56,46,47,jerusalem,jerusalem,same
nuweimeh__project_qumran__include_low__split_9_and_56,47,48,jerusalem,jerusalem,same
nuweimeh__project_qumran__include_low__split_9_and_56,48,49,jerusalem,jerusalem,same
nuweimeh__project_qumran__include_low__split_9_and_56,49,50,jerusalem,jerusalem,same
nuweimeh__project_qumran__include_low__split_9_and_56,50,51,jerusalem,jerusalem,same
nuweimeh__project_qumran__include_low__split_9_and_56,51,52,jerusalem,jerusalem,same
nuweimeh__project_qumran__include_low__split_9_and_56,52,53,jerusalem,jerusalem,same
nuweimeh__project_qumran__include_low__split_9_and_56,53,54,jerusalem,jerusalem,same
nuweimeh__project_qumran__include_low__split_9_and_56,54,55,jerusalem,jerusalem,same
nuweimeh__project_qumran__include_low__split_9_and_56,55,56:XI16-XII1a,jerusalem,,unknown
nuweimeh__project_qumran__include_low__split_9_and_56,56:XI16-XII1a,56:XII1b-2a,,,unknown
nuweimeh__project_qumran__include_low__split_9_and_56,56:XII1b-2a,56:XII2b-3,,,unknown
nuweimeh__project_qumran__include_low__split_9_and_56,56:XII2b-3,57,,,unknown
nuweimeh__project_qumran__include_low__split_9_and_56,57,58,,,unknown
nuweimeh__project_qumran__include_low__split_9_and_56,58,59,,,unknown
nuweimeh__project_qumran__include_low__split_9_and_56,59,60,,jericho,unknown
nuweimeh__project_qumran__exclude_low__project_61,1,2,,,unknown
nuweimeh__project_qumran__exclude_low__project_61,2,3,,,unknown
nuweimeh__project_qumran__exclude_low__project_61,3,4,,,unknown
nuweimeh__project_qumran__exclude_low__project_61,4,5,,,unknown
nuweimeh__project_qumran__exclude_low__project_61,5,6,,,unknown
nuweimeh__project_qumran__exclude_low__project_61,6,7,,,unknown
nuweimeh__project_qumran__exclude_low__project_61,7,8,,,unknown
nuweimeh__project_qumran__exclude_low__project_61,8,9,,jerusalem,unknown
nuweimeh__project_qumran__exclude_low__project_61,9,10,jerusalem,jerusalem,same
nuweimeh__project_qumran__exclude_low__project_61,10,11,jerusalem,,unknown
nuweimeh__project_qumran__exclude_low__project_61,11,12,,,unknown
nuweimeh__project_qumran__exclude_low__project_61,12,12a,,,unknown
nuweimeh__project_qumran__exclude_low__project_61,12a,13,,,unknown
nuweimeh__project_qumran__exclude_low__project_61,13,14,,,unknown
nuweimeh__project_qumran__exclude_low__project_61,14,15,,,unknown
nuweimeh__project_qumran__exclude_low__project_61,15,16,,,unknown
nuweimeh__project_qumran__exclude_low__project_61,16,17,,jericho,unknown
nuweimeh__project_qumran__exclude_low__project_61,17,18,jericho,jericho,same
nuweimeh__project_qumran__exclude_low__project_61,18,19,jericho,,unknown
nuweimeh__project_qumran__exclude_low__project_61,19,20,,jericho,unknown
nuweimeh__project_qumran__exclude_low__project_61,20,21,jericho,jericho,same
nuweimeh__project_qumran__exclude_low__project_61,21,22,jericho,jericho,same
nuweimeh__project_qumran__exclude_low__project_61,22,23,jericho,,unknown
nuweimeh__project_qumran__exclude_low__project_61,23,24,,,unknown
nuweimeh__project_qumran__exclude_low__project_61,24,25,,,unknown
nuweimeh__project_qumran__exclude_low__project_61,25,26,,,unknown
nuweimeh__project_qumran__exclude_low__project_61,26,27,,,unknown
nuweimeh__project_qumran__exclude_low__project_61,27,28,,,unknown
nuweimeh__project_qumran__exclude_low__project_61,28,29,,,unknown
nuweimeh__project_qumran__exclude_low__project_61,29,30,,jericho,unknown
nuweimeh__project_qumran__exclude_low__project_61,30,31,jericho,jericho,same
nuweimeh__project_qumran__exclude_low__project_61,31,32,jericho,jericho,same
nuweimeh__project_qumran__exclude_low__project_61,32,33,jericho,,unknown
nuweimeh__project_qumran__exclude_low__project_61,33,34,,,unknown
nuweimeh__project_qumran__exclude_low__project_61,34,35,,,unknown
nuweimeh__project_qumran__exclude_low__project_61,35,36,,,unknown
nuweimeh__project_qumran__exclude_low__project_61,36,37,,,unknown
nuweimeh__project_qumran__exclude_low__project_61,37,38,,,unknown
nuweimeh__project_qumran__exclude_low__project_61,38,39,,,unknown
nuweimeh__project_qumran__exclude_low__project_61,39,40,,,unknown
nuweimeh__project_qumran__exclude_low__project_61,40,41,,,unknown
nuweimeh__project_qumran__exclude_low__project_61,41,42,,,unknown
nuweimeh__project_qumran__exclude_low__project_61,42,43,,,unknown
nuweimeh__project_qumran__exclude_low__project_61,43,44,,,unknown
nuweimeh__project_qumran__exclude_low__project_61,44,45,,,unknown
nuweimeh__project_qumran__exclude_low__project_61,45,46,,,unknown
nuweimeh__project_qumran__exclude_low__project_61,46,47,,,unknown
nuweimeh__project_qumran__exclude_low__project_61,47,48,,,unknown
nuweimeh__project_qumran__exclude_low__project_61,48,49,,jerusalem,unknown
nuweimeh__project_qumran__exclude_low__project_61,49,50,jerusalem,,unknown
nuweimeh__project_qumran__exclude_low__project_61,50,51,,jerusalem,unknown
nuweimeh__project_qumran__exclude_low__project_61,51,52,jerusalem,,unknown
nuweimeh__project_qumran__exclude_low__project_61,52,53,,,unknown
nuweimeh__project_qumran__exclude_low__project_61,53,54,,,unknown
nuweimeh__project_qumran__exclude_low__project_61,54,55,,jerusalem,unknown
nuweimeh__project_qumran__exclude_low__project_61,55,56,jerusalem,,unknown
nuweimeh__project_qumran__exclude_low__project_61,56,57,,,unknown
nuweimeh__project_qumran__exclude_low__project_61,57,58,,,unknown
nuweimeh__project_qumran__exclude_low__project_61,58,59,,,unknown
nuweimeh__project_qumran__exclude_low__project_61,59,60,,,unknown
nuweimeh__project_qumran__exclude_low__join_12_12a,1,2,,,unknown
nuweimeh__project_qumran__exclude_low__join_12_12a,2,3,,,unknown
nuweimeh__project_qumran__exclude_low__join_12_12a,3,4,,,unknown
nuweimeh__project_qumran__exclude_low__join_12_12a,4,5,,,unknown
nuweimeh__project_qumran__exclude_low__join_12_12a,5,6,,,unknown
nuweimeh__project_qumran__exclude_low__join_12_12a,6,7,,,unknown
nuweimeh__project_qumran__exclude_low__join_12_12a,7,8,,,unknown
nuweimeh__project_qumran__exclude_low__join_12_12a,8,9,,jerusalem,unknown
nuweimeh__project_qumran__exclude_low__join_12_12a,9,10,jerusalem,jerusalem,same
nuweimeh__project_qumran__exclude_low__join_12_12a,10,11,jerusalem,,unknown
nuweimeh__project_qumran__exclude_low__join_12_12a,11,12+12a,,,unknown
nuweimeh__project_qumran__exclude_low__join_12_12a,12+12a,13,,,unknown
nuweimeh__project_qumran__exclude_low__join_12_12a,13,14,,,unknown
nuweimeh__project_qumran__exclude_low__join_12_12a,14,15,,,unknown
nuweimeh__project_qumran__exclude_low__join_12_12a,15,16,,,unknown
nuweimeh__project_qumran__exclude_low__join_12_12a,16,17,,jericho,unknown
nuweimeh__project_qumran__exclude_low__join_12_12a,17,18,jericho,jericho,same
nuweimeh__project_qumran__exclude_low__join_12_12a,18,19,jericho,,unknown
nuweimeh__project_qumran__exclude_low__join_12_12a,19,20,,jericho,unknown
nuweimeh__project_qumran__exclude_low__join_12_12a,20,21,jericho,jericho,same
nuweimeh__project_qumran__exclude_low__join_12_12a,21,22,jericho,jericho,same
nuweimeh__project_qumran__exclude_low__join_12_12a,22,23,jericho,,unknown
nuweimeh__project_qumran__exclude_low__join_12_12a,23,24,,,unknown
nuweimeh__project_qumran__exclude_low__join_12_12a,24,25,,,unknown
nuweimeh__project_qumran__exclude_low__join_12_12a,25,26,,,unknown
nuweimeh__project_qumran__exclude_low__join_12_12a,26,27,,,unknown
nuweimeh__project_qumran__exclude_low__join_12_12a,27,28,,,unknown
nuweimeh__project_qumran__exclude_low__join_12_12a,28,29,,,unknown
nuweimeh__project_qumran__exclude_low__join_12_12a,29,30,,jericho,unknown
nuweimeh__project_qumran__exclude_low__join_12_12a,30,31,jericho,jericho,same
nuweimeh__project_qumran__exclude_low__join_12_12a,31,32,jericho,jericho,same
nuweimeh__project_qumran__exclude_low__join_12_12a,32,33,jericho,,unknown
nuweimeh__project_qumran__exclude_low__join_12_12a,33,34,,,unknown
nuweimeh__project_qumran__exclude_low__join_12_12a,34,35,,,unknown
nuweimeh__project_qumran__exclude_low__join_12_12a,35,36,,,unknown
nuweimeh__project_qumran__exclude_low__join_12_12a,36,37,,,unknown
nuweimeh__project_qumran__exclude_low__join_12_12a,37,38,,,unknown
nuweimeh__project_qumran__exclude_low__join_12_12a,38,39,,,unknown
nuweimeh__project_qumran__exclude_low__join_12_12a,39,40,,,unknown
nuweimeh__project_qumran__exclude_low__join_12_12a,40,41,,,unknown
nuweimeh__project_qumran__exclude_low__join_12_12a,41,42,,,unknown
nuweimeh__project_qumran__exclude_low__join_12_12a,42,43,,,unknown
nuweimeh__project_qumran__exclude_low__join_12_12a,43,44,,,unknown
nuweimeh__project_qumran__exclude_low__join_12_12a,44,45,,,unknown
nuweimeh__project_qumran__exclude_low__join_12_12a,45,46,,,unknown
nuweimeh__project_qumran__exclude_low__join_12_12a,46,47,,,unknown
nuweimeh__project_qumran__exclude_low__join_12_12a,47,48,,,unknown
nuweimeh__project_qumran__exclude_low__join_12_12a,48,49,,jerusalem,unknown
nuweimeh__project_qumran__exclude_low__join_12_12a,49,50,jerusalem,,unknown
nuweimeh__project_qumran__exclude_low__join_12_12a,50,51,,jerusalem,unknown
nuweimeh__project_qumran__exclude_low__join_12_12a,51,52,jerusalem,,unknown
nuweimeh__project_qumran__exclude_low__join_12_12a,52,53,,,unknown
nuweimeh__project_qumran__exclude_low__join_12_12a,53,54,,,unknown
nuweimeh__project_qumran__exclude_low__join_12_12a,54,55,,jerusalem,unknown
nuweimeh__project_qumran__exclude_low__join_12_12a,55,56,jerusalem,,unknown
nuweimeh__project_qumran__exclude_low__join_12_12a,56,57,,,unknown
nuweimeh__project_qumran__exclude_low__join_12_12a,57,58,,,unknown
nuweimeh__project_qumran__exclude_low__join_12_12a,58,59,,,unknown
nuweimeh__project_qumran__exclude_low__join_12_12a,59,60,,,unknown
nuweimeh__project_qumran__exclude_low__join_40_41,1,2,,,unknown
nuweimeh__project_qumran__exclude_low__join_40_41,2,3,,,unknown
nuweimeh__project_qumran__exclude_low__join_40_41,3,4,,,unknown
nuweimeh__project_qumran__exclude_low__join_40_41,4,5,,,unknown
nuweimeh__project_qumran__exclude_low__join_40_41,5,6,,,unknown
nuweimeh__project_qumran__exclude_low__join_40_41,6,7,,,unknown
nuweimeh__project_qumran__exclude_low__join_40_41,7,8,,,unknown
nuweimeh__project_qumran__exclude_low__join_40_41,8,9,,jerusalem,unknown
nuweimeh__project_qumran__exclude_low__join_40_41,9,10,jerusalem,jerusalem,same
nuweimeh__project_qumran__exclude_low__join_40_41,10,11,jerusalem,,unknown
nuweimeh__project_qumran__exclude_low__join_40_41,11,12,,,unknown
nuweimeh__project_qumran__exclude_low__join_40_41,12,12a,,,unknown
nuweimeh__project_qumran__exclude_low__join_40_41,12a,13,,,unknown
nuweimeh__project_qumran__exclude_low__join_40_41,13,14,,,unknown
nuweimeh__project_qumran__exclude_low__join_40_41,14,15,,,unknown
nuweimeh__project_qumran__exclude_low__join_40_41,15,16,,,unknown
nuweimeh__project_qumran__exclude_low__join_40_41,16,17,,jericho,unknown
nuweimeh__project_qumran__exclude_low__join_40_41,17,18,jericho,jericho,same
nuweimeh__project_qumran__exclude_low__join_40_41,18,19,jericho,,unknown
nuweimeh__project_qumran__exclude_low__join_40_41,19,20,,jericho,unknown
nuweimeh__project_qumran__exclude_low__join_40_41,20,21,jericho,jericho,same
nuweimeh__project_qumran__exclude_low__join_40_41,21,22,jericho,jericho,same
nuweimeh__project_qumran__exclude_low__join_40_41,22,23,jericho,,unknown
nuweimeh__project_qumran__exclude_low__join_40_41,23,24,,,unknown
nuweimeh__project_qumran__exclude_low__join_40_41,24,25,,,unknown
nuweimeh__project_qumran__exclude_low__join_40_41,25,26,,,unknown
nuweimeh__project_qumran__exclude_low__join_40_41,26,27,,,unknown
nuweimeh__project_qumran__exclude_low__join_40_41,27,28,,,unknown
nuweimeh__project_qumran__exclude_low__join_40_41,28,29,,,unknown
nuweimeh__project_qumran__exclude_low__join_40_41,29,30,,jericho,unknown
nuweimeh__project_qumran__exclude_low__join_40_41,30,31,jericho,jericho,same
nuweimeh__project_qumran__exclude_low__join_40_41,31,32,jericho,jericho,same
nuweimeh__project_qumran__exclude_low__join_40_41,32,33,jericho,,unknown
nuweimeh__project_qumran__exclude_low__join_40_41,33,34,,,unknown
nuweimeh__project_qumran__exclude_low__join_40_41,34,35,,,unknown
nuweimeh__project_qumran__exclude_low__join_40_41,35,36,,,unknown
nuweimeh__project_qumran__exclude_low__join_40_41,36,37,,,unknown
nuweimeh__project_qumran__exclude_low__join_40_41,37,38,,,unknown
nuweimeh__project_qumran__exclude_low__join_40_41,38,39,,,unknown
nuweimeh__project_qumran__exclude_low__join_40_41,39,40+41,,,unknown
nuweimeh__project_qumran__exclude_low__join_40_41,40+41,42,,,unknown
nuweimeh__project_qumran__exclude_low__join_40_41,42,43,,,unknown
nuweimeh__project_qumran__exclude_low__join_40_41,43,44,,,unknown
nuweimeh__project_qumran__exclude_low__join_40_41,44,45,,,unknown
nuweimeh__project_qumran__exclude_low__join_40_41,45,46,,,unknown
nuweimeh__project_qumran__exclude_low__join_40_41,46,47,,,unknown
nuweimeh__project_qumran__exclude_low__join_40_41,47,48,,,unknown
nuweimeh__project_qumran__exclude_low__join_40_41,48,49,,jerusalem,unknown
nuweimeh__project_qumran__exclude_low__join_40_41,49,50,jerusalem,,unknown
nuweimeh__project_qumran__exclude_low__join_40_41,50,51,,jerusalem,unknown
nuweimeh__project_qumran__exclude_low__join_40_41,51,52,jerusalem,,unknown
nuweimeh__project_qumran__exclude_low__join_40_41,52,53,,,unknown
nuweimeh__project_qumran__exclude_low__join_40_41,53,54,,,unknown
nuweimeh__project_qumran__exclude_low__join_40_41,54,55,,jerusalem,unknown
nuweimeh__project_qumran__exclude_low__join_40_41,55,56,jerusalem,,unknown
nuweimeh__project_qumran__exclude_low__join_40_41,56,57,,,unknown
nuweimeh__project_qumran__exclude_low__join_40_41,57,58,,,unknown
nuweimeh__project_qumran__exclude_low__join_40_41,58,59,,,unknown
nuweimeh__project_qumran__exclude_low__join_40_41,59,60,,,unknown
nuweimeh__project_qumran__exclude_low__join_41_42,1,2,,,unknown
nuweimeh__project_qumran__exclude_low__join_41_42,2,3,,,unknown
nuweimeh__project_qumran__exclude_low__join_41_42,3,4,,,unknown
nuweimeh__project_qumran__exclude_low__join_41_42,4,5,,,unknown
nuweimeh__project_qumran__exclude_low__join_41_42,5,6,,,unknown
nuweimeh__project_qumran__exclude_low__join_41_42,6,7,,,unknown
nuweimeh__project_qumran__exclude_low__join_41_42,7,8,,,unknown
nuweimeh__project_qumran__exclude_low__join_41_42,8,9,,jerusalem,unknown
nuweimeh__project_qumran__exclude_low__join_41_42,9,10,jerusalem,jerusalem,same
nuweimeh__project_qumran__exclude_low__join_41_42,10,11,jerusalem,,unknown
nuweimeh__project_qumran__exclude_low__join_41_42,11,12,,,unknown
nuweimeh__project_qumran__exclude_low__join_41_42,12,12a,,,unknown
nuweimeh__project_qumran__exclude_low__join_41_42,12a,13,,,unknown
nuweimeh__project_qumran__exclude_low__join_41_42,13,14,,,unknown
nuweimeh__project_qumran__exclude_low__join_41_42,14,15,,,unknown
nuweimeh__project_qumran__exclude_low__join_41_42,15,16,,,unknown
nuweimeh__project_qumran__exclude_low__join_41_42,16,17,,jericho,unknown
nuweimeh__project_qumran__exclude_low__join_41_42,17,18,jericho,jericho,same
nuweimeh__project_qumran__exclude_low__join_41_42,18,19,jericho,,unknown
nuweimeh__project_qumran__exclude_low__join_41_42,19,20,,jericho,unknown
nuweimeh__project_qumran__exclude_low__join_41_42,20,21,jericho,jericho,same
nuweimeh__project_qumran__exclude_low__join_41_42,21,22,jericho,jericho,same
nuweimeh__project_qumran__exclude_low__join_41_42,22,23,jericho,,unknown
nuweimeh__project_qumran__exclude_low__join_41_42,23,24,,,unknown
nuweimeh__project_qumran__exclude_low__join_41_42,24,25,,,unknown
nuweimeh__project_qumran__exclude_low__join_41_42,25,26,,,unknown
nuweimeh__project_qumran__exclude_low__join_41_42,26,27,,,unknown
nuweimeh__project_qumran__exclude_low__join_41_42,27,28,,,unknown
nuweimeh__project_qumran__exclude_low__join_41_42,28,29,,,unknown
nuweimeh__project_qumran__exclude_low__join_41_42,29,30,,jericho,unknown
nuweimeh__project_qumran__exclude_low__join_41_42,30,31,jericho,jericho,same
nuweimeh__project_qumran__exclude_low__join_41_42,31,32,jericho,jericho,same
nuweimeh__project_qumran__exclude_low__join_41_42,32,33,jericho,,unknown
nuweimeh__project_qumran__exclude_low__join_41_42,33,34,,,unknown
nuweimeh__project_qumran__exclude_low__join_41_42,34,35,,,unknown
nuweimeh__project_qumran__exclude_low__join_41_42,35,36,,,unknown
nuweimeh__project_qumran__exclude_low__join_41_42,36,37,,,unknown
nuweimeh__project_qumran__exclude_low__join_41_42,37,38,,,unknown
nuweimeh__project_qumran__exclude_low__join_41_42,38,39,,,unknown
nuweimeh__project_qumran__exclude_low__join_41_42,39,40,,,unknown
nuweimeh__project_qumran__exclude_low__join_41_42,40,41+42,,,unknown
nuweimeh__project_qumran__exclude_low__join_41_42,41+42,43,,,unknown
nuweimeh__project_qumran__exclude_low__join_41_42,43,44,,,unknown
nuweimeh__project_qumran__exclude_low__join_41_42,44,45,,,unknown
nuweimeh__project_qumran__exclude_low__join_41_42,45,46,,,unknown
nuweimeh__project_qumran__exclude_low__join_41_42,46,47,,,unknown
nuweimeh__project_qumran__exclude_low__join_41_42,47,48,,,unknown
nuweimeh__project_qumran__exclude_low__join_41_42,48,49,,jerusalem,unknown
nuweimeh__project_qumran__exclude_low__join_41_42,49,50,jerusalem,,unknown
nuweimeh__project_qumran__exclude_low__join_41_42,50,51,,jerusalem,unknown
nuweimeh__project_qumran__exclude_low__join_41_42,51,52,jerusalem,,unknown
nuweimeh__project_qumran__exclude_low__join_41_42,52,53,,,unknown
nuweimeh__project_qumran__exclude_low__join_41_42,53,54,,,unknown
nuweimeh__project_qumran__exclude_low__join_41_42,54,55,,jerusalem,unknown
nuweimeh__project_qumran__exclude_low__join_41_42,55,56,jerusalem,,unknown
nuweimeh__project_qumran__exclude_low__join_41_42,56,57,,,unknown
nuweimeh__project_qumran__exclude_low__join_41_42,57,58,,,unknown
nuweimeh__project_qumran__exclude_low__join_41_42,58,59,,,unknown
nuweimeh__project_qumran__exclude_low__join_41_42,59,60,,,unknown
nuweimeh__project_qumran__exclude_low__join_49_50,1,2,,,unknown
nuweimeh__project_qumran__exclude_low__join_49_50,2,3,,,unknown
nuweimeh__project_qumran__exclude_low__join_49_50,3,4,,,unknown
nuweimeh__project_qumran__exclude_low__join_49_50,4,5,,,unknown
nuweimeh__project_qumran__exclude_low__join_49_50,5,6,,,unknown
nuweimeh__project_qumran__exclude_low__join_49_50,6,7,,,unknown
nuweimeh__project_qumran__exclude_low__join_49_50,7,8,,,unknown
nuweimeh__project_qumran__exclude_low__join_49_50,8,9,,jerusalem,unknown
nuweimeh__project_qumran__exclude_low__join_49_50,9,10,jerusalem,jerusalem,same
nuweimeh__project_qumran__exclude_low__join_49_50,10,11,jerusalem,,unknown
nuweimeh__project_qumran__exclude_low__join_49_50,11,12,,,unknown
nuweimeh__project_qumran__exclude_low__join_49_50,12,12a,,,unknown
nuweimeh__project_qumran__exclude_low__join_49_50,12a,13,,,unknown
nuweimeh__project_qumran__exclude_low__join_49_50,13,14,,,unknown
nuweimeh__project_qumran__exclude_low__join_49_50,14,15,,,unknown
nuweimeh__project_qumran__exclude_low__join_49_50,15,16,,,unknown
nuweimeh__project_qumran__exclude_low__join_49_50,16,17,,jericho,unknown
nuweimeh__project_qumran__exclude_low__join_49_50,17,18,jericho,jericho,same
nuweimeh__project_qumran__exclude_low__join_49_50,18,19,jericho,,unknown
nuweimeh__project_qumran__exclude_low__join_49_50,19,20,,jericho,unknown
nuweimeh__project_qumran__exclude_low__join_49_50,20,21,jericho,jericho,same
nuweimeh__project_qumran__exclude_low__join_49_50,21,22,jericho,jericho,same
nuweimeh__project_qumran__exclude_low__join_49_50,22,23,jericho,,unknown
nuweimeh__project_qumran__exclude_low__join_49_50,23,24,,,unknown
nuweimeh__project_qumran__exclude_low__join_49_50,24,25,,,unknown
nuweimeh__project_qumran__exclude_low__join_49_50,25,26,,,unknown
nuweimeh__project_qumran__exclude_low__join_49_50,26,27,,,unknown
nuweimeh__project_qumran__exclude_low__join_49_50,27,28,,,unknown
nuweimeh__project_qumran__exclude_low__join_49_50,28,29,,,unknown
nuweimeh__project_qumran__exclude_low__join_49_50,29,30,,jericho,unknown
nuweimeh__project_qumran__exclude_low__join_49_50,30,31,jericho,jericho,same
nuweimeh__project_qumran__exclude_low__join_49_50,31,32,jericho,jericho,same
nuweimeh__project_qumran__exclude_low__join_49_50,32,33,jericho,,unknown
nuweimeh__project_qumran__exclude_low__join_49_50,33,34,,,unknown
nuweimeh__project_qumran__exclude_low__join_49_50,34,35,,,unknown
nuweimeh__project_qumran__exclude_low__join_49_50,35,36,,,unknown
nuweimeh__project_qumran__exclude_low__join_49_50,36,37,,,unknown
nuweimeh__project_qumran__exclude_low__join_49_50,37,38,,,unknown
nuweimeh__project_qumran__exclude_low__join_49_50,38,39,,,unknown
nuweimeh__project_qumran__exclude_low__join_49_50,39,40,,,unknown
nuweimeh__project_qumran__exclude_low__join_49_50,40,41,,,unknown
nuweimeh__project_qumran__exclude_low__join_49_50,41,42,,,unknown
nuweimeh__project_qumran__exclude_low__join_49_50,42,43,,,unknown
nuweimeh__project_qumran__exclude_low__join_49_50,43,44,,,unknown
nuweimeh__project_qumran__exclude_low__join_49_50,44,45,,,unknown
nuweimeh__project_qumran__exclude_low__join_49_50,45,46,,,unknown
nuweimeh__project_qumran__exclude_low__join_49_50,46,47,,,unknown
nuweimeh__project_qumran__exclude_low__join_49_50,47,48,,,unknown
nuweimeh__project_qumran__exclude_low__join_49_50,48,49+50,,,unknown
nuweimeh__project_qumran__exclude_low__join_49_50,49+50,51,,jerusalem,unknown
nuweimeh__project_qumran__exclude_low__join_49_50,51,52,jerusalem,,unknown
nuweimeh__project_qumran__exclude_low__join_49_50,52,53,,,unknown
nuweimeh__project_qumran__exclude_low__join_49_50,53,54,,,unknown
nuweimeh__project_qumran__exclude_low__join_49_50,54,55,,jerusalem,unknown
nuweimeh__project_qumran__exclude_low__join_49_50,55,56,jerusalem,,unknown
nuweimeh__project_qumran__exclude_low__join_49_50,56,57,,,unknown
nuweimeh__project_qumran__exclude_low__join_49_50,57,58,,,unknown
nuweimeh__project_qumran__exclude_low__join_49_50,58,59,,,unknown
nuweimeh__project_qumran__exclude_low__join_49_50,59,60,,,unknown
nuweimeh__project_qumran__exclude_low__split_9,1,2,,,unknown
nuweimeh__project_qumran__exclude_low__split_9,2,3,,,unknown
nuweimeh__project_qumran__exclude_low__split_9,3,4,,,unknown
nuweimeh__project_qumran__exclude_low__split_9,4,5,,,unknown
nuweimeh__project_qumran__exclude_low__split_9,5,6,,,unknown
nuweimeh__project_qumran__exclude_low__split_9,6,7,,,unknown
nuweimeh__project_qumran__exclude_low__split_9,7,8,,,unknown
nuweimeh__project_qumran__exclude_low__split_9,8,9:II7-8,,,unknown
nuweimeh__project_qumran__exclude_low__split_9,9:II7-8,9:II9,,,unknown
nuweimeh__project_qumran__exclude_low__split_9,9:II9,10,,jerusalem,unknown
nuweimeh__project_qumran__exclude_low__split_9,10,11,jerusalem,,unknown
nuweimeh__project_qumran__exclude_low__split_9,11,12,,,unknown
nuweimeh__project_qumran__exclude_low__split_9,12,12a,,,unknown
nuweimeh__project_qumran__exclude_low__split_9,12a,13,,,unknown
nuweimeh__project_qumran__exclude_low__split_9,13,14,,,unknown
nuweimeh__project_qumran__exclude_low__split_9,14,15,,,unknown
nuweimeh__project_qumran__exclude_low__split_9,15,16,,,unknown
nuweimeh__project_qumran__exclude_low__split_9,16,17,,jericho,unknown
nuweimeh__project_qumran__exclude_low__split_9,17,18,jericho,jericho,same
nuweimeh__project_qumran__exclude_low__split_9,18,19,jericho,,unknown
nuweimeh__project_qumran__exclude_low__split_9,19,20,,jericho,unknown
nuweimeh__project_qumran__exclude_low__split_9,20,21,jericho,jericho,same
nuweimeh__project_qumran__exclude_low__split_9,21,22,jericho,jericho,same
nuweimeh__project_qumran__exclude_low__split_9,22,23,jericho,,unknown
nuweimeh__project_qumran__exclude_low__split_9,23,24,,,unknown
nuweimeh__project_qumran__exclude_low__split_9,24,25,,,unknown
nuweimeh__project_qumran__exclude_low__split_9,25,26,,,unknown
nuweimeh__project_qumran__exclude_low__split_9,26,27,,,unknown
nuweimeh__project_qumran__exclude_low__split_9,27,28,,,unknown
nuweimeh__project_qumran__exclude_low__split_9,28,29,,,unknown
nuweimeh__project_qumran__exclude_low__split_9,29,30,,jericho,unknown
nuweimeh__project_qumran__exclude_low__split_9,30,31,jericho,jericho,same
nuweimeh__project_qumran__exclude_low__split_9,31,32,jericho,jericho,same
nuweimeh__project_qumran__exclude_low__split_9,32,33,jericho,,unknown
nuweimeh__project_qumran__exclude_low__split_9,33,34,,,unknown
nuweimeh__project_qumran__exclude_low__split_9,34,35,,,unknown
nuweimeh__project_qumran__exclude_low__split_9,35,36,,,unknown
nuweimeh__project_qumran__exclude_low__split_9,36,37,,,unknown
nuweimeh__project_qumran__exclude_low__split_9,37,38,,,unknown
nuweimeh__project_qumran__exclude_low__split_9,38,39,,,unknown
nuweimeh__project_qumran__exclude_low__split_9,39,40,,,unknown
nuweimeh__project_qumran__exclude_low__split_9,40,41,,,unknown
nuweimeh__project_qumran__exclude_low__split_9,41,42,,,unknown
nuweimeh__project_qumran__exclude_low__split_9,42,43,,,unknown
nuweimeh__project_qumran__exclude_low__split_9,43,44,,,unknown
nuweimeh__project_qumran__exclude_low__split_9,44,45,,,unknown
nuweimeh__project_qumran__exclude_low__split_9,45,46,,,unknown
nuweimeh__project_qumran__exclude_low__split_9,46,47,,,unknown
nuweimeh__project_qumran__exclude_low__split_9,47,48,,,unknown
nuweimeh__project_qumran__exclude_low__split_9,48,49,,jerusalem,unknown
nuweimeh__project_qumran__exclude_low__split_9,49,50,jerusalem,,unknown
nuweimeh__project_qumran__exclude_low__split_9,50,51,,jerusalem,unknown
nuweimeh__project_qumran__exclude_low__split_9,51,52,jerusalem,,unknown
nuweimeh__project_qumran__exclude_low__split_9,52,53,,,unknown
nuweimeh__project_qumran__exclude_low__split_9,53,54,,,unknown
nuweimeh__project_qumran__exclude_low__split_9,54,55,,jerusalem,unknown
nuweimeh__project_qumran__exclude_low__split_9,55,56,jerusalem,,unknown
nuweimeh__project_qumran__exclude_low__split_9,56,57,,,unknown
nuweimeh__project_qumran__exclude_low__split_9,57,58,,,unknown
nuweimeh__project_qumran__exclude_low__split_9,58,59,,,unknown
nuweimeh__project_qumran__exclude_low__split_9,59,60,,,unknown
nuweimeh__project_qumran__exclude_low__split_56,1,2,,,unknown
nuweimeh__project_qumran__exclude_low__split_56,2,3,,,unknown
nuweimeh__project_qumran__exclude_low__split_56,3,4,,,unknown
nuweimeh__project_qumran__exclude_low__split_56,4,5,,,unknown
nuweimeh__project_qumran__exclude_low__split_56,5,6,,,unknown
nuweimeh__project_qumran__exclude_low__split_56,6,7,,,unknown
nuweimeh__project_qumran__exclude_low__split_56,7,8,,,unknown
nuweimeh__project_qumran__exclude_low__split_56,8,9,,jerusalem,unknown
nuweimeh__project_qumran__exclude_low__split_56,9,10,jerusalem,jerusalem,same
nuweimeh__project_qumran__exclude_low__split_56,10,11,jerusalem,,unknown
nuweimeh__project_qumran__exclude_low__split_56,11,12,,,unknown
nuweimeh__project_qumran__exclude_low__split_56,12,12a,,,unknown
nuweimeh__project_qumran__exclude_low__split_56,12a,13,,,unknown
nuweimeh__project_qumran__exclude_low__split_56,13,14,,,unknown
nuweimeh__project_qumran__exclude_low__split_56,14,15,,,unknown
nuweimeh__project_qumran__exclude_low__split_56,15,16,,,unknown
nuweimeh__project_qumran__exclude_low__split_56,16,17,,jericho,unknown
nuweimeh__project_qumran__exclude_low__split_56,17,18,jericho,jericho,same
nuweimeh__project_qumran__exclude_low__split_56,18,19,jericho,,unknown
nuweimeh__project_qumran__exclude_low__split_56,19,20,,jericho,unknown
nuweimeh__project_qumran__exclude_low__split_56,20,21,jericho,jericho,same
nuweimeh__project_qumran__exclude_low__split_56,21,22,jericho,jericho,same
nuweimeh__project_qumran__exclude_low__split_56,22,23,jericho,,unknown
nuweimeh__project_qumran__exclude_low__split_56,23,24,,,unknown
nuweimeh__project_qumran__exclude_low__split_56,24,25,,,unknown
nuweimeh__project_qumran__exclude_low__split_56,25,26,,,unknown
nuweimeh__project_qumran__exclude_low__split_56,26,27,,,unknown
nuweimeh__project_qumran__exclude_low__split_56,27,28,,,unknown
nuweimeh__project_qumran__exclude_low__split_56,28,29,,,unknown
nuweimeh__project_qumran__exclude_low__split_56,29,30,,jericho,unknown
nuweimeh__project_qumran__exclude_low__split_56,30,31,jericho,jericho,same
nuweimeh__project_qumran__exclude_low__split_56,31,32,jericho,jericho,same
nuweimeh__project_qumran__exclude_low__split_56,32,33,jericho,,unknown
nuweimeh__project_qumran__exclude_low__split_56,33,34,,,unknown
nuweimeh__project_qumran__exclude_low__split_56,34,35,,,unknown
nuweimeh__project_qumran__exclude_low__split_56,35,36,,,unknown
nuweimeh__project_qumran__exclude_low__split_56,36,37,,,unknown
nuweimeh__project_qumran__exclude_low__split_56,37,38,,,unknown
nuweimeh__project_qumran__exclude_low__split_56,38,39,,,unknown
nuweimeh__project_qumran__exclude_low__split_56,39,40,,,unknown
nuweimeh__project_qumran__exclude_low__split_56,40,41,,,unknown
nuweimeh__project_qumran__exclude_low__split_56,41,42,,,unknown
nuweimeh__project_qumran__exclude_low__split_56,42,43,,,unknown
nuweimeh__project_qumran__exclude_low__split_56,43,44,,,unknown
nuweimeh__project_qumran__exclude_low__split_56,44,45,,,unknown
nuweimeh__project_qumran__exclude_low__split_56,45,46,,,unknown
nuweimeh__project_qumran__exclude_low__split_56,46,47,,,unknown
nuweimeh__project_qumran__exclude_low__split_56,47,48,,,unknown
nuweimeh__project_qumran__exclude_low__split_56,48,49,,jerusalem,unknown
nuweimeh__project_qumran__exclude_low__split_56,49,50,jerusalem,,unknown
nuweimeh__project_qumran__exclude_low__split_56,50,51,,jerusalem,unknown
nuweimeh__project_qumran__exclude_low__split_56,51,52,jerusalem,,unknown
nuweimeh__project_qumran__exclude_low__split_56,52,53,,,unknown
nuweimeh__project_qumran__exclude_low__split_56,53,54,,,unknown
nuweimeh__project_qumran__exclude_low__split_56,54,55,,jerusalem,unknown
nuweimeh__project_qumran__exclude_low__split_56,55,56:XI16-XII1a,jerusalem,,unknown
nuweimeh__project_qumran__exclude_low__split_56,56:XI16-XII1a,56:XII1b-2a,,,unknown
nuweimeh__project_qumran__exclude_low__split_56,56:XII1b-2a,56:XII2b-3,,,unknown
nuweimeh__project_qumran__exclude_low__split_56,56:XII2b-3,57,,,unknown
nuweimeh__project_qumran__exclude_low__split_56,57,58,,,unknown
nuweimeh__project_qumran__exclude_low__split_56,58,59,,,unknown
nuweimeh__project_qumran__exclude_low__split_56,59,60,,,unknown
nuweimeh__project_qumran__exclude_low__split_9_and_56,1,2,,,unknown
nuweimeh__project_qumran__exclude_low__split_9_and_56,2,3,,,unknown
nuweimeh__project_qumran__exclude_low__split_9_and_56,3,4,,,unknown
nuweimeh__project_qumran__exclude_low__split_9_and_56,4,5,,,unknown
nuweimeh__project_qumran__exclude_low__split_9_and_56,5,6,,,unknown
nuweimeh__project_qumran__exclude_low__split_9_and_56,6,7,,,unknown
nuweimeh__project_qumran__exclude_low__split_9_and_56,7,8,,,unknown
nuweimeh__project_qumran__exclude_low__split_9_and_56,8,9:II7-8,,,unknown
nuweimeh__project_qumran__exclude_low__split_9_and_56,9:II7-8,9:II9,,,unknown
nuweimeh__project_qumran__exclude_low__split_9_and_56,9:II9,10,,jerusalem,unknown
nuweimeh__project_qumran__exclude_low__split_9_and_56,10,11,jerusalem,,unknown
nuweimeh__project_qumran__exclude_low__split_9_and_56,11,12,,,unknown
nuweimeh__project_qumran__exclude_low__split_9_and_56,12,12a,,,unknown
nuweimeh__project_qumran__exclude_low__split_9_and_56,12a,13,,,unknown
nuweimeh__project_qumran__exclude_low__split_9_and_56,13,14,,,unknown
nuweimeh__project_qumran__exclude_low__split_9_and_56,14,15,,,unknown
nuweimeh__project_qumran__exclude_low__split_9_and_56,15,16,,,unknown
nuweimeh__project_qumran__exclude_low__split_9_and_56,16,17,,jericho,unknown
nuweimeh__project_qumran__exclude_low__split_9_and_56,17,18,jericho,jericho,same
nuweimeh__project_qumran__exclude_low__split_9_and_56,18,19,jericho,,unknown
nuweimeh__project_qumran__exclude_low__split_9_and_56,19,20,,jericho,unknown
nuweimeh__project_qumran__exclude_low__split_9_and_56,20,21,jericho,jericho,same
nuweimeh__project_qumran__exclude_low__split_9_and_56,21,22,jericho,jericho,same
nuweimeh__project_qumran__exclude_low__split_9_and_56,22,23,jericho,,unknown
nuweimeh__project_qumran__exclude_low__split_9_and_56,23,24,,,unknown
nuweimeh__project_qumran__exclude_low__split_9_and_56,24,25,,,unknown
nuweimeh__project_qumran__exclude_low__split_9_and_56,25,26,,,unknown
nuweimeh__project_qumran__exclude_low__split_9_and_56,26,27,,,unknown
nuweimeh__project_qumran__exclude_low__split_9_and_56,27,28,,,unknown
nuweimeh__project_qumran__exclude_low__split_9_and_56,28,29,,,unknown
nuweimeh__project_qumran__exclude_low__split_9_and_56,29,30,,jericho,unknown
nuweimeh__project_qumran__exclude_low__split_9_and_56,30,31,jericho,jericho,same
nuweimeh__project_qumran__exclude_low__split_9_and_56,31,32,jericho,jericho,same
nuweimeh__project_qumran__exclude_low__split_9_and_56,32,33,jericho,,unknown
nuweimeh__project_qumran__exclude_low__split_9_and_56,33,34,,,unknown
nuweimeh__project_qumran__exclude_low__split_9_and_56,34,35,,,unknown
nuweimeh__project_qumran__exclude_low__split_9_and_56,35,36,,,unknown
nuweimeh__project_qumran__exclude_low__split_9_and_56,36,37,,,unknown
nuweimeh__project_qumran__exclude_low__split_9_and_56,37,38,,,unknown
nuweimeh__project_qumran__exclude_low__split_9_and_56,38,39,,,unknown
nuweimeh__project_qumran__exclude_low__split_9_and_56,39,40,,,unknown
nuweimeh__project_qumran__exclude_low__split_9_and_56,40,41,,,unknown
nuweimeh__project_qumran__exclude_low__split_9_and_56,41,42,,,unknown
nuweimeh__project_qumran__exclude_low__split_9_and_56,42,43,,,unknown
nuweimeh__project_qumran__exclude_low__split_9_and_56,43,44,,,unknown
nuweimeh__project_qumran__exclude_low__split_9_and_56,44,45,,,unknown
nuweimeh__project_qumran__exclude_low__split_9_and_56,45,46,,,unknown
nuweimeh__project_qumran__exclude_low__split_9_and_56,46,47,,,unknown
nuweimeh__project_qumran__exclude_low__split_9_and_56,47,48,,,unknown
nuweimeh__project_qumran__exclude_low__split_9_and_56,48,49,,jerusalem,unknown
nuweimeh__project_qumran__exclude_low__split_9_and_56,49,50,jerusalem,,unknown
nuweimeh__project_qumran__exclude_low__split_9_and_56,50,51,,jerusalem,unknown
nuweimeh__project_qumran__exclude_low__split_9_and_56,51,52,jerusalem,,unknown
nuweimeh__project_qumran__exclude_low__split_9_and_56,52,53,,,unknown
nuweimeh__project_qumran__exclude_low__split_9_and_56,53,54,,,unknown
nuweimeh__project_qumran__exclude_low__split_9_and_56,54,55,,jerusalem,unknown
nuweimeh__project_qumran__exclude_low__split_9_and_56,55,56:XI16-XII1a,jerusalem,,unknown
nuweimeh__project_qumran__exclude_low__split_9_and_56,56:XI16-XII1a,56:XII1b-2a,,,unknown
nuweimeh__project_qumran__exclude_low__split_9_and_56,56:XII1b-2a,56:XII2b-3,,,unknown
nuweimeh__project_qumran__exclude_low__split_9_and_56,56:XII2b-3,57,,,unknown
nuweimeh__project_qumran__exclude_low__split_9_and_56,57,58,,,unknown
nuweimeh__project_qumran__exclude_low__split_9_and_56,58,59,,,unknown
nuweimeh__project_qumran__exclude_low__split_9_and_56,59,60,,,unknown
nuweimeh__unassigned__include_low__project_61,1,2,jericho,,unknown
nuweimeh__unassigned__include_low__project_61,2,3,,,unknown
nuweimeh__unassigned__include_low__project_61,3,4,,jericho,unknown
nuweimeh__unassigned__include_low__project_61,4,5,jericho,jerusalem,different
nuweimeh__unassigned__include_low__project_61,5,6,jerusalem,jerusalem,same
nuweimeh__unassigned__include_low__project_61,6,7,jerusalem,jerusalem,same
nuweimeh__unassigned__include_low__project_61,7,8,jerusalem,jerusalem,same
nuweimeh__unassigned__include_low__project_61,8,9,jerusalem,jerusalem,same
nuweimeh__unassigned__include_low__project_61,9,10,jerusalem,jerusalem,same
nuweimeh__unassigned__include_low__project_61,10,11,jerusalem,jericho,different
nuweimeh__unassigned__include_low__project_61,11,12,jericho,jerusalem,different
nuweimeh__unassigned__include_low__project_61,12,12a,jerusalem,jerusalem,same
nuweimeh__unassigned__include_low__project_61,12a,13,jerusalem,jerusalem,same
nuweimeh__unassigned__include_low__project_61,13,14,jerusalem,jerusalem,same
nuweimeh__unassigned__include_low__project_61,14,15,jerusalem,jericho,different
nuweimeh__unassigned__include_low__project_61,15,16,jericho,,unknown
nuweimeh__unassigned__include_low__project_61,16,17,,jericho,unknown
nuweimeh__unassigned__include_low__project_61,17,18,jericho,jericho,same
nuweimeh__unassigned__include_low__project_61,18,19,jericho,jericho,same
nuweimeh__unassigned__include_low__project_61,19,20,jericho,,unknown
nuweimeh__unassigned__include_low__project_61,20,21,,,unknown
nuweimeh__unassigned__include_low__project_61,21,22,,,unknown
nuweimeh__unassigned__include_low__project_61,22,23,,,unknown
nuweimeh__unassigned__include_low__project_61,23,24,,jericho,unknown
nuweimeh__unassigned__include_low__project_61,24,25,jericho,jericho,same
nuweimeh__unassigned__include_low__project_61,25,26,jericho,jericho,same
nuweimeh__unassigned__include_low__project_61,26,27,jericho,,unknown
nuweimeh__unassigned__include_low__project_61,27,28,,jericho,unknown
nuweimeh__unassigned__include_low__project_61,28,29,jericho,,unknown
nuweimeh__unassigned__include_low__project_61,29,30,,jericho,unknown
nuweimeh__unassigned__include_low__project_61,30,31,jericho,jericho,same
nuweimeh__unassigned__include_low__project_61,31,32,jericho,jericho,same
nuweimeh__unassigned__include_low__project_61,32,33,jericho,jericho,same
nuweimeh__unassigned__include_low__project_61,33,34,jericho,,unknown
nuweimeh__unassigned__include_low__project_61,34,35,,,unknown
nuweimeh__unassigned__include_low__project_61,35,36,,jerusalem,unknown
nuweimeh__unassigned__include_low__project_61,36,37,jerusalem,jerusalem,same
nuweimeh__unassigned__include_low__project_61,37,38,jerusalem,,unknown
nuweimeh__unassigned__include_low__project_61,38,39,,,unknown
nuweimeh__unassigned__include_low__project_61,39,40,,,unknown
nuweimeh__unassigned__include_low__project_61,40,41,,,unknown
nuweimeh__unassigned__include_low__project_61,41,42,,,unknown
nuweimeh__unassigned__include_low__project_61,42,43,,,unknown
nuweimeh__unassigned__include_low__project_61,43,44,,,unknown
nuweimeh__unassigned__include_low__project_61,44,45,,,unknown
nuweimeh__unassigned__include_low__project_61,45,46,,jerusalem,unknown
nuweimeh__unassigned__include_low__project_61,46,47,jerusalem,jerusalem,same
nuweimeh__unassigned__include_low__project_61,47,48,jerusalem,jerusalem,same
nuweimeh__unassigned__include_low__project_61,48,49,jerusalem,jerusalem,same
nuweimeh__unassigned__include_low__project_61,49,50,jerusalem,jerusalem,same
nuweimeh__unassigned__include_low__project_61,50,51,jerusalem,jerusalem,same
nuweimeh__unassigned__include_low__project_61,51,52,jerusalem,jerusalem,same
nuweimeh__unassigned__include_low__project_61,52,53,jerusalem,jerusalem,same
nuweimeh__unassigned__include_low__project_61,53,54,jerusalem,jerusalem,same
nuweimeh__unassigned__include_low__project_61,54,55,jerusalem,jerusalem,same
nuweimeh__unassigned__include_low__project_61,55,56,jerusalem,jerusalem,same
nuweimeh__unassigned__include_low__project_61,56,57,jerusalem,,unknown
nuweimeh__unassigned__include_low__project_61,57,58,,,unknown
nuweimeh__unassigned__include_low__project_61,58,59,,,unknown
nuweimeh__unassigned__include_low__project_61,59,60,,jericho,unknown
nuweimeh__unassigned__include_low__join_12_12a,1,2,jericho,,unknown
nuweimeh__unassigned__include_low__join_12_12a,2,3,,,unknown
nuweimeh__unassigned__include_low__join_12_12a,3,4,,jericho,unknown
nuweimeh__unassigned__include_low__join_12_12a,4,5,jericho,jerusalem,different
nuweimeh__unassigned__include_low__join_12_12a,5,6,jerusalem,jerusalem,same
nuweimeh__unassigned__include_low__join_12_12a,6,7,jerusalem,jerusalem,same
nuweimeh__unassigned__include_low__join_12_12a,7,8,jerusalem,jerusalem,same
nuweimeh__unassigned__include_low__join_12_12a,8,9,jerusalem,jerusalem,same
nuweimeh__unassigned__include_low__join_12_12a,9,10,jerusalem,jerusalem,same
nuweimeh__unassigned__include_low__join_12_12a,10,11,jerusalem,jericho,different
nuweimeh__unassigned__include_low__join_12_12a,11,12+12a,jericho,jerusalem,different
nuweimeh__unassigned__include_low__join_12_12a,12+12a,13,jerusalem,jerusalem,same
nuweimeh__unassigned__include_low__join_12_12a,13,14,jerusalem,jerusalem,same
nuweimeh__unassigned__include_low__join_12_12a,14,15,jerusalem,jericho,different
nuweimeh__unassigned__include_low__join_12_12a,15,16,jericho,,unknown
nuweimeh__unassigned__include_low__join_12_12a,16,17,,jericho,unknown
nuweimeh__unassigned__include_low__join_12_12a,17,18,jericho,jericho,same
nuweimeh__unassigned__include_low__join_12_12a,18,19,jericho,jericho,same
nuweimeh__unassigned__include_low__join_12_12a,19,20,jericho,,unknown
nuweimeh__unassigned__include_low__join_12_12a,20,21,,,unknown
nuweimeh__unassigned__include_low__join_12_12a,21,22,,,unknown
nuweimeh__unassigned__include_low__join_12_12a,22,23,,,unknown
nuweimeh__unassigned__include_low__join_12_12a,23,24,,jericho,unknown
nuweimeh__unassigned__include_low__join_12_12a,24,25,jericho,jericho,same
nuweimeh__unassigned__include_low__join_12_12a,25,26,jericho,jericho,same
nuweimeh__unassigned__include_low__join_12_12a,26,27,jericho,,unknown
nuweimeh__unassigned__include_low__join_12_12a,27,28,,jericho,unknown
nuweimeh__unassigned__include_low__join_12_12a,28,29,jericho,,unknown
nuweimeh__unassigned__include_low__join_12_12a,29,30,,jericho,unknown
nuweimeh__unassigned__include_low__join_12_12a,30,31,jericho,jericho,same
nuweimeh__unassigned__include_low__join_12_12a,31,32,jericho,jericho,same
nuweimeh__unassigned__include_low__join_12_12a,32,33,jericho,jericho,same
nuweimeh__unassigned__include_low__join_12_12a,33,34,jericho,,unknown
nuweimeh__unassigned__include_low__join_12_12a,34,35,,,unknown
nuweimeh__unassigned__include_low__join_12_12a,35,36,,jerusalem,unknown
nuweimeh__unassigned__include_low__join_12_12a,36,37,jerusalem,jerusalem,same
nuweimeh__unassigned__include_low__join_12_12a,37,38,jerusalem,,unknown
nuweimeh__unassigned__include_low__join_12_12a,38,39,,,unknown
nuweimeh__unassigned__include_low__join_12_12a,39,40,,,unknown
nuweimeh__unassigned__include_low__join_12_12a,40,41,,,unknown
nuweimeh__unassigned__include_low__join_12_12a,41,42,,,unknown
nuweimeh__unassigned__include_low__join_12_12a,42,43,,,unknown
nuweimeh__unassigned__include_low__join_12_12a,43,44,,,unknown
nuweimeh__unassigned__include_low__join_12_12a,44,45,,,unknown
nuweimeh__unassigned__include_low__join_12_12a,45,46,,jerusalem,unknown
nuweimeh__unassigned__include_low__join_12_12a,46,47,jerusalem,jerusalem,same
nuweimeh__unassigned__include_low__join_12_12a,47,48,jerusalem,jerusalem,same
nuweimeh__unassigned__include_low__join_12_12a,48,49,jerusalem,jerusalem,same
nuweimeh__unassigned__include_low__join_12_12a,49,50,jerusalem,jerusalem,same
nuweimeh__unassigned__include_low__join_12_12a,50,51,jerusalem,jerusalem,same
nuweimeh__unassigned__include_low__join_12_12a,51,52,jerusalem,jerusalem,same
nuweimeh__unassigned__include_low__join_12_12a,52,53,jerusalem,jerusalem,same
nuweimeh__unassigned__include_low__join_12_12a,53,54,jerusalem,jerusalem,same
nuweimeh__unassigned__include_low__join_12_12a,54,55,jerusalem,jerusalem,same
nuweimeh__unassigned__include_low__join_12_12a,55,56,jerusalem,jerusalem,same
nuweimeh__unassigned__include_low__join_12_12a,56,57,jerusalem,,unknown
nuweimeh__unassigned__include_low__join_12_12a,57,58,,,unknown
nuweimeh__unassigned__include_low__join_12_12a,58,59,,,unknown
nuweimeh__unassigned__include_low__join_12_12a,59,60,,jericho,unknown
nuweimeh__unassigned__include_low__join_40_41,1,2,jericho,,unknown
nuweimeh__unassigned__include_low__join_40_41,2,3,,,unknown
nuweimeh__unassigned__include_low__join_40_41,3,4,,jericho,unknown
nuweimeh__unassigned__include_low__join_40_41,4,5,jericho,jerusalem,different
nuweimeh__unassigned__include_low__join_40_41,5,6,jerusalem,jerusalem,same
nuweimeh__unassigned__include_low__join_40_41,6,7,jerusalem,jerusalem,same
nuweimeh__unassigned__include_low__join_40_41,7,8,jerusalem,jerusalem,same
nuweimeh__unassigned__include_low__join_40_41,8,9,jerusalem,jerusalem,same
nuweimeh__unassigned__include_low__join_40_41,9,10,jerusalem,jerusalem,same
nuweimeh__unassigned__include_low__join_40_41,10,11,jerusalem,jericho,different
nuweimeh__unassigned__include_low__join_40_41,11,12,jericho,jerusalem,different
nuweimeh__unassigned__include_low__join_40_41,12,12a,jerusalem,jerusalem,same
nuweimeh__unassigned__include_low__join_40_41,12a,13,jerusalem,jerusalem,same
nuweimeh__unassigned__include_low__join_40_41,13,14,jerusalem,jerusalem,same
nuweimeh__unassigned__include_low__join_40_41,14,15,jerusalem,jericho,different
nuweimeh__unassigned__include_low__join_40_41,15,16,jericho,,unknown
nuweimeh__unassigned__include_low__join_40_41,16,17,,jericho,unknown
nuweimeh__unassigned__include_low__join_40_41,17,18,jericho,jericho,same
nuweimeh__unassigned__include_low__join_40_41,18,19,jericho,jericho,same
nuweimeh__unassigned__include_low__join_40_41,19,20,jericho,,unknown
nuweimeh__unassigned__include_low__join_40_41,20,21,,,unknown
nuweimeh__unassigned__include_low__join_40_41,21,22,,,unknown
nuweimeh__unassigned__include_low__join_40_41,22,23,,,unknown
nuweimeh__unassigned__include_low__join_40_41,23,24,,jericho,unknown
nuweimeh__unassigned__include_low__join_40_41,24,25,jericho,jericho,same
nuweimeh__unassigned__include_low__join_40_41,25,26,jericho,jericho,same
nuweimeh__unassigned__include_low__join_40_41,26,27,jericho,,unknown
nuweimeh__unassigned__include_low__join_40_41,27,28,,jericho,unknown
nuweimeh__unassigned__include_low__join_40_41,28,29,jericho,,unknown
nuweimeh__unassigned__include_low__join_40_41,29,30,,jericho,unknown
nuweimeh__unassigned__include_low__join_40_41,30,31,jericho,jericho,same
nuweimeh__unassigned__include_low__join_40_41,31,32,jericho,jericho,same
nuweimeh__unassigned__include_low__join_40_41,32,33,jericho,jericho,same
nuweimeh__unassigned__include_low__join_40_41,33,34,jericho,,unknown
nuweimeh__unassigned__include_low__join_40_41,34,35,,,unknown
nuweimeh__unassigned__include_low__join_40_41,35,36,,jerusalem,unknown
nuweimeh__unassigned__include_low__join_40_41,36,37,jerusalem,jerusalem,same
nuweimeh__unassigned__include_low__join_40_41,37,38,jerusalem,,unknown
nuweimeh__unassigned__include_low__join_40_41,38,39,,,unknown
nuweimeh__unassigned__include_low__join_40_41,39,40+41,,,unknown
nuweimeh__unassigned__include_low__join_40_41,40+41,42,,,unknown
nuweimeh__unassigned__include_low__join_40_41,42,43,,,unknown
nuweimeh__unassigned__include_low__join_40_41,43,44,,,unknown
nuweimeh__unassigned__include_low__join_40_41,44,45,,,unknown
nuweimeh__unassigned__include_low__join_40_41,45,46,,jerusalem,unknown
nuweimeh__unassigned__include_low__join_40_41,46,47,jerusalem,jerusalem,same
nuweimeh__unassigned__include_low__join_40_41,47,48,jerusalem,jerusalem,same
nuweimeh__unassigned__include_low__join_40_41,48,49,jerusalem,jerusalem,same
nuweimeh__unassigned__include_low__join_40_41,49,50,jerusalem,jerusalem,same
nuweimeh__unassigned__include_low__join_40_41,50,51,jerusalem,jerusalem,same
nuweimeh__unassigned__include_low__join_40_41,51,52,jerusalem,jerusalem,same
nuweimeh__unassigned__include_low__join_40_41,52,53,jerusalem,jerusalem,same
nuweimeh__unassigned__include_low__join_40_41,53,54,jerusalem,jerusalem,same
nuweimeh__unassigned__include_low__join_40_41,54,55,jerusalem,jerusalem,same
nuweimeh__unassigned__include_low__join_40_41,55,56,jerusalem,jerusalem,same
nuweimeh__unassigned__include_low__join_40_41,56,57,jerusalem,,unknown
nuweimeh__unassigned__include_low__join_40_41,57,58,,,unknown
nuweimeh__unassigned__include_low__join_40_41,58,59,,,unknown
nuweimeh__unassigned__include_low__join_40_41,59,60,,jericho,unknown
nuweimeh__unassigned__include_low__join_41_42,1,2,jericho,,unknown
nuweimeh__unassigned__include_low__join_41_42,2,3,,,unknown
nuweimeh__unassigned__include_low__join_41_42,3,4,,jericho,unknown
nuweimeh__unassigned__include_low__join_41_42,4,5,jericho,jerusalem,different
nuweimeh__unassigned__include_low__join_41_42,5,6,jerusalem,jerusalem,same
nuweimeh__unassigned__include_low__join_41_42,6,7,jerusalem,jerusalem,same
nuweimeh__unassigned__include_low__join_41_42,7,8,jerusalem,jerusalem,same
nuweimeh__unassigned__include_low__join_41_42,8,9,jerusalem,jerusalem,same
nuweimeh__unassigned__include_low__join_41_42,9,10,jerusalem,jerusalem,same
nuweimeh__unassigned__include_low__join_41_42,10,11,jerusalem,jericho,different
nuweimeh__unassigned__include_low__join_41_42,11,12,jericho,jerusalem,different
nuweimeh__unassigned__include_low__join_41_42,12,12a,jerusalem,jerusalem,same
nuweimeh__unassigned__include_low__join_41_42,12a,13,jerusalem,jerusalem,same
nuweimeh__unassigned__include_low__join_41_42,13,14,jerusalem,jerusalem,same
nuweimeh__unassigned__include_low__join_41_42,14,15,jerusalem,jericho,different
nuweimeh__unassigned__include_low__join_41_42,15,16,jericho,,unknown
nuweimeh__unassigned__include_low__join_41_42,16,17,,jericho,unknown
nuweimeh__unassigned__include_low__join_41_42,17,18,jericho,jericho,same
nuweimeh__unassigned__include_low__join_41_42,18,19,jericho,jericho,same
nuweimeh__unassigned__include_low__join_41_42,19,20,jericho,,unknown
nuweimeh__unassigned__include_low__join_41_42,20,21,,,unknown
nuweimeh__unassigned__include_low__join_41_42,21,22,,,unknown
nuweimeh__unassigned__include_low__join_41_42,22,23,,,unknown
nuweimeh__unassigned__include_low__join_41_42,23,24,,jericho,unknown
nuweimeh__unassigned__include_low__join_41_42,24,25,jericho,jericho,same
nuweimeh__unassigned__include_low__join_41_42,25,26,jericho,jericho,same
nuweimeh__unassigned__include_low__join_41_42,26,27,jericho,,unknown
nuweimeh__unassigned__include_low__join_41_42,27,28,,jericho,unknown
nuweimeh__unassigned__include_low__join_41_42,28,29,jericho,,unknown
nuweimeh__unassigned__include_low__join_41_42,29,30,,jericho,unknown
nuweimeh__unassigned__include_low__join_41_42,30,31,jericho,jericho,same
nuweimeh__unassigned__include_low__join_41_42,31,32,jericho,jericho,same
nuweimeh__unassigned__include_low__join_41_42,32,33,jericho,jericho,same
nuweimeh__unassigned__include_low__join_41_42,33,34,jericho,,unknown
nuweimeh__unassigned__include_low__join_41_42,34,35,,,unknown
nuweimeh__unassigned__include_low__join_41_42,35,36,,jerusalem,unknown
nuweimeh__unassigned__include_low__join_41_42,36,37,jerusalem,jerusalem,same
nuweimeh__unassigned__include_low__join_41_42,37,38,jerusalem,,unknown
nuweimeh__unassigned__include_low__join_41_42,38,39,,,unknown
nuweimeh__unassigned__include_low__join_41_42,39,40,,,unknown
nuweimeh__unassigned__include_low__join_41_42,40,41+42,,,unknown
nuweimeh__unassigned__include_low__join_41_42,41+42,43,,,unknown
nuweimeh__unassigned__include_low__join_41_42,43,44,,,unknown
nuweimeh__unassigned__include_low__join_41_42,44,45,,,unknown
nuweimeh__unassigned__include_low__join_41_42,45,46,,jerusalem,unknown
nuweimeh__unassigned__include_low__join_41_42,46,47,jerusalem,jerusalem,same
nuweimeh__unassigned__include_low__join_41_42,47,48,jerusalem,jerusalem,same
nuweimeh__unassigned__include_low__join_41_42,48,49,jerusalem,jerusalem,same
nuweimeh__unassigned__include_low__join_41_42,49,50,jerusalem,jerusalem,same
nuweimeh__unassigned__include_low__join_41_42,50,51,jerusalem,jerusalem,same
nuweimeh__unassigned__include_low__join_41_42,51,52,jerusalem,jerusalem,same
nuweimeh__unassigned__include_low__join_41_42,52,53,jerusalem,jerusalem,same
nuweimeh__unassigned__include_low__join_41_42,53,54,jerusalem,jerusalem,same
nuweimeh__unassigned__include_low__join_41_42,54,55,jerusalem,jerusalem,same
nuweimeh__unassigned__include_low__join_41_42,55,56,jerusalem,jerusalem,same
nuweimeh__unassigned__include_low__join_41_42,56,57,jerusalem,,unknown
nuweimeh__unassigned__include_low__join_41_42,57,58,,,unknown
nuweimeh__unassigned__include_low__join_41_42,58,59,,,unknown
nuweimeh__unassigned__include_low__join_41_42,59,60,,jericho,unknown
nuweimeh__unassigned__include_low__join_49_50,1,2,jericho,,unknown
nuweimeh__unassigned__include_low__join_49_50,2,3,,,unknown
nuweimeh__unassigned__include_low__join_49_50,3,4,,jericho,unknown
nuweimeh__unassigned__include_low__join_49_50,4,5,jericho,jerusalem,different
nuweimeh__unassigned__include_low__join_49_50,5,6,jerusalem,jerusalem,same
nuweimeh__unassigned__include_low__join_49_50,6,7,jerusalem,jerusalem,same
nuweimeh__unassigned__include_low__join_49_50,7,8,jerusalem,jerusalem,same
nuweimeh__unassigned__include_low__join_49_50,8,9,jerusalem,jerusalem,same
nuweimeh__unassigned__include_low__join_49_50,9,10,jerusalem,jerusalem,same
nuweimeh__unassigned__include_low__join_49_50,10,11,jerusalem,jericho,different
nuweimeh__unassigned__include_low__join_49_50,11,12,jericho,jerusalem,different
nuweimeh__unassigned__include_low__join_49_50,12,12a,jerusalem,jerusalem,same
nuweimeh__unassigned__include_low__join_49_50,12a,13,jerusalem,jerusalem,same
nuweimeh__unassigned__include_low__join_49_50,13,14,jerusalem,jerusalem,same
nuweimeh__unassigned__include_low__join_49_50,14,15,jerusalem,jericho,different
nuweimeh__unassigned__include_low__join_49_50,15,16,jericho,,unknown
nuweimeh__unassigned__include_low__join_49_50,16,17,,jericho,unknown
nuweimeh__unassigned__include_low__join_49_50,17,18,jericho,jericho,same
nuweimeh__unassigned__include_low__join_49_50,18,19,jericho,jericho,same
nuweimeh__unassigned__include_low__join_49_50,19,20,jericho,,unknown
nuweimeh__unassigned__include_low__join_49_50,20,21,,,unknown
nuweimeh__unassigned__include_low__join_49_50,21,22,,,unknown
nuweimeh__unassigned__include_low__join_49_50,22,23,,,unknown
nuweimeh__unassigned__include_low__join_49_50,23,24,,jericho,unknown
nuweimeh__unassigned__include_low__join_49_50,24,25,jericho,jericho,same
nuweimeh__unassigned__include_low__join_49_50,25,26,jericho,jericho,same
nuweimeh__unassigned__include_low__join_49_50,26,27,jericho,,unknown
nuweimeh__unassigned__include_low__join_49_50,27,28,,jericho,unknown
nuweimeh__unassigned__include_low__join_49_50,28,29,jericho,,unknown
nuweimeh__unassigned__include_low__join_49_50,29,30,,jericho,unknown
nuweimeh__unassigned__include_low__join_49_50,30,31,jericho,jericho,same
nuweimeh__unassigned__include_low__join_49_50,31,32,jericho,jericho,same
nuweimeh__unassigned__include_low__join_49_50,32,33,jericho,jericho,same
nuweimeh__unassigned__include_low__join_49_50,33,34,jericho,,unknown
nuweimeh__unassigned__include_low__join_49_50,34,35,,,unknown
nuweimeh__unassigned__include_low__join_49_50,35,36,,jerusalem,unknown
nuweimeh__unassigned__include_low__join_49_50,36,37,jerusalem,jerusalem,same
nuweimeh__unassigned__include_low__join_49_50,37,38,jerusalem,,unknown
nuweimeh__unassigned__include_low__join_49_50,38,39,,,unknown
nuweimeh__unassigned__include_low__join_49_50,39,40,,,unknown
nuweimeh__unassigned__include_low__join_49_50,40,41,,,unknown
nuweimeh__unassigned__include_low__join_49_50,41,42,,,unknown
nuweimeh__unassigned__include_low__join_49_50,42,43,,,unknown
nuweimeh__unassigned__include_low__join_49_50,43,44,,,unknown
nuweimeh__unassigned__include_low__join_49_50,44,45,,,unknown
nuweimeh__unassigned__include_low__join_49_50,45,46,,jerusalem,unknown
nuweimeh__unassigned__include_low__join_49_50,46,47,jerusalem,jerusalem,same
nuweimeh__unassigned__include_low__join_49_50,47,48,jerusalem,jerusalem,same
nuweimeh__unassigned__include_low__join_49_50,48,49+50,jerusalem,jerusalem,same
nuweimeh__unassigned__include_low__join_49_50,49+50,51,jerusalem,jerusalem,same
nuweimeh__unassigned__include_low__join_49_50,51,52,jerusalem,jerusalem,same
nuweimeh__unassigned__include_low__join_49_50,52,53,jerusalem,jerusalem,same
nuweimeh__unassigned__include_low__join_49_50,53,54,jerusalem,jerusalem,same
nuweimeh__unassigned__include_low__join_49_50,54,55,jerusalem,jerusalem,same
nuweimeh__unassigned__include_low__join_49_50,55,56,jerusalem,jerusalem,same
nuweimeh__unassigned__include_low__join_49_50,56,57,jerusalem,,unknown
nuweimeh__unassigned__include_low__join_49_50,57,58,,,unknown
nuweimeh__unassigned__include_low__join_49_50,58,59,,,unknown
nuweimeh__unassigned__include_low__join_49_50,59,60,,jericho,unknown
nuweimeh__unassigned__include_low__split_9,1,2,jericho,,unknown
nuweimeh__unassigned__include_low__split_9,2,3,,,unknown
nuweimeh__unassigned__include_low__split_9,3,4,,jericho,unknown
nuweimeh__unassigned__include_low__split_9,4,5,jericho,jerusalem,different
nuweimeh__unassigned__include_low__split_9,5,6,jerusalem,jerusalem,same
nuweimeh__unassigned__include_low__split_9,6,7,jerusalem,jerusalem,same
nuweimeh__unassigned__include_low__split_9,7,8,jerusalem,jerusalem,same
nuweimeh__unassigned__include_low__split_9,8,9:II7-8,jerusalem,,unknown
nuweimeh__unassigned__include_low__split_9,9:II7-8,9:II9,,,unknown
nuweimeh__unassigned__include_low__split_9,9:II9,10,,jerusalem,unknown
nuweimeh__unassigned__include_low__split_9,10,11,jerusalem,jericho,different
nuweimeh__unassigned__include_low__split_9,11,12,jericho,jerusalem,different
nuweimeh__unassigned__include_low__split_9,12,12a,jerusalem,jerusalem,same
nuweimeh__unassigned__include_low__split_9,12a,13,jerusalem,jerusalem,same
nuweimeh__unassigned__include_low__split_9,13,14,jerusalem,jerusalem,same
nuweimeh__unassigned__include_low__split_9,14,15,jerusalem,jericho,different
nuweimeh__unassigned__include_low__split_9,15,16,jericho,,unknown
nuweimeh__unassigned__include_low__split_9,16,17,,jericho,unknown
nuweimeh__unassigned__include_low__split_9,17,18,jericho,jericho,same
nuweimeh__unassigned__include_low__split_9,18,19,jericho,jericho,same
nuweimeh__unassigned__include_low__split_9,19,20,jericho,,unknown
nuweimeh__unassigned__include_low__split_9,20,21,,,unknown
nuweimeh__unassigned__include_low__split_9,21,22,,,unknown
nuweimeh__unassigned__include_low__split_9,22,23,,,unknown
nuweimeh__unassigned__include_low__split_9,23,24,,jericho,unknown
nuweimeh__unassigned__include_low__split_9,24,25,jericho,jericho,same
nuweimeh__unassigned__include_low__split_9,25,26,jericho,jericho,same
nuweimeh__unassigned__include_low__split_9,26,27,jericho,,unknown
nuweimeh__unassigned__include_low__split_9,27,28,,jericho,unknown
nuweimeh__unassigned__include_low__split_9,28,29,jericho,,unknown
nuweimeh__unassigned__include_low__split_9,29,30,,jericho,unknown
nuweimeh__unassigned__include_low__split_9,30,31,jericho,jericho,same
nuweimeh__unassigned__include_low__split_9,31,32,jericho,jericho,same
nuweimeh__unassigned__include_low__split_9,32,33,jericho,jericho,same
nuweimeh__unassigned__include_low__split_9,33,34,jericho,,unknown
nuweimeh__unassigned__include_low__split_9,34,35,,,unknown
nuweimeh__unassigned__include_low__split_9,35,36,,jerusalem,unknown
nuweimeh__unassigned__include_low__split_9,36,37,jerusalem,jerusalem,same
nuweimeh__unassigned__include_low__split_9,37,38,jerusalem,,unknown
nuweimeh__unassigned__include_low__split_9,38,39,,,unknown
nuweimeh__unassigned__include_low__split_9,39,40,,,unknown
nuweimeh__unassigned__include_low__split_9,40,41,,,unknown
nuweimeh__unassigned__include_low__split_9,41,42,,,unknown
nuweimeh__unassigned__include_low__split_9,42,43,,,unknown
nuweimeh__unassigned__include_low__split_9,43,44,,,unknown
nuweimeh__unassigned__include_low__split_9,44,45,,,unknown
nuweimeh__unassigned__include_low__split_9,45,46,,jerusalem,unknown
nuweimeh__unassigned__include_low__split_9,46,47,jerusalem,jerusalem,same
nuweimeh__unassigned__include_low__split_9,47,48,jerusalem,jerusalem,same
nuweimeh__unassigned__include_low__split_9,48,49,jerusalem,jerusalem,same
nuweimeh__unassigned__include_low__split_9,49,50,jerusalem,jerusalem,same
nuweimeh__unassigned__include_low__split_9,50,51,jerusalem,jerusalem,same
nuweimeh__unassigned__include_low__split_9,51,52,jerusalem,jerusalem,same
nuweimeh__unassigned__include_low__split_9,52,53,jerusalem,jerusalem,same
nuweimeh__unassigned__include_low__split_9,53,54,jerusalem,jerusalem,same
nuweimeh__unassigned__include_low__split_9,54,55,jerusalem,jerusalem,same
nuweimeh__unassigned__include_low__split_9,55,56,jerusalem,jerusalem,same
nuweimeh__unassigned__include_low__split_9,56,57,jerusalem,,unknown
nuweimeh__unassigned__include_low__split_9,57,58,,,unknown
nuweimeh__unassigned__include_low__split_9,58,59,,,unknown
nuweimeh__unassigned__include_low__split_9,59,60,,jericho,unknown
nuweimeh__unassigned__include_low__split_56,1,2,jericho,,unknown
nuweimeh__unassigned__include_low__split_56,2,3,,,unknown
nuweimeh__unassigned__include_low__split_56,3,4,,jericho,unknown
nuweimeh__unassigned__include_low__split_56,4,5,jericho,jerusalem,different
nuweimeh__unassigned__include_low__split_56,5,6,jerusalem,jerusalem,same
nuweimeh__unassigned__include_low__split_56,6,7,jerusalem,jerusalem,same
nuweimeh__unassigned__include_low__split_56,7,8,jerusalem,jerusalem,same
nuweimeh__unassigned__include_low__split_56,8,9,jerusalem,jerusalem,same
nuweimeh__unassigned__include_low__split_56,9,10,jerusalem,jerusalem,same
nuweimeh__unassigned__include_low__split_56,10,11,jerusalem,jericho,different
nuweimeh__unassigned__include_low__split_56,11,12,jericho,jerusalem,different
nuweimeh__unassigned__include_low__split_56,12,12a,jerusalem,jerusalem,same
nuweimeh__unassigned__include_low__split_56,12a,13,jerusalem,jerusalem,same
nuweimeh__unassigned__include_low__split_56,13,14,jerusalem,jerusalem,same
nuweimeh__unassigned__include_low__split_56,14,15,jerusalem,jericho,different
nuweimeh__unassigned__include_low__split_56,15,16,jericho,,unknown
nuweimeh__unassigned__include_low__split_56,16,17,,jericho,unknown
nuweimeh__unassigned__include_low__split_56,17,18,jericho,jericho,same
nuweimeh__unassigned__include_low__split_56,18,19,jericho,jericho,same
nuweimeh__unassigned__include_low__split_56,19,20,jericho,,unknown
nuweimeh__unassigned__include_low__split_56,20,21,,,unknown
nuweimeh__unassigned__include_low__split_56,21,22,,,unknown
nuweimeh__unassigned__include_low__split_56,22,23,,,unknown
nuweimeh__unassigned__include_low__split_56,23,24,,jericho,unknown
nuweimeh__unassigned__include_low__split_56,24,25,jericho,jericho,same
nuweimeh__unassigned__include_low__split_56,25,26,jericho,jericho,same
nuweimeh__unassigned__include_low__split_56,26,27,jericho,,unknown
nuweimeh__unassigned__include_low__split_56,27,28,,jericho,unknown
nuweimeh__unassigned__include_low__split_56,28,29,jericho,,unknown
nuweimeh__unassigned__include_low__split_56,29,30,,jericho,unknown
nuweimeh__unassigned__include_low__split_56,30,31,jericho,jericho,same
nuweimeh__unassigned__include_low__split_56,31,32,jericho,jericho,same
nuweimeh__unassigned__include_low__split_56,32,33,jericho,jericho,same
nuweimeh__unassigned__include_low__split_56,33,34,jericho,,unknown
nuweimeh__unassigned__include_low__split_56,34,35,,,unknown
nuweimeh__unassigned__include_low__split_56,35,36,,jerusalem,unknown
nuweimeh__unassigned__include_low__split_56,36,37,jerusalem,jerusalem,same
nuweimeh__unassigned__include_low__split_56,37,38,jerusalem,,unknown
nuweimeh__unassigned__include_low__split_56,38,39,,,unknown
nuweimeh__unassigned__include_low__split_56,39,40,,,unknown
nuweimeh__unassigned__include_low__split_56,40,41,,,unknown
nuweimeh__unassigned__include_low__split_56,41,42,,,unknown
nuweimeh__unassigned__include_low__split_56,42,43,,,unknown
nuweimeh__unassigned__include_low__split_56,43,44,,,unknown
nuweimeh__unassigned__include_low__split_56,44,45,,,unknown
nuweimeh__unassigned__include_low__split_56,45,46,,jerusalem,unknown
nuweimeh__unassigned__include_low__split_56,46,47,jerusalem,jerusalem,same
nuweimeh__unassigned__include_low__split_56,47,48,jerusalem,jerusalem,same
nuweimeh__unassigned__include_low__split_56,48,49,jerusalem,jerusalem,same
nuweimeh__unassigned__include_low__split_56,49,50,jerusalem,jerusalem,same
nuweimeh__unassigned__include_low__split_56,50,51,jerusalem,jerusalem,same
nuweimeh__unassigned__include_low__split_56,51,52,jerusalem,jerusalem,same
nuweimeh__unassigned__include_low__split_56,52,53,jerusalem,jerusalem,same
nuweimeh__unassigned__include_low__split_56,53,54,jerusalem,jerusalem,same
nuweimeh__unassigned__include_low__split_56,54,55,jerusalem,jerusalem,same
nuweimeh__unassigned__include_low__split_56,55,56:XI16-XII1a,jerusalem,,unknown
nuweimeh__unassigned__include_low__split_56,56:XI16-XII1a,56:XII1b-2a,,,unknown
nuweimeh__unassigned__include_low__split_56,56:XII1b-2a,56:XII2b-3,,,unknown
nuweimeh__unassigned__include_low__split_56,56:XII2b-3,57,,,unknown
nuweimeh__unassigned__include_low__split_56,57,58,,,unknown
nuweimeh__unassigned__include_low__split_56,58,59,,,unknown
nuweimeh__unassigned__include_low__split_56,59,60,,jericho,unknown
nuweimeh__unassigned__include_low__split_9_and_56,1,2,jericho,,unknown
nuweimeh__unassigned__include_low__split_9_and_56,2,3,,,unknown
nuweimeh__unassigned__include_low__split_9_and_56,3,4,,jericho,unknown
nuweimeh__unassigned__include_low__split_9_and_56,4,5,jericho,jerusalem,different
nuweimeh__unassigned__include_low__split_9_and_56,5,6,jerusalem,jerusalem,same
nuweimeh__unassigned__include_low__split_9_and_56,6,7,jerusalem,jerusalem,same
nuweimeh__unassigned__include_low__split_9_and_56,7,8,jerusalem,jerusalem,same
nuweimeh__unassigned__include_low__split_9_and_56,8,9:II7-8,jerusalem,,unknown
nuweimeh__unassigned__include_low__split_9_and_56,9:II7-8,9:II9,,,unknown
nuweimeh__unassigned__include_low__split_9_and_56,9:II9,10,,jerusalem,unknown
nuweimeh__unassigned__include_low__split_9_and_56,10,11,jerusalem,jericho,different
nuweimeh__unassigned__include_low__split_9_and_56,11,12,jericho,jerusalem,different
nuweimeh__unassigned__include_low__split_9_and_56,12,12a,jerusalem,jerusalem,same
nuweimeh__unassigned__include_low__split_9_and_56,12a,13,jerusalem,jerusalem,same
nuweimeh__unassigned__include_low__split_9_and_56,13,14,jerusalem,jerusalem,same
nuweimeh__unassigned__include_low__split_9_and_56,14,15,jerusalem,jericho,different
nuweimeh__unassigned__include_low__split_9_and_56,15,16,jericho,,unknown
nuweimeh__unassigned__include_low__split_9_and_56,16,17,,jericho,unknown
nuweimeh__unassigned__include_low__split_9_and_56,17,18,jericho,jericho,same
nuweimeh__unassigned__include_low__split_9_and_56,18,19,jericho,jericho,same
nuweimeh__unassigned__include_low__split_9_and_56,19,20,jericho,,unknown
nuweimeh__unassigned__include_low__split_9_and_56,20,21,,,unknown
nuweimeh__unassigned__include_low__split_9_and_56,21,22,,,unknown
nuweimeh__unassigned__include_low__split_9_and_56,22,23,,,unknown
nuweimeh__unassigned__include_low__split_9_and_56,23,24,,jericho,unknown
nuweimeh__unassigned__include_low__split_9_and_56,24,25,jericho,jericho,same
nuweimeh__unassigned__include_low__split_9_and_56,25,26,jericho,jericho,same
nuweimeh__unassigned__include_low__split_9_and_56,26,27,jericho,,unknown
nuweimeh__unassigned__include_low__split_9_and_56,27,28,,jericho,unknown
nuweimeh__unassigned__include_low__split_9_and_56,28,29,jericho,,unknown
nuweimeh__unassigned__include_low__split_9_and_56,29,30,,jericho,unknown
nuweimeh__unassigned__include_low__split_9_and_56,30,31,jericho,jericho,same
nuweimeh__unassigned__include_low__split_9_and_56,31,32,jericho,jericho,same
nuweimeh__unassigned__include_low__split_9_and_56,32,33,jericho,jericho,same
nuweimeh__unassigned__include_low__split_9_and_56,33,34,jericho,,unknown
nuweimeh__unassigned__include_low__split_9_and_56,34,35,,,unknown
nuweimeh__unassigned__include_low__split_9_and_56,35,36,,jerusalem,unknown
nuweimeh__unassigned__include_low__split_9_and_56,36,37,jerusalem,jerusalem,same
nuweimeh__unassigned__include_low__split_9_and_56,37,38,jerusalem,,unknown
nuweimeh__unassigned__include_low__split_9_and_56,38,39,,,unknown
nuweimeh__unassigned__include_low__split_9_and_56,39,40,,,unknown
nuweimeh__unassigned__include_low__split_9_and_56,40,41,,,unknown
nuweimeh__unassigned__include_low__split_9_and_56,41,42,,,unknown
nuweimeh__unassigned__include_low__split_9_and_56,42,43,,,unknown
nuweimeh__unassigned__include_low__split_9_and_56,43,44,,,unknown
nuweimeh__unassigned__include_low__split_9_and_56,44,45,,,unknown
nuweimeh__unassigned__include_low__split_9_and_56,45,46,,jerusalem,unknown
nuweimeh__unassigned__include_low__split_9_and_56,46,47,jerusalem,jerusalem,same
nuweimeh__unassigned__include_low__split_9_and_56,47,48,jerusalem,jerusalem,same
nuweimeh__unassigned__include_low__split_9_and_56,48,49,jerusalem,jerusalem,same
nuweimeh__unassigned__include_low__split_9_and_56,49,50,jerusalem,jerusalem,same
nuweimeh__unassigned__include_low__split_9_and_56,50,51,jerusalem,jerusalem,same
nuweimeh__unassigned__include_low__split_9_and_56,51,52,jerusalem,jerusalem,same
nuweimeh__unassigned__include_low__split_9_and_56,52,53,jerusalem,jerusalem,same
nuweimeh__unassigned__include_low__split_9_and_56,53,54,jerusalem,jerusalem,same
nuweimeh__unassigned__include_low__split_9_and_56,54,55,jerusalem,jerusalem,same
nuweimeh__unassigned__include_low__split_9_and_56,55,56:XI16-XII1a,jerusalem,,unknown
nuweimeh__unassigned__include_low__split_9_and_56,56:XI16-XII1a,56:XII1b-2a,,,unknown
nuweimeh__unassigned__include_low__split_9_and_56,56:XII1b-2a,56:XII2b-3,,,unknown
nuweimeh__unassigned__include_low__split_9_and_56,56:XII2b-3,57,,,unknown
nuweimeh__unassigned__include_low__split_9_and_56,57,58,,,unknown
nuweimeh__unassigned__include_low__split_9_and_56,58,59,,,unknown
nuweimeh__unassigned__include_low__split_9_and_56,59,60,,jericho,unknown
nuweimeh__unassigned__exclude_low__project_61,1,2,,,unknown
nuweimeh__unassigned__exclude_low__project_61,2,3,,,unknown
nuweimeh__unassigned__exclude_low__project_61,3,4,,,unknown
nuweimeh__unassigned__exclude_low__project_61,4,5,,,unknown
nuweimeh__unassigned__exclude_low__project_61,5,6,,,unknown
nuweimeh__unassigned__exclude_low__project_61,6,7,,,unknown
nuweimeh__unassigned__exclude_low__project_61,7,8,,,unknown
nuweimeh__unassigned__exclude_low__project_61,8,9,,jerusalem,unknown
nuweimeh__unassigned__exclude_low__project_61,9,10,jerusalem,jerusalem,same
nuweimeh__unassigned__exclude_low__project_61,10,11,jerusalem,,unknown
nuweimeh__unassigned__exclude_low__project_61,11,12,,,unknown
nuweimeh__unassigned__exclude_low__project_61,12,12a,,,unknown
nuweimeh__unassigned__exclude_low__project_61,12a,13,,,unknown
nuweimeh__unassigned__exclude_low__project_61,13,14,,,unknown
nuweimeh__unassigned__exclude_low__project_61,14,15,,,unknown
nuweimeh__unassigned__exclude_low__project_61,15,16,,,unknown
nuweimeh__unassigned__exclude_low__project_61,16,17,,jericho,unknown
nuweimeh__unassigned__exclude_low__project_61,17,18,jericho,jericho,same
nuweimeh__unassigned__exclude_low__project_61,18,19,jericho,,unknown
nuweimeh__unassigned__exclude_low__project_61,19,20,,,unknown
nuweimeh__unassigned__exclude_low__project_61,20,21,,,unknown
nuweimeh__unassigned__exclude_low__project_61,21,22,,,unknown
nuweimeh__unassigned__exclude_low__project_61,22,23,,,unknown
nuweimeh__unassigned__exclude_low__project_61,23,24,,,unknown
nuweimeh__unassigned__exclude_low__project_61,24,25,,,unknown
nuweimeh__unassigned__exclude_low__project_61,25,26,,,unknown
nuweimeh__unassigned__exclude_low__project_61,26,27,,,unknown
nuweimeh__unassigned__exclude_low__project_61,27,28,,,unknown
nuweimeh__unassigned__exclude_low__project_61,28,29,,,unknown
nuweimeh__unassigned__exclude_low__project_61,29,30,,jericho,unknown
nuweimeh__unassigned__exclude_low__project_61,30,31,jericho,jericho,same
nuweimeh__unassigned__exclude_low__project_61,31,32,jericho,jericho,same
nuweimeh__unassigned__exclude_low__project_61,32,33,jericho,,unknown
nuweimeh__unassigned__exclude_low__project_61,33,34,,,unknown
nuweimeh__unassigned__exclude_low__project_61,34,35,,,unknown
nuweimeh__unassigned__exclude_low__project_61,35,36,,,unknown
nuweimeh__unassigned__exclude_low__project_61,36,37,,,unknown
nuweimeh__unassigned__exclude_low__project_61,37,38,,,unknown
nuweimeh__unassigned__exclude_low__project_61,38,39,,,unknown
nuweimeh__unassigned__exclude_low__project_61,39,40,,,unknown
nuweimeh__unassigned__exclude_low__project_61,40,41,,,unknown
nuweimeh__unassigned__exclude_low__project_61,41,42,,,unknown
nuweimeh__unassigned__exclude_low__project_61,42,43,,,unknown
nuweimeh__unassigned__exclude_low__project_61,43,44,,,unknown
nuweimeh__unassigned__exclude_low__project_61,44,45,,,unknown
nuweimeh__unassigned__exclude_low__project_61,45,46,,,unknown
nuweimeh__unassigned__exclude_low__project_61,46,47,,,unknown
nuweimeh__unassigned__exclude_low__project_61,47,48,,,unknown
nuweimeh__unassigned__exclude_low__project_61,48,49,,jerusalem,unknown
nuweimeh__unassigned__exclude_low__project_61,49,50,jerusalem,,unknown
nuweimeh__unassigned__exclude_low__project_61,50,51,,jerusalem,unknown
nuweimeh__unassigned__exclude_low__project_61,51,52,jerusalem,,unknown
nuweimeh__unassigned__exclude_low__project_61,52,53,,,unknown
nuweimeh__unassigned__exclude_low__project_61,53,54,,,unknown
nuweimeh__unassigned__exclude_low__project_61,54,55,,jerusalem,unknown
nuweimeh__unassigned__exclude_low__project_61,55,56,jerusalem,,unknown
nuweimeh__unassigned__exclude_low__project_61,56,57,,,unknown
nuweimeh__unassigned__exclude_low__project_61,57,58,,,unknown
nuweimeh__unassigned__exclude_low__project_61,58,59,,,unknown
nuweimeh__unassigned__exclude_low__project_61,59,60,,,unknown
nuweimeh__unassigned__exclude_low__join_12_12a,1,2,,,unknown
nuweimeh__unassigned__exclude_low__join_12_12a,2,3,,,unknown
nuweimeh__unassigned__exclude_low__join_12_12a,3,4,,,unknown
nuweimeh__unassigned__exclude_low__join_12_12a,4,5,,,unknown
nuweimeh__unassigned__exclude_low__join_12_12a,5,6,,,unknown
nuweimeh__unassigned__exclude_low__join_12_12a,6,7,,,unknown
nuweimeh__unassigned__exclude_low__join_12_12a,7,8,,,unknown
nuweimeh__unassigned__exclude_low__join_12_12a,8,9,,jerusalem,unknown
nuweimeh__unassigned__exclude_low__join_12_12a,9,10,jerusalem,jerusalem,same
nuweimeh__unassigned__exclude_low__join_12_12a,10,11,jerusalem,,unknown
nuweimeh__unassigned__exclude_low__join_12_12a,11,12+12a,,,unknown
nuweimeh__unassigned__exclude_low__join_12_12a,12+12a,13,,,unknown
nuweimeh__unassigned__exclude_low__join_12_12a,13,14,,,unknown
nuweimeh__unassigned__exclude_low__join_12_12a,14,15,,,unknown
nuweimeh__unassigned__exclude_low__join_12_12a,15,16,,,unknown
nuweimeh__unassigned__exclude_low__join_12_12a,16,17,,jericho,unknown
nuweimeh__unassigned__exclude_low__join_12_12a,17,18,jericho,jericho,same
nuweimeh__unassigned__exclude_low__join_12_12a,18,19,jericho,,unknown
nuweimeh__unassigned__exclude_low__join_12_12a,19,20,,,unknown
nuweimeh__unassigned__exclude_low__join_12_12a,20,21,,,unknown
nuweimeh__unassigned__exclude_low__join_12_12a,21,22,,,unknown
nuweimeh__unassigned__exclude_low__join_12_12a,22,23,,,unknown
nuweimeh__unassigned__exclude_low__join_12_12a,23,24,,,unknown
nuweimeh__unassigned__exclude_low__join_12_12a,24,25,,,unknown
nuweimeh__unassigned__exclude_low__join_12_12a,25,26,,,unknown
nuweimeh__unassigned__exclude_low__join_12_12a,26,27,,,unknown
nuweimeh__unassigned__exclude_low__join_12_12a,27,28,,,unknown
nuweimeh__unassigned__exclude_low__join_12_12a,28,29,,,unknown
nuweimeh__unassigned__exclude_low__join_12_12a,29,30,,jericho,unknown
nuweimeh__unassigned__exclude_low__join_12_12a,30,31,jericho,jericho,same
nuweimeh__unassigned__exclude_low__join_12_12a,31,32,jericho,jericho,same
nuweimeh__unassigned__exclude_low__join_12_12a,32,33,jericho,,unknown
nuweimeh__unassigned__exclude_low__join_12_12a,33,34,,,unknown
nuweimeh__unassigned__exclude_low__join_12_12a,34,35,,,unknown
nuweimeh__unassigned__exclude_low__join_12_12a,35,36,,,unknown
nuweimeh__unassigned__exclude_low__join_12_12a,36,37,,,unknown
nuweimeh__unassigned__exclude_low__join_12_12a,37,38,,,unknown
nuweimeh__unassigned__exclude_low__join_12_12a,38,39,,,unknown
nuweimeh__unassigned__exclude_low__join_12_12a,39,40,,,unknown
nuweimeh__unassigned__exclude_low__join_12_12a,40,41,,,unknown
nuweimeh__unassigned__exclude_low__join_12_12a,41,42,,,unknown
nuweimeh__unassigned__exclude_low__join_12_12a,42,43,,,unknown
nuweimeh__unassigned__exclude_low__join_12_12a,43,44,,,unknown
nuweimeh__unassigned__exclude_low__join_12_12a,44,45,,,unknown
nuweimeh__unassigned__exclude_low__join_12_12a,45,46,,,unknown
nuweimeh__unassigned__exclude_low__join_12_12a,46,47,,,unknown
nuweimeh__unassigned__exclude_low__join_12_12a,47,48,,,unknown
nuweimeh__unassigned__exclude_low__join_12_12a,48,49,,jerusalem,unknown
nuweimeh__unassigned__exclude_low__join_12_12a,49,50,jerusalem,,unknown
nuweimeh__unassigned__exclude_low__join_12_12a,50,51,,jerusalem,unknown
nuweimeh__unassigned__exclude_low__join_12_12a,51,52,jerusalem,,unknown
nuweimeh__unassigned__exclude_low__join_12_12a,52,53,,,unknown
nuweimeh__unassigned__exclude_low__join_12_12a,53,54,,,unknown
nuweimeh__unassigned__exclude_low__join_12_12a,54,55,,jerusalem,unknown
nuweimeh__unassigned__exclude_low__join_12_12a,55,56,jerusalem,,unknown
nuweimeh__unassigned__exclude_low__join_12_12a,56,57,,,unknown
nuweimeh__unassigned__exclude_low__join_12_12a,57,58,,,unknown
nuweimeh__unassigned__exclude_low__join_12_12a,58,59,,,unknown
nuweimeh__unassigned__exclude_low__join_12_12a,59,60,,,unknown
nuweimeh__unassigned__exclude_low__join_40_41,1,2,,,unknown
nuweimeh__unassigned__exclude_low__join_40_41,2,3,,,unknown
nuweimeh__unassigned__exclude_low__join_40_41,3,4,,,unknown
nuweimeh__unassigned__exclude_low__join_40_41,4,5,,,unknown
nuweimeh__unassigned__exclude_low__join_40_41,5,6,,,unknown
nuweimeh__unassigned__exclude_low__join_40_41,6,7,,,unknown
nuweimeh__unassigned__exclude_low__join_40_41,7,8,,,unknown
nuweimeh__unassigned__exclude_low__join_40_41,8,9,,jerusalem,unknown
nuweimeh__unassigned__exclude_low__join_40_41,9,10,jerusalem,jerusalem,same
nuweimeh__unassigned__exclude_low__join_40_41,10,11,jerusalem,,unknown
nuweimeh__unassigned__exclude_low__join_40_41,11,12,,,unknown
nuweimeh__unassigned__exclude_low__join_40_41,12,12a,,,unknown
nuweimeh__unassigned__exclude_low__join_40_41,12a,13,,,unknown
nuweimeh__unassigned__exclude_low__join_40_41,13,14,,,unknown
nuweimeh__unassigned__exclude_low__join_40_41,14,15,,,unknown
nuweimeh__unassigned__exclude_low__join_40_41,15,16,,,unknown
nuweimeh__unassigned__exclude_low__join_40_41,16,17,,jericho,unknown
nuweimeh__unassigned__exclude_low__join_40_41,17,18,jericho,jericho,same
nuweimeh__unassigned__exclude_low__join_40_41,18,19,jericho,,unknown
nuweimeh__unassigned__exclude_low__join_40_41,19,20,,,unknown
nuweimeh__unassigned__exclude_low__join_40_41,20,21,,,unknown
nuweimeh__unassigned__exclude_low__join_40_41,21,22,,,unknown
nuweimeh__unassigned__exclude_low__join_40_41,22,23,,,unknown
nuweimeh__unassigned__exclude_low__join_40_41,23,24,,,unknown
nuweimeh__unassigned__exclude_low__join_40_41,24,25,,,unknown
nuweimeh__unassigned__exclude_low__join_40_41,25,26,,,unknown
nuweimeh__unassigned__exclude_low__join_40_41,26,27,,,unknown
nuweimeh__unassigned__exclude_low__join_40_41,27,28,,,unknown
nuweimeh__unassigned__exclude_low__join_40_41,28,29,,,unknown
nuweimeh__unassigned__exclude_low__join_40_41,29,30,,jericho,unknown
nuweimeh__unassigned__exclude_low__join_40_41,30,31,jericho,jericho,same
nuweimeh__unassigned__exclude_low__join_40_41,31,32,jericho,jericho,same
nuweimeh__unassigned__exclude_low__join_40_41,32,33,jericho,,unknown
nuweimeh__unassigned__exclude_low__join_40_41,33,34,,,unknown
nuweimeh__unassigned__exclude_low__join_40_41,34,35,,,unknown
nuweimeh__unassigned__exclude_low__join_40_41,35,36,,,unknown
nuweimeh__unassigned__exclude_low__join_40_41,36,37,,,unknown
nuweimeh__unassigned__exclude_low__join_40_41,37,38,,,unknown
nuweimeh__unassigned__exclude_low__join_40_41,38,39,,,unknown
nuweimeh__unassigned__exclude_low__join_40_41,39,40+41,,,unknown
nuweimeh__unassigned__exclude_low__join_40_41,40+41,42,,,unknown
nuweimeh__unassigned__exclude_low__join_40_41,42,43,,,unknown
nuweimeh__unassigned__exclude_low__join_40_41,43,44,,,unknown
nuweimeh__unassigned__exclude_low__join_40_41,44,45,,,unknown
nuweimeh__unassigned__exclude_low__join_40_41,45,46,,,unknown
nuweimeh__unassigned__exclude_low__join_40_41,46,47,,,unknown
nuweimeh__unassigned__exclude_low__join_40_41,47,48,,,unknown
nuweimeh__unassigned__exclude_low__join_40_41,48,49,,jerusalem,unknown
nuweimeh__unassigned__exclude_low__join_40_41,49,50,jerusalem,,unknown
nuweimeh__unassigned__exclude_low__join_40_41,50,51,,jerusalem,unknown
nuweimeh__unassigned__exclude_low__join_40_41,51,52,jerusalem,,unknown
nuweimeh__unassigned__exclude_low__join_40_41,52,53,,,unknown
nuweimeh__unassigned__exclude_low__join_40_41,53,54,,,unknown
nuweimeh__unassigned__exclude_low__join_40_41,54,55,,jerusalem,unknown
nuweimeh__unassigned__exclude_low__join_40_41,55,56,jerusalem,,unknown
nuweimeh__unassigned__exclude_low__join_40_41,56,57,,,unknown
nuweimeh__unassigned__exclude_low__join_40_41,57,58,,,unknown
nuweimeh__unassigned__exclude_low__join_40_41,58,59,,,unknown
nuweimeh__unassigned__exclude_low__join_40_41,59,60,,,unknown
nuweimeh__unassigned__exclude_low__join_41_42,1,2,,,unknown
nuweimeh__unassigned__exclude_low__join_41_42,2,3,,,unknown
nuweimeh__unassigned__exclude_low__join_41_42,3,4,,,unknown
nuweimeh__unassigned__exclude_low__join_41_42,4,5,,,unknown
nuweimeh__unassigned__exclude_low__join_41_42,5,6,,,unknown
nuweimeh__unassigned__exclude_low__join_41_42,6,7,,,unknown
nuweimeh__unassigned__exclude_low__join_41_42,7,8,,,unknown
nuweimeh__unassigned__exclude_low__join_41_42,8,9,,jerusalem,unknown
nuweimeh__unassigned__exclude_low__join_41_42,9,10,jerusalem,jerusalem,same
nuweimeh__unassigned__exclude_low__join_41_42,10,11,jerusalem,,unknown
nuweimeh__unassigned__exclude_low__join_41_42,11,12,,,unknown
nuweimeh__unassigned__exclude_low__join_41_42,12,12a,,,unknown
nuweimeh__unassigned__exclude_low__join_41_42,12a,13,,,unknown
nuweimeh__unassigned__exclude_low__join_41_42,13,14,,,unknown
nuweimeh__unassigned__exclude_low__join_41_42,14,15,,,unknown
nuweimeh__unassigned__exclude_low__join_41_42,15,16,,,unknown
nuweimeh__unassigned__exclude_low__join_41_42,16,17,,jericho,unknown
nuweimeh__unassigned__exclude_low__join_41_42,17,18,jericho,jericho,same
nuweimeh__unassigned__exclude_low__join_41_42,18,19,jericho,,unknown
nuweimeh__unassigned__exclude_low__join_41_42,19,20,,,unknown
nuweimeh__unassigned__exclude_low__join_41_42,20,21,,,unknown
nuweimeh__unassigned__exclude_low__join_41_42,21,22,,,unknown
nuweimeh__unassigned__exclude_low__join_41_42,22,23,,,unknown
nuweimeh__unassigned__exclude_low__join_41_42,23,24,,,unknown
nuweimeh__unassigned__exclude_low__join_41_42,24,25,,,unknown
nuweimeh__unassigned__exclude_low__join_41_42,25,26,,,unknown
nuweimeh__unassigned__exclude_low__join_41_42,26,27,,,unknown
nuweimeh__unassigned__exclude_low__join_41_42,27,28,,,unknown
nuweimeh__unassigned__exclude_low__join_41_42,28,29,,,unknown
nuweimeh__unassigned__exclude_low__join_41_42,29,30,,jericho,unknown
nuweimeh__unassigned__exclude_low__join_41_42,30,31,jericho,jericho,same
nuweimeh__unassigned__exclude_low__join_41_42,31,32,jericho,jericho,same
nuweimeh__unassigned__exclude_low__join_41_42,32,33,jericho,,unknown
nuweimeh__unassigned__exclude_low__join_41_42,33,34,,,unknown
nuweimeh__unassigned__exclude_low__join_41_42,34,35,,,unknown
nuweimeh__unassigned__exclude_low__join_41_42,35,36,,,unknown
nuweimeh__unassigned__exclude_low__join_41_42,36,37,,,unknown
nuweimeh__unassigned__exclude_low__join_41_42,37,38,,,unknown
nuweimeh__unassigned__exclude_low__join_41_42,38,39,,,unknown
nuweimeh__unassigned__exclude_low__join_41_42,39,40,,,unknown
nuweimeh__unassigned__exclude_low__join_41_42,40,41+42,,,unknown
nuweimeh__unassigned__exclude_low__join_41_42,41+42,43,,,unknown
nuweimeh__unassigned__exclude_low__join_41_42,43,44,,,unknown
nuweimeh__unassigned__exclude_low__join_41_42,44,45,,,unknown
nuweimeh__unassigned__exclude_low__join_41_42,45,46,,,unknown
nuweimeh__unassigned__exclude_low__join_41_42,46,47,,,unknown
nuweimeh__unassigned__exclude_low__join_41_42,47,48,,,unknown
nuweimeh__unassigned__exclude_low__join_41_42,48,49,,jerusalem,unknown
nuweimeh__unassigned__exclude_low__join_41_42,49,50,jerusalem,,unknown
nuweimeh__unassigned__exclude_low__join_41_42,50,51,,jerusalem,unknown
nuweimeh__unassigned__exclude_low__join_41_42,51,52,jerusalem,,unknown
nuweimeh__unassigned__exclude_low__join_41_42,52,53,,,unknown
nuweimeh__unassigned__exclude_low__join_41_42,53,54,,,unknown
nuweimeh__unassigned__exclude_low__join_41_42,54,55,,jerusalem,unknown
nuweimeh__unassigned__exclude_low__join_41_42,55,56,jerusalem,,unknown
nuweimeh__unassigned__exclude_low__join_41_42,56,57,,,unknown
nuweimeh__unassigned__exclude_low__join_41_42,57,58,,,unknown
nuweimeh__unassigned__exclude_low__join_41_42,58,59,,,unknown
nuweimeh__unassigned__exclude_low__join_41_42,59,60,,,unknown
nuweimeh__unassigned__exclude_low__join_49_50,1,2,,,unknown
nuweimeh__unassigned__exclude_low__join_49_50,2,3,,,unknown
nuweimeh__unassigned__exclude_low__join_49_50,3,4,,,unknown
nuweimeh__unassigned__exclude_low__join_49_50,4,5,,,unknown
nuweimeh__unassigned__exclude_low__join_49_50,5,6,,,unknown
nuweimeh__unassigned__exclude_low__join_49_50,6,7,,,unknown
nuweimeh__unassigned__exclude_low__join_49_50,7,8,,,unknown
nuweimeh__unassigned__exclude_low__join_49_50,8,9,,jerusalem,unknown
nuweimeh__unassigned__exclude_low__join_49_50,9,10,jerusalem,jerusalem,same
nuweimeh__unassigned__exclude_low__join_49_50,10,11,jerusalem,,unknown
nuweimeh__unassigned__exclude_low__join_49_50,11,12,,,unknown
nuweimeh__unassigned__exclude_low__join_49_50,12,12a,,,unknown
nuweimeh__unassigned__exclude_low__join_49_50,12a,13,,,unknown
nuweimeh__unassigned__exclude_low__join_49_50,13,14,,,unknown
nuweimeh__unassigned__exclude_low__join_49_50,14,15,,,unknown
nuweimeh__unassigned__exclude_low__join_49_50,15,16,,,unknown
nuweimeh__unassigned__exclude_low__join_49_50,16,17,,jericho,unknown
nuweimeh__unassigned__exclude_low__join_49_50,17,18,jericho,jericho,same
nuweimeh__unassigned__exclude_low__join_49_50,18,19,jericho,,unknown
nuweimeh__unassigned__exclude_low__join_49_50,19,20,,,unknown
nuweimeh__unassigned__exclude_low__join_49_50,20,21,,,unknown
nuweimeh__unassigned__exclude_low__join_49_50,21,22,,,unknown
nuweimeh__unassigned__exclude_low__join_49_50,22,23,,,unknown
nuweimeh__unassigned__exclude_low__join_49_50,23,24,,,unknown
nuweimeh__unassigned__exclude_low__join_49_50,24,25,,,unknown
nuweimeh__unassigned__exclude_low__join_49_50,25,26,,,unknown
nuweimeh__unassigned__exclude_low__join_49_50,26,27,,,unknown
nuweimeh__unassigned__exclude_low__join_49_50,27,28,,,unknown
nuweimeh__unassigned__exclude_low__join_49_50,28,29,,,unknown
nuweimeh__unassigned__exclude_low__join_49_50,29,30,,jericho,unknown
nuweimeh__unassigned__exclude_low__join_49_50,30,31,jericho,jericho,same
nuweimeh__unassigned__exclude_low__join_49_50,31,32,jericho,jericho,same
nuweimeh__unassigned__exclude_low__join_49_50,32,33,jericho,,unknown
nuweimeh__unassigned__exclude_low__join_49_50,33,34,,,unknown
nuweimeh__unassigned__exclude_low__join_49_50,34,35,,,unknown
nuweimeh__unassigned__exclude_low__join_49_50,35,36,,,unknown
nuweimeh__unassigned__exclude_low__join_49_50,36,37,,,unknown
nuweimeh__unassigned__exclude_low__join_49_50,37,38,,,unknown
nuweimeh__unassigned__exclude_low__join_49_50,38,39,,,unknown
nuweimeh__unassigned__exclude_low__join_49_50,39,40,,,unknown
nuweimeh__unassigned__exclude_low__join_49_50,40,41,,,unknown
nuweimeh__unassigned__exclude_low__join_49_50,41,42,,,unknown
nuweimeh__unassigned__exclude_low__join_49_50,42,43,,,unknown
nuweimeh__unassigned__exclude_low__join_49_50,43,44,,,unknown
nuweimeh__unassigned__exclude_low__join_49_50,44,45,,,unknown
nuweimeh__unassigned__exclude_low__join_49_50,45,46,,,unknown
nuweimeh__unassigned__exclude_low__join_49_50,46,47,,,unknown
nuweimeh__unassigned__exclude_low__join_49_50,47,48,,,unknown
nuweimeh__unassigned__exclude_low__join_49_50,48,49+50,,,unknown
nuweimeh__unassigned__exclude_low__join_49_50,49+50,51,,jerusalem,unknown
nuweimeh__unassigned__exclude_low__join_49_50,51,52,jerusalem,,unknown
nuweimeh__unassigned__exclude_low__join_49_50,52,53,,,unknown
nuweimeh__unassigned__exclude_low__join_49_50,53,54,,,unknown
nuweimeh__unassigned__exclude_low__join_49_50,54,55,,jerusalem,unknown
nuweimeh__unassigned__exclude_low__join_49_50,55,56,jerusalem,,unknown
nuweimeh__unassigned__exclude_low__join_49_50,56,57,,,unknown
nuweimeh__unassigned__exclude_low__join_49_50,57,58,,,unknown
nuweimeh__unassigned__exclude_low__join_49_50,58,59,,,unknown
nuweimeh__unassigned__exclude_low__join_49_50,59,60,,,unknown
nuweimeh__unassigned__exclude_low__split_9,1,2,,,unknown
nuweimeh__unassigned__exclude_low__split_9,2,3,,,unknown
nuweimeh__unassigned__exclude_low__split_9,3,4,,,unknown
nuweimeh__unassigned__exclude_low__split_9,4,5,,,unknown
nuweimeh__unassigned__exclude_low__split_9,5,6,,,unknown
nuweimeh__unassigned__exclude_low__split_9,6,7,,,unknown
nuweimeh__unassigned__exclude_low__split_9,7,8,,,unknown
nuweimeh__unassigned__exclude_low__split_9,8,9:II7-8,,,unknown
nuweimeh__unassigned__exclude_low__split_9,9:II7-8,9:II9,,,unknown
nuweimeh__unassigned__exclude_low__split_9,9:II9,10,,jerusalem,unknown
nuweimeh__unassigned__exclude_low__split_9,10,11,jerusalem,,unknown
nuweimeh__unassigned__exclude_low__split_9,11,12,,,unknown
nuweimeh__unassigned__exclude_low__split_9,12,12a,,,unknown
nuweimeh__unassigned__exclude_low__split_9,12a,13,,,unknown
nuweimeh__unassigned__exclude_low__split_9,13,14,,,unknown
nuweimeh__unassigned__exclude_low__split_9,14,15,,,unknown
nuweimeh__unassigned__exclude_low__split_9,15,16,,,unknown
nuweimeh__unassigned__exclude_low__split_9,16,17,,jericho,unknown
nuweimeh__unassigned__exclude_low__split_9,17,18,jericho,jericho,same
nuweimeh__unassigned__exclude_low__split_9,18,19,jericho,,unknown
nuweimeh__unassigned__exclude_low__split_9,19,20,,,unknown
nuweimeh__unassigned__exclude_low__split_9,20,21,,,unknown
nuweimeh__unassigned__exclude_low__split_9,21,22,,,unknown
nuweimeh__unassigned__exclude_low__split_9,22,23,,,unknown
nuweimeh__unassigned__exclude_low__split_9,23,24,,,unknown
nuweimeh__unassigned__exclude_low__split_9,24,25,,,unknown
nuweimeh__unassigned__exclude_low__split_9,25,26,,,unknown
nuweimeh__unassigned__exclude_low__split_9,26,27,,,unknown
nuweimeh__unassigned__exclude_low__split_9,27,28,,,unknown
nuweimeh__unassigned__exclude_low__split_9,28,29,,,unknown
nuweimeh__unassigned__exclude_low__split_9,29,30,,jericho,unknown
nuweimeh__unassigned__exclude_low__split_9,30,31,jericho,jericho,same
nuweimeh__unassigned__exclude_low__split_9,31,32,jericho,jericho,same
nuweimeh__unassigned__exclude_low__split_9,32,33,jericho,,unknown
nuweimeh__unassigned__exclude_low__split_9,33,34,,,unknown
nuweimeh__unassigned__exclude_low__split_9,34,35,,,unknown
nuweimeh__unassigned__exclude_low__split_9,35,36,,,unknown
nuweimeh__unassigned__exclude_low__split_9,36,37,,,unknown
nuweimeh__unassigned__exclude_low__split_9,37,38,,,unknown
nuweimeh__unassigned__exclude_low__split_9,38,39,,,unknown
nuweimeh__unassigned__exclude_low__split_9,39,40,,,unknown
nuweimeh__unassigned__exclude_low__split_9,40,41,,,unknown
nuweimeh__unassigned__exclude_low__split_9,41,42,,,unknown
nuweimeh__unassigned__exclude_low__split_9,42,43,,,unknown
nuweimeh__unassigned__exclude_low__split_9,43,44,,,unknown
nuweimeh__unassigned__exclude_low__split_9,44,45,,,unknown
nuweimeh__unassigned__exclude_low__split_9,45,46,,,unknown
nuweimeh__unassigned__exclude_low__split_9,46,47,,,unknown
nuweimeh__unassigned__exclude_low__split_9,47,48,,,unknown
nuweimeh__unassigned__exclude_low__split_9,48,49,,jerusalem,unknown
nuweimeh__unassigned__exclude_low__split_9,49,50,jerusalem,,unknown
nuweimeh__unassigned__exclude_low__split_9,50,51,,jerusalem,unknown
nuweimeh__unassigned__exclude_low__split_9,51,52,jerusalem,,unknown
nuweimeh__unassigned__exclude_low__split_9,52,53,,,unknown
nuweimeh__unassigned__exclude_low__split_9,53,54,,,unknown
nuweimeh__unassigned__exclude_low__split_9,54,55,,jerusalem,unknown
nuweimeh__unassigned__exclude_low__split_9,55,56,jerusalem,,unknown
nuweimeh__unassigned__exclude_low__split_9,56,57,,,unknown
nuweimeh__unassigned__exclude_low__split_9,57,58,,,unknown
nuweimeh__unassigned__exclude_low__split_9,58,59,,,unknown
nuweimeh__unassigned__exclude_low__split_9,59,60,,,unknown
nuweimeh__unassigned__exclude_low__split_56,1,2,,,unknown
nuweimeh__unassigned__exclude_low__split_56,2,3,,,unknown
nuweimeh__unassigned__exclude_low__split_56,3,4,,,unknown
nuweimeh__unassigned__exclude_low__split_56,4,5,,,unknown
nuweimeh__unassigned__exclude_low__split_56,5,6,,,unknown
nuweimeh__unassigned__exclude_low__split_56,6,7,,,unknown
nuweimeh__unassigned__exclude_low__split_56,7,8,,,unknown
nuweimeh__unassigned__exclude_low__split_56,8,9,,jerusalem,unknown
nuweimeh__unassigned__exclude_low__split_56,9,10,jerusalem,jerusalem,same
nuweimeh__unassigned__exclude_low__split_56,10,11,jerusalem,,unknown
nuweimeh__unassigned__exclude_low__split_56,11,12,,,unknown
nuweimeh__unassigned__exclude_low__split_56,12,12a,,,unknown
nuweimeh__unassigned__exclude_low__split_56,12a,13,,,unknown
nuweimeh__unassigned__exclude_low__split_56,13,14,,,unknown
nuweimeh__unassigned__exclude_low__split_56,14,15,,,unknown
nuweimeh__unassigned__exclude_low__split_56,15,16,,,unknown
nuweimeh__unassigned__exclude_low__split_56,16,17,,jericho,unknown
nuweimeh__unassigned__exclude_low__split_56,17,18,jericho,jericho,same
nuweimeh__unassigned__exclude_low__split_56,18,19,jericho,,unknown
nuweimeh__unassigned__exclude_low__split_56,19,20,,,unknown
nuweimeh__unassigned__exclude_low__split_56,20,21,,,unknown
nuweimeh__unassigned__exclude_low__split_56,21,22,,,unknown
nuweimeh__unassigned__exclude_low__split_56,22,23,,,unknown
nuweimeh__unassigned__exclude_low__split_56,23,24,,,unknown
nuweimeh__unassigned__exclude_low__split_56,24,25,,,unknown
nuweimeh__unassigned__exclude_low__split_56,25,26,,,unknown
nuweimeh__unassigned__exclude_low__split_56,26,27,,,unknown
nuweimeh__unassigned__exclude_low__split_56,27,28,,,unknown
nuweimeh__unassigned__exclude_low__split_56,28,29,,,unknown
nuweimeh__unassigned__exclude_low__split_56,29,30,,jericho,unknown
nuweimeh__unassigned__exclude_low__split_56,30,31,jericho,jericho,same
nuweimeh__unassigned__exclude_low__split_56,31,32,jericho,jericho,same
nuweimeh__unassigned__exclude_low__split_56,32,33,jericho,,unknown
nuweimeh__unassigned__exclude_low__split_56,33,34,,,unknown
nuweimeh__unassigned__exclude_low__split_56,34,35,,,unknown
nuweimeh__unassigned__exclude_low__split_56,35,36,,,unknown
nuweimeh__unassigned__exclude_low__split_56,36,37,,,unknown
nuweimeh__unassigned__exclude_low__split_56,37,38,,,unknown
nuweimeh__unassigned__exclude_low__split_56,38,39,,,unknown
nuweimeh__unassigned__exclude_low__split_56,39,40,,,unknown
nuweimeh__unassigned__exclude_low__split_56,40,41,,,unknown
nuweimeh__unassigned__exclude_low__split_56,41,42,,,unknown
nuweimeh__unassigned__exclude_low__split_56,42,43,,,unknown
nuweimeh__unassigned__exclude_low__split_56,43,44,,,unknown
nuweimeh__unassigned__exclude_low__split_56,44,45,,,unknown
nuweimeh__unassigned__exclude_low__split_56,45,46,,,unknown
nuweimeh__unassigned__exclude_low__split_56,46,47,,,unknown
nuweimeh__unassigned__exclude_low__split_56,47,48,,,unknown
nuweimeh__unassigned__exclude_low__split_56,48,49,,jerusalem,unknown
nuweimeh__unassigned__exclude_low__split_56,49,50,jerusalem,,unknown
nuweimeh__unassigned__exclude_low__split_56,50,51,,jerusalem,unknown
nuweimeh__unassigned__exclude_low__split_56,51,52,jerusalem,,unknown
nuweimeh__unassigned__exclude_low__split_56,52,53,,,unknown
nuweimeh__unassigned__exclude_low__split_56,53,54,,,unknown
nuweimeh__unassigned__exclude_low__split_56,54,55,,jerusalem,unknown
nuweimeh__unassigned__exclude_low__split_56,55,56:XI16-XII1a,jerusalem,,unknown
nuweimeh__unassigned__exclude_low__split_56,56:XI16-XII1a,56:XII1b-2a,,,unknown
nuweimeh__unassigned__exclude_low__split_56,56:XII1b-2a,56:XII2b-3,,,unknown
nuweimeh__unassigned__exclude_low__split_56,56:XII2b-3,57,,,unknown
nuweimeh__unassigned__exclude_low__split_56,57,58,,,unknown
nuweimeh__unassigned__exclude_low__split_56,58,59,,,unknown
nuweimeh__unassigned__exclude_low__split_56,59,60,,,unknown
nuweimeh__unassigned__exclude_low__split_9_and_56,1,2,,,unknown
nuweimeh__unassigned__exclude_low__split_9_and_56,2,3,,,unknown
nuweimeh__unassigned__exclude_low__split_9_and_56,3,4,,,unknown
nuweimeh__unassigned__exclude_low__split_9_and_56,4,5,,,unknown
nuweimeh__unassigned__exclude_low__split_9_and_56,5,6,,,unknown
nuweimeh__unassigned__exclude_low__split_9_and_56,6,7,,,unknown
nuweimeh__unassigned__exclude_low__split_9_and_56,7,8,,,unknown
nuweimeh__unassigned__exclude_low__split_9_and_56,8,9:II7-8,,,unknown
nuweimeh__unassigned__exclude_low__split_9_and_56,9:II7-8,9:II9,,,unknown
nuweimeh__unassigned__exclude_low__split_9_and_56,9:II9,10,,jerusalem,unknown
nuweimeh__unassigned__exclude_low__split_9_and_56,10,11,jerusalem,,unknown
nuweimeh__unassigned__exclude_low__split_9_and_56,11,12,,,unknown
nuweimeh__unassigned__exclude_low__split_9_and_56,12,12a,,,unknown
nuweimeh__unassigned__exclude_low__split_9_and_56,12a,13,,,unknown
nuweimeh__unassigned__exclude_low__split_9_and_56,13,14,,,unknown
nuweimeh__unassigned__exclude_low__split_9_and_56,14,15,,,unknown
nuweimeh__unassigned__exclude_low__split_9_and_56,15,16,,,unknown
nuweimeh__unassigned__exclude_low__split_9_and_56,16,17,,jericho,unknown
nuweimeh__unassigned__exclude_low__split_9_and_56,17,18,jericho,jericho,same
nuweimeh__unassigned__exclude_low__split_9_and_56,18,19,jericho,,unknown
nuweimeh__unassigned__exclude_low__split_9_and_56,19,20,,,unknown
nuweimeh__unassigned__exclude_low__split_9_and_56,20,21,,,unknown
nuweimeh__unassigned__exclude_low__split_9_and_56,21,22,,,unknown
nuweimeh__unassigned__exclude_low__split_9_and_56,22,23,,,unknown
nuweimeh__unassigned__exclude_low__split_9_and_56,23,24,,,unknown
nuweimeh__unassigned__exclude_low__split_9_and_56,24,25,,,unknown
nuweimeh__unassigned__exclude_low__split_9_and_56,25,26,,,unknown
nuweimeh__unassigned__exclude_low__split_9_and_56,26,27,,,unknown
nuweimeh__unassigned__exclude_low__split_9_and_56,27,28,,,unknown
nuweimeh__unassigned__exclude_low__split_9_and_56,28,29,,,unknown
nuweimeh__unassigned__exclude_low__split_9_and_56,29,30,,jericho,unknown
nuweimeh__unassigned__exclude_low__split_9_and_56,30,31,jericho,jericho,same
nuweimeh__unassigned__exclude_low__split_9_and_56,31,32,jericho,jericho,same
nuweimeh__unassigned__exclude_low__split_9_and_56,32,33,jericho,,unknown
nuweimeh__unassigned__exclude_low__split_9_and_56,33,34,,,unknown
nuweimeh__unassigned__exclude_low__split_9_and_56,34,35,,,unknown
nuweimeh__unassigned__exclude_low__split_9_and_56,35,36,,,unknown
nuweimeh__unassigned__exclude_low__split_9_and_56,36,37,,,unknown
nuweimeh__unassigned__exclude_low__split_9_and_56,37,38,,,unknown
nuweimeh__unassigned__exclude_low__split_9_and_56,38,39,,,unknown
nuweimeh__unassigned__exclude_low__split_9_and_56,39,40,,,unknown
nuweimeh__unassigned__exclude_low__split_9_and_56,40,41,,,unknown
nuweimeh__unassigned__exclude_low__split_9_and_56,41,42,,,unknown
nuweimeh__unassigned__exclude_low__split_9_and_56,42,43,,,unknown
nuweimeh__unassigned__exclude_low__split_9_and_56,43,44,,,unknown
nuweimeh__unassigned__exclude_low__split_9_and_56,44,45,,,unknown
nuweimeh__unassigned__exclude_low__split_9_and_56,45,46,,,unknown
nuweimeh__unassigned__exclude_low__split_9_and_56,46,47,,,unknown
nuweimeh__unassigned__exclude_low__split_9_and_56,47,48,,,unknown
nuweimeh__unassigned__exclude_low__split_9_and_56,48,49,,jerusalem,unknown
nuweimeh__unassigned__exclude_low__split_9_and_56,49,50,jerusalem,,unknown
nuweimeh__unassigned__exclude_low__split_9_and_56,50,51,,jerusalem,unknown
nuweimeh__unassigned__exclude_low__split_9_and_56,51,52,jerusalem,,unknown
nuweimeh__unassigned__exclude_low__split_9_and_56,52,53,,,unknown
nuweimeh__unassigned__exclude_low__split_9_and_56,53,54,,,unknown
nuweimeh__unassigned__exclude_low__split_9_and_56,54,55,,jerusalem,unknown
nuweimeh__unassigned__exclude_low__split_9_and_56,55,56:XI16-XII1a,jerusalem,,unknown
nuweimeh__unassigned__exclude_low__split_9_and_56,56:XI16-XII1a,56:XII1b-2a,,,unknown
nuweimeh__unassigned__exclude_low__split_9_and_56,56:XII1b-2a,56:XII2b-3,,,unknown
nuweimeh__unassigned__exclude_low__split_9_and_56,56:XII2b-3,57,,,unknown
nuweimeh__unassigned__exclude_low__split_9_and_56,57,58,,,unknown
nuweimeh__unassigned__exclude_low__split_9_and_56,58,59,,,unknown
nuweimeh__unassigned__exclude_low__split_9_and_56,59,60,,,unknown
buqeia__project_qumran__include_low__project_61,1,2,,,unknown
buqeia__project_qumran__include_low__project_61,2,3,,,unknown
buqeia__project_qumran__include_low__project_61,3,4,,jericho,unknown
buqeia__project_qumran__include_low__project_61,4,5,jericho,jerusalem,different
buqeia__project_qumran__include_low__project_61,5,6,jerusalem,jerusalem,same
buqeia__project_qumran__include_low__project_61,6,7,jerusalem,jerusalem,same
buqeia__project_qumran__include_low__project_61,7,8,jerusalem,jerusalem,same
buqeia__project_qumran__include_low__project_61,8,9,jerusalem,jerusalem,same
buqeia__project_qumran__include_low__project_61,9,10,jerusalem,jerusalem,same
buqeia__project_qumran__include_low__project_61,10,11,jerusalem,jericho,different
buqeia__project_qumran__include_low__project_61,11,12,jericho,jerusalem,different
buqeia__project_qumran__include_low__project_61,12,12a,jerusalem,jerusalem,same
buqeia__project_qumran__include_low__project_61,12a,13,jerusalem,jerusalem,same
buqeia__project_qumran__include_low__project_61,13,14,jerusalem,jerusalem,same
buqeia__project_qumran__include_low__project_61,14,15,jerusalem,jericho,different
buqeia__project_qumran__include_low__project_61,15,16,jericho,,unknown
buqeia__project_qumran__include_low__project_61,16,17,,,unknown
buqeia__project_qumran__include_low__project_61,17,18,,jericho,unknown
buqeia__project_qumran__include_low__project_61,18,19,jericho,jericho,same
buqeia__project_qumran__include_low__project_61,19,20,jericho,jericho,same
buqeia__project_qumran__include_low__project_61,20,21,jericho,jericho,same
buqeia__project_qumran__include_low__project_61,21,22,jericho,jericho,same
buqeia__project_qumran__include_low__project_61,22,23,jericho,jericho,same
buqeia__project_qumran__include_low__project_61,23,24,jericho,jericho,same
buqeia__project_qumran__include_low__project_61,24,25,jericho,jericho,same
buqeia__project_qumran__include_low__project_61,25,26,jericho,jericho,same
buqeia__project_qumran__include_low__project_61,26,27,jericho,,unknown
buqeia__project_qumran__include_low__project_61,27,28,,jericho,unknown
buqeia__project_qumran__include_low__project_61,28,29,jericho,,unknown
buqeia__project_qumran__include_low__project_61,29,30,,jericho,unknown
buqeia__project_qumran__include_low__project_61,30,31,jericho,jericho,same
buqeia__project_qumran__include_low__project_61,31,32,jericho,jericho,same
buqeia__project_qumran__include_low__project_61,32,33,jericho,jericho,same
buqeia__project_qumran__include_low__project_61,33,34,jericho,,unknown
buqeia__project_qumran__include_low__project_61,34,35,,,unknown
buqeia__project_qumran__include_low__project_61,35,36,,jerusalem,unknown
buqeia__project_qumran__include_low__project_61,36,37,jerusalem,jerusalem,same
buqeia__project_qumran__include_low__project_61,37,38,jerusalem,,unknown
buqeia__project_qumran__include_low__project_61,38,39,,,unknown
buqeia__project_qumran__include_low__project_61,39,40,,,unknown
buqeia__project_qumran__include_low__project_61,40,41,,,unknown
buqeia__project_qumran__include_low__project_61,41,42,,,unknown
buqeia__project_qumran__include_low__project_61,42,43,,,unknown
buqeia__project_qumran__include_low__project_61,43,44,,,unknown
buqeia__project_qumran__include_low__project_61,44,45,,,unknown
buqeia__project_qumran__include_low__project_61,45,46,,jerusalem,unknown
buqeia__project_qumran__include_low__project_61,46,47,jerusalem,jerusalem,same
buqeia__project_qumran__include_low__project_61,47,48,jerusalem,jerusalem,same
buqeia__project_qumran__include_low__project_61,48,49,jerusalem,jerusalem,same
buqeia__project_qumran__include_low__project_61,49,50,jerusalem,jerusalem,same
buqeia__project_qumran__include_low__project_61,50,51,jerusalem,jerusalem,same
buqeia__project_qumran__include_low__project_61,51,52,jerusalem,jerusalem,same
buqeia__project_qumran__include_low__project_61,52,53,jerusalem,jerusalem,same
buqeia__project_qumran__include_low__project_61,53,54,jerusalem,jerusalem,same
buqeia__project_qumran__include_low__project_61,54,55,jerusalem,jerusalem,same
buqeia__project_qumran__include_low__project_61,55,56,jerusalem,jerusalem,same
buqeia__project_qumran__include_low__project_61,56,57,jerusalem,,unknown
buqeia__project_qumran__include_low__project_61,57,58,,,unknown
buqeia__project_qumran__include_low__project_61,58,59,,,unknown
buqeia__project_qumran__include_low__project_61,59,60,,jericho,unknown
buqeia__project_qumran__include_low__join_12_12a,1,2,,,unknown
buqeia__project_qumran__include_low__join_12_12a,2,3,,,unknown
buqeia__project_qumran__include_low__join_12_12a,3,4,,jericho,unknown
buqeia__project_qumran__include_low__join_12_12a,4,5,jericho,jerusalem,different
buqeia__project_qumran__include_low__join_12_12a,5,6,jerusalem,jerusalem,same
buqeia__project_qumran__include_low__join_12_12a,6,7,jerusalem,jerusalem,same
buqeia__project_qumran__include_low__join_12_12a,7,8,jerusalem,jerusalem,same
buqeia__project_qumran__include_low__join_12_12a,8,9,jerusalem,jerusalem,same
buqeia__project_qumran__include_low__join_12_12a,9,10,jerusalem,jerusalem,same
buqeia__project_qumran__include_low__join_12_12a,10,11,jerusalem,jericho,different
buqeia__project_qumran__include_low__join_12_12a,11,12+12a,jericho,jerusalem,different
buqeia__project_qumran__include_low__join_12_12a,12+12a,13,jerusalem,jerusalem,same
buqeia__project_qumran__include_low__join_12_12a,13,14,jerusalem,jerusalem,same
buqeia__project_qumran__include_low__join_12_12a,14,15,jerusalem,jericho,different
buqeia__project_qumran__include_low__join_12_12a,15,16,jericho,,unknown
buqeia__project_qumran__include_low__join_12_12a,16,17,,,unknown
buqeia__project_qumran__include_low__join_12_12a,17,18,,jericho,unknown
buqeia__project_qumran__include_low__join_12_12a,18,19,jericho,jericho,same
buqeia__project_qumran__include_low__join_12_12a,19,20,jericho,jericho,same
buqeia__project_qumran__include_low__join_12_12a,20,21,jericho,jericho,same
buqeia__project_qumran__include_low__join_12_12a,21,22,jericho,jericho,same
buqeia__project_qumran__include_low__join_12_12a,22,23,jericho,jericho,same
buqeia__project_qumran__include_low__join_12_12a,23,24,jericho,jericho,same
buqeia__project_qumran__include_low__join_12_12a,24,25,jericho,jericho,same
buqeia__project_qumran__include_low__join_12_12a,25,26,jericho,jericho,same
buqeia__project_qumran__include_low__join_12_12a,26,27,jericho,,unknown
buqeia__project_qumran__include_low__join_12_12a,27,28,,jericho,unknown
buqeia__project_qumran__include_low__join_12_12a,28,29,jericho,,unknown
buqeia__project_qumran__include_low__join_12_12a,29,30,,jericho,unknown
buqeia__project_qumran__include_low__join_12_12a,30,31,jericho,jericho,same
buqeia__project_qumran__include_low__join_12_12a,31,32,jericho,jericho,same
buqeia__project_qumran__include_low__join_12_12a,32,33,jericho,jericho,same
buqeia__project_qumran__include_low__join_12_12a,33,34,jericho,,unknown
buqeia__project_qumran__include_low__join_12_12a,34,35,,,unknown
buqeia__project_qumran__include_low__join_12_12a,35,36,,jerusalem,unknown
buqeia__project_qumran__include_low__join_12_12a,36,37,jerusalem,jerusalem,same
buqeia__project_qumran__include_low__join_12_12a,37,38,jerusalem,,unknown
buqeia__project_qumran__include_low__join_12_12a,38,39,,,unknown
buqeia__project_qumran__include_low__join_12_12a,39,40,,,unknown
buqeia__project_qumran__include_low__join_12_12a,40,41,,,unknown
buqeia__project_qumran__include_low__join_12_12a,41,42,,,unknown
buqeia__project_qumran__include_low__join_12_12a,42,43,,,unknown
buqeia__project_qumran__include_low__join_12_12a,43,44,,,unknown
buqeia__project_qumran__include_low__join_12_12a,44,45,,,unknown
buqeia__project_qumran__include_low__join_12_12a,45,46,,jerusalem,unknown
buqeia__project_qumran__include_low__join_12_12a,46,47,jerusalem,jerusalem,same
buqeia__project_qumran__include_low__join_12_12a,47,48,jerusalem,jerusalem,same
buqeia__project_qumran__include_low__join_12_12a,48,49,jerusalem,jerusalem,same
buqeia__project_qumran__include_low__join_12_12a,49,50,jerusalem,jerusalem,same
buqeia__project_qumran__include_low__join_12_12a,50,51,jerusalem,jerusalem,same
buqeia__project_qumran__include_low__join_12_12a,51,52,jerusalem,jerusalem,same
buqeia__project_qumran__include_low__join_12_12a,52,53,jerusalem,jerusalem,same
buqeia__project_qumran__include_low__join_12_12a,53,54,jerusalem,jerusalem,same
buqeia__project_qumran__include_low__join_12_12a,54,55,jerusalem,jerusalem,same
buqeia__project_qumran__include_low__join_12_12a,55,56,jerusalem,jerusalem,same
buqeia__project_qumran__include_low__join_12_12a,56,57,jerusalem,,unknown
buqeia__project_qumran__include_low__join_12_12a,57,58,,,unknown
buqeia__project_qumran__include_low__join_12_12a,58,59,,,unknown
buqeia__project_qumran__include_low__join_12_12a,59,60,,jericho,unknown
buqeia__project_qumran__include_low__join_40_41,1,2,,,unknown
buqeia__project_qumran__include_low__join_40_41,2,3,,,unknown
buqeia__project_qumran__include_low__join_40_41,3,4,,jericho,unknown
buqeia__project_qumran__include_low__join_40_41,4,5,jericho,jerusalem,different
buqeia__project_qumran__include_low__join_40_41,5,6,jerusalem,jerusalem,same
buqeia__project_qumran__include_low__join_40_41,6,7,jerusalem,jerusalem,same
buqeia__project_qumran__include_low__join_40_41,7,8,jerusalem,jerusalem,same
buqeia__project_qumran__include_low__join_40_41,8,9,jerusalem,jerusalem,same
buqeia__project_qumran__include_low__join_40_41,9,10,jerusalem,jerusalem,same
buqeia__project_qumran__include_low__join_40_41,10,11,jerusalem,jericho,different
buqeia__project_qumran__include_low__join_40_41,11,12,jericho,jerusalem,different
buqeia__project_qumran__include_low__join_40_41,12,12a,jerusalem,jerusalem,same
buqeia__project_qumran__include_low__join_40_41,12a,13,jerusalem,jerusalem,same
buqeia__project_qumran__include_low__join_40_41,13,14,jerusalem,jerusalem,same
buqeia__project_qumran__include_low__join_40_41,14,15,jerusalem,jericho,different
buqeia__project_qumran__include_low__join_40_41,15,16,jericho,,unknown
buqeia__project_qumran__include_low__join_40_41,16,17,,,unknown
buqeia__project_qumran__include_low__join_40_41,17,18,,jericho,unknown
buqeia__project_qumran__include_low__join_40_41,18,19,jericho,jericho,same
buqeia__project_qumran__include_low__join_40_41,19,20,jericho,jericho,same
buqeia__project_qumran__include_low__join_40_41,20,21,jericho,jericho,same
buqeia__project_qumran__include_low__join_40_41,21,22,jericho,jericho,same
buqeia__project_qumran__include_low__join_40_41,22,23,jericho,jericho,same
buqeia__project_qumran__include_low__join_40_41,23,24,jericho,jericho,same
buqeia__project_qumran__include_low__join_40_41,24,25,jericho,jericho,same
buqeia__project_qumran__include_low__join_40_41,25,26,jericho,jericho,same
buqeia__project_qumran__include_low__join_40_41,26,27,jericho,,unknown
buqeia__project_qumran__include_low__join_40_41,27,28,,jericho,unknown
buqeia__project_qumran__include_low__join_40_41,28,29,jericho,,unknown
buqeia__project_qumran__include_low__join_40_41,29,30,,jericho,unknown
buqeia__project_qumran__include_low__join_40_41,30,31,jericho,jericho,same
buqeia__project_qumran__include_low__join_40_41,31,32,jericho,jericho,same
buqeia__project_qumran__include_low__join_40_41,32,33,jericho,jericho,same
buqeia__project_qumran__include_low__join_40_41,33,34,jericho,,unknown
buqeia__project_qumran__include_low__join_40_41,34,35,,,unknown
buqeia__project_qumran__include_low__join_40_41,35,36,,jerusalem,unknown
buqeia__project_qumran__include_low__join_40_41,36,37,jerusalem,jerusalem,same
buqeia__project_qumran__include_low__join_40_41,37,38,jerusalem,,unknown
buqeia__project_qumran__include_low__join_40_41,38,39,,,unknown
buqeia__project_qumran__include_low__join_40_41,39,40+41,,,unknown
buqeia__project_qumran__include_low__join_40_41,40+41,42,,,unknown
buqeia__project_qumran__include_low__join_40_41,42,43,,,unknown
buqeia__project_qumran__include_low__join_40_41,43,44,,,unknown
buqeia__project_qumran__include_low__join_40_41,44,45,,,unknown
buqeia__project_qumran__include_low__join_40_41,45,46,,jerusalem,unknown
buqeia__project_qumran__include_low__join_40_41,46,47,jerusalem,jerusalem,same
buqeia__project_qumran__include_low__join_40_41,47,48,jerusalem,jerusalem,same
buqeia__project_qumran__include_low__join_40_41,48,49,jerusalem,jerusalem,same
buqeia__project_qumran__include_low__join_40_41,49,50,jerusalem,jerusalem,same
buqeia__project_qumran__include_low__join_40_41,50,51,jerusalem,jerusalem,same
buqeia__project_qumran__include_low__join_40_41,51,52,jerusalem,jerusalem,same
buqeia__project_qumran__include_low__join_40_41,52,53,jerusalem,jerusalem,same
buqeia__project_qumran__include_low__join_40_41,53,54,jerusalem,jerusalem,same
buqeia__project_qumran__include_low__join_40_41,54,55,jerusalem,jerusalem,same
buqeia__project_qumran__include_low__join_40_41,55,56,jerusalem,jerusalem,same
buqeia__project_qumran__include_low__join_40_41,56,57,jerusalem,,unknown
buqeia__project_qumran__include_low__join_40_41,57,58,,,unknown
buqeia__project_qumran__include_low__join_40_41,58,59,,,unknown
buqeia__project_qumran__include_low__join_40_41,59,60,,jericho,unknown
buqeia__project_qumran__include_low__join_41_42,1,2,,,unknown
buqeia__project_qumran__include_low__join_41_42,2,3,,,unknown
buqeia__project_qumran__include_low__join_41_42,3,4,,jericho,unknown
buqeia__project_qumran__include_low__join_41_42,4,5,jericho,jerusalem,different
buqeia__project_qumran__include_low__join_41_42,5,6,jerusalem,jerusalem,same
buqeia__project_qumran__include_low__join_41_42,6,7,jerusalem,jerusalem,same
buqeia__project_qumran__include_low__join_41_42,7,8,jerusalem,jerusalem,same
buqeia__project_qumran__include_low__join_41_42,8,9,jerusalem,jerusalem,same
buqeia__project_qumran__include_low__join_41_42,9,10,jerusalem,jerusalem,same
buqeia__project_qumran__include_low__join_41_42,10,11,jerusalem,jericho,different
buqeia__project_qumran__include_low__join_41_42,11,12,jericho,jerusalem,different
buqeia__project_qumran__include_low__join_41_42,12,12a,jerusalem,jerusalem,same
buqeia__project_qumran__include_low__join_41_42,12a,13,jerusalem,jerusalem,same
buqeia__project_qumran__include_low__join_41_42,13,14,jerusalem,jerusalem,same
buqeia__project_qumran__include_low__join_41_42,14,15,jerusalem,jericho,different
buqeia__project_qumran__include_low__join_41_42,15,16,jericho,,unknown
buqeia__project_qumran__include_low__join_41_42,16,17,,,unknown
buqeia__project_qumran__include_low__join_41_42,17,18,,jericho,unknown
buqeia__project_qumran__include_low__join_41_42,18,19,jericho,jericho,same
buqeia__project_qumran__include_low__join_41_42,19,20,jericho,jericho,same
buqeia__project_qumran__include_low__join_41_42,20,21,jericho,jericho,same
buqeia__project_qumran__include_low__join_41_42,21,22,jericho,jericho,same
buqeia__project_qumran__include_low__join_41_42,22,23,jericho,jericho,same
buqeia__project_qumran__include_low__join_41_42,23,24,jericho,jericho,same
buqeia__project_qumran__include_low__join_41_42,24,25,jericho,jericho,same
buqeia__project_qumran__include_low__join_41_42,25,26,jericho,jericho,same
buqeia__project_qumran__include_low__join_41_42,26,27,jericho,,unknown
buqeia__project_qumran__include_low__join_41_42,27,28,,jericho,unknown
buqeia__project_qumran__include_low__join_41_42,28,29,jericho,,unknown
buqeia__project_qumran__include_low__join_41_42,29,30,,jericho,unknown
buqeia__project_qumran__include_low__join_41_42,30,31,jericho,jericho,same
buqeia__project_qumran__include_low__join_41_42,31,32,jericho,jericho,same
buqeia__project_qumran__include_low__join_41_42,32,33,jericho,jericho,same
buqeia__project_qumran__include_low__join_41_42,33,34,jericho,,unknown
buqeia__project_qumran__include_low__join_41_42,34,35,,,unknown
buqeia__project_qumran__include_low__join_41_42,35,36,,jerusalem,unknown
buqeia__project_qumran__include_low__join_41_42,36,37,jerusalem,jerusalem,same
buqeia__project_qumran__include_low__join_41_42,37,38,jerusalem,,unknown
buqeia__project_qumran__include_low__join_41_42,38,39,,,unknown
buqeia__project_qumran__include_low__join_41_42,39,40,,,unknown
buqeia__project_qumran__include_low__join_41_42,40,41+42,,,unknown
buqeia__project_qumran__include_low__join_41_42,41+42,43,,,unknown
buqeia__project_qumran__include_low__join_41_42,43,44,,,unknown
buqeia__project_qumran__include_low__join_41_42,44,45,,,unknown
buqeia__project_qumran__include_low__join_41_42,45,46,,jerusalem,unknown
buqeia__project_qumran__include_low__join_41_42,46,47,jerusalem,jerusalem,same
buqeia__project_qumran__include_low__join_41_42,47,48,jerusalem,jerusalem,same
buqeia__project_qumran__include_low__join_41_42,48,49,jerusalem,jerusalem,same
buqeia__project_qumran__include_low__join_41_42,49,50,jerusalem,jerusalem,same
buqeia__project_qumran__include_low__join_41_42,50,51,jerusalem,jerusalem,same
buqeia__project_qumran__include_low__join_41_42,51,52,jerusalem,jerusalem,same
buqeia__project_qumran__include_low__join_41_42,52,53,jerusalem,jerusalem,same
buqeia__project_qumran__include_low__join_41_42,53,54,jerusalem,jerusalem,same
buqeia__project_qumran__include_low__join_41_42,54,55,jerusalem,jerusalem,same
buqeia__project_qumran__include_low__join_41_42,55,56,jerusalem,jerusalem,same
buqeia__project_qumran__include_low__join_41_42,56,57,jerusalem,,unknown
buqeia__project_qumran__include_low__join_41_42,57,58,,,unknown
buqeia__project_qumran__include_low__join_41_42,58,59,,,unknown
buqeia__project_qumran__include_low__join_41_42,59,60,,jericho,unknown
buqeia__project_qumran__include_low__join_49_50,1,2,,,unknown
buqeia__project_qumran__include_low__join_49_50,2,3,,,unknown
buqeia__project_qumran__include_low__join_49_50,3,4,,jericho,unknown
buqeia__project_qumran__include_low__join_49_50,4,5,jericho,jerusalem,different
buqeia__project_qumran__include_low__join_49_50,5,6,jerusalem,jerusalem,same
buqeia__project_qumran__include_low__join_49_50,6,7,jerusalem,jerusalem,same
buqeia__project_qumran__include_low__join_49_50,7,8,jerusalem,jerusalem,same
buqeia__project_qumran__include_low__join_49_50,8,9,jerusalem,jerusalem,same
buqeia__project_qumran__include_low__join_49_50,9,10,jerusalem,jerusalem,same
buqeia__project_qumran__include_low__join_49_50,10,11,jerusalem,jericho,different
buqeia__project_qumran__include_low__join_49_50,11,12,jericho,jerusalem,different
buqeia__project_qumran__include_low__join_49_50,12,12a,jerusalem,jerusalem,same
buqeia__project_qumran__include_low__join_49_50,12a,13,jerusalem,jerusalem,same
buqeia__project_qumran__include_low__join_49_50,13,14,jerusalem,jerusalem,same
buqeia__project_qumran__include_low__join_49_50,14,15,jerusalem,jericho,different
buqeia__project_qumran__include_low__join_49_50,15,16,jericho,,unknown
buqeia__project_qumran__include_low__join_49_50,16,17,,,unknown
buqeia__project_qumran__include_low__join_49_50,17,18,,jericho,unknown
buqeia__project_qumran__include_low__join_49_50,18,19,jericho,jericho,same
buqeia__project_qumran__include_low__join_49_50,19,20,jericho,jericho,same
buqeia__project_qumran__include_low__join_49_50,20,21,jericho,jericho,same
buqeia__project_qumran__include_low__join_49_50,21,22,jericho,jericho,same
buqeia__project_qumran__include_low__join_49_50,22,23,jericho,jericho,same
buqeia__project_qumran__include_low__join_49_50,23,24,jericho,jericho,same
buqeia__project_qumran__include_low__join_49_50,24,25,jericho,jericho,same
buqeia__project_qumran__include_low__join_49_50,25,26,jericho,jericho,same
buqeia__project_qumran__include_low__join_49_50,26,27,jericho,,unknown
buqeia__project_qumran__include_low__join_49_50,27,28,,jericho,unknown
buqeia__project_qumran__include_low__join_49_50,28,29,jericho,,unknown
buqeia__project_qumran__include_low__join_49_50,29,30,,jericho,unknown
buqeia__project_qumran__include_low__join_49_50,30,31,jericho,jericho,same
buqeia__project_qumran__include_low__join_49_50,31,32,jericho,jericho,same
buqeia__project_qumran__include_low__join_49_50,32,33,jericho,jericho,same
buqeia__project_qumran__include_low__join_49_50,33,34,jericho,,unknown
buqeia__project_qumran__include_low__join_49_50,34,35,,,unknown
buqeia__project_qumran__include_low__join_49_50,35,36,,jerusalem,unknown
buqeia__project_qumran__include_low__join_49_50,36,37,jerusalem,jerusalem,same
buqeia__project_qumran__include_low__join_49_50,37,38,jerusalem,,unknown
buqeia__project_qumran__include_low__join_49_50,38,39,,,unknown
buqeia__project_qumran__include_low__join_49_50,39,40,,,unknown
buqeia__project_qumran__include_low__join_49_50,40,41,,,unknown
buqeia__project_qumran__include_low__join_49_50,41,42,,,unknown
buqeia__project_qumran__include_low__join_49_50,42,43,,,unknown
buqeia__project_qumran__include_low__join_49_50,43,44,,,unknown
buqeia__project_qumran__include_low__join_49_50,44,45,,,unknown
buqeia__project_qumran__include_low__join_49_50,45,46,,jerusalem,unknown
buqeia__project_qumran__include_low__join_49_50,46,47,jerusalem,jerusalem,same
buqeia__project_qumran__include_low__join_49_50,47,48,jerusalem,jerusalem,same
buqeia__project_qumran__include_low__join_49_50,48,49+50,jerusalem,jerusalem,same
buqeia__project_qumran__include_low__join_49_50,49+50,51,jerusalem,jerusalem,same
buqeia__project_qumran__include_low__join_49_50,51,52,jerusalem,jerusalem,same
buqeia__project_qumran__include_low__join_49_50,52,53,jerusalem,jerusalem,same
buqeia__project_qumran__include_low__join_49_50,53,54,jerusalem,jerusalem,same
buqeia__project_qumran__include_low__join_49_50,54,55,jerusalem,jerusalem,same
buqeia__project_qumran__include_low__join_49_50,55,56,jerusalem,jerusalem,same
buqeia__project_qumran__include_low__join_49_50,56,57,jerusalem,,unknown
buqeia__project_qumran__include_low__join_49_50,57,58,,,unknown
buqeia__project_qumran__include_low__join_49_50,58,59,,,unknown
buqeia__project_qumran__include_low__join_49_50,59,60,,jericho,unknown
buqeia__project_qumran__include_low__split_9,1,2,,,unknown
buqeia__project_qumran__include_low__split_9,2,3,,,unknown
buqeia__project_qumran__include_low__split_9,3,4,,jericho,unknown
buqeia__project_qumran__include_low__split_9,4,5,jericho,jerusalem,different
buqeia__project_qumran__include_low__split_9,5,6,jerusalem,jerusalem,same
buqeia__project_qumran__include_low__split_9,6,7,jerusalem,jerusalem,same
buqeia__project_qumran__include_low__split_9,7,8,jerusalem,jerusalem,same
buqeia__project_qumran__include_low__split_9,8,9:II7-8,jerusalem,,unknown
buqeia__project_qumran__include_low__split_9,9:II7-8,9:II9,,,unknown
buqeia__project_qumran__include_low__split_9,9:II9,10,,jerusalem,unknown
buqeia__project_qumran__include_low__split_9,10,11,jerusalem,jericho,different
buqeia__project_qumran__include_low__split_9,11,12,jericho,jerusalem,different
buqeia__project_qumran__include_low__split_9,12,12a,jerusalem,jerusalem,same
buqeia__project_qumran__include_low__split_9,12a,13,jerusalem,jerusalem,same
buqeia__project_qumran__include_low__split_9,13,14,jerusalem,jerusalem,same
buqeia__project_qumran__include_low__split_9,14,15,jerusalem,jericho,different
buqeia__project_qumran__include_low__split_9,15,16,jericho,,unknown
buqeia__project_qumran__include_low__split_9,16,17,,,unknown
buqeia__project_qumran__include_low__split_9,17,18,,jericho,unknown
buqeia__project_qumran__include_low__split_9,18,19,jericho,jericho,same
buqeia__project_qumran__include_low__split_9,19,20,jericho,jericho,same
buqeia__project_qumran__include_low__split_9,20,21,jericho,jericho,same
buqeia__project_qumran__include_low__split_9,21,22,jericho,jericho,same
buqeia__project_qumran__include_low__split_9,22,23,jericho,jericho,same
buqeia__project_qumran__include_low__split_9,23,24,jericho,jericho,same
buqeia__project_qumran__include_low__split_9,24,25,jericho,jericho,same
buqeia__project_qumran__include_low__split_9,25,26,jericho,jericho,same
buqeia__project_qumran__include_low__split_9,26,27,jericho,,unknown
buqeia__project_qumran__include_low__split_9,27,28,,jericho,unknown
buqeia__project_qumran__include_low__split_9,28,29,jericho,,unknown
buqeia__project_qumran__include_low__split_9,29,30,,jericho,unknown
buqeia__project_qumran__include_low__split_9,30,31,jericho,jericho,same
buqeia__project_qumran__include_low__split_9,31,32,jericho,jericho,same
buqeia__project_qumran__include_low__split_9,32,33,jericho,jericho,same
buqeia__project_qumran__include_low__split_9,33,34,jericho,,unknown
buqeia__project_qumran__include_low__split_9,34,35,,,unknown
buqeia__project_qumran__include_low__split_9,35,36,,jerusalem,unknown
buqeia__project_qumran__include_low__split_9,36,37,jerusalem,jerusalem,same
buqeia__project_qumran__include_low__split_9,37,38,jerusalem,,unknown
buqeia__project_qumran__include_low__split_9,38,39,,,unknown
buqeia__project_qumran__include_low__split_9,39,40,,,unknown
buqeia__project_qumran__include_low__split_9,40,41,,,unknown
buqeia__project_qumran__include_low__split_9,41,42,,,unknown
buqeia__project_qumran__include_low__split_9,42,43,,,unknown
buqeia__project_qumran__include_low__split_9,43,44,,,unknown
buqeia__project_qumran__include_low__split_9,44,45,,,unknown
buqeia__project_qumran__include_low__split_9,45,46,,jerusalem,unknown
buqeia__project_qumran__include_low__split_9,46,47,jerusalem,jerusalem,same
buqeia__project_qumran__include_low__split_9,47,48,jerusalem,jerusalem,same
buqeia__project_qumran__include_low__split_9,48,49,jerusalem,jerusalem,same
buqeia__project_qumran__include_low__split_9,49,50,jerusalem,jerusalem,same
buqeia__project_qumran__include_low__split_9,50,51,jerusalem,jerusalem,same
buqeia__project_qumran__include_low__split_9,51,52,jerusalem,jerusalem,same
buqeia__project_qumran__include_low__split_9,52,53,jerusalem,jerusalem,same
buqeia__project_qumran__include_low__split_9,53,54,jerusalem,jerusalem,same
buqeia__project_qumran__include_low__split_9,54,55,jerusalem,jerusalem,same
buqeia__project_qumran__include_low__split_9,55,56,jerusalem,jerusalem,same
buqeia__project_qumran__include_low__split_9,56,57,jerusalem,,unknown
buqeia__project_qumran__include_low__split_9,57,58,,,unknown
buqeia__project_qumran__include_low__split_9,58,59,,,unknown
buqeia__project_qumran__include_low__split_9,59,60,,jericho,unknown
buqeia__project_qumran__include_low__split_56,1,2,,,unknown
buqeia__project_qumran__include_low__split_56,2,3,,,unknown
buqeia__project_qumran__include_low__split_56,3,4,,jericho,unknown
buqeia__project_qumran__include_low__split_56,4,5,jericho,jerusalem,different
buqeia__project_qumran__include_low__split_56,5,6,jerusalem,jerusalem,same
buqeia__project_qumran__include_low__split_56,6,7,jerusalem,jerusalem,same
buqeia__project_qumran__include_low__split_56,7,8,jerusalem,jerusalem,same
buqeia__project_qumran__include_low__split_56,8,9,jerusalem,jerusalem,same
buqeia__project_qumran__include_low__split_56,9,10,jerusalem,jerusalem,same
buqeia__project_qumran__include_low__split_56,10,11,jerusalem,jericho,different
buqeia__project_qumran__include_low__split_56,11,12,jericho,jerusalem,different
buqeia__project_qumran__include_low__split_56,12,12a,jerusalem,jerusalem,same
buqeia__project_qumran__include_low__split_56,12a,13,jerusalem,jerusalem,same
buqeia__project_qumran__include_low__split_56,13,14,jerusalem,jerusalem,same
buqeia__project_qumran__include_low__split_56,14,15,jerusalem,jericho,different
buqeia__project_qumran__include_low__split_56,15,16,jericho,,unknown
buqeia__project_qumran__include_low__split_56,16,17,,,unknown
buqeia__project_qumran__include_low__split_56,17,18,,jericho,unknown
buqeia__project_qumran__include_low__split_56,18,19,jericho,jericho,same
buqeia__project_qumran__include_low__split_56,19,20,jericho,jericho,same
buqeia__project_qumran__include_low__split_56,20,21,jericho,jericho,same
buqeia__project_qumran__include_low__split_56,21,22,jericho,jericho,same
buqeia__project_qumran__include_low__split_56,22,23,jericho,jericho,same
buqeia__project_qumran__include_low__split_56,23,24,jericho,jericho,same
buqeia__project_qumran__include_low__split_56,24,25,jericho,jericho,same
buqeia__project_qumran__include_low__split_56,25,26,jericho,jericho,same
buqeia__project_qumran__include_low__split_56,26,27,jericho,,unknown
buqeia__project_qumran__include_low__split_56,27,28,,jericho,unknown
buqeia__project_qumran__include_low__split_56,28,29,jericho,,unknown
buqeia__project_qumran__include_low__split_56,29,30,,jericho,unknown
buqeia__project_qumran__include_low__split_56,30,31,jericho,jericho,same
buqeia__project_qumran__include_low__split_56,31,32,jericho,jericho,same
buqeia__project_qumran__include_low__split_56,32,33,jericho,jericho,same
buqeia__project_qumran__include_low__split_56,33,34,jericho,,unknown
buqeia__project_qumran__include_low__split_56,34,35,,,unknown
buqeia__project_qumran__include_low__split_56,35,36,,jerusalem,unknown
buqeia__project_qumran__include_low__split_56,36,37,jerusalem,jerusalem,same
buqeia__project_qumran__include_low__split_56,37,38,jerusalem,,unknown
buqeia__project_qumran__include_low__split_56,38,39,,,unknown
buqeia__project_qumran__include_low__split_56,39,40,,,unknown
buqeia__project_qumran__include_low__split_56,40,41,,,unknown
buqeia__project_qumran__include_low__split_56,41,42,,,unknown
buqeia__project_qumran__include_low__split_56,42,43,,,unknown
buqeia__project_qumran__include_low__split_56,43,44,,,unknown
buqeia__project_qumran__include_low__split_56,44,45,,,unknown
buqeia__project_qumran__include_low__split_56,45,46,,jerusalem,unknown
buqeia__project_qumran__include_low__split_56,46,47,jerusalem,jerusalem,same
buqeia__project_qumran__include_low__split_56,47,48,jerusalem,jerusalem,same
buqeia__project_qumran__include_low__split_56,48,49,jerusalem,jerusalem,same
buqeia__project_qumran__include_low__split_56,49,50,jerusalem,jerusalem,same
buqeia__project_qumran__include_low__split_56,50,51,jerusalem,jerusalem,same
buqeia__project_qumran__include_low__split_56,51,52,jerusalem,jerusalem,same
buqeia__project_qumran__include_low__split_56,52,53,jerusalem,jerusalem,same
buqeia__project_qumran__include_low__split_56,53,54,jerusalem,jerusalem,same
buqeia__project_qumran__include_low__split_56,54,55,jerusalem,jerusalem,same
buqeia__project_qumran__include_low__split_56,55,56:XI16-XII1a,jerusalem,,unknown
buqeia__project_qumran__include_low__split_56,56:XI16-XII1a,56:XII1b-2a,,,unknown
buqeia__project_qumran__include_low__split_56,56:XII1b-2a,56:XII2b-3,,,unknown
buqeia__project_qumran__include_low__split_56,56:XII2b-3,57,,,unknown
buqeia__project_qumran__include_low__split_56,57,58,,,unknown
buqeia__project_qumran__include_low__split_56,58,59,,,unknown
buqeia__project_qumran__include_low__split_56,59,60,,jericho,unknown
buqeia__project_qumran__include_low__split_9_and_56,1,2,,,unknown
buqeia__project_qumran__include_low__split_9_and_56,2,3,,,unknown
buqeia__project_qumran__include_low__split_9_and_56,3,4,,jericho,unknown
buqeia__project_qumran__include_low__split_9_and_56,4,5,jericho,jerusalem,different
buqeia__project_qumran__include_low__split_9_and_56,5,6,jerusalem,jerusalem,same
buqeia__project_qumran__include_low__split_9_and_56,6,7,jerusalem,jerusalem,same
buqeia__project_qumran__include_low__split_9_and_56,7,8,jerusalem,jerusalem,same
buqeia__project_qumran__include_low__split_9_and_56,8,9:II7-8,jerusalem,,unknown
buqeia__project_qumran__include_low__split_9_and_56,9:II7-8,9:II9,,,unknown
buqeia__project_qumran__include_low__split_9_and_56,9:II9,10,,jerusalem,unknown
buqeia__project_qumran__include_low__split_9_and_56,10,11,jerusalem,jericho,different
buqeia__project_qumran__include_low__split_9_and_56,11,12,jericho,jerusalem,different
buqeia__project_qumran__include_low__split_9_and_56,12,12a,jerusalem,jerusalem,same
buqeia__project_qumran__include_low__split_9_and_56,12a,13,jerusalem,jerusalem,same
buqeia__project_qumran__include_low__split_9_and_56,13,14,jerusalem,jerusalem,same
buqeia__project_qumran__include_low__split_9_and_56,14,15,jerusalem,jericho,different
buqeia__project_qumran__include_low__split_9_and_56,15,16,jericho,,unknown
buqeia__project_qumran__include_low__split_9_and_56,16,17,,,unknown
buqeia__project_qumran__include_low__split_9_and_56,17,18,,jericho,unknown
buqeia__project_qumran__include_low__split_9_and_56,18,19,jericho,jericho,same
buqeia__project_qumran__include_low__split_9_and_56,19,20,jericho,jericho,same
buqeia__project_qumran__include_low__split_9_and_56,20,21,jericho,jericho,same
buqeia__project_qumran__include_low__split_9_and_56,21,22,jericho,jericho,same
buqeia__project_qumran__include_low__split_9_and_56,22,23,jericho,jericho,same
buqeia__project_qumran__include_low__split_9_and_56,23,24,jericho,jericho,same
buqeia__project_qumran__include_low__split_9_and_56,24,25,jericho,jericho,same
buqeia__project_qumran__include_low__split_9_and_56,25,26,jericho,jericho,same
buqeia__project_qumran__include_low__split_9_and_56,26,27,jericho,,unknown
buqeia__project_qumran__include_low__split_9_and_56,27,28,,jericho,unknown
buqeia__project_qumran__include_low__split_9_and_56,28,29,jericho,,unknown
buqeia__project_qumran__include_low__split_9_and_56,29,30,,jericho,unknown
buqeia__project_qumran__include_low__split_9_and_56,30,31,jericho,jericho,same
buqeia__project_qumran__include_low__split_9_and_56,31,32,jericho,jericho,same
buqeia__project_qumran__include_low__split_9_and_56,32,33,jericho,jericho,same
buqeia__project_qumran__include_low__split_9_and_56,33,34,jericho,,unknown
buqeia__project_qumran__include_low__split_9_and_56,34,35,,,unknown
buqeia__project_qumran__include_low__split_9_and_56,35,36,,jerusalem,unknown
buqeia__project_qumran__include_low__split_9_and_56,36,37,jerusalem,jerusalem,same
buqeia__project_qumran__include_low__split_9_and_56,37,38,jerusalem,,unknown
buqeia__project_qumran__include_low__split_9_and_56,38,39,,,unknown
buqeia__project_qumran__include_low__split_9_and_56,39,40,,,unknown
buqeia__project_qumran__include_low__split_9_and_56,40,41,,,unknown
buqeia__project_qumran__include_low__split_9_and_56,41,42,,,unknown
buqeia__project_qumran__include_low__split_9_and_56,42,43,,,unknown
buqeia__project_qumran__include_low__split_9_and_56,43,44,,,unknown
buqeia__project_qumran__include_low__split_9_and_56,44,45,,,unknown
buqeia__project_qumran__include_low__split_9_and_56,45,46,,jerusalem,unknown
buqeia__project_qumran__include_low__split_9_and_56,46,47,jerusalem,jerusalem,same
buqeia__project_qumran__include_low__split_9_and_56,47,48,jerusalem,jerusalem,same
buqeia__project_qumran__include_low__split_9_and_56,48,49,jerusalem,jerusalem,same
buqeia__project_qumran__include_low__split_9_and_56,49,50,jerusalem,jerusalem,same
buqeia__project_qumran__include_low__split_9_and_56,50,51,jerusalem,jerusalem,same
buqeia__project_qumran__include_low__split_9_and_56,51,52,jerusalem,jerusalem,same
buqeia__project_qumran__include_low__split_9_and_56,52,53,jerusalem,jerusalem,same
buqeia__project_qumran__include_low__split_9_and_56,53,54,jerusalem,jerusalem,same
buqeia__project_qumran__include_low__split_9_and_56,54,55,jerusalem,jerusalem,same
buqeia__project_qumran__include_low__split_9_and_56,55,56:XI16-XII1a,jerusalem,,unknown
buqeia__project_qumran__include_low__split_9_and_56,56:XI16-XII1a,56:XII1b-2a,,,unknown
buqeia__project_qumran__include_low__split_9_and_56,56:XII1b-2a,56:XII2b-3,,,unknown
buqeia__project_qumran__include_low__split_9_and_56,56:XII2b-3,57,,,unknown
buqeia__project_qumran__include_low__split_9_and_56,57,58,,,unknown
buqeia__project_qumran__include_low__split_9_and_56,58,59,,,unknown
buqeia__project_qumran__include_low__split_9_and_56,59,60,,jericho,unknown
buqeia__project_qumran__exclude_low__project_61,1,2,,,unknown
buqeia__project_qumran__exclude_low__project_61,2,3,,,unknown
buqeia__project_qumran__exclude_low__project_61,3,4,,,unknown
buqeia__project_qumran__exclude_low__project_61,4,5,,,unknown
buqeia__project_qumran__exclude_low__project_61,5,6,,,unknown
buqeia__project_qumran__exclude_low__project_61,6,7,,,unknown
buqeia__project_qumran__exclude_low__project_61,7,8,,,unknown
buqeia__project_qumran__exclude_low__project_61,8,9,,jerusalem,unknown
buqeia__project_qumran__exclude_low__project_61,9,10,jerusalem,jerusalem,same
buqeia__project_qumran__exclude_low__project_61,10,11,jerusalem,,unknown
buqeia__project_qumran__exclude_low__project_61,11,12,,,unknown
buqeia__project_qumran__exclude_low__project_61,12,12a,,,unknown
buqeia__project_qumran__exclude_low__project_61,12a,13,,,unknown
buqeia__project_qumran__exclude_low__project_61,13,14,,,unknown
buqeia__project_qumran__exclude_low__project_61,14,15,,,unknown
buqeia__project_qumran__exclude_low__project_61,15,16,,,unknown
buqeia__project_qumran__exclude_low__project_61,16,17,,,unknown
buqeia__project_qumran__exclude_low__project_61,17,18,,jericho,unknown
buqeia__project_qumran__exclude_low__project_61,18,19,jericho,,unknown
buqeia__project_qumran__exclude_low__project_61,19,20,,jericho,unknown
buqeia__project_qumran__exclude_low__project_61,20,21,jericho,jericho,same
buqeia__project_qumran__exclude_low__project_61,21,22,jericho,jericho,same
buqeia__project_qumran__exclude_low__project_61,22,23,jericho,,unknown
buqeia__project_qumran__exclude_low__project_61,23,24,,,unknown
buqeia__project_qumran__exclude_low__project_61,24,25,,,unknown
buqeia__project_qumran__exclude_low__project_61,25,26,,,unknown
buqeia__project_qumran__exclude_low__project_61,26,27,,,unknown
buqeia__project_qumran__exclude_low__project_61,27,28,,,unknown
buqeia__project_qumran__exclude_low__project_61,28,29,,,unknown
buqeia__project_qumran__exclude_low__project_61,29,30,,jericho,unknown
buqeia__project_qumran__exclude_low__project_61,30,31,jericho,jericho,same
buqeia__project_qumran__exclude_low__project_61,31,32,jericho,jericho,same
buqeia__project_qumran__exclude_low__project_61,32,33,jericho,,unknown
buqeia__project_qumran__exclude_low__project_61,33,34,,,unknown
buqeia__project_qumran__exclude_low__project_61,34,35,,,unknown
buqeia__project_qumran__exclude_low__project_61,35,36,,,unknown
buqeia__project_qumran__exclude_low__project_61,36,37,,,unknown
buqeia__project_qumran__exclude_low__project_61,37,38,,,unknown
buqeia__project_qumran__exclude_low__project_61,38,39,,,unknown
buqeia__project_qumran__exclude_low__project_61,39,40,,,unknown
buqeia__project_qumran__exclude_low__project_61,40,41,,,unknown
buqeia__project_qumran__exclude_low__project_61,41,42,,,unknown
buqeia__project_qumran__exclude_low__project_61,42,43,,,unknown
buqeia__project_qumran__exclude_low__project_61,43,44,,,unknown
buqeia__project_qumran__exclude_low__project_61,44,45,,,unknown
buqeia__project_qumran__exclude_low__project_61,45,46,,,unknown
buqeia__project_qumran__exclude_low__project_61,46,47,,,unknown
buqeia__project_qumran__exclude_low__project_61,47,48,,,unknown
buqeia__project_qumran__exclude_low__project_61,48,49,,jerusalem,unknown
buqeia__project_qumran__exclude_low__project_61,49,50,jerusalem,,unknown
buqeia__project_qumran__exclude_low__project_61,50,51,,jerusalem,unknown
buqeia__project_qumran__exclude_low__project_61,51,52,jerusalem,,unknown
buqeia__project_qumran__exclude_low__project_61,52,53,,,unknown
buqeia__project_qumran__exclude_low__project_61,53,54,,,unknown
buqeia__project_qumran__exclude_low__project_61,54,55,,jerusalem,unknown
buqeia__project_qumran__exclude_low__project_61,55,56,jerusalem,,unknown
buqeia__project_qumran__exclude_low__project_61,56,57,,,unknown
buqeia__project_qumran__exclude_low__project_61,57,58,,,unknown
buqeia__project_qumran__exclude_low__project_61,58,59,,,unknown
buqeia__project_qumran__exclude_low__project_61,59,60,,,unknown
buqeia__project_qumran__exclude_low__join_12_12a,1,2,,,unknown
buqeia__project_qumran__exclude_low__join_12_12a,2,3,,,unknown
buqeia__project_qumran__exclude_low__join_12_12a,3,4,,,unknown
buqeia__project_qumran__exclude_low__join_12_12a,4,5,,,unknown
buqeia__project_qumran__exclude_low__join_12_12a,5,6,,,unknown
buqeia__project_qumran__exclude_low__join_12_12a,6,7,,,unknown
buqeia__project_qumran__exclude_low__join_12_12a,7,8,,,unknown
buqeia__project_qumran__exclude_low__join_12_12a,8,9,,jerusalem,unknown
buqeia__project_qumran__exclude_low__join_12_12a,9,10,jerusalem,jerusalem,same
buqeia__project_qumran__exclude_low__join_12_12a,10,11,jerusalem,,unknown
buqeia__project_qumran__exclude_low__join_12_12a,11,12+12a,,,unknown
buqeia__project_qumran__exclude_low__join_12_12a,12+12a,13,,,unknown
buqeia__project_qumran__exclude_low__join_12_12a,13,14,,,unknown
buqeia__project_qumran__exclude_low__join_12_12a,14,15,,,unknown
buqeia__project_qumran__exclude_low__join_12_12a,15,16,,,unknown
buqeia__project_qumran__exclude_low__join_12_12a,16,17,,,unknown
buqeia__project_qumran__exclude_low__join_12_12a,17,18,,jericho,unknown
buqeia__project_qumran__exclude_low__join_12_12a,18,19,jericho,,unknown
buqeia__project_qumran__exclude_low__join_12_12a,19,20,,jericho,unknown
buqeia__project_qumran__exclude_low__join_12_12a,20,21,jericho,jericho,same
buqeia__project_qumran__exclude_low__join_12_12a,21,22,jericho,jericho,same
buqeia__project_qumran__exclude_low__join_12_12a,22,23,jericho,,unknown
buqeia__project_qumran__exclude_low__join_12_12a,23,24,,,unknown
buqeia__project_qumran__exclude_low__join_12_12a,24,25,,,unknown
buqeia__project_qumran__exclude_low__join_12_12a,25,26,,,unknown
buqeia__project_qumran__exclude_low__join_12_12a,26,27,,,unknown
buqeia__project_qumran__exclude_low__join_12_12a,27,28,,,unknown
buqeia__project_qumran__exclude_low__join_12_12a,28,29,,,unknown
buqeia__project_qumran__exclude_low__join_12_12a,29,30,,jericho,unknown
buqeia__project_qumran__exclude_low__join_12_12a,30,31,jericho,jericho,same
buqeia__project_qumran__exclude_low__join_12_12a,31,32,jericho,jericho,same
buqeia__project_qumran__exclude_low__join_12_12a,32,33,jericho,,unknown
buqeia__project_qumran__exclude_low__join_12_12a,33,34,,,unknown
buqeia__project_qumran__exclude_low__join_12_12a,34,35,,,unknown
buqeia__project_qumran__exclude_low__join_12_12a,35,36,,,unknown
buqeia__project_qumran__exclude_low__join_12_12a,36,37,,,unknown
buqeia__project_qumran__exclude_low__join_12_12a,37,38,,,unknown
buqeia__project_qumran__exclude_low__join_12_12a,38,39,,,unknown
buqeia__project_qumran__exclude_low__join_12_12a,39,40,,,unknown
buqeia__project_qumran__exclude_low__join_12_12a,40,41,,,unknown
buqeia__project_qumran__exclude_low__join_12_12a,41,42,,,unknown
buqeia__project_qumran__exclude_low__join_12_12a,42,43,,,unknown
buqeia__project_qumran__exclude_low__join_12_12a,43,44,,,unknown
buqeia__project_qumran__exclude_low__join_12_12a,44,45,,,unknown
buqeia__project_qumran__exclude_low__join_12_12a,45,46,,,unknown
buqeia__project_qumran__exclude_low__join_12_12a,46,47,,,unknown
buqeia__project_qumran__exclude_low__join_12_12a,47,48,,,unknown
buqeia__project_qumran__exclude_low__join_12_12a,48,49,,jerusalem,unknown
buqeia__project_qumran__exclude_low__join_12_12a,49,50,jerusalem,,unknown
buqeia__project_qumran__exclude_low__join_12_12a,50,51,,jerusalem,unknown
buqeia__project_qumran__exclude_low__join_12_12a,51,52,jerusalem,,unknown
buqeia__project_qumran__exclude_low__join_12_12a,52,53,,,unknown
buqeia__project_qumran__exclude_low__join_12_12a,53,54,,,unknown
buqeia__project_qumran__exclude_low__join_12_12a,54,55,,jerusalem,unknown
buqeia__project_qumran__exclude_low__join_12_12a,55,56,jerusalem,,unknown
buqeia__project_qumran__exclude_low__join_12_12a,56,57,,,unknown
buqeia__project_qumran__exclude_low__join_12_12a,57,58,,,unknown
buqeia__project_qumran__exclude_low__join_12_12a,58,59,,,unknown
buqeia__project_qumran__exclude_low__join_12_12a,59,60,,,unknown
buqeia__project_qumran__exclude_low__join_40_41,1,2,,,unknown
buqeia__project_qumran__exclude_low__join_40_41,2,3,,,unknown
buqeia__project_qumran__exclude_low__join_40_41,3,4,,,unknown
buqeia__project_qumran__exclude_low__join_40_41,4,5,,,unknown
buqeia__project_qumran__exclude_low__join_40_41,5,6,,,unknown
buqeia__project_qumran__exclude_low__join_40_41,6,7,,,unknown
buqeia__project_qumran__exclude_low__join_40_41,7,8,,,unknown
buqeia__project_qumran__exclude_low__join_40_41,8,9,,jerusalem,unknown
buqeia__project_qumran__exclude_low__join_40_41,9,10,jerusalem,jerusalem,same
buqeia__project_qumran__exclude_low__join_40_41,10,11,jerusalem,,unknown
buqeia__project_qumran__exclude_low__join_40_41,11,12,,,unknown
buqeia__project_qumran__exclude_low__join_40_41,12,12a,,,unknown
buqeia__project_qumran__exclude_low__join_40_41,12a,13,,,unknown
buqeia__project_qumran__exclude_low__join_40_41,13,14,,,unknown
buqeia__project_qumran__exclude_low__join_40_41,14,15,,,unknown
buqeia__project_qumran__exclude_low__join_40_41,15,16,,,unknown
buqeia__project_qumran__exclude_low__join_40_41,16,17,,,unknown
buqeia__project_qumran__exclude_low__join_40_41,17,18,,jericho,unknown
buqeia__project_qumran__exclude_low__join_40_41,18,19,jericho,,unknown
buqeia__project_qumran__exclude_low__join_40_41,19,20,,jericho,unknown
buqeia__project_qumran__exclude_low__join_40_41,20,21,jericho,jericho,same
buqeia__project_qumran__exclude_low__join_40_41,21,22,jericho,jericho,same
buqeia__project_qumran__exclude_low__join_40_41,22,23,jericho,,unknown
buqeia__project_qumran__exclude_low__join_40_41,23,24,,,unknown
buqeia__project_qumran__exclude_low__join_40_41,24,25,,,unknown
buqeia__project_qumran__exclude_low__join_40_41,25,26,,,unknown
buqeia__project_qumran__exclude_low__join_40_41,26,27,,,unknown
buqeia__project_qumran__exclude_low__join_40_41,27,28,,,unknown
buqeia__project_qumran__exclude_low__join_40_41,28,29,,,unknown
buqeia__project_qumran__exclude_low__join_40_41,29,30,,jericho,unknown
buqeia__project_qumran__exclude_low__join_40_41,30,31,jericho,jericho,same
buqeia__project_qumran__exclude_low__join_40_41,31,32,jericho,jericho,same
buqeia__project_qumran__exclude_low__join_40_41,32,33,jericho,,unknown
buqeia__project_qumran__exclude_low__join_40_41,33,34,,,unknown
buqeia__project_qumran__exclude_low__join_40_41,34,35,,,unknown
buqeia__project_qumran__exclude_low__join_40_41,35,36,,,unknown
buqeia__project_qumran__exclude_low__join_40_41,36,37,,,unknown
buqeia__project_qumran__exclude_low__join_40_41,37,38,,,unknown
buqeia__project_qumran__exclude_low__join_40_41,38,39,,,unknown
buqeia__project_qumran__exclude_low__join_40_41,39,40+41,,,unknown
buqeia__project_qumran__exclude_low__join_40_41,40+41,42,,,unknown
buqeia__project_qumran__exclude_low__join_40_41,42,43,,,unknown
buqeia__project_qumran__exclude_low__join_40_41,43,44,,,unknown
buqeia__project_qumran__exclude_low__join_40_41,44,45,,,unknown
buqeia__project_qumran__exclude_low__join_40_41,45,46,,,unknown
buqeia__project_qumran__exclude_low__join_40_41,46,47,,,unknown
buqeia__project_qumran__exclude_low__join_40_41,47,48,,,unknown
buqeia__project_qumran__exclude_low__join_40_41,48,49,,jerusalem,unknown
buqeia__project_qumran__exclude_low__join_40_41,49,50,jerusalem,,unknown
buqeia__project_qumran__exclude_low__join_40_41,50,51,,jerusalem,unknown
buqeia__project_qumran__exclude_low__join_40_41,51,52,jerusalem,,unknown
buqeia__project_qumran__exclude_low__join_40_41,52,53,,,unknown
buqeia__project_qumran__exclude_low__join_40_41,53,54,,,unknown
buqeia__project_qumran__exclude_low__join_40_41,54,55,,jerusalem,unknown
buqeia__project_qumran__exclude_low__join_40_41,55,56,jerusalem,,unknown
buqeia__project_qumran__exclude_low__join_40_41,56,57,,,unknown
buqeia__project_qumran__exclude_low__join_40_41,57,58,,,unknown
buqeia__project_qumran__exclude_low__join_40_41,58,59,,,unknown
buqeia__project_qumran__exclude_low__join_40_41,59,60,,,unknown
buqeia__project_qumran__exclude_low__join_41_42,1,2,,,unknown
buqeia__project_qumran__exclude_low__join_41_42,2,3,,,unknown
buqeia__project_qumran__exclude_low__join_41_42,3,4,,,unknown
buqeia__project_qumran__exclude_low__join_41_42,4,5,,,unknown
buqeia__project_qumran__exclude_low__join_41_42,5,6,,,unknown
buqeia__project_qumran__exclude_low__join_41_42,6,7,,,unknown
buqeia__project_qumran__exclude_low__join_41_42,7,8,,,unknown
buqeia__project_qumran__exclude_low__join_41_42,8,9,,jerusalem,unknown
buqeia__project_qumran__exclude_low__join_41_42,9,10,jerusalem,jerusalem,same
buqeia__project_qumran__exclude_low__join_41_42,10,11,jerusalem,,unknown
buqeia__project_qumran__exclude_low__join_41_42,11,12,,,unknown
buqeia__project_qumran__exclude_low__join_41_42,12,12a,,,unknown
buqeia__project_qumran__exclude_low__join_41_42,12a,13,,,unknown
buqeia__project_qumran__exclude_low__join_41_42,13,14,,,unknown
buqeia__project_qumran__exclude_low__join_41_42,14,15,,,unknown
buqeia__project_qumran__exclude_low__join_41_42,15,16,,,unknown
buqeia__project_qumran__exclude_low__join_41_42,16,17,,,unknown
buqeia__project_qumran__exclude_low__join_41_42,17,18,,jericho,unknown
buqeia__project_qumran__exclude_low__join_41_42,18,19,jericho,,unknown
buqeia__project_qumran__exclude_low__join_41_42,19,20,,jericho,unknown
buqeia__project_qumran__exclude_low__join_41_42,20,21,jericho,jericho,same
buqeia__project_qumran__exclude_low__join_41_42,21,22,jericho,jericho,same
buqeia__project_qumran__exclude_low__join_41_42,22,23,jericho,,unknown
buqeia__project_qumran__exclude_low__join_41_42,23,24,,,unknown
buqeia__project_qumran__exclude_low__join_41_42,24,25,,,unknown
buqeia__project_qumran__exclude_low__join_41_42,25,26,,,unknown
buqeia__project_qumran__exclude_low__join_41_42,26,27,,,unknown
buqeia__project_qumran__exclude_low__join_41_42,27,28,,,unknown
buqeia__project_qumran__exclude_low__join_41_42,28,29,,,unknown
buqeia__project_qumran__exclude_low__join_41_42,29,30,,jericho,unknown
buqeia__project_qumran__exclude_low__join_41_42,30,31,jericho,jericho,same
buqeia__project_qumran__exclude_low__join_41_42,31,32,jericho,jericho,same
buqeia__project_qumran__exclude_low__join_41_42,32,33,jericho,,unknown
buqeia__project_qumran__exclude_low__join_41_42,33,34,,,unknown
buqeia__project_qumran__exclude_low__join_41_42,34,35,,,unknown
buqeia__project_qumran__exclude_low__join_41_42,35,36,,,unknown
buqeia__project_qumran__exclude_low__join_41_42,36,37,,,unknown
buqeia__project_qumran__exclude_low__join_41_42,37,38,,,unknown
buqeia__project_qumran__exclude_low__join_41_42,38,39,,,unknown
buqeia__project_qumran__exclude_low__join_41_42,39,40,,,unknown
buqeia__project_qumran__exclude_low__join_41_42,40,41+42,,,unknown
buqeia__project_qumran__exclude_low__join_41_42,41+42,43,,,unknown
buqeia__project_qumran__exclude_low__join_41_42,43,44,,,unknown
buqeia__project_qumran__exclude_low__join_41_42,44,45,,,unknown
buqeia__project_qumran__exclude_low__join_41_42,45,46,,,unknown
buqeia__project_qumran__exclude_low__join_41_42,46,47,,,unknown
buqeia__project_qumran__exclude_low__join_41_42,47,48,,,unknown
buqeia__project_qumran__exclude_low__join_41_42,48,49,,jerusalem,unknown
buqeia__project_qumran__exclude_low__join_41_42,49,50,jerusalem,,unknown
buqeia__project_qumran__exclude_low__join_41_42,50,51,,jerusalem,unknown
buqeia__project_qumran__exclude_low__join_41_42,51,52,jerusalem,,unknown
buqeia__project_qumran__exclude_low__join_41_42,52,53,,,unknown
buqeia__project_qumran__exclude_low__join_41_42,53,54,,,unknown
buqeia__project_qumran__exclude_low__join_41_42,54,55,,jerusalem,unknown
buqeia__project_qumran__exclude_low__join_41_42,55,56,jerusalem,,unknown
buqeia__project_qumran__exclude_low__join_41_42,56,57,,,unknown
buqeia__project_qumran__exclude_low__join_41_42,57,58,,,unknown
buqeia__project_qumran__exclude_low__join_41_42,58,59,,,unknown
buqeia__project_qumran__exclude_low__join_41_42,59,60,,,unknown
buqeia__project_qumran__exclude_low__join_49_50,1,2,,,unknown
buqeia__project_qumran__exclude_low__join_49_50,2,3,,,unknown
buqeia__project_qumran__exclude_low__join_49_50,3,4,,,unknown
buqeia__project_qumran__exclude_low__join_49_50,4,5,,,unknown
buqeia__project_qumran__exclude_low__join_49_50,5,6,,,unknown
buqeia__project_qumran__exclude_low__join_49_50,6,7,,,unknown
buqeia__project_qumran__exclude_low__join_49_50,7,8,,,unknown
buqeia__project_qumran__exclude_low__join_49_50,8,9,,jerusalem,unknown
buqeia__project_qumran__exclude_low__join_49_50,9,10,jerusalem,jerusalem,same
buqeia__project_qumran__exclude_low__join_49_50,10,11,jerusalem,,unknown
buqeia__project_qumran__exclude_low__join_49_50,11,12,,,unknown
buqeia__project_qumran__exclude_low__join_49_50,12,12a,,,unknown
buqeia__project_qumran__exclude_low__join_49_50,12a,13,,,unknown
buqeia__project_qumran__exclude_low__join_49_50,13,14,,,unknown
buqeia__project_qumran__exclude_low__join_49_50,14,15,,,unknown
buqeia__project_qumran__exclude_low__join_49_50,15,16,,,unknown
buqeia__project_qumran__exclude_low__join_49_50,16,17,,,unknown
buqeia__project_qumran__exclude_low__join_49_50,17,18,,jericho,unknown
buqeia__project_qumran__exclude_low__join_49_50,18,19,jericho,,unknown
buqeia__project_qumran__exclude_low__join_49_50,19,20,,jericho,unknown
buqeia__project_qumran__exclude_low__join_49_50,20,21,jericho,jericho,same
buqeia__project_qumran__exclude_low__join_49_50,21,22,jericho,jericho,same
buqeia__project_qumran__exclude_low__join_49_50,22,23,jericho,,unknown
buqeia__project_qumran__exclude_low__join_49_50,23,24,,,unknown
buqeia__project_qumran__exclude_low__join_49_50,24,25,,,unknown
buqeia__project_qumran__exclude_low__join_49_50,25,26,,,unknown
buqeia__project_qumran__exclude_low__join_49_50,26,27,,,unknown
buqeia__project_qumran__exclude_low__join_49_50,27,28,,,unknown
buqeia__project_qumran__exclude_low__join_49_50,28,29,,,unknown
buqeia__project_qumran__exclude_low__join_49_50,29,30,,jericho,unknown
buqeia__project_qumran__exclude_low__join_49_50,30,31,jericho,jericho,same
buqeia__project_qumran__exclude_low__join_49_50,31,32,jericho,jericho,same
buqeia__project_qumran__exclude_low__join_49_50,32,33,jericho,,unknown
buqeia__project_qumran__exclude_low__join_49_50,33,34,,,unknown
buqeia__project_qumran__exclude_low__join_49_50,34,35,,,unknown
buqeia__project_qumran__exclude_low__join_49_50,35,36,,,unknown
buqeia__project_qumran__exclude_low__join_49_50,36,37,,,unknown
buqeia__project_qumran__exclude_low__join_49_50,37,38,,,unknown
buqeia__project_qumran__exclude_low__join_49_50,38,39,,,unknown
buqeia__project_qumran__exclude_low__join_49_50,39,40,,,unknown
buqeia__project_qumran__exclude_low__join_49_50,40,41,,,unknown
buqeia__project_qumran__exclude_low__join_49_50,41,42,,,unknown
buqeia__project_qumran__exclude_low__join_49_50,42,43,,,unknown
buqeia__project_qumran__exclude_low__join_49_50,43,44,,,unknown
buqeia__project_qumran__exclude_low__join_49_50,44,45,,,unknown
buqeia__project_qumran__exclude_low__join_49_50,45,46,,,unknown
buqeia__project_qumran__exclude_low__join_49_50,46,47,,,unknown
buqeia__project_qumran__exclude_low__join_49_50,47,48,,,unknown
buqeia__project_qumran__exclude_low__join_49_50,48,49+50,,,unknown
buqeia__project_qumran__exclude_low__join_49_50,49+50,51,,jerusalem,unknown
buqeia__project_qumran__exclude_low__join_49_50,51,52,jerusalem,,unknown
buqeia__project_qumran__exclude_low__join_49_50,52,53,,,unknown
buqeia__project_qumran__exclude_low__join_49_50,53,54,,,unknown
buqeia__project_qumran__exclude_low__join_49_50,54,55,,jerusalem,unknown
buqeia__project_qumran__exclude_low__join_49_50,55,56,jerusalem,,unknown
buqeia__project_qumran__exclude_low__join_49_50,56,57,,,unknown
buqeia__project_qumran__exclude_low__join_49_50,57,58,,,unknown
buqeia__project_qumran__exclude_low__join_49_50,58,59,,,unknown
buqeia__project_qumran__exclude_low__join_49_50,59,60,,,unknown
buqeia__project_qumran__exclude_low__split_9,1,2,,,unknown
buqeia__project_qumran__exclude_low__split_9,2,3,,,unknown
buqeia__project_qumran__exclude_low__split_9,3,4,,,unknown
buqeia__project_qumran__exclude_low__split_9,4,5,,,unknown
buqeia__project_qumran__exclude_low__split_9,5,6,,,unknown
buqeia__project_qumran__exclude_low__split_9,6,7,,,unknown
buqeia__project_qumran__exclude_low__split_9,7,8,,,unknown
buqeia__project_qumran__exclude_low__split_9,8,9:II7-8,,,unknown
buqeia__project_qumran__exclude_low__split_9,9:II7-8,9:II9,,,unknown
buqeia__project_qumran__exclude_low__split_9,9:II9,10,,jerusalem,unknown
buqeia__project_qumran__exclude_low__split_9,10,11,jerusalem,,unknown
buqeia__project_qumran__exclude_low__split_9,11,12,,,unknown
buqeia__project_qumran__exclude_low__split_9,12,12a,,,unknown
buqeia__project_qumran__exclude_low__split_9,12a,13,,,unknown
buqeia__project_qumran__exclude_low__split_9,13,14,,,unknown
buqeia__project_qumran__exclude_low__split_9,14,15,,,unknown
buqeia__project_qumran__exclude_low__split_9,15,16,,,unknown
buqeia__project_qumran__exclude_low__split_9,16,17,,,unknown
buqeia__project_qumran__exclude_low__split_9,17,18,,jericho,unknown
buqeia__project_qumran__exclude_low__split_9,18,19,jericho,,unknown
buqeia__project_qumran__exclude_low__split_9,19,20,,jericho,unknown
buqeia__project_qumran__exclude_low__split_9,20,21,jericho,jericho,same
buqeia__project_qumran__exclude_low__split_9,21,22,jericho,jericho,same
buqeia__project_qumran__exclude_low__split_9,22,23,jericho,,unknown
buqeia__project_qumran__exclude_low__split_9,23,24,,,unknown
buqeia__project_qumran__exclude_low__split_9,24,25,,,unknown
buqeia__project_qumran__exclude_low__split_9,25,26,,,unknown
buqeia__project_qumran__exclude_low__split_9,26,27,,,unknown
buqeia__project_qumran__exclude_low__split_9,27,28,,,unknown
buqeia__project_qumran__exclude_low__split_9,28,29,,,unknown
buqeia__project_qumran__exclude_low__split_9,29,30,,jericho,unknown
buqeia__project_qumran__exclude_low__split_9,30,31,jericho,jericho,same
buqeia__project_qumran__exclude_low__split_9,31,32,jericho,jericho,same
buqeia__project_qumran__exclude_low__split_9,32,33,jericho,,unknown
buqeia__project_qumran__exclude_low__split_9,33,34,,,unknown
buqeia__project_qumran__exclude_low__split_9,34,35,,,unknown
buqeia__project_qumran__exclude_low__split_9,35,36,,,unknown
buqeia__project_qumran__exclude_low__split_9,36,37,,,unknown
buqeia__project_qumran__exclude_low__split_9,37,38,,,unknown
buqeia__project_qumran__exclude_low__split_9,38,39,,,unknown
buqeia__project_qumran__exclude_low__split_9,39,40,,,unknown
buqeia__project_qumran__exclude_low__split_9,40,41,,,unknown
buqeia__project_qumran__exclude_low__split_9,41,42,,,unknown
buqeia__project_qumran__exclude_low__split_9,42,43,,,unknown
buqeia__project_qumran__exclude_low__split_9,43,44,,,unknown
buqeia__project_qumran__exclude_low__split_9,44,45,,,unknown
buqeia__project_qumran__exclude_low__split_9,45,46,,,unknown
buqeia__project_qumran__exclude_low__split_9,46,47,,,unknown
buqeia__project_qumran__exclude_low__split_9,47,48,,,unknown
buqeia__project_qumran__exclude_low__split_9,48,49,,jerusalem,unknown
buqeia__project_qumran__exclude_low__split_9,49,50,jerusalem,,unknown
buqeia__project_qumran__exclude_low__split_9,50,51,,jerusalem,unknown
buqeia__project_qumran__exclude_low__split_9,51,52,jerusalem,,unknown
buqeia__project_qumran__exclude_low__split_9,52,53,,,unknown
buqeia__project_qumran__exclude_low__split_9,53,54,,,unknown
buqeia__project_qumran__exclude_low__split_9,54,55,,jerusalem,unknown
buqeia__project_qumran__exclude_low__split_9,55,56,jerusalem,,unknown
buqeia__project_qumran__exclude_low__split_9,56,57,,,unknown
buqeia__project_qumran__exclude_low__split_9,57,58,,,unknown
buqeia__project_qumran__exclude_low__split_9,58,59,,,unknown
buqeia__project_qumran__exclude_low__split_9,59,60,,,unknown
buqeia__project_qumran__exclude_low__split_56,1,2,,,unknown
buqeia__project_qumran__exclude_low__split_56,2,3,,,unknown
buqeia__project_qumran__exclude_low__split_56,3,4,,,unknown
buqeia__project_qumran__exclude_low__split_56,4,5,,,unknown
buqeia__project_qumran__exclude_low__split_56,5,6,,,unknown
buqeia__project_qumran__exclude_low__split_56,6,7,,,unknown
buqeia__project_qumran__exclude_low__split_56,7,8,,,unknown
buqeia__project_qumran__exclude_low__split_56,8,9,,jerusalem,unknown
buqeia__project_qumran__exclude_low__split_56,9,10,jerusalem,jerusalem,same
buqeia__project_qumran__exclude_low__split_56,10,11,jerusalem,,unknown
buqeia__project_qumran__exclude_low__split_56,11,12,,,unknown
buqeia__project_qumran__exclude_low__split_56,12,12a,,,unknown
buqeia__project_qumran__exclude_low__split_56,12a,13,,,unknown
buqeia__project_qumran__exclude_low__split_56,13,14,,,unknown
buqeia__project_qumran__exclude_low__split_56,14,15,,,unknown
buqeia__project_qumran__exclude_low__split_56,15,16,,,unknown
buqeia__project_qumran__exclude_low__split_56,16,17,,,unknown
buqeia__project_qumran__exclude_low__split_56,17,18,,jericho,unknown
buqeia__project_qumran__exclude_low__split_56,18,19,jericho,,unknown
buqeia__project_qumran__exclude_low__split_56,19,20,,jericho,unknown
buqeia__project_qumran__exclude_low__split_56,20,21,jericho,jericho,same
buqeia__project_qumran__exclude_low__split_56,21,22,jericho,jericho,same
buqeia__project_qumran__exclude_low__split_56,22,23,jericho,,unknown
buqeia__project_qumran__exclude_low__split_56,23,24,,,unknown
buqeia__project_qumran__exclude_low__split_56,24,25,,,unknown
buqeia__project_qumran__exclude_low__split_56,25,26,,,unknown
buqeia__project_qumran__exclude_low__split_56,26,27,,,unknown
buqeia__project_qumran__exclude_low__split_56,27,28,,,unknown
buqeia__project_qumran__exclude_low__split_56,28,29,,,unknown
buqeia__project_qumran__exclude_low__split_56,29,30,,jericho,unknown
buqeia__project_qumran__exclude_low__split_56,30,31,jericho,jericho,same
buqeia__project_qumran__exclude_low__split_56,31,32,jericho,jericho,same
buqeia__project_qumran__exclude_low__split_56,32,33,jericho,,unknown
buqeia__project_qumran__exclude_low__split_56,33,34,,,unknown
buqeia__project_qumran__exclude_low__split_56,34,35,,,unknown
buqeia__project_qumran__exclude_low__split_56,35,36,,,unknown
buqeia__project_qumran__exclude_low__split_56,36,37,,,unknown
buqeia__project_qumran__exclude_low__split_56,37,38,,,unknown
buqeia__project_qumran__exclude_low__split_56,38,39,,,unknown
buqeia__project_qumran__exclude_low__split_56,39,40,,,unknown
buqeia__project_qumran__exclude_low__split_56,40,41,,,unknown
buqeia__project_qumran__exclude_low__split_56,41,42,,,unknown
buqeia__project_qumran__exclude_low__split_56,42,43,,,unknown
buqeia__project_qumran__exclude_low__split_56,43,44,,,unknown
buqeia__project_qumran__exclude_low__split_56,44,45,,,unknown
buqeia__project_qumran__exclude_low__split_56,45,46,,,unknown
buqeia__project_qumran__exclude_low__split_56,46,47,,,unknown
buqeia__project_qumran__exclude_low__split_56,47,48,,,unknown
buqeia__project_qumran__exclude_low__split_56,48,49,,jerusalem,unknown
buqeia__project_qumran__exclude_low__split_56,49,50,jerusalem,,unknown
buqeia__project_qumran__exclude_low__split_56,50,51,,jerusalem,unknown
buqeia__project_qumran__exclude_low__split_56,51,52,jerusalem,,unknown
buqeia__project_qumran__exclude_low__split_56,52,53,,,unknown
buqeia__project_qumran__exclude_low__split_56,53,54,,,unknown
buqeia__project_qumran__exclude_low__split_56,54,55,,jerusalem,unknown
buqeia__project_qumran__exclude_low__split_56,55,56:XI16-XII1a,jerusalem,,unknown
buqeia__project_qumran__exclude_low__split_56,56:XI16-XII1a,56:XII1b-2a,,,unknown
buqeia__project_qumran__exclude_low__split_56,56:XII1b-2a,56:XII2b-3,,,unknown
buqeia__project_qumran__exclude_low__split_56,56:XII2b-3,57,,,unknown
buqeia__project_qumran__exclude_low__split_56,57,58,,,unknown
buqeia__project_qumran__exclude_low__split_56,58,59,,,unknown
buqeia__project_qumran__exclude_low__split_56,59,60,,,unknown
buqeia__project_qumran__exclude_low__split_9_and_56,1,2,,,unknown
buqeia__project_qumran__exclude_low__split_9_and_56,2,3,,,unknown
buqeia__project_qumran__exclude_low__split_9_and_56,3,4,,,unknown
buqeia__project_qumran__exclude_low__split_9_and_56,4,5,,,unknown
buqeia__project_qumran__exclude_low__split_9_and_56,5,6,,,unknown
buqeia__project_qumran__exclude_low__split_9_and_56,6,7,,,unknown
buqeia__project_qumran__exclude_low__split_9_and_56,7,8,,,unknown
buqeia__project_qumran__exclude_low__split_9_and_56,8,9:II7-8,,,unknown
buqeia__project_qumran__exclude_low__split_9_and_56,9:II7-8,9:II9,,,unknown
buqeia__project_qumran__exclude_low__split_9_and_56,9:II9,10,,jerusalem,unknown
buqeia__project_qumran__exclude_low__split_9_and_56,10,11,jerusalem,,unknown
buqeia__project_qumran__exclude_low__split_9_and_56,11,12,,,unknown
buqeia__project_qumran__exclude_low__split_9_and_56,12,12a,,,unknown
buqeia__project_qumran__exclude_low__split_9_and_56,12a,13,,,unknown
buqeia__project_qumran__exclude_low__split_9_and_56,13,14,,,unknown
buqeia__project_qumran__exclude_low__split_9_and_56,14,15,,,unknown
buqeia__project_qumran__exclude_low__split_9_and_56,15,16,,,unknown
buqeia__project_qumran__exclude_low__split_9_and_56,16,17,,,unknown
buqeia__project_qumran__exclude_low__split_9_and_56,17,18,,jericho,unknown
buqeia__project_qumran__exclude_low__split_9_and_56,18,19,jericho,,unknown
buqeia__project_qumran__exclude_low__split_9_and_56,19,20,,jericho,unknown
buqeia__project_qumran__exclude_low__split_9_and_56,20,21,jericho,jericho,same
buqeia__project_qumran__exclude_low__split_9_and_56,21,22,jericho,jericho,same
buqeia__project_qumran__exclude_low__split_9_and_56,22,23,jericho,,unknown
buqeia__project_qumran__exclude_low__split_9_and_56,23,24,,,unknown
buqeia__project_qumran__exclude_low__split_9_and_56,24,25,,,unknown
buqeia__project_qumran__exclude_low__split_9_and_56,25,26,,,unknown
buqeia__project_qumran__exclude_low__split_9_and_56,26,27,,,unknown
buqeia__project_qumran__exclude_low__split_9_and_56,27,28,,,unknown
buqeia__project_qumran__exclude_low__split_9_and_56,28,29,,,unknown
buqeia__project_qumran__exclude_low__split_9_and_56,29,30,,jericho,unknown
buqeia__project_qumran__exclude_low__split_9_and_56,30,31,jericho,jericho,same
buqeia__project_qumran__exclude_low__split_9_and_56,31,32,jericho,jericho,same
buqeia__project_qumran__exclude_low__split_9_and_56,32,33,jericho,,unknown
buqeia__project_qumran__exclude_low__split_9_and_56,33,34,,,unknown
buqeia__project_qumran__exclude_low__split_9_and_56,34,35,,,unknown
buqeia__project_qumran__exclude_low__split_9_and_56,35,36,,,unknown
buqeia__project_qumran__exclude_low__split_9_and_56,36,37,,,unknown
buqeia__project_qumran__exclude_low__split_9_and_56,37,38,,,unknown
buqeia__project_qumran__exclude_low__split_9_and_56,38,39,,,unknown
buqeia__project_qumran__exclude_low__split_9_and_56,39,40,,,unknown
buqeia__project_qumran__exclude_low__split_9_and_56,40,41,,,unknown
buqeia__project_qumran__exclude_low__split_9_and_56,41,42,,,unknown
buqeia__project_qumran__exclude_low__split_9_and_56,42,43,,,unknown
buqeia__project_qumran__exclude_low__split_9_and_56,43,44,,,unknown
buqeia__project_qumran__exclude_low__split_9_and_56,44,45,,,unknown
buqeia__project_qumran__exclude_low__split_9_and_56,45,46,,,unknown
buqeia__project_qumran__exclude_low__split_9_and_56,46,47,,,unknown
buqeia__project_qumran__exclude_low__split_9_and_56,47,48,,,unknown
buqeia__project_qumran__exclude_low__split_9_and_56,48,49,,jerusalem,unknown
buqeia__project_qumran__exclude_low__split_9_and_56,49,50,jerusalem,,unknown
buqeia__project_qumran__exclude_low__split_9_and_56,50,51,,jerusalem,unknown
buqeia__project_qumran__exclude_low__split_9_and_56,51,52,jerusalem,,unknown
buqeia__project_qumran__exclude_low__split_9_and_56,52,53,,,unknown
buqeia__project_qumran__exclude_low__split_9_and_56,53,54,,,unknown
buqeia__project_qumran__exclude_low__split_9_and_56,54,55,,jerusalem,unknown
buqeia__project_qumran__exclude_low__split_9_and_56,55,56:XI16-XII1a,jerusalem,,unknown
buqeia__project_qumran__exclude_low__split_9_and_56,56:XI16-XII1a,56:XII1b-2a,,,unknown
buqeia__project_qumran__exclude_low__split_9_and_56,56:XII1b-2a,56:XII2b-3,,,unknown
buqeia__project_qumran__exclude_low__split_9_and_56,56:XII2b-3,57,,,unknown
buqeia__project_qumran__exclude_low__split_9_and_56,57,58,,,unknown
buqeia__project_qumran__exclude_low__split_9_and_56,58,59,,,unknown
buqeia__project_qumran__exclude_low__split_9_and_56,59,60,,,unknown
buqeia__unassigned__include_low__project_61,1,2,,,unknown
buqeia__unassigned__include_low__project_61,2,3,,,unknown
buqeia__unassigned__include_low__project_61,3,4,,jericho,unknown
buqeia__unassigned__include_low__project_61,4,5,jericho,jerusalem,different
buqeia__unassigned__include_low__project_61,5,6,jerusalem,jerusalem,same
buqeia__unassigned__include_low__project_61,6,7,jerusalem,jerusalem,same
buqeia__unassigned__include_low__project_61,7,8,jerusalem,jerusalem,same
buqeia__unassigned__include_low__project_61,8,9,jerusalem,jerusalem,same
buqeia__unassigned__include_low__project_61,9,10,jerusalem,jerusalem,same
buqeia__unassigned__include_low__project_61,10,11,jerusalem,jericho,different
buqeia__unassigned__include_low__project_61,11,12,jericho,jerusalem,different
buqeia__unassigned__include_low__project_61,12,12a,jerusalem,jerusalem,same
buqeia__unassigned__include_low__project_61,12a,13,jerusalem,jerusalem,same
buqeia__unassigned__include_low__project_61,13,14,jerusalem,jerusalem,same
buqeia__unassigned__include_low__project_61,14,15,jerusalem,jericho,different
buqeia__unassigned__include_low__project_61,15,16,jericho,,unknown
buqeia__unassigned__include_low__project_61,16,17,,,unknown
buqeia__unassigned__include_low__project_61,17,18,,jericho,unknown
buqeia__unassigned__include_low__project_61,18,19,jericho,jericho,same
buqeia__unassigned__include_low__project_61,19,20,jericho,,unknown
buqeia__unassigned__include_low__project_61,20,21,,,unknown
buqeia__unassigned__include_low__project_61,21,22,,,unknown
buqeia__unassigned__include_low__project_61,22,23,,,unknown
buqeia__unassigned__include_low__project_61,23,24,,jericho,unknown
buqeia__unassigned__include_low__project_61,24,25,jericho,jericho,same
buqeia__unassigned__include_low__project_61,25,26,jericho,jericho,same
buqeia__unassigned__include_low__project_61,26,27,jericho,,unknown
buqeia__unassigned__include_low__project_61,27,28,,jericho,unknown
buqeia__unassigned__include_low__project_61,28,29,jericho,,unknown
buqeia__unassigned__include_low__project_61,29,30,,jericho,unknown
buqeia__unassigned__include_low__project_61,30,31,jericho,jericho,same
buqeia__unassigned__include_low__project_61,31,32,jericho,jericho,same
buqeia__unassigned__include_low__project_61,32,33,jericho,jericho,same
buqeia__unassigned__include_low__project_61,33,34,jericho,,unknown
buqeia__unassigned__include_low__project_61,34,35,,,unknown
buqeia__unassigned__include_low__project_61,35,36,,jerusalem,unknown
buqeia__unassigned__include_low__project_61,36,37,jerusalem,jerusalem,same
buqeia__unassigned__include_low__project_61,37,38,jerusalem,,unknown
buqeia__unassigned__include_low__project_61,38,39,,,unknown
buqeia__unassigned__include_low__project_61,39,40,,,unknown
buqeia__unassigned__include_low__project_61,40,41,,,unknown
buqeia__unassigned__include_low__project_61,41,42,,,unknown
buqeia__unassigned__include_low__project_61,42,43,,,unknown
buqeia__unassigned__include_low__project_61,43,44,,,unknown
buqeia__unassigned__include_low__project_61,44,45,,,unknown
buqeia__unassigned__include_low__project_61,45,46,,jerusalem,unknown
buqeia__unassigned__include_low__project_61,46,47,jerusalem,jerusalem,same
buqeia__unassigned__include_low__project_61,47,48,jerusalem,jerusalem,same
buqeia__unassigned__include_low__project_61,48,49,jerusalem,jerusalem,same
buqeia__unassigned__include_low__project_61,49,50,jerusalem,jerusalem,same
buqeia__unassigned__include_low__project_61,50,51,jerusalem,jerusalem,same
buqeia__unassigned__include_low__project_61,51,52,jerusalem,jerusalem,same
buqeia__unassigned__include_low__project_61,52,53,jerusalem,jerusalem,same
buqeia__unassigned__include_low__project_61,53,54,jerusalem,jerusalem,same
buqeia__unassigned__include_low__project_61,54,55,jerusalem,jerusalem,same
buqeia__unassigned__include_low__project_61,55,56,jerusalem,jerusalem,same
buqeia__unassigned__include_low__project_61,56,57,jerusalem,,unknown
buqeia__unassigned__include_low__project_61,57,58,,,unknown
buqeia__unassigned__include_low__project_61,58,59,,,unknown
buqeia__unassigned__include_low__project_61,59,60,,jericho,unknown
buqeia__unassigned__include_low__join_12_12a,1,2,,,unknown
buqeia__unassigned__include_low__join_12_12a,2,3,,,unknown
buqeia__unassigned__include_low__join_12_12a,3,4,,jericho,unknown
buqeia__unassigned__include_low__join_12_12a,4,5,jericho,jerusalem,different
buqeia__unassigned__include_low__join_12_12a,5,6,jerusalem,jerusalem,same
buqeia__unassigned__include_low__join_12_12a,6,7,jerusalem,jerusalem,same
buqeia__unassigned__include_low__join_12_12a,7,8,jerusalem,jerusalem,same
buqeia__unassigned__include_low__join_12_12a,8,9,jerusalem,jerusalem,same
buqeia__unassigned__include_low__join_12_12a,9,10,jerusalem,jerusalem,same
buqeia__unassigned__include_low__join_12_12a,10,11,jerusalem,jericho,different
buqeia__unassigned__include_low__join_12_12a,11,12+12a,jericho,jerusalem,different
buqeia__unassigned__include_low__join_12_12a,12+12a,13,jerusalem,jerusalem,same
buqeia__unassigned__include_low__join_12_12a,13,14,jerusalem,jerusalem,same
buqeia__unassigned__include_low__join_12_12a,14,15,jerusalem,jericho,different
buqeia__unassigned__include_low__join_12_12a,15,16,jericho,,unknown
buqeia__unassigned__include_low__join_12_12a,16,17,,,unknown
buqeia__unassigned__include_low__join_12_12a,17,18,,jericho,unknown
buqeia__unassigned__include_low__join_12_12a,18,19,jericho,jericho,same
buqeia__unassigned__include_low__join_12_12a,19,20,jericho,,unknown
buqeia__unassigned__include_low__join_12_12a,20,21,,,unknown
buqeia__unassigned__include_low__join_12_12a,21,22,,,unknown
buqeia__unassigned__include_low__join_12_12a,22,23,,,unknown
buqeia__unassigned__include_low__join_12_12a,23,24,,jericho,unknown
buqeia__unassigned__include_low__join_12_12a,24,25,jericho,jericho,same
buqeia__unassigned__include_low__join_12_12a,25,26,jericho,jericho,same
buqeia__unassigned__include_low__join_12_12a,26,27,jericho,,unknown
buqeia__unassigned__include_low__join_12_12a,27,28,,jericho,unknown
buqeia__unassigned__include_low__join_12_12a,28,29,jericho,,unknown
buqeia__unassigned__include_low__join_12_12a,29,30,,jericho,unknown
buqeia__unassigned__include_low__join_12_12a,30,31,jericho,jericho,same
buqeia__unassigned__include_low__join_12_12a,31,32,jericho,jericho,same
buqeia__unassigned__include_low__join_12_12a,32,33,jericho,jericho,same
buqeia__unassigned__include_low__join_12_12a,33,34,jericho,,unknown
buqeia__unassigned__include_low__join_12_12a,34,35,,,unknown
buqeia__unassigned__include_low__join_12_12a,35,36,,jerusalem,unknown
buqeia__unassigned__include_low__join_12_12a,36,37,jerusalem,jerusalem,same
buqeia__unassigned__include_low__join_12_12a,37,38,jerusalem,,unknown
buqeia__unassigned__include_low__join_12_12a,38,39,,,unknown
buqeia__unassigned__include_low__join_12_12a,39,40,,,unknown
buqeia__unassigned__include_low__join_12_12a,40,41,,,unknown
buqeia__unassigned__include_low__join_12_12a,41,42,,,unknown
buqeia__unassigned__include_low__join_12_12a,42,43,,,unknown
buqeia__unassigned__include_low__join_12_12a,43,44,,,unknown
buqeia__unassigned__include_low__join_12_12a,44,45,,,unknown
buqeia__unassigned__include_low__join_12_12a,45,46,,jerusalem,unknown
buqeia__unassigned__include_low__join_12_12a,46,47,jerusalem,jerusalem,same
buqeia__unassigned__include_low__join_12_12a,47,48,jerusalem,jerusalem,same
buqeia__unassigned__include_low__join_12_12a,48,49,jerusalem,jerusalem,same
buqeia__unassigned__include_low__join_12_12a,49,50,jerusalem,jerusalem,same
buqeia__unassigned__include_low__join_12_12a,50,51,jerusalem,jerusalem,same
buqeia__unassigned__include_low__join_12_12a,51,52,jerusalem,jerusalem,same
buqeia__unassigned__include_low__join_12_12a,52,53,jerusalem,jerusalem,same
buqeia__unassigned__include_low__join_12_12a,53,54,jerusalem,jerusalem,same
buqeia__unassigned__include_low__join_12_12a,54,55,jerusalem,jerusalem,same
buqeia__unassigned__include_low__join_12_12a,55,56,jerusalem,jerusalem,same
buqeia__unassigned__include_low__join_12_12a,56,57,jerusalem,,unknown
buqeia__unassigned__include_low__join_12_12a,57,58,,,unknown
buqeia__unassigned__include_low__join_12_12a,58,59,,,unknown
buqeia__unassigned__include_low__join_12_12a,59,60,,jericho,unknown
buqeia__unassigned__include_low__join_40_41,1,2,,,unknown
buqeia__unassigned__include_low__join_40_41,2,3,,,unknown
buqeia__unassigned__include_low__join_40_41,3,4,,jericho,unknown
buqeia__unassigned__include_low__join_40_41,4,5,jericho,jerusalem,different
buqeia__unassigned__include_low__join_40_41,5,6,jerusalem,jerusalem,same
buqeia__unassigned__include_low__join_40_41,6,7,jerusalem,jerusalem,same
buqeia__unassigned__include_low__join_40_41,7,8,jerusalem,jerusalem,same
buqeia__unassigned__include_low__join_40_41,8,9,jerusalem,jerusalem,same
buqeia__unassigned__include_low__join_40_41,9,10,jerusalem,jerusalem,same
buqeia__unassigned__include_low__join_40_41,10,11,jerusalem,jericho,different
buqeia__unassigned__include_low__join_40_41,11,12,jericho,jerusalem,different
buqeia__unassigned__include_low__join_40_41,12,12a,jerusalem,jerusalem,same
buqeia__unassigned__include_low__join_40_41,12a,13,jerusalem,jerusalem,same
buqeia__unassigned__include_low__join_40_41,13,14,jerusalem,jerusalem,same
buqeia__unassigned__include_low__join_40_41,14,15,jerusalem,jericho,different
buqeia__unassigned__include_low__join_40_41,15,16,jericho,,unknown
buqeia__unassigned__include_low__join_40_41,16,17,,,unknown
buqeia__unassigned__include_low__join_40_41,17,18,,jericho,unknown
buqeia__unassigned__include_low__join_40_41,18,19,jericho,jericho,same
buqeia__unassigned__include_low__join_40_41,19,20,jericho,,unknown
buqeia__unassigned__include_low__join_40_41,20,21,,,unknown
buqeia__unassigned__include_low__join_40_41,21,22,,,unknown
buqeia__unassigned__include_low__join_40_41,22,23,,,unknown
buqeia__unassigned__include_low__join_40_41,23,24,,jericho,unknown
buqeia__unassigned__include_low__join_40_41,24,25,jericho,jericho,same
buqeia__unassigned__include_low__join_40_41,25,26,jericho,jericho,same
buqeia__unassigned__include_low__join_40_41,26,27,jericho,,unknown
buqeia__unassigned__include_low__join_40_41,27,28,,jericho,unknown
buqeia__unassigned__include_low__join_40_41,28,29,jericho,,unknown
buqeia__unassigned__include_low__join_40_41,29,30,,jericho,unknown
buqeia__unassigned__include_low__join_40_41,30,31,jericho,jericho,same
buqeia__unassigned__include_low__join_40_41,31,32,jericho,jericho,same
buqeia__unassigned__include_low__join_40_41,32,33,jericho,jericho,same
buqeia__unassigned__include_low__join_40_41,33,34,jericho,,unknown
buqeia__unassigned__include_low__join_40_41,34,35,,,unknown
buqeia__unassigned__include_low__join_40_41,35,36,,jerusalem,unknown
buqeia__unassigned__include_low__join_40_41,36,37,jerusalem,jerusalem,same
buqeia__unassigned__include_low__join_40_41,37,38,jerusalem,,unknown
buqeia__unassigned__include_low__join_40_41,38,39,,,unknown
buqeia__unassigned__include_low__join_40_41,39,40+41,,,unknown
buqeia__unassigned__include_low__join_40_41,40+41,42,,,unknown
buqeia__unassigned__include_low__join_40_41,42,43,,,unknown
buqeia__unassigned__include_low__join_40_41,43,44,,,unknown
buqeia__unassigned__include_low__join_40_41,44,45,,,unknown
buqeia__unassigned__include_low__join_40_41,45,46,,jerusalem,unknown
buqeia__unassigned__include_low__join_40_41,46,47,jerusalem,jerusalem,same
buqeia__unassigned__include_low__join_40_41,47,48,jerusalem,jerusalem,same
buqeia__unassigned__include_low__join_40_41,48,49,jerusalem,jerusalem,same
buqeia__unassigned__include_low__join_40_41,49,50,jerusalem,jerusalem,same
buqeia__unassigned__include_low__join_40_41,50,51,jerusalem,jerusalem,same
buqeia__unassigned__include_low__join_40_41,51,52,jerusalem,jerusalem,same
buqeia__unassigned__include_low__join_40_41,52,53,jerusalem,jerusalem,same
buqeia__unassigned__include_low__join_40_41,53,54,jerusalem,jerusalem,same
buqeia__unassigned__include_low__join_40_41,54,55,jerusalem,jerusalem,same
buqeia__unassigned__include_low__join_40_41,55,56,jerusalem,jerusalem,same
buqeia__unassigned__include_low__join_40_41,56,57,jerusalem,,unknown
buqeia__unassigned__include_low__join_40_41,57,58,,,unknown
buqeia__unassigned__include_low__join_40_41,58,59,,,unknown
buqeia__unassigned__include_low__join_40_41,59,60,,jericho,unknown
buqeia__unassigned__include_low__join_41_42,1,2,,,unknown
buqeia__unassigned__include_low__join_41_42,2,3,,,unknown
buqeia__unassigned__include_low__join_41_42,3,4,,jericho,unknown
buqeia__unassigned__include_low__join_41_42,4,5,jericho,jerusalem,different
buqeia__unassigned__include_low__join_41_42,5,6,jerusalem,jerusalem,same
buqeia__unassigned__include_low__join_41_42,6,7,jerusalem,jerusalem,same
buqeia__unassigned__include_low__join_41_42,7,8,jerusalem,jerusalem,same
buqeia__unassigned__include_low__join_41_42,8,9,jerusalem,jerusalem,same
buqeia__unassigned__include_low__join_41_42,9,10,jerusalem,jerusalem,same
buqeia__unassigned__include_low__join_41_42,10,11,jerusalem,jericho,different
buqeia__unassigned__include_low__join_41_42,11,12,jericho,jerusalem,different
buqeia__unassigned__include_low__join_41_42,12,12a,jerusalem,jerusalem,same
buqeia__unassigned__include_low__join_41_42,12a,13,jerusalem,jerusalem,same
buqeia__unassigned__include_low__join_41_42,13,14,jerusalem,jerusalem,same
buqeia__unassigned__include_low__join_41_42,14,15,jerusalem,jericho,different
buqeia__unassigned__include_low__join_41_42,15,16,jericho,,unknown
buqeia__unassigned__include_low__join_41_42,16,17,,,unknown
buqeia__unassigned__include_low__join_41_42,17,18,,jericho,unknown
buqeia__unassigned__include_low__join_41_42,18,19,jericho,jericho,same
buqeia__unassigned__include_low__join_41_42,19,20,jericho,,unknown
buqeia__unassigned__include_low__join_41_42,20,21,,,unknown
buqeia__unassigned__include_low__join_41_42,21,22,,,unknown
buqeia__unassigned__include_low__join_41_42,22,23,,,unknown
buqeia__unassigned__include_low__join_41_42,23,24,,jericho,unknown
buqeia__unassigned__include_low__join_41_42,24,25,jericho,jericho,same
buqeia__unassigned__include_low__join_41_42,25,26,jericho,jericho,same
buqeia__unassigned__include_low__join_41_42,26,27,jericho,,unknown
buqeia__unassigned__include_low__join_41_42,27,28,,jericho,unknown
buqeia__unassigned__include_low__join_41_42,28,29,jericho,,unknown
buqeia__unassigned__include_low__join_41_42,29,30,,jericho,unknown
buqeia__unassigned__include_low__join_41_42,30,31,jericho,jericho,same
buqeia__unassigned__include_low__join_41_42,31,32,jericho,jericho,same
buqeia__unassigned__include_low__join_41_42,32,33,jericho,jericho,same
buqeia__unassigned__include_low__join_41_42,33,34,jericho,,unknown
buqeia__unassigned__include_low__join_41_42,34,35,,,unknown
buqeia__unassigned__include_low__join_41_42,35,36,,jerusalem,unknown
buqeia__unassigned__include_low__join_41_42,36,37,jerusalem,jerusalem,same
buqeia__unassigned__include_low__join_41_42,37,38,jerusalem,,unknown
buqeia__unassigned__include_low__join_41_42,38,39,,,unknown
buqeia__unassigned__include_low__join_41_42,39,40,,,unknown
buqeia__unassigned__include_low__join_41_42,40,41+42,,,unknown
buqeia__unassigned__include_low__join_41_42,41+42,43,,,unknown
buqeia__unassigned__include_low__join_41_42,43,44,,,unknown
buqeia__unassigned__include_low__join_41_42,44,45,,,unknown
buqeia__unassigned__include_low__join_41_42,45,46,,jerusalem,unknown
buqeia__unassigned__include_low__join_41_42,46,47,jerusalem,jerusalem,same
buqeia__unassigned__include_low__join_41_42,47,48,jerusalem,jerusalem,same
buqeia__unassigned__include_low__join_41_42,48,49,jerusalem,jerusalem,same
buqeia__unassigned__include_low__join_41_42,49,50,jerusalem,jerusalem,same
buqeia__unassigned__include_low__join_41_42,50,51,jerusalem,jerusalem,same
buqeia__unassigned__include_low__join_41_42,51,52,jerusalem,jerusalem,same
buqeia__unassigned__include_low__join_41_42,52,53,jerusalem,jerusalem,same
buqeia__unassigned__include_low__join_41_42,53,54,jerusalem,jerusalem,same
buqeia__unassigned__include_low__join_41_42,54,55,jerusalem,jerusalem,same
buqeia__unassigned__include_low__join_41_42,55,56,jerusalem,jerusalem,same
buqeia__unassigned__include_low__join_41_42,56,57,jerusalem,,unknown
buqeia__unassigned__include_low__join_41_42,57,58,,,unknown
buqeia__unassigned__include_low__join_41_42,58,59,,,unknown
buqeia__unassigned__include_low__join_41_42,59,60,,jericho,unknown
buqeia__unassigned__include_low__join_49_50,1,2,,,unknown
buqeia__unassigned__include_low__join_49_50,2,3,,,unknown
buqeia__unassigned__include_low__join_49_50,3,4,,jericho,unknown
buqeia__unassigned__include_low__join_49_50,4,5,jericho,jerusalem,different
buqeia__unassigned__include_low__join_49_50,5,6,jerusalem,jerusalem,same
buqeia__unassigned__include_low__join_49_50,6,7,jerusalem,jerusalem,same
buqeia__unassigned__include_low__join_49_50,7,8,jerusalem,jerusalem,same
buqeia__unassigned__include_low__join_49_50,8,9,jerusalem,jerusalem,same
buqeia__unassigned__include_low__join_49_50,9,10,jerusalem,jerusalem,same
buqeia__unassigned__include_low__join_49_50,10,11,jerusalem,jericho,different
buqeia__unassigned__include_low__join_49_50,11,12,jericho,jerusalem,different
buqeia__unassigned__include_low__join_49_50,12,12a,jerusalem,jerusalem,same
buqeia__unassigned__include_low__join_49_50,12a,13,jerusalem,jerusalem,same
buqeia__unassigned__include_low__join_49_50,13,14,jerusalem,jerusalem,same
buqeia__unassigned__include_low__join_49_50,14,15,jerusalem,jericho,different
buqeia__unassigned__include_low__join_49_50,15,16,jericho,,unknown
buqeia__unassigned__include_low__join_49_50,16,17,,,unknown
buqeia__unassigned__include_low__join_49_50,17,18,,jericho,unknown
buqeia__unassigned__include_low__join_49_50,18,19,jericho,jericho,same
buqeia__unassigned__include_low__join_49_50,19,20,jericho,,unknown
buqeia__unassigned__include_low__join_49_50,20,21,,,unknown
buqeia__unassigned__include_low__join_49_50,21,22,,,unknown
buqeia__unassigned__include_low__join_49_50,22,23,,,unknown
buqeia__unassigned__include_low__join_49_50,23,24,,jericho,unknown
buqeia__unassigned__include_low__join_49_50,24,25,jericho,jericho,same
buqeia__unassigned__include_low__join_49_50,25,26,jericho,jericho,same
buqeia__unassigned__include_low__join_49_50,26,27,jericho,,unknown
buqeia__unassigned__include_low__join_49_50,27,28,,jericho,unknown
buqeia__unassigned__include_low__join_49_50,28,29,jericho,,unknown
buqeia__unassigned__include_low__join_49_50,29,30,,jericho,unknown
buqeia__unassigned__include_low__join_49_50,30,31,jericho,jericho,same
buqeia__unassigned__include_low__join_49_50,31,32,jericho,jericho,same
buqeia__unassigned__include_low__join_49_50,32,33,jericho,jericho,same
buqeia__unassigned__include_low__join_49_50,33,34,jericho,,unknown
buqeia__unassigned__include_low__join_49_50,34,35,,,unknown
buqeia__unassigned__include_low__join_49_50,35,36,,jerusalem,unknown
buqeia__unassigned__include_low__join_49_50,36,37,jerusalem,jerusalem,same
buqeia__unassigned__include_low__join_49_50,37,38,jerusalem,,unknown
buqeia__unassigned__include_low__join_49_50,38,39,,,unknown
buqeia__unassigned__include_low__join_49_50,39,40,,,unknown
buqeia__unassigned__include_low__join_49_50,40,41,,,unknown
buqeia__unassigned__include_low__join_49_50,41,42,,,unknown
buqeia__unassigned__include_low__join_49_50,42,43,,,unknown
buqeia__unassigned__include_low__join_49_50,43,44,,,unknown
buqeia__unassigned__include_low__join_49_50,44,45,,,unknown
buqeia__unassigned__include_low__join_49_50,45,46,,jerusalem,unknown
buqeia__unassigned__include_low__join_49_50,46,47,jerusalem,jerusalem,same
buqeia__unassigned__include_low__join_49_50,47,48,jerusalem,jerusalem,same
buqeia__unassigned__include_low__join_49_50,48,49+50,jerusalem,jerusalem,same
buqeia__unassigned__include_low__join_49_50,49+50,51,jerusalem,jerusalem,same
buqeia__unassigned__include_low__join_49_50,51,52,jerusalem,jerusalem,same
buqeia__unassigned__include_low__join_49_50,52,53,jerusalem,jerusalem,same
buqeia__unassigned__include_low__join_49_50,53,54,jerusalem,jerusalem,same
buqeia__unassigned__include_low__join_49_50,54,55,jerusalem,jerusalem,same
buqeia__unassigned__include_low__join_49_50,55,56,jerusalem,jerusalem,same
buqeia__unassigned__include_low__join_49_50,56,57,jerusalem,,unknown
buqeia__unassigned__include_low__join_49_50,57,58,,,unknown
buqeia__unassigned__include_low__join_49_50,58,59,,,unknown
buqeia__unassigned__include_low__join_49_50,59,60,,jericho,unknown
buqeia__unassigned__include_low__split_9,1,2,,,unknown
buqeia__unassigned__include_low__split_9,2,3,,,unknown
buqeia__unassigned__include_low__split_9,3,4,,jericho,unknown
buqeia__unassigned__include_low__split_9,4,5,jericho,jerusalem,different
buqeia__unassigned__include_low__split_9,5,6,jerusalem,jerusalem,same
buqeia__unassigned__include_low__split_9,6,7,jerusalem,jerusalem,same
buqeia__unassigned__include_low__split_9,7,8,jerusalem,jerusalem,same
buqeia__unassigned__include_low__split_9,8,9:II7-8,jerusalem,,unknown
buqeia__unassigned__include_low__split_9,9:II7-8,9:II9,,,unknown
buqeia__unassigned__include_low__split_9,9:II9,10,,jerusalem,unknown
buqeia__unassigned__include_low__split_9,10,11,jerusalem,jericho,different
buqeia__unassigned__include_low__split_9,11,12,jericho,jerusalem,different
buqeia__unassigned__include_low__split_9,12,12a,jerusalem,jerusalem,same
buqeia__unassigned__include_low__split_9,12a,13,jerusalem,jerusalem,same
buqeia__unassigned__include_low__split_9,13,14,jerusalem,jerusalem,same
buqeia__unassigned__include_low__split_9,14,15,jerusalem,jericho,different
buqeia__unassigned__include_low__split_9,15,16,jericho,,unknown
buqeia__unassigned__include_low__split_9,16,17,,,unknown
buqeia__unassigned__include_low__split_9,17,18,,jericho,unknown
buqeia__unassigned__include_low__split_9,18,19,jericho,jericho,same
buqeia__unassigned__include_low__split_9,19,20,jericho,,unknown
buqeia__unassigned__include_low__split_9,20,21,,,unknown
buqeia__unassigned__include_low__split_9,21,22,,,unknown
buqeia__unassigned__include_low__split_9,22,23,,,unknown
buqeia__unassigned__include_low__split_9,23,24,,jericho,unknown
buqeia__unassigned__include_low__split_9,24,25,jericho,jericho,same
buqeia__unassigned__include_low__split_9,25,26,jericho,jericho,same
buqeia__unassigned__include_low__split_9,26,27,jericho,,unknown
buqeia__unassigned__include_low__split_9,27,28,,jericho,unknown
buqeia__unassigned__include_low__split_9,28,29,jericho,,unknown
buqeia__unassigned__include_low__split_9,29,30,,jericho,unknown
buqeia__unassigned__include_low__split_9,30,31,jericho,jericho,same
buqeia__unassigned__include_low__split_9,31,32,jericho,jericho,same
buqeia__unassigned__include_low__split_9,32,33,jericho,jericho,same
buqeia__unassigned__include_low__split_9,33,34,jericho,,unknown
buqeia__unassigned__include_low__split_9,34,35,,,unknown
buqeia__unassigned__include_low__split_9,35,36,,jerusalem,unknown
buqeia__unassigned__include_low__split_9,36,37,jerusalem,jerusalem,same
buqeia__unassigned__include_low__split_9,37,38,jerusalem,,unknown
buqeia__unassigned__include_low__split_9,38,39,,,unknown
buqeia__unassigned__include_low__split_9,39,40,,,unknown
buqeia__unassigned__include_low__split_9,40,41,,,unknown
buqeia__unassigned__include_low__split_9,41,42,,,unknown
buqeia__unassigned__include_low__split_9,42,43,,,unknown
buqeia__unassigned__include_low__split_9,43,44,,,unknown
buqeia__unassigned__include_low__split_9,44,45,,,unknown
buqeia__unassigned__include_low__split_9,45,46,,jerusalem,unknown
buqeia__unassigned__include_low__split_9,46,47,jerusalem,jerusalem,same
buqeia__unassigned__include_low__split_9,47,48,jerusalem,jerusalem,same
buqeia__unassigned__include_low__split_9,48,49,jerusalem,jerusalem,same
buqeia__unassigned__include_low__split_9,49,50,jerusalem,jerusalem,same
buqeia__unassigned__include_low__split_9,50,51,jerusalem,jerusalem,same
buqeia__unassigned__include_low__split_9,51,52,jerusalem,jerusalem,same
buqeia__unassigned__include_low__split_9,52,53,jerusalem,jerusalem,same
buqeia__unassigned__include_low__split_9,53,54,jerusalem,jerusalem,same
buqeia__unassigned__include_low__split_9,54,55,jerusalem,jerusalem,same
buqeia__unassigned__include_low__split_9,55,56,jerusalem,jerusalem,same
buqeia__unassigned__include_low__split_9,56,57,jerusalem,,unknown
buqeia__unassigned__include_low__split_9,57,58,,,unknown
buqeia__unassigned__include_low__split_9,58,59,,,unknown
buqeia__unassigned__include_low__split_9,59,60,,jericho,unknown
buqeia__unassigned__include_low__split_56,1,2,,,unknown
buqeia__unassigned__include_low__split_56,2,3,,,unknown
buqeia__unassigned__include_low__split_56,3,4,,jericho,unknown
buqeia__unassigned__include_low__split_56,4,5,jericho,jerusalem,different
buqeia__unassigned__include_low__split_56,5,6,jerusalem,jerusalem,same
buqeia__unassigned__include_low__split_56,6,7,jerusalem,jerusalem,same
buqeia__unassigned__include_low__split_56,7,8,jerusalem,jerusalem,same
buqeia__unassigned__include_low__split_56,8,9,jerusalem,jerusalem,same
buqeia__unassigned__include_low__split_56,9,10,jerusalem,jerusalem,same
buqeia__unassigned__include_low__split_56,10,11,jerusalem,jericho,different
buqeia__unassigned__include_low__split_56,11,12,jericho,jerusalem,different
buqeia__unassigned__include_low__split_56,12,12a,jerusalem,jerusalem,same
buqeia__unassigned__include_low__split_56,12a,13,jerusalem,jerusalem,same
buqeia__unassigned__include_low__split_56,13,14,jerusalem,jerusalem,same
buqeia__unassigned__include_low__split_56,14,15,jerusalem,jericho,different
buqeia__unassigned__include_low__split_56,15,16,jericho,,unknown
buqeia__unassigned__include_low__split_56,16,17,,,unknown
buqeia__unassigned__include_low__split_56,17,18,,jericho,unknown
buqeia__unassigned__include_low__split_56,18,19,jericho,jericho,same
buqeia__unassigned__include_low__split_56,19,20,jericho,,unknown
buqeia__unassigned__include_low__split_56,20,21,,,unknown
buqeia__unassigned__include_low__split_56,21,22,,,unknown
buqeia__unassigned__include_low__split_56,22,23,,,unknown
buqeia__unassigned__include_low__split_56,23,24,,jericho,unknown
buqeia__unassigned__include_low__split_56,24,25,jericho,jericho,same
buqeia__unassigned__include_low__split_56,25,26,jericho,jericho,same
buqeia__unassigned__include_low__split_56,26,27,jericho,,unknown
buqeia__unassigned__include_low__split_56,27,28,,jericho,unknown
buqeia__unassigned__include_low__split_56,28,29,jericho,,unknown
buqeia__unassigned__include_low__split_56,29,30,,jericho,unknown
buqeia__unassigned__include_low__split_56,30,31,jericho,jericho,same
buqeia__unassigned__include_low__split_56,31,32,jericho,jericho,same
buqeia__unassigned__include_low__split_56,32,33,jericho,jericho,same
buqeia__unassigned__include_low__split_56,33,34,jericho,,unknown
buqeia__unassigned__include_low__split_56,34,35,,,unknown
buqeia__unassigned__include_low__split_56,35,36,,jerusalem,unknown
buqeia__unassigned__include_low__split_56,36,37,jerusalem,jerusalem,same
buqeia__unassigned__include_low__split_56,37,38,jerusalem,,unknown
buqeia__unassigned__include_low__split_56,38,39,,,unknown
buqeia__unassigned__include_low__split_56,39,40,,,unknown
buqeia__unassigned__include_low__split_56,40,41,,,unknown
buqeia__unassigned__include_low__split_56,41,42,,,unknown
buqeia__unassigned__include_low__split_56,42,43,,,unknown
buqeia__unassigned__include_low__split_56,43,44,,,unknown
buqeia__unassigned__include_low__split_56,44,45,,,unknown
buqeia__unassigned__include_low__split_56,45,46,,jerusalem,unknown
buqeia__unassigned__include_low__split_56,46,47,jerusalem,jerusalem,same
buqeia__unassigned__include_low__split_56,47,48,jerusalem,jerusalem,same
buqeia__unassigned__include_low__split_56,48,49,jerusalem,jerusalem,same
buqeia__unassigned__include_low__split_56,49,50,jerusalem,jerusalem,same
buqeia__unassigned__include_low__split_56,50,51,jerusalem,jerusalem,same
buqeia__unassigned__include_low__split_56,51,52,jerusalem,jerusalem,same
buqeia__unassigned__include_low__split_56,52,53,jerusalem,jerusalem,same
buqeia__unassigned__include_low__split_56,53,54,jerusalem,jerusalem,same
buqeia__unassigned__include_low__split_56,54,55,jerusalem,jerusalem,same
buqeia__unassigned__include_low__split_56,55,56:XI16-XII1a,jerusalem,,unknown
buqeia__unassigned__include_low__split_56,56:XI16-XII1a,56:XII1b-2a,,,unknown
buqeia__unassigned__include_low__split_56,56:XII1b-2a,56:XII2b-3,,,unknown
buqeia__unassigned__include_low__split_56,56:XII2b-3,57,,,unknown
buqeia__unassigned__include_low__split_56,57,58,,,unknown
buqeia__unassigned__include_low__split_56,58,59,,,unknown
buqeia__unassigned__include_low__split_56,59,60,,jericho,unknown
buqeia__unassigned__include_low__split_9_and_56,1,2,,,unknown
buqeia__unassigned__include_low__split_9_and_56,2,3,,,unknown
buqeia__unassigned__include_low__split_9_and_56,3,4,,jericho,unknown
buqeia__unassigned__include_low__split_9_and_56,4,5,jericho,jerusalem,different
buqeia__unassigned__include_low__split_9_and_56,5,6,jerusalem,jerusalem,same
buqeia__unassigned__include_low__split_9_and_56,6,7,jerusalem,jerusalem,same
buqeia__unassigned__include_low__split_9_and_56,7,8,jerusalem,jerusalem,same
buqeia__unassigned__include_low__split_9_and_56,8,9:II7-8,jerusalem,,unknown
buqeia__unassigned__include_low__split_9_and_56,9:II7-8,9:II9,,,unknown
buqeia__unassigned__include_low__split_9_and_56,9:II9,10,,jerusalem,unknown
buqeia__unassigned__include_low__split_9_and_56,10,11,jerusalem,jericho,different
buqeia__unassigned__include_low__split_9_and_56,11,12,jericho,jerusalem,different
buqeia__unassigned__include_low__split_9_and_56,12,12a,jerusalem,jerusalem,same
buqeia__unassigned__include_low__split_9_and_56,12a,13,jerusalem,jerusalem,same
buqeia__unassigned__include_low__split_9_and_56,13,14,jerusalem,jerusalem,same
buqeia__unassigned__include_low__split_9_and_56,14,15,jerusalem,jericho,different
buqeia__unassigned__include_low__split_9_and_56,15,16,jericho,,unknown
buqeia__unassigned__include_low__split_9_and_56,16,17,,,unknown
buqeia__unassigned__include_low__split_9_and_56,17,18,,jericho,unknown
buqeia__unassigned__include_low__split_9_and_56,18,19,jericho,jericho,same
buqeia__unassigned__include_low__split_9_and_56,19,20,jericho,,unknown
buqeia__unassigned__include_low__split_9_and_56,20,21,,,unknown
buqeia__unassigned__include_low__split_9_and_56,21,22,,,unknown
buqeia__unassigned__include_low__split_9_and_56,22,23,,,unknown
buqeia__unassigned__include_low__split_9_and_56,23,24,,jericho,unknown
buqeia__unassigned__include_low__split_9_and_56,24,25,jericho,jericho,same
buqeia__unassigned__include_low__split_9_and_56,25,26,jericho,jericho,same
buqeia__unassigned__include_low__split_9_and_56,26,27,jericho,,unknown
buqeia__unassigned__include_low__split_9_and_56,27,28,,jericho,unknown
buqeia__unassigned__include_low__split_9_and_56,28,29,jericho,,unknown
buqeia__unassigned__include_low__split_9_and_56,29,30,,jericho,unknown
buqeia__unassigned__include_low__split_9_and_56,30,31,jericho,jericho,same
buqeia__unassigned__include_low__split_9_and_56,31,32,jericho,jericho,same
buqeia__unassigned__include_low__split_9_and_56,32,33,jericho,jericho,same
buqeia__unassigned__include_low__split_9_and_56,33,34,jericho,,unknown
buqeia__unassigned__include_low__split_9_and_56,34,35,,,unknown
buqeia__unassigned__include_low__split_9_and_56,35,36,,jerusalem,unknown
buqeia__unassigned__include_low__split_9_and_56,36,37,jerusalem,jerusalem,same
buqeia__unassigned__include_low__split_9_and_56,37,38,jerusalem,,unknown
buqeia__unassigned__include_low__split_9_and_56,38,39,,,unknown
buqeia__unassigned__include_low__split_9_and_56,39,40,,,unknown
buqeia__unassigned__include_low__split_9_and_56,40,41,,,unknown
buqeia__unassigned__include_low__split_9_and_56,41,42,,,unknown
buqeia__unassigned__include_low__split_9_and_56,42,43,,,unknown
buqeia__unassigned__include_low__split_9_and_56,43,44,,,unknown
buqeia__unassigned__include_low__split_9_and_56,44,45,,,unknown
buqeia__unassigned__include_low__split_9_and_56,45,46,,jerusalem,unknown
buqeia__unassigned__include_low__split_9_and_56,46,47,jerusalem,jerusalem,same
buqeia__unassigned__include_low__split_9_and_56,47,48,jerusalem,jerusalem,same
buqeia__unassigned__include_low__split_9_and_56,48,49,jerusalem,jerusalem,same
buqeia__unassigned__include_low__split_9_and_56,49,50,jerusalem,jerusalem,same
buqeia__unassigned__include_low__split_9_and_56,50,51,jerusalem,jerusalem,same
buqeia__unassigned__include_low__split_9_and_56,51,52,jerusalem,jerusalem,same
buqeia__unassigned__include_low__split_9_and_56,52,53,jerusalem,jerusalem,same
buqeia__unassigned__include_low__split_9_and_56,53,54,jerusalem,jerusalem,same
buqeia__unassigned__include_low__split_9_and_56,54,55,jerusalem,jerusalem,same
buqeia__unassigned__include_low__split_9_and_56,55,56:XI16-XII1a,jerusalem,,unknown
buqeia__unassigned__include_low__split_9_and_56,56:XI16-XII1a,56:XII1b-2a,,,unknown
buqeia__unassigned__include_low__split_9_and_56,56:XII1b-2a,56:XII2b-3,,,unknown
buqeia__unassigned__include_low__split_9_and_56,56:XII2b-3,57,,,unknown
buqeia__unassigned__include_low__split_9_and_56,57,58,,,unknown
buqeia__unassigned__include_low__split_9_and_56,58,59,,,unknown
buqeia__unassigned__include_low__split_9_and_56,59,60,,jericho,unknown
buqeia__unassigned__exclude_low__project_61,1,2,,,unknown
buqeia__unassigned__exclude_low__project_61,2,3,,,unknown
buqeia__unassigned__exclude_low__project_61,3,4,,,unknown
buqeia__unassigned__exclude_low__project_61,4,5,,,unknown
buqeia__unassigned__exclude_low__project_61,5,6,,,unknown
buqeia__unassigned__exclude_low__project_61,6,7,,,unknown
buqeia__unassigned__exclude_low__project_61,7,8,,,unknown
buqeia__unassigned__exclude_low__project_61,8,9,,jerusalem,unknown
buqeia__unassigned__exclude_low__project_61,9,10,jerusalem,jerusalem,same
buqeia__unassigned__exclude_low__project_61,10,11,jerusalem,,unknown
buqeia__unassigned__exclude_low__project_61,11,12,,,unknown
buqeia__unassigned__exclude_low__project_61,12,12a,,,unknown
buqeia__unassigned__exclude_low__project_61,12a,13,,,unknown
buqeia__unassigned__exclude_low__project_61,13,14,,,unknown
buqeia__unassigned__exclude_low__project_61,14,15,,,unknown
buqeia__unassigned__exclude_low__project_61,15,16,,,unknown
buqeia__unassigned__exclude_low__project_61,16,17,,,unknown
buqeia__unassigned__exclude_low__project_61,17,18,,jericho,unknown
buqeia__unassigned__exclude_low__project_61,18,19,jericho,,unknown
buqeia__unassigned__exclude_low__project_61,19,20,,,unknown
buqeia__unassigned__exclude_low__project_61,20,21,,,unknown
buqeia__unassigned__exclude_low__project_61,21,22,,,unknown
buqeia__unassigned__exclude_low__project_61,22,23,,,unknown
buqeia__unassigned__exclude_low__project_61,23,24,,,unknown
buqeia__unassigned__exclude_low__project_61,24,25,,,unknown
buqeia__unassigned__exclude_low__project_61,25,26,,,unknown
buqeia__unassigned__exclude_low__project_61,26,27,,,unknown
buqeia__unassigned__exclude_low__project_61,27,28,,,unknown
buqeia__unassigned__exclude_low__project_61,28,29,,,unknown
buqeia__unassigned__exclude_low__project_61,29,30,,jericho,unknown
buqeia__unassigned__exclude_low__project_61,30,31,jericho,jericho,same
buqeia__unassigned__exclude_low__project_61,31,32,jericho,jericho,same
buqeia__unassigned__exclude_low__project_61,32,33,jericho,,unknown
buqeia__unassigned__exclude_low__project_61,33,34,,,unknown
buqeia__unassigned__exclude_low__project_61,34,35,,,unknown
buqeia__unassigned__exclude_low__project_61,35,36,,,unknown
buqeia__unassigned__exclude_low__project_61,36,37,,,unknown
buqeia__unassigned__exclude_low__project_61,37,38,,,unknown
buqeia__unassigned__exclude_low__project_61,38,39,,,unknown
buqeia__unassigned__exclude_low__project_61,39,40,,,unknown
buqeia__unassigned__exclude_low__project_61,40,41,,,unknown
buqeia__unassigned__exclude_low__project_61,41,42,,,unknown
buqeia__unassigned__exclude_low__project_61,42,43,,,unknown
buqeia__unassigned__exclude_low__project_61,43,44,,,unknown
buqeia__unassigned__exclude_low__project_61,44,45,,,unknown
buqeia__unassigned__exclude_low__project_61,45,46,,,unknown
buqeia__unassigned__exclude_low__project_61,46,47,,,unknown
buqeia__unassigned__exclude_low__project_61,47,48,,,unknown
buqeia__unassigned__exclude_low__project_61,48,49,,jerusalem,unknown
buqeia__unassigned__exclude_low__project_61,49,50,jerusalem,,unknown
buqeia__unassigned__exclude_low__project_61,50,51,,jerusalem,unknown
buqeia__unassigned__exclude_low__project_61,51,52,jerusalem,,unknown
buqeia__unassigned__exclude_low__project_61,52,53,,,unknown
buqeia__unassigned__exclude_low__project_61,53,54,,,unknown
buqeia__unassigned__exclude_low__project_61,54,55,,jerusalem,unknown
buqeia__unassigned__exclude_low__project_61,55,56,jerusalem,,unknown
buqeia__unassigned__exclude_low__project_61,56,57,,,unknown
buqeia__unassigned__exclude_low__project_61,57,58,,,unknown
buqeia__unassigned__exclude_low__project_61,58,59,,,unknown
buqeia__unassigned__exclude_low__project_61,59,60,,,unknown
buqeia__unassigned__exclude_low__join_12_12a,1,2,,,unknown
buqeia__unassigned__exclude_low__join_12_12a,2,3,,,unknown
buqeia__unassigned__exclude_low__join_12_12a,3,4,,,unknown
buqeia__unassigned__exclude_low__join_12_12a,4,5,,,unknown
buqeia__unassigned__exclude_low__join_12_12a,5,6,,,unknown
buqeia__unassigned__exclude_low__join_12_12a,6,7,,,unknown
buqeia__unassigned__exclude_low__join_12_12a,7,8,,,unknown
buqeia__unassigned__exclude_low__join_12_12a,8,9,,jerusalem,unknown
buqeia__unassigned__exclude_low__join_12_12a,9,10,jerusalem,jerusalem,same
buqeia__unassigned__exclude_low__join_12_12a,10,11,jerusalem,,unknown
buqeia__unassigned__exclude_low__join_12_12a,11,12+12a,,,unknown
buqeia__unassigned__exclude_low__join_12_12a,12+12a,13,,,unknown
buqeia__unassigned__exclude_low__join_12_12a,13,14,,,unknown
buqeia__unassigned__exclude_low__join_12_12a,14,15,,,unknown
buqeia__unassigned__exclude_low__join_12_12a,15,16,,,unknown
buqeia__unassigned__exclude_low__join_12_12a,16,17,,,unknown
buqeia__unassigned__exclude_low__join_12_12a,17,18,,jericho,unknown
buqeia__unassigned__exclude_low__join_12_12a,18,19,jericho,,unknown
buqeia__unassigned__exclude_low__join_12_12a,19,20,,,unknown
buqeia__unassigned__exclude_low__join_12_12a,20,21,,,unknown
buqeia__unassigned__exclude_low__join_12_12a,21,22,,,unknown
buqeia__unassigned__exclude_low__join_12_12a,22,23,,,unknown
buqeia__unassigned__exclude_low__join_12_12a,23,24,,,unknown
buqeia__unassigned__exclude_low__join_12_12a,24,25,,,unknown
buqeia__unassigned__exclude_low__join_12_12a,25,26,,,unknown
buqeia__unassigned__exclude_low__join_12_12a,26,27,,,unknown
buqeia__unassigned__exclude_low__join_12_12a,27,28,,,unknown
buqeia__unassigned__exclude_low__join_12_12a,28,29,,,unknown
buqeia__unassigned__exclude_low__join_12_12a,29,30,,jericho,unknown
buqeia__unassigned__exclude_low__join_12_12a,30,31,jericho,jericho,same
buqeia__unassigned__exclude_low__join_12_12a,31,32,jericho,jericho,same
buqeia__unassigned__exclude_low__join_12_12a,32,33,jericho,,unknown
buqeia__unassigned__exclude_low__join_12_12a,33,34,,,unknown
buqeia__unassigned__exclude_low__join_12_12a,34,35,,,unknown
buqeia__unassigned__exclude_low__join_12_12a,35,36,,,unknown
buqeia__unassigned__exclude_low__join_12_12a,36,37,,,unknown
buqeia__unassigned__exclude_low__join_12_12a,37,38,,,unknown
buqeia__unassigned__exclude_low__join_12_12a,38,39,,,unknown
buqeia__unassigned__exclude_low__join_12_12a,39,40,,,unknown
buqeia__unassigned__exclude_low__join_12_12a,40,41,,,unknown
buqeia__unassigned__exclude_low__join_12_12a,41,42,,,unknown
buqeia__unassigned__exclude_low__join_12_12a,42,43,,,unknown
buqeia__unassigned__exclude_low__join_12_12a,43,44,,,unknown
buqeia__unassigned__exclude_low__join_12_12a,44,45,,,unknown
buqeia__unassigned__exclude_low__join_12_12a,45,46,,,unknown
buqeia__unassigned__exclude_low__join_12_12a,46,47,,,unknown
buqeia__unassigned__exclude_low__join_12_12a,47,48,,,unknown
buqeia__unassigned__exclude_low__join_12_12a,48,49,,jerusalem,unknown
buqeia__unassigned__exclude_low__join_12_12a,49,50,jerusalem,,unknown
buqeia__unassigned__exclude_low__join_12_12a,50,51,,jerusalem,unknown
buqeia__unassigned__exclude_low__join_12_12a,51,52,jerusalem,,unknown
buqeia__unassigned__exclude_low__join_12_12a,52,53,,,unknown
buqeia__unassigned__exclude_low__join_12_12a,53,54,,,unknown
buqeia__unassigned__exclude_low__join_12_12a,54,55,,jerusalem,unknown
buqeia__unassigned__exclude_low__join_12_12a,55,56,jerusalem,,unknown
buqeia__unassigned__exclude_low__join_12_12a,56,57,,,unknown
buqeia__unassigned__exclude_low__join_12_12a,57,58,,,unknown
buqeia__unassigned__exclude_low__join_12_12a,58,59,,,unknown
buqeia__unassigned__exclude_low__join_12_12a,59,60,,,unknown
buqeia__unassigned__exclude_low__join_40_41,1,2,,,unknown
buqeia__unassigned__exclude_low__join_40_41,2,3,,,unknown
buqeia__unassigned__exclude_low__join_40_41,3,4,,,unknown
buqeia__unassigned__exclude_low__join_40_41,4,5,,,unknown
buqeia__unassigned__exclude_low__join_40_41,5,6,,,unknown
buqeia__unassigned__exclude_low__join_40_41,6,7,,,unknown
buqeia__unassigned__exclude_low__join_40_41,7,8,,,unknown
buqeia__unassigned__exclude_low__join_40_41,8,9,,jerusalem,unknown
buqeia__unassigned__exclude_low__join_40_41,9,10,jerusalem,jerusalem,same
buqeia__unassigned__exclude_low__join_40_41,10,11,jerusalem,,unknown
buqeia__unassigned__exclude_low__join_40_41,11,12,,,unknown
buqeia__unassigned__exclude_low__join_40_41,12,12a,,,unknown
buqeia__unassigned__exclude_low__join_40_41,12a,13,,,unknown
buqeia__unassigned__exclude_low__join_40_41,13,14,,,unknown
buqeia__unassigned__exclude_low__join_40_41,14,15,,,unknown
buqeia__unassigned__exclude_low__join_40_41,15,16,,,unknown
buqeia__unassigned__exclude_low__join_40_41,16,17,,,unknown
buqeia__unassigned__exclude_low__join_40_41,17,18,,jericho,unknown
buqeia__unassigned__exclude_low__join_40_41,18,19,jericho,,unknown
buqeia__unassigned__exclude_low__join_40_41,19,20,,,unknown
buqeia__unassigned__exclude_low__join_40_41,20,21,,,unknown
buqeia__unassigned__exclude_low__join_40_41,21,22,,,unknown
buqeia__unassigned__exclude_low__join_40_41,22,23,,,unknown
buqeia__unassigned__exclude_low__join_40_41,23,24,,,unknown
buqeia__unassigned__exclude_low__join_40_41,24,25,,,unknown
buqeia__unassigned__exclude_low__join_40_41,25,26,,,unknown
buqeia__unassigned__exclude_low__join_40_41,26,27,,,unknown
buqeia__unassigned__exclude_low__join_40_41,27,28,,,unknown
buqeia__unassigned__exclude_low__join_40_41,28,29,,,unknown
buqeia__unassigned__exclude_low__join_40_41,29,30,,jericho,unknown
buqeia__unassigned__exclude_low__join_40_41,30,31,jericho,jericho,same
buqeia__unassigned__exclude_low__join_40_41,31,32,jericho,jericho,same
buqeia__unassigned__exclude_low__join_40_41,32,33,jericho,,unknown
buqeia__unassigned__exclude_low__join_40_41,33,34,,,unknown
buqeia__unassigned__exclude_low__join_40_41,34,35,,,unknown
buqeia__unassigned__exclude_low__join_40_41,35,36,,,unknown
buqeia__unassigned__exclude_low__join_40_41,36,37,,,unknown
buqeia__unassigned__exclude_low__join_40_41,37,38,,,unknown
buqeia__unassigned__exclude_low__join_40_41,38,39,,,unknown
buqeia__unassigned__exclude_low__join_40_41,39,40+41,,,unknown
buqeia__unassigned__exclude_low__join_40_41,40+41,42,,,unknown
buqeia__unassigned__exclude_low__join_40_41,42,43,,,unknown
buqeia__unassigned__exclude_low__join_40_41,43,44,,,unknown
buqeia__unassigned__exclude_low__join_40_41,44,45,,,unknown
buqeia__unassigned__exclude_low__join_40_41,45,46,,,unknown
buqeia__unassigned__exclude_low__join_40_41,46,47,,,unknown
buqeia__unassigned__exclude_low__join_40_41,47,48,,,unknown
buqeia__unassigned__exclude_low__join_40_41,48,49,,jerusalem,unknown
buqeia__unassigned__exclude_low__join_40_41,49,50,jerusalem,,unknown
buqeia__unassigned__exclude_low__join_40_41,50,51,,jerusalem,unknown
buqeia__unassigned__exclude_low__join_40_41,51,52,jerusalem,,unknown
buqeia__unassigned__exclude_low__join_40_41,52,53,,,unknown
buqeia__unassigned__exclude_low__join_40_41,53,54,,,unknown
buqeia__unassigned__exclude_low__join_40_41,54,55,,jerusalem,unknown
buqeia__unassigned__exclude_low__join_40_41,55,56,jerusalem,,unknown
buqeia__unassigned__exclude_low__join_40_41,56,57,,,unknown
buqeia__unassigned__exclude_low__join_40_41,57,58,,,unknown
buqeia__unassigned__exclude_low__join_40_41,58,59,,,unknown
buqeia__unassigned__exclude_low__join_40_41,59,60,,,unknown
buqeia__unassigned__exclude_low__join_41_42,1,2,,,unknown
buqeia__unassigned__exclude_low__join_41_42,2,3,,,unknown
buqeia__unassigned__exclude_low__join_41_42,3,4,,,unknown
buqeia__unassigned__exclude_low__join_41_42,4,5,,,unknown
buqeia__unassigned__exclude_low__join_41_42,5,6,,,unknown
buqeia__unassigned__exclude_low__join_41_42,6,7,,,unknown
buqeia__unassigned__exclude_low__join_41_42,7,8,,,unknown
buqeia__unassigned__exclude_low__join_41_42,8,9,,jerusalem,unknown
buqeia__unassigned__exclude_low__join_41_42,9,10,jerusalem,jerusalem,same
buqeia__unassigned__exclude_low__join_41_42,10,11,jerusalem,,unknown
buqeia__unassigned__exclude_low__join_41_42,11,12,,,unknown
buqeia__unassigned__exclude_low__join_41_42,12,12a,,,unknown
buqeia__unassigned__exclude_low__join_41_42,12a,13,,,unknown
buqeia__unassigned__exclude_low__join_41_42,13,14,,,unknown
buqeia__unassigned__exclude_low__join_41_42,14,15,,,unknown
buqeia__unassigned__exclude_low__join_41_42,15,16,,,unknown
buqeia__unassigned__exclude_low__join_41_42,16,17,,,unknown
buqeia__unassigned__exclude_low__join_41_42,17,18,,jericho,unknown
buqeia__unassigned__exclude_low__join_41_42,18,19,jericho,,unknown
buqeia__unassigned__exclude_low__join_41_42,19,20,,,unknown
buqeia__unassigned__exclude_low__join_41_42,20,21,,,unknown
buqeia__unassigned__exclude_low__join_41_42,21,22,,,unknown
buqeia__unassigned__exclude_low__join_41_42,22,23,,,unknown
buqeia__unassigned__exclude_low__join_41_42,23,24,,,unknown
buqeia__unassigned__exclude_low__join_41_42,24,25,,,unknown
buqeia__unassigned__exclude_low__join_41_42,25,26,,,unknown
buqeia__unassigned__exclude_low__join_41_42,26,27,,,unknown
buqeia__unassigned__exclude_low__join_41_42,27,28,,,unknown
buqeia__unassigned__exclude_low__join_41_42,28,29,,,unknown
buqeia__unassigned__exclude_low__join_41_42,29,30,,jericho,unknown
buqeia__unassigned__exclude_low__join_41_42,30,31,jericho,jericho,same
buqeia__unassigned__exclude_low__join_41_42,31,32,jericho,jericho,same
buqeia__unassigned__exclude_low__join_41_42,32,33,jericho,,unknown
buqeia__unassigned__exclude_low__join_41_42,33,34,,,unknown
buqeia__unassigned__exclude_low__join_41_42,34,35,,,unknown
buqeia__unassigned__exclude_low__join_41_42,35,36,,,unknown
buqeia__unassigned__exclude_low__join_41_42,36,37,,,unknown
buqeia__unassigned__exclude_low__join_41_42,37,38,,,unknown
buqeia__unassigned__exclude_low__join_41_42,38,39,,,unknown
buqeia__unassigned__exclude_low__join_41_42,39,40,,,unknown
buqeia__unassigned__exclude_low__join_41_42,40,41+42,,,unknown
buqeia__unassigned__exclude_low__join_41_42,41+42,43,,,unknown
buqeia__unassigned__exclude_low__join_41_42,43,44,,,unknown
buqeia__unassigned__exclude_low__join_41_42,44,45,,,unknown
buqeia__unassigned__exclude_low__join_41_42,45,46,,,unknown
buqeia__unassigned__exclude_low__join_41_42,46,47,,,unknown
buqeia__unassigned__exclude_low__join_41_42,47,48,,,unknown
buqeia__unassigned__exclude_low__join_41_42,48,49,,jerusalem,unknown
buqeia__unassigned__exclude_low__join_41_42,49,50,jerusalem,,unknown
buqeia__unassigned__exclude_low__join_41_42,50,51,,jerusalem,unknown
buqeia__unassigned__exclude_low__join_41_42,51,52,jerusalem,,unknown
buqeia__unassigned__exclude_low__join_41_42,52,53,,,unknown
buqeia__unassigned__exclude_low__join_41_42,53,54,,,unknown
buqeia__unassigned__exclude_low__join_41_42,54,55,,jerusalem,unknown
buqeia__unassigned__exclude_low__join_41_42,55,56,jerusalem,,unknown
buqeia__unassigned__exclude_low__join_41_42,56,57,,,unknown
buqeia__unassigned__exclude_low__join_41_42,57,58,,,unknown
buqeia__unassigned__exclude_low__join_41_42,58,59,,,unknown
buqeia__unassigned__exclude_low__join_41_42,59,60,,,unknown
buqeia__unassigned__exclude_low__join_49_50,1,2,,,unknown
buqeia__unassigned__exclude_low__join_49_50,2,3,,,unknown
buqeia__unassigned__exclude_low__join_49_50,3,4,,,unknown
buqeia__unassigned__exclude_low__join_49_50,4,5,,,unknown
buqeia__unassigned__exclude_low__join_49_50,5,6,,,unknown
buqeia__unassigned__exclude_low__join_49_50,6,7,,,unknown
buqeia__unassigned__exclude_low__join_49_50,7,8,,,unknown
buqeia__unassigned__exclude_low__join_49_50,8,9,,jerusalem,unknown
buqeia__unassigned__exclude_low__join_49_50,9,10,jerusalem,jerusalem,same
buqeia__unassigned__exclude_low__join_49_50,10,11,jerusalem,,unknown
buqeia__unassigned__exclude_low__join_49_50,11,12,,,unknown
buqeia__unassigned__exclude_low__join_49_50,12,12a,,,unknown
buqeia__unassigned__exclude_low__join_49_50,12a,13,,,unknown
buqeia__unassigned__exclude_low__join_49_50,13,14,,,unknown
buqeia__unassigned__exclude_low__join_49_50,14,15,,,unknown
buqeia__unassigned__exclude_low__join_49_50,15,16,,,unknown
buqeia__unassigned__exclude_low__join_49_50,16,17,,,unknown
buqeia__unassigned__exclude_low__join_49_50,17,18,,jericho,unknown
buqeia__unassigned__exclude_low__join_49_50,18,19,jericho,,unknown
buqeia__unassigned__exclude_low__join_49_50,19,20,,,unknown
buqeia__unassigned__exclude_low__join_49_50,20,21,,,unknown
buqeia__unassigned__exclude_low__join_49_50,21,22,,,unknown
buqeia__unassigned__exclude_low__join_49_50,22,23,,,unknown
buqeia__unassigned__exclude_low__join_49_50,23,24,,,unknown
buqeia__unassigned__exclude_low__join_49_50,24,25,,,unknown
buqeia__unassigned__exclude_low__join_49_50,25,26,,,unknown
buqeia__unassigned__exclude_low__join_49_50,26,27,,,unknown
buqeia__unassigned__exclude_low__join_49_50,27,28,,,unknown
buqeia__unassigned__exclude_low__join_49_50,28,29,,,unknown
buqeia__unassigned__exclude_low__join_49_50,29,30,,jericho,unknown
buqeia__unassigned__exclude_low__join_49_50,30,31,jericho,jericho,same
buqeia__unassigned__exclude_low__join_49_50,31,32,jericho,jericho,same
buqeia__unassigned__exclude_low__join_49_50,32,33,jericho,,unknown
buqeia__unassigned__exclude_low__join_49_50,33,34,,,unknown
buqeia__unassigned__exclude_low__join_49_50,34,35,,,unknown
buqeia__unassigned__exclude_low__join_49_50,35,36,,,unknown
buqeia__unassigned__exclude_low__join_49_50,36,37,,,unknown
buqeia__unassigned__exclude_low__join_49_50,37,38,,,unknown
buqeia__unassigned__exclude_low__join_49_50,38,39,,,unknown
buqeia__unassigned__exclude_low__join_49_50,39,40,,,unknown
buqeia__unassigned__exclude_low__join_49_50,40,41,,,unknown
buqeia__unassigned__exclude_low__join_49_50,41,42,,,unknown
buqeia__unassigned__exclude_low__join_49_50,42,43,,,unknown
buqeia__unassigned__exclude_low__join_49_50,43,44,,,unknown
buqeia__unassigned__exclude_low__join_49_50,44,45,,,unknown
buqeia__unassigned__exclude_low__join_49_50,45,46,,,unknown
buqeia__unassigned__exclude_low__join_49_50,46,47,,,unknown
buqeia__unassigned__exclude_low__join_49_50,47,48,,,unknown
buqeia__unassigned__exclude_low__join_49_50,48,49+50,,,unknown
buqeia__unassigned__exclude_low__join_49_50,49+50,51,,jerusalem,unknown
buqeia__unassigned__exclude_low__join_49_50,51,52,jerusalem,,unknown
buqeia__unassigned__exclude_low__join_49_50,52,53,,,unknown
buqeia__unassigned__exclude_low__join_49_50,53,54,,,unknown
buqeia__unassigned__exclude_low__join_49_50,54,55,,jerusalem,unknown
buqeia__unassigned__exclude_low__join_49_50,55,56,jerusalem,,unknown
buqeia__unassigned__exclude_low__join_49_50,56,57,,,unknown
buqeia__unassigned__exclude_low__join_49_50,57,58,,,unknown
buqeia__unassigned__exclude_low__join_49_50,58,59,,,unknown
buqeia__unassigned__exclude_low__join_49_50,59,60,,,unknown
buqeia__unassigned__exclude_low__split_9,1,2,,,unknown
buqeia__unassigned__exclude_low__split_9,2,3,,,unknown
buqeia__unassigned__exclude_low__split_9,3,4,,,unknown
buqeia__unassigned__exclude_low__split_9,4,5,,,unknown
buqeia__unassigned__exclude_low__split_9,5,6,,,unknown
buqeia__unassigned__exclude_low__split_9,6,7,,,unknown
buqeia__unassigned__exclude_low__split_9,7,8,,,unknown
buqeia__unassigned__exclude_low__split_9,8,9:II7-8,,,unknown
buqeia__unassigned__exclude_low__split_9,9:II7-8,9:II9,,,unknown
buqeia__unassigned__exclude_low__split_9,9:II9,10,,jerusalem,unknown
buqeia__unassigned__exclude_low__split_9,10,11,jerusalem,,unknown
buqeia__unassigned__exclude_low__split_9,11,12,,,unknown
buqeia__unassigned__exclude_low__split_9,12,12a,,,unknown
buqeia__unassigned__exclude_low__split_9,12a,13,,,unknown
buqeia__unassigned__exclude_low__split_9,13,14,,,unknown
buqeia__unassigned__exclude_low__split_9,14,15,,,unknown
buqeia__unassigned__exclude_low__split_9,15,16,,,unknown
buqeia__unassigned__exclude_low__split_9,16,17,,,unknown
buqeia__unassigned__exclude_low__split_9,17,18,,jericho,unknown
buqeia__unassigned__exclude_low__split_9,18,19,jericho,,unknown
buqeia__unassigned__exclude_low__split_9,19,20,,,unknown
buqeia__unassigned__exclude_low__split_9,20,21,,,unknown
buqeia__unassigned__exclude_low__split_9,21,22,,,unknown
buqeia__unassigned__exclude_low__split_9,22,23,,,unknown
buqeia__unassigned__exclude_low__split_9,23,24,,,unknown
buqeia__unassigned__exclude_low__split_9,24,25,,,unknown
buqeia__unassigned__exclude_low__split_9,25,26,,,unknown
buqeia__unassigned__exclude_low__split_9,26,27,,,unknown
buqeia__unassigned__exclude_low__split_9,27,28,,,unknown
buqeia__unassigned__exclude_low__split_9,28,29,,,unknown
buqeia__unassigned__exclude_low__split_9,29,30,,jericho,unknown
buqeia__unassigned__exclude_low__split_9,30,31,jericho,jericho,same
buqeia__unassigned__exclude_low__split_9,31,32,jericho,jericho,same
buqeia__unassigned__exclude_low__split_9,32,33,jericho,,unknown
buqeia__unassigned__exclude_low__split_9,33,34,,,unknown
buqeia__unassigned__exclude_low__split_9,34,35,,,unknown
buqeia__unassigned__exclude_low__split_9,35,36,,,unknown
buqeia__unassigned__exclude_low__split_9,36,37,,,unknown
buqeia__unassigned__exclude_low__split_9,37,38,,,unknown
buqeia__unassigned__exclude_low__split_9,38,39,,,unknown
buqeia__unassigned__exclude_low__split_9,39,40,,,unknown
buqeia__unassigned__exclude_low__split_9,40,41,,,unknown
buqeia__unassigned__exclude_low__split_9,41,42,,,unknown
buqeia__unassigned__exclude_low__split_9,42,43,,,unknown
buqeia__unassigned__exclude_low__split_9,43,44,,,unknown
buqeia__unassigned__exclude_low__split_9,44,45,,,unknown
buqeia__unassigned__exclude_low__split_9,45,46,,,unknown
buqeia__unassigned__exclude_low__split_9,46,47,,,unknown
buqeia__unassigned__exclude_low__split_9,47,48,,,unknown
buqeia__unassigned__exclude_low__split_9,48,49,,jerusalem,unknown
buqeia__unassigned__exclude_low__split_9,49,50,jerusalem,,unknown
buqeia__unassigned__exclude_low__split_9,50,51,,jerusalem,unknown
buqeia__unassigned__exclude_low__split_9,51,52,jerusalem,,unknown
buqeia__unassigned__exclude_low__split_9,52,53,,,unknown
buqeia__unassigned__exclude_low__split_9,53,54,,,unknown
buqeia__unassigned__exclude_low__split_9,54,55,,jerusalem,unknown
buqeia__unassigned__exclude_low__split_9,55,56,jerusalem,,unknown
buqeia__unassigned__exclude_low__split_9,56,57,,,unknown
buqeia__unassigned__exclude_low__split_9,57,58,,,unknown
buqeia__unassigned__exclude_low__split_9,58,59,,,unknown
buqeia__unassigned__exclude_low__split_9,59,60,,,unknown
buqeia__unassigned__exclude_low__split_56,1,2,,,unknown
buqeia__unassigned__exclude_low__split_56,2,3,,,unknown
buqeia__unassigned__exclude_low__split_56,3,4,,,unknown
buqeia__unassigned__exclude_low__split_56,4,5,,,unknown
buqeia__unassigned__exclude_low__split_56,5,6,,,unknown
buqeia__unassigned__exclude_low__split_56,6,7,,,unknown
buqeia__unassigned__exclude_low__split_56,7,8,,,unknown
buqeia__unassigned__exclude_low__split_56,8,9,,jerusalem,unknown
buqeia__unassigned__exclude_low__split_56,9,10,jerusalem,jerusalem,same
buqeia__unassigned__exclude_low__split_56,10,11,jerusalem,,unknown
buqeia__unassigned__exclude_low__split_56,11,12,,,unknown
buqeia__unassigned__exclude_low__split_56,12,12a,,,unknown
buqeia__unassigned__exclude_low__split_56,12a,13,,,unknown
buqeia__unassigned__exclude_low__split_56,13,14,,,unknown
buqeia__unassigned__exclude_low__split_56,14,15,,,unknown
buqeia__unassigned__exclude_low__split_56,15,16,,,unknown
buqeia__unassigned__exclude_low__split_56,16,17,,,unknown
buqeia__unassigned__exclude_low__split_56,17,18,,jericho,unknown
buqeia__unassigned__exclude_low__split_56,18,19,jericho,,unknown
buqeia__unassigned__exclude_low__split_56,19,20,,,unknown
buqeia__unassigned__exclude_low__split_56,20,21,,,unknown
buqeia__unassigned__exclude_low__split_56,21,22,,,unknown
buqeia__unassigned__exclude_low__split_56,22,23,,,unknown
buqeia__unassigned__exclude_low__split_56,23,24,,,unknown
buqeia__unassigned__exclude_low__split_56,24,25,,,unknown
buqeia__unassigned__exclude_low__split_56,25,26,,,unknown
buqeia__unassigned__exclude_low__split_56,26,27,,,unknown
buqeia__unassigned__exclude_low__split_56,27,28,,,unknown
buqeia__unassigned__exclude_low__split_56,28,29,,,unknown
buqeia__unassigned__exclude_low__split_56,29,30,,jericho,unknown
buqeia__unassigned__exclude_low__split_56,30,31,jericho,jericho,same
buqeia__unassigned__exclude_low__split_56,31,32,jericho,jericho,same
buqeia__unassigned__exclude_low__split_56,32,33,jericho,,unknown
buqeia__unassigned__exclude_low__split_56,33,34,,,unknown
buqeia__unassigned__exclude_low__split_56,34,35,,,unknown
buqeia__unassigned__exclude_low__split_56,35,36,,,unknown
buqeia__unassigned__exclude_low__split_56,36,37,,,unknown
buqeia__unassigned__exclude_low__split_56,37,38,,,unknown
buqeia__unassigned__exclude_low__split_56,38,39,,,unknown
buqeia__unassigned__exclude_low__split_56,39,40,,,unknown
buqeia__unassigned__exclude_low__split_56,40,41,,,unknown
buqeia__unassigned__exclude_low__split_56,41,42,,,unknown
buqeia__unassigned__exclude_low__split_56,42,43,,,unknown
buqeia__unassigned__exclude_low__split_56,43,44,,,unknown
buqeia__unassigned__exclude_low__split_56,44,45,,,unknown
buqeia__unassigned__exclude_low__split_56,45,46,,,unknown
buqeia__unassigned__exclude_low__split_56,46,47,,,unknown
buqeia__unassigned__exclude_low__split_56,47,48,,,unknown
buqeia__unassigned__exclude_low__split_56,48,49,,jerusalem,unknown
buqeia__unassigned__exclude_low__split_56,49,50,jerusalem,,unknown
buqeia__unassigned__exclude_low__split_56,50,51,,jerusalem,unknown
buqeia__unassigned__exclude_low__split_56,51,52,jerusalem,,unknown
buqeia__unassigned__exclude_low__split_56,52,53,,,unknown
buqeia__unassigned__exclude_low__split_56,53,54,,,unknown
buqeia__unassigned__exclude_low__split_56,54,55,,jerusalem,unknown
buqeia__unassigned__exclude_low__split_56,55,56:XI16-XII1a,jerusalem,,unknown
buqeia__unassigned__exclude_low__split_56,56:XI16-XII1a,56:XII1b-2a,,,unknown
buqeia__unassigned__exclude_low__split_56,56:XII1b-2a,56:XII2b-3,,,unknown
buqeia__unassigned__exclude_low__split_56,56:XII2b-3,57,,,unknown
buqeia__unassigned__exclude_low__split_56,57,58,,,unknown
buqeia__unassigned__exclude_low__split_56,58,59,,,unknown
buqeia__unassigned__exclude_low__split_56,59,60,,,unknown
buqeia__unassigned__exclude_low__split_9_and_56,1,2,,,unknown
buqeia__unassigned__exclude_low__split_9_and_56,2,3,,,unknown
buqeia__unassigned__exclude_low__split_9_and_56,3,4,,,unknown
buqeia__unassigned__exclude_low__split_9_and_56,4,5,,,unknown
buqeia__unassigned__exclude_low__split_9_and_56,5,6,,,unknown
buqeia__unassigned__exclude_low__split_9_and_56,6,7,,,unknown
buqeia__unassigned__exclude_low__split_9_and_56,7,8,,,unknown
buqeia__unassigned__exclude_low__split_9_and_56,8,9:II7-8,,,unknown
buqeia__unassigned__exclude_low__split_9_and_56,9:II7-8,9:II9,,,unknown
buqeia__unassigned__exclude_low__split_9_and_56,9:II9,10,,jerusalem,unknown
buqeia__unassigned__exclude_low__split_9_and_56,10,11,jerusalem,,unknown
buqeia__unassigned__exclude_low__split_9_and_56,11,12,,,unknown
buqeia__unassigned__exclude_low__split_9_and_56,12,12a,,,unknown
buqeia__unassigned__exclude_low__split_9_and_56,12a,13,,,unknown
buqeia__unassigned__exclude_low__split_9_and_56,13,14,,,unknown
buqeia__unassigned__exclude_low__split_9_and_56,14,15,,,unknown
buqeia__unassigned__exclude_low__split_9_and_56,15,16,,,unknown
buqeia__unassigned__exclude_low__split_9_and_56,16,17,,,unknown
buqeia__unassigned__exclude_low__split_9_and_56,17,18,,jericho,unknown
buqeia__unassigned__exclude_low__split_9_and_56,18,19,jericho,,unknown
buqeia__unassigned__exclude_low__split_9_and_56,19,20,,,unknown
buqeia__unassigned__exclude_low__split_9_and_56,20,21,,,unknown
buqeia__unassigned__exclude_low__split_9_and_56,21,22,,,unknown
buqeia__unassigned__exclude_low__split_9_and_56,22,23,,,unknown
buqeia__unassigned__exclude_low__split_9_and_56,23,24,,,unknown
buqeia__unassigned__exclude_low__split_9_and_56,24,25,,,unknown
buqeia__unassigned__exclude_low__split_9_and_56,25,26,,,unknown
buqeia__unassigned__exclude_low__split_9_and_56,26,27,,,unknown
buqeia__unassigned__exclude_low__split_9_and_56,27,28,,,unknown
buqeia__unassigned__exclude_low__split_9_and_56,28,29,,,unknown
buqeia__unassigned__exclude_low__split_9_and_56,29,30,,jericho,unknown
buqeia__unassigned__exclude_low__split_9_and_56,30,31,jericho,jericho,same
buqeia__unassigned__exclude_low__split_9_and_56,31,32,jericho,jericho,same
buqeia__unassigned__exclude_low__split_9_and_56,32,33,jericho,,unknown
buqeia__unassigned__exclude_low__split_9_and_56,33,34,,,unknown
buqeia__unassigned__exclude_low__split_9_and_56,34,35,,,unknown
buqeia__unassigned__exclude_low__split_9_and_56,35,36,,,unknown
buqeia__unassigned__exclude_low__split_9_and_56,36,37,,,unknown
buqeia__unassigned__exclude_low__split_9_and_56,37,38,,,unknown
buqeia__unassigned__exclude_low__split_9_and_56,38,39,,,unknown
buqeia__unassigned__exclude_low__split_9_and_56,39,40,,,unknown
buqeia__unassigned__exclude_low__split_9_and_56,40,41,,,unknown
buqeia__unassigned__exclude_low__split_9_and_56,41,42,,,unknown
buqeia__unassigned__exclude_low__split_9_and_56,42,43,,,unknown
buqeia__unassigned__exclude_low__split_9_and_56,43,44,,,unknown
buqeia__unassigned__exclude_low__split_9_and_56,44,45,,,unknown
buqeia__unassigned__exclude_low__split_9_and_56,45,46,,,unknown
buqeia__unassigned__exclude_low__split_9_and_56,46,47,,,unknown
buqeia__unassigned__exclude_low__split_9_and_56,47,48,,,unknown
buqeia__unassigned__exclude_low__split_9_and_56,48,49,,jerusalem,unknown
buqeia__unassigned__exclude_low__split_9_and_56,49,50,jerusalem,,unknown
buqeia__unassigned__exclude_low__split_9_and_56,50,51,,jerusalem,unknown
buqeia__unassigned__exclude_low__split_9_and_56,51,52,jerusalem,,unknown
buqeia__unassigned__exclude_low__split_9_and_56,52,53,,,unknown
buqeia__unassigned__exclude_low__split_9_and_56,53,54,,,unknown
buqeia__unassigned__exclude_low__split_9_and_56,54,55,,jerusalem,unknown
buqeia__unassigned__exclude_low__split_9_and_56,55,56:XI16-XII1a,jerusalem,,unknown
buqeia__unassigned__exclude_low__split_9_and_56,56:XI16-XII1a,56:XII1b-2a,,,unknown
buqeia__unassigned__exclude_low__split_9_and_56,56:XII1b-2a,56:XII2b-3,,,unknown
buqeia__unassigned__exclude_low__split_9_and_56,56:XII2b-3,57,,,unknown
buqeia__unassigned__exclude_low__split_9_and_56,57,58,,,unknown
buqeia__unassigned__exclude_low__split_9_and_56,58,59,,,unknown
buqeia__unassigned__exclude_low__split_9_and_56,59,60,,,unknown
