form_id,greek_form,occurrences,lemmas,mixed_Ne_use,examples
syntacticus:Nb:3afe98ab81f191832785ec1e53d0289d9a9d6bb2146d9cd34fc63c9dcd10253b,ΑΒΒΑ,3,ἀββά,False,"[{""token_id"": ""112902"", ""citation"": ""MARK 14.36"", ""raw_form"": ""ἀββᾶ""}]"
syntacticus:Nb:2710a542fa81b73830e3d29345b3ed49d9bfca09e813070dbeb8be2e348f6ace,ΑΒΥΣΣΟΝ,3,ἄβυσσος,False,"[{""token_id"": ""327588"", ""citation"": ""LUKE 8.31"", ""raw_form"": ""ἄβυσσον""}]"
syntacticus:Nb:83ccabfc4b3aa07e726505a666d58702477996879294dad256fc71d11105b2e8,ΑΒΥΣΣΟΥ,6,ἄβυσσος,False,"[{""token_id"": ""496431"", ""citation"": ""REV 9.1"", ""raw_form"": ""ἀβύσσου""}]"
syntacticus:Nb:57aefe410957dcc20f68431b82d6d848dd95d31dbdefaef2e5124a88df9f3811,ΑΓΑΘΩΣΥΝΗ,1,ἀγαθωσύνη,False,"[{""token_id"": ""439766"", ""citation"": ""GAL 5.22"", ""raw_form"": ""ἀγαθωσύνη""}]"
syntacticus:Nb:72846f079a358fdba15a56a8dac62a5f212f053d82f451699c45e3a2da8378e0,ΑΓΑΘΩΣΥΝΗΣ,2,ἀγαθωσύνη,False,"[{""token_id"": ""406223"", ""citation"": ""ROM 15.14"", ""raw_form"": ""ἀγαθωσύνης""}]"
syntacticus:Nb:c97a7b0e8dadf77678dbd790a1901930dff81ac25be716a05a2a8c2a0d744fb1,ΑΓΑΛΛΙΑΣΕΙ,2,ἀγαλλίασις,False,"[{""token_id"": ""320878"", ""citation"": ""LUKE 1.44"", ""raw_form"": ""ἀγαλλιάσει""}]"
syntacticus:Nb:1800d88b43f63be64413409522670d2c1a74fc0a1b93a02cae413684faf7cd68,ΑΓΑΛΛΙΑΣΕΩΣ,1,ἀγαλλίασις,False,"[{""token_id"": ""466773"", ""citation"": ""HEB 1.9"", ""raw_form"": ""ἀγαλλιάσεως""}]"
syntacticus:Nb:b0c4469ca4cf65c5a6ff02b3db7d78120e7d729a32434a47292a8b480ce8b407,ΑΓΑΛΛΙΑΣΙΣ,1,ἀγαλλίασις,False,"[{""token_id"": ""320283"", ""citation"": ""LUKE 1.14"", ""raw_form"": ""ἀγαλλίασις""}]"
syntacticus:Nb:dc4b8868fc4ed05005831acc65306ce0f241bdfda1ecf644d10ed98d8178c760,ΑΓΑΝΑΚΤΗΣΙΝ,1,ἀγανάκτησις,False,"[{""token_id"": ""430614"", ""citation"": ""2COR 7.11"", ""raw_form"": ""ἀγανάκτησιν""}]"
syntacticus:Nb:a60099cc80f7be35d9129cbb7e866bf7e3728671ea0025e8cc8db0cd7306027e,ΑΓΑΠΗ,22,ἀγάπη,False,"[{""token_id"": ""283105"", ""citation"": ""MATT 24.12"", ""raw_form"": ""ἀγάπη""}]"
syntacticus:Nb:22fd707114010c1915c9555c9899fe6bc3c48108ff39f4a0b3bc585e988943dc,ΑΓΑΠΗΝ,28,ἀγάπη,False,"[{""token_id"": ""331249"", ""citation"": ""LUKE 11.42"", ""raw_form"": ""ἀγάπην""}]"
syntacticus:Nb:31213d2b343b2907e5f00f8d9ee1acaf6c579347989d06f52eeb95ec040c2314,ΑΓΑΠΗΣ,17,ἀγάπη,False,"[{""token_id"": ""403066"", ""citation"": ""ROM 8.35"", ""raw_form"": ""ἀγάπης""}]"
syntacticus:Nb:420322854adb81da793c9c280341f5302433a0a1c973d608c8e90da528bb0284,ΑΓΓΕΙΟΙΣ,1,ἀγγεῖον,False,"[{""token_id"": ""283877"", ""citation"": ""MATT 25.4"", ""raw_form"": ""ἀγγείοις""}]"
syntacticus:Nb:cc073200668772c353549d720ef0731a6aa3922e5317ef14029cd1470ebcc4bb,ΑΓΓΕΛΟΙ,22,ἄγγελος,False,"[{""token_id"": ""268279"", ""citation"": ""MATT 4.11"", ""raw_form"": ""ἄγγελοι""}]"
syntacticus:Nb:771464f84a9378289dbcb15c7343cd84c140ecfb8430539184cf367b873452a6,ΑΓΓΕΛΟΙΣ,9,ἄγγελος,False,"[{""token_id"": ""268178"", ""citation"": ""MATT 4.6"", ""raw_form"": ""ἀγγέλοις""}]"
syntacticus:Nb:32f956f20d34bcfe737697a9f8c979c4ddb6d548c61e48438325c26777a35763,ΑΓΓΕΛΟΝ,22,ἄγγελος,False,"[{""token_id"": ""273232"", ""citation"": ""MATT 11.10"", ""raw_form"": ""ἄγγελόν""}]"
syntacticus:Nb:c2ae4c149213fc3f2188264568e1dd92255667bb52aa60be0db27a309f23c363,ΑΓΓΕΛΟΣ,48,ἄγγελος,False,"[{""token_id"": ""267062"", ""citation"": ""MATT 1.20"", ""raw_form"": ""ἄγγελος""}]"
syntacticus:Nb:d4a4bdd4963d58a2ca0d79d6850a8f93d8958d36df5780d7a1093d7c1cfba852,ΑΓΓΕΛΟΥ,14,ἄγγελος,False,"[{""token_id"": ""321766"", ""citation"": ""LUKE 2.21"", ""raw_form"": ""ἀγγέλου""}]"
syntacticus:Nb:2cf55e213ea93b44ff1295cec5fee4933ab90eda54db730896f1d3012fc06d19,ΑΓΓΕΛΟΥΣ,18,ἄγγελος,False,"[{""token_id"": ""275532"", ""citation"": ""MATT 13.41"", ""raw_form"": ""ἀγγέλους""}]"
syntacticus:Nb:9b73ace734583a8b2923761e0f7fa398235c0c929b668a1401f5f6fb350d2807,ΑΓΓΕΛΩΝ,29,ἄγγελος,False,"[{""token_id"": ""277793"", ""citation"": ""MATT 16.27"", ""raw_form"": ""ἀγγέλων""}]"
syntacticus:Nb:adff4bd723e3759d142ff13e0cc365e99fc92e5c3ef53084780f6af12fbd84b5,ΑΓΓΗ,1,ἀγγεῖον,False,"[{""token_id"": ""275680"", ""citation"": ""MATT 13.48"", ""raw_form"": ""ἄγγη""}]"
syntacticus:Nb:7ea3abcd58874facb803833f09313f9ef6323273328a621ed42427b10c3c8251,ΑΓΕΛΗ,6,ἀγέλη,False,"[{""token_id"": ""271412"", ""citation"": ""MATT 8.30"", ""raw_form"": ""ἀγέλη""}]"
syntacticus:Nb:5f24f07ddcb0970e45500814d7f375439b37cfd39dce041520e245a621ccb72a,ΑΓΕΛΗΝ,1,ἀγέλη,False,"[{""token_id"": ""271432"", ""citation"": ""MATT 8.31"", ""raw_form"": ""ἀγέλην""}]"
syntacticus:Nb:abe3454ea167c9e794a7ed349ae46f5232e8e4ef11ec01c40eae098e05950784,ΑΓΙΑΣΜΟΝ,3,ἁγιασμός,False,"[{""token_id"": ""401792"", ""citation"": ""ROM 6.19"", ""raw_form"": ""ἁγιασμόν""}]"
syntacticus:Nb:86a11356b62ccf068f66797abd1eefefab8ccd9295aee5f17ade36b071b7ee3f,ΑΓΙΑΣΜΟΣ,2,ἁγιασμός,False,"[{""token_id"": ""414172"", ""citation"": ""1COR 1.30"", ""raw_form"": ""ἁγιασμὸς""}]"
syntacticus:Nb:db856b181c9411d7507d294fbf378529c2115e15edeff368811d604b8f4fdfff,ΑΓΙΟΤΗΤΙ,1,ἁγιότης,False,"[{""token_id"": ""428361"", ""citation"": ""2COR 1.12"", ""raw_form"": ""ἁγιότητι""}]"
syntacticus:Nb:8d7262fbfdfb05c6356cf4cd386c603bc44cb7bb65519df675f5ba1f773262f2,ΑΓΙΟΤΗΤΟΣ,1,ἁγιότης,False,"[{""token_id"": ""471466"", ""citation"": ""HEB 12.10"", ""raw_form"": ""ἁγιότητος""}]"
syntacticus:Nb:f46851458ef3eb3b7d4692fbfcbb1ef3cda8e6fa5577197f2f3b25c8e76a8cad,ΑΓΙΩΣΥΝΗΝ,1,ἁγιωσύνη,False,"[{""token_id"": ""430389"", ""citation"": ""2COR 7.1"", ""raw_form"": ""ἁγιωσύνην""}]"
syntacticus:Nb:3c997e7e452332538d4010ffd66c62e8038defefeb715de1f00b9f8e5d0577f6,ΑΓΙΩΣΥΝΗΣ,1,ἁγιωσύνη,False,"[{""token_id"": ""398945"", ""citation"": ""ROM 1.4"", ""raw_form"": ""ἁγιωσύνης""}]"
syntacticus:Nb:8821f6e778c01c51a5c53f9fde2eec65650bb93eec1a17edbb6836150ba4e364,ΑΓΚΑΛΑΣ,1,ἀγκάλη,False,"[{""token_id"": ""321918"", ""citation"": ""LUKE 2.28"", ""raw_form"": ""ἀγκάλας""}]"
syntacticus:Nb:574c9b43f69ee11c4ba5455a4e6fbb85e0b73d6b0125013b00465cf66586b310,ΑΓΚΙΣΤΡΟΝ,1,ἄγκιστρον,False,"[{""token_id"": ""278382"", ""citation"": ""MATT 17.27"", ""raw_form"": ""ἄγκιστρον""}]"
syntacticus:Nb:3d9e56182c594b08aeb9fdbee080cf35e3b0163d7d41d6def1745065d6ec8dc7,ΑΓΚΥΡΑΝ,1,ἄγκυρα,False,"[{""token_id"": ""468459"", ""citation"": ""HEB 6.19"", ""raw_form"": ""ἄγκυραν""}]"
syntacticus:Nb:cf2cce5be1ac4ddae26d0152091ca9843418c19446a5819208de590ac9c6c953,ΑΓΚΥΡΑΣ,3,ἄγκυρα,False,"[{""token_id"": ""397576"", ""citation"": ""ACTS 27.29"", ""raw_form"": ""ἀγκύρας""}]"
syntacticus:Nb:3c0034afa710682ef186c01f8a13608b8dad1441d1e68c8bc2f1ff50562cbb04,ΑΓΝΙΣΜΟΥ,1,ἁγνισμός,False,"[{""token_id"": ""393519"", ""citation"": ""ACTS 21.26"", ""raw_form"": ""ἁγνισμοῦ""}]"
syntacticus:Nb:0394a5500467444384cf30d9adcdae48044c95f7eab94e174e3765b3e0354ff6,ΑΓΝΟΗΜΑΤΩΝ,1,ἀγνόημα,False,"[{""token_id"": ""469467"", ""citation"": ""HEB 9.7"", ""raw_form"": ""ἀγνοημάτων""}]"
syntacticus:Nb:99cb52987958e4f219b7f811858c2f663422a923b7f3ba63884bbaed6bd1ff74,ΑΓΝΟΙΑΝ,2,ἄγνοια,False,"[{""token_id"": ""379772"", ""citation"": ""ACTS 3.17"", ""raw_form"": ""ἄγνοιαν""}]"
syntacticus:Nb:678f90352007045c7affd159eea4d3280a386f3ffd04327ce207ec885cc388f3,ΑΓΝΟΙΑΣ,1,ἄγνοια,False,"[{""token_id"": ""390712"", ""citation"": ""ACTS 17.30"", ""raw_form"": ""ἀγνοίας""}]"
syntacticus:Nb:3df05460cc9b5ad80ffabd11d72f8234807d8117416788440aa0b1de45bb0261,ΑΓΝΟΤΗΤΙ,1,ἁγνότης,False,"[{""token_id"": ""430134"", ""citation"": ""2COR 6.6"", ""raw_form"": ""ἁγνότητι""}]"
syntacticus:Nb:4993df8c16be1e79d31a691921142b0a2a6b886d3aba112ab642b55039a8b8ea,ΑΓΝΩΣΙΑΝ,2,ἀγνωσία,False,"[{""token_id"": ""420804"", ""citation"": ""1COR 15.34"", ""raw_form"": ""ἀγνωσίαν""}]"
syntacticus:Nb:bd5cf57c099f793f72ad5301645ab0fd8233648f448715d1a97263162529b8bf,ΑΓΟΡΑΙΣ,6,ἀγορά,False,"[{""token_id"": ""273333"", ""citation"": ""MATT 11.16"", ""raw_form"": ""ἀγοραῖς""}]"
syntacticus:Nb:fec128f6d6939275daab6606d6b94741fe2abdaaf41e9c476ac7ec730e56e754,ΑΓΟΡΑΝ,1,ἀγορά,False,"[{""token_id"": ""389656"", ""citation"": ""ACTS 16.19"", ""raw_form"": ""ἀγορὰν""}]"
syntacticus:Nb:7085e42be3cd8e5f2b73073fb3cd0fda676bde06ff13b44833c780f2f0c6a1a5,ΑΓΟΡΑΣ,1,ἀγορά,False,"[{""token_id"": ""106547"", ""citation"": ""MARK 7.4"", ""raw_form"": ""ἀγορᾶς""}]"
syntacticus:Nb:c4d87b2e4df2afa6ef531855515ec384c34a8c881b6db6293295308a832c4098,ΑΓΡΑΝ,1,ἄγρα,False,"[{""token_id"": ""323967"", ""citation"": ""LUKE 5.4"", ""raw_form"": ""ἄγραν""}]"
syntacticus:Nb:deac8531154f8e055360b3dc5c6db3623f0617bc7a93006d4c01088136aaf9ed,ΑΓΡΙΕΛΑΙΟΣ,1,ἀγριέλαιος,False,"[{""token_id"": ""404478"", ""citation"": ""ROM 11.17"", ""raw_form"": ""ἀγριέλαιος""}]"
syntacticus:Nb:8ebe2235706f2808724e229426e26a32fba9ba3e61dbe0778d7a82c3b134b482,ΑΓΡΙΕΛΑΙΟΥ,1,ἀγριέλαιος,False,"[{""token_id"": ""404613"", ""citation"": ""ROM 11.24"", ""raw_form"": ""ἀγριελαίου""}]"
syntacticus:Nb:4922549e83936c8aff33deee0ebad2ce39d57c8f0d2026f48fb75c5c5436b582,ΑΓΡΟΝ,7,ἀγρός,False,"[{""token_id"": ""275619"", ""citation"": ""MATT 13.44"", ""raw_form"": ""ἀγρὸν""}]"
syntacticus:Nb:1522c658f1fa2197fb536c1bdd20e23352756e2cd5809f4fb79fde733124964e,ΑΓΡΟΣ,3,ἀγρός,False,"[{""token_id"": ""275460"", ""citation"": ""MATT 13.38"", ""raw_form"": ""ἀγρός""}]"
syntacticus:Nb:8735bf08dae685366f420d83665f845d855185b8ce9f958ee0e780e108d4d209,ΑΓΡΟΥ,7,ἀγρός,False,"[{""token_id"": ""270116"", ""citation"": ""MATT 6.28"", ""raw_form"": ""ἀγροῦ""}]"
syntacticus:Nb:709ee36bd31c69e523e1ba8fec9cb3ff1917f5b8a2abe8ef3d55c2c14c2b9b61,ΑΓΡΟΥΣ,9,ἀγρός,False,"[{""token_id"": ""279746"", ""citation"": ""MATT 19.29"", ""raw_form"": ""ἀγροὺς""}]"
syntacticus:Nb:490d5005dc03ebb43b1bc6484e3d4510b5c43e4f92eb0c5fe26c138027e65da9,ΑΓΡΥΠΝΙΑΙΣ,2,ἀγρυπνία,False,"[{""token_id"": ""430128"", ""citation"": ""2COR 6.5"", ""raw_form"": ""ἀγρυπνίαις""}]"
syntacticus:Nb:3a6311a8a798118165a73627d9719a0907badf7ef74f3cc91a4dddb222d88b7a,ΑΓΡΩΝ,1,ἀγρός,False,"[{""token_id"": ""110110"", ""citation"": ""MARK 11.8"", ""raw_form"": ""ἀγρῶν""}]"
syntacticus:Nb:a893bf538b8486ff8d68d8df615f9844ed00f195911da77b69e16aa8185051c3,ΑΓΩΝΑ,5,ἀγών,False,"[{""token_id"": ""447645"", ""citation"": ""PHIL 1.30"", ""raw_form"": ""ἀγῶνα""}]"
syntacticus:Nb:6c301c6f313a1cdac6d33de4934d1c8a646f1cee1e2fbc596b93c7a5f2631185,ΑΓΩΝΙ,1,ἀγών,False,"[{""token_id"": ""454054"", ""citation"": ""1THESS 2.2"", ""raw_form"": ""ἀγῶνι""}]"
syntacticus:Nb:18b797bd3894c06a09246ff57f70ad8bbbe9f0c2df80afc6dc54b63022eb1536,ΑΔΕΛΦΑΙ,4,ἀδελφή,False,"[{""token_id"": ""275834"", ""citation"": ""MATT 13.56"", ""raw_form"": ""ἀδελφαὶ""}]"
syntacticus:Nb:c5bd9c01f95045f9c3d69583c20b8f20c090f1aa3b2179c846e03937b711a772,ΑΔΕΛΦΑΣ,5,ἀδελφή,False,"[{""token_id"": ""279738"", ""citation"": ""MATT 19.29"", ""raw_form"": ""ἀδελφὰς""}]"
syntacticus:Nb:62ce5a507023549bb2b9c27e9ab36f108d7f417f8375669e96a72e7d1c08c8c4,ΑΔΕΛΦΕ,6,ἀδελφός,False,"[{""token_id"": ""787417"", ""citation"": ""LUKE 6.42"", ""raw_form"": ""ἀδελφέ""}]"
syntacticus:Nb:cc73aaaf041c9135217ba01ba1f7e8664844eefde8ae3b0d1d66216c6f1f40bb,ΑΔΕΛΦΗ,8,ἀδελφή,False,"[{""token_id"": ""274662"", ""citation"": ""MATT 12.50"", ""raw_form"": ""ἀδελφὴ""}]"
syntacticus:Nb:3bfac79613cbfdc583803fcf5a44218eb73228c88e5ddd55f405167dfc4ade41,ΑΔΕΛΦΗΝ,5,ἀδελφή,False,"[{""token_id"": ""352213"", ""citation"": ""JOHN 11.5"", ""raw_form"": ""ἀδελφὴν""}]"
syntacticus:Nb:91db89921595ada4197b4afa1a646fe41559d4ee584d13b43f6da4228338e8a8,ΑΔΕΛΦΗΣ,2,ἀδελφή,False,"[{""token_id"": ""352135"", ""citation"": ""JOHN 11.1"", ""raw_form"": ""ἀδελφῆς""}]"
syntacticus:Nb:22faef71b762c8dabfbdee632a2cee9233f0d5cfe555af5bccef730d1fbd427a,ΑΔΕΛΦΟΙ,142,ἀδελφός,False,"[{""token_id"": ""274579"", ""citation"": ""MATT 12.46"", ""raw_form"": ""ἀδελφοὶ""}]"
syntacticus:Nb:d982fe50f994ec93686f917ea8d22e3b8d2db3b7c9e37add6f301f167ecd7e85,ΑΔΕΛΦΟΙΣ,17,ἀδελφός,False,"[{""token_id"": ""287463"", ""citation"": ""MATT 28.10"", ""raw_form"": ""ἀδελφοῖς""}]"
syntacticus:Nb:341c4eb562677033de1ced2f4f60b5a658185fd256bb04e05db2c0a3f7550307,ΑΔΕΛΦΟΝ,29,ἀδελφός,False,"[{""token_id"": ""268396"", ""citation"": ""MATT 4.18"", ""raw_form"": ""ἀδελφὸν""}]"
syntacticus:Nb:71ba111cdafe790d811cea58a7ed0e45e4e5a60a22f9aca6eba8548bfa8164b5,ΑΔΕΛΦΟΣ,41,ἀδελφός,False,"[{""token_id"": ""765695"", ""citation"": ""MATT 5.23"", ""raw_form"": ""ἀδελφός""}]"
syntacticus:Nb:f6dc6bf651d01ea9e3b677e39bc424bd90433b8eb19259b9d10fad7c0261059d,ΑΔΕΛΦΟΤΗΤΑ,1,ἀδελφότης,False,"[{""token_id"": ""481281"", ""citation"": ""1PET 2.17"", ""raw_form"": ""ἀδελφότητα""}]"
syntacticus:Nb:8bd5b68d2398a9ffbfc9b2f4fef217ecd16d627dfb810f61e85ed03897489de4,ΑΔΕΛΦΟΥ,15,ἀδελφός,False,"[{""token_id"": ""270271"", ""citation"": ""MATT 7.3"", ""raw_form"": ""ἀδελφοῦ""}]"
syntacticus:Nb:aedcc17509dca6a3387bb0cede25d28869bd40a11f286e4a9c22f178443d597b,ΑΔΕΛΦΟΥΣ,36,ἀδελφός,False,"[{""token_id"": ""266717"", ""citation"": ""MATT 1.2"", ""raw_form"": ""ἀδελφοὺς""}]"
syntacticus:Nb:3bb38cf6d503110f34d5e1544241b0b2300d17da2dc6bd2a8b066b25eba93449,ΑΔΕΛΦΩΝ,19,ἀδελφός,False,"[{""token_id"": ""280221"", ""citation"": ""MATT 20.24"", ""raw_form"": ""ἀδελφῶν""}]"
syntacticus:Nb:1be0105cdb9234bc4b440a3c9d6b65195f2e220c76c2cbf2a9f80e9dec360f1a,ΑΔΗΛΟΤΗΤΙ,1,ἀδηλότης,False,"[{""token_id"": ""460343"", ""citation"": ""1TIM 6.17"", ""raw_form"": ""ἀδηλότητι""}]"
syntacticus:Nb:46808d16af2fd1f4c654704416d1c7615a3f25418501415b3eafb3fc0a22d944,ΑΔΙΚΗΜΑ,2,ἀδίκημα,False,"[{""token_id"": ""391083"", ""citation"": ""ACTS 18.14"", ""raw_form"": ""ἀδίκημά""}]"
syntacticus:Nb:c138edd1262799c5e8797e838f32ab4c735a8aaba52ce8bc56ffaa970c4a565b,ΑΔΙΚΗΜΑΤΑ,1,ἀδίκημα,False,"[{""token_id"": ""500847"", ""citation"": ""REV 18.5"", ""raw_form"": ""ἀδικήματα""}]"
syntacticus:Nb:d74ec5c91fe41c84c39bf4e0f5615ad49c48fdbb53d424b09de5941b98685239,ΑΔΙΚΙΑ,3,ἀδικία,False,"[{""token_id"": ""348369"", ""citation"": ""JOHN 7.18"", ""raw_form"": ""ἀδικία""}]"
syntacticus:Nb:7673b9f45790522f17e8501e307a2f17fac4270c6b04268b52e057976f631324,ΑΔΙΚΙΑΝ,3,ἀδικία,False,"[{""token_id"": ""399219"", ""citation"": ""ROM 1.18"", ""raw_form"": ""ἀδικίαν""}]"
syntacticus:Nb:f6efdf8ec0c230102ac055e65dfafd389ecd59f2488cc92541a51ec343a5a1c6,ΑΔΙΚΙΑΣ,10,ἀδικία,False,"[{""token_id"": ""333276"", ""citation"": ""LUKE 13.27"", ""raw_form"": ""ἀδικίας""}]"
syntacticus:Nb:821c67d176d740975af299f4312058cf948593bc332f96390812f2d12ab1cebd,ΑΔΡΟΤΗΤΙ,1,ἁδρότης,False,"[{""token_id"": ""431128"", ""citation"": ""2COR 8.20"", ""raw_form"": ""ἁδρότητι""}]"
syntacticus:Nb:10bf7827f10e98e771d7d52c402d8aa72714aef9c9ba77fb77f8ecd577cd79ec,ΑΕΡΑ,5,ἀήρ,False,"[{""token_id"": ""394351"", ""citation"": ""ACTS 22.23"", ""raw_form"": ""ἀέρα""}]"
syntacticus:Nb:38c92a571d4690ec7b10d8f60e07816d88be7b015fed474b27a6c5550e76415f,ΑΕΡΟΣ,1,ἀήρ,False,"[{""token_id"": ""442724"", ""citation"": ""EPH 2.2"", ""raw_form"": ""ἀέρος""}]"
syntacticus:Nb:4a141e5c31b3815b3007ed8d8d3412cefbff2d300fcfae46228c185e50b1ab78,ΑΕΤΟΙ,2,ἀετός,False,"[{""token_id"": ""283363"", ""citation"": ""MATT 24.28"", ""raw_form"": ""ἀετοί""}]"
syntacticus:Nb:6101879da85701f1b035e40469203c4cb68be70242b3086ac1b9a32006f0f25b,ΑΕΤΟΥ,2,ἀετός,False,"[{""token_id"": ""496377"", ""citation"": ""REV 8.13"", ""raw_form"": ""ἀετοῦ""}]"
syntacticus:Nb:5c84349323be6fdb31d1fad15bc98fc72baf8980f653ace9540b326f2e138db1,ΑΗΡ,1,ἀήρ,False,"[{""token_id"": ""496457"", ""citation"": ""REV 9.2"", ""raw_form"": ""ἀὴρ""}]"
syntacticus:Nb:c59895c8a14cc1650a5187ac37449fae1606570894fb936ad609af9c1b69f9f5,ΑΘΑΝΑΣΙΑΝ,3,ἀθανασία,False,"[{""token_id"": ""421147"", ""citation"": ""1COR 15.53"", ""raw_form"": ""ἀθανασίαν""}]"
syntacticus:Nb:7ff85c5929c4af99b24530e0abd261939d980bd2e46858847eee29bc47e50749,ΑΘΕΤΗΣΙΝ,1,ἀθέτησις,False,"[{""token_id"": ""469850"", ""citation"": ""HEB 9.26"", ""raw_form"": ""ἀθέτησιν""}]"
syntacticus:Nb:3fd59fde2d7289ada79a175d4cf832cc553434852209898609257e0aee5830d5,ΑΘΕΤΗΣΙΣ,1,ἀθέτησις,False,"[{""token_id"": ""468809"", ""citation"": ""HEB 7.18"", ""raw_form"": ""Ἀθέτησις""}]"
syntacticus:Nb:c96cd6efd6105183ae7cef3f627cc01441058a48493bb2031c21989a43be1d52,ΑΘΛΗΣΙΝ,1,ἄθλησις,False,"[{""token_id"": ""470411"", ""citation"": ""HEB 10.32"", ""raw_form"": ""ἄθλησιν""}]"
syntacticus:Nb:f90061f38990daea46ec8392b05bbb96100499a2a22d10a07710cd177aa24754,ΑΙΓΙΑΛΟΝ,6,αἰγιαλός,False,"[{""token_id"": ""274702"", ""citation"": ""MATT 13.2"", ""raw_form"": ""αἰγιαλὸν""}]"
syntacticus:Nb:a2a51f79d187794845f9d23eb46dc3fa4b0d8e9adb85fc55a986cf9d8592afc3,ΑΙΔΟΥΣ,1,αἰδώς,False,"[{""token_id"": ""459011"", ""citation"": ""1TIM 2.9"", ""raw_form"": ""αἰδοῦς""}]"
syntacticus:Nb:5cf037e39c4324e76c72a2cd4667d04b9765ddeb2dfd3d5b890078311b63932b,ΑΙΜΑ,39,αἷμα,False,"[{""token_id"": ""277534"", ""citation"": ""MATT 16.17"", ""raw_form"": ""αἷμα""}]"
syntacticus:Nb:a585b3f9031c674b31decd21f273b765e71df1d711c64b6ed3935b8039d80e63,ΑΙΜΑΤΑ,1,αἷμα,False,"[{""token_id"": ""499813"", ""citation"": ""REV 16.6"", ""raw_form"": ""αἵματα""}]"
syntacticus:Nb:bbec100cd401d6cae48b23bfe9e2a306b8821bed519f834986574daa68ff3938,ΑΙΜΑΤΕΚΧΥΣΙΑΣ,1,αἱματεκχυσία,False,"[{""token_id"": ""469761"", ""citation"": ""HEB 9.22"", ""raw_form"": ""αἱματεκχυσίας""}]"
syntacticus:Nb:d1c47cbff25be3d506fbdd3864d4a897d5147ef0a99a57296eb307b56d0d82f6,ΑΙΜΑΤΙ,18,αἷμα,False,"[{""token_id"": ""282716"", ""citation"": ""MATT 23.30"", ""raw_form"": ""αἵματι""}]"
syntacticus:Nb:1b8e2756ab635173e8b4fcefd58c79caeb30a72ccb8542eb5fcc4496ef857001,ΑΙΜΑΤΟΣ,31,αἷμα,False,"[{""token_id"": ""282800"", ""citation"": ""MATT 23.35"", ""raw_form"": ""αἵματος""}]"
syntacticus:Nb:af4dc9294c901c6f50821d972e9847edfa41d55536178f62b05cb8b19c1bc86e,ΑΙΜΑΤΩΝ,1,αἷμα,False,"[{""token_id"": ""342607"", ""citation"": ""JOHN 1.13"", ""raw_form"": ""αἱμάτων""}]"
syntacticus:Nb:f03fd46a2256c5398aa8e3edcc55990dedccf211d5afd0f18f62f5b012498072,ΑΙΝΙΓΜΑΤΙ,1,αἴνιγμα,False,"[{""token_id"": ""419484"", ""citation"": ""1COR 13.12"", ""raw_form"": ""αἰνίγματι""}]"
syntacticus:Nb:0512f97265c6022f266b0053118b563648d95e6abac69327a6a7a33045f37543,ΑΙΝΟΝ,2,αἶνος,False,"[{""token_id"": ""280729"", ""citation"": ""MATT 21.16"", ""raw_form"": ""αἶνον""}]"
syntacticus:Nb:dc4ff599806fb265a59ffea66cd73dd409db9b87ea3b819164ea9db314ca0046,ΑΙΡΕΣΕΙΣ,2,αἵρεσις,False,"[{""token_id"": ""418409"", ""citation"": ""1COR 11.19"", ""raw_form"": ""αἱρέσεις""}]"
syntacticus:Nb:5de984b1d8e0dab18e613e0c9ea781f85110556a1271c6995bcd17b89502589a,ΑΙΡΕΣΕΩΣ,3,αἵρεσις,False,"[{""token_id"": ""388590"", ""citation"": ""ACTS 15.5"", ""raw_form"": ""αἱρέσεως""}]"
syntacticus:Nb:eb5836c44972dd73eeb5b969c55200bf593aacc412b53447ed943043fa4ec444,ΑΙΡΕΣΙΝ,2,αἵρεσις,False,"[{""token_id"": ""395485"", ""citation"": ""ACTS 24.14"", ""raw_form"": ""αἵρεσιν""}]"
syntacticus:Nb:f3f31e552f5fcec0fcc62929dcd5b48cf973812a1ee414fb5974a05c82549df7,ΑΙΡΕΣΙΣ,1,αἵρεσις,False,"[{""token_id"": ""381067"", ""citation"": ""ACTS 5.17"", ""raw_form"": ""αἵρεσις""}]"
syntacticus:Nb:f943427beaef9075c4291a002f6e136392b9f0db5fa3f45200c8c071f1dc94ec,ΑΙΣΘΗΣΕΙ,1,αἴσθησις,False,"[{""token_id"": ""447257"", ""citation"": ""PHIL 1.9"", ""raw_form"": ""αἰσθήσει""}]"
syntacticus:Nb:7bde33a5ea752f4d4091abe857b607e5cd186bced4c41ada94cad32d64e04e5b,ΑΙΣΘΗΤΗΡΙΑ,1,αἰσθητήριον,False,"[{""token_id"": ""468139"", ""citation"": ""HEB 5.14"", ""raw_form"": ""αἰσθητήρια""}]"
syntacticus:Nb:6276c637df1fe5958fc95a08f5f109435bbfb225edefa094c8ae318c3b9f1ddb,ΑΙΣΧΡΟΛΟΓΙΑΝ,1,αἰσχρολογία,False,"[{""token_id"": ""451677"", ""citation"": ""COL 3.8"", ""raw_form"": ""αἰσχρολογίαν""}]"
syntacticus:Nb:f8dfed14cfbcc2040e18dcf0139253ed1f136130a82bc74b6e32ea0d42155605,ΑΙΣΧΡΟΤΗΣ,1,αἰσχρότης,False,"[{""token_id"": ""444042"", ""citation"": ""EPH 5.4"", ""raw_form"": ""αἰσχρότης""}]"
syntacticus:Nb:ae008ac5073fd2676437a40a7a34fb2f9b34a1008ec25531763e6953ecf45681,ΑΙΣΧΥΝΗ,1,αἰσχύνη,False,"[{""token_id"": ""494325"", ""citation"": ""REV 3.18"", ""raw_form"": ""αἰσχύνη""}]"
syntacticus:Nb:e9ef4c170d62c37508c263a87c23de3ad0c2f3a80864d894b062f3c9f6ba445a,ΑΙΣΧΥΝΗΣ,3,αἰσχύνη,False,"[{""token_id"": ""333618"", ""citation"": ""LUKE 14.9"", ""raw_form"": ""αἰσχύνης""}]"
syntacticus:Nb:87adadf66aff97d29d061bcf23d8f33bf8f9ee7f5baa2cfe9eeb884703946592,ΑΙΤΗΜΑ,1,αἴτημα,False,"[{""token_id"": ""340981"", ""citation"": ""LUKE 23.24"", ""raw_form"": ""αἴτημα""}]"
syntacticus:Nb:8b447794f7e6bd2675136ffda52d69ba58e9167ad980e702917abc040ca63805,ΑΙΤΗΜΑΤΑ,1,αἴτημα,False,"[{""token_id"": ""448640"", ""citation"": ""PHIL 4.6"", ""raw_form"": ""αἰτήματα""}]"
syntacticus:Nb:0ab228349afb28d9b46fd6527150676ed9de3086df73acd879ad3a5d59f4febf,ΑΙΤΙΑ,2,αἰτία,False,"[{""token_id"": ""279341"", ""citation"": ""MATT 19.10"", ""raw_form"": ""αἰτία""}]"
syntacticus:Nb:07886545298b015bba66f81e154a0e05e8d471b7a13e56fb9cce57c74db43adf,ΑΙΤΙΑΝ,16,αἰτία,False,"[{""token_id"": ""279214"", ""citation"": ""MATT 19.3"", ""raw_form"": ""αἰτίαν""}]"
syntacticus:Nb:1b0508884e098753414935e8d8d20771c2aa61ecb7c2f2952055cc4f99a518af,ΑΙΤΙΑΣ,2,αἰτία,False,"[{""token_id"": ""113978"", ""citation"": ""MARK 15.26"", ""raw_form"": ""αἰτίας""}]"
syntacticus:Nb:4afacfc7cf13404ca4a4a27d4eeda55daeebf4cf4b29f337f954fcb8e11f1b87,ΑΙΤΙΩΜΑΤΑ,1,αἰτίωμα,False,"[{""token_id"": ""395888"", ""citation"": ""ACTS 25.7"", ""raw_form"": ""αἰτιώματα""}]"
syntacticus:Nb:04dd5216a45403127d380cb562af0e00e045aac8ac198891603ef3eb2a1fa33f,ΑΙΧΜΑΛΩΣΙΑΝ,3,αἰχμαλωσία,False,"[{""token_id"": ""443548"", ""citation"": ""EPH 4.8"", ""raw_form"": ""αἰχμαλωσίαν""}]"
syntacticus:Nb:91b6dab3236924188a51905e6edea66296d018d6f6df1df33414a957931ea986,ΑΙΩΝΑ,28,αἰών|αἰώνιος,False,"[{""token_id"": ""280786"", ""citation"": ""MATT 21.19"", ""raw_form"": ""αἰῶνα""}]"
syntacticus:Nb:4edc6c6ceb455b7db85ea338950a4a6c52edf4af6f2f2699c827b312cb8cd523,ΑΙΩΝΑΣ,25,αἰών,False,"[{""token_id"": ""320663"", ""citation"": ""LUKE 1.33"", ""raw_form"": ""αἰῶνας""}]"
syntacticus:Nb:f7b581a2e57b15c04b7459c6c7e8b630adfa32d92f364374120984c872518776,ΑΙΩΝΙ,8,αἰών,False,"[{""token_id"": ""274245"", ""citation"": ""MATT 12.32"", ""raw_form"": ""αἰῶνι""}]"
syntacticus:Nb:b7d1aa113983d0e73d84952348b2d1cbe45bef234a24c21b15263d75b58dc5c2,ΑΙΩΝΟΣ,23,αἰών,False,"[{""token_id"": ""275090"", ""citation"": ""MATT 13.22"", ""raw_form"": ""αἰῶνος""}]"
syntacticus:Nb:1d77b6d1ceadd78f1f6d00c6c8c04c3fbbfb140b9442158d6bde0b3955df7906,ΑΙΩΝΩΝ,26,αἰών,False,"[{""token_id"": ""407065"", ""citation"": ""ROM 16.27"", ""raw_form"": ""αἰώνων""}]"
syntacticus:Nb:2b0a5a22003da55cbc7119d0fed4cc9285e93bdc9fa1a7e4faf26c6830e5fc97,ΑΙΩΣΙΝ,1,αἰών,False,"[{""token_id"": ""442814"", ""citation"": ""EPH 2.7"", ""raw_form"": ""αἰῶσιν""}]"
syntacticus:Nb:cd47056a4ac09a896b93c831143902db28c61e93ab58a95ac625f37ab75a355e,ΑΚΑΘΑΡΣΙΑ,2,ἀκαθαρσία,False,"[{""token_id"": ""439702"", ""citation"": ""GAL 5.19"", ""raw_form"": ""ἀκαθαρσία""}]"
syntacticus:Nb:ad6ef3689d223360e825e6fb647babed7c017bd3a0b2b633ada6cc2a2bd818c9,ΑΚΑΘΑΡΣΙΑΝ,2,ἀκαθαρσία,False,"[{""token_id"": ""399330"", ""citation"": ""ROM 1.24"", ""raw_form"": ""ἀκαθαρσίαν""}]"
syntacticus:Nb:9b08a1a6d7a78fd1ce4efca749089def8d898fd4720736a6cac371c7fe3cc9ed,ΑΚΑΘΑΡΣΙΑΣ,3,ἀκαθαρσία,False,"[{""token_id"": ""282656"", ""citation"": ""MATT 23.27"", ""raw_form"": ""ἀκαθαρσίας""}]"
syntacticus:Nb:db2063e12ef1394b28bc2be5887e6ab31558b2b55e03d26ffa9641af508d57e3,ΑΚΑΝΘΑΙ,3,ἄκανθα,False,"[{""token_id"": ""274784"", ""citation"": ""MATT 13.7"", ""raw_form"": ""ἄκανθαι""}]"
syntacticus:Nb:3370c12b8c9d5621835faf6811cebbcaa699f845b286f131ed0d7d5a85fa320f,ΑΚΑΝΘΑΣ,6,ἄκανθα,False,"[{""token_id"": ""274779"", ""citation"": ""MATT 13.7"", ""raw_form"": ""ἀκάνθας""}]"
syntacticus:Nb:d2e1f083d3b9225ef17cdb9a1a8bf09ebed681822c981724157326b03a6dd801,ΑΚΑΝΘΩΝ,5,ἄκανθα,False,"[{""token_id"": ""270553"", ""citation"": ""MATT 7.16"", ""raw_form"": ""ἀκανθῶν""}]"
syntacticus:Nb:f29734a4a0249308e41c9d3078fb280e9619c4f51da1ff65216a2880cd9ca5ac,ΑΚΑΤΑΣΤΑΣΙΑ,1,ἀκαταστασία,False,"[{""token_id"": ""478104"", ""citation"": ""JAS 3.16"", ""raw_form"": ""ἀκαταστασία""}]"
syntacticus:Nb:a21098e06bd6e57e9415cae5704d08bc88fae8da6958e0af1c90d0bf5cea27cc,ΑΚΑΤΑΣΤΑΣΙΑΙ,1,ἀκαταστασία,False,"[{""token_id"": ""432928"", ""citation"": ""2COR 12.20"", ""raw_form"": ""ἀκαταστασίαι""}]"
syntacticus:Nb:c8102b2e371fbeaa6479182f9638a67771571548b6eff819958c881008bc51d5,ΑΚΑΤΑΣΤΑΣΙΑΙΣ,1,ἀκαταστασία,False,"[{""token_id"": ""430122"", ""citation"": ""2COR 6.5"", ""raw_form"": ""ἀκαταστασίαις""}]"
syntacticus:Nb:26a2fd0ab256777f7140764a0bfca6d2c5b98b2817c1a87d54d9b9e7a9a40364,ΑΚΑΤΑΣΤΑΣΙΑΣ,2,ἀκαταστασία,False,"[{""token_id"": ""338810"", ""citation"": ""LUKE 21.9"", ""raw_form"": ""ἀκαταστασίας""}]"
syntacticus:Nb:1521337a94ca0975a1ad0e6067c8dfb9674b817cad760dc67a9875d2d6f1443b,ΑΚΟΑΙ,1,ἀκοή,False,"[{""token_id"": ""107141"", ""citation"": ""MARK 7.35"", ""raw_form"": ""ἀκοαί""}]"
syntacticus:Nb:d6ac6753bc546a4563c03d4f73111700bd58998f0ca7e748651979a356e67aff,ΑΚΟΑΙΣ,1,ἀκοή,False,"[{""token_id"": ""468077"", ""citation"": ""HEB 5.11"", ""raw_form"": ""ἀκοαῖς""}]"
syntacticus:Nb:9e4629f11714bab9dc60524724936a9d364889e18280fbe2564bfe44bc943023,ΑΚΟΑΣ,4,ἀκοή,False,"[{""token_id"": ""283016"", ""citation"": ""MATT 24.6"", ""raw_form"": ""ἀκοὰς""}]"
syntacticus:Nb:cbc93bd80efa818cb4d9075f2a7672473457e75ad8954962820f7f3b8a1a1daf,ΑΚΟΗ,5,ἀκοή,False,"[{""token_id"": ""268512"", ""citation"": ""MATT 4.24"", ""raw_form"": ""ἀκοὴ""}]"
syntacticus:Nb:4a596c5947208dbffbff4bceb46556f1348951a4adb64914e3eae98896cd8d2e,ΑΚΟΗΝ,3,ἀκοή,False,"[{""token_id"": ""275895"", ""citation"": ""MATT 14.1"", ""raw_form"": ""ἀκοὴν""}]"
syntacticus:Nb:1e0b90dd9d70f7569617efa54be1bc7fbc20ce25682dbd2a8718fc09424a4743,ΑΚΟΗΣ,5,ἀκοή,False,"[{""token_id"": ""404049"", ""citation"": ""ROM 10.17"", ""raw_form"": ""ἀκοῆς""}]"
syntacticus:Nb:bebd219c7120c6d18ead81fbc67570da53576e08835ad949f9cfae831962ec92,ΑΚΡΑΣΙΑΝ,1,ἀκρασία,False,"[{""token_id"": ""416067"", ""citation"": ""1COR 7.5"", ""raw_form"": ""ἀκρασίαν""}]"
syntacticus:Nb:90460ef5cc1b15ef2970a9bb6f2eb1afe966520ba88a43eb0d6db17b0d5fed9a,ΑΚΡΑΣΙΑΣ,1,ἀκρασία,False,"[{""token_id"": ""282611"", ""citation"": ""MATT 23.25"", ""raw_form"": ""ἀκρασίας""}]"
syntacticus:Nb:c85f351870e113a0fb9a1ff2048b8577cdc65e4801c3313a1fb69fb25c289e40,ΑΚΡΙΒΕΙΑΝ,1,ἀκρίβεια,False,"[{""token_id"": ""393922"", ""citation"": ""ACTS 22.3"", ""raw_form"": ""ἀκρίβειαν""}]"
syntacticus:Nb:f30a1ce9aaf27b2c335faec9b7bddd1d62cabb43a8bdf47a352e25284e03c751,ΑΚΡΙΔΑΣ,1,ἀκρίς,False,"[{""token_id"": ""101850"", ""citation"": ""MARK 1.6"", ""raw_form"": ""ἀκρίδας""}]"
syntacticus:Nb:177b50f90299ad269b54d939287c5d3b2547fd557b1c58ac4cf3a808e01c9dd6,ΑΚΡΙΔΕΣ,2,ἀκρίς,False,"[{""token_id"": ""267777"", ""citation"": ""MATT 3.4"", ""raw_form"": ""ἀκρίδες""}]"
syntacticus:Nb:0b23d5bc47492d1ef1f425d3047db9f051309762f5e169b67a2ef84673fe42cf,ΑΚΡΙΔΩΝ,1,ἀκρίς,False,"[{""token_id"": ""496574"", ""citation"": ""REV 9.7"", ""raw_form"": ""ἀκρίδων""}]"
syntacticus:Nb:703fabdb7b521d007156adfedac907bf4a2c8b9a76394f354746cc76af4ddb8f,ΑΚΡΟΑΤΑΙ,2,ἀκροατής,False,"[{""token_id"": ""399737"", ""citation"": ""ROM 2.13"", ""raw_form"": ""ἀκροαταὶ""}]"
syntacticus:Nb:7bc5f3c58d5803da126ef1953eb981ad260abb6c281b20ad770c9aa297c6da4a,ΑΚΡΟΑΤΗΡΙΟΝ,1,ἀκροατήριον,False,"[{""token_id"": ""396237"", ""citation"": ""ACTS 25.23"", ""raw_form"": ""ἀκροατήριον""}]"
syntacticus:Nb:4f2f8aab71adb2b12de4260ef48ecb3480772cc7b9a565c20372971ab4539429,ΑΚΡΟΑΤΗΣ,2,ἀκροατής,False,"[{""token_id"": ""477208"", ""citation"": ""JAS 1.23"", ""raw_form"": ""ἀκροατὴς""}]"
syntacticus:Nb:0205adbafa0564a80aacc066574add28a444cd129a46d0999b54c9ce04841c41,ΑΚΡΟΒΥΣΤΙΑ,9,ἀκροβυστία,False,"[{""token_id"": ""399942"", ""citation"": ""ROM 2.25"", ""raw_form"": ""ἀκροβυστία""}]"
syntacticus:Nb:b083cfe9a0631329fa54f3fa6b05c412f57847cf541652883b138e1036369f52,ΑΚΡΟΒΥΣΤΙΑΝ,3,ἀκροβυστία,False,"[{""token_id"": ""385806"", ""citation"": ""ACTS 11.3"", ""raw_form"": ""ἀκροβυστίαν""}]"
syntacticus:Nb:3e3d3a0ad415d35a5659dfc1c6ff46eebcf013466a2c2af9407455c3f469e964,ΑΚΡΟΒΥΣΤΙΑΣ,2,ἀκροβυστία,False,"[{""token_id"": ""400703"", ""citation"": ""ROM 4.11"", ""raw_form"": ""ἀκροβυστίας""}]"
syntacticus:Nb:345e6f514e0c3d26ef1f2a418d132f02564b2e525aef984c517da570e4897f89,ΑΚΡΟΘΙΝΙΩΝ,1,ἀκροθίνιον,False,"[{""token_id"": ""468582"", ""citation"": ""HEB 7.4"", ""raw_form"": ""ἀκροθινίων""}]"
syntacticus:Nb:2b077253cb8ca2c7adb99a3fc7fd13affd708256b1314691bb41828552c639e1,ΑΚΡΟΝ,2,ἄκρον,False,"[{""token_id"": ""335320"", ""citation"": ""LUKE 16.24"", ""raw_form"": ""ἄκρον""}]"
syntacticus:Nb:4c4931c68e475a989b29e213b29ccd9edd9d6118d3ba1c3e3975f22ca5ca2084,ΑΚΡΟΥ,2,ἄκρον,False,"[{""token_id"": ""112040"", ""citation"": ""MARK 13.27"", ""raw_form"": ""ἄκρου""}]"
syntacticus:Nb:8ea8f6a94d5cb5b38b286ddfe3f836b4b7bcc6c41baef35400def300c0e3cd93,ΑΚΡΩΝ,2,ἄκρον,False,"[{""token_id"": ""283456"", ""citation"": ""MATT 24.31"", ""raw_form"": ""ἄκρων""}]"
syntacticus:Nb:4d4ece9ebc6ef4e50908cb6726ff0ad2511eefdf4e2f8504e3a1ab02f52e6fed,ΑΛΑ,5,ἅλας,False,"[{""token_id"": ""108902"", ""citation"": ""MARK 9.50"", ""raw_form"": ""ἅλα""}]"
syntacticus:Nb:e73d49e4caa60b10df4bad04707a25b0b97e149f544194ac22a4e66b4b037782,ΑΛΑΒΑΣΤΡΟΝ,4,ἀλάβαστρος,False,"[{""token_id"": ""284791"", ""citation"": ""MATT 26.7"", ""raw_form"": ""ἀλάβαστρον""}]"
syntacticus:Nb:034f8a23435db8af433d4d176caaa553b29cb2e7b0ca0c31e2f0369d202534f7,ΑΛΑΖΟΝΑΣ,1,ἀλαζών,False,"[{""token_id"": ""399476"", ""citation"": ""ROM 1.30"", ""raw_form"": ""ἀλαζόνας""}]"
syntacticus:Nb:0f5e410774a59f0248bcaed72f84b113a14621332921d165735db13f727d4d28,ΑΛΑΖΟΝΕΣ,1,ἀλαζών,False,"[{""token_id"": ""462803"", ""citation"": ""2TIM 3.2"", ""raw_form"": ""ἀλαζόνες""}]"
syntacticus:Nb:3ef415b1d5e2fabf2661adbaf2567f2940fbcfbd280ce532c52adce605799a36,ΑΛΑΖΟΝΙΑΙΣ,1,ἀλαζονεία,False,"[{""token_id"": ""478460"", ""citation"": ""JAS 4.16"", ""raw_form"": ""ἀλαζονίαις""}]"
syntacticus:Nb:effa0520340a11772dc57ad4a7151b985d6612135e6fddb60d0f9daa242ee868,ΑΛΑΣ,2,ἅλας,False,"[{""token_id"": ""268717"", ""citation"": ""MATT 5.13"", ""raw_form"": ""ἅλας""}]"
syntacticus:Nb:bcb7621ebd30161a95cae11aac190ac4f231be93d7356c29cdac07dcfa474508,ΑΛΑΤΙ,1,ἅλας,False,"[{""token_id"": ""452081"", ""citation"": ""COL 4.6"", ""raw_form"": ""ἅλατι""}]"
syntacticus:Nb:2573fd0bb6b04eefbc5cf2c15c29b6174a51d97bbac92ce6cf92e70797a13b53,ΑΛΕΕΙΣ,5,ἁλιεύς,False,"[{""token_id"": ""268407"", ""citation"": ""MATT 4.18"", ""raw_form"": ""ἁλεεῖς""}]"
syntacticus:Nb:8f1e2e84809e3ebe1cfabbad2adf1c822cddf2ba11823d855d7fed349301f7e3,ΑΛΕΚΤΟΡΑ,5,ἀλέκτωρ,False,"[{""token_id"": ""285291"", ""citation"": ""MATT 26.34"", ""raw_form"": ""ἀλέκτορα""}]"
syntacticus:Nb:37accb9e9cee1deac87147c0e047ca78b3dbd421e9dcdf31ff974f9ecf5e0feb,ΑΛΕΚΤΟΡΟΦΩΝΙΑΣ,1,ἀλεκτοροφωνία,False,"[{""token_id"": ""112200"", ""citation"": ""MARK 13.35"", ""raw_form"": ""ἀλεκτοροφωνίας""}]"
syntacticus:Nb:a4774ea6b785e4b69c7e4065f81c318a9992c43f87be83729d702893380ebf9f,ΑΛΕΚΤΩΡ,7,ἀλέκτωρ,False,"[{""token_id"": ""286101"", ""citation"": ""MATT 26.74"", ""raw_form"": ""ἀλέκτωρ""}]"
syntacticus:Nb:1a962827b62933bfa2442024dda9fb3019db56cbd34b304768709af0e32da1a1,ΑΛΕΥΡΟΥ,2,ἄλευρον,False,"[{""token_id"": ""275369"", ""citation"": ""MATT 13.33"", ""raw_form"": ""ἀλεύρου""}]"
syntacticus:Nb:824f8e2736356aa46337dec309d6831b4b0f6000ae9fedfff94e5d897a8822e3,ΑΛΗΘΕΙΑ,11,ἀλήθεια,False,"[{""token_id"": ""763098"", ""citation"": ""JOHN 1.17"", ""raw_form"": ""ἀλήθεια""}]"
syntacticus:Nb:0b5e96d1dca7ffd65fdea9d6c46dedf32ad88107da1872eb11dce067be51cc61,ΑΛΗΘΕΙΑΝ,18,ἀλήθεια,False,"[{""token_id"": ""105170"", ""citation"": ""MARK 5.33"", ""raw_form"": ""ἀλήθειαν""}]"
syntacticus:Nb:5d638a5bce4d5f0e83a1d3f04d8f67a856f3f13699e1efb76196a83c19acb227,ΑΛΗΘΕΙΑΣ,38,ἀλήθεια,False,"[{""token_id"": ""110864"", ""citation"": ""MARK 12.14"", ""raw_form"": ""ἀληθείας""}]"
syntacticus:Nb:9a995c8a8b3ba3119491d5846055402809912e5d948a8561a7e9968ee1f7d700,ΑΛΙΣΓΗΜΑΤΩΝ,1,ἀλίσγημα,False,"[{""token_id"": ""388865"", ""citation"": ""ACTS 15.20"", ""raw_form"": ""ἀλισγημάτων""}]"
syntacticus:Nb:e93a41fd11a09b4234be07ba00f3f2e5125ae644920da54dc6fccba602510f29,ΑΛΟΗΣ,1,ἀλόη,False,"[{""token_id"": ""359320"", ""citation"": ""JOHN 19.39"", ""raw_form"": ""ἀλόης""}]"
syntacticus:Nb:565977eff2249f4d2c41e6bb3cfe1b0911c453f6fd1aca91443bcccc98310d90,ΑΛΥΣΕΙ,2,ἅλυσις,False,"[{""token_id"": ""104609"", ""citation"": ""MARK 5.3"", ""raw_form"": ""ἁλύσει""}]"
syntacticus:Nb:50b9b1cdae5708a116eb5099edc4fe733e8f187ad350f2b08dc83f86bdfae1e2,ΑΛΥΣΕΙΣ,2,ἅλυσις,False,"[{""token_id"": ""104629"", ""citation"": ""MARK 5.4"", ""raw_form"": ""ἁλύσεις""}]"
syntacticus:Nb:834273386ecbdffcc5027d84b0750a66c3ba29d9da84dda62a23a3330b6ec22e,ΑΛΥΣΕΣΙ,1,ἅλυσις,False,"[{""token_id"": ""393696"", ""citation"": ""ACTS 21.33"", ""raw_form"": ""ἁλύσεσι""}]"
syntacticus:Nb:ebed47cfc1cbfe13f5416f74d64fd92513ed42e0108e0564e594146707f34351,ΑΛΥΣΕΣΙΝ,3,ἅλυσις,False,"[{""token_id"": ""104622"", ""citation"": ""MARK 5.4"", ""raw_form"": ""ἁλύσεσιν""}]"
syntacticus:Nb:ee79dcbc8d1a6e49423081da25a18e591263374c8314442caf361ca96155ea22,ΑΛΥΣΙΝ,3,ἅλυσις,False,"[{""token_id"": ""398297"", ""citation"": ""ACTS 28.20"", ""raw_form"": ""ἅλυσιν""}]"
syntacticus:Nb:4f7e68e70b43c1280435aaa0831e241196ce4c03fb1e204448bd25fb7d9468aa,ΑΛΦΑ,3,ἄλφα,False,"[{""token_id"": ""492786"", ""citation"": ""REV 1.8"", ""raw_form"": ""ἄλφα""}]"
syntacticus:Nb:147a87e465ea454e09176a47f804dcc934a4cda6da92d55066b251f53934c7a6,ΑΛΩΝΑ,2,ἅλων,False,"[{""token_id"": ""267942"", ""citation"": ""MATT 3.12"", ""raw_form"": ""ἅλωνα""}]"
syntacticus:Nb:ef657d4cab6b74cf60cbb4cd4548315f7bb403192f4bd50f1462315f8287945f,ΑΛΩΠΕΚΕΣ,2,ἀλώπηξ,False,"[{""token_id"": ""271207"", ""citation"": ""MATT 8.20"", ""raw_form"": ""ἀλώπεκες""}]"
syntacticus:Nb:83d8119e2a72bd798ba03adeab6dd9858142286dad2d139bafb8b88b020dd393,ΑΛΩΠΕΚΙ,1,ἀλώπηξ,False,"[{""token_id"": ""333371"", ""citation"": ""LUKE 13.32"", ""raw_form"": ""ἀλώπεκι""}]"
syntacticus:Nb:9ee6e670cb9134f657ac269f069454e46c0c7a1145e5812e55e63b87fa2428a0,ΑΜΑΡΤΗΜΑ,1,ἁμάρτημα,False,"[{""token_id"": ""415911"", ""citation"": ""1COR 6.18"", ""raw_form"": ""ἁμάρτημα""}]"
syntacticus:Nb:17f77216207ca9a4d77f3e05182125a1e59b00343685f72209b3f1fad5fd453a,ΑΜΑΡΤΗΜΑΤΑ,1,ἁμάρτημα,False,"[{""token_id"": ""103637"", ""citation"": ""MARK 3.28"", ""raw_form"": ""ἁμαρτήματα""}]"
syntacticus:Nb:d3281cd9c0a550ac3345ab0da1d8d12dbf65a7b554dbf4f1aefd68f46e507daf,ΑΜΑΡΤΗΜΑΤΟΣ,1,ἁμάρτημα,False,"[{""token_id"": ""103667"", ""citation"": ""MARK 3.29"", ""raw_form"": ""ἁμαρτήματος""}]"
syntacticus:Nb:943b3c7f00e28e5ea6e6192965f86724193e970708728fda2fd953219d4b0864,ΑΜΑΡΤΗΜΑΤΩΝ,1,ἁμάρτημα,False,"[{""token_id"": ""400420"", ""citation"": ""ROM 3.25"", ""raw_form"": ""ἁμαρτημάτων""}]"
syntacticus:Nb:fd23263694bb1fe41cc99f686ec12a877c64d42332eb7e3d62195eac9edbe013,ΑΜΑΡΤΙΑ,23,ἁμαρτία,False,"[{""token_id"": ""274199"", ""citation"": ""MATT 12.31"", ""raw_form"": ""ἁμαρτία""}]"
syntacticus:Nb:eb67cbfbdbdf9b5be9ac89f5df93dd907115187e82c7f5a1e96bb73f13270815,ΑΜΑΡΤΙΑΙ,11,ἁμαρτία,False,"[{""token_id"": ""271548"", ""citation"": ""MATT 9.2"", ""raw_form"": ""ἁμαρτίαι""}]"
syntacticus:Nb:c6f3fa88a8f900f70e82258ce4241c37e76896150e8df943d5b5dbdeff8975e5,ΑΜΑΡΤΙΑΙΣ,9,ἁμαρτία,False,"[{""token_id"": ""349719"", ""citation"": ""JOHN 8.24"", ""raw_form"": ""ἁμαρτίαις""}]"
syntacticus:Nb:8f0d85d48bd5e1f3ff436a7c58eaec5753d1995d9a69c70d118f27d56bb6a005,ΑΜΑΡΤΙΑΝ,22,ἁμαρτία,False,"[{""token_id"": ""342930"", ""citation"": ""JOHN 1.29"", ""raw_form"": ""ἁμαρτίαν""}]"
syntacticus:Nb:ba46d57eb032d2bf09da94a4b3a2bf8ac319c694728f4578c7567e55fd853718,ΑΜΑΡΤΙΑΣ,51,ἁμαρτία,False,"[{""token_id"": ""267808"", ""citation"": ""MATT 3.6"", ""raw_form"": ""ἁμαρτίας""}]"
syntacticus:Nb:8615c8337280848fd3701a2a1d882192987cfe86caaaca3785b830da471011ce,ΑΜΑΡΤΙΩΝ,27,ἁμαρτία,False,"[{""token_id"": ""267110"", ""citation"": ""MATT 1.21"", ""raw_form"": ""ἁμαρτιῶν""}]"
syntacticus:Nb:891a57a8952c5b524a01744a098ac1b81721ebc729be4d17acd55b93fa31aedc,ΑΜΑΡΤΩΛΟΙ,1,ἁμαρτωλός,False,"[{""token_id"": ""102820"", ""citation"": ""MARK 2.15"", ""raw_form"": ""ἁμαρτωλοὶ""}]"
syntacticus:Nb:b042e50dc0327f73384931b34abdd37fb64e29d08c7ff7985a7893f55f842743,ΑΜΑΡΤΩΛΟΥΣ,1,ἁμαρτωλός,False,"[{""token_id"": ""102888"", ""citation"": ""MARK 2.17"", ""raw_form"": ""ἁμαρτωλούς""}]"
syntacticus:Nb:dacece72aed960ff1ca5622ed1d1fedd5553fd56f8b186645f4c768a988e4b5c,ΑΜΕΘΥΣΤΟΣ,1,ἀμέθυστος,False,"[{""token_id"": ""502993"", ""citation"": ""REV 21.20"", ""raw_form"": ""ἀμέθυστος""}]"
syntacticus:Nb:d684601103810a941513a7161c9b77502a29dee7fa011967f40051aee2ea704f,ΑΜΜΟΝ,2,ἄμμος,False,"[{""token_id"": ""270764"", ""citation"": ""MATT 7.26"", ""raw_form"": ""ἄμμον""}]"
syntacticus:Nb:5d7d8181b872376f7cbb2192751fd49dde9a4acc7c8d76de5ef2f03deba93467,ΑΜΜΟΣ,3,ἄμμος,False,"[{""token_id"": ""757792"", ""citation"": ""ROM 9.27"", ""raw_form"": ""ἄμμος""}]"
syntacticus:Nb:a9acb901ccad67e89ea63773e40e2b91c95457539fb5f054131eb7a8af9766e6,ΑΜΝΟΣ,3,ἀμνός,False,"[{""token_id"": ""342924"", ""citation"": ""JOHN 1.29"", ""raw_form"": ""ἀμνὸς""}]"
syntacticus:Nb:b85334a0945668bc982666458a69e3d99f11ba66c26b460cde070534a7c79433,ΑΜΝΟΥ,1,ἀμνός,False,"[{""token_id"": ""480865"", ""citation"": ""1PET 1.19"", ""raw_form"": ""ἀμνοῦ""}]"
syntacticus:Nb:58bfef5eb0fceee49abe3112ac3400e1b62897bc657bc11d128a1fed2eed8d3b,ΑΜΟΙΒΑΣ,1,ἀμοιβή,False,"[{""token_id"": ""459662"", ""citation"": ""1TIM 5.4"", ""raw_form"": ""ἀμοιβὰς""}]"
syntacticus:Nb:35d2b359f855b4cd9731ba97dd3b86c4a2a8fad7c7b0c5ad7bf5336294ee9b91,ΑΜΠΕΛΟΝ,1,ἄμπελος,False,"[{""token_id"": ""499399"", ""citation"": ""REV 14.19"", ""raw_form"": ""ἄμπελον""}]"
syntacticus:Nb:c049f36316c025475fe03941202f35414e9cd0f4c3a8762140f80df4bcb555f6,ΑΜΠΕΛΟΣ,3,ἄμπελος,False,"[{""token_id"": ""355692"", ""citation"": ""JOHN 15.1"", ""raw_form"": ""ἄμπελος""}]"
syntacticus:Nb:6c4d7c19edd5f2888d1794e5403932135bd98a6c0415916446c1cd08d459f613,ΑΜΠΕΛΟΥ,4,ἄμπελος,False,"[{""token_id"": ""285192"", ""citation"": ""MATT 26.29"", ""raw_form"": ""ἀμπέλου""}]"
syntacticus:Nb:c945d02060c4519d3cae61814facef5a7f93faa458964a293b6e0792480fd5db,ΑΜΠΕΛΟΥΡΓΟΝ,1,ἀμπελουργός,False,"[{""token_id"": ""332830"", ""citation"": ""LUKE 13.7"", ""raw_form"": ""ἀμπελουργόν""}]"
syntacticus:Nb:7f866847f9691d0d0447003f783653043041a23faa32b5a318d7b7a344200030,ΑΜΠΕΛΩΝΑ,11,ἀμπελών,False,"[{""token_id"": ""279787"", ""citation"": ""MATT 20.1"", ""raw_form"": ""ἀμπελῶνα""}]"
syntacticus:Nb:5df0f0bec5c68d6877c89e92b8e09a229ba1955161bad565f19695d2b4368d00,ΑΜΠΕΛΩΝΙ,2,ἀμπελών,False,"[{""token_id"": ""281021"", ""citation"": ""MATT 21.28"", ""raw_form"": ""ἀμπελῶνι""}]"
syntacticus:Nb:6647176eb48b418ec681c90a0e0abc1fd11b9bc47ef6e86992462d37e1bf43e4,ΑΜΠΕΛΩΝΟΣ,10,ἀμπελών,False,"[{""token_id"": ""279899"", ""citation"": ""MATT 20.8"", ""raw_form"": ""ἀμπελῶνος""}]"
syntacticus:Nb:55381e7b959567bb26e58eedb41325df173ed6c4baf9b310f8ba4940bc18b554,ΑΜΦΙΒΛΗΣΤΡΟΝ,1,ἀμφίβληστρον,False,"[{""token_id"": ""268400"", ""citation"": ""MATT 4.18"", ""raw_form"": ""ἀμφίβληστρον""}]"
syntacticus:Nb:102d27b3589484e6e1451c869e7d376b388d2502cf600fc663f5f203c822fa76,ΑΜΦΟΔΟΥ,1,ἄμφοδον,False,"[{""token_id"": ""110040"", ""citation"": ""MARK 11.4"", ""raw_form"": ""ἀμφόδου""}]"
syntacticus:Nb:4e65bf47a8de782e9540285b806a7bffa30a7abceeed1ef07ade2c7f226a7690,ΑΜΩΜΟΝ,1,ἄμωμον,False,"[{""token_id"": ""501059"", ""citation"": ""REV 18.13"", ""raw_form"": ""ἄμωμον""}]"
syntacticus:Nb:686c44c6c0b9577b88e596e360835aea2ad79d6d0a5ff79e8b7cad5ca7e0233c,ΑΝΑΒΑΘΜΟΥΣ,1,ἀναβαθμός,False,"[{""token_id"": ""393739"", ""citation"": ""ACTS 21.35"", ""raw_form"": ""ἀναβαθμούς""}]"
syntacticus:Nb:27f03ff5245c32a511d6285f1ce9bcf3a13250acc8c5c2370493863dfb7873f8,ΑΝΑΒΑΘΜΩΝ,1,ἀναβαθμός,False,"[{""token_id"": ""393854"", ""citation"": ""ACTS 21.40"", ""raw_form"": ""ἀναβαθμῶν""}]"
syntacticus:Nb:73d6a3839d5eb730c01b88a80a652ff4ac0517a5fe98dbc9058d146cb25b4e34,ΑΝΑΒΛΕΨΙΝ,1,ἀνάβλεψις,False,"[{""token_id"": ""756154"", ""citation"": ""LUKE 4.19"", ""raw_form"": ""ἀνάβλεψιν""}]"
syntacticus:Nb:b6b77e51cc0254675257a5ecae5da99fae1a9b5e94ef0e543510f97fc5dbd929,ΑΝΑΒΟΛΗΝ,1,ἀναβολή,False,"[{""token_id"": ""396111"", ""citation"": ""ACTS 25.17"", ""raw_form"": ""ἀναβολὴν""}]"
syntacticus:Nb:f7b79c1711f40c4968822b5628f08b69b8bd8eac19b2c99c0a6b43e2af4358d8,ΑΝΑΓΑΙΟΝ,2,ἀνάγαιον,False,"[{""token_id"": ""112521"", ""citation"": ""MARK 14.15"", ""raw_form"": ""ἀνάγαιον""}]"
syntacticus:Nb:dc636b0cd36c1d25017e4dc8410695da4a69287b2b9ae58cc7c0f22263fa9313,ΑΝΑΓΚΑΙΣ,2,ἀνάγκη,False,"[{""token_id"": ""430110"", ""citation"": ""2COR 6.4"", ""raw_form"": ""ἀνάγκαις""}]"
syntacticus:Nb:b23bcc684bb3b3d034ace92276d8740cc0585c85089bb7bfa308b225f8b6a6b7,ΑΝΑΓΚΗ,6,ἀνάγκη,False,"[{""token_id"": ""278533"", ""citation"": ""MATT 18.7"", ""raw_form"": ""ἀνάγκη""}]"
syntacticus:Nb:ae0a0536003c91cf4c003de85c9434ebc2c96d7c4aab4804359a41a931c2663f,ΑΝΑΓΚΗΝ,5,ἀνάγκη,False,"[{""token_id"": ""333814"", ""citation"": ""LUKE 14.18"", ""raw_form"": ""ἀνάγκην""}]"
syntacticus:Nb:b2830f134938b9b69be5ca4c03da899b943fdb3009eb483ccc096a74d3ef5d72,ΑΝΑΓΚΗΣ,2,ἀνάγκη,False,"[{""token_id"": ""431358"", ""citation"": ""2COR 9.7"", ""raw_form"": ""ἀνάγκης""}]"
syntacticus:Nb:39688443108e0428c8aa0943511e14c00308692fd330def96c57a2e746b6f3f3,ΑΝΑΓΝΩΣΕΙ,2,ἀνάγνωσις,False,"[{""token_id"": ""429216"", ""citation"": ""2COR 3.14"", ""raw_form"": ""ἀναγνώσει""}]"
syntacticus:Nb:604b925c2852a6f00f8b001a68bdf756af8e16e00e4be00a07fb107d4c9f494e,ΑΝΑΓΝΩΣΙΝ,1,ἀνάγνωσις,False,"[{""token_id"": ""387210"", ""citation"": ""ACTS 13.15"", ""raw_form"": ""ἀνάγνωσιν""}]"
syntacticus:Nb:ee423eea2550bfbf4d1340857b27ce4a4685cbe0fb8bb90d416f0ad7dd063052,ΑΝΑΔΕΙΞΕΩΣ,1,ἀνάδειξις,False,"[{""token_id"": ""321398"", ""citation"": ""LUKE 1.80"", ""raw_form"": ""ἀναδείξεως""}]"
syntacticus:Nb:0b3f92277020d84633af0eb09a58879289babd7523fcfc9bd7c145f891960f82,ΑΝΑΘΕΜΑ,5,ἀνάθεμα,False,"[{""token_id"": ""403181"", ""citation"": ""ROM 9.3"", ""raw_form"": ""ἀνάθεμα""}]"
syntacticus:Nb:b14c3ab761b3190d193ffba5f51af752e72ddfcff48affa7a78cc4b24d12bc2d,ΑΝΑΘΕΜΑΣΙΝ,1,ἀνάθεμα,False,"[{""token_id"": ""338730"", ""citation"": ""LUKE 21.5"", ""raw_form"": ""ἀναθέμασιν""}]"
syntacticus:Nb:6087cdbdaec0560937cad86acbb4c72471285712d89147b2962951e9932cc093,ΑΝΑΘΕΜΑΤΙ,1,ἀνάθεμα,False,"[{""token_id"": ""394825"", ""citation"": ""ACTS 23.14"", ""raw_form"": ""ἀναθέματι""}]"
syntacticus:Nb:8ffa1ad4285d9100fcf8066981d132fa356e17a13512718402cf3aa2bbcd3dbb,ΑΝΑΙΔΙΑΝ,1,ἀναίδεια,False,"[{""token_id"": ""330532"", ""citation"": ""LUKE 11.8"", ""raw_form"": ""ἀναιδίαν""}]"
syntacticus:Nb:98cd52a492b51826f34562628fc3bf748eb4770d739ed07f6058e27e142aeed0,ΑΝΑΙΡΕΣΕΙ,1,ἀναίρεσις,False,"[{""token_id"": ""383158"", ""citation"": ""ACTS 8.1"", ""raw_form"": ""ἀναιρέσει""}]"
syntacticus:Nb:82d6429942bc2384a04db896dab1d8867ef214a18cce0189c80d73876095125c,ΑΝΑΚΑΙΝΩΣΕΙ,1,ἀνακαίνωσις,False,"[{""token_id"": ""404869"", ""citation"": ""ROM 12.2"", ""raw_form"": ""ἀνακαινώσει""}]"
syntacticus:Nb:6cc231c0a92757001ef1e252b4fe502653af5aea47f8146aa4b5ad57b63f757b,ΑΝΑΚΑΙΝΩΣΕΩΣ,1,ἀνακαίνωσις,False,"[{""token_id"": ""465235"", ""citation"": ""TIT 3.5"", ""raw_form"": ""ἀνακαινώσεως""}]"
syntacticus:Nb:064e53a4676a300fe25aa443ddbf61bd220806856aabe50a5a150290f9aa77e0,ΑΝΑΚΡΙΣΕΩΣ,1,ἀνάκρισις,False,"[{""token_id"": ""396338"", ""citation"": ""ACTS 25.26"", ""raw_form"": ""ἀνακρίσεως""}]"
syntacticus:Nb:70e704cbfe3c547cf0439c91ea8ced80d3ec3b0b216dd8deb9063e52db15c893,ΑΝΑΛΗΜΨΕΩΣ,1,ἀνάλημψις,False,"[{""token_id"": ""329219"", ""citation"": ""LUKE 9.51"", ""raw_form"": ""ἀναλήμψεως""}]"
syntacticus:Nb:7dc098df3fde42d40dbb16ac5d7d6e7a3d75cbc3769c57b712c4be633b683a40,ΑΝΑΛΟΓΙΑΝ,1,ἀναλογία,False,"[{""token_id"": ""404975"", ""citation"": ""ROM 12.6"", ""raw_form"": ""ἀναλογίαν""}]"
syntacticus:Nb:87fb9758562356c7968f2cb5a9b2c01c68e1fb2647b35bee1cb825e7dd4799da,ΑΝΑΛΥΣΕΩΣ,1,ἀνάλυσις,False,"[{""token_id"": ""463184"", ""citation"": ""2TIM 4.6"", ""raw_form"": ""ἀναλύσεώς""}]"
syntacticus:Nb:b1ac49855cf841f78f1524f2db8f4704d3a0f72d7589a30e29458b81c41118ac,ΑΝΑΜΝΗΣΙΝ,3,ἀνάμνησις,False,"[{""token_id"": ""339621"", ""citation"": ""LUKE 22.19"", ""raw_form"": ""ἀνάμνησιν""}]"
syntacticus:Nb:83f62d47fd9edd5b7c9123ede1d7f58caebc08511b6500a28322bc5834c1b094,ΑΝΑΜΝΗΣΙΣ,1,ἀνάμνησις,False,"[{""token_id"": ""469949"", ""citation"": ""HEB 10.3"", ""raw_form"": ""ἀνάμνησις""}]"
syntacticus:Nb:0614d35d1f93b8a1cf28fd7c3faded69006fdc2d91db086bd16d5b39a9b214b9,ΑΝΑΠΑΥΣΙΝ,5,ἀνάπαυσις,False,"[{""token_id"": ""273622"", ""citation"": ""MATT 11.29"", ""raw_form"": ""ἀνάπαυσιν""}]"
syntacticus:Nb:4607298800a8d41b25c205daf0c72946320df712b0e7e17015238b09778cc123,ΑΝΑΣΤΑΣΕΙ,7,ἀνάστασις,False,"[{""token_id"": ""281866"", ""citation"": ""MATT 22.28"", ""raw_form"": ""ἀναστάσει""}]"
syntacticus:Nb:b75afe86ce2548aa84083fc8bfd432e285f5974b8f127679761bee8a6a3dfdad,ΑΝΑΣΤΑΣΕΩΣ,16,ἀνάστασις,False,"[{""token_id"": ""281919"", ""citation"": ""MATT 22.31"", ""raw_form"": ""ἀναστάσεως""}]"
syntacticus:Nb:b47e86f8e3b5e16b95c9ce0308fb456f7f2370437b73e9bed93fe1232f197a22,ΑΝΑΣΤΑΣΙΝ,12,ἀνάστασις,False,"[{""token_id"": ""281787"", ""citation"": ""MATT 22.23"", ""raw_form"": ""ἀνάστασιν""}]"
syntacticus:Nb:ccbe2c1175ec496311a838d8c632fa24bdc7c4c1f4a078ca0cc87e58e333e30b,ΑΝΑΣΤΑΣΙΣ,6,ἀνάστασις,False,"[{""token_id"": ""352543"", ""citation"": ""JOHN 11.25"", ""raw_form"": ""ἀνάστασις""}]"
syntacticus:Nb:ece2ef59ea296b6797d18f84cd7f51106baf9909c7edf0931c0131fe77ae29ab,ΑΝΑΣΤΡΟΦΗΝ,4,ἀναστροφή,False,"[{""token_id"": ""437745"", ""citation"": ""GAL 1.13"", ""raw_form"": ""ἀναστροφήν""}]"
syntacticus:Nb:46871bba9a50d6b1c0555adda38b3db97d493163c3ab02c7cb8f0cf0568342b1,ΑΝΑΣΤΡΟΦΗΣ,3,ἀναστροφή,False,"[{""token_id"": ""478055"", ""citation"": ""JAS 3.13"", ""raw_form"": ""ἀναστροφῆς""}]"
syntacticus:Nb:2a94cb55439bfbeff1844cf1e38b22b54784e302ae894136978028b87f980f56,ΑΝΑΤΟΛΗ,1,ἀνατολή,False,"[{""token_id"": ""321361"", ""citation"": ""LUKE 1.78"", ""raw_form"": ""ἀνατολὴ""}]"
syntacticus:Nb:4e7221573fbaa43c31ca9671abfd8870c27ad215efd75d3d31b14ac2707cb02f,ΑΝΑΤΟΛΗΣ,3,ἀνατολή,False,"[{""token_id"": ""495641"", ""citation"": ""REV 7.2"", ""raw_form"": ""ἀνατολῆς""}]"
syntacticus:Nb:827981a19b49ecdbc37a52c97a8b1692e5822a14d525c5b0f521c01d5e854b27,ΑΝΑΤΟΛΩΝ,4,ἀνατολή,False,"[{""token_id"": ""267205"", ""citation"": ""MATT 2.1"", ""raw_form"": ""ἀνατολῶν""}]"
syntacticus:Nb:8acf8aed616ba67538929512d2efb4a51d21f532987f45162005349664b138f0,ΑΝΑΨΥΞΕΩΣ,1,ἀνάψυξις,False,"[{""token_id"": ""379813"", ""citation"": ""ACTS 3.19"", ""raw_form"": ""ἀναψύξεως""}]"
syntacticus:Nb:3718a737c53dd388bfc608a560cab7d7ce32d99521ee137bf2fbac0b272f5ec1,ΑΝΔΡΑ,31,ἀνήρ,False,"[{""token_id"": ""266966"", ""citation"": ""MATT 1.16"", ""raw_form"": ""ἄνδρα""}]"
syntacticus:Nb:848fba66b9176bacb9673d0ba5c492bf27790bb167b2790739300e5cd7f2ebbf,ΑΝΔΡΑΠΟΔΙΣΤΑΙΣ,1,ἀνδραποδιστής,False,"[{""token_id"": ""458674"", ""citation"": ""1TIM 1.10"", ""raw_form"": ""ἀνδραποδισταῖς""}]"
syntacticus:Nb:4ddecf21fa8dea73e46e57cbc9045a8e1eb2c75c911da0f4b27380a5a519708b,ΑΝΔΡΑΣ,21,ἀνήρ,False,"[{""token_id"": ""328782"", ""citation"": ""LUKE 9.32"", ""raw_form"": ""ἄνδρας""}]"
syntacticus:Nb:d777fde6f686e5b295575a63cd213123a82f71e0f6d2ff92e7ec51f21c6b5deb,ΑΝΔΡΑΣΙΝ,6,ἀνήρ,False,"[{""token_id"": ""396242"", ""citation"": ""ACTS 25.23"", ""raw_form"": ""ἀνδράσιν""}]"
syntacticus:Nb:b94b5abc72f3ce573ef1d2a63da099be696a30bfa3cf999caa18fc0651606442,ΑΝΔΡΕΣ,62,ἀνήρ,False,"[{""token_id"": ""274432"", ""citation"": ""MATT 12.41"", ""raw_form"": ""ἄνδρες""}]"
syntacticus:Nb:2efd473e7db5d5657d4ab281d698bae7acb83e2e7219471c44588268bb175063,ΑΝΔΡΙ,19,ἀνήρ,False,"[{""token_id"": ""270701"", ""citation"": ""MATT 7.24"", ""raw_form"": ""ἀνδρὶ""}]"
syntacticus:Nb:8c1ade629fb42f2f7b7888809c04ed82bb2cd63591be6f390bea96ee128b85f9,ΑΝΔΡΟΣ,16,ἀνήρ,False,"[{""token_id"": ""322049"", ""citation"": ""LUKE 2.36"", ""raw_form"": ""ἀνδρὸς""}]"
syntacticus:Nb:705e7c5548a0345f24a3062f51b833b3c09a8feae0bb9e495a1b03013b9a6d9e,ΑΝΔΡΟΦΟΝΟΙΣ,1,ἀνδροφόνος,False,"[{""token_id"": ""458668"", ""citation"": ""1TIM 1.9"", ""raw_form"": ""ἀνδροφόνοις""}]"
syntacticus:Nb:5a36f6d62ab937d8fd5c064007caa8639e93f938ea6837d4ef06fcaa3aaa07e5,ΑΝΔΡΩΝ,7,ἀνήρ,False,"[{""token_id"": ""330995"", ""citation"": ""LUKE 11.31"", ""raw_form"": ""ἀνδρῶν""}]"
syntacticus:Nb:6f860ae8f07b013955fbafddabb06b472a01ac2f705b2d76c4398a10272bfd97,ΑΝΕΜΟΙ,3,ἄνεμος,False,"[{""token_id"": ""270724"", ""citation"": ""MATT 7.25"", ""raw_form"": ""ἄνεμοι""}]"
syntacticus:Nb:af2c41f435d76abc282b7cb26d867625fece421bb718a659d0d64febd39c60a0,ΑΝΕΜΟΙΣ,2,ἄνεμος,False,"[{""token_id"": ""271324"", ""citation"": ""MATT 8.26"", ""raw_form"": ""ἀνέμοις""}]"
syntacticus:Nb:0935b223ad5443017dc0658619b9e6a6788e0c41aa999ec6af990afb9e3e8e20,ΑΝΕΜΟΝ,1,ἄνεμος,False,"[{""token_id"": ""276409"", ""citation"": ""MATT 14.30"", ""raw_form"": ""ἄνεμον""}]"
syntacticus:Nb:e7910bc88875db616b678427f020576b3f141729c30d0a3a14283d3c3f99413e,ΑΝΕΜΟΣ,8,ἄνεμος,False,"[{""token_id"": ""276314"", ""citation"": ""MATT 14.24"", ""raw_form"": ""ἄνεμος""}]"
syntacticus:Nb:86943405937070e4a3818e356cc6ad98b164d914ee86007179f9576524470ba3,ΑΝΕΜΟΥ,7,ἄνεμος,False,"[{""token_id"": ""273183"", ""citation"": ""MATT 11.7"", ""raw_form"": ""ἀνέμου""}]"
syntacticus:Nb:b4a6af21acd57462db97db7c7ebfd6f237aa83a8de28a4a644b1fb622b2f1f14,ΑΝΕΜΟΥΣ,2,ἄνεμος,False,"[{""token_id"": ""397111"", ""citation"": ""ACTS 27.4"", ""raw_form"": ""ἀνέμους""}]"
syntacticus:Nb:9d71ea209b81c35dd95ec2cf510396c20df9f48ce3f410d51f3d49201a297fbc,ΑΝΕΜΩΝ,3,ἄνεμος,False,"[{""token_id"": ""283454"", ""citation"": ""MATT 24.31"", ""raw_form"": ""ἀνέμων""}]"
syntacticus:Nb:24af3fac167d13da1357c63336e2dcfd1ad80cd901f3a39e14e43365ce8c433c,ΑΝΕΡ,1,ἀνήρ,False,"[{""token_id"": ""416291"", ""citation"": ""1COR 7.16"", ""raw_form"": ""ἄνερ""}]"
syntacticus:Nb:5911af0bc579989ed6ccf925c3d604c7bdb99931e2c189461717f6b09b6b7d70,ΑΝΕΣΙΝ,4,ἄνεσις,False,"[{""token_id"": ""395654"", ""citation"": ""ACTS 24.23"", ""raw_form"": ""ἄνεσιν""}]"
syntacticus:Nb:1e5fa28dc2c5f79afd47dc5649e38ab39842a52ce9f1d668dae4df0f729a8023,ΑΝΕΣΙΣ,1,ἄνεσις,False,"[{""token_id"": ""430992"", ""citation"": ""2COR 8.13"", ""raw_form"": ""ἄνεσις""}]"
syntacticus:Nb:b2f6b0ad3070b5e7579a80d0f3ffc069981b45be17096b3f9dcb37a1d8266d72,ΑΝΕΨΙΟΣ,1,ἀνεψιός,False,"[{""token_id"": ""452158"", ""citation"": ""COL 4.10"", ""raw_form"": ""ἀνεψιὸς""}]"
syntacticus:Nb:7266770343710984c55caf658748a0e526a7698b5b3321eb2d440fc4779f0a2e,ΑΝΗΘΟΝ,1,ἄνηθον,False,"[{""token_id"": ""282546"", ""citation"": ""MATT 23.23"", ""raw_form"": ""ἄνηθον""}]"
syntacticus:Nb:f83d6c88d89f2b13744a1a2761c59ff6d48ad5d8753bf8593079913bb1d529a1,ΑΝΗΡ,51,ἀνήρ,False,"[{""token_id"": ""267041"", ""citation"": ""MATT 1.19"", ""raw_form"": ""ἀνὴρ""}]"
syntacticus:Nb:8f37f626544c1d8599124e6176156b3ce5562576ad229cb40ac2c6580c2b6efa,ΑΝΘΟΣ,4,ἄνθος,False,"[{""token_id"": ""476988"", ""citation"": ""JAS 1.10"", ""raw_form"": ""ἄνθος""}]"
syntacticus:Nb:d03fcc513842baea626d93a86d59fa46b7dc799252daccca79378e7b6dd7dbd7,ΑΝΘΡΑΚΑΣ,1,ἄνθραξ,False,"[{""token_id"": ""405179"", ""citation"": ""ROM 12.20"", ""raw_form"": ""ἄνθρακας""}]"
syntacticus:Nb:27a5820fbe388781ed0606761e9f68c0960929c9201f0ea25a89802b56abdf71,ΑΝΘΡΑΚΙΑΝ,2,ἀνθρακιά,False,"[{""token_id"": ""357896"", ""citation"": ""JOHN 18.18"", ""raw_form"": ""ἀνθρακιὰν""}]"
syntacticus:Nb:116600c486225470b499b449bb23e863b040c3672a446fdebfd0b297a8d9e98a,ΑΝΘΡΩΠΕ,9,ἄνθρωπος,False,"[{""token_id"": ""324328"", ""citation"": ""LUKE 5.20"", ""raw_form"": ""ἄνθρωπε""}]"
syntacticus:Nb:a94aeff6ed904ff9d09983150f1d702e4ba63c55ec2ea0f3533474a897813f4b,ΑΝΘΡΩΠΟΙ,25,ἄνθρωπος,False,"[{""token_id"": ""270458"", ""citation"": ""MATT 7.12"", ""raw_form"": ""ἄνθρωποι""}]"
syntacticus:Nb:c93a9d969790d15a6cd71d0bfe0295acd888a7a00fbf37bd893d514a1572d35b,ΑΝΘΡΩΠΟΙΣ,44,ἄνθρωπος,False,"[{""token_id"": ""758639"", ""citation"": ""MATT 6.5"", ""raw_form"": ""ἀνθρώποις""}]"
syntacticus:Nb:39a52964f9590af0610b7ce6dee57eef1114825ce215bd2ad93d63d20bf83c1f,ΑΝΘΡΩΠΟΝ,62,ἄνθρωπος,False,"[{""token_id"": ""271661"", ""citation"": ""MATT 9.9"", ""raw_form"": ""ἄνθρωπον""}]"
syntacticus:Nb:2f9b5cb2aafa7702ac5bfbee3d28ebb5891b7c8aa3d0ea1844f3180b235f2f4b,ΑΝΘΡΩΠΟΣ,123,ἄνθρωπος,False,"[{""token_id"": ""268130"", ""citation"": ""MATT 4.4"", ""raw_form"": ""ἄνθρωπος""}]"
syntacticus:Nb:09daa040f4aedbfefc0bb401f240e51a86b652ea268b85748788411e6d2a5498,ΑΝΘΡΩΠΟΥ,127,ἄνθρωπος,False,"[{""token_id"": ""271221"", ""citation"": ""MATT 8.20"", ""raw_form"": ""ἀνθρώπου""}]"
syntacticus:Nb:0ac02dbfdfb488990e0669e88513625929745058741544a0d7dc18fe3f6d9e2c,ΑΝΘΡΩΠΟΥΣ,30,ἄνθρωπος,False,"[{""token_id"": ""268867"", ""citation"": ""MATT 5.19"", ""raw_form"": ""ἀνθρώπους""}]"
syntacticus:Nb:68251855dfb6208f4154345d8745db657ba53de06d3410a2e0941076a26fb4d9,ΑΝΘΡΩΠΩΝ,96,ἄνθρωπος,False,"[{""token_id"": ""268421"", ""citation"": ""MATT 4.19"", ""raw_form"": ""ἀνθρώπων""}]"
syntacticus:Nb:d1499f580c74365f3d1a109b73b6803aa57db94f981b6e8f66a3ce48920612d8,ΑΝΘΥΠΑΤΟΙ,1,ἀνθύπατος,False,"[{""token_id"": ""392176"", ""citation"": ""ACTS 19.38"", ""raw_form"": ""ἀνθύπατοί""}]"
syntacticus:Nb:7410b4f78f0595d51c5ecf832c5b867d60efe0e86876defb23d6cee61e45034d,ΑΝΘΥΠΑΤΟΝ,1,ἀνθύπατος,False,"[{""token_id"": ""387071"", ""citation"": ""ACTS 13.8"", ""raw_form"": ""ἀνθύπατον""}]"
syntacticus:Nb:4681d1ec5209cc364195908644a054faad93d207cdb28ed399a4a9c8445b8027,ΑΝΘΥΠΑΤΟΣ,1,ἀνθύπατος,False,"[{""token_id"": ""387150"", ""citation"": ""ACTS 13.12"", ""raw_form"": ""ἀνθύπατος""}]"
syntacticus:Nb:33ea261581186139d96316a3bfb58e56d3e88869e59d693876e9983357efe0b7,ΑΝΘΥΠΑΤΟΥ,1,ἀνθύπατος,False,"[{""token_id"": ""391036"", ""citation"": ""ACTS 18.12"", ""raw_form"": ""ἀνθυπάτου""}]"
syntacticus:Nb:22bd73213da7f04d9d6601cdce7a145c7d80d7f1b1e45b5a0a6ec643fe04e78f,ΑΝΟΙΑ,1,ἄνοια,False,"[{""token_id"": ""462915"", ""citation"": ""2TIM 3.9"", ""raw_form"": ""ἄνοια""}]"
syntacticus:Nb:6e91ca5f397957b9880c6f7273b6b6441e87d10966b8fb00fefc05ac31c28f5c,ΑΝΟΙΑΣ,1,ἄνοια,False,"[{""token_id"": ""324970"", ""citation"": ""LUKE 6.11"", ""raw_form"": ""ἀνοίας""}]"
syntacticus:Nb:4c88afe56c99a443134a90805cca83443ff511c070bf5539672928261242b9fd,ΑΝΟΙΞΕΙ,1,ἄνοιξις,False,"[{""token_id"": ""444854"", ""citation"": ""EPH 6.19"", ""raw_form"": ""ἀνοίξει""}]"
syntacticus:Nb:729c95a67b03522dc74cf76ae548d22ec2dd6ce72b9c867ab8dfb99d5291f0a4,ΑΝΟΜΙΑΙ,1,ἀνομία,False,"[{""token_id"": ""756321"", ""citation"": ""ROM 4.7"", ""raw_form"": ""ἀνομίαι""}]"
syntacticus:Nb:faf2fcd6ae37c63408afbd51f2347cfa560d4bf70518582d7419dc0f95876b98,ΑΝΟΜΙΑΝ,4,ἀνομία,False,"[{""token_id"": ""270687"", ""citation"": ""MATT 7.23"", ""raw_form"": ""ἀνομίαν""}]"
syntacticus:Nb:d15dc930b3510f16842a0c7ca43038955e1a2f540ced61a59a72879d384390e6,ΑΝΟΜΙΑΣ,4,ἀνομία,False,"[{""token_id"": ""282674"", ""citation"": ""MATT 23.28"", ""raw_form"": ""ἀνομίας""}]"
syntacticus:Nb:c163ec62b6452e2e2ee147f72e06caaf2b59f8481a888c5873e2774c3af829a4,ΑΝΟΜΙΩΝ,1,ἀνομία,False,"[{""token_id"": ""470175"", ""citation"": ""HEB 10.17"", ""raw_form"": ""ἀνομιῶν""}]"
syntacticus:Nb:7d048531e18f7938637fa2ca24b17ecf8f60c75e5b8d301ef9a888bc586bae50,ΑΝΟΧΗΣ,1,ἀνοχή,False,"[{""token_id"": ""399593"", ""citation"": ""ROM 2.4"", ""raw_form"": ""ἀνοχῆς""}]"
syntacticus:Nb:2544b57047947aed5c481e50e855a61f9da88fc869b7562ef473dac658c8f26a,ΑΝΤΑΛΛΑΓΜΑ,2,ἀντάλλαγμα,False,"[{""token_id"": ""277773"", ""citation"": ""MATT 16.26"", ""raw_form"": ""ἀντάλλαγμα""}]"
syntacticus:Nb:7aa3c0953b21aaddf655b28f39a3811481148ff4a33c3ba31ccfdf987cc9ab6f,ΑΝΤΑΠΟΔΟΜΑ,2,ἀνταπόδομα,False,"[{""token_id"": ""333708"", ""citation"": ""LUKE 14.12"", ""raw_form"": ""ἀνταπόδομά""}]"
syntacticus:Nb:853491d1bdddcd8346f462b53e54fa5f8b2f34b1beace727ae5dc33ed09b7cb7,ΑΝΤΑΠΟΔΟΣΙΝ,1,ἀνταπόδοσις,False,"[{""token_id"": ""451977"", ""citation"": ""COL 3.24"", ""raw_form"": ""ἀνταπόδοσιν""}]"
syntacticus:Nb:6ac0083cea2c1f13d45f7f54338a6818dde3490bf6cd79d0d731bb9b48bab609,ΑΝΤΙΔΙΚΟΣ,1,ἀντίδικος,False,"[{""token_id"": ""269048"", ""citation"": ""MATT 5.25"", ""raw_form"": ""ἀντίδικος""}]"
syntacticus:Nb:55f18cc78f83559edfc0e48a91978aaf6914b50b9fe8dc95d2636a88123bbeea,ΑΝΤΙΔΙΚΟΥ,2,ἀντίδικος,False,"[{""token_id"": ""332650"", ""citation"": ""LUKE 12.58"", ""raw_form"": ""ἀντιδίκου""}]"
syntacticus:Nb:a3c77527e86f9aa6d7c9c2403d0a8148694f8f6c17e3876e68ae6db8e1bd3132,ΑΝΤΙΘΕΣΕΙΣ,1,ἀντίθεσις,False,"[{""token_id"": ""460394"", ""citation"": ""1TIM 6.20"", ""raw_form"": ""ἀντιθέσεις""}]"
syntacticus:Nb:42a04f2b5b42771f85eb0710679e21ddf40d8773cd55f6ba5bb90f93761d4e5c,ΑΝΤΙΛΗΜΨΕΙΣ,1,ἀντίλημψις,False,"[{""token_id"": ""419222"", ""citation"": ""1COR 12.28"", ""raw_form"": ""ἀντιλήμψεις""}]"
syntacticus:Nb:bc2e13af5737c666d9dd1fae4a70ab9fc01b3278b4f58ab20fc43abadb4d4d63,ΑΝΤΙΛΟΓΙΑΝ,1,ἀντιλογία,False,"[{""token_id"": ""471328"", ""citation"": ""HEB 12.3"", ""raw_form"": ""ἀντιλογίαν""}]"
syntacticus:Nb:1c679c268d60ad6cc6f482ec5c4d5e6e88ec4af63c35537df37bc592fd2ce4a4,ΑΝΤΙΛΟΓΙΑΣ,2,ἀντιλογία,False,"[{""token_id"": ""468408"", ""citation"": ""HEB 6.16"", ""raw_form"": ""ἀντιλογίας""}]"
syntacticus:Nb:72419ca6a1af7ac6e60fee26875345d5416bd9836b428a17f7000667499c5153,ΑΝΤΙΛΥΤΡΟΝ,1,ἀντίλυτρον,False,"[{""token_id"": ""458959"", ""citation"": ""1TIM 2.6"", ""raw_form"": ""ἀντίλυτρον""}]"
syntacticus:Nb:bff72cfe7fb1707f04996521e5ead8aa0a887f69f327be8af34616724d5ac4e5,ΑΝΤΙΜΙΣΘΙΑΝ,2,ἀντιμισθία,False,"[{""token_id"": ""399419"", ""citation"": ""ROM 1.27"", ""raw_form"": ""ἀντιμισθίαν""}]"
syntacticus:Nb:fde86ff43d07bbe6c609ae7bd85ae90c97f1580ea84f95a13e1e0894ae615136,ΑΝΤΛΗΜΑ,1,ἄντλημα,False,"[{""token_id"": ""344834"", ""citation"": ""JOHN 4.11"", ""raw_form"": ""ἄντλημα""}]"
syntacticus:Nb:a1f781e029f7bc8f713dc4d7ccd64f3cae2c59c055b22a27517c7edcf28525b1,ΑΞΙΝΗ,2,ἀξίνη,False,"[{""token_id"": ""267875"", ""citation"": ""MATT 3.10"", ""raw_form"": ""ἀξίνη""}]"
syntacticus:Nb:f88e513cc4d6a4939a5976b1289c8e325727ec0351696cbf9ea926dd6809e5d8,ΑΠΑΝΤΗΣΙΝ,3,ἀπάντησις,False,"[{""token_id"": ""283904"", ""citation"": ""MATT 25.6"", ""raw_form"": ""ἀπάντησιν""}]"
syntacticus:Nb:aea4e8df354d587a4bd3ec47e38a231b9f2083edc895bde7f68724d398275a6e,ΑΠΑΡΤΙΣΜΟΝ,1,ἀπαρτισμός,False,"[{""token_id"": ""334041"", ""citation"": ""LUKE 14.28"", ""raw_form"": ""ἀπαρτισμόν""}]"
syntacticus:Nb:0c2cbc0a08bca7faa3a9b71115b6cce107effdd22f937ba2ad0cb3a07494e974,ΑΠΑΡΧΗ,6,ἀπαρχή,False,"[{""token_id"": ""404452"", ""citation"": ""ROM 11.16"", ""raw_form"": ""ἀπαρχὴ""}]"
syntacticus:Nb:509e3eb60d4c0af9da7c8acc05f0aa4f2f29e4bcd77f780613fae738259f2691,ΑΠΑΡΧΗΝ,2,ἀπαρχή,False,"[{""token_id"": ""402823"", ""citation"": ""ROM 8.23"", ""raw_form"": ""ἀπαρχὴν""}]"
syntacticus:Nb:1663cbff84646ce1ac58e23c1e66bdf781638a445d6e30c2247bba29967d024f,ΑΠΑΤΗ,2,ἀπάτη,True,"[{""token_id"": ""275093"", ""citation"": ""MATT 13.22"", ""raw_form"": ""ἀπάτη""}]"
syntacticus:Nb:4362219b686cbd1611877ca8570a53b48ce340b5cfbb825a73d0102abe67998a,ΑΠΑΤΗΣ,2,ἀπάτη,True,"[{""token_id"": ""443828"", ""citation"": ""EPH 4.22"", ""raw_form"": ""ἀπάτης""}]"
syntacticus:Nb:edaeafbf1656b807eb7d47ad00e499bfdfd355ca124e90a15b0b1d9ccc9226c4,ΑΠΑΥΓΑΣΜΑ,1,ἀπαύγασμα,False,"[{""token_id"": ""466611"", ""citation"": ""HEB 1.3"", ""raw_form"": ""ἀπαύγασμα""}]"
syntacticus:Nb:dbe9cf1645023ed86e3eb4f1c51b1fe5b1b4387d7d547d3ac9002ebf3e5d8370,ΑΠΕΙΘΕΙΑΝ,2,ἀπείθεια,False,"[{""token_id"": ""404763"", ""citation"": ""ROM 11.32"", ""raw_form"": ""ἀπείθειαν""}]"
syntacticus:Nb:bc9f0b77717f5117d5b239d081d122773fdb6cc82e53eaca6b41cb45a3b1674c,ΑΠΕΙΘΕΙΑΣ,3,ἀπείθεια,False,"[{""token_id"": ""442735"", ""citation"": ""EPH 2.2"", ""raw_form"": ""ἀπειθείας""}]"
syntacticus:Nb:76ae9a5be23f2e2f722e2e6ae0b4af435c50ad430e7289c85ca6c01ffef8814a,ΑΠΕΙΛΑΣ,1,ἀπειλή,False,"[{""token_id"": ""380532"", ""citation"": ""ACTS 4.29"", ""raw_form"": ""ἀπειλὰς""}]"
syntacticus:Nb:3d9c81358837bdb8e8e659832920b1bd2f3aeffdda20f99f1e76006f13ab2036,ΑΠΕΙΛΗΝ,1,ἀπειλή,False,"[{""token_id"": ""444647"", ""citation"": ""EPH 6.9"", ""raw_form"": ""ἀπειλήν""}]"
syntacticus:Nb:5380e44d25875d06c44c95df5a3f184c2ecbabf21a6f62fa2d185b97fe2bf835,ΑΠΕΙΛΗΣ,1,ἀπειλή,False,"[{""token_id"": ""383935"", ""citation"": ""ACTS 9.1"", ""raw_form"": ""ἀπειλῆς""}]"
syntacticus:Nb:0c551da8d3050b9a4a89f6e770e5a13b0b8aef88d16f1fe8d749e8270d6f9d20,ΑΠΕΚΔΥΣΕΙ,1,ἀπέκδυσις,False,"[{""token_id"": ""451314"", ""citation"": ""COL 2.11"", ""raw_form"": ""ἀπεκδύσει""}]"
syntacticus:Nb:e2251665c18f52ce37ffd29fd22894409c2bba79c768b9e54b6db79c48bed383,ΑΠΕΛΕΓΜΟΝ,1,ἀπελεγμός,False,"[{""token_id"": ""391934"", ""citation"": ""ACTS 19.27"", ""raw_form"": ""ἀπελεγμὸν""}]"
syntacticus:Nb:01203c7a35ffa543cca221031e428301e9be04d5bcbc6d33d139d05fd7aa2b7d,ΑΠΕΛΕΥΘΕΡΟΣ,1,ἀπελεύθερος,False,"[{""token_id"": ""416387"", ""citation"": ""1COR 7.22"", ""raw_form"": ""ἀπελεύθερος""}]"
syntacticus:Nb:68227c179d053b2db39ac55d452ec29b88eaffd94e62d38d120fc8f4093d4e3a,ΑΠΙΣΤΙΑ,1,ἀπιστία,False,"[{""token_id"": ""400062"", ""citation"": ""ROM 3.3"", ""raw_form"": ""ἀπιστία""}]"
syntacticus:Nb:bd82c5978d8aef2c16ab4d2751914a0dcb2c6d8695f6899e6f21c2f7a987b569,ΑΠΙΣΤΙΑΝ,4,ἀπιστία,False,"[{""token_id"": ""275883"", ""citation"": ""MATT 13.58"", ""raw_form"": ""ἀπιστίαν""}]"
syntacticus:Nb:230cb2053cd839b505be14e8a2421eb6ecb4e16d30e592cc9cbc9b64e58d7aa3,ΑΠΙΣΤΙΑΣ,1,ἀπιστία,False,"[{""token_id"": ""467433"", ""citation"": ""HEB 3.12"", ""raw_form"": ""ἀπιστίας""}]"
syntacticus:Nb:0956ce45d4556573cc9573da55ef5ce8a3f034f46a5b2a36111926d3570df1a3,ΑΠΛΟΤΗΤΑ,1,ἁπλότης,False,"[{""token_id"": ""431436"", ""citation"": ""2COR 9.11"", ""raw_form"": ""ἁπλότητα""}]"
syntacticus:Nb:b74726aacd7aaab3f148122f51cb980657077a9483fdc8fd633247609b741af2,ΑΠΛΟΤΗΤΙ,4,ἁπλότης,False,"[{""token_id"": ""759102"", ""citation"": ""ROM 12.8"", ""raw_form"": ""ἁπλότητι""}]"
syntacticus:Nb:2a2dde86db1197076c7405151635817edce52429b28dc16f65f03745b1104b1c,ΑΠΛΟΤΗΤΟΣ,2,ἁπλότης,False,"[{""token_id"": ""430791"", ""citation"": ""2COR 8.2"", ""raw_form"": ""ἁπλότητος""}]"
syntacticus:Nb:3fdc170e873067ef13fd4fa4f1e2ceb08b5a9456a9484ebb8111e51fc68de1c0,ΑΠΟΒΟΛΗ,2,ἀποβολή,False,"[{""token_id"": ""397448"", ""citation"": ""ACTS 27.22"", ""raw_form"": ""ἀποβολὴ""}]"
syntacticus:Nb:c694087be447e1dbd6bcd6646c1936dbf137ab0c9618221a7c2bb122f3ba155f,ΑΠΟΓΡΑΦΗ,1,ἀπογραφή,False,"[{""token_id"": ""321421"", ""citation"": ""LUKE 2.2"", ""raw_form"": ""ἀπογραφὴ""}]"
syntacticus:Nb:def4d55997144b9a13138819816426e07093b3a0c9ca87ff27873ac43eaa12ad,ΑΠΟΓΡΑΦΗΣ,1,ἀπογραφή,False,"[{""token_id"": ""381475"", ""citation"": ""ACTS 5.37"", ""raw_form"": ""ἀπογραφῆς""}]"
syntacticus:Nb:2d16b40cef8fcc654c325ef64ea11f875120e8cce55bc645041f7d4346cf69f7,ΑΠΟΔΕΙΞΕΙ,1,ἀπόδειξις,False,"[{""token_id"": ""414253"", ""citation"": ""1COR 2.4"", ""raw_form"": ""ἀποδείξει""}]"
syntacticus:Nb:19389c70ca8450ac4aac071a5a4bc05f99f443d9114a32ff6b1558dd17abd5e7,ΑΠΟΔΟΧΗΣ,2,ἀποδοχή,False,"[{""token_id"": ""458760"", ""citation"": ""1TIM 1.15"", ""raw_form"": ""ἀποδοχῆς""}]"
syntacticus:Nb:20938a45cebdcc0e9d956476f237d634c081126e0ac00266b1a4ad552a043de3,ΑΠΟΘΗΚΑΣ,2,ἀποθήκη,False,"[{""token_id"": ""270075"", ""citation"": ""MATT 6.26"", ""raw_form"": ""ἀποθήκας""}]"
syntacticus:Nb:dfac3b6a4d8989f7c3924847b8b961d4351fb3696d392ee19ef3560e3f4efd40,ΑΠΟΘΗΚΗ,1,ἀποθήκη,False,"[{""token_id"": ""331986"", ""citation"": ""LUKE 12.24"", ""raw_form"": ""ἀποθήκη""}]"
syntacticus:Nb:b75df195c0c27f99820b7f9a822000278b8efca7504a180e445f6f91f771c920,ΑΠΟΘΗΚΗΝ,3,ἀποθήκη,False,"[{""token_id"": ""267952"", ""citation"": ""MATT 3.12"", ""raw_form"": ""ἀποθήκην""}]"
syntacticus:Nb:74a8ed8bc473f871ceb3540dfe27cbcaa320407b47396ef85abd6b60b27e5381,ΑΠΟΚΑΛΥΨΕΙ,4,ἀποκάλυψις,False,"[{""token_id"": ""419633"", ""citation"": ""1COR 14.6"", ""raw_form"": ""ἀποκαλύψει""}]"
syntacticus:Nb:e27e21e8df83ce77c07836b4eaebecea0d2703d13b4346fca3b49b0f8a02103e,ΑΠΟΚΑΛΥΨΕΙΣ,1,ἀποκάλυψις,False,"[{""token_id"": ""432487"", ""citation"": ""2COR 12.1"", ""raw_form"": ""ἀποκαλύψεις""}]"
syntacticus:Nb:04a299c5a47868db9bdac402047b8ec017cfb7ee384c51e372be09bb4456104e,ΑΠΟΚΑΛΥΨΕΩΝ,1,ἀποκάλυψις,False,"[{""token_id"": ""432603"", ""citation"": ""2COR 12.7"", ""raw_form"": ""ἀποκαλύψεων""}]"
syntacticus:Nb:99dfe7f6368fdae1fa74571826624e33afc7c29caa7b5b378e548129946f2667,ΑΠΟΚΑΛΥΨΕΩΣ,3,ἀποκάλυψις,False,"[{""token_id"": ""399625"", ""citation"": ""ROM 2.5"", ""raw_form"": ""ἀποκαλύψεως""}]"
syntacticus:Nb:76ceadea88952a08b97b1aeb1b22444970275f4254391f99103119cfdaa96daf,ΑΠΟΚΑΛΥΨΙΝ,7,ἀποκάλυψις,False,"[{""token_id"": ""733572"", ""citation"": ""LUKE 2.32"", ""raw_form"": ""ἀποκάλυψιν""}]"
syntacticus:Nb:797b73560fb033a3fd23b6ab08c0592528b7b9e9e071d31d90a43efcf62c0ded,ΑΠΟΚΑΛΥΨΙΣ,1,ἀποκάλυψις,False,"[{""token_id"": ""492587"", ""citation"": ""REV 1.1"", ""raw_form"": ""Ἀποκάλυψις""}]"
syntacticus:Nb:173c7da92a7579f3b692fc82ba6b15ab08122fe6897e3d4061e9c2fa7bb1aed8,ΑΠΟΚΑΡΑΔΟΚΙΑ,1,ἀποκαραδοκία,False,"[{""token_id"": ""402754"", ""citation"": ""ROM 8.19"", ""raw_form"": ""ἀποκαραδοκία""}]"
syntacticus:Nb:466fd0b483fda642ca80996236521c515e6325a771db25c8a1e1fc5d30897594,ΑΠΟΚΑΡΑΔΟΚΙΑΝ,1,ἀποκαραδοκία,False,"[{""token_id"": ""447437"", ""citation"": ""PHIL 1.20"", ""raw_form"": ""ἀποκαραδοκίαν""}]"
syntacticus:Nb:e59eaa5bac7e6d610faaf27e7c6f19c360a9d3db1660b078aa3f16ca5a5bd33f,ΑΠΟΚΑΤΑΣΤΑΣΕΩΣ,1,ἀποκατάστασις,False,"[{""token_id"": ""379834"", ""citation"": ""ACTS 3.21"", ""raw_form"": ""ἀποκαταστάσεως""}]"
syntacticus:Nb:d71cdf5318e56602b66195874e61f6cd7e66f04df690deeba51116d798332e76,ΑΠΟΚΡΙΜΑ,1,ἀπόκριμα,False,"[{""token_id"": ""428287"", ""citation"": ""2COR 1.9"", ""raw_form"": ""ἀπόκριμα""}]"
syntacticus:Nb:cae5de528ddc564c56e6befc47a3750e54803ff2fe0e5d458fee8b8315b9a56f,ΑΠΟΚΡΙΣΕΙ,1,ἀπόκρισις,False,"[{""token_id"": ""338330"", ""citation"": ""LUKE 20.26"", ""raw_form"": ""ἀποκρίσει""}]"
syntacticus:Nb:39bd27de95791b058c2dc30cc4c5958c0b9e64501c5bd22bd5404fb21f5f404f,ΑΠΟΚΡΙΣΕΣΙΝ,1,ἀπόκρισις,False,"[{""token_id"": ""322243"", ""citation"": ""LUKE 2.47"", ""raw_form"": ""ἀποκρίσεσιν""}]"
syntacticus:Nb:100402584aa287340dfb56859b842a71202e909be547fd49eca51bf9b464f110,ΑΠΟΚΡΙΣΙΝ,2,ἀπόκρισις,False,"[{""token_id"": ""342797"", ""citation"": ""JOHN 1.22"", ""raw_form"": ""ἀπόκρισιν""}]"
syntacticus:Nb:a5c68c395e14195d91746cd91f9fbb41f3cce6fdc33ffc332f9dab35346a967b,ΑΠΟΛΑΥΣΙΝ,2,ἀπόλαυσις,False,"[{""token_id"": ""460354"", ""citation"": ""1TIM 6.17"", ""raw_form"": ""ἀπόλαυσιν""}]"
syntacticus:Nb:50a97bdf37cf32ecd5b2ac6bec25d085bf30a1c58a3bfdb1278550ce9466d01e,ΑΠΟΛΟΓΙΑ,1,ἀπολογία,False,"[{""token_id"": ""417087"", ""citation"": ""1COR 9.3"", ""raw_form"": ""ἀπολογία""}]"
syntacticus:Nb:818fb3c86818d46390415b85c00ff1ba5db24269eb7c4f52c1c575bcb519cb55,ΑΠΟΛΟΓΙΑΝ,2,ἀπολογία,False,"[{""token_id"": ""430611"", ""citation"": ""2COR 7.11"", ""raw_form"": ""ἀπολογίαν""}]"
syntacticus:Nb:0151cb975394754d486a9d213aaaa995b77b105c814a190b6e1f8deec662b2b0,ΑΠΟΛΟΓΙΑΣ,2,ἀπολογία,False,"[{""token_id"": ""393882"", ""citation"": ""ACTS 22.1"", ""raw_form"": ""ἀπολογίας""}]"
syntacticus:Nb:b41178ef8f3f965fdfbd18ff2b92c2ea22c82a8db2f17f1dff357a6b7497552c,ΑΠΟΛΥΤΡΩΣΕΩΣ,2,ἀπολύτρωσις,False,"[{""token_id"": ""400393"", ""citation"": ""ROM 3.24"", ""raw_form"": ""ἀπολυτρώσεως""}]"
syntacticus:Nb:d7563c7428681297ccc909946c23155f4a3f7f58870377878aaedfad706c5ed2,ΑΠΟΛΥΤΡΩΣΙΝ,6,ἀπολύτρωσις,False,"[{""token_id"": ""402837"", ""citation"": ""ROM 8.23"", ""raw_form"": ""ἀπολύτρωσιν""}]"
syntacticus:Nb:7705752eafe422c7cf7ded95cc9d7d746818c43252bc2706d378be30a70157ed,ΑΠΟΛΥΤΡΩΣΙΣ,2,ἀπολύτρωσις,False,"[{""token_id"": ""339145"", ""citation"": ""LUKE 21.28"", ""raw_form"": ""ἀπολύτρωσις""}]"
syntacticus:Nb:bc717a3082685bba3efad53b74993a0da8b4c5766ac8d653519f6b9e805df618,ΑΠΟΣΚΙΑΣΜΑ,1,ἀποσκίασμα,False,"[{""token_id"": ""477124"", ""citation"": ""JAS 1.17"", ""raw_form"": ""ἀποσκίασμα""}]"
syntacticus:Nb:dfde94b7acde5bc7cd71360789d92b7e54588468dc30b648a42cef76d0bcb60a,ΑΠΟΣΤΑΣΙΑ,1,ἀποστασία,False,"[{""token_id"": ""457173"", ""citation"": ""2THESS 2.3"", ""raw_form"": ""ἀποστασία""}]"
syntacticus:Nb:b007be3fdcc679ae4fbfcd6ff6a9f05dabbb776af7022af86bfd57536ae9fa51,ΑΠΟΣΤΑΣΙΑΝ,1,ἀποστασία,False,"[{""token_id"": ""393390"", ""citation"": ""ACTS 21.21"", ""raw_form"": ""ἀποστασίαν""}]"
syntacticus:Nb:303696c1c782b748aae614e2b9225f98fb6a69b226ee69315e27af4b81ca299d,ΑΠΟΣΤΑΣΙΟΝ,1,ἀποστάσιον,False,"[{""token_id"": ""269188"", ""citation"": ""MATT 5.31"", ""raw_form"": ""ἀποστάσιον""}]"
syntacticus:Nb:a50f67b7c97796a2a6301515d213f3b39e93a23a587bbc7a3e0d2593751826bb,ΑΠΟΣΤΑΣΙΟΥ,2,ἀποστάσιον,False,"[{""token_id"": ""279286"", ""citation"": ""MATT 19.7"", ""raw_form"": ""ἀποστασίου""}]"
syntacticus:Nb:5a01c901dd1c1e72c4ce589815925916d51c82e161c4a847b1d3e1b3c753cb3e,ΑΠΟΣΤΟΛΗΝ,2,ἀποστολή,False,"[{""token_id"": ""398961"", ""citation"": ""ROM 1.5"", ""raw_form"": ""ἀποστολὴν""}]"
syntacticus:Nb:4c7d373e2a2a28b1f6d5c7a6d2b9695078abad4fc7a2c838a57b98b8692cda0d,ΑΠΟΣΤΟΛΗΣ,2,ἀποστολή,False,"[{""token_id"": ""378434"", ""citation"": ""ACTS 1.25"", ""raw_form"": ""ἀποστολῆς""}]"
syntacticus:Nb:54dcb489dffb434fdb199edb69e97bfa219702ac37c76fb4aa46700f1f707c19,ΑΠΟΣΤΟΛΟΙ,16,ἀπόστολος,False,"[{""token_id"": ""105984"", ""citation"": ""MARK 6.30"", ""raw_form"": ""ἀπόστολοι""}]"
syntacticus:Nb:83a6bd47899138df601fae8b266ef3cb07c12f72921cb22c05579766ae335c99,ΑΠΟΣΤΟΛΟΙΣ,6,ἀπόστολος,False,"[{""token_id"": ""377922"", ""citation"": ""ACTS 1.2"", ""raw_form"": ""ἀποστόλοις""}]"
syntacticus:Nb:8168411b8d5415be24ac8f10b00b186e2a5cd4f5c2e5f626326bdee6e876a495,ΑΠΟΣΤΟΛΟΝ,2,ἀπόστολος,False,"[{""token_id"": ""448048"", ""citation"": ""PHIL 2.25"", ""raw_form"": ""ἀπόστολον""}]"
syntacticus:Nb:7d582ecd9da6f2cba17d0496d5cce5f1da9a6f1e38d0669838cbf46f85ac4e75,ΑΠΟΣΤΟΛΟΣ,17,ἀπόστολος,False,"[{""token_id"": ""354566"", ""citation"": ""JOHN 13.16"", ""raw_form"": ""ἀπόστολος""}]"
syntacticus:Nb:3b5bc292b81b7f51e3142c49265897bb1b0bba3233ef9c3967a4db11ba133a23,ΑΠΟΣΤΟΛΟΥ,1,ἀπόστολος,False,"[{""token_id"": ""432728"", ""citation"": ""2COR 12.12"", ""raw_form"": ""ἀποστόλου""}]"
syntacticus:Nb:cf53d5de01459ce44986092737c5e418583e3a59612ea8ff49bba67fc08607aa,ΑΠΟΣΤΟΛΟΥΣ,14,ἀπόστολος,False,"[{""token_id"": ""325022"", ""citation"": ""LUKE 6.13"", ""raw_form"": ""ἀποστόλους""}]"
syntacticus:Nb:6ade85e0d1e3127a7856627cae525b4a26189d64662fe9c967ce4e2eda362a8a,ΑΠΟΣΤΟΛΩΝ,20,ἀπόστολος,False,"[{""token_id"": ""272276"", ""citation"": ""MATT 10.2"", ""raw_form"": ""ἀποστόλων""}]"
syntacticus:Nb:91efb6dd6148e4f3a9e01a4d4dc262e60732f246e8d88c283261f1cd7c924879,ΑΠΟΤΟΜΙΑ,1,ἀποτομία,False,"[{""token_id"": ""404566"", ""citation"": ""ROM 11.22"", ""raw_form"": ""ἀποτομία""}]"
syntacticus:Nb:d7d7520c365240bd48f41a44687611f27156e4b6af47d3863f063c2a0be0173a,ΑΠΟΤΟΜΙΑΝ,1,ἀποτομία,False,"[{""token_id"": ""404559"", ""citation"": ""ROM 11.22"", ""raw_form"": ""ἀποτομίαν""}]"
syntacticus:Nb:e79b0502aa9bfd2500c491d6f382982cf29889807e5327b8114876fc2221aa60,ΑΠΟΧΡΗΣΕΙ,1,ἀπόχρησις,False,"[{""token_id"": ""451521"", ""citation"": ""COL 2.22"", ""raw_form"": ""ἀποχρήσει""}]"
syntacticus:Nb:e9516b5d9ebab5368d07e55d659d40a8c79859693d9110615edd667bd174cd1b,ΑΠΩΛΕΙΑ,3,ἀπώλεια,False,"[{""token_id"": ""284812"", ""citation"": ""MATT 26.8"", ""raw_form"": ""ἀπώλεια""}]"
syntacticus:Nb:883c56c1c445f82b045522ba94e281b83fc4f1525ba68359213abdfb2ad58a4c,ΑΠΩΛΕΙΑΝ,7,ἀπώλεια,False,"[{""token_id"": ""270493"", ""citation"": ""MATT 7.13"", ""raw_form"": ""ἀπώλειαν""}]"
syntacticus:Nb:bcacd115a6efcde4168000d592f2ed47a897f1f0937d4a9b0545509ecd6acc31,ΑΠΩΛΕΙΑΣ,3,ἀπώλεια,False,"[{""token_id"": ""357215"", ""citation"": ""JOHN 17.12"", ""raw_form"": ""ἀπωλείας""}]"
syntacticus:Nb:68bea454e53f4617cadcaecc0f75f4ae002e9f69556af740e09ae371337e1cb3,ΑΡΑΒΩΝΑ,1,ἀρραβών,False,"[{""token_id"": ""428589"", ""citation"": ""2COR 1.22"", ""raw_form"": ""ἀραβῶνα""}]"
syntacticus:Nb:99715ffa9cc708c53e4bc91dd5b7a660a6ae2ca68cea905b8cdaab3c3119132f,ΑΡΑΣ,1,ἀρά,False,"[{""token_id"": ""400264"", ""citation"": ""ROM 3.14"", ""raw_form"": ""ἀρᾶς""}]"
syntacticus:Nb:77433d2748227a5f3d5f83732e756e308236cf7fc92747e7a94a7bb712480212,ΑΡΓΥΡΙΑ,8,ἀργύριον,False,"[{""token_id"": ""284303"", ""citation"": ""MATT 25.27"", ""raw_form"": ""ἀργύριά""}]"
syntacticus:Nb:96c67feda694e33eb56f0a268d6cfcd40dcdcf842fe54ada75c11e571051e523,ΑΡΓΥΡΙΟΝ,9,ἀργύριον,False,"[{""token_id"": ""284097"", ""citation"": ""MATT 25.18"", ""raw_form"": ""ἀργύριον""}]"
syntacticus:Nb:4e08c45f7f2535fcd6f1610f147bb9c43cba4eb865a0a0f8a3ad5118bca75edf,ΑΡΓΥΡΙΟΥ,3,ἀργύριον,False,"[{""token_id"": ""382251"", ""citation"": ""ACTS 7.16"", ""raw_form"": ""ἀργυρίου""}]"
syntacticus:Nb:d219bcf9cb44a351fc3efd599931eb3117da9dcde3fe0378a67c1ad47c383abc,ΑΡΓΥΡΟΚΟΠΟΣ,1,ἀργυροκόπος,False,"[{""token_id"": ""391858"", ""citation"": ""ACTS 19.24"", ""raw_form"": ""ἀργυροκόπος""}]"
syntacticus:Nb:7fb9a7c22cb8752f406147d4ccca9afd18852383ba36f6dbd1418b0f93e7a891,ΑΡΓΥΡΟΝ,1,ἄργυρος,False,"[{""token_id"": ""272400"", ""citation"": ""MATT 10.9"", ""raw_form"": ""ἄργυρον""}]"
syntacticus:Nb:576fb1c4acd782e9e16f18545bea7c6bce4277e8fd0454d4d0eb7823f6a0ddd6,ΑΡΓΥΡΟΣ,1,ἄργυρος,False,"[{""token_id"": ""478511"", ""citation"": ""JAS 5.3"", ""raw_form"": ""ἄργυρος""}]"
syntacticus:Nb:85f8d8f57e885ee1fda5cc8af805c438c2653a4e3f7886a172ce3672eda03979,ΑΡΓΥΡΟΥ,1,ἄργυρος,False,"[{""token_id"": ""501020"", ""citation"": ""REV 18.12"", ""raw_form"": ""ἀργύρου""}]"
syntacticus:Nb:a4e3d2a6264652458360469ebc785acbbdcae3acf743d411e46ec7ef763d66de,ΑΡΕΣΚΕΙΑΝ,1,ἀρεσκεία,False,"[{""token_id"": ""450710"", ""citation"": ""COL 1.10"", ""raw_form"": ""ἀρεσκείαν""}]"
syntacticus:Nb:bcd2927cea2cd6511b3aadb531bc8106d13a8825942b32482b5ff2a10dd44ba7,ΑΡΕΤΑΣ,1,ἀρετή,False,"[{""token_id"": ""481140"", ""citation"": ""1PET 2.9"", ""raw_form"": ""ἀρετὰς""}]"
syntacticus:Nb:8d76d46f41f158608219fe4d36072d3db091da44cdec15469bd0bbaac7a3ab2b,ΑΡΕΤΗ,1,ἀρετή,False,"[{""token_id"": ""448694"", ""citation"": ""PHIL 4.8"", ""raw_form"": ""ἀρετὴ""}]"
syntacticus:Nb:b6f9bc0184196912d6cf948f6146b4631b12ae36bee714d799edf85eee3b4b41,ΑΡΙΘΜΟΝ,5,ἀριθμός,False,"[{""token_id"": ""346791"", ""citation"": ""JOHN 6.10"", ""raw_form"": ""ἀριθμὸν""}]"
syntacticus:Nb:564ee2bcae1c0dfe3abe7a099c4a364d50983e64e59296fd047270baf68ddeb5,ΑΡΙΘΜΟΣ,10,ἀριθμός,False,"[{""token_id"": ""380031"", ""citation"": ""ACTS 4.4"", ""raw_form"": ""ἀριθμὸς""}]"
syntacticus:Nb:6e1a57d7c03f12bd3bff1d60229b7bc2474b17fd5c157f8681df8baf59c754d3,ΑΡΙΘΜΟΥ,2,ἀριθμός,False,"[{""token_id"": ""339359"", ""citation"": ""LUKE 22.3"", ""raw_form"": ""ἀριθμοῦ""}]"
syntacticus:Nb:e3bd61fcb5336c9d750ac873aa28d06d7d35704f900d90533bcb03757df17eff,ΑΡΙΣΤΟΝ,2,ἄριστον,False,"[{""token_id"": ""281436"", ""citation"": ""MATT 22.4"", ""raw_form"": ""ἄριστόν""}]"
syntacticus:Nb:36648e0941c5fb483a39ce1a0da3e672fa06ba1a15081c1302187fcf10a886e2,ΑΡΙΣΤΟΥ,1,ἄριστον,False,"[{""token_id"": ""331170"", ""citation"": ""LUKE 11.38"", ""raw_form"": ""ἀρίστου""}]"
syntacticus:Nb:3dccd3224df3895e04e1949b4f67e78fd75848c7c5ab7bbfd4b21af52bb78f29,ΑΡΚΟΥ,1,ἄρκος,False,"[{""token_id"": ""498375"", ""citation"": ""REV 13.2"", ""raw_form"": ""ἄρκου""}]"
syntacticus:Nb:afa96a50b47dba2a9929a84fa2554e30a38683f78b914ddba1e30a47d7ea3e72,ΑΡΜΑ,1,ἅρμα,False,"[{""token_id"": ""383863"", ""citation"": ""ACTS 8.38"", ""raw_form"": ""ἅρμα""}]"
syntacticus:Nb:77a6b82d424c0ff4ed23c54fccdd9ea5b54ec566855da6b75f463c4713d4ce37,ΑΡΜΑΤΙ,1,ἅρμα,False,"[{""token_id"": ""383691"", ""citation"": ""ACTS 8.29"", ""raw_form"": ""ἅρματι""}]"
syntacticus:Nb:fad808a2ae91a47cb7c18aedc074fdf540c3be22a7571cbd4ef3226b072d2be3,ΑΡΜΑΤΟΣ,1,ἅρμα,False,"[{""token_id"": ""383673"", ""citation"": ""ACTS 8.28"", ""raw_form"": ""ἅρματος""}]"
syntacticus:Nb:93ee5c5ab3cc040a1eebcef29f7556de498f1274b27ed217221d03c82ed32689,ΑΡΜΑΤΩΝ,1,ἅρμα,False,"[{""token_id"": ""496629"", ""citation"": ""REV 9.9"", ""raw_form"": ""ἁρμάτων""}]"
syntacticus:Nb:f09e0100d7c98862bb451ed7821a438f54165f71a71e85c2f6efda1a6510709b,ΑΡΜΩΝ,1,ἁρμός,False,"[{""token_id"": ""467797"", ""citation"": ""HEB 4.12"", ""raw_form"": ""ἁρμῶν""}]"
syntacticus:Nb:b2a77c85db532ebc2d4682d9da6bd45f29d2b4e0719b6ffcdc0b72db4d69ad96,ΑΡΝΑΣ,1,ἀρήν,False,"[{""token_id"": ""329495"", ""citation"": ""LUKE 10.3"", ""raw_form"": ""ἄρνας""}]"
syntacticus:Nb:04281ecdd1038245f49821f3c5a4a5e29e55f6de973e750057b30473e44739ce,ΑΡΝΙΑ,1,ἀρνίον,False,"[{""token_id"": ""360452"", ""citation"": ""JOHN 21.15"", ""raw_form"": ""ἀρνία""}]"
syntacticus:Nb:95c0ef932a209beea4860b042d6265ade6ff0631b02560f65f4eaf052f51019b,ΑΡΝΙΟΝ,8,ἀρνίον,False,"[{""token_id"": ""494876"", ""citation"": ""REV 5.6"", ""raw_form"": ""ἀρνίον""}]"
syntacticus:Nb:9b515e6269f59fa9a223e509265d6c5eb364b7d72d0b905244e560e80c280a9b,ΑΡΝΙΟΥ,16,ἀρνίον,False,"[{""token_id"": ""760843"", ""citation"": ""REV 5.8"", ""raw_form"": ""ἀρνίου""}]"
syntacticus:Nb:d199d8ae7324f9616c01989847fff24d8d43ffc525b7da5723ac75b9a554a2b3,ΑΡΟΤΡΟΝ,1,ἄροτρον,False,"[{""token_id"": ""329419"", ""citation"": ""LUKE 9.62"", ""raw_form"": ""ἄροτρον""}]"
syntacticus:Nb:9668fbf7f1e9c63020279ed73c6cd2569aceede43c2699ce4a00aeafd45c92a6,ΑΡΠΑΓΗΝ,1,ἁρπαγή,False,"[{""token_id"": ""470439"", ""citation"": ""HEB 10.34"", ""raw_form"": ""ἁρπαγὴν""}]"
syntacticus:Nb:a9d08a1cd1cfc18f159f562b115f2c866a5f10e241ce712a22a779ef05d272ac,ΑΡΠΑΓΗΣ,2,ἁρπαγή,False,"[{""token_id"": ""282609"", ""citation"": ""MATT 23.25"", ""raw_form"": ""ἁρπαγῆς""}]"
syntacticus:Nb:b57d25a9c00541670d766ff89d4f30901cafed45bb9de3ce62201a543339f29c,ΑΡΠΑΓΜΟΝ,1,ἁρπαγμός,False,"[{""token_id"": ""447743"", ""citation"": ""PHIL 2.6"", ""raw_form"": ""ἁρπαγμὸν""}]"
syntacticus:Nb:ca4d8857eec03e6b68a71a9e23189a54bfc9ad8e068d42a011aa293e6e3721ff,ΑΡΠΑΞΙΝ,1,ἅρπαξ,False,"[{""token_id"": ""762142"", ""citation"": ""1COR 5.10"", ""raw_form"": ""ἅρπαξιν""}]"
syntacticus:Nb:73102f350c7ce5b0aad2088ffed1e202b60f08f3d9f53fd77d8f915b64ae8194,ΑΡΡΑΒΩΝ,1,ἀρραβών,False,"[{""token_id"": ""442496"", ""citation"": ""EPH 1.14"", ""raw_form"": ""ἀρραβὼν""}]"
syntacticus:Nb:734e0d4db755eb220560d1d0ffe49046e98e1d7e616929c028306d941c73b310,ΑΡΡΑΒΩΝΑ,1,ἀρραβών,False,"[{""token_id"": ""429742"", ""citation"": ""2COR 5.5"", ""raw_form"": ""ἀρραβῶνα""}]"
syntacticus:Nb:043bfa74079104529dcd437901706537f6aab50265e10b1e80e2137804e6871a,ΑΡΣΕΝΟΚΟΙΤΑΙ,1,ἀρσενοκοίτης,False,"[{""token_id"": ""415734"", ""citation"": ""1COR 6.9"", ""raw_form"": ""ἀρσενοκοῖται""}]"
syntacticus:Nb:2f7d9f34eb5668711402661b63797520edebd456d452f694c6fa777d1cd21cf9,ΑΡΣΕΝΟΚΟΙΤΑΙΣ,1,ἀρσενοκοίτης,False,"[{""token_id"": ""458672"", ""citation"": ""1TIM 1.10"", ""raw_form"": ""ἀρσενοκοίταις""}]"
syntacticus:Nb:4333e8432c5265f8a2ea15be163089acacedad3742e42eaf2567c53a96e9f5d3,ΑΡΤΕΜΩΝΑ,1,ἀρτέμων,False,"[{""token_id"": ""397782"", ""citation"": ""ACTS 27.40"", ""raw_form"": ""ἀρτέμωνα""}]"
syntacticus:Nb:0e87064da08ff3d5e22acbd38e763401170780dffc8a0f30081e305eacccc836,ΑΡΤΟΙ,4,ἄρτος,False,"[{""token_id"": ""268114"", ""citation"": ""MATT 4.3"", ""raw_form"": ""ἄρτοι""}]"
syntacticus:Nb:b11d743bdf5d7798a4afd2371f10b49513da508657a350cc6ac9bd70d88c0c3b,ΑΡΤΟΙΣ,1,ἄρτος,False,"[{""token_id"": ""106404"", ""citation"": ""MARK 6.52"", ""raw_form"": ""ἄρτοις""}]"
syntacticus:Nb:1df76f4896ddbe72cbb1b4b4a9c9bbc88568979c97de69ecc504d399cfe57e7b,ΑΡΤΟΝ,39,ἄρτος,False,"[{""token_id"": ""269747"", ""citation"": ""MATT 6.11"", ""raw_form"": ""ἄρτον""}]"
syntacticus:Nb:b2ade0bbcc35c9c6e4e5d82890973d774dfa7395fe77ec4c4bc5f464b0f467fb,ΑΡΤΟΣ,10,ἄρτος,False,"[{""token_id"": ""323058"", ""citation"": ""LUKE 4.3"", ""raw_form"": ""ἄρτος""}]"
syntacticus:Nb:2d1cfb172e6914a5f87e0926513505abb4ad8c40b80d8c82ac9163ab8ac31563,ΑΡΤΟΥ,5,ἄρτος,False,"[{""token_id"": ""342173"", ""citation"": ""LUKE 24.35"", ""raw_form"": ""ἄρτου""}]"
syntacticus:Nb:f070ff2a25603b1225c0457d1b1650568b7faf813157dd30b2f32a0fa7356c1e,ΑΡΤΟΥΣ,30,ἄρτος,False,"[{""token_id"": ""273711"", ""citation"": ""MATT 12.4"", ""raw_form"": ""ἄρτους""}]"
syntacticus:Nb:07954d4139f85aa5c1214cf6d533efc4d14a33fde5818e1e85fc951ad24f7034,ΑΡΤΩΝ,6,ἄρτος,False,"[{""token_id"": ""277406"", ""citation"": ""MATT 16.11"", ""raw_form"": ""ἄρτων""}]"
syntacticus:Nb:ce66a419c31df6b68d7dd45bf7608b33523fe896a69275c0a675ff2bdb5a328b,ΑΡΧΑΓΓΕΛΟΥ,1,ἀρχάγγελος,False,"[{""token_id"": ""455024"", ""citation"": ""1THESS 4.16"", ""raw_form"": ""ἀρχαγγέλου""}]"
syntacticus:Nb:fa26ecd0f525706fde44b5f0b4e721b23129aa4472223f05c12f4b9a98ce63a1,ΑΡΧΑΙ,2,ἀρχή,False,"[{""token_id"": ""403119"", ""citation"": ""ROM 8.38"", ""raw_form"": ""ἀρχαὶ""}]"
syntacticus:Nb:03705574bfdffa865a97f2a8c3bf88aefd7d5569e99f764cb9ced0612321e6df,ΑΡΧΑΙΣ,4,ἀρχή,False,"[{""token_id"": ""385018"", ""citation"": ""ACTS 10.11"", ""raw_form"": ""ἀρχαῖς""}]"
syntacticus:Nb:3a3a10b0c0ee2f699777d1912e8b5cce2226ae4b6989ca24c7de01a33e0f2d16,ΑΡΧΑΣ,4,ἀρχή,False,"[{""token_id"": ""331725"", ""citation"": ""LUKE 12.11"", ""raw_form"": ""ἀρχὰς""}]"
syntacticus:Nb:91190366e4daa60b2d37001ee7b3e42df437c3d90d43aa252a6732d86bc2ddc8,ΑΡΧΗ,7,ἀρχή,False,"[{""token_id"": ""283054"", ""citation"": ""MATT 24.8"", ""raw_form"": ""ἀρχὴ""}]"
syntacticus:Nb:4f1feac991a4a81417e6d7a45dc7d1eee616757d067ff0a1b5887a92190dac3e,ΑΡΧΗΓΟΝ,4,ἀρχηγός,False,"[{""token_id"": ""379715"", ""citation"": ""ACTS 3.15"", ""raw_form"": ""ἀρχηγὸν""}]"
syntacticus:Nb:7902eb2d403b2cfebaa12b116ec6494c494fa3a6c0e32495c03f71ae4bea1639,ΑΡΧΗΝ,6,ἀρχή,False,"[{""token_id"": ""343603"", ""citation"": ""JOHN 2.11"", ""raw_form"": ""ἀρχὴν""}]"
syntacticus:Nb:fd9039f8ae9ca4fe2833385aed0698283102db2ca9cebfa0a7b649657ddc5b7d,ΑΡΧΗΣ,16,ἀρχή,False,"[{""token_id"": ""279227"", ""citation"": ""MATT 19.4"", ""raw_form"": ""ἀρχῆς""}]"
syntacticus:Nb:335a83aee2dd5bacf5305960a65a937a4f48908d00c1a4883891e4242249583f,ΑΡΧΙΕΡΕΑ,9,ἀρχιερεύς,False,"[{""token_id"": ""285772"", ""citation"": ""MATT 26.57"", ""raw_form"": ""ἀρχιερέα""}]"
syntacticus:Nb:dd214d3f228a8a1f8c42f71de05253e91291f9375aea17b64f834a88e1cb657b,ΑΡΧΙΕΡΕΙ,3,ἀρχιερεύς,False,"[{""token_id"": ""357822"", ""citation"": ""JOHN 18.15"", ""raw_form"": ""ἀρχιερεῖ""}]"
syntacticus:Nb:e43bc4bd8658f391768cfed5ae2792b807bd75df4d793efcd7b6871be5701fba,ΑΡΧΙΕΡΕΙΣ,49,ἀρχιερεύς,False,"[{""token_id"": ""267248"", ""citation"": ""MATT 2.4"", ""raw_form"": ""ἀρχιερεῖς""}]"
syntacticus:Nb:93f689831407d88df3fbfa7793bd48a3ffc38444f2a1bffa951eee9d15dd33b8,ΑΡΧΙΕΡΕΥΣ,28,ἀρχιερεύς,False,"[{""token_id"": ""285854"", ""citation"": ""MATT 26.62"", ""raw_form"": ""ἀρχιερεὺς""}]"
syntacticus:Nb:a724dcb687e339e928e37c20481f4ed6f3b79edb5a40c5ca17dae29a29522f85,ΑΡΧΙΕΡΕΥΣΙΝ,6,ἀρχιερεύς,False,"[{""token_id"": ""280074"", ""citation"": ""MATT 20.18"", ""raw_form"": ""ἀρχιερεῦσιν""}]"
syntacticus:Nb:77035eb6ac354065f996c781d8e5cc8bde02ff975ba79e16385445562caa91ec,ΑΡΧΙΕΡΕΩΝ,10,ἀρχιερεύς,False,"[{""token_id"": ""277644"", ""citation"": ""MATT 16.21"", ""raw_form"": ""ἀρχιερέων""}]"
syntacticus:Nb:b162f09003f9951a329829850f6504645ef4c5ee3856bf68715c47722592d38f,ΑΡΧΙΕΡΕΩΣ,15,ἀρχιερεύς,False,"[{""token_id"": ""284744"", ""citation"": ""MATT 26.3"", ""raw_form"": ""ἀρχιερέως""}]"
syntacticus:Nb:60d084df779cfb17889f999493b53eb56e183b6659b94ba7c07aabad6dfb99b4,ΑΡΧΙΣΥΝΑΓΩΓΟΙ,1,ἀρχισυνάγωγος,False,"[{""token_id"": ""387218"", ""citation"": ""ACTS 13.15"", ""raw_form"": ""ἀρχισυνάγωγοι""}]"
syntacticus:Nb:2d8944d2aba3db5b067afbf1f8e6703f528d6e17324acbff9a8d2d373ec04fab,ΑΡΧΙΣΥΝΑΓΩΓΟΝ,1,ἀρχισυνάγωγος,False,"[{""token_id"": ""391134"", ""citation"": ""ACTS 18.17"", ""raw_form"": ""ἀρχισυνάγωγον""}]"
syntacticus:Nb:02d845dcc8d3a6dbd5a416b999e3feb1943f8a7141e0260c491e5f79d97b788d,ΑΡΧΙΣΥΝΑΓΩΓΟΣ,2,ἀρχισυνάγωγος,False,"[{""token_id"": ""332964"", ""citation"": ""LUKE 13.14"", ""raw_form"": ""ἀρχισυνάγωγος""}]"
syntacticus:Nb:38b785b926bc1563b499d9411d2796b54d724a695e55bb6a39a5f16d17cf9ea4,ΑΡΧΙΣΥΝΑΓΩΓΟΥ,3,ἀρχισυνάγωγος,False,"[{""token_id"": ""765534"", ""citation"": ""MARK 5.35"", ""raw_form"": ""ἀρχισυναγώγου""}]"
syntacticus:Nb:d3bdc0f29b2ce1ccd9b918a62c74cc131130938282ace0f499313fd96daac099,ΑΡΧΙΣΥΝΑΓΩΓΩΝ,1,ἀρχισυνάγωγος,False,"[{""token_id"": ""104967"", ""citation"": ""MARK 5.22"", ""raw_form"": ""ἀρχισυναγώγων""}]"
syntacticus:Nb:dfbf2099b647a0df30933955890efc29b3bb76232325f4bb27d49f9a68b0ef85,ΑΡΧΙΤΕΚΤΩΝ,1,ἀρχιτέκτων,False,"[{""token_id"": ""414678"", ""citation"": ""1COR 3.10"", ""raw_form"": ""ἀρχιτέκτων""}]"
syntacticus:Nb:17bbbad1dd6cde96d39f198414a81073b53d2c27ccbaf9029fb8533be20269f6,ΑΡΧΙΤΕΛΩΝΗΣ,1,ἀρχιτελώνης,False,"[{""token_id"": ""336973"", ""citation"": ""LUKE 19.2"", ""raw_form"": ""ἀρχιτελώνης""}]"
syntacticus:Nb:e37afc95b12fb194d053bf96dcce042b4cb23a15fefc99bb7e51fe45085f0cf7,ΑΡΧΙΤΡΙΚΛΙΝΟΣ,2,ἀρχιτρίκλινος,False,"[{""token_id"": ""343549"", ""citation"": ""JOHN 2.9"", ""raw_form"": ""ἀρχιτρίκλινος""}]"
syntacticus:Nb:b09eafe16f8cf4a6788deb912eb98aea7b46656c5453e448974b46e2d4014981,ΑΡΧΟΝΤΑ,6,ἄρχων,False,"[{""token_id"": ""332653"", ""citation"": ""LUKE 12.58"", ""raw_form"": ""ἄρχοντα""}]"
syntacticus:Nb:e025dc734c46a7a9d7929ce6bbc2a154b4c9425c9daa105ff93362a3cb174542,ΑΡΧΟΝΤΑΣ,3,ἄρχων,False,"[{""token_id"": ""340825"", ""citation"": ""LUKE 23.13"", ""raw_form"": ""ἄρχοντας""}]"
syntacticus:Nb:7da42d58ceac08bcb68ccf32d759921f93fcb10a6c0b7a750610f4869433c40c,ΑΡΧΟΝΤΕΣ,8,ἄρχων,False,"[{""token_id"": ""280233"", ""citation"": ""MATT 20.25"", ""raw_form"": ""ἄρχοντες""}]"
syntacticus:Nb:b4d30b63799b9dcd617f574abd90713ae40917905c0e6e489d42e6d5f94883c4,ΑΡΧΟΝΤΙ,4,ἄρχων,False,"[{""token_id"": ""272164"", ""citation"": ""MATT 9.34"", ""raw_form"": ""ἄρχοντι""}]"
syntacticus:Nb:a0ef0f8e67ee7391c2b88f3f8389ae085456d2c12c9065ceb9a7de95df543350,ΑΡΧΟΝΤΟΣ,1,ἄρχων,False,"[{""token_id"": ""271982"", ""citation"": ""MATT 9.23"", ""raw_form"": ""ἄρχοντος""}]"
syntacticus:Nb:b2e177bd88fab00315e7474a5898c0f5afcb81701c5827ac551cbb6726cf8be4,ΑΡΧΟΝΤΩΝ,5,ἄρχων,False,"[{""token_id"": ""333478"", ""citation"": ""LUKE 14.1"", ""raw_form"": ""ἀρχόντων""}]"
syntacticus:Nb:533a9f4a468e411aeb822ed6e606999177a3140ca4a43cf48959a4e74c7dafac,ΑΡΧΟΥΣΙΝ,1,ἄρχων,False,"[{""token_id"": ""388046"", ""citation"": ""ACTS 14.5"", ""raw_form"": ""ἄρχουσιν""}]"
syntacticus:Nb:b49de8aa6416a3590746317ce764874b5324b57a7bb3ba2ddca58427f9351028,ΑΡΧΩΝ,8,ἄρχων,False,"[{""token_id"": ""271885"", ""citation"": ""MATT 9.18"", ""raw_form"": ""ἄρχων""}]"
syntacticus:Nb:75a7cfff53f83464352ff78d976ef5cdfe1b2d1b52d9a51c9bd7b22461d46ca6,ΑΡΩΜΑΤΑ,3,ἄρωμα,False,"[{""token_id"": ""114372"", ""citation"": ""MARK 16.1"", ""raw_form"": ""ἀρώματα""}]"
syntacticus:Nb:ddcac3fa5e94b4460f4e42ee6965646fc2a5bea864e49a5a273702bfefbcc384,ΑΡΩΜΑΤΩΝ,1,ἄρωμα,False,"[{""token_id"": ""359337"", ""citation"": ""JOHN 19.40"", ""raw_form"": ""ἀρωμάτων""}]"
syntacticus:Nb:edce984a50e26c8030d01892f8034262527c658a50023c73e8ad255d5bc0dd66,ΑΣΕΒΕΙΑΝ,2,ἀσέβεια,False,"[{""token_id"": ""399217"", ""citation"": ""ROM 1.18"", ""raw_form"": ""ἀσέβειαν""}]"
syntacticus:Nb:129cad62d2af1d9bb6ce47e34730b90bbdccafc51753e43988f67d5702d64c91,ΑΣΕΒΕΙΑΣ,2,ἀσέβεια,False,"[{""token_id"": ""759052"", ""citation"": ""ROM 11.26"", ""raw_form"": ""ἀσεβείας""}]"
syntacticus:Nb:529eea02146b2174de1dc892fc9ea286b7c85e180355a1fc2bec48213122040b,ΑΣΕΛΓΕΙΑ,2,ἀσέλγεια,False,"[{""token_id"": ""106888"", ""citation"": ""MARK 7.22"", ""raw_form"": ""ἀσέλγεια""}]"
syntacticus:Nb:1d4ba3052ae76d1200cbc8957b90e333aa229eb5a7ed3496b953844df12ed020,ΑΣΕΛΓΕΙΑΙΣ,1,ἀσέλγεια,False,"[{""token_id"": ""405497"", ""citation"": ""ROM 13.13"", ""raw_form"": ""ἀσελγείαις""}]"
syntacticus:Nb:14cfcd7cadae4c92a678efe7e91ea63da4e240ae90289b4fe4ccfb095c268e00,ΑΣΘΕΝΕΙΑ,1,ἀσθένεια,False,"[{""token_id"": ""352184"", ""citation"": ""JOHN 11.4"", ""raw_form"": ""ἀσθένεια""}]"
syntacticus:Nb:a7567e7efe29c1b96fa14d0c7c0a8645eb8b3b1f2e38c7ff7101c2d68e3cbad4,ΑΣΘΕΝΕΙΑΙΣ,4,ἀσθένεια,False,"[{""token_id"": ""432567"", ""citation"": ""2COR 12.5"", ""raw_form"": ""ἀσθενείαις""}]"
syntacticus:Nb:148e7fa77d9e22eceffd906999903bfa1d3875e61804dc1a89b9faeec758cfb5,ΑΣΘΕΝΕΙΑΝ,4,ἀσθένεια,False,"[{""token_id"": ""401761"", ""citation"": ""ROM 6.19"", ""raw_form"": ""ἀσθένειαν""}]"
syntacticus:Nb:6c3d3f1750f170765e030780c6993a89e5145bf7aab22415b4bdcec3ceda910c,ΑΣΘΕΝΕΙΑΣ,8,ἀσθένεια,False,"[{""token_id"": ""271163"", ""citation"": ""MATT 8.17"", ""raw_form"": ""ἀσθενείας""}]"
syntacticus:Nb:5be9f63f7f42e7ad0c06ce3e2540437189f6ee1b905a3940aef00133bfb1c697,ΑΣΘΕΝΕΙΩΝ,2,ἀσθένεια,False,"[{""token_id"": ""324219"", ""citation"": ""LUKE 5.15"", ""raw_form"": ""ἀσθενειῶν""}]"
syntacticus:Nb:dbfbcbe682f73f89e07d4e0916ffa0f26d7e3d7ebd5ab56d3104eb40ec2d1217,ΑΣΘΕΝΗΜΑΤΑ,1,ἀσθένημα,False,"[{""token_id"": ""405965"", ""citation"": ""ROM 15.1"", ""raw_form"": ""ἀσθενήματα""}]"
syntacticus:Nb:25f70e2fefa31512371a4be6f0cdde4c9430a04be9d4224a91a8a44489b21a2a,ΑΣΙΑΡΧΩΝ,1,Ἀσιάρχης,False,"[{""token_id"": ""392019"", ""citation"": ""ACTS 19.31"", ""raw_form"": ""Ἀσιαρχῶν""}]"
syntacticus:Nb:feb2445d7ffbcd073c40911d3d0bc91b318c35fe96aba2d250e66736c2310e97,ΑΣΙΤΙΑΣ,1,ἀσιτία,False,"[{""token_id"": ""397407"", ""citation"": ""ACTS 27.21"", ""raw_form"": ""ἀσιτίας""}]"
syntacticus:Nb:91b05539a0ab1a30fc4f7e340f4b2ce6edb7e337fc8761d4188b24e47d2b074a,ΑΣΚΟΙ,4,ἀσκός,False,"[{""token_id"": ""271857"", ""citation"": ""MATT 9.17"", ""raw_form"": ""ἀσκοί""}]"
syntacticus:Nb:1b13d236725027993b0232117bbe040aab05f151a4775c7fac534f9e5d91f14d,ΑΣΚΟΥΣ,7,ἀσκός,False,"[{""token_id"": ""271848"", ""citation"": ""MATT 9.17"", ""raw_form"": ""ἀσκοὺς""}]"
syntacticus:Nb:f350ada7c953222af9c9d05727a456e16b3f29f83c010fd8d5f84e66ec5f88d0,ΑΣΠΑΣΜΟΝ,1,ἀσπασμός,False,"[{""token_id"": ""320807"", ""citation"": ""LUKE 1.41"", ""raw_form"": ""ἀσπασμὸν""}]"
syntacticus:Nb:ef429615216ecca208f78c880e7a725fa63cd5d5fdc6bcb4dc04f0b666ebbb54,ΑΣΠΑΣΜΟΣ,4,ἀσπασμός,False,"[{""token_id"": ""320597"", ""citation"": ""LUKE 1.29"", ""raw_form"": ""ἀσπασμὸς""}]"
syntacticus:Nb:bc83a48d1b0d4602326e7d5aa85cb2ea429d2ba54578d03c9b38469ffa931a8b,ΑΣΠΑΣΜΟΥ,1,ἀσπασμός,False,"[{""token_id"": ""320869"", ""citation"": ""LUKE 1.44"", ""raw_form"": ""ἀσπασμοῦ""}]"
syntacticus:Nb:6ef26650e8eacdbe2a27c38c4afb0ad4cf2ec0676ba920f56bf32bfbd68f0c95,ΑΣΠΑΣΜΟΥΣ,4,ἀσπασμός,False,"[{""token_id"": ""282252"", ""citation"": ""MATT 23.7"", ""raw_form"": ""ἀσπασμοὺς""}]"
syntacticus:Nb:1df871a949d3b6acb5efc2eb144cc9570d95c803f2b550e2d71943942b3bee4e,ΑΣΠΙΔΩΝ,1,ἀσπίς,False,"[{""token_id"": ""400255"", ""citation"": ""ROM 3.13"", ""raw_form"": ""ἀσπίδων""}]"
syntacticus:Nb:eea210327e937c57148fbbd815b73646eb34ec7ae2df553c613610958f713749,ΑΣΣΑΡΙΟΥ,1,ἀσσάριον,False,"[{""token_id"": ""272818"", ""citation"": ""MATT 10.29"", ""raw_form"": ""ἀσσαρίου""}]"
syntacticus:Nb:2b2b31ce7cb4e661177827265a9d86862a630aa9169a20b68b9c92a0713711b7,ΑΣΣΑΡΙΩΝ,1,ἀσσάριον,False,"[{""token_id"": ""331619"", ""citation"": ""LUKE 12.6"", ""raw_form"": ""ἀσσαρίων""}]"
syntacticus:Nb:ef8e66050fcb6b0652610791cb9219a5aef0f629af38caadb3754a65484facb6,ΑΣΤΕΡΑ,4,ἀστήρ,False,"[{""token_id"": ""267223"", ""citation"": ""MATT 2.2"", ""raw_form"": ""ἀστέρα""}]"
syntacticus:Nb:bd00f5144378df1b7392c7a055298742c4d7606eece2eae8c9b0010af2417575,ΑΣΤΕΡΑΣ,3,ἀστήρ,False,"[{""token_id"": ""492980"", ""citation"": ""REV 1.16"", ""raw_form"": ""ἀστέρας""}]"
syntacticus:Nb:c3ea5a909125f062f5e9b716c1f30f0f9b51bfc6478b870f97d6e828fb6fb39d,ΑΣΤΕΡΕΣ,4,ἀστήρ,False,"[{""token_id"": ""283387"", ""citation"": ""MATT 24.29"", ""raw_form"": ""ἀστέρες""}]"
syntacticus:Nb:2c5124a622a11034f7158b6240d84cdf7530d0eff194a4e04fc8edf241ede4f0,ΑΣΤΕΡΟΣ,3,ἀστήρ,False,"[{""token_id"": ""267320"", ""citation"": ""MATT 2.7"", ""raw_form"": ""ἀστέρος""}]"
syntacticus:Nb:164e928f135874a664a47a8fd263b5bf8b5a816b4d2133abd4aa7ed537dfac2c,ΑΣΤΕΡΩΝ,5,ἀστήρ,False,"[{""token_id"": ""420937"", ""citation"": ""1COR 15.41"", ""raw_form"": ""ἀστέρων""}]"
syntacticus:Nb:f8fa8ac6fb1270a6dbdc87d51e2e2c1d3c5dda204585474488e489c67adbd7b7,ΑΣΤΗΡ,4,ἀστήρ,False,"[{""token_id"": ""267359"", ""citation"": ""MATT 2.9"", ""raw_form"": ""ἀστὴρ""}]"
syntacticus:Nb:03b65c976113d1a384f6d159ba334b4185aa5f925218b54d0dcd8154f17b63ec,ΑΣΤΡΑ,1,ἄστρον,False,"[{""token_id"": ""470762"", ""citation"": ""HEB 11.12"", ""raw_form"": ""ἄστρα""}]"
syntacticus:Nb:8935c58162de8938edf280cdc371191adb79e74c16a4cee7955d96f9e2a2ae62,ΑΣΤΡΑΠΑΙ,4,ἀστραπή,False,"[{""token_id"": ""494533"", ""citation"": ""REV 4.5"", ""raw_form"": ""ἀστραπαὶ""}]"
syntacticus:Nb:b1fab36a040d367ca2274878f7f2bc6e1afb2e1e2388d420900f31ba1e0eedba,ΑΣΤΡΑΠΗ,3,ἀστραπή,False,"[{""token_id"": ""283336"", ""citation"": ""MATT 24.27"", ""raw_form"": ""ἀστραπὴ""}]"
syntacticus:Nb:afb1ee6abeaf14ecaeca17174069bd0a28139a9e8f271507c1dbc63fafe675c5,ΑΣΤΡΑΠΗΝ,1,ἀστραπή,False,"[{""token_id"": ""329784"", ""citation"": ""LUKE 10.18"", ""raw_form"": ""ἀστραπὴν""}]"
syntacticus:Nb:9261befe651f1a77ea355b95be97976d9987fea2b3d1ed95149581cca1215eeb,ΑΣΤΡΟΙΣ,1,ἄστρον,False,"[{""token_id"": ""339082"", ""citation"": ""LUKE 21.25"", ""raw_form"": ""ἄστροις""}]"
syntacticus:Nb:27fbf5cd0eb29176e8e32bae25bf1583b6c49aeebdff847bda13ed77cc4718e3,ΑΣΤΡΟΝ,1,ἄστρον,False,"[{""token_id"": ""382824"", ""citation"": ""ACTS 7.43"", ""raw_form"": ""ἄστρον""}]"
syntacticus:Nb:50421a7cf6eec42f6f0c6665ba3ced8f15506c18abc2b9a20b9f7c2e426f4ee2,ΑΣΤΡΩΝ,1,ἄστρον,False,"[{""token_id"": ""397385"", ""citation"": ""ACTS 27.20"", ""raw_form"": ""ἄστρων""}]"
syntacticus:Nb:8a6f43b013bbb8f94cabc41ea8870662cbe21d8de800f1890001eba43cafa7e5,ΑΣΦΑΛΕΙΑ,1,ἀσφάλεια,False,"[{""token_id"": ""455111"", ""citation"": ""1THESS 5.3"", ""raw_form"": ""ἀσφάλεια""}]"
syntacticus:Nb:438a9026ed66ef2a7f349907a76875a347c4fae37d1535ba9d4e03c0dcbf8622,ΑΣΦΑΛΕΙΑΝ,1,ἀσφάλεια,False,"[{""token_id"": ""320103"", ""citation"": ""LUKE 1.4"", ""raw_form"": ""ἀσφάλειαν""}]"
syntacticus:Nb:8afab8204cb85c573b89b81def75fddd60b29fa15e4a9bb6f053fcc9edf69f1b,ΑΣΧΗΜΟΣΥΝΗΝ,2,ἀσχημοσὐνη,False,"[{""token_id"": ""399415"", ""citation"": ""ROM 1.27"", ""raw_form"": ""ἀσχημοσύνην""}]"
syntacticus:Nb:d4e78170ba35e0bca36bbf2864ef3e3d282a797aa22663effb029094bddf931f,ΑΣΩΤΙΑ,1,ἀσωτία,False,"[{""token_id"": ""444250"", ""citation"": ""EPH 5.18"", ""raw_form"": ""ἀσωτία""}]"
syntacticus:Nb:8df8fd55940bd8f64b0363d4d385bfd7bf8d4b21dcf05c8704a7e6f89b1b6f08,ΑΣΩΤΙΑΣ,1,ἀσωτία,False,"[{""token_id"": ""464731"", ""citation"": ""TIT 1.6"", ""raw_form"": ""ἀσωτίας""}]"
syntacticus:Nb:d5bf60c2532cf745bc267662711d6ec2adced7faece61d8a8e868180f650811b,ΑΤΙΜΙΑ,1,ἀτιμία,False,"[{""token_id"": ""418333"", ""citation"": ""1COR 11.14"", ""raw_form"": ""ἀτιμία""}]"
syntacticus:Nb:397b354a2b44b21c5c4831093cf3a7acf80ead658477d71d7434aef6248908b4,ΑΤΙΜΙΑΝ,3,ἀτιμία,False,"[{""token_id"": ""403533"", ""citation"": ""ROM 9.21"", ""raw_form"": ""ἀτιμίαν""}]"
syntacticus:Nb:1c61751aab0e79a3f740cacf0dda2a6f1fcb3adaba92d74ea2cba14c0e7b4386,ΑΤΙΜΙΑΣ,2,ἀτιμία,False,"[{""token_id"": ""399376"", ""citation"": ""ROM 1.26"", ""raw_form"": ""ἀτιμίας""}]"
syntacticus:Nb:24046e5a7436da741b9843e4eb9b3d4a7e8ae0fd3277536ef11286c12c5d0adf,ΑΤΜΙΔΑ,1,ἀτμίς,False,"[{""token_id"": ""378831"", ""citation"": ""ACTS 2.19"", ""raw_form"": ""ἀτμίδα""}]"
syntacticus:Nb:eb500dad808db69a0ac4f198133895100e0f989883aad7cd6a7e80d2fe845210,ΑΤΜΙΣ,1,ἀτμίς,False,"[{""token_id"": ""478425"", ""citation"": ""JAS 4.14"", ""raw_form"": ""ἀτμὶς""}]"
syntacticus:Nb:856fa76ba4ebcb9f441dd427cd3a93bafd886d977a3f729cc6d09fe2902fdabd,ΑΥΓΗΣ,1,αὐγή,False,"[{""token_id"": ""392445"", ""citation"": ""ACTS 20.11"", ""raw_form"": ""αὐγῆς""}]"
syntacticus:Nb:b2ccdd8681dedec281c137a7a3e51a19057327e88f4d49cd6884c09c814d1dff,ΑΥΛΗΝ,6,αὐλή,False,"[{""token_id"": ""284742"", ""citation"": ""MATT 26.3"", ""raw_form"": ""αὐλὴν""}]"
syntacticus:Nb:cd78e94d53efe1db16101ef83bef6318f4c85d30bda02b05830bb16308a117e1,ΑΥΛΗΣ,4,αὐλή,False,"[{""token_id"": ""285790"", ""citation"": ""MATT 26.58"", ""raw_form"": ""αὐλῆς""}]"
syntacticus:Nb:9776a3ae43b09fe10ed5b45059cbc5b5d2c9dcb2a7c43160f168ce40fb12feb5,ΑΥΛΗΤΑΣ,1,αὐλητής,False,"[{""token_id"": ""271986"", ""citation"": ""MATT 9.23"", ""raw_form"": ""αὐλητὰς""}]"
syntacticus:Nb:162d6a51e8bf07ff219d47d9b6e2410fb53b79f3119c28effb509318f681c440,ΑΥΛΗΤΩΝ,1,αὐλητής,False,"[{""token_id"": ""501322"", ""citation"": ""REV 18.22"", ""raw_form"": ""αὐλητῶν""}]"
syntacticus:Nb:7ebf607a2779115f3704cde921ab216df1427422f781c3bb6ea111a7b1925703,ΑΥΛΟΣ,1,αὐλός,False,"[{""token_id"": ""419650"", ""citation"": ""1COR 14.7"", ""raw_form"": ""αὐλὸς""}]"
syntacticus:Nb:2d747f66ef91991b6ba601ef9a3313ca2fb5f4ecef69797b75e08654df3a7226,ΑΥΞΗΣΙΝ,2,αὔξησις,False,"[{""token_id"": ""443719"", ""citation"": ""EPH 4.16"", ""raw_form"": ""αὔξησιν""}]"
syntacticus:Nb:2ef97d1b01ab7e01101ab6f665736513a5f70f1c9c56592acb71e7ead1084ffd,ΑΥΤΑΡΚΕΙΑΝ,1,αὐτάρκεια,False,"[{""token_id"": ""431382"", ""citation"": ""2COR 9.8"", ""raw_form"": ""αὐτάρκειαν""}]"
syntacticus:Nb:e669d9893753a34b3ec3418736c3ad02937ad15dca0fb21fc1eaa1cadeb87ef4,ΑΥΤΑΡΚΕΙΑΣ,1,αὐτάρκεια,False,"[{""token_id"": ""460132"", ""citation"": ""1TIM 6.6"", ""raw_form"": ""αὐταρκείας""}]"
syntacticus:Nb:70565d279ea65a3d0b55c3def5b54427855da6db85580723129304fb0f60e5ba,ΑΥΤΟΠΤΑΙ,1,αὐτόπτης,False,"[{""token_id"": ""320075"", ""citation"": ""LUKE 1.2"", ""raw_form"": ""αὐτόπται""}]"
syntacticus:Nb:c7ea0efa480b117417418ab36f37563490e49d1d0920d4506159ce67f733dc91,ΑΦΑΝΙΣΜΟΥ,1,ἀφανισμός,False,"[{""token_id"": ""469328"", ""citation"": ""HEB 8.13"", ""raw_form"": ""ἀφανισμοῦ""}]"
syntacticus:Nb:9c109a03085dbeaaf7a6d3257eff52a4750c1614add47318dcc7cbba3bd0434b,ΑΦΕΔΡΩΝΑ,2,ἀφεδρών,False,"[{""token_id"": ""276788"", ""citation"": ""MATT 15.17"", ""raw_form"": ""ἀφεδρῶνα""}]"
syntacticus:Nb:4de1a63a8cd0c3476f5f72ede6fc0e7ba4d2077f85b5f786fcc68aba95d2bb9c,ΑΦΕΛΟΤΗΤΙ,1,ἀφελότης,False,"[{""token_id"": ""379387"", ""citation"": ""ACTS 2.46"", ""raw_form"": ""ἀφελότητι""}]"
syntacticus:Nb:1862041d1581bb48afd76919e87dcd3131988453f31d4427ebf0e01d4ca6d9d1,ΑΦΕΣΕΙ,2,ἄφεσις,False,"[{""token_id"": ""321348"", ""citation"": ""LUKE 1.77"", ""raw_form"": ""ἀφέσει""}]"
syntacticus:Nb:edf620d3ac9de010bfb29a82b5210ff41a2328cea439c40a0594ba086f59a5bb,ΑΦΕΣΙΝ,12,ἄφεσις,False,"[{""token_id"": ""285175"", ""citation"": ""MATT 26.28"", ""raw_form"": ""ἄφεσιν""}]"
syntacticus:Nb:3d3ee0b06eef0335c3afdaf19d6ef6f0b13b605f9f6fb08e41acca1903f149c2,ΑΦΕΣΙΣ,3,ἄφεσις,False,"[{""token_id"": ""387667"", ""citation"": ""ACTS 13.38"", ""raw_form"": ""ἄφεσις""}]"
syntacticus:Nb:86921db7689e2375190f2d926233a0862708c0d6e1bf4296e33945c6982e10c6,ΑΦΗΣ,1,ἁφή,False,"[{""token_id"": ""443708"", ""citation"": ""EPH 4.16"", ""raw_form"": ""ἁφῆς""}]"
syntacticus:Nb:7598639b0a711c63d252bc3ed4e8c47825c1580b903761303449266c7670b91d,ΑΦΘΑΡΣΙΑΝ,5,ἀφθαρσία,False,"[{""token_id"": ""399648"", ""citation"": ""ROM 2.7"", ""raw_form"": ""ἀφθαρσίαν""}]"
syntacticus:Nb:54cfa0967abc9630bd5388206a9190f55eaf6318e79963f52f4635bb0d4692df,ΑΦΘΟΡΙΑΝ,1,ἀφθορία,False,"[{""token_id"": ""465007"", ""citation"": ""TIT 2.7"", ""raw_form"": ""ἀφθορίαν""}]"
syntacticus:Nb:8e08ef214adddcec05b3a2e804b3071e6b98ee4c2ab62c31dc42d391ef1bf2fa,ΑΦΙΞΙΝ,1,ἄφιξις,False,"[{""token_id"": ""392800"", ""citation"": ""ACTS 20.29"", ""raw_form"": ""ἄφιξίν""}]"
syntacticus:Nb:e6393b03d6aaac7e2716c3232f163a371e576a2abe591c451a48df9f706fc73a,ΑΦΟΡΜΗΝ,7,ἀφορμή,False,"[{""token_id"": ""402062"", ""citation"": ""ROM 7.8"", ""raw_form"": ""ἀφορμὴν""}]"
syntacticus:Nb:f9bb8b845c4fbf403c2f26377fc20193dca07e684b9d4df34f8ff08abb6fcc95,ΑΦΡΟΣΥΝΗ,1,ἀφροσύνη,False,"[{""token_id"": ""106897"", ""citation"": ""MARK 7.22"", ""raw_form"": ""ἀφροσύνη""}]"
syntacticus:Nb:a4f0cb49f718c44a94eac32a86088e126d167ab4b69d8b8f1e46b2b5cd4c853a,ΑΦΡΟΣΥΝΗΣ,1,ἀφροσύνη,False,"[{""token_id"": ""431878"", ""citation"": ""2COR 11.1"", ""raw_form"": ""ἀφροσύνης""}]"
syntacticus:Nb:a4d8da088db2bc58d891c4c61bf33d92e00bebf4f33c6460dcc64187ce35945d,ΑΦΡΟΥ,1,ἀφρός,False,"[{""token_id"": ""328943"", ""citation"": ""LUKE 9.39"", ""raw_form"": ""ἀφροῦ""}]"
syntacticus:Nb:163fcb75e059285a3623a1d8f78c4be833586b2d95e7d51af849d1ecf8385d16,ΑΦΩΝ,1,ἁφή,False,"[{""token_id"": ""451479"", ""citation"": ""COL 2.19"", ""raw_form"": ""ἁφῶν""}]"
syntacticus:Nb:d592ca382ad054f24eff3a32be328e41a22729a5d01857c545231988c2009b48,ΑΧΛΥΣ,1,ἀχλύς,False,"[{""token_id"": ""387138"", ""citation"": ""ACTS 13.11"", ""raw_form"": ""ἀχλὺς""}]"
syntacticus:Nb:94e4085ea14ed3e047c1212389791b17d4f74fafcea965911312e308fca96540,ΑΧΥΡΟΝ,2,ἄχυρον,False,"[{""token_id"": ""267956"", ""citation"": ""MATT 3.12"", ""raw_form"": ""ἄχυρον""}]"
syntacticus:Nb:ca8233b298a4b4b065fd53ba64ccda70a4b51019f394090beb5d3594e7f587f0,ΑΨΙΝΘΟΝ,1,ἄψινθος,False,"[{""token_id"": ""496315"", ""citation"": ""REV 8.11"", ""raw_form"": ""ἄψινθον""}]"
syntacticus:Nb:1eeb481c9fa7bcf78e533392f3c4bbdd35676510dfc1c9b197487cae56fe2e10,ΑΨΙΝΘΟΣ,1,ἄψινθος,False,"[{""token_id"": ""496306"", ""citation"": ""REV 8.11"", ""raw_form"": ""ἄψινθος""}]"
syntacticus:Nb:cc216dd97ed704160a8cbaf2d4f09c8aebe794316781412b20862209e43dcd3c,ΒΑΘΕΑ,1,βάθος,False,"[{""token_id"": ""493741"", ""citation"": ""REV 2.24"", ""raw_form"": ""βαθέα""}]"
syntacticus:Nb:1f57ae23f3a06772bbf80a4b5fd6234c267152401da4846c8e8df6b2206f1091,ΒΑΘΗ,1,βάθος,False,"[{""token_id"": ""414380"", ""citation"": ""1COR 2.10"", ""raw_form"": ""βάθη""}]"
syntacticus:Nb:ff2358e80b97687b3ee980a2d1cd3ce431eb3226363c4cb0943ca908ae5fc770,ΒΑΘΜΟΝ,1,βαθμός,False,"[{""token_id"": ""459274"", ""citation"": ""1TIM 3.13"", ""raw_form"": ""βαθμὸν""}]"
syntacticus:Nb:fb2500ae540e29bac71280dac063799c94cd90286d71a0ce529192e55b963d50,ΒΑΘΟΣ,6,βάθος,False,"[{""token_id"": ""274759"", ""citation"": ""MATT 13.5"", ""raw_form"": ""βάθος""}]"
syntacticus:Nb:76865de6d3aae952ee6ba56d8da70b308a5ae5cb1fa378d252b521523429fcf9,ΒΑΘΟΥΣ,1,βάθος,False,"[{""token_id"": ""430783"", ""citation"": ""2COR 8.2"", ""raw_form"": ""βάθους""}]"
syntacticus:Nb:ba1b0729796213f5134c5efe34bb183aeeb011df4c11e9340d24d22598672e2c,ΒΑΙΑ,1,βαΐον,False,"[{""token_id"": ""353451"", ""citation"": ""JOHN 12.13"", ""raw_form"": ""βαΐα""}]"
syntacticus:Nb:2c97970ce45eca7f760279b7ebc970ad4860852656b71007793d133a842e9967,ΒΑΛΛΑΝΤΙΑ,1,βαλλάντιον,False,"[{""token_id"": ""332146"", ""citation"": ""LUKE 12.33"", ""raw_form"": ""βαλλάντια""}]"
syntacticus:Nb:4c624fbf015d64c4a1226067ed7b848b3106675ffeb79e20a4a92e85c1518d40,ΒΑΛΛΑΝΤΙΟΝ,2,βαλλάντιον,False,"[{""token_id"": ""329502"", ""citation"": ""LUKE 10.4"", ""raw_form"": ""βαλλάντιον""}]"
syntacticus:Nb:4db730848c995001985bee6119019cdc737a839fc142330f9f0313f299b9c118,ΒΑΛΛΑΝΤΙΟΥ,1,βαλλάντιον,False,"[{""token_id"": ""339908"", ""citation"": ""LUKE 22.35"", ""raw_form"": ""βαλλαντίου""}]"
syntacticus:Nb:30b2a232dd452c65827541f11ddd4124783dde8abba5d0b33318e5c1a3fb8fb2,ΒΑΠΤΙΣΜΑ,16,βάπτισμα,False,"[{""token_id"": ""267821"", ""citation"": ""MATT 3.7"", ""raw_form"": ""βάπτισμα""}]"
syntacticus:Nb:0dd58bbf8b745f4ce67ed550b05d46192446d3da3a9c02e5835032585048177b,ΒΑΠΤΙΣΜΑΤΙ,1,βάπτισμα,False,"[{""token_id"": ""451330"", ""citation"": ""COL 2.12"", ""raw_form"": ""βαπτίσματι""}]"
syntacticus:Nb:86d579385c4a0c84c3772e93652031a3090ce10385fd8ec8be3ccbf8baffd7cb,ΒΑΠΤΙΣΜΑΤΟΣ,2,βάπτισμα,False,"[{""token_id"": ""378373"", ""citation"": ""ACTS 1.22"", ""raw_form"": ""βαπτίσματος""}]"
syntacticus:Nb:a93bacccb4c9906a8ffdf143faef07b8f88582c02ff48de2b99e3691b3a39904,ΒΑΠΤΙΣΜΟΙΣ,1,βαπτισμός,False,"[{""token_id"": ""469519"", ""citation"": ""HEB 9.10"", ""raw_form"": ""βαπτισμοῖς""}]"
syntacticus:Nb:629a11c1d4b2d4284df7beadd8a1abd7fbee1e1991a53b345ff30ecc141f06cb,ΒΑΠΤΙΣΜΟΥΣ,1,βαπτισμός,False,"[{""token_id"": ""106562"", ""citation"": ""MARK 7.4"", ""raw_form"": ""βαπτισμοὺς""}]"
syntacticus:Nb:7cddd607643740a84b20f16f633b4060d61865e41d91353b3f1494565b23e9c5,ΒΑΠΤΙΣΜΩΝ,1,βαπτισμός,False,"[{""token_id"": ""468176"", ""citation"": ""HEB 6.2"", ""raw_form"": ""βαπτισμῶν""}]"
syntacticus:Nb:dddc6652ceefcf3e71e3ef57a405af559313aca800e40ad0eec66f2ac904f4e3,ΒΑΡΕΙ,1,βάρος,False,"[{""token_id"": ""454128"", ""citation"": ""1THESS 2.6"", ""raw_form"": ""βάρει""}]"
syntacticus:Nb:c7bbffaf1281ebb18dedb97bd57d99fde3f88005cefdd91f24ebedd9b71ad6be,ΒΑΡΗ,1,βάρος,False,"[{""token_id"": ""439844"", ""citation"": ""GAL 6.2"", ""raw_form"": ""βάρη""}]"
syntacticus:Nb:00d1daedc582401be8b434584f1dcd3e5e6cfe0920dd8b1ef128c83b6e6a7741,ΒΑΡΟΣ,4,βάρος,False,"[{""token_id"": ""279970"", ""citation"": ""MATT 20.12"", ""raw_form"": ""βάρος""}]"
syntacticus:Nb:2e2fbd6377ae1e8d4257e69001a01ce99a803b6620615456f023b0ea5568cb37,ΒΑΣΑΝΙΣΜΟΝ,1,βασανισμός,False,"[{""token_id"": ""500884"", ""citation"": ""REV 18.7"", ""raw_form"": ""βασανισμὸν""}]"
syntacticus:Nb:fa3e4b66f2c0a1571fd32148fb33c25ed969cd88af0eb2ac52bf468ff9e4e823,ΒΑΣΑΝΙΣΜΟΣ,2,βασανισμός,False,"[{""token_id"": ""496534"", ""citation"": ""REV 9.5"", ""raw_form"": ""βασανισμὸς""}]"
syntacticus:Nb:047da7b70a22475b4697e925f7924c83f27df6d52dcb65d7cf9a1ff06222e5fd,ΒΑΣΑΝΙΣΜΟΥ,3,βασανισμός,False,"[{""token_id"": ""499139"", ""citation"": ""REV 14.11"", ""raw_form"": ""βασανισμοῦ""}]"
syntacticus:Nb:eeda254088cbdab5fd4876235c5bce2eaeae49a4cc9001a5acfe9f67eb2d8257,ΒΑΣΑΝΙΣΤΑΙΣ,1,βασανιστής,False,"[{""token_id"": ""279129"", ""citation"": ""MATT 18.34"", ""raw_form"": ""βασανισταῖς""}]"
syntacticus:Nb:cc23488c87d8c4fc8abb5d7e9e2bf48ef3712d15a2149622a0a6785843cee1e2,ΒΑΣΑΝΟΙΣ,2,βάσανος,False,"[{""token_id"": ""268529"", ""citation"": ""MATT 4.24"", ""raw_form"": ""βασάνοις""}]"
syntacticus:Nb:7858756baf7b072f11f50acbbeb01ac3437c527d8b8dc92b11551f362ad9f857,ΒΑΣΑΝΟΥ,1,βάσανος,False,"[{""token_id"": ""789438"", ""citation"": ""LUKE 16.28"", ""raw_form"": ""βασάνου""}]"
syntacticus:Nb:e1ef1216751c429e80ab435a765d8040440488856ed02b4f374a149f6c2d53f4,ΒΑΣΕΙΣ,1,βάσις,False,"[{""token_id"": ""379540"", ""citation"": ""ACTS 3.7"", ""raw_form"": ""βάσεις""}]"
syntacticus:Nb:f39d062d935c894ff21fa8a08b5eda3e253d394fe55e5fe7404ae989a01a71a3,ΒΑΣΙΛΕΑ,15,βασιλεύς,False,"[{""token_id"": ""266792"", ""citation"": ""MATT 1.6"", ""raw_form"": ""βασιλέα""}]"
syntacticus:Nb:ffe7596cc2c2642e61ba104272357fff7e0ad0c3252d800c6e602c5f7a48b65b,ΒΑΣΙΛΕΙ,6,βασιλεύς,False,"[{""token_id"": ""278922"", ""citation"": ""MATT 18.23"", ""raw_form"": ""βασιλεῖ""}]"
syntacticus:Nb:212c10357cff057973a4471a114847e2c5f457dfec1c32296bef13c4ee860a2b,ΒΑΣΙΛΕΙΑ,55,βασιλεία,False,"[{""token_id"": ""267721"", ""citation"": ""MATT 3.2"", ""raw_form"": ""βασιλεία""}]"
syntacticus:Nb:f394d4f7288f4bbf1a6841cd14893b1db3ea04fc7943d53694543ef44e6b9dc7,ΒΑΣΙΛΕΙΑΝ,59,βασιλεία,False,"[{""token_id"": ""268914"", ""citation"": ""MATT 5.20"", ""raw_form"": ""βασιλείαν""}]"
syntacticus:Nb:e3947ddf6a775a3a4e0c7dd020660c2030912e154c86b73e52aee07b7f2aeb64,ΒΑΣΙΛΕΙΑΣ,25,βασιλεία,False,"[{""token_id"": ""268227"", ""citation"": ""MATT 4.8"", ""raw_form"": ""βασιλείας""}]"
syntacticus:Nb:15fbabde16f78eb99e1190e8c809daccc5c6f2ef4e1dab2310d83eddba38577a,ΒΑΣΙΛΕΙΣ,16,βασιλεύς,False,"[{""token_id"": ""272580"", ""citation"": ""MATT 10.18"", ""raw_form"": ""βασιλεῖς""}]"
syntacticus:Nb:094dc6f015043ff6b1241a358bbbd8e95575769be23b53f0502f3b0a276dd897,ΒΑΣΙΛΕΥ,8,βασιλεύς,False,"[{""token_id"": ""113856"", ""citation"": ""MARK 15.18"", ""raw_form"": ""βασιλεῦ""}]"
syntacticus:Nb:04742483ebfd51196f5a2ab0f465a3bf6a8a3486f0e0d4a0db014e9bbcd77700,ΒΑΣΙΛΕΥΣ,49,βασιλεύς,False,"[{""token_id"": ""267215"", ""citation"": ""MATT 2.2"", ""raw_form"": ""βασιλεὺς""}]"
syntacticus:Nb:807681aa734be7c61c00ea84385cb497050766f56577fbc4513bb762fa8de145,ΒΑΣΙΛΕΥΣΙΝ,1,βασιλεύς,False,"[{""token_id"": ""497285"", ""citation"": ""REV 10.11"", ""raw_form"": ""βασιλεῦσιν""}]"
syntacticus:Nb:4bcd221327d5916f2c4ee0ceddbae0ee7a822cf11e593c32105463c5dfb80ca5,ΒΑΣΙΛΕΩΝ,11,βασιλεύς,False,"[{""token_id"": ""273205"", ""citation"": ""MATT 11.8"", ""raw_form"": ""βασιλέων""}]"
syntacticus:Nb:d50842587eccce760a40e38e9adad8bac80e297edfd371f7062130f05189442b,ΒΑΣΙΛΕΩΣ,9,βασιλεύς,False,"[{""token_id"": ""267200"", ""citation"": ""MATT 2.1"", ""raw_form"": ""βασιλέως""}]"
syntacticus:Nb:6624db76da24b56ccdc9e5af6066e6919f78b5ec405f8462cab3b32937945efe,ΒΑΣΙΛΙΣΣΑ,3,βασίλισσα,False,"[{""token_id"": ""274459"", ""citation"": ""MATT 12.42"", ""raw_form"": ""βασίλισσα""}]"
syntacticus:Nb:774171d3c133d41f833a097d0eabdae9051c4d31610f7971caf4026e78126c3f,ΒΑΣΙΛΙΣΣΗΣ,1,βασίλισσα,False,"[{""token_id"": ""383650"", ""citation"": ""ACTS 8.27"", ""raw_form"": ""βασιλίσσης""}]"
syntacticus:Nb:4ff630f54ed48b3f1d99e1c367ad790ca4f7e817b0ad10051ade890bcd500b5a,ΒΑΤΟΥ,4,βάτος#1,False,"[{""token_id"": ""111115"", ""citation"": ""MARK 12.26"", ""raw_form"": ""βάτου""}]"
syntacticus:Nb:44a70af4091190f856723e2f7e8c4831b3eb98b9717a58d9ea804dbcc5bf5453,ΒΑΤΟΥΣ,1,βάτος#2,False,"[{""token_id"": ""334922"", ""citation"": ""LUKE 16.6"", ""raw_form"": ""βάτους""}]"
syntacticus:Nb:2c799fa15403d1a30cd7c7fc6db53ce99e9cb5b61104b58532609a36e6df3e1a,ΒΑΤΡΑΧΟΙ,1,βάτραχος,False,"[{""token_id"": ""500005"", ""citation"": ""REV 16.13"", ""raw_form"": ""βάτραχοι""}]"
syntacticus:Nb:0f7ee87541a4eda718a45198bf5337bc2e6c1b8f480a7ceca74652b53b4cc90f,ΒΔΕΛΥΓΜΑ,4,βδέλυγμα,False,"[{""token_id"": ""283144"", ""citation"": ""MATT 24.15"", ""raw_form"": ""βδέλυγμα""}]"
syntacticus:Nb:1c8d736e7c7e638dfb6c9c10aa77199a42fbfb0ebdaf74592055a4a79e4188e6,ΒΔΕΛΥΓΜΑΤΩΝ,2,βδέλυγμα,False,"[{""token_id"": ""500315"", ""citation"": ""REV 17.4"", ""raw_form"": ""βδελυγμάτων""}]"
syntacticus:Nb:9d2f16ab28c8abb02b7628f9b6d516453f69e15c4684ce087825ea55df57a856,ΒΕΒΑΙΩΣΕΙ,1,βεβαίωσις,False,"[{""token_id"": ""447214"", ""citation"": ""PHIL 1.7"", ""raw_form"": ""βεβαιώσει""}]"
syntacticus:Nb:320cfd4f16d8c7428a4139bd2bfa66af3e3a4b296b51623be46403f690a289ef,ΒΕΒΑΙΩΣΙΝ,1,βεβαίωσις,False,"[{""token_id"": ""468411"", ""citation"": ""HEB 6.16"", ""raw_form"": ""βεβαίωσιν""}]"
syntacticus:Nb:6016394a7c0c18fe91460e1e174895f79db135cd9d9d7fa0eadfc9497b7c69e6,ΒΕΛΗ,1,βέλος,False,"[{""token_id"": ""444794"", ""citation"": ""EPH 6.16"", ""raw_form"": ""βέλη""}]"
syntacticus:Nb:46bd1656100b0754dc897b186e0b363d0b113afc49bb739d50001ed96cf1875e,ΒΕΛΟΝΗΣ,1,ῥαφίς,False,"[{""token_id"": ""336663"", ""citation"": ""LUKE 18.25"", ""raw_form"": ""βελόνης""}]"
syntacticus:Nb:a01afdce0c5ebba8e849414af9b9bb12b74b2bfa1186106029cb8925fa533c46,ΒΗΜΑ,2,βῆμα,False,"[{""token_id"": ""382004"", ""citation"": ""ACTS 7.5"", ""raw_form"": ""βῆμα""}]"
syntacticus:Nb:aabf4bba659d71577f1947e972a77dbac65f8702bb381c7b054daddcb0987dd5,ΒΗΜΑΤΙ,1,βῆμα,False,"[{""token_id"": ""405719"", ""citation"": ""ROM 14.10"", ""raw_form"": ""βήματι""}]"
syntacticus:Nb:f8eea1202efd9f0f17f429a0495ddcf0265e2a87f0c4b3f7304bb6b01043cc04,ΒΗΜΑΤΟΣ,9,βῆμα,False,"[{""token_id"": ""286418"", ""citation"": ""MATT 27.19"", ""raw_form"": ""βήματος""}]"
syntacticus:Nb:b8ed8b5966eb8cf68d07ae4d3f2fa00c38659bdc9fa7e18c275e029e8a068335,ΒΗΡΥΛΛΟΣ,1,βήρυλλος,False,"[{""token_id"": ""502977"", ""citation"": ""REV 21.20"", ""raw_form"": ""βήρυλλος""}]"
syntacticus:Nb:38829fb65f0bbeb35e7e3635ef417e87c8e606ddc80ff433a376ab6eb5f962c6,ΒΙΑΝ,1,βία,False,"[{""token_id"": ""393749"", ""citation"": ""ACTS 21.35"", ""raw_form"": ""βίαν""}]"
syntacticus:Nb:3f13839628498cd5cf41752ccddd3a2fee84af78359ec7f9a96b58e7d67ea6ae,ΒΙΑΣ,2,βία,False,"[{""token_id"": ""381254"", ""citation"": ""ACTS 5.26"", ""raw_form"": ""βίας""}]"
syntacticus:Nb:3a7cf3943522a8c585206e72600a6ca565a6aaf3bd4e9ee99635794959b59350,ΒΙΑΣΤΑΙ,1,βιαστής,False,"[{""token_id"": ""273288"", ""citation"": ""MATT 11.12"", ""raw_form"": ""βιασταὶ""}]"
syntacticus:Nb:924a3e4f630a5140ffbdaa34242df1bb2b51ab4397d0a654f4794bec5af55b9e,ΒΙΒΛΑΡΙΔΙΟΝ,4,βιβλαρίδιον,False,"[{""token_id"": ""497001"", ""citation"": ""REV 10.2"", ""raw_form"": ""βιβλαρίδιον""}]"
syntacticus:Nb:c2b40aff519817a0979652285c43764d88839128b5c3908a136cf7424e3b81ef,ΒΙΒΛΙΑ,2,βιβλίον,False,"[{""token_id"": ""463304"", ""citation"": ""2TIM 4.13"", ""raw_form"": ""βιβλία""}]"
syntacticus:Nb:e86c2fd2ca1cf485060664c3a8e469f3b92ef78ae4cd9cedec676193acb6eb30,ΒΙΒΛΙΟΙΣ,1,βιβλίον,False,"[{""token_id"": ""502377"", ""citation"": ""REV 20.12"", ""raw_form"": ""βιβλίοις""}]"
syntacticus:Nb:2463eb6ed3524f11df4064a7c41df9cb3f0709117a03727844218c341bdaa4f1,ΒΙΒΛΙΟΝ,17,βιβλίον,False,"[{""token_id"": ""279285"", ""citation"": ""MATT 19.7"", ""raw_form"": ""βιβλίον""}]"
syntacticus:Nb:3636552addeb25954ec646bb2bbb6fb0d29de31c3d72f8c35a7b2113d7a09818,ΒΙΒΛΙΟΥ,6,βιβλίον,False,"[{""token_id"": ""469996"", ""citation"": ""HEB 10.7"", ""raw_form"": ""βιβλίου""}]"
syntacticus:Nb:7bb908c42e42f013ad02a777eafbd6809d58ff92a90febeb3d022ba9589891f3,ΒΙΒΛΟΣ,1,βίβλος,False,"[{""token_id"": ""266690"", ""citation"": ""MATT 1.1"", ""raw_form"": ""Βίβλος""}]"
syntacticus:Nb:8940caecfe6ba682b9ceee3d96d9650e9917ec808ced75a1cb9a958c017511ea,ΒΙΒΛΟΥ,1,βίβλος,False,"[{""token_id"": ""493958"", ""citation"": ""REV 3.5"", ""raw_form"": ""βίβλου""}]"
syntacticus:Nb:13ffcae3a6b46d90d920366c04700ca304fcdbdb6a127c7928d3649184938dec,ΒΙΒΛΟΥΣ,1,βίβλος,False,"[{""token_id"": ""391759"", ""citation"": ""ACTS 19.19"", ""raw_form"": ""βίβλους""}]"
syntacticus:Nb:9fa4d31853c791a46c504efb7af672d91bdcc9244d18afd7646ea89a350703ea,ΒΙΟΝ,6,βίος,False,"[{""token_id"": ""111522"", ""citation"": ""MARK 12.44"", ""raw_form"": ""βίον""}]"
syntacticus:Nb:7cd817386b7097a35c2076b0510b651f7f4a42e9fbab5228f22ac6696c087341,ΒΙΟΥ,2,βίος,False,"[{""token_id"": ""758592"", ""citation"": ""LUKE 8.14"", ""raw_form"": ""βίου""}]"
syntacticus:Nb:b7b4c9f8ad561b20d26ccbdf5f61442f97d0fb0994d4b8fbbfdd5fcc9b237eb1,ΒΙΩΣΙΝ,1,βίωσις,False,"[{""token_id"": ""396420"", ""citation"": ""ACTS 26.4"", ""raw_form"": ""βίωσίν""}]"
syntacticus:Nb:e670071ac08be30fedccc263ecbe0b2f347cd7f2bf3c788bef788cbefe47ae6b,ΒΛΑΣΦΗΜΙΑ,4,βλασφημία,False,"[{""token_id"": ""274201"", ""citation"": ""MATT 12.31"", ""raw_form"": ""βλασφημία""}]"
syntacticus:Nb:39f95dd88cc55aadcc125fb43e6ffa8d8452307e924f95b9881971705749a2f3,ΒΛΑΣΦΗΜΙΑΙ,3,βλασφημία,False,"[{""token_id"": ""276826"", ""citation"": ""MATT 15.19"", ""raw_form"": ""βλασφημίαι""}]"
syntacticus:Nb:95951d35b8e3abaa094a04f070f437d102c7d7590e4c5a44ee534150abedd54f,ΒΛΑΣΦΗΜΙΑΝ,3,βλασφημία,False,"[{""token_id"": ""285952"", ""citation"": ""MATT 26.65"", ""raw_form"": ""βλασφημίαν""}]"
syntacticus:Nb:fbcc85ce38ba9d1c8e83f036463ec335dfdbfc99c018b7f5dc437c8eb1b366e7,ΒΛΑΣΦΗΜΙΑΣ,7,βλασφημία,False,"[{""token_id"": ""113408"", ""citation"": ""MARK 14.64"", ""raw_form"": ""βλασφημίας""}]"
syntacticus:Nb:fcb77147cfa3e73373eefea93dd49ceb4aabf6ef12138bb4d4751b87a47a86b7,ΒΟΑΙ,1,βοή,False,"[{""token_id"": ""478553"", ""citation"": ""JAS 5.4"", ""raw_form"": ""βοαὶ""}]"
syntacticus:Nb:6e7d679b5aec3cbda8eb1f7446bb2b6cbb07eb8bbc3d897f429feac6cea8fbe6,ΒΟΑΣ,2,βοῦς,False,"[{""token_id"": ""343674"", ""citation"": ""JOHN 2.14"", ""raw_form"": ""βόας""}]"
syntacticus:Nb:d54e3148e5c9a4ce39454336a9d81321bec4ea7d30d8d9c92ddb83d8388b1646,ΒΟΗΘΕΙΑΙΣ,1,βοήθεια,False,"[{""token_id"": ""397341"", ""citation"": ""ACTS 27.17"", ""raw_form"": ""βοηθείαις""}]"
syntacticus:Nb:653908a588e4de99e5798b4b13e8c1c99d512cfba8e759ccb36cb098bafe0382,ΒΟΗΘΕΙΑΝ,1,βοήθεια,False,"[{""token_id"": ""467887"", ""citation"": ""HEB 4.16"", ""raw_form"": ""βοήθειαν""}]"
syntacticus:Nb:3a38702cc5cf76ab63f4d7fde418c4e498a520c77d552ee26aa2d0764f23b8df,ΒΟΘΥΝΟΝ,3,βόθυνος,False,"[{""token_id"": ""273845"", ""citation"": ""MATT 12.11"", ""raw_form"": ""βόθυνον""}]"
syntacticus:Nb:d627d7de8e2001cb448c0e8f0f1c8e85ce3ed83db80a719e392fea85d50ac315,ΒΟΛΗΝ,1,βολή,False,"[{""token_id"": ""340038"", ""citation"": ""LUKE 22.41"", ""raw_form"": ""βολήν""}]"
syntacticus:Nb:0ea9d8a509f55908889307bf2ab2fcde788007d513895da74529328c04f64a1f,ΒΟΡΡΑ,2,βορρᾶς,False,"[{""token_id"": ""333317"", ""citation"": ""LUKE 13.29"", ""raw_form"": ""Βορρᾶ""}]"
syntacticus:Nb:c5c8febe2c7c73fb6236dc4e8cd31ac141bfd5c9ecb44f94d6ba5d99f2136d9f,ΒΟΤΑΝΗΝ,1,βοτάνη,False,"[{""token_id"": ""468256"", ""citation"": ""HEB 6.7"", ""raw_form"": ""βοτάνην""}]"
syntacticus:Nb:6bc8e425b60c3aec1b51f699407ef1beb422c7623077b6809f55b3c31415cf5c,ΒΟΤΡΥΑΣ,1,βότρυς,False,"[{""token_id"": ""499373"", ""citation"": ""REV 14.18"", ""raw_form"": ""βότρυας""}]"
syntacticus:Nb:3542c3303d7cac29c8d3eaa36f31f254246397c6ea6a82af9dd5f27a9e64e530,ΒΟΥΛΑΣ,1,βουλή,False,"[{""token_id"": ""415005"", ""citation"": ""1COR 4.5"", ""raw_form"": ""βουλὰς""}]"
syntacticus:Nb:35dabc5f5398fca437f5154c005b5498a83fc84de8affeb55039083341dfe417,ΒΟΥΛΕΥΤΗΣ,2,βουλευτής,False,"[{""token_id"": ""114263"", ""citation"": ""MARK 15.43"", ""raw_form"": ""βουλευτής""}]"
syntacticus:Nb:c2e9c5811a7ec18033cd14393f349d04d6ab2a5b9e8fa9d2314089eec7ab8991,ΒΟΥΛΗ,3,βουλή,False,"[{""token_id"": ""380518"", ""citation"": ""ACTS 4.28"", ""raw_form"": ""βουλή""}]"
syntacticus:Nb:09f055422ba97f1950b3e4fcbf4bf0d9592506b126b64d13ce0d7a956986aaf1,ΒΟΥΛΗΜΑΤΙ,1,βούλημα,False,"[{""token_id"": ""403482"", ""citation"": ""ROM 9.19"", ""raw_form"": ""βουλήματι""}]"
syntacticus:Nb:5cf259d5b09b80aa30906ee3dc8526b5804c6b18e9329f6ec4c5ab85acb3f2b5,ΒΟΥΛΗΜΑΤΟΣ,1,βούλημα,False,"[{""token_id"": ""397840"", ""citation"": ""ACTS 27.43"", ""raw_form"": ""βουλήματος""}]"
syntacticus:Nb:5aa1bafd22749920faeb4be02b0355e4bce3417f3cb73b8379849cee4d42e216,ΒΟΥΛΗΝ,4,βουλή,False,"[{""token_id"": ""326436"", ""citation"": ""LUKE 7.30"", ""raw_form"": ""βουλὴν""}]"
syntacticus:Nb:9005c6d6c448b0d07ba111a73a83584a273d4af261841cc5bc4bfa51f23d7b08,ΒΟΥΛΗΣ,1,βουλή,False,"[{""token_id"": ""468429"", ""citation"": ""HEB 6.17"", ""raw_form"": ""βουλῆς""}]"
syntacticus:Nb:2aa707a361ed44865efe9ed20d8e3eaaaec644c4a929135292afb6de357783a9,ΒΟΥΝ,3,βοῦς,False,"[{""token_id"": ""333015"", ""citation"": ""LUKE 13.15"", ""raw_form"": ""βοῦν""}]"
syntacticus:Nb:f5f522bcb5f993e2532b3fbd46a1780de17ef22546e312ca29ec284e45698a74,ΒΟΥΝΟΙΣ,1,βουνός,False,"[{""token_id"": ""341104"", ""citation"": ""LUKE 23.30"", ""raw_form"": ""βουνοῖς""}]"
syntacticus:Nb:d66491ffb04a010dd457ca26b1e6c570bcd7465602452dd1fb10df24e1a47e00,ΒΟΥΝΟΣ,1,βουνός,False,"[{""token_id"": ""322455"", ""citation"": ""LUKE 3.5"", ""raw_form"": ""βουνὸς""}]"
syntacticus:Nb:20db4fd24e71a105a518e8e1dd6454043b16cf203a7f581cc20c1155dfa6015d,ΒΟΥΣ,1,βοῦς,False,"[{""token_id"": ""333540"", ""citation"": ""LUKE 14.5"", ""raw_form"": ""βοῦς""}]"
syntacticus:Nb:c804605161b41c389205b081e84022eac47d84d6a86b0eaa4ce63a21aba9dcb3,ΒΟΩΝ,2,βοῦς,False,"[{""token_id"": ""333831"", ""citation"": ""LUKE 14.19"", ""raw_form"": ""βοῶν""}]"
syntacticus:Nb:b084f17c3bb5c38788c0a963e35fc252ade3ab63f37fef1b91689a6181658210,ΒΡΑΒΕΙΟΝ,2,βραβεῖον,False,"[{""token_id"": ""417505"", ""citation"": ""1COR 9.24"", ""raw_form"": ""βραβεῖον""}]"
syntacticus:Nb:40dbe9601987c6520f03eb98be1bef3566f30a4df18ab1f89ca7c5dab8caddee,ΒΡΑΧΙΟΝΙ,1,βραχίων,False,"[{""token_id"": ""320970"", ""citation"": ""LUKE 1.51"", ""raw_form"": ""βραχίονι""}]"
syntacticus:Nb:2a8e954dc15b70680f21be41d6896ec57832eb9b57f977126bf1c231e4ea9601,ΒΡΑΧΙΟΝΟΣ,1,βραχίων,False,"[{""token_id"": ""387282"", ""citation"": ""ACTS 13.17"", ""raw_form"": ""βραχίονος""}]"
syntacticus:Nb:e7f8cf47df12efcd15b431b87e4ba0143e7f32f7709c0879ed18326a22e2c11a,ΒΡΑΧΙΩΝ,1,βραχίων,False,"[{""token_id"": ""353997"", ""citation"": ""JOHN 12.38"", ""raw_form"": ""βραχίων""}]"
syntacticus:Nb:4c47927efe9aeda46897abc769096af8fc07525706510b5499cc8d0b83837eb1,ΒΡΕΦΗ,3,βρέφος,False,"[{""token_id"": ""336465"", ""citation"": ""LUKE 18.15"", ""raw_form"": ""βρέφη""}]"
syntacticus:Nb:2cb29bdab073df00f6b070de948a060de74b25d08110fb7be7b55ccc90fe32f7,ΒΡΕΦΟΣ,4,βρέφος,False,"[{""token_id"": ""320815"", ""citation"": ""LUKE 1.41"", ""raw_form"": ""βρέφος""}]"
syntacticus:Nb:bc48d386a9c168b2cddb379f1c7abbca2594e4136f9d60def5ca9c8a723d692f,ΒΡΕΦΟΥΣ,1,βρέφος,False,"[{""token_id"": ""463025"", ""citation"": ""2TIM 3.15"", ""raw_form"": ""βρέφους""}]"
syntacticus:Nb:267646ac471fb632fa049480cc3e919413ad5fc19983b3f1ec3ba267767fb961,ΒΡΟΝΤΑΙ,7,βροντή,False,"[{""token_id"": ""494537"", ""citation"": ""REV 4.5"", ""raw_form"": ""βρονταί""}]"
syntacticus:Nb:c020d40cc115cfad0c29c94b1c3882b80c6ab2c4bab7044a6fa9ee26c598f448,ΒΡΟΝΤΗΝ,1,βροντή,False,"[{""token_id"": ""353798"", ""citation"": ""JOHN 12.29"", ""raw_form"": ""βροντὴν""}]"
syntacticus:Nb:f0010818f3bbc3058b0588c61fd7df5fd5d076cd5b8c8218a9ae531b5f98f24e,ΒΡΟΝΤΗΣ,3,βροντή,False,"[{""token_id"": ""103451"", ""citation"": ""MARK 3.17"", ""raw_form"": ""βροντῆς""}]"
syntacticus:Nb:fd31298d26f87532225cbd5c32dda243977d134ba24d0908ed81fa2355d2471c,ΒΡΟΝΤΩΝ,1,βροντή,False,"[{""token_id"": ""501560"", ""citation"": ""REV 19.6"", ""raw_form"": ""βροντῶν""}]"
syntacticus:Nb:2bcc9e84e102218d8dfc342ef555318767d821e99770ee72820a4f81bc4d8351,ΒΡΟΧΗ,2,βροχή,False,"[{""token_id"": ""270716"", ""citation"": ""MATT 7.25"", ""raw_form"": ""βροχὴ""}]"
syntacticus:Nb:4591ebda73fea41b78bfc39d81bb12bca26c4b6bc6774866163ee9e5513afe34,ΒΡΟΧΟΝ,1,βρόχος,False,"[{""token_id"": ""416643"", ""citation"": ""1COR 7.35"", ""raw_form"": ""βρόχον""}]"
syntacticus:Nb:3328bf9e68e3731037b24ef16cbceb5f5d902827d19a9ef6a7d904671a024f26,ΒΡΥΓΜΟΣ,7,βρυγμός,False,"[{""token_id"": ""271069"", ""citation"": ""MATT 8.12"", ""raw_form"": ""βρυγμὸς""}]"
syntacticus:Nb:584b99ef0a26f944581da444a72d6f50a83cd1bce9dcd4b755237fe1b557ad2a,ΒΡΩΜΑ,6,βρῶμα,False,"[{""token_id"": ""345278"", ""citation"": ""JOHN 4.34"", ""raw_form"": ""βρῶμά""}]"
syntacticus:Nb:1d121172dded3fb9f4185b3df148843a674e9f568a666d161be5417c9488c932,ΒΡΩΜΑΣΙΝ,2,βρῶμα,False,"[{""token_id"": ""415809"", ""citation"": ""1COR 6.13"", ""raw_form"": ""βρώμασιν""}]"
syntacticus:Nb:7be43a56ab966bd8219cf2db79ee06303a4f6dfca4a2688ccbc1d94a619ead87,ΒΡΩΜΑΤΑ,5,βρῶμα,False,"[{""token_id"": ""276150"", ""citation"": ""MATT 14.15"", ""raw_form"": ""βρώματα""}]"
syntacticus:Nb:d2487f293ffe9a6e968705c01a19baf8c06c765708024b433e33000a15f03818,ΒΡΩΜΑΤΙ,1,βρῶμα,False,"[{""token_id"": ""405814"", ""citation"": ""ROM 14.15"", ""raw_form"": ""βρώματί""}]"
syntacticus:Nb:d8b0cde069a95b55842df04edd05881710fb9829a21c37ef7fce2b2749bd2962,ΒΡΩΜΑΤΟΣ,1,βρῶμα,False,"[{""token_id"": ""405882"", ""citation"": ""ROM 14.20"", ""raw_form"": ""βρώματος""}]"
syntacticus:Nb:df3c9fca623307530f4b2b6d5f0289f65af38f5598e3f403afa4aae63fca15af,ΒΡΩΜΑΤΩΝ,1,βρῶμα,False,"[{""token_id"": ""459390"", ""citation"": ""1TIM 4.3"", ""raw_form"": ""βρωμάτων""}]"
syntacticus:Nb:748b962628ebd50bb732001ea379818c60f8bb349be1a40dc874eb3630e84d09,ΒΡΩΣΕΙ,1,βρῶσις,False,"[{""token_id"": ""451417"", ""citation"": ""COL 2.16"", ""raw_form"": ""βρώσει""}]"
syntacticus:Nb:34bf6edcb2899bf05fd6520b8034f8665925b85539eb414b4fb81e10ef315333,ΒΡΩΣΕΩΣ,2,βρῶσις,False,"[{""token_id"": ""416830"", ""citation"": ""1COR 8.4"", ""raw_form"": ""βρώσεως""}]"
syntacticus:Nb:821d824c085e1b1d7e9c06716f64b3ce268108418fce5a87b3ca1a58d3c62477,ΒΡΩΣΙΝ,4,βρῶσις,False,"[{""token_id"": ""345251"", ""citation"": ""JOHN 4.32"", ""raw_form"": ""βρῶσιν""}]"
syntacticus:Nb:77c0f4cb9c4da2ef5d48348e4cec6d2d328cf1dbd5f818412da64cfaa27902d1,ΒΡΩΣΙΣ,4,βρῶσις,False,"[{""token_id"": ""269900"", ""citation"": ""MATT 6.19"", ""raw_form"": ""βρῶσις""}]"
syntacticus:Nb:eef3d36ee099468a8be27cecac455e3a2ee4011d7b4c1be0a7bc7260b15cba91,ΒΥΡΣΕΙ,2,βυρσεύς,False,"[{""token_id"": ""384821"", ""citation"": ""ACTS 9.43"", ""raw_form"": ""βυρσεῖ""}]"
syntacticus:Nb:af736b594bbff471a134db21cebb8faa984dd316cd7e57d67dc01cafd05c8d13,ΒΥΡΣΕΩΣ,1,βυρσεύς,False,"[{""token_id"": ""385432"", ""citation"": ""ACTS 10.32"", ""raw_form"": ""βυρσέως""}]"
syntacticus:Nb:3de716a2e2d4aa44908bf5a6e82b8ca9e84964435fda4204ad20fd4389bc9b3c,ΒΥΣΣΟΝ,1,βύσσος,False,"[{""token_id"": ""335217"", ""citation"": ""LUKE 16.19"", ""raw_form"": ""βύσσον""}]"
syntacticus:Nb:1938980a955241fc23a9a6ccd5086769a201ec1fe8d1d47d8d0e818a554822e6,ΒΩΜΟΝ,1,βωμός,False,"[{""token_id"": ""390556"", ""citation"": ""ACTS 17.23"", ""raw_form"": ""βωμὸν""}]"
syntacticus:Nb:74c378f51b4715ac53abf9f50a5fb090324c64d14944719852163a1bf25cdafd,ΓΑΓΓΡΑΙΝΑ,1,γάγγραινα,False,"[{""token_id"": ""462587"", ""citation"": ""2TIM 2.17"", ""raw_form"": ""γάγγραινα""}]"
syntacticus:Nb:be2a5c6f1b46c57d346523a6e33bc0992820e993638895048bbfedd2f9bdd914,ΓΑΖΗΣ,1,γάζα,True,"[{""token_id"": ""383658"", ""citation"": ""ACTS 8.27"", ""raw_form"": ""γάζης""}]"
syntacticus:Nb:a057af94bda4949b3c3482c97562b65ab160a2700058ef75f445043b58e2a6a9,ΓΑΖΟΦΥΛΑΚΙΟΝ,3,γαζοφυλάκιον,False,"[{""token_id"": ""111454"", ""citation"": ""MARK 12.41"", ""raw_form"": ""γαζοφυλάκιον""}]"
syntacticus:Nb:de0efd9f8730472222a26139fe16bd640aa313784096ae0bc97e3759f8a3ff7e,ΓΑΖΟΦΥΛΑΚΙΟΥ,1,γαζοφυλάκιον,False,"[{""token_id"": ""111445"", ""citation"": ""MARK 12.41"", ""raw_form"": ""γαζοφυλακίου""}]"
syntacticus:Nb:573d875cab94370b04485c117b3f970d5418ef9c55a15a88a86b48c7c0d43d89,ΓΑΛΑ,2,γάλα,False,"[{""token_id"": ""414531"", ""citation"": ""1COR 3.2"", ""raw_form"": ""γάλα""}]"
syntacticus:Nb:53873ef6f17db6edfb421f348c906a0ee84bf413b5f60d940305cc4fc601962e,ΓΑΛΑΚΤΟΣ,3,γάλα,False,"[{""token_id"": ""417157"", ""citation"": ""1COR 9.7"", ""raw_form"": ""γάλακτος""}]"
syntacticus:Nb:221ca7e2d6a42df1d061837ab0691b1905b36ed3523ec234baef4c9a9c50a3c2,ΓΑΛΗΝΗ,3,γαλήνη,False,"[{""token_id"": ""271331"", ""citation"": ""MATT 8.26"", ""raw_form"": ""γαλήνη""}]"
syntacticus:Nb:2214610eb03f0351f4e7895865a050125494a15f6e4942e08a9f96f6a7768741,ΓΑΜΟΝ,1,γάμος,False,"[{""token_id"": ""343434"", ""citation"": ""JOHN 2.2"", ""raw_form"": ""γάμον""}]"
syntacticus:Nb:27db2fe4f47885ef6b104928a7a43269ba48c085ddb791cc6d0a5e28c8230bbe,ΓΑΜΟΣ,3,γάμος,False,"[{""token_id"": ""281515"", ""citation"": ""MATT 22.8"", ""raw_form"": ""γάμος""}]"
syntacticus:Nb:e246067af745beff46cb7fbabdb069e6bb7264ae6792cb111742a17e2d959d2f,ΓΑΜΟΥ,4,γάμος,False,"[{""token_id"": ""281580"", ""citation"": ""MATT 22.11"", ""raw_form"": ""γάμου""}]"
syntacticus:Nb:564c522c3ce13b5d95224dd656130bbc67a21fc687f9535d3836286b090a9643,ΓΑΜΟΥΣ,6,γάμος,False,"[{""token_id"": ""281402"", ""citation"": ""MATT 22.2"", ""raw_form"": ""γάμους""}]"
syntacticus:Nb:67c6c794a601bec40f3246692f69d7d4ad4dd5b9ee64a1e1bd2a5804029b5d35,ΓΑΜΩΝ,1,γάμος,False,"[{""token_id"": ""332201"", ""citation"": ""LUKE 12.36"", ""raw_form"": ""γάμων""}]"
syntacticus:Nb:c15d3442446da3bddd65aa0efd9984f2587db1bdda332bb2604748e7f1c14a99,ΓΑΣΤΕΡΕΣ,1,γαστήρ,False,"[{""token_id"": ""464843"", ""citation"": ""TIT 1.12"", ""raw_form"": ""γαστέρες""}]"
syntacticus:Nb:7ee6d74a9af1ba15a620857cc8645f634bd6ed9fc7692b426c22e2bc19bfdd6f,ΓΑΣΤΡΙ,8,γαστήρ,False,"[{""token_id"": ""267032"", ""citation"": ""MATT 1.18"", ""raw_form"": ""γαστρὶ""}]"
syntacticus:Nb:ac86f4b8e0bb67890be20540fb240030196b5ad58e5183bca5a4bbc8dd372614,ΓΕΙΤΟΝΑΣ,3,γείτων,False,"[{""token_id"": ""333698"", ""citation"": ""LUKE 14.12"", ""raw_form"": ""γείτονας""}]"
syntacticus:Nb:72706592cf76549dfca6bb82dd375cd07d4ac0977b9a757fdf417af6d42d840d,ΓΕΙΤΟΝΕΣ,1,γείτων,False,"[{""token_id"": ""350620"", ""citation"": ""JOHN 9.8"", ""raw_form"": ""γείτονες""}]"
syntacticus:Nb:007415bc0ef5da8089c008bb52191d23f226283476a1d2a7c738c8eb6932222a,ΓΕΛΩΣ,1,γέλως,False,"[{""token_id"": ""478317"", ""citation"": ""JAS 4.9"", ""raw_form"": ""γέλως""}]"
syntacticus:Nb:a5a0d430a0c9ed5a540b635570e2ebafd1779fe50855ed829837bbe2a3c62f6a,ΓΕΝΕΑ,11,γενεά,False,"[{""token_id"": ""274380"", ""citation"": ""MATT 12.39"", ""raw_form"": ""γενεὰ""}]"
syntacticus:Nb:325279d3acfdc18d5105ff365b5c9ad49e1254776e5ca880a5ad440bac24a71c,ΓΕΝΕΑΙ,5,γενεά,False,"[{""token_id"": ""266980"", ""citation"": ""MATT 1.17"", ""raw_form"": ""γενεαὶ""}]"
syntacticus:Nb:10491577eeccbfed84baef0abb18d3ab539f997cdc1b7652807563f559c61673,ΓΕΝΕΑΙΣ,2,γενεά,False,"[{""token_id"": ""388253"", ""citation"": ""ACTS 14.16"", ""raw_form"": ""γενεαῖς""}]"
syntacticus:Nb:0373f75f4ec8454a78fb155d66dd7df465c943e8ede048e3490146fcd06f77af,ΓΕΝΕΑΛΟΓΙΑΙΣ,1,γενεαλογία,False,"[{""token_id"": ""458578"", ""citation"": ""1TIM 1.4"", ""raw_form"": ""γενεαλογίαις""}]"
syntacticus:Nb:654369ec4f6afddee11af519e56dd333ee4b6256ff0977b1b641b4718de27a9b,ΓΕΝΕΑΛΟΓΙΑΣ,1,γενεαλογία,False,"[{""token_id"": ""465295"", ""citation"": ""TIT 3.9"", ""raw_form"": ""γενεαλογίας""}]"
syntacticus:Nb:4db15fe76f829f0a5c95741f57ea0c54546efcc5d4c47fec7e017a7c8513d136,ΓΕΝΕΑΝ,4,γενεά,False,"[{""token_id"": ""273324"", ""citation"": ""MATT 11.16"", ""raw_form"": ""γενεὰν""}]"
syntacticus:Nb:fa8cb36a49d25bcf0346474a9b03f0ead746de27e16ef79b5b318f009621114e,ΓΕΝΕΑΣ,13,γενεά,False,"[{""token_id"": ""274440"", ""citation"": ""MATT 12.41"", ""raw_form"": ""γενεᾶς""}]"
syntacticus:Nb:2b68a2325cbdcbc227896451a91ce12e8965af422f14a2eb337e65b84825769b,ΓΕΝΕΙ,5,γένος,False,"[{""token_id"": ""106962"", ""citation"": ""MARK 7.26"", ""raw_form"": ""γένει""}]"
syntacticus:Nb:6ef9467dd76c1800b40095b6a6fa3649b2eed6249aa165d4f8d94ea92f74f2cb,ΓΕΝΕΣΕΙ,1,γένεσις,False,"[{""token_id"": ""320289"", ""citation"": ""LUKE 1.14"", ""raw_form"": ""γενέσει""}]"
syntacticus:Nb:766683f13155d92d881593734e08f59f6d53903b258bde5ecf3395c71784f328,ΓΕΝΕΣΕΩΣ,3,γένεσις,False,"[{""token_id"": ""266691"", ""citation"": ""MATT 1.1"", ""raw_form"": ""γενέσεως""}]"
syntacticus:Nb:41ec1cdd1503b8a25aa01b2045e420d0f682fdfecc339a36c7849b63bc6806e9,ΓΕΝΕΣΙΟΙΣ,2,γενέσια,False,"[{""token_id"": ""275971"", ""citation"": ""MATT 14.6"", ""raw_form"": ""γενεσίοις""}]"
syntacticus:Nb:ff0b09222bc6c3f9693ffdf5f4885d6d3ec9106f552be85e836b0f5d58217ea3,ΓΕΝΕΣΙΣ,1,γένεσις,False,"[{""token_id"": ""267014"", ""citation"": ""MATT 1.18"", ""raw_form"": ""γένεσις""}]"
syntacticus:Nb:721b5637e74a16f3578b35136fc2de94dbd3aae1fbd56b4226350c01c2baa080,ΓΕΝΕΤΗΣ,1,γενετή,False,"[{""token_id"": ""350497"", ""citation"": ""JOHN 9.1"", ""raw_form"": ""γενετῆς""}]"
syntacticus:Nb:c719f1517ccc3b9ecf7d9973872be041eda3f0fc50e7428195f9f1504683437f,ΓΕΝΕΩΝ,2,γενεά,False,"[{""token_id"": ""388881"", ""citation"": ""ACTS 15.21"", ""raw_form"": ""γενεῶν""}]"
syntacticus:Nb:f601bf85003fcdace5d463b80d1418ca2034121dedf36ee8ebbfe8f445de5a56,ΓΕΝΗ,3,γένος,False,"[{""token_id"": ""418868"", ""citation"": ""1COR 12.10"", ""raw_form"": ""γένη""}]"
syntacticus:Nb:d5b709af83aded987a7036b5d295d01017a41f847fa8beb16c35f99ac3ca25c5,ΓΕΝΗΜΑΤΑ,2,γένημα,False,"[{""token_id"": ""331868"", ""citation"": ""LUKE 12.18"", ""raw_form"": ""γενήματά""}]"
syntacticus:Nb:9adad93951b5e42031078bac5e3758c0cd2868adbd66a565b7699c7874b9875e,ΓΕΝΗΜΑΤΟΣ,3,γένημα,False,"[{""token_id"": ""285190"", ""citation"": ""MATT 26.29"", ""raw_form"": ""γενήματος""}]"
syntacticus:Nb:8213e79941accb71cd50d0bd953cc7fb36d62c5cbd2356a10c1a078ce7788b7b,ΓΕΝΝΗΜΑΤΑ,4,γέννημα,False,"[{""token_id"": ""267825"", ""citation"": ""MATT 3.7"", ""raw_form"": ""γεννήματα""}]"
syntacticus:Nb:a112a45515df474db3d02ee9788ed7f8ce1d3d92e47fa1be035fb7a521109a46,ΓΕΝΟΣ,7,γένος,False,"[{""token_id"": ""108502"", ""citation"": ""MARK 9.29"", ""raw_form"": ""γένος""}]"
syntacticus:Nb:c540cd05224450bf0cbd376731146b8e968d5781aa8b3ed2c092a9dbb41e3128,ΓΕΝΟΥΣ,5,γένος,False,"[{""token_id"": ""275664"", ""citation"": ""MATT 13.47"", ""raw_form"": ""γένους""}]"
syntacticus:Nb:e7cf7a1812a2df1c8a6d84b4f174b427ea1d1df390fe19c3e24b4471bb80265b,ΓΕΡΟΥΣΙΑΝ,1,γερουσία,False,"[{""token_id"": ""381144"", ""citation"": ""ACTS 5.21"", ""raw_form"": ""γερουσίαν""}]"
syntacticus:Nb:5e928611e7f0e7334fee64ef693e8f4fb2eb1fe48c665254a29379cd000f2bb1,ΓΕΡΩΝ,1,γέρων,False,"[{""token_id"": ""343991"", ""citation"": ""JOHN 3.4"", ""raw_form"": ""γέρων""}]"
syntacticus:Nb:4f85e45746cc9fbf71daf3098742384dcef62cd0915273865cd34c38a789eb52,ΓΕΩΡΓΙΟΝ,1,γεώργιον,False,"[{""token_id"": ""414662"", ""citation"": ""1COR 3.9"", ""raw_form"": ""γεώργιον""}]"
syntacticus:Nb:7dee6d51d1dbdb060426bac8c17a52327dc10115f222833f13eebdf0bbb91887,ΓΕΩΡΓΟΙ,5,γεωργός,False,"[{""token_id"": ""281179"", ""citation"": ""MATT 21.35"", ""raw_form"": ""γεωργοὶ""}]"
syntacticus:Nb:130be69589c89e601e479302d7d1bea2a491140a662c7404aa5602d26b044342,ΓΕΩΡΓΟΙΣ,5,γεωργός,False,"[{""token_id"": ""281151"", ""citation"": ""MATT 21.33"", ""raw_form"": ""γεωργοῖς""}]"
syntacticus:Nb:acc24c2ba9f79ac3e1fe303cc9f1282e35842a7a3a0155237ebcfd3dd9c55bc1,ΓΕΩΡΓΟΝ,1,γεωργός,False,"[{""token_id"": ""462424"", ""citation"": ""2TIM 2.6"", ""raw_form"": ""γεωργὸν""}]"
syntacticus:Nb:369d9895ea44c3d6e3c08eb50cdcc1a5adc58a87322f80d0c2c930a3a466a1d6,ΓΕΩΡΓΟΣ,2,γεωργός,False,"[{""token_id"": ""355701"", ""citation"": ""JOHN 15.1"", ""raw_form"": ""γεωργός""}]"
syntacticus:Nb:99cfbb8fa7e6a1eda5bca9326500446ecacbe153fe489919bcabc9f4b6f7c5e2,ΓΕΩΡΓΟΥΣ,5,γεωργός,False,"[{""token_id"": ""281170"", ""citation"": ""MATT 21.34"", ""raw_form"": ""γεωργοὺς""}]"
syntacticus:Nb:8f3728be072ebb8ae4bc0310566e4fc41451c85bb2efb477ba0baf156fd50924,ΓΕΩΡΓΩΝ,1,γεωργός,False,"[{""token_id"": ""110648"", ""citation"": ""MARK 12.2"", ""raw_form"": ""γεωργῶν""}]"
syntacticus:Nb:96060991100c20519ce8aa3b3f72ed1911df4fe07d9fc65222ec3e8dcbe9da92,ΓΗ,21,γῆ,False,"[{""token_id"": ""267282"", ""citation"": ""MATT 2.6"", ""raw_form"": ""γῆ""}]"
syntacticus:Nb:0dff5fa1d696a598089b3c4d2e3b862496c6f71c77fe4ae86c32eed7a488e7f5,ΓΗΝ,78,γῆ,False,"[{""token_id"": ""267625"", ""citation"": ""MATT 2.20"", ""raw_form"": ""γῆν""}]"
syntacticus:Nb:24edbb2128a9b1fb803bb252c159aa189ecf0df4d8172b78181f878d466589bd,ΓΗΡΕΙ,1,γῆρας,False,"[{""token_id"": ""733829"", ""citation"": ""LUKE 1.36"", ""raw_form"": ""γήρει""}]"
syntacticus:Nb:7b04475f97f32827a0035a85589e1b8e7f5f8753ab4bf85e96af59433e98da00,ΓΗΣ,132,γῆ,False,"[{""token_id"": ""268719"", ""citation"": ""MATT 5.13"", ""raw_form"": ""γῆς""}]"
syntacticus:Nb:0f8c2877d3f40d5c0f15d9fcfde85eeafd9e29c9186ac2edd9b957861908a42c,ΓΛΕΥΚΟΥΣ,1,γλεῦκος,False,"[{""token_id"": ""378684"", ""citation"": ""ACTS 2.13"", ""raw_form"": ""γλεύκους""}]"
syntacticus:Nb:d409f195d90b20ccdf8322e0633c2ff262bd6d9a41fb9dabcd75d52c5ce780e4,ΓΛΩΣΣΑ,7,γλῶσσα,False,"[{""token_id"": ""321160"", ""citation"": ""LUKE 1.64"", ""raw_form"": ""γλῶσσα""}]"
syntacticus:Nb:e9bde844650601f67712fda33466800cfcf8f1962d5ee2547906e458f84ae963,ΓΛΩΣΣΑΙ,4,γλῶσσα,False,"[{""token_id"": ""378505"", ""citation"": ""ACTS 2.3"", ""raw_form"": ""γλῶσσαι""}]"
syntacticus:Nb:593a4bbaffc137fcc51ab2033e8ad5059ae6b3a9dc9a465f7aa9ace07b3c5c43,ΓΛΩΣΣΑΙΣ,14,γλῶσσα,False,"[{""token_id"": ""114645"", ""citation"": ""MARK 16.17"", ""raw_form"": ""γλώσσαις""}]"
syntacticus:Nb:71c456551d6f822b23a777bd23b96f6c9bfd3ca60a3ac95a9990a318519d50c6,ΓΛΩΣΣΑΝ,6,γλῶσσα,False,"[{""token_id"": ""335328"", ""citation"": ""LUKE 16.24"", ""raw_form"": ""γλῶσσάν""}]"
syntacticus:Nb:3f70dfc3092018ed52d6c0af080916f211767160c5cf66f33c23d5aaf110481e,ΓΛΩΣΣΑΣ,1,γλῶσσα,False,"[{""token_id"": ""499921"", ""citation"": ""REV 16.10"", ""raw_form"": ""γλώσσας""}]"
syntacticus:Nb:adb52261483caa73d63faff575fda23997a5dbdde789ce2a813fb30606a29607,ΓΛΩΣΣΗΣ,4,γλῶσσα,False,"[{""token_id"": ""107116"", ""citation"": ""MARK 7.33"", ""raw_form"": ""γλώσσης""}]"
syntacticus:Nb:648b1a899cbf8731bc88a798a1f260f338ffc11c88127ae7f583910761fb4d7c,ΓΛΩΣΣΟΚΟΜΟΝ,2,γλωσσόκομον,False,"[{""token_id"": ""353339"", ""citation"": ""JOHN 12.6"", ""raw_form"": ""γλωσσόκομον""}]"
syntacticus:Nb:87597e730ecf0d06495d17a9dda918ae67015886d69dd0c7633612c5743b81fe,ΓΛΩΣΣΩΝ,5,γλῶσσα,False,"[{""token_id"": ""418869"", ""citation"": ""1COR 12.10"", ""raw_form"": ""γλωσσῶν""}]"
syntacticus:Nb:830982a040344f5cd99d2d37479bee7628362b4180a68d5365e98ee46e91e098,ΓΝΑΦΕΥΣ,1,γναφεύς,False,"[{""token_id"": ""107991"", ""citation"": ""MARK 9.3"", ""raw_form"": ""γναφεὺς""}]"
syntacticus:Nb:1307e3d84fec31e068570116a72de17980ecdfd05d270199cff910d477f3241e,ΓΝΩΜΗΝ,6,γνώμη,False,"[{""token_id"": ""416429"", ""citation"": ""1COR 7.25"", ""raw_form"": ""γνώμην""}]"
syntacticus:Nb:31574626f77bdd9e88da5696ac29fe327e251e7356ee9bc44e8d34c225d66ca0,ΓΝΩΜΗΣ,2,γνώμη,False,"[{""token_id"": ""392275"", ""citation"": ""ACTS 20.3"", ""raw_form"": ""γνώμης""}]"
syntacticus:Nb:fbac7d779a609ea2b65f5a054446912836269bbcc1fa09e21fd9b883acb12538,ΓΝΩΣΕΙ,6,γνῶσις,False,"[{""token_id"": ""413707"", ""citation"": ""1COR 1.5"", ""raw_form"": ""γνώσει""}]"
syntacticus:Nb:76e6f24d014055d35d649c50482bf45285d70457ea7a42d8d2dd42107223cc83,ΓΝΩΣΕΩΣ,12,γνῶσις,False,"[{""token_id"": ""331456"", ""citation"": ""LUKE 11.52"", ""raw_form"": ""γνώσεως""}]"
syntacticus:Nb:1b00d87bf3f932347880bcf63bdc29894550dbb9aab3408295b9d029f0bf09dd,ΓΝΩΣΙΝ,4,γνῶσις,False,"[{""token_id"": ""321342"", ""citation"": ""LUKE 1.77"", ""raw_form"": ""γνῶσιν""}]"
syntacticus:Nb:6a05122e718c5ca5a52714de0226bccbfc587773b31c56f33d00a5bd647c025c,ΓΝΩΣΙΣ,3,γνῶσις,False,"[{""token_id"": ""416796"", ""citation"": ""1COR 8.1"", ""raw_form"": ""γνῶσις""}]"
syntacticus:Nb:3ecca0b9d761f47dfd7215199cd73c388741eb63ee399c95ce305d599cd616c6,ΓΝΩΣΤΗΝ,1,γνώστης,False,"[{""token_id"": ""396399"", ""citation"": ""ACTS 26.3"", ""raw_form"": ""γνώστην""}]"
syntacticus:Nb:4b721270a96476cccf9a92ffe9a8ddeb2992013d7403277c57eb7cfc3ab608b9,ΓΟΓΓΥΣΜΟΣ,2,γογγυσμός,False,"[{""token_id"": ""348242"", ""citation"": ""JOHN 7.12"", ""raw_form"": ""γογγυσμὸς""}]"
syntacticus:Nb:66d01edbd9f1cee9e6bb86f69b579fe602469d8d15ca9c352c784682f6e942cc,ΓΟΓΓΥΣΜΩΝ,1,γογγυσμός,False,"[{""token_id"": ""447875"", ""citation"": ""PHIL 2.14"", ""raw_form"": ""γογγυσμῶν""}]"
syntacticus:Nb:8e78827a53698913e7c175869dbdee54ee9fbebb78d007d300399c4fe98b1dbb,ΓΟΗΤΕΣ,1,γόης,False,"[{""token_id"": ""462998"", ""citation"": ""2TIM 3.13"", ""raw_form"": ""γόητες""}]"
syntacticus:Nb:ecbec7e846602e5fa1d5657159cf7a480a53aeacede58f883ea9f546b05f5ca8,ΓΟΜΟΝ,3,γόμος,False,"[{""token_id"": ""393032"", ""citation"": ""ACTS 21.3"", ""raw_form"": ""γόμον""}]"
syntacticus:Nb:5dbed0797dd7b40dc435bf2f57a8918a460463e47685cd907562359d5780d8e3,ΓΟΝΑΣΙΝ,1,γόνυ,False,"[{""token_id"": ""324038"", ""citation"": ""LUKE 5.8"", ""raw_form"": ""γόνασιν""}]"
syntacticus:Nb:fb1f9c0e4ceef30f093ddc4c2e8796195022fe248f70cace664d483d62b48614,ΓΟΝΑΤΑ,8,γόνυ,False,"[{""token_id"": ""113873"", ""citation"": ""MARK 15.19"", ""raw_form"": ""γόνατα""}]"
syntacticus:Nb:47aa2cd8299602a2c01fec38abcab3e8ad14bbd42db53d56d3d69fca4389bacf,ΓΟΝΕΙΣ,14,γονεύς,False,"[{""token_id"": ""272644"", ""citation"": ""MATT 10.21"", ""raw_form"": ""γονεῖς""}]"
syntacticus:Nb:f8f798443db5486b9d1643b9075f583567b38ed3e6bc48158995e9762b5fbac5,ΓΟΝΕΥΣΙΝ,5,γονεύς,False,"[{""token_id"": ""399481"", ""citation"": ""ROM 1.30"", ""raw_form"": ""γονεῦσιν""}]"
syntacticus:Nb:f0e81b4fede88bcac1117dc496321e6daa94cad02d06a8af672dba2e29efd200,ΓΟΝΕΩΝ,1,γονεύς,False,"[{""token_id"": ""338928"", ""citation"": ""LUKE 21.16"", ""raw_form"": ""γονέων""}]"
syntacticus:Nb:ac74c2db67eea701256417a2921ffdd9a1f79f8cfd8edf9309be77837a01fd1b,ΓΟΝΥ,3,γόνυ,False,"[{""token_id"": ""404242"", ""citation"": ""ROM 11.4"", ""raw_form"": ""γόνυ""}]"
syntacticus:Nb:b2f7793bdfaa2bdc22336e19b7fe687af38dd34ab7c86c3fc93e82c946b04e5a,ΓΡΑΜΜΑ,1,γράμμα,False,"[{""token_id"": ""429069"", ""citation"": ""2COR 3.6"", ""raw_form"": ""γράμμα""}]"
syntacticus:Nb:22dd0a4ed2216ad2aace293d403d61daecd2d53126f43002e4f7dddbd98a16a3,ΓΡΑΜΜΑΣΙΝ,3,γράμμα,False,"[{""token_id"": ""346615"", ""citation"": ""JOHN 5.47"", ""raw_form"": ""γράμμασιν""}]"
syntacticus:Nb:b37d27509c614e3ff4e49d90bc5a62419494b84f5e872cea7dcd7d1be868182a,ΓΡΑΜΜΑΤΑ,6,γράμμα,False,"[{""token_id"": ""334933"", ""citation"": ""LUKE 16.6"", ""raw_form"": ""γράμματα""}]"
syntacticus:Nb:e038943ab1b2dffe638e0ac783d80940ed4bbaad26011e67d3328497b35f4460,ΓΡΑΜΜΑΤΕΙΣ,39,γραμματεύς,False,"[{""token_id"": ""267250"", ""citation"": ""MATT 2.4"", ""raw_form"": ""γραμματεῖς""}]"
syntacticus:Nb:6a8c35cc8e7d109196dd5c9a417b1aed7b1070bad417f8ff10890c27378312c9,ΓΡΑΜΜΑΤΕΥΣ,5,γραμματεύς,False,"[{""token_id"": ""271188"", ""citation"": ""MATT 8.19"", ""raw_form"": ""γραμματεὺς""}]"
syntacticus:Nb:8d6dd47f8e4456de78fee138511a64c649b523f6379cc1744e6bf95348ca1df9,ΓΡΑΜΜΑΤΕΥΣΙΝ,2,γραμματεύς,False,"[{""token_id"": ""280076"", ""citation"": ""MATT 20.18"", ""raw_form"": ""γραμματεῦσιν""}]"
syntacticus:Nb:2b36ecf5730654f9f838f0c05cf9e834647309dd18467f0d537cfe46a585c21e,ΓΡΑΜΜΑΤΕΩΝ,17,γραμματεύς,False,"[{""token_id"": ""268905"", ""citation"": ""MATT 5.20"", ""raw_form"": ""γραμματέων""}]"
syntacticus:Nb:5b7a1eda7ea14e3534d17252baaa3cd671592de9e31e65e06576a34a1c585128,ΓΡΑΜΜΑΤΙ,1,γράμμα,False,"[{""token_id"": ""400012"", ""citation"": ""ROM 2.29"", ""raw_form"": ""γράμματι""}]"
syntacticus:Nb:b741dd433960b5b723294e79277d56df0a358746caba04cf04d21179bf585e14,ΓΡΑΜΜΑΤΟΣ,3,γράμμα,False,"[{""token_id"": ""399975"", ""citation"": ""ROM 2.27"", ""raw_form"": ""γράμματος""}]"
syntacticus:Nb:753d8c5b5d7949a0202fd8ca52fb2725075e195d55e737c67d6dd4f01d4b36e4,ΓΡΑΦΑΙ,3,γραφή,False,"[{""token_id"": ""285704"", ""citation"": ""MATT 26.54"", ""raw_form"": ""γραφαὶ""}]"
syntacticus:Nb:033e5a5d5352f176e83c801aa1b0ab191fc26626c3608ef7ab06fe81be043087,ΓΡΑΦΑΙΣ,4,γραφή,False,"[{""token_id"": ""281306"", ""citation"": ""MATT 21.42"", ""raw_form"": ""γραφαῖς""}]"
syntacticus:Nb:d74ca242a800bf1b2cfa8a36461d6b09b7be42bd77902e3caa29313baafc7f7e,ΓΡΑΦΑΣ,8,γραφή,False,"[{""token_id"": ""281891"", ""citation"": ""MATT 22.29"", ""raw_form"": ""γραφὰς""}]"
syntacticus:Nb:cc5dd581f02b8b14a65165de1dbcd3d6bcb71055af90091dd8804bf9d9799291,ΓΡΑΦΗ,21,γραφή,False,"[{""token_id"": ""756172"", ""citation"": ""LUKE 4.21"", ""raw_form"": ""γραφὴ""}]"
syntacticus:Nb:2934add46d567e8a61f1c5cb048bcb0904e52c5c0faa5afcff5cf3c0f6ac1018,ΓΡΑΦΗΝ,4,γραφή,False,"[{""token_id"": ""110771"", ""citation"": ""MARK 12.10"", ""raw_form"": ""γραφὴν""}]"
syntacticus:Nb:23f2ec5d7862d55d95e7b97148801b90326f3036d9424897072e88a95e39d8db,ΓΡΑΦΗΣ,2,γραφή,False,"[{""token_id"": ""383740"", ""citation"": ""ACTS 8.32"", ""raw_form"": ""γραφῆς""}]"
syntacticus:Nb:4b006f378b92a68ca655ff7f11792dcba885575faed03f36b377d7f129fc2c09,ΓΡΑΦΩΝ,4,γραφή,False,"[{""token_id"": ""390086"", ""citation"": ""ACTS 17.2"", ""raw_form"": ""γραφῶν""}]"
syntacticus:Nb:9ab8f01e6af0bf57848a0c09f55ca3ea7be4eb7b975073f88311734387890a60,ΓΥΜΝΑΣΙΑ,1,γυμνασία,False,"[{""token_id"": ""459466"", ""citation"": ""1TIM 4.8"", ""raw_form"": ""γυμνασία""}]"
syntacticus:Nb:2cc783943e180e36dc93348f01e0a54c85d285325d6cf33db54f64faf39d669e,ΓΥΜΝΟΤΗΣ,1,γυμνότης,False,"[{""token_id"": ""403078"", ""citation"": ""ROM 8.35"", ""raw_form"": ""γυμνότης""}]"
syntacticus:Nb:6a266d1991952d43abe9903e607d611739886166f5ebac6c076e0995b0ffd615,ΓΥΜΝΟΤΗΤΙ,1,γυμνότης,False,"[{""token_id"": ""432383"", ""citation"": ""2COR 11.27"", ""raw_form"": ""γυμνότητι""}]"
syntacticus:Nb:d817be7445a53451c5af5d77c36573ab96fe0ad96e61349deaf08bc8c870cd26,ΓΥΜΝΟΤΗΤΟΣ,1,γυμνότης,False,"[{""token_id"": ""494327"", ""citation"": ""REV 3.18"", ""raw_form"": ""γυμνότητός""}]"
syntacticus:Nb:78d28bee4b125336aa3f353e2bc48aa9793b238ddd1fbec94dd1c8cc431edfe0,ΓΥΝΑΙ,9,γυνή,False,"[{""token_id"": ""276987"", ""citation"": ""MATT 15.28"", ""raw_form"": ""γύναι""}]"
syntacticus:Nb:3d4df64193be619108764645983554a3535314d0bed3f020245565f591d638ef,ΓΥΝΑΙΚΑ,50,γυνή,False,"[{""token_id"": ""267079"", ""citation"": ""MATT 1.20"", ""raw_form"": ""γυναῖκά""}]"
syntacticus:Nb:401e48361fb2cf1cef1ec5f41a0d2f86a01a37dbcdd9b72a30fb1ee479bb93b7,ΓΥΝΑΙΚΑΡΙΑ,1,γυναικάριον,False,"[{""token_id"": ""462863"", ""citation"": ""2TIM 3.6"", ""raw_form"": ""γυναικάρια""}]"
syntacticus:Nb:3d40cc6096b87400d18ebd9f1eb5e9964166f150e7a23b6d61c5c8843034e2b7,ΓΥΝΑΙΚΑΣ,11,γυνή,False,"[{""token_id"": ""762986"", ""citation"": ""MATT 19.8"", ""raw_form"": ""γυναῖκας""}]"
syntacticus:Nb:d010cfd0460da0cba0fb2671181ad9c2f7974cdce8848152e9024b20b9f073f7,ΓΥΝΑΙΚΕΣ,14,γυνή,False,"[{""token_id"": ""287053"", ""citation"": ""MATT 27.55"", ""raw_form"": ""γυναῖκες""}]"
syntacticus:Nb:3ebad9f862af91235a742c8a4359ac6e5d4374de227a2ce3b94cbf082544f161,ΓΥΝΑΙΚΙ,16,γυνή,False,"[{""token_id"": ""279249"", ""citation"": ""MATT 19.5"", ""raw_form"": ""γυναικὶ""}]"
syntacticus:Nb:df7a5c1f99cc6d047c285ac2db9e018573bbc4b6d77ac7ee9af1dadb83b56b18,ΓΥΝΑΙΚΟΣ,23,γυνή,False,"[{""token_id"": ""279346"", ""citation"": ""MATT 19.10"", ""raw_form"": ""γυναικός""}]"
syntacticus:Nb:680aa9810205d30ab8f3d9fac657aba99611f8a330745c1de5ef257964d7a79e,ΓΥΝΑΙΚΩΝ,11,γυνή,False,"[{""token_id"": ""273254"", ""citation"": ""MATT 11.11"", ""raw_form"": ""γυναικῶν""}]"
syntacticus:Nb:58214000b553e037098f3d457c9ad8b0ec66de94ddb40b439d29e964098ef3b1,ΓΥΝΑΙΞΙ,1,γυνή,False,"[{""token_id"": ""393069"", ""citation"": ""ACTS 21.5"", ""raw_form"": ""γυναιξὶ""}]"
syntacticus:Nb:900288dd96811348612a57645d7f25078a34ac2ed895daf5f0673157b080e2f7,ΓΥΝΑΙΞΙΝ,5,γυνή,False,"[{""token_id"": ""287354"", ""citation"": ""MATT 28.5"", ""raw_form"": ""γυναιξίν""}]"
syntacticus:Nb:67c80ffd3cd01b11cf77633e83216c9f65b68ee92d36b1d86067f27b858cb0fd,ΓΥΝΗ,74,γυνή,False,"[{""token_id"": ""271922"", ""citation"": ""MATT 9.20"", ""raw_form"": ""γυνὴ""}]"
syntacticus:Nb:9801038e5c4ad1142fd72ab39d562e335c9d4200cdfabca430f43f52a0da2210,ΓΩΝΙΑΙΣ,2,γωνία,False,"[{""token_id"": ""758631"", ""citation"": ""MATT 6.5"", ""raw_form"": ""γωνίαις""}]"
syntacticus:Nb:837abc379387d4ce4db8ba4019a0fcf36425c55aa0a5a50cf732d9b673e1338d,ΓΩΝΙΑΣ,6,γωνία,False,"[{""token_id"": ""281317"", ""citation"": ""MATT 21.42"", ""raw_form"": ""γωνίας""}]"
syntacticus:Nb:23c6ecfb88e0e6367e6efcfc7bd517dafd5978a1322bc39aec4aab48c8d66517,ΔΑΙΜΟΝΕΣ,1,δαίμων,False,"[{""token_id"": ""271419"", ""citation"": ""MATT 8.31"", ""raw_form"": ""δαίμονες""}]"
syntacticus:Nb:191ee27c105e7147f7320d3e49dddf60a2a861bc7c2197762578957b6bb61d6e,ΔΑΙΜΟΝΙΑ,32,δαιμόνιον,False,"[{""token_id"": ""270661"", ""citation"": ""MATT 7.22"", ""raw_form"": ""δαιμόνια""}]"
syntacticus:Nb:9761d2b2e95c3665d8fdc0aa5da682f08794f5b7a1c80dc0e09ec4bd29e0eed5,ΔΑΙΜΟΝΙΟΙΣ,1,δαιμόνιον,False,"[{""token_id"": ""417895"", ""citation"": ""1COR 10.20"", ""raw_form"": ""δαιμονίοις""}]"
syntacticus:Nb:9b802bdc52b17fed11a6768a34aef9b9d9e9ee82efcabe189bab1ffbab839e6a,ΔΑΙΜΟΝΙΟΝ,15,δαιμόνιον,False,"[{""token_id"": ""273362"", ""citation"": ""MATT 11.18"", ""raw_form"": ""δαιμόνιον""}]"
syntacticus:Nb:91ded46be3e90878cf516c78b2723bdcc7e87839a6f2d1264e83d2b9123b9635,ΔΑΙΜΟΝΙΟΥ,4,δαιμόνιον,False,"[{""token_id"": ""272139"", ""citation"": ""MATT 9.33"", ""raw_form"": ""δαιμονίου""}]"
syntacticus:Nb:236aa82662b499785d4da078b2e7ddeb1571e7c65e3ca7653af3e02166a16f14,ΔΑΙΜΟΝΙΩΝ,11,δαιμόνιον,False,"[{""token_id"": ""272166"", ""citation"": ""MATT 9.34"", ""raw_form"": ""δαιμονίων""}]"
syntacticus:Nb:a7e61876ff095b7d4463b9730ad7c093cad66a0a1d2250177f149cdab8f4dfda,ΔΑΚΡΥΟΝ,2,δάκρυον,False,"[{""token_id"": ""496044"", ""citation"": ""REV 7.17"", ""raw_form"": ""δάκρυον""}]"
syntacticus:Nb:d7fdf44f4397bc9a279e7c500079a8b233ecd4d017b3e50e557dacf60d7fbda3,ΔΑΚΡΥΣΙΝ,2,δάκρυον,False,"[{""token_id"": ""326590"", ""citation"": ""LUKE 7.38"", ""raw_form"": ""δάκρυσιν""}]"
syntacticus:Nb:455bb1767e9aaf2a1324ef223d110d677d66d8b052fcafb9bee033dc6acc802c,ΔΑΚΡΥΩΝ,6,δάκρυον,False,"[{""token_id"": ""392600"", ""citation"": ""ACTS 20.19"", ""raw_form"": ""δακρύων""}]"
syntacticus:Nb:896b8596baff87d8644f41cdf777a181151bba56a4444e17f7222b3d8b46ecb8,ΔΑΚΤΥΛΙΟΝ,1,δακτύλιος,False,"[{""token_id"": ""334598"", ""citation"": ""LUKE 15.22"", ""raw_form"": ""δακτύλιον""}]"
syntacticus:Nb:7b123646b77531aefe4a20b8d9cc3c5157c121d1d1ab5e2e9eb7ec098aca7d16,ΔΑΚΤΥΛΟΝ,2,δάκτυλος,False,"[{""token_id"": ""359930"", ""citation"": ""JOHN 20.25"", ""raw_form"": ""δάκτυλον""}]"
syntacticus:Nb:89b8b4283b187c4ec439b84205bc99d4be9e8d98410d3e64aefff8823d6471a8,ΔΑΚΤΥΛΟΥ,1,δάκτυλος,False,"[{""token_id"": ""335322"", ""citation"": ""LUKE 16.24"", ""raw_form"": ""δακτύλου""}]"
syntacticus:Nb:30eaffb1d32d3407529212e6cbc5d8d426c79cd89913b96068a67009a4bc6bc9,ΔΑΚΤΥΛΟΥΣ,1,δάκτυλος,False,"[{""token_id"": ""107107"", ""citation"": ""MARK 7.33"", ""raw_form"": ""δακτύλους""}]"
syntacticus:Nb:0efa3281984c2ef2524fb4e489d565724b858d7d669037da749f44817a3e19a7,ΔΑΚΤΥΛΩΝ,1,δάκτυλος,False,"[{""token_id"": ""331337"", ""citation"": ""LUKE 11.46"", ""raw_form"": ""δακτύλων""}]"
syntacticus:Nb:d435affe3f1a0aabe291230de26a8d6941099ff9e5c217755e4d0efb085593d7,ΔΑΜΑΛΕΩΣ,1,δάμαλις,False,"[{""token_id"": ""469582"", ""citation"": ""HEB 9.13"", ""raw_form"": ""δαμάλεως""}]"
syntacticus:Nb:f1b9fe80f1f1b9d6ff7e4b4f95c18f96ab07cfd72d0f2c868114530362a90e5f,ΔΑΝΕΙΟΝ,1,δάν(ε)ιον,False,"[{""token_id"": ""278999"", ""citation"": ""MATT 18.27"", ""raw_form"": ""δάνειον""}]"
syntacticus:Nb:1541160d1bde18fb2c0ca4f9db0343a6e7b4056f8ac2c8f646f7ed33f3f1d8b0,ΔΑΠΑΝΗΝ,1,δαπάνη,False,"[{""token_id"": ""334036"", ""citation"": ""LUKE 14.28"", ""raw_form"": ""δαπάνην""}]"
syntacticus:Nb:9352a1114e712911e2a892e74630b1207b5cc4fb68ae9825dae0d4f956b3c597,ΔΕΗΣΕΙ,5,δέησις,False,"[{""token_id"": ""428330"", ""citation"": ""2COR 1.11"", ""raw_form"": ""δεήσει""}]"
syntacticus:Nb:a830063e2f5f46615538eb544cfd48cef242eebe0713776619e7c63b103b851c,ΔΕΗΣΕΙΣ,3,δέησις,False,"[{""token_id"": ""324593"", ""citation"": ""LUKE 5.33"", ""raw_form"": ""δεήσεις""}]"
syntacticus:Nb:a3b4eff5e53fddbb66b155c00c904600aa6304b1e001f49cdbf0e1162ec5028a,ΔΕΗΣΕΣΙ,1,δέησις,False,"[{""token_id"": ""322072"", ""citation"": ""LUKE 2.37"", ""raw_form"": ""δεήσεσι""}]"
syntacticus:Nb:52c95a0bdf52a1f023a3e3bcd8b1c7c1966dccedb50429f1fad59f8c87824669,ΔΕΗΣΕΣΙΝ,2,δέησις,False,"[{""token_id"": ""459687"", ""citation"": ""1TIM 5.5"", ""raw_form"": ""δεήσεσιν""}]"
syntacticus:Nb:9f5b46997b0dc0305ea4a1dd538dade42d68e9b0bb9452471ff5a581614c534d,ΔΕΗΣΕΩΣ,2,δέησις,False,"[{""token_id"": ""444823"", ""citation"": ""EPH 6.18"", ""raw_form"": ""δεήσεως""}]"
syntacticus:Nb:4f4f210862543f6cb37232824e4f65ed48c20d52283507b74d941f59b60ee9bd,ΔΕΗΣΙΝ,1,δέησις,False,"[{""token_id"": ""447151"", ""citation"": ""PHIL 1.4"", ""raw_form"": ""δέησιν""}]"
syntacticus:Nb:b10a5baece640d0536227af8fcce8cbae65c302d14992d07c8dd18bcfa529375,ΔΕΗΣΙΣ,3,δέησις,False,"[{""token_id"": ""320259"", ""citation"": ""LUKE 1.13"", ""raw_form"": ""δέησίς""}]"
syntacticus:Nb:8e573dcc746e5940d031063f8983ec20aefeaa37d87542b5ad18b49184831d48,ΔΕΙΛΙΑΣ,1,δειλία,False,"[{""token_id"": ""462129"", ""citation"": ""2TIM 1.7"", ""raw_form"": ""δειλίας""}]"
syntacticus:Nb:1ac245374013cbeb718bbf9b663cbe2816658eb4de2805445a1cf471ab9234f8,ΔΕΙΠΝΟΙΣ,3,δεῖπνον,False,"[{""token_id"": ""282243"", ""citation"": ""MATT 23.6"", ""raw_form"": ""δείπνοις""}]"
syntacticus:Nb:d6459ce98d21f2621f6cff6defdc6ee563dc7256aabe565306f87e1713b42ca0,ΔΕΙΠΝΟΝ,8,δεῖπνον,False,"[{""token_id"": ""105797"", ""citation"": ""MARK 6.21"", ""raw_form"": ""δεῖπνον""}]"
syntacticus:Nb:50499fe00b1cc87cd39c594c0287f362cd5f7d7095f910c5d1d9e344b7610394,ΔΕΙΠΝΟΥ,4,δεῖπνον,False,"[{""token_id"": ""333786"", ""citation"": ""LUKE 14.17"", ""raw_form"": ""δείπνου""}]"
syntacticus:Nb:4b0155e1faa7dfb58594edb813d67243f09b433ae5ff141ba7e4fa58555d2089,ΔΕΙΣΙΔΑΙΜΟΝΙΑΣ,1,δεισιδαιμονία,False,"[{""token_id"": ""396144"", ""citation"": ""ACTS 25.19"", ""raw_form"": ""δεισιδαιμονίας""}]"
syntacticus:Nb:ddcf4d627c93e0dc5f73734905653eb03c2d47ce336a4159c51beefed6d90b03,ΔΕΝΔΡΑ,3,δένδρον,False,"[{""token_id"": ""107599"", ""citation"": ""MARK 8.24"", ""raw_form"": ""δένδρα""}]"
syntacticus:Nb:04a2044772e61b520e764840a342c5de5687f53320d519baacbaed7b7020dd72,ΔΕΝΔΡΟΝ,17,δένδρον,False,"[{""token_id"": ""267885"", ""citation"": ""MATT 3.10"", ""raw_form"": ""δένδρον""}]"
syntacticus:Nb:c4a08fc61a4f83dfeaf944e2ca17f38c846004a77019b232df0d90cb78d59ae0,ΔΕΝΔΡΩΝ,4,δένδρον,False,"[{""token_id"": ""267880"", ""citation"": ""MATT 3.10"", ""raw_form"": ""δένδρων""}]"
syntacticus:Nb:b7a9247a23e10526572e99ac041bd5f56b8a82b074fb613e7f991e15816721f2,ΔΕΞΙΟΛΑΒΟΥΣ,1,δεξιολάβος,False,"[{""token_id"": ""395060"", ""citation"": ""ACTS 23.23"", ""raw_form"": ""δεξιολάβους""}]"
syntacticus:Nb:b94a21cb314769812adc3069642eac8a6895ebd744ee4d67e38ff89f4d08f2f8,ΔΕΟΝ,1,δέον,False,"[{""token_id"": ""480635"", ""citation"": ""1PET 1.6"", ""raw_form"": ""δέον""}]"
syntacticus:Nb:7a241439020c87100fbf1c7fefdbdc25b90c1fc2ffdfaf33baa8dfdf84d0f445,ΔΕΟΥΣ,1,δέος,False,"[{""token_id"": ""471798"", ""citation"": ""HEB 12.28"", ""raw_form"": ""δέους""}]"
syntacticus:Nb:aac1893150c911c53e3a47c990e52b0cbad32e9dcf9d434fc3015a560fbf9fbb,ΔΕΡΜΑΣΙΝ,1,δέρμα,False,"[{""token_id"": ""471207"", ""citation"": ""HEB 11.37"", ""raw_form"": ""δέρμασιν""}]"
syntacticus:Nb:26f0934373a291f3ecdcb7642c48fdb3d43dfa828c30e7cdf2ebb23ad99c9057,ΔΕΣΜΑ,3,δεσμός,False,"[{""token_id"": ""327545"", ""citation"": ""LUKE 8.29"", ""raw_form"": ""δεσμὰ""}]"
syntacticus:Nb:6cee58835b48dcdc4798f6ca85980a7fa8415aaad37cfe1165c076526cbbb4b8,ΔΕΣΜΑΣ,1,δέσμη,False,"[{""token_id"": ""275280"", ""citation"": ""MATT 13.30"", ""raw_form"": ""δέσμας""}]"
syntacticus:Nb:16cfad9a9d8d70e44834121f6fc35f2c60fa64c298008829786a0aab697ae143,ΔΕΣΜΙΟΙ,1,δέσμιος,False,"[{""token_id"": ""389759"", ""citation"": ""ACTS 16.25"", ""raw_form"": ""δέσμιοι""}]"
syntacticus:Nb:5ab700ca00f3a945b65c192051d71848c099fb6ffc9568ad9f970ac7498594b3,ΔΕΣΜΙΟΙΣ,1,δέσμιος,False,"[{""token_id"": ""470434"", ""citation"": ""HEB 10.34"", ""raw_form"": ""δεσμίοις""}]"
syntacticus:Nb:7cf4f198ed1e2c817724c73c698f6aa7d371e89b3c93deb29d49472435ef531a,ΔΕΣΜΙΟΝ,5,δέσμιος,False,"[{""token_id"": ""286372"", ""citation"": ""MATT 27.15"", ""raw_form"": ""δέσμιον""}]"
syntacticus:Nb:a6359f7e7ea1e9dd906a13e6a799e6204f22b90795795d2337d51cf623008902,ΔΕΣΜΙΟΣ,7,δέσμιος,False,"[{""token_id"": ""394925"", ""citation"": ""ACTS 23.18"", ""raw_form"": ""δέσμιος""}]"
syntacticus:Nb:9cf45ad412d33990603a8bf7b5a6aa892b985483a1edf6593456cb639965a9d9,ΔΕΣΜΙΟΥΣ,1,δέσμιος,False,"[{""token_id"": ""389808"", ""citation"": ""ACTS 16.27"", ""raw_form"": ""δεσμίους""}]"
syntacticus:Nb:f5384c1eda2da5c1c7183dd59ab924efb9a259da1cdad1b7029fcd4b0ec4ada4,ΔΕΣΜΟΙΣ,5,δεσμός,False,"[{""token_id"": ""447207"", ""citation"": ""PHIL 1.7"", ""raw_form"": ""δεσμοῖς""}]"
syntacticus:Nb:8c9d01cd99f5e8a4eb2b47f5dfdf70168c5a0f65798f2a3af14434830419908b,ΔΕΣΜΟΣ,1,δεσμός,False,"[{""token_id"": ""107147"", ""citation"": ""MARK 7.35"", ""raw_form"": ""δεσμὸς""}]"
syntacticus:Nb:a0bcb295c7ef97601002b0fba306895f6f5a12445e401cd65fc512e5371e647c,ΔΕΣΜΟΥ,1,δεσμός,False,"[{""token_id"": ""333048"", ""citation"": ""LUKE 13.16"", ""raw_form"": ""δεσμοῦ""}]"
syntacticus:Nb:73894ea46cce4370701d05b7195a56b1fd8f00f1ef04a81ba45c101ed754f910,ΔΕΣΜΟΥΣ,1,δεσμός,False,"[{""token_id"": ""447308"", ""citation"": ""PHIL 1.13"", ""raw_form"": ""δεσμούς""}]"
syntacticus:Nb:6f53f1e00920b4aa95d61e6a6e1387f1d7e83e9c23205ab2f20024648a9dfae9,ΔΕΣΜΟΦΥΛΑΚΙ,1,δεσμοφύλαξ,False,"[{""token_id"": ""389719"", ""citation"": ""ACTS 16.23"", ""raw_form"": ""δεσμοφύλακι""}]"
syntacticus:Nb:1e37f34216f7b91eec44293a8df5a27cb04fdeb6a6a900e14714b94d9e6ba538,ΔΕΣΜΟΦΥΛΑΞ,2,δεσμοφύλαξ,False,"[{""token_id"": ""389790"", ""citation"": ""ACTS 16.27"", ""raw_form"": ""δεσμοφύλαξ""}]"
syntacticus:Nb:802dbf12852daa21d5b86f087c8fe94384c00205dee29b910ec7c15229500188,ΔΕΣΜΩΝ,6,δεσμός,False,"[{""token_id"": ""395149"", ""citation"": ""ACTS 23.29"", ""raw_form"": ""δεσμῶν""}]"
syntacticus:Nb:55cef69d3fdda544d5a2484a9bcf8bcfcebc8dafeed66a4a91b5cfa2ca0ab808,ΔΕΣΜΩΤΑΣ,2,δεσμώτης,False,"[{""token_id"": ""397052"", ""citation"": ""ACTS 27.1"", ""raw_form"": ""δεσμώτας""}]"
syntacticus:Nb:9856efd6d47476bc7b5f69896f75265db9d639f71b044657ec2ace17999af0c2,ΔΕΣΜΩΤΗΡΙΟΝ,2,δεσμωτήριον,False,"[{""token_id"": ""381153"", ""citation"": ""ACTS 5.21"", ""raw_form"": ""δεσμωτήριον""}]"
syntacticus:Nb:e6889ca1b0cb8ed03e153e00f42ba1626b4003d62520343c4102d51cd24c64b8,ΔΕΣΜΩΤΗΡΙΟΥ,1,δεσμωτήριον,False,"[{""token_id"": ""389771"", ""citation"": ""ACTS 16.26"", ""raw_form"": ""δεσμωτηρίου""}]"
syntacticus:Nb:41cf326776f3d7c4076a0e2eb62ec4946b8da7948595a4e6dfa92af76f072cd0,ΔΕΣΠΟΤΑ,2,δεσπότης,False,"[{""token_id"": ""733548"", ""citation"": ""LUKE 2.29"", ""raw_form"": ""δέσποτα""}]"
syntacticus:Nb:d5878a7b4b0303722baa153bc20105a10bfd00d75554d8410beb2a27797019c6,ΔΕΣΠΟΤΑΙΣ,2,δεσπότης,False,"[{""token_id"": ""465029"", ""citation"": ""TIT 2.9"", ""raw_form"": ""δεσπόταις""}]"
syntacticus:Nb:4ddbef7fa6b9857215417686fde0f43906d32e02b0b97222e7ff8180b915a494,ΔΕΣΠΟΤΑΣ,2,δεσπότης,False,"[{""token_id"": ""460015"", ""citation"": ""1TIM 6.1"", ""raw_form"": ""δεσπότας""}]"
syntacticus:Nb:de6bb8c8c57f37b0c3c2f2fce1cf08774ac9f58ba766a72dc7590d445b4fa874,ΔΕΣΠΟΤΗΣ,1,δεσπότης,False,"[{""token_id"": ""495397"", ""citation"": ""REV 6.10"", ""raw_form"": ""δεσπότης""}]"
syntacticus:Nb:b2cd491c5f5a9b799dc61b7824ca1f81cb9f8fc735110b2984704f8c526153e6,ΔΗΜΙΟΥΡΓΟΣ,1,δημιουργός,False,"[{""token_id"": ""470726"", ""citation"": ""HEB 11.10"", ""raw_form"": ""δημιουργὸς""}]"
syntacticus:Nb:19e81da1116772977ea1b7588f8fa3cbeba2d520fb63dd704358a43a9376baa1,ΔΗΜΟΝ,2,δῆμος,False,"[{""token_id"": ""390167"", ""citation"": ""ACTS 17.5"", ""raw_form"": ""δῆμον""}]"
syntacticus:Nb:0af59772aaddb8b3534a6209bf397c64ad3854053cca500ed94448408e752219,ΔΗΜΟΣ,1,δῆμος,False,"[{""token_id"": ""386848"", ""citation"": ""ACTS 12.22"", ""raw_form"": ""δῆμος""}]"
syntacticus:Nb:ea24ec297c8527dd32c293addb75a784277e7bd14ea2b9ab489a7dfa814bdbf1,ΔΗΝΑΡΙΑ,3,δηνάριον,False,"[{""token_id"": ""279017"", ""citation"": ""MATT 18.28"", ""raw_form"": ""δηνάρια""}]"
syntacticus:Nb:8d498b1b42e1041b3abffaf3a341d9addca790d55e4037ab692207876b4a9b08,ΔΗΝΑΡΙΟΝ,5,δηνάριον,False,"[{""token_id"": ""279928"", ""citation"": ""MATT 20.9"", ""raw_form"": ""δηνάριον""}]"
syntacticus:Nb:f270296c6fc44d400f52db94bf4aefd3b6fea7220ebdc2704d3d88153ab167aa,ΔΗΝΑΡΙΟΥ,4,δηνάριον,False,"[{""token_id"": ""279796"", ""citation"": ""MATT 20.2"", ""raw_form"": ""δηναρίου""}]"
syntacticus:Nb:b81781130f279d4366ab8f9c454665415eff92d7dd45a7ada0fbae3f7cbcaa85,ΔΗΝΑΡΙΩΝ,4,δηνάριον,False,"[{""token_id"": ""106138"", ""citation"": ""MARK 6.37"", ""raw_form"": ""δηναρίων""}]"
syntacticus:Nb:06f5cfcd11851a424142c45979c375e3ece5d705de7ec67aca3b8f8584375c4a,ΔΙΑΓΝΩΣΙΝ,1,διάγνωσις,False,"[{""token_id"": ""396189"", ""citation"": ""ACTS 25.21"", ""raw_form"": ""διάγνωσιν""}]"
syntacticus:Nb:c904a98254e05235ddec2ed1f926cc91b1d8f7d4ea02c64c6965890128188ec2,ΔΙΑΔΗΜΑΤΑ,3,διάδημα,False,"[{""token_id"": ""497909"", ""citation"": ""REV 12.3"", ""raw_form"": ""διαδήματα""}]"
syntacticus:Nb:1a8e88377d026406dfb12665a44881b1ddd8b22bc8441b6c00467e571b94509d,ΔΙΑΔΟΧΟΝ,1,διάδοχος,False,"[{""token_id"": ""395743"", ""citation"": ""ACTS 24.27"", ""raw_form"": ""διάδοχον""}]"
syntacticus:Nb:17ed7e27f178abcdbaa912df81b155c35d84874d78a3de0ed2920d618a047a64,ΔΙΑΘΗΚΑΙ,2,διαθήκη,False,"[{""token_id"": ""403210"", ""citation"": ""ROM 9.4"", ""raw_form"": ""διαθῆκαι""}]"
syntacticus:Nb:8934f648849e92e9baa5f387dcfbeae16284c95040fc9bdc99fc5206519156b1,ΔΙΑΘΗΚΗ,7,διαθήκη,False,"[{""token_id"": ""339638"", ""citation"": ""LUKE 22.20"", ""raw_form"": ""διαθήκη""}]"
syntacticus:Nb:de2b19baae6c67b465de1dfa1d716fd9ea3c2ca25dd8f2cabbc22f033ca84174,ΔΙΑΘΗΚΗΝ,5,διαθήκη,False,"[{""token_id"": ""382077"", ""citation"": ""ACTS 7.8"", ""raw_form"": ""διαθήκην""}]"
syntacticus:Nb:e6fbd976114923f8f1bfc5f4f87bfd9f52681b6eb6fedf440c67eeb1551f2ebf,ΔΙΑΘΗΚΗΣ,15,διαθήκη,False,"[{""token_id"": ""285169"", ""citation"": ""MATT 26.28"", ""raw_form"": ""διαθήκης""}]"
syntacticus:Nb:2e40e46fc41233220e642faa4cb692fcbb20d5ac6afb86d7eceb8ab1ded74a66,ΔΙΑΘΗΚΩΝ,1,διαθήκη,False,"[{""token_id"": ""442915"", ""citation"": ""EPH 2.12"", ""raw_form"": ""διαθηκῶν""}]"
syntacticus:Nb:6c66b0d93cc05a834b69e5174b15664239777cf1da6ccb89e6a5cc1c35e2eb77,ΔΙΑΙΡΕΣΕΙΣ,3,διαίρεσις,False,"[{""token_id"": ""418770"", ""citation"": ""1COR 12.4"", ""raw_form"": ""Διαιρέσεις""}]"
syntacticus:Nb:a05dd9cabeb20f45423f36f2243e5ce2d538d55d12be743ff167b8c4b5f9c72d,ΔΙΑΚΟΝΙΑ,6,διακονία,False,"[{""token_id"": ""406550"", ""citation"": ""ROM 15.31"", ""raw_form"": ""διακονία""}]"
syntacticus:Nb:a68976be75129ac1aea81100cdddeac55ea284e72f0d6828dcede02fbc891661,ΔΙΑΚΟΝΙΑΝ,16,διακονία,False,"[{""token_id"": ""330289"", ""citation"": ""LUKE 10.40"", ""raw_form"": ""διακονίαν""}]"
syntacticus:Nb:5e32be20f72cd3718c3ef7fb5827bc4ae5f0afdcf598adc3c91a90f98c9b062f,ΔΙΑΚΟΝΙΑΣ,7,διακονία,False,"[{""token_id"": ""378272"", ""citation"": ""ACTS 1.17"", ""raw_form"": ""διακονίας""}]"
syntacticus:Nb:73ca1a15435a5be7ccc15fb58e10abb554c71af078a23d1766c57a321d5119af,ΔΙΑΚΟΝΙΩΝ,1,διακονία,False,"[{""token_id"": ""418782"", ""citation"": ""1COR 12.5"", ""raw_form"": ""διακονιῶν""}]"
syntacticus:Nb:5df21229abfc8f2a762887f258d232a51f9965bbedc6bca7178c77008d4883d6,ΔΙΑΚΟΝΟΙ,7,διάκονος,False,"[{""token_id"": ""343563"", ""citation"": ""JOHN 2.9"", ""raw_form"": ""διάκονοι""}]"
syntacticus:Nb:2d80cc88842061300821ba835e7156af88012124930a562b2b36623348a71f64,ΔΙΑΚΟΝΟΙΣ,3,διάκονος,False,"[{""token_id"": ""281605"", ""citation"": ""MATT 22.13"", ""raw_form"": ""διακόνοις""}]"
syntacticus:Nb:2d5a9f251e26f0348ffed17b20100a8c90e87d8da095a1c239144111ceee1391,ΔΙΑΚΟΝΟΝ,3,διάκονος,False,"[{""token_id"": ""406085"", ""citation"": ""ROM 15.8"", ""raw_form"": ""διάκονον""}]"
syntacticus:Nb:3f6dec82008c94790e92a77fb71fb663e40e8d857c500f7881f45c38a4017c2d,ΔΙΑΚΟΝΟΣ,15,διάκονος,False,"[{""token_id"": ""280260"", ""citation"": ""MATT 20.26"", ""raw_form"": ""διάκονος""}]"
syntacticus:Nb:2adfa51f2a0a1eb71831cf462c4eb7f1196451788b2574ea5b6d07739bf02bc4,ΔΙΑΚΟΝΟΥΣ,2,διάκονος,False,"[{""token_id"": ""429058"", ""citation"": ""2COR 3.6"", ""raw_form"": ""διακόνους""}]"
syntacticus:Nb:d6357cabd9816c8fa7878de9b88165c105d100c15b2379ffa7cbdabf2eb0f1a0,ΔΙΑΚΡΙΣΕΙΣ,1,διάκρισις,False,"[{""token_id"": ""405529"", ""citation"": ""ROM 14.1"", ""raw_form"": ""διακρίσεις""}]"
syntacticus:Nb:d0ba290e449408a2fd65d10c95989fb17f154f625bfa5daaa1bf095a971bc53c,ΔΙΑΚΡΙΣΙΝ,1,διάκρισις,False,"[{""token_id"": ""468143"", ""citation"": ""HEB 5.14"", ""raw_form"": ""διάκρισιν""}]"
syntacticus:Nb:e66e61e8ffee8502ca11215fb74492dae5a7c089daf53eb146ad3eccec53ea49,ΔΙΑΚΡΙΣΙΣ,1,διάκρισις,False,"[{""token_id"": ""418864"", ""citation"": ""1COR 12.10"", ""raw_form"": ""διάκρισις""}]"
syntacticus:Nb:3326b536919e8964eee7f8624ed4d1a46914e81a136b7183c9f311096bc80997,ΔΙΑΛΟΓΙΣΜΟΙ,4,διαλογισμός,False,"[{""token_id"": ""276813"", ""citation"": ""MATT 15.19"", ""raw_form"": ""διαλογισμοὶ""}]"
syntacticus:Nb:e320ecdbb288642b3d4e57fd2b1345b5706a8d6b0b075115778e2dbfa19abf03,ΔΙΑΛΟΓΙΣΜΟΙΣ,1,διαλογισμός,False,"[{""token_id"": ""399285"", ""citation"": ""ROM 1.21"", ""raw_form"": ""διαλογισμοῖς""}]"
syntacticus:Nb:41b78c07fe229cd79f618c301b4c3a4fd78b55900962424796beabe2b792842c,ΔΙΑΛΟΓΙΣΜΟΝ,1,διαλογισμός,False,"[{""token_id"": ""329112"", ""citation"": ""LUKE 9.47"", ""raw_form"": ""διαλογισμὸν""}]"
syntacticus:Nb:fa1d21f56caf13606f8a4fe3240540d327688be99efa1aabbeb6034a82464e61,ΔΙΑΛΟΓΙΣΜΟΣ,1,διαλογισμός,False,"[{""token_id"": ""329096"", ""citation"": ""LUKE 9.46"", ""raw_form"": ""διαλογισμὸς""}]"
syntacticus:Nb:ec3dfeff3bf4c5eb826e8f6fb6e204c19b0dc89b9a64215fde9476c3ceafbdd8,ΔΙΑΛΟΓΙΣΜΟΥ,1,διαλογισμός,False,"[{""token_id"": ""459002"", ""citation"": ""1TIM 2.8"", ""raw_form"": ""διαλογισμοῦ""}]"
syntacticus:Nb:d5b762342632594802b1b4a92a14024728a1aba81515b915a11428c0f59c68b2,ΔΙΑΛΟΓΙΣΜΟΥΣ,3,διαλογισμός,False,"[{""token_id"": ""324368"", ""citation"": ""LUKE 5.22"", ""raw_form"": ""διαλογισμοὺς""}]"
syntacticus:Nb:ef1f946da13241b4983ebb7667661f7a02f89bd9e65fa9ccbcaa11889a36857a,ΔΙΑΛΟΓΙΣΜΩΝ,3,διαλογισμός,False,"[{""token_id"": ""405530"", ""citation"": ""ROM 14.1"", ""raw_form"": ""διαλογισμῶν""}]"
syntacticus:Nb:384bd02ac49cbd597afbcdcb41e4d8ae415345edc74e30e4db613900368c1342,ΔΙΑΜΕΡΙΣΜΟΝ,1,διαμερισμός,False,"[{""token_id"": ""332531"", ""citation"": ""LUKE 12.51"", ""raw_form"": ""διαμερισμόν""}]"
syntacticus:Nb:1ae499b102c190db1a9f5f790041d29a56c7a7d7f84fe31848983d2063da6c9f,ΔΙΑΝΟΗΜΑΤΑ,1,διανόημα,False,"[{""token_id"": ""330697"", ""citation"": ""LUKE 11.17"", ""raw_form"": ""διανοήματα""}]"
syntacticus:Nb:5a4c5b9e66c334b0c3d839c3cc6106f18ea87e84a813e0088c334a1cc8f5a0a1,ΔΙΑΝΟΙΑΝ,2,διάνοια,False,"[{""token_id"": ""469246"", ""citation"": ""HEB 8.10"", ""raw_form"": ""διάνοιαν""}]"
syntacticus:Nb:b749dfdb5f4dc3c4685e989c676104b32f7318e6389986b5ea25e7fe2b4b2a16,ΔΙΑΝΟΙΑΣ,2,διάνοια,False,"[{""token_id"": ""756945"", ""citation"": ""MARK 12.30"", ""raw_form"": ""διανοίας""}]"
syntacticus:Nb:bd97a4952f711adc7defc7644b5ebd4082e2381ccc84b268dd74a2d027699b02,ΔΙΑΝΟΙΩΝ,1,διάνοια,False,"[{""token_id"": ""442758"", ""citation"": ""EPH 2.3"", ""raw_form"": ""διανοιῶν""}]"
syntacticus:Nb:890c03ee51a6d95cf0e20e9b826286cdf6f8204c5c70d2b1daf02ab0f3b025f9,ΔΙΑΠΑΡΑΤΡΙΒΑΙ,1,διαπαρατριβή,False,"[{""token_id"": ""460109"", ""citation"": ""1TIM 6.5"", ""raw_form"": ""διαπαρατριβαὶ""}]"
syntacticus:Nb:0fcd959a69df8ebcee2075b84516526252067a427852d5f35229f366cd67aa2d,ΔΙΑΣΠΟΡΑΝ,1,διασπορά,False,"[{""token_id"": ""348702"", ""citation"": ""JOHN 7.35"", ""raw_form"": ""διασπορὰν""}]"
syntacticus:Nb:d3cf3be3dd170662dc7ee1a66a16232d56fadcd32262ee8d03b09848d92db20f,ΔΙΑΣΠΟΡΑΣ,1,διασπορά,False,"[{""token_id"": ""480536"", ""citation"": ""1PET 1.1"", ""raw_form"": ""διασπορᾶς""}]"
syntacticus:Nb:4e1a775de2d19b81ff25e80338cd1cb345158a216cf8734a543522f2b23ecd63,ΔΙΑΣΤΗΜΑ,1,διάστημα,False,"[{""token_id"": ""380852"", ""citation"": ""ACTS 5.7"", ""raw_form"": ""διάστημα""}]"
syntacticus:Nb:0027b9521f14afc5795febcc325fb40b6ec2486ff923193776c264776d3d559d,ΔΙΑΣΤΟΛΗ,2,διαστολή,False,"[{""token_id"": ""400374"", ""citation"": ""ROM 3.22"", ""raw_form"": ""διαστολή""}]"
syntacticus:Nb:b90d4e1109787882f0c5c1a55e2aeb783c25b67f5c6d761104295dca6c18cf21,ΔΙΑΣΤΟΛΗΝ,1,διαστολή,False,"[{""token_id"": ""419655"", ""citation"": ""1COR 14.7"", ""raw_form"": ""διαστολὴν""}]"
syntacticus:Nb:6e7db7dbe71e071ed0d6ecb0bc7a056440e1c6740f9cd917ebeeaddfe0c14575,ΔΙΑΤΑΓΑΣ,1,διαταγή,False,"[{""token_id"": ""383019"", ""citation"": ""ACTS 7.53"", ""raw_form"": ""διαταγὰς""}]"
syntacticus:Nb:72d2ee28dc5421553ab1bf848834fbce1c871c712b298440d6351b995ad4cbb2,ΔΙΑΤΑΓΜΑ,1,διάταγμα,False,"[{""token_id"": ""470966"", ""citation"": ""HEB 11.23"", ""raw_form"": ""διάταγμα""}]"
syntacticus:Nb:b0c8affd0a622c73ff7f6efbc75b692f91c42b21f022e4d87789f74e2f7570a0,ΔΙΑΤΡΟΦΑΣ,1,διατροφή,False,"[{""token_id"": ""460149"", ""citation"": ""1TIM 6.8"", ""raw_form"": ""διατροφὰς""}]"
syntacticus:Nb:a996e85047fec17d5023749a91addf708464a0adc85a9ae89dfd7f12cbe477f2,ΔΙΑΦΘΟΡΑΝ,6,διαφθορά,False,"[{""token_id"": ""378995"", ""citation"": ""ACTS 2.27"", ""raw_form"": ""διαφθοράν""}]"
syntacticus:Nb:b3fa6735d93cee8aa1002d6de388a8f0d2cdb33792b1c026023b0afad31dc44b,ΔΙΔΑΣΚΑΛΕ,31,διδάσκαλος,False,"[{""token_id"": ""271192"", ""citation"": ""MATT 8.19"", ""raw_form"": ""διδάσκαλε""}]"
syntacticus:Nb:d0ff501cf661d5616977bc14c5970b3c6d4370c3d92e05b65ed2da477e19bfbb,ΔΙΔΑΣΚΑΛΙΑ,1,διδασκαλία,False,"[{""token_id"": ""460029"", ""citation"": ""1TIM 6.1"", ""raw_form"": ""διδασκαλία""}]"
syntacticus:Nb:5066ef5de38c52d643609a93cce246a18cc9fc87c3dbf5249a8fc49a3a0692be,ΔΙΔΑΣΚΑΛΙΑΙΣ,1,διδασκαλία,False,"[{""token_id"": ""459374"", ""citation"": ""1TIM 4.1"", ""raw_form"": ""διδασκαλίαις""}]"
syntacticus:Nb:1bebf2d2763d1682e7fe279e39b5851727d907b473546e4a17674a76d71837eb,ΔΙΔΑΣΚΑΛΙΑΝ,3,διδασκαλία,False,"[{""token_id"": ""406014"", ""citation"": ""ROM 15.4"", ""raw_form"": ""διδασκαλίαν""}]"
syntacticus:Nb:ba9beab8a39eb4ad63c7596440a4d9074f4c9d9afbb6337ac96bd40295fc61b2,ΔΙΔΑΣΚΑΛΙΑΣ,6,διδασκαλία,False,"[{""token_id"": ""276662"", ""citation"": ""MATT 15.9"", ""raw_form"": ""διδασκαλίας""}]"
syntacticus:Nb:df5a990ad8df21872eeeb63908c79296b6d359d8597ee496603ce9e08f907555,ΔΙΔΑΣΚΑΛΟΙ,4,διδάσκαλος,False,"[{""token_id"": ""386913"", ""citation"": ""ACTS 13.1"", ""raw_form"": ""διδάσκαλοι""}]"
syntacticus:Nb:13f58fea76e3b2f8af29fc9c0210cd302616e381584cca9c3b77829a12461a15,ΔΙΔΑΣΚΑΛΟΝ,5,διδάσκαλος,False,"[{""token_id"": ""272705"", ""citation"": ""MATT 10.24"", ""raw_form"": ""διδάσκαλον""}]"
syntacticus:Nb:7469a99c9246f6cd670b36fd411cd801201a360c6cbb59148da88aaadec151d5,ΔΙΔΑΣΚΑΛΟΣ,15,διδάσκαλος,False,"[{""token_id"": ""271722"", ""citation"": ""MATT 9.11"", ""raw_form"": ""διδάσκαλος""}]"
syntacticus:Nb:5f09d1108c3bb6d128993d34e2ac46790ae1de83ac24084df66788c6d432ea7e,ΔΙΔΑΣΚΑΛΟΥΣ,3,διδάσκαλος,False,"[{""token_id"": ""419213"", ""citation"": ""1COR 12.28"", ""raw_form"": ""διδασκάλους""}]"
syntacticus:Nb:6d4d2fc81b6d8c51332e612e32337c867f34b39cb3c6d05b379f50dfd8af30a4,ΔΙΔΑΣΚΑΛΩΝ,1,διδάσκαλος,False,"[{""token_id"": ""322224"", ""citation"": ""LUKE 2.46"", ""raw_form"": ""διδασκάλων""}]"
syntacticus:Nb:20dd1e99f9307f05cdaced8a92c5694e766b0ba2a2dc73bd36b2f1f587b7a9be,ΔΙΔΑΧΗ,3,διδαχή,False,"[{""token_id"": ""102224"", ""citation"": ""MARK 1.27"", ""raw_form"": ""διδαχὴ""}]"
syntacticus:Nb:240dfb1475f65a4fa001c13863d9a6486ef33e1f270240011163807dbdb2ed97,ΔΙΔΑΧΗΝ,6,διδαχή,False,"[{""token_id"": ""406868"", ""citation"": ""ROM 16.17"", ""raw_form"": ""διδαχὴν""}]"
syntacticus:Nb:27d04e56c4956e5302b104e0b4a1beae0b4738f8d64e4abcd8941116783f22ee,ΔΙΔΑΧΗΣ,6,διδαχή,False,"[{""token_id"": ""277437"", ""citation"": ""MATT 16.12"", ""raw_form"": ""διδαχῆς""}]"
syntacticus:Nb:ef96fc70f9cad8741bde56ef7370f1aa6defb5d2b8ee297e3fc960e7bdbfa0c3,ΔΙΔΡΑΧΜΑ,2,δίδραχμον,False,"[{""token_id"": ""278299"", ""citation"": ""MATT 17.24"", ""raw_form"": ""δίδραχμα""}]"
syntacticus:Nb:0d40d62bcdf7a44fe564a19bf16f42ea0308d355fdd14b5cb63e2216dc5523dd,ΔΙΕΞΟΔΟΥΣ,1,διέξοδος,False,"[{""token_id"": ""281530"", ""citation"": ""MATT 22.9"", ""raw_form"": ""διεξόδους""}]"
syntacticus:Nb:2251e563aa93a04b634606f4e2ff2a2ed8ece3f123013ae5ed18dd21759823f5,ΔΙΕΡΜΗΝΕΥΤΗΣ,1,διερμηνευτής,False,"[{""token_id"": ""420066"", ""citation"": ""1COR 14.28"", ""raw_form"": ""διερμηνευτής""}]"
syntacticus:Nb:c5f62cb506f5d1efe71caf7d97a2bba625b286d9cf7d3802a3fa8ddda3d2a1d5,ΔΙΕΤΙΑΝ,1,διετία,False,"[{""token_id"": ""398511"", ""citation"": ""ACTS 28.30"", ""raw_form"": ""διετίαν""}]"
syntacticus:Nb:4e52fd1e5ec8a6ac1487f802a515160a63809ae7e57fab5b5b2329d47b2076ec,ΔΙΕΤΙΑΣ,1,διετία,False,"[{""token_id"": ""395739"", ""citation"": ""ACTS 24.27"", ""raw_form"": ""διετίας""}]"
syntacticus:Nb:30208bf441996748d028e1d093f47e2405c4b6f1a9bff8970acfcf3398a9656f,ΔΙΗΓΗΣΙΝ,1,διήγησις,False,"[{""token_id"": ""320061"", ""citation"": ""LUKE 1.1"", ""raw_form"": ""διήγησιν""}]"
syntacticus:Nb:9e2eeae783f8107c9168e58f4c41a564ffad069656356cac6d3781f689812a3f,ΔΙΚΑΙΟΚΡΙΣΙΑΣ,1,δικαιοκρισία,False,"[{""token_id"": ""399626"", ""citation"": ""ROM 2.5"", ""raw_form"": ""δικαιοκρισίας""}]"
syntacticus:Nb:2f085d5867f26f3a35a9edc14e60d365075582446783c3454893141809ea08b4,ΔΙΚΑΙΟΣΥΝΗ,11,δικαιοσύνη,False,"[{""token_id"": ""268902"", ""citation"": ""MATT 5.20"", ""raw_form"": ""δικαιοσύνη""}]"
syntacticus:Nb:441eb02811a528e44e99bd5879f1e7f216e4f3f70909e3a4eda1674a26d84506,ΔΙΚΑΙΟΣΥΝΗΝ,33,δικαιοσύνη,False,"[{""token_id"": ""268016"", ""citation"": ""MATT 3.15"", ""raw_form"": ""δικαιοσύνην""}]"
syntacticus:Nb:e4f42ce45c089d56a32792709e33cdb42e543ed70b06f3ec83f8edc14954934b,ΔΙΚΑΙΟΣΥΝΗΣ,26,δικαιοσύνη,False,"[{""token_id"": ""268665"", ""citation"": ""MATT 5.10"", ""raw_form"": ""δικαιοσύνης""}]"
syntacticus:Nb:62612654161d27200fd61f5f11c0449588a0c270f7dae18442925b4e762e79f8,ΔΙΚΑΙΩΜΑ,3,δικαίωμα,False,"[{""token_id"": ""399494"", ""citation"": ""ROM 1.32"", ""raw_form"": ""δικαίωμα""}]"
syntacticus:Nb:22ba5513e2f8ea708e126438a6890359fc02e92381f04acc0b8525adeb0f6be6,ΔΙΚΑΙΩΜΑΣΙΝ,1,δικαίωμα,False,"[{""token_id"": ""320149"", ""citation"": ""LUKE 1.6"", ""raw_form"": ""δικαιώμασιν""}]"
syntacticus:Nb:348c9c872c9ecfed028a76f80d45a63162c86dd32d8164a0318cd3e4354c546c,ΔΙΚΑΙΩΜΑΤΑ,5,δικαίωμα,False,"[{""token_id"": ""399950"", ""citation"": ""ROM 2.26"", ""raw_form"": ""δικαιώματα""}]"
syntacticus:Nb:b19f400095879b0f1f62d96fbd28642355770204f0054e0bc6aec94b448b7222,ΔΙΚΑΙΩΜΑΤΟΣ,1,δικαίωμα,False,"[{""token_id"": ""401372"", ""citation"": ""ROM 5.18"", ""raw_form"": ""δικαιώματος""}]"
syntacticus:Nb:93d5ca711ac1eca0139a44c48349965bb5155f76dfa3daa4283f2a28eb3536e4,ΔΙΚΑΙΩΣΙΝ,2,δικαίωσις,False,"[{""token_id"": ""400970"", ""citation"": ""ROM 4.25"", ""raw_form"": ""δικαίωσιν""}]"
syntacticus:Nb:8b9b5d711a8aa32ff13849fdb9c640853c53cee91a5dd87b1de9e511bb8ecb14,ΔΙΚΑΣΤΗΝ,2,δικαστής,False,"[{""token_id"": ""382458"", ""citation"": ""ACTS 7.27"", ""raw_form"": ""δικαστὴν""}]"
syntacticus:Nb:8645fbf06b96ba519cb18091c79567c591d699f78d9bd6646a82d2bcade80052,ΔΙΚΗ,1,δίκη,False,"[{""token_id"": ""397967"", ""citation"": ""ACTS 28.4"", ""raw_form"": ""δίκη""}]"
syntacticus:Nb:a163184cf227ca376e4ae841b7b38845f79b76e60923a6b5ebdeeec7129f2da8,ΔΙΚΗΝ,1,δίκη,False,"[{""token_id"": ""457011"", ""citation"": ""2THESS 1.9"", ""raw_form"": ""δίκην""}]"
syntacticus:Nb:1ff125e5c0afac3583983e1f63c12612158e8e165fd1b64dc164858c33543560,ΔΙΚΤΥΑ,8,δίκτυον,False,"[{""token_id"": ""268428"", ""citation"": ""MATT 4.20"", ""raw_form"": ""δίκτυα""}]"
syntacticus:Nb:8926a1ee05a8ab0120586466723b61eed352c1d14649a88244dad217bdb98990,ΔΙΚΤΥΟΝ,4,δίκτυον,False,"[{""token_id"": ""360223"", ""citation"": ""JOHN 21.6"", ""raw_form"": ""δίκτυον""}]"
syntacticus:Nb:732c2f38918a91b4fbee673300861a30b88ba93df7632b7d39c7e85f1d529bff,ΔΙΟΡΘΩΜΑΤΩΝ,1,διόρθωμα,False,"[{""token_id"": ""395301"", ""citation"": ""ACTS 24.3"", ""raw_form"": ""διορθωμάτων""}]"
syntacticus:Nb:1522532d974fb65503f677651f890e2c23fcadc0fd9772413d59b7e78c837a8d,ΔΙΟΡΘΩΣΕΩΣ,1,διόρθωσις,False,"[{""token_id"": ""469525"", ""citation"": ""HEB 9.10"", ""raw_form"": ""διορθώσεως""}]"
syntacticus:Nb:251c250fe71d627ec4f7818295c5ec6511796dcab77842d52febb66a290dba7d,ΔΙΣΜΥΡΙΑΔΕΣ,1,δισμυριάς,False,"[{""token_id"": ""496771"", ""citation"": ""REV 9.16"", ""raw_form"": ""δισμυριάδες""}]"
syntacticus:Nb:8ca07173be756b4448d0ffe5e06e65ac4870bce03fbb3ab4fffbe9803b1afc04,ΔΙΧΟΣΤΑΣΙΑΙ,1,διχοστασία,False,"[{""token_id"": ""439720"", ""citation"": ""GAL 5.20"", ""raw_form"": ""διχοστασίαι""}]"
syntacticus:Nb:c994b441b67b3f0e60e400deef568846360940c54f63002c881f2668db42a7ac,ΔΙΧΟΣΤΑΣΙΑΣ,1,διχοστασία,False,"[{""token_id"": ""406862"", ""citation"": ""ROM 16.17"", ""raw_form"": ""διχοστασίας""}]"
syntacticus:Nb:409f9eb9726ea382bd32113e6338565366d8386fcab9ace29e504279a654acba,ΔΙΨΕΙ,1,δίψος,False,"[{""token_id"": ""432374"", ""citation"": ""2COR 11.27"", ""raw_form"": ""δίψει""}]"
syntacticus:Nb:5e4df52e95cf22d2604e6f5995cc51e8653eaa2e4997d601f09c27349e304d74,ΔΙΩΓΜΟΙΣ,3,διωγμός,False,"[{""token_id"": ""432683"", ""citation"": ""2COR 12.10"", ""raw_form"": ""διωγμοῖς""}]"
syntacticus:Nb:eb8eab8bfed9e1c025e12de726e64229ee6a826a59b7b2e76924a32b0348420d,ΔΙΩΓΜΟΝ,1,διωγμός,False,"[{""token_id"": ""387909"", ""citation"": ""ACTS 13.50"", ""raw_form"": ""διωγμὸν""}]"
syntacticus:Nb:734a8e521745a16a28644000322e4a15a7ea09af4995b983ec49553473044ed5,ΔΙΩΓΜΟΣ,2,διωγμός,False,"[{""token_id"": ""383167"", ""citation"": ""ACTS 8.1"", ""raw_form"": ""διωγμὸς""}]"
syntacticus:Nb:0a3253227110d50541bc15f2ddc6f97389516583e51c05daf08393bb5655a696,ΔΙΩΓΜΟΥ,2,διωγμός,False,"[{""token_id"": ""275066"", ""citation"": ""MATT 13.21"", ""raw_form"": ""διωγμοῦ""}]"
syntacticus:Nb:6e272dd1fe2345642e483347366058db939bc61130048e7f57cc1d989cb7e2e0,ΔΙΩΓΜΟΥΣ,1,διωγμός,False,"[{""token_id"": ""462971"", ""citation"": ""2TIM 3.11"", ""raw_form"": ""διωγμοὺς""}]"
syntacticus:Nb:584cb336e87e0a8851e9875805da23445b1b24f782f7d2338ba10f188d014db9,ΔΙΩΓΜΩΝ,1,διωγμός,False,"[{""token_id"": ""109478"", ""citation"": ""MARK 10.30"", ""raw_form"": ""διωγμῶν""}]"
syntacticus:Nb:227a3dd777b9d328fb7d8ac2ee6a3caf8e2a23a1f1ff6d8a16757ec6743b675c,ΔΙΩΚΤΗΝ,1,διώκτης,False,"[{""token_id"": ""458726"", ""citation"": ""1TIM 1.13"", ""raw_form"": ""διώκτην""}]"
syntacticus:Nb:08bc8f8120dc71bbbf7f7682ffa25e49c7eec8de9a1dc4cabac88ffef7b1c718,ΔΟΓΜΑ,1,δόγμα,False,"[{""token_id"": ""321411"", ""citation"": ""LUKE 2.1"", ""raw_form"": ""δόγμα""}]"
syntacticus:Nb:793b4648297901203adbf82ec3997f513239317158a4c843c109ab154de3a4e8,ΔΟΓΜΑΣΙΝ,2,δόγμα,False,"[{""token_id"": ""442977"", ""citation"": ""EPH 2.15"", ""raw_form"": ""δόγμασιν""}]"
syntacticus:Nb:cebacc553f0f1d61ae09d79d64e9853bdb840ff719dbd7270a71bbdb1488830d,ΔΟΓΜΑΤΑ,1,δόγμα,False,"[{""token_id"": ""389315"", ""citation"": ""ACTS 16.4"", ""raw_form"": ""δόγματα""}]"
syntacticus:Nb:368434871241785cc9ca2c8f30b1064e2aac07d93d93e332111afec7e543fad3,ΔΟΓΜΑΤΩΝ,1,δόγμα,False,"[{""token_id"": ""390202"", ""citation"": ""ACTS 17.7"", ""raw_form"": ""δογμάτων""}]"
syntacticus:Nb:6c311001be3bf5e5f055ab476af0861ca6fe18ab52eafb35e4a2a1311638b9f4,ΔΟΚΙΜΗ,1,δοκιμή,False,"[{""token_id"": ""401039"", ""citation"": ""ROM 5.4"", ""raw_form"": ""δοκιμὴ""}]"
syntacticus:Nb:2cc5dc275b542ec67cccd19b615e8002d23b33cdb3b4cde5236d9a117c25d1c8,ΔΟΚΙΜΗΝ,4,δοκιμή,False,"[{""token_id"": ""401035"", ""citation"": ""ROM 5.4"", ""raw_form"": ""δοκιμήν""}]"
syntacticus:Nb:387b8ea1f11c353527d388340307e2b84500c4d65ef4dad75b7a67380034648b,ΔΟΚΙΜΗΣ,1,δοκιμή,False,"[{""token_id"": ""431470"", ""citation"": ""2COR 9.13"", ""raw_form"": ""δοκιμῆς""}]"
syntacticus:Nb:932f4b4f3ed96db42d640a1cd2c3ea4c3c69fdaf624956061eb1c9519055ecb7,ΔΟΚΙΜΙΟΝ,2,δοκιμεῖον,False,"[{""token_id"": ""476880"", ""citation"": ""JAS 1.3"", ""raw_form"": ""δοκίμιον""}]"
syntacticus:Nb:5a9de883f448d403fda1aa72cd1a73d55529b2db21e98a998578c7210ec9ea6d,ΔΟΚΟΝ,5,δοκός,False,"[{""token_id"": ""270280"", ""citation"": ""MATT 7.3"", ""raw_form"": ""δοκὸν""}]"
syntacticus:Nb:d241f77da02ded78c45df054cb1e83d36cd036256180f0e00712371ef8fcbd37,ΔΟΚΟΣ,1,δοκός,False,"[{""token_id"": ""270303"", ""citation"": ""MATT 7.4"", ""raw_form"": ""δοκὸς""}]"
syntacticus:Nb:593a9cbd8d9d2be4b3bded02b22eb2835fff15687dc715f36b2b96f0eb709651,ΔΟΛΟΝ,1,δόλος,False,"[{""token_id"": ""480993"", ""citation"": ""1PET 2.1"", ""raw_form"": ""δόλον""}]"
syntacticus:Nb:3663690cc886df92eeea7cfb96fad5364aa2031fe617f997006f0df5bc7cdec8,ΔΟΛΟΣ,3,δόλος,False,"[{""token_id"": ""106886"", ""citation"": ""MARK 7.22"", ""raw_form"": ""δόλος""}]"
syntacticus:Nb:234a53a047fffd8478d31181c44231f1abf63aa25cd9c912fa8c526e9e52d15c,ΔΟΛΟΥ,2,δόλος,False,"[{""token_id"": ""387094"", ""citation"": ""ACTS 13.10"", ""raw_form"": ""δόλου""}]"
syntacticus:Nb:5024a9d4aabdb850292902a9e9ffbf53fc8a1451a850a737aed335f2793cb520,ΔΟΜΑ,1,δόμα,False,"[{""token_id"": ""448852"", ""citation"": ""PHIL 4.17"", ""raw_form"": ""δόμα""}]"
syntacticus:Nb:7853068202930462617d31b3e84f62f7ab6106e73d22a49c87dba0403fa2f123,ΔΟΜΑΤΑ,3,δόμα,False,"[{""token_id"": ""270427"", ""citation"": ""MATT 7.11"", ""raw_form"": ""δόματα""}]"
syntacticus:Nb:a327b2cb2a0dc820f8ad3466ab34e7882e9278287a9a1bca01b5f0aad3370aff,ΔΟΞΑ,32,δόξα,False,"[{""token_id"": ""321545"", ""citation"": ""LUKE 2.9"", ""raw_form"": ""δόξα""}]"
syntacticus:Nb:9993a95a1b835b3a1012ce0c3d88fc7b94dd3f255d4873874165126030151fdb,ΔΟΞΑΝ,56,δόξα,False,"[{""token_id"": ""268232"", ""citation"": ""MATT 4.8"", ""raw_form"": ""δόξαν""}]"
syntacticus:Nb:cb3b48b6d7fec55894820b896ef726ea0bdff4a532c44f06a4c6330286c95ee3,ΔΟΞΑΣ,1,δόξα,False,"[{""token_id"": ""480732"", ""citation"": ""1PET 1.11"", ""raw_form"": ""δόξας""}]"
syntacticus:Nb:4f80f0abb68489b57b2555cdde496bc65e93e41e63addd61856c79786d51bcf0,ΔΟΞΗΣ,42,δόξα,False,"[{""token_id"": ""279716"", ""citation"": ""MATT 19.28"", ""raw_form"": ""δόξης""}]"
syntacticus:Nb:a11b242942b944f7d2af74c7c781f6bab897606036323a2f1cf29893693d9e1f,ΔΟΣΕΩΣ,1,δόσις,False,"[{""token_id"": ""448826"", ""citation"": ""PHIL 4.15"", ""raw_form"": ""δόσεως""}]"
syntacticus:Nb:a4e7b15d4f113f96c1d6471ed5529a294cce6405ab7c2531a70e1d340452bb69,ΔΟΣΙΣ,1,δόσις,False,"[{""token_id"": ""477101"", ""citation"": ""JAS 1.17"", ""raw_form"": ""δόσις""}]"
syntacticus:Nb:a2bafe96feffd64a66bc34e6c5e6a08f0e648dca95d8ad0cac26ae058f71d5f4,ΔΟΤΗΝ,1,δότης,False,"[{""token_id"": ""431362"", ""citation"": ""2COR 9.7"", ""raw_form"": ""δότην""}]"
syntacticus:Nb:c00777c1734e81ef689e92482ccb7856f8407830cf01337bb3022750228fba21,ΔΟΥΛΑΣ,1,δούλη,False,"[{""token_id"": ""378798"", ""citation"": ""ACTS 2.18"", ""raw_form"": ""δούλας""}]"
syntacticus:Nb:9dc05d864141ef298b31a9bb608875557f7919d4385c35a208208e1214685267,ΔΟΥΛΕ,6,δοῦλος,False,"[{""token_id"": ""279092"", ""citation"": ""MATT 18.32"", ""raw_form"": ""δοῦλε""}]"
syntacticus:Nb:7c42974f02ea189098f518988ad76d4c8993bdce7a5218d37a7dfbf1237e8434,ΔΟΥΛΗ,1,δούλη,False,"[{""token_id"": ""733904"", ""citation"": ""LUKE 1.38"", ""raw_form"": ""δούλη""}]"
syntacticus:Nb:c4750dee485ad0340e9c00b3d6b2f8688efc12bd8d8480acf3ca412ca8a7ad03,ΔΟΥΛΗΣ,1,δούλη,False,"[{""token_id"": ""320928"", ""citation"": ""LUKE 1.48"", ""raw_form"": ""δούλης""}]"
syntacticus:Nb:b8f408489f61c9ba78e7903ff5226b0d4bf64a4be784137f22c607499e265d3f,ΔΟΥΛΙΑΝ,1,δουλεία,False,"[{""token_id"": ""439289"", ""citation"": ""GAL 4.24"", ""raw_form"": ""δουλίαν""}]"
syntacticus:Nb:54eca75e8634ff61ad0c0c77c1bb5f0aa4312ea376b8dbdc586f50186d3c261d,ΔΟΥΛΙΑΣ,4,δουλεία,False,"[{""token_id"": ""402683"", ""citation"": ""ROM 8.15"", ""raw_form"": ""δουλίας""}]"
syntacticus:Nb:d23fc487226812775a66c6ed1bb4f5868ef14d5bed52ddb3c5b1f0b2ce23ea92,ΔΟΥΛΟΙ,21,δοῦλος,False,"[{""token_id"": ""275196"", ""citation"": ""MATT 13.27"", ""raw_form"": ""δοῦλοι""}]"
syntacticus:Nb:a1bb026cdc48a203774a84dd9d086e63b99ee8199ed24335bf2544078154095c,ΔΟΥΛΟΙΣ,7,δοῦλος,False,"[{""token_id"": ""281510"", ""citation"": ""MATT 22.8"", ""raw_form"": ""δούλοις""}]"
syntacticus:Nb:4b07f6a5db6b42cd920439862471db5b43c23ec138685b398a6a136d01129719,ΔΟΥΛΟΝ,18,δοῦλος,False,"[{""token_id"": ""284355"", ""citation"": ""MATT 25.30"", ""raw_form"": ""δοῦλον""}]"
syntacticus:Nb:1cf20f3638336bafe2ab8a4c96c1c708d39bf47410f1882f18f383a618d8e050,ΔΟΥΛΟΣ,33,δοῦλος|δοῦλος#2,False,"[{""token_id"": ""272707"", ""citation"": ""MATT 10.24"", ""raw_form"": ""δοῦλος""}]"
syntacticus:Nb:a2fdd9567cc7f6c974ae557187f04196e962c3830b0d154fc659fff7bf9cf18d,ΔΟΥΛΟΥ,6,δοῦλος,False,"[{""token_id"": ""278992"", ""citation"": ""MATT 18.27"", ""raw_form"": ""δούλου""}]"
syntacticus:Nb:9200bbb381458542c6d097eb64df5011b454d86916fa15978dc5a742aadcabdb,ΔΟΥΛΟΥΣ,19,δοῦλος,False,"[{""token_id"": ""281166"", ""citation"": ""MATT 21.34"", ""raw_form"": ""δούλους""}]"
syntacticus:Nb:d6ff458a1e0f484ed570e67736161028bd484129b27bf68dabbd821661a4bbb3,ΔΟΥΛΩΝ,5,δοῦλος,False,"[{""token_id"": ""278930"", ""citation"": ""MATT 18.23"", ""raw_form"": ""δούλων""}]"
syntacticus:Nb:cc7f7eda37e1624d0d6c58fcab7336d278e729d9bffedc1079a7e9ba218c0f04,ΔΟΧΗΝ,2,δοχή,False,"[{""token_id"": ""324506"", ""citation"": ""LUKE 5.29"", ""raw_form"": ""δοχὴν""}]"
syntacticus:Nb:7ffa44a249958828bd39434b5220fa295b0fc3fe6ae615b197e310ab04b73fdd,ΔΡΑΚΟΝΤΑ,1,δράκων,False,"[{""token_id"": ""502025"", ""citation"": ""REV 20.2"", ""raw_form"": ""δράκοντα""}]"
syntacticus:Nb:2688d6b45869a48e017df1890b8e669326ff6a0c8bf9c7abc1144a5e439feb9d,ΔΡΑΚΟΝΤΙ,1,δράκων,False,"[{""token_id"": ""498432"", ""citation"": ""REV 13.4"", ""raw_form"": ""δράκοντι""}]"
syntacticus:Nb:f8442a89bcc1501cc5fd34cc47ef0be8d8e9d7ab91cd3f7f5f9a6c8b8a299d55,ΔΡΑΚΟΝΤΟΣ,2,δράκων,False,"[{""token_id"": ""498019"", ""citation"": ""REV 12.7"", ""raw_form"": ""δράκοντος""}]"
syntacticus:Nb:4950eb99761cd73437c33a11168637c316ed5fcd78c6d7397121d412df02067b,ΔΡΑΚΩΝ,9,δράκων,False,"[{""token_id"": ""497893"", ""citation"": ""REV 12.3"", ""raw_form"": ""δράκων""}]"
syntacticus:Nb:88b4880cc41a293ba213387b448a84d618888c0337c003fb68846fdefeaccc0f,ΔΡΑΧΜΑΣ,1,δραχμή,False,"[{""token_id"": ""334297"", ""citation"": ""LUKE 15.8"", ""raw_form"": ""δραχμὰς""}]"
syntacticus:Nb:629a0b3e3bcff70ae38f5ad6430c8ae6e4c6195c262f042c30d5c03df920a765,ΔΡΑΧΜΗΝ,2,δραχμή,False,"[{""token_id"": ""334303"", ""citation"": ""LUKE 15.8"", ""raw_form"": ""δραχμὴν""}]"
syntacticus:Nb:a0774f3845ed3525abddcda6d5accbe922103788a36a09027004e860ce43caae,ΔΡΕΠΑΝΟΝ,8,δρέπανον,False,"[{""token_id"": ""104322"", ""citation"": ""MARK 4.29"", ""raw_form"": ""δρέπανον""}]"
syntacticus:Nb:16ae5da50931705eedc7357e7f4c3b9dc539d9432b28176f3298f58ed25bf923,ΔΡΟΜΟΝ,3,δρόμος,False,"[{""token_id"": ""387416"", ""citation"": ""ACTS 13.25"", ""raw_form"": ""δρόμον""}]"
syntacticus:Nb:74ffa369601a06d120ef2ffcb772ac2cdd2033abb1f2c6453f544684e87f2b41,ΔΥΝΑΜΕΙ,25,δύναμις,False,"[{""token_id"": ""107948"", ""citation"": ""MARK 9.1"", ""raw_form"": ""δυνάμει""}]"
syntacticus:Nb:c67530c1cc53952681c9e58314c6560903e1ceacdc72f8683dd0a218727512ee,ΔΥΝΑΜΕΙΣ,20,δύναμις,False,"[{""token_id"": ""270668"", ""citation"": ""MATT 7.22"", ""raw_form"": ""δυνάμεις""}]"
syntacticus:Nb:f6c1b648e78e13134de0833902a6aabe56226f1ce7c872c70be0dedcef45e285,ΔΥΝΑΜΕΣΙ,1,δύναμις,False,"[{""token_id"": ""378882"", ""citation"": ""ACTS 2.22"", ""raw_form"": ""δυνάμεσι""}]"
syntacticus:Nb:f1e959150d5e30f955e215bdde2a07b9967f6e1f9c962f4289aea04e29faee45,ΔΥΝΑΜΕΣΙΝ,2,δύναμις,False,"[{""token_id"": ""432741"", ""citation"": ""2COR 12.12"", ""raw_form"": ""δυνάμεσιν""}]"
syntacticus:Nb:c4bb7118b8cbaca6ffeafcf3980c1901be10e446d14eda85f281b8c078d4b9fb,ΔΥΝΑΜΕΩΝ,2,δύναμις,False,"[{""token_id"": ""337632"", ""citation"": ""LUKE 19.37"", ""raw_form"": ""δυνάμεων""}]"
syntacticus:Nb:6617e1da8403ff919898b4b3a7b4bb039fd22b4740455844d9570a954801e70e,ΔΥΝΑΜΕΩΣ,20,δύναμις,False,"[{""token_id"": ""283432"", ""citation"": ""MATT 24.30"", ""raw_form"": ""δυνάμεως""}]"
syntacticus:Nb:c66f0e92f21082500e8ba2cfa5e72aa9e16de6f529272ddbc506a1222433cb28,ΔΥΝΑΜΙΝ,32,δύναμις,False,"[{""token_id"": ""281894"", ""citation"": ""MATT 22.29"", ""raw_form"": ""δύναμιν""}]"
syntacticus:Nb:70372f7aba2c2c4c6d337a0b20e7a0eaa215f1292715ea71b684ee1f06509b49,ΔΥΝΑΜΙΣ,13,δύναμις,False,"[{""token_id"": ""320703"", ""citation"": ""LUKE 1.35"", ""raw_form"": ""δύναμις""}]"
syntacticus:Nb:68eda290deae87c901c1215bb21d400dcc8d47e8bedbc06fbbf9bd5698fd9965,ΔΥΝΑΣΤΑΣ,1,δυνάστης,False,"[{""token_id"": ""320980"", ""citation"": ""LUKE 1.52"", ""raw_form"": ""δυνάστας""}]"
syntacticus:Nb:6a86067b59355b8c9f88692a9038374a96a7ec829bcaeaef3e0c4ad486baacd1,ΔΥΝΑΣΤΗΣ,2,δυνάστης,False,"[{""token_id"": ""383648"", ""citation"": ""ACTS 8.27"", ""raw_form"": ""δυνάστης""}]"
syntacticus:Nb:e6126518cd1f0d7eb23d6b4d5dfe5628550cca52f56e31ab53460fd1443c4279,ΔΥΣΜΩΝ,5,δυσμή,False,"[{""token_id"": ""271035"", ""citation"": ""MATT 8.11"", ""raw_form"": ""δυσμῶν""}]"
syntacticus:Nb:0f1f98771a506dd7974857744ed90823cb35d36dba79e6172a4d3b755c4410fd,ΔΥΣΦΗΜΙΑΣ,1,δυσφημία,False,"[{""token_id"": ""430177"", ""citation"": ""2COR 6.8"", ""raw_form"": ""δυσφημίας""}]"
syntacticus:Nb:0addb2f76b100fa9025c975d81cb67a8a31d9cf5f29a58d2606a2fc01d05b2a9,ΔΩΔΕΚΑΦΥΛΟΝ,1,δωδεκάφυλον,False,"[{""token_id"": ""396480"", ""citation"": ""ACTS 26.7"", ""raw_form"": ""δωδεκάφυλον""}]"
syntacticus:Nb:c763ce07e6e97cf32dc5c12f77f222a54b6032fdd197dcbbf3c7cdac2a3320c2,ΔΩΜΑ,2,δῶμα,False,"[{""token_id"": ""324305"", ""citation"": ""LUKE 5.19"", ""raw_form"": ""δῶμα""}]"
syntacticus:Nb:907d980a491df5985534aa9c9493c88623f846715782bd389309d6da5ed1ea4e,ΔΩΜΑΤΟΣ,3,δῶμα,False,"[{""token_id"": ""283175"", ""citation"": ""MATT 24.17"", ""raw_form"": ""δώματος""}]"
syntacticus:Nb:402fc80a4f2d5659335ea630808a27a5bf4c54270740663d0ddded0334249a18,ΔΩΜΑΤΩΝ,2,δῶμα,False,"[{""token_id"": ""272784"", ""citation"": ""MATT 10.27"", ""raw_form"": ""δωμάτων""}]"
syntacticus:Nb:4b132402064b8726dd49c95e03f94aeadc7c95b081c532b95ee5f35a6883d973,ΔΩΡΑ,8,δῶρον,False,"[{""token_id"": ""267411"", ""citation"": ""MATT 2.11"", ""raw_form"": ""δῶρα""}]"
syntacticus:Nb:47ec18e5235e943aa7b52d8e27caaf35262c5ad5aa264bcac4a42d7e580395ba,ΔΩΡΕΑ,2,δωρεά,False,"[{""token_id"": ""385709"", ""citation"": ""ACTS 10.45"", ""raw_form"": ""δωρεὰ""}]"
syntacticus:Nb:5579b263e8daed227573399d762210be0000c04d1768da381e370f49baac8052,ΔΩΡΕΑΝ,5,δωρεά,False,"[{""token_id"": ""344800"", ""citation"": ""JOHN 4.10"", ""raw_form"": ""δωρεὰν""}]"
syntacticus:Nb:8253b4bca874cc1d27e7b66bc70cb85809db28c50a31b287530528b847bcadbf,ΔΩΡΕΑΣ,3,δωρεά,False,"[{""token_id"": ""401343"", ""citation"": ""ROM 5.17"", ""raw_form"": ""δωρεᾶς""}]"
syntacticus:Nb:0212abc3ea90ec8fcd839745267e2712ba7423e8b27231ca125bdb3cd710d1b8,ΔΩΡΗΜΑ,2,δώρημα,False,"[{""token_id"": ""401301"", ""citation"": ""ROM 5.16"", ""raw_form"": ""δώρημα""}]"
syntacticus:Nb:7948b6282737576b053fcb096b05a071bf2f6547123cfd5bef8d5ed2482de0f6,ΔΩΡΟΙΣ,1,δῶρον,False,"[{""token_id"": ""470582"", ""citation"": ""HEB 11.4"", ""raw_form"": ""δώροις""}]"
syntacticus:Nb:50e39d13f85667702025d418956bcf9dbda1327d98742c938a098420123e5435,ΔΩΡΟΝ,9,δῶρον,False,"[{""token_id"": ""765685"", ""citation"": ""MATT 5.23"", ""raw_form"": ""δῶρόν""}]"
syntacticus:Nb:a179ff59a303ffed5a451cab7441032a1f4ba71db2f21363fe6de377c41c8347,ΕΓΓΥΟΣ,1,ἔγγυος,False,"[{""token_id"": ""468884"", ""citation"": ""HEB 7.22"", ""raw_form"": ""ἔγγυος""}]"
syntacticus:Nb:f6de965ed18ad9007e7cffbc18867bd0df963839bdee22f6e0f91c6a46cbd3c9,ΕΓΕΡΣΙΝ,1,ἔγερσις,False,"[{""token_id"": ""287012"", ""citation"": ""MATT 27.53"", ""raw_form"": ""ἔγερσιν""}]"
syntacticus:Nb:420517757916fa8e785ff3b3707e7b258f7a33991cda7e98f9945a18eda951b4,ΕΓΚΛΗΜΑ,1,ἔγκλημα,False,"[{""token_id"": ""395151"", ""citation"": ""ACTS 23.29"", ""raw_form"": ""ἔγκλημα""}]"
syntacticus:Nb:6be0c73408ea913650d8f2e4279d00dfb67af9251b6e9715da33f7b2e4f1abd3,ΕΓΚΛΗΜΑΤΟΣ,1,ἔγκλημα,False,"[{""token_id"": ""396103"", ""citation"": ""ACTS 25.16"", ""raw_form"": ""ἐγκλήματος""}]"
syntacticus:Nb:88a8c727328da94fdcf758030e8a48365324981391ffaa65edf944ba2f7d99f6,ΕΓΚΡΑΤΕΙΑ,1,ἐγκράτεια,False,"[{""token_id"": ""439772"", ""citation"": ""GAL 5.23"", ""raw_form"": ""ἐγκράτεια""}]"
syntacticus:Nb:2a9bf46b613dce573715beb011d1f7d6d03243099f6b0a8b1aee76b191d23cee,ΕΓΚΡΑΤΕΙΑΣ,1,ἐγκράτεια,False,"[{""token_id"": ""395697"", ""citation"": ""ACTS 24.25"", ""raw_form"": ""ἐγκρατείας""}]"
syntacticus:Nb:5c548110ea0987335e97bc49194eed429101663853a67b7c5af6670f69901f8c,ΕΔΑΦΟΣ,1,ἔδαφος,False,"[{""token_id"": ""394012"", ""citation"": ""ACTS 22.7"", ""raw_form"": ""ἔδαφος""}]"
syntacticus:Nb:6c0d65dfa37f51593b8e17fd900a4058950ac2f4b4e162c27700df0d546e7b41,ΕΔΡΑΙΩΜΑ,1,ἑδραίωμα,False,"[{""token_id"": ""459319"", ""citation"": ""1TIM 3.15"", ""raw_form"": ""ἑδραίωμα""}]"
syntacticus:Nb:8da7214e7f5f822714f9f8614ddb04053c3a64d22cd18354ace1d3816f8834b2,ΕΘΕΙ,1,ἔθος,False,"[{""token_id"": ""388488"", ""citation"": ""ACTS 15.1"", ""raw_form"": ""ἔθει""}]"
syntacticus:Nb:bfd9006d9b1d9e3b37b9c09fd21f6d9a3d130895aede844129d2b7d0e12218df,ΕΘΕΣΙ,1,ἔθος,False,"[{""token_id"": ""398234"", ""citation"": ""ACTS 28.17"", ""raw_form"": ""ἔθεσι""}]"
syntacticus:Nb:0ba298fe969ac3b254d77a6f532f7aefd74beb8e9dd917e8e8decf4484c12c8e,ΕΘΕΣΙΝ,1,ἔθος,False,"[{""token_id"": ""393409"", ""citation"": ""ACTS 21.21"", ""raw_form"": ""ἔθεσιν""}]"
syntacticus:Nb:6b7ead9497b9a1452be92a4e9b44349db0bf5b1ffebcbbb3b19fbbcd007edb4b,ΕΘΗ,2,ἔθος,False,"[{""token_id"": ""381876"", ""citation"": ""ACTS 6.14"", ""raw_form"": ""ἔθη""}]"
syntacticus:Nb:a5e7fbd8fc8d0954848c44bc7b76c25bc86918003f0ee6e3694d947a7f299814,ΕΘΝΑΡΧΗΣ,1,ἐθνάρχης,False,"[{""token_id"": ""432449"", ""citation"": ""2COR 11.32"", ""raw_form"": ""ἐθνάρχης""}]"
syntacticus:Nb:9ffa56b1487b4f6f8c96afee01c9d061a35d032977196f778ee80cd6f6502cf8,ΕΘΝΕΙ,7,ἔθνος,False,"[{""token_id"": ""281345"", ""citation"": ""MATT 21.43"", ""raw_form"": ""ἔθνει""}]"
syntacticus:Nb:66bedb94b0585150d9a3af7047442550dc7ecf42ae5e90e3f51933088ed7852f,ΕΘΝΕΣΙΝ,32,ἔθνος,False,"[{""token_id"": ""272589"", ""citation"": ""MATT 10.18"", ""raw_form"": ""ἔθνεσιν""}]"
syntacticus:Nb:8482c5c5f0feaca1a81d3cc11c727396acfc34b7fdf9b173cb9fa092ba3e9d5e,ΕΘΝΗ,52,ἔθνος,False,"[{""token_id"": ""270188"", ""citation"": ""MATT 6.32"", ""raw_form"": ""ἔθνη""}]"
syntacticus:Nb:6a3025c153a54f1171bdc4b7fb15e3b96cd42b8831214d4606e9960a14c91a3a,ΕΘΝΟΣ,18,ἔθνος,False,"[{""token_id"": ""283035"", ""citation"": ""MATT 24.7"", ""raw_form"": ""ἔθνος""}]"
syntacticus:Nb:2698cb4dfb0fd2a8831daf85e2c62589248eba299557683355f7d1a568932684,ΕΘΝΟΥΣ,7,ἔθνος,False,"[{""token_id"": ""353084"", ""citation"": ""JOHN 11.51"", ""raw_form"": ""ἔθνους""}]"
syntacticus:Nb:bf7ed80ae8e87483711d2921e16f2d40ebfba35d16b3ba937335b95181b83a17,ΕΘΝΩΝ,45,ἔθνος,False,"[{""token_id"": ""268336"", ""citation"": ""MATT 4.15"", ""raw_form"": ""ἐθνῶν""}]"
syntacticus:Nb:9a0c2c4c05d7038b5f1f406f9974b94edbada334fb9d4e2b86a99cff064c3bc2,ΕΘΟΣ,6,ἔθος,False,"[{""token_id"": ""320193"", ""citation"": ""LUKE 1.9"", ""raw_form"": ""ἔθος""}]"
syntacticus:Nb:de61605a4f1c71791dde53a6f1a1c7b511386413c3e803a86fc82d6a1641ed83,ΕΘΩΝ,1,ἔθος,False,"[{""token_id"": ""396406"", ""citation"": ""ACTS 26.3"", ""raw_form"": ""ἐθῶν""}]"
syntacticus:Nb:b323872b1bcb6b70de85d01062bfddd5190d1e62f3f569432000fcae9885bf09,ΕΙΔΕΑ,1,εἰδέα,False,"[{""token_id"": ""287322"", ""citation"": ""MATT 28.3"", ""raw_form"": ""εἰδέα""}]"
syntacticus:Nb:20b724656989ec5921daa70071044c0dff5ef47f55312608636211e0863c718e,ΕΙΔΕΙ,1,εἶδος,False,"[{""token_id"": ""733647"", ""citation"": ""LUKE 3.22"", ""raw_form"": ""εἴδει""}]"
syntacticus:Nb:fb28139d065b80dffcca3933f1df42b0614d161a0bf153f335782e5f6bd54dff,ΕΙΔΟΣ,2,εἶδος,False,"[{""token_id"": ""328722"", ""citation"": ""LUKE 9.29"", ""raw_form"": ""εἶδος""}]"
syntacticus:Nb:ebe95bedff83306268ebcce42c6cd5c3ef87b668584a25cf9eb4fb7bed969855,ΕΙΔΟΥΣ,2,εἶδος,False,"[{""token_id"": ""429767"", ""citation"": ""2COR 5.7"", ""raw_form"": ""εἴδους""}]"
syntacticus:Nb:6b8dac0e675109d4a0e685051c3bf4218bca67ca07789db8fb30de8142ff2b17,ΕΙΔΩΛΑ,3,εἴδωλον,False,"[{""token_id"": ""399893"", ""citation"": ""ROM 2.22"", ""raw_form"": ""εἴδωλα""}]"
syntacticus:Nb:2812cd1a70d3368651a65b97997e0ca759f8d8efd637382acb8bed720f6933a6,ΕΙΔΩΛΟΛΑΤΡΑΙ,3,εἰδωλολάτρης,False,"[{""token_id"": ""415728"", ""citation"": ""1COR 6.9"", ""raw_form"": ""εἰδωλολάτραι""}]"
syntacticus:Nb:bfb1ab4a940125ff37ddb34513fbb1ec6e075b37eac9b00344b4d8f08025378b,ΕΙΔΩΛΟΛΑΤΡΑΙΣ,2,εἰδωλολάτρης,False,"[{""token_id"": ""762144"", ""citation"": ""1COR 5.10"", ""raw_form"": ""εἰδωλολάτραις""}]"
syntacticus:Nb:6a322dd093251018b458f3e37753d6c2588461cea0716ef07cba1a4268383da2,ΕΙΔΩΛΟΛΑΤΡΕΙΑ,1,εἰδωλολατρία,False,"[{""token_id"": ""451640"", ""citation"": ""COL 3.5"", ""raw_form"": ""εἰδωλολατρεία""}]"
syntacticus:Nb:03355155721c70d557cb421bea365ccd102f903e1312bcc6a309123f2c2559e3,ΕΙΔΩΛΟΛΑΤΡΕΙΑΣ,1,εἰδωλολατρία,False,"[{""token_id"": ""417801"", ""citation"": ""1COR 10.14"", ""raw_form"": ""εἰδωλολατρείας""}]"
syntacticus:Nb:1e8796a022fe6780e11325be9eb3c3019381dd0d2397142dd86c6afb39932b21,ΕΙΔΩΛΟΛΑΤΡΗΣ,2,εἰδωλολάτρης,False,"[{""token_id"": ""415539"", ""citation"": ""1COR 5.11"", ""raw_form"": ""εἰδωλολάτρης""}]"
syntacticus:Nb:4cd35aa658a28e4ab668433d7efd29eb2c2bf49a2af4125b3eb2cbb74519debd,ΕΙΔΩΛΟΛΑΤΡΙΑ,1,εἰδωλολατρία,False,"[{""token_id"": ""439706"", ""citation"": ""GAL 5.20"", ""raw_form"": ""εἰδωλολατρία""}]"
syntacticus:Nb:6394899122b2b01dae8ac13d7c7a94225d4ccf05a7856e63aa42c3cc6a330bfc,ΕΙΔΩΛΟΝ,2,εἴδωλον,False,"[{""token_id"": ""416837"", ""citation"": ""1COR 8.4"", ""raw_form"": ""εἴδωλον""}]"
syntacticus:Nb:fd22c687585f33480fc1ada93d7329c772036115f158c94eb48eb402d21abda8,ΕΙΔΩΛΟΥ,1,εἴδωλον,False,"[{""token_id"": ""416915"", ""citation"": ""1COR 8.7"", ""raw_form"": ""εἰδώλου""}]"
syntacticus:Nb:bbb2da1348fd1b25e065453b5f3e7423185c9b4a7a39caf3348fa71a06f09801,ΕΙΔΩΛΩΝ,3,εἴδωλον,False,"[{""token_id"": ""388867"", ""citation"": ""ACTS 15.20"", ""raw_form"": ""εἰδώλων""}]"
syntacticus:Nb:4193cecf5f570cc513276180cbaa66411c620223089a5bcee5bb11f8a264a763,ΕΙΚΟΝΑ,10,εἰκών,False,"[{""token_id"": ""338288"", ""citation"": ""LUKE 20.24"", ""raw_form"": ""εἰκόνα""}]"
syntacticus:Nb:3439ca71460367058a42a7e3856a9f7659fe6c9f08134d31c47c8ff8111bd931,ΕΙΚΟΝΙ,4,εἰκών,False,"[{""token_id"": ""498713"", ""citation"": ""REV 13.15"", ""raw_form"": ""εἰκόνι""}]"
syntacticus:Nb:6d0ab56ca21142f896756a0f543a992f49790ba7fabef90cc269b21c4b28ccc3,ΕΙΚΟΝΟΣ,3,εἰκών,False,"[{""token_id"": ""399308"", ""citation"": ""ROM 1.23"", ""raw_form"": ""εἰκόνος""}]"
syntacticus:Nb:d0a5a1b65d86e7eaa2ef614b44f72e0d5eff00d842f2207ae84cef3dd9e231ed,ΕΙΚΩΝ,6,εἰκών,False,"[{""token_id"": ""281741"", ""citation"": ""MATT 22.20"", ""raw_form"": ""εἰκὼν""}]"
syntacticus:Nb:58fff6463c9232a73de3c060338bae7ab44a59db661bf4187c0f2cda24379006,ΕΙΛΙΚΡΙΝΙΑΣ,2,εἰλικρίνεια,False,"[{""token_id"": ""415488"", ""citation"": ""1COR 5.8"", ""raw_form"": ""εἰλικρινίας""}]"
syntacticus:Nb:ecb0b607ac67b0bf2e0b0b1bb88a8882c43604cd67337b1639d9ad8a154c7b51,ΕΙΡΗΝΗ,35,εἰρήνη,False,"[{""token_id"": ""272469"", ""citation"": ""MATT 10.13"", ""raw_form"": ""εἰρήνη""}]"
syntacticus:Nb:f92d2f5b43200dd296df68bb733bac2c8d14534f10f2d74952cec5e50be00d91,ΕΙΡΗΝΗΝ,24,εἰρήνη,False,"[{""token_id"": ""272904"", ""citation"": ""MATT 10.34"", ""raw_form"": ""εἰρήνην""}]"
syntacticus:Nb:4e4b82f02798ba29dfc4e3fbc47e23b23cab57e4cd1c95e6a1ed269adcb6ea50,ΕΙΡΗΝΗΣ,18,εἰρήνη,False,"[{""token_id"": ""321381"", ""citation"": ""LUKE 1.79"", ""raw_form"": ""εἰρήνης""}]"
syntacticus:Nb:04a4bf27551de3cb2e14c9a2988e38e6f09da2a33f6eb0a762c38313ea250812,ΕΙΣΟΔΟΝ,3,εἴσοδος,False,"[{""token_id"": ""453970"", ""citation"": ""1THESS 1.9"", ""raw_form"": ""εἴσοδον""}]"
syntacticus:Nb:eec3ff198cf4206b98c7930c4f4682213336053e8cca394f71401e5e4fc10c50,ΕΙΣΟΔΟΥ,1,εἴσοδος,False,"[{""token_id"": ""387401"", ""citation"": ""ACTS 13.24"", ""raw_form"": ""εἰσόδου""}]"
syntacticus:Nb:0bd936b4f49fdb2dbb3582e4f8e0401b283314ce212f5c5cf3b4a37a9a072fa2,ΕΚΑΤΟΝΤΑΡΧΑΣ,1,ἑκατοντάρχης,False,"[{""token_id"": ""393669"", ""citation"": ""ACTS 21.32"", ""raw_form"": ""ἑκατοντάρχας""}]"
syntacticus:Nb:db6aa0e71920548923b6b5533772e6bf7e7cd067ca5d26b88aac1ae4959da68f,ΕΚΑΤΟΝΤΑΡΧΗΣ,11,ἑκατοντάρχης,False,"[{""token_id"": ""270907"", ""citation"": ""MATT 8.5"", ""raw_form"": ""ἑκατοντάρχης""}]"
syntacticus:Nb:f78fb6ec46a5ae158b6a808bcad5eefd2ef4c3112a162011040e59a386962ec9,ΕΚΑΤΟΝΤΑΡΧΟΝ,1,ἑκατοντάρχης,False,"[{""token_id"": ""394385"", ""citation"": ""ACTS 22.25"", ""raw_form"": ""ἑκατόνταρχον""}]"
syntacticus:Nb:86792bef475a477292dc7ad56f55789ccceb10c00268ca168484a74c32eeacef,ΕΚΑΤΟΝΤΑΡΧΟΥ,1,ἑκατοντάρχης,False,"[{""token_id"": ""325831"", ""citation"": ""LUKE 7.2"", ""raw_form"": ""Ἑκατοντάρχου""}]"
syntacticus:Nb:926ead030dac642586b7740a8aba482e8db7e1a09c03250283ce87aa458f3f90,ΕΚΑΤΟΝΤΑΡΧΩΝ,2,ἑκατοντάρχης,False,"[{""token_id"": ""394895"", ""citation"": ""ACTS 23.17"", ""raw_form"": ""ἑκατονταρχῶν""}]"
syntacticus:Nb:f8d938fbf5db4ebf43c3fc6e30121769776be29b5fd675e2ee2c5e826a554cdb,ΕΚΒΑΣΙΝ,1,ἔκβασις,False,"[{""token_id"": ""417788"", ""citation"": ""1COR 10.13"", ""raw_form"": ""ἔκβασιν""}]"
syntacticus:Nb:26821e8b4155da199deff5a750d014d473df96583858b4cfc7fca238dfcccd5d,ΕΚΒΟΛΗΝ,1,ἐκβολή,False,"[{""token_id"": ""397368"", ""citation"": ""ACTS 27.18"", ""raw_form"": ""ἐκβολὴν""}]"
syntacticus:Nb:210e8e09550c834ea59a51614135a8d968541fdcb33ea1fa14474e872a90a13d,ΕΚΔΙΚΗΣΕΩΣ,1,ἐκδίκησις,False,"[{""token_id"": ""339015"", ""citation"": ""LUKE 21.22"", ""raw_form"": ""ἐκδικήσεως""}]"
syntacticus:Nb:c6eb095de84526b556aaf3cfccae53881232a3e1a0ffc747b412799438546c48,ΕΚΔΙΚΗΣΙΝ,6,ἐκδίκησις,False,"[{""token_id"": ""336284"", ""citation"": ""LUKE 18.7"", ""raw_form"": ""ἐκδίκησιν""}]"
syntacticus:Nb:7620beb9fd5882543395c45cef4b42072a34db0beddb43cd3b6ddb28e14ee62d,ΕΚΔΙΚΗΣΙΣ,2,ἐκδίκησις,False,"[{""token_id"": ""759204"", ""citation"": ""ROM 12.19"", ""raw_form"": ""ἐκδίκησις""}]"
syntacticus:Nb:c4ad5c839b639c4884673e51f9108130d01dac7a39492e49747f24de04d54394,ΕΚΔΙΚΟΣ,1,ἔκδικος,False,"[{""token_id"": ""759215"", ""citation"": ""ROM 13.4"", ""raw_form"": ""ἔκδικος""}]"
syntacticus:Nb:ef754cda8248061c9fdbfec6983ce189dfd0d8984594fb537c3bef876fb16c63,ΕΚΔΟΧΗ,1,ἐκδοχή,False,"[{""token_id"": ""470320"", ""citation"": ""HEB 10.27"", ""raw_form"": ""ἐκδοχὴ""}]"
syntacticus:Nb:143e344508b5f3f8844d5fcc9283f9328fa5a9fdd6937bbec62315b6564a19b4,ΕΚΖΗΤΗΣΕΙΣ,1,ζήτησις,False,"[{""token_id"": ""458582"", ""citation"": ""1TIM 1.4"", ""raw_form"": ""ἐκζητήσεις""}]"
syntacticus:Nb:73b168936b277d99b948737d03a5dba753ed55b9bda1f5a5e4e2fccddc6a3741,ΕΚΚΛΗΣΙΑ,9,ἐκκλησία,False,"[{""token_id"": ""384541"", ""citation"": ""ACTS 9.31"", ""raw_form"": ""ἐκκλησία""}]"
syntacticus:Nb:5213b92345344b1a0e15c4a20eac4e30b271bf659a9f4d2d2394890917a04bb8,ΕΚΚΛΗΣΙΑΙ,7,ἐκκλησία,False,"[{""token_id"": ""389330"", ""citation"": ""ACTS 16.5"", ""raw_form"": ""ἐκκλησίαι""}]"
syntacticus:Nb:2582f19d7747ab5e2a038c3c672331687875e49c95053bea05b4ca300fce6be5,ΕΚΚΛΗΣΙΑΙΣ,18,ἐκκλησία,False,"[{""token_id"": ""416319"", ""citation"": ""1COR 7.17"", ""raw_form"": ""ἐκκλησίαις""}]"
syntacticus:Nb:014682e4141080fbc8c882c3f7a269cb0e09c84d9d5fd504a332a81f57d871c8,ΕΚΚΛΗΣΙΑΝ,20,ἐκκλησία,False,"[{""token_id"": ""277565"", ""citation"": ""MATT 16.18"", ""raw_form"": ""ἐκκλησίαν""}]"
syntacticus:Nb:d6360301ceea1f02c20d7f4b0d0926a5c043171f810e19b5c1c98f5140cf7ab4,ΕΚΚΛΗΣΙΑΣ,27,ἐκκλησία,False,"[{""token_id"": ""278790"", ""citation"": ""MATT 18.17"", ""raw_form"": ""ἐκκλησίας""}]"
syntacticus:Nb:ce1a8cc8b8a152279a73d8b23c4f0e9a14255e143c76231f54e83160389393b7,ΕΚΚΛΗΣΙΩΝ,7,ἐκκλησία,False,"[{""token_id"": ""431090"", ""citation"": ""2COR 8.18"", ""raw_form"": ""ἐκκλησιῶν""}]"
syntacticus:Nb:469ab3d5161abb177b0720fc52b68bac4245c93788c7356641e89814bd516d44,ΕΚΚΟΠΗΝ,1,ἐγκοπή,False,"[{""token_id"": ""417262"", ""citation"": ""1COR 9.12"", ""raw_form"": ""ἐκκοπὴν""}]"
syntacticus:Nb:9cbd44acf17e522c97717eeb425eae06aebabb8e53cdffa5105e00164a364c21,ΕΚΛΟΓΗ,1,ἐκλογή,False,"[{""token_id"": ""404287"", ""citation"": ""ROM 11.7"", ""raw_form"": ""ἐκλογὴ""}]"
syntacticus:Nb:5d5e3f7fe3c51be7e925fe6fa36015abd0adf3ec5caf69a4e473b3f7f6ad5b20,ΕΚΛΟΓΗΝ,4,ἐκλογή,False,"[{""token_id"": ""757510"", ""citation"": ""ROM 9.11"", ""raw_form"": ""ἐκλογὴν""}]"
syntacticus:Nb:1a6ae06a98ed81c24ace573cd624fe982d79aafbabb0bb480afa7b680d719472,ΕΚΛΟΓΗΣ,1,ἐκλογή,False,"[{""token_id"": ""384217"", ""citation"": ""ACTS 9.15"", ""raw_form"": ""ἐκλογῆς""}]"
syntacticus:Nb:153a1cb2d3c832b803fff363a2eebb514f0497581ea5839f45c23dc2222d5737,ΕΚΠΛΗΡΩΣΙΝ,1,ἐκπλήρωσις,False,"[{""token_id"": ""393515"", ""citation"": ""ACTS 21.26"", ""raw_form"": ""ἐκπλήρωσιν""}]"
syntacticus:Nb:43a36eb7846efaad7d8eb9de3c78578e24776ebcaf082fa592c86c071afb8d5b,ΕΚΣΤΑΣΕΙ,3,ἔκστασις,False,"[{""token_id"": ""105355"", ""citation"": ""MARK 5.42"", ""raw_form"": ""ἐκστάσει""}]"
syntacticus:Nb:a4004098d2476143c4418307f07bc3a25f863723ec05d309e915bf10ba476060,ΕΚΣΤΑΣΕΩΣ,1,ἔκστασις,False,"[{""token_id"": ""379601"", ""citation"": ""ACTS 3.10"", ""raw_form"": ""ἐκστάσεως""}]"
syntacticus:Nb:5af89299f02d6690699b9699f172f282d49e9180ddac5fcee0eb36d0c5dedad4,ΕΚΣΤΑΣΙΣ,3,ἔκστασις,False,"[{""token_id"": ""114506"", ""citation"": ""MARK 16.8"", ""raw_form"": ""ἔκστασις""}]"
syntacticus:Nb:9ce428f98d23f2232af4c848f72bfd63e68e68c2d40dabf6e4837bbd9e8f0696,ΕΚΤΡΩΜΑΤΙ,1,ἔκτρωμα,False,"[{""token_id"": ""420360"", ""citation"": ""1COR 15.8"", ""raw_form"": ""ἐκτρώματι""}]"
syntacticus:Nb:9abf2f8e561ea29b30e8135a1b6caa44a7632c3f80f70f49d44c53ed6a3b6831,ΕΛΑΙΑΙ,1,ἐλαία,False,"[{""token_id"": ""497362"", ""citation"": ""REV 11.4"", ""raw_form"": ""ἐλαῖαι""}]"
syntacticus:Nb:2d943cc9a4fe8a8656d23b9b8d43f20321f26f347b2af99bb9077fa245573d06,ΕΛΑΙΑΣ,2,ἐλαία,False,"[{""token_id"": ""404490"", ""citation"": ""ROM 11.17"", ""raw_form"": ""ἐλαίας""}]"
syntacticus:Nb:ad7c66ebb5ef0c2f6966f75f37ee3523cb4af6686730fc55111f6d4668542d54,ΕΛΑΙΟΝ,6,ἔλαιον,False,"[{""token_id"": ""283868"", ""citation"": ""MATT 25.3"", ""raw_form"": ""ἔλαιον""}]"
syntacticus:Nb:f69c272020ea3b314888ab92bc77642eb1cf97e4a806318e1c0f7959dc39c94c,ΕΛΑΙΟΥ,2,ἔλαιον,False,"[{""token_id"": ""283929"", ""citation"": ""MATT 25.8"", ""raw_form"": ""ἐλαίου""}]"
syntacticus:Nb:9937c4cfc95e2689a68b362fc800aafa657d2ad18dc887242bb3f8aed78fe7b4,ΕΛΑΙΩΝ,11,ἐλαία,False,"[{""token_id"": ""280403"", ""citation"": ""MATT 21.1"", ""raw_form"": ""ἐλαιῶν""}]"
syntacticus:Nb:d280bde2f6bd7c892f8138603c851a70437d4358ce6fa093967412396300a42b,ΕΛΑΙΩΝΟΣ,1,ἐλαιών,False,"[{""token_id"": ""378144"", ""citation"": ""ACTS 1.12"", ""raw_form"": ""ἐλαιῶνος""}]"
syntacticus:Nb:b2dc097cb37c27adfc53cf606621c88f63d810bb867c2a0a4e098fe2ccc6ed99,ΕΛΕΓΜΟΝ,1,ἔλεγχος,False,"[{""token_id"": ""463052"", ""citation"": ""2TIM 3.16"", ""raw_form"": ""ἐλεγμόν""}]"
syntacticus:Nb:3ea61c0db63ccc8e3e6a7349d562eef5d196b8510b10dce997524f55840359d9,ΕΛΕΓΧΟΣ,1,ἔλεγχος,False,"[{""token_id"": ""470535"", ""citation"": ""HEB 11.1"", ""raw_form"": ""ἔλεγχος""}]"
syntacticus:Nb:4ebc43f67725d18d819d4da7d6aa92fe5ddcf5293593076c1bd5c393814b1c8c,ΕΛΕΕΙ,2,ἔλεος,False,"[{""token_id"": ""404749"", ""citation"": ""ROM 11.31"", ""raw_form"": ""ἐλέει""}]"
syntacticus:Nb:165934df12d11ae7963aa7f7f45f5a4998c34a5d7ad4f53c01d5225562b48614,ΕΛΕΗΜΟΣΥΝΑΙ,2,ἐλεημοσύνη,False,"[{""token_id"": ""384905"", ""citation"": ""ACTS 10.4"", ""raw_form"": ""ἐλεημοσύναι""}]"
syntacticus:Nb:4c678dc488b0fc3d67ac8db9c375dd35df22a9c9e7d59eab88ba17addc5c470f,ΕΛΕΗΜΟΣΥΝΑΣ,2,ἐλεημοσύνη,False,"[{""token_id"": ""384850"", ""citation"": ""ACTS 10.2"", ""raw_form"": ""ἐλεημοσύνας""}]"
syntacticus:Nb:a7a6b6058a707cc56f9c88644ea3020ae258cbf35c28da676918452023a7683a,ΕΛΕΗΜΟΣΥΝΗ,1,ἐλεημοσύνη,False,"[{""token_id"": ""269584"", ""citation"": ""MATT 6.4"", ""raw_form"": ""ἐλεημοσύνη""}]"
syntacticus:Nb:cb9366b8ceaafbde773a309649aaf600ad1924663e45aa02930cac21a3fc45ed,ΕΛΕΗΜΟΣΥΝΗΝ,7,ἐλεημοσύνη,False,"[{""token_id"": ""269532"", ""citation"": ""MATT 6.2"", ""raw_form"": ""ἐλεημοσύνην""}]"
syntacticus:Nb:ad7b50c6f880236e618dc7a86bff47702e55f365d3e2ac28b9426828bf174ce1,ΕΛΕΗΜΟΣΥΝΩΝ,1,ἐλεημοσύνη,False,"[{""token_id"": ""384661"", ""citation"": ""ACTS 9.36"", ""raw_form"": ""ἐλεημοσυνῶν""}]"
syntacticus:Nb:7240e670e1c9a48c8205f38a04fe25dd4d9c177605cfe0d3d540e40bdae4e7b9,ΕΛΕΟΣ,18,ἔλεος,False,"[{""token_id"": ""271747"", ""citation"": ""MATT 9.13"", ""raw_form"": ""ἔλεος""}]"
syntacticus:Nb:27b2cbeedbfca318c3b2616abd2f262ba9ef500e60a3cc28c5353abfc7d71977,ΕΛΕΟΥΣ,5,ἔλεος,False,"[{""token_id"": ""321001"", ""citation"": ""LUKE 1.54"", ""raw_form"": ""ἐλέους""}]"
syntacticus:Nb:76b64b851376c85f9c87cb256a6e65016e339ecfbd391563a11e4c01bfffb51a,ΕΛΕΥΘΕΡΙΑ,2,ἐλευθερία,False,"[{""token_id"": ""418039"", ""citation"": ""1COR 10.29"", ""raw_form"": ""ἐλευθερία""}]"
syntacticus:Nb:cd72521721154b5c1d02e3c7adbeb4e27a8b6fb7a51fc33baae5a1f71f78f275,ΕΛΕΥΘΕΡΙΑΝ,4,ἐλευθερία,False,"[{""token_id"": ""402794"", ""citation"": ""ROM 8.21"", ""raw_form"": ""ἐλευθερίαν""}]"
syntacticus:Nb:73701ec5f8ba5c54d93fc597eded6426e27c3ba1a3f6534305c33d7988a8dd05,ΕΛΕΥΘΕΡΙΑΣ,2,ἐλευθερία,False,"[{""token_id"": ""477246"", ""citation"": ""JAS 1.25"", ""raw_form"": ""ἐλευθερίας""}]"
syntacticus:Nb:f9c533f2175b2ed81e62b10f140bd84ede13047c0f1e61b7087d4cb21f6974b0,ΕΛΕΥΣΕΩΣ,1,ἔλευσις,False,"[{""token_id"": ""383003"", ""citation"": ""ACTS 7.52"", ""raw_form"": ""ἐλεύσεως""}]"
syntacticus:Nb:dab77cee5e94cac30c896c6a43af75b2b2ed143f60744bab8c32cf089c8f8dbe,ΕΛΚΗ,1,ἕλκος,False,"[{""token_id"": ""335253"", ""citation"": ""LUKE 16.21"", ""raw_form"": ""ἕλκη""}]"
syntacticus:Nb:cefbf82c8c60ba680cab6806450da4a60937d8e9cead23ad99e497a7d4c80152,ΕΛΚΟΣ,1,ἕλκος,False,"[{""token_id"": ""499720"", ""citation"": ""REV 16.2"", ""raw_form"": ""ἕλκος""}]"
syntacticus:Nb:20c5af94b0f8e31e66befa751b972dfaa13993cfd0c5a210db41870011001d18,ΕΛΚΩΝ,1,ἕλκος,False,"[{""token_id"": ""499940"", ""citation"": ""REV 16.11"", ""raw_form"": ""ἑλκῶν""}]"
syntacticus:Nb:386c6f3f150ef4b565dfadfe1e966ad315ca5ece6e5fff4f1254e6fd5e2c69d7,ΕΛΠΙΔΑ,17,ἐλπίς,False,"[{""token_id"": ""395505"", ""citation"": ""ACTS 24.15"", ""raw_form"": ""ἐλπίδα""}]"
syntacticus:Nb:407c14e009f60fb9606a5ac4a3b0de3ae8071e4a2726af0981373da807e85f17,ΕΛΠΙΔΙ,12,ἐλπίς,False,"[{""token_id"": ""378978"", ""citation"": ""ACTS 2.26"", ""raw_form"": ""ἐλπίδι""}]"
syntacticus:Nb:afaf850bdf4046654a0ab6f982cdf16409bd5f5b4d4f99abb77bbba2db0c339a,ΕΛΠΙΔΟΣ,12,ἐλπίς,False,"[{""token_id"": ""394654"", ""citation"": ""ACTS 23.6"", ""raw_form"": ""ἐλπίδος""}]"
syntacticus:Nb:f8f2b969f254a16f528e6fffe722bcefdb7e1b46c6606362c5f16ff56cf6e042,ΕΛΠΙΣ,10,ἐλπίς,False,"[{""token_id"": ""389643"", ""citation"": ""ACTS 16.19"", ""raw_form"": ""ἐλπὶς""}]"
syntacticus:Nb:d8eeaa6c3b103bb29cb71dbe1b1a34409537b3d4ec8b78cb58fc0ef53e197303,ΕΜΠΑΙΓΜΩΝ,1,ἐμπαιγμός,False,"[{""token_id"": ""471178"", ""citation"": ""HEB 11.36"", ""raw_form"": ""ἐμπαιγμῶν""}]"
syntacticus:Nb:e588dcd76594f8e66475db3af79d4cc91bbed769220587bf9bf2c5d595ec700e,ΕΜΠΛΟΚΗΣ,1,ἐμπλοκή,False,"[{""token_id"": ""481474"", ""citation"": ""1PET 3.3"", ""raw_form"": ""ἐμπλοκῆς""}]"
syntacticus:Nb:18317d5af347888d4740419c744a3418d4b65d4a72dff156107b02abefaef685,ΕΜΠΟΡΙΑΝ,1,ἐμπορία,False,"[{""token_id"": ""281473"", ""citation"": ""MATT 22.5"", ""raw_form"": ""ἐμπορίαν""}]"
syntacticus:Nb:63cb86879ee2bc7c92cf2a56644f771e80a8b624fe3e328a86f850c018a2c14a,ΕΜΠΟΡΙΟΥ,1,ἐμπόριον,False,"[{""token_id"": ""343732"", ""citation"": ""JOHN 2.16"", ""raw_form"": ""ἐμπορίου""}]"
syntacticus:Nb:b80851e185d134ef58c0afca3b0f407f99d1557bbbe6bc9604d9ceb2c32866ed,ΕΜΠΟΡΟΙ,4,ἔμπορος,False,"[{""token_id"": ""500788"", ""citation"": ""REV 18.3"", ""raw_form"": ""ἔμποροι""}]"
syntacticus:Nb:ea86585959239e30c7334b1a866e155a3f615dc2a1b0c5a9425409f71481a11f,ΕΝΔΕΙΓΜΑ,1,ἔνδειγμα,False,"[{""token_id"": ""456940"", ""citation"": ""2THESS 1.5"", ""raw_form"": ""ἔνδειγμα""}]"
syntacticus:Nb:55ab5b3709f895e24f7d2e60d4979bd8b54c18f206127354c946a31d8754792a,ΕΝΔΕΙΞΙΝ,3,ἔνδειξις,False,"[{""token_id"": ""400411"", ""citation"": ""ROM 3.25"", ""raw_form"": ""ἔνδειξιν""}]"
syntacticus:Nb:2f24207382c1e9faa3e917c98b4538c1cfe4caa8cc71d4b15254981e4d894ab8,ΕΝΔΕΙΞΙΣ,1,ἔνδειξις,False,"[{""token_id"": ""447611"", ""citation"": ""PHIL 1.28"", ""raw_form"": ""ἔνδειξις""}]"
syntacticus:Nb:6afcc76dd8af0fe161b1f5a7ce8b498b5c5de25c6ab7226c57a703ed43193f9d,ΕΝΔΥΜΑ,4,ἔνδυμα,False,"[{""token_id"": ""267759"", ""citation"": ""MATT 3.4"", ""raw_form"": ""ἔνδυμα""}]"
syntacticus:Nb:65abb936a8c4f76948bfd3535b82c7d32eeec6a942370591a31232e2751ab4f9,ΕΝΔΥΜΑΣΙΝ,1,ἔνδυμα,False,"[{""token_id"": ""270534"", ""citation"": ""MATT 7.15"", ""raw_form"": ""ἐνδύμασιν""}]"
syntacticus:Nb:39dfd0f8a7e985a7e3c6df4d299da085c89b3d598de0c700eeffc428d22e4251,ΕΝΔΥΜΑΤΟΣ,3,ἔνδυμα,False,"[{""token_id"": ""270059"", ""citation"": ""MATT 6.25"", ""raw_form"": ""ἐνδύματος""}]"
syntacticus:Nb:6f9d7a4fea7ae0b36cf6d24c75dc36a8e6260f847c59d7b138370db5409377bd,ΕΝΔΥΣΕΩΣ,1,ἔνδυσις,False,"[{""token_id"": ""481480"", ""citation"": ""1PET 3.3"", ""raw_form"": ""ἐνδύσεως""}]"
syntacticus:Nb:d39c73ee6329ae33531c3085f993642a4b78a9ad0be3bbbca6658860fdb5c1ef,ΕΝΔΩΜΗΣΙΣ,1,ἐνδώμησις,False,"[{""token_id"": ""502919"", ""citation"": ""REV 21.18"", ""raw_form"": ""ἐνδώμησις""}]"
syntacticus:Nb:71234d9588d65e43b0ba1fe8da1595361e4d38bd5ea40a501e3588246c8d50c4,ΕΝΕΔΡΑΝ,2,ἐνέδρα,False,"[{""token_id"": ""394878"", ""citation"": ""ACTS 23.16"", ""raw_form"": ""ἐνέδραν""}]"
syntacticus:Nb:2175cc0b9f921af234ce0fdb628ce22917241cd03a7627b6b9f383ac0cc7172d,ΕΝΕΡΓΕΙΑΝ,7,ἐνέργεια,False,"[{""token_id"": ""442615"", ""citation"": ""EPH 1.19"", ""raw_form"": ""ἐνέργειαν""}]"
syntacticus:Nb:c240e7f76b504fecb0ee25fa3f74cc5d04d8bebc32033f49d15431bb8f2bdef9,ΕΝΕΡΓΕΙΑΣ,1,ἐνέργεια,False,"[{""token_id"": ""451340"", ""citation"": ""COL 2.12"", ""raw_form"": ""ἐνεργείας""}]"
syntacticus:Nb:13289971cc3da7d73f494ce0c553abd7355bbab4ff533288ad941cf10aa494f9,ΕΝΕΡΓΗΜΑΤΑ,1,ἐνέργημα,False,"[{""token_id"": ""418855"", ""citation"": ""1COR 12.10"", ""raw_form"": ""ἐνεργήματα""}]"
syntacticus:Nb:aa0af14bf0933fb623a7bcaa869aaebeef5945212bc454e35012dfc7a7b0f22b,ΕΝΕΡΓΗΜΑΤΩΝ,1,ἐνέργημα,False,"[{""token_id"": ""418792"", ""citation"": ""1COR 12.6"", ""raw_form"": ""ἐνεργημάτων""}]"
syntacticus:Nb:7186b3430440d49f1dd290922bd17901a5332df3cabfc1521588b69b542c4b15,ΕΝΘΥΜΗΣΕΙΣ,2,ἐνθύμησις,False,"[{""token_id"": ""271567"", ""citation"": ""MATT 9.4"", ""raw_form"": ""ἐνθυμήσεις""}]"
syntacticus:Nb:c80392f500c418ca32fd61ded35be518ddf24e09c3502c2b1dbf290890fdcff1,ΕΝΘΥΜΗΣΕΩΝ,1,ἐνθύμησις,False,"[{""token_id"": ""467804"", ""citation"": ""HEB 4.12"", ""raw_form"": ""ἐνθυμήσεων""}]"
syntacticus:Nb:e4adc9047228948b0bde2a8cba561175971e4d897409d8b4b074ddb39d598e61,ΕΝΘΥΜΗΣΕΩΣ,1,ἐνθύμησις,False,"[{""token_id"": ""390699"", ""citation"": ""ACTS 17.29"", ""raw_form"": ""ἐνθυμήσεως""}]"
syntacticus:Nb:86a9d1a7abf7a8c3dc09f470b00ded884f32c301027c2f48319544f11709056c,ΕΝΙΑΥΤΟΝ,8,ἐνιαυτός,False,"[{""token_id"": ""756160"", ""citation"": ""LUKE 4.19"", ""raw_form"": ""ἐνιαυτὸν""}]"
syntacticus:Nb:411e28f04e89d90220861f828c4d6f22b9837063480cc413465b3473ef84760e,ΕΝΙΑΥΤΟΥ,4,ἐνιαυτός,False,"[{""token_id"": ""353034"", ""citation"": ""JOHN 11.49"", ""raw_form"": ""ἐνιαυτοῦ""}]"
syntacticus:Nb:667da4027ceb21ab29febfa122f024369854be60dcd3dad11816bfc43d94208a,ΕΝΙΑΥΤΟΥΣ,2,ἐνιαυτός,False,"[{""token_id"": ""439068"", ""citation"": ""GAL 4.10"", ""raw_form"": ""ἐνιαυτούς""}]"
syntacticus:Nb:7610f2ff571ce64bc2263530b24f12414a8855f93b0e3ee118cdb5e5b5f3d362,ΕΝΚΑΙΝΙΑ,1,ἐγκαίνια,False,"[{""token_id"": ""351742"", ""citation"": ""JOHN 10.22"", ""raw_form"": ""ἐνκαίνια""}]"
syntacticus:Nb:d3f04a303e637954c48bb60791ede56557e24837378d5c1bc49343df60e2b063,ΕΝΝΟΙΩΝ,1,ἔννοια,False,"[{""token_id"": ""467806"", ""citation"": ""HEB 4.12"", ""raw_form"": ""ἐννοιῶν""}]"
syntacticus:Nb:3b5265dca0cbab2b1c68c125f37e126625a148a1b767bd56dad5888bb19f2445,ΕΝΟΤΗΤΑ,2,ἑνότης,False,"[{""token_id"": ""443476"", ""citation"": ""EPH 4.3"", ""raw_form"": ""ἑνότητα""}]"
syntacticus:Nb:2eb754509b54d6cfd1fd5a3d860689c4c20d838a835be808419bb794eb2b4a3b,ΕΝΤΑΛΜΑΤΑ,3,ἔνταλμα,False,"[{""token_id"": ""276663"", ""citation"": ""MATT 15.9"", ""raw_form"": ""ἐντάλματα""}]"
syntacticus:Nb:7d6d2be16f730df9d384b0cf3f53920105af06e677932ae890565649c4d23ee9,ΕΝΤΑΦΙΑΣΜΟΝ,1,ἐνταφιασμός,False,"[{""token_id"": ""112376"", ""citation"": ""MARK 14.8"", ""raw_form"": ""ἐνταφιασμόν""}]"
syntacticus:Nb:774a1772181b9176c9e38e4f32d7c60f2705e854d1c82b9fbe3d2c330db549d4,ΕΝΤΑΦΙΑΣΜΟΥ,1,ἐνταφιασμός,False,"[{""token_id"": ""353358"", ""citation"": ""JOHN 12.7"", ""raw_form"": ""ἐνταφιασμοῦ""}]"
syntacticus:Nb:25832ed5232de29d96f050a8f427e7715960e1152deb8f3f845ae56a3ca163f7,ΕΝΤΕΥΞΕΙΣ,1,ἔντευξις,False,"[{""token_id"": ""458891"", ""citation"": ""1TIM 2.1"", ""raw_form"": ""ἐντεύξεις""}]"
syntacticus:Nb:1217d5442785ce3a43e3c23c19196249d9f068b94812ba1e0236ce8195e08414,ΕΝΤΕΥΞΕΩΣ,1,ἔντευξις,False,"[{""token_id"": ""459425"", ""citation"": ""1TIM 4.5"", ""raw_form"": ""ἐντεύξεως""}]"
syntacticus:Nb:4935aabe34ef0d4ec7ff916328740f07e7ca2406de723e54a74c4958f0701df6,ΕΝΤΟΛΑΙΣ,3,ἐντολή,False,"[{""token_id"": ""282045"", ""citation"": ""MATT 22.40"", ""raw_form"": ""ἐντολαῖς""}]"
syntacticus:Nb:27d6c3b75b378d2b48a994b42f653aa7fe2f8b338107aa67f06bf5acdf49ca35,ΕΝΤΟΛΑΣ,11,ἐντολή,False,"[{""token_id"": ""279501"", ""citation"": ""MATT 19.17"", ""raw_form"": ""ἐντολάς""}]"
syntacticus:Nb:f7e0d34a909c0342553c961cabf92e0880e1d6b40d0e445d7f8462b0385f65d9,ΕΝΤΟΛΗ,10,ἐντολή,False,"[{""token_id"": ""281988"", ""citation"": ""MATT 22.36"", ""raw_form"": ""ἐντολὴ""}]"
syntacticus:Nb:39ba505d63abcf116e2ef165b909cb6127496fc5f895f8734c44083367269eba,ΕΝΤΟΛΗΝ,12,ἐντολή,False,"[{""token_id"": ""276558"", ""citation"": ""MATT 15.3"", ""raw_form"": ""ἐντολὴν""}]"
syntacticus:Nb:fc7f5e3a3b69c857fbee85c0ca5fbc13e22bdd949093c1528ebf6cc08be03daf,ΕΝΤΟΛΗΣ,7,ἐντολή,False,"[{""token_id"": ""402069"", ""citation"": ""ROM 7.8"", ""raw_form"": ""ἐντολῆς""}]"
syntacticus:Nb:180f0f09f783de3479afd500a733f56f155ecf7e52254069a8497f0763293c3b,ΕΝΤΟΛΩΝ,3,ἐντολή,False,"[{""token_id"": ""268859"", ""citation"": ""MATT 5.19"", ""raw_form"": ""ἐντολῶν""}]"
syntacticus:Nb:07521834bd22951c836474a547d7648e4f72d92c8fe83b6fc57107cd1f69cfdf,ΕΝΤΡΟΠΗΝ,2,ἐντροπή,False,"[{""token_id"": ""415646"", ""citation"": ""1COR 6.5"", ""raw_form"": ""ἐντροπὴν""}]"
syntacticus:Nb:364f35d8716684fa5bb0b5c3b43fd10c863e41723b8ffccf843e26eb41eaf932,ΕΝΥΠΝΙΟΙΣ,1,ἐνύπνιον,False,"[{""token_id"": ""378787"", ""citation"": ""ACTS 2.17"", ""raw_form"": ""ἐνυπνίοις""}]"
syntacticus:Nb:4b4970dd6a96b3335b0638247f9c139e6e898f1e534779172162c40d4aa2de59,ΕΞΑΝΑΣΤΑΣΙΝ,1,ἐξανάστασις,False,"[{""token_id"": ""448349"", ""citation"": ""PHIL 3.11"", ""raw_form"": ""ἐξανάστασιν""}]"
syntacticus:Nb:a63df20ff8106c5c8eb24a312203af57286f615633ebc98a5da96b2f3308127d,ΕΞΙΝ,1,ἕξις,False,"[{""token_id"": ""468137"", ""citation"": ""HEB 5.14"", ""raw_form"": ""ἕξιν""}]"
syntacticus:Nb:f1fede7f76fe8f3c13647b890dcc935a58e11375702fd6e599b4f0b30ca270a9,ΕΞΟΔΟΝ,1,ἔξοδος,False,"[{""token_id"": ""328753"", ""citation"": ""LUKE 9.31"", ""raw_form"": ""ἔξοδον""}]"
syntacticus:Nb:61a77ee2e7e9eb90e788fbb16a67bbaa8a68f2d52d066e57b834a681db92a194,ΕΞΟΔΟΥ,1,ἔξοδος,False,"[{""token_id"": ""470933"", ""citation"": ""HEB 11.22"", ""raw_form"": ""ἐξόδου""}]"
syntacticus:Nb:4bd4e24aa44b72c92a92ded9d6aa86e488b31eaba039364781e79e53088aa3de,ΕΞΟΡΚΙΣΤΩΝ,1,ἐξορκιστής,False,"[{""token_id"": ""391624"", ""citation"": ""ACTS 19.13"", ""raw_form"": ""ἐξορκιστῶν""}]"
syntacticus:Nb:ae14868867aea172cbabdb700cb35492f0a3c665b92b4d878dcfecafdc090302,ΕΞΟΥΣΙΑ,12,ἐξουσία,False,"[{""token_id"": ""287595"", ""citation"": ""MATT 28.18"", ""raw_form"": ""ἐξουσία""}]"
syntacticus:Nb:c579a87cfebea1d698942d07229cc8dda41d3bd23722f301d2e3c4044c4ab5ed,ΕΞΟΥΣΙΑΙ,1,ἐξουσία,False,"[{""token_id"": ""450828"", ""citation"": ""COL 1.16"", ""raw_form"": ""ἐξουσίαι""}]"
syntacticus:Nb:9d90aff6a690cd324117100ed8a5947f418f6ebe14ff22ca64d370572088d75e,ΕΞΟΥΣΙΑΙΣ,3,ἐξουσία,False,"[{""token_id"": ""405203"", ""citation"": ""ROM 13.1"", ""raw_form"": ""ἐξουσίαις""}]"
syntacticus:Nb:07796f894be1642e72898bdad90360968efe7881420e4f6f2c82fbd5e7d9a71a,ΕΞΟΥΣΙΑΝ,55,ἐξουσία,False,"[{""token_id"": ""270816"", ""citation"": ""MATT 7.29"", ""raw_form"": ""ἐξουσίαν""}]"
syntacticus:Nb:dccdb89d70fefc172bb51c052e829925fe8eb0d815c8e7eff87a23b853f5863f,ΕΞΟΥΣΙΑΣ,12,ἐξουσία,False,"[{""token_id"": ""331728"", ""citation"": ""LUKE 12.11"", ""raw_form"": ""ἐξουσίας""}]"
syntacticus:Nb:5eb7121d5e922ed0433c267826e402cf7e577c5159d9f670df94728e2dfad99c,ΕΞΟΧΗΝ,1,ἐξοχή,False,"[{""token_id"": ""396245"", ""citation"": ""ACTS 25.23"", ""raw_form"": ""ἐξοχὴν""}]"
syntacticus:Nb:952a9eedbc090c35bb0974f4d49301306935de62aa249587b2836d050ead6c6e,ΕΟΡΤΗ,4,ἑορτή,False,"[{""token_id"": ""339323"", ""citation"": ""LUKE 22.1"", ""raw_form"": ""ἑορτὴ""}]"
syntacticus:Nb:48b55b504ba22d75a729d42bef73bf432f8788cde376ec1f81edd934ab48b9ce,ΕΟΡΤΗΝ,9,ἑορτή,False,"[{""token_id"": ""286364"", ""citation"": ""MATT 27.15"", ""raw_form"": ""ἑορτὴν""}]"
syntacticus:Nb:31f1067399980c6ed5968892d28bf540b1ff2c7d3acce80c1bf7188847fd52f3,ΕΟΡΤΗΣ,5,ἑορτή,False,"[{""token_id"": ""322156"", ""citation"": ""LUKE 2.42"", ""raw_form"": ""ἑορτῆς""}]"
syntacticus:Nb:fd1f154ac2428505279c90d563ceacdf146b47b81c3243d3f2ed83e9a8e28275,ΕΠΑΓΓΕΛΙΑ,4,ἐπαγγελία,False,"[{""token_id"": ""379236"", ""citation"": ""ACTS 2.39"", ""raw_form"": ""ἐπαγγελία""}]"
syntacticus:Nb:3de34fef84a67a1514979c92310c4cf90778ebd8e982e1c9950dc778226b6b02,ΕΠΑΓΓΕΛΙΑΙ,3,ἐπαγγελία,False,"[{""token_id"": ""403219"", ""citation"": ""ROM 9.4"", ""raw_form"": ""ἐπαγγελίαι""}]"
syntacticus:Nb:12ab05b7334b9bd7f45615e569a8d3fc4bf253f6d25be4d35aca8ecabfecf72e,ΕΠΑΓΓΕΛΙΑΙΣ,1,ἐπαγγελία,False,"[{""token_id"": ""469142"", ""citation"": ""HEB 8.6"", ""raw_form"": ""ἐπαγγελίαις""}]"
syntacticus:Nb:ec0a84a48ae059903462c2ae06d3cf2f17848c682f09b2ad609c5896a59e3e69,ΕΠΑΓΓΕΛΙΑΝ,16,ἐπαγγελία,False,"[{""token_id"": ""342363"", ""citation"": ""LUKE 24.49"", ""raw_form"": ""ἐπαγγελίαν""}]"
syntacticus:Nb:a295fa40221bf2bcfc1ea3396ca50b758fdaafa065056afba10573d127018cbd,ΕΠΑΓΓΕΛΙΑΣ,22,ἐπαγγελία,False,"[{""token_id"": ""382265"", ""citation"": ""ACTS 7.17"", ""raw_form"": ""ἐπαγγελίας""}]"
syntacticus:Nb:0aaa75dbfc11e8d95bf17ce88f3f52aeb00e9936528ecd0d97a7cf24b2781c0c,ΕΠΑΓΓΕΛΙΩΝ,2,ἐπαγγελία,False,"[{""token_id"": ""438757"", ""citation"": ""GAL 3.21"", ""raw_form"": ""ἐπαγγελιῶν""}]"
syntacticus:Nb:544aef99ca6fd1146944b6e469f9dd0187e873e5e1bf87e8713f43c8ed2c8aa2,ΕΠΑΙΝΟΝ,7,ἔπαινος,False,"[{""token_id"": ""405268"", ""citation"": ""ROM 13.3"", ""raw_form"": ""ἔπαινον""}]"
syntacticus:Nb:7c3c77b52b567257900a9a38c277073f8703d385cafdf5ccc287c3b5aa524672,ΕΠΑΙΝΟΣ,4,ἔπαινος,False,"[{""token_id"": ""400016"", ""citation"": ""ROM 2.29"", ""raw_form"": ""ἔπαινος""}]"
syntacticus:Nb:d2543a7cbf58048ac541473429dff8874ba6fdd655b4ab0f85d3995254407834,ΕΠΑΝΟΡΘΩΣΙΝ,1,ἐπανόρθωσις,False,"[{""token_id"": ""463055"", ""citation"": ""2TIM 3.16"", ""raw_form"": ""ἐπανόρθωσιν""}]"
syntacticus:Nb:742d8993cb4970e0e084b0d645d4a53a3251da495346d63c681abfe55ba6b351,ΕΠΑΡΧΕΙΑΣ,1,ἐπαρχεία,False,"[{""token_id"": ""395233"", ""citation"": ""ACTS 23.34"", ""raw_form"": ""ἐπαρχείας""}]"
syntacticus:Nb:12151bbaa35d5384729693c341528230146a09e6be08988adc3a63272fe0a0bf,ΕΠΑΥΛΙΣ,1,ἔπαυλις,False,"[{""token_id"": ""378332"", ""citation"": ""ACTS 1.20"", ""raw_form"": ""ἔπαυλις""}]"
syntacticus:Nb:58b504cae3e5a51d72673ee00812da3235d99cb0c6a342ac542c501bd3dd3abd,ΕΠΕΙΣΑΓΩΓΗ,1,ἐπεισαγωγή,False,"[{""token_id"": ""468828"", ""citation"": ""HEB 7.19"", ""raw_form"": ""ἐπεισαγωγὴ""}]"
syntacticus:Nb:ddd2e5586dc984eb481d551b7ea135191568a89e0a2a1a3f067733fd82412c98,ΕΠΕΝΔΥΤΗΝ,1,ἐπενδύτης,False,"[{""token_id"": ""360269"", ""citation"": ""JOHN 21.7"", ""raw_form"": ""ἐπενδύτην""}]"
syntacticus:Nb:5a28cc548c0bbff045edc6c5610f99fbda981b370b083f0557f2f176841ab508,ΕΠΙΒΛΗΜΑ,4,ἐπίβλημα,False,"[{""token_id"": ""271822"", ""citation"": ""MATT 9.16"", ""raw_form"": ""ἐπίβλημα""}]"
syntacticus:Nb:9563fefd0fd6c4e891d2a60b724c07527b09662d1c800fd752481960c6be7236,ΕΠΙΒΟΥΛΑΙΣ,1,ἐπιβουλή,False,"[{""token_id"": ""392608"", ""citation"": ""ACTS 20.19"", ""raw_form"": ""ἐπιβουλαῖς""}]"
syntacticus:Nb:d1df7e7c1b2ce756a2d91976c98f359d28e2b14d21a9b008a9ce74364791070f,ΕΠΙΒΟΥΛΗ,1,ἐπιβουλή,False,"[{""token_id"": ""384408"", ""citation"": ""ACTS 9.24"", ""raw_form"": ""ἐπιβουλὴ""}]"
syntacticus:Nb:de01133a3309eb75ad4f96683dae92ec5aed9b45bde3e8c563dd92b427acb20b,ΕΠΙΒΟΥΛΗΣ,2,ἐπιβουλή,False,"[{""token_id"": ""392264"", ""citation"": ""ACTS 20.3"", ""raw_form"": ""ἐπιβουλῆς""}]"
syntacticus:Nb:490c00df2c9c98c9615dee8028015378714e62576c50ecb77986d20bb65ccb0f,ΕΠΙΓΝΩΣΕΙ,5,ἐπίγνωσις,False,"[{""token_id"": ""399437"", ""citation"": ""ROM 1.28"", ""raw_form"": ""ἐπιγνώσει""}]"
syntacticus:Nb:abfd8a7566e2cc10be9224ae3568620a1a0f6b9de04cab1b37d2d57b88096a1f,ΕΠΙΓΝΩΣΕΩΣ,1,ἐπίγνωσις,False,"[{""token_id"": ""443639"", ""citation"": ""EPH 4.13"", ""raw_form"": ""ἐπιγνώσεως""}]"
syntacticus:Nb:83264f2957c793496d37c4c745c264b26884010c37ef80caa19f7ee160015123,ΕΠΙΓΝΩΣΙΝ,9,ἐπίγνωσις,False,"[{""token_id"": ""403784"", ""citation"": ""ROM 10.2"", ""raw_form"": ""ἐπίγνωσιν""}]"
syntacticus:Nb:a0ef61c17e14c37d88b12e50a5fced1ca75138ae5de347395bb88d3bb1aa5fa0,ΕΠΙΓΝΩΣΙΣ,1,ἐπίγνωσις,False,"[{""token_id"": ""400339"", ""citation"": ""ROM 3.20"", ""raw_form"": ""ἐπίγνωσις""}]"
syntacticus:Nb:1f654e1398a31b05d7c5f0f24949758dc2220d114a29511e048479a96918be95,ΕΠΙΓΡΑΦΗ,4,ἐπιγραφή,False,"[{""token_id"": ""281745"", ""citation"": ""MATT 22.20"", ""raw_form"": ""ἐπιγραφή""}]"
syntacticus:Nb:c613a402e9236f66a5fc2b8a386ea9dcaf5d973f41cda4daaabb6e0fb00ac727,ΕΠΙΓΡΑΦΗΝ,1,ἐπιγραφή,False,"[{""token_id"": ""338290"", ""citation"": ""LUKE 20.24"", ""raw_form"": ""ἐπιγραφήν""}]"
syntacticus:Nb:dc03ccc0ce0885ba5990d23e81ce2677200e2a005e740393a24100abe2da188c,ΕΠΙΕΙΚΕΙΑΣ,1,ἐπιείκεια,False,"[{""token_id"": ""431533"", ""citation"": ""2COR 10.1"", ""raw_form"": ""ἐπιεικείας""}]"
syntacticus:Nb:ce311f05c09b9f431ec9e41b3caffa8a480635f79dfd70a12735067e0055dd20,ΕΠΙΘΕΣΕΩΣ,4,ἐπίθεσις,False,"[{""token_id"": ""383460"", ""citation"": ""ACTS 8.18"", ""raw_form"": ""ἐπιθέσεως""}]"
syntacticus:Nb:041fd27ca01a30253a63b329d25cbf7bbd116c321cfa47c4e825fb334085d050,ΕΠΙΘΥΜΗΤΑΣ,1,ἐπιθυμητής,False,"[{""token_id"": ""417656"", ""citation"": ""1COR 10.6"", ""raw_form"": ""ἐπιθυμητὰς""}]"
syntacticus:Nb:9a8f23f9cef0137ab770fd4abf01e5915cb2ae0d78480d0a480ee188f96b7b64,ΕΠΙΘΥΜΙΑ,1,ἐπιθυμία,False,"[{""token_id"": ""477081"", ""citation"": ""JAS 1.15"", ""raw_form"": ""ἐπιθυμία""}]"
syntacticus:Nb:9013b4810ce623d1c43a2df47b5fd7569d177d1e908fa17a31ad6ba1d783bd2a,ΕΠΙΘΥΜΙΑΙ,1,ἐπιθυμία,False,"[{""token_id"": ""104129"", ""citation"": ""MARK 4.19"", ""raw_form"": ""ἐπιθυμίαι""}]"
syntacticus:Nb:51ee7aefc7071b9adbc3776903702bbd88be1f04b1875758a1e66078c370b790,ΕΠΙΘΥΜΙΑΙΣ,7,ἐπιθυμία,False,"[{""token_id"": ""399325"", ""citation"": ""ROM 1.24"", ""raw_form"": ""ἐπιθυμίαις""}]"
syntacticus:Nb:7b537701388cfd0d0207376c36b7f62a16b6dc84f2e5899a8a802178aed9680d,ΕΠΙΘΥΜΙΑΝ,5,ἐπιθυμία,False,"[{""token_id"": ""757034"", ""citation"": ""ROM 7.7"", ""raw_form"": ""ἐπιθυμίαν""}]"
syntacticus:Nb:113e6419e8f53bded8c6ae59b1be31fcce1e80196c22a7873c8581dd0d53e921,ΕΠΙΘΥΜΙΑΣ,10,ἐπιθυμία,False,"[{""token_id"": ""350137"", ""citation"": ""JOHN 8.44"", ""raw_form"": ""ἐπιθυμίας""}]"
syntacticus:Nb:bf62b1a91777ee79fabd4e3e6d05ea01705b2d70e75bd979195c247fb4bf8502,ΕΠΙΘΥΜΙΩΝ,1,ἐπιθυμία,False,"[{""token_id"": ""481179"", ""citation"": ""1PET 2.11"", ""raw_form"": ""ἐπιθυμιῶν""}]"
syntacticus:Nb:59125a61976e87c6451114a6d4bad0452c537bc297788a8b89ab1678775d2e6b,ΕΠΙΚΑΛΥΜΜΑ,1,ἐπικάλυμμα,False,"[{""token_id"": ""481265"", ""citation"": ""1PET 2.16"", ""raw_form"": ""ἐπικάλυμμα""}]"
syntacticus:Nb:a7865653d06a9a98eb6a5df28ed61b0b8b7ee7f121897beefbc819c153972e7c,ΕΠΙΚΟΥΡΙΑΣ,1,ἐπικουρία,False,"[{""token_id"": ""396799"", ""citation"": ""ACTS 26.22"", ""raw_form"": ""ἐπικουρίας""}]"
syntacticus:Nb:c66e97bb8fbbb90ad23e95f9a3caf2cf07be3360712831734745d4e3d27708e6,ΕΠΙΛΗΣΜΟΝΗΣ,1,ἐπιλησμονή,False,"[{""token_id"": ""477252"", ""citation"": ""JAS 1.25"", ""raw_form"": ""ἐπιλησμονῆς""}]"
syntacticus:Nb:dd8ff0cc01df35f94818384aa2641a22959188db1b0250760ee3c5c5d69d0f26,ΕΠΙΜΕΛΕΙΑΣ,1,ἐπιμέλεια,False,"[{""token_id"": ""397099"", ""citation"": ""ACTS 27.3"", ""raw_form"": ""ἐπιμελείας""}]"
syntacticus:Nb:3a1c6c6f08faa91151f2aa0db7087b40729ae774ebf150504489e04c6f28dfc0,ΕΠΙΝΟΙΑ,1,ἐπίνοια,False,"[{""token_id"": ""383554"", ""citation"": ""ACTS 8.22"", ""raw_form"": ""ἐπίνοια""}]"
syntacticus:Nb:0d1b321752a11c9676b1610cf381df3ae43fa17be4b19039a5bf46688450e39a,ΕΠΙΠΟΘΗΣΙΝ,2,ἐπιπόθησις,False,"[{""token_id"": ""430508"", ""citation"": ""2COR 7.7"", ""raw_form"": ""ἐπιπόθησιν""}]"
syntacticus:Nb:519c098cd65d9bc713f57a0589845696e167e3c5cc85a850491f5420efced69f,ΕΠΙΠΟΘΙΑΝ,1,ἐπιποθία,False,"[{""token_id"": ""406394"", ""citation"": ""ROM 15.23"", ""raw_form"": ""ἐπιποθίαν""}]"
syntacticus:Nb:393a783ae5672cdb9345717a44809e48c63e3aa402901b48265ede520d472a9d,ΕΠΙΣΙΤΙΣΜΟΝ,1,ἐπισιτισμός,False,"[{""token_id"": ""328351"", ""citation"": ""LUKE 9.12"", ""raw_form"": ""ἐπισιτισμόν""}]"
syntacticus:Nb:f3e92b8ffafaa2ac18054d10747fa2ca41a457217a81268d253fa868d456caa0,ΕΠΙΣΚΟΠΗΝ,1,ἐπισκοπή,False,"[{""token_id"": ""378346"", ""citation"": ""ACTS 1.20"", ""raw_form"": ""ἐπισκοπὴν""}]"
syntacticus:Nb:92b3183c37b1cad65bd667a91b7001f361eb6fa0f6fb2801da3993be1682b2d6,ΕΠΙΣΚΟΠΗΣ,3,ἐπισκοπή,False,"[{""token_id"": ""337768"", ""citation"": ""LUKE 19.44"", ""raw_form"": ""ἐπισκοπῆς""}]"
syntacticus:Nb:8ac8a3253441bdc64d4eb056baa5820ab42ee942f5ddcd7bed347cf544490d9f,ΕΠΙΣΚΟΠΟΙΣ,1,ἐπίσκοπος,False,"[{""token_id"": ""447113"", ""citation"": ""PHIL 1.1"", ""raw_form"": ""ἐπισκόποις""}]"
syntacticus:Nb:baf9b1443eeae1f3ac1a8eeb20329e867bd53171ee2ea37532b36997ff1710bc,ΕΠΙΣΚΟΠΟΝ,3,ἐπίσκοπος,False,"[{""token_id"": ""459116"", ""citation"": ""1TIM 3.2"", ""raw_form"": ""ἐπίσκοπον""}]"
syntacticus:Nb:e80cfdd2f11ff798982c3ad97e357b86663bf834d78d1648e5a7c89020f6c968,ΕΠΙΣΚΟΠΟΥΣ,1,ἐπίσκοπος,False,"[{""token_id"": ""392778"", ""citation"": ""ACTS 20.28"", ""raw_form"": ""ἐπισκόπους""}]"
syntacticus:Nb:db5ce8ae7401e866185081c09c90d101881697c22a892e26a1e078c1c8a31331,ΕΠΙΣΤΑΣΙΝ,1,ἐπίστασις,False,"[{""token_id"": ""395453"", ""citation"": ""ACTS 24.12"", ""raw_form"": ""ἐπίστασιν""}]"
syntacticus:Nb:80f4a4ca9988a11f2ef8bea41a466943f645ca28231a88daa8c34df231057376,ΕΠΙΣΤΑΣΙΣ,1,ἐπίστασις,False,"[{""token_id"": ""432389"", ""citation"": ""2COR 11.28"", ""raw_form"": ""ἐπίστασίς""}]"
syntacticus:Nb:ee7041c25139ed60b6786108c3ea1b16cb6eee3d6be5de4a05b9cbc3cfae76b5,ΕΠΙΣΤΑΤΑ,7,ἐπιστάτης,False,"[{""token_id"": ""323974"", ""citation"": ""LUKE 5.5"", ""raw_form"": ""ἐπιστάτα""}]"
syntacticus:Nb:ffdd6f71bcfad6416316e71fa3d06e971a9c43c6e726e5864334b15cfca607de,ΕΠΙΣΤΟΛΑΙ,1,ἐπιστολή,False,"[{""token_id"": ""431697"", ""citation"": ""2COR 10.10"", ""raw_form"": ""ἐπιστολαὶ""}]"
syntacticus:Nb:e31e45c538aa63bc4966f225bd519f51e081bc573c5e4d92b18ba13a41095de8,ΕΠΙΣΤΟΛΑΣ,2,ἐπιστολή,False,"[{""token_id"": ""383950"", ""citation"": ""ACTS 9.2"", ""raw_form"": ""ἐπιστολὰς""}]"
syntacticus:Nb:4664327ea1fc816d0ab6f2e552c407190effadb1c879275dc5c89173150af7c2,ΕΠΙΣΤΟΛΗ,4,ἐπιστολή,False,"[{""token_id"": ""428978"", ""citation"": ""2COR 3.2"", ""raw_form"": ""ἐπιστολὴ""}]"
syntacticus:Nb:fb915060571f356f2e86836304d7b1b2bff20e4e91d817e47b0322788f62c971,ΕΠΙΣΤΟΛΗΝ,5,ἐπιστολή,False,"[{""token_id"": ""389074"", ""citation"": ""ACTS 15.30"", ""raw_form"": ""ἐπιστολήν""}]"
syntacticus:Nb:5aa7706c2188845a73e998f6d6d6a15538d637dae0e48de8084d7e23eb0a9551,ΕΠΙΣΤΟΛΗΣ,3,ἐπιστολή,False,"[{""token_id"": ""457147"", ""citation"": ""2THESS 2.2"", ""raw_form"": ""ἐπιστολῆς""}]"
syntacticus:Nb:f6e3db36063d871513852a1ea036d4b5c00bdb9523c673bbe4b7c2bdcee7d230,ΕΠΙΣΤΟΛΩΝ,4,ἐπιστολή,False,"[{""token_id"": ""421306"", ""citation"": ""1COR 16.3"", ""raw_form"": ""ἐπιστολῶν""}]"
syntacticus:Nb:dba156140c6b99552045ac037fb8f1cfe82170acbbc465555a606b35399058ec,ΕΠΙΣΤΡΟΦΗΝ,1,ἐπιστροφή,False,"[{""token_id"": ""388548"", ""citation"": ""ACTS 15.3"", ""raw_form"": ""ἐπιστροφὴν""}]"
syntacticus:Nb:09ef149c56f94fc5794824b86acd2f0ce7940b43e6d68a1a612e7a5097339f80,ΕΠΙΣΥΝΑΓΩΓΗΝ,1,ἐπισυναγωγή,False,"[{""token_id"": ""470280"", ""citation"": ""HEB 10.25"", ""raw_form"": ""ἐπισυναγωγὴν""}]"
syntacticus:Nb:fe1b616ad17efa6ceb7c5d0ca5a30e936f4101041f20d8ac448587c976fb241b,ΕΠΙΣΥΝΑΓΩΓΗΣ,1,ἐπισυναγωγή,False,"[{""token_id"": ""457124"", ""citation"": ""2THESS 2.1"", ""raw_form"": ""ἐπισυναγωγῆς""}]"
syntacticus:Nb:71c8c5d96862af9f59a21eea26ebb00e470ac037ed0c6d365884d1fccb0494fb,ΕΠΙΤΑΓΗΝ,6,ἐπιταγή,False,"[{""token_id"": ""407037"", ""citation"": ""ROM 16.26"", ""raw_form"": ""ἐπιταγὴν""}]"
syntacticus:Nb:0f5efe6055838332811af753ea6cb103d1867a764ed946252ef5e762362877fa,ΕΠΙΤΑΓΗΣ,1,ἐπιταγή,False,"[{""token_id"": ""465138"", ""citation"": ""TIT 2.15"", ""raw_form"": ""ἐπιταγῆς""}]"
syntacticus:Nb:a600cc5428f789b40bb375cb78d9068d9770bfa345ff747241b723cc6bbc50be,ΕΠΙΤΙΜΙΑ,1,ἐπιτιμία,False,"[{""token_id"": ""428745"", ""citation"": ""2COR 2.6"", ""raw_form"": ""ἐπιτιμία""}]"
syntacticus:Nb:cb0e7fd8b50e5cbc3bbf22e664053125a294f97aa15a4356619466b9f90c6b7a,ΕΠΙΤΡΟΠΗΣ,1,ἐπιτροπή,False,"[{""token_id"": ""396588"", ""citation"": ""ACTS 26.12"", ""raw_form"": ""ἐπιτροπῆς""}]"
syntacticus:Nb:90d50a61091778f7024b43e1d77e5dbbe2713b9d5fe2efa1d1274792f3c598bb,ΕΠΙΤΡΟΠΟΥ,1,ἐπίτροπος,False,"[{""token_id"": ""326914"", ""citation"": ""LUKE 8.3"", ""raw_form"": ""ἐπιτρόπου""}]"
syntacticus:Nb:9f2659d751e6b2b558023e4f9df45bb2f7794c3a0b43997829048a687fced358,ΕΠΙΤΡΟΠΟΥΣ,1,ἐπίτροπος,False,"[{""token_id"": ""438921"", ""citation"": ""GAL 4.2"", ""raw_form"": ""ἐπιτρόπους""}]"
syntacticus:Nb:001ce19b75528b7c9810c02d547065a478b158b1a253bbd845dcd4e25434dc18,ΕΠΙΦΑΝΕΙΑΝ,3,ἐπιφάνεια,False,"[{""token_id"": ""463094"", ""citation"": ""2TIM 4.1"", ""raw_form"": ""ἐπιφάνειαν""}]"
syntacticus:Nb:01db3e38b59a393f6cf6acaba95c1658ed952daecfb7163a9e7d1041b1c98b35,ΕΠΙΦΑΝΕΙΑΣ,2,ἐπιφάνεια,False,"[{""token_id"": ""460278"", ""citation"": ""1TIM 6.14"", ""raw_form"": ""ἐπιφανείας""}]"
syntacticus:Nb:c321de47fa32c5b4d971da5f15879c17245089e207be00247140841a835e01aa,ΕΠΙΧΟΡΗΓΙΑΣ,2,ἐπιχορηγία,False,"[{""token_id"": ""443710"", ""citation"": ""EPH 4.16"", ""raw_form"": ""ἐπιχορηγίας""}]"
syntacticus:Nb:93d75d084a88dc71b9514a73b7b8e2f6bc3abd597060bc96a632faf2287a45b5,ΕΠΟΣ,1,ἔπος,False,"[{""token_id"": ""468661"", ""citation"": ""HEB 7.9"", ""raw_form"": ""ἔπος""}]"
syntacticus:Nb:335536a1388295c1cd8c9482ff4822bd00cd2559015f3f15e9085c7f2aebeb1a,ΕΡΓΑ,54,ἔργον,False,"[{""token_id"": ""268795"", ""citation"": ""MATT 5.16"", ""raw_form"": ""ἔργα""}]"
syntacticus:Nb:57243c642c1b8be896cf663bc18381a167edd15a0c7cfd161d65367f768a70d1,ΕΡΓΑΣΙΑΝ,4,ἐργασία,False,"[{""token_id"": ""332659"", ""citation"": ""LUKE 12.58"", ""raw_form"": ""ἐργασίαν""}]"
syntacticus:Nb:3a3e05a0a252d346e826dbe9b5c42c66ee825c0d3c8b83145ba7c387493b92aa,ΕΡΓΑΣΙΑΣ,2,ἐργασία,False,"[{""token_id"": ""389645"", ""citation"": ""ACTS 16.19"", ""raw_form"": ""ἐργασίας""}]"
syntacticus:Nb:aa4a2477689101b1e59333e82c19771d7fe0ff8d2691d6c43f858d0e7e8718f9,ΕΡΓΑΤΑΙ,4,ἐργάτης,False,"[{""token_id"": ""272233"", ""citation"": ""MATT 9.37"", ""raw_form"": ""ἐργάται""}]"
syntacticus:Nb:79261781c103bb201bd06e61b4f02c45d0eae62ef92ea2e270df9e7600274b21,ΕΡΓΑΤΑΣ,6,ἐργάτης,False,"[{""token_id"": ""272244"", ""citation"": ""MATT 9.38"", ""raw_form"": ""ἐργάτας""}]"
syntacticus:Nb:6d351cfd1284798289b6ed40e9882a7ea608d9586c5a123996fc056ad3babe27,ΕΡΓΑΤΗΝ,1,ἐργάτης,False,"[{""token_id"": ""462561"", ""citation"": ""2TIM 2.15"", ""raw_form"": ""ἐργάτην""}]"
syntacticus:Nb:0c6bbf41e654a5aef8b01f45ba1a2ef9dddbfd6bb0e0e40988ab7218b25a90c7,ΕΡΓΑΤΗΣ,3,ἐργάτης,False,"[{""token_id"": ""272423"", ""citation"": ""MATT 10.10"", ""raw_form"": ""ἐργάτης""}]"
syntacticus:Nb:eddd8c349ed6654d7de9dfb3053a23ca8e941f006c85d42df877b49458cb1cf0,ΕΡΓΑΤΩΝ,2,ἐργάτης,False,"[{""token_id"": ""279794"", ""citation"": ""MATT 20.2"", ""raw_form"": ""ἐργατῶν""}]"
syntacticus:Nb:05146145c77325736168cb5f32f6b7277baf49fc692b4ca1e74c94098deb75f4,ΕΡΓΟΙΣ,11,ἔργον,False,"[{""token_id"": ""331367"", ""citation"": ""LUKE 11.48"", ""raw_form"": ""ἔργοις""}]"
syntacticus:Nb:91ea6ad2bf2db9db1f7c6207d3d5ba2230f61eedc08db8be44914feaa4126da9,ΕΡΓΟΝ,38,ἔργον,False,"[{""token_id"": ""284837"", ""citation"": ""MATT 26.10"", ""raw_form"": ""ἔργον""}]"
syntacticus:Nb:85cd342f27ffb0f197ebe6644dd1f6bce39162c8ddcd2aa817e284222718d0e7,ΕΡΓΟΥ,8,ἔργον,False,"[{""token_id"": ""351936"", ""citation"": ""JOHN 10.33"", ""raw_form"": ""ἔργου""}]"
syntacticus:Nb:f1029bbfeddf3fffc3b98ca768649a80ab0662081255fcb74289616c414498ac,ΕΡΓΩΝ,41,ἔργον,False,"[{""token_id"": ""273394"", ""citation"": ""MATT 11.19"", ""raw_form"": ""ἔργων""}]"
syntacticus:Nb:73e2a323c7d7fb213695065d04da3a60f192876b1afbad05ddc1011eab5211d8,ΕΡΗΜΙΑΙΣ,1,ἐρημία,False,"[{""token_id"": ""471223"", ""citation"": ""HEB 11.38"", ""raw_form"": ""ἐρημίαις""}]"
syntacticus:Nb:be1f6ccdd9e2a1f466dcd8b3ee9d66e848c3420ebc5cce5d61f43e6c6e63095d,ΕΡΗΜΙΑΣ,1,ἐρημία,False,"[{""token_id"": ""107264"", ""citation"": ""MARK 8.4"", ""raw_form"": ""ἐρημίας""}]"
syntacticus:Nb:7291e8c3c34340df5741f4e30f80406c60c1a7f31dd749fa4c83dd76c5e9b0e9,ΕΡΗΜΟΝ,3,ἔρημος,False,"[{""token_id"": ""268075"", ""citation"": ""MATT 4.1"", ""raw_form"": ""ἔρημον""}]"
syntacticus:Nb:54b03263017716b8478ef7fd7a2f44a8882784e7c3a01a9f6887f65dbcf15eb2,ΕΡΗΜΩΣΕΩΣ,2,ἐρήμωσις,False,"[{""token_id"": ""283146"", ""citation"": ""MATT 24.15"", ""raw_form"": ""ἐρημώσεως""}]"
syntacticus:Nb:c6371352b2aaa347bdf218b32c472aeeb99dc0b2579e10084da26780ba48146a,ΕΡΗΜΩΣΙΣ,1,ἐρήμωσις,False,"[{""token_id"": ""338983"", ""citation"": ""LUKE 21.20"", ""raw_form"": ""ἐρήμωσις""}]"
syntacticus:Nb:0da3517563cb02203e76d45230e8a2172531382962e8490961633375888d60e9,ΕΡΙΔΕΣ,1,ἔρις,False,"[{""token_id"": ""413822"", ""citation"": ""1COR 1.11"", ""raw_form"": ""ἔριδες""}]"
syntacticus:Nb:8cd317b2fc4d8c0e1c4c8bfa7e514c3c0b0a5656d72dc826ac9b57a88443c858,ΕΡΙΔΙ,1,ἔρις,False,"[{""token_id"": ""405500"", ""citation"": ""ROM 13.13"", ""raw_form"": ""ἔριδι""}]"
syntacticus:Nb:170316bb96b84d015c7b9e6b737b03a6bf671b19369496ab8dfca7afe9618b6b,ΕΡΙΔΟΣ,1,ἔρις,False,"[{""token_id"": ""399462"", ""citation"": ""ROM 1.29"", ""raw_form"": ""ἔριδος""}]"
syntacticus:Nb:024402c449c0af814ba5ec8a457edac25b1b7cc03d247d45f933e2916c0def97,ΕΡΙΘΕΙΑ,1,ἐριθεία,False,"[{""token_id"": ""478101"", ""citation"": ""JAS 3.16"", ""raw_form"": ""ἐριθεία""}]"
syntacticus:Nb:8f3f72b333a3ad0cec3731a4a22beb8650a8f89121318e7a7527534bfee6605e,ΕΡΙΘΕΙΑΙ,2,ἐριθεία,False,"[{""token_id"": ""432920"", ""citation"": ""2COR 12.20"", ""raw_form"": ""ἐριθείαι""}]"
syntacticus:Nb:192c10ba486c095172a85663c57d2a14e0993948f8fbaeb39afef628620f3c2c,ΕΡΙΘΕΙΑΝ,2,ἐριθεία,False,"[{""token_id"": ""447702"", ""citation"": ""PHIL 2.3"", ""raw_form"": ""ἐριθείαν""}]"
syntacticus:Nb:7395f0d3527e7539c1e857154ebbc188c03fc2c76154ae9e8d3e7dbf563fb75c,ΕΡΙΘΕΙΑΣ,2,ἐριθεία,False,"[{""token_id"": ""399657"", ""citation"": ""ROM 2.8"", ""raw_form"": ""ἐριθείας""}]"
syntacticus:Nb:ee30626a3fec3e562397da88c6773af7217e167e517e8a0f971caa6040382eac,ΕΡΙΝ,2,ἔρις,False,"[{""token_id"": ""447349"", ""citation"": ""PHIL 1.15"", ""raw_form"": ""ἔριν""}]"
syntacticus:Nb:1967ad986691f62dd3b012603af63692980c80f8c9a3e2b37901a1cf66454a25,ΕΡΙΟΝ,1,ἔριον,False,"[{""token_id"": ""492939"", ""citation"": ""REV 1.14"", ""raw_form"": ""ἔριον""}]"
syntacticus:Nb:a8ae0a2460a1cc71eb598b7628c5788d5f8cf316c7aa0ed21ad7d8a0435711e6,ΕΡΙΟΥ,1,ἔριον,False,"[{""token_id"": ""469706"", ""citation"": ""HEB 9.19"", ""raw_form"": ""ἐρίου""}]"
syntacticus:Nb:ddbf217e503afe6ac6a7b4581ae80bafddcdec33088960cb2fba623148929d78,ΕΡΙΣ,4,ἔρις,False,"[{""token_id"": ""414558"", ""citation"": ""1COR 3.3"", ""raw_form"": ""ἔρις""}]"
syntacticus:Nb:c35d01e1cf4f2aabe4568887ae1d38b76a4d3bdfd1948926b78236092be850ad,ΕΡΙΦΙΑ,1,ἐρίφιον,False,"[{""token_id"": ""284433"", ""citation"": ""MATT 25.33"", ""raw_form"": ""ἐρίφια""}]"
syntacticus:Nb:03812d9028e818e6f7055441889231812d00dedb861000f1e44247d41d1ef738,ΕΡΙΦΟΝ,1,ἔριφος,False,"[{""token_id"": ""334734"", ""citation"": ""LUKE 15.29"", ""raw_form"": ""ἔριφον""}]"
syntacticus:Nb:fe5c9d01929b2f75f7285ee181e8747487ddddfb9e261fb8bf0045c701a09525,ΕΡΙΦΩΝ,1,ἔριφος,False,"[{""token_id"": ""284420"", ""citation"": ""MATT 25.32"", ""raw_form"": ""ἐρίφων""}]"
syntacticus:Nb:607297a18f084d2839b4bb1ae813a5e8f50d15f23d97a069b9049fdac5491d86,ΕΡΜΗΝΕΙΑ,1,ἑρμηνεία,False,"[{""token_id"": ""418873"", ""citation"": ""1COR 12.10"", ""raw_form"": ""ἑρμηνεία""}]"
syntacticus:Nb:c9a3e5bd0b53b7d9666a311f4cdd5ad17717809c3fa2be6664235738a31737fd,ΕΡΜΗΝΕΙΑΝ,1,ἑρμηνεία,False,"[{""token_id"": ""420034"", ""citation"": ""1COR 14.26"", ""raw_form"": ""ἑρμηνείαν""}]"
syntacticus:Nb:dcb702a0acb5c3aa7bb8e515968ae32f90600a194d789daf62bc89423e5f1934,ΕΡΠΕΤΑ,2,ἑρπετόν,False,"[{""token_id"": ""385031"", ""citation"": ""ACTS 10.12"", ""raw_form"": ""ἑρπετὰ""}]"
syntacticus:Nb:f3e7b545a3f2b939f0d584dc34f67cb50348e1e73a1e332787c974dddadb9551,ΕΡΠΕΤΩΝ,2,ἑρπετόν,False,"[{""token_id"": ""399316"", ""citation"": ""ROM 1.23"", ""raw_form"": ""ἑρπετῶν""}]"
syntacticus:Nb:4c6f8cb8d7889a6ff6ee7e4f2dadcfc86c68d9a27dfdd6fe1b7d482091596f7f,ΕΣΘΗΣΕΣΙ,1,ἐσθής,False,"[{""token_id"": ""378098"", ""citation"": ""ACTS 1.10"", ""raw_form"": ""ἐσθήσεσι""}]"
syntacticus:Nb:8cedce0eb702ee098edb68a485e89cb6f49434c56bd44438c5bf6cfc095a9a62,ΕΣΘΗΤΑ,3,ἐσθής,False,"[{""token_id"": ""340787"", ""citation"": ""LUKE 23.11"", ""raw_form"": ""ἐσθῆτα""}]"
syntacticus:Nb:56c15621a355abc91ef8752fc138366b11630ac0fdc9723570ee17d59aa7ee41,ΕΣΘΗΤΙ,4,ἐσθής,False,"[{""token_id"": ""341611"", ""citation"": ""LUKE 24.4"", ""raw_form"": ""ἐσθῆτι""}]"
syntacticus:Nb:e94c1e961bf4e55fec1ea0d80443a88e02919cf4a2ddb070b9a4ea7c4edf8ef8,ΕΣΟΠΤΡΟΥ,1,εἴσοπτρον,False,"[{""token_id"": ""419482"", ""citation"": ""1COR 13.12"", ""raw_form"": ""ἐσόπτρου""}]"
syntacticus:Nb:02fcbd4b5f2c552523f003b8efb22273f77f148606e34715f54cc9a2728076cf,ΕΣΠΕΡΑ,1,ἑσπέρα,False,"[{""token_id"": ""380018"", ""citation"": ""ACTS 4.3"", ""raw_form"": ""ἑσπέρα""}]"
syntacticus:Nb:4d64e65f394ea37bd2d337b2d905e7f3d908febda25d20486c154eac71f0ce6e,ΕΣΠΕΡΑΝ,1,ἑσπέρα,False,"[{""token_id"": ""342053"", ""citation"": ""LUKE 24.29"", ""raw_form"": ""ἑσπέραν""}]"
syntacticus:Nb:60dccb4e04ab60842d6bb473cd4e8c2083eb79355325c6d1d0559e2b4117459b,ΕΣΠΕΡΑΣ,1,ἑσπέρα,False,"[{""token_id"": ""398387"", ""citation"": ""ACTS 28.23"", ""raw_form"": ""ἑσπέρας""}]"
syntacticus:Nb:8cdb85cc61307c32d5ae63665cd8b55b0ffbbbac6336016ef1c9456b4bc718be,ΕΤΑΙΡΕ,3,ἑταῖρος,False,"[{""token_id"": ""279984"", ""citation"": ""MATT 20.13"", ""raw_form"": ""ἑταῖρε""}]"
syntacticus:Nb:042acf14d7b1cf6f827b119040cfb0752079cda10343645ccd774d837b742565,ΕΤΕΙ,1,ἔτος,False,"[{""token_id"": ""322351"", ""citation"": ""LUKE 3.1"", ""raw_form"": ""ἔτει""}]"
syntacticus:Nb:0d93cb8f714ce461b926a7b58bd479fbf424637a0388feb382494ac3daf9fb39,ΕΤΕΣΙΝ,2,ἔτος,False,"[{""token_id"": ""343793"", ""citation"": ""JOHN 2.20"", ""raw_form"": ""ἔτεσιν""}]"
syntacticus:Nb:0c042d17ea1d6c68a56ef72eab0dbd018894b99c3685861c14f814eba41c26fc,ΕΤΗ,27,ἔτος,False,"[{""token_id"": ""271925"", ""citation"": ""MATT 9.20"", ""raw_form"": ""ἔτη""}]"
syntacticus:Nb:0e0723a6e880454cdc5dbc9c048da74463b29cfd8e2a74780778ce55d6610c57,ΕΤΟΣ,2,ἔτος,False,"[{""token_id"": ""322136"", ""citation"": ""LUKE 2.41"", ""raw_form"": ""ἔτος""}]"
syntacticus:Nb:b44567191fcf53fbca26b24baa11eaf4779bb471b4215a5594e13f8553c5a181,ΕΤΩΝ,15,ἔτος,False,"[{""token_id"": ""105349"", ""citation"": ""MARK 5.42"", ""raw_form"": ""ἐτῶν""}]"
syntacticus:Nb:02fb75fd1056ded3d71e87ffbce3edc0178c96f6cd76d1ce25b7cc90bf314b46,ΕΥΑΓΓΕΛΙΟΝ,41,εὐαγγέλιον,False,"[{""token_id"": ""268495"", ""citation"": ""MATT 4.23"", ""raw_form"": ""εὐαγγέλιον""}]"
syntacticus:Nb:8031fe17cc39a52de6f2526adf04adf9ec5cfd303180d058a600dfef72a0e0c0,ΕΥΑΓΓΕΛΙΟΥ,23,εὐαγγέλιον,False,"[{""token_id"": ""101747"", ""citation"": ""MARK 1.1"", ""raw_form"": ""εὐαγγελίου""}]"
syntacticus:Nb:35fb033323f3a1bfad9cfe02e6bd9d4333168dd0d028b866d9e2305fbef026d0,ΕΥΑΓΓΕΛΙΣΤΑΣ,1,εὐαγγελιστής,False,"[{""token_id"": ""443604"", ""citation"": ""EPH 4.11"", ""raw_form"": ""εὐαγγελιστάς""}]"
syntacticus:Nb:a1b22ac245b4bd912b429eb891e0d5eebb77ad8b1c93c7d016ca58d7df33dd1b,ΕΥΑΓΓΕΛΙΣΤΟΥ,2,εὐαγγελιστής,False,"[{""token_id"": ""393137"", ""citation"": ""ACTS 21.8"", ""raw_form"": ""εὐαγγελιστοῦ""}]"
syntacticus:Nb:0fc47059bd0a5b381b511e76af8854509d2c10a7e26d77f8a68cb13fca9203ce,ΕΥΔΙΑ,1,εὐδία,False,"[{""token_id"": ""277260"", ""citation"": ""MATT 16.2"", ""raw_form"": ""εὐδία""}]"
syntacticus:Nb:3c8e0b9a9d02a6ad43ede1bf4fd6b9ff1c26f888fa898c59a43e28eb38068c51,ΕΥΔΟΚΙΑ,3,εὐδοκία,False,"[{""token_id"": ""273547"", ""citation"": ""MATT 11.26"", ""raw_form"": ""εὐδοκία""}]"
syntacticus:Nb:3a292adfeeee9ad7d1e1b6df78c01cc364456294f56137fb2da1060516c508e0,ΕΥΔΟΚΙΑΝ,4,εὐδοκία,False,"[{""token_id"": ""442342"", ""citation"": ""EPH 1.5"", ""raw_form"": ""εὐδοκίαν""}]"
syntacticus:Nb:fd22f5804093b395753cbcb7b2a949a5dd01ea0fce70935a382fda63011f16e3,ΕΥΔΟΚΙΑΣ,2,εὐδοκία,False,"[{""token_id"": ""321626"", ""citation"": ""LUKE 2.14"", ""raw_form"": ""εὐδοκίας""}]"
syntacticus:Nb:dc4e9cc7b138747ad407e273ecf0c98a7a5dfe3e0a63cec5edd811d953a285b5,ΕΥΕΡΓΕΣΙΑΣ,1,εὐεργεσία,False,"[{""token_id"": ""460055"", ""citation"": ""1TIM 6.2"", ""raw_form"": ""εὐεργεσίας""}]"
syntacticus:Nb:3e4776f06273ea8a95dc818a455cdee7f43f1261247f7dd4eb8b604ed13770e2,ΕΥΕΡΓΕΤΑΙ,1,εὐεργέτης,False,"[{""token_id"": ""339729"", ""citation"": ""LUKE 22.25"", ""raw_form"": ""εὐεργέται""}]"
syntacticus:Nb:86059c129bcdd3f0c9bcda2c7bff8df1ba29c1efe92fbae7d2b64d6faf58d5f8,ΕΥΘΥΤΗΤΟΣ,1,εὐθύτης,False,"[{""token_id"": ""466749"", ""citation"": ""HEB 1.8"", ""raw_form"": ""εὐθύτητος""}]"
syntacticus:Nb:3bd60f76d3633e4af820188a1e0b495c5b62bec98c9ef505cdc29ffd4273cbf9,ΕΥΚΑΙΡΙΑΝ,2,εὐκαιρία,False,"[{""token_id"": ""284936"", ""citation"": ""MATT 26.16"", ""raw_form"": ""εὐκαιρίαν""}]"
syntacticus:Nb:4dd0943d12ed4c06b88152c450ece4b8f7f54ff6b59719ae7ab8e9109a99a205,ΕΥΛΑΒΕΙΑΣ,2,εὐλάβεια,False,"[{""token_id"": ""468030"", ""citation"": ""HEB 5.7"", ""raw_form"": ""εὐλαβείας""}]"
syntacticus:Nb:b2984b41b374ff554c1418778cecbf9fb57513785b449a83bee4da98b9ff9aab,ΕΥΛΟΓΙΑ,4,εὐλογία,False,"[{""token_id"": ""438599"", ""citation"": ""GAL 3.14"", ""raw_form"": ""εὐλογία""}]"
syntacticus:Nb:4c1431feebda64e35272e7d62a7d362acd2a4a03a87d6b83e7d285a006c0af16,ΕΥΛΟΓΙΑΙΣ,2,εὐλογία,False,"[{""token_id"": ""431341"", ""citation"": ""2COR 9.6"", ""raw_form"": ""εὐλογίαις""}]"
syntacticus:Nb:372acfadea3c266afcf817a75d4df9ac4c35c1b9cb0af56ccf32c52dd5ca53ef,ΕΥΛΟΓΙΑΝ,4,εὐλογία,False,"[{""token_id"": ""431313"", ""citation"": ""2COR 9.5"", ""raw_form"": ""εὐλογίαν""}]"
syntacticus:Nb:28fccc941546987822155aaa854f824b3d9c0dfc6b24495a63b43bbea3abf0fb,ΕΥΛΟΓΙΑΣ,4,εὐλογία,False,"[{""token_id"": ""406506"", ""citation"": ""ROM 15.29"", ""raw_form"": ""εὐλογίας""}]"
syntacticus:Nb:02b6c6bb682f98c9be5effa9db54967cf302766872ab17e47a459abb1b3d6c61,ΕΥΝΟΙΑΣ,1,εὔνοια,False,"[{""token_id"": ""444606"", ""citation"": ""EPH 6.7"", ""raw_form"": ""εὐνοίας""}]"
syntacticus:Nb:df13a9304f0a976ebb3459abccc4c45910577c4bab87d10d8566a0bde5f5bbda,ΕΥΝΟΥΧΟΙ,3,εὐνοῦχος,False,"[{""token_id"": ""279370"", ""citation"": ""MATT 19.12"", ""raw_form"": ""εὐνοῦχοι""}]"
syntacticus:Nb:ec59cc42c955051d9e7b0af152b04c4897d8f72b7bbc5c7a2093cf2c5ad53505,ΕΥΝΟΥΧΟΣ,5,εὐνοῦχος,False,"[{""token_id"": ""383647"", ""citation"": ""ACTS 8.27"", ""raw_form"": ""εὐνοῦχος""}]"
syntacticus:Nb:f449c864c5d06dabb062dfb6c292049fa412d6e387cee1f73d69f3ac8a0f760a,ΕΥΠΟΡΙΑ,1,εὐπορία,False,"[{""token_id"": ""391890"", ""citation"": ""ACTS 19.25"", ""raw_form"": ""εὐπορία""}]"
syntacticus:Nb:996da7aa4323b12f1b4beb2443a30b2b2ab89bd022db568335d97827be752ba7,ΕΥΠΡΕΠΕΙΑ,1,εὐπρέπεια,False,"[{""token_id"": ""477011"", ""citation"": ""JAS 1.11"", ""raw_form"": ""εὐπρέπεια""}]"
syntacticus:Nb:788c3c75bf03173a11d94397bd3898214f51b1bf27442cf42d3d7500acdecf27,ΕΥΣΕΒΕΙΑ,2,εὐσέβεια,False,"[{""token_id"": ""459474"", ""citation"": ""1TIM 4.8"", ""raw_form"": ""εὐσέβεια""}]"
syntacticus:Nb:80f80621aff33bfb04367722f38f9278509e79a54dcb275a0410d9b1aad186ce,ΕΥΣΕΒΕΙΑΝ,5,εὐσέβεια,False,"[{""token_id"": ""459461"", ""citation"": ""1TIM 4.7"", ""raw_form"": ""εὐσέβειαν""}]"
syntacticus:Nb:80ed93bfd4395219eb4bd443eb2da5baa77f79a60174e18e4ad50e858625049f,ΕΥΣΕΒΕΙΑΣ,2,εὐσέβεια,False,"[{""token_id"": ""459329"", ""citation"": ""1TIM 3.16"", ""raw_form"": ""εὐσεβείας""}]"
syntacticus:Nb:4705661c31b099c55a43295aed824377077172021aa6148f0dd4cb3faceb7146,ΕΥΣΧΗΜΟΣΥΝΗΝ,1,εὐσχημοσύνη,False,"[{""token_id"": ""419125"", ""citation"": ""1COR 12.23"", ""raw_form"": ""εὐσχημοσύνην""}]"
syntacticus:Nb:3564651e10fb924266682ab4bdebc660fbac8cc823aa685d5d701da436c7d854,ΕΥΤΡΑΠΕΛΙΑ,1,εὐτραπελία,False,"[{""token_id"": ""444046"", ""citation"": ""EPH 5.4"", ""raw_form"": ""εὐτραπελία""}]"
syntacticus:Nb:f57e9520eb1649690c3358aec5dd13125cfec3f6ee343269292c559a5235e3b2,ΕΥΦΗΜΙΑΣ,1,εὐφημία,False,"[{""token_id"": ""430179"", ""citation"": ""2COR 6.8"", ""raw_form"": ""εὐφημίας""}]"
syntacticus:Nb:d1e9d27f02533074591f52dda378af6b377cb505d5f9797e4668d9545f0213c3,ΕΥΦΡΟΣΥΝΗΣ,2,εὐφροσύνη,False,"[{""token_id"": ""379004"", ""citation"": ""ACTS 2.28"", ""raw_form"": ""εὐφροσύνης""}]"
syntacticus:Nb:d9c7bdaf5b06db2c874529e1e179b1603db0e655272bdd48ddbd417dacf2f43c,ΕΥΧΑΡΙΣΤΙΑ,2,εὐχαριστία,False,"[{""token_id"": ""444054"", ""citation"": ""EPH 5.4"", ""raw_form"": ""εὐχαριστία""}]"
syntacticus:Nb:8e86e0c90da3d72cdcc04260777b9803ced1b4597961212e9d41b9e07e5883b6,ΕΥΧΑΡΙΣΤΙΑΝ,4,εὐχαριστία,False,"[{""token_id"": ""429590"", ""citation"": ""2COR 4.15"", ""raw_form"": ""εὐχαριστίαν""}]"
syntacticus:Nb:06d726ec4f84f11f773406d639be1be6388d87e2e86c1c6d2a4cf66fa002da76,ΕΥΧΑΡΙΣΤΙΑΣ,5,εὐχαριστία,False,"[{""token_id"": ""395322"", ""citation"": ""ACTS 24.3"", ""raw_form"": ""εὐχαριστίας""}]"
syntacticus:Nb:d38c0e14263d044a0a0d15abff1bf447e2d91a4dc5c65340f41e7314cb3f5818,ΕΥΧΑΡΙΣΤΙΩΝ,1,εὐχαριστία,False,"[{""token_id"": ""431465"", ""citation"": ""2COR 9.12"", ""raw_form"": ""εὐχαριστιῶν""}]"
syntacticus:Nb:aef866e76569eaa76bfcd5b8bfefd4f5ffe1c3c8255513231cfc91ad37b9c059,ΕΥΧΗ,1,εὐχή,False,"[{""token_id"": ""478772"", ""citation"": ""JAS 5.15"", ""raw_form"": ""εὐχὴ""}]"
syntacticus:Nb:de455892a0ec8294e61b079334f306afd6be0bbcc0cb67dfed778d1c7af98e78,ΕΥΧΗΝ,2,εὐχή,False,"[{""token_id"": ""391177"", ""citation"": ""ACTS 18.18"", ""raw_form"": ""εὐχήν""}]"
syntacticus:Nb:6a50bd921ab28e0b0f6af51a4310d66be7e22f006014fcac50a490bf4fa1c47c,ΕΥΩΔΙΑ,1,εὐωδία,False,"[{""token_id"": ""762565"", ""citation"": ""2COR 2.15"", ""raw_form"": ""εὐωδία""}]"
syntacticus:Nb:dfd65f5ebd149a384ac676b6901baa7f2727d85cfe6be55afff0409dd794d059,ΕΥΩΔΙΑΣ,2,εὐωδία,False,"[{""token_id"": ""444023"", ""citation"": ""EPH 5.2"", ""raw_form"": ""εὐωδίας""}]"
syntacticus:Nb:0a25a7eecd31937bc415763bd8d690810fc28fed47980b94d81c118f1cd2dba4,ΕΦΕΥΡΕΤΑΣ,1,ἐφευρετής,False,"[{""token_id"": ""399478"", ""citation"": ""ROM 1.30"", ""raw_form"": ""ἐφευρετὰς""}]"
syntacticus:Nb:2b321bfb1d013cd4ae91101250bdcdf6f82d1f45ebb58a521bd77025369a78d8,ΕΦΗΜΕΡΙΑΣ,2,ἐφημερία,False,"[{""token_id"": ""320118"", ""citation"": ""LUKE 1.5"", ""raw_form"": ""ἐφημερίας""}]"
syntacticus:Nb:205099dae900fc5f85f95bf0928003917877dffb14bdaabef987e48b98a520bf,ΕΧΘΡΑ,2,ἔχθρα,False,"[{""token_id"": ""757133"", ""citation"": ""ROM 8.7"", ""raw_form"": ""ἔχθρα""}]"
syntacticus:Nb:b1604c90ffa989a1b2224be692125c9005e959f45db3010b7d57412aba1f4d74,ΕΧΘΡΑΙ,1,ἔχθρα,False,"[{""token_id"": ""439710"", ""citation"": ""GAL 5.20"", ""raw_form"": ""ἔχθραι""}]"
syntacticus:Nb:b01c1975fc8606584d7e2c83b7733cc413922825a84a6133703587584f5a2112,ΕΧΘΡΑΝ,2,ἔχθρα,False,"[{""token_id"": ""442966"", ""citation"": ""EPH 2.15"", ""raw_form"": ""ἔχθραν""}]"
syntacticus:Nb:95b6be3b2cdc0e5901e55d2c8d4f3a774530e5192fcb0448797001ed2de873e4,ΕΧΙΔΝΑ,1,ἔχιδνα,False,"[{""token_id"": ""397928"", ""citation"": ""ACTS 28.3"", ""raw_form"": ""ἔχιδνα""}]"
syntacticus:Nb:8276f79f66e6696861b1a94619b00279eb373fb4e4f4d443df457f35b9bb9600,ΕΧΙΔΝΩΝ,4,ἔχιδνα,False,"[{""token_id"": ""267826"", ""citation"": ""MATT 3.7"", ""raw_form"": ""ἐχιδνῶν""}]"
syntacticus:Nb:7b0da5531b4cdf6b773f60c1789eeb9a8168d603278a4e19a0e2dfe5e02584f5,ΖΕΥΓΗ,1,ζεῦγος,False,"[{""token_id"": ""333830"", ""citation"": ""LUKE 14.19"", ""raw_form"": ""ζεύγη""}]"
syntacticus:Nb:f4fa74234123815ea65e94135742a26d7ccc7aa931d4f5636505a85b723d4b52,ΖΕΥΓΟΣ,1,ζεῦγος,False,"[{""token_id"": ""321825"", ""citation"": ""LUKE 2.24"", ""raw_form"": ""ζεῦγος""}]"
syntacticus:Nb:7990872936f45de8e8394d024fcc0390a77f99a19a0cab3ed740465c896f086c,ΖΕΥΚΤΗΡΙΑΣ,1,ζευκτηρία,False,"[{""token_id"": ""397775"", ""citation"": ""ACTS 27.40"", ""raw_form"": ""ζευκτηρίας""}]"
syntacticus:Nb:795e37988610cd2b0ad7dace2f46931a99874631d808f9f90de5a2b294bd433d,ΖΗΛΟΝ,4,ζῆλος,False,"[{""token_id"": ""403777"", ""citation"": ""ROM 10.2"", ""raw_form"": ""ζῆλον""}]"
syntacticus:Nb:f8832e66cbc77ba4b032b1735ae04bd0e7ca54161e67c8ba6beedf1bf5e34ba8,ΖΗΛΟΣ,8,ζῆλος,False,"[{""token_id"": ""343743"", ""citation"": ""JOHN 2.17"", ""raw_form"": ""ζῆλος""}]"
syntacticus:Nb:adb9a9574039a4f353d600ad4b15c8e1f4c7fa4b559c36a089a2b22c5f27c5a3,ΖΗΛΟΥ,2,ζῆλος,False,"[{""token_id"": ""381072"", ""citation"": ""ACTS 5.17"", ""raw_form"": ""ζήλου""}]"
syntacticus:Nb:e54c6284e4c3d7ff22d6b7eee36f7530b7de33bbae24934a76cfd2d8a97843b0,ΖΗΜΙΑΝ,3,ζημία,False,"[{""token_id"": ""397439"", ""citation"": ""ACTS 27.21"", ""raw_form"": ""ζημίαν""}]"
syntacticus:Nb:b968d6e352c0bdc6906738b6802462aafa1bd73c69216bd40131595a5c70b15e,ΖΗΜΙΑΣ,1,ζημία,False,"[{""token_id"": ""397221"", ""citation"": ""ACTS 27.10"", ""raw_form"": ""ζημίας""}]"
syntacticus:Nb:bf4dc9edfe58dfb82718bdb9db3e07d5c1cf7295a354aa0f8d6238a65bdacccc,ΖΗΤΗΜΑΤΑ,2,ζήτημα,False,"[{""token_id"": ""391100"", ""citation"": ""ACTS 18.15"", ""raw_form"": ""ζητήματά""}]"
syntacticus:Nb:1e55a05be31e3bdf098ddee78c44167d90f621ebde9393c27cf742b9fcb5b46b,ΖΗΤΗΜΑΤΟΣ,1,ζήτημα,False,"[{""token_id"": ""388530"", ""citation"": ""ACTS 15.2"", ""raw_form"": ""ζητήματος""}]"
syntacticus:Nb:cb07938bc8ac3accc1b981d587513c49806864c457cb3dd317a78b999f556bbc,ΖΗΤΗΜΑΤΩΝ,2,ζήτημα,False,"[{""token_id"": ""395139"", ""citation"": ""ACTS 23.29"", ""raw_form"": ""ζητημάτων""}]"
syntacticus:Nb:f182c6ccb5b9e52154cc93bc1694343757ca79288dbbb17747472fbda3d4d7b4,ΖΗΤΗΣΕΙΣ,3,ζήτησις,False,"[{""token_id"": ""460093"", ""citation"": ""1TIM 6.4"", ""raw_form"": ""ζητήσεις""}]"
syntacticus:Nb:ab0d85433d02fc9240060dc9ce69f0373f53cfcd3f55608ed766d5814fecb1d8,ΖΗΤΗΣΕΩΣ,2,ζήτησις,False,"[{""token_id"": ""388500"", ""citation"": ""ACTS 15.2"", ""raw_form"": ""ζητήσεως""}]"
syntacticus:Nb:3f77fe693553f3acdbec5814a904e969f77ce02832b71054dd13b70a6330b0ca,ΖΗΤΗΣΙΝ,1,ζήτησις,False,"[{""token_id"": ""396166"", ""citation"": ""ACTS 25.20"", ""raw_form"": ""ζήτησιν""}]"
syntacticus:Nb:4b28c323d0af82e9e7f2fefbf0587d06834a117ea42eeafe1f7a20255ec90869,ΖΗΤΗΣΙΣ,1,ζήτησις,False,"[{""token_id"": ""344414"", ""citation"": ""JOHN 3.25"", ""raw_form"": ""ζήτησις""}]"
syntacticus:Nb:766c773bdb02f55d16cf76ed55cd9b2bbbda99da3fc12b0b1d0afd8ff272020f,ΖΙΖΑΝΙΑ,7,ζιζάνιον,False,"[{""token_id"": ""275170"", ""citation"": ""MATT 13.25"", ""raw_form"": ""ζιζάνια""}]"
syntacticus:Nb:b41599adda3d3672efcd873b01c8370bf85ec4f85b1214ff57c4f7b621993643,ΖΙΖΑΝΙΩΝ,1,ζιζάνιον,False,"[{""token_id"": ""275438"", ""citation"": ""MATT 13.36"", ""raw_form"": ""ζιζανίων""}]"
syntacticus:Nb:156c8ff8fbe03a1dd116e5e0e42656f51d66b3ac7bb92f845d1195cf615c5946,ΖΥΓΟΝ,4,ζυγόν,False,"[{""token_id"": ""273603"", ""citation"": ""MATT 11.29"", ""raw_form"": ""ζυγόν""}]"
syntacticus:Nb:433677580d39091e90812714e34beb4360fa9300902b3e5d31314e3c0af381f0,ΖΥΓΟΣ,1,ζυγόν,False,"[{""token_id"": ""273629"", ""citation"": ""MATT 11.30"", ""raw_form"": ""ζυγός""}]"
syntacticus:Nb:b168f28ffabc8812b5afdaa93493fed8bafb5b93d22df2ed14bcdd25d93c6034,ΖΥΜΗ,2,ζύμη,False,"[{""token_id"": ""415443"", ""citation"": ""1COR 5.6"", ""raw_form"": ""ζύμη""}]"
syntacticus:Nb:83e46cf6ac311048eb8cb67e3ebbf142005a6e44ec41dd1abb89f9afce7caa34,ΖΥΜΗΝ,1,ζύμη,False,"[{""token_id"": ""415452"", ""citation"": ""1COR 5.7"", ""raw_form"": ""ζύμην""}]"
syntacticus:Nb:053e3833598a4a4047c0e4317f222b6fbd7a2f312b8e9f8035a48a5f7023bdf3,ΖΥΜΗΣ,6,ζύμη,False,"[{""token_id"": ""277339"", ""citation"": ""MATT 16.6"", ""raw_form"": ""ζύμης""}]"
syntacticus:Nb:3783ddcf5c0a5b89ba987d1e7fd61ac4db890489f0e07270acb4e0ab8caab845,ΖΩΗ,21,ζωή,False,"[{""token_id"": ""331809"", ""citation"": ""LUKE 12.15"", ""raw_form"": ""ζωὴ""}]"
syntacticus:Nb:f7050f4329d6c9c963f83f73bdcb0d4a47270d98b67c808498354c8123566b6a,ΖΩΗΝ,48,ζωή,False,"[{""token_id"": ""270515"", ""citation"": ""MATT 7.14"", ""raw_form"": ""ζωήν""}]"
syntacticus:Nb:a22fafa0d2e9b0331ff5b8174677fc159fd86bfdee31991032b8dcdce7daf697,ΖΩΗΣ,45,ζωή,False,"[{""token_id"": ""346280"", ""citation"": ""JOHN 5.29"", ""raw_form"": ""ζωῆς""}]"
syntacticus:Nb:d2b7b8c988342ff3936e4308fda6bcc60d000f57dc7487861bd3ca66cf1f0c45,ΖΩΝΑΣ,2,ζώνη,False,"[{""token_id"": ""272405"", ""citation"": ""MATT 10.9"", ""raw_form"": ""ζώνας""}]"
syntacticus:Nb:682c219127d7f0e3d7b7324e176bc7a19f0dac199893bb35eb493d8f8f7d8a91,ΖΩΝΗ,1,ζώνη,False,"[{""token_id"": ""393199"", ""citation"": ""ACTS 21.11"", ""raw_form"": ""ζώνη""}]"
syntacticus:Nb:cfdd9ecaafbe21531e6a7c817c5e7b6fb111f2b9564636f489369a73f770da37,ΖΩΝΗΝ,5,ζώνη,False,"[{""token_id"": ""267765"", ""citation"": ""MATT 3.4"", ""raw_form"": ""ζώνην""}]"
syntacticus:Nb:d6cc189fec59cbbf303c3115003fec54f76e182d7ece070acd326c7f94a96890,ΖΩΟΥ,3,ζῷον,False,"[{""token_id"": ""495192"", ""citation"": ""REV 6.3"", ""raw_form"": ""ζώου""}]"
syntacticus:Nb:3d1c43b0f14fa899307b724af5cc2c2270a9db585863256152d97e7f7b5cd671,ΖΩΩΝ,7,ζῷον,False,"[{""token_id"": ""494870"", ""citation"": ""REV 5.6"", ""raw_form"": ""ζώων""}]"
syntacticus:Nb:03c2d9e2c1b03ad95a25d31fe60c35423e2623b816005f1e569609daba184d78,ΗΓΕΜΟΝΑ,2,ἡγεμών,False,"[{""token_id"": ""286359"", ""citation"": ""MATT 27.14"", ""raw_form"": ""ἡγεμόνα""}]"
syntacticus:Nb:91628cbfd84ea87227737c53ebaa022a9269e1b0dd308aefc817cec71307d99b,ΗΓΕΜΟΝΑΣ,2,ἡγεμών,False,"[{""token_id"": ""272577"", ""citation"": ""MATT 10.18"", ""raw_form"": ""ἡγεμόνας""}]"
syntacticus:Nb:bc287140c1b5467d16f7f2de3e97cca22cbddb98f85d15f01a9ae596d9b54ad7,ΗΓΕΜΟΝΙ,4,ἡγεμών,False,"[{""token_id"": ""286155"", ""citation"": ""MATT 27.2"", ""raw_form"": ""ἡγεμόνι""}]"
syntacticus:Nb:4fe17fe03ee4f22e1288fff0ab5f0ce1000b4dcc43bd2150b9250110f4ab2ebf,ΗΓΕΜΟΝΙΑΣ,1,ἡγεμονία,False,"[{""token_id"": ""322355"", ""citation"": ""LUKE 3.1"", ""raw_form"": ""ἡγεμονίας""}]"
syntacticus:Nb:edaebacd899124d880f34902c2fc117c96d5cab09c3af4675523b29828c65693,ΗΓΕΜΟΝΟΣ,5,ἡγεμών,False,"[{""token_id"": ""286298"", ""citation"": ""MATT 27.11"", ""raw_form"": ""ἡγεμόνος""}]"
syntacticus:Nb:f6e7edb250107be2411beb96d8ba5957a5f8548608358f74fa1184d8740584b8,ΗΓΕΜΟΝΩΝ,1,ἡγεμών,False,"[{""token_id"": ""111699"", ""citation"": ""MARK 13.9"", ""raw_form"": ""ἡγεμόνων""}]"
syntacticus:Nb:8be9b03471da91ae74b943110bcdbc7f9ba951af09d6262a823ca3927ed96d4b,ΗΓΕΜΟΣΙΝ,2,ἡγεμών,False,"[{""token_id"": ""267290"", ""citation"": ""MATT 2.6"", ""raw_form"": ""ἡγεμόσιν""}]"
syntacticus:Nb:ef188f6453ab2ee93ceac4c238403b17d255fde0e09a9d4d022206be3c1ca6c9,ΗΓΕΜΩΝ,4,ἡγεμών,False,"[{""token_id"": ""286304"", ""citation"": ""MATT 27.11"", ""raw_form"": ""ἡγεμὼν""}]"
syntacticus:Nb:e79209ac478daeae32dd406672d1044b5cbf4193badde6a35e456a2e3306b572,ΗΔΟΝΑΙΣ,2,ἡδονή,False,"[{""token_id"": ""465188"", ""citation"": ""TIT 3.3"", ""raw_form"": ""ἡδοναῖς""}]"
syntacticus:Nb:72fcd285773cc72f61945c407b01572fe45b08c39099c9c791fd57db6565c880,ΗΔΟΝΩΝ,2,ἡδονή,False,"[{""token_id"": ""758590"", ""citation"": ""LUKE 8.14"", ""raw_form"": ""ἡδονῶν""}]"
syntacticus:Nb:be7d4bd080388a852b4f3c222652a2671b851791bc59e330bd31397976e2166f,ΗΔΥΟΣΜΟΝ,2,ἡδύοσμον,False,"[{""token_id"": ""282543"", ""citation"": ""MATT 23.23"", ""raw_form"": ""ἡδύοσμον""}]"
syntacticus:Nb:2d51f5af3cb9d2f86e2a45d92bd036d4018f56715d0ee307cc868f3d899e78ac,ΗΘΗ,1,ἦθος,False,"[{""token_id"": ""420793"", ""citation"": ""1COR 15.33"", ""raw_form"": ""ἤθη""}]"
syntacticus:Nb:40d63c746be86fd4fc6c9207f0e9de457f93e6478c79f8dfde05be5368c43644,ΗΛΙΚΙΑΝ,4,ἡλικία,False,"[{""token_id"": ""270101"", ""citation"": ""MATT 6.27"", ""raw_form"": ""ἡλικίαν""}]"
syntacticus:Nb:4906af3e7609c2d0b53bd9f9a0d9009dae8a895ba5a6c8333c722a552fa5ccc3,ΗΛΙΚΙΑΣ,2,ἡλικία,False,"[{""token_id"": ""443651"", ""citation"": ""EPH 4.13"", ""raw_form"": ""ἡλικίας""}]"
syntacticus:Nb:decf56bc25024f9b0ae288de5e5db1ff8c30a0e80d34cae7b947220abce69938,ΗΛΙΟΝ,4,ἥλιος,False,"[{""token_id"": ""269433"", ""citation"": ""MATT 5.45"", ""raw_form"": ""ἥλιον""}]"
syntacticus:Nb:66acbec99dc976e09143755671b87a4a97556528d531c6ddf40521c295889cd3,ΗΛΙΟΣ,14,ἥλιος,False,"[{""token_id"": ""275575"", ""citation"": ""MATT 13.43"", ""raw_form"": ""ἥλιος""}]"
syntacticus:Nb:451984f0ce0c20dedd4177b3ffd2e746d1831e501dad2874381ffac1bddfd537,ΗΛΙΟΥ,12,ἥλιος,False,"[{""token_id"": ""274762"", ""citation"": ""MATT 13.6"", ""raw_form"": ""ἡλίου""}]"
syntacticus:Nb:3d71954d7db65071ec4fca503b3250917304c53cbed8caf263727a2e06e90ddf,ΗΛΩΝ,2,ἧλος,False,"[{""token_id"": ""359925"", ""citation"": ""JOHN 20.25"", ""raw_form"": ""ἥλων""}]"
syntacticus:Nb:2474d80166edcb95c55b73b834a921640b86d159e53b7897b1b549789b94e1bc,ΗΜΕΡΑ,19,ἡμέρα,False,"[{""token_id"": ""325007"", ""citation"": ""LUKE 6.13"", ""raw_form"": ""ἡμέρα""}]"
syntacticus:Nb:266a2d1fa2afbc2998f8bd9496850224d44135b1780341fa6cc4d87e451fc473,ΗΜΕΡΑΙ,26,ἡμέρα,False,"[{""token_id"": ""271807"", ""citation"": ""MATT 9.15"", ""raw_form"": ""ἡμέραι""}]"
syntacticus:Nb:641066b20e470a8703d5f6ba482441eb91fe67952c65cf57f95b921fcc3ac9fd,ΗΜΕΡΑΙΣ,47,ἡμέρα,False,"[{""token_id"": ""267197"", ""citation"": ""MATT 2.1"", ""raw_form"": ""ἡμέραις""}]"
syntacticus:Nb:72983118dafe02b099546b127cb966ce7d220b6718f26efd6e788260662083a7,ΗΜΕΡΑΝ,54,ἡμέρα,False,"[{""token_id"": ""279798"", ""citation"": ""MATT 20.2"", ""raw_form"": ""ἡμέραν""}]"
syntacticus:Nb:d458c908e1208085645e5c06089c29f5e5d39916ae7cfa995ecbcee90991000b,ΗΜΕΡΑΣ,123,ἡμέρα,False,"[{""token_id"": ""268087"", ""citation"": ""MATT 4.2"", ""raw_form"": ""ἡμέρας""}]"
syntacticus:Nb:50b2c0625e38d550efea0642d210e1ee994899337f568fb64ceeeed2df936d99,ΗΜΕΡΩΝ,21,ἡμέρα,False,"[{""token_id"": ""273275"", ""citation"": ""MATT 11.12"", ""raw_form"": ""ἡμερῶν""}]"
syntacticus:Nb:8f516cf949b5d52259e731c3d18e9cc008ddcad17566bee3aead6643f6fc1073,ΗΜΙΩΡΙΟΝ,1,ἡμίωρον,False,"[{""token_id"": ""496064"", ""citation"": ""REV 8.1"", ""raw_form"": ""ἡμιώριον""}]"
syntacticus:Nb:cd4e1f60c1434793eb834e0709c938eac8360be1cf388ab1778d68d01878925d,ΗΣΥΧΙΑΝ,1,ἡσυχία,False,"[{""token_id"": ""393893"", ""citation"": ""ACTS 22.2"", ""raw_form"": ""ἡσυχίαν""}]"
syntacticus:Nb:f2671f971326b99b20ccf7c2556ebb8757c58ecbc40c90f53440e9797f416e96,ΗΣΥΧΙΑΣ,1,ἡσυχία,False,"[{""token_id"": ""457672"", ""citation"": ""2THESS 3.12"", ""raw_form"": ""ἡσυχίας""}]"
syntacticus:Nb:ec897c92c670ba0c0aa3e5e1ab6b16746aa3547485431e4f2ada95c482514153,ΗΤΤΗΜΑ,2,ἥττημα,False,"[{""token_id"": ""404390"", ""citation"": ""ROM 11.12"", ""raw_form"": ""ἥττημα""}]"
syntacticus:Nb:12f5854d570599753eaedb8efe25a41ea36fc9ebc917c061ece50af2606c576d,ΗΧΟΣ,2,ἦχος,False,"[{""token_id"": ""323704"", ""citation"": ""LUKE 4.37"", ""raw_form"": ""ἦχος""}]"
syntacticus:Nb:f55e8c8c6be5db7f80769da9309d123508e9633aa38097644ea1ac3beb74f8b3,ΗΧΟΥΣ,1,ἦχος,False,"[{""token_id"": ""339092"", ""citation"": ""LUKE 21.25"", ""raw_form"": ""ἤχους""}]"
syntacticus:Nb:cdf7dff4ae337033cf817d002a88a7e8e26a2d711d3a29a95ea4ac0662a172e6,ΘΑΛΑΣΣΑ,6,θάλασσα,False,"[{""token_id"": ""271349"", ""citation"": ""MATT 8.27"", ""raw_form"": ""θάλασσα""}]"
syntacticus:Nb:5e20ea07625cb87e2a256c63196aec7b6937de67540fa5681725d1211f8bea0e,ΘΑΛΑΣΣΑΝ,43,θάλασσα,False,"[{""token_id"": ""268382"", ""citation"": ""MATT 4.18"", ""raw_form"": ""θάλασσαν""}]"
syntacticus:Nb:ddcdd3c6c47c6b72d75a6a6a613d46b851b86d01d2843e56bde8e4cb80e1424b,ΘΑΛΑΣΣΗΣ,29,θάλασσα,False,"[{""token_id"": ""268328"", ""citation"": ""MATT 4.15"", ""raw_form"": ""θαλάσσης""}]"
syntacticus:Nb:d1efe140d5a6f78d83250654e8b5abb3d3ce1eef9ddf61c9c3442d9fdced3f8b,ΘΑΜΒΟΣ,2,θάμβος,False,"[{""token_id"": ""323674"", ""citation"": ""LUKE 4.36"", ""raw_form"": ""θάμβος""}]"
syntacticus:Nb:112290be5c4ad9ea1b279055e80c330adf53be1869e9ab19db403c21d41cdc6e,ΘΑΜΒΟΥΣ,1,θάμβος,False,"[{""token_id"": ""379599"", ""citation"": ""ACTS 3.10"", ""raw_form"": ""θάμβους""}]"
syntacticus:Nb:707a7b4d0550aead9b0773f71f56a1a68e9ae2b20b1eb658a8d66bb781048ad7,ΘΑΝΑΤΕ,2,θάνατος,False,"[{""token_id"": ""421179"", ""citation"": ""1COR 15.55"", ""raw_form"": ""θάνατε""}]"
syntacticus:Nb:7a787c442c9244d303136adddaf7ed8c480bce22db4ed6df5e30c3490e446a61,ΘΑΝΑΤΟΙΣ,1,θάνατος,False,"[{""token_id"": ""432304"", ""citation"": ""2COR 11.23"", ""raw_form"": ""θανάτοις""}]"
syntacticus:Nb:5e5593bc89dc04fd2c736d5de26f76212f2fec53ffedc97262e8a41c443264d2,ΘΑΝΑΤΟΝ,22,θάνατος,False,"[{""token_id"": ""272635"", ""citation"": ""MATT 10.21"", ""raw_form"": ""θάνατον""}]"
syntacticus:Nb:952d51cffc96f3baf612f39e3d85559d4f9fbfb54986cfa4a2a48cfa3f2ee331,ΘΑΝΑΤΟΣ,24,θάνατος,False,"[{""token_id"": ""756712"", ""citation"": ""ROM 5.12"", ""raw_form"": ""θάνατος""}]"
syntacticus:Nb:adb6132d47d8512bdf99517af059666ac999bf7d8e0a6068bd54ba62e1b6d7c4,ΘΑΝΑΤΟΥ,52,θάνατος,False,"[{""token_id"": ""268355"", ""citation"": ""MATT 4.16"", ""raw_form"": ""θανάτου""}]"
syntacticus:Nb:0e5c26d0713adcaa1c50157bf8bbbb65d9895786fffa6d6851e008ff51b2f669,ΘΑΡΣΟΣ,1,θάρσος,False,"[{""token_id"": ""398181"", ""citation"": ""ACTS 28.15"", ""raw_form"": ""θάρσος""}]"
syntacticus:Nb:62f0a6d297e4a1998e3d15ef0abb5cb9a73ae7a75adfeb4493806e70b17ea68e,ΘΑΥΜΑ,2,θαῦμα,False,"[{""token_id"": ""432114"", ""citation"": ""2COR 11.14"", ""raw_form"": ""θαῦμα""}]"
syntacticus:Nb:288729510e4375ff286804a62f050da11138b8aac9007b21362d729f3f67f31a,ΘΕΑΣ,1,θεά,False,"[{""token_id"": ""391942"", ""citation"": ""ACTS 19.27"", ""raw_form"": ""θεᾶς""}]"
syntacticus:Nb:a687cadb5f9769e64cf397a89de1261ff64a38c1c682888ebd6417b51fac6aca,ΘΕΑΤΡΟΝ,3,θέατρον,False,"[{""token_id"": ""391992"", ""citation"": ""ACTS 19.29"", ""raw_form"": ""θέατρον""}]"
syntacticus:Nb:4bc4bfdc81c11728c2026e1ecb4fec88c88851b080655cd189b3335e2cbf2416,ΘΕΕ,2,θεός,False,"[{""token_id"": ""286907"", ""citation"": ""MATT 27.46"", ""raw_form"": ""θεέ""}]"
syntacticus:Nb:f12e528f4ad4cb1d416b00b4d39d29a8accb177d3f9de40478f9f4218d70cecf,ΘΕΙΟΝ,2,θεῖον,False,"[{""token_id"": ""336034"", ""citation"": ""LUKE 17.29"", ""raw_form"": ""θεῖον""}]"
syntacticus:Nb:e5abe9a1223b4097a38832fcd3f9135f118a1b0e7b5f6d613e2078e248acf5cc,ΘΕΙΟΤΗΣ,1,θειότης,False,"[{""token_id"": ""399262"", ""citation"": ""ROM 1.20"", ""raw_form"": ""θειότης""}]"
syntacticus:Nb:ef7ae0903072505355b67869b44d59d265fad55c7c707e684c2d8f124914fa6a,ΘΕΙΟΥ,2,θεῖον,False,"[{""token_id"": ""496841"", ""citation"": ""REV 9.18"", ""raw_form"": ""θείου""}]"
syntacticus:Nb:def7bc6fb3b6ce89a68a0a51f7b8ff573492a17f9140a72cdefa94f79396caee,ΘΕΛΗΜΑ,35,θέλημα,False,"[{""token_id"": ""269736"", ""citation"": ""MATT 6.10"", ""raw_form"": ""θέλημά""}]"
syntacticus:Nb:f7e7f74346d52e1ad4ca95114586b5364a1715afb6013e05fd126dfb1353feaf,ΘΕΛΗΜΑΤΑ,2,θέλημα,False,"[{""token_id"": ""387379"", ""citation"": ""ACTS 13.22"", ""raw_form"": ""θελήματά""}]"
syntacticus:Nb:310b21f981cf3f5b7f04dcc838e6bcc7aacf9c20afb261805770c0220a14ce5a,ΘΕΛΗΜΑΤΙ,4,θέλημα,False,"[{""token_id"": ""341003"", ""citation"": ""LUKE 23.25"", ""raw_form"": ""θελήματι""}]"
syntacticus:Nb:95bfa14ae466b4c6d1872a59a7ad589f954e0dc2fb25c6b6e00f492b1e9ad536,ΘΕΛΗΜΑΤΟΣ,14,θέλημα,False,"[{""token_id"": ""342610"", ""citation"": ""JOHN 1.13"", ""raw_form"": ""θελήματος""}]"
syntacticus:Nb:6b7fbe60ca94470f6bcc40f120b97fb6a0101401bc740b87ed8a40ae5df80c6f,ΘΕΛΗΣΙΝ,1,θέλησις,False,"[{""token_id"": ""466942"", ""citation"": ""HEB 2.4"", ""raw_form"": ""θέλησιν""}]"
syntacticus:Nb:acff992a25303f364e33d42ba14cd742e564e64fe8e8d20ebe953f3cd8015799,ΘΕΜΕΛΙΑ,1,θεμέλιον,False,"[{""token_id"": ""389769"", ""citation"": ""ACTS 16.26"", ""raw_form"": ""θεμέλια""}]"
syntacticus:Nb:512f32ce4e596dd61e0bff924120d791b342cf6d1b905a730e6040fd5f1ba73f,ΘΕΜΕΛΙΟΝ,8,θεμέλιος,False,"[{""token_id"": ""325754"", ""citation"": ""LUKE 6.48"", ""raw_form"": ""θεμέλιον""}]"
syntacticus:Nb:a581f9ca55663cf5148dd9802b3b5c1e8d8a8a28237559b8d87cb46da16138be,ΘΕΜΕΛΙΟΣ,2,θεμέλιος,False,"[{""token_id"": ""462617"", ""citation"": ""2TIM 2.19"", ""raw_form"": ""θεμέλιος""}]"
syntacticus:Nb:df14e89f1d7518f500c64d196a15efb93f69118728c27ddaffdeee328d324573,ΘΕΜΕΛΙΟΥ,1,θεμέλιος,False,"[{""token_id"": ""325795"", ""citation"": ""LUKE 6.49"", ""raw_form"": ""θεμελίου""}]"
syntacticus:Nb:a7f36a78a22d38adb35b6a9ec59a58f9fec560307b6777adb5b749020664a895,ΘΕΜΕΛΙΟΥΣ,2,θεμέλιος,False,"[{""token_id"": ""470719"", ""citation"": ""HEB 11.10"", ""raw_form"": ""θεμελίους""}]"
syntacticus:Nb:feac797b94a0ef80bd768aa0f9e88b836a093a59f1c899e714e29caf08520a4e,ΘΕΟΙ,5,θεός,False,"[{""token_id"": ""351969"", ""citation"": ""JOHN 10.34"", ""raw_form"": ""θεοί""}]"
syntacticus:Nb:618c8d26ebcce09bf5796862ff1b37e29f93fa8b942149721222361596c551ae,ΘΕΟΙΣ,1,θεός,False,"[{""token_id"": ""439032"", ""citation"": ""GAL 4.8"", ""raw_form"": ""θεοῖς""}]"
syntacticus:Nb:74ffe02ac274f486049dfa2154688907afea6d66ea81ec459f4b30c44f36cb1a,ΘΕΟΝ,133,θεός,False,"[{""token_id"": ""268209"", ""citation"": ""MATT 4.7"", ""raw_form"": ""θεόν""}]"
syntacticus:Nb:f1800f8332f02cd8a6d5ca423f2b41e3b45095a701d691eafb7cc9b02d8058cb,ΘΕΟΣ,285,θεός,False,"[{""token_id"": ""267151"", ""citation"": ""MATT 1.23"", ""raw_form"": ""θεός""}]"
syntacticus:Nb:013aff72bab941c38bac537ec895b1ff0a18efff4bee9bedf15abadaec9dc545,ΘΕΟΣΕΒΕΙΑΝ,1,θεοσέβεια,False,"[{""token_id"": ""459033"", ""citation"": ""1TIM 2.10"", ""raw_form"": ""θεοσέβειαν""}]"
syntacticus:Nb:312a1d2c0c53be5f68a89de05377ec93ae5e28020448969e57dda086118ff97f,ΘΕΟΤΗΤΟΣ,1,θεότης,False,"[{""token_id"": ""451288"", ""citation"": ""COL 2.9"", ""raw_form"": ""θεότητος""}]"
syntacticus:Nb:781e8a2031e48fa21f28810a095b876c8936780f0b1e1ec3080f7ac16a6c9992,ΘΕΟΥ,627,θεός,False,"[{""token_id"": ""268041"", ""citation"": ""MATT 3.16"", ""raw_form"": ""θεοῦ""}]"
syntacticus:Nb:34ade4ae307095125aacd0eedde9917f3a962504f111ba9c1f89ba4afd29b52d,ΘΕΟΥΣ,2,θεός,False,"[{""token_id"": ""791026"", ""citation"": ""JOHN 10.35"", ""raw_form"": ""θεούς""}]"
syntacticus:Nb:8fb55ec996ff94c23de28e8d8fb48eebae64594e5b4a0125eb00b1cc4a140ca7,ΘΕΡΑΠΕΙΑΝ,1,θεραπεία,False,"[{""token_id"": ""503202"", ""citation"": ""REV 22.2"", ""raw_form"": ""θεραπείαν""}]"
syntacticus:Nb:c0ade4bb2632d918864d5571f46881599861bfe56864e2aa37acb44ec8634244,ΘΕΡΑΠΕΙΑΣ,2,θεραπεία,False,"[{""token_id"": ""328320"", ""citation"": ""LUKE 9.11"", ""raw_form"": ""θεραπείας""}]"
syntacticus:Nb:f71033e3440f9213d18166fc437ba674f2550e51791d922cfb54578768272812,ΘΕΡΑΠΩΝ,1,θεράπων,False,"[{""token_id"": ""467304"", ""citation"": ""HEB 3.5"", ""raw_form"": ""θεράπων""}]"
syntacticus:Nb:ea522c4a2561bc0ee9e2d15d7ad598b209827fe11426c317df1af5e446a8a877,ΘΕΡΙΣΜΟΝ,3,θερισμός,False,"[{""token_id"": ""272247"", ""citation"": ""MATT 9.38"", ""raw_form"": ""θερισμὸν""}]"
syntacticus:Nb:7f078475863212348adca4e8c11a4cfc71745621b58bb9e46dfdb22cb25bb78a,ΘΕΡΙΣΜΟΣ,6,θερισμός,False,"[{""token_id"": ""272228"", ""citation"": ""MATT 9.37"", ""raw_form"": ""θερισμὸς""}]"
syntacticus:Nb:4d7b7fc62b27523a506bd152cac8cfd60f14f7dfc0b3f38a2e7ac405412ccc73,ΘΕΡΙΣΜΟΥ,4,θερισμός,False,"[{""token_id"": ""272241"", ""citation"": ""MATT 9.38"", ""raw_form"": ""θερισμοῦ""}]"
syntacticus:Nb:ae3a21445c146d46459ca735345f9fce00a6364d0704ba0722bf47289a19dfb7,ΘΕΡΙΣΤΑΙ,1,θεριστής,False,"[{""token_id"": ""275505"", ""citation"": ""MATT 13.39"", ""raw_form"": ""θερισταὶ""}]"
syntacticus:Nb:1d664e21c0a6f3d2cdb5dd2a485627920c64f7baf6c3b4712f640d05f9692900,ΘΕΡΙΣΤΑΙΣ,1,θεριστής,False,"[{""token_id"": ""275270"", ""citation"": ""MATT 13.30"", ""raw_form"": ""θερισταῖς""}]"
syntacticus:Nb:6da40947046d05d8bda530435cc55286e0fe8ee057a65f9173b6ac41ce632087,ΘΕΡΜΗΣ,1,θέρμη,False,"[{""token_id"": ""397931"", ""citation"": ""ACTS 28.3"", ""raw_form"": ""θέρμης""}]"
syntacticus:Nb:f4dbd57804ec5c6c865a9f9df313a8f03467c643e92a4d8efa52076a0f6beea2,ΘΕΡΟΣ,3,θέρος,False,"[{""token_id"": ""283486"", ""citation"": ""MATT 24.32"", ""raw_form"": ""θέρος""}]"
syntacticus:Nb:2b4880b78d584df78d28a37fa0cc7a610445595e8e3e199c2a0bbbe82aa7f4ca,ΘΕΩ,1,θεός,False,"[{""token_id"": ""399011"", ""citation"": ""ROM 1.8"", ""raw_form"": ""θεῶ""}]"
syntacticus:Nb:942a78085812de9dcef07b5b0dd1f2c26f776d4eb6dc4bd56e54afe8bcb8a598,ΘΕΩΡΙΑΝ,1,θεωρία,False,"[{""token_id"": ""341414"", ""citation"": ""LUKE 23.48"", ""raw_form"": ""θεωρίαν""}]"
syntacticus:Nb:f99c6cf0c9f5c29a0c1cdcfb575e20bbe0e9ef9dd133eb8b854924613a5b9557,ΘΗΚΗΝ,1,θήκη,False,"[{""token_id"": ""357737"", ""citation"": ""JOHN 18.11"", ""raw_form"": ""θήκην""}]"
syntacticus:Nb:ca8ba3a8073c08f0612c902f95dac3195044d80c3b2438b4bfbb5076039064a4,ΘΗΡΑΝ,1,θήρα,False,"[{""token_id"": ""404332"", ""citation"": ""ROM 11.9"", ""raw_form"": ""θήραν""}]"
syntacticus:Nb:ffee122c94b26574e40b6fbef978c2e2c14e1a441032bc0ee7f36af490a6bfd1,ΘΗΡΙΑ,2,θηρίον,False,"[{""token_id"": ""385862"", ""citation"": ""ACTS 11.6"", ""raw_form"": ""θηρία""}]"
syntacticus:Nb:6d97eb717b6eea9099d9d801377ffc648b1bdee8946b9e187f94d21888855515,ΘΗΡΙΟΝ,19,θηρίον,False,"[{""token_id"": ""397945"", ""citation"": ""ACTS 28.4"", ""raw_form"": ""θηρίον""}]"
syntacticus:Nb:d51009bfb7460bf9c153138cf0ed3621f96e9e23874445c07159161f6cf8f37d,ΘΗΡΙΟΥ,15,θηρίον,False,"[{""token_id"": ""498427"", ""citation"": ""REV 13.3"", ""raw_form"": ""θηρίου""}]"
syntacticus:Nb:6e4b71f5d21cc05409926dab9147e5607d50b09f507d11c306e1e77465df5a51,ΘΗΡΙΩΝ,3,θηρίον,False,"[{""token_id"": ""101974"", ""citation"": ""MARK 1.13"", ""raw_form"": ""θηρίων""}]"
syntacticus:Nb:46758c07a1db8cd0da779640afbd94389159092c820e846a5a9ce3ed271d8fb0,ΘΗΣΑΥΡΟΙ,1,θησαυρός,False,"[{""token_id"": ""451177"", ""citation"": ""COL 2.3"", ""raw_form"": ""θησαυροὶ""}]"
syntacticus:Nb:93c90441ea9ad32f6dd36877842918d290b69c030769f9cd1a9ae2cea4e538b8,ΘΗΣΑΥΡΟΝ,5,θησαυρός,False,"[{""token_id"": ""279574"", ""citation"": ""MATT 19.21"", ""raw_form"": ""θησαυρὸν""}]"
syntacticus:Nb:779516820d9cedb9a46c4aa0b8f55a18fd5e52348322661e430a6c927ac93b63,ΘΗΣΑΥΡΟΣ,2,θησαυρός,False,"[{""token_id"": ""269936"", ""citation"": ""MATT 6.21"", ""raw_form"": ""θησαυρός""}]"
syntacticus:Nb:5a60555b701b4342ce9cc55399cdceace1a1fc917ce8cf61fc2a43168c4b1063,ΘΗΣΑΥΡΟΥ,4,θησαυρός,False,"[{""token_id"": ""274307"", ""citation"": ""MATT 12.35"", ""raw_form"": ""θησαυροῦ""}]"
syntacticus:Nb:b5f16fb095133ae4f69c97c969b44296fce039eb79058607f372bd41783631d1,ΘΗΣΑΥΡΟΥΣ,3,θησαυρός,False,"[{""token_id"": ""267407"", ""citation"": ""MATT 2.11"", ""raw_form"": ""θησαυροὺς""}]"
syntacticus:Nb:a3eb4fec26c1d8937c18ca410c98fdead66c4516b08ae8197a4a37e344fbbaf2,ΘΗΣΑΥΡΩΝ,1,θησαυρός,False,"[{""token_id"": ""470998"", ""citation"": ""HEB 11.26"", ""raw_form"": ""θησαυρῶν""}]"
syntacticus:Nb:ec96986225a072b5cdface10db38cd0aaa036bb28e1e6039c0e998fddda21933,ΘΛΙΨΕΙ,9,θλῖψις,False,"[{""token_id"": ""759140"", ""citation"": ""ROM 12.12"", ""raw_form"": ""θλίψει""}]"
syntacticus:Nb:9e2b07c914fb7941bfbc177498cb3ae9755a7a944fb2359c35b690f29c8f83a3,ΘΛΙΨΕΙΣ,1,θλῖψις,False,"[{""token_id"": ""392680"", ""citation"": ""ACTS 20.23"", ""raw_form"": ""θλίψεις""}]"
syntacticus:Nb:c909168043474e3c276a8ff0fab1a31b10bbf7589d0a30b26f0bdf6ed94834a4,ΘΛΙΨΕΣΙΝ,6,θλῖψις,False,"[{""token_id"": ""401023"", ""citation"": ""ROM 5.3"", ""raw_form"": ""θλίψεσιν""}]"
syntacticus:Nb:485a1108fe2e84ad56a6fa1896ece11cdcdf09dda926b43e0b1d0a242abe5cc5,ΘΛΙΨΕΩΝ,3,θλῖψις,False,"[{""token_id"": ""382127"", ""citation"": ""ACTS 7.10"", ""raw_form"": ""θλίψεων""}]"
syntacticus:Nb:ac689435e6ca9e4f6e5404113c7f3c21ac66a45ef74ec6e97736ee70761fb755,ΘΛΙΨΕΩΣ,9,θλῖψις,False,"[{""token_id"": ""275064"", ""citation"": ""MATT 13.21"", ""raw_form"": ""θλίψεως""}]"
syntacticus:Nb:80f6a152eef74470251b15ea2fdaf13654cc3a217c66d262a7b9feacb4a9bb75,ΘΛΙΨΙΝ,10,θλῖψις,False,"[{""token_id"": ""283061"", ""citation"": ""MATT 24.9"", ""raw_form"": ""θλῖψιν""}]"
syntacticus:Nb:93c0181668cf2a309b32d2f44a93a28af9505be2649e5eb3123061b156b183cc,ΘΛΙΨΙΣ,7,θλῖψις,False,"[{""token_id"": ""283227"", ""citation"": ""MATT 24.21"", ""raw_form"": ""θλῖψις""}]"
syntacticus:Nb:3e40d3a784ea43283feb91503b8e2935e796f0464fa37d06197eb7f2ae2c1f89,ΘΟΡΥΒΟΝ,3,θόρυβος,False,"[{""token_id"": ""105263"", ""citation"": ""MARK 5.38"", ""raw_form"": ""θόρυβον""}]"
syntacticus:Nb:1479f86be19eb4294df9795b208ad650485ab601b0ae21f4853f1197aa77d4b5,ΘΟΡΥΒΟΣ,3,θόρυβος,False,"[{""token_id"": ""284769"", ""citation"": ""MATT 26.5"", ""raw_form"": ""θόρυβος""}]"
syntacticus:Nb:d5fb280614d0541b70ddd44577549f7e2c949e3dd835b2ae5de038024987af23,ΘΟΡΥΒΟΥ,1,θόρυβος,False,"[{""token_id"": ""395569"", ""citation"": ""ACTS 24.18"", ""raw_form"": ""θορύβου""}]"
syntacticus:Nb:52a5a5d10632d0a87121bf953159fd46825148d0ea9800b8e9bcb93755aab8d7,ΘΡΕΜΜΑΤΑ,1,θρέμμα,False,"[{""token_id"": ""344875"", ""citation"": ""JOHN 4.12"", ""raw_form"": ""θρέμματα""}]"
syntacticus:Nb:4a7b63c1ccfd8fe4cb173b14bd753414064a529795e2601736ab342672010588,ΘΡΗΣΚΙΑ,2,θρησκεία,False,"[{""token_id"": ""477284"", ""citation"": ""JAS 1.26"", ""raw_form"": ""θρησκία""}]"
syntacticus:Nb:4450adf8e2968dae98cda6fd7eb875c9da88261072ed014918a07434f2c8a05b,ΘΡΗΣΚΙΑΣ,1,θρησκεία,False,"[{""token_id"": ""396456"", ""citation"": ""ACTS 26.5"", ""raw_form"": ""θρησκίας""}]"
syntacticus:Nb:bdd457c8d55bd02ecd03851606a059d6d0793a878dad4394cc5ac7f7e9dba62f,ΘΡΙΞ,2,θρίξ,False,"[{""token_id"": ""338952"", ""citation"": ""LUKE 21.18"", ""raw_form"": ""θρὶξ""}]"
syntacticus:Nb:5d319c90da2330089d2aa560fae0dbb3c4a5a144556a033a15bff208cafceab9,ΘΡΙΞΙΝ,4,θρίξ,False,"[{""token_id"": ""326598"", ""citation"": ""LUKE 7.38"", ""raw_form"": ""θριξὶν""}]"
syntacticus:Nb:f10b668042dfd87193157cbcc7c3281581e5f1c2fe42d28d49367ca17264e910,ΘΡΟΜΒΟΙ,1,θρόμβος,False,"[{""token_id"": ""340090"", ""citation"": ""LUKE 22.44"", ""raw_form"": ""θρόμβοι""}]"
syntacticus:Nb:d6d6e2177e843959b8682ff82ccecdc74027d69bba1819981a9ef6562cbee345,ΘΡΟΝΟΙ,1,θρόνος,False,"[{""token_id"": ""450822"", ""citation"": ""COL 1.16"", ""raw_form"": ""θρόνοι""}]"
syntacticus:Nb:fbbe601c185af0e0a198cd14ada4c1f53057150714a30c1ade191148cf553487,ΘΡΟΝΟΝ,7,θρόνος,False,"[{""token_id"": ""320649"", ""citation"": ""LUKE 1.32"", ""raw_form"": ""θρόνον""}]"
syntacticus:Nb:9bcd3fdb73118043843a0eb0f1e8cb0dc0d4a2ca1dce7739f135626f22690ce5,ΘΡΟΝΟΣ,6,θρόνος,False,"[{""token_id"": ""269247"", ""citation"": ""MATT 5.34"", ""raw_form"": ""θρόνος""}]"
syntacticus:Nb:18fdc7afd0f25fc279ee8e5f90cf7b4b6821e5e4a5aa8157c5c528cdfb781bb4,ΘΡΟΝΟΥ,30,θρόνος,False,"[{""token_id"": ""279715"", ""citation"": ""MATT 19.28"", ""raw_form"": ""θρόνου""}]"
syntacticus:Nb:83426fb28d9a9acc38cdb661385e6ae1fe84d74a826c51bc804a9245c50df7b3,ΘΡΟΝΟΥΣ,5,θρόνος,False,"[{""token_id"": ""279724"", ""citation"": ""MATT 19.28"", ""raw_form"": ""θρόνους""}]"
syntacticus:Nb:fe9c2b034e25c72f0465964c7aa1757d04197391e97d9ac5176a38b0a11b4de5,ΘΡΟΝΩΝ,2,θρόνος,False,"[{""token_id"": ""320982"", ""citation"": ""LUKE 1.52"", ""raw_form"": ""θρόνων""}]"
syntacticus:Nb:1cdf7dd4b7a64cecac774db1643737ab42422656aa097161f720703365965646,ΘΥΓΑΤΕΡ,3,θυγάτηρ,False,"[{""token_id"": ""271957"", ""citation"": ""MATT 9.22"", ""raw_form"": ""θύγατερ""}]"
syntacticus:Nb:6cc93e5c41a1609ca7143e823fad4a299ca7623bbb845a88ea08b85c3e7d22be,ΘΥΓΑΤΕΡΑ,4,θυγάτηρ,False,"[{""token_id"": ""272925"", ""citation"": ""MATT 10.35"", ""raw_form"": ""θυγατέρα""}]"
syntacticus:Nb:0781d93421a4abc745b341b9f5641da34a129ee511827c3073c4e22b928c3900,ΘΥΓΑΤΕΡΑΣ,1,θυγάτηρ,False,"[{""token_id"": ""430365"", ""citation"": ""2COR 6.18"", ""raw_form"": ""θυγατέρας""}]"
syntacticus:Nb:647c1edd23ee40fed3161ef7276b3648bfc4e8e014117df3735dda15896dcf08,ΘΥΓΑΤΕΡΕΣ,3,θυγάτηρ,False,"[{""token_id"": ""341050"", ""citation"": ""LUKE 23.28"", ""raw_form"": ""θυγατέρες""}]"
syntacticus:Nb:7c3c22e820d2a6f36dd074fa6e636d95768c75b41ebc8b60a9b8b43e9ff10f3f,ΘΥΓΑΤΕΡΩΝ,1,θυγάτηρ,False,"[{""token_id"": ""320126"", ""citation"": ""LUKE 1.5"", ""raw_form"": ""θυγατέρων""}]"
syntacticus:Nb:a1aa497a5e3338aaca806c312012c9ac73b306ff10fd7d1a84b095fa2a3afff9,ΘΥΓΑΤΗΡ,11,θυγάτηρ,False,"[{""token_id"": ""271892"", ""citation"": ""MATT 9.18"", ""raw_form"": ""θυγάτηρ""}]"
syntacticus:Nb:f0f5c279361851bfb902a7509008ac856bfea2bbbaacf19d8b95da6764fa07cf,ΘΥΓΑΤΡΙ,1,θυγάτηρ,False,"[{""token_id"": ""280469"", ""citation"": ""MATT 21.5"", ""raw_form"": ""θυγατρὶ""}]"
syntacticus:Nb:e67035b0662afafad21ceaf3008e4baada5f5534c3652985fb24c758ff3c9f09,ΘΥΓΑΤΡΙΟΝ,2,θυγάτριον,False,"[{""token_id"": ""104988"", ""citation"": ""MARK 5.23"", ""raw_form"": ""θυγάτριόν""}]"
syntacticus:Nb:d6c302390dbf03f94a9e1ee2e8a793bec22d515d95e6285cef88bae612a3413e,ΘΥΓΑΤΡΟΣ,4,θυγάτηρ,False,"[{""token_id"": ""105814"", ""citation"": ""MARK 6.22"", ""raw_form"": ""θυγατρὸς""}]"
syntacticus:Nb:c0c363572d8c2359c288c330842153c81b3c5f5f0ff77d268c461618fd78f302,ΘΥΜΙΑΜΑΤΑ,2,θυμίαμα,False,"[{""token_id"": ""496099"", ""citation"": ""REV 8.3"", ""raw_form"": ""θυμιάματα""}]"
syntacticus:Nb:ece213e73cdc798e4d05afb427aabc87a758980234b6fedcbd4409f422f8f634,ΘΥΜΙΑΜΑΤΟΣ,2,θυμίαμα,False,"[{""token_id"": ""320218"", ""citation"": ""LUKE 1.10"", ""raw_form"": ""θυμιάματος""}]"
syntacticus:Nb:9f83ca9e65d8a6a570ffec6ca7f90c802d2e0d49076eaf7ea580a8dc852e9de3,ΘΥΜΙΑΜΑΤΩΝ,2,θυμίαμα,False,"[{""token_id"": ""760851"", ""citation"": ""REV 5.8"", ""raw_form"": ""θυμιαμάτων""}]"
syntacticus:Nb:07d02c64f98397ada10b82262ac79cbfe06ecd135d88935adce51e69f8aad52c,ΘΥΜΙΑΤΗΡΙΟΝ,1,θυμιατήριον,False,"[{""token_id"": ""469379"", ""citation"": ""HEB 9.4"", ""raw_form"": ""θυμιατήριον""}]"
syntacticus:Nb:e8f21371628fb2ed2d99b3418eae1c8b92d0d830d2896f4da5f853c7fb5c3533,ΘΥΜΟΙ,2,θυμός,False,"[{""token_id"": ""432918"", ""citation"": ""2COR 12.20"", ""raw_form"": ""θυμοί""}]"
syntacticus:Nb:d298c0531c55ee1882c28fbddbc53f764f03f5578d79d507e5099561b40c6057,ΘΥΜΟΝ,3,θυμός,False,"[{""token_id"": ""451671"", ""citation"": ""COL 3.8"", ""raw_form"": ""θυμόν""}]"
syntacticus:Nb:7ae9e1e0edd65547036e66d026a2445fb0ba9a7477befcd5388ffd776661ba92,ΘΥΜΟΣ,3,θυμός,False,"[{""token_id"": ""399669"", ""citation"": ""ROM 2.8"", ""raw_form"": ""θυμός""}]"
syntacticus:Nb:1827299a0bdd666d0e84ea0705d71f9d6917dae5c19d94f6d5d428cc039f6162,ΘΥΜΟΥ,10,θυμός,False,"[{""token_id"": ""323532"", ""citation"": ""LUKE 4.28"", ""raw_form"": ""θυμοῦ""}]"
syntacticus:Nb:39cd803dccd049dd9551a3343c856be7f08a9e73b39756650bd9f7f7540e0bf3,ΘΥΡΑ,6,θύρα,False,"[{""token_id"": ""283981"", ""citation"": ""MATT 25.10"", ""raw_form"": ""θύρα""}]"
syntacticus:Nb:07398b1f32ddeb7857db61324e72a0619c952d8d0eda78a823140b8f27207fe7,ΘΥΡΑΙ,2,θύρα,False,"[{""token_id"": ""389777"", ""citation"": ""ACTS 16.26"", ""raw_form"": ""θύραι""}]"
syntacticus:Nb:df7b69010b2c7ff039310f2820cb69aa75dc06c984fcf728a55abe5690d5860f,ΘΥΡΑΙΣ,2,θύρα,False,"[{""token_id"": ""283502"", ""citation"": ""MATT 24.33"", ""raw_form"": ""θύραις""}]"
syntacticus:Nb:c97d1fcbe8b299bf1e2576fc92e141ab8ad6cc44562f6544b6246a409c30fee6,ΘΥΡΑΝ,14,θύρα,False,"[{""token_id"": ""269653"", ""citation"": ""MATT 6.6"", ""raw_form"": ""θύραν""}]"
syntacticus:Nb:b4ad3c06e85800e8006b0b2afc6ddebf04bab6fbe1c206203abcf9c17d97ad9b,ΘΥΡΑΣ,8,θύρα,False,"[{""token_id"": ""114407"", ""citation"": ""MARK 16.3"", ""raw_form"": ""θύρας""}]"
syntacticus:Nb:6e397899390bbba30199b4467f431f4730c265b74079e9c8b811298650aaf62d,ΘΥΡΕΟΝ,1,θυρεός,False,"[{""token_id"": ""444785"", ""citation"": ""EPH 6.16"", ""raw_form"": ""θυρεὸν""}]"
syntacticus:Nb:9349285f1d1a5444c40fd4e2b6c9a1117ca83803e1f3cece430f0036ce1ef2c6,ΘΥΡΙΔΟΣ,2,θυρίς,False,"[{""token_id"": ""392387"", ""citation"": ""ACTS 20.9"", ""raw_form"": ""θυρίδος""}]"
syntacticus:Nb:79780c9d82ca187da268fc0d12293a38aa6e947bd06220541f2e66f4373db749,ΘΥΡΩΝ,4,θύρα,False,"[{""token_id"": ""359788"", ""citation"": ""JOHN 20.19"", ""raw_form"": ""θυρῶν""}]"
syntacticus:Nb:0f896f354d6ee0d2d0d0ab00dace41549d81ca3a78a37cac82285f75435f389a,ΘΥΡΩΡΟΣ,2,θυρωρός,False,"[{""token_id"": ""351353"", ""citation"": ""JOHN 10.3"", ""raw_form"": ""θυρωρὸς""}]"
syntacticus:Nb:bb6fec8dde308d95a360c89f97d9cda341644bda43cfe1713fb08447740b28c9,ΘΥΣΙΑ,1,θυσία,False,"[{""token_id"": ""470315"", ""citation"": ""HEB 10.26"", ""raw_form"": ""θυσία""}]"
syntacticus:Nb:d69aaba0e372bc9598bf7752174f1cbe7b2f22e892b56aca597e1cdc38fde841,ΘΥΣΙΑΙ,1,θυσία,False,"[{""token_id"": ""469502"", ""citation"": ""HEB 9.9"", ""raw_form"": ""θυσίαι""}]"
syntacticus:Nb:c80df17c832fe078f7b40884daa5ea99e7f5df3b506c3e13736836ec9cadfd90,ΘΥΣΙΑΙΣ,2,θυσία,False,"[{""token_id"": ""469783"", ""citation"": ""HEB 9.23"", ""raw_form"": ""θυσίαις""}]"
syntacticus:Nb:0376270773ca8d215040f147b988bc5e79a75ea04a7d44a91464a934e435e001,ΘΥΣΙΑΝ,10,θυσία,False,"[{""token_id"": ""271751"", ""citation"": ""MATT 9.13"", ""raw_form"": ""θυσίαν""}]"
syntacticus:Nb:6cac9fa91f3c17462690b890f98bede4bf27cb56e12cbbeba0c83d5fdd319119,ΘΥΣΙΑΣ,9,θυσία,False,"[{""token_id"": ""382804"", ""citation"": ""ACTS 7.42"", ""raw_form"": ""θυσίας""}]"
syntacticus:Nb:8fdc8b59ddf5f1728ab709ef79f42e25121edce1a2a7e4ffba5da48c633f6649,ΘΥΣΙΑΣΤΗΡΙΑ,1,θυσιαστήριον,False,"[{""token_id"": ""758410"", ""citation"": ""ROM 11.3"", ""raw_form"": ""θυσιαστήριά""}]"
syntacticus:Nb:9da27b2da248e2af907d2ec32d17de9e15e3111c06b90d1b3126c201447497cb,ΘΥΣΙΑΣΤΗΡΙΟΝ,5,θυσιαστήριον,False,"[{""token_id"": ""765689"", ""citation"": ""MATT 5.23"", ""raw_form"": ""θυσιαστήριον""}]"
syntacticus:Nb:fe9a6e0b4f2ebd73a123527a124f6d760c7462ed8d61ed6f58c55ae2efb30d40,ΘΥΣΙΑΣΤΗΡΙΟΥ,11,θυσιαστήριον,False,"[{""token_id"": ""765708"", ""citation"": ""MATT 5.24"", ""raw_form"": ""θυσιαστηρίου""}]"
syntacticus:Nb:1d1d9afee1ff0b3c87d8ef103404dfae288339ba95f311b81d26a4fa7774a7ce,ΘΥΣΙΩΝ,2,θυσία,False,"[{""token_id"": ""111291"", ""citation"": ""MARK 12.33"", ""raw_form"": ""θυσιῶν""}]"
syntacticus:Nb:bf68986323f3a817bd994812a2439637fa3f9a1a60d636c3ff990296364082a5,ΘΩΡΑΚΑ,2,θώραξ,False,"[{""token_id"": ""444766"", ""citation"": ""EPH 6.14"", ""raw_form"": ""θώρακα""}]"
syntacticus:Nb:0fae7d87df3bd4de4c310b2ea2396f21a80e52343043cfbb5a2276e3f85ae5e4,ΘΩΡΑΚΑΣ,3,θώραξ,False,"[{""token_id"": ""496616"", ""citation"": ""REV 9.9"", ""raw_form"": ""θώρακας""}]"
syntacticus:Nb:7b249dd5389bee5a5eeb0f973a0e81b29545bf28f866b2a55ee091819bbf63f3,ΙΑΜΑΤΩΝ,3,ἴαμα,False,"[{""token_id"": ""418847"", ""citation"": ""1COR 12.9"", ""raw_form"": ""ἰαμάτων""}]"
syntacticus:Nb:791f35b1750ee1a09db1d4f67ed453f1fc9b613ae0b9d0169511c7af1e91d72e,ΙΑΣΕΙΣ,1,ἴασις,False,"[{""token_id"": ""333378"", ""citation"": ""LUKE 13.32"", ""raw_form"": ""ἰάσεις""}]"
syntacticus:Nb:28413b82cd5f0a06a7f971d79d33b6a81bc41bd4609ae1a96876557a85c366d2,ΙΑΣΕΩΣ,1,ἴασις,False,"[{""token_id"": ""380389"", ""citation"": ""ACTS 4.22"", ""raw_form"": ""ἰάσεως""}]"
syntacticus:Nb:cf46e2aef508e3664531fa09879342dd05e00f56b0142a8c0efd8df67b73e2dc,ΙΑΣΙΝ,1,ἴασις,False,"[{""token_id"": ""380556"", ""citation"": ""ACTS 4.30"", ""raw_form"": ""ἴασιν""}]"
syntacticus:Nb:1546e89c8fb0453e4fb7494234a4d50bc93d974569c470335178afa05676ad1a,ΙΑΣΠΙΔΙ,2,ἴασπις,False,"[{""token_id"": ""494486"", ""citation"": ""REV 4.3"", ""raw_form"": ""ἰάσπιδι""}]"
syntacticus:Nb:46d5ddc712819d72affee86e7bf6bf5192838aa836386f97a0ea5c13b2037976,ΙΑΣΠΙΣ,2,ἴασπις,False,"[{""token_id"": ""502923"", ""citation"": ""REV 21.18"", ""raw_form"": ""ἴασπις""}]"
syntacticus:Nb:e01752b3f1f48a161d071281e525be6baee148fca93c4f1d44767c78a9fd7586,ΙΑΤΡΕ,1,ἰατρός,False,"[{""token_id"": ""323419"", ""citation"": ""LUKE 4.23"", ""raw_form"": ""ἰατρέ""}]"
syntacticus:Nb:6f7be5b95ac5898ae9543cd0adb86aca3be3532030fdd090b69fdda644449a03,ΙΑΤΡΟΙΣ,1,ἰατρός,False,"[{""token_id"": ""327858"", ""citation"": ""LUKE 8.43"", ""raw_form"": ""ἰατροῖς""}]"
syntacticus:Nb:833ab11e2cb23b4005390bae22022dc28a3c7b2c7b772f68ac9bf8d496dc5714,ΙΑΤΡΟΣ,1,ἰατρός,False,"[{""token_id"": ""452248"", ""citation"": ""COL 4.14"", ""raw_form"": ""ἰατρὸς""}]"
syntacticus:Nb:d34319524a738508d3c46c27af8167980c63b7ad371295f47b6ba19945a63d5f,ΙΑΤΡΟΥ,3,ἰατρός,False,"[{""token_id"": ""271735"", ""citation"": ""MATT 9.12"", ""raw_form"": ""ἰατροῦ""}]"
syntacticus:Nb:ba7a2b3719948331dff2f8959d041f6ecc40e5d92f0bd8a2f2e3fc7a06337ee2,ΙΑΤΡΩΝ,1,ἰατρός,False,"[{""token_id"": ""105033"", ""citation"": ""MARK 5.26"", ""raw_form"": ""ἰατρῶν""}]"
syntacticus:Nb:c35f3188dab3216c4de0c4c4be0e3f8bfaee887b1c3f8a33b181b8980bb2c0f6,ΙΔΙΩΤΑΙ,2,ἰδιώτης,False,"[{""token_id"": ""380215"", ""citation"": ""ACTS 4.13"", ""raw_form"": ""ἰδιῶται""}]"
syntacticus:Nb:83ad1368bbd23a781dc1ba6bd8a8fdc903e71d6d19b85f00c2daea1f5c739031,ΙΔΙΩΤΗΣ,2,ἰδιώτης,False,"[{""token_id"": ""419977"", ""citation"": ""1COR 14.24"", ""raw_form"": ""ἰδιώτης""}]"
syntacticus:Nb:f8f1698e41742d029c1714c7ab46481c5144e95f77a33a862a558126600c7445,ΙΔΙΩΤΟΥ,1,ἰδιώτης,False,"[{""token_id"": ""419815"", ""citation"": ""1COR 14.16"", ""raw_form"": ""ἰδιώτου""}]"
syntacticus:Nb:0dbefd0596dbc98381a43c7476ae99174818425e4c630d526f731a42f86a7815,ΙΔΡΩΣ,1,ἱδρώς,False,"[{""token_id"": ""340087"", ""citation"": ""LUKE 22.44"", ""raw_form"": ""ἱδρὼς""}]"
syntacticus:Nb:bd11ef142229b4c2c1f2bc77e121a72ba08a675c88f162c80e4cfae1777ef159,ΙΕΡΑΤΕΙΑΝ,1,ἱερατεία,False,"[{""token_id"": ""468594"", ""citation"": ""HEB 7.5"", ""raw_form"": ""ἱερατείαν""}]"
syntacticus:Nb:46b2f3ca1f8cb9194edff6ee9c4957b81b5e5e96428330683f08201c26600f06,ΙΕΡΑΤΕΙΑΣ,1,ἱερατεία,False,"[{""token_id"": ""320195"", ""citation"": ""LUKE 1.9"", ""raw_form"": ""ἱερατείας""}]"
syntacticus:Nb:c4160d0c45e948c7b726a86149d55901a1851193a5f62bad17dacab608b01c6a,ΙΕΡΑΤΕΥΜΑ,2,ἱεράτευμα,False,"[{""token_id"": ""481051"", ""citation"": ""1PET 2.5"", ""raw_form"": ""ἱεράτευμα""}]"
syntacticus:Nb:79a07357ab748740febb6b666932001e115042ef2ffb5e0432267d78bfcd3b33,ΙΕΡΕΑ,2,ἱερεύς,False,"[{""token_id"": ""468713"", ""citation"": ""HEB 7.11"", ""raw_form"": ""ἱερέα""}]"
syntacticus:Nb:505f94e3305a85b31fd2d1399e7a101abaaf92b3318a97aead07316f41d795a1,ΙΕΡΕΙ,3,ἱερεύς,False,"[{""token_id"": ""270886"", ""citation"": ""MATT 8.4"", ""raw_form"": ""ἱερεῖ""}]"
syntacticus:Nb:d2594c3b01f52dbeac4bb66dd6d6359249a46e254a249f8fb24431127d58eb2d,ΙΕΡΕΙΣ,12,ἱερεύς,False,"[{""token_id"": ""273743"", ""citation"": ""MATT 12.5"", ""raw_form"": ""ἱερεῖς""}]"
syntacticus:Nb:290517688602374a7229cbb87768b27c51f62f988a1d5c1e1ba98996da99a339,ΙΕΡΕΥΣ,11,ἱερεύς,False,"[{""token_id"": ""320113"", ""citation"": ""LUKE 1.5"", ""raw_form"": ""ἱερεύς""}]"
syntacticus:Nb:6d059bc9fe9a70c6c740830eb6f2a9eac0256f35e3d3504f753d655806a9423c,ΙΕΡΕΥΣΙΝ,2,ἱερεύς,False,"[{""token_id"": ""273730"", ""citation"": ""MATT 12.4"", ""raw_form"": ""ἱερεῦσιν""}]"
syntacticus:Nb:0aa387753a767f503a3581ddf38b9732a6682fe6745f892a9613c24c833be276,ΙΕΡΕΩΝ,2,ἱερεύς,False,"[{""token_id"": ""381745"", ""citation"": ""ACTS 6.7"", ""raw_form"": ""ἱερέων""}]"
syntacticus:Nb:e0237449d08529a78ce88cb152e0242ef57aa75720640b3e0f2b36015e72d743,ΙΕΡΟΝ,20,ἱερόν,False,"[{""token_id"": ""280612"", ""citation"": ""MATT 21.12"", ""raw_form"": ""ἱερόν""}]"
syntacticus:Nb:0004bfdb61a39c9dfccbc8451998535d416b8b8f656930c2346a45f86d10aa95,ΙΕΡΟΥ,19,ἱερόν,False,"[{""token_id"": ""268158"", ""citation"": ""MATT 4.5"", ""raw_form"": ""ἱεροῦ""}]"
syntacticus:Nb:21eb651ff83295504d77ef3115fb1ab2b93a03b2f0c6e4b0a91db76bbf8491e7,ΙΕΡΩΣΥΝΗΝ,1,ἱερωσύνη,False,"[{""token_id"": ""468912"", ""citation"": ""HEB 7.24"", ""raw_form"": ""ἱερωσύνην""}]"
syntacticus:Nb:e6a14d4018931721a96d06433f68a9c730da19f59a29de54a2ecec9767966513,ΙΕΡΩΣΥΝΗΣ,2,ἱερωσύνη,False,"[{""token_id"": ""468694"", ""citation"": ""HEB 7.11"", ""raw_form"": ""ἱερωσύνης""}]"
syntacticus:Nb:37e6c06b71e5d2072763f8c1d75e24f93a199f18e306244af5fa158525c7bbda,ΙΚΑΝΟΤΗΣ,1,ἱκανότης,False,"[{""token_id"": ""429048"", ""citation"": ""2COR 3.5"", ""raw_form"": ""ἱκανότης""}]"
syntacticus:Nb:2a1fb1a659c0ec337114ed263ae5eb034472a7c736412e194836994458d0462b,ΙΚΕΤΗΡΙΑΣ,1,ἱκετηρία,False,"[{""token_id"": ""468012"", ""citation"": ""HEB 5.7"", ""raw_form"": ""ἱκετηρίας""}]"
syntacticus:Nb:f6428128d832e541fff2f0b33010b418003fb9c400bf3967c1057ee24704316d,ΙΚΜΑΔΑ,1,ἰκμάς,False,"[{""token_id"": ""326990"", ""citation"": ""LUKE 8.6"", ""raw_form"": ""ἰκμάδα""}]"
syntacticus:Nb:3e19f9281c742241c403261cd39ef09cce47d7fab0969f879ad6587c8b084652,ΙΛΑΡΟΤΗΤΙ,1,ἱλαρότης,False,"[{""token_id"": ""759110"", ""citation"": ""ROM 12.8"", ""raw_form"": ""ἱλαρότητι""}]"
syntacticus:Nb:ac77ad265838b29653edfd73aa8f39fcc61f39d7c33fd69dd1967d7a1bb424ee,ΙΛΑΣΤΗΡΙΟΝ,2,ἱλαστήριος,False,"[{""token_id"": ""400403"", ""citation"": ""ROM 3.25"", ""raw_form"": ""ἱλαστήριον""}]"
syntacticus:Nb:32e7be2e4be504f3795f99c4b5e59c3125b4e58379ad9fc017ad9f190fe233ec,ΙΜΑΝΤΑ,3,ἱμάς,False,"[{""token_id"": ""101873"", ""citation"": ""MARK 1.7"", ""raw_form"": ""ἱμάντα""}]"
syntacticus:Nb:61fff34b75eef6f09f18c5b90371b1fab03749dcd4ff70b981a1a9c7957e56b9,ΙΜΑΣΙΝ,1,ἱμάς,False,"[{""token_id"": ""394380"", ""citation"": ""ACTS 22.25"", ""raw_form"": ""ἱμᾶσιν""}]"
syntacticus:Nb:41ad740ed38584c3b309dfe72d05d3c6eff738b6c2fa46541dbf0669312a44c7,ΙΜΑΤΙΑ,29,ἱμάτιον,False,"[{""token_id"": ""277874"", ""citation"": ""MATT 17.2"", ""raw_form"": ""ἱμάτια""}]"
syntacticus:Nb:f47c209333c5c978dc66731194063f10f6c5c86490c724a0b7c38a4d4d073a97,ΙΜΑΤΙΟΙΣ,3,ἱμάτιον,False,"[{""token_id"": ""326333"", ""citation"": ""LUKE 7.25"", ""raw_form"": ""ἱματίοις""}]"
syntacticus:Nb:1e691e937af67ab31dd95a9bf16bd984e587abb0dde316fdda5dc2098fc0a664,ΙΜΑΤΙΟΝ,15,ἱμάτιον,False,"[{""token_id"": ""269363"", ""citation"": ""MATT 5.40"", ""raw_form"": ""ἱμάτιον""}]"
syntacticus:Nb:091bd1ff4268435fb8d10e4f0f5da1a51a4375943cc9c24a8cc0f54087cba96e,ΙΜΑΤΙΟΥ,8,ἱμάτιον,False,"[{""token_id"": ""271836"", ""citation"": ""MATT 9.16"", ""raw_form"": ""ἱματίου""}]"
syntacticus:Nb:ca44e9fbc581d5e3e22ee6738018b08f095366e19b43b2670fff1de0b0ad50bc,ΙΜΑΤΙΣΜΟΝ,1,ἱματισμός,False,"[{""token_id"": ""358984"", ""citation"": ""JOHN 19.24"", ""raw_form"": ""ἱματισμόν""}]"
syntacticus:Nb:2a6401a0f8cd835672a8515e387e5a80a6931042f8634e311e2705c8366224ab,ΙΜΑΤΙΣΜΟΣ,1,ἱματισμός,False,"[{""token_id"": ""328729"", ""citation"": ""LUKE 9.29"", ""raw_form"": ""ἱματισμὸς""}]"
syntacticus:Nb:4f9af84e205541e5490efaca8336b42d470bcfe4481f9859870378d145655b66,ΙΜΑΤΙΣΜΟΥ,1,ἱματισμός,False,"[{""token_id"": ""392872"", ""citation"": ""ACTS 20.33"", ""raw_form"": ""ἱματισμοῦ""}]"
syntacticus:Nb:72933cedea642121ce50e2fbbb834fbc2db4b97426939e8df6fc6198c952f29b,ΙΜΑΤΙΩΝ,3,ἱμάτιον,False,"[{""token_id"": ""765496"", ""citation"": ""MARK 5.28"", ""raw_form"": ""ἱματίων""}]"
syntacticus:Nb:ee1ef51084f4a0492dca843a863b927176f2e23376ccf4f95a5bc5eedf567e8e,ΙΟΣ,2,ἰός,False,"[{""token_id"": ""400254"", ""citation"": ""ROM 3.13"", ""raw_form"": ""ἰὸς""}]"
syntacticus:Nb:076c48125db280e90d909b8ca6c8dab54b37addef69cca2a9bb94a3a793a800a,ΙΟΥ,1,ἰός,False,"[{""token_id"": ""477969"", ""citation"": ""JAS 3.8"", ""raw_form"": ""ἰοῦ""}]"
syntacticus:Nb:ab97e22fc13401c6d0857f2515db89074448adf3d1d0b9307722cc22c380dd09,ΙΠΠΕΙΣ,2,ἱππεύς,False,"[{""token_id"": ""395057"", ""citation"": ""ACTS 23.23"", ""raw_form"": ""ἱππεῖς""}]"
syntacticus:Nb:964f6792a97e995b58f1e0fdb004ded76b1facfa16752b9f0e38c6829a87ac0e,ΙΠΠΟΙΣ,2,ἵππος,False,"[{""token_id"": ""496576"", ""citation"": ""REV 9.7"", ""raw_form"": ""ἵπποις""}]"
syntacticus:Nb:d51853814f6432230a3f3282dd3709e854606a8ef6147022afd08019d8d180bd,ΙΠΠΟΣ,5,ἵππος,False,"[{""token_id"": ""495158"", ""citation"": ""REV 6.2"", ""raw_form"": ""ἵππος""}]"
syntacticus:Nb:5f024433e74635a0fa512bdbfec39e4b647da0a5156230dd3a41ea701e971a72,ΙΠΠΟΥ,2,ἵππος,False,"[{""token_id"": ""501919"", ""citation"": ""REV 19.19"", ""raw_form"": ""ἵππου""}]"
syntacticus:Nb:9fd9f012102c412a478e0baea363142654fe8d19ed17420a009ef5f928b7fe61,ΙΠΠΟΥΣ,1,ἵππος,False,"[{""token_id"": ""496783"", ""citation"": ""REV 9.17"", ""raw_form"": ""ἵππους""}]"
syntacticus:Nb:87a7267d183118a7600e5e3de3e07dd6b03ea357ee80302ea16aca245d973e27,ΙΠΠΩΝ,7,ἵππος,False,"[{""token_id"": ""477842"", ""citation"": ""JAS 3.3"", ""raw_form"": ""ἵππων""}]"
syntacticus:Nb:9289df3af0c8623580d2d1ccd090ec2c6e968c87f79428bb55f5adc73696a9fd,ΙΡΙΣ,2,ἶρις,False,"[{""token_id"": ""494491"", ""citation"": ""REV 4.3"", ""raw_form"": ""ἶρις""}]"
syntacticus:Nb:705e0633a0342e8d61b11441cc718b335e22a42f8eb61e451f8bc2816566dff0,ΙΣΟΤΗΣ,1,ἰσότης,False,"[{""token_id"": ""431026"", ""citation"": ""2COR 8.14"", ""raw_form"": ""ἰσότης""}]"
syntacticus:Nb:7efef3f24100254fbf68aa6d5bab44a240552a71174df9623be4fe9ec108b3f0,ΙΣΟΤΗΤΑ,1,ἰσότης,False,"[{""token_id"": ""452005"", ""citation"": ""COL 4.1"", ""raw_form"": ""ἰσότητα""}]"
syntacticus:Nb:b3bace759b6b100fc91bec3bb9779a53e9c943f12425f932280bab777ca91bd7,ΙΣΟΤΗΤΟΣ,1,ἰσότης,False,"[{""token_id"": ""430999"", ""citation"": ""2COR 8.13"", ""raw_form"": ""ἰσότητος""}]"
syntacticus:Nb:13090eaf679a74d109c90e1281f72a40845e959b46570795a4a4f588212a2bda,ΙΣΧΥΙ,1,ἰσχύς,False,"[{""token_id"": ""330032"", ""citation"": ""LUKE 10.27"", ""raw_form"": ""ἰσχύϊ""}]"
syntacticus:Nb:fd29271a2d450528daad1d0ae166f7a812f5fad73cd6a81d67b41b2e5c362ff8,ΙΣΧΥΝ,1,ἰσχύς,False,"[{""token_id"": ""495050"", ""citation"": ""REV 5.12"", ""raw_form"": ""ἰσχὺν""}]"
syntacticus:Nb:ba4d0454a47b3182a6b598fec4c272f2998bbcb5dacf13ce2c624bf04ea7883a,ΙΣΧΥΟΣ,5,ἰσχύς,False,"[{""token_id"": ""756951"", ""citation"": ""MARK 12.30"", ""raw_form"": ""ἰσχύος""}]"
syntacticus:Nb:55b379393866273d5a959f132cc7f434729c95f83c343339554c171bf6e1e0b3,ΙΣΧΥΣ,1,ἰσχύς,False,"[{""token_id"": ""495900"", ""citation"": ""REV 7.12"", ""raw_form"": ""ἰσχὺς""}]"
syntacticus:Nb:28388cea32bea5f4a1feebb266d32bfb51eac0794cf20eb334fbbc82fdb42949,ΙΧΘΥΑΣ,7,ἰχθύς,False,"[{""token_id"": ""276181"", ""citation"": ""MATT 14.17"", ""raw_form"": ""ἰχθύας""}]"
syntacticus:Nb:6d386d9a1cc8cb840a349995179b626ee2cc5b8aac669b3c05483fddc88028f9,ΙΧΘΥΔΙΑ,2,ἰχθύδιον,False,"[{""token_id"": ""277159"", ""citation"": ""MATT 15.34"", ""raw_form"": ""ἰχθύδια""}]"
syntacticus:Nb:256f08d6fbd1900d7cfc1b721886756800402e5187d2d2457ed06427bd17dce7,ΙΧΘΥΕΣ,1,ἰχθύς,False,"[{""token_id"": ""328382"", ""citation"": ""LUKE 9.13"", ""raw_form"": ""ἰχθύες""}]"
syntacticus:Nb:307641153829aca926757e87934a83901ab09b9685c0900010aad4c9d68a979b,ΙΧΘΥΝ,3,ἰχθύς,False,"[{""token_id"": ""270413"", ""citation"": ""MATT 7.10"", ""raw_form"": ""ἰχθὺν""}]"
syntacticus:Nb:039c7a4f5dbfbce54505aa1d64464adc3629a47521c845ff7ccfa98ac38e1930,ΙΧΘΥΟΣ,2,ἰχθύς,False,"[{""token_id"": ""784176"", ""citation"": ""LUKE 11.11"", ""raw_form"": ""ἰχθύος""}]"
syntacticus:Nb:2d48d8731e2e8efb9f77250d00fb5f8c62d8d4a3ab24a34220fa879c0cb56d82,ΙΧΘΥΩΝ,7,ἰχθύς,False,"[{""token_id"": ""106241"", ""citation"": ""MARK 6.43"", ""raw_form"": ""ἰχθύων""}]"
syntacticus:Nb:27d770fa485337060d6885ce8e0b3fabe6b689fb646e54a7031c80e0b0326960,ΙΧΝΕΣΙΝ,3,ἴχνος,False,"[{""token_id"": ""400724"", ""citation"": ""ROM 4.12"", ""raw_form"": ""ἴχνεσιν""}]"
syntacticus:Nb:44990c65814f7b257393fafdff1d0a869e2e9447dbac0d12f792633385f78b76,ΙΩΤΑ,1,ἰῶτα,False,"[{""token_id"": ""268837"", ""citation"": ""MATT 5.18"", ""raw_form"": ""ἰῶτα""}]"
syntacticus:Nb:fa2621ef1b9c046a1e29fd8dda6b34aee5af96ad69335c82ed21ca61c129f5a7,ΚΑΘΑΙΡΕΣΙΝ,3,καθαίρεσις,False,"[{""token_id"": ""431593"", ""citation"": ""2COR 10.4"", ""raw_form"": ""καθαίρεσιν""}]"
syntacticus:Nb:21785455742959d4565c23b7670f4611224cb1d87e6d705ca7e19a29673a5b7b,ΚΑΘΑΡΙΣΜΟΝ,2,καθαρισμός,False,"[{""token_id"": ""343502"", ""citation"": ""JOHN 2.6"", ""raw_form"": ""καθαρισμὸν""}]"
syntacticus:Nb:683d7f130c918b001eb8ef689d124ef10274312581cd31a55bfa4ca1f0db5fb1,ΚΑΘΑΡΙΣΜΟΥ,4,καθαρισμός,False,"[{""token_id"": ""102498"", ""citation"": ""MARK 1.44"", ""raw_form"": ""καθαρισμοῦ""}]"
syntacticus:Nb:5407202745e56602f54b76cc286bffd5a64b19694dafe16e8d8a42aa0688ed66,ΚΑΘΑΡΟΤΗΤΑ,1,καθαρότης,False,"[{""token_id"": ""469591"", ""citation"": ""HEB 9.13"", ""raw_form"": ""καθαρότητα""}]"
syntacticus:Nb:31d9f3706c79b2c3c828b82672e775b7716f8c33666591ace3e83b7773d74860,ΚΑΘΕΔΡΑΣ,3,καθέδρα,False,"[{""token_id"": ""280635"", ""citation"": ""MATT 21.12"", ""raw_form"": ""καθέδρας""}]"
syntacticus:Nb:d5aea58768d666f931b683ead1c476a4aaa7ed2a51558197f67c38b373a4661a,ΚΑΘΗΓΗΤΑΙ,1,καθηγητής,False,"[{""token_id"": ""282304"", ""citation"": ""MATT 23.10"", ""raw_form"": ""καθηγηταί""}]"
syntacticus:Nb:7527e5fae39c13b1cdc45b130f7ee27c66eb4f3636cb8056b8a8fa4e600cd5f8,ΚΑΘΗΓΗΤΗΣ,1,καθηγητής,False,"[{""token_id"": ""282307"", ""citation"": ""MATT 23.10"", ""raw_form"": ""καθηγητὴς""}]"
syntacticus:Nb:b0783659b0a2837968c7366264a23aa0c55816e5b3b8b15a791bba96c45bda58,ΚΑΙΝΟΤΗΤΙ,2,καινότης,False,"[{""token_id"": ""401516"", ""citation"": ""ROM 6.4"", ""raw_form"": ""καινότητι""}]"
syntacticus:Nb:7eed4aeae5b646d8f2a493a60e9c5ca7fa6c89831acb2ff500599a2f2ff7e86c,ΚΑΙΡΟΙ,3,καιρός,False,"[{""token_id"": ""339071"", ""citation"": ""LUKE 21.24"", ""raw_form"": ""καιροὶ""}]"
syntacticus:Nb:c901203a3abd5ce13a1322dd1fc4991b306e4afc745a592d246f6931d199bc5d,ΚΑΙΡΟΙΣ,5,καιρός,False,"[{""token_id"": ""281294"", ""citation"": ""MATT 21.41"", ""raw_form"": ""καιροῖς""}]"
syntacticus:Nb:37797bd80546a88b0c45a830dcc8cc21b5f4687a10cbc5c3299877a081f8dc1e,ΚΑΙΡΟΝ,21,καιρός,False,"[{""token_id"": ""320434"", ""citation"": ""LUKE 1.20"", ""raw_form"": ""καιρὸν""}]"
syntacticus:Nb:d7b7801df88710b2ae2aaec0b63a5b9c43c572cbd953e1872e933359b9dbb4cc,ΚΑΙΡΟΣ,16,καιρός,False,"[{""token_id"": ""281160"", ""citation"": ""MATT 21.34"", ""raw_form"": ""καιρὸς""}]"
syntacticus:Nb:81fbf6aadb38891294b9dc2416ae261e1a1d8f29aa1620cbdea84ff0efdf8b8a,ΚΑΙΡΟΥ,7,καιρός,False,"[{""token_id"": ""271403"", ""citation"": ""MATT 8.29"", ""raw_form"": ""καιροῦ""}]"
syntacticus:Nb:be39cc14010ba38fcce288084a02a9cf29410d186f6064b3fd292d4bac82df4e,ΚΑΙΡΟΥΣ,5,καιρός,False,"[{""token_id"": ""378025"", ""citation"": ""ACTS 1.7"", ""raw_form"": ""καιροὺς""}]"
syntacticus:Nb:f095d4b4c324bba0c35ac562ed794f479cac33a1ca0baf371f65f836ce2b511e,ΚΑΙΡΩΝ,3,καιρός,False,"[{""token_id"": ""277291"", ""citation"": ""MATT 16.3"", ""raw_form"": ""καιρῶν""}]"
syntacticus:Nb:2d443d904eed61b067c10fc26e13fa5267b228a5174f742ab07ea55375423dc9,ΚΑΚΙΑ,1,κακία,False,"[{""token_id"": ""270236"", ""citation"": ""MATT 6.34"", ""raw_form"": ""κακία""}]"
syntacticus:Nb:e1428b218e2d71af271f65074a1c7d2e7ff8643ea4e7fcaf611a875361bec9a7,ΚΑΚΙΑΝ,2,κακία,False,"[{""token_id"": ""451673"", ""citation"": ""COL 3.8"", ""raw_form"": ""κακίαν""}]"
syntacticus:Nb:37b8c106082ddcd231aeba5abddfa722987f0730a51a1ae53aca9c8f189d5c5a,ΚΑΚΙΑΣ,4,κακία,False,"[{""token_id"": ""383541"", ""citation"": ""ACTS 8.22"", ""raw_form"": ""κακίας""}]"
syntacticus:Nb:601cc4bbfbfaf8aadfa92cceacc4cb4a830b09a990920ddf03a61240ffd9d378,ΚΑΚΟΗΘΕΙΑΣ,1,κακοήθεια,False,"[{""token_id"": ""399464"", ""citation"": ""ROM 1.29"", ""raw_form"": ""κακοηθείας""}]"
syntacticus:Nb:470fe585e69743198169a40d9faeeb9bcb54321b26dc449971ab2a1a4e8fbede,ΚΑΚΟΠΑΘΕΙΑΣ,1,κακοπάθεια,False,"[{""token_id"": ""478659"", ""citation"": ""JAS 5.10"", ""raw_form"": ""κακοπαθείας""}]"
syntacticus:Nb:98e331168d89920ff6b3f08b812fa23113b5a74aa7d5589b4fe78790285d015d,ΚΑΚΩΣΙΝ,1,κάκωσις,False,"[{""token_id"": ""382577"", ""citation"": ""ACTS 7.34"", ""raw_form"": ""κάκωσιν""}]"
syntacticus:Nb:ae84bd50d0a12f2d5df391191806a426aab10e7b3766728d1733afd5b2158f06,ΚΑΛΑΜΗΝ,1,καλάμη,False,"[{""token_id"": ""414725"", ""citation"": ""1COR 3.12"", ""raw_form"": ""καλάμην""}]"
syntacticus:Nb:78d33d431cc1dc38a8a4b585ff82bf73a25b43337bb93693378af4e84c8d90e3,ΚΑΛΑΜΟΝ,6,κάλαμος,False,"[{""token_id"": ""273181"", ""citation"": ""MATT 11.7"", ""raw_form"": ""κάλαμον""}]"
syntacticus:Nb:92382e9fe214ad091c1ef1669e9fb8819a5f56a2e7e6c3841ed70a7278d8d70a,ΚΑΛΑΜΟΣ,1,κάλαμος,False,"[{""token_id"": ""497291"", ""citation"": ""REV 11.1"", ""raw_form"": ""κάλαμος""}]"
syntacticus:Nb:26ae41a34e0b71ad7b1dff14850ebf6123ef653240f7fcfc345760a580cd85bb,ΚΑΛΛΙΕΛΑΙΟΝ,1,καλλιέλαιος,False,"[{""token_id"": ""404619"", ""citation"": ""ROM 11.24"", ""raw_form"": ""καλλιέλαιον""}]"
syntacticus:Nb:8559c534f0b30589666360fa52973be7b1bee5de980cae4e291d8fbebda5ad70,ΚΑΛΥΜΜΑ,4,κάλυμμα,False,"[{""token_id"": ""429181"", ""citation"": ""2COR 3.13"", ""raw_form"": ""κάλυμμα""}]"
syntacticus:Nb:5d84341ed404833586a03c68c27a95c4cfd221567728d06d409696dc40470015,ΚΑΜΗΛΟΝ,4,κάμηλος,False,"[{""token_id"": ""279624"", ""citation"": ""MATT 19.24"", ""raw_form"": ""κάμηλον""}]"
syntacticus:Nb:629bd84748661c145243c5d1d86d9a7a7696ce22d15eb31ac30a986b3e2e26ee,ΚΑΜΗΛΟΥ,2,κάμηλος,False,"[{""token_id"": ""267763"", ""citation"": ""MATT 3.4"", ""raw_form"": ""καμήλου""}]"
syntacticus:Nb:6b355bf5c63fb67fd9fb53bab3257bc282274ac0b318626b7a9575f68eb13785,ΚΑΜΙΝΟΝ,2,κάμινος,False,"[{""token_id"": ""275555"", ""citation"": ""MATT 13.42"", ""raw_form"": ""κάμινον""}]"
syntacticus:Nb:be173f02582e6f414052ccdcf4027a630e57be0ead109b310f8d9f01b0186a22,ΚΑΜΙΝΟΥ,1,κάμινος,False,"[{""token_id"": ""496448"", ""citation"": ""REV 9.2"", ""raw_form"": ""καμίνου""}]"
syntacticus:Nb:69153d24c5305ef77124c390f49f724e482ebe555c6eda88ec5c0ecdc67c1e70,ΚΑΝΟΝΑ,1,κανών,False,"[{""token_id"": ""431830"", ""citation"": ""2COR 10.15"", ""raw_form"": ""κανόνα""}]"
syntacticus:Nb:2dea1e369a5796a92ab983ad0be631488eb39ca5e49f40b51ebfc97e9c125ba4,ΚΑΝΟΝΙ,2,κανών,False,"[{""token_id"": ""431844"", ""citation"": ""2COR 10.16"", ""raw_form"": ""κανόνι""}]"
syntacticus:Nb:edc8c3e0a9fee565aa000ad164f14425317574937b7cfdc262e281f1bd2b29c2,ΚΑΝΟΝΟΣ,1,κανών,False,"[{""token_id"": ""431775"", ""citation"": ""2COR 10.13"", ""raw_form"": ""κανόνος""}]"
syntacticus:Nb:7190872937b43c98d22f67592d54c1782277d78e8644c9671f32dd34bf5933fc,ΚΑΠΝΟΝ,2,καπνός,False,"[{""token_id"": ""500959"", ""citation"": ""REV 18.9"", ""raw_form"": ""καπνὸν""}]"
syntacticus:Nb:d4e8904fd33b60415cebdbcf8784f8cb128f4b9290878ca7bbd50eaee835d72a,ΚΑΠΝΟΣ,6,καπνός,False,"[{""token_id"": ""496121"", ""citation"": ""REV 8.4"", ""raw_form"": ""καπνὸς""}]"
syntacticus:Nb:d74178aef79eac0a6bf95a9733dcf28a72275fbfd77b4f0d49adea6909e2bd85,ΚΑΠΝΟΥ,5,καπνός,False,"[{""token_id"": ""378832"", ""citation"": ""ACTS 2.19"", ""raw_form"": ""καπνοῦ""}]"
syntacticus:Nb:e70d94cd4da30e11d62c1ad2849f70a0c6d5c45cdd4d3c6d2d01ae5cc7fa3b1f,ΚΑΡΔΙΑ,17,καρδία,False,"[{""token_id"": ""269943"", ""citation"": ""MATT 6.21"", ""raw_form"": ""καρδία""}]"
syntacticus:Nb:28425476246c432048ab5803d2207a0c188a67fba83385fe9cb003b2cae2cecf,ΚΑΡΔΙΑΙ,2,καρδία,False,"[{""token_id"": ""339231"", ""citation"": ""LUKE 21.34"", ""raw_form"": ""καρδίαι""}]"
syntacticus:Nb:024ce9e0f2a0ebeb4502043e4471ad74fec02b6488f0ed9b47c727ead926f753,ΚΑΡΔΙΑΙΣ,19,καρδία,False,"[{""token_id"": ""271576"", ""citation"": ""MATT 9.4"", ""raw_form"": ""καρδίαις""}]"
syntacticus:Nb:f29e3e6024abf63cef8da924b0800c5abff8a83cf98f86790509c60ef93c356b,ΚΑΡΔΙΑΝ,16,καρδία,False,"[{""token_id"": ""106830"", ""citation"": ""MARK 7.19"", ""raw_form"": ""καρδίαν""}]"
syntacticus:Nb:4285cccdbadef758c81c2ddb524a90b3db2cc16c35e8fa55b09e9d99f6351ab5,ΚΑΡΔΙΑΣ,55,καρδία,False,"[{""token_id"": ""274296"", ""citation"": ""MATT 12.34"", ""raw_form"": ""καρδίας""}]"
syntacticus:Nb:74f7dee1f774747aef0a8b6a5c5cfbb9e95cccf446ce2ead0bc4fb0651f5dab2,ΚΑΡΔΙΟΓΝΩΣΤΑ,1,καρδιογνώστης,False,"[{""token_id"": ""378416"", ""citation"": ""ACTS 1.24"", ""raw_form"": ""καρδιογνῶστα""}]"
syntacticus:Nb:d3c58b843787be640de88b2717a0b05c8f265aafdf08ebdaa6334824c0e3016f,ΚΑΡΔΙΟΓΝΩΣΤΗΣ,1,καρδιογνώστης,False,"[{""token_id"": ""388660"", ""citation"": ""ACTS 15.8"", ""raw_form"": ""καρδιογνώστης""}]"
syntacticus:Nb:98aea6cd437766c307ab0e72327cd6218498995aed906b1a57370fb1c233504d,ΚΑΡΔΙΩΝ,4,καρδία,False,"[{""token_id"": ""279157"", ""citation"": ""MATT 18.35"", ""raw_form"": ""καρδιῶν""}]"
syntacticus:Nb:eae45a72b980dbac44657625ac2f9a22928d4df56e2a246435c2c9d128b8e265,ΚΑΡΠΟΝ,37,καρπός,True,"[{""token_id"": ""267839"", ""citation"": ""MATT 3.8"", ""raw_form"": ""καρπὸν""}]"
syntacticus:Nb:93ffa8d2fcf39b3db25b6018ea1810a081a8c4be5d2ca6b435d5cce58814a525,ΚΑΡΠΟΣ,8,καρπός,True,"[{""token_id"": ""280782"", ""citation"": ""MATT 21.19"", ""raw_form"": ""καρπὸς""}]"
syntacticus:Nb:8c2ea29f521f4aba75cd9f0658ca88ad36fb4a3db1842437f278b9fb2660d299,ΚΑΡΠΟΥ,4,καρπός,True,"[{""token_id"": ""274276"", ""citation"": ""MATT 12.33"", ""raw_form"": ""καρποῦ""}]"
syntacticus:Nb:86b8625f8c314da35d7db637bab4d8b5257a71b717a84273dece4bbbdbd72daa,ΚΑΡΠΟΥΣ,10,καρπός,True,"[{""token_id"": ""270564"", ""citation"": ""MATT 7.17"", ""raw_form"": ""καρποὺς""}]"
syntacticus:Nb:224be905acffd74c4d695001cecf349b68352363b2fc91b948e137bc88e318c6,ΚΑΡΠΩΝ,6,καρπός,True,"[{""token_id"": ""270545"", ""citation"": ""MATT 7.16"", ""raw_form"": ""καρπῶν""}]"
syntacticus:Nb:204ec788866b6c50ef456df125adf95b0241ab670258dff48e43971e983ed822,ΚΑΡΦΟΣ,6,κάρφος,False,"[{""token_id"": ""270265"", ""citation"": ""MATT 7.3"", ""raw_form"": ""κάρφος""}]"
syntacticus:Nb:781c0728054f3c0e52b5bc7291974becb2c320b3eda9b3c54fc17bc54f1714ac,ΚΑΤΑΒΑΣΕΙ,1,κατάβασις,False,"[{""token_id"": ""337611"", ""citation"": ""LUKE 19.37"", ""raw_form"": ""καταβάσει""}]"
syntacticus:Nb:b1fc70de06e8d4032ce0aff513bb4f08744d129a7947e2686dc5ee7673be48c6,ΚΑΤΑΒΟΛΗΝ,1,καταβολή,False,"[{""token_id"": ""470736"", ""citation"": ""HEB 11.11"", ""raw_form"": ""καταβολὴν""}]"
syntacticus:Nb:c33314374a850f744f6833bb34d3068186145e2a33ef1680b66199192899b75d,ΚΑΤΑΒΟΛΗΣ,10,καταβολή,False,"[{""token_id"": ""275414"", ""citation"": ""MATT 13.35"", ""raw_form"": ""καταβολῆς""}]"
syntacticus:Nb:7e11943797f54b7b75c3695bf9571554036f415792130d6067f69b88e54bd546,ΚΑΤΑΓΓΕΛΕΥΣ,1,καταγγελεύς,False,"[{""token_id"": ""390457"", ""citation"": ""ACTS 17.18"", ""raw_form"": ""καταγγελεὺς""}]"
syntacticus:Nb:d79db4fc0d5f86fb3a35277d4612a6b5b469c697ff36aac1ee9e564143a3ed35,ΚΑΤΑΔΙΚΗΝ,1,δίκη,False,"[{""token_id"": ""396075"", ""citation"": ""ACTS 25.15"", ""raw_form"": ""καταδίκην""}]"
syntacticus:Nb:3b5f243702a3859d6b06b6c11b13a9cdfe3bca4166445efa413e816dff0cb4a6,ΚΑΤΑΘΕΜΑ,1,κατάθεμα,False,"[{""token_id"": ""503208"", ""citation"": ""REV 22.3"", ""raw_form"": ""κατάθεμα""}]"
syntacticus:Nb:bbe3ce400dce6a025d1d11ce1be43c4668bb008387ad405ee4f8996de6b4da5f,ΚΑΤΑΚΛΥΣΜΟΣ,2,κατακλυσμός,False,"[{""token_id"": ""283609"", ""citation"": ""MATT 24.39"", ""raw_form"": ""κατακλυσμὸς""}]"
syntacticus:Nb:d48f13e2c80ad8c77b3ce017ecc1b2a1ea118d8570b094c28db7bff735e14543,ΚΑΤΑΚΛΥΣΜΟΥ,1,κατακλυσμός,False,"[{""token_id"": ""283585"", ""citation"": ""MATT 24.38"", ""raw_form"": ""κατακλυσμοῦ""}]"
syntacticus:Nb:b8735824445378188d95002f95539642d2d0d5fc3f12ebd710993c76ce01fdff,ΚΑΤΑΚΡΙΜΑ,3,κατάκριμα,False,"[{""token_id"": ""401310"", ""citation"": ""ROM 5.16"", ""raw_form"": ""κατάκριμα""}]"
syntacticus:Nb:6e10fdc579bf1976eb1f9ed95e724a49790bde150b6f6563db6d5908985984db,ΚΑΤΑΚΡΙΣΕΩΣ,1,κατάκρισις,False,"[{""token_id"": ""429127"", ""citation"": ""2COR 3.9"", ""raw_form"": ""κατακρίσεως""}]"
syntacticus:Nb:79bebd272fb998b8818776f283a4f1b5d095b496fe47af66c3b66d15d995cdf7,ΚΑΤΑΚΡΙΣΙΝ,1,κατάκρισις,False,"[{""token_id"": ""430407"", ""citation"": ""2COR 7.3"", ""raw_form"": ""κατάκρισιν""}]"
syntacticus:Nb:c41ac2bba5b2eb2aee134bffb610d71ce657c088faf863668c82a8bbbac3fa80,ΚΑΤΑΛΑΛΙΑΙ,1,καταλαλιά,False,"[{""token_id"": ""432922"", ""citation"": ""2COR 12.20"", ""raw_form"": ""καταλαλιαί""}]"
syntacticus:Nb:7687752efac947460e50fb0b672297f5a01810e6a0aed57f8c0ad8f06caab26c,ΚΑΤΑΛΑΛΙΑΣ,1,καταλαλιά,False,"[{""token_id"": ""481000"", ""citation"": ""1PET 2.1"", ""raw_form"": ""καταλαλιάς""}]"
syntacticus:Nb:89f4596acabafcd3b3647a979f7ccf6589942fb6bed7d5b282efd5c23df685e1,ΚΑΤΑΛΑΛΟΥΣ,1,κατάλαλος,False,"[{""token_id"": ""399468"", ""citation"": ""ROM 1.30"", ""raw_form"": ""καταλάλους""}]"
syntacticus:Nb:bc9b571c5f06621cdfdcd1f62cc69e127de6a76f6cf58189224f0171cbaec7a9,ΚΑΤΑΛΛΑΓΗ,1,καταλλαγή,False,"[{""token_id"": ""404437"", ""citation"": ""ROM 11.15"", ""raw_form"": ""καταλλαγὴ""}]"
syntacticus:Nb:9ec0de07a09274c4280c24b1090835afbd0fd7ce0f636eb154f7099f3635e57a,ΚΑΤΑΛΛΑΓΗΝ,1,καταλλαγή,False,"[{""token_id"": ""401174"", ""citation"": ""ROM 5.11"", ""raw_form"": ""καταλλαγὴν""}]"
syntacticus:Nb:784f197561511b6fad6349b5d9e937f02a91392c4d7c6e508f6efa371e9cef6c,ΚΑΤΑΛΛΑΓΗΣ,2,καταλλαγή,False,"[{""token_id"": ""429981"", ""citation"": ""2COR 5.18"", ""raw_form"": ""καταλλαγῆς""}]"
syntacticus:Nb:582c7d7822caede92b223fa701319c8f6c3c485af5ea65252cb1341c9040b726,ΚΑΤΑΛΥΜΑ,2,κατάλυμα,False,"[{""token_id"": ""112505"", ""citation"": ""MARK 14.14"", ""raw_form"": ""κατάλυμά""}]"
syntacticus:Nb:75742f367f03a0b1e2d26c032058b5a726cf220034e29bdd966356ac96a52765,ΚΑΤΑΛΥΜΑΤΙ,1,κατάλυμα,False,"[{""token_id"": ""321518"", ""citation"": ""LUKE 2.7"", ""raw_form"": ""καταλύματι""}]"
syntacticus:Nb:5d6fd51e52088fd9554d9796f6555b53ae99210efea36f9da7acec329ef7e40b,ΚΑΤΑΝΥΞΕΩΣ,1,κατάνυξις,False,"[{""token_id"": ""758437"", ""citation"": ""ROM 11.8"", ""raw_form"": ""κατανύξεως""}]"
syntacticus:Nb:7eb9ea1d4cf688ca993794971a09192614a711407b3bbd4fe844f46c3f82b313,ΚΑΤΑΠΑΥΣΕΩΣ,1,κατάπαυσις,False,"[{""token_id"": ""382954"", ""citation"": ""ACTS 7.49"", ""raw_form"": ""καταπαύσεώς""}]"
syntacticus:Nb:b34d977011b7995fdcdc1ddf6d42232a9c3bacf2c3c38ef31c4a6a82325ae20c,ΚΑΤΑΠΑΥΣΙΝ,8,κατάπαυσις,False,"[{""token_id"": ""467419"", ""citation"": ""HEB 3.11"", ""raw_form"": ""κατάπαυσίν""}]"
syntacticus:Nb:d86622fc09d1abf2f186196cdf6947518298a37904e08c6c32ebe5ac06d32afd,ΚΑΤΑΠΕΤΑΣΜΑ,4,καταπέτασμα,False,"[{""token_id"": ""286973"", ""citation"": ""MATT 27.51"", ""raw_form"": ""καταπέτασμα""}]"
syntacticus:Nb:62ce8d6dfae04ecabfe22ba0b2375b4d3a5bb485262640e99c5f13523e2b402f,ΚΑΤΑΠΕΤΑΣΜΑΤΟΣ,2,καταπέτασμα,False,"[{""token_id"": ""468474"", ""citation"": ""HEB 6.19"", ""raw_form"": ""καταπετάσματος""}]"
syntacticus:Nb:72e8a7e19bb9af79d4deff9a4dc99d17eaf30c017fd3e019432e097079b3e0d4,ΚΑΤΑΡΑ,2,κατάρα,False,"[{""token_id"": ""438582"", ""citation"": ""GAL 3.13"", ""raw_form"": ""κατάρα""}]"
syntacticus:Nb:be93549da63a3aa2e593c0b28a6c708c1038ccc6664d4a09438b54414f87a7dd,ΚΑΤΑΡΑΝ,1,κατάρα,False,"[{""token_id"": ""438514"", ""citation"": ""GAL 3.10"", ""raw_form"": ""κατάραν""}]"
syntacticus:Nb:86041dee1ee78a6bce59babf46ea02c34e2f117326fc89a3de030a989fb46e67,ΚΑΤΑΡΑΣ,2,κατάρα,False,"[{""token_id"": ""438576"", ""citation"": ""GAL 3.13"", ""raw_form"": ""κατάρας""}]"
syntacticus:Nb:0d6004cffa56dd126f64b4abdb17e9dd7c5f954bed78a0d41f9a2af96d967949,ΚΑΤΑΡΤΙΣΙΝ,1,κατάρτισις,False,"[{""token_id"": ""433146"", ""citation"": ""2COR 13.9"", ""raw_form"": ""κατάρτισιν""}]"
syntacticus:Nb:f85a32a3a98b64a133e0cfd78669865fdea578d3206f8b775534ed1e3f04c507,ΚΑΤΑΡΤΙΣΜΟΝ,1,καταρτισμός,False,"[{""token_id"": ""443614"", ""citation"": ""EPH 4.12"", ""raw_form"": ""καταρτισμὸν""}]"
syntacticus:Nb:847c52b258c76efce103c26cd46ba9f457f13a1317099e29ab9bbfd6e2b19cc2,ΚΑΤΑΣΚΗΝΩΣΕΙΣ,2,κατασκήνωσις,False,"[{""token_id"": ""271215"", ""citation"": ""MATT 8.20"", ""raw_form"": ""κατασκηνώσεις""}]"
syntacticus:Nb:dc1984eb7ff5fd45ee8ffebe46efce029de9fee535816bfe8b59faf75d4d75e5,ΚΑΤΑΣΚΟΠΟΥΣ,1,κατάσκοπος,False,"[{""token_id"": ""471085"", ""citation"": ""HEB 11.31"", ""raw_form"": ""κατασκόπους""}]"
syntacticus:Nb:6f924e24d74f39c1127353addfd91e702c0953d5dfd200fb622c213e87e971e9,ΚΑΤΑΣΤΗΜΑΤΙ,1,κατάστημα,False,"[{""token_id"": ""464949"", ""citation"": ""TIT 2.3"", ""raw_form"": ""καταστήματι""}]"
syntacticus:Nb:dc0d29411df33e6025b1494495cb04828879271f96151fe107f9ed3d6cb2eb32,ΚΑΤΑΣΧΕΣΕΙ,1,κατάσχεσις,False,"[{""token_id"": ""382879"", ""citation"": ""ACTS 7.45"", ""raw_form"": ""κατασχέσει""}]"
syntacticus:Nb:ffe7e607699bef4681282c44606cf52b30fad5a7a5c9ba5a4182d0eb35773b0e,ΚΑΤΑΣΧΕΣΙΝ,1,κατάσχεσις,False,"[{""token_id"": ""382012"", ""citation"": ""ACTS 7.5"", ""raw_form"": ""κατάσχεσιν""}]"
syntacticus:Nb:31853f3c47d25893d0077bf166fccddbdbe4d9eaee1a5f4e00c055e66d4163bd,ΚΑΤΑΤΟΜΗΝ,1,κατατομή,False,"[{""token_id"": ""448184"", ""citation"": ""PHIL 3.2"", ""raw_form"": ""κατατομήν""}]"
syntacticus:Nb:9f4805efa27be3d51755544d8f5b67935d218dfba02f72f0287beb0241521cb6,ΚΑΤΑΦΡΟΝΗΤΑΙ,1,καταφρονητής,False,"[{""token_id"": ""387699"", ""citation"": ""ACTS 13.41"", ""raw_form"": ""καταφρονηταί""}]"
syntacticus:Nb:728cb5bccab927eed953ba7a608d415bc6cda1d7c58350ed8b2faf80ae7b9d6e,ΚΑΤΗΓΟΡΙΑΝ,2,κατηγορία,False,"[{""token_id"": ""358141"", ""citation"": ""JOHN 18.29"", ""raw_form"": ""κατηγορίαν""}]"
syntacticus:Nb:b6299b8fe1f199bd86ba826308966dd0944af890d8d4d451430060282f12bd12,ΚΑΤΗΓΟΡΟΙ,3,κατήγορος,False,"[{""token_id"": ""349393"", ""citation"": ""JOHN 8.10"", ""raw_form"": ""κατήγοροί""}]"
syntacticus:Nb:736155b077a65871d4f054a3d4bab230429002b3e576e8412bc501a16c28e338,ΚΑΤΗΓΟΡΟΙΣ,1,κατήγορος,False,"[{""token_id"": ""395172"", ""citation"": ""ACTS 23.30"", ""raw_form"": ""κατηγόροις""}]"
syntacticus:Nb:935e03a3f239399ad9079668863f6d385a06522adc3cd03be6a10f325e15481e,ΚΑΤΗΓΟΡΟΥΣ,1,κατήγορος,False,"[{""token_id"": ""396096"", ""citation"": ""ACTS 25.16"", ""raw_form"": ""κατηγόρους""}]"
syntacticus:Nb:82de0f07124e2a32eaca2be4f4321562b42008b329a58093761d077a24781708,ΚΑΤΗΓΩΡ,1,κατήγορος,False,"[{""token_id"": ""498113"", ""citation"": ""REV 12.10"", ""raw_form"": ""κατήγωρ""}]"
syntacticus:Nb:3315c49a50cf156bc662b6ef87ea9fb98286b2915a4572a448e979edac04b18c,ΚΑΤΗΦΕΙΑΝ,1,κατήφεια,False,"[{""token_id"": ""478326"", ""citation"": ""JAS 4.9"", ""raw_form"": ""κατήφειαν""}]"
syntacticus:Nb:556f64ef769e11905c388b1537997b80108a40408448195851a34ff24fabd7e3,ΚΑΤΟΙΚΗΣΙΝ,1,κατοίκησις,False,"[{""token_id"": ""104601"", ""citation"": ""MARK 5.3"", ""raw_form"": ""κατοίκησιν""}]"
syntacticus:Nb:29d90160d679f05cb0897399528a99ac059c8418bae416950f23b37875370413,ΚΑΤΟΙΚΗΤΗΡΙΟΝ,2,κατοικητήριον,False,"[{""token_id"": ""443090"", ""citation"": ""EPH 2.22"", ""raw_form"": ""κατοικητήριον""}]"
syntacticus:Nb:5b932bb90fdd1135e09cbdb82dc75074166705dce8455ac1632912868741174a,ΚΑΤΟΙΚΙΑΣ,1,κατοικία,False,"[{""token_id"": ""390636"", ""citation"": ""ACTS 17.26"", ""raw_form"": ""κατοικίας""}]"
syntacticus:Nb:2c38b0ab017cd6b2f459bb80fa2c3f3d5f8578e7457deeb179a208cd3c70e78f,ΚΑΥΜΑ,2,καῦμα,False,"[{""token_id"": ""496018"", ""citation"": ""REV 7.16"", ""raw_form"": ""καῦμα""}]"
syntacticus:Nb:e8613bc5e9c6519a76b1b3ac699e93a7ff1d7f8e4f486b85f97b86a96c7ffca2,ΚΑΥΣΙΝ,1,καῦσις,False,"[{""token_id"": ""468284"", ""citation"": ""HEB 6.8"", ""raw_form"": ""καῦσιν""}]"
syntacticus:Nb:0add46f038723c58f347c4d04f480187ed6070e27f4ee5f962feb0aa41557c6a,ΚΑΥΣΩΝ,1,καύσων,False,"[{""token_id"": ""332609"", ""citation"": ""LUKE 12.55"", ""raw_form"": ""καύσων""}]"
syntacticus:Nb:39315b7b672d94edf1250e4b14dc3db0a7290332a45b95abf36809f9b4eb9dc3,ΚΑΥΣΩΝΑ,1,καύσων,False,"[{""token_id"": ""279975"", ""citation"": ""MATT 20.12"", ""raw_form"": ""καύσωνα""}]"
syntacticus:Nb:6725684807865f991b19043d1060b466610a0999a92cf317479a388ecf91c047,ΚΑΥΣΩΝΙ,1,καύσων,False,"[{""token_id"": ""476998"", ""citation"": ""JAS 1.11"", ""raw_form"": ""καύσωνι""}]"
syntacticus:Nb:9649906d2adbe6b755a9ef2567a3ca1a21b4ce4591be42567cf7f09922fd73ac,ΚΑΥΧΗΜΑ,10,καύχημα,False,"[{""token_id"": ""400543"", ""citation"": ""ROM 4.2"", ""raw_form"": ""καύχημα""}]"
syntacticus:Nb:f151c5b73385ed372e80ad2a9d814c8ecab2c5981bb1285eb944fec2a041b228,ΚΑΥΧΗΜΑΤΟΣ,1,καύχημα,False,"[{""token_id"": ""429857"", ""citation"": ""2COR 5.12"", ""raw_form"": ""καυχήματος""}]"
syntacticus:Nb:b9db9d24fcc84b062a3b5b5d1105892323694b022e2c5f3fc1a801ac27f4389e,ΚΑΥΧΗΣΕΩΣ,3,καύχησις,False,"[{""token_id"": ""431200"", ""citation"": ""2COR 8.24"", ""raw_form"": ""καυχήσεως""}]"
syntacticus:Nb:c6857164967e73f3640b212367ef14c13c184e19d2460ef648242eb73970d930,ΚΑΥΧΗΣΙΝ,2,καύχησις,False,"[{""token_id"": ""406287"", ""citation"": ""ROM 15.17"", ""raw_form"": ""καύχησιν""}]"
syntacticus:Nb:28f449f2791bcf0e6ce5a852832c7836ec5ebd56f872b52dd984d58607a46f4e,ΚΑΥΧΗΣΙΣ,6,καύχησις,False,"[{""token_id"": ""400453"", ""citation"": ""ROM 3.27"", ""raw_form"": ""καύχησις""}]"
syntacticus:Nb:b6ba1948ff83e1c9b86ac3316993c354d4fbf2971f50b0d801ef4667e2c0e918,ΚΕΙΡΙΑΙΣ,1,κειρία,False,"[{""token_id"": ""352921"", ""citation"": ""JOHN 11.44"", ""raw_form"": ""κειρίαις""}]"
syntacticus:Nb:d0ff0be8e0181b0b0c671199991f6127953e6d6b470b73f8753e242430db55f3,ΚΕΛΕΥΣΜΑΤΙ,1,κέλευσμα,False,"[{""token_id"": ""455020"", ""citation"": ""1THESS 4.16"", ""raw_form"": ""κελεύσματι""}]"
syntacticus:Nb:167546400515c5934140ffc224386fddb79dfc8e15ef34f2180de91e0bef7a7f,ΚΕΝΟΔΟΞΙΑΝ,1,κενοδοξία,False,"[{""token_id"": ""447705"", ""citation"": ""PHIL 2.3"", ""raw_form"": ""κενοδοξίαν""}]"
syntacticus:Nb:4042646f1424d36b13c77ee82e2267a3ff8d73b395c2432a2b1c9c17debe372b,ΚΕΝΟΦΩΝΙΑΣ,2,κενοφωνία,False,"[{""token_id"": ""460392"", ""citation"": ""1TIM 6.20"", ""raw_form"": ""κενοφωνίας""}]"
syntacticus:Nb:3f325155b749298a32338134ef1d53fd309f125863102dc18526a146be1f0dd9,ΚΕΝΤΡΑ,2,κέντρον,False,"[{""token_id"": ""396642"", ""citation"": ""ACTS 26.14"", ""raw_form"": ""κέντρα""}]"
syntacticus:Nb:c1282f355f93d4ab421f50ed84e0a35ecd30dc05ce44e46f1102c740f39bb834,ΚΕΝΤΡΟΝ,2,κέντρον,False,"[{""token_id"": ""421190"", ""citation"": ""1COR 15.55"", ""raw_form"": ""κέντρον""}]"
syntacticus:Nb:dd29c66ced7fd796d10bdf83877093c9c3052d39ce1296b0e9b75a1c43ea81f4,ΚΕΝΤΥΡΙΩΝ,1,κεντυρίων,False,"[{""token_id"": ""114178"", ""citation"": ""MARK 15.39"", ""raw_form"": ""κεντυρίων""}]"
syntacticus:Nb:fdbcf83ed99e4d8fcf57389c841ba615f6cfaf55164edb2ad4b7791d66ed176d,ΚΕΝΤΥΡΙΩΝΑ,1,κεντυρίων,False,"[{""token_id"": ""114298"", ""citation"": ""MARK 15.44"", ""raw_form"": ""κεντυρίωνα""}]"
syntacticus:Nb:9eca28518abccac292d737ea6a7a107b47861258dd41bfafcf4dec27739e7f1d,ΚΕΝΤΥΡΙΩΝΟΣ,1,κεντυρίων,False,"[{""token_id"": ""114309"", ""citation"": ""MARK 15.45"", ""raw_form"": ""κεντυρίωνος""}]"
syntacticus:Nb:aabf191d841bc42c9568c765b504ab9e0e30e8c20fe614c30c0a95b6e43ae277,ΚΕΡΑΙΑ,1,κεραία,False,"[{""token_id"": ""268841"", ""citation"": ""MATT 5.18"", ""raw_form"": ""κεραία""}]"
syntacticus:Nb:600c897b4935cbc7534da866a31cc5e89c5a4759b8575fefbfe94d81a452d85b,ΚΕΡΑΙΑΝ,1,κεραία,False,"[{""token_id"": ""335185"", ""citation"": ""LUKE 16.17"", ""raw_form"": ""κεραίαν""}]"
syntacticus:Nb:336f7782baf193693a4305753c41cdbfb4e1150327ec4d9cc1d8c56b1c969bae,ΚΕΡΑΜΕΥΣ,1,κεραμεύς,False,"[{""token_id"": ""403516"", ""citation"": ""ROM 9.21"", ""raw_form"": ""κεραμεὺς""}]"
syntacticus:Nb:af41e1f6bb5fc82e0e1d381061f8d4a7713af17373973f08b9359cc6fbd71ad4,ΚΕΡΑΜΕΩΣ,2,κεραμεύς,False,"[{""token_id"": ""286235"", ""citation"": ""MATT 27.7"", ""raw_form"": ""κεραμέως""}]"
syntacticus:Nb:c79a5f2498a341d6d0eea54aac6801bcc03651e5c04376dd210751f360f1dfb2,ΚΕΡΑΜΙΟΝ,2,κεράμιον,False,"[{""token_id"": ""112483"", ""citation"": ""MARK 14.13"", ""raw_form"": ""κεράμιον""}]"
syntacticus:Nb:1b3b30e73f7399c6915bbfa4460c6470252683e5046b742c60dfe75a1e8e9936,ΚΕΡΑΜΩΝ,1,κέραμος,False,"[{""token_id"": ""324308"", ""citation"": ""LUKE 5.19"", ""raw_form"": ""κεράμων""}]"
syntacticus:Nb:434d4994c85d24756300993476e954cec76b325c0fc7a2be341640cfd550885f,ΚΕΡΑΣ,1,κέρας,False,"[{""token_id"": ""321248"", ""citation"": ""LUKE 1.69"", ""raw_form"": ""κέρας""}]"
syntacticus:Nb:ee5647709697acbb3dfa722ccba19c83ad9cd1c4bd951fe77a222c628884d16e,ΚΕΡΑΤΑ,8,κέρας,False,"[{""token_id"": ""494882"", ""citation"": ""REV 5.6"", ""raw_form"": ""κέρατα""}]"
syntacticus:Nb:74dd8cce1a1202c3197b6001fbff7791de10ba3383aac9015e35722957dbbb86,ΚΕΡΑΤΙΩΝ,1,κεράτιον,False,"[{""token_id"": ""334458"", ""citation"": ""LUKE 15.16"", ""raw_form"": ""κερατίων""}]"
syntacticus:Nb:82ccd72842104576e95933cfa8b89b6ea324f9c50827d2bb90f4831011dd4536,ΚΕΡΑΤΩΝ,2,κέρας,False,"[{""token_id"": ""496707"", ""citation"": ""REV 9.13"", ""raw_form"": ""κεράτων""}]"
syntacticus:Nb:56cb505701a5d60d6d7fd869883253bd3afa8aa1d3b60bb8530c329ae9708065,ΚΕΡΔΗ,1,κέρδος,False,"[{""token_id"": ""448261"", ""citation"": ""PHIL 3.7"", ""raw_form"": ""κέρδη""}]"
syntacticus:Nb:6618bb0a847cc957f2cc53fa9d728e2cb0970169e9a62699d0cd296749b0835a,ΚΕΡΔΟΣ,1,κέρδος,False,"[{""token_id"": ""447476"", ""citation"": ""PHIL 1.21"", ""raw_form"": ""κέρδος""}]"
syntacticus:Nb:c144749ca55cdc54875d939c01c5016b853a3cc3f95b400e0db70bdac71824cc,ΚΕΡΔΟΥΣ,1,κέρδος,False,"[{""token_id"": ""464824"", ""citation"": ""TIT 1.11"", ""raw_form"": ""κέρδους""}]"
syntacticus:Nb:d3adeca597ebd2c3fb4ca6ff890d254462c214ff886a4628264a33ca6a929acb,ΚΕΡΜΑ,1,κέρμα,False,"[{""token_id"": ""343707"", ""citation"": ""JOHN 2.15"", ""raw_form"": ""κέρμα""}]"
syntacticus:Nb:7556cdf0beb42b01325c688540d466f7560ff448245c55fa6782b009afcb101f,ΚΕΡΜΑΤΙΣΤΑΣ,1,κερματιστής,False,"[{""token_id"": ""343681"", ""citation"": ""JOHN 2.14"", ""raw_form"": ""κερματιστὰς""}]"
syntacticus:Nb:b679ef6b3e32996f360a1cea6e78658ee89d88664134c120cc5ab2bb500a66f5,ΚΕΦΑΛΑΙ,3,κεφαλή,False,"[{""token_id"": ""496803"", ""citation"": ""REV 9.17"", ""raw_form"": ""κεφαλαὶ""}]"
syntacticus:Nb:49e4f5590299b4a4e1061d880acb9cee4d79ce0c5895220fbc7f5485fde863d4,ΚΕΦΑΛΑΙΟΝ,1,κεφάλαιον,False,"[{""token_id"": ""469015"", ""citation"": ""HEB 8.1"", ""raw_form"": ""Κεφάλαιον""}]"
syntacticus:Nb:3b66e42b7d4a418cca081fd1df80009a15803753fe80f6dc7bea8d0445eff71f,ΚΕΦΑΛΑΙΟΥ,1,κεφάλαιον,False,"[{""token_id"": ""394446"", ""citation"": ""ACTS 22.28"", ""raw_form"": ""κεφαλαίου""}]"
syntacticus:Nb:e092de384e3a1068b48d417f39f5af99a06147603176cc6667326017a5f07a4c,ΚΕΦΑΛΑΣ,13,κεφαλή,False,"[{""token_id"": ""286779"", ""citation"": ""MATT 27.39"", ""raw_form"": ""κεφαλὰς""}]"
syntacticus:Nb:5dd50a702973cc5cdba920efd85af3adc83e8628a5b49ee9a1cfa38b21d37e94,ΚΕΦΑΛΗ,11,κεφαλή,False,"[{""token_id"": ""276045"", ""citation"": ""MATT 14.11"", ""raw_form"": ""κεφαλὴ""}]"
syntacticus:Nb:d9f0456968050f17c60ab243fa5ad91846213a51f356926fd8aaca4971483264,ΚΕΦΑΛΗΝ,30,κεφαλή,False,"[{""token_id"": ""269855"", ""citation"": ""MATT 6.17"", ""raw_form"": ""κεφαλὴν""}]"
syntacticus:Nb:4246585f79e35b015c20be60047d20f1608e2a11088bc01d735077129024e02f,ΚΕΦΑΛΗΣ,13,κεφαλή,False,"[{""token_id"": ""272841"", ""citation"": ""MATT 10.30"", ""raw_form"": ""κεφαλῆς""}]"
syntacticus:Nb:becb3e60454a476e91b97e6e0e6599718008db591dee0933566d1a372b8bd023,ΚΕΦΑΛΙΔΙ,1,κεφαλίς,False,"[{""token_id"": ""469995"", ""citation"": ""HEB 10.7"", ""raw_form"": ""κεφαλίδι""}]"
syntacticus:Nb:99d34a240055f9bcc936c5df3b0bbe999c314c8116cd0e7a5e99fbba0ef2b55e,ΚΕΦΑΛΩΝ,1,κεφαλή,False,"[{""token_id"": ""498405"", ""citation"": ""REV 13.3"", ""raw_form"": ""κεφαλῶν""}]"
syntacticus:Nb:f0e7faaf8656a201d7416f5c69193ab948aa016a550c5b248c7b24cdc10cce62,ΚΗΝΣΟΝ,3,κῆνσος,False,"[{""token_id"": ""278343"", ""citation"": ""MATT 17.25"", ""raw_form"": ""κῆνσον""}]"
syntacticus:Nb:9ca50903374a7a82571b6bd86ad4e850a60ff0eae27a8119cbcc28bf6cd85fb5,ΚΗΝΣΟΥ,1,κῆνσος,False,"[{""token_id"": ""281725"", ""citation"": ""MATT 22.19"", ""raw_form"": ""κήνσου""}]"
syntacticus:Nb:c1bcf9759745b6a33df5438e4aa852f6577c37531aa4282ede6603b1b0a69813,ΚΗΠΟΝ,1,κῆπος,False,"[{""token_id"": ""333105"", ""citation"": ""LUKE 13.19"", ""raw_form"": ""κῆπον""}]"
syntacticus:Nb:d9bba01d7bc338f3a59662a03ab3483c475bf4fa27f99afb6b4a82ee85e2c286,ΚΗΠΟΣ,2,κῆπος,False,"[{""token_id"": ""357535"", ""citation"": ""JOHN 18.1"", ""raw_form"": ""κῆπος""}]"
syntacticus:Nb:1b07d2222408f430654516ac4d930dd4eaf277bdc41df7ad11e3ec0590463f89,ΚΗΠΟΥΡΟΣ,1,κηπουρός,False,"[{""token_id"": ""359677"", ""citation"": ""JOHN 20.15"", ""raw_form"": ""κηπουρός""}]"
syntacticus:Nb:e31fb7029f2f21e72472f1519a7ba3dadc12962fefc19ad3f059ac0f7087ac95,ΚΗΡΥΓΜΑ,6,κήρυγμα,False,"[{""token_id"": ""274450"", ""citation"": ""MATT 12.41"", ""raw_form"": ""κήρυγμα""}]"
syntacticus:Nb:6e516d55c8351c349f87ecc68418a6c2189b9a34856c18d36abef867c74a3428,ΚΗΡΥΓΜΑΤΙ,1,κήρυγμα,False,"[{""token_id"": ""464662"", ""citation"": ""TIT 1.3"", ""raw_form"": ""κηρύγματι""}]"
syntacticus:Nb:f03715b2cf9033151c2593739485873359c15ae4d2862f1befe0ab63f90fc85c,ΚΗΡΥΓΜΑΤΟΣ,1,κήρυγμα,False,"[{""token_id"": ""414010"", ""citation"": ""1COR 1.21"", ""raw_form"": ""κηρύγματος""}]"
syntacticus:Nb:1d816841e1e38d3cc2dc33cc27282bcd8c619b7a374b0b632675341efeb9a9a0,ΚΗΡΥΞ,2,κῆρυξ,False,"[{""token_id"": ""458972"", ""citation"": ""1TIM 2.7"", ""raw_form"": ""κῆρυξ""}]"
syntacticus:Nb:c2b003d752913fb853dba2137483ac25d452d3568ac017177055b765f8a71cb2,ΚΗΤΟΥΣ,1,κῆτος,False,"[{""token_id"": ""274408"", ""citation"": ""MATT 12.40"", ""raw_form"": ""κήτους""}]"
syntacticus:Nb:79c127800292f599d5cf92483aea62b3e0c4385d250110adab6335bedf0ae50a,ΚΙΒΩΤΟΝ,4,κιβωτός,False,"[{""token_id"": ""283601"", ""citation"": ""MATT 24.38"", ""raw_form"": ""κιβωτόν""}]"
syntacticus:Nb:18f9d701cb840cee1b1974810bfacb280c6da61c8279cf0f22984f3c38e89ae1,ΚΙΒΩΤΟΣ,1,κιβωτός,False,"[{""token_id"": ""497819"", ""citation"": ""REV 11.19"", ""raw_form"": ""κιβωτὸς""}]"
syntacticus:Nb:eee9d6afa0aa50ce4103cfaf2c097e80fdd9f906ccb3ec8cf81d5cc07c966457,ΚΙΘΑΡΑ,1,κιθάρα,False,"[{""token_id"": ""419652"", ""citation"": ""1COR 14.7"", ""raw_form"": ""κιθάρα""}]"
syntacticus:Nb:268bf164a83220566491148c72ca078203b05c0de6e7cffffbb66111d4c02813,ΚΙΘΑΡΑΙΣ,1,κιθάρα,False,"[{""token_id"": ""498888"", ""citation"": ""REV 14.2"", ""raw_form"": ""κιθάραις""}]"
syntacticus:Nb:c8d745c3bb9624df26a0d0e3e4a2f647450170eb3ff21c6fca78d8800183d87a,ΚΙΘΑΡΑΝ,1,κιθάρα,False,"[{""token_id"": ""760846"", ""citation"": ""REV 5.8"", ""raw_form"": ""κιθάραν""}]"
syntacticus:Nb:186f119470e574b32fe7089d4686a509426e961ed629805e3f0eb4e380c71b83,ΚΙΘΑΡΑΣ,1,κιθάρα,False,"[{""token_id"": ""499500"", ""citation"": ""REV 15.2"", ""raw_form"": ""κιθάρας""}]"
syntacticus:Nb:46307c4e34cac30038bb0927a6081b983634d20681782374c1e8a4fea8d33fbb,ΚΙΝΔΥΝΟΙΣ,8,κίνδυνος,False,"[{""token_id"": ""432333"", ""citation"": ""2COR 11.26"", ""raw_form"": ""κινδύνοις""}]"
syntacticus:Nb:d09756028659e5d9798133a4fd9d28093525d552de4de27cd310d885db555159,ΚΙΝΔΥΝΟΣ,1,κίνδυνος,False,"[{""token_id"": ""403080"", ""citation"": ""ROM 8.35"", ""raw_form"": ""κίνδυνος""}]"
syntacticus:Nb:3c6ee83d9768d72b4f7a9fc3e8cc2f67b323d97cfcc07243fcbfc61ccd9a750a,ΚΙΝΝΑΜΩΜΟΝ,1,κιννάμωμον,False,"[{""token_id"": ""501057"", ""citation"": ""REV 18.13"", ""raw_form"": ""κιννάμωμον""}]"
syntacticus:Nb:7e594eb13492f2c162ce6afdc10365e3e4315579b68e50cc2a0f66c2150fbf54,ΚΛΑΔΟΙ,2,κλάδος,False,"[{""token_id"": ""404467"", ""citation"": ""ROM 11.16"", ""raw_form"": ""κλάδοι""}]"
syntacticus:Nb:09502fe18417f84d91f59e48b2da3d176ece55321338a9879db01ba1359eb453,ΚΛΑΔΟΙΣ,2,κλάδος,False,"[{""token_id"": ""275348"", ""citation"": ""MATT 13.32"", ""raw_form"": ""κλάδοις""}]"
syntacticus:Nb:8f430b44fad20efddba01c9512c399e738fb6160cc537a4cdf3e730b43de8ec0,ΚΛΑΔΟΣ,2,κλάδος,False,"[{""token_id"": ""283473"", ""citation"": ""MATT 24.32"", ""raw_form"": ""κλάδος""}]"
syntacticus:Nb:d56bec66c5368bdb4965d58f04ae16cc5ef18dd624b803047ade2931b31aec4a,ΚΛΑΔΟΥΣ,2,κλάδος,False,"[{""token_id"": ""280537"", ""citation"": ""MATT 21.8"", ""raw_form"": ""κλάδους""}]"
syntacticus:Nb:3ed49fe4bb738e78ccc28179c837a113968fa2f67d5c8ecff826d79ada6d5ec2,ΚΛΑΔΩΝ,3,κλάδος,False,"[{""token_id"": ""404473"", ""citation"": ""ROM 11.17"", ""raw_form"": ""κλάδων""}]"
syntacticus:Nb:c13ea8137f76160a14147c0888ff59ad87a52f8234d3dcd4a0335e1b7b7bfb8d,ΚΛΑΣΕΙ,2,κλάσις,False,"[{""token_id"": ""342171"", ""citation"": ""LUKE 24.35"", ""raw_form"": ""κλάσει""}]"
syntacticus:Nb:2a13d3d4d28f0669c12f51cc1c46fdf3b5c10ed170e4f42f028db6441b3d7775,ΚΛΑΣΜΑΤΑ,1,κλάσμα,False,"[{""token_id"": ""346828"", ""citation"": ""JOHN 6.12"", ""raw_form"": ""κλάσματα""}]"
syntacticus:Nb:2eb80e46fb78f3481b30e84529a8d46fe880ea9a7030165c7f748b46fb2c3a33,ΚΛΑΣΜΑΤΩΝ,8,κλάσμα,False,"[{""token_id"": ""276240"", ""citation"": ""MATT 14.20"", ""raw_form"": ""κλασμάτων""}]"
syntacticus:Nb:c06208738cb43285037300b32549550e5129cbe11fa6761db5984699e80e286c,ΚΛΑΥΘΜΟΣ,9,κλαυθμός,False,"[{""token_id"": ""267578"", ""citation"": ""MATT 2.18"", ""raw_form"": ""κλαυθμὸς""}]"
syntacticus:Nb:3549a5e1db8a70b97e3d532ec701895bc14e0253a17dd13fb53688be1294fa9f,ΚΛΕΙΔΑ,1,κλείς,False,"[{""token_id"": ""331454"", ""citation"": ""LUKE 11.52"", ""raw_form"": ""κλεῖδα""}]"
syntacticus:Nb:6b408f1cee4d4fd43c152a1c618b9b3166f9d29d410c1a3e2c7e36888191b3a5,ΚΛΕΙΔΑΣ,1,κλείς,False,"[{""token_id"": ""277577"", ""citation"": ""MATT 16.19"", ""raw_form"": ""κλεῖδας""}]"
syntacticus:Nb:7aa188ef8843cbae8aad1b7a6db410223efe20d6675a6aea6029c69c8c18ca37,ΚΛΕΙΝ,2,κλείς,False,"[{""token_id"": ""494007"", ""citation"": ""REV 3.7"", ""raw_form"": ""κλεῖν""}]"
syntacticus:Nb:f19528b3584687871a3f78ad3a17b96bb1f9fc9457a6c247a29b0b271c2c898e,ΚΛΕΙΣ,2,κλείς,False,"[{""token_id"": ""493059"", ""citation"": ""REV 1.18"", ""raw_form"": ""κλεῖς""}]"
syntacticus:Nb:ecffebd8d4370beeff47080cafb25e54da20aebed4cb563c8b61fa2418b27dc3,ΚΛΕΜΜΑΤΩΝ,1,κλέμμα,False,"[{""token_id"": ""496955"", ""citation"": ""REV 9.21"", ""raw_form"": ""κλεμμάτων""}]"
syntacticus:Nb:c517769509a0376ca650eedbb01c310bcf994ff6859f206a0afeba3f5258a3d4,ΚΛΕΟΣ,1,κλέος,False,"[{""token_id"": ""481327"", ""citation"": ""1PET 2.20"", ""raw_form"": ""κλέος""}]"
syntacticus:Nb:c35741d769b981640be18b84c09e085576e86193f60344cbdd600eaf450451f7,ΚΛΕΠΤΑΙ,4,κλέπτης,False,"[{""token_id"": ""269905"", ""citation"": ""MATT 6.19"", ""raw_form"": ""κλέπται""}]"
syntacticus:Nb:8d33f57fba77635d73fd119dc4160a3e81aa629bfbbee796c1bf2b443b3ff110,ΚΛΕΠΤΗΣ,10,κλέπτης,False,"[{""token_id"": ""283674"", ""citation"": ""MATT 24.43"", ""raw_form"": ""κλέπτης""}]"
syntacticus:Nb:58a8e005f46a41573f8003203b9c975fde2e6b84ec882d98ffcbab7566a88a96,ΚΛΗΜΑ,3,κλῆμα,False,"[{""token_id"": ""355705"", ""citation"": ""JOHN 15.2"", ""raw_form"": ""κλῆμα""}]"
syntacticus:Nb:a2f162bbe21eab5dbd9341bcaa6af12a0b4c6de4f9af32a3edfbb8f907859b16,ΚΛΗΜΑΤΑ,1,κλῆμα,False,"[{""token_id"": ""355780"", ""citation"": ""JOHN 15.5"", ""raw_form"": ""κλήματα""}]"
syntacticus:Nb:85031294dc9cd154a41a9d3607b1ec7fdbb195932a85ddda30e90662055b12bf,ΚΛΗΡΟΝ,5,κλῆρος,False,"[{""token_id"": ""286729"", ""citation"": ""MATT 27.35"", ""raw_form"": ""κλῆρον""}]"
syntacticus:Nb:99df45e09565558e603a700a055b264f1d67aabe57c10448cabe5eaefa78c3cc,ΚΛΗΡΟΝΟΜΙΑ,3,κληρονομία,False,"[{""token_id"": ""110736"", ""citation"": ""MARK 12.7"", ""raw_form"": ""κληρονομία""}]"
syntacticus:Nb:b837d525425c31df0ed4efe21446221d166e56b2f2cdf99478d7f878d6330c5b,ΚΛΗΡΟΝΟΜΙΑΝ,7,κληρονομία,False,"[{""token_id"": ""281245"", ""citation"": ""MATT 21.38"", ""raw_form"": ""κληρονομίαν""}]"
syntacticus:Nb:ccdf2690e56e794bc578e4d150e0f97e2d5be138cb3c209c917064585f4d7ce8,ΚΛΗΡΟΝΟΜΙΑΣ,4,κληρονομία,False,"[{""token_id"": ""442498"", ""citation"": ""EPH 1.14"", ""raw_form"": ""κληρονομίας""}]"
syntacticus:Nb:e37f683a0aeb20de357ece229f1f4f27f41174aad8e98a1f9b5fce598663e7e3,ΚΛΗΡΟΝΟΜΟΙ,5,κληρονόμος,False,"[{""token_id"": ""400763"", ""citation"": ""ROM 4.14"", ""raw_form"": ""κληρονόμοι""}]"
syntacticus:Nb:2803a6319cb5574a71d477db27c95d955b4d5cbdb0959e57fef02beb4d8eec56,ΚΛΗΡΟΝΟΜΟΙΣ,1,κληρονόμος,False,"[{""token_id"": ""468423"", ""citation"": ""HEB 6.17"", ""raw_form"": ""κληρονόμοις""}]"
syntacticus:Nb:2c482c3e9c10d18ceba4117c174c5100870c5aeb529de4d37d12eed9c2fe2d6d,ΚΛΗΡΟΝΟΜΟΝ,2,κληρονόμος,False,"[{""token_id"": ""400748"", ""citation"": ""ROM 4.13"", ""raw_form"": ""κληρονόμον""}]"
syntacticus:Nb:26e67d009777cd1a6fad97e0fd4753245d707cf42aa892549c1eb4ed4af4d376,ΚΛΗΡΟΝΟΜΟΣ,6,κληρονόμος,False,"[{""token_id"": ""281237"", ""citation"": ""MATT 21.38"", ""raw_form"": ""κληρονόμος""}]"
syntacticus:Nb:d4f8e3043e1963b4d6aa136306a9f58bb915c98ae70cdb4e369d8529794c9d09,ΚΛΗΡΟΝΟΜΟΥΣ,1,κληρονόμος,False,"[{""token_id"": ""477410"", ""citation"": ""JAS 2.5"", ""raw_form"": ""κληρονόμους""}]"
syntacticus:Nb:e43c3ce9daaeecd1a206310b41fc0c64ad7d7be664194065ad0ff7054fdf595c,ΚΛΗΡΟΣ,2,κλῆρος,False,"[{""token_id"": ""378455"", ""citation"": ""ACTS 1.26"", ""raw_form"": ""κλῆρος""}]"
syntacticus:Nb:a589da73bdea93d9952e43177b19fb21d9189a287e2bf3927dd08d6ab7899b2c,ΚΛΗΡΟΥ,1,κλῆρος,False,"[{""token_id"": ""450752"", ""citation"": ""COL 1.12"", ""raw_form"": ""κλήρου""}]"
syntacticus:Nb:c060befde5b68da99fc295038cf9ea8c636f9993221af46ddc77060944697a4d,ΚΛΗΡΟΥΣ,2,κλῆρος,False,"[{""token_id"": ""341182"", ""citation"": ""LUKE 23.34"", ""raw_form"": ""κλήρους""}]"
syntacticus:Nb:22630bead0de5bd697d4e7d200f0120d3edd0805a5968cf5f0992e0352ded017,ΚΛΗΣΕΙ,2,κλῆσις,False,"[{""token_id"": ""416357"", ""citation"": ""1COR 7.20"", ""raw_form"": ""κλήσει""}]"
syntacticus:Nb:d61f5f6b1e493a6e1c9aefae587e690dfb3a41a7f44776836ed6030f0edbbf16,ΚΛΗΣΕΩΣ,6,κλῆσις,False,"[{""token_id"": ""442586"", ""citation"": ""EPH 1.18"", ""raw_form"": ""κλήσεως""}]"
syntacticus:Nb:15a1e82aee8ddd659602c06b63a2e0813e31cc30fc51f092bef4faeb8371fb47,ΚΛΗΣΙΝ,1,κλῆσις,False,"[{""token_id"": ""414077"", ""citation"": ""1COR 1.26"", ""raw_form"": ""κλῆσιν""}]"
syntacticus:Nb:a040c26ebb7974a6825b2f7ca6cbfdb468c73486f6923b1d1d495e353565bdc8,ΚΛΗΣΙΣ,1,κλῆσις,False,"[{""token_id"": ""404723"", ""citation"": ""ROM 11.29"", ""raw_form"": ""κλῆσις""}]"
syntacticus:Nb:52dabf8a1ae091b88b2663abfd0d14701fd6560e1dda58faa27f27aeb4316931,ΚΛΙΒΑΝΟΝ,2,κλίβανος,False,"[{""token_id"": ""270152"", ""citation"": ""MATT 6.30"", ""raw_form"": ""κλίβανον""}]"
syntacticus:Nb:cc23d115085639d5fc5f342644cd60cd9c0fb1e75e5b63d517ab327317df4c50,ΚΛΙΜΑΣΙ,1,κλίμα,False,"[{""token_id"": ""406391"", ""citation"": ""ROM 15.23"", ""raw_form"": ""κλίμασι""}]"
syntacticus:Nb:74fbfd25f1a609a4cefc3488e759e162471fbc9cbd30df118f52a8b84267d750,ΚΛΙΜΑΣΙΝ,1,κλίμα,False,"[{""token_id"": ""432060"", ""citation"": ""2COR 11.10"", ""raw_form"": ""κλίμασιν""}]"
syntacticus:Nb:eeb6a5fb259fdc1516c843740f333606a3075be5e5adb1b2406d1db880a407ed,ΚΛΙΜΑΤΑ,1,κλίμα,False,"[{""token_id"": ""437890"", ""citation"": ""GAL 1.21"", ""raw_form"": ""κλίματα""}]"
syntacticus:Nb:5824884518284247b4187e87c3e4c790baec82a80031a0cece0b34008b6512ce,ΚΛΙΝΑΡΙΩΝ,1,κλινάριον,False,"[{""token_id"": ""381018"", ""citation"": ""ACTS 5.15"", ""raw_form"": ""κλιναρίων""}]"
syntacticus:Nb:d013adea60cef4c9c8d3ac0b8652e97ee7672245ce403f259ea6cd89729da48d,ΚΛΙΝΗΝ,4,κλίνη,False,"[{""token_id"": ""271623"", ""citation"": ""MATT 9.6"", ""raw_form"": ""κλίνην""}]"
syntacticus:Nb:424e6d03b68cafd37da2b7295bd568c183681028a12e02e91e2ed543133eaaac,ΚΛΙΝΗΣ,4,κλίνη,False,"[{""token_id"": ""271527"", ""citation"": ""MATT 9.2"", ""raw_form"": ""κλίνης""}]"
syntacticus:Nb:0cd4b9988124e35edf4554a8e90883787f47690bec29db9ccee9f740324306b4,ΚΛΙΝΙΔΙΟΝ,1,κλινίδιον,False,"[{""token_id"": ""324428"", ""citation"": ""LUKE 5.24"", ""raw_form"": ""κλινίδιόν""}]"
syntacticus:Nb:384d83c8b5f4907bedc88244331e378e2c6016064ff7764f9147ad8ffe5f135c,ΚΛΙΣΙΑΣ,1,κλισία,False,"[{""token_id"": ""328412"", ""citation"": ""LUKE 9.14"", ""raw_form"": ""κλισίας""}]"
syntacticus:Nb:93e73cb09c7094f9174b007d494b71cc089d2b3a70a89e49a7353a4e4c5725c3,ΚΛΟΠΑΙ,2,κλοπή,False,"[{""token_id"": ""276822"", ""citation"": ""MATT 15.19"", ""raw_form"": ""κλοπαί""}]"
syntacticus:Nb:f227e51ec2e7186fca5a3aaa59b377bfc9329eb20cbe4ba843d1cba1d1a1e8e6,ΚΛΥΔΩΝΙ,2,κλύδων,False,"[{""token_id"": ""327395"", ""citation"": ""LUKE 8.24"", ""raw_form"": ""κλύδωνι""}]"
syntacticus:Nb:f7ae0c08d0bebe6b5a08be6227ca71129e50f42eb7d644b50f6b7fbd48fb8710,ΚΟΔΡΑΝΤΗΝ,1,κοδράντης,False,"[{""token_id"": ""269076"", ""citation"": ""MATT 5.26"", ""raw_form"": ""κοδράντην""}]"
syntacticus:Nb:9192577d34ab67b3bab5300921a5fc0ab2a59a308cbcea8896da82b16effaa67,ΚΟΔΡΑΝΤΗΣ,1,κοδράντης,False,"[{""token_id"": ""111473"", ""citation"": ""MARK 12.42"", ""raw_form"": ""κοδράντης""}]"
syntacticus:Nb:5743d860f1dea0edac661397ec11e00100b754a27c4b1d039451da54d1ef8565,ΚΟΙΛΙΑ,4,κοιλία,False,"[{""token_id"": ""330916"", ""citation"": ""LUKE 11.27"", ""raw_form"": ""κοιλία""}]"
syntacticus:Nb:b4d04d22ce1fefd6e4a016be8c1f561dba046d4cf758c137c93a961aab42a5cb,ΚΟΙΛΙΑΙ,1,κοιλία,False,"[{""token_id"": ""341081"", ""citation"": ""LUKE 23.29"", ""raw_form"": ""κοιλίαι""}]"
syntacticus:Nb:67b43b3ef466f501578a58e2e47bee1b6ac043c42830bee5eac596c5323cd3b5,ΚΟΙΛΙΑΝ,5,κοιλία,False,"[{""token_id"": ""276784"", ""citation"": ""MATT 15.17"", ""raw_form"": ""κοιλίαν""}]"
syntacticus:Nb:239f8e7e31f0b9572e125ff5dc410c7a82037e28b573d7712dac78b72af96458,ΚΟΙΛΙΑΣ,7,κοιλία,False,"[{""token_id"": ""279373"", ""citation"": ""MATT 19.12"", ""raw_form"": ""κοιλίας""}]"
syntacticus:Nb:78fe1d6fa74ada7263e359849dfb551b7a91f0a756ec67d358dde5395ec2edfc,ΚΟΙΜΗΣΕΩΣ,1,κοίμησις,False,"[{""token_id"": ""352360"", ""citation"": ""JOHN 11.13"", ""raw_form"": ""κοιμήσεως""}]"
syntacticus:Nb:a249924f4244ce9b55ebc66b8096df577019f05d4c4fd2b1cc92e12ef50f13aa,ΚΟΙΝΩΝΙΑ,6,κοινωνία,False,"[{""token_id"": ""417820"", ""citation"": ""1COR 10.16"", ""raw_form"": ""κοινωνία""}]"
syntacticus:Nb:a71a6b5694c8a8372d00cc088081fccf0128c4cef500fafbc981e071131a541c,ΚΟΙΝΩΝΙΑΝ,4,κοινωνία,False,"[{""token_id"": ""406444"", ""citation"": ""ROM 15.26"", ""raw_form"": ""κοινωνίαν""}]"
syntacticus:Nb:050198e2fb983384daf2fce703bffb5adbcbaebd5e413710624ff02740098530,ΚΟΙΝΩΝΙΑΣ,2,κοινωνία,False,"[{""token_id"": ""431491"", ""citation"": ""2COR 9.13"", ""raw_form"": ""κοινωνίας""}]"
syntacticus:Nb:b11d42eb4c3a79d0d5a41e5780d10410313f173838a190daf1a40e7bcfd3cf29,ΚΟΙΝΩΝΟΙ,5,κοινωνός,False,"[{""token_id"": ""282712"", ""citation"": ""MATT 23.30"", ""raw_form"": ""κοινωνοὶ""}]"
syntacticus:Nb:e6e81cef931a417684cb239f99f6f23ff07364bbbcbb8b839e4565e75035ad00,ΚΟΙΝΩΝΟΝ,1,κοινωνός,False,"[{""token_id"": ""466136"", ""citation"": ""PHILEM 1.17"", ""raw_form"": ""κοινωνόν""}]"
syntacticus:Nb:f734d1aca1cd42dcb6044b52413e4d0058ee4b9d282302ad92e2e6ff93d42a40,ΚΟΙΝΩΝΟΣ,1,κοινωνός,False,"[{""token_id"": ""431175"", ""citation"": ""2COR 8.23"", ""raw_form"": ""κοινωνὸς""}]"
syntacticus:Nb:0f18c555123bbdd2a63ab8a7c5d9196661f4ac89c28bf00de22bd3f6c1ca1613,ΚΟΙΝΩΝΟΥΣ,1,κοινωνός,False,"[{""token_id"": ""417905"", ""citation"": ""1COR 10.20"", ""raw_form"": ""κοινωνοὺς""}]"
syntacticus:Nb:25e27aff825a2d337e42f1c3c6c469a98f3779184c08efa4cfdc0b9867b60334,ΚΟΙΤΑΙΣ,1,κοίτη,False,"[{""token_id"": ""405495"", ""citation"": ""ROM 13.13"", ""raw_form"": ""κοίταις""}]"
syntacticus:Nb:770f85c33b01b27ec6f3d37ee7e0340ceaa64aa1aad9f5292c4ed4f6022645f2,ΚΟΙΤΗΝ,2,κοίτη,False,"[{""token_id"": ""330505"", ""citation"": ""LUKE 11.7"", ""raw_form"": ""κοίτην""}]"
syntacticus:Nb:822fb48d44e01a13a25d2b1486cf10b83ab86d472a025e2fabc93ed92284454d,ΚΟΙΤΩΝΟΣ,1,κοιτών,False,"[{""token_id"": ""386814"", ""citation"": ""ACTS 12.20"", ""raw_form"": ""κοιτῶνος""}]"
syntacticus:Nb:a5aef25f39e04ab766eb02873c52748032050ee7ab6c3f933a16d475f2e55518,ΚΟΚΚΟΝ,3,κόκκος,False,"[{""token_id"": ""278236"", ""citation"": ""MATT 17.20"", ""raw_form"": ""κόκκον""}]"
syntacticus:Nb:5b310f08fcc62a0d5497db5786aea783c05c44f5583be05db0cfba298755d94d,ΚΟΚΚΟΣ,1,κόκκος,False,"[{""token_id"": ""353667"", ""citation"": ""JOHN 12.24"", ""raw_form"": ""κόκκος""}]"
syntacticus:Nb:9af788c2b9ceea4f6852fd0abb8e9ef50132f2a083047a639c8b6cad6449b76e,ΚΟΛΑΚΙΑΣ,1,κολακεία,False,"[{""token_id"": ""454099"", ""citation"": ""1THESS 2.5"", ""raw_form"": ""κολακίας""}]"
syntacticus:Nb:ef72df5918b7dc6a61cab0c848a881c8ce9fd2d630f9fc67216ea737a6002d70,ΚΟΛΑΣΙΝ,1,κόλασις,False,"[{""token_id"": ""284686"", ""citation"": ""MATT 25.46"", ""raw_form"": ""κόλασιν""}]"
syntacticus:Nb:7a04cbf36663d0f3789e9edcf53f307d53109106627b3f8bd36b69ddcbdb9370,ΚΟΛΛΥΒΙΣΤΩΝ,3,κολλυβιστής,False,"[{""token_id"": ""280631"", ""citation"": ""MATT 21.12"", ""raw_form"": ""κολλυβιστῶν""}]"
syntacticus:Nb:9f1c40c604be0ca9d9aff0b026d5900450edc5973e1617fa73cf78c848db0bfd,ΚΟΛΛΥΡΙΟΝ,1,κολλύριον,False,"[{""token_id"": ""494331"", ""citation"": ""REV 3.18"", ""raw_form"": ""κολλύριον""}]"
syntacticus:Nb:65c643c0fd53b78a3903027ec3df151d25870653da0fbb7ecacefd63bb8ac39c,ΚΟΛΠΟΙΣ,1,κόλπος,False,"[{""token_id"": ""335301"", ""citation"": ""LUKE 16.23"", ""raw_form"": ""κόλποις""}]"
syntacticus:Nb:2fe2fb2a5522bc222c90ef5ccbd783ffdaccad4dc4e2696000f2cc48ce13aa79,ΚΟΛΠΟΝ,4,κόλπος,False,"[{""token_id"": ""325515"", ""citation"": ""LUKE 6.38"", ""raw_form"": ""κόλπον""}]"
syntacticus:Nb:cb3d93a5626e8476c0fdef747c4fe8a6f06b649ca57055e0363734648f9fc1e6,ΚΟΛΥΜΒΗΘΡΑ,1,κολυμβήθρα,False,"[{""token_id"": ""345739"", ""citation"": ""JOHN 5.2"", ""raw_form"": ""κολυμβήθρα""}]"
syntacticus:Nb:93cd6da09ce2fd729a5005fd66158128a71a3ff5048e088256ff0c91428a2a5b,ΚΟΛΥΜΒΗΘΡΑΝ,2,κολυμβήθρα,False,"[{""token_id"": ""345819"", ""citation"": ""JOHN 5.7"", ""raw_form"": ""κολυμβήθραν""}]"
syntacticus:Nb:f1613f7b910a1c0885cfe717ac5e8005795ac8a59743e6da39a3c647dc1ace2d,ΚΟΛΩΝΙΑ,1,κολωνία,False,"[{""token_id"": ""389462"", ""citation"": ""ACTS 16.12"", ""raw_form"": ""κολωνία""}]"
syntacticus:Nb:2fd913e15bc2457ab49c5681ca958d22567d0c5d2bf95afa2247901f95254169,ΚΟΜΗ,1,κόμη,False,"[{""token_id"": ""418347"", ""citation"": ""1COR 11.15"", ""raw_form"": ""κόμη""}]"
syntacticus:Nb:aa0aeab30f0ac843dd5b96336127f6343ce23e3e2cd9080ea9d53a69b2fd87d1,ΚΟΝΙΟΡΤΟΝ,5,κονιορτός,False,"[{""token_id"": ""272509"", ""citation"": ""MATT 10.14"", ""raw_form"": ""κονιορτὸν""}]"
syntacticus:Nb:c79ef76b1af76848a47bfc815c417ef507e340ffa5f20c17148b2b0a4c16b803,ΚΟΠΕΤΟΝ,1,κοπετός,False,"[{""token_id"": ""383197"", ""citation"": ""ACTS 8.2"", ""raw_form"": ""κοπετὸν""}]"
syntacticus:Nb:6e4b5bc3891873280193f339be6f9240d98b4c043e53b0c046d7f7f798cc704d,ΚΟΠΗΣ,1,κοπή,False,"[{""token_id"": ""468513"", ""citation"": ""HEB 7.1"", ""raw_form"": ""κοπῆς""}]"
syntacticus:Nb:26923599365f3d3aab0a5981b8191054425a88ad65b3e77cc5d882b994ad7ffe,ΚΟΠΟΙΣ,3,κόπος,False,"[{""token_id"": ""430125"", ""citation"": ""2COR 6.5"", ""raw_form"": ""κόποις""}]"
syntacticus:Nb:a993e10f3f7ba88be6eed2aafbf0b9bd522b4dd0ac5fc771896af4cba6cd8a76,ΚΟΠΟΝ,5,κόπος,False,"[{""token_id"": ""336248"", ""citation"": ""LUKE 18.5"", ""raw_form"": ""κόπον""}]"
syntacticus:Nb:4c475baff48fbd91d1db8211e8f70740e0f1bca07e25cd65783f9883c840920b,ΚΟΠΟΣ,2,κόπος,False,"[{""token_id"": ""421246"", ""citation"": ""1COR 15.58"", ""raw_form"": ""κόπος""}]"
syntacticus:Nb:31ab5c1c4f630c78a5c4c05d7f785b3f3c98926f66efab5b1356e81f2c9ad882,ΚΟΠΟΥ,1,κόπος,False,"[{""token_id"": ""453826"", ""citation"": ""1THESS 1.3"", ""raw_form"": ""κόπου""}]"
syntacticus:Nb:1f7f080e70d1d831262ab487eea516190da2777aaf0b9985bc4e7d6dff41cab5,ΚΟΠΟΥΣ,4,κόπος,False,"[{""token_id"": ""284832"", ""citation"": ""MATT 26.10"", ""raw_form"": ""κόπους""}]"
syntacticus:Nb:4de76f85c58e4652ee610c97f1d9d1bcf8d520ca04b46f112e29df284e60274b,ΚΟΠΡΙΑ,1,κόπριον,False,"[{""token_id"": ""332879"", ""citation"": ""LUKE 13.8"", ""raw_form"": ""κόπρια""}]"
syntacticus:Nb:39f77b7ea2fcb97bdc4e8285d4c8d16a4ff4726d9acb5c090f7d28305030859c,ΚΟΠΡΙΑΝ,1,κοπρία,False,"[{""token_id"": ""334153"", ""citation"": ""LUKE 14.35"", ""raw_form"": ""κοπρίαν""}]"
syntacticus:Nb:69a25c89dfa28fc269849bbacfdb5e567f7bec640ffa858cb0d2d2b815de45b4,ΚΟΠΩΝ,1,κόπος,False,"[{""token_id"": ""499220"", ""citation"": ""REV 14.13"", ""raw_form"": ""κόπων""}]"
syntacticus:Nb:594c05646e6036869e0338113bfb04acb4c70c798eb0f9a5d8ef932d9c1d7c75,ΚΟΡΑΚΑΣ,1,κόραξ,False,"[{""token_id"": ""331973"", ""citation"": ""LUKE 12.24"", ""raw_form"": ""κόρακας""}]"
syntacticus:Nb:76ba407fbf6b9d9983c3899ad94b787cf39d39c0e7317918f2b232c76ac8358d,ΚΟΡΑΣΙΟΝ,5,κοράσιον,False,"[{""token_id"": ""271999"", ""citation"": ""MATT 9.24"", ""raw_form"": ""κοράσιον""}]"
syntacticus:Nb:bae8e10f2dc9853b8b26fef6f93ddf6d391754e3d7c5e464186d4952fa57aee7,ΚΟΡΒΑΝΑΝ,1,κορβανᾶς,False,"[{""token_id"": ""286219"", ""citation"": ""MATT 27.6"", ""raw_form"": ""κορβανᾶν""}]"
syntacticus:Nb:15f4d86091f3ad53f76d83c1498f19fc032506483e7a6de2305c645fdb62d138,ΚΟΡΟΥΣ,1,κόρος,False,"[{""token_id"": ""334954"", ""citation"": ""LUKE 16.7"", ""raw_form"": ""κόρους""}]"
syntacticus:Nb:325e65e01093adb60479e1655c1c41934f7a4f7db8e9b7150f4b537aef906a7b,ΚΟΣΜΟΚΡΑΤΟΡΑΣ,1,κοσμοκράτωρ,False,"[{""token_id"": ""444719"", ""citation"": ""EPH 6.12"", ""raw_form"": ""κοσμοκράτορας""}]"
syntacticus:Nb:936124d1a4100f4423ef7d052243e525b0986bdc1dc7c42adac57699f60f804e,ΚΟΣΜΟΝ,37,κόσμος,False,"[{""token_id"": ""277760"", ""citation"": ""MATT 16.26"", ""raw_form"": ""κόσμον""}]"
syntacticus:Nb:ef4c52ce344153c86bce69bf6ae504dbbf9dc62dddfdfb867158866ec677cea4,ΚΟΣΜΟΣ,26,κόσμος,False,"[{""token_id"": ""275463"", ""citation"": ""MATT 13.38"", ""raw_form"": ""κόσμος""}]"
syntacticus:Nb:8dd1464b708302b8400601eb0cc597fc176fc99fed511c3d0b9b2d7735cc9160,ΚΟΣΜΟΥ,63,κόσμος,False,"[{""token_id"": ""268229"", ""citation"": ""MATT 4.8"", ""raw_form"": ""κόσμου""}]"
syntacticus:Nb:b75064bcf70fcbdb1fab6c7a60deaa1baa20be5a2297a61b67a00743094ac2a6,ΚΟΥΣΤΩΔΙΑΝ,1,κουστωδία,False,"[{""token_id"": ""287254"", ""citation"": ""MATT 27.65"", ""raw_form"": ""κουστωδίαν""}]"
syntacticus:Nb:e3bfc75d5e9240ff77d0fa295627e7b894344049f52014c1060e2aec028c0db0,ΚΟΥΣΤΩΔΙΑΣ,2,κουστωδία,False,"[{""token_id"": ""287273"", ""citation"": ""MATT 27.66"", ""raw_form"": ""κουστωδίας""}]"
syntacticus:Nb:fd86c4fa85488a921a51ad552c3d818d934284d9ab455200e99395d264ab56f7,ΚΟΦΙΝΟΙ,1,κόφινος,False,"[{""token_id"": ""328463"", ""citation"": ""LUKE 9.17"", ""raw_form"": ""κόφινοι""}]"
syntacticus:Nb:610c9d9b5f6f473c944e787d430b39818690ed131c3ff138d9b06636de941ce4,ΚΟΦΙΝΟΥΣ,4,κόφινος,False,"[{""token_id"": ""276242"", ""citation"": ""MATT 14.20"", ""raw_form"": ""κοφίνους""}]"
syntacticus:Nb:d38a3f147a0cdec6b7113cb041cedb7514b7b9d7d075ce97acd8191cda572812,ΚΟΦΙΝΩΝ,1,κόφινος,False,"[{""token_id"": ""106236"", ""citation"": ""MARK 6.43"", ""raw_form"": ""κοφίνων""}]"
syntacticus:Nb:7954f0169e79377d1d8872ea4eda2368282e6c26b659071396439489a7cb1b5a,ΚΡΑΒΑΤΤΟΙΣ,1,κράβαττος,False,"[{""token_id"": ""106442"", ""citation"": ""MARK 6.55"", ""raw_form"": ""κραβάττοις""}]"
syntacticus:Nb:fd93c0fe779623786fd01d610e1ed504128cdb3e884d748193e47ac15ceb2665,ΚΡΑΒΑΤΤΟΝ,8,κράβαττος,False,"[{""token_id"": ""102601"", ""citation"": ""MARK 2.4"", ""raw_form"": ""κράβαττον""}]"
syntacticus:Nb:5b0cc3b672f743f7a399ec8cc6ee533350402b6918f905e26ca5acfdaca3dc29,ΚΡΑΒΑΤΤΟΥ,1,κράβαττος,False,"[{""token_id"": ""384596"", ""citation"": ""ACTS 9.33"", ""raw_form"": ""κραβάττου""}]"
syntacticus:Nb:bc84eff700afd5a166fd19048bdc7d8302faf523aa2dcbdbdec79d6222206fec,ΚΡΑΒΑΤΤΩΝ,1,κράβαττος,False,"[{""token_id"": ""381020"", ""citation"": ""ACTS 5.15"", ""raw_form"": ""κραβάττων""}]"
syntacticus:Nb:c5d3a18fd2a93fd18358773b9788103bdd24e8fde13cff4536726c02e20317ae,ΚΡΑΝΙΟΝ,1,κρανίον,False,"[{""token_id"": ""341142"", ""citation"": ""LUKE 23.33"", ""raw_form"": ""Κρανίον""}]"
syntacticus:Nb:f4d8cb4efa39dd6b4f82507cc455aa6d89ef6eea62cf4fec0366acc55570472d,ΚΡΑΝΙΟΥ,3,κρανίον,False,"[{""token_id"": ""286703"", ""citation"": ""MATT 27.33"", ""raw_form"": ""κρανίου""}]"
syntacticus:Nb:7ce502f0c3a51157b163fbf73bec9570912844ad0f25b26d689363cf38344d10,ΚΡΑΣΠΕΔΑ,1,κράσπεδον,False,"[{""token_id"": ""282235"", ""citation"": ""MATT 23.5"", ""raw_form"": ""κράσπεδα""}]"
syntacticus:Nb:529b68755cdce1d4b9b642fecd40b868bf2cbef1757452cbbfaefcef66e1aed6,ΚΡΑΣΠΕΔΟΥ,4,κράσπεδον,False,"[{""token_id"": ""271930"", ""citation"": ""MATT 9.20"", ""raw_form"": ""κρασπέδου""}]"
syntacticus:Nb:e71298a5721b0b679ee62a83d316a64a5e10f2920019065712d1312941de8aaa,ΚΡΑΤΕΙ,1,κράτος,False,"[{""token_id"": ""444676"", ""citation"": ""EPH 6.10"", ""raw_form"": ""κράτει""}]"
syntacticus:Nb:26974a2609e89121b6e17ed185f729c9c746c3d4fdcb6ec86c523aed9f15f3c3,ΚΡΑΤΟΣ,7,κράτος,False,"[{""token_id"": ""320968"", ""citation"": ""LUKE 1.51"", ""raw_form"": ""κράτος""}]"
syntacticus:Nb:726488c8930acdf3232437c07b8fdc38825306c4c76979555da38af8b362a142,ΚΡΑΤΟΥΣ,1,κράτος,False,"[{""token_id"": ""442617"", ""citation"": ""EPH 1.19"", ""raw_form"": ""κράτους""}]"
syntacticus:Nb:ec5500a6731badeca41ddf9c4dc8aa006b6b5ced9c960b2b798b8d106fe91e11,ΚΡΑΥΓΗ,4,κραυγή,False,"[{""token_id"": ""283895"", ""citation"": ""MATT 25.6"", ""raw_form"": ""κραυγὴ""}]"
syntacticus:Nb:c1ab2f424a1972a6eb582204f86864e6cad5ae632231a704a3d22d2762a11320,ΚΡΑΥΓΗΣ,1,κραυγή,False,"[{""token_id"": ""468021"", ""citation"": ""HEB 5.7"", ""raw_form"": ""κραυγῆς""}]"
syntacticus:Nb:b2d2cc0aad94962a2feccba8b7e56b5156df0c4613f0be12dcec3285a8f69647,ΚΡΕΑ,2,κρέας,False,"[{""token_id"": ""405906"", ""citation"": ""ROM 14.21"", ""raw_form"": ""κρέα""}]"
syntacticus:Nb:206cc8f93801f99ff337966db5765c3b55f595a9f48b70de7843c3bf892855eb,ΚΡΗΜΝΟΥ,3,κρημνός,False,"[{""token_id"": ""271458"", ""citation"": ""MATT 8.32"", ""raw_form"": ""κρημνοῦ""}]"
syntacticus:Nb:329f29c090ef916a9502fd891fea5e92b8d0c39cdaa153fe5a0d0050ffe79545,ΚΡΙΘΩΝ,1,κριθή,False,"[{""token_id"": ""495281"", ""citation"": ""REV 6.6"", ""raw_form"": ""κριθῶν""}]"
syntacticus:Nb:ce6a7f0f494aa34927b952f86d95e18a64b19789c8830e48aac4fe62d3bb26a1,ΚΡΙΜΑ,18,κρίμα,False,"[{""token_id"": ""111439"", ""citation"": ""MARK 12.40"", ""raw_form"": ""κρίμα""}]"
syntacticus:Nb:ebd670e5760eeee6a6a5421db1f5f2165f647b3730ab79cc9a988c96f71c7b16,ΚΡΙΜΑΤΑ,2,κρίμα,False,"[{""token_id"": ""404781"", ""citation"": ""ROM 11.33"", ""raw_form"": ""κρίματα""}]"
syntacticus:Nb:99214e2563cbd6caebf516a71d1a4324677be0d38a35b52d9fe704441ea03991,ΚΡΙΜΑΤΙ,2,κρίμα,False,"[{""token_id"": ""270249"", ""citation"": ""MATT 7.2"", ""raw_form"": ""κρίματι""}]"
syntacticus:Nb:ed46b4168310fb3688045a8d8190f929004b8e482d22f34666a27e1d757c740d,ΚΡΙΜΑΤΟΣ,2,κρίμα,False,"[{""token_id"": ""395700"", ""citation"": ""ACTS 24.25"", ""raw_form"": ""κρίματος""}]"
syntacticus:Nb:12e51870e3ddab832598b492df04196e94bb98ab10634b7c08c52a514cff02bd,ΚΡΙΝΑ,2,κρίνον,False,"[{""token_id"": ""270114"", ""citation"": ""MATT 6.28"", ""raw_form"": ""κρίνα""}]"
syntacticus:Nb:930526d49b0a13e7df56a05aa056de00cb16ecea1bf6e71a8ff4e03992d21172,ΚΡΙΣΕΙ,7,κρίσις,False,"[{""token_id"": ""268935"", ""citation"": ""MATT 5.21"", ""raw_form"": ""κρίσει""}]"
syntacticus:Nb:2e6e821bb8d6e6b282d4ec4604aad0c2d47995e0655a4158c91add6efe2a7408,ΚΡΙΣΕΙΣ,2,κρίσις,False,"[{""token_id"": ""499846"", ""citation"": ""REV 16.7"", ""raw_form"": ""κρίσεις""}]"
syntacticus:Nb:a6430b7a226b5c43434db783a84663c7577b5b19b01cea3211595bea6aba6158,ΚΡΙΣΕΩΣ,12,κρίσις,False,"[{""token_id"": ""272527"", ""citation"": ""MATT 10.15"", ""raw_form"": ""κρίσεως""}]"
syntacticus:Nb:ac36b6fe4ce1ac04ba3e54d24e1bc06c28309787926ac746cf1679bdfbcae39e,ΚΡΙΣΙΝ,10,κρίσις,False,"[{""token_id"": ""273960"", ""citation"": ""MATT 12.18"", ""raw_form"": ""κρίσιν""}]"
syntacticus:Nb:67e949f7544b0e92cb4e2764a0bb2e248d6b9af24785577c7d5823cd95ebdad3,ΚΡΙΣΙΣ,8,κρίσις,False,"[{""token_id"": ""344288"", ""citation"": ""JOHN 3.19"", ""raw_form"": ""κρίσις""}]"
syntacticus:Nb:ee7add86d9520d649c216b475a193f362e30d5453b51d8025d260386dc6d0325,ΚΡΙΤΑΙ,3,κριτής,False,"[{""token_id"": ""274123"", ""citation"": ""MATT 12.27"", ""raw_form"": ""κριταὶ""}]"
syntacticus:Nb:251db66af865820a66b4457eb4e7535319f8edddd445eaf0d7ce8530192e016f,ΚΡΙΤΑΣ,1,κριτής,False,"[{""token_id"": ""387320"", ""citation"": ""ACTS 13.20"", ""raw_form"": ""κριτὰς""}]"
syntacticus:Nb:30592e1ef5d5948506abf1b4e39f494b3fcc215357c69e206e9f305ba4cbf2c3,ΚΡΙΤΗΝ,3,κριτής,False,"[{""token_id"": ""331784"", ""citation"": ""LUKE 12.14"", ""raw_form"": ""κριτὴν""}]"
syntacticus:Nb:52ec0ea45bcbb65f74e66aa97dd503af22ba9f131a42bd6b3f049da224f362c6,ΚΡΙΤΗΡΙΑ,2,κριτήριον,False,"[{""token_id"": ""415633"", ""citation"": ""1COR 6.4"", ""raw_form"": ""κριτήρια""}]"
syntacticus:Nb:48cc23ff139f321751f374df1c0a675c8505f2c9a37df4f37c18f98833243a8e,ΚΡΙΤΗΡΙΩΝ,1,κριτήριον,False,"[{""token_id"": ""415618"", ""citation"": ""1COR 6.2"", ""raw_form"": ""κριτηρίων""}]"
syntacticus:Nb:1ced4905feac8551277e8bef885253f214707ad5979b5853d4c1e859620947fd,ΚΡΙΤΗΣ,10,κριτής,False,"[{""token_id"": ""269054"", ""citation"": ""MATT 5.25"", ""raw_form"": ""κριτὴς""}]"
syntacticus:Nb:40824b9f3320259d306373f174522a7a19c83a850e9c41c5fc64bc0ce9358511,ΚΡΥΠΤΗΝ,1,κρύπτη,False,"[{""token_id"": ""331052"", ""citation"": ""LUKE 11.33"", ""raw_form"": ""κρύπτην""}]"
syntacticus:Nb:2a28cc342240e6c01dcb8314ddc41f8d31ac56022bf8c5337c913335ab465622,ΚΡΥΣΤΑΛΛΟΝ,1,κρύσταλλος,False,"[{""token_id"": ""503159"", ""citation"": ""REV 22.1"", ""raw_form"": ""κρύσταλλον""}]"
syntacticus:Nb:5afb562079cd3625bae3ec86787ae6f4b7d8b660edb8a9bbc074a1c386728767,ΚΤΗΜΑ,1,κτῆμα,False,"[{""token_id"": ""380735"", ""citation"": ""ACTS 5.1"", ""raw_form"": ""κτῆμα""}]"
syntacticus:Nb:9beaccb3e2cfde80dd0e7b278fe4d15d13495619ea6c03b3c4496b006552f4e4,ΚΤΗΜΑΤΑ,3,κτῆμα,False,"[{""token_id"": ""279593"", ""citation"": ""MATT 19.22"", ""raw_form"": ""κτήματα""}]"
syntacticus:Nb:4eb88f507031c46d628ba25c1370c86b8e35689c38f02aba5b4f836307814387,ΚΤΗΝΗ,2,κτῆνος,False,"[{""token_id"": ""395069"", ""citation"": ""ACTS 23.24"", ""raw_form"": ""κτήνη""}]"
syntacticus:Nb:a9f7c8787c6024c2a790c771b86019cd4badac27b144763570247d7ddab66588,ΚΤΗΝΟΣ,1,κτῆνος,False,"[{""token_id"": ""330164"", ""citation"": ""LUKE 10.34"", ""raw_form"": ""κτῆνος""}]"
syntacticus:Nb:da591b59f89c8eca1de815f641f48f5065f910fcd1547b1b6d0dcc468d239b87,ΚΤΗΝΩΝ,1,κτῆνος,False,"[{""token_id"": ""420892"", ""citation"": ""1COR 15.39"", ""raw_form"": ""κτηνῶν""}]"
syntacticus:Nb:541b98dd12df20b2d0f6ceee298a5a86c27fc912c591777c5e70a32ac150e333,ΚΤΗΤΟΡΕΣ,1,κτήτωρ,False,"[{""token_id"": ""380659"", ""citation"": ""ACTS 4.34"", ""raw_form"": ""κτήτορες""}]"
syntacticus:Nb:02e0e98db36d919b1cef57439ba8591f046934728754a40a35683dd072e54350,ΚΤΙΣΕΙ,4,κτίσις,False,"[{""token_id"": ""114618"", ""citation"": ""MARK 16.15"", ""raw_form"": ""κτίσει""}]"
syntacticus:Nb:51f6e1a889c3e00873852604284ae52d480b3b4263d9e2ad36a516e2cd15a74e,ΚΤΙΣΕΩΣ,7,κτίσις,False,"[{""token_id"": ""109011"", ""citation"": ""MARK 10.6"", ""raw_form"": ""κτίσεως""}]"
syntacticus:Nb:a74fc05b004ec3ac608c8bb5e66af42aa104cf06d9d4b45d2f2f4582dc648e6c,ΚΤΙΣΙΣ,7,κτίσις,False,"[{""token_id"": ""402769"", ""citation"": ""ROM 8.20"", ""raw_form"": ""κτίσις""}]"
syntacticus:Nb:683fe23219397c0c0e94129eb679f6ab2684c4b92881d98d72dcaf1373b33630,ΚΤΙΣΜΑ,2,κτίσμα,False,"[{""token_id"": ""459408"", ""citation"": ""1TIM 4.4"", ""raw_form"": ""κτίσμα""}]"
syntacticus:Nb:015977a2fbd17c6a1679bcd4fb11c9bcea539a0657386f3c56ce4d138ca68e69,ΚΤΙΣΜΑΤΩΝ,2,κτίσμα,False,"[{""token_id"": ""477140"", ""citation"": ""JAS 1.18"", ""raw_form"": ""κτισμάτων""}]"
syntacticus:Nb:008fe234f44e37fa5b1d5474b7d7b7c5df120fb942822f2747159c69f34d6e00,ΚΥΒΕΡΝΗΣΕΙΣ,1,κυβέρνησις,False,"[{""token_id"": ""419224"", ""citation"": ""1COR 12.28"", ""raw_form"": ""κυβερνήσεις""}]"
syntacticus:Nb:0a126f22bdf36db18782f5367a45614baadb42a548f469a801fe18e3d494b88a,ΚΥΒΕΡΝΗΤΗΣ,1,κυβερνήτης,False,"[{""token_id"": ""501181"", ""citation"": ""REV 18.17"", ""raw_form"": ""κυβερνήτης""}]"
syntacticus:Nb:1ff6ec96329f81dcec0f813978adae801376f548abab302b8dc0e0a779d11b1a,ΚΥΜΑΤΑ,1,κῦμα,False,"[{""token_id"": ""104467"", ""citation"": ""MARK 4.37"", ""raw_form"": ""κύματα""}]"
syntacticus:Nb:f852f0a45b9ea13db5d4dc3a31b83c162cf62edde881453c7049acfb4108f9a6,ΚΥΜΑΤΩΝ,2,κῦμα,False,"[{""token_id"": ""271292"", ""citation"": ""MATT 8.24"", ""raw_form"": ""κυμάτων""}]"
syntacticus:Nb:497f0cafd57eb7559425bafcde30507f93a1a111f9b8d400878794c4186cfa35,ΚΥΜΒΑΛΟΝ,1,κύμβαλον,False,"[{""token_id"": ""419294"", ""citation"": ""1COR 13.1"", ""raw_form"": ""κύμβαλον""}]"
syntacticus:Nb:fb1d9003e9965ace58abc8fb6ebd5c202dc12df1a12818f36a124ff40c2d309b,ΚΥΜΙΝΟΝ,1,κύμινον,False,"[{""token_id"": ""282549"", ""citation"": ""MATT 23.23"", ""raw_form"": ""κύμινον""}]"
syntacticus:Nb:17a7c85d026ddfc055a685397da83599317c203543c929ac2d9593487642929e,ΚΥΝΑΡΙΑ,2,κυνάριον,False,"[{""token_id"": ""276965"", ""citation"": ""MATT 15.27"", ""raw_form"": ""κυνάρια""}]"
syntacticus:Nb:a89b23d46de4b04ca5fa6f30c6e0028ab210480cd30404e87d28d08fba3b3156,ΚΥΝΑΡΙΟΙΣ,2,κυνάριον,False,"[{""token_id"": ""276952"", ""citation"": ""MATT 15.26"", ""raw_form"": ""κυναρίοις""}]"
syntacticus:Nb:94eb07f3dd4b3101cd08bbbd82e347d2286751b005852b0fe35fd41e66b56b28,ΚΥΝΑΣ,1,κύων,False,"[{""token_id"": ""448175"", ""citation"": ""PHIL 3.2"", ""raw_form"": ""κύνας""}]"
syntacticus:Nb:1ed42c24971a8006d953dbff2ec3ecd0ed7e7d2e47be06982390e02c1ad45b16,ΚΥΝΕΣ,2,κύων,False,"[{""token_id"": ""335249"", ""citation"": ""LUKE 16.21"", ""raw_form"": ""κύνες""}]"
syntacticus:Nb:6040722fe641024ac125611e193ca515e742d6e322c907fc51920475aacc0e80,ΚΥΡΙΕ,117,κύριος,False,"[{""token_id"": ""270617"", ""citation"": ""MATT 7.21"", ""raw_form"": ""κύριε""}]"
syntacticus:Nb:a3614c32e0c5a32038200b838fe11149c565feb3e5bf2cb772ad465c9c0e59f9,ΚΥΡΙΟΙ,6,κύριος,False,"[{""token_id"": ""337554"", ""citation"": ""LUKE 19.33"", ""raw_form"": ""κύριοι""}]"
syntacticus:Nb:66f720e4c60f0ad5444e85dd337215fbfd2de98a06e34acb404665e3eb81b066,ΚΥΡΙΟΙΣ,5,κύριος,False,"[{""token_id"": ""270000"", ""citation"": ""MATT 6.24"", ""raw_form"": ""κυρίοις""}]"
syntacticus:Nb:a98d08166c6b4b62b51130bdeb9462496f21cc552c9edcbc2939d13b1f62df46,ΚΥΡΙΟΝ,65,κύριος,False,"[{""token_id"": ""268207"", ""citation"": ""MATT 4.7"", ""raw_form"": ""κύριον""}]"
syntacticus:Nb:8741f8308c68e43966c6a1cd5b8b14acf7ad33d83414fab496f8657d3329d836,ΚΥΡΙΟΣ,169,κύριος,False,"[{""token_id"": ""272728"", ""citation"": ""MATT 10.25"", ""raw_form"": ""κύριος""}]"
syntacticus:Nb:6895e9b0e168989fe1ea42a452a811cf17c3af973d17b966c7446b0c4f081b2e,ΚΥΡΙΟΤΗΤΕΣ,1,κυριότης,False,"[{""token_id"": ""450824"", ""citation"": ""COL 1.16"", ""raw_form"": ""κυριότητες""}]"
syntacticus:Nb:47276f6cf45e5d3da9775b3ed7a8aba29f36997c20a0bf4f4363bf38c618c9c5,ΚΥΡΙΟΤΗΤΟΣ,1,κυριότης,False,"[{""token_id"": ""442647"", ""citation"": ""EPH 1.21"", ""raw_form"": ""κυριότητος""}]"
syntacticus:Nb:e57c73d44dbef4ae21585aded717306f8e3ed005d9322846c92fb7ecf00f6e72,ΚΥΡΙΟΥ,226,κύριος,False,"[{""token_id"": ""267063"", ""citation"": ""MATT 1.20"", ""raw_form"": ""κυρίου""}]"
syntacticus:Nb:29cf15e8029979af28901d249fbdab812e524f8b38261841b87e6e00726b1dd6,ΚΥΡΙΩΝ,3,κύριος,False,"[{""token_id"": ""276976"", ""citation"": ""MATT 15.27"", ""raw_form"": ""κυρίων""}]"
syntacticus:Nb:c460c1570c45eae2349267f72d5e8c2bf39c180eb7d9b4ed367a959fbd42cde6,ΚΥΣΙΝ,1,κύων,False,"[{""token_id"": ""270338"", ""citation"": ""MATT 7.6"", ""raw_form"": ""κυσίν""}]"
syntacticus:Nb:46750535767fb392af63c7b7ceaf4ccfd59724a729d5a82381ce766ad4ddeb40,ΚΩΛΑ,1,κῶλον,False,"[{""token_id"": ""467528"", ""citation"": ""HEB 3.17"", ""raw_form"": ""κῶλα""}]"
syntacticus:Nb:57019d45c1c38e122afd3dd193006056451a58ae3ac8360d0514383de9af07a2,ΚΩΜΑΣ,10,κώμη,False,"[{""token_id"": ""272180"", ""citation"": ""MATT 9.35"", ""raw_form"": ""κώμας""}]"
syntacticus:Nb:9a8896eb7fe1c3d41bda3d0a8eb932052276ebdf8285ec35af4dd10609462bb0,ΚΩΜΗΝ,12,κώμη,False,"[{""token_id"": ""272434"", ""citation"": ""MATT 10.11"", ""raw_form"": ""κώμην""}]"
syntacticus:Nb:c9c2851ca99364d5f6ee2ba6a66a38d272108cc3284eef7b40ed2942ebc9219c,ΚΩΜΗΣ,4,κώμη,False,"[{""token_id"": ""107568"", ""citation"": ""MARK 8.23"", ""raw_form"": ""κώμης""}]"
syntacticus:Nb:14087702e9973583feb15ab37d1d51d3ab6ea6ea70463b8add47f898ce49efba,ΚΩΜΟΙ,1,κῶμος,False,"[{""token_id"": ""439728"", ""citation"": ""GAL 5.21"", ""raw_form"": ""κῶμοι""}]"
syntacticus:Nb:32519e4e553104464f4edbd4bb63449039ed668889824df9bad477b3b29f34a5,ΚΩΜΟΙΣ,1,κῶμος,False,"[{""token_id"": ""405490"", ""citation"": ""ROM 13.13"", ""raw_form"": ""κώμοις""}]"
syntacticus:Nb:68cf5e1889fad3d3fa471538f11aa8e6e8296b8f75cc0433901bf271e0e334c7,ΚΩΜΟΠΟΛΕΙΣ,1,κωμόπολις,False,"[{""token_id"": ""102402"", ""citation"": ""MARK 1.38"", ""raw_form"": ""κωμοπόλεις""}]"
syntacticus:Nb:7900cdaee22116057221c73b9474b7ba746933fc3ff521e5905b2c173cd72ff4,ΚΩΝΩΠΑ,1,κώνωψ,False,"[{""token_id"": ""282581"", ""citation"": ""MATT 23.24"", ""raw_form"": ""κώνωπα""}]"
syntacticus:Nb:3e1a6d05636d33e4d18544a360a6996541060069c90c5ee070242c96f5f6c9d2,ΛΑΙΛΑΨ,2,λαῖλαψ,False,"[{""token_id"": ""104461"", ""citation"": ""MARK 4.37"", ""raw_form"": ""λαῖλαψ""}]"
syntacticus:Nb:bd871ffb9fde9c905cd4080793144b877b3cfe480a3ea9c2172d1e90d7da7d03,ΛΑΛΙΑ,1,λαλιά,False,"[{""token_id"": ""286082"", ""citation"": ""MATT 26.73"", ""raw_form"": ""λαλιά""}]"
syntacticus:Nb:7386d1cb645d55d60f9b8b9026355f8c48236a76b610226626c713ed300a2e80,ΛΑΛΙΑΝ,2,λαλιά,False,"[{""token_id"": ""345446"", ""citation"": ""JOHN 4.42"", ""raw_form"": ""λαλιὰν""}]"
syntacticus:Nb:5ea614b7ad7b8327b0197be8b245fa2c305142ac8e67c5e64ac8cc88ab583d4b,ΛΑΜΠΑΔΑΣ,3,λαμπάς,False,"[{""token_id"": ""283840"", ""citation"": ""MATT 25.1"", ""raw_form"": ""λαμπάδας""}]"
syntacticus:Nb:7d4a741f23f5f657a23580823ad9b3e45c90337f392abb19357ad556890ef3ee,ΛΑΜΠΑΔΕΣ,3,λαμπάς,False,"[{""token_id"": ""283934"", ""citation"": ""MATT 25.8"", ""raw_form"": ""λαμπάδες""}]"
syntacticus:Nb:8819e989cb88f3a8de5f856ee7415cb911ef9140c67cae2677209bc9377e24d2,ΛΑΜΠΑΔΩΝ,2,λαμπάς,False,"[{""token_id"": ""283880"", ""citation"": ""MATT 25.4"", ""raw_form"": ""λαμπάδων""}]"
syntacticus:Nb:0c995e5123fd75d616818fa61f04bc3383a94ffd12e20f210493cbc6aa14de3d,ΛΑΜΠΑΣ,1,λαμπάς,False,"[{""token_id"": ""496283"", ""citation"": ""REV 8.10"", ""raw_form"": ""λαμπάς""}]"
syntacticus:Nb:2d65e8ce3ac78d6bb3ba5ea950d4aec05da54baa6698e885e241895ef7736118,ΛΑΜΠΡΟΤΗΤΑ,1,λαμπρότης,False,"[{""token_id"": ""396604"", ""citation"": ""ACTS 26.13"", ""raw_form"": ""λαμπρότητα""}]"
syntacticus:Nb:8da2011552a97c45ea8cb63df55865ab0083d6ac894221f1758122e793e6d63b,ΛΑΟΙ,4,λαός,False,"[{""token_id"": ""380457"", ""citation"": ""ACTS 4.25"", ""raw_form"": ""λαοὶ""}]"
syntacticus:Nb:a2589745f093caacdd5e99a7bc10ebfa8ff0cc771dc1b4b802eb0d90146c803d,ΛΑΟΙΣ,2,λαός,False,"[{""token_id"": ""380508"", ""citation"": ""ACTS 4.27"", ""raw_form"": ""λαοῖς""}]"
syntacticus:Nb:745d91aad06911786a15d64bc595ac1675250d5a325134b2aba7a8003430f366,ΛΑΟΝ,43,λαός,False,"[{""token_id"": ""267106"", ""citation"": ""MATT 1.21"", ""raw_form"": ""λαὸν""}]"
syntacticus:Nb:f632cf11d3dd6911c975333b3001b812af5176138f50c664e22b4b91fa52c9f4,ΛΑΟΣ,25,λαός,False,"[{""token_id"": ""268339"", ""citation"": ""MATT 4.16"", ""raw_form"": ""λαὸς""}]"
syntacticus:Nb:e35782944756cb420982aacf5ae9c429df3a68ab223f571b0ca4baeef25add7d,ΛΑΟΥ,38,λαός,False,"[{""token_id"": ""267252"", ""citation"": ""MATT 2.4"", ""raw_form"": ""λαοῦ""}]"
syntacticus:Nb:e957c809ec8087605c38ceb10f38a285876989b508fd3cd046fb80a88006a694,ΛΑΡΥΓΞ,1,λάρυγξ,False,"[{""token_id"": ""400246"", ""citation"": ""ROM 3.13"", ""raw_form"": ""λάρυγξ""}]"
syntacticus:Nb:880ffdf7745a496f827e4027848e7cbb101863cc6dd87873d31e96244702b46e,ΛΑΤΡΕΙΑ,1,λατρεία,False,"[{""token_id"": ""403216"", ""citation"": ""ROM 9.4"", ""raw_form"": ""λατρεία""}]"
syntacticus:Nb:7215de2456afc534aa471f1b627419ad883b37000d81d782e159fcc9893ffe48,ΛΑΤΡΕΙΑΝ,2,λατρεία,False,"[{""token_id"": ""356285"", ""citation"": ""JOHN 16.2"", ""raw_form"": ""λατρείαν""}]"
syntacticus:Nb:b78a806cfa8609cd18f1bb91e30b73302131d4da0ea342eb4b5c390fe0c49842,ΛΑΤΡΕΙΑΣ,2,λατρεία,False,"[{""token_id"": ""469337"", ""citation"": ""HEB 9.1"", ""raw_form"": ""λατρείας""}]"
syntacticus:Nb:1e27ce2f86c1d1b1c0409a6ea85b9855d9b2bbbef711baeb9fdb9ed0cf03fe20,ΛΑΧΑΝΑ,1,λάχανον,False,"[{""token_id"": ""405541"", ""citation"": ""ROM 14.2"", ""raw_form"": ""λάχανα""}]"
syntacticus:Nb:5a85044ed34915e8d7f06f4057665143c6cf505328192645c68819c0012ce314,ΛΑΧΑΝΟΝ,1,λάχανον,False,"[{""token_id"": ""331241"", ""citation"": ""LUKE 11.42"", ""raw_form"": ""λάχανον""}]"
syntacticus:Nb:839fc6b2d7f6443e25947250629593e3f94efbd3cab3208f922966dbf7dbb9e4,ΛΑΧΑΝΩΝ,2,λάχανον,False,"[{""token_id"": ""275332"", ""citation"": ""MATT 13.32"", ""raw_form"": ""λαχάνων""}]"
syntacticus:Nb:0ed23331436c1b081377963242b2e21d52fd420c93bef8bdd3946bc6a1b82ad9,ΛΑΩΝ,3,λαός,False,"[{""token_id"": ""733569"", ""citation"": ""LUKE 2.31"", ""raw_form"": ""λαῶν""}]"
syntacticus:Nb:5c394c56696b43b7446cc162e9a72cfd73ff53c0d34a594268e5b76f01df95fc,ΛΕΓΙΩΝ,2,λεγιών,False,"[{""token_id"": ""104723"", ""citation"": ""MARK 5.9"", ""raw_form"": ""λεγιὼν""}]"
syntacticus:Nb:8d7fb1111b7a3522f9941c4d07749d382bafd68a035857fbe4921f35132ea90e,ΛΕΓΙΩΝΑ,1,λεγιών,False,"[{""token_id"": ""104846"", ""citation"": ""MARK 5.15"", ""raw_form"": ""λεγιῶνα""}]"
syntacticus:Nb:895b710b657240b6808d4124c371e337bf6d7e709957021d67749fc66029892f,ΛΕΓΙΩΝΩΝ,1,λεγιών,False,"[{""token_id"": ""285697"", ""citation"": ""MATT 26.53"", ""raw_form"": ""λεγιώνων""}]"
syntacticus:Nb:58aec06f7f422eff475a1baab96c18130891b498cd88cf2d95eb3fe1de28554c,ΛΕΙΜΜΑ,1,λεῖμμα,False,"[{""token_id"": ""404253"", ""citation"": ""ROM 11.5"", ""raw_form"": ""λεῖμμα""}]"
syntacticus:Nb:f356d92ab1e7793c7af92d5bde5d00af771d4f2da549ff22c43a66c4d90424c2,ΛΕΙΤΟΥΡΓΙΑΣ,5,λειτουργία,False,"[{""token_id"": ""320488"", ""citation"": ""LUKE 1.23"", ""raw_form"": ""λειτουργίας""}]"
syntacticus:Nb:01aa5f91e724aaa36e638e39e2d12ee95ff68351dded9ca648db12a4b98af327,ΛΕΙΤΟΥΡΓΟΙ,1,λειτουργός,False,"[{""token_id"": ""759254"", ""citation"": ""ROM 13.6"", ""raw_form"": ""λειτουργοὶ""}]"
syntacticus:Nb:87b645085294b46814ede62639adf7b69d29555281d870f8f77e346eaaac0441,ΛΕΙΤΟΥΡΓΟΝ,2,λειτουργός,False,"[{""token_id"": ""406258"", ""citation"": ""ROM 15.16"", ""raw_form"": ""λειτουργὸν""}]"
syntacticus:Nb:5eda05900f7a6e80a3481cd3825f64e3e79bc74b00e293925574cebab7fe036b,ΛΕΙΤΟΥΡΓΟΣ,1,λειτουργός,False,"[{""token_id"": ""469039"", ""citation"": ""HEB 8.2"", ""raw_form"": ""λειτουργὸς""}]"
syntacticus:Nb:0f0c2abfe5fa013d7abf6a268093d1ea9ba1ecbd069bb205d6ec8a1a671ef560,ΛΕΙΤΟΥΡΓΟΥΣ,1,λειτουργός,False,"[{""token_id"": ""466722"", ""citation"": ""HEB 1.7"", ""raw_form"": ""λειτουργοὺς""}]"
syntacticus:Nb:468db607274314e8d1523a57ce3f19d8a262f6c3fd85c55d0d4f9e6956a8ede7,ΛΕΝΤΙΟΝ,1,λέντιον,False,"[{""token_id"": ""354327"", ""citation"": ""JOHN 13.4"", ""raw_form"": ""λέντιον""}]"
syntacticus:Nb:117f03a376a11e495ac2ea49e6c00ed149c61f5772fb129c0b5bcfc6969ea502,ΛΕΟΝΤΙ,1,λέων,False,"[{""token_id"": ""494589"", ""citation"": ""REV 4.7"", ""raw_form"": ""λέοντι""}]"
syntacticus:Nb:dd3bad225a2ce4eef38cd8e7fcfec34806781b2c4efb1262dbe51c4e765e8a4d,ΛΕΟΝΤΟΣ,1,λέων,False,"[{""token_id"": ""463382"", ""citation"": ""2TIM 4.17"", ""raw_form"": ""λέοντος""}]"
syntacticus:Nb:fcc2271a11c81c3c6d92136f1436534a675c610488e8f7c8d60f952c7717c28e,ΛΕΟΝΤΩΝ,4,λέων,False,"[{""token_id"": ""471131"", ""citation"": ""HEB 11.33"", ""raw_form"": ""λεόντων""}]"
syntacticus:Nb:309993ead5938083ae85cab347621e3334ad4b2bb27059651d9a7ab8684c430b,ΛΕΠΙΔΕΣ,1,λεπίς,False,"[{""token_id"": ""384298"", ""citation"": ""ACTS 9.18"", ""raw_form"": ""λεπίδες""}]"
syntacticus:Nb:6ef4dcffa3632a35fea8b24abac60094c7d3b5e915831583d0ce9cf9dff0635c,ΛΕΠΡΑ,3,λέπρα,False,"[{""token_id"": ""270869"", ""citation"": ""MATT 8.3"", ""raw_form"": ""λέπρα""}]"
syntacticus:Nb:cda54de604e5ee4b2af1250df5265135268b403a2685678c108379751f7108fd,ΛΕΠΡΑΣ,1,λέπρα,False,"[{""token_id"": ""324131"", ""citation"": ""LUKE 5.12"", ""raw_form"": ""λέπρας""}]"
syntacticus:Nb:67a3f201ee69ae312b7e5c5148f58e832a8a017c9d2756117da9e1fc6ebf5dfa,ΛΕΠΤΑ,2,λεπτός,False,"[{""token_id"": ""111468"", ""citation"": ""MARK 12.42"", ""raw_form"": ""λεπτὰ""}]"
syntacticus:Nb:cf5c4af58dddfd871387efcf8ae5ae3d1ccad7902c4ff9ae78ee27edf4e56c35,ΛΕΠΤΟΝ,1,λεπτός,False,"[{""token_id"": ""332698"", ""citation"": ""LUKE 12.59"", ""raw_form"": ""λεπτὸν""}]"
syntacticus:Nb:012f1cea744f14c40645df2caff804d8988fa2d6ae1e67cb3f909b92a5f7e59c,ΛΕΩΝ,2,λέων,False,"[{""token_id"": ""494841"", ""citation"": ""REV 5.5"", ""raw_form"": ""λέων""}]"
syntacticus:Nb:d7e6ffdb2f79d09e5579c987276932217e54a57d4c1680793de07089475fe31f,ΛΗΜΨΕΩΣ,1,λῆμψις,False,"[{""token_id"": ""448828"", ""citation"": ""PHIL 4.15"", ""raw_form"": ""λήμψεως""}]"
syntacticus:Nb:bd18869b3c781c7647ab85301092e318541d928970a99d536ddb8572a2fe18cf,ΛΗΝΟΝ,3,ληνός,False,"[{""token_id"": ""281143"", ""citation"": ""MATT 21.33"", ""raw_form"": ""ληνὸν""}]"
syntacticus:Nb:2c3b6673177d3e5bdcb84fb10176dcf4db6478ab9f66d81fea53be69972a40dc,ΛΗΝΟΣ,1,ληνός,False,"[{""token_id"": ""766069"", ""citation"": ""REV 14.20"", ""raw_form"": ""ληνὸς""}]"
syntacticus:Nb:a53e2382b531cee2e70ad573fefd7746ee0d2659fa854252fed98b21c944cd2c,ΛΗΝΟΥ,1,ληνός,False,"[{""token_id"": ""766078"", ""citation"": ""REV 14.20"", ""raw_form"": ""ληνοῦ""}]"
syntacticus:Nb:762ca89b24796ff5f78201edde5e40028540af39a142a5f1efc64bc3e6e1dc15,ΛΗΡΟΣ,1,λῆρος,False,"[{""token_id"": ""341723"", ""citation"": ""LUKE 24.11"", ""raw_form"": ""λῆρος""}]"
syntacticus:Nb:63e9d9f0e9cf0a234178d0207654aac95851aee1c8f84e9d31d306bf833b28c0,ΛΙΒΑ,1,λίψ,False,"[{""token_id"": ""397281"", ""citation"": ""ACTS 27.12"", ""raw_form"": ""λίβα""}]"
syntacticus:Nb:390c7945e81b72504313f37fbe3041ab4617a0b93499b2d10a06b9c7f2272d4c,ΛΙΒΑΝΟΝ,2,λίβανος,False,"[{""token_id"": ""267415"", ""citation"": ""MATT 2.11"", ""raw_form"": ""λίβανον""}]"
syntacticus:Nb:f877449c80cfa02c9a9eaa15557fde6c760d970f8d5c42c97f5f1eee042658be,ΛΙΒΑΝΩΤΟΝ,2,λιβανωτός,False,"[{""token_id"": ""496093"", ""citation"": ""REV 8.3"", ""raw_form"": ""λιβανωτὸν""}]"
syntacticus:Nb:b8c3f88988086d7dcef7472c830962b81af57a8a6d7b21a461b9f863792ea040,ΛΙΘΟΙ,4,λίθος,False,"[{""token_id"": ""268112"", ""citation"": ""MATT 4.3"", ""raw_form"": ""λίθοι""}]"
syntacticus:Nb:dc387ee2bf7ef95618d02b4be08dc8c3cb4ba152dbfd2e1b96ff9235b8880247,ΛΙΘΟΙΣ,3,λίθος,False,"[{""token_id"": ""104658"", ""citation"": ""MARK 5.5"", ""raw_form"": ""λίθοις""}]"
syntacticus:Nb:0669006cfbf36f87c09b545c68f21e194797c0d68c719a465d366a47825de329,ΛΙΘΟΝ,27,λίθος,False,"[{""token_id"": ""268192"", ""citation"": ""MATT 4.6"", ""raw_form"": ""λίθον""}]"
syntacticus:Nb:84a309b3114924ddecc25cf7ade3be5060cb762a09a936e50453399265c0a926,ΛΙΘΟΣ,8,λίθος,False,"[{""token_id"": ""282937"", ""citation"": ""MATT 24.2"", ""raw_form"": ""λίθος""}]"
syntacticus:Nb:7b79926858baa46b04c73d2d16f152edb14ad810acf57a9a6c9772353f8753eb,ΛΙΘΟΥ,2,λίθος,False,"[{""token_id"": ""340037"", ""citation"": ""LUKE 22.41"", ""raw_form"": ""λίθου""}]"
syntacticus:Nb:ed30d55f845ede2314f22250b8a439e7e598080e722ff0f43efb24859e7b10f3,ΛΙΘΟΥΣ,3,λίθος,False,"[{""token_id"": ""350476"", ""citation"": ""JOHN 8.59"", ""raw_form"": ""λίθους""}]"
syntacticus:Nb:ac969aedc1ff5453dde65a34cf62787eed886b7e42f027fdf45375a4e49d7a5a,ΛΙΘΩΝ,2,λίθος,False,"[{""token_id"": ""267865"", ""citation"": ""MATT 3.9"", ""raw_form"": ""λίθων""}]"
syntacticus:Nb:c487a63e8e8c2b72d6f1f6bdb2e160abfb9f25d234ac7ff131c5d8dbc9def063,ΛΙΜΕΝΑ,1,λιμήν,False,"[{""token_id"": ""397276"", ""citation"": ""ACTS 27.12"", ""raw_form"": ""λιμένα""}]"
syntacticus:Nb:1371421ccce8530014bf27d075cf570e3270e73092ad76952674f1603275048a,ΛΙΜΕΝΑΣ,1,λιμήν,False,"[{""token_id"": ""397181"", ""citation"": ""ACTS 27.8"", ""raw_form"": ""λιμένας""}]"
syntacticus:Nb:f546d02627b7ba0373dd989d27ede01a636babf5167d20e5bd790a01042824cb,ΛΙΜΕΝΟΣ,1,λιμήν,False,"[{""token_id"": ""397258"", ""citation"": ""ACTS 27.12"", ""raw_form"": ""λιμένος""}]"
syntacticus:Nb:8a91990c39a9cdac8588c1e9e0c088335cb55e96fd0298575a03f0397648dcf1,ΛΙΜΝΗ,1,λίμνη,False,"[{""token_id"": ""502435"", ""citation"": ""REV 20.14"", ""raw_form"": ""λίμνη""}]"
syntacticus:Nb:d8dc1c9952d8d04c46d12b8c04a3ec306af3927850e9591a4251b67f5e1f0e88,ΛΙΜΝΗΝ,8,λίμνη,False,"[{""token_id"": ""323897"", ""citation"": ""LUKE 5.1"", ""raw_form"": ""λίμνην""}]"
syntacticus:Nb:5f2a0305bf03a3c40b66c36250ce5001e8b8672ddae46827f6defcdd858bc840,ΛΙΜΝΗΣ,1,λίμνη,False,"[{""token_id"": ""327353"", ""citation"": ""LUKE 8.22"", ""raw_form"": ""λίμνης""}]"
syntacticus:Nb:753a1af587779d8ed6b09be091050b208fe48f36e58534a273bfd4aa72ed526c,ΛΙΜΟΙ,3,λιμός,False,"[{""token_id"": ""283045"", ""citation"": ""MATT 24.7"", ""raw_form"": ""λιμοὶ""}]"
syntacticus:Nb:3d33e6d758ba820d116e39adeaa93094f7be1302fc994d1c8b927ad7151ecbc3,ΛΙΜΟΝ,1,λιμός,False,"[{""token_id"": ""386304"", ""citation"": ""ACTS 11.28"", ""raw_form"": ""λιμὸν""}]"
syntacticus:Nb:b1ada8f50555a5ec6ab12ac0ea42da4c9c67c0256450436b64dfd2299b076314,ΛΙΜΟΣ,5,λιμός,False,"[{""token_id"": ""323484"", ""citation"": ""LUKE 4.25"", ""raw_form"": ""λιμὸς""}]"
syntacticus:Nb:1d157c4a0cf5f995fc6d7c87a124e77e57664fd103c3c2189e39b8f05cb790a4,ΛΙΝΟΝ,2,λίνον,False,"[{""token_id"": ""273985"", ""citation"": ""MATT 12.20"", ""raw_form"": ""λίνον""}]"
syntacticus:Nb:ffd44dda31abe53202f08c55b44808bbb2982ebf0ed0156c3af2486b109a1f13,ΛΙΤΡΑΝ,1,λίτρα,False,"[{""token_id"": ""353264"", ""citation"": ""JOHN 12.3"", ""raw_form"": ""λίτραν""}]"
syntacticus:Nb:7e38785ca2b8bcc3e1be37155c681521778ccac6aa45f0fbd44204697eeb08e8,ΛΙΤΡΑΣ,1,λίτρα,False,"[{""token_id"": ""359322"", ""citation"": ""JOHN 19.39"", ""raw_form"": ""λίτρας""}]"
syntacticus:Nb:e102b8a57726ed7b23049ed79f3e3e89979e5e4a8b6fabcba6b34e8ba6a4efe1,ΛΟΓΙΑ,2,λόγιον,False,"[{""token_id"": ""382707"", ""citation"": ""ACTS 7.38"", ""raw_form"": ""λόγια""}]"
syntacticus:Nb:f1d6c59fef6b2e0001376c4186fd1ce6c76f5230a3efb307a2f8875ad38f7a3d,ΛΟΓΙΑΙ,1,λογεία,False,"[{""token_id"": ""421294"", ""citation"": ""1COR 16.2"", ""raw_form"": ""λογίαι""}]"
syntacticus:Nb:1cfe7ebfc56168c23a5e59b26b82867662701ea5584fec1ba4738c837f5f14e1,ΛΟΓΙΑΣ,1,λογεία,False,"[{""token_id"": ""421257"", ""citation"": ""1COR 16.1"", ""raw_form"": ""λογίας""}]"
syntacticus:Nb:ad56a3ae90e8b7173b43bd5338cd9f064a063b965f8652a1a34dfd34e2d5b2cd,ΛΟΓΙΣΜΟΥΣ,1,λογισμός,False,"[{""token_id"": ""431596"", ""citation"": ""2COR 10.5"", ""raw_form"": ""λογισμοὺς""}]"
syntacticus:Nb:3089428a30a8bfc36e397c0fcb1116c202a3e724637f0680edab61e2b73dba6d,ΛΟΓΙΣΜΩΝ,1,λογισμός,False,"[{""token_id"": ""399791"", ""citation"": ""ROM 2.15"", ""raw_form"": ""λογισμῶν""}]"
syntacticus:Nb:3f70b5869b29d536cb0d568afa70f7b601904279ea85df00ee541869b54af905,ΛΟΓΙΩΝ,1,λόγιον,False,"[{""token_id"": ""468100"", ""citation"": ""HEB 5.12"", ""raw_form"": ""λογίων""}]"
syntacticus:Nb:336d72ebae74b3c50839dfe408d299aebe565fdf1c56193743d9c3971e510286,ΛΟΓΟΙ,10,λόγος,False,"[{""token_id"": ""283529"", ""citation"": ""MATT 24.35"", ""raw_form"": ""λόγοι""}]"
syntacticus:Nb:204551b5be90304e7975a77dfc1df1f1b9b831bd568dd60042690ae79591521d,ΛΟΓΟΙΣ,15,λόγος,False,"[{""token_id"": ""109335"", ""citation"": ""MARK 10.24"", ""raw_form"": ""λόγοις""}]"
syntacticus:Nb:f6c0e3a420b99d2c56eb0e3036fc739791c6408b41f92aabec3c551a61f766d2,ΛΟΓΟΜΑΧΙΑΣ,1,λογομαχία,False,"[{""token_id"": ""460095"", ""citation"": ""1TIM 6.4"", ""raw_form"": ""λογομαχίας""}]"
syntacticus:Nb:98ee52601b681d6744d4bd7f977ff878a6ced9b61e96a9be1fb937d0b700af53,ΛΟΓΟΝ,123,λόγος,False,"[{""token_id"": ""274218"", ""citation"": ""MATT 12.32"", ""raw_form"": ""λόγον""}]"
syntacticus:Nb:452df51bb92feb321994cb6147b55cb82e1d0e4284dbcda0839d29c9ae3b40a9,ΛΟΓΟΣ,65,λόγος,False,"[{""token_id"": ""269295"", ""citation"": ""MATT 5.37"", ""raw_form"": ""λόγος""}]"
syntacticus:Nb:d7324f66d9cf2e29cd050914d8d842edb62822ae827f0e186102bc9688e30c17,ΛΟΓΟΥ,26,λόγος,False,"[{""token_id"": ""269202"", ""citation"": ""MATT 5.32"", ""raw_form"": ""λόγου""}]"
syntacticus:Nb:2b6134fb0387ee3a3a9af36eb829f17440619aefe30b7347fa3500c1c2ed5e4c,ΛΟΓΟΥΣ,22,λόγος,False,"[{""token_id"": ""270695"", ""citation"": ""MATT 7.24"", ""raw_form"": ""λόγους""}]"
syntacticus:Nb:678581cdf121172870bc95e17cf5466c7b634757cf108aef899bf4d22940eca3,ΛΟΓΩΝ,10,λόγος,False,"[{""token_id"": ""274345"", ""citation"": ""MATT 12.37"", ""raw_form"": ""λόγων""}]"
syntacticus:Nb:a0ba065d25c90b299d47d7d359d846f81b974a18ce9ea0e767478b11a99e0314,ΛΟΙΔΟΡΙΑΣ,1,λοιδορία,False,"[{""token_id"": ""459827"", ""citation"": ""1TIM 5.14"", ""raw_form"": ""λοιδορίας""}]"
syntacticus:Nb:24cdc16663a1dc57f66a410cc28887eba0ec89f501018a223deaaf3ed0d8138a,ΛΟΙΜΟΙ,1,λοιμός,False,"[{""token_id"": ""338848"", ""citation"": ""LUKE 21.11"", ""raw_form"": ""λοιμοὶ""}]"
syntacticus:Nb:f6788dbe10471f460e6f8e179d12286c01e3774d466ecf1863562cb67e3f5262,ΛΟΙΜΟΝ,1,λοιμός,False,"[{""token_id"": ""395346"", ""citation"": ""ACTS 24.5"", ""raw_form"": ""λοιμὸν""}]"
syntacticus:Nb:ca807c94c31ff9f36a79e9f48869eac43bab93477e696b90d52a581cb13d4f5d,ΛΟΥΤΡΟΥ,1,λουτρόν,False,"[{""token_id"": ""465232"", ""citation"": ""TIT 3.5"", ""raw_form"": ""λουτροῦ""}]"
syntacticus:Nb:0e1835564d0869df9be7aa142c06149746fa90c1989750aaed7632297a4eaae4,ΛΥΚΟΙ,2,λύκος,False,"[{""token_id"": ""270540"", ""citation"": ""MATT 7.15"", ""raw_form"": ""λύκοι""}]"
syntacticus:Nb:3d3a4a921f5e268f0b8cfc17381eab96efd2a4500f73a4e85959a092289943cd,ΛΥΚΟΝ,1,λύκος,False,"[{""token_id"": ""351543"", ""citation"": ""JOHN 10.12"", ""raw_form"": ""λύκον""}]"
syntacticus:Nb:b80e02cde4b7598a5a23f37d81e35c72e13e2b3fb388786f8d064df0b9761520,ΛΥΚΟΣ,1,λύκος,False,"[{""token_id"": ""351554"", ""citation"": ""JOHN 10.12"", ""raw_form"": ""λύκος""}]"
syntacticus:Nb:43e9742c7cbac4930944dd31739c4a6ddaa3aeb5d4764eb955cd04fdf7bf5879,ΛΥΚΩΝ,2,λύκος,False,"[{""token_id"": ""272541"", ""citation"": ""MATT 10.16"", ""raw_form"": ""λύκων""}]"
syntacticus:Nb:58fd79b4365df5a7207ed60e62269601a60792a3183ca5c6eb682063eb5505b2,ΛΥΠΑΣ,1,λύπη,False,"[{""token_id"": ""481321"", ""citation"": ""1PET 2.19"", ""raw_form"": ""λύπας""}]"
syntacticus:Nb:d71862fe4b0c2faef4d37b0b3d1ca1301c4fb62f135a77636c3c9eaf1e602138,ΛΥΠΗ,5,λύπη,False,"[{""token_id"": ""356355"", ""citation"": ""JOHN 16.6"", ""raw_form"": ""λύπη""}]"
syntacticus:Nb:b6404e9a4051f94697d3ca45bfcb3dfd8731edd4ac9b4b97c4ccc2c55297592e,ΛΥΠΗΝ,5,λύπη,False,"[{""token_id"": ""356653"", ""citation"": ""JOHN 16.21"", ""raw_form"": ""λύπην""}]"
syntacticus:Nb:bfd6762e11c7a7f7e74a388f5b27629e81d15fdfcd432af271496c6854cfe04a,ΛΥΠΗΣ,3,λύπη,False,"[{""token_id"": ""340111"", ""citation"": ""LUKE 22.45"", ""raw_form"": ""λύπης""}]"
syntacticus:Nb:2edd8004e44ba5f66457ebc10c939eb06e0d919cc50eebe9717db07b6d8efcd0,ΛΥΣΙΝ,1,λύσις,False,"[{""token_id"": ""416461"", ""citation"": ""1COR 7.27"", ""raw_form"": ""λύσιν""}]"
syntacticus:Nb:370e254aa9e4cbc15c61278078ac781cc65d1d5abb5462ed63b186cad58b59e1,ΛΥΤΡΟΝ,2,λύτρον,False,"[{""token_id"": ""280290"", ""citation"": ""MATT 20.28"", ""raw_form"": ""λύτρον""}]"
syntacticus:Nb:ac3cb52272b6d984387e0c2c19388b2c42d14cabc6f21d6d9d44da7e2d588fcb,ΛΥΤΡΩΣΙΝ,3,λύτρωσις,False,"[{""token_id"": ""321241"", ""citation"": ""LUKE 1.68"", ""raw_form"": ""λύτρωσιν""}]"
syntacticus:Nb:79ed73c3a909099715c018bd67d4642ab874b405d8f8849dc76d0367f8fb8e5a,ΛΥΤΡΩΤΗΝ,1,λυτρωτής,False,"[{""token_id"": ""382625"", ""citation"": ""ACTS 7.35"", ""raw_form"": ""λυτρωτὴν""}]"
syntacticus:Nb:417595d728aebfffe7650d92483036b71abbe3be0eecacbf436a78be3b31a195,ΛΥΧΝΙΑ,1,λυχνία,False,"[{""token_id"": ""469352"", ""citation"": ""HEB 9.2"", ""raw_form"": ""λυχνία""}]"
syntacticus:Nb:c2b3ec8d61c704eaeb2f6ab7530aa7d58c1d29ecddd8974446cf09204b792f59,ΛΥΧΝΙΑΙ,2,λυχνία,False,"[{""token_id"": ""493110"", ""citation"": ""REV 1.20"", ""raw_form"": ""λυχνίαι""}]"
syntacticus:Nb:41eedb8ef9f7044f988368fa1e0c2f3eae4c4d3c891f7a348a7c760bfa9c152d,ΛΥΧΝΙΑΝ,4,λυχνία,False,"[{""token_id"": ""268771"", ""citation"": ""MATT 5.15"", ""raw_form"": ""λυχνίαν""}]"
syntacticus:Nb:d7ea01c1f8da73fde341a45b3e0d94829aa9fa23276158b3a6deb967c4582fda,ΛΥΧΝΙΑΣ,3,λυχνία,False,"[{""token_id"": ""327209"", ""citation"": ""LUKE 8.16"", ""raw_form"": ""λυχνίας""}]"
syntacticus:Nb:515ad97ce540fe0c9659bba7509c3ab1071fe148db59b81b618942ec75aa93ac,ΛΥΧΝΙΩΝ,2,λυχνία,False,"[{""token_id"": ""492915"", ""citation"": ""REV 1.13"", ""raw_form"": ""λυχνιῶν""}]"
syntacticus:Nb:d949f9ea284c371a7fca6f4041efec358a9d6531fc3e0956c353201b19bb1bfb,ΛΥΧΝΟΙ,1,λύχνος,False,"[{""token_id"": ""332185"", ""citation"": ""LUKE 12.35"", ""raw_form"": ""λύχνοι""}]"
syntacticus:Nb:db5b774075424140115a98d2fd403509ffd27bc0fd88e65a87e0a557700f554d,ΛΥΧΝΟΝ,4,λύχνος,False,"[{""token_id"": ""268761"", ""citation"": ""MATT 5.15"", ""raw_form"": ""λύχνον""}]"
syntacticus:Nb:265aead9992b7890d80aaaefddb3e7de96e70a98d4ca4a60de978a28bea089cc,ΛΥΧΝΟΣ,6,λύχνος,False,"[{""token_id"": ""269947"", ""citation"": ""MATT 6.22"", ""raw_form"": ""λύχνος""}]"
syntacticus:Nb:5c30af46c7a5b268d1336ca9592a63829a26d660143a2ddba5c90eb1c77fa372,ΛΥΧΝΟΥ,2,λύχνος,False,"[{""token_id"": ""501356"", ""citation"": ""REV 18.23"", ""raw_form"": ""λύχνου""}]"
syntacticus:Nb:8159b947a62f50b023401f57855d216e9827b865e76efcfae38222d098c483d7,ΜΑΓΙΑΙΣ,1,μαγεία,False,"[{""token_id"": ""383341"", ""citation"": ""ACTS 8.11"", ""raw_form"": ""μαγίαις""}]"
syntacticus:Nb:d59c18a2787febab4e78e94038a0fff702289f1fa05ef6a785ba6a780f51fd52,ΜΑΓΟΙ,1,μάγος,False,"[{""token_id"": ""267203"", ""citation"": ""MATT 2.1"", ""raw_form"": ""μάγοι""}]"
syntacticus:Nb:eba4504779a1c462ad607d1b593c001274d427076cea93054888297653676be0,ΜΑΓΟΝ,1,μάγος,False,"[{""token_id"": ""387024"", ""citation"": ""ACTS 13.6"", ""raw_form"": ""μάγον""}]"
syntacticus:Nb:0930383602a603b6ed92c40fe1359cd5356eb4d84e3ff5cd9726a97d1dd2a4f8,ΜΑΓΟΣ,1,μάγος,False,"[{""token_id"": ""387059"", ""citation"": ""ACTS 13.8"", ""raw_form"": ""μάγος""}]"
syntacticus:Nb:bfa338e8440861b5943b8d44cc6ba2bc5041a9ebe53787869a82c77084168759,ΜΑΓΟΥΣ,1,μάγος,False,"[{""token_id"": ""267312"", ""citation"": ""MATT 2.7"", ""raw_form"": ""μάγους""}]"
syntacticus:Nb:c9ec298c9f83c3535aa7136b44d7f5556cb8ec804ec9c4eeb66126d5832e5311,ΜΑΓΩΝ,2,μάγος,False,"[{""token_id"": ""267530"", ""citation"": ""MATT 2.16"", ""raw_form"": ""μάγων""}]"
syntacticus:Nb:ad1f0d58dfaba1a568d2229112381fa5a31d6cb37dccd79d1fabb30f0b9e6dc3,ΜΑΘΗΤΑΙ,108,μαθητής,False,"[{""token_id"": ""268576"", ""citation"": ""MATT 5.1"", ""raw_form"": ""μαθηταὶ""}]"
syntacticus:Nb:9975997eb2a795d1c7429c3e4d02339e1146c03a5ff2fe23ed69a50ee1d73f6e,ΜΑΘΗΤΑΙΣ,41,μαθητής,False,"[{""token_id"": ""271701"", ""citation"": ""MATT 9.10"", ""raw_form"": ""μαθηταῖς""}]"
syntacticus:Nb:9c1e383e1e075b71efab04b403e225b1db92c377147319941d99e4af711f3db6,ΜΑΘΗΤΑΣ,39,μαθητής,False,"[{""token_id"": ""272254"", ""citation"": ""MATT 10.1"", ""raw_form"": ""μαθητὰς""}]"
syntacticus:Nb:2687d37bf2a844486c53acdc48cffb7ecae091fef6debf2e02ab6df14b5a4de7,ΜΑΘΗΤΗΝ,3,μαθητής,False,"[{""token_id"": ""359029"", ""citation"": ""JOHN 19.26"", ""raw_form"": ""μαθητὴν""}]"
syntacticus:Nb:41a5aeb2453c66a24ea0d32e6c0b19cc48938d0f4d5412e6eaadc111510e4349,ΜΑΘΗΤΗΣ,20,μαθητής,False,"[{""token_id"": ""272702"", ""citation"": ""MATT 10.24"", ""raw_form"": ""μαθητὴς""}]"
syntacticus:Nb:2b8a9d48ce5e22c9f1c644ac6c4f2bb6a1be4b65e517a785e8aff1e93fb8fb47,ΜΑΘΗΤΟΥ,1,μαθητής,False,"[{""token_id"": ""273055"", ""citation"": ""MATT 10.42"", ""raw_form"": ""μαθητοῦ""}]"
syntacticus:Nb:118af74ad4b03dc21a9bef93e37698afa47014d5c52ca94de092aa006809910a,ΜΑΘΗΤΡΙΑ,1,μαθήτρια,False,"[{""token_id"": ""384646"", ""citation"": ""ACTS 9.36"", ""raw_form"": ""μαθήτρια""}]"
syntacticus:Nb:a53930a366e245e31570be241c939c2cca3ddceb7f874dc5e75d333201563b96,ΜΑΘΗΤΩΝ,46,μαθητής,False,"[{""token_id"": ""271232"", ""citation"": ""MATT 8.21"", ""raw_form"": ""μαθητῶν""}]"
syntacticus:Nb:3314fab71980107df787fd6943e7499968f598e5f1194d6c2ded9ad555a67b8b,ΜΑΚΑΡΙΣΜΟΝ,1,μακαρισμός,False,"[{""token_id"": ""756307"", ""citation"": ""ROM 4.6"", ""raw_form"": ""μακαρισμὸν""}]"
syntacticus:Nb:fa5e00fefd4703c6c565d544e645bb1f89f1a0d1b54d5b5afe9aec12bf89fd4b,ΜΑΚΑΡΙΣΜΟΣ,2,μακαρισμός,False,"[{""token_id"": ""400638"", ""citation"": ""ROM 4.9"", ""raw_form"": ""μακαρισμὸς""}]"
syntacticus:Nb:5b046e63a9ac0de9fe807fd33812fa3796a3394371e0baf0f8be506b0bbdb223,ΜΑΚΡΟΘΥΜΙΑ,1,μακροθυμία,False,"[{""token_id"": ""439762"", ""citation"": ""GAL 5.22"", ""raw_form"": ""μακροθυμία""}]"
syntacticus:Nb:57954af0bb582ca63427721b929b7960fe5da216a0db4c89a2ae498c30923a1c,ΜΑΚΡΟΘΥΜΙΑΝ,3,μακροθυμία,False,"[{""token_id"": ""450738"", ""citation"": ""COL 1.11"", ""raw_form"": ""μακροθυμίαν""}]"
syntacticus:Nb:ff16849cdbbe43030855eab6d1f69ee20d7eaf547e7b10c69b7cdabffc216101,ΜΑΚΡΟΘΥΜΙΑΣ,4,μακροθυμία,False,"[{""token_id"": ""399596"", ""citation"": ""ROM 2.4"", ""raw_form"": ""μακροθυμίας""}]"
syntacticus:Nb:e51f464dad304402acd358daf1d99e240af13596c2c28e754b8995471dbcf9d0,ΜΑΛΑΚΙΑΝ,3,μαλακία,False,"[{""token_id"": ""268504"", ""citation"": ""MATT 4.23"", ""raw_form"": ""μαλακίαν""}]"
syntacticus:Nb:3afb924590c074a6f267fc52cf27e4c5d0dff64f3c8ea24142296f018440fa70,ΜΑΝΙΑΝ,1,μανία,False,"[{""token_id"": ""396870"", ""citation"": ""ACTS 26.24"", ""raw_form"": ""μανίαν""}]"
syntacticus:Nb:3f7e11a71fcf4f4d8dca931fd254007f6d1fc6139ff7fb1518e2edc1a3c55e07,ΜΑΝΝΑ,4,μάννα,False,"[{""token_id"": ""347211"", ""citation"": ""JOHN 6.31"", ""raw_form"": ""μάννα""}]"
syntacticus:Nb:94dc274de6046dd61a68c3fb47c36435c041b9cf438d3c7ff91f0cdc8c1d52fb,ΜΑΡΓΑΡΙΤΑΙ,1,μαργαρίτης,False,"[{""token_id"": ""503000"", ""citation"": ""REV 21.21"", ""raw_form"": ""μαργαρῖται""}]"
syntacticus:Nb:1bfd0ed81c7f13d6134f6ac96ca53ed3ffc7c1872069afc9b504527a9089e2e5,ΜΑΡΓΑΡΙΤΑΙΣ,2,μαργαρίτης,False,"[{""token_id"": ""459023"", ""citation"": ""1TIM 2.9"", ""raw_form"": ""μαργαρίταις""}]"
syntacticus:Nb:138d4bba3edd1ea0cbb876ed4b7e66d67f10f87b0e7a68e45d96c2d5cfb341e7,ΜΑΡΓΑΡΙΤΑΣ,2,μαργαρίτης,False,"[{""token_id"": ""270343"", ""citation"": ""MATT 7.6"", ""raw_form"": ""μαργαρίτας""}]"
syntacticus:Nb:d83211b78f803b5d07f841774e015d42d45d679b86adb6e91b5945b114b4e7b6,ΜΑΡΓΑΡΙΤΗΝ,1,μαργαρίτης,False,"[{""token_id"": ""275639"", ""citation"": ""MATT 13.46"", ""raw_form"": ""μαργαρίτην""}]"
syntacticus:Nb:207ca5c812885768185931409680e484ca2db7cdd08b8f89b62a821c1e6d3dcf,ΜΑΡΓΑΡΙΤΟΥ,1,μαργαρίτης,False,"[{""token_id"": ""503010"", ""citation"": ""REV 21.21"", ""raw_form"": ""μαργαρίτου""}]"
syntacticus:Nb:b42936d9cd5202dd862f79ca0ab47d306e67787180104688defcc6dd4b6b9b8e,ΜΑΡΓΑΡΙΤΩΝ,1,μαργαρίτης,False,"[{""token_id"": ""501025"", ""citation"": ""REV 18.12"", ""raw_form"": ""μαργαριτῶν""}]"
syntacticus:Nb:958c4c6a961efee94b878a76a97edf2e495be6f476c397ba1fa165a570d43def,ΜΑΡΜΑΡΟΥ,1,μάρμαρος,False,"[{""token_id"": ""501054"", ""citation"": ""REV 18.12"", ""raw_form"": ""μαρμάρου""}]"
syntacticus:Nb:c9b5049f38d9e7b0a751cc22897218744d25afa351931e9a926cf68220ef496b,ΜΑΡΤΥΡΑ,3,μάρτυς,False,"[{""token_id"": ""378383"", ""citation"": ""ACTS 1.22"", ""raw_form"": ""μάρτυρα""}]"
syntacticus:Nb:6dbee30216961d3a3a47fe6dfc1fa8465660285fbe013159168589c8e7cee575,ΜΑΡΤΥΡΑΣ,1,μάρτυς,False,"[{""token_id"": ""381840"", ""citation"": ""ACTS 6.13"", ""raw_form"": ""μάρτυρας""}]"
syntacticus:Nb:6af066d1fbc0e9ee97304831676d2d22f454358f233f18c82d8c7b3bd7526ed3,ΜΑΡΤΥΡΕΣ,10,μάρτυς,False,"[{""token_id"": ""331362"", ""citation"": ""LUKE 11.48"", ""raw_form"": ""μάρτυρές""}]"
syntacticus:Nb:a70e25f9e4b9ded1e0a14f581ffbfd70b575a4f8713a7ec26ddf2535126a6f0b,ΜΑΡΤΥΡΙΑ,11,μαρτυρία,False,"[{""token_id"": ""113316"", ""citation"": ""MARK 14.59"", ""raw_form"": ""μαρτυρία""}]"
syntacticus:Nb:4db861d0ce628789a9945bcad3f406c884bdab112c49356a4158c7175867a384,ΜΑΡΤΥΡΙΑΙ,1,μαρτυρία,False,"[{""token_id"": ""113278"", ""citation"": ""MARK 14.56"", ""raw_form"": ""μαρτυρίαι""}]"
syntacticus:Nb:2040302cb649a3177e7dcf635dcc44d2c55f6431150baa723e31cdae73e11439,ΜΑΡΤΥΡΙΑΝ,16,μαρτυρία,False,"[{""token_id"": ""113259"", ""citation"": ""MARK 14.55"", ""raw_form"": ""μαρτυρίαν""}]"
syntacticus:Nb:cfea00c5cd3e1665e63daa448f8abf862d72300b2a16538f0eebdee8c7bc3d28,ΜΑΡΤΥΡΙΑΣ,2,μαρτυρία,False,"[{""token_id"": ""340572"", ""citation"": ""LUKE 22.71"", ""raw_form"": ""μαρτυρίας""}]"
syntacticus:Nb:bac88b4e240c6730b54c028e7564a4e444c0ae823e5108d3b63c25b080b44fdc,ΜΑΡΤΥΡΙΟΝ,18,μαρτύριον,False,"[{""token_id"": ""270897"", ""citation"": ""MATT 8.4"", ""raw_form"": ""μαρτύριον""}]"
syntacticus:Nb:2d4d2e511a2be1fa08253e83701a47ee6ba7397eae71e82a481e777cfd9333bc,ΜΑΡΤΥΡΙΟΥ,2,μαρτύριον,False,"[{""token_id"": ""382845"", ""citation"": ""ACTS 7.44"", ""raw_form"": ""μαρτυρίου""}]"
syntacticus:Nb:e8bb405001ee951d57570acde033a1d71fde17aee9e9a937dc261e62d38de128,ΜΑΡΤΥΡΟΣ,1,μάρτυς,False,"[{""token_id"": ""394280"", ""citation"": ""ACTS 22.20"", ""raw_form"": ""μάρτυρός""}]"
syntacticus:Nb:a8c6155f67ac43d265e618c030d6a98e0c591d60b83800a6ac43be75fe1f980b,ΜΑΡΤΥΡΩΝ,9,μάρτυς,False,"[{""token_id"": ""278770"", ""citation"": ""MATT 18.16"", ""raw_form"": ""μαρτύρων""}]"
syntacticus:Nb:fb364adaba5edde02812e1c2fbca0bc6e2feca6f2fd3fb6b06bde84598145b39,ΜΑΡΤΥΣ,7,μάρτυς,False,"[{""token_id"": ""394186"", ""citation"": ""ACTS 22.15"", ""raw_form"": ""μάρτυς""}]"
syntacticus:Nb:cc68491a6de1450c5dadf71df43dcd8bae18f8ce847489a41c9c747b9390599f,ΜΑΡΤΥΣΙΝ,3,μάρτυς,False,"[{""token_id"": ""385612"", ""citation"": ""ACTS 10.41"", ""raw_form"": ""μάρτυσιν""}]"
syntacticus:Nb:0313f2e79701b5ccc442c974945c88dc1cd8a3793281b0fe8609c05bf708de2f,ΜΑΣΘΟΙΣ,1,μαστός,False,"[{""token_id"": ""492926"", ""citation"": ""REV 1.13"", ""raw_form"": ""μασθοῖς""}]"
syntacticus:Nb:951154be18697c32a6e726e5e705a0e4fb98f3eb8e119af2f36df19ed0f5e83c,ΜΑΣΤΙΓΑΣ,1,μάστιξ,False,"[{""token_id"": ""103346"", ""citation"": ""MARK 3.10"", ""raw_form"": ""μάστιγας""}]"
syntacticus:Nb:8c189b46e4b8c90cac15a2c039dc1c47ae151fb3fd46c13e7ea93899c6405db0,ΜΑΣΤΙΓΟΣ,2,μάστιξ,False,"[{""token_id"": ""105095"", ""citation"": ""MARK 5.29"", ""raw_form"": ""μάστιγος""}]"
syntacticus:Nb:ea469bd92ed857fab397ef8a04c51b8674aa51b78629d89b95390d427eecc7ec,ΜΑΣΤΙΓΩΝ,2,μάστιξ,False,"[{""token_id"": ""326248"", ""citation"": ""LUKE 7.21"", ""raw_form"": ""μαστίγων""}]"
syntacticus:Nb:f52e36448edba17653c48b1ade75f57d14eaaf99898eb85204098ab2023801d5,ΜΑΣΤΙΞΙΝ,1,μάστιξ,False,"[{""token_id"": ""394363"", ""citation"": ""ACTS 22.24"", ""raw_form"": ""μάστιξιν""}]"
syntacticus:Nb:0a024872056670d8a297da29cd121e023cf9fcf424658a554b1273715dd0f1ac,ΜΑΣΤΟΙ,2,μαστός,False,"[{""token_id"": ""330921"", ""citation"": ""LUKE 11.27"", ""raw_form"": ""μαστοὶ""}]"
syntacticus:Nb:c39bf77d99231e5ac9536260fcdc5e2cd6185ef3b1960328c534c3bede6098ad,ΜΑΤΑΙΟΛΟΓΙΑΝ,1,ματαιολογία,False,"[{""token_id"": ""458614"", ""citation"": ""1TIM 1.6"", ""raw_form"": ""ματαιολογίαν""}]"
syntacticus:Nb:0ed4c072b9025c9e87fdfb860bf6307ca37a16315ed66d55665d87636fbf4bfe,ΜΑΤΑΙΟΤΗΤΙ,2,ματαιότης,False,"[{""token_id"": ""402767"", ""citation"": ""ROM 8.20"", ""raw_form"": ""ματαιότητι""}]"
syntacticus:Nb:79a5eaf0c884daa160ee1cb2a24e7e9af4415f700d32574a4502124641ee8f79,ΜΑΧΑΙ,2,μάχη,False,"[{""token_id"": ""430468"", ""citation"": ""2COR 7.5"", ""raw_form"": ""μάχαι""}]"
syntacticus:Nb:8806e155e56c4de22dfa14f0d8771247cc49e04008dee4d257946070069327a8,ΜΑΧΑΙΡΑ,2,μάχαιρα,False,"[{""token_id"": ""403082"", ""citation"": ""ROM 8.35"", ""raw_form"": ""μάχαιρα""}]"
syntacticus:Nb:112b9cbcb744fa4fc1caad4401bfed50e7a78d084cac685ffdba0c48f67db8e1,ΜΑΧΑΙΡΑΙ,1,μάχαιρα,False,"[{""token_id"": ""339986"", ""citation"": ""LUKE 22.38"", ""raw_form"": ""μάχαιραι""}]"
syntacticus:Nb:b6253ce0f840b8cc42a71c0715477811bee69817ffb16ce06288429f93c264c1,ΜΑΧΑΙΡΑΝ,12,μάχαιρα,False,"[{""token_id"": ""272914"", ""citation"": ""MATT 10.34"", ""raw_form"": ""μάχαιραν""}]"
syntacticus:Nb:b650f5ab6523ea55d8137c67ae47c36e5616c12b124d37719b1d54e10be9fc0c,ΜΑΧΑΙΡΗΣ,4,μάχαιρα,False,"[{""token_id"": ""339053"", ""citation"": ""LUKE 21.24"", ""raw_form"": ""μαχαίρης""}]"
syntacticus:Nb:86535bb5eb02986977c036e059cc26e03098fbdb604bdf07d5c14c9f815e321e,ΜΑΧΑΙΡΩΝ,5,μάχαιρα,False,"[{""token_id"": ""285565"", ""citation"": ""MATT 26.47"", ""raw_form"": ""μαχαιρῶν""}]"
syntacticus:Nb:d16b5988de7a5b67db2ac2f239c6e25c69251d237be70eb5bc8a4143fafaf0c9,ΜΑΧΑΣ,2,μάχη,False,"[{""token_id"": ""462732"", ""citation"": ""2TIM 2.23"", ""raw_form"": ""μάχας""}]"
syntacticus:Nb:88f348f279726f58ac5e7e87ff38d0cfa9ff818bc202463686ffff8178fd2baf,ΜΕΓΑΛΕΙΟΤΗΤΙ,1,μεγαλειότης,False,"[{""token_id"": ""329029"", ""citation"": ""LUKE 9.43"", ""raw_form"": ""μεγαλειότητι""}]"
syntacticus:Nb:f71bb32f127ff0f5ad5ed48c6cfa64f91ecd681fc265dce013afcd3891043c0c,ΜΕΓΑΛΕΙΟΤΗΤΟΣ,1,μεγαλειότης,False,"[{""token_id"": ""391954"", ""citation"": ""ACTS 19.27"", ""raw_form"": ""μεγαλειότητος""}]"
syntacticus:Nb:514287143432d2979630c8c49f0e0e7a14d3bfc857aca95280c593cb9b28e1a2,ΜΕΓΑΛΩΣΥΝΗΣ,2,μεγαλωσύνη,False,"[{""token_id"": ""466638"", ""citation"": ""HEB 1.3"", ""raw_form"": ""μεγαλωσύνης""}]"
syntacticus:Nb:e203fc50160c7c497966d7ea7132861d3d2225158d819e0d88b70f9906d469e5,ΜΕΓΕΘΟΣ,1,μέγεθος,False,"[{""token_id"": ""442605"", ""citation"": ""EPH 1.19"", ""raw_form"": ""μέγεθος""}]"
syntacticus:Nb:706f707d6b9025c68c223a8e9f1ede6950667382a3ffe3ce1284b116da6ede8f,ΜΕΓΙΣΤΑΝΕΣ,2,μεγιστάν,False,"[{""token_id"": ""495528"", ""citation"": ""REV 6.15"", ""raw_form"": ""μεγιστᾶνες""}]"
syntacticus:Nb:ce50f3b881caf715ccce6f0de40fd7be7f235607a6d7c9231a52dee81d8e2d81,ΜΕΓΙΣΤΑΣΙΝ,1,μεγιστάν,False,"[{""token_id"": ""105800"", ""citation"": ""MARK 6.21"", ""raw_form"": ""μεγιστᾶσιν""}]"
syntacticus:Nb:c8659387c1b554c84f0d4b59937e24ddbd89f2bdefbe4bf4d3e81f2bf5a351a3,ΜΕΘΑΙ,1,μέθη,False,"[{""token_id"": ""439726"", ""citation"": ""GAL 5.21"", ""raw_form"": ""μέθαι""}]"
syntacticus:Nb:2d13256dd8c9a3100a4b3514278bf0d036d56b679dd9f0c9d19ec90ceb0a4f2c,ΜΕΘΑΙΣ,1,μέθη,False,"[{""token_id"": ""405492"", ""citation"": ""ROM 13.13"", ""raw_form"": ""μέθαις""}]"
syntacticus:Nb:283e9dc5062a42f3b885936135cabd271818c3d90b5bb1e75a6b39033bee3fc9,ΜΕΘΟΔΙΑΝ,1,μεθοδεία,False,"[{""token_id"": ""443678"", ""citation"": ""EPH 4.14"", ""raw_form"": ""μεθοδίαν""}]"
syntacticus:Nb:ff3f9083f0ec74698500d1597b4ff2bc4880e78c85cdd4a5d3acff45a787263d,ΜΕΘΟΔΙΑΣ,1,μεθοδεία,False,"[{""token_id"": ""444693"", ""citation"": ""EPH 6.11"", ""raw_form"": ""μεθοδίας""}]"
syntacticus:Nb:e9e0af70a9966c59f39ac5d8ff627f777e80bb8755049410582264fc3637c77f,ΜΕΘΥΣΟΙ,1,μέθυσος,False,"[{""token_id"": ""415741"", ""citation"": ""1COR 6.10"", ""raw_form"": ""μέθυσοι""}]"
syntacticus:Nb:f0f2a70d5b93855e92698f3462760edea31aea016dd4747f062da27749cd1131,ΜΕΘΥΣΟΣ,1,μέθυσος,False,"[{""token_id"": ""415543"", ""citation"": ""1COR 5.11"", ""raw_form"": ""μέθυσος""}]"
syntacticus:Nb:21a25566ff8911bb5abda4adb47130a660e87d998a51990c9a34d6c514d9a984,ΜΕΛΑΝΙ,1,μέλαν,False,"[{""token_id"": ""429007"", ""citation"": ""2COR 3.3"", ""raw_form"": ""μέλανι""}]"
syntacticus:Nb:06d050bb9c7ba5c00207e52cc476e04accae710c02d85c3f11678e9458b06eca,ΜΕΛΕΣΙΝ,5,μέλος,False,"[{""token_id"": ""401995"", ""citation"": ""ROM 7.5"", ""raw_form"": ""μέλεσιν""}]"
syntacticus:Nb:8fcd227b755f9d9911a17948ffaac5e8050831a032b6a116cf25234f5a8974c6,ΜΕΛΗ,22,μέλος,False,"[{""token_id"": ""401649"", ""citation"": ""ROM 6.13"", ""raw_form"": ""μέλη""}]"
syntacticus:Nb:2ff04aa42105997ebc7327c11c7a630eae6d02b92316d5a3b914730e4b0afaa9,ΜΕΛΙ,4,μέλι,False,"[{""token_id"": ""267779"", ""citation"": ""MATT 3.4"", ""raw_form"": ""μέλι""}]"
syntacticus:Nb:abb44f286d3db0ac24e7abda62daa65f997e70029ff44e75ecc6eea6e4654099,ΜΕΛΟΣ,5,μέλος,False,"[{""token_id"": ""418956"", ""citation"": ""1COR 12.14"", ""raw_form"": ""μέλος""}]"
syntacticus:Nb:b99923dbd8b7eb312d89d173a5bddcfc008be0fef891293ccb04adf65cc96ac1,ΜΕΛΩΝ,2,μέλος,False,"[{""token_id"": ""269129"", ""citation"": ""MATT 5.29"", ""raw_form"": ""μελῶν""}]"
syntacticus:Nb:54cf00ed02ac06df54d877fd18bc1f871bee853b75b4b9139576974c4a99d323,ΜΕΜΒΡΑΝΑΣ,1,μεμβράνα,False,"[{""token_id"": ""463308"", ""citation"": ""2TIM 4.13"", ""raw_form"": ""μεμβράνας""}]"
syntacticus:Nb:cd73cf1d191f0c5eafdf4d7ac42637adfed8f284851c2cfc4c0eb6fe96591026,ΜΕΡΕΙ,3,μέρος,False,"[{""token_id"": ""429148"", ""citation"": ""2COR 3.10"", ""raw_form"": ""μέρει""}]"
syntacticus:Nb:f910c9bad0a3f33bc0ccca0d5c5dd4bcde2f3d94813f9d4ae30f390a7260c3d3,ΜΕΡΗ,10,μέρος,False,"[{""token_id"": ""267676"", ""citation"": ""MATT 2.22"", ""raw_form"": ""μέρη""}]"
syntacticus:Nb:ba89902b71707dd2e5cacdbf2ce2e47b129a6ecb3a0250c848dd151bedf44760,ΜΕΡΙΔΑ,2,μερίς,False,"[{""token_id"": ""330341"", ""citation"": ""LUKE 10.42"", ""raw_form"": ""μερίδα""}]"
syntacticus:Nb:62a59c5a92a95999ea24a5a3808cf76b0a05cca4e55e83f2147a39c4edd55e4f,ΜΕΡΙΔΟΣ,1,μερίς,False,"[{""token_id"": ""389458"", ""citation"": ""ACTS 16.12"", ""raw_form"": ""μερίδος""}]"
syntacticus:Nb:bdd9d95e647e5e280f158b962b8f04d363575defa268d7f945fb0e48bb922573,ΜΕΡΙΜΝΑ,2,μέριμνα,False,"[{""token_id"": ""275088"", ""citation"": ""MATT 13.22"", ""raw_form"": ""μέριμνα""}]"
syntacticus:Nb:7ca1c1ee8d6b770500e00175579584a90613d68e27300f80a152431dd9890120,ΜΕΡΙΜΝΑΙ,1,μέριμνα,False,"[{""token_id"": ""104116"", ""citation"": ""MARK 4.19"", ""raw_form"": ""μέριμναι""}]"
syntacticus:Nb:c201854fb0e7a54455572919d6b7c959bbdfed8fea4124300c717c57655b20cd,ΜΕΡΙΜΝΑΙΣ,1,μέριμνα,False,"[{""token_id"": ""339237"", ""citation"": ""LUKE 21.34"", ""raw_form"": ""μερίμναις""}]"
syntacticus:Nb:466b1286f13a877991eac467d3047dae163c987a184e5afe1a52f127ad225b05,ΜΕΡΙΜΝΩΝ,1,μέριμνα,False,"[{""token_id"": ""758586"", ""citation"": ""LUKE 8.14"", ""raw_form"": ""μεριμνῶν""}]"
syntacticus:Nb:3dc384f77513fa9ab6fc3c8396792a752cfe893f1422ae79d1814d73e40b75db,ΜΕΡΙΣ,2,μερίς,False,"[{""token_id"": ""383518"", ""citation"": ""ACTS 8.21"", ""raw_form"": ""μερὶς""}]"
syntacticus:Nb:9fd451e82c75549a33d2cb66733b2c234a8f76ec359c12497716388f466bd8b1,ΜΕΡΙΣΜΟΙΣ,1,μερισμός,False,"[{""token_id"": ""466938"", ""citation"": ""HEB 2.4"", ""raw_form"": ""μερισμοῖς""}]"
syntacticus:Nb:5b8db3dae395180063ca9964c8220077b5918893bdc4a40749318219979db119,ΜΕΡΙΣΜΟΥ,1,μερισμός,False,"[{""token_id"": ""467792"", ""citation"": ""HEB 4.12"", ""raw_form"": ""μερισμοῦ""}]"
syntacticus:Nb:1252a17a3abf49b7a2a3192b579169c93aec6508d1f87bcbd1d703e5c774262e,ΜΕΡΙΣΤΗΝ,1,μεριστής,False,"[{""token_id"": ""331786"", ""citation"": ""LUKE 12.14"", ""raw_form"": ""μεριστὴν""}]"
syntacticus:Nb:f19dcda8b65cb24fcf53d547ce57b4384665afcdfcba3f228f9b888682aa4d0c,ΜΕΡΟΣ,16,μέρος,False,"[{""token_id"": ""784650"", ""citation"": ""MATT 24.51"", ""raw_form"": ""μέρος""}]"
syntacticus:Nb:2d6d94bbe7335a107cf6efb74ae8b6d7d9f75432d78183bb5386884a2f100040,ΜΕΡΟΥΣ,12,μέρος,False,"[{""token_id"": ""394706"", ""citation"": ""ACTS 23.9"", ""raw_form"": ""μέρους""}]"
syntacticus:Nb:2c389a9f52b7db7b6c56e1cb0df3130fad26e4413aea56bbd29ccc5d1014944c,ΜΕΣΗΜΒΡΙΑΝ,2,μεσημβρία,False,"[{""token_id"": ""383624"", ""citation"": ""ACTS 8.26"", ""raw_form"": ""μεσημβρίαν""}]"
syntacticus:Nb:5e0041034c7ab6a8ab65d34804c9faa1a4453c2f26626f484d963e186f457c83,ΜΕΣΙΤΗΣ,4,μεσίτης,False,"[{""token_id"": ""438741"", ""citation"": ""GAL 3.20"", ""raw_form"": ""μεσίτης""}]"
syntacticus:Nb:5fd059da58eb6a654296b74806b1f306780492ef90059ffdeab1b4c24a616074,ΜΕΣΙΤΟΥ,1,μεσίτης,False,"[{""token_id"": ""438737"", ""citation"": ""GAL 3.19"", ""raw_form"": ""μεσίτου""}]"
syntacticus:Nb:af8f19e678dcc638ac7d3a4a0c88de6e752f1a5e4a30c645c514cc1e4711ff5a,ΜΕΣΟΝΥΚΤΙΟΝ,2,μεσονύκτιον,False,"[{""token_id"": ""112198"", ""citation"": ""MARK 13.35"", ""raw_form"": ""μεσονύκτιον""}]"
syntacticus:Nb:4b03d2151424a42d7281f84978812ecca6dd0aa715d0c4b3e8b6b4e9b32d557b,ΜΕΣΟΝΥΚΤΙΟΥ,2,μεσονύκτιον,False,"[{""token_id"": ""330454"", ""citation"": ""LUKE 11.5"", ""raw_form"": ""μεσονυκτίου""}]"
syntacticus:Nb:cd625afe90fc75f0b53960a4b5434f1d96876a372e9fb18e18372d675daf220b,ΜΕΣΟΤΟΙΧΟΝ,1,μεσότοιχον,False,"[{""token_id"": ""442960"", ""citation"": ""EPH 2.14"", ""raw_form"": ""μεσότοιχον""}]"
syntacticus:Nb:aaad9e338d823059d326842a4ca9d6885d0df4908ec36d2b6c0f367f421fe19f,ΜΕΣΟΥΡΑΝΗΜΑΤΙ,3,μεσουράνημα,False,"[{""token_id"": ""496380"", ""citation"": ""REV 8.13"", ""raw_form"": ""μεσουρανήματι""}]"
syntacticus:Nb:b7067420f2293bfbbc9e2ede61e4f86a84b6c2f002e7b2ea7b898f62908f27e0,ΜΕΤΑΘΕΣΕΩΣ,1,μετάθεσις,False,"[{""token_id"": ""470614"", ""citation"": ""HEB 11.5"", ""raw_form"": ""μεταθέσεως""}]"
syntacticus:Nb:2dde67a0a3b77e4d807953ebfa6a7c95ad18d65ab7b460d0458dd08c7dddcc32,ΜΕΤΑΘΕΣΙΝ,1,μετάθεσις,False,"[{""token_id"": ""471772"", ""citation"": ""HEB 12.27"", ""raw_form"": ""μετάθεσιν""}]"
syntacticus:Nb:0388f2975ac17eaa065ac4fc965da2ea66c5730c4d08dbff7b66f77736ac00f6,ΜΕΤΑΘΕΣΙΣ,1,μετάθεσις,False,"[{""token_id"": ""468730"", ""citation"": ""HEB 7.12"", ""raw_form"": ""μετάθεσις""}]"
syntacticus:Nb:6aee952aa135008b247b614d8e0ab18b3f36fda287654745f69f9b15655aa009,ΜΕΤΑΛΗΜΨΙΝ,1,μετάλημψις,False,"[{""token_id"": ""459396"", ""citation"": ""1TIM 4.3"", ""raw_form"": ""μετάλημψιν""}]"
syntacticus:Nb:be64a26ec0fac7d3ea7f2276ce39f1ff90c070db3e1e833423fe31fadf89c0fb,ΜΕΤΑΝΟΙΑΝ,11,μετάνοια,False,"[{""token_id"": ""267903"", ""citation"": ""MATT 3.11"", ""raw_form"": ""μετάνοιαν""}]"
syntacticus:Nb:a3d7783161cc69a2e541d87492636025bb001ed054558522d2ff77de402c161e,ΜΕΤΑΝΟΙΑΣ,10,μετάνοια,False,"[{""token_id"": ""267842"", ""citation"": ""MATT 3.8"", ""raw_form"": ""μετανοίας""}]"
syntacticus:Nb:fb58fecae2e459a30ea5f3450c20011a81c2d9c6488d9c691d8e791a288e685c,ΜΕΤΟΙΚΕΣΙΑΝ,1,μετοικεσία,False,"[{""token_id"": ""266893"", ""citation"": ""MATT 1.12"", ""raw_form"": ""μετοικεσίαν""}]"
syntacticus:Nb:f89844c031a9454c5eeafc9e8845b320ab0f90bfb2bd193e2c7097955e21bc76,ΜΕΤΟΙΚΕΣΙΑΣ,3,μετοικεσία,False,"[{""token_id"": ""266887"", ""citation"": ""MATT 1.11"", ""raw_form"": ""μετοικεσίας""}]"
syntacticus:Nb:d1c39ab06a3a77159410be56c099845f0504145c0a40c75adfde9a4e8968f33c,ΜΕΤΟΧΗ,1,μετοχή,False,"[{""token_id"": ""430268"", ""citation"": ""2COR 6.14"", ""raw_form"": ""μετοχὴ""}]"
syntacticus:Nb:c76bced71e275acc7a86a897a5cc8d4fa94d3b7c1929c09f6853dfabc4e3a9db,ΜΕΤΡΗΤΑΣ,1,μετρητής,False,"[{""token_id"": ""343509"", ""citation"": ""JOHN 2.6"", ""raw_form"": ""μετρητὰς""}]"
syntacticus:Nb:5410d3f20c6ac4d9f3040d419f376fa25aee092e80047b8ee87023d02a1ed84f,ΜΕΤΡΟΝ,8,μέτρον,False,"[{""token_id"": ""282735"", ""citation"": ""MATT 23.32"", ""raw_form"": ""μέτρον""}]"
syntacticus:Nb:60795289131e0d9092bfcc8bae367fb8d1e7b0c1afd96cae69ee4919b7226b03,ΜΕΤΡΟΥ,2,μέτρον,False,"[{""token_id"": ""344605"", ""citation"": ""JOHN 3.34"", ""raw_form"": ""μέτρου""}]"
syntacticus:Nb:46c5ef0a337bf616c6335a8bda140a7f0051ff11a7035b6faca0965a14d4a0fa,ΜΕΤΩΠΟΝ,3,μέτωπον,False,"[{""token_id"": ""498773"", ""citation"": ""REV 13.16"", ""raw_form"": ""μέτωπον""}]"
syntacticus:Nb:849ade493786fe605936a81bbc40f2b945df06d3b15614e4afaf5b33ad4b6a0f,ΜΕΤΩΠΟΥ,1,μέτωπον,False,"[{""token_id"": ""499093"", ""citation"": ""REV 14.9"", ""raw_form"": ""μετώπου""}]"
syntacticus:Nb:4994ba3ec495c46be3f8e370221a1d7784270e2d09e3b13df7dca55319dd5d4b,ΜΕΤΩΠΩΝ,4,μέτωπον,False,"[{""token_id"": ""495687"", ""citation"": ""REV 7.3"", ""raw_form"": ""μετώπων""}]"
syntacticus:Nb:db86f2cb344cbdd52bac01f492a8dabbab0748eedfff5d94b80abe005383315d,ΜΗΚΟΣ,3,μῆκος,False,"[{""token_id"": ""443379"", ""citation"": ""EPH 3.18"", ""raw_form"": ""μῆκος""}]"
syntacticus:Nb:13d72680ab3476e96cd4bb34c423e8faa40a8ea6579396a71188ee5b8b3dc615,ΜΗΛΩΤΑΙΣ,1,μηλωτή,False,"[{""token_id"": ""471203"", ""citation"": ""HEB 11.37"", ""raw_form"": ""μηλωταῖς""}]"
syntacticus:Nb:52c99b4fff4115a69a29c55168046d7b67d3f31c6d98ecd83d57a6a97ecea0cf,ΜΗΝ,1,μείς,False,"[{""token_id"": ""733833"", ""citation"": ""LUKE 1.36"", ""raw_form"": ""μὴν""}]"
syntacticus:Nb:e68e6eec62bd664a9187b7bda56f45c59dfda18b5d4f5d3b557d40c6f0c2325f,ΜΗΝΑ,2,μείς,False,"[{""token_id"": ""496753"", ""citation"": ""REV 9.15"", ""raw_form"": ""μῆνα""}]"
syntacticus:Nb:f6f6f5945acb95ac24f65e2c85d3c8a61b52cfbb681435e3037f70edfca63615,ΜΗΝΑΣ,14,μείς,False,"[{""token_id"": ""733591"", ""citation"": ""LUKE 1.24"", ""raw_form"": ""μῆνας""}]"
syntacticus:Nb:20645e329475cbeb5fd6163d68d870c1a66bca6bdba119873f03cd59b5a5ae80,ΜΗΝΙ,1,μείς,False,"[{""token_id"": ""320533"", ""citation"": ""LUKE 1.26"", ""raw_form"": ""μηνὶ""}]"
syntacticus:Nb:62c5597d5e5c0be43ece55face4dd75dc0ca3745e22f7a1d47f8712e09727fb0,ΜΗΡΟΝ,1,μηρός,False,"[{""token_id"": ""501823"", ""citation"": ""REV 19.16"", ""raw_form"": ""μηρὸν""}]"
syntacticus:Nb:45673a2dabf992acf867a8ffcb3f6d311b655f71e74ef9a79ad495a7ac940148,ΜΗΤΕΡΑ,27,μήτηρ,False,"[{""token_id"": ""267456"", ""citation"": ""MATT 2.13"", ""raw_form"": ""μητέρα""}]"
syntacticus:Nb:63074f4aef15a2b88e8fc3f618accd66ebdb8717016ee660e7bdb796896574f5,ΜΗΤΕΡΑΣ,2,μήτηρ,False,"[{""token_id"": ""109472"", ""citation"": ""MARK 10.30"", ""raw_form"": ""μητέρας""}]"
syntacticus:Nb:32cc880bfb04dfaa4e4524b382b389ccda03c54fb163172b345a21b78e764528,ΜΗΤΗΡ,32,μήτηρ,False,"[{""token_id"": ""274576"", ""citation"": ""MATT 12.46"", ""raw_form"": ""μήτηρ""}]"
syntacticus:Nb:fd2b373e794c032772222b3dbd938784286ac9de1bbba53a218e208f4928a543,ΜΗΤΡΑΝ,1,μήτρα,False,"[{""token_id"": ""321806"", ""citation"": ""LUKE 2.23"", ""raw_form"": ""μήτραν""}]"
syntacticus:Nb:87bdce481ee519f7f3d2a71c1a4ba752100fe3acf6ad0ededf7e3b9ef0de5d3f,ΜΗΤΡΑΣ,1,μήτρα,False,"[{""token_id"": ""400891"", ""citation"": ""ROM 4.19"", ""raw_form"": ""μήτρας""}]"
syntacticus:Nb:de321af8ba9b3c5546b007a842fa6a317cda0055f64eee75ed42cb7ccb37583f,ΜΗΤΡΙ,11,μήτηρ,False,"[{""token_id"": ""276057"", ""citation"": ""MATT 14.11"", ""raw_form"": ""μητρὶ""}]"
syntacticus:Nb:d7d33b2807709f5474e776568701950203f60b505da878bd66f5371260626660,ΜΗΤΡΟΣ,12,μήτηρ,False,"[{""token_id"": ""267020"", ""citation"": ""MATT 1.18"", ""raw_form"": ""μητρὸς""}]"
syntacticus:Nb:363bc9e9be16dea9a0f0d7e7f61f7167d78e91756ebfb104a7183b7ef5e72b2d,ΜΙΓΜΑ,1,μίγμα,False,"[{""token_id"": ""359317"", ""citation"": ""JOHN 19.39"", ""raw_form"": ""μίγμα""}]"
syntacticus:Nb:e98707aff1ebb67aa313503912637e17792cdafc2bb356f9cb8ad4871e55dc8b,ΜΙΛΙΟΝ,1,μίλιον,False,"[{""token_id"": ""269369"", ""citation"": ""MATT 5.41"", ""raw_form"": ""μίλιον""}]"
syntacticus:Nb:376e65294784a233c099c11cfb4f1bc8c6d3ed871a5e6946b15d50f0792a7ec4,ΜΙΜΗΤΑΙ,6,μιμητής,False,"[{""token_id"": ""415229"", ""citation"": ""1COR 4.16"", ""raw_form"": ""μιμηταί""}]"
syntacticus:Nb:006a513f2f45cbdb75535d07913c36fcdd1d527b8bcef6b767f742875d2213a2,ΜΙΣΘΑΠΟΔΟΣΙΑΝ,3,μισθαποδοσία,False,"[{""token_id"": ""466900"", ""citation"": ""HEB 2.2"", ""raw_form"": ""μισθαποδοσίαν""}]"
syntacticus:Nb:60cb881603d7cfb5a52166c81483adfea8d9f438e2c015ba33df355a8b80e060,ΜΙΣΘΑΠΟΔΟΤΗΣ,1,μισθαποδότης,False,"[{""token_id"": ""470639"", ""citation"": ""HEB 11.6"", ""raw_form"": ""μισθαποδότης""}]"
syntacticus:Nb:45fbbd34676382a5e5c5b685e2fd37d40a0e5a6cb72db6c82cc6a2320293d14c,ΜΙΣΘΟΝ,15,μισθός,False,"[{""token_id"": ""269455"", ""citation"": ""MATT 5.46"", ""raw_form"": ""μισθὸν""}]"
syntacticus:Nb:b6a794d472e79da46fc36ef65227d952d9075243deb1ebf779743b04fb2c9655,ΜΙΣΘΟΣ,7,μισθός,False,"[{""token_id"": ""268698"", ""citation"": ""MATT 5.12"", ""raw_form"": ""μισθὸς""}]"
syntacticus:Nb:d605ab9b19bfd3dc6a25338bc4aab49cc327c16be56a7b0a561e5c2f29d8c6dc,ΜΙΣΘΟΥ,3,μισθός,False,"[{""token_id"": ""329572"", ""citation"": ""LUKE 10.7"", ""raw_form"": ""μισθοῦ""}]"
syntacticus:Nb:476fdc894118e5dfe8c658bbe65ed67a48d9aad0ce1a737eeff4f84716440afa,ΜΙΣΘΩΜΑΤΙ,1,μίσθωμα,False,"[{""token_id"": ""398515"", ""citation"": ""ACTS 28.30"", ""raw_form"": ""μισθώματι""}]"
syntacticus:Nb:530e993b9e56b562a5093d7540ad3e561e6ab859294810dff2df89fcc6fd50f7,ΜΙΣΘΩΤΟΣ,2,μισθωτός,False,"[{""token_id"": ""351528"", ""citation"": ""JOHN 10.12"", ""raw_form"": ""μισθωτὸς""}]"
syntacticus:Nb:83915f466e10adf13ae2bfaaaf19b8e4f1605e4d8fc9171d19fb63da0ea6101b,ΜΙΣΘΩΤΩΝ,1,μισθωτός,False,"[{""token_id"": ""102106"", ""citation"": ""MARK 1.20"", ""raw_form"": ""μισθωτῶν""}]"
syntacticus:Nb:32f3388406d9b8dda9967c013ea310fc55ad27635ddf914fdeb3b5f3f56da100,ΜΝΑ,3,μνᾶ,False,"[{""token_id"": ""337250"", ""citation"": ""LUKE 19.16"", ""raw_form"": ""μνᾶ""}]"
syntacticus:Nb:f33a28624621ba44ca410c09084f315f78a8e52c4b0eabe0e535f450c0247160,ΜΝΑΝ,1,μνᾶ,False,"[{""token_id"": ""337405"", ""citation"": ""LUKE 19.24"", ""raw_form"": ""μνᾶν""}]"
syntacticus:Nb:d4087b3b08e42593f1d1261f55ec34bbbfa2baff3bd5a6b01075e56f93d94413,ΜΝΑΣ,5,μνᾶ,False,"[{""token_id"": ""337180"", ""citation"": ""LUKE 19.13"", ""raw_form"": ""μνᾶς""}]"
syntacticus:Nb:af07cfc399409a0e096e708bde36b1c479a3872fba7afe43bee9b3c2cfb94575,ΜΝΕΙΑΝ,6,μνεία,False,"[{""token_id"": ""399052"", ""citation"": ""ROM 1.9"", ""raw_form"": ""μνείαν""}]"
syntacticus:Nb:70061ace831e404248b84f82ca87970abb3f52a5c680bb384c1f7c4de825aff3,ΜΝΗΜΑ,4,μνῆμα,False,"[{""token_id"": ""114389"", ""citation"": ""MARK 16.2"", ""raw_form"": ""μνῆμα""}]"
syntacticus:Nb:d28ca105377c04019557db92da0dc8ee611209ddc87e7efc026c2922a751f4ac,ΜΝΗΜΑΣΙΝ,3,μνῆμα,False,"[{""token_id"": ""104605"", ""citation"": ""MARK 5.3"", ""raw_form"": ""μνήμασιν""}]"
syntacticus:Nb:22cfe97b080357745417e07ec46a69269dfde79906d14c33839eb6f7a278a335,ΜΝΗΜΑΤΙ,3,μνῆμα,False,"[{""token_id"": ""114329"", ""citation"": ""MARK 15.46"", ""raw_form"": ""μνήματι""}]"
syntacticus:Nb:db0001ae36e3aaede8b9d066c03d4c92491b563f538f0998f025773abc61db72,ΜΝΗΜΕΙΑ,4,μνημεῖον,False,"[{""token_id"": ""282693"", ""citation"": ""MATT 23.29"", ""raw_form"": ""μνημεῖα""}]"
syntacticus:Nb:ac446c5d8434878307ee4c63b27ee65bd9d54b04728e22dfbd11b2f240789a93,ΜΝΗΜΕΙΟΙΣ,1,μνημεῖον,False,"[{""token_id"": ""346266"", ""citation"": ""JOHN 5.28"", ""raw_form"": ""μνημείοις""}]"
syntacticus:Nb:babffad85df5439ce0de9791a1850d92ddd2cffde3e9738021be4c5e540ef298,ΜΝΗΜΕΙΟΝ,15,μνημεῖον,False,"[{""token_id"": ""114428"", ""citation"": ""MARK 16.5"", ""raw_form"": ""μνημεῖον""}]"
syntacticus:Nb:d5a4943f0e30f6bf5dae37bba7e19ccbfb33a11b00695a4c4e76c6cbeec38a35,ΜΝΗΜΕΙΟΥ,10,μνημεῖον,False,"[{""token_id"": ""287158"", ""citation"": ""MATT 27.60"", ""raw_form"": ""μνημείου""}]"
syntacticus:Nb:609f90c73d0c8c41aeeac162f44d692e1be44daa00b0405a55b71af22264a75f,ΜΝΗΜΕΙΩΝ,3,μνημεῖον,False,"[{""token_id"": ""271370"", ""citation"": ""MATT 8.28"", ""raw_form"": ""μνημείων""}]"
syntacticus:Nb:77a2e510764205caa3a597ef78cecfa8ce790ac4a60c9813ac281ab744d5b39f,ΜΝΗΜΟΣΥΝΟΝ,3,μνημόσυνον,False,"[{""token_id"": ""284895"", ""citation"": ""MATT 26.13"", ""raw_form"": ""μνημόσυνον""}]"
syntacticus:Nb:958fced5e5456849395f5c6669fbd29be0d9f52abc3f39f9b749d4b04a4a622a,ΜΟΔΙΟΝ,3,μόδιος,False,"[{""token_id"": ""268767"", ""citation"": ""MATT 5.15"", ""raw_form"": ""μόδιον""}]"
syntacticus:Nb:41a7e6700faad796d796fb4b69d3774b7055ff5eb43f2f67c11a8d936e03fc06,ΜΟΙΧΑΛΙΔΑ,1,μοιχαλίς,False,"[{""token_id"": ""401940"", ""citation"": ""ROM 7.3"", ""raw_form"": ""μοιχαλίδα""}]"
syntacticus:Nb:bb772c5f14b81e5d1c68c2119c364a28c62206d11e0732e556e99cb938304f26,ΜΟΙΧΑΛΙΔΕΣ,1,μοιχαλίς,False,"[{""token_id"": ""478212"", ""citation"": ""JAS 4.4"", ""raw_form"": ""μοιχαλίδες""}]"
syntacticus:Nb:876b878c6b26eb64c706dbff7b7e26523e0ba40b93db46e6dd8c795a79ebe121,ΜΟΙΧΑΛΙΔΙ,1,μοιχαλίς,False,"[{""token_id"": ""107895"", ""citation"": ""MARK 8.38"", ""raw_form"": ""μοιχαλίδι""}]"
syntacticus:Nb:39e88655d4f5af517c043c114305c741e98933e166f31bde4263e422b803b8bb,ΜΟΙΧΑΛΙΣ,3,μοιχαλίς,False,"[{""token_id"": ""274383"", ""citation"": ""MATT 12.39"", ""raw_form"": ""μοιχαλὶς""}]"
syntacticus:Nb:df8ee44cdbcbc77696a1b5371316cad2827423d03158ea1b8d74f3798b738291,ΜΟΙΧΕΙΑΙ,2,μοιχεία,False,"[{""token_id"": ""276818"", ""citation"": ""MATT 15.19"", ""raw_form"": ""μοιχεῖαι""}]"
syntacticus:Nb:3c910b2f339484f07689dfa54430332eeada818202b130baadd89c58acea28d4,ΜΟΙΧΟΙ,2,μοιχός,False,"[{""token_id"": ""336384"", ""citation"": ""LUKE 18.11"", ""raw_form"": ""μοιχοί""}]"
syntacticus:Nb:ad12fe9df137cc17b5b56398b3b448226e1068871d3941ca4c1ef82e711baa95,ΜΟΛΥΣΜΟΥ,1,μολυσμός,False,"[{""token_id"": ""430383"", ""citation"": ""2COR 7.1"", ""raw_form"": ""μολυσμοῦ""}]"
syntacticus:Nb:3e7356f6ae66b54fd1db0715c7b8761c5a1ba1d3b6f6bd02fec6dba03c9f9647,ΜΟΜΦΗΝ,1,μομφή,False,"[{""token_id"": ""451770"", ""citation"": ""COL 3.13"", ""raw_form"": ""μομφήν""}]"
syntacticus:Nb:08ea0c7a930b1b73afb2ec4b2e340f054add877966c5008746352fcf78f86f3d,ΜΟΝΑΙ,1,μονή,False,"[{""token_id"": ""355031"", ""citation"": ""JOHN 14.2"", ""raw_form"": ""μοναὶ""}]"
syntacticus:Nb:a4c74182518e89edb80029e770d9c737837bf30590789fe555fd193a6e699435,ΜΟΝΗΝ,1,μονή,False,"[{""token_id"": ""355509"", ""citation"": ""JOHN 14.23"", ""raw_form"": ""μονὴν""}]"
syntacticus:Nb:f9f721c8065e01bc6c1cf83ced500e28382d38217d8fe47813ca8f970e87409f,ΜΟΡΦΗΝ,1,μορφή,False,"[{""token_id"": ""447753"", ""citation"": ""PHIL 2.7"", ""raw_form"": ""μορφὴν""}]"
syntacticus:Nb:bf769161178bc6b5c8c99cf37a4806b245519783a7c6b9f9707985ce304f4c7d,ΜΟΡΦΩΣΙΝ,2,μόρφωσις,False,"[{""token_id"": ""399860"", ""citation"": ""ROM 2.20"", ""raw_form"": ""μόρφωσιν""}]"
syntacticus:Nb:749e1332fb465cf98bd57a53285ae494cba397aff7cf930d32f9d57d4ed7d574,ΜΟΣΧΟΝ,3,μόσχος,False,"[{""token_id"": ""334612"", ""citation"": ""LUKE 15.23"", ""raw_form"": ""μόσχον""}]"
syntacticus:Nb:e124de783f788144260aac80dd1e0ccd9ae4c7dfec4f50a516bab5e0e35b21d6,ΜΟΣΧΩΝ,2,μόσχος,False,"[{""token_id"": ""469556"", ""citation"": ""HEB 9.12"", ""raw_form"": ""μόσχων""}]"
syntacticus:Nb:4a2a82d1da19bd5b6ea26a9d88e7def50d022fa0e378defaf56907ee42ef30d9,ΜΟΧΘΟΝ,1,μόχθος,False,"[{""token_id"": ""454182"", ""citation"": ""1THESS 2.9"", ""raw_form"": ""μόχθον""}]"
syntacticus:Nb:be7bd5bba5c07b88d1879ae2217d1764412f0eb341dc93557ee8a8b1a0e95e08,ΜΥΕΛΩΝ,1,μυελός,False,"[{""token_id"": ""467800"", ""citation"": ""HEB 4.12"", ""raw_form"": ""μυελῶν""}]"
syntacticus:Nb:b28dcb8320728e7b9fa471359ac9c308626711346a7b387560c54cd576c5a5b2,ΜΥΘΟΙΣ,2,μῦθος,False,"[{""token_id"": ""458576"", ""citation"": ""1TIM 1.4"", ""raw_form"": ""μύθοις""}]"
syntacticus:Nb:160b6642dd567e0b009696393e0249d104a03b03e97b90915b7d50ef8f761ed6,ΜΥΘΟΥΣ,2,μῦθος,False,"[{""token_id"": ""459454"", ""citation"": ""1TIM 4.7"", ""raw_form"": ""μύθους""}]"
syntacticus:Nb:a24772b331eafe2063596204a7fffb5bad6fb098ecfdee513344fc53dcd08945,ΜΥΛΟΝ,1,μύλος,False,"[{""token_id"": ""501293"", ""citation"": ""REV 18.21"", ""raw_form"": ""μύλον""}]"
syntacticus:Nb:f6a9678c5651aceba133becb1abd47132f614a80d6383f2e1279d4ba67e0cfc8,ΜΥΛΟΣ,2,μύλος,False,"[{""token_id"": ""278512"", ""citation"": ""MATT 18.6"", ""raw_form"": ""μύλος""}]"
syntacticus:Nb:2f5f1f4f93d7256d7d519663a6a8eca6c9a715f7beb97ecc52fe66592650bd95,ΜΥΛΟΥ,1,μύλος,False,"[{""token_id"": ""501346"", ""citation"": ""REV 18.22"", ""raw_form"": ""μύλου""}]"
syntacticus:Nb:3a719e73d6d29df32db24f249d9593e8d15c046a9620f57c6025432440940a5b,ΜΥΡΑ,1,μύρον,False,"[{""token_id"": ""341549"", ""citation"": ""LUKE 23.56"", ""raw_form"": ""μύρα""}]"
syntacticus:Nb:453149b78177c9c368df13f7593619ab041e95e85cabc147d8544b9833638879,ΜΥΡΙΑΔΑΣ,1,μυριάς,False,"[{""token_id"": ""391772"", ""citation"": ""ACTS 19.19"", ""raw_form"": ""μυριάδας""}]"
syntacticus:Nb:50993d7ae09d1aed208bd8ad8a482d04189b603ca1049dfd6712e0a6fe5ea085,ΜΥΡΙΑΔΕΣ,2,μυριάς,False,"[{""token_id"": ""393373"", ""citation"": ""ACTS 21.20"", ""raw_form"": ""μυριάδες""}]"
syntacticus:Nb:2024ae78c30881252145a30aac880048d4e17d6eb342d5f4770db5c5cd1ae0f9,ΜΥΡΙΑΔΩΝ,3,μυριάς,False,"[{""token_id"": ""331497"", ""citation"": ""LUKE 12.1"", ""raw_form"": ""μυριάδων""}]"
syntacticus:Nb:25fda976955fa26a08aaf7d1ebf5edd260495ac3bc6a0ad3eae329499dc5f758,ΜΥΡΙΑΣΙΝ,1,μυριάς,False,"[{""token_id"": ""471675"", ""citation"": ""HEB 12.22"", ""raw_form"": ""μυριάσιν""}]"
syntacticus:Nb:e141afc1546b68d95195a2959fd37eaaf017a6affd884384a0859eef0dc0b535,ΜΥΡΟΝ,4,μύρον,False,"[{""token_id"": ""284862"", ""citation"": ""MATT 26.12"", ""raw_form"": ""μύρον""}]"
syntacticus:Nb:92e553507fc00db3d56d5109c78eaa1c58fda21976672e715b4964ef213c8d51,ΜΥΡΟΥ,6,μύρον,False,"[{""token_id"": ""284792"", ""citation"": ""MATT 26.7"", ""raw_form"": ""μύρου""}]"
syntacticus:Nb:88d6492a3a48090a2dce65ff0f57efef1db47eb53dfd4bfac8b4bedfe3dd92a7,ΜΥΣΤΗΡΙΑ,4,μυστήριον,False,"[{""token_id"": ""274842"", ""citation"": ""MATT 13.11"", ""raw_form"": ""μυστήρια""}]"
syntacticus:Nb:b510e32018ad08d623efa847704af157285fe9132c150f296326fcac8a7bed9e,ΜΥΣΤΗΡΙΟΝ,16,μυστήριον,False,"[{""token_id"": ""103969"", ""citation"": ""MARK 4.11"", ""raw_form"": ""μυστήριον""}]"
syntacticus:Nb:60c4097963d49b9f8f8721cf6f8868169187de558b362bda3191086c39718f0e,ΜΥΣΤΗΡΙΟΥ,4,μυστήριον,False,"[{""token_id"": ""407025"", ""citation"": ""ROM 16.25"", ""raw_form"": ""μυστηρίου""}]"
syntacticus:Nb:7ccb27547c90406c5a13b77bae0ffed1cdb4da1b67a7d2f6b2692a6822b1824b,ΜΥΣΤΗΡΙΩΝ,1,μυστήριον,False,"[{""token_id"": ""414931"", ""citation"": ""1COR 4.1"", ""raw_form"": ""μυστηρίων""}]"
syntacticus:Nb:b8050dff6e5cde0b861a13d7334466589da773877cd455b6a2a04a9e48f1b857,ΜΩΛΩΠΙ,1,μώλωψ,False,"[{""token_id"": ""481418"", ""citation"": ""1PET 2.24"", ""raw_form"": ""μώλωπι""}]"
syntacticus:Nb:8fa44ac49bcc2f865b6bf2185749bb6107d042081f7390655a3990e72c88d243,ΜΩΡΙΑ,3,μωρία,False,"[{""token_id"": ""413938"", ""citation"": ""1COR 1.18"", ""raw_form"": ""μωρία""}]"
syntacticus:Nb:f4b28d1d1e443917c342818304aa1f74039c80a9d836883b6a5544d53ff67036,ΜΩΡΙΑΝ,1,μωρία,False,"[{""token_id"": ""414036"", ""citation"": ""1COR 1.23"", ""raw_form"": ""μωρίαν""}]"
syntacticus:Nb:94518f64254343ace4cb356f03a947b5faf1365f51231fd3ef8ce6c410c476f2,ΜΩΡΙΑΣ,1,μωρία,False,"[{""token_id"": ""414008"", ""citation"": ""1COR 1.21"", ""raw_form"": ""μωρίας""}]"
syntacticus:Nb:a91037ad44794cbff9e768e247396c74800da08c6b9287986a26ec78b1ef20bc,ΜΩΡΟΛΟΓΙΑ,1,μωρολογία,False,"[{""token_id"": ""444044"", ""citation"": ""EPH 5.4"", ""raw_form"": ""μωρολογία""}]"
syntacticus:Nb:47de4fef2ed2cef98ddb10e1c2c199fcee4383d20c059ff338ab772e5219f000,ΝΑΟΙΣ,1,ναός,False,"[{""token_id"": ""390595"", ""citation"": ""ACTS 17.24"", ""raw_form"": ""ναοῖς""}]"
syntacticus:Nb:58b71635bca9e47a71a278b6a24a3561ea52dd039f3b565e483ec1c86289158f,ΝΑΟΝ,13,ναός,False,"[{""token_id"": ""285841"", ""citation"": ""MATT 26.61"", ""raw_form"": ""ναὸν""}]"
syntacticus:Nb:57ddb57ff59bb511b19eb8c1a955f4bf56770abcf793dcd7fc31f8944d9f614f,ΝΑΟΣ,10,ναός,False,"[{""token_id"": ""282436"", ""citation"": ""MATT 23.17"", ""raw_form"": ""ναὸς""}]"
syntacticus:Nb:535ed8676bbd66a48fb14d4e148fff2b4cd87a3eeec9cee0d846a5a3fa535c44,ΝΑΟΥ,12,ναός,False,"[{""token_id"": ""282420"", ""citation"": ""MATT 23.16"", ""raw_form"": ""ναοῦ""}]"
syntacticus:Nb:17bc035a847adf5540ccced1ad011e25abdffd3615d8976ec668299bb7f7b696,ΝΑΟΥΣ,1,ναός,False,"[{""token_id"": ""391861"", ""citation"": ""ACTS 19.24"", ""raw_form"": ""ναοὺς""}]"
syntacticus:Nb:6f575312e44c26cfbc8ecc5aaca0445c1fbb5005708a95573206115f1d28a2fc,ΝΑΡΔΟΥ,2,νάρδος,False,"[{""token_id"": ""112279"", ""citation"": ""MARK 14.3"", ""raw_form"": ""νάρδου""}]"
syntacticus:Nb:60d3eecef095d50b7c0e5728ba6cc2fa4a14a78e7b853ff10c4e7ce46e809c07,ΝΑΥΝ,1,ναῦς,False,"[{""token_id"": ""397797"", ""citation"": ""ACTS 27.41"", ""raw_form"": ""ναῦν""}]"
syntacticus:Nb:9be73e756c5c4d93eb23b0e5163c93aab958ae85f8b3603cd03a3660a6dc92c6,ΝΑΥΤΑΙ,2,ναύτης,False,"[{""token_id"": ""397543"", ""citation"": ""ACTS 27.27"", ""raw_form"": ""ναῦται""}]"
syntacticus:Nb:f4fcc414e3e36b1cb540a9278ff629ee009338e5556da1503412fa66d58872dc,ΝΑΥΤΩΝ,1,ναύτης,False,"[{""token_id"": ""397584"", ""citation"": ""ACTS 27.30"", ""raw_form"": ""ναυτῶν""}]"
syntacticus:Nb:c8f4924d8fbe0b9ac9d488963e25fa49ad56f85d787976e3ef58f676b4884fe3,ΝΕΑΝΙΑΝ,1,νεανίας,False,"[{""token_id"": ""394899"", ""citation"": ""ACTS 23.17"", ""raw_form"": ""νεανίαν""}]"
syntacticus:Nb:a4738676dfba7c5814f156907cf86f38f233ed4ad3bba710c281cc8582845225,ΝΕΑΝΙΑΣ,1,νεανίας,False,"[{""token_id"": ""392382"", ""citation"": ""ACTS 20.9"", ""raw_form"": ""νεανίας""}]"
syntacticus:Nb:6be24a020b4fb7bd76b28a8bd08522f1d29ce521e84039cb6c7fa0bac3f8c90c,ΝΕΑΝΙΟΥ,1,νεανίας,False,"[{""token_id"": ""383111"", ""citation"": ""ACTS 7.58"", ""raw_form"": ""νεανίου""}]"
syntacticus:Nb:6099809799e023d9f2fd33727d35c298bbbec28ab8e735c3e9b824246b218f6f,ΝΕΑΝΙΣΚΕ,1,νεανίσκος,False,"[{""token_id"": ""326116"", ""citation"": ""LUKE 7.14"", ""raw_form"": ""νεανίσκε""}]"
syntacticus:Nb:136a4be561f50ebbb00f9aaa81324bf50a6aabd72bdcff41cbeb6871f69f2928,ΝΕΑΝΙΣΚΟΙ,2,νεανίσκος,False,"[{""token_id"": ""378778"", ""citation"": ""ACTS 2.17"", ""raw_form"": ""νεανίσκοι""}]"
syntacticus:Nb:0cc62b8d106c405c3a217bc6214a0a387cd769e39db6c4db04f5fc14b4a36c0e,ΝΕΑΝΙΣΚΟΝ,3,νεανίσκος,False,"[{""token_id"": ""114430"", ""citation"": ""MARK 16.5"", ""raw_form"": ""νεανίσκον""}]"
syntacticus:Nb:fa065244061c18a714f6e50f7eace2e3c02cb14f7b9ebb9b1415c9a7bd1b7c46,ΝΕΑΝΙΣΚΟΣ,3,νεανίσκος,False,"[{""token_id"": ""279543"", ""citation"": ""MATT 19.20"", ""raw_form"": ""νεανίσκος""}]"
syntacticus:Nb:a6ade9d3c38c6f6e896373d20e4ae59ef872d1b23ef8b67ec2905d3f41bc383d,ΝΕΚΡΩΣΙΝ,2,νέκρωσις,False,"[{""token_id"": ""400889"", ""citation"": ""ROM 4.19"", ""raw_form"": ""νέκρωσιν""}]"
syntacticus:Nb:10a032a13e4bcc086ff92a2ce8cfed6ac05d9ff845e50a6eb452c7551e59da63,ΝΕΟΤΗΤΟΣ,4,νεότης,False,"[{""token_id"": ""109253"", ""citation"": ""MARK 10.20"", ""raw_form"": ""νεότητός""}]"
syntacticus:Nb:e7d2e297b9971b79f0b408d88bd5632ae233a7fef3e3e3f0491e437ca09f17d4,ΝΕΦΕΛΑΙΣ,2,νεφέλη,False,"[{""token_id"": ""112019"", ""citation"": ""MARK 13.26"", ""raw_form"": ""νεφέλαις""}]"
syntacticus:Nb:7763c3a58acbff0dde520000bb5a0fcbde8a8a189afa9f8a21fc681cf74a40a7,ΝΕΦΕΛΗ,5,νεφέλη,False,"[{""token_id"": ""277931"", ""citation"": ""MATT 17.5"", ""raw_form"": ""νεφέλη""}]"
syntacticus:Nb:59332ffaab4f44727bfe47c9667781ccd7d7f89918093861c25368112f21d277,ΝΕΦΕΛΗΝ,5,νεφέλη,False,"[{""token_id"": ""328847"", ""citation"": ""LUKE 9.34"", ""raw_form"": ""νεφέλην""}]"
syntacticus:Nb:204bfbaf93a29a9048ae4c073acf39f685ba4a346c782070b6cf7734b070d702,ΝΕΦΕΛΗΣ,5,νεφέλη,False,"[{""token_id"": ""277941"", ""citation"": ""MATT 17.5"", ""raw_form"": ""νεφέλης""}]"
syntacticus:Nb:07e8da01ad02a90b9ed5e4e24647b03520f3218189dcec25df2e9678ad7ca500,ΝΕΦΕΛΩΝ,4,νεφέλη,False,"[{""token_id"": ""283428"", ""citation"": ""MATT 24.30"", ""raw_form"": ""νεφελῶν""}]"
syntacticus:Nb:bd1b519ad84fe8ad5aea8f7fb333501bb6416209e24c3433d485272d3a3982fa,ΝΕΦΟΣ,1,νέφος,False,"[{""token_id"": ""471269"", ""citation"": ""HEB 12.1"", ""raw_form"": ""νέφος""}]"
syntacticus:Nb:f0a022fd224308ec4ede11f973744f1987a3bec71693be6db27979a35581b717,ΝΕΦΡΟΥΣ,1,νεφρός,False,"[{""token_id"": ""493708"", ""citation"": ""REV 2.23"", ""raw_form"": ""νεφροὺς""}]"
syntacticus:Nb:e311e2338e9f7b3caa64b6ecaf4a6cfc68feae4661dbb1626b59518a469d6074,ΝΗΣΙΟΝ,1,νησίον,False,"[{""token_id"": ""397326"", ""citation"": ""ACTS 27.16"", ""raw_form"": ""νησίον""}]"
syntacticus:Nb:3e2d5f8acf4686a0ca03953936331185e2692c89ffe3250e83a497d8b53cefee,ΝΗΣΟΝ,2,νῆσος,False,"[{""token_id"": ""387018"", ""citation"": ""ACTS 13.6"", ""raw_form"": ""νῆσον""}]"
syntacticus:Nb:6be8a84a0cbdcb11f5fbe0333987910a1ee7a2844c44cd23c582c6f52b45c059,ΝΗΣΟΣ,3,νῆσος,False,"[{""token_id"": ""397886"", ""citation"": ""ACTS 28.1"", ""raw_form"": ""νῆσος""}]"
syntacticus:Nb:b859de1c45e1e9f64be8b7571e00af5bf189c88bc400a138f544ed91c3f1d34c,ΝΗΣΟΥ,1,νῆσος,False,"[{""token_id"": ""398027"", ""citation"": ""ACTS 28.7"", ""raw_form"": ""νήσου""}]"
syntacticus:Nb:8433160b91b0517bf0fbab4ca14a2ceb2d0c33dcb54a83e0fe634aff0fb081de,ΝΗΣΤΕΙΑΙΣ,3,νηστεία,False,"[{""token_id"": ""322070"", ""citation"": ""LUKE 2.37"", ""raw_form"": ""νηστείαις""}]"
syntacticus:Nb:af0851438d5c0e787dc234cd4613bd5e4046cef19b5701f4ca01f8ca0abcbc00,ΝΗΣΤΕΙΑΝ,1,νηστεία,False,"[{""token_id"": ""397203"", ""citation"": ""ACTS 27.9"", ""raw_form"": ""νηστείαν""}]"
syntacticus:Nb:0fd7a92cedd4b1d4aacd90f80a05750eb474987492f7909b78d4ffec02725240,ΝΗΣΤΕΙΩΝ,1,νηστεία,False,"[{""token_id"": ""388396"", ""citation"": ""ACTS 14.23"", ""raw_form"": ""νηστειῶν""}]"
syntacticus:Nb:40d4711ccb947fcc90aa582e22a702c0e0488cb5911b865dec7acd8cefc425d0,ΝΙΚΟΣ,4,νῖκος,False,"[{""token_id"": ""273994"", ""citation"": ""MATT 12.20"", ""raw_form"": ""νῖκος""}]"
syntacticus:Nb:5db9fc420e70e70a7d2e62b84b5d65b6bc41d071198785b90b2f17122c17a08d,ΝΙΠΤΗΡΑ,1,νιπτήρ,False,"[{""token_id"": ""354336"", ""citation"": ""JOHN 13.5"", ""raw_form"": ""νιπτῆρα""}]"
syntacticus:Nb:276da0e931f8c6cbf09f953df8daaf5a108258058249c09a14c66994a13dec2f,ΝΟΗΜΑ,1,νόημα,False,"[{""token_id"": ""431611"", ""citation"": ""2COR 10.5"", ""raw_form"": ""νόημα""}]"
syntacticus:Nb:3dbe5bcc6a172205f52418b6607753763bfb5b91364e6d52a8f1e99244ea5e01,ΝΟΗΜΑΤΑ,5,νόημα,False,"[{""token_id"": ""428829"", ""citation"": ""2COR 2.11"", ""raw_form"": ""νοήματα""}]"
syntacticus:Nb:5e9dbcbc6cd2148973a393c48fde6bd72ef9b374f8b9dad8b5cd1e3db790e5b9,ΝΟΘΟΙ,1,νόθος,False,"[{""token_id"": ""471416"", ""citation"": ""HEB 12.8"", ""raw_form"": ""νόθοι""}]"
syntacticus:Nb:23656f6de3319769871c3ca64a974a0725ac97e0d906df3a4e4927ad0c45a565,ΝΟΙ,6,νόος,False,"[{""token_id"": ""402394"", ""citation"": ""ROM 7.25"", ""raw_form"": ""νοῒ""}]"
syntacticus:Nb:37df08dcf2002bc67f7a160b663d41342b6407fa6394a49a25a251897d70e091,ΝΟΜΗΝ,2,νομή,False,"[{""token_id"": ""351483"", ""citation"": ""JOHN 10.9"", ""raw_form"": ""νομὴν""}]"
syntacticus:Nb:bfb19587c0d0bbf8aa5a3d39dc2950af602bace3d4224369c9697f6718315b02,ΝΟΜΙΣΜΑ,1,νόμισμα,False,"[{""token_id"": ""281723"", ""citation"": ""MATT 22.19"", ""raw_form"": ""νόμισμα""}]"
syntacticus:Nb:cc3a514dfa4b183d3d4e9319c287bf6d14cab8c98b48eb6aa055f7f4f350f72e,ΝΟΜΟΔΙΔΑΣΚΑΛΟΙ,2,νομοδιδάσκαλος,False,"[{""token_id"": ""324248"", ""citation"": ""LUKE 5.17"", ""raw_form"": ""νομοδιδάσκαλοι""}]"
syntacticus:Nb:5745f99d6c19c8f8406386ca1582d521982586faf296c30f1673f2cc43ed811a,ΝΟΜΟΔΙΔΑΣΚΑΛΟΣ,1,νομοδιδάσκαλος,False,"[{""token_id"": ""381400"", ""citation"": ""ACTS 5.34"", ""raw_form"": ""νομοδιδάσκαλος""}]"
syntacticus:Nb:4dc79c25305fdadc74d1dc4a46762f8928f95524f68bbf223138f037994d3a96,ΝΟΜΟΘΕΣΙΑ,1,νομοθεσία,False,"[{""token_id"": ""403213"", ""citation"": ""ROM 9.4"", ""raw_form"": ""νομοθεσία""}]"
syntacticus:Nb:9789bb4170d2e39a8abd12af3a7580c8bac3f78fa2f982264793130abd948ce7,ΝΟΜΟΘΕΤΗΣ,1,νομοθέτης,False,"[{""token_id"": ""478371"", ""citation"": ""JAS 4.12"", ""raw_form"": ""νομοθέτης""}]"
syntacticus:Nb:837c334d426ceaf8af8af845a89c99cd597d6e945a5b8fb728bdbb07939e9b56,ΝΟΜΟΝ,60,νόμος,False,"[{""token_id"": ""268812"", ""citation"": ""MATT 5.17"", ""raw_form"": ""νόμον""}]"
syntacticus:Nb:03c101961e9303bdac7b3a2c8fecf55eafe0ab38d795f0a084b333f26d794db2,ΝΟΜΟΣ,34,νόμος,False,"[{""token_id"": ""270470"", ""citation"": ""MATT 7.12"", ""raw_form"": ""νόμος""}]"
syntacticus:Nb:93593d304dcd5c1c00b659aa7c2a01035cb6b0a1ca121eb2a325b1991d2c193e,ΝΟΜΟΥ,67,νόμος,False,"[{""token_id"": ""268847"", ""citation"": ""MATT 5.18"", ""raw_form"": ""νόμου""}]"
syntacticus:Nb:2fa560b99e2e11c3d7bece134d48766f565505fd52d51cdd2d40d4d602da9afb,ΝΟΜΟΥΣ,2,νόμος,False,"[{""token_id"": ""469242"", ""citation"": ""HEB 8.10"", ""raw_form"": ""νόμους""}]"
syntacticus:Nb:099707c7e683fdb8f0db39ba45c88bda04fbe6f766a27a32569b736916c27cd9,ΝΟΟΣ,6,νόος,False,"[{""token_id"": ""402347"", ""citation"": ""ROM 7.23"", ""raw_form"": ""νοός""}]"
syntacticus:Nb:5d48a9344d4ec2302f2fe7f202e3741ffb2f44941fab46e16856e76b3f7c3997,ΝΟΣΟΙΣ,3,νόσος,False,"[{""token_id"": ""268527"", ""citation"": ""MATT 4.24"", ""raw_form"": ""νόσοις""}]"
syntacticus:Nb:b721386e4f22939bccb111303d7c12b606e0bb149a93b31d14c02b04af3b9c1f,ΝΟΣΟΝ,3,νόσος,False,"[{""token_id"": ""268501"", ""citation"": ""MATT 4.23"", ""raw_form"": ""νόσον""}]"
syntacticus:Nb:894a00dfaaf8a0cfbd7a76c4b27612549e823603646c24d7d9cad21bd3310e70,ΝΟΣΟΥΣ,3,νόσος,False,"[{""token_id"": ""271168"", ""citation"": ""MATT 8.17"", ""raw_form"": ""νόσους""}]"
syntacticus:Nb:de8af74a46c8ef2c59fef8350d6a190b6c17fab3a283bb5fdbdd112ba72094c7,ΝΟΣΣΙΑ,1,νοσσίον,False,"[{""token_id"": ""282858"", ""citation"": ""MATT 23.37"", ""raw_form"": ""νοσσία""}]"
syntacticus:Nb:6fce86f6c17e304dc2c09ba2332f8f31860ea660b7703ca0b2c456afb01cc275,ΝΟΣΣΙΑΝ,1,νοσσιά,False,"[{""token_id"": ""333433"", ""citation"": ""LUKE 13.34"", ""raw_form"": ""νοσσιὰν""}]"
syntacticus:Nb:1ffc879bd0e49fe90d86b7fbe5e1b0c8dde1eed973a5d20b875038fe2b911430,ΝΟΣΣΟΥΣ,1,νοσσός,False,"[{""token_id"": ""321829"", ""citation"": ""LUKE 2.24"", ""raw_form"": ""νοσσοὺς""}]"
syntacticus:Nb:e59bbdddfc61eeb7832a372be6713aad70d7316062c39c62286e83e925d1b634,ΝΟΣΩΝ,2,νόσος,False,"[{""token_id"": ""325113"", ""citation"": ""LUKE 6.17"", ""raw_form"": ""νόσων""}]"
syntacticus:Nb:46853eb5997fff3dea01d0228050e4da6e01717d2bd27a9d90584df3d5b28329,ΝΟΤΟΝ,1,νότος,False,"[{""token_id"": ""332604"", ""citation"": ""LUKE 12.55"", ""raw_form"": ""νότον""}]"
syntacticus:Nb:c7cd189ead4ccf17540b57c22d138667fba59a1df6f75a2f3b4a368a1fdce1fe,ΝΟΤΟΥ,6,νότος,False,"[{""token_id"": ""274460"", ""citation"": ""MATT 12.42"", ""raw_form"": ""νότου""}]"
syntacticus:Nb:8558534841ad2034a55b30d869b2e5d77bc3196b739cd0092f7f533b6dd25309,ΝΟΥΘΕΣΙΑΝ,2,νουθεσία,False,"[{""token_id"": ""417740"", ""citation"": ""1COR 10.11"", ""raw_form"": ""νουθεσίαν""}]"
syntacticus:Nb:aa3f9840398aff163dc9745aa3afdcdc43f1838ac1e19e364878e46f109cfcb0,ΝΟΥΜΗΝΙΑΣ,1,νεομηνία,False,"[{""token_id"": ""451426"", ""citation"": ""COL 2.16"", ""raw_form"": ""νουμηνίας""}]"
syntacticus:Nb:df85d780972f7d0f846a3cf73e56bedd57836cf31b0e958ab6a8e57f0ad6c294,ΝΟΥΝ,9,νόος,False,"[{""token_id"": ""342313"", ""citation"": ""LUKE 24.45"", ""raw_form"": ""νοῦν""}]"
syntacticus:Nb:37e194bd160d73658e0ea41751b34e16154ea4bbb2659d30b588bad09b091016,ΝΟΥΣ,3,νόος,False,"[{""token_id"": ""419776"", ""citation"": ""1COR 14.14"", ""raw_form"": ""νοῦς""}]"
syntacticus:Nb:076e9ee304a4f14d31376a69b5d0ff2ba77ba1679a61ef576fa57a5fedc5bc70,ΝΥΚΤΑ,4,νύξ,False,"[{""token_id"": ""104280"", ""citation"": ""MARK 4.27"", ""raw_form"": ""νύκτα""}]"
syntacticus:Nb:51a6e3cba6e2a5b6a838a6b2abb4f1fcfdfdfe80f2b6f533dfca2309795acded,ΝΥΚΤΑΣ,4,νύξ,False,"[{""token_id"": ""268091"", ""citation"": ""MATT 4.2"", ""raw_form"": ""νύκτας""}]"
syntacticus:Nb:0089cde6d51a4fe51d7de357b5db06f58e72b8e3fbf8922f33362ce31cea7e6b,ΝΥΚΤΙ,13,νύξ,False,"[{""token_id"": ""285232"", ""citation"": ""MATT 26.31"", ""raw_form"": ""νυκτὶ""}]"
syntacticus:Nb:a18099cff47bcf03cfbf8cf1d8c9f78369a8cc831ca0e6054a910aa8a9edb4f0,ΝΥΚΤΟΣ,33,νύξ,False,"[{""token_id"": ""793937"", ""citation"": ""MATT 2.14"", ""raw_form"": ""νυκτὸς""}]"
syntacticus:Nb:e55b7da86a5b14d9a315ea75bbefb9e16f1447f86ae7ac7bc3580c39f1f1ed46,ΝΥΜΦΗ,2,νύμφη,False,"[{""token_id"": ""332574"", ""citation"": ""LUKE 12.53"", ""raw_form"": ""νύμφη""}]"
syntacticus:Nb:2d5a87f28aabcac9d58fc53dfeb73f78c518eb984f5888ace6b5bbd0eb8dbfb6,ΝΥΜΦΗΝ,5,νύμφη,False,"[{""token_id"": ""272931"", ""citation"": ""MATT 10.35"", ""raw_form"": ""νύμφην""}]"
syntacticus:Nb:dc212a6dedec2b034b81782397e6dfe4ab96d28797e4ae38a4c242ba875aab4e,ΝΥΜΦΗΣ,1,νύμφη,False,"[{""token_id"": ""501368"", ""citation"": ""REV 18.23"", ""raw_form"": ""νύμφης""}]"
syntacticus:Nb:10232ed27b71de47134851a2f49b1a707a84543bf860c20c379e733f726b653a,ΝΥΜΦΙΟΝ,2,νυμφίος,False,"[{""token_id"": ""102949"", ""citation"": ""MARK 2.19"", ""raw_form"": ""νυμφίον""}]"
syntacticus:Nb:1a269e44306320ce478f58c383ac9b4ec8ea0c9a953b9e1daa5735291271d420,ΝΥΜΦΙΟΣ,9,νυμφίος,False,"[{""token_id"": ""271803"", ""citation"": ""MATT 9.15"", ""raw_form"": ""νυμφίος""}]"
syntacticus:Nb:3ef27728d32bcb6e03d8a637482f2a2beda8414c8554094c2a445b1f73105f14,ΝΥΜΦΙΟΥ,5,νυμφίος,False,"[{""token_id"": ""283846"", ""citation"": ""MATT 25.1"", ""raw_form"": ""νυμφίου""}]"
syntacticus:Nb:2c28e123a6e9ac34f3360a540420272766462b30632abd3aad8032e7c8eb13f8,ΝΥΜΦΩΝ,1,νυμφών,False,"[{""token_id"": ""281564"", ""citation"": ""MATT 22.10"", ""raw_form"": ""νυμφὼν""}]"
syntacticus:Nb:aa70f66544f34e321a941bb0a5cc164b2b8d6f3a3e08448923f027135cd509a8,ΝΥΜΦΩΝΟΣ,3,νυμφών,False,"[{""token_id"": ""271795"", ""citation"": ""MATT 9.15"", ""raw_form"": ""νυμφῶνος""}]"
syntacticus:Nb:2338b23314025dc00a57a05e13303339eb1f15e95443d392dbf3061d2a5fba76,ΝΥΞ,7,νύξ,False,"[{""token_id"": ""350556"", ""citation"": ""JOHN 9.4"", ""raw_form"": ""νὺξ""}]"
syntacticus:Nb:ce87ec0b24ebd3a3ba381c356e274cb60d528a7def471a9d8e201a831e8068b3,ΝΥΧΘΗΜΕΡΟΝ,1,νυχθήμερον,False,"[{""token_id"": ""432324"", ""citation"": ""2COR 11.25"", ""raw_form"": ""νυχθήμερον""}]"
syntacticus:Nb:75c563d5648d7283ec9fe95e593a6cd8da2a55df71a0c22395e5c9b3d0424663,ΝΩΤΟΝ,1,νῶτος,False,"[{""token_id"": ""404351"", ""citation"": ""ROM 11.10"", ""raw_form"": ""νῶτον""}]"
syntacticus:Nb:17b51da7073385579143e1169d13bd05fb8e3c3156f7f3c1ee5a2f0ce61c1c1b,ΞΕΝΙΑΝ,2,ξενία,False,"[{""token_id"": ""398360"", ""citation"": ""ACTS 28.23"", ""raw_form"": ""ξενίαν""}]"
syntacticus:Nb:6d0ef7b8b31e46b6f8a4958a3699dc28749fb3ddcd1ec0b046b1e318b30cf256,ΞΕΣΤΩΝ,1,ξέστης,False,"[{""token_id"": ""106565"", ""citation"": ""MARK 7.4"", ""raw_form"": ""ξεστῶν""}]"
syntacticus:Nb:3b72adcfe7bc17126f36a77ff4d6cea521fe02a42762a729c8c6f912f6f051b1,ΞΥΛΑ,1,ξύλον,False,"[{""token_id"": ""414721"", ""citation"": ""1COR 3.12"", ""raw_form"": ""ξύλα""}]"
syntacticus:Nb:cb24dfb745b3ab51be9b3d6ed35bf6d9914ffc45188d67a6f78a776b17ca7c80,ΞΥΛΟΝ,5,ξύλον,False,"[{""token_id"": ""389741"", ""citation"": ""ACTS 16.24"", ""raw_form"": ""ξύλον""}]"
syntacticus:Nb:09ffbb60cf8b374543f3a93893b4a0e8cc9194bb6ca66dc33ba47aff86439962,ΞΥΛΟΥ,8,ξύλον,False,"[{""token_id"": ""381338"", ""citation"": ""ACTS 5.30"", ""raw_form"": ""ξύλου""}]"
syntacticus:Nb:7f852bd73526c2a530ac8be0d80edd13e6b5f18989c9e98ab880d64b69c180c6,ΞΥΛΩΝ,5,ξύλον,False,"[{""token_id"": ""285567"", ""citation"": ""MATT 26.47"", ""raw_form"": ""ξύλων""}]"
syntacticus:Nb:c80cfb08c9034b292ca766e177b8277d62ca563db84e572b3d9a268e7d09dace,ΟΓΚΟΝ,1,ὄγκος,False,"[{""token_id"": ""471272"", ""citation"": ""HEB 12.1"", ""raw_form"": ""ὄγκον""}]"
syntacticus:Nb:856dea6db934df7e7060545fb177611d2e9b8778484c8e4055128720540d94ca,ΟΔΗΓΟΙ,3,ὁδηγός,False,"[{""token_id"": ""276735"", ""citation"": ""MATT 15.14"", ""raw_form"": ""ὁδηγοί""}]"
syntacticus:Nb:9db92bcd959574f3ee8070cf20f2241bbd37bd7122c96e203e40abf50b1ef2ad,ΟΔΗΓΟΝ,1,ὁδηγός,False,"[{""token_id"": ""399843"", ""citation"": ""ROM 2.19"", ""raw_form"": ""ὁδηγὸν""}]"
syntacticus:Nb:bdc5a467b394b769822bd8b68514a3f3979b997cadb5d3258fdf53af03000da6,ΟΔΗΓΟΥ,1,ὁδηγός,False,"[{""token_id"": ""378257"", ""citation"": ""ACTS 1.16"", ""raw_form"": ""ὁδηγοῦ""}]"
syntacticus:Nb:0a2d345fdc097f2a7ca2f199be41897353a1647819d18f6325c34766c89de680,ΟΔΟΙ,2,ὁδός,False,"[{""token_id"": ""404786"", ""citation"": ""ROM 11.33"", ""raw_form"": ""ὁδοὶ""}]"
syntacticus:Nb:eeb01cb943849632b07ff03da9130861e8113273b9fb0556914b536e63c5501a,ΟΔΟΙΠΟΡΙΑΙΣ,1,ὁδοιπορία,False,"[{""token_id"": ""432330"", ""citation"": ""2COR 11.26"", ""raw_form"": ""ὁδοιπορίαις""}]"
syntacticus:Nb:27fbbd15b513c8cc70e276b32c40c540bbd5fcbd5b45fe19a0579695ad4e8a8a,ΟΔΟΙΠΟΡΙΑΣ,1,ὁδοιπορία,False,"[{""token_id"": ""344730"", ""citation"": ""JOHN 4.6"", ""raw_form"": ""ὁδοιπορίας""}]"
syntacticus:Nb:0bd9815a91e7b9a99e34fc82a51df051ae8036c601a901419b36d20b32387046,ΟΔΟΙΣ,3,ὁδός,False,"[{""token_id"": ""388260"", ""citation"": ""ACTS 14.16"", ""raw_form"": ""ὁδοῖς""}]"
syntacticus:Nb:04ee4cdd79472c631def548ea73741915ffa30e36046b4f84e93ec84aafae75e,ΟΔΟΝ,49,ὁδός,False,"[{""token_id"": ""267744"", ""citation"": ""MATT 3.3"", ""raw_form"": ""ὁδὸν""}]"
syntacticus:Nb:ea7baa410a0ae483ccb899c8eb2685d0085f298dc5e90dceafd302007fce7e7b,ΟΔΟΝΤΑ,1,ὀδούς,False,"[{""token_id"": ""269320"", ""citation"": ""MATT 5.38"", ""raw_form"": ""ὀδόντα""}]"
syntacticus:Nb:c38995ce7d2190a897d16cc31dbd0d1bb5b00a981640807d0ff0fa7a92fa2eaa,ΟΔΟΝΤΑΣ,2,ὀδούς,False,"[{""token_id"": ""108264"", ""citation"": ""MARK 9.18"", ""raw_form"": ""ὀδόντας""}]"
syntacticus:Nb:edf0318885304f2db6a607f80ad2fb5d06118bd904b6d11d80c84af8ec4e459d,ΟΔΟΝΤΕΣ,1,ὀδούς,False,"[{""token_id"": ""496608"", ""citation"": ""REV 9.8"", ""raw_form"": ""ὀδόντες""}]"
syntacticus:Nb:572817ebbd9d035b00cf0832a9b516ada8ffb7d5529a9e4f130c96b115a813ba,ΟΔΟΝΤΟΣ,1,ὀδούς,False,"[{""token_id"": ""269322"", ""citation"": ""MATT 5.38"", ""raw_form"": ""ὀδόντος""}]"
syntacticus:Nb:e775918c2c2d162ea0c1fba5b54cf3c8d3dc54d8ff3967914c3dffc92d8ffe43,ΟΔΟΝΤΩΝ,7,ὀδούς,False,"[{""token_id"": ""271071"", ""citation"": ""MATT 8.12"", ""raw_form"": ""ὀδόντων""}]"
syntacticus:Nb:53ad14b05bf3cec7b50261aa472b9c99f866ef59986c604a967f391e6216b826,ΟΔΟΣ,4,ὁδός,False,"[{""token_id"": ""270488"", ""citation"": ""MATT 7.13"", ""raw_form"": ""ὁδὸς""}]"
syntacticus:Nb:41cbf688d75dcd1f46ebae20aafea614e35d1e73ca73d126cf0205c217f8d81f,ΟΔΟΥ,8,ὁδός,False,"[{""token_id"": ""267430"", ""citation"": ""MATT 2.12"", ""raw_form"": ""ὁδοῦ""}]"
syntacticus:Nb:a9df4b3744a705529e2403cd8a7ee218e61ce3bb83a81bfef8b6b390069b379f,ΟΔΟΥΣ,8,ὁδός,False,"[{""token_id"": ""281550"", ""citation"": ""MATT 22.10"", ""raw_form"": ""ὁδοὺς""}]"
syntacticus:Nb:917c4d4c19c4e36390d67e37152e9f36dfe3108d8b9dc7e45efb4e0c4d4b0411,ΟΔΥΝΑΙΣ,1,ὀδύνη,False,"[{""token_id"": ""460200"", ""citation"": ""1TIM 6.10"", ""raw_form"": ""ὀδύναις""}]"
syntacticus:Nb:0f05871bf1e0cbd013b48239be4c554f3d0a7d639a038ac3f69472a1cde1a197,ΟΔΥΝΗ,1,ὀδύνη,False,"[{""token_id"": ""757392"", ""citation"": ""ROM 9.2"", ""raw_form"": ""ὀδύνη""}]"
syntacticus:Nb:0f726f86861b393442b170e18dd8a06cdd332d3b711055469b97c9c2640a89c7,ΟΔΥΡΜΟΝ,1,ὀδυρμός,False,"[{""token_id"": ""430512"", ""citation"": ""2COR 7.7"", ""raw_form"": ""ὀδυρμόν""}]"
syntacticus:Nb:7b251af41a3ee95b226e064f362bc6bf773c06d5aa45977c90981094093f742f,ΟΔΥΡΜΟΣ,1,ὀδυρμός,False,"[{""token_id"": ""267580"", ""citation"": ""MATT 2.18"", ""raw_form"": ""ὀδυρμὸς""}]"
syntacticus:Nb:021083a38d38cfd0ad054dba1b7d91a55fc50aa89ea5e0f2241e460b144e0878,ΟΔΩΝ,1,ὁδός,False,"[{""token_id"": ""281532"", ""citation"": ""MATT 22.9"", ""raw_form"": ""ὁδῶν""}]"
syntacticus:Nb:1ed7abd0226bcd80717e8d90ebefe74b89da0d6a6a3e905585ee9c975bd293f3,ΟΘΟΝΗΝ,2,ὀθόνη,False,"[{""token_id"": ""385015"", ""citation"": ""ACTS 10.11"", ""raw_form"": ""ὀθόνην""}]"
syntacticus:Nb:1c679eae01af7e585447dbed9f3a81a8a61d57d1951f5eeb8195da4234f94b35,ΟΘΟΝΙΑ,2,ὀθόνιον,False,"[{""token_id"": ""359488"", ""citation"": ""JOHN 20.5"", ""raw_form"": ""ὀθόνια""}]"
syntacticus:Nb:0c547f1e4028e10217f02a643a7bc24fadcde79bbbbd7ea1b14895fef365ebb5,ΟΘΟΝΙΟΙΣ,1,ὀθόνιον,False,"[{""token_id"": ""359334"", ""citation"": ""JOHN 19.40"", ""raw_form"": ""ὀθονίοις""}]"
syntacticus:Nb:02169b5348160843820b4a62ee1906c1530b8072dbfcc3b46d55887ffbfcf643,ΟΘΟΝΙΩΝ,1,ὀθόνιον,False,"[{""token_id"": ""359527"", ""citation"": ""JOHN 20.7"", ""raw_form"": ""ὀθονίων""}]"
syntacticus:Nb:4be47d72e4775a989b5f050c6e7470ae4a26afb533d7477291fdcfae1ba89d18,ΟΙΚΕΤΑΙ,1,οἰκέτης,False,"[{""token_id"": ""481293"", ""citation"": ""1PET 2.18"", ""raw_form"": ""οἰκέται""}]"
syntacticus:Nb:ab1acf176fd7f1954a0f97a28c39d4e17f3c7b463a24a219e038d347764022db,ΟΙΚΕΤΕΙΑΣ,1,οἰκετεία,False,"[{""token_id"": ""283721"", ""citation"": ""MATT 24.45"", ""raw_form"": ""οἰκετείας""}]"
syntacticus:Nb:47deaa0c2dc1dfbf2b8e2dcd1dc3f0af08e537bef6591189803fdce5570d2244,ΟΙΚΕΤΗΝ,1,οἰκέτης,False,"[{""token_id"": ""405573"", ""citation"": ""ROM 14.4"", ""raw_form"": ""οἰκέτην""}]"
syntacticus:Nb:bca462fd92d818d1c9c80c21b878e30c82315bf58ce44091ba9e7e9266a98948,ΟΙΚΕΤΗΣ,1,οἰκέτης,False,"[{""token_id"": ""335076"", ""citation"": ""LUKE 16.13"", ""raw_form"": ""οἰκέτης""}]"
syntacticus:Nb:61a20a8f10dff2d6c2412e9a2d4c3eecc068ed44efbb54cfe9e24da896bcad62,ΟΙΚΕΤΩΝ,1,οἰκέτης,False,"[{""token_id"": ""384953"", ""citation"": ""ACTS 10.7"", ""raw_form"": ""οἰκετῶν""}]"
syntacticus:Nb:24d68949c660001c3c4f586324c39eb7cd6f72e13125c6791f081963801fd3f0,ΟΙΚΗΜΑΤΙ,1,οἴκημα,False,"[{""token_id"": ""386481"", ""citation"": ""ACTS 12.7"", ""raw_form"": ""οἰκήματι""}]"
syntacticus:Nb:467b488276082e53415c0a1be11af421dc6465c492a4d5f66b1c842f0ef25c3e,ΟΙΚΗΤΗΡΙΟΝ,1,οἰκητήριον,False,"[{""token_id"": ""429688"", ""citation"": ""2COR 5.2"", ""raw_form"": ""οἰκητήριον""}]"
syntacticus:Nb:0fc8419f90558cbd52a10dd0cec4dc25bee93dda7c19fe2aef9682b916a9bb76,ΟΙΚΙΑ,9,οἰκία,False,"[{""token_id"": ""272464"", ""citation"": ""MATT 10.13"", ""raw_form"": ""οἰκία""}]"
syntacticus:Nb:033089ad98b6f510d98ea4f516100052011e90d89b4ebe75664aadde798d7507,ΟΙΚΙΑΚΟΙ,1,οἰκιακός,False,"[{""token_id"": ""272942"", ""citation"": ""MATT 10.36"", ""raw_form"": ""οἰκιακοὶ""}]"
syntacticus:Nb:64fc6d32d469341cf9d69f7d16e093f4d4eec62ebe539898fa577dd79622b98b,ΟΙΚΙΑΚΟΥΣ,1,οἰκιακός,False,"[{""token_id"": ""272740"", ""citation"": ""MATT 10.25"", ""raw_form"": ""οἰκιακοὺς""}]"
syntacticus:Nb:2df0a16940bae07b9f8c4adf1b0435a2e6e99cb9b3f65f9f15575e5c43a0512b,ΟΙΚΙΑΝ,40,οἰκία,False,"[{""token_id"": ""267389"", ""citation"": ""MATT 2.11"", ""raw_form"": ""οἰκίαν""}]"
syntacticus:Nb:97e04b74e089a5431b4b7156faddde3c5ba3d5133b1e95deaf415fd81a176ab6,ΟΙΚΙΑΣ,17,οἰκία,False,"[{""token_id"": ""272502"", ""citation"": ""MATT 10.14"", ""raw_form"": ""οἰκίας""}]"
syntacticus:Nb:8f17ad9c1e18c613b88ace45e821c5834c73b7953a7760045992544c18f36f8a,ΟΙΚΙΩΝ,1,οἰκία,False,"[{""token_id"": ""380662"", ""citation"": ""ACTS 4.34"", ""raw_form"": ""οἰκιῶν""}]"
syntacticus:Nb:cc0df6e421803e279678d9dda200773ed756f5401a01e685b4e14bc8bf79cbc9,ΟΙΚΟΔΕΣΠΟΤΗΝ,1,οἰκοδεσπότης,False,"[{""token_id"": ""272733"", ""citation"": ""MATT 10.25"", ""raw_form"": ""οἰκοδεσπότην""}]"
syntacticus:Nb:82027917bd6b37390720d51b221f618df2e0d33044dec598f5d050912f1eed6a,ΟΙΚΟΔΕΣΠΟΤΗΣ,5,οἰκοδεσπότης,False,"[{""token_id"": ""281131"", ""citation"": ""MATT 21.33"", ""raw_form"": ""οἰκοδεσπότης""}]"
syntacticus:Nb:6621043a7d72b40f6ae90fea5e4ebb7d61dda82f8d05512c6f2964b25a472019,ΟΙΚΟΔΕΣΠΟΤΟΥ,2,οἰκοδεσπότης,False,"[{""token_id"": ""275198"", ""citation"": ""MATT 13.27"", ""raw_form"": ""οἰκοδεσπότου""}]"
syntacticus:Nb:73ddddd68ad0d1835ef02d0e6c04cb31899d9acab06fbbf5038c146ae34fe99c,ΟΙΚΟΔΟΜΑΙ,1,οἰκοδομή,False,"[{""token_id"": ""111546"", ""citation"": ""MARK 13.1"", ""raw_form"": ""οἰκοδομαί""}]"
syntacticus:Nb:e26c7dd1a1009e6ce7d141736306208e8452369b984942117c73f2e6783ff075,ΟΙΚΟΔΟΜΑΣ,2,οἰκοδομή,False,"[{""token_id"": ""282914"", ""citation"": ""MATT 24.1"", ""raw_form"": ""οἰκοδομὰς""}]"
syntacticus:Nb:631dddaab31ae539f2db43789b2f4e5cb5ff84cc459d2c7966124a14cdc8b991,ΟΙΚΟΔΟΜΗ,2,οἰκοδομή,False,"[{""token_id"": ""414665"", ""citation"": ""1COR 3.9"", ""raw_form"": ""οἰκοδομή""}]"
syntacticus:Nb:ba3c0d126482f27eb10b5589db58a6b502427dee8523d1dddb921f4c1e15c529,ΟΙΚΟΔΟΜΗΝ,11,οἰκοδομή,False,"[{""token_id"": ""405984"", ""citation"": ""ROM 15.2"", ""raw_form"": ""οἰκοδομήν""}]"
syntacticus:Nb:88827d4cb5ae8e931326a493e20492d01d98b5ed2f180dccb457e680caaf0d45,ΟΙΚΟΔΟΜΗΣ,2,οἰκοδομή,False,"[{""token_id"": ""405875"", ""citation"": ""ROM 14.19"", ""raw_form"": ""οἰκοδομῆς""}]"
syntacticus:Nb:26f5336ff8dd85a89804cf17d4ed889f98e7b21be409db2451f73a776422d77a,ΟΙΚΟΔΟΜΩΝ,1,οἰκοδόμος,False,"[{""token_id"": ""380164"", ""citation"": ""ACTS 4.11"", ""raw_form"": ""οἰκοδόμων""}]"
syntacticus:Nb:26c0635e55e858dda822d6f596d8f68720ab0e6d8094022a1397b38da8a97396,ΟΙΚΟΙΣ,1,οἶκος,False,"[{""token_id"": ""273203"", ""citation"": ""MATT 11.8"", ""raw_form"": ""οἴκοις""}]"
syntacticus:Nb:8f245c0d356332cf5407cb377270698010ea1dd11658239412471927f0f5ce8e,ΟΙΚΟΝ,58,οἶκος,False,"[{""token_id"": ""271628"", ""citation"": ""MATT 9.6"", ""raw_form"": ""οἶκόν""}]"
syntacticus:Nb:b6cb1cec7a02ea531b86c724d20f6457584f6bf164201858cbf3a6f7626ce879,ΟΙΚΟΝΟΜΙΑ,1,οἰκονομία,False,"[{""token_id"": ""443230"", ""citation"": ""EPH 3.9"", ""raw_form"": ""οἰκονομία""}]"
syntacticus:Nb:6836813783bb6f255efca87f5c593b8d6894db526a5b1f7436cfb18a79ae6546,ΟΙΚΟΝΟΜΙΑΝ,6,οἰκονομία,False,"[{""token_id"": ""334870"", ""citation"": ""LUKE 16.3"", ""raw_form"": ""οἰκονομίαν""}]"
syntacticus:Nb:8dbeee9a29192cf7d5a401ac1ca65eef7b710eaa75996045a6024df670341502,ΟΙΚΟΝΟΜΙΑΣ,2,οἰκονομία,False,"[{""token_id"": ""334845"", ""citation"": ""LUKE 16.2"", ""raw_form"": ""οἰκονομίας""}]"
syntacticus:Nb:e6de871fa11e93f3c20d3edf45ecacc52e5fa62c4868b3683241a2e746c94ad8,ΟΙΚΟΝΟΜΟΙΣ,1,οἰκονόμος,False,"[{""token_id"": ""414939"", ""citation"": ""1COR 4.2"", ""raw_form"": ""οἰκονόμοις""}]"
syntacticus:Nb:c9c67e2c318de37052ac73405b9ca5d16c5270a8d85150872bf91c7d30a2cb9d,ΟΙΚΟΝΟΜΟΝ,3,οἰκονόμος,False,"[{""token_id"": ""334817"", ""citation"": ""LUKE 16.1"", ""raw_form"": ""οἰκονόμον""}]"
syntacticus:Nb:fcccce08cd84db656cbc5329d071b5f6e11a4dabe502ae3a0828f5b984c23c1c,ΟΙΚΟΝΟΜΟΣ,3,οἰκονόμος,False,"[{""token_id"": ""332324"", ""citation"": ""LUKE 12.42"", ""raw_form"": ""οἰκονόμος""}]"
syntacticus:Nb:ee76e9456a3d90ac8b8bc05ce3274f171f4ff65868d875519dea743b8a78cd6d,ΟΙΚΟΝΟΜΟΥΣ,2,οἰκονόμος,False,"[{""token_id"": ""414930"", ""citation"": ""1COR 4.1"", ""raw_form"": ""οἰκονόμους""}]"
syntacticus:Nb:670fefb4b63fc0b88c34a9e1c535d6b3d9cbc65dfafde21780dbb7db9d913537,ΟΙΚΟΣ,18,οἶκος,False,"[{""token_id"": ""280648"", ""citation"": ""MATT 21.13"", ""raw_form"": ""οἶκός""}]"
syntacticus:Nb:01c8cb3168c4ed091b81379ab03e2ef5a62e26eeb111e2f4adcb5985de67a38f,ΟΙΚΟΥ,11,οἶκος,False,"[{""token_id"": ""272364"", ""citation"": ""MATT 10.6"", ""raw_form"": ""οἴκου""}]"
syntacticus:Nb:d3c44d4f8be79a8557b81867af2cdd946377b0af8aa4d34711086b0c91611093,ΟΙΚΟΥΜΕΝΗ,1,οἰκουμένη,False,"[{""token_id"": ""391963"", ""citation"": ""ACTS 19.27"", ""raw_form"": ""οἰκουμένη""}]"
syntacticus:Nb:324174f7a136f93718575b5fb70036c595a11737f4513f1b57feef1c96e78803,ΟΙΚΟΥΜΕΝΗΝ,8,οἰκουμένη,False,"[{""token_id"": ""321418"", ""citation"": ""LUKE 2.1"", ""raw_form"": ""οἰκουμένην""}]"
syntacticus:Nb:bfc0f04cfb3f1f97f451e619bb0ceef9790eb0c712c53069974b8a99b7e1a876,ΟΙΚΟΥΜΕΝΗΣ,4,οἰκουμένη,False,"[{""token_id"": ""323086"", ""citation"": ""LUKE 4.5"", ""raw_form"": ""οἰκουμένης""}]"
syntacticus:Nb:00075a01aa8c0544c720d796f290b5aa43508512f9442171d88a9e2351de0188,ΟΙΚΟΥΣ,4,οἶκος,False,"[{""token_id"": ""334895"", ""citation"": ""LUKE 16.4"", ""raw_form"": ""οἴκους""}]"
syntacticus:Nb:8f0e0708f5689403de6900f63b81a10575b2b2d42da5e4b92097491b42dadb46,ΟΙΚΤΙΡΜΟΙ,1,οἰκτιρμός,False,"[{""token_id"": ""447678"", ""citation"": ""PHIL 2.1"", ""raw_form"": ""οἰκτιρμοί""}]"
syntacticus:Nb:0101f0bf97a0897f9cede3e2eab6cee3cc66e5aaa82cfa4815a1b250c50a9d31,ΟΙΚΤΙΡΜΟΥ,1,οἰκτιρμός,False,"[{""token_id"": ""451750"", ""citation"": ""COL 3.12"", ""raw_form"": ""οἰκτιρμοῦ""}]"
syntacticus:Nb:40762051a977ff50c3f8f1294e290902aa0433ae208158e9faea199d22683ce6,ΟΙΚΤΙΡΜΩΝ,3,οἰκτιρμός,False,"[{""token_id"": ""404839"", ""citation"": ""ROM 12.1"", ""raw_form"": ""οἰκτιρμῶν""}]"
syntacticus:Nb:6073db185e844947183109589fc1f13e42e801243b6ea422fb3cc67bd6228d75,ΟΙΚΩΝ,1,οἶκος,False,"[{""token_id"": ""459268"", ""citation"": ""1TIM 3.12"", ""raw_form"": ""οἴκων""}]"
syntacticus:Nb:19c0df51486d3fde40af1c651254572591055bb2ed5261f4d28140ce189217b8,ΟΙΝΟΝ,18,οἶνος,False,"[{""token_id"": ""271845"", ""citation"": ""MATT 9.17"", ""raw_form"": ""οἶνον""}]"
syntacticus:Nb:18a0687d1639527a745960a1acee8758827285ce6c06553f8ecd6d2de3c0c003,ΟΙΝΟΠΟΤΗΣ,2,οἰνοπότης,False,"[{""token_id"": ""273381"", ""citation"": ""MATT 11.19"", ""raw_form"": ""οἰνοπότης""}]"
syntacticus:Nb:d14e42d700a6d3395aeeae22dd70c691c1240bf8a44e2d1eda5e818f9315d0cc,ΟΙΝΟΣ,6,οἶνος,False,"[{""token_id"": ""271861"", ""citation"": ""MATT 9.17"", ""raw_form"": ""οἶνος""}]"
syntacticus:Nb:21b100bae72a058553386157a68fb5aacd8ba4b2f907e50fb2b2b07b6d78c528,ΟΙΝΟΥ,6,οἶνος,False,"[{""token_id"": ""499056"", ""citation"": ""REV 14.8"", ""raw_form"": ""οἴνου""}]"
syntacticus:Nb:517bbe6cef6d9472c8c7efc1539dcd26bf26ee6ba31a1707e96611c8c3c05ab8,ΟΛΕΘΡΟΝ,3,ὄλεθρος,False,"[{""token_id"": ""415418"", ""citation"": ""1COR 5.5"", ""raw_form"": ""ὄλεθρον""}]"
syntacticus:Nb:6cbcdf5a1d40941aee2ce25b7484e4bd666494a9932d1cc893746ed8b01dfb2b,ΟΛΕΘΡΟΣ,1,ὄλεθρος,False,"[{""token_id"": ""455117"", ""citation"": ""1THESS 5.3"", ""raw_form"": ""ὄλεθρος""}]"
syntacticus:Nb:68ba06f47f108f84ed99d9ed8fa80f4df49abc773b081cdcbc053a3ad18c89ba,ΟΛΙΓΟΠΙΣΤΙΑΝ,1,ὀλιγοπιστία,False,"[{""token_id"": ""278224"", ""citation"": ""MATT 17.20"", ""raw_form"": ""ὀλιγοπιστίαν""}]"
syntacticus:Nb:17e7faab63c3c96a85ce28218ad5be00a3e11823b9c4dfff8920642545feb780,ΟΛΟΘΡΕΥΤΟΥ,1,ὀλοθρευτής,False,"[{""token_id"": ""417729"", ""citation"": ""1COR 10.10"", ""raw_form"": ""ὀλοθρευτοῦ""}]"
syntacticus:Nb:796b9dccf4c9c851bee3635bd1ded3de0205a2c4ac349920827fcad5c8519e10,ΟΛΟΚΑΥΤΩΜΑΤΑ,2,ὁλοκαύτωμα,False,"[{""token_id"": ""469981"", ""citation"": ""HEB 10.6"", ""raw_form"": ""ὁλοκαυτώματα""}]"
syntacticus:Nb:0e9122df52b8840e1b0144baa5d638f32f4befd5b6891855136568486d8f187a,ΟΛΟΚΑΥΤΩΜΑΤΩΝ,1,ὁλοκαύτωμα,False,"[{""token_id"": ""111288"", ""citation"": ""MARK 12.33"", ""raw_form"": ""ὁλοκαυτωμάτων""}]"
syntacticus:Nb:5e5e32d2ca5172c414b36210eebfa227344a76f0cc51edc4dc3415837300ade7,ΟΛΟΚΛΗΡΙΑΝ,1,ὁλοκληρία,False,"[{""token_id"": ""379758"", ""citation"": ""ACTS 3.16"", ""raw_form"": ""ὁλοκληρίαν""}]"
syntacticus:Nb:ac0bb139930255a1b9f87c317380de8c39bba9d9d9a640816f795c29c596d793,ΟΛΥΝΘΟΥΣ,1,ὄλονθος,False,"[{""token_id"": ""495495"", ""citation"": ""REV 6.13"", ""raw_form"": ""ὀλύνθους""}]"
syntacticus:Nb:f60664b6b571c361c5d2e7ace95c30203ed39c953dfdc8c0308b6a803aae123d,ΟΜΒΡΟΣ,1,ὄμβρος,False,"[{""token_id"": ""332595"", ""citation"": ""LUKE 12.54"", ""raw_form"": ""ὄμβρος""}]"
syntacticus:Nb:3ef43e49b959ade6de45ebba8fd403c2336f8a01fcf19cc10df9758378812b7d,ΟΜΙΛΙΑΙ,1,ὁμιλία,False,"[{""token_id"": ""420795"", ""citation"": ""1COR 15.33"", ""raw_form"": ""ὁμιλίαι""}]"
syntacticus:Nb:c0638bd18df75e597862af5db14edf8db5bc21b3d92fbb71f98ae452d1f6724d,ΟΜΜΑΤΑ,1,ὄμμα,False,"[{""token_id"": ""107574"", ""citation"": ""MARK 8.23"", ""raw_form"": ""ὄμματα""}]"
syntacticus:Nb:e9d235ef6d82bccaddb77f2df76058b69c33ab44fbcf41d514670286412c736e,ΟΜΜΑΤΩΝ,1,ὄμμα,False,"[{""token_id"": ""280380"", ""citation"": ""MATT 20.34"", ""raw_form"": ""ὀμμάτων""}]"
syntacticus:Nb:caf3a27ffb4fdd8b7ffea61dd2064fb78564a11771932e352b9fc35316ddcc9b,ΟΜΟΙΟΤΗΤΑ,2,ὁμοιότης,False,"[{""token_id"": ""467866"", ""citation"": ""HEB 4.15"", ""raw_form"": ""ὁμοιότητα""}]"
syntacticus:Nb:6a9309ebf532a93eb905bc70bde5e5be4cf5be352a08b535745309b81d07b980,ΟΜΟΙΩΜΑΤΑ,1,ὁμοίωμα,False,"[{""token_id"": ""496572"", ""citation"": ""REV 9.7"", ""raw_form"": ""ὁμοιώματα""}]"
syntacticus:Nb:3355465d591a76b743bd000756bed71a8d5c4be645d70170cd3d45707ccf08f6,ΟΜΟΙΩΜΑΤΙ,5,ὁμοίωμα,False,"[{""token_id"": ""399307"", ""citation"": ""ROM 1.23"", ""raw_form"": ""ὁμοιώματι""}]"
syntacticus:Nb:5caf1ee35ca888f9cc19661c9b722ba9429960e81a1bce4b038083f20f17543e,ΟΜΟΙΩΣΙΝ,1,ὁμοίωσις,False,"[{""token_id"": ""477988"", ""citation"": ""JAS 3.9"", ""raw_form"": ""ὁμοίωσιν""}]"
syntacticus:Nb:e9d46963fbbab98de29696c704f2177d77388da9ed1988679a2505e3ccf86733,ΟΜΟΛΟΓΙΑΝ,3,ὁμολογία,False,"[{""token_id"": ""460246"", ""citation"": ""1TIM 6.12"", ""raw_form"": ""ὁμολογίαν""}]"
syntacticus:Nb:703da25c804bfcb8eb0f9c3f67e3b7799cbda71afcce1daabfbbb7320bf8ca1c,ΟΜΟΛΟΓΙΑΣ,3,ὁμολογία,False,"[{""token_id"": ""431481"", ""citation"": ""2COR 9.13"", ""raw_form"": ""ὁμολογίας""}]"
syntacticus:Nb:ed428f957da2e5a81e84217e8076ab60203d8b5cd4df591e0b8bd87b28c24792,ΟΝΑΡ,6,ὄναρ,False,"[{""token_id"": ""267065"", ""citation"": ""MATT 1.20"", ""raw_form"": ""ὄναρ""}]"
syntacticus:Nb:c4f2b264ea5d9a774a2a502f9470c2556732daf5a54286f6bce1368c20dd8e5d,ΟΝΑΡΙΟΝ,1,ὀνάριον,False,"[{""token_id"": ""353482"", ""citation"": ""JOHN 12.14"", ""raw_form"": ""ὀνάριον""}]"
syntacticus:Nb:20fc4368fd19652c893486c2f903ba88e1861c4b4b942f90497978534c92b6a5,ΟΝΕΙΔΙΣΜΟΙ,1,ὀνειδισμός,False,"[{""token_id"": ""405999"", ""citation"": ""ROM 15.3"", ""raw_form"": ""ὀνειδισμοὶ""}]"
syntacticus:Nb:bcc619bcd665b6b58188698ef6a3dc5d6ee20d9a2690181f9d3072f4ad41f21e,ΟΝΕΙΔΙΣΜΟΙΣ,1,ὀνειδισμός,False,"[{""token_id"": ""470417"", ""citation"": ""HEB 10.33"", ""raw_form"": ""ὀνειδισμοῖς""}]"
syntacticus:Nb:0d38b805d4cc51b6bc529ab63ffa4aea41ade2c58880761ebca67037a4d0b8f4,ΟΝΕΙΔΙΣΜΟΝ,2,ὀνειδισμός,False,"[{""token_id"": ""459201"", ""citation"": ""1TIM 3.7"", ""raw_form"": ""ὀνειδισμὸν""}]"
syntacticus:Nb:9d7f02fd2db4e5511070ff36e536660a098f84d7482af28d81565ea5e80ee657,ΟΝΕΙΔΟΣ,1,ὄνειδος,False,"[{""token_id"": ""733604"", ""citation"": ""LUKE 1.25"", ""raw_form"": ""ὄνειδός""}]"
syntacticus:Nb:5323bf352203c0d9b2bf7181f2145866eb64a0b155f1d1626eb33ea217007d9c,ΟΝΟΜΑ,104,ὄνομα,False,"[{""token_id"": ""267098"", ""citation"": ""MATT 1.21"", ""raw_form"": ""ὄνομα""}]"
syntacticus:Nb:59ea02bffeb25fab2584ec528098a68c9100f0089491332a76fcd5477f3405ba,ΟΝΟΜΑΤΑ,10,ὄνομα,False,"[{""token_id"": ""272278"", ""citation"": ""MATT 10.2"", ""raw_form"": ""ὀνόματά""}]"
syntacticus:Nb:283d6b556d7c47a33dccaf77cdea3e442379b0c63451c3e455c7cbe3192731cf,ΟΝΟΜΑΤΙ,90,ὄνομα,False,"[{""token_id"": ""270654"", ""citation"": ""MATT 7.22"", ""raw_form"": ""ὀνόματι""}]"
syntacticus:Nb:d20ff80a055deb2ef41a0e74be6dcd1fc5d9e8d16d7045237966dd14717b5155,ΟΝΟΜΑΤΟΣ,16,ὄνομα,False,"[{""token_id"": ""279752"", ""citation"": ""MATT 19.29"", ""raw_form"": ""ὀνόματός""}]"
syntacticus:Nb:d9d85eb86f4a1c8a54749cced9423f01d334157af82c1556c66cc6e9f7938161,ΟΝΟΜΑΤΩΝ,2,ὄνομα,False,"[{""token_id"": ""864880"", ""citation"": ""ACTS 1.15"", ""raw_form"": ""ὀνομάτων""}]"
syntacticus:Nb:0230903afde087dd9c44cc410aa8dfae0d83fc70127524b3e02f0fbbddef3913,ΟΝΟΝ,4,ὄνος,False,"[{""token_id"": ""280424"", ""citation"": ""MATT 21.2"", ""raw_form"": ""ὄνον""}]"
syntacticus:Nb:a84c022cdf877c379f3eb3dcd089e8570960109681488ddeb3a60aace65f91b9,ΟΝΟΥ,1,ὄνος,False,"[{""token_id"": ""353506"", ""citation"": ""JOHN 12.15"", ""raw_form"": ""ὄνου""}]"
syntacticus:Nb:adf5f9df580ef34e1b08603aa2dc8383ed6b5606d8a4a055b046bb803cd40006,ΟΞΟΣ,2,ὄξος,False,"[{""token_id"": ""341220"", ""citation"": ""LUKE 23.36"", ""raw_form"": ""ὄξος""}]"
syntacticus:Nb:236a318a1093cafd51e73d61d36495951f150d5cd875e0ce8eba2915ea585448,ΟΞΟΥΣ,4,ὄξος,False,"[{""token_id"": ""286939"", ""citation"": ""MATT 27.48"", ""raw_form"": ""ὄξους""}]"
syntacticus:Nb:5b12bd87f0fbf5023f7c22ec6ccdb6bb04f02e124e12ab43a30f6a93d4637b83,ΟΠΑΙΣ,1,ὀπή,False,"[{""token_id"": ""471231"", ""citation"": ""HEB 11.38"", ""raw_form"": ""ὀπαῖς""}]"
syntacticus:Nb:98d21ad10ff003145fa896ef839581714d88e6f3d769967aa0f51059d787e40f,ΟΠΗΣ,1,ὀπή,False,"[{""token_id"": ""478017"", ""citation"": ""JAS 3.11"", ""raw_form"": ""ὀπῆς""}]"
syntacticus:Nb:4d4ef8468269dbf5f4916259dc3d9c41b425a55097de1fad72418d03d3abba3c,ΟΠΛΑ,4,ὅπλον,False,"[{""token_id"": ""401651"", ""citation"": ""ROM 6.13"", ""raw_form"": ""ὅπλα""}]"
syntacticus:Nb:6cf4254a1cb91c8c2c80c695776c60cb2fa89347fe180603a7c7a2da94711270,ΟΠΛΩΝ,2,ὅπλον,False,"[{""token_id"": ""357588"", ""citation"": ""JOHN 18.3"", ""raw_form"": ""ὅπλων""}]"
syntacticus:Nb:97f15aee69872ad5e63dfe3229692eba365eb0da39ad6ac80c5d916ffb983df6,ΟΠΤΑΣΙΑΝ,2,ὀπτασία,False,"[{""token_id"": ""320465"", ""citation"": ""LUKE 1.22"", ""raw_form"": ""ὀπτασίαν""}]"
syntacticus:Nb:d9d853f0c2ccf672396356fba440aa26832d23f5749b5e1b5d973daab83a990b,ΟΠΤΑΣΙΑΣ,1,ὀπτασία,False,"[{""token_id"": ""432485"", ""citation"": ""2COR 12.1"", ""raw_form"": ""ὀπτασίας""}]"
syntacticus:Nb:0920b9ee9d89a3d9667b664f7de01bc249bc06a9b3a115bd138e02f68dcc087d,ΟΠΩΡΑ,1,ὀπώρα,False,"[{""token_id"": ""501092"", ""citation"": ""REV 18.14"", ""raw_form"": ""ὀπώρα""}]"
syntacticus:Nb:482cc3c421beb3a7cb553bac4a7311076f1910c7cb0efdd33c944685f19a026e,ΟΡΑΜΑ,7,ὅραμα,False,"[{""token_id"": ""278013"", ""citation"": ""MATT 17.9"", ""raw_form"": ""ὅραμα""}]"
syntacticus:Nb:b2ca5088bf360bb9d1dde7acd21a673793e0901a8c81a4bdb6e5e271426aea89,ΟΡΑΜΑΤΙ,2,ὅραμα,False,"[{""token_id"": ""384112"", ""citation"": ""ACTS 9.10"", ""raw_form"": ""ὁράματι""}]"
syntacticus:Nb:1e7c13cbe7543838fb26fbc6ea49dd991bf351ccb35363b3b363da8dea3bd782,ΟΡΑΜΑΤΟΣ,2,ὅραμα,False,"[{""token_id"": ""385151"", ""citation"": ""ACTS 10.19"", ""raw_form"": ""ὁράματος""}]"
syntacticus:Nb:e565bd71d2748657284f9f8b2ecaa6243ded2dc8512f3f05e78a3edc5550f6e7,ΟΡΑΣΕΙ,3,ὅρασις,False,"[{""token_id"": ""494484"", ""citation"": ""REV 4.3"", ""raw_form"": ""ὁράσει""}]"
syntacticus:Nb:d09a0c6022298895803622d520fe6c0f4b82259fd5da4cfabad71fe921423b8b,ΟΡΑΣΕΙΣ,1,ὅρασις,False,"[{""token_id"": ""378780"", ""citation"": ""ACTS 2.17"", ""raw_form"": ""ὁράσεις""}]"
syntacticus:Nb:bd164a8df3f8180529a7567bdab96f825074e96f589853c7aa9dc84bcf176e1e,ΟΡΓΗ,10,ὀργή,False,"[{""token_id"": ""339045"", ""citation"": ""LUKE 21.23"", ""raw_form"": ""ὀργὴ""}]"
syntacticus:Nb:257fb4a5a1e17916cbbf54a7e6f8ad48c8c862141abf29811bd862022140afaf,ΟΡΓΗΝ,9,ὀργή,False,"[{""token_id"": ""399620"", ""citation"": ""ROM 2.5"", ""raw_form"": ""ὀργὴν""}]"
syntacticus:Nb:38e0742ffe4fc5bb05a41317f7b836916bab5190f3d097cb3687e93a07a4b5e3,ΟΡΓΗΣ,14,ὀργή,False,"[{""token_id"": ""267835"", ""citation"": ""MATT 3.7"", ""raw_form"": ""ὀργῆς""}]"
syntacticus:Nb:cd5f334b05cb38d3b41dd9325ecf28522a6290a73c7d7821fc07394e57ed9b8a,ΟΡΓΥΙΑΣ,2,ὀργυιά,False,"[{""token_id"": ""397552"", ""citation"": ""ACTS 27.28"", ""raw_form"": ""ὀργυιὰς""}]"
syntacticus:Nb:c1aa462fd66a592b4a5b45e8b88784bcc46e495e66aea92beb8e4fe6dca0377f,ΟΡΕΙ,10,ὄρος#1,False,"[{""token_id"": ""278241"", ""citation"": ""MATT 17.20"", ""raw_form"": ""ὄρει""}]"
syntacticus:Nb:a4ad5349ccadc6153923036c0c6a9120dc620489e3cdd6839b83fe441c0230c9,ΟΡΕΞΕΙ,1,ὄρεξις,False,"[{""token_id"": ""399406"", ""citation"": ""ROM 1.27"", ""raw_form"": ""ὀρέξει""}]"
syntacticus:Nb:01a9f746042f3cbb68e5f1ad988f078fb61126cd8aad858b64e7e910884d64b7,ΟΡΕΣΙΝ,4,ὄρος#1,False,"[{""token_id"": ""104652"", ""citation"": ""MARK 5.5"", ""raw_form"": ""ὄρεσιν""}]"
syntacticus:Nb:9300a6435c1c56fa96f731a06a360a669f464dca4863a91714a1937c46276d5e,ΟΡΕΩΝ,1,ὄρος#1,False,"[{""token_id"": ""495553"", ""citation"": ""REV 6.15"", ""raw_form"": ""ὀρέων""}]"
syntacticus:Nb:17b7a302f62ce9e56b5f2c92a25c0df09acbd7d149fa8c02c1e2a438c132e039,ΟΡΗ,7,ὄρος#1,False,"[{""token_id"": ""278681"", ""citation"": ""MATT 18.12"", ""raw_form"": ""ὄρη""}]"
syntacticus:Nb:9c853f7abde3d0f4959ad7b9e4d4489479b52ff3ecbd425a88741bf7c0a4b8b0,ΟΡΘΡΟΝ,1,ὄρθρος,False,"[{""token_id"": ""381123"", ""citation"": ""ACTS 5.21"", ""raw_form"": ""ὄρθρον""}]"
syntacticus:Nb:4bf2e02cbf0824be5bf818a08110b0c3c6e1c33e2a4ed0551622b47d2a076b22,ΟΡΘΡΟΥ,2,ὄρθρος,False,"[{""token_id"": ""341565"", ""citation"": ""LUKE 24.1"", ""raw_form"": ""ὄρθρου""}]"
syntacticus:Nb:734f0213e2711d678ae69b484e9e2c2d22fb95a10ad36d07e9e198b4ad108879,ΟΡΙΑ,4,ὅριον,False,"[{""token_id"": ""277231"", ""citation"": ""MATT 15.39"", ""raw_form"": ""ὅρια""}]"
syntacticus:Nb:1210159db04f94a6e3e053aef4254abcce8cb43adac72d9cce944d8d44f21af2,ΟΡΙΟΙΣ,2,ὅριον,False,"[{""token_id"": ""267547"", ""citation"": ""MATT 2.16"", ""raw_form"": ""ὁρίοις""}]"
syntacticus:Nb:3833501065bc348597ebb757b397b072d5843051a4c0044a198706d8be29f0a6,ΟΡΙΩΝ,6,ὅριον,False,"[{""token_id"": ""271505"", ""citation"": ""MATT 8.34"", ""raw_form"": ""ὁρίων""}]"
syntacticus:Nb:d968e60288f1920eb4249868736e3be9f51c62b7f8cf7c50aa36bc6b4c63b7f8,ΟΡΚΟΝ,2,ὅρκος,False,"[{""token_id"": ""321292"", ""citation"": ""LUKE 1.73"", ""raw_form"": ""ὅρκον""}]"
syntacticus:Nb:e0407be7cefd851482a9d20283a4df8c94fd5be84d907102917ad3e2b1567e82,ΟΡΚΟΣ,1,ὅρκος,False,"[{""token_id"": ""468413"", ""citation"": ""HEB 6.16"", ""raw_form"": ""ὅρκος""}]"
syntacticus:Nb:53c0f7bf1be13edc610f8c58e8c152032b777a71d35b64bb67b1510420447689,ΟΡΚΟΥ,2,ὅρκος,False,"[{""token_id"": ""275991"", ""citation"": ""MATT 14.7"", ""raw_form"": ""ὅρκου""}]"
syntacticus:Nb:68e57d38deee546d82877338234539959b8e146779fa5c249190c08ced6a30f7,ΟΡΚΟΥΣ,3,ὅρκος,False,"[{""token_id"": ""269230"", ""citation"": ""MATT 5.33"", ""raw_form"": ""ὅρκους""}]"
syntacticus:Nb:3dd16ad9de2156db4f2bbfc148f28d99c4abb4c34412b5512d323443c1acddb9,ΟΡΚΩΜΟΣΙΑΣ,4,ὁρκωμοσία,False,"[{""token_id"": ""468844"", ""citation"": ""HEB 7.20"", ""raw_form"": ""ὁρκωμοσίας""}]"
syntacticus:Nb:bbc8e6dedd16fe8aa048b13ecbbddedb4f3be5121d45ff9c71ebe24f1cf6ea4a,ΟΡΜΗ,2,ὁρμή,False,"[{""token_id"": ""388038"", ""citation"": ""ACTS 14.5"", ""raw_form"": ""ὁρμὴ""}]"
syntacticus:Nb:c97a54b5cb8e09ae0ffbac426c3dd4d4d77f035d814fc2a62a624ca15b1ba3cd,ΟΡΜΗΜΑΤΙ,1,ὅρμημα,False,"[{""token_id"": ""501303"", ""citation"": ""REV 18.21"", ""raw_form"": ""ὁρμήματι""}]"
syntacticus:Nb:6bcd4051dc1fc44e40df3cbfbb4749126721e71f196a624683c69540218333bf,ΟΡΝΕΑ,1,ὄρνεον,False,"[{""token_id"": ""501994"", ""citation"": ""REV 19.21"", ""raw_form"": ""ὄρνεα""}]"
syntacticus:Nb:7595535d714781769974c53424ae9e04ec04906a85fb705354ee708c3662833e,ΟΡΝΕΟΙΣ,1,ὄρνεον,False,"[{""token_id"": ""501851"", ""citation"": ""REV 19.17"", ""raw_form"": ""ὀρνέοις""}]"
syntacticus:Nb:5aee19b30ab490c49c5478ef4506d29b9d06b31d1fa24b3cdeea149d96db2ed1,ΟΡΝΕΟΥ,1,ὄρνεον,False,"[{""token_id"": ""500758"", ""citation"": ""REV 18.2"", ""raw_form"": ""ὀρνέου""}]"
syntacticus:Nb:685c8eaee29d2207bb917cfb447492232d6041fb94f2f3c00021b7c1d1245687,ΟΡΝΙΞ,1,ὄρνις,False,"[{""token_id"": ""333430"", ""citation"": ""LUKE 13.34"", ""raw_form"": ""ὄρνιξ""}]"
syntacticus:Nb:13dcd1755e28a8d77656f297fdb1c4373d4412f2ea1e109eaba3afb17795ef68,ΟΡΝΙΣ,1,ὄρνις,False,"[{""token_id"": ""282855"", ""citation"": ""MATT 23.37"", ""raw_form"": ""ὄρνις""}]"
syntacticus:Nb:2428c6990183fce9a01dfb9ac697a9956f4bdab78f263278e7d1c330fde699e7,ΟΡΟΘΕΣΙΑΣ,1,ὁροθεσία,False,"[{""token_id"": ""390634"", ""citation"": ""ACTS 17.26"", ""raw_form"": ""ὁροθεσίας""}]"
syntacticus:Nb:57c958ac9a0e29b5b438a04cb10ef70f470f14bdcd2fa281f0ca47a957256da7,ΟΡΟΣ,28,ὄρος#1,False,"[{""token_id"": ""268218"", ""citation"": ""MATT 4.8"", ""raw_form"": ""ὄρος""}]"
syntacticus:Nb:9683926fd92eed1075e6ad1c6156b57604edbb81c6791399983a5acb548d2a8e,ΟΡΟΥΣ,12,ὄρος#1,False,"[{""token_id"": ""268756"", ""citation"": ""MATT 5.14"", ""raw_form"": ""ὄρους""}]"
syntacticus:Nb:3d163c9570265f1224ea2b661497f33aa3d3beb55800ad8daf9a89d972063ec6,ΟΣΙΟΤΗΤΙ,2,ὁσιότης,False,"[{""token_id"": ""321312"", ""citation"": ""LUKE 1.75"", ""raw_form"": ""ὁσιότητι""}]"
syntacticus:Nb:a5635d24b1ccf7523d714ee1664191975b2913623e6d487000eff0bb2af73963,ΟΣΜΗ,2,ὀσμή,False,"[{""token_id"": ""762549"", ""citation"": ""2COR 2.16"", ""raw_form"": ""ὀσμὴ""}]"
syntacticus:Nb:5af9ce87ddf471058a348c21dcc9f16aa9aa4e33441e089efdbe424c6badd957,ΟΣΜΗΝ,3,ὀσμή,False,"[{""token_id"": ""428885"", ""citation"": ""2COR 2.14"", ""raw_form"": ""ὀσμὴν""}]"
syntacticus:Nb:6e7e5af0f2a02b9360d5baf4ae6275f1cf1bc3f37cb9cf3d4791da69c3ee9873,ΟΣΜΗΣ,1,ὀσμή,False,"[{""token_id"": ""353289"", ""citation"": ""JOHN 12.3"", ""raw_form"": ""ὀσμῆς""}]"
syntacticus:Nb:49449dd5f38bdb5fab6234acf95cb1776a2772c9b369b1045e65a2407137fcea,ΟΣΤΕΑ,1,ὀστέον,False,"[{""token_id"": ""342235"", ""citation"": ""LUKE 24.39"", ""raw_form"": ""ὀστέα""}]"
syntacticus:Nb:74e56b2cd4ab52845235f3dd5a1e27e33cfccfa8fc9b97d3cc63920b6728ce09,ΟΣΤΕΩΝ,2,ὀστέον,False,"[{""token_id"": ""282652"", ""citation"": ""MATT 23.27"", ""raw_form"": ""ὀστέων""}]"
syntacticus:Nb:85b6539cf022f5d7cf54a10d968bcc3129e89b338123a34f8eac06c28490cc3c,ΟΣΤΟΥΝ,1,ὀστέον,False,"[{""token_id"": ""359246"", ""citation"": ""JOHN 19.36"", ""raw_form"": ""ὀστοῦν""}]"
syntacticus:Nb:fe9a04f09a3a91eb84cb9481def37e0c4e6789195a132269773ca92b6e9f1c1f,ΟΣΦΡΗΣΙΣ,1,ὄσφρησις,False,"[{""token_id"": ""419027"", ""citation"": ""1COR 12.17"", ""raw_form"": ""ὄσφρησις""}]"
syntacticus:Nb:567ce686a1d9400767d346d7b56870be89ded742dd16cb4583f3addb5615c139,ΟΣΦΥΑΣ,1,ὀσφῦς,False,"[{""token_id"": ""480768"", ""citation"": ""1PET 1.13"", ""raw_form"": ""ὀσφύας""}]"
syntacticus:Nb:1a40bfebd3a7d0734ad487f541d21fd64ae2c22d7093109b9cb043be33d1c67a,ΟΣΦΥΕΣ,1,ὀσφῦς,False,"[{""token_id"": ""332181"", ""citation"": ""LUKE 12.35"", ""raw_form"": ""ὀσφύες""}]"
syntacticus:Nb:b7cfabd52b2cf2a5beb39799cff66f24225dc7f806d8ea45421b904481b4e6fc,ΟΣΦΥΙ,1,ὀσφῦς,False,"[{""token_id"": ""468677"", ""citation"": ""HEB 7.10"", ""raw_form"": ""ὀσφύϊ""}]"
syntacticus:Nb:5c8395f43766b003ea2bc2ce7ea1527e91ee57768b241b4a87791697ea58147d,ΟΣΦΥΝ,3,ὀσφῦς,False,"[{""token_id"": ""267769"", ""citation"": ""MATT 3.4"", ""raw_form"": ""ὀσφὺν""}]"
syntacticus:Nb:c9e83c475528337e3eba249b6be1a1153f497dcf83cf05b9c89760a2b0f60ba4,ΟΣΦΥΟΣ,2,ὀσφῦς,False,"[{""token_id"": ""379056"", ""citation"": ""ACTS 2.30"", ""raw_form"": ""ὀσφύος""}]"
syntacticus:Nb:a5a380668faa7bf6a69675f76b8f21311c917f1395210059bc6f242dbb68c9d0,ΟΥΑΙ,4,οὐαί,False,"[{""token_id"": ""496681"", ""citation"": ""REV 9.12"", ""raw_form"": ""οὐαὶ""}]"
syntacticus:Nb:cdae101ba403da3b15ddd0ca70a9e642e83d41c0ca9ad79e10dfe2d45f121618,ΟΥΡΑ,1,οὐρά,False,"[{""token_id"": ""497913"", ""citation"": ""REV 12.4"", ""raw_form"": ""οὐρὰ""}]"
syntacticus:Nb:e386bcb4e4ca678f8d80d060a16ce4cc344896b5e5d56556c52c4b88957ee99f,ΟΥΡΑΙ,1,οὐρά,False,"[{""token_id"": ""496867"", ""citation"": ""REV 9.19"", ""raw_form"": ""οὐραὶ""}]"
syntacticus:Nb:bf827fc5770150353c67e57f492615a737e85c78c57385a478943143737c2679,ΟΥΡΑΙΣ,2,οὐρά,False,"[{""token_id"": ""496647"", ""citation"": ""REV 9.10"", ""raw_form"": ""οὐραῖς""}]"
syntacticus:Nb:0dee9300544501fcd00c7583c9f0db33efcb0e157c00b0d8a0da22e0679c5582,ΟΥΡΑΝΕ,1,οὐρανός,False,"[{""token_id"": ""501264"", ""citation"": ""REV 18.20"", ""raw_form"": ""οὐρανέ""}]"
syntacticus:Nb:9571d0ad2a69d5914d0e57b0c8c8c3d6be2750051c9cafcc59b95c4e8c545b2e,ΟΥΡΑΝΟΙ,3,οὐρανός,False,"[{""token_id"": ""268036"", ""citation"": ""MATT 3.16"", ""raw_form"": ""οὐρανοί""}]"
syntacticus:Nb:77e5ef3899a82d983dae90233a8ddda23883b95b8e5df3781dd8d4538995c64a,ΟΥΡΑΝΟΙΣ,36,οὐρανός,False,"[{""token_id"": ""268703"", ""citation"": ""MATT 5.12"", ""raw_form"": ""οὐρανοῖς""}]"
syntacticus:Nb:4ea623e7ad95bf21f35a8fc6c80d4d951f50d09c92649e360244252ecc74fb2a,ΟΥΡΑΝΟΝ,41,οὐρανός,False,"[{""token_id"": ""276213"", ""citation"": ""MATT 14.19"", ""raw_form"": ""οὐρανὸν""}]"
syntacticus:Nb:a1f3036aa46990d042bf9b22f1d987c06639df893ba2259199a0676ca471d0a3,ΟΥΡΑΝΟΣ,12,οὐρανός,False,"[{""token_id"": ""268832"", ""citation"": ""MATT 5.18"", ""raw_form"": ""οὐρανὸς""}]"
syntacticus:Nb:1dc747c725f0cdb944f46906e83c4f3e5469762d0215eeefbab1b25bf7763c2b,ΟΥΡΑΝΟΥ,91,οὐρανός,False,"[{""token_id"": ""270066"", ""citation"": ""MATT 6.26"", ""raw_form"": ""οὐρανοῦ""}]"
syntacticus:Nb:64cd0eab09748ee16550b459c1ce744291e3f8826a0da64976da8b7ff56a7c00,ΟΥΡΑΝΟΥΣ,4,οὐρανός,False,"[{""token_id"": ""101920"", ""citation"": ""MARK 1.10"", ""raw_form"": ""οὐρανοὺς""}]"
syntacticus:Nb:6cf49cf9f4b0439edc5dc22c138293d2849dba93e51a33a7ae08112ff67f4e95,ΟΥΡΑΝΩΝ,44,οὐρανός,False,"[{""token_id"": ""267723"", ""citation"": ""MATT 3.2"", ""raw_form"": ""οὐρανῶν""}]"
syntacticus:Nb:d2cccd54015cd6b4bf1c5269713f96d98fdd9108003f20a702c1a28f1085cd90,ΟΥΡΑΣ,1,οὐρά,False,"[{""token_id"": ""496638"", ""citation"": ""REV 9.10"", ""raw_form"": ""οὐρὰς""}]"
syntacticus:Nb:3df09ea4336a7a3d38fed8a3303ea0a3a778eef09daa33ccd0d01c7535593284,ΟΥΣ,13,οὖς,False,"[{""token_id"": ""272778"", ""citation"": ""MATT 10.27"", ""raw_form"": ""οὖς""}]"
syntacticus:Nb:6cafe522f82bbb1e840f2279d49fa620087f26c08c7479eca04e659ef20de853,ΟΥΣΙΑΝ,1,οὐσία,False,"[{""token_id"": ""334408"", ""citation"": ""LUKE 15.13"", ""raw_form"": ""οὐσίαν""}]"
syntacticus:Nb:ff3a502ffa0fda34aac68dc3615b1533f4d12f6bfaa561040156074b7f46d5b2,ΟΥΣΙΑΣ,1,οὐσία,False,"[{""token_id"": ""334381"", ""citation"": ""LUKE 15.12"", ""raw_form"": ""οὐσίας""}]"
syntacticus:Nb:d0364e7e1f99f0f33dd7e36dacb900cd87d79deb1c1f4c560cc82c11e796edfc,ΟΦΕΙΛΑΣ,1,ὀφειλή,False,"[{""token_id"": ""759265"", ""citation"": ""ROM 13.7"", ""raw_form"": ""ὀφειλάς""}]"
syntacticus:Nb:2d1232861dd5ae8206b486b1561bf17d169e943e772b427c0b99d7a20813c47a,ΟΦΕΙΛΕΤΑΙ,3,ὀφειλέτης,False,"[{""token_id"": ""332777"", ""citation"": ""LUKE 13.4"", ""raw_form"": ""ὀφειλέται""}]"
syntacticus:Nb:91fe5c215d21c89072a90492b7784126c01e970708df8bc480a23bddeed4d2c2,ΟΦΕΙΛΕΤΑΙΣ,1,ὀφειλέτης,False,"[{""token_id"": ""269767"", ""citation"": ""MATT 6.12"", ""raw_form"": ""ὀφειλέταις""}]"
syntacticus:Nb:498b24e97f122cee4f141b3a05f55c6a099ce2ff32a3eca174e67c37a6219b37,ΟΦΕΙΛΕΤΗΣ,3,ὀφειλέτης,False,"[{""token_id"": ""278940"", ""citation"": ""MATT 18.24"", ""raw_form"": ""ὀφειλέτης""}]"
syntacticus:Nb:c215f40989b74c0a0a27bff928d1c5ebbe45aebcf55acdaa70bedb79de7306a3,ΟΦΕΙΛΗΜΑ,1,ὀφείλημα,False,"[{""token_id"": ""400579"", ""citation"": ""ROM 4.4"", ""raw_form"": ""ὀφείλημα""}]"
syntacticus:Nb:e7f25aecc5438fd1bcef65e1fa509e61217297dcb37adc10e7242e32fb450cc7,ΟΦΕΙΛΗΜΑΤΑ,1,ὀφείλημα,False,"[{""token_id"": ""269759"", ""citation"": ""MATT 6.12"", ""raw_form"": ""ὀφειλήματα""}]"
syntacticus:Nb:efda585ac7e6d279fe775d73862337be159f0c85f56ee15bf85f1fa3fb949746,ΟΦΕΙΛΗΝ,2,ὀφειλή,False,"[{""token_id"": ""279097"", ""citation"": ""MATT 18.32"", ""raw_form"": ""ὀφειλὴν""}]"
syntacticus:Nb:356356c1942317f5021fbbed67794ae0734388492824e7df58c56c51efbc4f73,ΟΦΕΙΣ,3,ὄφις,False,"[{""token_id"": ""272548"", ""citation"": ""MATT 10.16"", ""raw_form"": ""ὄφεις""}]"
syntacticus:Nb:22654b0e904f3ed911a432e2898af50521d07b7d52c52302c0d69e0a30c868b6,ΟΦΕΛΟΣ,3,ὄφελος,False,"[{""token_id"": ""420774"", ""citation"": ""1COR 15.32"", ""raw_form"": ""ὄφελος""}]"
syntacticus:Nb:09be63102dd18c2eb57eba075596134c616e9b6f69444d65c19e4e6ef19a1ead,ΟΦΕΣΙΝ,1,ὄφις,False,"[{""token_id"": ""496870"", ""citation"": ""REV 9.19"", ""raw_form"": ""ὄφεσιν""}]"
syntacticus:Nb:d6aefac17affefeef25b04dcf43601c558cb994a0319b99465a3cb6151979f5a,ΟΦΕΩΝ,2,ὄφις,False,"[{""token_id"": ""329798"", ""citation"": ""LUKE 10.19"", ""raw_form"": ""ὄφεων""}]"
syntacticus:Nb:572c482cf2487e0b37172ed4c77cc528cb07dcaea8986cd99ddf8ed142da25fb,ΟΦΕΩΣ,1,ὄφις,False,"[{""token_id"": ""498242"", ""citation"": ""REV 12.14"", ""raw_form"": ""ὄφεως""}]"
syntacticus:Nb:8be00519c84334eb36b4652557ee26f5ad2f9ed02893b36731796535e34d87f0,ΟΦΘΑΛΜΟΔΟΥΛΙΑΙΣ,1,ὀφθαλμοδουλία,False,"[{""token_id"": ""451943"", ""citation"": ""COL 3.22"", ""raw_form"": ""ὀφθαλμοδουλίαις""}]"
syntacticus:Nb:f8f2930e2dae9bef50333df5a765d4b5b15de012b9e6912fc3765fb11a721cea,ΟΦΘΑΛΜΟΔΟΥΛΙΑΝ,1,ὀφθαλμοδουλία,False,"[{""token_id"": ""444590"", ""citation"": ""EPH 6.6"", ""raw_form"": ""ὀφθαλμοδουλίαν""}]"
syntacticus:Nb:4278b5179468cb8ae3539c2bc3323894bbcae97eeccb214213c5b6c7761111bd,ΟΦΘΑΛΜΟΙ,14,ὀφθαλμός,False,"[{""token_id"": ""272101"", ""citation"": ""MATT 9.30"", ""raw_form"": ""ὀφθαλμοί""}]"
syntacticus:Nb:420e76533820164377c353658c4ee7429c7ec5f8ab764cdc4ea5397428aa0867,ΟΦΘΑΛΜΟΙΣ,6,ὀφθαλμός,False,"[{""token_id"": ""274939"", ""citation"": ""MATT 13.15"", ""raw_form"": ""ὀφθαλμοῖς""}]"
syntacticus:Nb:af2fab9c589727c25ef0e5c74108437df0a926c9bfa97cd5c9ae712284093e81,ΟΦΘΑΛΜΟΝ,1,ὀφθαλμός,False,"[{""token_id"": ""269316"", ""citation"": ""MATT 5.38"", ""raw_form"": ""ὀφθαλμὸν""}]"
syntacticus:Nb:ff86d8b50aeb7e4eaab1cd42d3a5866bf0e1706f77d83069ecb125971560e668,ΟΦΘΑΛΜΟΣ,15,ὀφθαλμός,False,"[{""token_id"": ""269108"", ""citation"": ""MATT 5.29"", ""raw_form"": ""ὀφθαλμός""}]"
syntacticus:Nb:7285b36d6828219907cf35cd7cb01ae9361b8d38f8b6534052cf2e4aaad47ac1,ΟΦΘΑΛΜΟΥ,6,ὀφθαλμός,False,"[{""token_id"": ""269318"", ""citation"": ""MATT 5.38"", ""raw_form"": ""ὀφθαλμοῦ""}]"
syntacticus:Nb:4b84acc52b605c4f70d62aa9e115fa03b0e4145038629f7aa541923517d17fa2,ΟΦΘΑΛΜΟΥΣ,35,ὀφθαλμός,False,"[{""token_id"": ""274932"", ""citation"": ""MATT 13.15"", ""raw_form"": ""ὀφθαλμοὺς""}]"
syntacticus:Nb:07b47fea699e33452959212104d8dc0bb854c3962bf510c9bf0e76373ca7fdb0,ΟΦΘΑΛΜΩΝ,10,ὀφθαλμός,False,"[{""token_id"": ""272086"", ""citation"": ""MATT 9.29"", ""raw_form"": ""ὀφθαλμῶν""}]"
syntacticus:Nb:d99dfb6db7f199700ae9a08986f5bdbfea47edbe3257c1d8e679dc5fa4f21783,ΟΦΙΝ,3,ὄφις,False,"[{""token_id"": ""270417"", ""citation"": ""MATT 7.10"", ""raw_form"": ""ὄφιν""}]"
syntacticus:Nb:51affb2f6400e31d585b84d94c3f1f12de7650d1796145c31b27758d44024c90,ΟΦΙΣ,4,ὄφις,False,"[{""token_id"": ""431908"", ""citation"": ""2COR 11.3"", ""raw_form"": ""ὄφις""}]"
syntacticus:Nb:e8a9d70ed138d5911e703c50caaa1730c2883248c4cb5b1d38a0596701277662,ΟΦΡΥΟΣ,1,ὀφρῦς,False,"[{""token_id"": ""323551"", ""citation"": ""LUKE 4.29"", ""raw_form"": ""ὀφρύος""}]"
syntacticus:Nb:91e8591a43c5b60d8647165ca74878294df56adafde3964ea17a09b9ba649cde,ΟΧΛΟΙ,27,ὄχλος,False,"[{""token_id"": ""268545"", ""citation"": ""MATT 4.25"", ""raw_form"": ""ὄχλοι""}]"
syntacticus:Nb:eba3a80208f74aa3eec37734104a215397eae60b87551fd4692b4a8d49e117b3,ΟΧΛΟΙΣ,10,ὄχλος,False,"[{""token_id"": ""273170"", ""citation"": ""MATT 11.7"", ""raw_form"": ""ὄχλοις""}]"
syntacticus:Nb:ff59f1e416dfd589fd34670d73e61340610b472e34c09ad26f2cb0d0dc1e2931,ΟΧΛΟΝ,33,ὄχλος,False,"[{""token_id"": ""271989"", ""citation"": ""MATT 9.23"", ""raw_form"": ""ὄχλον""}]"
syntacticus:Nb:a9edd1d1dbc02aa5c21bfeca4158e01d2439c372d330f84be46091c8e43ef4a7,ΟΧΛΟΣ,46,ὄχλος,False,"[{""token_id"": ""272011"", ""citation"": ""MATT 9.25"", ""raw_form"": ""ὄχλος""}]"
syntacticus:Nb:c664cd7c1a0758d4e46e5c86eff71aceab719798a35a1762fbc87bcbe908b493,ΟΧΛΟΥ,25,ὄχλος,False,"[{""token_id"": ""286538"", ""citation"": ""MATT 27.24"", ""raw_form"": ""ὄχλου""}]"
syntacticus:Nb:5ec89d48ca8569428cb67dbb484790066d52dc9102780f0c6884762afe703bb7,ΟΧΛΟΥΣ,18,ὄχλος,False,"[{""token_id"": ""268564"", ""citation"": ""MATT 5.1"", ""raw_form"": ""ὄχλους""}]"
syntacticus:Nb:bb3d553b0258a0cc443f0a72532cefddfecb26dcac96104c3e08b27bdf0c8c71,ΟΧΛΩΝ,1,ὄχλος,False,"[{""token_id"": ""330942"", ""citation"": ""LUKE 11.29"", ""raw_form"": ""ὄχλων""}]"
syntacticus:Nb:58713f7eaa06d0b7d795158134480e798c773186dc557668d921d41f93d1649f,ΟΧΥΡΩΜΑΤΩΝ,1,ὀχύρωμα,False,"[{""token_id"": ""431594"", ""citation"": ""2COR 10.4"", ""raw_form"": ""ὀχυρωμάτων""}]"
syntacticus:Nb:f474dcc9eb5c3b390505ad0fe53d8daa566108ed0cf05b3509fcb27113df085f,ΟΨΑΡΙΑ,1,ὀψάριον,False,"[{""token_id"": ""346760"", ""citation"": ""JOHN 6.9"", ""raw_form"": ""ὀψάρια""}]"
syntacticus:Nb:0716d520159c89f11562de39217435f2d5f3cb4ed84e9a3c32764d2c9060d6ea,ΟΨΑΡΙΟΝ,2,ὀψάριον,False,"[{""token_id"": ""360321"", ""citation"": ""JOHN 21.9"", ""raw_form"": ""ὀψάριον""}]"
syntacticus:Nb:899a1a97c65283f2c56ed04a501b7d37244a35f82eafcaf922d352df8a684dc4,ΟΨΑΡΙΩΝ,2,ὀψάριον,False,"[{""token_id"": ""346812"", ""citation"": ""JOHN 6.11"", ""raw_form"": ""ὀψαρίων""}]"
syntacticus:Nb:ef4343d49d1e24de505ab266224a9d29467b0863689f480bab269c141ddb8014,ΟΨΙΝ,1,ὄψις,False,"[{""token_id"": ""348473"", ""citation"": ""JOHN 7.24"", ""raw_form"": ""ὄψιν""}]"
syntacticus:Nb:8c4f31e33d9ce02052381ea5d3d2967779360233225ecc912aa3b82329e5c4ec,ΟΨΙΣ,2,ὄψις,False,"[{""token_id"": ""352925"", ""citation"": ""JOHN 11.44"", ""raw_form"": ""ὄψις""}]"
syntacticus:Nb:451ecf1ee3a3b40cb3f09bfd09ab024c7a5028c811b12ff80e2b627fc936df92,ΟΨΩΝΙΑ,1,ὀψώνιον,False,"[{""token_id"": ""401849"", ""citation"": ""ROM 6.23"", ""raw_form"": ""ὀψώνια""}]"
syntacticus:Nb:c97edac7e5d985f98eb555a24afcfadc0fd9cca88a605a8ec14257ffdec80ee9,ΟΨΩΝΙΟΙΣ,2,ὀψώνιον,False,"[{""token_id"": ""322648"", ""citation"": ""LUKE 3.14"", ""raw_form"": ""ὀψωνίοις""}]"
syntacticus:Nb:28de3886fc65e27aa6890b80df8613d91f6420c34a45ce8607ce6d3d98245e53,ΟΨΩΝΙΟΝ,1,ὀψώνιον,False,"[{""token_id"": ""432008"", ""citation"": ""2COR 11.8"", ""raw_form"": ""ὀψώνιον""}]"
syntacticus:Nb:7f5dffece71d1b65d1252d901bb91cdbb187c1a6bf0f493966493803db4cc785,ΠΑΓΙΔΑ,3,παγίς,False,"[{""token_id"": ""404329"", ""citation"": ""ROM 11.9"", ""raw_form"": ""παγίδα""}]"
syntacticus:Nb:b2447356b0fdf89b21f71eea9c5b883d4b390108cedefb32aa68694948b0920a,ΠΑΓΙΔΟΣ,1,παγίς,False,"[{""token_id"": ""462773"", ""citation"": ""2TIM 2.26"", ""raw_form"": ""παγίδος""}]"
syntacticus:Nb:41f15f042b0a2a9a75d55508b8714ea9e2af9656c8942b045e9f85b8f17bca9e,ΠΑΓΙΣ,1,παγίς,False,"[{""token_id"": ""339249"", ""citation"": ""LUKE 21.35"", ""raw_form"": ""παγίς""}]"
syntacticus:Nb:5972e6dc03b66a8c7596ee5c4c656c4db3844a75a3b3fd719b959fb06cee3315,ΠΑΓΟΝ,1,πάγος,False,"[{""token_id"": ""390474"", ""citation"": ""ACTS 17.19"", ""raw_form"": ""πάγον""}]"
syntacticus:Nb:677604e4b2f3a92019a2ca47d3e3219494abf197dc149ce415a1ada41c9ea1b3,ΠΑΓΟΥ,1,πάγος,False,"[{""token_id"": ""390534"", ""citation"": ""ACTS 17.22"", ""raw_form"": ""πάγου""}]"
syntacticus:Nb:d05cd868b277eb4b36ca5821106a54bb1f7d48966e193149f72e66ac7072828a,ΠΑΘΕΙ,1,πάθος,False,"[{""token_id"": ""454804"", ""citation"": ""1THESS 4.5"", ""raw_form"": ""πάθει""}]"
syntacticus:Nb:5abe6e5d6f7322bf8cf70bf55152c14e15dcd353ffdf529015ae5425f1cf8548,ΠΑΘΗ,1,πάθος,False,"[{""token_id"": ""399375"", ""citation"": ""ROM 1.26"", ""raw_form"": ""πάθη""}]"
syntacticus:Nb:eea6636574411ee3f63bc7cf61fe757b2a7dc757d498d6e4a26940dd4f192c89,ΠΑΘΗΜΑ,1,πάθημα,False,"[{""token_id"": ""467029"", ""citation"": ""HEB 2.9"", ""raw_form"": ""πάθημα""}]"
syntacticus:Nb:76adc361887cf49fa5f34858b80c74a6b35281d0e7da4cbc839d8775a68492b9,ΠΑΘΗΜΑΣΙΝ,3,πάθημα,False,"[{""token_id"": ""439791"", ""citation"": ""GAL 5.24"", ""raw_form"": ""παθήμασιν""}]"
syntacticus:Nb:70491ca09f6aa6c8393feb113cc7d03a678ae325d5389b9c494df28751f8448b,ΠΑΘΗΜΑΤΑ,4,πάθημα,False,"[{""token_id"": ""401985"", ""citation"": ""ROM 7.5"", ""raw_form"": ""παθήματα""}]"
syntacticus:Nb:a5a4d6098e3d8f57eef5d7802bfa7ed08247aa802a7a72fb64a475996d806117,ΠΑΘΗΜΑΤΩΝ,5,πάθημα,False,"[{""token_id"": ""428223"", ""citation"": ""2COR 1.6"", ""raw_form"": ""παθημάτων""}]"
syntacticus:Nb:e18bf8cfd53abf2d42f1c242e05a326b87bd7224465c1af8f2aacaccdb8036e7,ΠΑΘΟΣ,1,πάθος,False,"[{""token_id"": ""451630"", ""citation"": ""COL 3.5"", ""raw_form"": ""πάθος""}]"
syntacticus:Nb:06a0a565e30ed5e155c5ae8ba6533d5cb3cb5a5a860968713e3ecbdd9104d57d,ΠΑΙΔΑ,5,παῖς,False,"[{""token_id"": ""329016"", ""citation"": ""LUKE 9.42"", ""raw_form"": ""παῖδα""}]"
syntacticus:Nb:e0896f1690ca803a54dccf3db377f42c898c120fbb85300f9d647967547799dd,ΠΑΙΔΑΓΩΓΟΝ,1,παιδαγωγός,False,"[{""token_id"": ""438835"", ""citation"": ""GAL 3.25"", ""raw_form"": ""παιδαγωγόν""}]"
syntacticus:Nb:5febf7eef004b1ae18a72a7f9d833f4499c05bf831cd3f7181d322d72dce822a,ΠΑΙΔΑΓΩΓΟΣ,1,παιδαγωγός,False,"[{""token_id"": ""438818"", ""citation"": ""GAL 3.24"", ""raw_form"": ""παιδαγωγὸς""}]"
syntacticus:Nb:6ee46a2d23b06df67f447e9f0e20bd88bd54f9edfb8d42734ada91809ec48642,ΠΑΙΔΑΓΩΓΟΥΣ,1,παιδαγωγός,False,"[{""token_id"": ""415204"", ""citation"": ""1COR 4.15"", ""raw_form"": ""παιδαγωγοὺς""}]"
syntacticus:Nb:834c43cd83ca2bab61492197c472cc6e39117381cfdd8700a05e42b208e8fe49,ΠΑΙΔΑΡΙΟΝ,1,παιδάριον,False,"[{""token_id"": ""346751"", ""citation"": ""JOHN 6.9"", ""raw_form"": ""παιδάριον""}]"
syntacticus:Nb:167ce7063b19d0763442e7be59365c996957f7666e27641e0537851fc21b6b9a,ΠΑΙΔΑΣ,3,παῖς,False,"[{""token_id"": ""267539"", ""citation"": ""MATT 2.16"", ""raw_form"": ""παῖδας""}]"
syntacticus:Nb:359c2c7becb6a9484bc8fc30d281d49f711f6df27c809018c3ee9d290633c9e3,ΠΑΙΔΕΙΑΝ,1,παιδεία,False,"[{""token_id"": ""463058"", ""citation"": ""2TIM 3.16"", ""raw_form"": ""παιδείαν""}]"
syntacticus:Nb:8f17f950c26f9aac15629de5d8d58f5aa43e9f99bf84955d514008d5403810c4,ΠΑΙΔΕΥΤΑΣ,1,παιδευτής,False,"[{""token_id"": ""471430"", ""citation"": ""HEB 12.9"", ""raw_form"": ""παιδευτὰς""}]"
syntacticus:Nb:83c18f0b539b8f32a758dfa4f2b8bdccee9070bd2f4eb764364e51bc23985172,ΠΑΙΔΕΥΤΗΝ,1,παιδευτής,False,"[{""token_id"": ""399852"", ""citation"": ""ROM 2.20"", ""raw_form"": ""παιδευτὴν""}]"
syntacticus:Nb:5c8243415b83a940ed7b6594cd07eb8f1b72e58308a4f4ee55844c81e25faeb6,ΠΑΙΔΙΑ,12,παιδίον|παιδεία,False,"[{""token_id"": ""278450"", ""citation"": ""MATT 18.3"", ""raw_form"": ""παιδία""}]"
syntacticus:Nb:355ed42d7f30493f9c34044291da6657d6b715b0bfd7f8a6ae0ba604f29d212e,ΠΑΙΔΙΑΝ,1,παιδεία,False,"[{""token_id"": ""471386"", ""citation"": ""HEB 12.7"", ""raw_form"": ""παιδίαν""}]"
syntacticus:Nb:a9431d0848fe11e430fba6eabb44a6d1d33e8c9db1ec99febddc68400988a7f1,ΠΑΙΔΙΑΣ,2,παιδεία,False,"[{""token_id"": ""471363"", ""citation"": ""HEB 12.5"", ""raw_form"": ""παιδίας""}]"
syntacticus:Nb:cf4861cb66891e6c2e440f95cd63f8533399d2e300a1fcc14dc86b71505de0f7,ΠΑΙΔΙΟΙΣ,2,παιδίον,False,"[{""token_id"": ""273329"", ""citation"": ""MATT 11.16"", ""raw_form"": ""παιδίοις""}]"
syntacticus:Nb:105d6dd4d2f3c0f8b11f373e63f271cc157e2ba2683532546839c49f95a82543,ΠΑΙΔΙΟΝ,26,παιδίον,False,"[{""token_id"": ""267374"", ""citation"": ""MATT 2.9"", ""raw_form"": ""παιδίον""}]"
syntacticus:Nb:84529b4d3ca5a8424890b6e1d4f3c3e122d96918a64336e7df0572e8ecea5734,ΠΑΙΔΙΟΥ,7,παιδίον,False,"[{""token_id"": ""267334"", ""citation"": ""MATT 2.8"", ""raw_form"": ""παιδίου""}]"
syntacticus:Nb:d269b316267e88ca2487c4d93eb3deedad9def82b77ed52ba41c996c40e1ab8a,ΠΑΙΔΙΣΚΑΣ,1,παιδίσκη,False,"[{""token_id"": ""784335"", ""citation"": ""LUKE 12.45"", ""raw_form"": ""παιδίσκας""}]"
syntacticus:Nb:8f58eb44b33cf62d1eb9171afe88f43103b499909218617b0b023d105d8005fd,ΠΑΙΔΙΣΚΗ,5,παιδίσκη,False,"[{""token_id"": ""286006"", ""citation"": ""MATT 26.69"", ""raw_form"": ""παιδίσκη""}]"
syntacticus:Nb:bc8397fdf9785daa1da7f4d3a01db15a003440f62bdb03942ef765b7627b442d,ΠΑΙΔΙΣΚΗΝ,2,παιδίσκη,False,"[{""token_id"": ""389561"", ""citation"": ""ACTS 16.16"", ""raw_form"": ""παιδίσκην""}]"
syntacticus:Nb:bed69ed977f3adee00679f43cb99235ee81409dfaeffa5856ac9e4ff733e882f,ΠΑΙΔΙΣΚΗΣ,4,παιδίσκη,False,"[{""token_id"": ""439246"", ""citation"": ""GAL 4.22"", ""raw_form"": ""παιδίσκης""}]"
syntacticus:Nb:5826f3c61c91f38523abbb1399af65720ee102b299c0649948665653e61b9719,ΠΑΙΔΙΣΚΩΝ,1,παιδίσκη,False,"[{""token_id"": ""113460"", ""citation"": ""MARK 14.66"", ""raw_form"": ""παιδισκῶν""}]"
syntacticus:Nb:0ec8912cfcb8b17bdfda11b134049634dcc4055d944c9071ea2a3c19858058cd,ΠΑΙΔΙΩΝ,4,παιδίον,False,"[{""token_id"": ""276255"", ""citation"": ""MATT 14.21"", ""raw_form"": ""παιδίων""}]"
syntacticus:Nb:e74091b7162c6da62a3fcd022de618d1d973b4ebd4adc7799a8a64a4104239fe,ΠΑΙΔΟΣ,5,παῖς,False,"[{""token_id"": ""320997"", ""citation"": ""LUKE 1.54"", ""raw_form"": ""παιδὸς""}]"
syntacticus:Nb:5fbb58c14a03389f479fed9d3a1640b311fa63d7c3ed4d5085950b8526478025,ΠΑΙΔΩΝ,1,παῖς,False,"[{""token_id"": ""334666"", ""citation"": ""LUKE 15.26"", ""raw_form"": ""παίδων""}]"
syntacticus:Nb:5476f7bff6022320c182b7f89001507885f1b63bcb7caa590a3ed67238dcd517,ΠΑΙΣ,9,παῖς,False,"[{""token_id"": ""270916"", ""citation"": ""MATT 8.6"", ""raw_form"": ""παῖς""}]"
syntacticus:Nb:17a4aa4ab7fc3efe2213db2f931b9e5988c335e2d87968ee7b04ed03084d19ac,ΠΑΙΣΙΝ,1,παῖς,False,"[{""token_id"": ""275901"", ""citation"": ""MATT 14.2"", ""raw_form"": ""παισὶν""}]"
syntacticus:Nb:0221a1f2e06fc5bca09d483574ef3c72fdfcb4179f76b3ac813d5f7fdf2402e5,ΠΑΛΑΙΟΤΗΤΙ,1,παλαιότης,False,"[{""token_id"": ""402023"", ""citation"": ""ROM 7.6"", ""raw_form"": ""παλαιότητι""}]"
syntacticus:Nb:b479532dd4497a7537528a6cd3d8a459de452074ddb2fee35239034470798cf4,ΠΑΛΗ,1,πάλη,False,"[{""token_id"": ""444702"", ""citation"": ""EPH 6.12"", ""raw_form"": ""πάλη""}]"
syntacticus:Nb:280d0d3e2a6ac94b8d014832a260cbbbba748dbc4f2286b985334d026d8c4f89,ΠΑΛΙΝΓΕΝΕΣΙΑΣ,1,παλιγγενεσία,False,"[{""token_id"": ""465233"", ""citation"": ""TIT 3.5"", ""raw_form"": ""παλινγενεσίας""}]"
syntacticus:Nb:ac85bb93acf58350aff8f21e0eee6478594881f819855c3341950e45bb5c888e,ΠΑΝΔΟΚΙΟΝ,1,πανδοχεῖον,False,"[{""token_id"": ""330168"", ""citation"": ""LUKE 10.34"", ""raw_form"": ""πανδοκίον""}]"
syntacticus:Nb:c9d2b006d8a3233029e43e11bffd5e7f5eee4d69c2591f791e21da956736a418,ΠΑΝΔΟΧΕΙ,1,πανδοχεύς,False,"[{""token_id"": ""330182"", ""citation"": ""LUKE 10.35"", ""raw_form"": ""πανδοχεῖ""}]"
syntacticus:Nb:9309cc31f17eb4ced99c4cff7e6ffc27819f00ea2eb06c9c5dbeee7957b64983,ΠΑΝΗΓΥΡΕΙ,1,πανήγυρις,False,"[{""token_id"": ""471677"", ""citation"": ""HEB 12.23"", ""raw_form"": ""πανηγύρει""}]"
syntacticus:Nb:fa39d82dbbf6b105e68010c5dea4c2b773decbd4298ff2946bcb3fbccf26c9bc,ΠΑΝΟΠΛΙΑΝ,3,πανοπλία,False,"[{""token_id"": ""330804"", ""citation"": ""LUKE 11.22"", ""raw_form"": ""πανοπλίαν""}]"
syntacticus:Nb:2bbd006833be19a4f9af70da7aef778eb67d2c7332e7b5e73b27ac894e9721c1,ΠΑΝΟΥΡΓΙΑΝ,1,πανουργία,False,"[{""token_id"": ""338277"", ""citation"": ""LUKE 20.23"", ""raw_form"": ""πανουργίαν""}]"
syntacticus:Nb:3145dbb0fa98a33886b93828b9bbd6f6828540752485702963fbbeb61009dca3,ΠΑΝΟΥΡΓΟΣ,1,πανοῦργος,False,"[{""token_id"": ""432833"", ""citation"": ""2COR 12.16"", ""raw_form"": ""πανοῦργος""}]"
syntacticus:Nb:860178d9fb1752d13d1b2885b70e4de20dd1cbbc70c1819c0359479334ba7a6e,ΠΑΝΤΟΚΡΑΤΟΡΟΣ,1,παντοκράτωρ,True,"[{""token_id"": ""500035"", ""citation"": ""REV 16.14"", ""raw_form"": ""παντοκράτορος""}]"
syntacticus:Nb:c2289e6fb2a8d44d1865e1e773084573df15ebbcb6031fdf37b56797f4848293,ΠΑΝΤΟΚΡΑΤΩΡ,8,παντοκράτωρ,True,"[{""token_id"": ""430369"", ""citation"": ""2COR 6.18"", ""raw_form"": ""παντοκράτωρ""}]"
syntacticus:Nb:1dfdae79a36abcfa898b882b556e41a087cb40f2260ae3397ac06cdb95a3039b,ΠΑΡΑΒΑΣΕΙ,1,παράβασις,False,"[{""token_id"": ""459080"", ""citation"": ""1TIM 2.14"", ""raw_form"": ""παραβάσει""}]"
syntacticus:Nb:2eba6f8692ca91ed862b032954b6ff620d079e6a2b712314a0e943fb2416104a,ΠΑΡΑΒΑΣΕΩΝ,2,παράβασις,False,"[{""token_id"": ""438720"", ""citation"": ""GAL 3.19"", ""raw_form"": ""παραβάσεων""}]"
syntacticus:Nb:f3ffa596459ce4328f71d685ccda8259ab78f56f05a209e118230393f375933e,ΠΑΡΑΒΑΣΕΩΣ,2,παράβασις,False,"[{""token_id"": ""399903"", ""citation"": ""ROM 2.23"", ""raw_form"": ""παραβάσεως""}]"
syntacticus:Nb:714b0b324df59d1f159220a67c977914ccf669a4bf2e57afd8d278bd60652918,ΠΑΡΑΒΑΣΙΣ,2,παράβασις,False,"[{""token_id"": ""400786"", ""citation"": ""ROM 4.15"", ""raw_form"": ""παράβασις""}]"
syntacticus:Nb:c7373eea4086a919d685f5c5423e8596f6256d2c62f96b62e4c8f57c92381df3,ΠΑΡΑΒΑΤΑΙ,1,παραβάτης,False,"[{""token_id"": ""477480"", ""citation"": ""JAS 2.9"", ""raw_form"": ""παραβάται""}]"
syntacticus:Nb:bc8dfd03c559b4ae6bd829896f055be78aedb5f98251bfc458149ab300fcea02,ΠΑΡΑΒΑΤΗΝ,2,παραβάτης,False,"[{""token_id"": ""399978"", ""citation"": ""ROM 2.27"", ""raw_form"": ""παραβάτην""}]"
syntacticus:Nb:e8cbc71f08bd060118753ec845e6d140d832c1a8c4ae26377dca44390cf94f83,ΠΑΡΑΒΑΤΗΣ,2,παραβάτης,False,"[{""token_id"": ""399935"", ""citation"": ""ROM 2.25"", ""raw_form"": ""παραβάτης""}]"
syntacticus:Nb:20842d6c16ade51b829990d5307b0e308ef4392460fb24d6844cca58f76dde80,ΠΑΡΑΒΟΛΑΙΣ,12,παραβολή,False,"[{""token_id"": ""274710"", ""citation"": ""MATT 13.3"", ""raw_form"": ""παραβολαῖς""}]"
syntacticus:Nb:9d54cfec7a688f7b49ab3834dcb78dcff6841667c6a737d5449dcfae3cc5af3c,ΠΑΡΑΒΟΛΑΣ,4,παραβολή,False,"[{""token_id"": ""275772"", ""citation"": ""MATT 13.53"", ""raw_form"": ""παραβολὰς""}]"
syntacticus:Nb:eaf8973535072c9183f5fbc9d577f9ade4807b95cc51cb9deb286b9ad8b10b8c,ΠΑΡΑΒΟΛΗ,3,παραβολή,False,"[{""token_id"": ""327042"", ""citation"": ""LUKE 8.9"", ""raw_form"": ""παραβολή""}]"
syntacticus:Nb:31caead0c249eb5411686d65793a6a8b0a9f83f8eb09c06b431e428d22a0bd2e,ΠΑΡΑΒΟΛΗΝ,26,παραβολή,False,"[{""token_id"": ""274998"", ""citation"": ""MATT 13.18"", ""raw_form"": ""παραβολὴν""}]"
syntacticus:Nb:481dbecc4102c9136e32f08277be846f417be2edd58e8102b84c3c9406609c9c,ΠΑΡΑΒΟΛΗΣ,3,παραβολή,False,"[{""token_id"": ""762373"", ""citation"": ""MATT 13.34"", ""raw_form"": ""παραβολῆς""}]"
syntacticus:Nb:0fed3de1f5b3b74480dd101374bda7fa81a27e025e747a0c56c25258bec34c9f,ΠΑΡΑΓΓΕΛΙΑΝ,2,παραγγελία,False,"[{""token_id"": ""389725"", ""citation"": ""ACTS 16.24"", ""raw_form"": ""παραγγελίαν""}]"
syntacticus:Nb:cb9ed1bee083c0cef9c366772324c32aa5bb26cad4186422cc53a686636da863,ΠΑΡΑΓΓΕΛΙΑΣ,2,παραγγελία,False,"[{""token_id"": ""454765"", ""citation"": ""1THESS 4.2"", ""raw_form"": ""παραγγελίας""}]"
syntacticus:Nb:379b72cf2b6868c441478a4123c64854f20eead7bbd29338f40d4320f57be2ad,ΠΑΡΑΔΕΙΣΟΝ,1,παράδεισος,False,"[{""token_id"": ""432542"", ""citation"": ""2COR 12.4"", ""raw_form"": ""παράδεισον""}]"
syntacticus:Nb:03e487a01f8404e6a482dc348101872beec49a63943a24b5d01106f439eb755f,ΠΑΡΑΔΟΣΕΙ,1,παράδοσις,False,"[{""token_id"": ""106731"", ""citation"": ""MARK 7.13"", ""raw_form"": ""παραδόσει""}]"
syntacticus:Nb:080dde0528bff0dd81c34eca6836335933ecec7ea7fb0f3c2751923559ff58f3,ΠΑΡΑΔΟΣΕΙΣ,2,παράδοσις,False,"[{""token_id"": ""418126"", ""citation"": ""1COR 11.2"", ""raw_form"": ""παραδόσεις""}]"
syntacticus:Nb:704aa4898deafc09f3e1d96a3f9decc6a92358eb6cb94412c3339f8e2ddc3c08,ΠΑΡΑΔΟΣΕΩΝ,1,παράδοσις,False,"[{""token_id"": ""437782"", ""citation"": ""GAL 1.14"", ""raw_form"": ""παραδόσεων""}]"
syntacticus:Nb:ef6305b0149dbd95e94d6ed98795707a0862bcb09c3c386027b1a076590b95f6,ΠΑΡΑΔΟΣΙΝ,9,παράδοσις,False,"[{""token_id"": ""276533"", ""citation"": ""MATT 15.2"", ""raw_form"": ""παράδοσιν""}]"
syntacticus:Nb:576ffd14d0aeea31348cad37c7fd7e018d138cbf8b6e8e69e2a78fa3c2b1dd4d,ΠΑΡΑΘΗΚΗΝ,3,παραθήκη,False,"[{""token_id"": ""460386"", ""citation"": ""1TIM 6.20"", ""raw_form"": ""παραθήκην""}]"
syntacticus:Nb:a5049bacb67c91dde6b4f77d021b85399ee0feac06bc4829f3d8edc17e199e79,ΠΑΡΑΚΛΗΣΕΙ,7,παράκλησις,False,"[{""token_id"": ""384563"", ""citation"": ""ACTS 9.31"", ""raw_form"": ""παρακλήσει""}]"
syntacticus:Nb:7f9c2c49f53204b2ae42dd2621a2a0a1c98f32215ba1ead04aeadcbb3a3b476c,ΠΑΡΑΚΛΗΣΕΩΣ,11,παράκλησις,False,"[{""token_id"": ""380701"", ""citation"": ""ACTS 4.36"", ""raw_form"": ""παρακλήσεως""}]"
syntacticus:Nb:baaea22aba90c79890398b198b101a675fcc126ff2505a1c81429aa858503704,ΠΑΡΑΚΛΗΣΙΝ,7,παράκλησις,False,"[{""token_id"": ""321851"", ""citation"": ""LUKE 2.25"", ""raw_form"": ""παράκλησιν""}]"
syntacticus:Nb:1191e087fd27fde12c91e235394e7ee670898fca86e3fe93cdca620c0a8fae22,ΠΑΡΑΚΛΗΣΙΣ,3,παράκλησις,False,"[{""token_id"": ""428196"", ""citation"": ""2COR 1.5"", ""raw_form"": ""παράκλησις""}]"
syntacticus:Nb:b1a6eb63f315823afdfd65f27b10bd45c9a33485d9cd9264b71786dedc687553,ΠΑΡΑΚΛΗΤΟΝ,1,παράκλητος,False,"[{""token_id"": ""355328"", ""citation"": ""JOHN 14.16"", ""raw_form"": ""παράκλητον""}]"
syntacticus:Nb:e4a082860236d7688af3f8301d07285767855ebf42075fd28c20671af57a8621,ΠΑΡΑΚΛΗΤΟΣ,3,παράκλητος,False,"[{""token_id"": ""355547"", ""citation"": ""JOHN 14.26"", ""raw_form"": ""παράκλητος""}]"
syntacticus:Nb:5eda57a0b6d0b5dc022604e16731126b3777ef28475e432a5f9952c7f96e5dd5,ΠΑΡΑΚΟΗ,1,παρακοή,False,"[{""token_id"": ""466897"", ""citation"": ""HEB 2.2"", ""raw_form"": ""παρακοὴ""}]"
syntacticus:Nb:fae5c954fab159dbade821907ddc9edf46235439e91dd7b5b63a69cbcd22b05e,ΠΑΡΑΚΟΗΝ,1,παρακοή,False,"[{""token_id"": ""431624"", ""citation"": ""2COR 10.6"", ""raw_form"": ""παρακοήν""}]"
syntacticus:Nb:78020096df865f763d9d9a71069711936600aa6574f4444b417e881ae7928142,ΠΑΡΑΚΟΗΣ,1,παρακοή,False,"[{""token_id"": ""401384"", ""citation"": ""ROM 5.19"", ""raw_form"": ""παρακοῆς""}]"
syntacticus:Nb:201afda30975b97de0464e65a33d07c9b965c98e7a9d630006c7bcf2a93021a6,ΠΑΡΑΛΛΑΓΗ,1,παραλλαγή,False,"[{""token_id"": ""477121"", ""citation"": ""JAS 1.17"", ""raw_form"": ""παραλλαγὴ""}]"
syntacticus:Nb:fac2e8cb77c217448063b0f7e6a85f02098027b61797158ac81e4316904255d9,ΠΑΡΑΜΥΘΙΑΝ,1,παραμυθία,False,"[{""token_id"": ""419565"", ""citation"": ""1COR 14.3"", ""raw_form"": ""παραμυθίαν""}]"
syntacticus:Nb:4bd1d1dece8889aceaa7cd581e1abaf588b7c56218ae88d5f3e1536c13817f02,ΠΑΡΑΜΥΘΙΟΝ,1,παραμύθιον,False,"[{""token_id"": ""447666"", ""citation"": ""PHIL 2.1"", ""raw_form"": ""παραμύθιον""}]"
syntacticus:Nb:14200393e56266b0017d1eb74d10fc3275014676c3cfc5ba409e9be504a0e6db,ΠΑΡΑΠΤΩΜΑ,3,παράπτωμα,False,"[{""token_id"": ""401255"", ""citation"": ""ROM 5.15"", ""raw_form"": ""παράπτωμα""}]"
syntacticus:Nb:c7a7df07cd7d4eb3679e92b48e8f0dbab654a01a4d3c068ad84f6755b06a0782,ΠΑΡΑΠΤΩΜΑΣΙΝ,3,παράπτωμα,False,"[{""token_id"": ""442701"", ""citation"": ""EPH 2.1"", ""raw_form"": ""παραπτώμασιν""}]"
syntacticus:Nb:90378ae0d2930084e07e839f3fb1a8a38f30db84cac70da648affca69e552357,ΠΑΡΑΠΤΩΜΑΤΑ,6,παράπτωμα,False,"[{""token_id"": ""269790"", ""citation"": ""MATT 6.14"", ""raw_form"": ""παραπτώματα""}]"
syntacticus:Nb:da390086ff175b991d7e31fcfa13835b2b5d157ad24d0321cba059e9f2fcf043,ΠΑΡΑΠΤΩΜΑΤΙ,4,παράπτωμα,False,"[{""token_id"": ""401267"", ""citation"": ""ROM 5.15"", ""raw_form"": ""παραπτώματι""}]"
syntacticus:Nb:cbddb59e049b13e90ca8db846d936baa5c7904c32ff193d10fcfcebd9a856944,ΠΑΡΑΠΤΩΜΑΤΟΣ,1,παράπτωμα,False,"[{""token_id"": ""401361"", ""citation"": ""ROM 5.18"", ""raw_form"": ""παραπτώματος""}]"
syntacticus:Nb:40605845c835d2ca94e7f51e096495d54acc4c1ff18833e662da1045ff7cbcb7,ΠΑΡΑΠΤΩΜΑΤΩΝ,2,παράπτωμα,False,"[{""token_id"": ""401317"", ""citation"": ""ROM 5.16"", ""raw_form"": ""παραπτωμάτων""}]"
syntacticus:Nb:688010c1d4cd9dc0a42f75e95d68d3f6ab6b15d77779314d0ee1e7ed90394321,ΠΑΡΑΣΚΕΥΗ,3,παρασκευή,False,"[{""token_id"": ""114251"", ""citation"": ""MARK 15.42"", ""raw_form"": ""παρασκευή""}]"
syntacticus:Nb:7bae5d68cbf5bf880353058bd93dfc241a79f4de3f6dcbe1556aa979403f6541,ΠΑΡΑΣΚΕΥΗΝ,2,παρασκευή,False,"[{""token_id"": ""287185"", ""citation"": ""MATT 27.62"", ""raw_form"": ""παρασκευήν""}]"
syntacticus:Nb:b8fc7f82129dcb8b4ad450d1184441ffe3f166654a4c96fdd5b6367ef3d28013,ΠΑΡΑΣΚΕΥΗΣ,1,παρασκευή,False,"[{""token_id"": ""341516"", ""citation"": ""LUKE 23.54"", ""raw_form"": ""παρασκευῆς""}]"
syntacticus:Nb:437debe2bb0d55ca79b579a655d0715d2825451f0e54f2ded75c49dcf20d6d4f,ΠΑΡΑΤΗΡΗΣΕΩΣ,1,παρατήρησις,False,"[{""token_id"": ""335859"", ""citation"": ""LUKE 17.20"", ""raw_form"": ""παρατηρήσεως""}]"
syntacticus:Nb:787bf33f92d8d54c2f8f2adeab02a56d035036d948292f75a4af4362f8db3e14,ΠΑΡΑΧΕΙΜΑΣΙΑΝ,1,παραχειμασία,False,"[{""token_id"": ""397261"", ""citation"": ""ACTS 27.12"", ""raw_form"": ""παραχειμασίαν""}]"
syntacticus:Nb:40c67a3be5370e4f87f68069e5bb60c6569647edf0b34949d89cb9d24dbbeb78,ΠΑΡΔΑΛΕΙ,1,πάρδαλις,False,"[{""token_id"": ""498368"", ""citation"": ""REV 13.2"", ""raw_form"": ""παρδάλει""}]"
syntacticus:Nb:63b851e71897eb76bc804dad77b739c56fff9bfa5368943910831a0961134886,ΠΑΡΕΜΒΟΛΑΣ,1,παρεμβολή,False,"[{""token_id"": ""471150"", ""citation"": ""HEB 11.34"", ""raw_form"": ""παρεμβολὰς""}]"
syntacticus:Nb:970adafb6b97e0f39fea9f58c52b15e24b4b28b96edbed25f8fd4268216d8f4d,ΠΑΡΕΜΒΟΛΗΝ,7,παρεμβολή,False,"[{""token_id"": ""393732"", ""citation"": ""ACTS 21.34"", ""raw_form"": ""παρεμβολήν""}]"
syntacticus:Nb:958477531eaf19ef1817fcc0ec08ca16f2e0587198fc7b56a196e061a58a7b6e,ΠΑΡΕΣΙΝ,1,πάρεσις,False,"[{""token_id"": ""400417"", ""citation"": ""ROM 3.25"", ""raw_form"": ""πάρεσιν""}]"
syntacticus:Nb:0387c4c523678ca05dddb84d9f5db1e0779730eac2ae5f4a8d0b7db62969d13c,ΠΑΡΗΓΟΡΙΑ,1,παρηγορία,False,"[{""token_id"": ""452194"", ""citation"": ""COL 4.11"", ""raw_form"": ""παρηγορία""}]"
syntacticus:Nb:3213435c073139404a6eddd4dbc652d3e72cf95ffb5586989f488a628eb2a297,ΠΑΡΘΕΝΙΑΣ,1,παρθενία,False,"[{""token_id"": ""322054"", ""citation"": ""LUKE 2.36"", ""raw_form"": ""παρθενίας""}]"
syntacticus:Nb:d32dce0838589c2053a4446b0b28314f8d203eff4de9936b9bb53d26e9a7e73b,ΠΑΡΘΕΝΟΙ,4,παρθένος,False,"[{""token_id"": ""283910"", ""citation"": ""MATT 25.7"", ""raw_form"": ""παρθένοι""}]"
syntacticus:Nb:3084d6761598fb2ae139a73b72234149ed2c3c01a14c217151440c69653f2ff2,ΠΑΡΘΕΝΟΙΣ,1,παρθένος,False,"[{""token_id"": ""283835"", ""citation"": ""MATT 25.1"", ""raw_form"": ""παρθένοις""}]"
syntacticus:Nb:d20c335e67cb8a9a396b80bd5c7f787e6a889ac192777f59f766806813f39b58,ΠΑΡΘΕΝΟΝ,5,παρθένος,False,"[{""token_id"": ""320551"", ""citation"": ""LUKE 1.27"", ""raw_form"": ""παρθένον""}]"
syntacticus:Nb:c72a90b9b24d4767b9bf64eab3dd3c1344c9920fcd16b39ea805376fa520b704,ΠΑΡΘΕΝΟΣ,3,παρθένος,False,"[{""token_id"": ""267130"", ""citation"": ""MATT 1.23"", ""raw_form"": ""παρθένος""}]"
syntacticus:Nb:3ce6b73d37fd148ef04e361e7f6aee6912b9674c59a40bd98083a44e920f0b76,ΠΑΡΘΕΝΟΥ,1,παρθένος,False,"[{""token_id"": ""320565"", ""citation"": ""LUKE 1.27"", ""raw_form"": ""παρθένου""}]"
syntacticus:Nb:5568ca541ee179323ef1d71dc7825961cfde0aabc327eb3b0d47b33f49eed2f0,ΠΑΡΘΕΝΩΝ,1,παρθένος,False,"[{""token_id"": ""416423"", ""citation"": ""1COR 7.25"", ""raw_form"": ""παρθένων""}]"
syntacticus:Nb:0db18c6ceac0ea8b73bbeb4b7190ea8f82b684032d7d62991082dd662a3067d7,ΠΑΡΟΙΚΙΑΣ,1,παροικία,False,"[{""token_id"": ""480840"", ""citation"": ""1PET 1.17"", ""raw_form"": ""παροικίας""}]"
syntacticus:Nb:5657a4353f4edb8f6df7f463bfb82abf85fd3b681e25acd1705cbee1ceb7776f,ΠΑΡΟΙΜΙΑΙΣ,2,παροιμία,False,"[{""token_id"": ""356761"", ""citation"": ""JOHN 16.25"", ""raw_form"": ""παροιμίαις""}]"
syntacticus:Nb:aa0bc63842afb71502f4e76bfb80adb79c7d81380504a2cd034542706571cfd2,ΠΑΡΟΙΜΙΑΝ,2,παροιμία,False,"[{""token_id"": ""351418"", ""citation"": ""JOHN 10.6"", ""raw_form"": ""παροιμίαν""}]"
syntacticus:Nb:f3b6136aba6aebba97318da9e7174dbc5717c8a48cac51ee971eb2f8029736ca,ΠΑΡΟΞΥΣΜΟΝ,1,παροξυσμός,False,"[{""token_id"": ""470271"", ""citation"": ""HEB 10.24"", ""raw_form"": ""παροξυσμὸν""}]"
syntacticus:Nb:c0c0e1c556abb986d4ae2ec536724d8f82e8e6c1751eb8141df6305a31c6a888,ΠΑΡΟΞΥΣΜΟΣ,1,παροξυσμός,False,"[{""token_id"": ""389197"", ""citation"": ""ACTS 15.39"", ""raw_form"": ""παροξυσμὸς""}]"
syntacticus:Nb:66eb8fe8bcc89995de24619364afb24bb33c7d2d1df762a4efc53adbc799be56,ΠΑΡΟΥΣΙΑ,6,παρουσία,False,"[{""token_id"": ""283348"", ""citation"": ""MATT 24.27"", ""raw_form"": ""παρουσία""}]"
syntacticus:Nb:09c068d7d566cef3eb9f56d9c9d3a68d0abd84368b5af59011e640ffdfd5b00c,ΠΑΡΟΥΣΙΑΝ,1,παρουσία,False,"[{""token_id"": ""455006"", ""citation"": ""1THESS 4.15"", ""raw_form"": ""παρουσίαν""}]"
syntacticus:Nb:74660a7c96b68048e3a03b3c85e6f5aa76385e67e5f0a8e2f62c51a97c7b330d,ΠΑΡΟΥΣΙΑΣ,5,παρουσία,False,"[{""token_id"": ""282974"", ""citation"": ""MATT 24.3"", ""raw_form"": ""παρουσίας""}]"
syntacticus:Nb:3eec9cfa75f71e3f312c900e9402896bccbc272e85c382a095168992ca680088,ΠΑΡΟΨΙΔΟΣ,1,παροψίς,False,"[{""token_id"": ""282603"", ""citation"": ""MATT 23.25"", ""raw_form"": ""παροψίδος""}]"
syntacticus:Nb:87e19d0643f6b403a8e3ee1dd5e252c4f86a0500c77448c4ea224278dde006b2,ΠΑΡΡΗΣΙΑ,1,παρρησία,False,"[{""token_id"": ""430427"", ""citation"": ""2COR 7.4"", ""raw_form"": ""παρρησία""}]"
syntacticus:Nb:ec3c95be6f2c926fcce417e57f5354d6645a499e2b926a9ad3b83466e4f5502a,ΠΑΡΡΗΣΙΑΝ,7,παρρησία,False,"[{""token_id"": ""380204"", ""citation"": ""ACTS 4.13"", ""raw_form"": ""παρρησίαν""}]"
syntacticus:Nb:849762fed31b0f269aa7e6feee9493e59777127451d78939a2badd2e613665f7,ΠΑΡΡΗΣΙΑΣ,5,παρρησία,False,"[{""token_id"": ""379016"", ""citation"": ""ACTS 2.29"", ""raw_form"": ""παρρησίας""}]"
syntacticus:Nb:3b0365e8e81bcc630ef361d6dab90d5ba257332d239e5249784464834225cb05,ΠΑΣΧΑ,29,πάσχα,False,"[{""token_id"": ""284718"", ""citation"": ""MATT 26.2"", ""raw_form"": ""πάσχα""}]"
syntacticus:Nb:197a3683513e6d335718ee6b31429e0de01bc9b8ae47ca9ac0d38d14782dee84,ΠΑΤΕΡ,21,πατήρ,False,"[{""token_id"": ""269717"", ""citation"": ""MATT 6.9"", ""raw_form"": ""πάτερ""}]"
syntacticus:Nb:44eedb143ad1bb75d7f6f7f4620068c9bb473fa25a8ee0d67cd239016eb3e943,ΠΑΤΕΡΑ,86,πατήρ,False,"[{""token_id"": ""267851"", ""citation"": ""MATT 3.9"", ""raw_form"": ""πατέρα""}]"
syntacticus:Nb:3e8f814df00fcfeb0266b97e2ce1e10ac70078dc40a37d041d93d1f0afea28d9,ΠΑΤΕΡΑΣ,12,πατήρ,False,"[{""token_id"": ""321007"", ""citation"": ""LUKE 1.55"", ""raw_form"": ""πατέρας""}]"
syntacticus:Nb:50eb84536e5f853abb6c1d5f74f0b8eaf7843ff1c14b007d71897cd273930add,ΠΑΤΕΡΕΣ,21,πατήρ,False,"[{""token_id"": ""325234"", ""citation"": ""LUKE 6.23"", ""raw_form"": ""πατέρες""}]"
syntacticus:Nb:0469b1c44c51b94a7ba50a1f1d81522c60def3f77e130bbd3666e2e322ab41f7,ΠΑΤΕΡΩΝ,14,πατήρ,False,"[{""token_id"": ""282706"", ""citation"": ""MATT 23.30"", ""raw_form"": ""πατέρων""}]"
syntacticus:Nb:dda973b14c2482d99c812460a6c236cd6e8cf8d4d45291ab9b71bd96d25a6d37,ΠΑΤΗΡ,109,πατήρ,False,"[{""token_id"": ""269492"", ""citation"": ""MATT 5.48"", ""raw_form"": ""πατὴρ""}]"
syntacticus:Nb:1d26a0e98854cf8c892ced57e2e0dfcb31cc5290cda03469927e692cc271adfd,ΠΑΤΡΑΣΙΝ,3,πατήρ,False,"[{""token_id"": ""382848"", ""citation"": ""ACTS 7.44"", ""raw_form"": ""πατράσιν""}]"
syntacticus:Nb:3fd7d207da272851d47998d0d0998065a0e93f9c63e002d340f63a2220817752,ΠΑΤΡΙ,31,πατήρ,False,"[{""token_id"": ""269523"", ""citation"": ""MATT 6.1"", ""raw_form"": ""πατρὶ""}]"
syntacticus:Nb:ec436f5fe51b4d799a47d658c1425d5d65e6da3762add7afac18a31b617c72f6,ΠΑΤΡΙΑ,1,πατριά,False,"[{""token_id"": ""443323"", ""citation"": ""EPH 3.15"", ""raw_form"": ""πατριὰ""}]"
syntacticus:Nb:e27675638c6603dccd3ea67235686659f6f08458aa63988ccb575b9e0dd912a5,ΠΑΤΡΙΑΙ,1,πατριά,False,"[{""token_id"": ""379941"", ""citation"": ""ACTS 3.25"", ""raw_form"": ""πατριαὶ""}]"
syntacticus:Nb:fc7c7d5961dd5233b34bd32266d934a5dec75a51e6b7024be34a33e1c4b8f72d,ΠΑΤΡΙΑΡΧΑΙ,1,πατριάρχης,False,"[{""token_id"": ""382106"", ""citation"": ""ACTS 7.9"", ""raw_form"": ""πατριάρχαι""}]"
syntacticus:Nb:a79df7fdc6ba191f15c46c0bb070e75e6331cfcfb54c5549c046091ae51b31db,ΠΑΤΡΙΑΡΧΑΣ,1,πατριάρχης,False,"[{""token_id"": ""382102"", ""citation"": ""ACTS 7.8"", ""raw_form"": ""πατριάρχας""}]"
syntacticus:Nb:5031a29c8c34f7dbbc5d1de913b7c0e8199fe2d9fae9d702d8064b535fb08df4,ΠΑΤΡΙΑΡΧΗΣ,1,πατριάρχης,False,"[{""token_id"": ""468584"", ""citation"": ""HEB 7.4"", ""raw_form"": ""πατριάρχης""}]"
syntacticus:Nb:3e5fbb5f8f8073a8e581660b965e9394b097c770807290ca0a082184047342ab,ΠΑΤΡΙΑΡΧΟΥ,1,πατριάρχης,False,"[{""token_id"": ""379021"", ""citation"": ""ACTS 2.29"", ""raw_form"": ""πατριάρχου""}]"
syntacticus:Nb:bafa2493a83f66f78c31fd29fb567f139c0881ab5cb86c46b16692dd0b7feac8,ΠΑΤΡΙΑΣ,1,πατριά,False,"[{""token_id"": ""321467"", ""citation"": ""LUKE 2.4"", ""raw_form"": ""πατριᾶς""}]"
syntacticus:Nb:18b4fc763d0d2aaa45f09ac609036c2afc5f64acd17bbd6d4d62cefc080310e4,ΠΑΤΡΙΔΑ,3,πατρίς,False,"[{""token_id"": ""275782"", ""citation"": ""MATT 13.54"", ""raw_form"": ""πατρίδα""}]"
syntacticus:Nb:45190aa8e4310ba185df5c6dd3afe4c53aba6ba82258985cf9935beab2190796,ΠΑΤΡΙΔΙ,5,πατρίς,False,"[{""token_id"": ""275868"", ""citation"": ""MATT 13.57"", ""raw_form"": ""πατρίδι""}]"
syntacticus:Nb:12fa1d660acc871f62bddd56ea78436fae66abebe98e96f6997522257068ff1a,ΠΑΤΡΟΣ,93,πατήρ,False,"[{""token_id"": ""267662"", ""citation"": ""MATT 2.22"", ""raw_form"": ""πατρὸς""}]"
syntacticus:Nb:47caa585d50cfd801b5ef61c7e23050bd9d2f3037139ba08a751511a0e978939,ΠΕΔΑΙΣ,2,πέδη,False,"[{""token_id"": ""104620"", ""citation"": ""MARK 5.4"", ""raw_form"": ""πέδαις""}]"
syntacticus:Nb:0cdf953c723272064b37059bcf9eb1e4e81aee3479930f43ff0c35601819b6ad,ΠΕΔΑΣ,1,πέδη,False,"[{""token_id"": ""104632"", ""citation"": ""MARK 5.4"", ""raw_form"": ""πέδας""}]"
syntacticus:Nb:9ea286d65c2e42ed038cbc08137b57964ba6c8518e5cbf78da1aa2fecf0ec84d,ΠΕΙΡΑΝ,2,πεῖρα,False,"[{""token_id"": ""471058"", ""citation"": ""HEB 11.29"", ""raw_form"": ""πεῖραν""}]"
syntacticus:Nb:112ed61fe93cc65a5ce4a89e00ae2bfb57a7e6ac537a5a2cd86ac0b9bbdcea7c,ΠΕΙΡΑΣΜΟΙΣ,3,πειρασμός,False,"[{""token_id"": ""339787"", ""citation"": ""LUKE 22.28"", ""raw_form"": ""πειρασμοῖς""}]"
syntacticus:Nb:dab6b76431106934e36cfb505e41e777cbb3b3f4d6739c146be9d81fb5d98151,ΠΕΙΡΑΣΜΟΝ,10,πειρασμός,False,"[{""token_id"": ""269775"", ""citation"": ""MATT 6.13"", ""raw_form"": ""πειρασμόν""}]"
syntacticus:Nb:4ad13a2dd1f8860621aba90216556304f91abdb93c646e87ba6e2a5e7a472e09,ΠΕΙΡΑΣΜΟΣ,1,πειρασμός,False,"[{""token_id"": ""417759"", ""citation"": ""1COR 10.13"", ""raw_form"": ""πειρασμὸς""}]"
syntacticus:Nb:ada84b1140c04c226c1be1752bd1429e647521f4d867f9c0e31bc89f3475f9b6,ΠΕΙΡΑΣΜΟΥ,3,πειρασμός,False,"[{""token_id"": ""327141"", ""citation"": ""LUKE 8.13"", ""raw_form"": ""πειρασμοῦ""}]"
syntacticus:Nb:0710770ee6ac1df28ae923f1a7893bae8d39107df0163e497d6336d44c6e01f8,ΠΕΙΡΑΣΜΩΝ,1,πειρασμός,False,"[{""token_id"": ""392602"", ""citation"": ""ACTS 20.19"", ""raw_form"": ""πειρασμῶν""}]"
syntacticus:Nb:9413c0acb6da5379f6b0c99d4f14faaca88b5105e941d326cf308e162758bae1,ΠΕΙΣΜΟΝΗ,1,πεισμονή,False,"[{""token_id"": ""439520"", ""citation"": ""GAL 5.8"", ""raw_form"": ""πεισμονὴ""}]"
syntacticus:Nb:b154bb97a6e128db7aa6964b527765e300194ac53504e15979d2c3bdd4d9bce5,ΠΕΛΑΓΕΙ,1,πέλαγος,False,"[{""token_id"": ""278522"", ""citation"": ""MATT 18.6"", ""raw_form"": ""πελάγει""}]"
syntacticus:Nb:831fe003a0dbb823e7141e4779d46972ce64406bd9d66143faf7d7e99320ffd0,ΠΕΛΑΓΟΣ,1,πέλαγος,False,"[{""token_id"": ""397117"", ""citation"": ""ACTS 27.5"", ""raw_form"": ""πέλαγος""}]"
syntacticus:Nb:b525466e9199caafcce406d7b94f88cb0a5ec8dbc4392b0479e6772e5acf196d,ΠΕΝΗΣΙΝ,1,πένης,False,"[{""token_id"": ""431397"", ""citation"": ""2COR 9.9"", ""raw_form"": ""πένησιν""}]"
syntacticus:Nb:5cafc786430ca1cf6f6b00e6d531714cd7922a02b39bb594089faa8ec896ff82,ΠΕΝΘΕΡΑ,3,πενθερά,False,"[{""token_id"": ""102274"", ""citation"": ""MARK 1.30"", ""raw_form"": ""πενθερὰ""}]"
syntacticus:Nb:65106073f38955698a05308dc8af3ef8eeea5126b0798270b27286c69dc2b983,ΠΕΝΘΕΡΑΝ,2,πενθερά,False,"[{""token_id"": ""271106"", ""citation"": ""MATT 8.14"", ""raw_form"": ""πενθερὰν""}]"
syntacticus:Nb:3ef90dd846e30f38c663071c6be791e7611e856ecd38fccf4843fc59719c9fb9,ΠΕΝΘΕΡΑΣ,1,πενθερά,False,"[{""token_id"": ""272934"", ""citation"": ""MATT 10.35"", ""raw_form"": ""πενθερᾶς""}]"
syntacticus:Nb:81c932ad457cdaf14759d96c6f2e836e8cd172926c0259f3cd5dab46b09537ee,ΠΕΝΘΕΡΟΣ,1,πενθερός,False,"[{""token_id"": ""357778"", ""citation"": ""JOHN 18.13"", ""raw_form"": ""πενθερὸς""}]"
syntacticus:Nb:5815cb81730c967fd00ece98a055e082ec4e974f98e5e6991dfca0e5cd7b4ab6,ΠΕΝΘΟΣ,5,πένθος,False,"[{""token_id"": ""478320"", ""citation"": ""JAS 4.9"", ""raw_form"": ""πένθος""}]"
syntacticus:Nb:d17c49df84637c9aa96d87c540e66298382a6ef3bf1eca5c718728919ebdcc75,ΠΕΝΤΗΚΟΣΤΗΣ,3,πεντηκοστή,False,"[{""token_id"": ""378473"", ""citation"": ""ACTS 2.1"", ""raw_form"": ""πεντηκοστῆς""}]"
syntacticus:Nb:2f83878d478ec9c7b3101e30959761b2ea9ad63ee52b084a20419b146b186c8f,ΠΕΠΟΙΘΗΣΕΙ,4,πεποίθησις,False,"[{""token_id"": ""428434"", ""citation"": ""2COR 1.15"", ""raw_form"": ""πεποιθήσει""}]"
syntacticus:Nb:32440b205cab858a6fd08acf723123d621310d24bf29c349ebacd5fc8868624f,ΠΕΠΟΙΘΗΣΙΝ,2,πεποίθησις,False,"[{""token_id"": ""429023"", ""citation"": ""2COR 3.4"", ""raw_form"": ""πεποίθησιν""}]"
syntacticus:Nb:96034e826cda973c6d7239e05850ff6dec144bc9e570b983009b7931f9878b01,ΠΕΡΑΣ,1,πέρας,False,"[{""token_id"": ""468409"", ""citation"": ""HEB 6.16"", ""raw_form"": ""πέρας""}]"
syntacticus:Nb:5496786efd2db3eef9d877e6d2f5b3fab16e43688e42bd5265599b5cc718fb40,ΠΕΡΑΤΑ,1,πέρας,False,"[{""token_id"": ""404079"", ""citation"": ""ROM 10.18"", ""raw_form"": ""πέρατα""}]"
syntacticus:Nb:5568de7e03354630a37720c1c2eb64bfaafa1b089f726121b669829ed28157be,ΠΕΡΑΤΩΝ,2,πέρας,False,"[{""token_id"": ""274477"", ""citation"": ""MATT 12.42"", ""raw_form"": ""περάτων""}]"
syntacticus:Nb:832b1fdee66600769527ac05e03e3b7a030bc716401f912c56a6d8ad188ca131,ΠΕΡΙΒΟΛΑΙΟΝ,1,περιβόλαιον,False,"[{""token_id"": ""466815"", ""citation"": ""HEB 1.12"", ""raw_form"": ""περιβόλαιον""}]"
syntacticus:Nb:7a75baed85542f087369fea4e83752bfdbde90b1b7c22f363d0f20520c3ff85a,ΠΕΡΙΒΟΛΑΙΟΥ,1,περιβόλαιον,False,"[{""token_id"": ""418349"", ""citation"": ""1COR 11.15"", ""raw_form"": ""περιβολαίου""}]"
syntacticus:Nb:db34da0bd65bde94e7467665ee9332c594f0d6c6d00fbc415cc9464ef9e55303,ΠΕΡΙΘΕΣΕΩΣ,1,περίθεσις,False,"[{""token_id"": ""481477"", ""citation"": ""1PET 3.3"", ""raw_form"": ""περιθέσεως""}]"
syntacticus:Nb:2643cb0469533fb6d675fdc2ec6f6c95338f5ac9f4d494fb9ec09516b7d50c3c,ΠΕΡΙΚΑΘΑΡΜΑΤΑ,1,περικάθαρμα,False,"[{""token_id"": ""415177"", ""citation"": ""1COR 4.13"", ""raw_form"": ""περικαθάρματα""}]"
syntacticus:Nb:a3cfcfdc20de040292a9e8a0ee78ce1c14c89ae319df37bc99f9bfcee4717f00,ΠΕΡΙΚΕΦΑΛΑΙΑΝ,2,περικεφαλαία,False,"[{""token_id"": ""444803"", ""citation"": ""EPH 6.17"", ""raw_form"": ""περικεφαλαίαν""}]"
syntacticus:Nb:c329559d5d40acc2835f886d17ac957bc7b19a25282498eea5dafaaf0dca959d,ΠΕΡΙΟΧΗ,1,περιοχή,False,"[{""token_id"": ""383738"", ""citation"": ""ACTS 8.32"", ""raw_form"": ""περιοχὴ""}]"
syntacticus:Nb:874449e7d0a78f6d0085fa58aa33604573ec313c7a93f1b2ca46030713666ab5,ΠΕΡΙΠΟΙΗΣΕΩΣ,1,περιποίησις,False,"[{""token_id"": ""442504"", ""citation"": ""EPH 1.14"", ""raw_form"": ""περιποιήσεως""}]"
syntacticus:Nb:29aa04541eca67228d2d582ce8f4fecaa9410a77aa32ed6f40344f774a105d9d,ΠΕΡΙΠΟΙΗΣΙΝ,4,περιποίησις,False,"[{""token_id"": ""455216"", ""citation"": ""1THESS 5.9"", ""raw_form"": ""περιποίησιν""}]"
syntacticus:Nb:e43cd9297f17fd90a759b50c284797d7e6694660716c5094923db60ab48a2f2b,ΠΕΡΙΣΣΕΙΑ,1,περισσεία,False,"[{""token_id"": ""430776"", ""citation"": ""2COR 8.2"", ""raw_form"": ""περισσεία""}]"
syntacticus:Nb:c664ade11628dbd93dbee3c54fde1afe337cf264ee27f69fd9efb25cef3e314d,ΠΕΡΙΣΣΕΙΑΝ,3,περισσεία,False,"[{""token_id"": ""401338"", ""citation"": ""ROM 5.17"", ""raw_form"": ""περισσείαν""}]"
syntacticus:Nb:ee1843f3e0751d4460a856fc1f35961442b538a7f5c2a4e4a39bdb5d1ec350d5,ΠΕΡΙΣΣΕΥΜΑ,2,περίσσευμα,False,"[{""token_id"": ""431007"", ""citation"": ""2COR 8.13"", ""raw_form"": ""περίσσευμα""}]"
syntacticus:Nb:fd6d967dbc703ba470e24c0caa7ab12e97f1603a19a64341f7a2b413a6c4e779,ΠΕΡΙΣΣΕΥΜΑΤΑ,1,περίσσευμα,False,"[{""token_id"": ""107326"", ""citation"": ""MARK 8.8"", ""raw_form"": ""περισσεύματα""}]"
syntacticus:Nb:2b627ed618678abb575d4968611f3d908d214b1917a5a580f112ce7e996d5689,ΠΕΡΙΣΣΕΥΜΑΤΟΣ,2,περίσσευμα,False,"[{""token_id"": ""274294"", ""citation"": ""MATT 12.34"", ""raw_form"": ""περισσεύματος""}]"
syntacticus:Nb:ed982dc73f08bfdb8525edfb44107e99dbb8dd29bf58b8d4eff867020b3e3e37,ΠΕΡΙΣΤΕΡΑΙ,1,περιστερά,False,"[{""token_id"": ""272553"", ""citation"": ""MATT 10.16"", ""raw_form"": ""περιστεραί""}]"
syntacticus:Nb:c228a3732fd5fdb448f5319e7bd597d040ac505fff680108543dd77ea8b4e2de,ΠΕΡΙΣΤΕΡΑΝ,4,περιστερά,False,"[{""token_id"": ""268044"", ""citation"": ""MATT 3.16"", ""raw_form"": ""περιστερὰν""}]"
syntacticus:Nb:b1e1f74410d174a5b10856cace4d802bf75e644929e00391cdd9f3871c2efe42,ΠΕΡΙΣΤΕΡΑΣ,4,περιστερά,False,"[{""token_id"": ""280639"", ""citation"": ""MATT 21.12"", ""raw_form"": ""περιστεράς""}]"
syntacticus:Nb:6d583af3b41a5ba2b6f95a5893ecf8ecd9f47b42cb04c111bbbfd3aba6e5ced8,ΠΕΡΙΣΤΕΡΩΝ,1,περιστερά,False,"[{""token_id"": ""321830"", ""citation"": ""LUKE 2.24"", ""raw_form"": ""περιστερῶν""}]"
syntacticus:Nb:7ffa15ef09de71e5c6a85b2c3dc7c0f95d6ee0f9a56641a3b9a87bca542f4e31,ΠΕΡΙΤΟΜΗ,9,περιτομή,False,"[{""token_id"": ""399925"", ""citation"": ""ROM 2.25"", ""raw_form"": ""περιτομὴ""}]"
syntacticus:Nb:0b79c1c4a28a1357aa83b56e1b7c8fa8cd199ad3382cb8e6d725d9aff549da60,ΠΕΡΙΤΟΜΗΝ,7,περιτομή,False,"[{""token_id"": ""348426"", ""citation"": ""JOHN 7.22"", ""raw_form"": ""περιτομήν""}]"
syntacticus:Nb:1b6aecd36e3cf70f118fcd707c07cf4c801031935f8194ef31699c70a77123ee,ΠΕΡΙΤΟΜΗΣ,15,περιτομή,False,"[{""token_id"": ""382078"", ""citation"": ""ACTS 7.8"", ""raw_form"": ""περιτομῆς""}]"
syntacticus:Nb:3dd24a55060ee05dc67beb711140355afd3bea7ac9667e8cc9f623b010dd54f2,ΠΕΡΙΧΩΡΟΝ,4,περίχωρος,False,"[{""token_id"": ""276487"", ""citation"": ""MATT 14.35"", ""raw_form"": ""περίχωρον""}]"
syntacticus:Nb:73f363c62b884e9251d54d0ff0eded0b387e6bccd6136a3c4826d42ff88fae0f,ΠΕΡΙΧΩΡΟΣ,1,περίχωρος,False,"[{""token_id"": ""267794"", ""citation"": ""MATT 3.5"", ""raw_form"": ""περίχωρος""}]"
syntacticus:Nb:6b0bde8ab06b191d175b62d1dde429f8aac16bab773019af61b4de5a0887cacb,ΠΕΡΙΧΩΡΟΥ,3,περίχωρος,False,"[{""token_id"": ""323251"", ""citation"": ""LUKE 4.14"", ""raw_form"": ""περιχώρου""}]"
syntacticus:Nb:e5b4ffc2e1c8eb06daf35e630c4c6c1ef8c8f008701e16ce40730c134073f525,ΠΕΡΙΨΗΜΑ,1,περίψημα,False,"[{""token_id"": ""415183"", ""citation"": ""1COR 4.13"", ""raw_form"": ""περίψημα""}]"
syntacticus:Nb:8cbad388d3f06661d130c29b3989fe9cf74ce8d97f254ce80187d4d504ab8aad,ΠΕΤΕΙΝΑ,11,πετεινόν,False,"[{""token_id"": ""270064"", ""citation"": ""MATT 6.26"", ""raw_form"": ""πετεινὰ""}]"
syntacticus:Nb:fbe4248ec6895a68a32c93b417ce0aabfd9f51275ff2f248954376851640c7e2,ΠΕΤΕΙΝΩΝ,3,πετεινόν,False,"[{""token_id"": ""331999"", ""citation"": ""LUKE 12.24"", ""raw_form"": ""πετεινῶν""}]"
syntacticus:Nb:71faec92ba767de9be142c4f847dbe81a426a3f732570281e2c1db4723ef1a8a,ΠΕΤΡΑ,2,πέτρα,False,"[{""token_id"": ""417623"", ""citation"": ""1COR 10.4"", ""raw_form"": ""πέτρα""}]"
syntacticus:Nb:bf7cb303fd820fa16b830f3ee5052f2e145edd3f8481c4b07974b0d95703be8b,ΠΕΤΡΑΙ,1,πέτρα,False,"[{""token_id"": ""286990"", ""citation"": ""MATT 27.51"", ""raw_form"": ""πέτραι""}]"
syntacticus:Nb:9cf654c4a30e5ee41583ee5c26895b27526461b49207563e93246702ab2ca6ba,ΠΕΤΡΑΙΣ,1,πέτρα,False,"[{""token_id"": ""495561"", ""citation"": ""REV 6.16"", ""raw_form"": ""πέτραις""}]"
syntacticus:Nb:72a8700c6bb125b4706cbaa3863c744e88f22473b4f18169b346c68e9c652dcd,ΠΕΤΡΑΝ,6,πέτρα,False,"[{""token_id"": ""270711"", ""citation"": ""MATT 7.24"", ""raw_form"": ""πέτραν""}]"
syntacticus:Nb:f912c40e1a0bd3e312a0e93d5098779f0072b509b337d96c23f40b53a636e303,ΠΕΤΡΑΣ,3,πέτρα,False,"[{""token_id"": ""114334"", ""citation"": ""MARK 15.46"", ""raw_form"": ""πέτρας""}]"
syntacticus:Nb:038fad3f5601c1389b8ed0c562a81f010044c31eb42b7d018bbffa9052fb7c5a,ΠΗΓΑΝΟΝ,1,πήγανον,False,"[{""token_id"": ""331238"", ""citation"": ""LUKE 11.42"", ""raw_form"": ""πήγανον""}]"
syntacticus:Nb:9eaa6d3dd1042eae68bf04bebbd4d1f06417f1ad863f38bbb67c396d019aed2f,ΠΗΓΑΣ,4,πηγή,False,"[{""token_id"": ""496036"", ""citation"": ""REV 7.17"", ""raw_form"": ""πηγὰς""}]"
syntacticus:Nb:654a41a2617d4fb264d2a9f52d1634f75ff9047574f74b9abe1113230d7a02e9,ΠΗΓΗ,4,πηγή,False,"[{""token_id"": ""105082"", ""citation"": ""MARK 5.29"", ""raw_form"": ""πηγὴ""}]"
syntacticus:Nb:5bcb97bd6a248a1053e211b3c4e35a21abd8a3064731ee776b1c4514c13f6d95,ΠΗΓΗΣ,1,πηγή,False,"[{""token_id"": ""502626"", ""citation"": ""REV 21.6"", ""raw_form"": ""πηγῆς""}]"
syntacticus:Nb:0b3fe693c937ed88cb8f11a79651da9b438da8b9eb9c4554eaabccd255447b33,ΠΗΔΑΛΙΟΥ,1,πηδάλιον,False,"[{""token_id"": ""477878"", ""citation"": ""JAS 3.4"", ""raw_form"": ""πηδαλίου""}]"
syntacticus:Nb:d7dd0f3f6409396cdd14d074e4d3434e3c520e82908b2320d49a65622a0ee1f9,ΠΗΔΑΛΙΩΝ,1,πηδάλιον,False,"[{""token_id"": ""397777"", ""citation"": ""ACTS 27.40"", ""raw_form"": ""πηδαλίων""}]"
syntacticus:Nb:0d8a4d5ed6e5045cca8a281b2c4cde0f2550fe35bf44e80b17d6a483611b3698,ΠΗΛΟΝ,5,πηλός,False,"[{""token_id"": ""350579"", ""citation"": ""JOHN 9.6"", ""raw_form"": ""πηλὸν""}]"
syntacticus:Nb:59fea5b2e4688dd0655d1cea7552255d471a9edcf5811cfbb3f8dd33fb3d4fa9,ΠΗΛΟΥ,1,πηλός,False,"[{""token_id"": ""403518"", ""citation"": ""ROM 9.21"", ""raw_form"": ""πηλοῦ""}]"
syntacticus:Nb:97b879f9da1dd6ca01460169d978c8fa2f0eeef3b61b3769a3dfba600b77ea43,ΠΗΡΑΝ,5,πήρα,False,"[{""token_id"": ""272409"", ""citation"": ""MATT 10.10"", ""raw_form"": ""πήραν""}]"
syntacticus:Nb:977df837457ca88e030537425f11deb48d093e88e748d2df04b440b68a2b6c85,ΠΗΡΑΣ,1,πήρα,False,"[{""token_id"": ""339910"", ""citation"": ""LUKE 22.35"", ""raw_form"": ""πήρας""}]"
syntacticus:Nb:04a04208abd66d5f6d5d9e7816442e5ce0fdcc985d6d3a53b4b1ae38cbacd6db,ΠΗΧΥΝ,2,πῆχυς,False,"[{""token_id"": ""270103"", ""citation"": ""MATT 6.27"", ""raw_form"": ""πῆχυν""}]"
syntacticus:Nb:64d6933cddca750e7c9714ca03f9363fdd5d6ea05a92b3f2f2cd50698bfc7b85,ΠΗΧΩΝ,2,πῆχυς,False,"[{""token_id"": ""360301"", ""citation"": ""JOHN 21.8"", ""raw_form"": ""πηχῶν""}]"
syntacticus:Nb:dfab7ae882e3f16aac850198a85f068749d8c1275c783affd1c2a1dbcb25ab2f,ΠΙΚΡΙΑ,1,πικρία,False,"[{""token_id"": ""443955"", ""citation"": ""EPH 4.31"", ""raw_form"": ""πικρία""}]"
syntacticus:Nb:98fb91dbe3f34e7bf3a34c76d56598ecfb410a539784eb2c9d22c34564ba1774,ΠΙΚΡΙΑΣ,3,πικρία,False,"[{""token_id"": ""383562"", ""citation"": ""ACTS 8.23"", ""raw_form"": ""πικρίας""}]"
syntacticus:Nb:b46495b5fc5e62d4873dec986db6df2a2802ec5ba94f16a2f826b3b42d50d432,ΠΙΝΑΚΙ,4,πίναξ,False,"[{""token_id"": ""276014"", ""citation"": ""MATT 14.8"", ""raw_form"": ""πίνακι""}]"
syntacticus:Nb:b1cb8bc081cac7619fcb096461570065c97b986817fbbc58e103b5573e5b9d6f,ΠΙΝΑΚΙΔΙΟΝ,1,πινακίδιον,False,"[{""token_id"": ""321138"", ""citation"": ""LUKE 1.63"", ""raw_form"": ""πινακίδιον""}]"
syntacticus:Nb:e505cce3fdc961bdbbc123551bd336588632ae1c32d4d0c2c57d6dd9cade2fab,ΠΙΝΑΚΟΣ,1,πίναξ,False,"[{""token_id"": ""331189"", ""citation"": ""LUKE 11.39"", ""raw_form"": ""πίνακος""}]"
syntacticus:Nb:4e40ae69c1d1eb9bf0ebffe9cfffa86d8b4add794ca50d3e812f6d9384d2ef5b,ΠΙΟΤΗΤΟΣ,1,πιότης,False,"[{""token_id"": ""404488"", ""citation"": ""ROM 11.17"", ""raw_form"": ""πιότητος""}]"
syntacticus:Nb:23ca7d2f4ac0aceabf1fa5125edc1975d7ad8334411d3727090ce967c3a8ac10,ΠΙΣΤΕΙ,54,πίστις,False,"[{""token_id"": ""379735"", ""citation"": ""ACTS 3.16"", ""raw_form"": ""πίστει""}]"
syntacticus:Nb:ce340fed0382cc15c0a80a7b31bda8b276a12d733a2584450f753528a2a7e526,ΠΙΣΤΕΩΣ,94,πίστις,False,"[{""token_id"": ""381691"", ""citation"": ""ACTS 6.5"", ""raw_form"": ""πίστεως""}]"
syntacticus:Nb:5132487e1f69ab596d6691444857db6edadd3c02403b40bc62d6265d81bce1a8,ΠΙΣΤΙΝ,53,πίστις,False,"[{""token_id"": ""271024"", ""citation"": ""MATT 8.10"", ""raw_form"": ""πίστιν""}]"
syntacticus:Nb:231c0d88ad9224a89c811773fb7ab021846e9d4a49340b5e0ec2a017da95909a,ΠΙΣΤΙΣ,35,πίστις,False,"[{""token_id"": ""271960"", ""citation"": ""MATT 9.22"", ""raw_form"": ""πίστις""}]"
syntacticus:Nb:93bff1d126e4fee532e9cef8cf82bd44877ad240feb27e15b418506d04428223,ΠΛΑΚΕΣ,1,πλάξ,False,"[{""token_id"": ""469404"", ""citation"": ""HEB 9.4"", ""raw_form"": ""πλάκες""}]"
syntacticus:Nb:0b0b2448c2db06a49d8582d3e331064d721e6fdf7ae51446789e2c2f976188cd,ΠΛΑΝΗ,1,πλάνη,False,"[{""token_id"": ""287243"", ""citation"": ""MATT 27.64"", ""raw_form"": ""πλάνη""}]"
syntacticus:Nb:77ba667bfa35f3abf937cf660481cd1690e0f8975146b1a4f5fb64707065408e,ΠΛΑΝΗΣ,5,πλάνη,False,"[{""token_id"": ""399423"", ""citation"": ""ROM 1.27"", ""raw_form"": ""πλάνης""}]"
syntacticus:Nb:e43f4399fd149771b3b54b6fc779440df4fd8af93270b623013ffd70c4bbb120,ΠΛΑΞΙΝ,2,πλάξ,False,"[{""token_id"": ""429015"", ""citation"": ""2COR 3.3"", ""raw_form"": ""πλαξὶν""}]"
syntacticus:Nb:8eb261ececf755e39b1b31e0056d70e986e9984fe05fdd0c8f36c8ba19450904,ΠΛΑΣΜΑ,1,πλάσμα,False,"[{""token_id"": ""757579"", ""citation"": ""ROM 9.20"", ""raw_form"": ""πλάσμα""}]"
syntacticus:Nb:9acbeee2936a810265c90b6f0139e1978f08264e097bd4d8d13c85ade07e59cb,ΠΛΑΤΕΙΑΙΣ,2,πλατεῖα,False,"[{""token_id"": ""273975"", ""citation"": ""MATT 12.19"", ""raw_form"": ""πλατείαις""}]"
syntacticus:Nb:947c560f71af17b83dc693ccc6713766e1dc5031dc59ee91654576751ac66a34,ΠΛΑΤΕΙΑΣ,5,πλατεῖα,False,"[{""token_id"": ""329630"", ""citation"": ""LUKE 10.10"", ""raw_form"": ""πλατείας""}]"
syntacticus:Nb:14482136b916dd2c45984c843917931df6b50e21682da220b773d4edafcdd88e,ΠΛΑΤΕΙΩΝ,1,πλατεῖα,False,"[{""token_id"": ""758633"", ""citation"": ""MATT 6.5"", ""raw_form"": ""πλατειῶν""}]"
syntacticus:Nb:9fda442f0b4f712cd615e4bda54d0bcaadbf0695a9329f92990e5788a6320461,ΠΛΑΤΟΣ,4,πλάτος,False,"[{""token_id"": ""443377"", ""citation"": ""EPH 3.18"", ""raw_form"": ""πλάτος""}]"
syntacticus:Nb:eeafc6baaf42c40d7d8fc15416009c15e43db1fa2b6ff7f7e6162192affd3b74,ΠΛΕΓΜΑΣΙΝ,1,πλέγμα,False,"[{""token_id"": ""459019"", ""citation"": ""1TIM 2.9"", ""raw_form"": ""πλέγμασιν""}]"
syntacticus:Nb:c1f1cc3437b8f8c6f33e29d250f211efe0ca46014c2becd9120e51498b6302a5,ΠΛΕΟΝΕΚΤΑΙ,1,πλεονέκτης,False,"[{""token_id"": ""415738"", ""citation"": ""1COR 6.10"", ""raw_form"": ""πλεονέκται""}]"
syntacticus:Nb:235636ac4710adce9697bb81dd7281f7ece957bf2e285a6d427a7887fcb383ed,ΠΛΕΟΝΕΚΤΑΙΣ,1,πλεονέκτης,False,"[{""token_id"": ""762140"", ""citation"": ""1COR 5.10"", ""raw_form"": ""πλεονέκταις""}]"
syntacticus:Nb:12c3a3d4fe97c604285730419ced5e0c0f82fc9451307cb21f755a4ef65bf458,ΠΛΕΟΝΕΚΤΗΣ,2,πλεονέκτης,False,"[{""token_id"": ""415537"", ""citation"": ""1COR 5.11"", ""raw_form"": ""πλεονέκτης""}]"
syntacticus:Nb:f4fe04737c44fa154332f1eb501ab4cc86cdd5c0dbf794ecd49e99eb9a94f44e,ΠΛΕΟΝΕΞΙΑ,1,πλεονεξία,False,"[{""token_id"": ""444031"", ""citation"": ""EPH 5.3"", ""raw_form"": ""πλεονεξία""}]"
syntacticus:Nb:36d37c02e4b1257c9a55eee8b4604581a5d27362708ad559edeb71aa9fe93961,ΠΛΕΟΝΕΞΙΑΙ,1,πλεονεξία,False,"[{""token_id"": ""106882"", ""citation"": ""MARK 7.22"", ""raw_form"": ""πλεονεξίαι""}]"
syntacticus:Nb:e9e8deeeff0a84780d7a19fdfc2b6086cc19b26c726d5419c4a16384dcf094c9,ΠΛΕΟΝΕΞΙΑΝ,2,πλεονεξία,False,"[{""token_id"": ""431325"", ""citation"": ""2COR 9.5"", ""raw_form"": ""πλεονεξίαν""}]"
syntacticus:Nb:47a5174003d75ab8637db09edf2a822fd2a217b3fd40e4b43a370bac72567f29,ΠΛΕΟΝΕΞΙΑΣ,2,πλεονεξία,False,"[{""token_id"": ""331800"", ""citation"": ""LUKE 12.15"", ""raw_form"": ""πλεονεξίας""}]"
syntacticus:Nb:377e645896347de49faa3c45442b3a7f8fc3d39b58414364494d6956afc63c06,ΠΛΕΥΡΑΝ,5,πλευρά,False,"[{""token_id"": ""359204"", ""citation"": ""JOHN 19.34"", ""raw_form"": ""πλευρὰν""}]"
syntacticus:Nb:a3ac921c9d54ccf6e2957dc092cacfb6cc2e4e652064dc8119072338b6a86a18,ΠΛΗΓΑΙ,2,πληγή,False,"[{""token_id"": ""499674"", ""citation"": ""REV 15.8"", ""raw_form"": ""πληγαὶ""}]"
syntacticus:Nb:1dc0afcc5f8fac6329cc6bb177dfd8d511a78cd9e56e565236c115bdbf63ad7b,ΠΛΗΓΑΙΣ,3,πληγή,False,"[{""token_id"": ""430116"", ""citation"": ""2COR 6.5"", ""raw_form"": ""πληγαῖς""}]"
syntacticus:Nb:19d9475372cb1799c3542bdec330d4c5a1a0a30d9af20a9d3d3bafb93502e762,ΠΛΗΓΑΣ,6,πληγή,False,"[{""token_id"": ""330099"", ""citation"": ""LUKE 10.30"", ""raw_form"": ""πληγὰς""}]"
syntacticus:Nb:13fe19d6a5e7ba55dd3a8272e8485c77e09df1f974079c1750e507d82c427394,ΠΛΗΓΗ,3,πληγή,False,"[{""token_id"": ""498414"", ""citation"": ""REV 13.3"", ""raw_form"": ""πληγὴ""}]"
syntacticus:Nb:379a65bd4fc05fd28ce925c9252e1c7e21310dce35c8d21e83c79e8b3fa8d42d,ΠΛΗΓΗΝ,1,πληγή,False,"[{""token_id"": ""498701"", ""citation"": ""REV 13.14"", ""raw_form"": ""πληγὴν""}]"
syntacticus:Nb:8c0b19f9e311053658c006488ed5bbef136db4fb0f7c0c38e1983a7f8ce99a1d,ΠΛΗΓΗΣ,1,πληγή,False,"[{""token_id"": ""500192"", ""citation"": ""REV 16.21"", ""raw_form"": ""πληγῆς""}]"
syntacticus:Nb:0ebb8b72deb8419f552b5a7fbcea578f73eb13a628aa9d9ec454a0bbf7eddb45,ΠΛΗΓΩΝ,5,πληγή,False,"[{""token_id"": ""332464"", ""citation"": ""LUKE 12.48"", ""raw_form"": ""πληγῶν""}]"
syntacticus:Nb:1dab6e80f01eab3df7dcab9b02ae89903719816a3cf353c57f19ab8a5442486d,ΠΛΗΘΕΙ,1,πλῆθος,False,"[{""token_id"": ""470766"", ""citation"": ""HEB 11.12"", ""raw_form"": ""πλήθει""}]"
syntacticus:Nb:d519b4efdae317e5247f2a86521dcfe9e1f0031132e3c0745e41e00bce0cb5cb,ΠΛΗΘΗ,1,πλῆθος,False,"[{""token_id"": ""381001"", ""citation"": ""ACTS 5.14"", ""raw_form"": ""πλήθη""}]"
syntacticus:Nb:0b811e2b696e6aebd72633da07368904d64c25e82a59d96e1793d2227a85fc1d,ΠΛΗΘΟΣ,25,πλῆθος,False,"[{""token_id"": ""103277"", ""citation"": ""MARK 3.7"", ""raw_form"": ""πλῆθος""}]"
syntacticus:Nb:48e742bf198a97137874df52f074e48d7b03c97e47829480efd70ec7bc555f91,ΠΛΗΘΟΥΣ,4,πλῆθος,False,"[{""token_id"": ""360238"", ""citation"": ""JOHN 21.6"", ""raw_form"": ""πλήθους""}]"
syntacticus:Nb:2049b693226476c62ef1c0e41a3894b1a531b2d6067bd2c57cf11857e16f3760,ΠΛΗΚΤΗΝ,2,πλήκτης,False,"[{""token_id"": ""459138"", ""citation"": ""1TIM 3.3"", ""raw_form"": ""πλήκτην""}]"
syntacticus:Nb:2280599fc81efee16a001d86a8dd1fcb1282819981f32326403511f7b832d891,ΠΛΗΜΜΥΡΗΣ,1,πλήμμυρα,False,"[{""token_id"": ""325759"", ""citation"": ""LUKE 6.48"", ""raw_form"": ""πλημμύρης""}]"
syntacticus:Nb:995bbd5654d9024b67d05c6e7a5769c90f7b2fedbe93bf302f2fd49d4b287d69,ΠΛΗΡΟΦΟΡΙΑΝ,1,πληροφορία,False,"[{""token_id"": ""468339"", ""citation"": ""HEB 6.11"", ""raw_form"": ""πληροφορίαν""}]"
syntacticus:Nb:784d1f906c6b497bab8e4ac216156331c4dad451e2aae176ced92164b75f3eb5,ΠΛΗΡΟΦΟΡΙΑΣ,1,πληροφορία,False,"[{""token_id"": ""451159"", ""citation"": ""COL 2.2"", ""raw_form"": ""πληροφορίας""}]"
syntacticus:Nb:4bc47d3124f1dc508a62e200736ee9bdf5932e75c6da2395fb8eeded1fdc6a63,ΠΛΗΡΩΜΑ,11,πλήρωμα,False,"[{""token_id"": ""271832"", ""citation"": ""MATT 9.16"", ""raw_form"": ""πλήρωμα""}]"
syntacticus:Nb:a760805251954f7be85b31483d334ebf4c2f67640b8d339bf83fe74ff824bd4f,ΠΛΗΡΩΜΑΤΑ,2,πλήρωμα,False,"[{""token_id"": ""106237"", ""citation"": ""MARK 6.43"", ""raw_form"": ""πληρώματα""}]"
syntacticus:Nb:e14f6ca040fd7e0e2c280bc7c059dcb98320200bac677d5426fe3d63c09a0136,ΠΛΗΡΩΜΑΤΙ,1,πλήρωμα,False,"[{""token_id"": ""406505"", ""citation"": ""ROM 15.29"", ""raw_form"": ""πληρώματι""}]"
syntacticus:Nb:d7531ccd3179c91f57c632efc871f06be6083eea84efa75c5aaf0664d88bad0f,ΠΛΗΡΩΜΑΤΟΣ,3,πλήρωμα,False,"[{""token_id"": ""342677"", ""citation"": ""JOHN 1.16"", ""raw_form"": ""πληρώματος""}]"
syntacticus:Nb:fb3bc0942f283990f815ac265f1c7bfc580d0d45b9c13916411389393502e7f4,ΠΛΗΣΜΟΝΗΝ,1,πλησμονή,False,"[{""token_id"": ""451550"", ""citation"": ""COL 2.23"", ""raw_form"": ""πλησμονὴν""}]"
syntacticus:Nb:db9967120d9de43ee0fd3de5b91ff662b8574790eb73c1cae5719ca3b6d73a3f,ΠΛΟΙΑ,5,πλοῖον,False,"[{""token_id"": ""104454"", ""citation"": ""MARK 4.36"", ""raw_form"": ""πλοῖα""}]"
syntacticus:Nb:bf6b0b590cd2445293985b850b96c70cc7483fe2f7ae08edfe42eedec038dadc,ΠΛΟΙΑΡΙΑ,3,πλοιάριον,False,"[{""token_id"": ""323903"", ""citation"": ""LUKE 5.2"", ""raw_form"": ""πλοιάρια""}]"
syntacticus:Nb:27ae0aa873695ba051b59ed4e88df2c486202139e749ee407961f3c6498c983e,ΠΛΟΙΑΡΙΟΝ,2,πλοιάριον,False,"[{""token_id"": ""103320"", ""citation"": ""MARK 3.9"", ""raw_form"": ""πλοιάριον""}]"
syntacticus:Nb:d24a1ed3c591c5541f6ba972f531a34032804c26463cb10dac9880019f413652,ΠΛΟΙΟΝ,33,πλοῖον,False,"[{""token_id"": ""268472"", ""citation"": ""MATT 4.22"", ""raw_form"": ""πλοῖον""}]"
syntacticus:Nb:a9833b44211cc0b6df62d24109b51fb3687e3127beb45460532704080a541de6,ΠΛΟΙΟΥ,11,πλοῖον,False,"[{""token_id"": ""276394"", ""citation"": ""MATT 14.29"", ""raw_form"": ""πλοίου""}]"
syntacticus:Nb:fa29439030180ce8dfa6a2981e88171585d9fb5dcf7a817e5ebf6fa45906c67b,ΠΛΟΙΩΝ,2,πλοῖον,False,"[{""token_id"": ""758546"", ""citation"": ""LUKE 5.3"", ""raw_form"": ""πλοίων""}]"
syntacticus:Nb:cc7486a18f3ed021008bd9ed2f1abf1ea497586dde78687e829492b918771376,ΠΛΟΟΣ,1,πλόος,False,"[{""token_id"": ""397198"", ""citation"": ""ACTS 27.9"", ""raw_form"": ""πλοὸς""}]"
syntacticus:Nb:08688039353de2f2435d4fb642a8215b40cc60774b9150b1b59c38d86590f2ad,ΠΛΟΥΝ,2,πλόος,False,"[{""token_id"": ""393104"", ""citation"": ""ACTS 21.7"", ""raw_form"": ""πλοῦν""}]"
syntacticus:Nb:eb7156de1cff5bcd7e72bda87fb942d4836a5d2d4106c5052d27421068477614,ΠΛΟΥΤΟΝ,3,πλοῦτος,False,"[{""token_id"": ""757681"", ""citation"": ""ROM 9.23"", ""raw_form"": ""πλοῦτον""}]"
syntacticus:Nb:64c08719470d253589bd98125a792a9a1aa8a44c85886d1ab2f1dd7f142af603,ΠΛΟΥΤΟΣ,13,πλοῦτος,False,"[{""token_id"": ""404386"", ""citation"": ""ROM 11.12"", ""raw_form"": ""πλοῦτος""}]"
syntacticus:Nb:caa0a71383b6c758d10e7a9a482a5cb40917280343ba74740da95b88ea82b50b,ΠΛΟΥΤΟΥ,6,πλοῦτος,False,"[{""token_id"": ""275095"", ""citation"": ""MATT 13.22"", ""raw_form"": ""πλούτου""}]"
syntacticus:Nb:acf8c7a7f3b759a1bf42ac22e3123af1ffba5c9cc78773adc6c5276f9e97f96e,ΠΝΕΥΜΑ,148,πνεῦμα,False,"[{""token_id"": ""268040"", ""citation"": ""MATT 3.16"", ""raw_form"": ""πνεῦμα""}]"
syntacticus:Nb:c6dd7a957adbc736b70c03fb72aa3379f536266f94f2903699eb78ea56e216fa,ΠΝΕΥΜΑΣΙ,2,πνεῦμα,False,"[{""token_id"": ""102231"", ""citation"": ""MARK 1.27"", ""raw_form"": ""πνεύμασι""}]"
syntacticus:Nb:8fbdde4a2291f6da6b1d206df91dde0de99a47116940cec128fefb2111e03494,ΠΝΕΥΜΑΣΙΝ,2,πνεῦμα,False,"[{""token_id"": ""323697"", ""citation"": ""LUKE 4.36"", ""raw_form"": ""πνεύμασιν""}]"
syntacticus:Nb:78ddb0947e7a3c39a792e7073397a80023844d1dee9a0a28e2f8a75a96c8cfda,ΠΝΕΥΜΑΤΑ,17,πνεῦμα,False,"[{""token_id"": ""762345"", ""citation"": ""MATT 8.16"", ""raw_form"": ""πνεύματα""}]"
syntacticus:Nb:621b795ae6bfd809e6d777f2bdcd06684c2b91f8036a6f8817fe28dffcc52660,ΠΝΕΥΜΑΤΙ,87,πνεῦμα,False,"[{""token_id"": ""267926"", ""citation"": ""MATT 3.11"", ""raw_form"": ""πνεύματι""}]"
syntacticus:Nb:ef5e6afe797d9d61399f81d1b95d8104ef3746e79c0b73bd06e9855f50f8eb77,ΠΝΕΥΜΑΤΟΣ,93,πνεῦμα,False,"[{""token_id"": ""267035"", ""citation"": ""MATT 1.18"", ""raw_form"": ""πνεύματος""}]"
syntacticus:Nb:103f0c7b57d93543c6f451d0580bba3364c06eafb38efb65440b116d326dc42e,ΠΝΕΥΜΑΤΩΝ,11,πνεῦμα,False,"[{""token_id"": ""272259"", ""citation"": ""MATT 10.1"", ""raw_form"": ""πνευμάτων""}]"
syntacticus:Nb:2bedad57135ba56b9851666130da6a08aa827f9ec90213e0c9d2f8df50e8f5e2,ΠΝΟΗΝ,1,πνοή,False,"[{""token_id"": ""390610"", ""citation"": ""ACTS 17.25"", ""raw_form"": ""πνοὴν""}]"
syntacticus:Nb:b8de514cf0ceefd5e3a6224834d773f0446222bb5fddd1c4e916241208e28f05,ΠΝΟΗΣ,1,πνοή,False,"[{""token_id"": ""378490"", ""citation"": ""ACTS 2.2"", ""raw_form"": ""πνοῆς""}]"
syntacticus:Nb:5481535baef3df6e82a5f9c4692c2843f068ca99578fc4ac548ec8852caab82f,ΠΟΔΑ,3,πούς,False,"[{""token_id"": ""268194"", ""citation"": ""MATT 4.6"", ""raw_form"": ""πόδα""}]"
syntacticus:Nb:1e6eb401399ac0c8e23e1fea3175732c8327f53bdf24f1b85ae0aac3beb23e36,ΠΟΔΑΣ,53,πούς,False,"[{""token_id"": ""277054"", ""citation"": ""MATT 15.30"", ""raw_form"": ""πόδας""}]"
syntacticus:Nb:ee1e71ec9bbab0e861b9f2a16c9fbd5b1966abc36b56965d30241ce5647220d1,ΠΟΔΕΣ,7,πούς,False,"[{""token_id"": ""380903"", ""citation"": ""ACTS 5.9"", ""raw_form"": ""πόδες""}]"
syntacticus:Nb:8eb54f9276234685729f4e694e432c7892630c5251bca6898dee1445e88b46bf,ΠΟΔΟΣ,1,πούς,False,"[{""token_id"": ""382005"", ""citation"": ""ACTS 7.5"", ""raw_form"": ""ποδός""}]"
syntacticus:Nb:90f89932b40c0107c73a914b1d90fbe147699c916677d52fc61f4d4d25c34b34,ΠΟΔΩΝ,19,πούς,False,"[{""token_id"": ""269261"", ""citation"": ""MATT 5.35"", ""raw_form"": ""ποδῶν""}]"
syntacticus:Nb:fa5903b2b9d9858b06469fc3e6d752dfa111eb648b6b6367a8976b0da00275b5,ΠΟΙΗΜΑ,1,ποίημα,False,"[{""token_id"": ""442861"", ""citation"": ""EPH 2.10"", ""raw_form"": ""ποίημα""}]"
syntacticus:Nb:c5a818d9b091946429a6f280c44535b58a77044dcb80ad44e744eb4d19c4c19a,ΠΟΙΗΜΑΣΙΝ,1,ποίημα,False,"[{""token_id"": ""399252"", ""citation"": ""ROM 1.20"", ""raw_form"": ""ποιήμασιν""}]"
syntacticus:Nb:c91a4edba37a69c3124bc93065c76412f5474b7986f46f49d73daf5877b5d4e2,ΠΟΙΗΣΕΙ,1,ποίησις,False,"[{""token_id"": ""477262"", ""citation"": ""JAS 1.25"", ""raw_form"": ""ποιήσει""}]"
syntacticus:Nb:eb0ce7f7b3ef70351f805294b04e44ffec5f5b795ab79d62df9b23519902d183,ΠΟΙΗΤΑΙ,2,ποιητής,False,"[{""token_id"": ""399746"", ""citation"": ""ROM 2.13"", ""raw_form"": ""ποιηταὶ""}]"
syntacticus:Nb:21a9811ea8e0170b19f1b8d230cc0dad0769f6d9cc2e7a978e6f5d515abbd121,ΠΟΙΗΤΗΣ,3,ποιητής,False,"[{""token_id"": ""477213"", ""citation"": ""JAS 1.23"", ""raw_form"": ""ποιητής""}]"
syntacticus:Nb:23e8ed6924c522a4be00c598b42c82be496f5f11955f29083debae7725a0a2c8,ΠΟΙΗΤΩΝ,1,ποιητής,False,"[{""token_id"": ""390673"", ""citation"": ""ACTS 17.28"", ""raw_form"": ""ποιητῶν""}]"
syntacticus:Nb:d5815cc8b8cd159f5d5e875017e28a201cc0fc2e271ef0aff00d27661f4080c8,ΠΟΙΜΕΝΑ,5,ποιμήν,False,"[{""token_id"": ""272218"", ""citation"": ""MATT 9.36"", ""raw_form"": ""ποιμένα""}]"
syntacticus:Nb:1bcc67b65465dcd58502a3bb225a4fa51e94026c624308ac42267d91843311a8,ΠΟΙΜΕΝΑΣ,1,ποιμήν,False,"[{""token_id"": ""443608"", ""citation"": ""EPH 4.11"", ""raw_form"": ""ποιμένας""}]"
syntacticus:Nb:9bae4f3ae433455a69901c416978fd944d2758e5ef508d9183586eba2513baf2,ΠΟΙΜΕΝΕΣ,3,ποιμήν,False,"[{""token_id"": ""321521"", ""citation"": ""LUKE 2.8"", ""raw_form"": ""ποιμένες""}]"
syntacticus:Nb:eb9b83763ceb74c5ddfb9d56d1acc0f7556935032e592d37c30758ebff4c826e,ΠΟΙΜΕΝΩΝ,1,ποιμήν,False,"[{""token_id"": ""321707"", ""citation"": ""LUKE 2.18"", ""raw_form"": ""ποιμένων""}]"
syntacticus:Nb:2031ba63060afb158c172457b0c06ee0a6c9e36f8439d2899fea6000366036ad,ΠΟΙΜΗΝ,7,ποιμήν,False,"[{""token_id"": ""284414"", ""citation"": ""MATT 25.32"", ""raw_form"": ""ποιμὴν""}]"
syntacticus:Nb:32ae742ff6457073e3e7bdc7ecf23d1ad847d519a1f2caf714ce7957a555981b,ΠΟΙΜΝΗ,1,ποίμνη,False,"[{""token_id"": ""351638"", ""citation"": ""JOHN 10.16"", ""raw_form"": ""ποίμνη""}]"
syntacticus:Nb:25daac325aa5adcf489399afbed43ad579920d33a6b3ba2b1c1cdae418c59a75,ΠΟΙΜΝΗΝ,2,ποίμνη,False,"[{""token_id"": ""321536"", ""citation"": ""LUKE 2.8"", ""raw_form"": ""ποίμνην""}]"
syntacticus:Nb:5488ef675d0977d315fb571a055898c76939f94608410fe4e233456929cbbd8b,ΠΟΙΜΝΗΣ,2,ποίμνη,False,"[{""token_id"": ""285247"", ""citation"": ""MATT 26.31"", ""raw_form"": ""ποίμνης""}]"
syntacticus:Nb:cc4d91c83bc2e0b0471b6fdea2f72ea58d8cd9a3381e6916c2feee83c32f4a6e,ΠΟΙΜΝΙΟΝ,1,ποίμνιον,False,"[{""token_id"": ""332124"", ""citation"": ""LUKE 12.32"", ""raw_form"": ""ποίμνιον""}]"
syntacticus:Nb:1724e86519f2c153f3c57d02085a3fe696673e4433a18381a3732273811d806e,ΠΟΙΜΝΙΟΥ,1,ποίμνιον,False,"[{""token_id"": ""392809"", ""citation"": ""ACTS 20.29"", ""raw_form"": ""ποιμνίου""}]"
syntacticus:Nb:e461c8b6d6c019607107e695e8ede0d295d9c3d860fe398a7f83d373a6dcdfcb,ΠΟΛΕΙ,21,πόλις,False,"[{""token_id"": ""272530"", ""citation"": ""MATT 10.15"", ""raw_form"": ""πόλει""}]"
syntacticus:Nb:d0e1b5252fa639fc54c92b92cee2ad5ee7f089b350f60fc40af2aa02b76ed000,ΠΟΛΕΙΣ,10,πόλις,False,"[{""token_id"": ""272176"", ""citation"": ""MATT 9.35"", ""raw_form"": ""πόλεις""}]"
syntacticus:Nb:393edfbab1a4976a4d6d607dbc12e9a6b1234df9e1d9db16df625e5c9cdbd969,ΠΟΛΕΜΟΙ,1,πόλεμος,False,"[{""token_id"": ""478147"", ""citation"": ""JAS 4.1"", ""raw_form"": ""πόλεμοι""}]"
syntacticus:Nb:f224fda9e9c5f9b9a83c80d8a72d7f2dd1b84fb085689a72e49b89cdd260a7be,ΠΟΛΕΜΟΝ,10,πόλεμος,False,"[{""token_id"": ""334079"", ""citation"": ""LUKE 14.31"", ""raw_form"": ""πόλεμον""}]"
syntacticus:Nb:25bd10a441e011ee2adf04950c074d898c4e6e8caa3171023c694ed42a2dc54c,ΠΟΛΕΜΟΣ,1,πόλεμος,False,"[{""token_id"": ""498005"", ""citation"": ""REV 12.7"", ""raw_form"": ""πόλεμος""}]"
syntacticus:Nb:2a3d7011a1bb79ac026cd317e5b6c574314c527d1401362b9a801e11f4b72ef5,ΠΟΛΕΜΟΥΣ,3,πόλεμος,False,"[{""token_id"": ""283014"", ""citation"": ""MATT 24.6"", ""raw_form"": ""πολέμους""}]"
syntacticus:Nb:ef458f230009badd83ed2ef79a6f951a384bb570012a3715e085181968cb19a8,ΠΟΛΕΜΩΝ,2,πόλεμος,False,"[{""token_id"": ""283017"", ""citation"": ""MATT 24.6"", ""raw_form"": ""πολέμων""}]"
syntacticus:Nb:b8eda7709048e8685322343ed38cbc54e6155618d5ba7142f587da95cc825e85,ΠΟΛΕΣΙΝ,2,πόλις,False,"[{""token_id"": ""273088"", ""citation"": ""MATT 11.1"", ""raw_form"": ""πόλεσιν""}]"
syntacticus:Nb:664dc1ee56386786212dbba1797ebb5acb11b200588bdc391ddc001c59ea10b2,ΠΟΛΕΩΝ,6,πόλις,False,"[{""token_id"": ""276101"", ""citation"": ""MATT 14.13"", ""raw_form"": ""πόλεων""}]"
syntacticus:Nb:77ade5f36e6ef609bb1278a6127cf332e42d4957af56dc8a08169eaf1783452c,ΠΟΛΕΩΣ,36,πόλις,False,"[{""token_id"": ""272505"", ""citation"": ""MATT 10.14"", ""raw_form"": ""πόλεως""}]"
syntacticus:Nb:f7e20d28c6f55069d451d45c1893fece3cce8e02a02ea8ce5a575f40fda55083,ΠΟΛΙΝ,64,πόλις,False,"[{""token_id"": ""267684"", ""citation"": ""MATT 2.23"", ""raw_form"": ""πόλιν""}]"
syntacticus:Nb:3c5728ee3c57424c1dcc2ba64ed0555cd44ebfae82cd61ed58eaa82b1e44382e,ΠΟΛΙΣ,22,πόλις,False,"[{""token_id"": ""268753"", ""citation"": ""MATT 5.14"", ""raw_form"": ""πόλις""}]"
syntacticus:Nb:6b7c491e6065117c6b225d8030689b58b3affcb9a25cd679a8b2c90d4addb8d2,ΠΟΛΙΤΑΙ,1,πολίτης,False,"[{""token_id"": ""337194"", ""citation"": ""LUKE 19.14"", ""raw_form"": ""πολῖται""}]"
syntacticus:Nb:ee8fd0e6d77289465ec966faa601cfeb4ca3e1e6f7ee1a5eca59982beb5093fe,ΠΟΛΙΤΑΡΧΑΣ,2,πολιτάρχης,False,"[{""token_id"": ""390180"", ""citation"": ""ACTS 17.6"", ""raw_form"": ""πολιτάρχας""}]"
syntacticus:Nb:582a3c1f2bfbec9277a5b590c3af74ff148960ff89f41a8c70383b8d144a6475,ΠΟΛΙΤΕΙΑΝ,1,πολιτεία,False,"[{""token_id"": ""394448"", ""citation"": ""ACTS 22.28"", ""raw_form"": ""πολιτείαν""}]"
syntacticus:Nb:82acf800d787a2d09e54f967a42215c15ac23f98c94d3d10d1433e81e5b377cd,ΠΟΛΙΤΕΙΑΣ,1,πολιτεία,False,"[{""token_id"": ""442909"", ""citation"": ""EPH 2.12"", ""raw_form"": ""πολιτείας""}]"
syntacticus:Nb:26fc3d9b5477fada54e15c854f5916d025a8982fde93921d2eae306d28e0b359,ΠΟΛΙΤΕΥΜΑ,1,πολίτευμα,False,"[{""token_id"": ""448502"", ""citation"": ""PHIL 3.20"", ""raw_form"": ""πολίτευμα""}]"
syntacticus:Nb:208efa446506962079d88d5a87f16783f2abd1c792e1b111187a071c901f8b7e,ΠΟΛΙΤΗΝ,1,πολίτης,False,"[{""token_id"": ""469274"", ""citation"": ""HEB 8.11"", ""raw_form"": ""πολίτην""}]"
syntacticus:Nb:8f9d5fe6b8bf0566659a93df84f7b3067b8b9ecf271e6a11968251d7392aebf0,ΠΟΛΙΤΗΣ,1,πολίτης,False,"[{""token_id"": ""393833"", ""citation"": ""ACTS 21.39"", ""raw_form"": ""πολίτης""}]"
syntacticus:Nb:a920afbcaae052e55948f893296dd4820ac80271c1a0355c460508c92dd89579,ΠΟΛΙΤΩΝ,1,πολίτης,False,"[{""token_id"": ""334435"", ""citation"": ""LUKE 15.15"", ""raw_form"": ""πολιτῶν""}]"
syntacticus:Nb:6ef069dda3b98a651c4d5c2b808dc4e3339b1d0dc9e1b792ff79477b6ef45d28,ΠΟΜΑ,1,πόμα,False,"[{""token_id"": ""417613"", ""citation"": ""1COR 10.4"", ""raw_form"": ""πόμα""}]"
syntacticus:Nb:7405c43ad918f087edc87d7e51355dbfb788fa26be2403e541adce2750f61cb0,ΠΟΜΑΣΙΝ,1,πόμα,False,"[{""token_id"": ""469516"", ""citation"": ""HEB 9.10"", ""raw_form"": ""πόμασιν""}]"
syntacticus:Nb:4d78a3a024518c100f63caf3ea60a3ee822790203bcf0a87bb3dc4048e9a6fe0,ΠΟΝΗΡΑ,1,πονηρός,False,"[{""token_id"": ""467432"", ""citation"": ""HEB 3.12"", ""raw_form"": ""πονηρὰ""}]"
syntacticus:Nb:18e81123e117cde46f6d9b00f39c6bd51f29b42f11cdb07220be6016ecce53d4,ΠΟΝΗΡΙΑΙ,1,πονηρία,False,"[{""token_id"": ""106884"", ""citation"": ""MARK 7.22"", ""raw_form"": ""πονηρίαι""}]"
syntacticus:Nb:3cd93283f33fce535e51db99a239415f04760bc11faaa21dc80dcd0c44d48430,ΠΟΝΗΡΙΑΝ,1,πονηρία,False,"[{""token_id"": ""281710"", ""citation"": ""MATT 22.18"", ""raw_form"": ""πονηρίαν""}]"
syntacticus:Nb:76e3e6ca3b426779294442ad2e8aba76552b18a46a9c415212265feff49622f2,ΠΟΝΗΡΙΑΣ,3,πονηρία,False,"[{""token_id"": ""331199"", ""citation"": ""LUKE 11.39"", ""raw_form"": ""πονηρίας""}]"
syntacticus:Nb:0355a8c2a23da76c24dc2fa0763d9c5706ec5ff13cd88082d9b0ea8278eae720,ΠΟΝΗΡΙΩΝ,1,πονηρία,False,"[{""token_id"": ""379963"", ""citation"": ""ACTS 3.26"", ""raw_form"": ""πονηριῶν""}]"
syntacticus:Nb:42f7dddba7a4b14781b89e5656e93e7af5e6b6bec28acbd838bfbcf7b35877eb,ΠΟΝΟΝ,1,πόνος,False,"[{""token_id"": ""452232"", ""citation"": ""COL 4.13"", ""raw_form"": ""πόνον""}]"
syntacticus:Nb:0c5876f0ed5f8598dc7b40b7d209c1aa2d50fb8120eedb32402b023218fe7cc3,ΠΟΝΟΣ,1,πόνος,False,"[{""token_id"": ""502563"", ""citation"": ""REV 21.4"", ""raw_form"": ""πόνος""}]"
syntacticus:Nb:385d8d8544a1f3dd29ced057698cb7a0375ca746246c2f9f98a8f889b783a882,ΠΟΝΟΥ,1,πόνος,False,"[{""token_id"": ""499925"", ""citation"": ""REV 16.10"", ""raw_form"": ""πόνου""}]"
syntacticus:Nb:f117a4daf5d74e9d4559f5cb781eb6c03b48440423c47e5f018a4ef6501d086e,ΠΟΝΩΝ,1,πόνος,False,"[{""token_id"": ""499935"", ""citation"": ""REV 16.11"", ""raw_form"": ""πόνων""}]"
syntacticus:Nb:94888e8971bc83903563f221272a0002b7664a6b7f97258663845e296d700385,ΠΟΡΕΙΑΙΣ,1,πορεία,False,"[{""token_id"": ""477023"", ""citation"": ""JAS 1.11"", ""raw_form"": ""πορείαις""}]"
syntacticus:Nb:a0feff30336fbefff26b9202a63329cb7ef94bae5904cbeca56feca709ecb4ab,ΠΟΡΕΙΑΝ,1,πορεία,False,"[{""token_id"": ""333163"", ""citation"": ""LUKE 13.22"", ""raw_form"": ""πορείαν""}]"
syntacticus:Nb:94770b6300c3a36c478743d551b3e6558bf0646221d43904a9dd2e4d88953155,ΠΟΡΙΣΜΟΝ,1,πορισμός,False,"[{""token_id"": ""460120"", ""citation"": ""1TIM 6.5"", ""raw_form"": ""πορισμὸν""}]"
syntacticus:Nb:a0a0b698470e2ec27a36cf7a27c7055cac95af1ad102c2d2a629312beffa8ff3,ΠΟΡΙΣΜΟΣ,1,πορισμός,False,"[{""token_id"": ""460127"", ""citation"": ""1TIM 6.6"", ""raw_form"": ""πορισμὸς""}]"
syntacticus:Nb:eba5c95e5ca5b7c2a512deb4bcdbd6c60f1639dcfc2762db86f275bd8733ed44,ΠΟΡΝΑΙ,2,πόρνη,False,"[{""token_id"": ""281083"", ""citation"": ""MATT 21.31"", ""raw_form"": ""πόρναι""}]"
syntacticus:Nb:3b8357c4ccf6721cced578fcaef14982cbdf6f691bd40713698a02083ef6829c,ΠΟΡΝΕΙΑ,4,πορνεία,False,"[{""token_id"": ""415332"", ""citation"": ""1COR 5.1"", ""raw_form"": ""πορνεία""}]"
syntacticus:Nb:0c6cbd510e786b5600854fcc11a6db4de72305ded614fea9631a2e48ff08ab14,ΠΟΡΝΕΙΑΙ,2,πορνεία,False,"[{""token_id"": ""276820"", ""citation"": ""MATT 15.19"", ""raw_form"": ""πορνεῖαι""}]"
syntacticus:Nb:88da561cbe5bc858838e688e6c8e260553a5781ba990ba4a727c0e98ce6e7104,ΠΟΡΝΕΙΑΝ,3,πορνεία,False,"[{""token_id"": ""393493"", ""citation"": ""ACTS 21.25"", ""raw_form"": ""πορνείαν""}]"
syntacticus:Nb:f8bb82c66321beff8733d82fb019747f361fd0835ec6b8ba88f52ef1128c632b,ΠΟΡΝΕΙΑΣ,12,πορνεία,False,"[{""token_id"": ""269203"", ""citation"": ""MATT 5.32"", ""raw_form"": ""πορνείας""}]"
syntacticus:Nb:82d577bf6d18a9b167255efb479c2f189a4807dc5054526e6c762282b734bd27,ΠΟΡΝΗ,3,πόρνη,False,"[{""token_id"": ""471077"", ""citation"": ""HEB 11.31"", ""raw_form"": ""πόρνη""}]"
syntacticus:Nb:ee79ab236b9f4e0202b25ae797de6bbb35328dc02362c8b58866bd1869ad6549,ΠΟΡΝΗΝ,2,πόρνη,False,"[{""token_id"": ""500638"", ""citation"": ""REV 17.16"", ""raw_form"": ""πόρνην""}]"
syntacticus:Nb:8254da0fc85247dee836d621c3e07620456b053dcc741841d1edba147dfc22a9,ΠΟΡΝΗΣ,2,πόρνη,False,"[{""token_id"": ""415868"", ""citation"": ""1COR 6.15"", ""raw_form"": ""πόρνης""}]"
syntacticus:Nb:a061db95c144b68daa15494028925dc90af93361c2306a1d9c07b3d9780472e2,ΠΟΡΝΟΙ,2,πόρνος,False,"[{""token_id"": ""415726"", ""citation"": ""1COR 6.9"", ""raw_form"": ""πόρνοι""}]"
syntacticus:Nb:2a83038d50702daf485c60b4fae92b9cdd38e97e6d4c7535e13394da2067d74b,ΠΟΡΝΟΙΣ,4,πόρνος,False,"[{""token_id"": ""762130"", ""citation"": ""1COR 5.9"", ""raw_form"": ""πόρνοις""}]"
syntacticus:Nb:754c7e235e449592f0ff0233d5ac20dfbee93ae758d7dd42e18ef27ef62df190,ΠΟΡΝΟΣ,3,πόρνος,False,"[{""token_id"": ""415535"", ""citation"": ""1COR 5.11"", ""raw_form"": ""πόρνος""}]"
syntacticus:Nb:f492877ea91b0833676384362a64d362a11dd4e322ca61808cedf1be66c5ff45,ΠΟΡΝΩΝ,2,πόρνη,False,"[{""token_id"": ""334754"", ""citation"": ""LUKE 15.30"", ""raw_form"": ""πορνῶν""}]"
syntacticus:Nb:39c64406c1a9a7ca135dcc1e748f61261c5fa9703a1b6bfb01810d54da52f63e,ΠΟΡΦΥΡΑΝ,3,πορφύρα,False,"[{""token_id"": ""113841"", ""citation"": ""MARK 15.17"", ""raw_form"": ""πορφύραν""}]"
syntacticus:Nb:fc17a8fb29739ec7fe3e173494514171117443c5f9a0bd9b0a81c5b1b3df4ba3,ΠΟΡΦΥΡΑΣ,1,πορφύρα,False,"[{""token_id"": ""501029"", ""citation"": ""REV 18.12"", ""raw_form"": ""πορφύρας""}]"
syntacticus:Nb:9b3ed339bcf13534f9c4981fb9306e058405426440481e6ed68cf2d636c3e64b,ΠΟΡΦΥΡΟΠΩΛΙΣ,1,πορφυρόπωλις,False,"[{""token_id"": ""389503"", ""citation"": ""ACTS 16.14"", ""raw_form"": ""πορφυρόπωλις""}]"
syntacticus:Nb:6d7824e0a5f37b0f7e9fa76f8145bf7cd7617463dfd57c1d2e94576b3933dac6,ΠΟΣΕΙ,1,πόσις,False,"[{""token_id"": ""451420"", ""citation"": ""COL 2.16"", ""raw_form"": ""πόσει""}]"
syntacticus:Nb:407eaa41a46acbb01dc2748be71349501393fc2c3e0540774b08e270ecfed5c9,ΠΟΣΙΝ,5,πούς,False,"[{""token_id"": ""270354"", ""citation"": ""MATT 7.6"", ""raw_form"": ""ποσὶν""}]"
syntacticus:Nb:89841c893740a7da9f977a2de786f1c83f13356af68377660c4ffc332a787574,ΠΟΣΙΣ,2,πόσις,False,"[{""token_id"": ""347740"", ""citation"": ""JOHN 6.55"", ""raw_form"": ""πόσις""}]"
syntacticus:Nb:51c253eefcff9305853b2f70852b27e332d047d37b7f0bb58fd34b26839dd886,ΠΟΤΑΜΟΙ,3,ποταμός,False,"[{""token_id"": ""270720"", ""citation"": ""MATT 7.25"", ""raw_form"": ""ποταμοὶ""}]"
syntacticus:Nb:bb92d8d62e841cbd8a6aaed5e5787cbbe2dbe98cbef830bfdc532f60f3f98fed,ΠΟΤΑΜΟΝ,5,ποταμός,False,"[{""token_id"": ""389484"", ""citation"": ""ACTS 16.13"", ""raw_form"": ""ποταμὸν""}]"
syntacticus:Nb:4b4b6ff412c6febad8425539e5b9a1fe2f1219343819cbddce8e9710c1742dcd,ΠΟΤΑΜΟΣ,2,ποταμός,False,"[{""token_id"": ""325764"", ""citation"": ""LUKE 6.48"", ""raw_form"": ""ποταμὸς""}]"
syntacticus:Nb:547fffc347b80bd2557db1674e279b4fa8d8665c0547568b9675370a013d277c,ΠΟΤΑΜΟΥ,1,ποταμός,False,"[{""token_id"": ""503178"", ""citation"": ""REV 22.2"", ""raw_form"": ""ποταμοῦ""}]"
syntacticus:Nb:c1e07af308c8a46e94b9fc66bf07df3848c461a4f629130d89b3c12cf1dc1bd1,ΠΟΤΑΜΟΥΣ,1,ποταμός,False,"[{""token_id"": ""499777"", ""citation"": ""REV 16.4"", ""raw_form"": ""ποταμοὺς""}]"
syntacticus:Nb:96a04805f36946ddc0cfb0480b4a56cab1929ada592c7d9d44c9f9b351c19bb1,ΠΟΤΑΜΩΝ,2,ποταμός,False,"[{""token_id"": ""432334"", ""citation"": ""2COR 11.26"", ""raw_form"": ""ποταμῶν""}]"
syntacticus:Nb:a3c5e225af11363f8784f3e832648ea9e4d36aba318c4fd7274977eaad34ad70,ΠΟΤΗΡΙΟΝ,24,ποτήριον,False,"[{""token_id"": ""273050"", ""citation"": ""MATT 10.42"", ""raw_form"": ""ποτήριον""}]"
syntacticus:Nb:0af8c2536b21b11527945c7b9de75d446f21870603a0b8648c7036b959544e8f,ΠΟΤΗΡΙΟΥ,4,ποτήριον,False,"[{""token_id"": ""282600"", ""citation"": ""MATT 23.25"", ""raw_form"": ""ποτηρίου""}]"
syntacticus:Nb:31fece35301ed26346abb033fca82a4a0541959220fdb6861fb6655bc028526d,ΠΟΤΗΡΙΩΝ,1,ποτήριον,False,"[{""token_id"": ""106563"", ""citation"": ""MARK 7.4"", ""raw_form"": ""ποτηρίων""}]"
syntacticus:Nb:47d73c306142a9a46d804b59550de61459135bf087c09e2d7475e9dd21db501b,ΠΟΥΣ,3,πούς,False,"[{""token_id"": ""278557"", ""citation"": ""MATT 18.8"", ""raw_form"": ""πούς""}]"
syntacticus:Nb:83c0eb8d1cd68030b78b1235aeff0b5441e725c9baff974d6745209646256420,ΠΡΑΓΜΑ,3,πρᾶγμα,False,"[{""token_id"": ""380808"", ""citation"": ""ACTS 5.4"", ""raw_form"": ""πρᾶγμα""}]"
syntacticus:Nb:91c461febf0dda29945a871daab6ab4b4592dcf0d2351b3a0544be4eab9b5d3a,ΠΡΑΓΜΑΤΕΙΑΙΣ,1,πραγματεία,False,"[{""token_id"": ""462402"", ""citation"": ""2TIM 2.4"", ""raw_form"": ""πραγματείαις""}]"
syntacticus:Nb:146a6c584f5e401c76695d4dab6f5be286f819f1c77a4d908956c809991a3eba,ΠΡΑΓΜΑΤΙ,3,πρᾶγμα,False,"[{""token_id"": ""406616"", ""citation"": ""ROM 16.2"", ""raw_form"": ""πράγματι""}]"
syntacticus:Nb:a8b303a8036b28d341c7bfd8d3ae62014296a60311fde2d41489a7829e8fba2f,ΠΡΑΓΜΑΤΟΣ,1,πρᾶγμα,False,"[{""token_id"": ""278842"", ""citation"": ""MATT 18.19"", ""raw_form"": ""πράγματος""}]"
syntacticus:Nb:f2eaffbdce8d84e87d39dde1da573dad8a18095affc34c1b2e0f7a36d852a254,ΠΡΑΓΜΑΤΩΝ,4,πρᾶγμα,False,"[{""token_id"": ""320067"", ""citation"": ""LUKE 1.1"", ""raw_form"": ""πραγμάτων""}]"
syntacticus:Nb:309b06110d8346c7f4891d76b9908ae46f1de129fe87142c02b8667952a87c6a,ΠΡΑΙΤΩΡΙΟΝ,6,πραιτώριον,False,"[{""token_id"": ""286594"", ""citation"": ""MATT 27.27"", ""raw_form"": ""πραιτώριον""}]"
syntacticus:Nb:b2c5438f6ca22dd33d820afdee37e9acc82d5b99e9c07223be7d8734b3350ca8,ΠΡΑΚΤΟΡΙ,1,πράκτωρ,False,"[{""token_id"": ""332677"", ""citation"": ""LUKE 12.58"", ""raw_form"": ""πράκτορι""}]"
syntacticus:Nb:2ad1a6e0afb22044003a779e0272038021c920aff30d5907b977aba495c2dd73,ΠΡΑΚΤΩΡ,1,πράκτωρ,False,"[{""token_id"": ""332681"", ""citation"": ""LUKE 12.58"", ""raw_form"": ""πράκτωρ""}]"
syntacticus:Nb:f0690679760124167285a634f3177e029166a29c478469364560049d0327908b,ΠΡΑΞΕΙ,1,πρᾶξις,False,"[{""token_id"": ""341468"", ""citation"": ""LUKE 23.51"", ""raw_form"": ""πράξει""}]"
syntacticus:Nb:2c30edacde978fc502a9a891428bb89fd9096c0756dae41e734cc6a0eb4b3c4a,ΠΡΑΞΕΙΣ,2,πρᾶξις,False,"[{""token_id"": ""391748"", ""citation"": ""ACTS 19.18"", ""raw_form"": ""πράξεις""}]"
syntacticus:Nb:621978a1ca11a5fffe880174789c9ea4dfb6861fb97569963eea0c98a4ca4d4e,ΠΡΑΞΕΣΙΝ,1,πρᾶξις,False,"[{""token_id"": ""451694"", ""citation"": ""COL 3.9"", ""raw_form"": ""πράξεσιν""}]"
syntacticus:Nb:2a9857ccb9bd3bafc545aabadc4edfb0fdfb6b6f0151cd479d5299b6a938014b,ΠΡΑΞΙΝ,2,πρᾶξις,False,"[{""token_id"": ""277802"", ""citation"": ""MATT 16.27"", ""raw_form"": ""πρᾶξιν""}]"
syntacticus:Nb:743c0d6bba42c0619ff4b88fb9c835ddad0f9ef6132694383386bbcbe29dafef,ΠΡΑΣΙΑΙ,2,πρασιά,False,"[{""token_id"": ""106183"", ""citation"": ""MARK 6.40"", ""raw_form"": ""πρασιαὶ""}]"
syntacticus:Nb:89b5c1971019d3669ab0f33c67c32b27549e82ac7c227e1a26ee27b280728607,ΠΡΑΥΠΑΘΙΑΝ,1,πραΰτης,False,"[{""token_id"": ""460225"", ""citation"": ""1TIM 6.11"", ""raw_form"": ""πραϋπαθίαν""}]"
syntacticus:Nb:eb503ff76822893f6f399a8c3025e4b79d772759a0452ced461071ed56a84f41,ΠΡΑΥΤΗΣ,1,πραΰτης,False,"[{""token_id"": ""439770"", ""citation"": ""GAL 5.23"", ""raw_form"": ""πραΰτης""}]"
syntacticus:Nb:7a415a42efa5315ef7a8a0922be1abd23909dc86703c24395b0a6dccda180236,ΠΡΑΥΤΗΤΑ,2,πραΰτης,False,"[{""token_id"": ""451756"", ""citation"": ""COL 3.12"", ""raw_form"": ""πραΰτητα""}]"
syntacticus:Nb:9b97cb525fe2de81e77d3065121638d50b7c6a48f77f973cd91767528bf06aa4,ΠΡΑΥΤΗΤΙ,3,πραΰτης,False,"[{""token_id"": ""462752"", ""citation"": ""2TIM 2.25"", ""raw_form"": ""πραΰτητι""}]"
syntacticus:Nb:89cca7b7007b68208067070583cda9d7fe808d807c9754667689cd6358ed4b62,ΠΡΑΥΤΗΤΟΣ,4,πραΰτης,False,"[{""token_id"": ""415326"", ""citation"": ""1COR 4.21"", ""raw_form"": ""πραΰτητος""}]"
syntacticus:Nb:4016b86d33f1f1d00b51cca296aa6194d1b9d6f07f83303d421715b01c0ce7af,ΠΡΕΣΒΕΙΑΝ,2,πρεσβεία,False,"[{""token_id"": ""334107"", ""citation"": ""LUKE 14.32"", ""raw_form"": ""πρεσβείαν""}]"
syntacticus:Nb:0dff100b9710a3daa6c23940f7105d63121e229817d461fdf5e01115161874a5,ΠΡΕΣΒΥΤΑΣ,1,πρεσβύτης,False,"[{""token_id"": ""464928"", ""citation"": ""TIT 2.2"", ""raw_form"": ""πρεσβύτας""}]"
syntacticus:Nb:e97d0bd98fd2f99d29e98c36a879a61f5e6270b3d6d5cf7cb7602268a0216a5c,ΠΡΕΣΒΥΤΕΡΙΟΝ,2,πρεσβυτέριον,False,"[{""token_id"": ""340476"", ""citation"": ""LUKE 22.66"", ""raw_form"": ""πρεσβυτέριον""}]"
syntacticus:Nb:181abf7668cd151978a8b1825f78b4ec4d19a3c4390a159f97ba93534e855802,ΠΡΕΣΒΥΤΕΡΙΟΥ,1,πρεσβυτέριον,False,"[{""token_id"": ""459579"", ""citation"": ""1TIM 4.14"", ""raw_form"": ""πρεσβυτερίου""}]"
syntacticus:Nb:0c90c795ada678fc9e3715932606e30b6136ba08883435cca714b8abb85f9fb2,ΠΡΕΣΒΥΤΗΣ,2,πρεσβύτης,False,"[{""token_id"": ""320371"", ""citation"": ""LUKE 1.18"", ""raw_form"": ""πρεσβύτης""}]"
syntacticus:Nb:ec364a16853fdbffee8b4a122dbfa11e9f0fbfb3c6bb2a1f34b97f96f48eab35,ΠΡΕΣΒΥΤΙΔΑΣ,1,πρεσβῦτις,False,"[{""token_id"": ""464946"", ""citation"": ""TIT 2.3"", ""raw_form"": ""πρεσβύτιδας""}]"
syntacticus:Nb:1077d287c6b790c8ea71065e7acfea0d5122ffb05a89c94d2c45b1295e43fc24,ΠΡΟΑΥΛΙΟΝ,1,προαύλιον,False,"[{""token_id"": ""113500"", ""citation"": ""MARK 14.68"", ""raw_form"": ""προαύλιον""}]"
syntacticus:Nb:a9d692987e868967e1bf11fc58d875c6337dad941c700c0734fbed5171bab0f8,ΠΡΟΒΑΤΑ,24,πρόβατον,False,"[{""token_id"": ""272215"", ""citation"": ""MATT 9.36"", ""raw_form"": ""πρόβατα""}]"
syntacticus:Nb:c34920dae443138adbcd0cda57b992a90f88d7f68f11f273af3e79dbecd76477,ΠΡΟΒΑΤΙΑ,2,πρόβατον,False,"[{""token_id"": ""360483"", ""citation"": ""JOHN 21.16"", ""raw_form"": ""προβάτιά""}]"
syntacticus:Nb:dcd74d53623768523fc85ecd52a57703083f87085cf3d8cd4f6ade06c65c38e4,ΠΡΟΒΑΤΟΝ,3,πρόβατον,False,"[{""token_id"": ""273835"", ""citation"": ""MATT 12.11"", ""raw_form"": ""πρόβατον""}]"
syntacticus:Nb:84f9afa45604bef5fb49bb6d979c7cfa14d95e4e6658706f24a22a4a02428328,ΠΡΟΒΑΤΟΥ,1,πρόβατον,False,"[{""token_id"": ""273857"", ""citation"": ""MATT 12.12"", ""raw_form"": ""προβάτου""}]"
syntacticus:Nb:f68acd5ee9816ca8480519a75512c570f0ef327490853d2c9ea3c59d900fc949,ΠΡΟΒΑΤΩΝ,8,πρόβατον,False,"[{""token_id"": ""270535"", ""citation"": ""MATT 7.15"", ""raw_form"": ""προβάτων""}]"
syntacticus:Nb:97210411407dcdc3379114c7b7501abd44070b5ddd933d71baf743894febc886,ΠΡΟΓΝΩΣΕΙ,1,πρόγνωσις,False,"[{""token_id"": ""378906"", ""citation"": ""ACTS 2.23"", ""raw_form"": ""προγνώσει""}]"
syntacticus:Nb:b38fd8bf55afe8e74a7921427144182353ce3e839b4a8ab1bd1453bea7299575,ΠΡΟΓΝΩΣΙΝ,1,πρόγνωσις,False,"[{""token_id"": ""480549"", ""citation"": ""1PET 1.2"", ""raw_form"": ""πρόγνωσιν""}]"
syntacticus:Nb:179b46c2a28a3ba5f984552673004db2c77e2b24458c5f9caa25e88e9fe7906b,ΠΡΟΓΟΝΟΙΣ,1,πρόγονος,False,"[{""token_id"": ""459665"", ""citation"": ""1TIM 5.4"", ""raw_form"": ""προγόνοις""}]"
syntacticus:Nb:56b47890148534570549294efb5c67963b5284569a53aa6e009e9e1445a18932,ΠΡΟΓΟΝΩΝ,1,πρόγονος,False,"[{""token_id"": ""462038"", ""citation"": ""2TIM 1.3"", ""raw_form"": ""προγόνων""}]"
syntacticus:Nb:a097ae5e925f2fd836633e8acfd903c84aa5cfd1110a7894c838f7c509780cc2,ΠΡΟΔΟΤΑΙ,2,προδότης,False,"[{""token_id"": ""383009"", ""citation"": ""ACTS 7.52"", ""raw_form"": ""προδόται""}]"
syntacticus:Nb:dcd1ca161774319caee44278b8be5b6ea742dc9d4319575885061ea45f67c672,ΠΡΟΔΟΤΗΣ,1,προδότης,False,"[{""token_id"": ""325070"", ""citation"": ""LUKE 6.16"", ""raw_form"": ""προδότης""}]"
syntacticus:Nb:83db57d8fffdc2be671db130ac26e989b7b50a37acc35e71235c8d6179b05e2d,ΠΡΟΘΕΣΕΙ,2,πρόθεσις,False,"[{""token_id"": ""386219"", ""citation"": ""ACTS 11.23"", ""raw_form"": ""προθέσει""}]"
syntacticus:Nb:c8f899b3c3082d56ac88da28c11690ce1c65b560a95e0e0b77c16e35bcd91169,ΠΡΟΘΕΣΕΩΣ,4,πρόθεσις,False,"[{""token_id"": ""273713"", ""citation"": ""MATT 12.4"", ""raw_form"": ""προθέσεως""}]"
syntacticus:Nb:884371bddc9ec8b6bfeddcc34b7f1837a7eedf983f134b01264bbc7ce8af7b80,ΠΡΟΘΕΣΙΝ,4,πρόθεσις,False,"[{""token_id"": ""757267"", ""citation"": ""ROM 8.28"", ""raw_form"": ""πρόθεσιν""}]"
syntacticus:Nb:13923972a5444c2fe4c55e3699ad4c86964928d91d0cc824f70f0accd624347c,ΠΡΟΘΕΣΙΣ,2,πρόθεσις,False,"[{""token_id"": ""757511"", ""citation"": ""ROM 9.11"", ""raw_form"": ""πρόθεσις""}]"
syntacticus:Nb:e91c67b7ec0818701979eeb8585741fddb391de2f8709a5e905112a0d67c9b46,ΠΡΟΘΕΣΜΙΑΣ,1,προθεσμία,False,"[{""token_id"": ""438927"", ""citation"": ""GAL 4.2"", ""raw_form"": ""προθεσμίας""}]"
syntacticus:Nb:594ff5de6e836f836b632097881533aa88061bba7d2b61aeacd30b188347cc9d,ΠΡΟΘΥΜΙΑ,2,προθυμία,False,"[{""token_id"": ""430961"", ""citation"": ""2COR 8.11"", ""raw_form"": ""προθυμία""}]"
syntacticus:Nb:b2450a1986d736602c8b4d704db674d9f6eb8ff4456aaa7cd6268956a1ff23d6,ΠΡΟΘΥΜΙΑΝ,2,προθυμία,False,"[{""token_id"": ""431117"", ""citation"": ""2COR 8.19"", ""raw_form"": ""προθυμίαν""}]"
syntacticus:Nb:3ae7a764d7079be641639e430ae2633331eb41ae0d9cb7b7070255cd255e26b0,ΠΡΟΘΥΜΙΑΣ,1,προθυμία,False,"[{""token_id"": ""390274"", ""citation"": ""ACTS 17.11"", ""raw_form"": ""προθυμίας""}]"
syntacticus:Nb:18d1e105f249dbeca8294fde89c7a0a367a6484d414c7d4bb793e325793ac1e9,ΠΡΟΚΟΠΗ,1,προκοπή,False,"[{""token_id"": ""459591"", ""citation"": ""1TIM 4.15"", ""raw_form"": ""προκοπὴ""}]"
syntacticus:Nb:19c3b45d9c0b716a17dd3698ce2f01b6f1b2e051d6f118f03fda9e831b8253b2,ΠΡΟΚΟΠΗΝ,2,προκοπή,False,"[{""token_id"": ""447301"", ""citation"": ""PHIL 1.12"", ""raw_form"": ""προκοπὴν""}]"
syntacticus:Nb:0e564fda3213b7ab8b77356344c2c583f1b358a716c8b8e4b71dc85a946198c8,ΠΡΟΚΡΙΜΑΤΟΣ,1,πρόκριμα,False,"[{""token_id"": ""459938"", ""citation"": ""1TIM 5.21"", ""raw_form"": ""προκρίματος""}]"
syntacticus:Nb:e4a4b76ae34e7373d727a60c257040904059af4faaa00463747fc522e4db0267,ΠΡΟΝΟΙΑΝ,1,πρόνοια,False,"[{""token_id"": ""405514"", ""citation"": ""ROM 13.14"", ""raw_form"": ""πρόνοιαν""}]"
syntacticus:Nb:7f69230da1b99f874cabb7a668990400203ef2aeb0b0e9304e9a4db111006048,ΠΡΟΝΟΙΑΣ,1,πρόνοια,False,"[{""token_id"": ""395309"", ""citation"": ""ACTS 24.3"", ""raw_form"": ""προνοίας""}]"
syntacticus:Nb:981ef2086362dfd00a873951404c5541202917cc7948d1e05bd3ec8eca80604d,ΠΡΟΠΑΤΟΡΑ,1,πατήρ,False,"[{""token_id"": ""400530"", ""citation"": ""ROM 4.1"", ""raw_form"": ""προπάτορα""}]"
syntacticus:Nb:4959160a46fc4f73c2ef2e14c04195241f01285e79350b2630af40cb9b747a37,ΠΡΟΣΑΒΒΑΤΟΝ,1,προσάββατον,False,"[{""token_id"": ""114255"", ""citation"": ""MARK 15.42"", ""raw_form"": ""προσάββατον""}]"
syntacticus:Nb:de7ebc168e8a7c93acc99cbf6da3157faa48be741e6b1b9cc1747326378a4e4d,ΠΡΟΣΑΓΩΓΗΝ,3,προσαγωγή,False,"[{""token_id"": ""400993"", ""citation"": ""ROM 5.2"", ""raw_form"": ""προσαγωγὴν""}]"
syntacticus:Nb:0cd74db18fe19f36f81ea30bc01a8d46e899b370faf1046ad1bc4aa4a6711cda,ΠΡΟΣΑΙΤΗΣ,2,προσαίτης,False,"[{""token_id"": ""109821"", ""citation"": ""MARK 10.46"", ""raw_form"": ""προσαίτης""}]"
syntacticus:Nb:95cecbe4977ca279f7d90723c1855b49e3ba96b154e6e2d2885cd8f56a5816bd,ΠΡΟΣΔΟΚΙΑΣ,2,προσδοκία,False,"[{""token_id"": ""339102"", ""citation"": ""LUKE 21.26"", ""raw_form"": ""προσδοκίας""}]"
syntacticus:Nb:2357a144d76309e23a8b0ffdcb3e1d7ef6bdebafb76581daa40d38629ed4c444,ΠΡΟΣΕΥΧΑΙ,2,προσευχή,False,"[{""token_id"": ""384901"", ""citation"": ""ACTS 10.4"", ""raw_form"": ""προσευχαί""}]"
syntacticus:Nb:6b6864f8dd060f1a75a1d6067f2cec4ab79a2fdefe674c26fe2a22de8c285059,ΠΡΟΣΕΥΧΑΙΣ,6,προσευχή,False,"[{""token_id"": ""379309"", ""citation"": ""ACTS 2.42"", ""raw_form"": ""προσευχαῖς""}]"
syntacticus:Nb:078032b5ebc68932b4fd59337b508d5cf9a88eaf6dbc8841fc24dc205ce3afa9,ΠΡΟΣΕΥΧΑΣ,1,προσευχή,False,"[{""token_id"": ""458889"", ""citation"": ""1TIM 2.1"", ""raw_form"": ""προσευχάς""}]"
syntacticus:Nb:f3f539683468b579e5a23995e5f86ad2890300dc29b2639e6bcbdd7a15fe7b40,ΠΡΟΣΕΥΧΗ,2,προσευχή,False,"[{""token_id"": ""385406"", ""citation"": ""ACTS 10.31"", ""raw_form"": ""προσευχὴ""}]"
syntacticus:Nb:1a7e5a93e56e71b424d3bcfa83d5959c1b64f74ee188e04b3bac68d5ba23b9d8,ΠΡΟΣΕΥΧΗΝ,2,προσευχή,False,"[{""token_id"": ""389487"", ""citation"": ""ACTS 16.13"", ""raw_form"": ""προσευχὴν""}]"
syntacticus:Nb:6736d7c57b25636e5deca49b1588e943bd78de630240bf73b4cccfc6a528e5cf,ΠΡΟΣΕΥΧΗΣ,6,προσευχή,False,"[{""token_id"": ""280651"", ""citation"": ""MATT 21.13"", ""raw_form"": ""προσευχῆς""}]"
syntacticus:Nb:b9f6b379ab007c00b43cf702a1b81f304de4d44428d819ee7206261a200121b6,ΠΡΟΣΕΥΧΩΝ,5,προσευχή,False,"[{""token_id"": ""399058"", ""citation"": ""ROM 1.10"", ""raw_form"": ""προσευχῶν""}]"
syntacticus:Nb:e2b007d06fa4efc1a77531bcfad9d841c36b5e7ad254386de52ca120ecd34611,ΠΡΟΣΗΛΥΤΟΙ,1,προσήλυτος,False,"[{""token_id"": ""378646"", ""citation"": ""ACTS 2.10"", ""raw_form"": ""προσήλυτοι""}]"
syntacticus:Nb:f12717cf87a06d394c9b9ac62b959266c3eef3a15c38710193ce1add05211b48,ΠΡΟΣΗΛΥΤΟΝ,2,προσήλυτος,False,"[{""token_id"": ""282381"", ""citation"": ""MATT 23.15"", ""raw_form"": ""προσήλυτον""}]"
syntacticus:Nb:678258a4fb3c7cc75c64c7725fcf9cb3cceb413ed27d338de9bfd57e5bf9131d,ΠΡΟΣΗΛΥΤΩΝ,1,προσήλυτος,False,"[{""token_id"": ""387750"", ""citation"": ""ACTS 13.43"", ""raw_form"": ""προσηλύτων""}]"
syntacticus:Nb:aff597b2593bdae26fb46b992965a012cf615e94142893b97e5328c7c8f0e318,ΠΡΟΣΚΑΡΤΕΡΗΣΕΙ,1,προσκαρτέρησις,False,"[{""token_id"": ""444837"", ""citation"": ""EPH 6.18"", ""raw_form"": ""προσκαρτερήσει""}]"
syntacticus:Nb:6431cc7bf03e41a52849b5d0d56353091297ea9b4eb514e44c3e4f8345be3af0,ΠΡΟΣΚΕΦΑΛΑΙΟΝ,1,προσκεφάλαιον,False,"[{""token_id"": ""104487"", ""citation"": ""MARK 4.38"", ""raw_form"": ""προσκεφάλαιον""}]"
syntacticus:Nb:fa17be2c413ead96c4477d98068c14dacf949256989bf43309fc226213072c88,ΠΡΟΣΚΛΙΣΙΝ,1,πρόσκλισις,False,"[{""token_id"": ""459943"", ""citation"": ""1TIM 5.21"", ""raw_form"": ""πρόσκλισιν""}]"
syntacticus:Nb:154be6796828180b5d300d50e09b34cf444ef8ed1b3ffefc281c869e6b09ba09,ΠΡΟΣΚΟΜΜΑ,2,πρόσκομμα,False,"[{""token_id"": ""405769"", ""citation"": ""ROM 14.13"", ""raw_form"": ""πρόσκομμα""}]"
syntacticus:Nb:49da9f258950a489295f96776905643f081701d9096b883d6e8b23502aeff43b,ΠΡΟΣΚΟΜΜΑΤΟΣ,4,πρόσκομμα,False,"[{""token_id"": ""403731"", ""citation"": ""ROM 9.32"", ""raw_form"": ""προσκόμματος""}]"
syntacticus:Nb:87e7212e0d2702bba45802b4bb6006a28070f45e9b934b7522779889ce3b28a2,ΠΡΟΣΚΟΠΗΝ,1,προσκοπή,False,"[{""token_id"": ""430085"", ""citation"": ""2COR 6.3"", ""raw_form"": ""προσκοπήν""}]"
syntacticus:Nb:d85d22bb69c7f5b9ba005c0f6aada627c0297be9e6e9174647da8d78ba8a7e62,ΠΡΟΣΚΥΝΗΤΑΙ,1,προσκυνητής,False,"[{""token_id"": ""345094"", ""citation"": ""JOHN 4.23"", ""raw_form"": ""προσκυνηταὶ""}]"
syntacticus:Nb:2d2f09def044a15adfb37c5c8ceff8c04de1553ef6bdbaf991cf4a71256e8dd1,ΠΡΟΣΛΗΜΨΙΣ,1,πρόσλημψις,False,"[{""token_id"": ""404442"", ""citation"": ""ROM 11.15"", ""raw_form"": ""πρόσλημψις""}]"
syntacticus:Nb:9ec1fefe4c074ef59585d07fc081a68de4ed636a2148485933446877c022df5a,ΠΡΟΣΤΑΤΙΣ,1,προστάτις,False,"[{""token_id"": ""406621"", ""citation"": ""ROM 16.2"", ""raw_form"": ""προστάτις""}]"
syntacticus:Nb:45aa7c4e67f249698b4dd568c8e9b3035b1edcacbb29d5b1f5961d8ab071d21f,ΠΡΟΣΦΑΓΙΟΝ,1,προσφάγιον,False,"[{""token_id"": ""360204"", ""citation"": ""JOHN 21.5"", ""raw_form"": ""προσφάγιον""}]"
syntacticus:Nb:c0de59f3277b8af9c9ac2c6072b4b82dfd938e495883634e14e0a62188045d09,ΠΡΟΣΦΟΡΑ,3,προσφορά,False,"[{""token_id"": ""393528"", ""citation"": ""ACTS 21.26"", ""raw_form"": ""προσφορά""}]"
syntacticus:Nb:ae08d33bbbdb9f2507260643a19ced7b01141dc429121a2c40db2763b0313ea0,ΠΡΟΣΦΟΡΑΝ,2,προσφορά,False,"[{""token_id"": ""444016"", ""citation"": ""EPH 5.2"", ""raw_form"": ""προσφορὰν""}]"
syntacticus:Nb:f5362b6ecedf1b5b58f506d2c53ffd8f4e55c5d2b254fab9aaf678961c636e52,ΠΡΟΣΦΟΡΑΣ,3,προσφορά,False,"[{""token_id"": ""395553"", ""citation"": ""ACTS 24.17"", ""raw_form"": ""προσφοράς""}]"
syntacticus:Nb:458bae0bbdef3ac3bb6dbf3f6cd5134b2b6fa68324b9c12eb06fde51ac4df7b5,ΠΡΟΣΧΥΣΙΝ,1,πρόσχυσις,False,"[{""token_id"": ""471034"", ""citation"": ""HEB 11.28"", ""raw_form"": ""πρόσχυσιν""}]"
syntacticus:Nb:a1cf94c562e69f8dd4b8ec56bcff10f434f6c23f879c9a987d05a79d733f4815,ΠΡΟΣΩΠΑ,6,πρόσωπον,False,"[{""token_id"": ""269832"", ""citation"": ""MATT 6.16"", ""raw_form"": ""πρόσωπα""}]"
syntacticus:Nb:73d52f251796afe2b66771b1e0f0e6c02090917aaa7503ddb60cb755c116145b,ΠΡΟΣΩΠΟΛΗΜΠΤΗΣ,1,προσωπολήμπτης,False,"[{""token_id"": ""385478"", ""citation"": ""ACTS 10.34"", ""raw_form"": ""προσωπολήμπτης""}]"
syntacticus:Nb:81e6378c6fefa0af6894ef9a54501eb1c79d03230615e4c253b86c9d0d521ec7,ΠΡΟΣΩΠΟΛΗΜΨΙΑ,3,προσωπολημψία,False,"[{""token_id"": ""399710"", ""citation"": ""ROM 2.11"", ""raw_form"": ""προσωπολημψία""}]"
syntacticus:Nb:7b5d5c05c498f2b5d3a04022a9acf6de85a72077cc5cdeabdab9d0cf289fa918,ΠΡΟΣΩΠΟΛΗΜΨΙΑΙΣ,1,προσωποληψία,False,"[{""token_id"": ""477318"", ""citation"": ""JAS 2.1"", ""raw_form"": ""προσωπολημψίαις""}]"
syntacticus:Nb:3f29cce9ce57487fe6d7cf708a08941a09e837bc795607f102706030e16e952b,ΠΡΟΣΩΠΟΝ,42,πρόσωπον,False,"[{""token_id"": ""269858"", ""citation"": ""MATT 6.17"", ""raw_form"": ""πρόσωπόν""}]"
syntacticus:Nb:766074bd07326a505042e2f14d194a9f88533b12c1b36d00b89c0d0d77615936,ΠΡΟΣΩΠΟΥ,19,πρόσωπον,False,"[{""token_id"": ""273235"", ""citation"": ""MATT 11.10"", ""raw_form"": ""προσώπου""}]"
syntacticus:Nb:6326d37b9aecc6036e884df61097bbbc6ff3e6845ba96907e5d3e291e9e76d9a,ΠΡΟΣΩΠΩΝ,1,πρόσωπον,False,"[{""token_id"": ""428335"", ""citation"": ""2COR 1.11"", ""raw_form"": ""προσώπων""}]"
syntacticus:Nb:59d8cb5a6b74e9e62d20e624089012d00c4c742883ee38d82c0fd10320f97f68,ΠΡΟΦΑΣΕΙ,5,πρόφασις,False,"[{""token_id"": ""111432"", ""citation"": ""MARK 12.40"", ""raw_form"": ""προφάσει""}]"
syntacticus:Nb:0af2dfb21367b28b0457602940a53302af177d130ae7656186eb0637d248bfa2,ΠΡΟΦΑΣΙΝ,1,πρόφασις,False,"[{""token_id"": ""356164"", ""citation"": ""JOHN 15.22"", ""raw_form"": ""πρόφασιν""}]"
syntacticus:Nb:47617073d260f7416916be3005f91114598522555b53e74942888c21fb27b2d2,ΠΡΟΦΗΤΑΙ,21,προφήτης,False,"[{""token_id"": ""270473"", ""citation"": ""MATT 7.12"", ""raw_form"": ""προφῆται""}]"
syntacticus:Nb:58f64fc02e1be7e29c4b76a4dff54634efc4dff3ffe8abe61ab0e271caf46ebf,ΠΡΟΦΗΤΑΙΣ,10,προφήτης,False,"[{""token_id"": ""325232"", ""citation"": ""LUKE 6.23"", ""raw_form"": ""προφήταις""}]"
syntacticus:Nb:19f4e06355a4ee28b969907d0641fbecd48eaa7f429fa82f8382b1516b8604f4,ΠΡΟΦΗΤΑΣ,15,προφήτης,False,"[{""token_id"": ""268709"", ""citation"": ""MATT 5.12"", ""raw_form"": ""προφήτας""}]"
syntacticus:Nb:5ca249255040b0f6f23f052c5bbdaa1faa4d2802a2ee02e67c60df0d7018d7dc,ΠΡΟΦΗΤΕΙΑ,3,προφητεία,False,"[{""token_id"": ""274896"", ""citation"": ""MATT 13.14"", ""raw_form"": ""προφητεία""}]"
syntacticus:Nb:93c4c11644594751fdeccd101b27d1829dae4f277ff9f25555ca16bbec69fc8f,ΠΡΟΦΗΤΕΙΑΙ,1,προφητεία,False,"[{""token_id"": ""419419"", ""citation"": ""1COR 13.8"", ""raw_form"": ""προφητεῖαι""}]"
syntacticus:Nb:9fa89e2930ae170abfc8a1a6c9bcb8ffb67e5492df11b8231446a017e3932ab6,ΠΡΟΦΗΤΕΙΑΝ,2,προφητεία,False,"[{""token_id"": ""404971"", ""citation"": ""ROM 12.6"", ""raw_form"": ""προφητείαν""}]"
syntacticus:Nb:d711201eecd9ffa75f2a5f200f7b6cd71d164a587886ae99b1133e432c6680ae,ΠΡΟΦΗΤΕΙΑΣ,10,προφητεία,False,"[{""token_id"": ""455354"", ""citation"": ""1THESS 5.20"", ""raw_form"": ""προφητείας""}]"
syntacticus:Nb:44f29a845e7fb10317ad31d7141d51e74cab20969e9fee9c2571f00904414b8d,ΠΡΟΦΗΤΗΝ,12,προφήτης,False,"[{""token_id"": ""273023"", ""citation"": ""MATT 10.41"", ""raw_form"": ""προφήτην""}]"
syntacticus:Nb:e79417000c460bd81edfcd3785a379f10d7be6d3a40c2072216945b0f9a5724d,ΠΡΟΦΗΤΗΣ,28,προφήτης,False,"[{""token_id"": ""275861"", ""citation"": ""MATT 13.57"", ""raw_form"": ""προφήτης""}]"
syntacticus:Nb:f55835f33fc27449d3fd85ebdeb64da14ad918d2ac86112821e8946208824564,ΠΡΟΦΗΤΙΝ,1,προφῆτις,False,"[{""token_id"": ""493637"", ""citation"": ""REV 2.20"", ""raw_form"": ""προφῆτιν""}]"
syntacticus:Nb:df1bbc701c1ba795707c033932e7c2eb8a32629d23ec6995ea6425bfb4e85663,ΠΡΟΦΗΤΙΣ,1,προφῆτις,False,"[{""token_id"": ""322032"", ""citation"": ""LUKE 2.36"", ""raw_form"": ""προφῆτις""}]"
syntacticus:Nb:3ab745d7467e17e6c0ef92ea2ae295e4c3e633e44e772a51ad55decaf7aa9259,ΠΡΟΦΗΤΟΥ,25,προφήτης,False,"[{""token_id"": ""267125"", ""citation"": ""MATT 1.22"", ""raw_form"": ""προφήτου""}]"
syntacticus:Nb:33f0337f3417a4a802706d4313c0becff1c7441e16248cac7555174ab7be9e63,ΠΡΟΦΗΤΩΝ,31,προφήτης,False,"[{""token_id"": ""267694"", ""citation"": ""MATT 2.23"", ""raw_form"": ""προφητῶν""}]"
syntacticus:Nb:997cb0480f44c659b919ef2417c890ac9d71962420864cafd0f74eefe6f9d807,ΠΡΥΜΝΑ,1,πρύμνα,False,"[{""token_id"": ""397809"", ""citation"": ""ACTS 27.41"", ""raw_form"": ""πρύμνα""}]"
syntacticus:Nb:8e1b385891da19ca03abee1c5bfe6739a61a4981a11ca74083665b72d1fe55c5,ΠΡΥΜΝΗΣ,1,πρύμνα,False,"[{""token_id"": ""397574"", ""citation"": ""ACTS 27.29"", ""raw_form"": ""πρύμνης""}]"
syntacticus:Nb:af4b67c5b985e82bdb16e73453ed05595b3121dd01376552b3471bee0de79256,ΠΡΩΙΑΣ,2,πρωΐα,False,"[{""token_id"": ""286126"", ""citation"": ""MATT 27.1"", ""raw_form"": ""Πρωΐας""}]"
syntacticus:Nb:dcab8774ab818e082cbf5fb0fb2a29883d91ee7718c56b3f1e640f4b3bcee2dc,ΠΡΩΤΟΚΑΘΕΔΡΙΑΝ,1,πρωτοκαθεδρία,False,"[{""token_id"": ""331269"", ""citation"": ""LUKE 11.43"", ""raw_form"": ""πρωτοκαθεδρίαν""}]"
syntacticus:Nb:9bf8638956db658cdcfffdd0ace54e2b8a36c81dff2459a742a0301b8c72cec0,ΠΡΩΤΟΚΑΘΕΔΡΙΑΣ,3,πρωτοκαθεδρία,False,"[{""token_id"": ""282246"", ""citation"": ""MATT 23.6"", ""raw_form"": ""πρωτοκαθεδρίας""}]"
syntacticus:Nb:5988aed70fbca81d90f922926fda823ab435dae9b9157052b133203d7c886da5,ΠΡΩΤΟΚΛΙΣΙΑΝ,2,πρωτοκλισία,False,"[{""token_id"": ""282240"", ""citation"": ""MATT 23.6"", ""raw_form"": ""πρωτοκλισίαν""}]"
syntacticus:Nb:c9ec5dd5496c3d3c9cb1b6313043cd87cb88f330536cd9c394d7fea10cd0e667,ΠΡΩΤΟΚΛΙΣΙΑΣ,3,πρωτοκλισία,False,"[{""token_id"": ""111420"", ""citation"": ""MARK 12.39"", ""raw_form"": ""πρωτοκλισίας""}]"
syntacticus:Nb:173244f58660a829a00c11b63b9a20ac2a3d839161b8ce5eed64b6b20e4ee3fe,ΠΡΩΤΟΣΤΑΤΗΝ,1,πρωτοστάτης,False,"[{""token_id"": ""395357"", ""citation"": ""ACTS 24.5"", ""raw_form"": ""πρωτοστάτην""}]"
syntacticus:Nb:e1c5a121ff65226539188b6f8dced60a9e4e3d9b7b24e61ebf967af08d0a232f,ΠΡΩΤΟΤΟΚΙΑ,1,πρωτοτόκια,False,"[{""token_id"": ""471576"", ""citation"": ""HEB 12.16"", ""raw_form"": ""πρωτοτόκια""}]"
syntacticus:Nb:95197edc524b74427abca5887003027af5871d53c7535485b5adfea66d3d6e87,ΠΤΕΡΝΑΝ,1,πτέρνα,False,"[{""token_id"": ""354609"", ""citation"": ""JOHN 13.18"", ""raw_form"": ""πτέρναν""}]"
syntacticus:Nb:46970d85ac396eb337bcd0f47acf0675c89d4bfd212043116f61b2ca5fffacaf,ΠΤΕΡΥΓΑΣ,3,πτέρυξ,False,"[{""token_id"": ""282862"", ""citation"": ""MATT 23.37"", ""raw_form"": ""πτέρυγας""}]"
syntacticus:Nb:85089a6aa135f010b9d75dad6538b3e1686c550f540bd60e1d80f82d06881d98,ΠΤΕΡΥΓΕΣ,1,πτέρυξ,False,"[{""token_id"": ""498214"", ""citation"": ""REV 12.14"", ""raw_form"": ""πτέρυγες""}]"
syntacticus:Nb:f4a418acd8e34f4760fd902cdea580b108d05a9e0d1e8c0072751726e4566fd1,ΠΤΕΡΥΓΙΟΝ,2,πτερύγιον,False,"[{""token_id"": ""268156"", ""citation"": ""MATT 4.5"", ""raw_form"": ""πτερύγιον""}]"
syntacticus:Nb:0c9c10631efe037f1ff718de215fcc3369f73cf3453bfc679e17d37f03681e42,ΠΤΕΡΥΓΩΝ,1,πτέρυξ,False,"[{""token_id"": ""496625"", ""citation"": ""REV 9.9"", ""raw_form"": ""πτερύγων""}]"
syntacticus:Nb:6171e0843f56b0858aa8cdd118446af774e73a36728569c73811fe64abc083b7,ΠΤΥΟΝ,2,πτύον,False,"[{""token_id"": ""267933"", ""citation"": ""MATT 3.12"", ""raw_form"": ""πτύον""}]"
syntacticus:Nb:82b4e1321dce23b461f6b22781f10f4916b0b8ccd86a492b2d8d655246f5ccae,ΠΤΥΣΜΑΤΟΣ,1,πτύσμα,False,"[{""token_id"": ""350582"", ""citation"": ""JOHN 9.6"", ""raw_form"": ""πτύσματος""}]"
syntacticus:Nb:863a86c721c59202afce31489b7dcc45e07a04d900c32d05840e71111264a85c,ΠΤΩΜΑ,6,πτῶμα,False,"[{""token_id"": ""276067"", ""citation"": ""MATT 14.12"", ""raw_form"": ""πτῶμα""}]"
syntacticus:Nb:b6ac39bc99fea620fe05b34fad5389b557c98733fd726dfff3985f0a9eda964a,ΠΤΩΜΑΤΑ,1,πτῶμα,False,"[{""token_id"": ""497516"", ""citation"": ""REV 11.9"", ""raw_form"": ""πτώματα""}]"
syntacticus:Nb:8cdd2615bf1361b209e387b80f69c4bf18c7a1a1721b2ae7776fbd4eed6b13ba,ΠΤΩΣΙΝ,1,πτῶσις,False,"[{""token_id"": ""322000"", ""citation"": ""LUKE 2.34"", ""raw_form"": ""πτῶσιν""}]"
syntacticus:Nb:0f29539e3bbbd298c32b2d91344df0484eff346a3ce1deba646c141440e02438,ΠΤΩΣΙΣ,1,πτῶσις,False,"[{""token_id"": ""270790"", ""citation"": ""MATT 7.27"", ""raw_form"": ""πτῶσις""}]"
syntacticus:Nb:1675c0611d6001e45e99c260c65512ef526e791f326c48369cbba4ad9dafd045,ΠΤΩΧΕΙΑ,1,πτωχεία,False,"[{""token_id"": ""430784"", ""citation"": ""2COR 8.2"", ""raw_form"": ""πτωχεία""}]"
syntacticus:Nb:419b2fef43635bb14805f96ad34762148dcd13e7da45328a88482d216c959dbc,ΠΤΩΧΕΙΑΝ,1,πτωχεία,False,"[{""token_id"": ""493316"", ""citation"": ""REV 2.9"", ""raw_form"": ""πτωχείαν""}]"
syntacticus:Nb:103e7b016fb3b3a7670c5db9fc2e86e73f48ded4afdf3bd6065da0874e2181b0,ΠΥΛΑΙ,1,πύλη,False,"[{""token_id"": ""277568"", ""citation"": ""MATT 16.18"", ""raw_form"": ""πύλαι""}]"
syntacticus:Nb:c372b06faa085907b9946deb2838692df75a990dd8bc5d54d8c7571aacab0363,ΠΥΛΑΣ,1,πύλη,False,"[{""token_id"": ""384415"", ""citation"": ""ACTS 9.24"", ""raw_form"": ""πύλας""}]"
syntacticus:Nb:84e8eb7674291efc4cf433ef98291d7d52e62f61a39b33267285ca7f5a56a729,ΠΥΛΗΝ,1,πύλη,False,"[{""token_id"": ""386566"", ""citation"": ""ACTS 12.10"", ""raw_form"": ""πύλην""}]"
syntacticus:Nb:cc581643786cc345a070ffd15cf9b3e16af207da3e305417a8ec2147230db04b,ΠΥΛΗΣ,2,πύλη,False,"[{""token_id"": ""270479"", ""citation"": ""MATT 7.13"", ""raw_form"": ""πύλης""}]"
syntacticus:Nb:c26f2d88f9c1dcd1e121e206c385e94154c57db5fc625d8712dd999058f0f4dc,ΠΥΛΩΝΑ,4,πυλών,False,"[{""token_id"": ""286034"", ""citation"": ""MATT 26.71"", ""raw_form"": ""πυλῶνα""}]"
syntacticus:Nb:50d6456d0dc6f30158d1d97f475bd0cbccceb354189d4b740dbf7df7938119e3,ΠΥΛΩΝΑΣ,3,πυλών,False,"[{""token_id"": ""388181"", ""citation"": ""ACTS 14.13"", ""raw_form"": ""πυλῶνας""}]"
syntacticus:Nb:fcfd630f50d826dbf75519c32ba3e34c24649e3b57f59c627ded5b47d4bcd63d,ΠΥΛΩΝΕΣ,6,πυλών,False,"[{""token_id"": ""502799"", ""citation"": ""REV 21.13"", ""raw_form"": ""πυλῶνες""}]"
syntacticus:Nb:f08e8284f5c307dc6f88907fe463f1e960d47a87f7d4cba424a58e0877df28f8,ΠΥΛΩΝΟΣ,2,πυλών,False,"[{""token_id"": ""386654"", ""citation"": ""ACTS 12.13"", ""raw_form"": ""πυλῶνος""}]"
syntacticus:Nb:2574d89438f2e8d0a607a421db3aa07a3b08bcc90fd3e4727b02083938432184,ΠΥΛΩΝΩΝ,1,πυλών,False,"[{""token_id"": ""503006"", ""citation"": ""REV 21.21"", ""raw_form"": ""πυλώνων""}]"
syntacticus:Nb:9175f7561d68906761390994cb7089658d8adad9278c177fb5d737189fa14206,ΠΥΛΩΣΙΝ,2,πυλών,False,"[{""token_id"": ""502782"", ""citation"": ""REV 21.12"", ""raw_form"": ""πυλῶσιν""}]"
syntacticus:Nb:896d561960c8cf67556828dad873b2ce37f989f2ed1d7e86148072bbcddc6932,ΠΥΡ,26,πῦρ,False,"[{""token_id"": ""267893"", ""citation"": ""MATT 3.10"", ""raw_form"": ""πῦρ""}]"
syntacticus:Nb:0dcd651158063c1f7cde6319df10d5c0d5a602e7bdac1b2bce4b8d36308f652f,ΠΥΡΑΝ,2,πυρά#1,False,"[{""token_id"": ""397901"", ""citation"": ""ACTS 28.2"", ""raw_form"": ""πυρὰν""}]"
syntacticus:Nb:3c998f5260948171a92dc9404e0b5e01e9b5784daea718b559148de8ba6d3db8,ΠΥΡΓΟΝ,3,πύργος,False,"[{""token_id"": ""281146"", ""citation"": ""MATT 21.33"", ""raw_form"": ""πύργον""}]"
syntacticus:Nb:4d0d98214fa2c5ff741f1e629e31b383db2286ea55aa8f861554489ca430532c,ΠΥΡΓΟΣ,1,πύργος,False,"[{""token_id"": ""332766"", ""citation"": ""LUKE 13.4"", ""raw_form"": ""πύργος""}]"
syntacticus:Nb:922d4004df29444ffe58cae6141f968691fe5232b70ff2bc70050beff80c00bc,ΠΥΡΕΤΟΙΣ,1,πυρετός,False,"[{""token_id"": ""398045"", ""citation"": ""ACTS 28.8"", ""raw_form"": ""πυρετοῖς""}]"
syntacticus:Nb:5325b4daf85aa3d1b9db9cf00e01fa6d770cd02af12e4271fe0b5a46135a2085,ΠΥΡΕΤΟΣ,3,πυρετός,False,"[{""token_id"": ""271122"", ""citation"": ""MATT 8.15"", ""raw_form"": ""πυρετός""}]"
syntacticus:Nb:4f2056eaaa8855084845cd38124c6b008237afd6f491113d2bd0ed162b765612,ΠΥΡΙ,16,πῦρ,False,"[{""token_id"": ""267929"", ""citation"": ""MATT 3.11"", ""raw_form"": ""πυρί""}]"
syntacticus:Nb:b28a7463f1641c4dc38c02d4b845feaa8221abea4b52c58be1bab71c50de4f65,ΠΥΡΟΣ,27,πῦρ,False,"[{""token_id"": ""765680"", ""citation"": ""MATT 5.22"", ""raw_form"": ""πυρός""}]"
syntacticus:Nb:4d1e201b1956ab8bf8839c15d4cc6ece7453215b2b07a786094692a48e6e9b54,ΠΥΡΩΣΕΩΣ,2,πύρωσις,False,"[{""token_id"": ""500961"", ""citation"": ""REV 18.9"", ""raw_form"": ""πυρώσεως""}]"
syntacticus:Nb:ceab4a378d75149e86de8d842510f69906c0967d6a59019e3e50c274f3d17416,ΠΩΛΟΝ,12,πῶλος,False,"[{""token_id"": ""280427"", ""citation"": ""MATT 21.2"", ""raw_form"": ""πῶλον""}]"
syntacticus:Nb:b293cb2f8336d7a65a3dcd0762c1eca7ec2ef372f89ce00cdb410de9a3cb5332,ΠΩΡΩΣΕΙ,1,πώρωσις,False,"[{""token_id"": ""103225"", ""citation"": ""MARK 3.5"", ""raw_form"": ""πωρώσει""}]"
syntacticus:Nb:33b2aa61f0320edb1aa10ae8daa3615c09f862a5ca5d015d0c48b92dd7f7cd83,ΠΩΡΩΣΙΝ,1,πώρωσις,False,"[{""token_id"": ""443772"", ""citation"": ""EPH 4.18"", ""raw_form"": ""πώρωσιν""}]"
syntacticus:Nb:f596456918aba43a3e9add6a46e172cb84ead0e4e6d49eb5a7c21c9108bed37c,ΠΩΡΩΣΙΣ,1,πώρωσις,False,"[{""token_id"": ""759014"", ""citation"": ""ROM 11.25"", ""raw_form"": ""πώρωσις""}]"
syntacticus:Nb:ed31d81805e17b9d44258b80abb620e494870c2f03f9df5ded2e07f06190b814,ΡΑΒΒΕΙ,15,ῥαββί,False,"[{""token_id"": ""282262"", ""citation"": ""MATT 23.7"", ""raw_form"": ""ῥαββεί""}]"
syntacticus:Nb:f9ab7072d3d83ac18d510dac2c70495441161f8efdba152a20db128118fefb13,ΡΑΒΒΟΥΝΙ,2,ῥαββουνί,False,"[{""token_id"": ""109920"", ""citation"": ""MARK 10.51"", ""raw_form"": ""ῥαββουνί""}]"
syntacticus:Nb:70cb7c275dda2279b449e133d0164ba2890ebf0013b8c00ba5865c3755fd5e68,ΡΑΒΔΟΝ,3,ῥάβδος,False,"[{""token_id"": ""272418"", ""citation"": ""MATT 10.10"", ""raw_form"": ""ῥάβδον""}]"
syntacticus:Nb:00881e9309ead04bc5c777233a8e552cd339b77f6b8d362f5d15304643753fe5,ΡΑΒΔΟΣ,3,ῥάβδος,False,"[{""token_id"": ""466747"", ""citation"": ""HEB 1.8"", ""raw_form"": ""ῥάβδος""}]"
syntacticus:Nb:cd86a716f4f36f64a056b81509d8263dbb13dfbca1a115182b3b2a35e3258ec5,ΡΑΒΔΟΥ,1,ῥάβδος,False,"[{""token_id"": ""470925"", ""citation"": ""HEB 11.21"", ""raw_form"": ""ῥάβδου""}]"
syntacticus:Nb:22acf34eab8d330b86286b61fa07524a7adb72c85db215c6853823a49cecc4d5,ΡΑΒΔΟΥΧΟΙ,1,ῥαβδοῦχος,False,"[{""token_id"": ""390009"", ""citation"": ""ACTS 16.38"", ""raw_form"": ""ῥαβδοῦχοι""}]"
syntacticus:Nb:58843860feceefbf5869d73d07ac96adc9a27f02e82201085e23894d7b3c7be5,ΡΑΒΔΟΥΧΟΥΣ,1,ῥαβδοῦχος,False,"[{""token_id"": ""389936"", ""citation"": ""ACTS 16.35"", ""raw_form"": ""ῥαβδούχους""}]"
syntacticus:Nb:3e4c5bc412fb9948f2451a9892ba64b8d58dad4b37c0ce988381c800f941911c,ΡΑΚΟΥΣ,2,ῥάκος,False,"[{""token_id"": ""271823"", ""citation"": ""MATT 9.16"", ""raw_form"": ""ῥάκους""}]"
syntacticus:Nb:cc1bc4d6211217f5f47df68c4f30ee4bc85914bbc83e7250376396578143c42d,ΡΑΝΤΙΣΜΟΝ,1,ῥαντισμός,False,"[{""token_id"": ""480560"", ""citation"": ""1PET 1.2"", ""raw_form"": ""ῥαντισμὸν""}]"
syntacticus:Nb:05799a0e6987b03b94c026548ad497b6f36a9aacd9704a56c8ecabe4a8c87110,ΡΑΝΤΙΣΜΟΥ,1,ῥαντισμός,False,"[{""token_id"": ""471704"", ""citation"": ""HEB 12.24"", ""raw_form"": ""ῥαντισμοῦ""}]"
syntacticus:Nb:dd25c7ff21670387d969dafed397d5e029d7aee57fddbf8959c1d93a5b19f878,ΡΑΠΙΣΜΑ,1,ῥάπισμα,False,"[{""token_id"": ""357992"", ""citation"": ""JOHN 18.22"", ""raw_form"": ""ῥάπισμα""}]"
syntacticus:Nb:376e8694e7bc9e2c406cc298020f5e171d9256d5f608c72ab86624b08efca18e,ΡΑΠΙΣΜΑΣΙΝ,1,ῥάπισμα,False,"[{""token_id"": ""113445"", ""citation"": ""MARK 14.65"", ""raw_form"": ""ῥαπίσμασιν""}]"
syntacticus:Nb:31bfd2e68a10945228e9d3fcefd51c5d62a3b03c2f84820a55adffb3be615217,ΡΑΠΙΣΜΑΤΑ,1,ῥάπισμα,False,"[{""token_id"": ""358481"", ""citation"": ""JOHN 19.3"", ""raw_form"": ""ῥαπίσματα""}]"
syntacticus:Nb:ccb8c576d99385676cebfe86b5d5d5b48f598b44dcc2e88741f089594599d953,ΡΑΦΙΔΟΣ,2,ῥαφίς,False,"[{""token_id"": ""279627"", ""citation"": ""MATT 19.24"", ""raw_form"": ""ῥαφίδος""}]"
syntacticus:Nb:156f755a535dba7149cbf4eb894e82c8112e7d74d0c2794ee48ae020966430c6,ΡΕΔΩΝ,1,ῥέδη,False,"[{""token_id"": ""501082"", ""citation"": ""REV 18.13"", ""raw_form"": ""ῥεδῶν""}]"
syntacticus:Nb:bc3ada3aca048b14d81c4e4d5e7fd0778c78f9d479d8f412bffa8deb88fc3413,ΡΗΓΜΑ,1,ῥῆγμα,False,"[{""token_id"": ""325809"", ""citation"": ""LUKE 6.49"", ""raw_form"": ""ῥῆγμα""}]"
syntacticus:Nb:47bb103823ee8c5e6aafafb8a8795ecdf8c00b59814897360f094b6c0aae2212,ΡΗΜΑ,22,ῥῆμα,False,"[{""token_id"": ""274328"", ""citation"": ""MATT 12.36"", ""raw_form"": ""ῥῆμα""}]"
syntacticus:Nb:a2d4f9dd8b1976c6e58ae60371d8bf0a0db362c3a9ede3fc0181e1eb246e6d69,ΡΗΜΑΣΙΝ,1,ῥῆμα,False,"[{""token_id"": ""346622"", ""citation"": ""JOHN 5.47"", ""raw_form"": ""ῥήμασιν""}]"
syntacticus:Nb:8782e759d31a2d75854fc8be85e301874c70495c822630f8e81e8507a81ef3ae,ΡΗΜΑΤΑ,27,ῥῆμα,False,"[{""token_id"": ""321188"", ""citation"": ""LUKE 1.65"", ""raw_form"": ""ῥήματα""}]"
syntacticus:Nb:42216f45b8412b7b5227b40d710cbc824ce913550d1e1f127ad6b24b95a6bf5b,ΡΗΜΑΤΙ,5,ῥῆμα,False,"[{""token_id"": ""268135"", ""citation"": ""MATT 4.4"", ""raw_form"": ""ῥήματι""}]"
syntacticus:Nb:2dc377ffeb37616f38d57b72f07fc38c0b5519732305cda1d0911a1dc60f98eb,ΡΗΜΑΤΟΣ,6,ῥῆμα,False,"[{""token_id"": ""286109"", ""citation"": ""MATT 26.75"", ""raw_form"": ""ῥήματος""}]"
syntacticus:Nb:9a400ac1a631113521b2dbb62a27dba386e6d380594c3b5be35ffbbac0115301,ΡΗΜΑΤΩΝ,4,ῥῆμα,False,"[{""token_id"": ""341677"", ""citation"": ""LUKE 24.8"", ""raw_form"": ""ῥημάτων""}]"
syntacticus:Nb:ef423a551b130b0507c98154580bd7746928f89bf1700b15ec3494b2ed382d5b,ΡΗΤΟΡΟΣ,1,ῥήτωρ,False,"[{""token_id"": ""395274"", ""citation"": ""ACTS 24.1"", ""raw_form"": ""ῥήτορος""}]"
syntacticus:Nb:4857bee438b843e4df0d045d6d61e763d2e6d2764f929c4066d7d8dbf9e4fdac,ΡΙΖΑ,7,ῥίζα,False,"[{""token_id"": ""404462"", ""citation"": ""ROM 11.16"", ""raw_form"": ""ῥίζα""}]"
syntacticus:Nb:ab26a6fc8eeacdba1ebcb703cc35b1eacc7a65f3433217d91bf473cd04c8f7d2,ΡΙΖΑΝ,8,ῥίζα,False,"[{""token_id"": ""267878"", ""citation"": ""MATT 3.10"", ""raw_form"": ""ῥίζαν""}]"
syntacticus:Nb:c18963a079b20de8cbbf0ea5f8be6662467257d6591d15bad600147ddee1df15,ΡΙΖΗΣ,1,ῥίζα,False,"[{""token_id"": ""404486"", ""citation"": ""ROM 11.17"", ""raw_form"": ""ῥίζης""}]"
syntacticus:Nb:832e2a18b6c7beb8d3b062baf3d0588b59fb3c3a02d81c30101d7c911a561cc5,ΡΙΖΩΝ,1,ῥίζα,False,"[{""token_id"": ""110349"", ""citation"": ""MARK 11.20"", ""raw_form"": ""ῥιζῶν""}]"
syntacticus:Nb:f5a67ccb43eef0923cf43871294aea873cf8dc037848e08290262704c8c61ffb,ΡΟΜΦΑΙΑ,3,ῥομφαία,False,"[{""token_id"": ""322019"", ""citation"": ""LUKE 2.35"", ""raw_form"": ""ῥομφαία""}]"
syntacticus:Nb:9a35afe19dcdedfc5e6b151df25cb2733bb307167a7de70edd04a6b770bddead,ΡΟΜΦΑΙΑΝ,1,ῥομφαία,False,"[{""token_id"": ""493413"", ""citation"": ""REV 2.12"", ""raw_form"": ""ῥομφαίαν""}]"
syntacticus:Nb:2eb4e869df41d594d839589bc4a1e707eadadb985f1069c3f89d8f6d3bd1db5d,ΡΥΜΑΙΣ,1,ῥύμη,False,"[{""token_id"": ""269549"", ""citation"": ""MATT 6.2"", ""raw_form"": ""ῥύμαις""}]"
syntacticus:Nb:c3da12050be577fa30c3f11f25b388ec0ed693512be77dc233441d176e9260a9,ΡΥΜΑΣ,1,ῥύμη,False,"[{""token_id"": ""333884"", ""citation"": ""LUKE 14.21"", ""raw_form"": ""ῥύμας""}]"
syntacticus:Nb:37d808b8f729203487b6637284ba57368e9305f1661e0c447240544a661d8c3e,ΡΥΜΗΝ,2,ῥύμη,False,"[{""token_id"": ""384137"", ""citation"": ""ACTS 9.11"", ""raw_form"": ""ῥύμην""}]"
syntacticus:Nb:89b12d70310bb0d418f3d1d9f34a9e2c4a4d7b331ee7e2f436a3a7290ecbf2fc,ΡΥΠΑΡΙΑΝ,1,ῥυπαρία,False,"[{""token_id"": ""477177"", ""citation"": ""JAS 1.21"", ""raw_form"": ""ῥυπαρίαν""}]"
syntacticus:Nb:571d48d37aec1067714089de79bb5fe23d7043ba477a29dc8e9f3ae8ac232734,ΡΥΣΕΙ,2,ῥύσις,False,"[{""token_id"": ""105023"", ""citation"": ""MARK 5.25"", ""raw_form"": ""ῥύσει""}]"
syntacticus:Nb:e53ac6a2a39eb2110bcff520ba27b9203ca2f7fd1f17d2a483b4307b20fafb60,ΡΥΣΙΣ,1,ῥύσις,False,"[{""token_id"": ""327882"", ""citation"": ""LUKE 8.44"", ""raw_form"": ""ῥύσις""}]"
syntacticus:Nb:dd67affe73106d960d3cb9a8962672848c63e571541981b6ed1ff751769c9e31,ΡΥΤΙΔΑ,1,ῥυτίς,False,"[{""token_id"": ""444385"", ""citation"": ""EPH 5.27"", ""raw_form"": ""ῥυτίδα""}]"
syntacticus:Nb:8fa72680beffc9e57a4892e3fc9be418b2ba0f462fd6644591d59914c7f807d2,ΣΑΒΒΑΣΙΝ,13,σάββατον,False,"[{""token_id"": ""273647"", ""citation"": ""MATT 12.1"", ""raw_form"": ""σάββασιν""}]"
syntacticus:Nb:02f670034c74e11a8567e7afe98df1bacaee4ba70972fbc5e256807050b194a7,ΣΑΒΒΑΤΑ,1,σάββατον,False,"[{""token_id"": ""390080"", ""citation"": ""ACTS 17.2"", ""raw_form"": ""σάββατα""}]"
syntacticus:Nb:8ab93db810789ff9f34d5285c748bdec0e982d0239620f9f9a1e23a42a6e5cb4,ΣΑΒΒΑΤΙΣΜΟΣ,1,σαββατισμός,False,"[{""token_id"": ""467729"", ""citation"": ""HEB 4.9"", ""raw_form"": ""σαββατισμὸς""}]"
syntacticus:Nb:51d2ca199c60bc9ee5a2e58e9f5334d505f4cd5ab65920c179e378109e2adfed,ΣΑΒΒΑΤΟΝ,14,σάββατον,False,"[{""token_id"": ""273748"", ""citation"": ""MATT 12.5"", ""raw_form"": ""σάββατον""}]"
syntacticus:Nb:bc2620fb54c0143574cff1830602a1b4b2e8c35efd47f47c4e44ea9744860268,ΣΑΒΒΑΤΟΥ,13,σάββατον,False,"[{""token_id"": ""273786"", ""citation"": ""MATT 12.8"", ""raw_form"": ""σαββάτου""}]"
syntacticus:Nb:e6077d85ae39674796d9bda4699098acd5adc8cd81d954d09667c513943a3c73,ΣΑΒΒΑΤΩΝ,11,σάββατον,False,"[{""token_id"": ""287277"", ""citation"": ""MATT 28.1"", ""raw_form"": ""σαββάτων""}]"
syntacticus:Nb:b6d30ee50d809c491f170af946ad9727f96fe81914be4c3720193519f6dbaeb5,ΣΑΚΚΟΣ,1,σάκκος,False,"[{""token_id"": ""495470"", ""citation"": ""REV 6.12"", ""raw_form"": ""σάκκος""}]"
syntacticus:Nb:54f23fe29ec74783e0e844d28b8405193f9c3a3ff98db632c4b623b9c1b78a7d,ΣΑΚΚΟΥΣ,1,σάκκος,False,"[{""token_id"": ""765835"", ""citation"": ""REV 11.3"", ""raw_form"": ""σάκκους""}]"
syntacticus:Nb:d5130a42dc8b9641a57e2498b2872ac24079122fd3020509b04cc8b910d2687a,ΣΑΛΟΥ,1,σάλος,False,"[{""token_id"": ""339095"", ""citation"": ""LUKE 21.25"", ""raw_form"": ""σάλου""}]"
syntacticus:Nb:cbfa41a49ee2ead9de8d61cfe5d86b5b7e8b61c7ad44119cf8780307295e8806,ΣΑΛΠΙΓΓΑ,1,σάλπιγξ,False,"[{""token_id"": ""496725"", ""citation"": ""REV 9.14"", ""raw_form"": ""σάλπιγγα""}]"
syntacticus:Nb:aee89562e0dd21f5904b5eca05da35fe7d90476fc9a6cf6f61434eed03ecfc84,ΣΑΛΠΙΓΓΑΣ,1,σάλπιγξ,False,"[{""token_id"": ""496175"", ""citation"": ""REV 8.6"", ""raw_form"": ""σάλπιγγας""}]"
syntacticus:Nb:5e7a2b3c828741344634ef1c31052a0308503ac3f45c22ea3c5bdb71ee712e0b,ΣΑΛΠΙΓΓΕΣ,1,σάλπιγξ,False,"[{""token_id"": ""496081"", ""citation"": ""REV 8.2"", ""raw_form"": ""σάλπιγγες""}]"
syntacticus:Nb:2a74553cbc118fdd45ec285464cdc128bcd4704e8d7ebea7c0db2e8c29d7e8e3,ΣΑΛΠΙΓΓΙ,2,σάλπιγξ,False,"[{""token_id"": ""421120"", ""citation"": ""1COR 15.52"", ""raw_form"": ""σάλπιγγι""}]"
syntacticus:Nb:b06e0dd128ac0523e275aaafd00aedcb192a8404a9f658945e9cad480bace973,ΣΑΛΠΙΓΓΟΣ,5,σάλπιγξ,False,"[{""token_id"": ""283443"", ""citation"": ""MATT 24.31"", ""raw_form"": ""σάλπιγγος""}]"
syntacticus:Nb:2e9de61409cc397438f97be8e9925bc8186dbf0866e947b32997392137690c2c,ΣΑΛΠΙΓΞ,1,σάλπιγξ,False,"[{""token_id"": ""419673"", ""citation"": ""1COR 14.8"", ""raw_form"": ""σάλπιγξ""}]"
syntacticus:Nb:b39a1640a8df14016b452f009a116497a6e1630f8807d1b26ec5aba8efd9b25f,ΣΑΛΠΙΣΤΩΝ,1,σαλπιστής,False,"[{""token_id"": ""501324"", ""citation"": ""REV 18.22"", ""raw_form"": ""σαλπιστῶν""}]"
syntacticus:Nb:22fa0e0f5e45c82b78544c1ed8ad77e52d29a97922628c699147630b8361f56f,ΣΑΝΔΑΛΙΑ,2,σανδάλιον,False,"[{""token_id"": ""105570"", ""citation"": ""MARK 6.9"", ""raw_form"": ""σανδάλια""}]"
syntacticus:Nb:f06930efcb019a66066bd3a4b2b84799d7c358025845f7b34571c48ac3ba2e1c,ΣΑΝΙΣΙΝ,1,σανίς,False,"[{""token_id"": ""397860"", ""citation"": ""ACTS 27.44"", ""raw_form"": ""σανίσιν""}]"
syntacticus:Nb:0f02c05516704e8d4a01e3dab30d51f66d80242c08fa021d1bc6444b510f8c99,ΣΑΠΦΕΙΡΟΣ,1,σάπφιρος,False,"[{""token_id"": ""502953"", ""citation"": ""REV 21.19"", ""raw_form"": ""σάπφειρος""}]"
syntacticus:Nb:77de139a9260b1ee5e1d4e0b2c39e40c5a9db788b682d9ecf970fff46744eef1,ΣΑΡΔΙΟΝ,1,σάρδιον,False,"[{""token_id"": ""502969"", ""citation"": ""REV 21.20"", ""raw_form"": ""σάρδιον""}]"
syntacticus:Nb:2854c0ee1115c740c0214c8cf02311eb1f8f3dff9f3048ec178bcd5a40ed3b70,ΣΑΡΔΟΝΥΞ,1,σαρδόνυξ,False,"[{""token_id"": ""502965"", ""citation"": ""REV 21.20"", ""raw_form"": ""σαρδόνυξ""}]"
syntacticus:Nb:eeb0cae955250f4306725a13f78d9add6abc3f780813008b7168447076a0c1a1,ΣΑΡΚΑ,35,σάρξ,False,"[{""token_id"": ""279257"", ""citation"": ""MATT 19.5"", ""raw_form"": ""σάρκα""}]"
syntacticus:Nb:c3401dfdc956c5b5cb47821c755e800022c72ca861e768e18189fcb533425779,ΣΑΡΚΑΣ,8,σάρξ,False,"[{""token_id"": ""342233"", ""citation"": ""LUKE 24.39"", ""raw_form"": ""σάρκας""}]"
syntacticus:Nb:844f63112f63dcdc277a5318654ee71a07aed23f2463e83065a5ac71519371d0,ΣΑΡΚΙ,32,σάρξ,False,"[{""token_id"": ""399996"", ""citation"": ""ROM 2.28"", ""raw_form"": ""σαρκὶ""}]"
syntacticus:Nb:1337bb2a3e49c4073b9bdf0909a93e3b89a09a53b634a33c1ed08a7b05fd1e94,ΣΑΡΚΟΣ,32,σάρξ,False,"[{""token_id"": ""342611"", ""citation"": ""JOHN 1.13"", ""raw_form"": ""σαρκὸς""}]"
syntacticus:Nb:ea56b721861229c053f60588c4b553b720b6c9648586f2f3b555a2014c96d728,ΣΑΡΚΩΝ,1,σάρξ,False,"[{""token_id"": ""501998"", ""citation"": ""REV 19.21"", ""raw_form"": ""σαρκῶν""}]"
syntacticus:Nb:4652463505e906fd47ed1ad478f81a82828c57fb417d64c78b38be8ab2abf167,ΣΑΡΞ,26,σάρξ,False,"[{""token_id"": ""277532"", ""citation"": ""MATT 16.17"", ""raw_form"": ""σὰρξ""}]"
syntacticus:Nb:6c1d4dc76cbeab66d566776ef29abfd3417d339b0f7751bdca672b614265a74a,ΣΑΤΑ,2,σάτον,False,"[{""token_id"": ""275370"", ""citation"": ""MATT 13.33"", ""raw_form"": ""σάτα""}]"
syntacticus:Nb:faf70a94d2127cf01fbdda5fea00f732a02a355555b3aeaeac0e3dc620d60a1e,ΣΕΒΑΣΜΑ,1,σέβασμα,False,"[{""token_id"": ""457196"", ""citation"": ""2THESS 2.4"", ""raw_form"": ""σέβασμα""}]"
syntacticus:Nb:2e602c359f43d6ad5e9eb15ba46009b32ca71be29f558e8b953e1721f1e6ed0c,ΣΕΒΑΣΜΑΤΑ,1,σέβασμα,False,"[{""token_id"": ""390552"", ""citation"": ""ACTS 17.23"", ""raw_form"": ""σεβάσματα""}]"
syntacticus:Nb:46f2ba6760a9641c9b3ed675decc6a79c0a583cb2d2c8de33be58d8985ac28fd,ΣΕΙΣΜΟΙ,3,σεισμός,False,"[{""token_id"": ""283047"", ""citation"": ""MATT 24.7"", ""raw_form"": ""σεισμοὶ""}]"
syntacticus:Nb:910650e62e6e5ab06e3fb4f607d4bc078e126b1e3847acad74c0c27045ae8ad8,ΣΕΙΣΜΟΝ,1,σεισμός,False,"[{""token_id"": ""287035"", ""citation"": ""MATT 27.54"", ""raw_form"": ""σεισμὸν""}]"
syntacticus:Nb:d8b65ba32e75417acd87a564bb73ceec9f6f0f0e4f650c863615fc086d4cbf4d,ΣΕΙΣΜΟΣ,9,σεισμός,False,"[{""token_id"": ""271279"", ""citation"": ""MATT 8.24"", ""raw_form"": ""σεισμὸς""}]"
syntacticus:Nb:3bd2deeaecc36902ea7543f24d75f1de4e47a2508fc0b2dcd5cae0701e376bcb,ΣΕΛΗΝΗ,5,σελήνη,False,"[{""token_id"": ""283378"", ""citation"": ""MATT 24.29"", ""raw_form"": ""σελήνη""}]"
syntacticus:Nb:7caf343bcea10ca9739851efc766b894a777e6e4a10a028f1248f2a19f3195ef,ΣΕΛΗΝΗΣ,3,σελήνη,False,"[{""token_id"": ""420932"", ""citation"": ""1COR 15.41"", ""raw_form"": ""σελήνης""}]"
syntacticus:Nb:8af71b895338fd61ed4df93a87864a25bb16a92c49657cbba8f0d229e0c94ba0,ΣΕΜΙΔΑΛΙΝ,1,σεμίδαλις,False,"[{""token_id"": ""501071"", ""citation"": ""REV 18.13"", ""raw_form"": ""σεμίδαλιν""}]"
syntacticus:Nb:aed75a9e5b16b6b7175788552edbea8820297aae2e525c0d5c4368691b58594c,ΣΕΜΝΟΤΗΤΑ,1,σεμνότης,False,"[{""token_id"": ""465009"", ""citation"": ""TIT 2.7"", ""raw_form"": ""σεμνότητα""}]"
syntacticus:Nb:c5824d022aa4fb27fe53f21f680a60a2ca1c0edf6bf117750da0d010044e7102,ΣΕΜΝΟΤΗΤΙ,1,σεμνότης,False,"[{""token_id"": ""458918"", ""citation"": ""1TIM 2.2"", ""raw_form"": ""σεμνότητι""}]"
syntacticus:Nb:19913708142f94774f422711a1d5960da6246ad4dc202de889d44746e60247de,ΣΕΜΝΟΤΗΤΟΣ,1,σεμνότης,False,"[{""token_id"": ""459159"", ""citation"": ""1TIM 3.4"", ""raw_form"": ""σεμνότητος""}]"
syntacticus:Nb:7cbbc03f83519a263928d4f389bfcd951253fce157ba25ea27973191294ac995,ΣΗΜΕΙΑ,32,σημεῖον,False,"[{""token_id"": ""277289"", ""citation"": ""MATT 16.3"", ""raw_form"": ""σημεῖα""}]"
syntacticus:Nb:d4fb6b9ecaaf1942c4d86e54b9cfe2f3fed510bb1287a22609246ea096aec48d,ΣΗΜΕΙΟΙΣ,4,σημεῖον,False,"[{""token_id"": ""378886"", ""citation"": ""ACTS 2.22"", ""raw_form"": ""σημείοις""}]"
syntacticus:Nb:62fde49ae519a91d55f3575f0d1f2b397cf1d8ab9186361244de49c4cc7d4132,ΣΗΜΕΙΟΝ,38,σημεῖον,False,"[{""token_id"": ""274371"", ""citation"": ""MATT 12.38"", ""raw_form"": ""σημεῖον""}]"
syntacticus:Nb:a40cc306197089fa7fadfd67bad84d2df6621ddb901deab44856ca47c84c405b,ΣΗΜΕΙΩΝ,3,σημεῖον,False,"[{""token_id"": ""114704"", ""citation"": ""MARK 16.20"", ""raw_form"": ""σημείων""}]"
syntacticus:Nb:991b5fa846eecda9a0fa895c371628a54971b7c21496bc113f039c242b98c37c,ΣΗΣ,3,σής,False,"[{""token_id"": ""269898"", ""citation"": ""MATT 6.19"", ""raw_form"": ""σὴς""}]"
syntacticus:Nb:7f5ed4882f9e34ea3e384fb209f0f7c804b4d10ec590ddbd5a974d6f8d6a0cdc,ΣΙΑΓΟΝΑ,2,σιαγών,False,"[{""token_id"": ""269340"", ""citation"": ""MATT 5.39"", ""raw_form"": ""σιαγόνα""}]"
syntacticus:Nb:8b28e487cb2e83f0b7b4c03b03f0111b5410cba1e113f3d6716bcc560d06a5ec,ΣΙΓΗ,1,σιγή,False,"[{""token_id"": ""496059"", ""citation"": ""REV 8.1"", ""raw_form"": ""σιγὴ""}]"
syntacticus:Nb:f0661246955bada5bb97da7b028c7c81a300d44fb4f60a0e2323d5069d672ab8,ΣΙΓΗΣ,1,σιγή,False,"[{""token_id"": ""393863"", ""citation"": ""ACTS 21.40"", ""raw_form"": ""σιγῆς""}]"
syntacticus:Nb:44bd5fa161f710008afb210eaf88f5fe1a1ee50befc67edd318abc7bfb104b9a,ΣΙΔΗΡΟΥ,1,σίδηρος,False,"[{""token_id"": ""501052"", ""citation"": ""REV 18.12"", ""raw_form"": ""σιδήρου""}]"
syntacticus:Nb:998bf30412c3c5f968e5a51dbd4b9f077e5ad08d08d51c8f48173000a890b46f,ΣΙΚΕΡΑ,1,σίκερα,False,"[{""token_id"": ""320302"", ""citation"": ""LUKE 1.15"", ""raw_form"": ""σίκερα""}]"
syntacticus:Nb:8348c6eb97fd3f0c638e619b02752aaff41b2427f0c46bfd9305aa157130ec1e,ΣΙΜΙΚΙΝΘΙΑ,1,σιμικίνθιον,False,"[{""token_id"": ""391602"", ""citation"": ""ACTS 19.12"", ""raw_form"": ""σιμικίνθια""}]"
syntacticus:Nb:ddf04b1f53627c7dd4f2c545229209e0146dd0db9dcea4ac41d2c263b6509e37,ΣΙΝΑΠΕΩΣ,5,σίναπι,False,"[{""token_id"": ""275308"", ""citation"": ""MATT 13.31"", ""raw_form"": ""σινάπεως""}]"
syntacticus:Nb:6a221ba1ac2c1a32b582a7262c13bd10205779eacbe771cadec1df7da411b716,ΣΙΝΔΟΝΑ,3,σινδών,False,"[{""token_id"": ""113185"", ""citation"": ""MARK 14.51"", ""raw_form"": ""σινδόνα""}]"
syntacticus:Nb:176ead01270b9a5cd99a54d1f77ea41bc6f1dc9789d5991d8161e28505c13ab4,ΣΙΝΔΟΝΙ,3,σινδών,False,"[{""token_id"": ""287134"", ""citation"": ""MATT 27.59"", ""raw_form"": ""σινδόνι""}]"
syntacticus:Nb:7dc1a3ce7797a511df52363cb4d4839c68f88526f083310a95847e9eb3c01e9f,ΣΙΤΙΑ,1,σῖτος,False,"[{""token_id"": ""382179"", ""citation"": ""ACTS 7.12"", ""raw_form"": ""σιτία""}]"
syntacticus:Nb:5af9c9bbc99ef5464e0045f1b2b054461b14b54f6c499789adfc3e702f207b75,ΣΙΤΟΜΕΤΡΙΟΝ,1,σιτομέτριον,False,"[{""token_id"": ""332341"", ""citation"": ""LUKE 12.42"", ""raw_form"": ""σιτομέτριον""}]"
syntacticus:Nb:37cfbbd5a7bb4dc751a558834e848b8493ac1d46c2902cb1ff30df74a8b815c1,ΣΙΤΟΝ,7,σῖτος,False,"[{""token_id"": ""267948"", ""citation"": ""MATT 3.12"", ""raw_form"": ""σῖτον""}]"
syntacticus:Nb:930a73c797410cfa9a878eb34b0dd8a9d15f3aa8939d7d1c6ce4ccd49e113b62,ΣΙΤΟΣ,1,σῖτος,False,"[{""token_id"": ""104308"", ""citation"": ""MARK 4.28"", ""raw_form"": ""σῖτος""}]"
syntacticus:Nb:77dd3c8f214a09e6eedbb8d91b8b91a64ebe560ab202f91f18af5958fa776c8c,ΣΙΤΟΥ,5,σῖτος,False,"[{""token_id"": ""275174"", ""citation"": ""MATT 13.25"", ""raw_form"": ""σίτου""}]"
syntacticus:Nb:0b123de2722cb6b256a397a00547914eab70bb595ea6763a9db337a4c16c5b0e,ΣΚΑΝΔΑΛΑ,4,σκάνδαλον,False,"[{""token_id"": ""275543"", ""citation"": ""MATT 13.41"", ""raw_form"": ""σκάνδαλα""}]"
syntacticus:Nb:31062cee068bb42771eef94bd6716067aec979cd8b81eca94374625130f05fa5,ΣΚΑΝΔΑΛΟΝ,7,σκάνδαλον,False,"[{""token_id"": ""277689"", ""citation"": ""MATT 16.23"", ""raw_form"": ""σκάνδαλον""}]"
syntacticus:Nb:3fa61d723424e942de2030eeb09595020c14748a2cfc34f64ffb03f89ac12952,ΣΚΑΝΔΑΛΟΥ,2,σκάνδαλον,False,"[{""token_id"": ""403744"", ""citation"": ""ROM 9.33"", ""raw_form"": ""σκανδάλου""}]"
syntacticus:Nb:f35e75eae300dacfb56c91f3301b820f2fe787d7c6305b9626868d70ce6f7cfd,ΣΚΑΝΔΑΛΩΝ,1,σκάνδαλον,False,"[{""token_id"": ""278531"", ""citation"": ""MATT 18.7"", ""raw_form"": ""σκανδάλων""}]"
syntacticus:Nb:fe5bc4f297320ce34eed194f2bc7992df29e52fb9637744561941bb22fcc8391,ΣΚΑΦΗΝ,1,σκάφη,False,"[{""token_id"": ""397593"", ""citation"": ""ACTS 27.30"", ""raw_form"": ""σκάφην""}]"
syntacticus:Nb:4275e7fbc4a7882af65b81c4ef3d9d36d325850891508919f2aa16f748f2a8be,ΣΚΑΦΗΣ,2,σκάφη,False,"[{""token_id"": ""397337"", ""citation"": ""ACTS 27.16"", ""raw_form"": ""σκάφης""}]"
syntacticus:Nb:0182b9d2e5a39ba9f5ac5ed756fe83f0330a0cfb23c85224f31d6e60765e453d,ΣΚΕΛΗ,3,σκέλος,False,"[{""token_id"": ""359156"", ""citation"": ""JOHN 19.31"", ""raw_form"": ""σκέλη""}]"
syntacticus:Nb:cf257df89bdd5dc3713222859a573ab56c2d62e71e0b47e5b514d618e5835563,ΣΚΕΠΑΣΜΑΤΑ,1,σκέπασμα,False,"[{""token_id"": ""460151"", ""citation"": ""1TIM 6.8"", ""raw_form"": ""σκεπάσματα""}]"
syntacticus:Nb:be88c2e19763b44b072534f42d03a1a907162f99e41760ea647ec8021a2fb28a,ΣΚΕΥΕΙ,1,σκεῦος,False,"[{""token_id"": ""327201"", ""citation"": ""LUKE 8.16"", ""raw_form"": ""σκεύει""}]"
syntacticus:Nb:0ebde6ed93a84c43c17d7fda0908398e1001fa0543800d0b37733d97b7cb9a8b,ΣΚΕΥΕΣΙΝ,1,σκεῦος,False,"[{""token_id"": ""429437"", ""citation"": ""2COR 4.7"", ""raw_form"": ""σκεύεσιν""}]"
syntacticus:Nb:1c264f134682b92d09aeec6ba96e8117b2633ac27fd5056e73e4197d93790642,ΣΚΕΥΗ,8,σκεῦος,False,"[{""token_id"": ""274158"", ""citation"": ""MATT 12.29"", ""raw_form"": ""σκεύη""}]"
syntacticus:Nb:8dc4d1b68f24c646717dcdb089558685078e92c998629a5815ddec86137db34b,ΣΚΕΥΗΝ,1,σκευή,False,"[{""token_id"": ""397376"", ""citation"": ""ACTS 27.19"", ""raw_form"": ""σκευὴν""}]"
syntacticus:Nb:5ea5c98ed89fd589522e02349c971b2f0ca5b3e24b3dfe401a7b00c5deb97cd8,ΣΚΕΥΟΣ,12,σκεῦος,False,"[{""token_id"": ""110272"", ""citation"": ""MARK 11.16"", ""raw_form"": ""σκεῦος""}]"
syntacticus:Nb:9d86c587c06d527af90b58be52b3e63e30033d169db4c56fba8aeb4aa4b8dfbd,ΣΚΗΝΑΙΣ,1,σκηνή,False,"[{""token_id"": ""470702"", ""citation"": ""HEB 11.9"", ""raw_form"": ""σκηναῖς""}]"
syntacticus:Nb:aa81f496935ea8ddee6cead3ea833867a83ed31a685adefbff5b7c67b36bfc57,ΣΚΗΝΑΣ,4,σκηνή,False,"[{""token_id"": ""277915"", ""citation"": ""MATT 17.4"", ""raw_form"": ""σκηνάς""}]"
syntacticus:Nb:5da844c9d746bea5624c476e9eb9a0d7cba4ec8eeec7653f4c29a74e18588943,ΣΚΗΝΕΙ,1,σκῆνος,False,"[{""token_id"": ""429709"", ""citation"": ""2COR 5.4"", ""raw_form"": ""σκήνει""}]"
syntacticus:Nb:8e096b00fadc4622c8997ba5d3fb3c09aab306a463a553f27567b391d256d6c2,ΣΚΗΝΗ,4,σκηνή,False,"[{""token_id"": ""382843"", ""citation"": ""ACTS 7.44"", ""raw_form"": ""σκηνὴ""}]"
syntacticus:Nb:9203b9977f98c7e28f0ea7518b8e0d3311ae4a19450ede068ef5898892dc1918,ΣΚΗΝΗΝ,6,σκηνή,False,"[{""token_id"": ""382819"", ""citation"": ""ACTS 7.43"", ""raw_form"": ""σκηνὴν""}]"
syntacticus:Nb:247c9358935d5dcda842ee66ad86e3f9c22dd3d2950394d83510501ddcdce1cb,ΣΚΗΝΗΣ,4,σκηνή,False,"[{""token_id"": ""469042"", ""citation"": ""HEB 8.2"", ""raw_form"": ""σκηνῆς""}]"
syntacticus:Nb:f1517735e18cd049e45fb3d50c2e452d0e8c8aac9171845f41577ea49797c426,ΣΚΗΝΟΠΗΓΙΑ,1,σκηνοπηγία,False,"[{""token_id"": ""348071"", ""citation"": ""JOHN 7.2"", ""raw_form"": ""σκηνοπηγία""}]"
syntacticus:Nb:4115d45af80328e4bac0892f070a7adf151e01a666dcde87f9e8f706a2433869,ΣΚΗΝΟΠΟΙΟΙ,1,σκηνοποιός,False,"[{""token_id"": ""390856"", ""citation"": ""ACTS 18.3"", ""raw_form"": ""σκηνοποιοὶ""}]"
syntacticus:Nb:fdd6d566b348af41f2761d1bbcc8c49c8c55d9bee36ce476c16234707071755f,ΣΚΗΝΟΥΣ,1,σκῆνος,False,"[{""token_id"": ""429667"", ""citation"": ""2COR 5.1"", ""raw_form"": ""σκήνους""}]"
syntacticus:Nb:d70135308c730534ed2b937aeb279f1ca1d4c3544982c74f34ccfa4f08c67c0a,ΣΚΗΝΩΜΑ,1,σκήνωμα,False,"[{""token_id"": ""382905"", ""citation"": ""ACTS 7.46"", ""raw_form"": ""σκήνωμα""}]"
syntacticus:Nb:895ae1998af748f2a9e8adc24b7159a190e00eb72752e28c99fe19a445e137e6,ΣΚΙΑ,2,σκιά,False,"[{""token_id"": ""381028"", ""citation"": ""ACTS 5.15"", ""raw_form"": ""σκιὰ""}]"
syntacticus:Nb:a65eed1107b4f22bebbbc6a3fca018461617c8d599bc8a0336204d6fef4c2c94,ΣΚΙΑΝ,2,σκιά,False,"[{""token_id"": ""104388"", ""citation"": ""MARK 4.32"", ""raw_form"": ""σκιὰν""}]"
syntacticus:Nb:101a104c3dc51e38589a9236272e2c3232c5809b020578aaaaf986a8d334a3e5,ΣΚΛΗΡΟΚΑΡΔΙΑΝ,3,σκληροκαρδία,False,"[{""token_id"": ""762980"", ""citation"": ""MATT 19.8"", ""raw_form"": ""σκληροκαρδίαν""}]"
syntacticus:Nb:29dd0e66b45b1b76ded844165d28b01dd053dad443a4f9fb2d49204c393499c1,ΣΚΛΗΡΟΤΗΤΑ,1,σκληρότης,False,"[{""token_id"": ""399613"", ""citation"": ""ROM 2.5"", ""raw_form"": ""σκληρότητά""}]"
syntacticus:Nb:2a97a7d066b534c8d4508e74fca0d45b37a34b2dff011d1e4e7111813025034b,ΣΚΟΛΟΨ,1,σκόλοψ,False,"[{""token_id"": ""432610"", ""citation"": ""2COR 12.7"", ""raw_form"": ""σκόλοψ""}]"
syntacticus:Nb:f8c2ddc2dff134f01bf48a8f6c0d2e9f709a61032ba79a2959994b56054a3984,ΣΚΟΠΟΝ,1,σκοπός,False,"[{""token_id"": ""448396"", ""citation"": ""PHIL 3.14"", ""raw_form"": ""σκοπὸν""}]"
syntacticus:Nb:4e70d858545840f67c2d8f6099cafe519bbe98ca6a0822041195602f1853368b,ΣΚΟΡΠΙΟΙ,1,σκορπίος,False,"[{""token_id"": ""496482"", ""citation"": ""REV 9.3"", ""raw_form"": ""σκορπίοι""}]"
syntacticus:Nb:18d3527cf0e5982b8e123bb58f8ed2748b3bc9767be2e4e0dfc93847892ae29e,ΣΚΟΡΠΙΟΙΣ,1,σκορπίος,False,"[{""token_id"": ""496640"", ""citation"": ""REV 9.10"", ""raw_form"": ""σκορπίοις""}]"
syntacticus:Nb:a02198febcd3f295adf0b5139c07465316468aa5a3d51dbf479f48d52b925ca3,ΣΚΟΡΠΙΟΝ,1,σκορπίος,False,"[{""token_id"": ""784188"", ""citation"": ""LUKE 11.12"", ""raw_form"": ""σκορπίον""}]"
syntacticus:Nb:7154888c481a953f582b9038296563efc26201619b3807f500106f8af8837a92,ΣΚΟΡΠΙΟΥ,1,σκορπίος,False,"[{""token_id"": ""496538"", ""citation"": ""REV 9.5"", ""raw_form"": ""σκορπίου""}]"
syntacticus:Nb:60fd6d1052b494933e872a64ec6df105433b901656e19363f66af9dc74c7ef22,ΣΚΟΡΠΙΩΝ,1,σκορπίος,False,"[{""token_id"": ""329800"", ""citation"": ""LUKE 10.19"", ""raw_form"": ""σκορπίων""}]"
syntacticus:Nb:219f75d3281ffb5819e9caab47ec2fb9627ddad926526bffaa57bb5e4ad39519,ΣΚΟΤΕΙ,4,σκότος,False,"[{""token_id"": ""268343"", ""citation"": ""MATT 4.16"", ""raw_form"": ""σκότει""}]"
syntacticus:Nb:9865fb0f0106d34d3e1f97753011f3eac4e98c2214f7b446a9fd0502d0ba090d,ΣΚΟΤΙΑ,3,σκοτία,False,"[{""token_id"": ""342492"", ""citation"": ""JOHN 1.5"", ""raw_form"": ""σκοτία""}]"
syntacticus:Nb:19153a048b2d54bf9ffc6352d4ecfac8572beb3cbdb6c9261040281e9cfb6d5c,ΣΚΟΤΙΑΣ,1,σκοτία,False,"[{""token_id"": ""359396"", ""citation"": ""JOHN 20.1"", ""raw_form"": ""σκοτίας""}]"
syntacticus:Nb:8bfe5cabcac9a4f1dd5521bb87ea539c621926e2d6be0074f682e7cfb6b6d66f,ΣΚΟΤΟΣ,14,σκότος,False,"[{""token_id"": ""269990"", ""citation"": ""MATT 6.23"", ""raw_form"": ""σκότος""}]"
syntacticus:Nb:d035f7295ee282edb191353becb4d0f41206a868b2e906b87a9e05f761074301,ΣΚΟΤΟΥΣ,10,σκότος,False,"[{""token_id"": ""340268"", ""citation"": ""LUKE 22.53"", ""raw_form"": ""σκότους""}]"
syntacticus:Nb:4198e4407299fd28508e802d6e25dfcfa6e6177286addf8469ea0cfbe97838a5,ΣΚΥΒΑΛΑ,1,σκύβαλον,False,"[{""token_id"": ""448296"", ""citation"": ""PHIL 3.8"", ""raw_form"": ""σκύβαλα""}]"
syntacticus:Nb:d2ea8c0aeab79df11d4a4375fed4b23986a4ae9e24bacaa15f971a12bae211c5,ΣΚΥΛΑ,1,σκῦλον,False,"[{""token_id"": ""330813"", ""citation"": ""LUKE 11.22"", ""raw_form"": ""σκῦλα""}]"
syntacticus:Nb:c95b693e7c9e590f91c7c661aaa6c62eaf935229e9dbb6fff4b9397a15074855,ΣΚΩΛΗΞ,1,σκώληξ,False,"[{""token_id"": ""108885"", ""citation"": ""MARK 9.48"", ""raw_form"": ""σκώληξ""}]"
syntacticus:Nb:cfbef6e6e80c58172a0dc9552ada31659e51734c2a30557019a929b6a7c4fbed,ΣΜΑΡΑΓΔΟΣ,1,σμάραγδος,False,"[{""token_id"": ""502961"", ""citation"": ""REV 21.19"", ""raw_form"": ""σμάραγδος""}]"
syntacticus:Nb:3adb2510b7741a29c99fe21ff3ddb17b1c9613bcf9a62510c60183f09246393d,ΣΜΥΡΝΑΝ,1,σμύρνα,False,"[{""token_id"": ""267417"", ""citation"": ""MATT 2.11"", ""raw_form"": ""σμύρναν""}]"
syntacticus:Nb:a82d2940965e4cef67a5169416eac32e5a4e150b8cc8c7052f1beda52867812b,ΣΜΥΡΝΗΣ,1,σμύρνα,False,"[{""token_id"": ""359318"", ""citation"": ""JOHN 19.39"", ""raw_form"": ""σμύρνης""}]"
syntacticus:Nb:5a3c3194208e36b3f1eb87412836458209b37f8141d5a006e9939b3ebb4fd169,ΣΟΡΟΥ,1,σορός,False,"[{""token_id"": ""326106"", ""citation"": ""LUKE 7.14"", ""raw_form"": ""σοροῦ""}]"
syntacticus:Nb:ca313749d4046505812c7b50a293ba1310ac31c6f6b20b85f79f1e4b6b9748fc,ΣΟΥΔΑΡΙΑ,1,σουδάριον,False,"[{""token_id"": ""391600"", ""citation"": ""ACTS 19.12"", ""raw_form"": ""σουδάρια""}]"
syntacticus:Nb:e1d3deea9df4ee716e574fb7149ebc0ce6a6ec6d7a5176d19d6fac869f4ad179,ΣΟΥΔΑΡΙΟΝ,1,σουδάριον,False,"[{""token_id"": ""359515"", ""citation"": ""JOHN 20.7"", ""raw_form"": ""σουδάριον""}]"
syntacticus:Nb:b79288d2a4f73a841bc2548cc64cae51b842219961f0cc73e673182594f02ee4,ΣΟΦΙΑ,12,σοφία,False,"[{""token_id"": ""273391"", ""citation"": ""MATT 11.19"", ""raw_form"": ""σοφία""}]"
syntacticus:Nb:6344b72c62588a4963c93a0b8e847bf9ad2d4517e091cd2cb8e6ea0573006b1c,ΣΟΦΙΑΝ,13,σοφία,False,"[{""token_id"": ""274482"", ""citation"": ""MATT 12.42"", ""raw_form"": ""σοφίαν""}]"
syntacticus:Nb:e907f30b2dd46cb6400b6bf4f45f88576cf26879b464b0216089fd76925629e2,ΣΟΦΙΑΣ,13,σοφία,False,"[{""token_id"": ""322121"", ""citation"": ""LUKE 2.40"", ""raw_form"": ""σοφίας""}]"
syntacticus:Nb:2e403902d610f0c23539c3912fd42b733a78a625940c81693a0adc55b7e463da,ΣΠΕΙΡΑ,1,σπεῖρα,False,"[{""token_id"": ""357754"", ""citation"": ""JOHN 18.12"", ""raw_form"": ""σπεῖρα""}]"
syntacticus:Nb:6d0e4f4b8a6d676662587acb02b1370ff983d9178295657357f9a5f88171e8e7,ΣΠΕΙΡΑΝ,3,σπεῖρα,False,"[{""token_id"": ""286600"", ""citation"": ""MATT 27.27"", ""raw_form"": ""σπεῖραν""}]"
syntacticus:Nb:dc1852dd2872927679b60f2d602d07492e422c16dd429b1765e406f9b2cefbc9,ΣΠΕΙΡΗΣ,3,σπεῖρα,False,"[{""token_id"": ""384833"", ""citation"": ""ACTS 10.1"", ""raw_form"": ""σπείρης""}]"
syntacticus:Nb:5dac4cf34fa43dcca26359fdaff4a8c5040ac797971f69f2392c834a16f0e6cb,ΣΠΕΚΟΥΛΑΤΟΡΑ,1,σπεκουλάτωρ,False,"[{""token_id"": ""105926"", ""citation"": ""MARK 6.27"", ""raw_form"": ""σπεκουλάτορα""}]"
syntacticus:Nb:a25ff197e2a3e1bc17199414c0dfdab1aaa8a2cd64b3b572c3d5e2f3de45d6b5,ΣΠΕΡΜΑ,24,σπέρμα,False,"[{""token_id"": ""275152"", ""citation"": ""MATT 13.24"", ""raw_form"": ""σπέρμα""}]"
syntacticus:Nb:b1d97088cb15773a0681753ba9a43363971c65a1edd5f85f9ad271ad8a775e82,ΣΠΕΡΜΑΣΙΝ,1,σπέρμα,False,"[{""token_id"": ""438648"", ""citation"": ""GAL 3.16"", ""raw_form"": ""σπέρμασιν""}]"
syntacticus:Nb:f7bea428bfea7ef10e0455d86db7948c3804215864de363717ed8dbcbb7dbc06,ΣΠΕΡΜΑΤΙ,7,σπέρμα,False,"[{""token_id"": ""321014"", ""citation"": ""LUKE 1.55"", ""raw_form"": ""σπέρματι""}]"
syntacticus:Nb:a957b9c18ab15ac47c7ba94ffd156b5f3774a913912d2ff198bd895dc2bbeab3,ΣΠΕΡΜΑΤΟΣ,8,σπέρμα,False,"[{""token_id"": ""348845"", ""citation"": ""JOHN 7.42"", ""raw_form"": ""σπέρματος""}]"
syntacticus:Nb:28a89156f6f40fecb7ea2268af31afbbb0e9ebc772689e06a9ed99ec2fd89426,ΣΠΕΡΜΑΤΩΝ,3,σπέρμα,False,"[{""token_id"": ""275325"", ""citation"": ""MATT 13.32"", ""raw_form"": ""σπερμάτων""}]"
syntacticus:Nb:34636942c96b26d5765b194e91df1144c90c29c5092a6bb4c21f132b2efe0c46,ΣΠΗΛΑΙΑ,1,σπήλαιον,False,"[{""token_id"": ""495547"", ""citation"": ""REV 6.15"", ""raw_form"": ""σπήλαια""}]"
syntacticus:Nb:a1eab5bc08891ee61d9f2358cd880bf69d8993c1e96d856b2752b5b8030e29bb,ΣΠΗΛΑΙΟΙΣ,1,σπήλαιον,False,"[{""token_id"": ""471228"", ""citation"": ""HEB 11.38"", ""raw_form"": ""σπηλαίοις""}]"
syntacticus:Nb:04a03574b7932cb0d03e8c995710eacb5a21837bd20830eddc4664c85f9700fb,ΣΠΗΛΑΙΟΝ,4,σπήλαιον,False,"[{""token_id"": ""280658"", ""citation"": ""MATT 21.13"", ""raw_form"": ""σπήλαιον""}]"
syntacticus:Nb:9e35d94dfa5e590a2f42de8f7660b0aea90adbadd911155cec995090e0e53908,ΣΠΙΛΟΝ,1,σπίλος,False,"[{""token_id"": ""444383"", ""citation"": ""EPH 5.27"", ""raw_form"": ""σπίλον""}]"
syntacticus:Nb:cc06eb1074370c784eb3f2c6baeef0e695f32a766350132a408d1ad77f439923,ΣΠΛΑΓΧΝΑ,8,σπλάγχνον,False,"[{""token_id"": ""321352"", ""citation"": ""LUKE 1.78"", ""raw_form"": ""σπλάγχνα""}]"
syntacticus:Nb:61d702e20793a41680fabdbeb4770d860cb1d1362852ef72c5844dc1b89dcebc,ΣΠΛΑΓΧΝΟΙΣ,2,σπλάγχνον,False,"[{""token_id"": ""430245"", ""citation"": ""2COR 6.12"", ""raw_form"": ""σπλάγχνοις""}]"
syntacticus:Nb:391be6c49cbf6fd580ecf279165197a9611be827cd929cfc3af5b6cd17d028cf,ΣΠΟΓΓΟΝ,3,σπόγγος,False,"[{""token_id"": ""286936"", ""citation"": ""MATT 27.48"", ""raw_form"": ""σπόγγον""}]"
syntacticus:Nb:cc1c55bbe9c00b62edc373180fa195eb82bdf5545fbabb5c5aa8227e6851e344,ΣΠΟΔΟΣ,1,σποδός,False,"[{""token_id"": ""469581"", ""citation"": ""HEB 9.13"", ""raw_form"": ""σποδὸς""}]"
syntacticus:Nb:d8ffb72243d24547bb22b15f4ef323dfcfd2ed3c27d086ef894def5619d3c4d1,ΣΠΟΡΑΣ,1,σπορά,False,"[{""token_id"": ""480933"", ""citation"": ""1PET 1.23"", ""raw_form"": ""σπορᾶς""}]"
syntacticus:Nb:81db7fdacb29319015be39af3c5b094623ecf6bb5f7909999d5aea6c1f4ab569,ΣΠΟΡΟΝ,3,σπόρος,False,"[{""token_id"": ""104271"", ""citation"": ""MARK 4.26"", ""raw_form"": ""σπόρον""}]"
syntacticus:Nb:98e6cb58dbd4723f86b14edbebb7da6377eb4c55c3ec734f9d8993069fbeb31f,ΣΠΟΡΟΣ,2,σπόρος,False,"[{""token_id"": ""104286"", ""citation"": ""MARK 4.27"", ""raw_form"": ""σπόρος""}]"
syntacticus:Nb:200303bace3ddd31cccd9d4b3c4af694db1343f883d6e9245bca2d3de50f8003,ΣΠΟΥΔΗΝ,4,σπουδή,False,"[{""token_id"": ""430608"", ""citation"": ""2COR 7.11"", ""raw_form"": ""σπουδήν""}]"
syntacticus:Nb:d30d61f77c8779902c5bfd75c25f6512cca5b2d26348cd03277fb57e0bf943d5,ΣΠΟΥΔΗΣ,3,σπουδή,False,"[{""token_id"": ""105885"", ""citation"": ""MARK 6.25"", ""raw_form"": ""σπουδῆς""}]"
syntacticus:Nb:378d4ed8663d5095d5cd66ec8d88c5165078b1f0aad0b930eedf9534a8f4867a,ΣΠΥΡΙΔΑΣ,3,σπυρίς,False,"[{""token_id"": ""277204"", ""citation"": ""MATT 15.37"", ""raw_form"": ""σπυρίδας""}]"
syntacticus:Nb:c98e1f9066f039bb4c040eff634a113fcf06d64f7dd1037371d2406945a29ebc,ΣΠΥΡΙΔΙ,1,σπυρίς,False,"[{""token_id"": ""384437"", ""citation"": ""ACTS 9.25"", ""raw_form"": ""σπυρίδι""}]"
syntacticus:Nb:e31b252774a41ab0bd8c0064e053e9586b1de4193e07b06825837bbf96687435,ΣΠΥΡΙΔΩΝ,1,σπυρίς,False,"[{""token_id"": ""107524"", ""citation"": ""MARK 8.20"", ""raw_form"": ""σπυρίδων""}]"
syntacticus:Nb:800b87f430e215d544a097b6396751649ca6addbe11327685a9bd8619b6073cd,ΣΤΑΔΙΑ,1,στάδιον,False,"[{""token_id"": ""760913"", ""citation"": ""JOHN 6.19"", ""raw_form"": ""στάδια""}]"
syntacticus:Nb:65ff767009aaf408aba06582b4190fd0923bf91e7c2d5b515b794cc80025ac24,ΣΤΑΔΙΟΥΣ,1,στάδιον,False,"[{""token_id"": ""341746"", ""citation"": ""LUKE 24.13"", ""raw_form"": ""σταδίους""}]"
syntacticus:Nb:db3fa6328050213cafd0db93a5885bdb1fa716243d356465eca24ec4b731b09c,ΣΤΑΔΙΩΝ,3,στάδιον,False,"[{""token_id"": ""352432"", ""citation"": ""JOHN 11.18"", ""raw_form"": ""σταδίων""}]"
syntacticus:Nb:0f423f55b151bea1552f93a6e3c773776d80d9b0e9c6060f2b400220c721f5f3,ΣΤΑΜΝΟΣ,1,στάμνος,False,"[{""token_id"": ""469391"", ""citation"": ""HEB 9.4"", ""raw_form"": ""στάμνος""}]"
syntacticus:Nb:240b542b1130d9e65a6e3311a826fe6a60158ef196d8875ea0d3b8d2fd80ca35,ΣΤΑΣΕΙ,1,στάσις,False,"[{""token_id"": ""113699"", ""citation"": ""MARK 15.7"", ""raw_form"": ""στάσει""}]"
syntacticus:Nb:b63a4845969c68b753ce34e4b3d678e618afd65db72487ac6cd0fd50e693a1fd,ΣΤΑΣΕΙΣ,1,στάσις,False,"[{""token_id"": ""395349"", ""citation"": ""ACTS 24.5"", ""raw_form"": ""στάσεις""}]"
syntacticus:Nb:c4882332b333a98b1a95443e8085341ec1dd2ccc181af450e86d6fc5cecc187f,ΣΤΑΣΕΩΣ,3,στάσις,False,"[{""token_id"": ""388498"", ""citation"": ""ACTS 15.2"", ""raw_form"": ""στάσεως""}]"
syntacticus:Nb:37f6befdf6321920968ef86af25f9e9d3dd97e5e4a6d92042650d6e47785ffc6,ΣΤΑΣΙΑΣΤΩΝ,1,στασιαστής,False,"[{""token_id"": ""113693"", ""citation"": ""MARK 15.7"", ""raw_form"": ""στασιαστῶν""}]"
syntacticus:Nb:6a86b6a0ecaadfae6db3c55f52c0e4a69d8629e960131301fe3679e052ff81b6,ΣΤΑΣΙΝ,3,στάσις,False,"[{""token_id"": ""340902"", ""citation"": ""LUKE 23.19"", ""raw_form"": ""στάσιν""}]"
syntacticus:Nb:b18b4d391d1b5a224fdf8334abf984bd33b7b664ede4e361409c9cc64198eed1,ΣΤΑΣΙΣ,1,στάσις,False,"[{""token_id"": ""394666"", ""citation"": ""ACTS 23.7"", ""raw_form"": ""στάσις""}]"
syntacticus:Nb:940a87c731792a66cfe898b1fe5f46b1435f185cf65859f85555e26a9ac64043,ΣΤΑΤΗΡΑ,1,στατήρ,False,"[{""token_id"": ""278396"", ""citation"": ""MATT 17.27"", ""raw_form"": ""στατῆρα""}]"
syntacticus:Nb:29576944b4c75d73af48929b7554572f58846c631140b767131561c7314ee448,ΣΤΑΥΡΟΝ,10,σταυρός,False,"[{""token_id"": ""272975"", ""citation"": ""MATT 10.38"", ""raw_form"": ""σταυρὸν""}]"
syntacticus:Nb:b8d4aacf386bc527085f690e8edc05cb5c7edea6f046ccc8f1f0f7f34d20c1d9,ΣΤΑΥΡΟΣ,1,σταυρός,False,"[{""token_id"": ""413925"", ""citation"": ""1COR 1.17"", ""raw_form"": ""σταυρὸς""}]"
syntacticus:Nb:6492debfc02734b638115b2008d8ad81c581a63dd00428c200eca8a6911227df,ΣΤΑΥΡΟΥ,12,σταυρός,False,"[{""token_id"": ""286807"", ""citation"": ""MATT 27.40"", ""raw_form"": ""σταυροῦ""}]"
syntacticus:Nb:12b44975feea8a0919f5c01af4ea9d84ca3e7357514c191fd8315c41e54ce815,ΣΤΑΦΥΛΑΙ,1,σταφυλή,False,"[{""token_id"": ""499382"", ""citation"": ""REV 14.18"", ""raw_form"": ""σταφυλαὶ""}]"
syntacticus:Nb:404149fed3f34c148123ce3a0872c818eb5dd4cdcf63b7049e1549b23c364f6e,ΣΤΑΦΥΛΑΣ,1,σταφυλή,False,"[{""token_id"": ""270554"", ""citation"": ""MATT 7.16"", ""raw_form"": ""σταφυλὰς""}]"
syntacticus:Nb:fc7df31941801a4f65d20cff7e0115e1d02dbd8d7021f6f38cb4655c94c59902,ΣΤΑΦΥΛΗΝ,1,σταφυλή,False,"[{""token_id"": ""325673"", ""citation"": ""LUKE 6.44"", ""raw_form"": ""σταφυλὴν""}]"
syntacticus:Nb:c2276e97220529dcfae562158199b0ec434b302a3ae0c9a1804300f6fa9724b9,ΣΤΑΧΥΑΣ,3,στάχυς,False,"[{""token_id"": ""273661"", ""citation"": ""MATT 12.1"", ""raw_form"": ""στάχυας""}]"
syntacticus:Nb:757a16e7cdff2088871779b9382d5d1c16f32ddd5eebc4783e30e4ca3e799341,ΣΤΑΧΥΙ,1,στάχυς,False,"[{""token_id"": ""104311"", ""citation"": ""MARK 4.28"", ""raw_form"": ""στάχυϊ""}]"
syntacticus:Nb:211c5a1c5b1cbe1898c2e4c31cec951f997f6a4fc625020abf9d9573807e420e,ΣΤΑΧΥΝ,2,στάχυς,False,"[{""token_id"": ""104304"", ""citation"": ""MARK 4.28"", ""raw_form"": ""στάχυν""}]"
syntacticus:Nb:4ba45df7f6b7453151b96bdf6d8a7c11620f06d69ea830b995b3fbd0297fb913,ΣΤΕΓΗΝ,3,στέγη,False,"[{""token_id"": ""270950"", ""citation"": ""MATT 8.8"", ""raw_form"": ""στέγην""}]"
syntacticus:Nb:8ab367d2037e1e1ed31a3a07f24064ea8a38314db98c5857e6f1ca404c9d3e0a,ΣΤΕΙΡΑ,2,στεῖρα,False,"[{""token_id"": ""320164"", ""citation"": ""LUKE 1.7"", ""raw_form"": ""στεῖρα""}]"
syntacticus:Nb:6329641d9eaaca9831ea8b1aacef18e3ffb7c3c64da4bd26b3d4dcb47253caf0,ΣΤΕΙΡΑΙ,1,στεῖρα,False,"[{""token_id"": ""341078"", ""citation"": ""LUKE 23.29"", ""raw_form"": ""στεῖραι""}]"
syntacticus:Nb:fe2f3b584519161baebba9099e4176f444c1acf59ea064ada6b6a71d76d8e08b,ΣΤΕΜΜΑΤΑ,1,στέμμα,False,"[{""token_id"": ""388178"", ""citation"": ""ACTS 14.13"", ""raw_form"": ""στέμματα""}]"
syntacticus:Nb:be7cc071686c5d01c2887f3c03f5ffe5aa6c42d41caf9b8eca2b532b8f7ab8a1,ΣΤΕΝΑΓΜΟΙΣ,1,στεναγμός,False,"[{""token_id"": ""402898"", ""citation"": ""ROM 8.26"", ""raw_form"": ""στεναγμοῖς""}]"
syntacticus:Nb:4364cd840abe105873be14150bdcabcbacf49e4ae5d859741c83838c7403091e,ΣΤΕΝΑΓΜΟΥ,1,στεναγμός,False,"[{""token_id"": ""382587"", ""citation"": ""ACTS 7.34"", ""raw_form"": ""στεναγμοῦ""}]"
syntacticus:Nb:3ebbb7356e30bf89d79b7b92848a455d2c5cc8d7f5c74d49230a1f896ef92af2,ΣΤΕΝΟΧΩΡΙΑ,2,στενοχωρία,False,"[{""token_id"": ""399673"", ""citation"": ""ROM 2.9"", ""raw_form"": ""στενοχωρία""}]"
syntacticus:Nb:a4f43805f064a4a2db2e5de46b01f8d7f0fbb020ec2fc50496eddf53853484c0,ΣΤΕΝΟΧΩΡΙΑΙΣ,2,στενοχωρία,False,"[{""token_id"": ""430113"", ""citation"": ""2COR 6.4"", ""raw_form"": ""στενοχωρίαις""}]"
syntacticus:Nb:32f6d764702fc5063b735532221e72b2ef2f79e9d89049c9aabb0b7365d6f5c5,ΣΤΕΡΕΩΜΑ,1,στερέωμα,False,"[{""token_id"": ""451215"", ""citation"": ""COL 2.5"", ""raw_form"": ""στερέωμα""}]"
syntacticus:Nb:27468a9a85616ddfcb69ff037bb631635f8b7d309d17351649da42e7ad4abc6e,ΣΤΕΦΑΝΟΙ,1,στέφανος,True,"[{""token_id"": ""496587"", ""citation"": ""REV 9.7"", ""raw_form"": ""στέφανοι""}]"
syntacticus:Nb:c1f614300a3c6ff4c9902cbc73482d39c27989acb6e68e1411b85cd0c7f2bbd4,ΣΤΕΦΑΝΟΝ,9,στέφανος,True,"[{""token_id"": ""286612"", ""citation"": ""MATT 27.29"", ""raw_form"": ""στέφανον""}]"
syntacticus:Nb:cf86816b1892caeefe5392bca09c9d07df0a9fa01789d32e5ffdf1a12136151f,ΣΤΕΦΑΝΟΣ,5,στέφανος,True,"[{""token_id"": ""448551"", ""citation"": ""PHIL 4.1"", ""raw_form"": ""στέφανός""}]"
syntacticus:Nb:72c4b7ea3eacfbd9f9265049e47d95bf11a169be0971b12347516f77e3918e27,ΣΤΕΦΑΝΟΥΣ,2,στέφανος,True,"[{""token_id"": ""760905"", ""citation"": ""REV 4.4"", ""raw_form"": ""στεφάνους""}]"
syntacticus:Nb:de441689407eb91139f5fd44c8f50cd12d12e7016e5712ec95e09fc2fee74e80,ΣΤΗΘΗ,2,στῆθος,False,"[{""token_id"": ""341423"", ""citation"": ""LUKE 23.48"", ""raw_form"": ""στήθη""}]"
syntacticus:Nb:fa4ad310a76e17538b3063f41322570674cd1c23c0df20a138bb9ea4f62a65cc,ΣΤΗΘΟΣ,3,στῆθος,False,"[{""token_id"": ""336421"", ""citation"": ""LUKE 18.13"", ""raw_form"": ""στῆθος""}]"
syntacticus:Nb:b17039a4ed1ee25477b98b05250bde4a771b584c46b171b447a5a1357db03cee,ΣΤΙΒΑΔΑΣ,1,στιβάς,False,"[{""token_id"": ""110105"", ""citation"": ""MARK 11.8"", ""raw_form"": ""στιβάδας""}]"
syntacticus:Nb:f32a34b3e01d6d739e8fd875254371fecd5cd16adc679c511ba20597b37e7eac,ΣΤΙΓΜΑΤΑ,1,στίγμα,False,"[{""token_id"": ""440099"", ""citation"": ""GAL 6.17"", ""raw_form"": ""στίγματα""}]"
syntacticus:Nb:371df7392c4fad8bf4e027816fa635ddfb7ae0e3af0f9721226d38a9337f69b7,ΣΤΟΑΣ,1,στοά,False,"[{""token_id"": ""345747"", ""citation"": ""JOHN 5.2"", ""raw_form"": ""στοὰς""}]"
syntacticus:Nb:7fca9becc3588def05479af7df0f5721d0a83358e44854293e928425b64e7dbd,ΣΤΟΙΧΕΙΑ,4,στοιχεῖον,False,"[{""token_id"": ""438941"", ""citation"": ""GAL 4.3"", ""raw_form"": ""στοιχεῖα""}]"
syntacticus:Nb:78d967412db86fb06e6b0a88d0fce61d9e12152cb16010cd901be82eb636f0e2,ΣΤΟΙΧΕΙΩΝ,1,στοιχεῖον,False,"[{""token_id"": ""451497"", ""citation"": ""COL 2.20"", ""raw_form"": ""στοιχείων""}]"
syntacticus:Nb:8024d51ea0fa79ca913b932efe5b0be4456910d0c5880f257b0132bf95a99528,ΣΤΟΛΑΙΣ,2,στολή,False,"[{""token_id"": ""111407"", ""citation"": ""MARK 12.38"", ""raw_form"": ""στολαῖς""}]"
syntacticus:Nb:13e4b47db20b20133cc62ccdca2e0b075345cccc11d35578fc28a8d7cb4b3db4,ΣΤΟΛΑΣ,4,στολή,False,"[{""token_id"": ""495817"", ""citation"": ""REV 7.9"", ""raw_form"": ""στολὰς""}]"
syntacticus:Nb:e2b685d8185d3859a3397472abfebb14cd9af852359dfaf86483b860dd5c9da5,ΣΤΟΛΗ,1,στολή,False,"[{""token_id"": ""495421"", ""citation"": ""REV 6.11"", ""raw_form"": ""στολὴ""}]"
syntacticus:Nb:c7c382bc0c07d85f40297ab77d08800cb68ac686d7cb59fe0918bbb3152611c0,ΣΤΟΛΗΝ,2,στολή,False,"[{""token_id"": ""114436"", ""citation"": ""MARK 16.5"", ""raw_form"": ""στολὴν""}]"
syntacticus:Nb:03e0c702146a6b6e617912e6ff4568bb8d283cb497ef93a935748411ce4814c1,ΣΤΟΜΑ,23,στόμα,False,"[{""token_id"": ""268582"", ""citation"": ""MATT 5.2"", ""raw_form"": ""στόμα""}]"
syntacticus:Nb:30e7c53e25f8970a9822ea47b65a96295beccc52310439eee4570a2dd5ad63e6,ΣΤΟΜΑΤΑ,3,στόμα,False,"[{""token_id"": ""471130"", ""citation"": ""HEB 11.33"", ""raw_form"": ""στόματα""}]"
syntacticus:Nb:eec451a7ce9ad3ad4d0c1fc31e65a8cb188b539070f6929a4176c5abc48ea00c,ΣΤΟΜΑΤΙ,11,στόμα,False,"[{""token_id"": ""339052"", ""citation"": ""LUKE 21.24"", ""raw_form"": ""στόματι""}]"
syntacticus:Nb:dbe441ff2dc93339e7c9d46c2214cf2abec03e023a2b54420aa4291600e1b374,ΣΤΟΜΑΤΟΣ,34,στόμα,False,"[{""token_id"": ""268138"", ""citation"": ""MATT 4.4"", ""raw_form"": ""στόματος""}]"
syntacticus:Nb:85f31b47a9d02c5685aed93705d8336fe1106a262f49a5e6b6d50aee47dd5c7c,ΣΤΟΜΑΤΩΝ,2,στόμα,False,"[{""token_id"": ""496813"", ""citation"": ""REV 9.17"", ""raw_form"": ""στομάτων""}]"
syntacticus:Nb:4af0182ce45fd8cacc1f98f29def31b74b89298add4e1fb39b6d29ec90856fdb,ΣΤΟΜΑΧΟΝ,1,στόμαχος,False,"[{""token_id"": ""459968"", ""citation"": ""1TIM 5.23"", ""raw_form"": ""στόμαχον""}]"
syntacticus:Nb:6b1a9d3d243f1ce2ea714875958b6106cfd11abd4bc7ed38ce857953573e45c7,ΣΤΡΑΤΕΙΑΝ,1,στρατεία,False,"[{""token_id"": ""458851"", ""citation"": ""1TIM 1.18"", ""raw_form"": ""στρατείαν""}]"
syntacticus:Nb:fa23d30b886ef8692c161a40f6971517ac98ba1a60246e6fa52c8a1316406ebc,ΣΤΡΑΤΕΥΜΑ,1,στράτευμα,False,"[{""token_id"": ""394742"", ""citation"": ""ACTS 23.10"", ""raw_form"": ""στράτευμα""}]"
syntacticus:Nb:23e9444906289173dd9ee0e0a043a2ea51d408d63ceb407c748e91db93d54555,ΣΤΡΑΤΕΥΜΑΣΙΝ,1,στράτευμα,False,"[{""token_id"": ""340782"", ""citation"": ""LUKE 23.11"", ""raw_form"": ""στρατεύμασιν""}]"
syntacticus:Nb:0cb25c8b3f6a8f0242710f922a1b592eaececd286399fe965af51c655bccc5f1,ΣΤΡΑΤΕΥΜΑΤΑ,3,στράτευμα,False,"[{""token_id"": ""281495"", ""citation"": ""MATT 22.7"", ""raw_form"": ""στρατεύματα""}]"
syntacticus:Nb:57a2f1496cd72fd3a59a388b68d0bb2a72ec7899e69833d68a3934053472db51,ΣΤΡΑΤΕΥΜΑΤΙ,1,στράτευμα,False,"[{""token_id"": ""395112"", ""citation"": ""ACTS 23.27"", ""raw_form"": ""στρατεύματι""}]"
syntacticus:Nb:cdee52c610068a7e96cba888dc84db321818f121ff0c095541cce17ad50590dd,ΣΤΡΑΤΕΥΜΑΤΟΣ,1,στράτευμα,False,"[{""token_id"": ""501923"", ""citation"": ""REV 19.19"", ""raw_form"": ""στρατεύματος""}]"
syntacticus:Nb:0c89935b921446263e8504074970a24c61a5aa33efdb3f6c77dc9bbe49f790a4,ΣΤΡΑΤΕΥΜΑΤΩΝ,1,στράτευμα,False,"[{""token_id"": ""496768"", ""citation"": ""REV 9.16"", ""raw_form"": ""στρατευμάτων""}]"
syntacticus:Nb:16597d640afe86524617c94093a85d028f2ae320d15033a66636b7e898b93515,ΣΤΡΑΤΗΓΟΙ,3,στρατηγός,False,"[{""token_id"": ""389700"", ""citation"": ""ACTS 16.22"", ""raw_form"": ""στρατηγοὶ""}]"
syntacticus:Nb:17d2691d4579336ff7da3e11bfd4baba58c4437dfbfcf63d84137bd20b5c6cbe,ΣΤΡΑΤΗΓΟΙΣ,3,στρατηγός,False,"[{""token_id"": ""339369"", ""citation"": ""LUKE 22.4"", ""raw_form"": ""στρατηγοῖς""}]"
syntacticus:Nb:e537a413da0367d357df1b9f5c6eed2f6ee36fb086998ff82828ac0bd1e21e96,ΣΤΡΑΤΗΓΟΣ,3,στρατηγός,False,"[{""token_id"": ""379978"", ""citation"": ""ACTS 4.1"", ""raw_form"": ""στρατηγὸς""}]"
syntacticus:Nb:ab64fcc35749abe541487e70682674629eb8ac28f77c642357c8e4f0e26d7bf0,ΣΤΡΑΤΗΓΟΥΣ,1,στρατηγός,False,"[{""token_id"": ""340227"", ""citation"": ""LUKE 22.52"", ""raw_form"": ""στρατηγοὺς""}]"
syntacticus:Nb:0b14fcccda04b6e0e96e88a7fe60e6c40c233c02b0f9658f90f31f6ef004c2da,ΣΤΡΑΤΙΑΣ,2,στρατιά,False,"[{""token_id"": ""321608"", ""citation"": ""LUKE 2.13"", ""raw_form"": ""στρατιᾶς""}]"
syntacticus:Nb:c7aa309ad0c91623b46ac4f85bb21b86e575b32abedfef0851846e36ab7bfe3c,ΣΤΡΑΤΙΩΤΑΙ,9,στρατιώτης,False,"[{""token_id"": ""286586"", ""citation"": ""MATT 27.27"", ""raw_form"": ""στρατιῶται""}]"
syntacticus:Nb:48a1018e7d115f97bd92eabde3d57f268b67e782d51b47acc4bfe633364126dd,ΣΤΡΑΤΙΩΤΑΙΣ,3,στρατιώτης,False,"[{""token_id"": ""287507"", ""citation"": ""MATT 28.12"", ""raw_form"": ""στρατιώταις""}]"
syntacticus:Nb:7fb547b90e72a6b62740a4c280839dadd505e2c7d80f7bfd99d188098979ea94,ΣΤΡΑΤΙΩΤΑΣ,5,στρατιώτης,False,"[{""token_id"": ""270975"", ""citation"": ""MATT 8.9"", ""raw_form"": ""στρατιώτας""}]"
syntacticus:Nb:9dae3754f5549c7fee03913ae26254ecc0c847fae943c3fab061181bbc2104c1,ΣΤΡΑΤΙΩΤΗΝ,1,στρατιώτης,False,"[{""token_id"": ""384955"", ""citation"": ""ACTS 10.7"", ""raw_form"": ""στρατιώτην""}]"
syntacticus:Nb:2c4664c438b19622a46b4bfe1bd460c3b045fca60cafadcb15e799a1fa872b44,ΣΤΡΑΤΙΩΤΗΣ,1,στρατιώτης,False,"[{""token_id"": ""462392"", ""citation"": ""2TIM 2.3"", ""raw_form"": ""στρατιώτης""}]"
syntacticus:Nb:484c58ad7bc6bf8c8991e82a1d50d05eaf4752ab4dd70cc798d9e102e4cebbd0,ΣΤΡΑΤΙΩΤΩΝ,5,στρατιώτης,False,"[{""token_id"": ""359200"", ""citation"": ""JOHN 19.34"", ""raw_form"": ""στρατιωτῶν""}]"
syntacticus:Nb:066f093c79edd0fe6c4f1397c647d85af8a9673bd618533cc386d700d8cae819,ΣΤΡΑΤΟΠΕΔΩΝ,1,στρατόπεδον,False,"[{""token_id"": ""338975"", ""citation"": ""LUKE 21.20"", ""raw_form"": ""στρατοπέδων""}]"
syntacticus:Nb:4cf324b5a0d3c93f948c3c951d0b44a180a2d80816eabdd043206a3079481fe2,ΣΤΡΗΝΟΥΣ,1,στρῆνος,False,"[{""token_id"": ""500795"", ""citation"": ""REV 18.3"", ""raw_form"": ""στρήνους""}]"
syntacticus:Nb:235e9cddd7aec06e3104fafaf72e0499415cb0e6a02e29b60835e523c716ba7b,ΣΤΡΟΥΘΙΑ,2,στρουθίον,False,"[{""token_id"": ""272817"", ""citation"": ""MATT 10.29"", ""raw_form"": ""στρουθία""}]"
syntacticus:Nb:75a91970fb19969e5e8a635a9f25b7af21b726872785da8e6d789da892fb37a9,ΣΤΡΟΥΘΙΩΝ,2,στρουθίον,False,"[{""token_id"": ""272851"", ""citation"": ""MATT 10.31"", ""raw_form"": ""στρουθίων""}]"
syntacticus:Nb:ac62a8e15982d9b7afb340d4af8ea619220acb6d7307c0b45f09d4ad4cba1853,ΣΤΥΛΟΙ,2,στῦλος,False,"[{""token_id"": ""438103"", ""citation"": ""GAL 2.9"", ""raw_form"": ""στῦλοι""}]"
syntacticus:Nb:00bf5cb2ff09e9021419308b12b92e50e0da2a4c5e09b993338727a27f86ac38,ΣΤΥΛΟΝ,1,στῦλος,False,"[{""token_id"": ""494145"", ""citation"": ""REV 3.12"", ""raw_form"": ""στῦλον""}]"
syntacticus:Nb:ad2af06969d26783e1e35025cc9bb9e6f143f80d833d39d26b0bb56c42d9e45a,ΣΤΥΛΟΣ,1,στῦλος,False,"[{""token_id"": ""459317"", ""citation"": ""1TIM 3.15"", ""raw_form"": ""στῦλος""}]"
syntacticus:Nb:45e152a5ad41898c9e104bb933762a2284b1856c976a10ccc7ea4d7ab231be7d,ΣΥΓΓΕΝΕΙΑΝ,1,συγγένεια,False,"[{""token_id"": ""766057"", ""citation"": ""ACTS 7.14"", ""raw_form"": ""συγγένειαν""}]"
syntacticus:Nb:06077b6ec9500529731c29e6fcfad96b24749e97ecc325f522ef58deaf12a231,ΣΥΓΓΕΝΕΙΑΣ,2,συγγένεια,False,"[{""token_id"": ""321116"", ""citation"": ""LUKE 1.61"", ""raw_form"": ""συγγενείας""}]"
syntacticus:Nb:05e68bd5261c0420bbb0d6c067484efc6e4e16e3f15a2b344093bec7b8b4253d,ΣΥΓΓΕΝΙΣ,1,συγγενίς,False,"[{""token_id"": ""733822"", ""citation"": ""LUKE 1.36"", ""raw_form"": ""συγγενίς""}]"
syntacticus:Nb:e4c14a4e6bc5c7ab49627221bf04ee88469aafd0c2b7f034af4addf637f6b0a1,ΣΥΓΓΝΩΜΗΝ,1,συγγνώμη,False,"[{""token_id"": ""416074"", ""citation"": ""1COR 7.6"", ""raw_form"": ""συγγνώμην""}]"
syntacticus:Nb:b5f86d42bde071088dc5eb440aca287898a1145e080e8fcce5e51ac89a54a269,ΣΥΓΚΥΡΙΑΝ,1,συγκυρία,False,"[{""token_id"": ""330107"", ""citation"": ""LUKE 10.31"", ""raw_form"": ""συγκυρίαν""}]"
syntacticus:Nb:764c8fc090e9955135c88b39c9288d400e353dc8f65c340b29e3e4bd0571c984,ΣΥΓΧΥΣΕΩΣ,1,σύγχυσις,False,"[{""token_id"": ""391985"", ""citation"": ""ACTS 19.29"", ""raw_form"": ""συγχύσεως""}]"
syntacticus:Nb:17bfe26589f5555a0b4db2b140556ed71c69ab7f65a89f45e356d4ed91406b5b,ΣΥΖΗΤΗΤΗΣ,1,συζητητής,False,"[{""token_id"": ""413972"", ""citation"": ""1COR 1.20"", ""raw_form"": ""συζητητὴς""}]"
syntacticus:Nb:bdd4895e8669c9f3862d0fd1538db4587924850a1ce1d2a7f98e32c546534415,ΣΥΚΑ,3,σῦκον,False,"[{""token_id"": ""270558"", ""citation"": ""MATT 7.16"", ""raw_form"": ""σῦκα""}]"
syntacticus:Nb:a67e8edec3b769bf7e6fc528d10e3e8aede2727e948ea3d9d2e1926674d976e4,ΣΥΚΗ,5,συκῆ,False,"[{""token_id"": ""280792"", ""citation"": ""MATT 21.19"", ""raw_form"": ""συκῆ""}]"
syntacticus:Nb:7fed21580eedba34e12f27eb2a436158663d6f4f10f42ab60d14f02df0298d59,ΣΥΚΗΝ,6,συκῆ,False,"[{""token_id"": ""280755"", ""citation"": ""MATT 21.19"", ""raw_form"": ""συκῆν""}]"
syntacticus:Nb:fa2f57e1e0bdc9a77b560a537c254b3eeae8392e4dcc8bc3bb5639b5eaaa0254,ΣΥΚΗΣ,4,συκῆ,False,"[{""token_id"": ""280829"", ""citation"": ""MATT 21.21"", ""raw_form"": ""συκῆς""}]"
syntacticus:Nb:efd3d4bd5d494860414887ace56cb4be0973df1befb83f5709bf7c1bc350d560,ΣΥΚΟΜΟΡΕΑΝ,1,συκομορέα,False,"[{""token_id"": ""337006"", ""citation"": ""LUKE 19.4"", ""raw_form"": ""συκομορέαν""}]"
syntacticus:Nb:9b8520ed7b5ae1a2b5a463447f18c019f0a45541bfd6fd417253f29d3316ba5d,ΣΥΚΩΝ,1,σῦκον,False,"[{""token_id"": ""110208"", ""citation"": ""MARK 11.13"", ""raw_form"": ""σύκων""}]"
syntacticus:Nb:b11c59e22e9c58603aa4435ac2b4ab6829685e5ca422e553f4dc26051ad5fcf5,ΣΥΜΒΟΥΛΙΟΝ,7,συμβούλιον,False,"[{""token_id"": ""273890"", ""citation"": ""MATT 12.14"", ""raw_form"": ""συμβούλιον""}]"
syntacticus:Nb:55a15965f9935b3eccc03368017632d0cb65d0bc7858485bdd03d119ceee89d4,ΣΥΜΒΟΥΛΙΟΥ,1,συμβούλιον,False,"[{""token_id"": ""396005"", ""citation"": ""ACTS 25.12"", ""raw_form"": ""συμβουλίου""}]"
syntacticus:Nb:4a6611755c4a1ca81c7f52d7fd13517f0fb4aded89f57fbaf8d28af8bab6433d,ΣΥΜΒΟΥΛΟΣ,1,σύμβουλος,False,"[{""token_id"": ""404797"", ""citation"": ""ROM 11.34"", ""raw_form"": ""σύμβουλος""}]"
syntacticus:Nb:a5c87ea00f85c65a2039a33ea80cca49b3fcf8601f3c705f0a0c500f2155e4d8,ΣΥΜΠΟΣΙΑ,2,συμπόσιον,False,"[{""token_id"": ""106174"", ""citation"": ""MARK 6.39"", ""raw_form"": ""συμπόσια""}]"
syntacticus:Nb:f9c607fd22e06a09ec30b6dc7ffcdf6f229442a560e1d9046711962a5793a0d2,ΣΥΜΦΥΛΕΤΩΝ,1,συμφυλέτης,False,"[{""token_id"": ""454319"", ""citation"": ""1THESS 2.14"", ""raw_form"": ""συμφυλετῶν""}]"
syntacticus:Nb:839645a877d59219ac786051e751e439d81f5eb3176cd8850ee1749af796c1a5,ΣΥΜΦΩΝΗΣΙΣ,1,συμφώνησις,False,"[{""token_id"": ""430282"", ""citation"": ""2COR 6.15"", ""raw_form"": ""συμφώνησις""}]"
syntacticus:Nb:2a5f0c2bb256007f2879ca89fb2bea0636582f7f341e922a75ca6e4c6e7bb0ed,ΣΥΜΦΩΝΙΑΣ,1,συμφωνία,False,"[{""token_id"": ""334658"", ""citation"": ""LUKE 15.25"", ""raw_form"": ""συμφωνίας""}]"
syntacticus:Nb:8abe301e8b504ff237f762226d360228f4ce74039f0f7378e3920270e767c8a9,ΣΥΝΑΓΩΓΑΙΣ,15,συναγωγή,False,"[{""token_id"": ""268490"", ""citation"": ""MATT 4.23"", ""raw_form"": ""συναγωγαῖς""}]"
syntacticus:Nb:6a90c93671c750e74f77012f5eff347e1f451556f9de5dffd3d77ffaa6a60675,ΣΥΝΑΓΩΓΑΣ,8,συναγωγή,False,"[{""token_id"": ""102418"", ""citation"": ""MARK 1.39"", ""raw_form"": ""συναγωγὰς""}]"
syntacticus:Nb:fb5b78069d4f16b5225937921ccf213a55d0388b6553f054f8cbe1cd9184dfaa,ΣΥΝΑΓΩΓΗ,2,συναγωγή,False,"[{""token_id"": ""390065"", ""citation"": ""ACTS 17.1"", ""raw_form"": ""συναγωγὴ""}]"
syntacticus:Nb:410d1f3141b540369643f72b67225de71461d840ac97ffdaad9b652c76398def,ΣΥΝΑΓΩΓΗΝ,12,συναγωγή,False,"[{""token_id"": ""273798"", ""citation"": ""MATT 12.9"", ""raw_form"": ""συναγωγὴν""}]"
syntacticus:Nb:269b62bf5d996971a037f198f56a9445e622cb47fc298e1b881c1e55b1bb9ff3,ΣΥΝΑΓΩΓΗΣ,6,συναγωγή,False,"[{""token_id"": ""102258"", ""citation"": ""MARK 1.29"", ""raw_form"": ""συναγωγῆς""}]"
syntacticus:Nb:979adde1995fb367bb5e6894b23043e97d91ea998581d6df6dbfc41605281823,ΣΥΝΑΓΩΓΩΝ,1,συναγωγή,False,"[{""token_id"": ""332903"", ""citation"": ""LUKE 13.10"", ""raw_form"": ""συναγωγῶν""}]"
syntacticus:Nb:68881430d69c978022b0753b41b22069dbe5227e0f23407968bdd7582c20f4a6,ΣΥΝΔΕΣΜΟΝ,1,σύνδεσμος,False,"[{""token_id"": ""383564"", ""citation"": ""ACTS 8.23"", ""raw_form"": ""σύνδεσμον""}]"
syntacticus:Nb:1f3d8487d0cc7d8eac14b27e45c7111686b15547ca326b76a4c3a9643f5b6d35,ΣΥΝΔΕΣΜΟΣ,1,σύνδεσμος,False,"[{""token_id"": ""451791"", ""citation"": ""COL 3.14"", ""raw_form"": ""σύνδεσμος""}]"
syntacticus:Nb:6f8397be6721db111bfafab724fab01b6cc8d4a2faa16e8b66304ce08cd19548,ΣΥΝΔΕΣΜΩΝ,1,σύνδεσμος,False,"[{""token_id"": ""451481"", ""citation"": ""COL 2.19"", ""raw_form"": ""συνδέσμων""}]"
syntacticus:Nb:f1ffd694145b86c3bb4c440f027f9ba541177da0a8a84d68f435dcbe19106f41,ΣΥΝΔΟΥΛΟΙ,2,σύνδουλος,False,"[{""token_id"": ""279066"", ""citation"": ""MATT 18.31"", ""raw_form"": ""σύνδουλοι""}]"
syntacticus:Nb:72d376f7ad955b9f20642d546ba8b8f36d7b9f57675a3787f8b023272d54250f,ΣΥΝΔΟΥΛΟΝ,1,σύνδουλος,False,"[{""token_id"": ""279112"", ""citation"": ""MATT 18.33"", ""raw_form"": ""σύνδουλόν""}]"
syntacticus:Nb:3594f0a9ec8b3a99d9522d9181896fe5483ae7a2adea84a63a7ec73f3ef7000d,ΣΥΝΔΟΥΛΟΣ,4,σύνδουλος,False,"[{""token_id"": ""279033"", ""citation"": ""MATT 18.29"", ""raw_form"": ""σύνδουλος""}]"
syntacticus:Nb:47a3b351673cc12658e93de07be4cdc2ee5e984ae3d75ad3122840e9692565ce,ΣΥΝΔΟΥΛΟΥ,1,σύνδουλος,False,"[{""token_id"": ""450651"", ""citation"": ""COL 1.7"", ""raw_form"": ""συνδούλου""}]"
syntacticus:Nb:c9e99265451a8bf287960c06cf1945960c3200f9eea24ee78a7d06468b9e1a61,ΣΥΝΔΟΥΛΟΥΣ,1,σύνδουλος,False,"[{""token_id"": ""784619"", ""citation"": ""MATT 24.49"", ""raw_form"": ""συνδούλους""}]"
syntacticus:Nb:def277ae856858ff3a9418d6e7de8422ae8c0d18f7c561142de407e43496116c,ΣΥΝΔΟΥΛΩΝ,1,σύνδουλος,False,"[{""token_id"": ""279011"", ""citation"": ""MATT 18.28"", ""raw_form"": ""συνδούλων""}]"
syntacticus:Nb:f9490d6a8e466f9f946a30f9a78e587f4d9365a28481ccf1bdfff83ea87deada,ΣΥΝΔΡΟΜΗ,1,συνδρομή,False,"[{""token_id"": ""393629"", ""citation"": ""ACTS 21.30"", ""raw_form"": ""συνδρομὴ""}]"
syntacticus:Nb:4d5317e7e560b3bdee6876fc99a32f7d41eb03550882b7b2f26aa82d26b046ff,ΣΥΝΕΔΡΙΑ,2,συνέδριον,False,"[{""token_id"": ""272565"", ""citation"": ""MATT 10.17"", ""raw_form"": ""συνέδρια""}]"
syntacticus:Nb:35d63e2a39a8ad87651d5339aef80ee5167f890d36cb6288dc59f1b4a1f49934,ΣΥΝΕΔΡΙΟΝ,10,συνέδριον,False,"[{""token_id"": ""285810"", ""citation"": ""MATT 26.59"", ""raw_form"": ""συνέδριον""}]"
syntacticus:Nb:02ba8efd12a52c818d74f20ecf056524082db46ea8d5d8f5cda78d81154965be,ΣΥΝΕΔΡΙΟΥ,3,συνέδριον,False,"[{""token_id"": ""380245"", ""citation"": ""ACTS 4.15"", ""raw_form"": ""συνεδρίου""}]"
syntacticus:Nb:c6bdf6c153aadbe56fc89faf65de1846cc142e53d3c514e3c6247d1b36d0613d,ΣΥΝΕΙΔΗΣΕΙ,3,συνείδησις,False,"[{""token_id"": ""394534"", ""citation"": ""ACTS 23.1"", ""raw_form"": ""συνειδήσει""}]"
syntacticus:Nb:fda0f64ad2cb9658efa1ebf813f07fdad0170b5a337c02b81d81ad7695d605f4,ΣΥΝΕΙΔΗΣΕΣΙΝ,1,συνείδησις,False,"[{""token_id"": ""429842"", ""citation"": ""2COR 5.11"", ""raw_form"": ""συνειδήσεσιν""}]"
syntacticus:Nb:5c1e2c043385e45e4fbc4c1e9776d1eb1752d79af63ebcba37e006328984ec94,ΣΥΝΕΙΔΗΣΕΩΣ,7,συνείδησις,False,"[{""token_id"": ""349345"", ""citation"": ""JOHN 8.9"", ""raw_form"": ""συνειδήσεως""}]"
syntacticus:Nb:0bf3d7838dfb822a1a4d2646c0db9aefb4765a0216120b372e3c05125fd4b0a6,ΣΥΝΕΙΔΗΣΙΝ,14,συνείδησις,False,"[{""token_id"": ""395531"", ""citation"": ""ACTS 24.16"", ""raw_form"": ""συνείδησιν""}]"
syntacticus:Nb:5d063c838f5d604bfd000448f84945386b4d5fa476af50ca1d8768c3b6a041ac,ΣΥΝΕΙΔΗΣΙΣ,3,συνείδησις,False,"[{""token_id"": ""416922"", ""citation"": ""1COR 8.7"", ""raw_form"": ""συνείδησις""}]"
syntacticus:Nb:074409516b2f09e9970ac16bb7cd3e280bfe95d294dba291a881885852d01f48,ΣΥΝΕΚΔΗΜΟΣ,1,συνέκδημος,False,"[{""token_id"": ""431100"", ""citation"": ""2COR 8.19"", ""raw_form"": ""συνέκδημος""}]"
syntacticus:Nb:0867b0e1d9867b0798e9394981aae9262c5d39a3ce9df351ce8f9f27ee25629f,ΣΥΝΕΚΔΗΜΟΥΣ,1,συνέκδημος,False,"[{""token_id"": ""391999"", ""citation"": ""ACTS 19.29"", ""raw_form"": ""συνεκδήμους""}]"
syntacticus:Nb:c67d76598403d1c7e48b705f2c21d78f0bff267a4e2df1778e86bcce6c7b8c4f,ΣΥΝΕΣΕΙ,2,σύνεσις,False,"[{""token_id"": ""322240"", ""citation"": ""LUKE 2.47"", ""raw_form"": ""συνέσει""}]"
syntacticus:Nb:a11a8e6474fc4feaba169173bbe60377f3cc091790b50cff3ac5df38e3c6164c,ΣΥΝΕΣΕΩΣ,2,σύνεσις,False,"[{""token_id"": ""111271"", ""citation"": ""MARK 12.33"", ""raw_form"": ""συνέσεως""}]"
syntacticus:Nb:69e739fc9ceafd32dee07faac544de8f08d65be953ca2dc060cfca674dbc28ea,ΣΥΝΕΣΙΝ,3,σύνεσις,False,"[{""token_id"": ""413960"", ""citation"": ""1COR 1.19"", ""raw_form"": ""σύνεσιν""}]"
syntacticus:Nb:91311ee379e6ea700dbc65b3a768ec45d4b07c8cfa5696aacc0f9af2a4b16cac,ΣΥΝΗΘΕΙΑ,1,συνήθεια,False,"[{""token_id"": ""358399"", ""citation"": ""JOHN 18.39"", ""raw_form"": ""συνήθεια""}]"
syntacticus:Nb:6e6f6dd32403e6c35399536e8248bdfd5fda757bc006d3f8809abfa89cb6ac5d,ΣΥΝΗΘΕΙΑΝ,1,συνήθεια,False,"[{""token_id"": ""418362"", ""citation"": ""1COR 11.16"", ""raw_form"": ""συνήθειαν""}]"
syntacticus:Nb:72a036e58ad147f375d0c8e7b375927647e023bc10239077ab6f0047ca499ba7,ΣΥΝΗΛΙΚΙΩΤΑΣ,1,συνηλικιώτης,False,"[{""token_id"": ""437770"", ""citation"": ""GAL 1.14"", ""raw_form"": ""συνηλικιώτας""}]"
syntacticus:Nb:e35f5638637a0c85222ae503a8eb96f2c98eb54453fa7c3093de5caad22c4dd2,ΣΥΝΚΑΤΑΘΕΣΙΣ,1,συγκατάθεσις,False,"[{""token_id"": ""430296"", ""citation"": ""2COR 6.16"", ""raw_form"": ""συνκατάθεσις""}]"
syntacticus:Nb:7b5bf8ee7348933113e3d04e697da76c659a343073ce347eb643fbbd643a9156,ΣΥΝΚΟΙΝΩΝΟΣ,2,συγκοινωνός,False,"[{""token_id"": ""404484"", ""citation"": ""ROM 11.17"", ""raw_form"": ""συνκοινωνὸς""}]"
syntacticus:Nb:078b7ef4368ee86abe209a58fc835597ef92ac3de1a5cc55d1de274a8820e9df,ΣΥΝΚΟΙΝΩΝΟΥΣ,1,συγκοινωνός,False,"[{""token_id"": ""447217"", ""citation"": ""PHIL 1.7"", ""raw_form"": ""συνκοινωνούς""}]"
syntacticus:Nb:5c4d45589929e04c991be31aff1fb58c790955ecb180bb92781b467912a11fc7,ΣΥΝΜΑΘΗΤΑΙΣ,1,συμμαθητής,False,"[{""token_id"": ""352401"", ""citation"": ""JOHN 11.16"", ""raw_form"": ""συνμαθηταῖς""}]"
syntacticus:Nb:2251c3697cebf721788a40b257ed8c1f051a5aa6b193bc573cc46a026a72e902,ΣΥΝΜΙΜΗΤΑΙ,1,συμμιμητής,False,"[{""token_id"": ""448439"", ""citation"": ""PHIL 3.17"", ""raw_form"": ""Συνμιμηταί""}]"
syntacticus:Nb:c61ecc9f483a76ccc4aef3dd061a944109e4715eae1deff8d34d82e936837d09,ΣΥΝΟΧΗ,1,συνοχή,False,"[{""token_id"": ""339088"", ""citation"": ""LUKE 21.25"", ""raw_form"": ""συνοχὴ""}]"
syntacticus:Nb:701a3a19d18191434933341de092fc34a99e7aad6272c9e5ef84f8f3881c4496,ΣΥΝΟΧΗΣ,1,συνοχή,False,"[{""token_id"": ""428699"", ""citation"": ""2COR 2.4"", ""raw_form"": ""συνοχῆς""}]"
syntacticus:Nb:ba126d0997b4a16919c229f83567831a5e9c1d42663e448df6524261543a9ae8,ΣΥΝΠΟΛΙΤΑΙ,1,συμπολίτης,False,"[{""token_id"": ""443049"", ""citation"": ""EPH 2.19"", ""raw_form"": ""συνπολῖται""}]"
syntacticus:Nb:c6e97fe906cf7d10e20dc40ff589b8618bc23d5ff44aaf6c2d497f5ac1291cc0,ΣΥΝΣΗΜΟΝ,1,σύσσημον,False,"[{""token_id"": ""113074"", ""citation"": ""MARK 14.44"", ""raw_form"": ""σύνσημον""}]"
syntacticus:Nb:f1c4eb1169b050521ffc54ea7f1ae9c8d0124a827a9d25f7e8324b296953bfe8,ΣΥΝΣΤΡΑΤΙΩΤΗΝ,1,συστρατιώτης,False,"[{""token_id"": ""448043"", ""citation"": ""PHIL 2.25"", ""raw_form"": ""συνστρατιώτην""}]"
syntacticus:Nb:a894003ddfbfb2dbed1d3e5005676fc71e74db3af9b056f9f91be0ace362eb29,ΣΥΝΤΕΛΕΙΑ,1,συντέλεια,False,"[{""token_id"": ""275499"", ""citation"": ""MATT 13.39"", ""raw_form"": ""συντέλεια""}]"
syntacticus:Nb:4b3bff408633c6b5b6f0ac6e5297f3d7573b856e25ae0ac7d480596580a8e5a7,ΣΥΝΤΕΛΕΙΑΣ,2,συντέλεια,False,"[{""token_id"": ""282976"", ""citation"": ""MATT 24.3"", ""raw_form"": ""συντελείας""}]"
syntacticus:Nb:9d14fc3d4578a1eec09a217da3ba7981f44e9cd840ffc9e687f27e59d37b9d83,ΣΥΝΤΡΙΜΜΑ,1,σύντριμμα,False,"[{""token_id"": ""400276"", ""citation"": ""ROM 3.16"", ""raw_form"": ""σύντριμμα""}]"
syntacticus:Nb:20c70e18d1e5965e787f24e85ea2af0aa609283f397c0985cea0d300d736daed,ΣΥΝΩΜΟΣΙΑΝ,1,συνωμοσία,False,"[{""token_id"": ""394813"", ""citation"": ""ACTS 23.13"", ""raw_form"": ""συνωμοσίαν""}]"
syntacticus:Nb:774ba9a473fd116349ff14254ba2657e6fd8875cba941c16a680aaeb950f4b63,ΣΥΣΤΡΟΦΗΝ,1,συστροφή,False,"[{""token_id"": ""394789"", ""citation"": ""ACTS 23.12"", ""raw_form"": ""συστροφὴν""}]"
syntacticus:Nb:27cbca1484b1ea87aa3e0b31ec2d1448a6ebf68e9e2fa367087c61a03300047b,ΣΥΣΤΡΟΦΗΣ,1,συστροφή,False,"[{""token_id"": ""392214"", ""citation"": ""ACTS 19.40"", ""raw_form"": ""συστροφῆς""}]"
syntacticus:Nb:4cfed08688e7b907bc5c8cd3f6c89f5291e38acc6a520264dc41b990d7b4ede9,ΣΦΑΓΗΝ,1,σφαγή,False,"[{""token_id"": ""383749"", ""citation"": ""ACTS 8.32"", ""raw_form"": ""σφαγὴν""}]"
syntacticus:Nb:fd31d96564c4d98357dbd56f547de222247209b188c2e6d3c4c2e6865dcf422c,ΣΦΑΓΗΣ,2,σφαγή,False,"[{""token_id"": ""757318"", ""citation"": ""ROM 8.36"", ""raw_form"": ""σφαγῆς""}]"
syntacticus:Nb:065ca267649ee62be3c35edc24d1a09952909c63ca36bda62b51d220b2b1d356,ΣΦΑΓΙΑ,1,σφάγιον,False,"[{""token_id"": ""382802"", ""citation"": ""ACTS 7.42"", ""raw_form"": ""σφάγια""}]"
syntacticus:Nb:1b3edb5c4ec6a82a8ca7c8db6a9909e7ebc81906955e97c4819927930ab5189d,ΣΦΡΑΓΙΔΑ,10,σφραγίς,False,"[{""token_id"": ""400684"", ""citation"": ""ROM 4.11"", ""raw_form"": ""σφραγῖδα""}]"
syntacticus:Nb:edc1c5eb9f64f4ad9daf31bd2b8305d0e53022f3730c4a3858573423d1c895a0,ΣΦΡΑΓΙΔΑΣ,3,σφραγίς,False,"[{""token_id"": ""494789"", ""citation"": ""REV 5.2"", ""raw_form"": ""σφραγῖδας""}]"
syntacticus:Nb:e3ca2f8a70c69d11df1bc947dc90b2dc0e74a21a3f46e17aa0f41c0864c047a7,ΣΦΡΑΓΙΔΩΝ,1,σφραγίς,False,"[{""token_id"": ""495137"", ""citation"": ""REV 6.1"", ""raw_form"": ""σφραγίδων""}]"
syntacticus:Nb:1778c2ea01463e7330986fe7f65639864101c9833a9876282cff4c287483bc10,ΣΦΡΑΓΙΣ,1,σφραγίς,False,"[{""token_id"": ""417076"", ""citation"": ""1COR 9.2"", ""raw_form"": ""σφραγίς""}]"
syntacticus:Nb:4d9f671b2861ba063b12e48cbc854712f85c6fceef8558e12e7e7da0269d6040,ΣΦΡΑΓΙΣΙΝ,1,σφραγίς,False,"[{""token_id"": ""494769"", ""citation"": ""REV 5.1"", ""raw_form"": ""σφραγῖσιν""}]"
syntacticus:Nb:e199e2582f9e19962ec679315fd6ed308a58f014e1dca8b07f68ada058652108,ΣΦΥΔΡΑ,1,σφυδρόν,False,"[{""token_id"": ""379544"", ""citation"": ""ACTS 3.7"", ""raw_form"": ""σφυδρά""}]"
syntacticus:Nb:c35429cd8e4f6d62f16db55bdf7879cc7b198987335ec4180fddbf21a2f62bf3,ΣΧΗΜΑ,1,σχῆμα,False,"[{""token_id"": ""416557"", ""citation"": ""1COR 7.31"", ""raw_form"": ""σχῆμα""}]"
syntacticus:Nb:99273a060ecec9980843813b59f634e4fd0a319938aff369f182c5d665294a43,ΣΧΗΜΑΤΙ,1,σχῆμα,False,"[{""token_id"": ""447763"", ""citation"": ""PHIL 2.7"", ""raw_form"": ""σχήματι""}]"
syntacticus:Nb:7c024769e526288ca6c09e3c7d41aeba455e92949ccc4789b42d2fb290e02822,ΣΧΙΣΜΑ,5,σχίσμα,False,"[{""token_id"": ""271840"", ""citation"": ""MATT 9.16"", ""raw_form"": ""σχίσμα""}]"
syntacticus:Nb:27129f395e7a489171abfe7d396a2a01fb7be9643e3cb665caee7c201cb63cdf,ΣΧΙΣΜΑΤΑ,3,σχίσμα,False,"[{""token_id"": ""413794"", ""citation"": ""1COR 1.10"", ""raw_form"": ""σχίσματα""}]"
syntacticus:Nb:632fe0e1e563174e4fe734d144c84b4d3d7642f7097eaee1eec9e766dcbdc358,ΣΧΟΙΝΙΑ,1,σχοινίον,False,"[{""token_id"": ""397632"", ""citation"": ""ACTS 27.32"", ""raw_form"": ""σχοινία""}]"
syntacticus:Nb:9e3a93a3a7c54a82c54d2ddf5fa9006743d3cf711cde41783d2b488a4ed70a9b,ΣΧΟΙΝΙΩΝ,1,σχοινίον,False,"[{""token_id"": ""343688"", ""citation"": ""JOHN 2.15"", ""raw_form"": ""σχοινίων""}]"
syntacticus:Nb:d21c4dcfb73bb30312f980edc202c69a368aeab32d153d63b65c3ed731e982a6,ΣΩΜΑ,69,σῶμα,False,"[{""token_id"": ""269135"", ""citation"": ""MATT 5.29"", ""raw_form"": ""σῶμά""}]"
syntacticus:Nb:9f4a5469bed033b157cafae5e98d33d03021700a331c5e604ca735fcd65022b1,ΣΩΜΑΣΙΝ,1,σῶμα,False,"[{""token_id"": ""429492"", ""citation"": ""2COR 4.10"", ""raw_form"": ""σώμασιν""}]"
syntacticus:Nb:a1eefb0a047b3552749808752f2b8dd4adfda1d84541e43d8aefb4c8cc61626c,ΣΩΜΑΤΑ,9,σῶμα,False,"[{""token_id"": ""286999"", ""citation"": ""MATT 27.52"", ""raw_form"": ""σώματα""}]"
syntacticus:Nb:b272dd754cac904e4cd16f9511889fe7a250198dc18f0f0fea8f80a48f4731f8,ΣΩΜΑΤΙ,23,σῶμα,False,"[{""token_id"": ""270043"", ""citation"": ""MATT 6.25"", ""raw_form"": ""σώματι""}]"
syntacticus:Nb:046b78b12af9af2dd90bde57e48d0e7cb1f7de45079e06e68b5e946573e31420,ΣΩΜΑΤΟΣ,35,σῶμα,False,"[{""token_id"": ""269949"", ""citation"": ""MATT 6.22"", ""raw_form"": ""σώματός""}]"
syntacticus:Nb:3131f1d5609c9f241b6fa83b0a11ff0b90a60ae950fad7e61d6e1dde7742c881,ΣΩΜΑΤΩΝ,1,σῶμα,False,"[{""token_id"": ""501084"", ""citation"": ""REV 18.13"", ""raw_form"": ""σωμάτων""}]"
syntacticus:Nb:88372d68b648487f16a1db6a0ca356c0a1c12928c7aad096e3dbf8f54e9723a4,ΣΩΤΗΡ,4,σωτήρ,False,"[{""token_id"": ""321580"", ""citation"": ""LUKE 2.11"", ""raw_form"": ""σωτὴρ""}]"
syntacticus:Nb:72750936cf8d9a8f7054fbed5272e03a05cae9893c0ea78793d8c596999526f6,ΣΩΤΗΡΑ,3,σωτήρ,False,"[{""token_id"": ""381345"", ""citation"": ""ACTS 5.31"", ""raw_form"": ""σωτῆρα""}]"
syntacticus:Nb:2a0afc2ce1a5c1d0d30ad2359ee0888b088f2247dbc1bdb0f5bb9d2cd74bdd15,ΣΩΤΗΡΙ,1,σωτήρ,False,"[{""token_id"": ""320919"", ""citation"": ""LUKE 1.47"", ""raw_form"": ""σωτῆρί""}]"
syntacticus:Nb:05060ee483eaf1421a82332769e662b4502948a5a500c5d0e8845f3bf7da1096,ΣΩΤΗΡΙΑ,8,σωτηρία,False,"[{""token_id"": ""337105"", ""citation"": ""LUKE 19.9"", ""raw_form"": ""σωτηρία""}]"
syntacticus:Nb:dc7de8a48a8089e4be5aadfa76cf128f1427698f5a4add993b424264052658b5,ΣΩΤΗΡΙΑΝ,17,σωτηρία,False,"[{""token_id"": ""321268"", ""citation"": ""LUKE 1.71"", ""raw_form"": ""σωτηρίαν""}]"
syntacticus:Nb:ef514a84fd00628dea66748ca58ab87dc202ad5e3e97a9bccaf942ae0df14a25,ΣΩΤΗΡΙΑΣ,18,σωτηρία,False,"[{""token_id"": ""321249"", ""citation"": ""LUKE 1.69"", ""raw_form"": ""σωτηρίας""}]"
syntacticus:Nb:99330f33988082c16b4e2c6bf96e5d668ef2e7ce6b23a9689901a8e6137b5b79,ΣΩΤΗΡΙΟΝ,3,σωτήριον,False,"[{""token_id"": ""733561"", ""citation"": ""LUKE 2.30"", ""raw_form"": ""σωτήριόν""}]"
syntacticus:Nb:5b97d716b9170028e5e062874ac9d10ce0a3e32041a3c47095295d60f82bb0b3,ΣΩΤΗΡΟΣ,9,σωτήρ,False,"[{""token_id"": ""458530"", ""citation"": ""1TIM 1.1"", ""raw_form"": ""σωτῆρος""}]"
syntacticus:Nb:233ebdfc937fef9164e72e331df78a541d281379f9405bbc50197461ce8b118a,ΣΩΦΡΟΝΙΣΜΟΥ,1,σωφρονισμός,False,"[{""token_id"": ""462136"", ""citation"": ""2TIM 1.7"", ""raw_form"": ""σωφρονισμοῦ""}]"
syntacticus:Nb:652c00f6c130a8972384f7b9cf8a482897c9da2910cad1cad9afd4546c5c5e88,ΣΩΦΡΟΣΥΝΗΣ,3,σωφροσύνη,False,"[{""token_id"": ""396888"", ""citation"": ""ACTS 26.25"", ""raw_form"": ""σωφροσύνης""}]"
syntacticus:Nb:1e45b3963bb57af55e2eba0fcca26aeb2d08f6930fb5d9f99808b4e63cfa5329,ΤΑΒΕΡΝΩΝ,1,ταβέρνη,False,"[{""token_id"": ""398171"", ""citation"": ""ACTS 28.15"", ""raw_form"": ""ταβερνῶν""}]"
syntacticus:Nb:6fe225e2fee798932e90d4fede578a49f31cb13954fba5bd8ed8620c52804cd2,ΤΑΓΜΑΤΙ,1,τάγμα,False,"[{""token_id"": ""420606"", ""citation"": ""1COR 15.23"", ""raw_form"": ""τάγματι""}]"
syntacticus:Nb:3e85c64de708f67fd68f376fb732ffbb8b3f1765fbe41b5bb9f0267eda86b921,ΤΑΛΑΙΠΩΡΙΑ,1,ταλαιπωρία,False,"[{""token_id"": ""400278"", ""citation"": ""ROM 3.16"", ""raw_form"": ""ταλαιπωρία""}]"
syntacticus:Nb:60f34d17bbc846ee6d9e17910e61218f49fde81ed86e67e817de80ce4c025617,ΤΑΛΑΙΠΩΡΙΑΙΣ,1,ταλαιπωρία,False,"[{""token_id"": ""478490"", ""citation"": ""JAS 5.1"", ""raw_form"": ""ταλαιπωρίαις""}]"
syntacticus:Nb:20f653f49699045f8ab7c987ebd868772c518c4585f523718477ae3295358e27,ΤΑΛΑΝΤΑ,11,τάλαντον,False,"[{""token_id"": ""284043"", ""citation"": ""MATT 25.15"", ""raw_form"": ""τάλαντα""}]"
syntacticus:Nb:eb68f2f76dd1962e4f2b114fd2a140c1720c16c300b41f02e816b6002a853ebe,ΤΑΛΑΝΤΟΝ,3,τάλαντον,False,"[{""token_id"": ""284233"", ""citation"": ""MATT 25.24"", ""raw_form"": ""τάλαντον""}]"
syntacticus:Nb:44ed8628b2c9c7e6bfa387dc640b35fcbc847f1fa391e43654e33ccb235ca181,ΤΑΛΑΝΤΩΝ,1,τάλαντον,False,"[{""token_id"": ""278942"", ""citation"": ""MATT 18.24"", ""raw_form"": ""ταλάντων""}]"
syntacticus:Nb:894aadc207bf578aa06812572286d64f7e488d2230017673f60dc4c12a7d555e,ΤΑΜΕΙΟΙΣ,2,ταμεῖον,False,"[{""token_id"": ""283328"", ""citation"": ""MATT 24.26"", ""raw_form"": ""ταμείοις""}]"
syntacticus:Nb:781782ac0569cbcef2c0d8793f9be81a724bb3bb656da0509d8e7600bec9cbf2,ΤΑΜΕΙΟΝ,2,ταμεῖον,False,"[{""token_id"": ""269648"", ""citation"": ""MATT 6.6"", ""raw_form"": ""ταμεῖόν""}]"
syntacticus:Nb:7692ad700c88403f8207d294f6e1122abb6942233b6f722723b101d34e89a925,ΤΑΞΕΙ,1,τάξις,False,"[{""token_id"": ""320183"", ""citation"": ""LUKE 1.8"", ""raw_form"": ""τάξει""}]"
syntacticus:Nb:739441561ed6942da487514490decc01d3dfc7abd5fb3e074fda026beb7a9add,ΤΑΞΙΝ,8,τάξις,False,"[{""token_id"": ""420240"", ""citation"": ""1COR 14.40"", ""raw_form"": ""τάξιν""}]"
syntacticus:Nb:69ee57222fec328336865c73428cd32d3e0a13adbbb89406e70614cdfd2b2255,ΤΑΠΕΙΝΟΦΡΟΣΥΝΗΝ,1,ταπεινοφροσύνη,False,"[{""token_id"": ""451754"", ""citation"": ""COL 3.12"", ""raw_form"": ""ταπεινοφροσύνην""}]"
syntacticus:Nb:e63cc2483305870ae3631de4ba20013d6c481863fd0415840fa9ae4fadbef090,ΤΑΠΕΙΝΟΦΡΟΣΥΝΗΣ,2,ταπεινοφροσύνη,False,"[{""token_id"": ""392598"", ""citation"": ""ACTS 20.19"", ""raw_form"": ""ταπεινοφροσύνης""}]"
syntacticus:Nb:24571bcfd17adbafac5ed1f10220481f167d5190a41113611a366dbc64cfdbef,ΤΑΠΕΙΝΩΣΕΙ,2,ταπείνωσις,False,"[{""token_id"": ""383770"", ""citation"": ""ACTS 8.33"", ""raw_form"": ""ταπεινώσει""}]"
syntacticus:Nb:787d0c9327829fffc3fd576c8ef8401b654b752fece4d1605fe4a59d8a3380e9,ΤΑΠΕΙΝΩΣΕΩΣ,1,ταπείνωσις,False,"[{""token_id"": ""448521"", ""citation"": ""PHIL 3.21"", ""raw_form"": ""ταπεινώσεως""}]"
syntacticus:Nb:c64da52e45dee4ba406e05472c84fa56e71243f048c258d9696c5eda58723592,ΤΑΠΕΙΝΩΣΙΝ,1,ταπείνωσις,False,"[{""token_id"": ""320926"", ""citation"": ""LUKE 1.48"", ""raw_form"": ""ταπείνωσιν""}]"
syntacticus:Nb:bc7c4c7b267ae3b2b125c2c34695a05697feaa096d9e5f3fa44db01425b91d10,ΤΑΡΑΧΟΣ,2,τάραχος,False,"[{""token_id"": ""386758"", ""citation"": ""ACTS 12.18"", ""raw_form"": ""τάραχος""}]"
syntacticus:Nb:da6a432ca7c9da70e7b30dab951c869a642e7b0e62bb6105c0c2b3be9a92d509,ΤΑΥΡΟΙ,1,ταῦρος,False,"[{""token_id"": ""281441"", ""citation"": ""MATT 22.4"", ""raw_form"": ""ταῦροί""}]"
syntacticus:Nb:3de355c1527a4b8d97e5ee45974502f1c3df8d255789395b5bf8ef9824ab3874,ΤΑΥΡΟΥΣ,1,ταῦρος,False,"[{""token_id"": ""388176"", ""citation"": ""ACTS 14.13"", ""raw_form"": ""ταύρους""}]"
syntacticus:Nb:8368fa50a538402e329f67c1e835b4e1a9840167b9853c97add93991202c9e57,ΤΑΥΡΩΝ,2,ταῦρος,False,"[{""token_id"": ""469579"", ""citation"": ""HEB 9.13"", ""raw_form"": ""ταύρων""}]"
syntacticus:Nb:415bf969dee4ae9313e779857b6e22a36ed21c62df2e638fd857e438706cd542,ΤΑΦΗΝ,1,ταφή,False,"[{""token_id"": ""286237"", ""citation"": ""MATT 27.7"", ""raw_form"": ""ταφὴν""}]"
syntacticus:Nb:1596b8cfd826cbd2552afdbdf4250241f8f0adad284134282d97b4b263561e96,ΤΑΦΟΙΣ,1,τάφος,False,"[{""token_id"": ""282641"", ""citation"": ""MATT 23.27"", ""raw_form"": ""τάφοις""}]"
syntacticus:Nb:e600b0546bd221fd8b5c1897ab94c98db903e1eb9006f9f5431a8ecca9ffd20f,ΤΑΦΟΝ,3,τάφος,False,"[{""token_id"": ""287217"", ""citation"": ""MATT 27.64"", ""raw_form"": ""τάφον""}]"
syntacticus:Nb:e1afef5faab502246dc63991416fec220919ca9d25d81889953c48f84bdbdfc0,ΤΑΦΟΣ,1,τάφος,False,"[{""token_id"": ""400243"", ""citation"": ""ROM 3.13"", ""raw_form"": ""τάφος""}]"
syntacticus:Nb:4d51338fcedbdb0343f91dbb2179f8e204594446a7991067396560594969d34f,ΤΑΦΟΥ,1,τάφος,False,"[{""token_id"": ""287175"", ""citation"": ""MATT 27.61"", ""raw_form"": ""τάφου""}]"
syntacticus:Nb:e15d3473d214ef89f42bd335478c313d3fd99fdf86b4e683fddae6a84f843807,ΤΑΦΟΥΣ,1,τάφος,False,"[{""token_id"": ""282687"", ""citation"": ""MATT 23.29"", ""raw_form"": ""τάφους""}]"
syntacticus:Nb:4567cdf0124ce40375c3f59b589ceb5742092342c207fa089f161de50f490334,ΤΑΧΕΙ,7,τάχος,False,"[{""token_id"": ""336308"", ""citation"": ""LUKE 18.8"", ""raw_form"": ""τάχει""}]"
syntacticus:Nb:e8c6e4efea1661ce97c71bd71c78de74939d61fdd5fa7a08cadf62b469181b30,ΤΕΙΧΗ,1,τεῖχος,False,"[{""token_id"": ""471066"", ""citation"": ""HEB 11.30"", ""raw_form"": ""τείχη""}]"
syntacticus:Nb:48bafdcce5686f5a5d548cae1789291b07779b7056f6df9e6b2c2ed40015befc,ΤΕΙΧΟΣ,4,τεῖχος,False,"[{""token_id"": ""502770"", ""citation"": ""REV 21.12"", ""raw_form"": ""τεῖχος""}]"
syntacticus:Nb:d4df0ec53a487cda3fb86a2740777a0bcab358ee9b303d6682eba269057b94b0,ΤΕΙΧΟΥΣ,4,τεῖχος,False,"[{""token_id"": ""384432"", ""citation"": ""ACTS 9.25"", ""raw_form"": ""τείχους""}]"
syntacticus:Nb:b3521e8a99e055891693ffe0d02dc8483825ccaf40ef1da2fa266961221529f2,ΤΕΚΜΗΡΙΟΙΣ,1,τεκμήριον,False,"[{""token_id"": ""377941"", ""citation"": ""ACTS 1.3"", ""raw_form"": ""τεκμηρίοις""}]"
syntacticus:Nb:552b3838e77a3cd1d77ed69297f2fbc7f29d6a97e5fb9f2471867ea1abfac0a8,ΤΕΚΝΑ,54,τέκνον,False,"[{""token_id"": ""267586"", ""citation"": ""MATT 2.18"", ""raw_form"": ""τέκνα""}]"
syntacticus:Nb:266f84fbeb426570061fe0a9eadb57683c83136c334bb781f82e18361eed4a74,ΤΕΚΝΙΑ,1,τεκνίον,False,"[{""token_id"": ""354874"", ""citation"": ""JOHN 13.33"", ""raw_form"": ""τεκνία""}]"
syntacticus:Nb:6e1f76db276acfb8344fe07b99474cc8c2d26981430ad7720d6dfe12fa277874,ΤΕΚΝΟΓΟΝΙΑΣ,1,τεκνογονία,False,"[{""token_id"": ""459087"", ""citation"": ""1TIM 2.15"", ""raw_form"": ""τεκνογονίας""}]"
syntacticus:Nb:d7617bede9f39f0fbf3b82dfa92d462b5e798bbcdf91f575bb2a7df2db592869,ΤΕΚΝΟΙΣ,7,τέκνον,False,"[{""token_id"": ""270431"", ""citation"": ""MATT 7.11"", ""raw_form"": ""τέκνοις""}]"
syntacticus:Nb:02500b51a042429b2cf9eba55dd8a79f9c09fc84e6a2ef2ff77eb72b14e1ed98,ΤΕΚΝΟΝ,16,τέκνον,False,"[{""token_id"": ""271543"", ""citation"": ""MATT 9.2"", ""raw_form"": ""τέκνον""}]"
syntacticus:Nb:80dfa9a4a77cc78d7287fa031451c2b46b33dcfd6d553f0d502e1ab01f8ec6a1,ΤΕΚΝΟΥ,2,τέκνον,False,"[{""token_id"": ""382024"", ""citation"": ""ACTS 7.5"", ""raw_form"": ""τέκνου""}]"
syntacticus:Nb:535d7acb3c8bf78dc0f48f6dbb47ee671fa23baa5273c14d8184d4ccfc192d86,ΤΕΚΝΩΝ,6,τέκνον,False,"[{""token_id"": ""276948"", ""citation"": ""MATT 15.26"", ""raw_form"": ""τέκνων""}]"
syntacticus:Nb:1985c62a65b3072998f139c42672e48922c9a4eea40ffc32791c386b1c0d9de3,ΤΕΚΤΟΝΟΣ,1,τέκτων,False,"[{""token_id"": ""275811"", ""citation"": ""MATT 13.55"", ""raw_form"": ""τέκτονος""}]"
syntacticus:Nb:0d3039f0ccaf14110616a9fec2fca88fb3e8d3e7ac98a25b779cc305de588f95,ΤΕΚΤΩΝ,1,τέκτων,False,"[{""token_id"": ""105433"", ""citation"": ""MARK 6.3"", ""raw_form"": ""τέκτων""}]"
syntacticus:Nb:e39990da34824bee997459a25b2de5f67dc5acb357ad962f70ad2283e74eb24d,ΤΕΛΕΙΟΤΗΤΑ,1,τελειότης,False,"[{""token_id"": ""468159"", ""citation"": ""HEB 6.1"", ""raw_form"": ""τελειότητα""}]"
syntacticus:Nb:4500322b395390b61aea18f928fcc160a514944b8afd5e58da6d51fea7f68738,ΤΕΛΕΙΟΤΗΤΟΣ,1,τελειότης,False,"[{""token_id"": ""451793"", ""citation"": ""COL 3.14"", ""raw_form"": ""τελειότητος""}]"
syntacticus:Nb:9584496fa693f97de79073f17c30017940b603493af1554db67af3d5480a39d6,ΤΕΛΕΙΩΣΙΣ,2,τελείωσις,False,"[{""token_id"": ""320892"", ""citation"": ""LUKE 1.45"", ""raw_form"": ""τελείωσις""}]"
syntacticus:Nb:7efb4e11d5aaf773ef7990fa89e4c0100c5b012e2533be130bc44d15cf05d692,ΤΕΛΕΙΩΤΗΝ,1,τελειωτής,False,"[{""token_id"": ""471295"", ""citation"": ""HEB 12.2"", ""raw_form"": ""τελειωτὴν""}]"
syntacticus:Nb:318f7026210e992612a2be36c7a9e930633634be1a4604fffd0d4bf29ef87ef4,ΤΕΛΕΥΤΗΣ,1,τελευτή,False,"[{""token_id"": ""793947"", ""citation"": ""MATT 2.15"", ""raw_form"": ""τελευτῆς""}]"
syntacticus:Nb:876bd20cb03375ccc57229aed19864fbf9c9c2e2e8c5c3556149ca81837ab0dc,ΤΕΛΗ,2,τέλος,False,"[{""token_id"": ""278341"", ""citation"": ""MATT 17.25"", ""raw_form"": ""τέλη""}]"
syntacticus:Nb:61472f52ec6c7f058835666ed1e60975b7c0e5f1a6f51f40ee467b44cb327d57,ΤΕΛΟΣ,30,τέλος,False,"[{""token_id"": ""272663"", ""citation"": ""MATT 10.22"", ""raw_form"": ""τέλος""}]"
syntacticus:Nb:1e288e2158fd8628a6880fb166bbff5e5d54cfd2361f6434d2a0c0389e174b5f,ΤΕΛΟΥΣ,6,τέλος,False,"[{""token_id"": ""413740"", ""citation"": ""1COR 1.8"", ""raw_form"": ""τέλους""}]"
syntacticus:Nb:4b2bee2c852ea5fbc5cb0fea3e0b6677ed29efb03e79f80ec26f78ba8986aaa9,ΤΕΛΩΝΑΙ,8,τελώνης,False,"[{""token_id"": ""269461"", ""citation"": ""MATT 5.46"", ""raw_form"": ""τελῶναι""}]"
syntacticus:Nb:75543e87e0a9bde53193a975b04759459a73933bd210bd6e2fd64f025940527c,ΤΕΛΩΝΗΝ,1,τελώνης,False,"[{""token_id"": ""324482"", ""citation"": ""LUKE 5.27"", ""raw_form"": ""τελώνην""}]"
syntacticus:Nb:27cb6f360a7dd7e7b70e559bfee41808fe9047bbc4d77bfcd3143cd6b4ebaae7,ΤΕΛΩΝΗΣ,5,τελώνης,False,"[{""token_id"": ""272312"", ""citation"": ""MATT 10.3"", ""raw_form"": ""τελώνης""}]"
syntacticus:Nb:0359043df40c144aed34707452621c0dac30a64550b6b7c41e56c3eef756d8ca,ΤΕΛΩΝΙΟΝ,3,τελώνιον,False,"[{""token_id"": ""271665"", ""citation"": ""MATT 9.9"", ""raw_form"": ""τελώνιον""}]"
syntacticus:Nb:6224a63f8a8f76d54a8e1ceb925c02271ef4c52526d8f5b4367a1ddc1a6d80b7,ΤΕΛΩΝΩΝ,7,τελώνης,False,"[{""token_id"": ""271717"", ""citation"": ""MATT 9.11"", ""raw_form"": ""τελωνῶν""}]"
syntacticus:Nb:ba17051f723182860ede77b3279ab85136d1d2bf1c713e89f945b2a477128953,ΤΕΡΑΣΙ,1,τέρας,False,"[{""token_id"": ""378884"", ""citation"": ""ACTS 2.22"", ""raw_form"": ""τέρασι""}]"
syntacticus:Nb:b27f9cc97b49e99da67d800c560cef57e29349ecc5ccf6b3741beb8ef034d0dd,ΤΕΡΑΣΙΝ,3,τέρας,False,"[{""token_id"": ""432739"", ""citation"": ""2COR 12.12"", ""raw_form"": ""τέρασιν""}]"
syntacticus:Nb:e8325fc9cabefa1bd33d787460f84817a71ca39f02a5061b1b78ddc3be1b2484,ΤΕΡΑΤΑ,11,τέρας,False,"[{""token_id"": ""283295"", ""citation"": ""MATT 24.24"", ""raw_form"": ""τέρατα""}]"
syntacticus:Nb:35bf27530c3f41ab1466c314ef40d35f17b662cac6235b91d9abf145eb4e0792,ΤΕΡΑΤΩΝ,1,τέρας,False,"[{""token_id"": ""406319"", ""citation"": ""ROM 15.19"", ""raw_form"": ""τεράτων""}]"
syntacticus:Nb:15da751a70517200ae4fe004b9e8ff0bd581a5bcfa99490706e30425b96cc467,ΤΕΤΡΑΑΡΧΗΣ,3,τετραάρχης,False,"[{""token_id"": ""275893"", ""citation"": ""MATT 14.1"", ""raw_form"": ""τετραάρχης""}]"
syntacticus:Nb:4e249de4543958654ffdfbff3f530e15b3f028b64e9534417d2be4e6c68c379c,ΤΕΤΡΑΑΡΧΟΥ,1,τετραάρχης,False,"[{""token_id"": ""386932"", ""citation"": ""ACTS 13.1"", ""raw_form"": ""τετραάρχου""}]"
syntacticus:Nb:39c56a482c2d6a5298896399a8be7186463cdc59b8487384c9388e310457f122,ΤΕΤΡΑΔΙΟΙΣ,1,τετράδιον,False,"[{""token_id"": ""386402"", ""citation"": ""ACTS 12.4"", ""raw_form"": ""τετραδίοις""}]"
syntacticus:Nb:a38fea83c69f7dbe57260e5b95aa6d4452d4cee5378dc47b04cfff44295422a0,ΤΕΤΡΑΠΛΟΥΝ,1,τετραπλοῦς,False,"[{""token_id"": ""337095"", ""citation"": ""LUKE 19.8"", ""raw_form"": ""τετραπλοῦν""}]"
syntacticus:Nb:6a630f89828b3fbe7c26804321c6e81b33895b0cf30ae87df28ebfcb6bb34c90,ΤΕΤΡΑΠΟΔΑ,2,τετράπους,False,"[{""token_id"": ""385029"", ""citation"": ""ACTS 10.12"", ""raw_form"": ""τετράποδα""}]"
syntacticus:Nb:ecd467fbb819298d0f56308c5607a4112a5f654c0e2c0124e208032bc1108b98,ΤΕΤΡΑΠΟΔΩΝ,1,τετράπους,False,"[{""token_id"": ""399314"", ""citation"": ""ROM 1.23"", ""raw_form"": ""τετραπόδων""}]"
syntacticus:Nb:937c2867eab4c864347bd3a751e62244e254cbd3d8c6d18933fb83adf3ed2acd,ΤΕΧΝΗΣ,2,τέχνη,False,"[{""token_id"": ""390697"", ""citation"": ""ACTS 17.29"", ""raw_form"": ""τέχνης""}]"
syntacticus:Nb:440900c6005d9f829e0c7f6372732b2fec629c4d51ac46800bb27548e7e369a1,ΤΕΧΝΙΤΑΙ,1,τεχνίτης,False,"[{""token_id"": ""392167"", ""citation"": ""ACTS 19.38"", ""raw_form"": ""τεχνῖται""}]"
syntacticus:Nb:0e37bf834f596b3451540ff4c90b92495f7969639df1e45f367dfef703cf460d,ΤΕΧΝΙΤΑΙΣ,1,τεχνίτης,False,"[{""token_id"": ""391866"", ""citation"": ""ACTS 19.24"", ""raw_form"": ""τεχνίταις""}]"
syntacticus:Nb:43521fca37dcf73dc7ab6796231937d6a5cc866f3f5ded7db6f92b912117b21d,ΤΕΧΝΙΤΗΣ,2,τεχνίτης,False,"[{""token_id"": ""470724"", ""citation"": ""HEB 11.10"", ""raw_form"": ""τεχνίτης""}]"
syntacticus:Nb:58dfbc180e76c81b3b1281a753f0d571dfddb713770d4026477fb82df9e10395,ΤΗΡΗΣΕΙ,1,τήρησις,False,"[{""token_id"": ""381084"", ""citation"": ""ACTS 5.18"", ""raw_form"": ""τηρήσει""}]"
syntacticus:Nb:485d90d86f6e54ac93243738e3ca2c73bde75eef9505e10492fa496fbd921a82,ΤΗΡΗΣΙΝ,1,τήρησις,False,"[{""token_id"": ""380011"", ""citation"": ""ACTS 4.3"", ""raw_form"": ""τήρησιν""}]"
syntacticus:Nb:08b86c478cc52dff609592b4c592cbffed934a9555dbeeac1bb46b5400932d7b,ΤΗΡΗΣΙΣ,1,τήρησις,False,"[{""token_id"": ""416350"", ""citation"": ""1COR 7.19"", ""raw_form"": ""τήρησις""}]"
syntacticus:Nb:ac0c7487b58c6718d5e278dd127d3c8c127fc340ac2d129e98189ff019ddf37d,ΤΙΜΑΙΣ,1,τιμή,False,"[{""token_id"": ""398085"", ""citation"": ""ACTS 28.10"", ""raw_form"": ""τιμαῖς""}]"
syntacticus:Nb:7ac2e25ce066c710f8c51e9c08803fe06c30b6adea59e9e4a1a8626c2cda749d,ΤΙΜΑΣ,2,τιμή,False,"[{""token_id"": ""380668"", ""citation"": ""ACTS 4.34"", ""raw_form"": ""τιμὰς""}]"
syntacticus:Nb:a9993f02c6fe33b17ab32a2864c045c7396c5c9f4128bdb15bbe5efc77f5f461,ΤΙΜΗ,7,τιμή,False,"[{""token_id"": ""286222"", ""citation"": ""MATT 27.6"", ""raw_form"": ""τιμὴ""}]"
syntacticus:Nb:9a932796fde52cd81c896d0f1afd7d9c655232b8ff7f7105cd0a1180b71854be,ΤΙΜΗΝ,17,τιμή,False,"[{""token_id"": ""286269"", ""citation"": ""MATT 27.9"", ""raw_form"": ""τιμὴν""}]"
syntacticus:Nb:9dbda39eacac7c38055e6d04adefdebb17ebd243fb0f99b14b1aaf745aa96d43,ΤΙΜΗΣ,7,τιμή,False,"[{""token_id"": ""380740"", ""citation"": ""ACTS 5.2"", ""raw_form"": ""τιμῆς""}]"
syntacticus:Nb:bbfd69c9dd1947089b849d9d3317c76f49af4521d01bd782f899d67644c4a9a3,ΤΙΜΙΟΤΗΤΟΣ,1,τιμιότης,False,"[{""token_id"": ""501252"", ""citation"": ""REV 18.19"", ""raw_form"": ""τιμιότητος""}]"
syntacticus:Nb:5ed3bfbd7ed8873207aea48591bac9395d55f8a6db68f9759bdf5fc8f579b3bc,ΤΙΜΩΡΙΑΣ,1,τιμωρία,False,"[{""token_id"": ""470347"", ""citation"": ""HEB 10.29"", ""raw_form"": ""τιμωρίας""}]"
syntacticus:Nb:bac115a8d89e5e87a0f5efd041ebe300582bd324ac03df50d9ad9b7ca09b38ed,ΤΙΤΛΟΝ,2,τίτλος,False,"[{""token_id"": ""358827"", ""citation"": ""JOHN 19.19"", ""raw_form"": ""τίτλον""}]"
syntacticus:Nb:ec7ba07479c3a281d8b5954af09f786672f7a867f72a040ca50fd9fa2b4e9151,ΤΟΙΧΕ,1,τοῖχος,False,"[{""token_id"": ""394570"", ""citation"": ""ACTS 23.3"", ""raw_form"": ""τοῖχε""}]"
syntacticus:Nb:a6dffbf3decb9d3b6f975944c82b31c36e1db21819e8b7ac4bc8449edafd7b0f,ΤΟΞΟΝ,1,τόξον,False,"[{""token_id"": ""495167"", ""citation"": ""REV 6.2"", ""raw_form"": ""τόξον""}]"
syntacticus:Nb:bcf318d095a1d65d931367b98ab703a4c624b9a061efb41bf598680d0cd0142b,ΤΟΠΑΖΙΟΝ,1,τοπάζιον,False,"[{""token_id"": ""502981"", ""citation"": ""REV 21.20"", ""raw_form"": ""τοπάζιον""}]"
syntacticus:Nb:0d4c370c6017aa47bc1c83c84603517cb79b36302d9a761cb6f9591b1dbc193f,ΤΟΠΟΙΣ,2,τόπος,False,"[{""token_id"": ""102532"", ""citation"": ""MARK 1.45"", ""raw_form"": ""τόποις""}]"
syntacticus:Nb:f9505e9e7c67f31a7d1cf86061a95ef9ecfb7cb4a057038e0e834a50dc8173ca,ΤΟΠΟΝ,47,τόπος,False,"[{""token_id"": ""276088"", ""citation"": ""MATT 14.13"", ""raw_form"": ""τόπον""}]"
syntacticus:Nb:3bd746f08383acecf929aba28e91bd65e4aaf29a9c33d2ba66fc8b4861ffd28f,ΤΟΠΟΣ,16,τόπος,False,"[{""token_id"": ""276131"", ""citation"": ""MATT 14.15"", ""raw_form"": ""τόπος""}]"
syntacticus:Nb:b698bba7ae0032d9be4870f5dc94009e4452c505214e43205584b216ea970d4e,ΤΟΠΟΥ,7,τόπος,False,"[{""token_id"": ""276481"", ""citation"": ""MATT 14.35"", ""raw_form"": ""τόπου""}]"
syntacticus:Nb:fa0e7ee5030b3784caf90f77ffb36637cd667a9a240056eadd7e666784809fd2,ΤΟΠΟΥΣ,5,τόπος,False,"[{""token_id"": ""283049"", ""citation"": ""MATT 24.7"", ""raw_form"": ""τόπους""}]"
syntacticus:Nb:99e5d3b7c37b847e372df9e23329bf4e91ec1a21b38aac563afc3bb3316adf5e,ΤΟΠΩΝ,3,τόπος,False,"[{""token_id"": ""274504"", ""citation"": ""MATT 12.43"", ""raw_form"": ""τόπων""}]"
syntacticus:Nb:aa351b3dcb9f10818d7f57c18727004f4bc7a432b57304195a23e363f6ce51a3,ΤΡΑΓΩΝ,4,τράγος,False,"[{""token_id"": ""469554"", ""citation"": ""HEB 9.12"", ""raw_form"": ""τράγων""}]"
syntacticus:Nb:2c4c3a99f8cfdf2e0e3f107ad513f75d8849fa860811a3284d3e34bc1c4d2b7e,ΤΡΑΠΕΖΑ,2,τράπεζα,False,"[{""token_id"": ""404326"", ""citation"": ""ROM 11.9"", ""raw_form"": ""τράπεζα""}]"
syntacticus:Nb:e8da15dc9e4e106014b15919c5c780f9fb36c4c63132335609c452cd83c17645,ΤΡΑΠΕΖΑΙΣ,1,τράπεζα,False,"[{""token_id"": ""381641"", ""citation"": ""ACTS 6.2"", ""raw_form"": ""τραπέζαις""}]"
syntacticus:Nb:f1f4d40455bbb69bbe72d1d761b0ddd0ff3312d3306400474be7ec9137f52dd1,ΤΡΑΠΕΖΑΝ,2,τράπεζα,False,"[{""token_id"": ""337385"", ""citation"": ""LUKE 19.23"", ""raw_form"": ""τράπεζαν""}]"
syntacticus:Nb:67134cdc01969c98d7c519f1cc7ec32e9520a9dfcc0ac9882a8b42dfebbf5e9c,ΤΡΑΠΕΖΑΣ,3,τράπεζα,False,"[{""token_id"": ""280629"", ""citation"": ""MATT 21.12"", ""raw_form"": ""τραπέζας""}]"
syntacticus:Nb:03620147bcd22d3e687f9dc7662b7daa4c12671653cc4804840098af0554f8a6,ΤΡΑΠΕΖΗΣ,7,τράπεζα,False,"[{""token_id"": ""276974"", ""citation"": ""MATT 15.27"", ""raw_form"": ""τραπέζης""}]"
syntacticus:Nb:248fc2fcf436dd6ae648548e9555d5671623fe5d1c9b53f1853a254788d9d616,ΤΡΑΠΕΖΙΤΑΙΣ,1,τραπεζίτης,False,"[{""token_id"": ""284306"", ""citation"": ""MATT 25.27"", ""raw_form"": ""τραπεζίταις""}]"
syntacticus:Nb:c25da5a78e29b141727ed41d81ca55ff22ac02ddab178621e294f302388faf15,ΤΡΑΥΜΑΤΑ,1,τραῦμα,False,"[{""token_id"": ""330151"", ""citation"": ""LUKE 10.34"", ""raw_form"": ""τραύματα""}]"
syntacticus:Nb:dd0c09040000f579d193e3f826ce9f05e4c439bb8270977cf5aa106cd0e2b34a,ΤΡΑΧΗΛΟΝ,7,τράχηλος,False,"[{""token_id"": ""278516"", ""citation"": ""MATT 18.6"", ""raw_form"": ""τράχηλον""}]"
syntacticus:Nb:6155b62565655487b4381f7b5402b1d6956b07d82688bbc31c3aaa15f4db0957,ΤΡΗΜΑΤΟΣ,1,τρῆμα,False,"[{""token_id"": ""336662"", ""citation"": ""LUKE 18.25"", ""raw_form"": ""τρήματος""}]"
syntacticus:Nb:2641fe2a210840e002ea77b567ff74bea52d4e754e702cbc33d76eb0918a7058,ΤΡΙΒΟΛΟΥΣ,1,τρίβολος,False,"[{""token_id"": ""468274"", ""citation"": ""HEB 6.8"", ""raw_form"": ""τριβόλους""}]"
syntacticus:Nb:58831a1107c5991af66f65704304382b7524e321a93d5f05374581b586397cb3,ΤΡΙΒΟΛΩΝ,1,τρίβολος,False,"[{""token_id"": ""270557"", ""citation"": ""MATT 7.16"", ""raw_form"": ""τριβόλων""}]"
syntacticus:Nb:2dab97a883d72f0a94b04dae49e3dc3b5e98ed16b40821b131d96ef7476d7e9f,ΤΡΙΒΟΥΣ,3,τρίβος,False,"[{""token_id"": ""267750"", ""citation"": ""MATT 3.3"", ""raw_form"": ""τρίβους""}]"
syntacticus:Nb:f05e3ca4159f2e6a9594ac753ae671d721ec5a1ad4ef494554ec09fa9a621829,ΤΡΙΕΤΙΑΝ,1,τριετία,False,"[{""token_id"": ""392831"", ""citation"": ""ACTS 20.31"", ""raw_form"": ""τριετίαν""}]"
syntacticus:Nb:e8b3a698627be15f55c5bd55b20cd291e7ac23b10fecee2d9c5ad62056425480,ΤΡΙΣΤΕΓΟΥ,1,τρίστεγον,False,"[{""token_id"": ""392405"", ""citation"": ""ACTS 20.9"", ""raw_form"": ""τριστέγου""}]"
syntacticus:Nb:6addf139f409230f5236aa42c2a77d055cbd05758d99b9e88409e857c0d79163,ΤΡΙΧΑ,1,θρίξ,False,"[{""token_id"": ""269286"", ""citation"": ""MATT 5.36"", ""raw_form"": ""τρίχα""}]"
syntacticus:Nb:66e2d699f2c9c066f0b9f9e57b89eee980586f42e6cc2b47b7368d21ccede5e7,ΤΡΙΧΑΣ,3,θρίξ,False,"[{""token_id"": ""101838"", ""citation"": ""MARK 1.6"", ""raw_form"": ""τρίχας""}]"
syntacticus:Nb:df217a4f3e7ddc7452b5b604dfe8cbb6e11c8498e19adfa267637e7ad46611e5,ΤΡΙΧΕΣ,3,θρίξ,False,"[{""token_id"": ""272839"", ""citation"": ""MATT 10.30"", ""raw_form"": ""τρίχες""}]"
syntacticus:Nb:bd589cbbd1035d219511bbbae2f74b769640b621ba2bc0314ad46dbda1c92e33,ΤΡΙΧΩΝ,2,θρίξ,False,"[{""token_id"": ""267762"", ""citation"": ""MATT 3.4"", ""raw_form"": ""τριχῶν""}]"
syntacticus:Nb:25308286263b5c321b7ea65d9db5a943356220c048dd5567e392db03c2c4e4a3,ΤΡΟΜΟΣ,1,τρόμος,False,"[{""token_id"": ""114504"", ""citation"": ""MARK 16.8"", ""raw_form"": ""τρόμος""}]"
syntacticus:Nb:1430e6bd05c87fae11efc5b48a9425aac611e959b698415d3a20e15d2f8afb9c,ΤΡΟΜΟΥ,3,τρόμος,False,"[{""token_id"": ""430740"", ""citation"": ""2COR 7.15"", ""raw_form"": ""τρόμου""}]"
syntacticus:Nb:f595af8f6ec0473474fe953f2f36a13829fc84d6e9b9454e4581795325375ffa,ΤΡΟΠΗΣ,1,τροπή,False,"[{""token_id"": ""477123"", ""citation"": ""JAS 1.17"", ""raw_form"": ""τροπῆς""}]"
syntacticus:Nb:d05b8d98e0654ff89d29a34c2466721d06a2bd765c3920a6852878b65d1786a9,ΤΡΟΠΟΝ,9,τρόπος,False,"[{""token_id"": ""282854"", ""citation"": ""MATT 23.37"", ""raw_form"": ""τρόπον""}]"
syntacticus:Nb:3b9ae23c793b272a4231a42f10b520d9ad4930b5c8319ca41306806de7507da8,ΤΡΟΦΑΣ,1,τροφή,False,"[{""token_id"": ""344769"", ""citation"": ""JOHN 4.8"", ""raw_form"": ""τροφὰς""}]"
syntacticus:Nb:527861532b56ecc028af5beb938e253f604c35b3ba09cbd054dfab0749776090,ΤΡΟΦΗ,2,τροφή,False,"[{""token_id"": ""267774"", ""citation"": ""MATT 3.4"", ""raw_form"": ""τροφὴ""}]"
syntacticus:Nb:ba81fde521002b6cf9bc92be791b81537a2149250fb6bfe03deba882f509df49,ΤΡΟΦΗΝ,2,τροφή,False,"[{""token_id"": ""283727"", ""citation"": ""MATT 24.45"", ""raw_form"": ""τροφὴν""}]"
syntacticus:Nb:a8a0bceb4cc91a2b087454a8182324f75cd78233d987e2424d8303be0a7fb9f8,ΤΡΟΦΗΣ,11,τροφή,False,"[{""token_id"": ""270054"", ""citation"": ""MATT 6.25"", ""raw_form"": ""τροφῆς""}]"
syntacticus:Nb:4bb6582a092386e93d03042f866c5d10d0ae3f17e0d5e0bec44c05d2ff23c887,ΤΡΟΦΟΣ,1,τροφός,False,"[{""token_id"": ""454143"", ""citation"": ""1THESS 2.7"", ""raw_form"": ""τροφὸς""}]"
syntacticus:Nb:9119b204463f7ee3db2f4420974b748ff3dfd989dcda545fbc3fd6e37b8190e6,ΤΡΟΧΙΑΣ,1,τροχιά,False,"[{""token_id"": ""471505"", ""citation"": ""HEB 12.13"", ""raw_form"": ""τροχιὰς""}]"
syntacticus:Nb:6b152dd4276bf4c62c7558f9c10d557127f7a9eff191c401d4f9844536d89623,ΤΡΟΧΟΝ,1,τροχός,False,"[{""token_id"": ""477929"", ""citation"": ""JAS 3.6"", ""raw_form"": ""τροχὸν""}]"
syntacticus:Nb:c26cb2c45a0116061ac86c8ead8eaac64367a0aafb2137b6d6da86dd1a0f97b2,ΤΡΥΒΛΙΟΝ,1,τρύβλιον,False,"[{""token_id"": ""112609"", ""citation"": ""MARK 14.20"", ""raw_form"": ""τρύβλιον""}]"
syntacticus:Nb:ad776ca12a5d03a78ca068ce76dd96f31636f965c8b3a8e43e5cf776dd1a2243,ΤΡΥΓΟΝΩΝ,1,τρυγών,False,"[{""token_id"": ""321826"", ""citation"": ""LUKE 2.24"", ""raw_form"": ""τρυγόνων""}]"
syntacticus:Nb:c9b3d505d121a8a204836d92257967ec401b1fb36cb92d43318b961c54ab03f5,ΤΡΥΜΑΛΙΑΣ,1,τρυμαλιά,False,"[{""token_id"": ""109363"", ""citation"": ""MARK 10.25"", ""raw_form"": ""τρυμαλιᾶς""}]"
syntacticus:Nb:93a52ce08ac3a2ab02f51aa317a1e0161e9b944a27d1d74f35bcd56af21620a5,ΤΡΥΠΗΜΑΤΟΣ,1,τρύπημα,False,"[{""token_id"": ""279626"", ""citation"": ""MATT 19.24"", ""raw_form"": ""τρυπήματος""}]"
syntacticus:Nb:6899a6c98ef058b235ebbe933d13f7b6fe9e3174f1eb1ed00263eacc09c0de9d,ΤΥΠΟΙ,1,τύπος,False,"[{""token_id"": ""417647"", ""citation"": ""1COR 10.6"", ""raw_form"": ""τύποι""}]"
syntacticus:Nb:98c08cddfe68b010d6ec3108a89330ec6dec1c594942cdd15b80dee94433c7b9,ΤΥΠΟΝ,9,τύπος,False,"[{""token_id"": ""359923"", ""citation"": ""JOHN 20.25"", ""raw_form"": ""τύπον""}]"
syntacticus:Nb:b7c8d29f64493a26fec63884e5a5de4bc07a34f1787b1a555903cbeb23d1413f,ΤΥΠΟΣ,2,τύπος,False,"[{""token_id"": ""401247"", ""citation"": ""ROM 5.14"", ""raw_form"": ""τύπος""}]"
syntacticus:Nb:0dab577df19f573556e6285f566ad3549ebd17e04bfa6661d0b6617386c5b9f8,ΤΥΠΟΥΣ,1,τύπος,False,"[{""token_id"": ""382830"", ""citation"": ""ACTS 7.43"", ""raw_form"": ""τύπους""}]"
syntacticus:Nb:40f4b0ca700f9be06faf1e12e16018ddb029c0d9fa49e087750e7078729a53f2,ΥΑΚΙΝΘΟΣ,1,ὑάκινθος,False,"[{""token_id"": ""502989"", ""citation"": ""REV 21.20"", ""raw_form"": ""ὑάκινθος""}]"
syntacticus:Nb:708681ed1a92fdfa3e0cade745b5f436cf7c573e0204b4b149059e437223f329,ΥΑΛΟΣ,1,ὕαλος,False,"[{""token_id"": ""503020"", ""citation"": ""REV 21.21"", ""raw_form"": ""ὕαλος""}]"
syntacticus:Nb:57e738420af1c8475e0be0527b49cc99e3b3cd4f6e12f45101e8f2332d3d8d49,ΥΒΡΕΣΙΝ,1,ὕβρις,False,"[{""token_id"": ""432677"", ""citation"": ""2COR 12.10"", ""raw_form"": ""ὕβρεσιν""}]"
syntacticus:Nb:4004c369273caaa7743e17d4090b61f67a85b2f48aaa34483bd0a3cbba27c337,ΥΒΡΕΩΣ,1,ὕβρις,False,"[{""token_id"": ""397218"", ""citation"": ""ACTS 27.10"", ""raw_form"": ""ὕβρεως""}]"
syntacticus:Nb:775ff840dda209ec9586cc26a71cb42bc19d07eab5b43a4729227814dbb65878,ΥΒΡΙΝ,1,ὕβρις,False,"[{""token_id"": ""397435"", ""citation"": ""ACTS 27.21"", ""raw_form"": ""ὕβριν""}]"
syntacticus:Nb:6b7a66ea3f45ee9b6f4296548e92797d549a92fb91b84ed49f5a81cc9b560064,ΥΒΡΙΣΤΑΣ,1,ὑβριστής,False,"[{""token_id"": ""399472"", ""citation"": ""ROM 1.30"", ""raw_form"": ""ὑβριστάς""}]"
syntacticus:Nb:80834b35b2106f736c629a17a438cc97fa29cf416a2564c078931b6546e9b49b,ΥΒΡΙΣΤΗΝ,1,ὑβριστής,False,"[{""token_id"": ""458728"", ""citation"": ""1TIM 1.13"", ""raw_form"": ""ὑβριστήν""}]"
syntacticus:Nb:2b1a65bc6ef67519664a55e38a778d0a8f5f245ab420cb207059f980c7382ad6,ΥΔΑΣΙΝ,1,ὕδωρ,False,"[{""token_id"": ""271467"", ""citation"": ""MATT 8.32"", ""raw_form"": ""ὕδασιν""}]"
syntacticus:Nb:822416c9149b75244e4137170622ca5d5a6ab195b20bfddd509105e8545e0ec2,ΥΔΑΤΑ,5,ὕδωρ,False,"[{""token_id"": ""276382"", ""citation"": ""MATT 14.28"", ""raw_form"": ""ὕδατα""}]"
syntacticus:Nb:1422e8d33a0d453c0a92c355de4de94b4d7a2f4edadc41f62897e232cfa5f475,ΥΔΑΤΙ,10,ὕδωρ,False,"[{""token_id"": ""267901"", ""citation"": ""MATT 3.11"", ""raw_form"": ""ὕδατι""}]"
syntacticus:Nb:0ddb40f55038fce4d3417a6d984953ed97ce0ee6aaf357205f0f7711618d1dd7,ΥΔΑΤΟΣ,18,ὕδωρ,False,"[{""token_id"": ""268030"", ""citation"": ""MATT 3.16"", ""raw_form"": ""ὕδατος""}]"
syntacticus:Nb:a60bca34c44463a3324ef263044d2ba59b626e7ffe3e44ac92a46ad700c6d25d,ΥΔΑΤΩΝ,12,ὕδωρ,False,"[{""token_id"": ""492970"", ""citation"": ""REV 1.15"", ""raw_form"": ""ὑδάτων""}]"
syntacticus:Nb:96a0ca27c7585ba92bd15759366f5b41ea01083b65bc6caba9dd022d37b0bb1e,ΥΔΡΙΑΙ,1,ὑδρία,False,"[{""token_id"": ""343498"", ""citation"": ""JOHN 2.6"", ""raw_form"": ""ὑδρίαι""}]"
syntacticus:Nb:a64a51ad760b2ba295a7655b3a09e26daada8a0b46591395d58942a71498e595,ΥΔΡΙΑΝ,1,ὑδρία,False,"[{""token_id"": ""345191"", ""citation"": ""JOHN 4.28"", ""raw_form"": ""ὑδρίαν""}]"
syntacticus:Nb:8c58c5218401695003215e15547c91db2eaf777febedd893aad32ca5f4f4c91c,ΥΔΡΙΑΣ,1,ὑδρία,False,"[{""token_id"": ""343521"", ""citation"": ""JOHN 2.7"", ""raw_form"": ""ὑδρίας""}]"
syntacticus:Nb:aa04bd083b57a473b25f984768f231490cf2468b0ea349bd0c7346abebb0846f,ΥΔΩΡ,22,ὕδωρ,False,"[{""token_id"": ""278134"", ""citation"": ""MATT 17.15"", ""raw_form"": ""ὕδωρ""}]"
syntacticus:Nb:ee407902a9003774fa63549a8925c7c1578895e8b6397b08accfeb7dd947436e,ΥΕΤΟΝ,3,ὑετός,False,"[{""token_id"": ""397907"", ""citation"": ""ACTS 28.2"", ""raw_form"": ""ὑετὸν""}]"
syntacticus:Nb:6ec8b781947fca817acc0762c5070c153a51c79495406959315cd8477263e59b,ΥΕΤΟΣ,1,ὑετός,False,"[{""token_id"": ""497415"", ""citation"": ""REV 11.6"", ""raw_form"": ""ὑετὸς""}]"
syntacticus:Nb:a1714e50ef7df84dc85f244f6bde807be395aad5342d4204b545f2540d950e64,ΥΕΤΟΥΣ,1,ὑετός,False,"[{""token_id"": ""388272"", ""citation"": ""ACTS 14.17"", ""raw_form"": ""ὑετοὺς""}]"
syntacticus:Nb:d0dca3fc72c6b415307f020bfd3fe64b0f74a950e6eb14b8dbcb00440f69113d,ΥΙΕ,11,υἱός,False,"[{""token_id"": ""271396"", ""citation"": ""MATT 8.29"", ""raw_form"": ""υἱὲ""}]"
syntacticus:Nb:f12b30e3bd7f3a9664558ef7d3eea7028bb0532b6af34d39d4fd9a9238550c69,ΥΙΟΘΕΣΙΑ,1,υἱοθεσία,False,"[{""token_id"": ""403204"", ""citation"": ""ROM 9.4"", ""raw_form"": ""υἱοθεσία""}]"
syntacticus:Nb:62b2e98e04def1b2b200f32a09cfb012af9c0531600ec1fe20fa8aa98bacd1a3,ΥΙΟΘΕΣΙΑΝ,3,υἱοθεσία,False,"[{""token_id"": ""402833"", ""citation"": ""ROM 8.23"", ""raw_form"": ""υἱοθεσίαν""}]"
syntacticus:Nb:6a9b480bcef99721ccda48ae70ed8b3ed412e093fd62aaa33a5ad9fe92a1c8b6,ΥΙΟΘΕΣΙΑΣ,1,υἱοθεσία,False,"[{""token_id"": ""402691"", ""citation"": ""ROM 8.15"", ""raw_form"": ""υἱοθεσίας""}]"
syntacticus:Nb:8fe01dccdbba56962943accf59feca6db26e9548fc9a8254c430b421a348d8cd,ΥΙΟΙ,33,υἱός,False,"[{""token_id"": ""268657"", ""citation"": ""MATT 5.9"", ""raw_form"": ""υἱοὶ""}]"
syntacticus:Nb:ec263d7777726c3ec4f4e006c8e47426dd1bb01edf36515c48352da3db728184,ΥΙΟΙΣ,7,υἱός,False,"[{""token_id"": ""103633"", ""citation"": ""MARK 3.28"", ""raw_form"": ""υἱοῖς""}]"
syntacticus:Nb:ed338bca32e0418bcc811f2df4a2abf554fdc62338c78114f5f32137e6dabced,ΥΙΟΝ,75,υἱός,False,"[{""token_id"": ""267094"", ""citation"": ""MATT 1.21"", ""raw_form"": ""υἱὸν""}]"
syntacticus:Nb:5f0f92ab4000a487b1bb4a042af4394ba3bd119a1fec4c0dc9ef30917e051be5,ΥΙΟΣ,154,υἱός,False,"[{""token_id"": ""267071"", ""citation"": ""MATT 1.20"", ""raw_form"": ""υἱὸς""}]"
syntacticus:Nb:f043c67a9ef6c19f031555a86b2b34369f005e8fa3190ed9ca1d2edf5472a0fc,ΥΙΟΥ,28,υἱός,False,"[{""token_id"": ""266694"", ""citation"": ""MATT 1.1"", ""raw_form"": ""υἱοῦ""}]"
syntacticus:Nb:74821cd940500e71504c748ae4ca813edb03b15f06fbf12077210df66369bd53,ΥΙΟΥΣ,13,υἱός,False,"[{""token_id"": ""285353"", ""citation"": ""MATT 26.37"", ""raw_form"": ""υἱοὺς""}]"
syntacticus:Nb:dec7d3356fa4bfcf762f1415a3aecb8d095152531f37c849b48c15e40034a832,ΥΙΩΝ,17,υἱός,False,"[{""token_id"": ""278347"", ""citation"": ""MATT 17.25"", ""raw_form"": ""υἱῶν""}]"
syntacticus:Nb:1529d4b2619c51e38e6f6ba648ed0119401e14f35c83429794111e6caceb8068,ΥΛΗΝ,1,ὕλη,False,"[{""token_id"": ""477901"", ""citation"": ""JAS 3.5"", ""raw_form"": ""ὕλην""}]"
syntacticus:Nb:7a0ac6c35c29410e401e8d28b98b290eb9e4f670967c5afadebc0e4c535d1843,ΥΜΝΟΙΣ,2,ὕμνος,False,"[{""token_id"": ""444261"", ""citation"": ""EPH 5.19"", ""raw_form"": ""ὕμνοις""}]"
syntacticus:Nb:90c1b1f31251125a7cc6306b1b0d3df9c7cd7b34df8d0b0cfb320a35477e3e74,ΥΠΑΚΟΗ,2,ὑπακοή,False,"[{""token_id"": ""406908"", ""citation"": ""ROM 16.19"", ""raw_form"": ""ὑπακοὴ""}]"
syntacticus:Nb:d96a6427747b58356680f15abc845341c62dec724be784582878867ffe2035f4,ΥΠΑΚΟΗΝ,8,ὑπακοή,False,"[{""token_id"": ""398963"", ""citation"": ""ROM 1.5"", ""raw_form"": ""ὑπακοὴν""}]"
syntacticus:Nb:9423451d5d3add5b0695ba02d17fcff9acf9890aa5780e0c6a71f2391297981b,ΥΠΑΚΟΗΣ,3,ὑπακοή,False,"[{""token_id"": ""401397"", ""citation"": ""ROM 5.19"", ""raw_form"": ""ὑπακοῆς""}]"
syntacticus:Nb:49b44279fdc39fd2b46f2a9ad73fff3922fde83a7d1a0d56ceb3d0c051c0110c,ΥΠΑΝΤΗΣΙΝ,3,ὑπάντησις,False,"[{""token_id"": ""271493"", ""citation"": ""MATT 8.34"", ""raw_form"": ""ὑπάντησιν""}]"
syntacticus:Nb:2afee626de0c8b8dd4e31d7673837981d52af7d4be3b58a8ccf169b69fcd2241,ΥΠΑΡΞΕΙΣ,1,ὕπαρξις,False,"[{""token_id"": ""379355"", ""citation"": ""ACTS 2.45"", ""raw_form"": ""ὑπάρξεις""}]"
syntacticus:Nb:e6cd5a4b3402d888ad12af55df071b3f0779db7271c837f5e05908e49a2713be,ΥΠΑΡΞΙΝ,1,ὕπαρξις,False,"[{""token_id"": ""470451"", ""citation"": ""HEB 10.34"", ""raw_form"": ""ὕπαρξιν""}]"
syntacticus:Nb:ed516a7e7d6cc6a56bf6ece16c811a1a5a3c7bb5465350be2442279d563c68c4,ΥΠΕΡΒΟΛΗ,1,ὑπερβολή,False,"[{""token_id"": ""429441"", ""citation"": ""2COR 4.7"", ""raw_form"": ""ὑπερβολὴ""}]"
syntacticus:Nb:e6777b440572a95819f71bb58dd0ab60940e02874bd9bb5272c8e6eb247d2c45,ΥΠΕΡΒΟΛΗΝ,6,ὑπερβολή,False,"[{""token_id"": ""757064"", ""citation"": ""ROM 7.13"", ""raw_form"": ""ὑπερβολὴν""}]"
syntacticus:Nb:06ea19da32f4c013ee5fd294ff37ff490264a22d038177ee9fc4bcf353c0b401,ΥΠΕΡΗΦΑΝΙΑ,1,ὑπερηφανία,False,"[{""token_id"": ""106895"", ""citation"": ""MARK 7.22"", ""raw_form"": ""ὑπερηφανία""}]"
syntacticus:Nb:bdc79d81adc8e1bc2ae2603bf1fe3a33e658fe3a20eebb58c5779d6aae31a01a,ΥΠΕΡΟΧΗΝ,1,ὑπεροχή,False,"[{""token_id"": ""414197"", ""citation"": ""1COR 2.1"", ""raw_form"": ""ὑπεροχὴν""}]"
syntacticus:Nb:2e1af74d1496b78e6b346f60ae52904f19d7aedd2480c2b8c918bfee43036f71,ΥΠΗΡΕΤΑΙ,9,ὑπηρέτης,False,"[{""token_id"": ""113444"", ""citation"": ""MARK 14.65"", ""raw_form"": ""ὑπηρέται""}]"
syntacticus:Nb:d8f2ba9cc80ceb9668184935706d74265d6a795c214937ef97869a994127b32f,ΥΠΗΡΕΤΑΙΣ,1,ὑπηρέτης,False,"[{""token_id"": ""381248"", ""citation"": ""ACTS 5.26"", ""raw_form"": ""ὑπηρέταις""}]"
syntacticus:Nb:c6ae0674d448120c0b7244f0bc0406b7e0271bfe65ef93ed6730036b4c1f9817,ΥΠΗΡΕΤΑΣ,3,ὑπηρέτης,False,"[{""token_id"": ""348639"", ""citation"": ""JOHN 7.32"", ""raw_form"": ""ὑπηρέτας""}]"
syntacticus:Nb:e77a96173501d2b3578f4bafdba6f33781d3ea96da3c5718a09a34f2456b96df,ΥΠΗΡΕΤΗΝ,2,ὑπηρέτης,False,"[{""token_id"": ""387012"", ""citation"": ""ACTS 13.5"", ""raw_form"": ""ὑπηρέτην""}]"
syntacticus:Nb:281f9b1887eb42d18b5eef4da0e18f37a1f8235d34a783d80cba0bd97fdcbe7b,ΥΠΗΡΕΤΩΝ,3,ὑπηρέτης,False,"[{""token_id"": ""285800"", ""citation"": ""MATT 26.58"", ""raw_form"": ""ὑπηρετῶν""}]"
syntacticus:Nb:090fd8f9629bf2ba23595012d332dc03f595afc3e3b19b793ebfd556e8a28a9e,ΥΠΝΟΥ,4,ὕπνος,False,"[{""token_id"": ""267158"", ""citation"": ""MATT 1.24"", ""raw_form"": ""ὕπνου""}]"
syntacticus:Nb:023b4cacd1f32f26a0121f10ffa6ac7b2426f833fe9ec7a39cc0f1d3a96a2e94,ΥΠΟΓΡΑΜΜΟΝ,1,ὑπογραμμός,False,"[{""token_id"": ""481360"", ""citation"": ""1PET 2.21"", ""raw_form"": ""ὑπογραμμὸν""}]"
syntacticus:Nb:03f196c0a62db0ef42f42ece8b13120f0abb9ccc1a22731db850729c9b097ae2,ΥΠΟΔΕΙΓΜΑ,2,ὑπόδειγμα,False,"[{""token_id"": ""354539"", ""citation"": ""JOHN 13.15"", ""raw_form"": ""ὑπόδειγμα""}]"
syntacticus:Nb:2f6d13ff0a578cc7a2e13d4f4104fbd1af7977c61d6035e948489f7084d8260d,ΥΠΟΔΕΙΓΜΑΤΑ,1,ὑπόδειγμα,False,"[{""token_id"": ""469770"", ""citation"": ""HEB 9.23"", ""raw_form"": ""ὑποδείγματα""}]"
syntacticus:Nb:795ea46a0ce41a8b011ac6ddfeec9f002ecdd43f0606e7cf00038e97287bd06c,ΥΠΟΔΕΙΓΜΑΤΙ,2,ὑπόδειγμα,False,"[{""token_id"": ""467770"", ""citation"": ""HEB 4.11"", ""raw_form"": ""ὑποδείγματι""}]"
syntacticus:Nb:e60b6c6f2246033a599c10d2b2440e56840f984a657d12cb62c080252d834c4b,ΥΠΟΔΗΜΑ,2,ὑπόδημα,False,"[{""token_id"": ""382559"", ""citation"": ""ACTS 7.33"", ""raw_form"": ""ὑπόδημα""}]"
syntacticus:Nb:1cc491858269fa8eb7d2262e18cb214cf4acc98482c8ecf879d00182ac2b2120,ΥΠΟΔΗΜΑΤΑ,4,ὑπόδημα,False,"[{""token_id"": ""267919"", ""citation"": ""MATT 3.11"", ""raw_form"": ""ὑποδήματα""}]"
syntacticus:Nb:2fc4110d6cf1f896cdc53e10d371a0b6ccaf11396745f17877b7f82d1b9681c6,ΥΠΟΔΗΜΑΤΟΣ,1,ὑπόδημα,False,"[{""token_id"": ""342894"", ""citation"": ""JOHN 1.27"", ""raw_form"": ""ὑποδήματος""}]"
syntacticus:Nb:a1bdf20a8b8d01856dc802efae600f6feb7162c3a936249bb0e308dea6af4935,ΥΠΟΔΗΜΑΤΩΝ,3,ὑπόδημα,False,"[{""token_id"": ""101875"", ""citation"": ""MARK 1.7"", ""raw_form"": ""ὑποδημάτων""}]"
syntacticus:Nb:82fcee8749d939a6f3ecf9bcc013f58ad8fd57544d000da0cc5fd4bc4e1a6c11,ΥΠΟΖΥΓΙΟΥ,1,ὑποζύγιον,False,"[{""token_id"": ""280489"", ""citation"": ""MATT 21.5"", ""raw_form"": ""ὑποζυγίου""}]"
syntacticus:Nb:455e042fded00a95d4f97446b7f2b552c8aa1badd7b241946acb247720418c85,ΥΠΟΚΡΙΣΕΙ,2,ὑπόκρισις,False,"[{""token_id"": ""438194"", ""citation"": ""GAL 2.13"", ""raw_form"": ""ὑποκρίσει""}]"
syntacticus:Nb:f717ac3cbf2b87633841b574017319c4a0b841d415fef4e5dc6eb0510c9e015f,ΥΠΟΚΡΙΣΕΙΣ,1,ὑπόκρισις,False,"[{""token_id"": ""480995"", ""citation"": ""1PET 2.1"", ""raw_form"": ""ὑποκρίσεις""}]"
syntacticus:Nb:b2cc2e226e3c1c236a09beaed8f8a1d0cf308e9d01d7984fe403988d3d24152b,ΥΠΟΚΡΙΣΕΩΣ,1,ὑπόκρισις,False,"[{""token_id"": ""282672"", ""citation"": ""MATT 23.28"", ""raw_form"": ""ὑποκρίσεως""}]"
syntacticus:Nb:905314b5bf041ef245d00196467bb8b151dca66f9f9b2c4604ff1fb44d1b6ac1,ΥΠΟΚΡΙΣΙΝ,1,ὑπόκρισις,False,"[{""token_id"": ""110888"", ""citation"": ""MARK 12.15"", ""raw_form"": ""ὑπόκρισιν""}]"
syntacticus:Nb:451e4b2348af509b38d9c7de8e7fb79fb76f04ea5fe8b8236b26b7cc7798be52,ΥΠΟΚΡΙΣΙΣ,1,ὑπόκρισις,False,"[{""token_id"": ""331523"", ""citation"": ""LUKE 12.1"", ""raw_form"": ""ὑπόκρισις""}]"
syntacticus:Nb:dc110076eee355df616620d5ea5e1624e3fa8cb2dc6020f86b13c9a719abe272,ΥΠΟΚΡΙΤΑ,2,ὑποκριτής,False,"[{""token_id"": ""270309"", ""citation"": ""MATT 7.5"", ""raw_form"": ""ὑποκριτά""}]"
syntacticus:Nb:901539b1d8f1560a14cc82e2737efd1e1ed946cc2b98a4fa69ebdbf2452ea276,ΥΠΟΚΡΙΤΑΙ,13,ὑποκριτής,False,"[{""token_id"": ""269541"", ""citation"": ""MATT 6.2"", ""raw_form"": ""ὑποκριταὶ""}]"
syntacticus:Nb:6c9d234257c6345009601975e71a4c7b85b7eecdc2a30e4d84942b29420cac90,ΥΠΟΚΡΙΤΩΝ,2,ὑποκριτής,False,"[{""token_id"": ""784654"", ""citation"": ""MATT 24.51"", ""raw_form"": ""ὑποκριτῶν""}]"
syntacticus:Nb:aaa8d1e1f0bba133b3f692ef2fd08558ff1f8affdb7a2910d37453078c9e949a,ΥΠΟΛΕΙΜΜΑ,1,ὑπόλειμμα,False,"[{""token_id"": ""757796"", ""citation"": ""ROM 9.27"", ""raw_form"": ""ὑπόλειμμα""}]"
syntacticus:Nb:9b6c2c252ecfa1acd58cb8c10f308b36a7a531ab7752a1fc46460d19ce906248,ΥΠΟΛΗΝΙΟΝ,1,ὑπολήνιον,False,"[{""token_id"": ""110623"", ""citation"": ""MARK 12.1"", ""raw_form"": ""ὑπολήνιον""}]"
syntacticus:Nb:2a9d11ee9e136e3bf0bfd989320444a8e31a6fbaddc735ee1521b00829c0966b,ΥΠΟΜΝΗΣΙΝ,1,ὑπόμνησις,False,"[{""token_id"": ""462071"", ""citation"": ""2TIM 1.5"", ""raw_form"": ""ὑπόμνησιν""}]"
syntacticus:Nb:db2a61f4481ad442cca15775c6375f1c9466925ade8e3a22838cf1788bb34dad,ΥΠΟΜΟΝΗ,4,ὑπομονή,False,"[{""token_id"": ""401034"", ""citation"": ""ROM 5.4"", ""raw_form"": ""ὑπομονὴ""}]"
syntacticus:Nb:7661e9a676bc0252093137100f5c0db2e96a6ff773a9de353072ce00a90a80b1,ΥΠΟΜΟΝΗΝ,10,ὑπομονή,False,"[{""token_id"": ""399641"", ""citation"": ""ROM 2.7"", ""raw_form"": ""ὑπομονὴν""}]"
syntacticus:Nb:85fade34e4683f20f319a4b02aaefaf7024202543d804dfa74d43bbf77647959,ΥΠΟΜΟΝΗΣ,8,ὑπομονή,False,"[{""token_id"": ""402871"", ""citation"": ""ROM 8.25"", ""raw_form"": ""ὑπομονῆς""}]"
syntacticus:Nb:cef282a19478fe22c514cbb18ceee46c27a17eb7186bd1043ec3cea48dd64534,ΥΠΟΝΟΙΑΙ,1,ὑπόνοια,False,"[{""token_id"": ""460106"", ""citation"": ""1TIM 6.4"", ""raw_form"": ""ὑπόνοιαι""}]"
syntacticus:Nb:fcde27ab17419d5a9e40d07e898c57f91de185a3fb1e22c7f2b07817c61c5390,ΥΠΟΠΟΔΙΟΝ,8,ὑποπόδιον,False,"[{""token_id"": ""269258"", ""citation"": ""MATT 5.35"", ""raw_form"": ""ὑποπόδιόν""}]"
syntacticus:Nb:92be175a80fac008a73a2e663fad548cfb3d1c8a6ca72ef369202efab2e0b853,ΥΠΟΣΤΑΣΕΙ,2,ὑπόστασις,False,"[{""token_id"": ""431296"", ""citation"": ""2COR 9.4"", ""raw_form"": ""ὑποστάσει""}]"
syntacticus:Nb:710132ece9e17f4f7149c588a8c7d51d4fbac14eece90980c2ce0c67d3b061af,ΥΠΟΣΤΑΣΕΩΣ,2,ὑπόστασις,False,"[{""token_id"": ""466617"", ""citation"": ""HEB 1.3"", ""raw_form"": ""ὑποστάσεως""}]"
syntacticus:Nb:c6ae3a227d119b2c4ef89e82394b52b678eaae6d791c8ed8d8ebbdabd9579415,ΥΠΟΣΤΑΣΙΣ,1,ὑπόστασις,False,"[{""token_id"": ""470532"", ""citation"": ""HEB 11.1"", ""raw_form"": ""ὑπόστασις""}]"
syntacticus:Nb:506e7cb8488231102edf762b315dde6b147df6a0d7028df6783eed805f8b170d,ΥΠΟΣΤΟΛΗΣ,1,ὑποστολή,False,"[{""token_id"": ""470518"", ""citation"": ""HEB 10.39"", ""raw_form"": ""ὑποστολῆς""}]"
syntacticus:Nb:9d2369e1007a195a4be7d5070ea25f3458637784d1c8a4b00c1611129d799b09,ΥΠΟΤΥΠΩΣΙΝ,2,ὑποτύπωσις,False,"[{""token_id"": ""458795"", ""citation"": ""1TIM 1.16"", ""raw_form"": ""ὑποτύπωσιν""}]"
syntacticus:Nb:a9357d396fe1449a5c7ce9522fe7770e20a7908d29557c118d82c12f762b6640,ΥΣΣΩΠΟΥ,1,ὕσσωπος,False,"[{""token_id"": ""469709"", ""citation"": ""HEB 9.19"", ""raw_form"": ""ὑσσώπου""}]"
syntacticus:Nb:b01e429886db8ae63bb54af9715517dda4bbd9e8730b0f00809499ddb9ec1dda,ΥΣΤΕΡΗΜΑ,5,ὑστέρημα,False,"[{""token_id"": ""421544"", ""citation"": ""1COR 16.17"", ""raw_form"": ""ὑστέρημα""}]"
syntacticus:Nb:1879fff0f7423473ab019621e0d5e3f16dabb64f682df90dbbc471791835906c,ΥΣΤΕΡΗΜΑΤΑ,3,ὑστέρημα,False,"[{""token_id"": ""431456"", ""citation"": ""2COR 9.12"", ""raw_form"": ""ὑστερήματα""}]"
syntacticus:Nb:f97e343d73c0323c104afd666513c3d54abefc4bc62c81cbf50f096335a9d210,ΥΣΤΕΡΗΜΑΤΟΣ,1,ὑστέρημα,False,"[{""token_id"": ""338710"", ""citation"": ""LUKE 21.4"", ""raw_form"": ""ὑστερήματος""}]"
syntacticus:Nb:b37acbc6b5d38ef54a379f943f8fa847da9a631d3b718fefebfd930a4080a20f,ΥΣΤΕΡΗΣΕΩΣ,1,ὑστέρησις,False,"[{""token_id"": ""111513"", ""citation"": ""MARK 12.44"", ""raw_form"": ""ὑστερήσεως""}]"
syntacticus:Nb:7876624923d317e754cca1235a4ddc01312992d290bd61e8b79b5f61bd0f3c1a,ΥΣΤΕΡΗΣΙΝ,1,ὑστέρησις,False,"[{""token_id"": ""448751"", ""citation"": ""PHIL 4.11"", ""raw_form"": ""ὑστέρησιν""}]"
syntacticus:Nb:b8cfd2b094c81af669277ee48f180e57e8d8a33ca00863a73430d576ca833bb4,ΥΨΕΙ,1,ὕψος,False,"[{""token_id"": ""476975"", ""citation"": ""JAS 1.9"", ""raw_form"": ""ὕψει""}]"
syntacticus:Nb:82f28586a5946dbc35b4b0e74090b875d789681072aa5ae322082cf269c7712e,ΥΨΟΣ,3,ὕψος,False,"[{""token_id"": ""443383"", ""citation"": ""EPH 3.18"", ""raw_form"": ""ὕψος""}]"
syntacticus:Nb:657f56fe8518cf6df81c9b95024f6666832b5d8a02597fd3518555879ccec474,ΥΨΟΥΣ,2,ὕψος,False,"[{""token_id"": ""321363"", ""citation"": ""LUKE 1.78"", ""raw_form"": ""ὕψους""}]"
syntacticus:Nb:5a3c71113f1dcec0b2ea550aab4b862433e08a1e821324bace4c5114ac930b79,ΥΨΩΜΑ,2,ὕψωμα,False,"[{""token_id"": ""403127"", ""citation"": ""ROM 8.39"", ""raw_form"": ""ὕψωμα""}]"
syntacticus:Nb:b1ee65202779fa88b97421f61d19884cb7a49322610e8c977f5b2d2010d422ae,ΦΑΓΟΣ,2,φάγος,False,"[{""token_id"": ""273379"", ""citation"": ""MATT 11.19"", ""raw_form"": ""φάγος""}]"
syntacticus:Nb:722a67ce4ca1ec5a89f062ef34c384069e92a3c6b6d89589b52cca14c8a92ff6,ΦΑΝΕΡΩΣΕΙ,1,φανέρωσις,False,"[{""token_id"": ""429326"", ""citation"": ""2COR 4.2"", ""raw_form"": ""φανερώσει""}]"
syntacticus:Nb:a7a9a59f0d3a03100b065fa17d78239a697dc45fb7603ef3398676ed346ddf90,ΦΑΝΕΡΩΣΙΣ,1,φανέρωσις,False,"[{""token_id"": ""418811"", ""citation"": ""1COR 12.7"", ""raw_form"": ""φανέρωσις""}]"
syntacticus:Nb:f7d3d100fc0a8b9b8bef35a3ab47959cd2bdeec32cd6d97a13b906a96aae1b8f,ΦΑΝΤΑΣΙΑΣ,1,φαντασία,False,"[{""token_id"": ""396232"", ""citation"": ""ACTS 25.23"", ""raw_form"": ""φαντασίας""}]"
syntacticus:Nb:135b5eaef05735db296eaeb3395d0402a57bd4bf518482bdd9972c3a206b600f,ΦΑΝΤΑΣΜΑ,2,φάντασμα,False,"[{""token_id"": ""276339"", ""citation"": ""MATT 14.26"", ""raw_form"": ""φάντασμά""}]"
syntacticus:Nb:8ab4115e7705907378e5c4d24d80b92fe4fe67ee22576960f9edbb2153cedc6f,ΦΑΝΩΝ,1,φανός,False,"[{""token_id"": ""357584"", ""citation"": ""JOHN 18.3"", ""raw_form"": ""φανῶν""}]"
syntacticus:Nb:3fe691c358729849c681bed8f00b023797a2390ec4e1e0e6acd2561a7f004001,ΦΑΡΑΓΞ,1,φάραγξ,False,"[{""token_id"": ""322449"", ""citation"": ""LUKE 3.5"", ""raw_form"": ""φάραγξ""}]"
syntacticus:Nb:4c810a800d359b8c098f76c3076cd3e649164bae11c3981dbc305ff9fd7fbe4a,ΦΑΡΜΑΚΕΙΑ,1,φαρμακεία,False,"[{""token_id"": ""439708"", ""citation"": ""GAL 5.20"", ""raw_form"": ""φαρμακεία""}]"
syntacticus:Nb:4189012489f7a33a3e27a78cd8d6d6db1bdfcded0903225aab9d272cc2e62fa8,ΦΑΡΜΑΚΙΩΝ,1,φαρμακεία,False,"[{""token_id"": ""496945"", ""citation"": ""REV 9.21"", ""raw_form"": ""φαρμακιῶν""}]"
syntacticus:Nb:4b68f234166bcf04c20e3b654f758b4e04e894e8b87d7a4b29cbb263ef5bd98a,ΦΑΡΜΑΚΟΙ,1,φάρμακος,False,"[{""token_id"": ""503499"", ""citation"": ""REV 22.15"", ""raw_form"": ""φάρμακοι""}]"
syntacticus:Nb:b619e1b86548bbd87b7473a672e65b793bf056ae2c30b79cda120135b17c7855,ΦΑΡΜΑΚΟΙΣ,1,φάρμακος,False,"[{""token_id"": ""502660"", ""citation"": ""REV 21.8"", ""raw_form"": ""φαρμάκοις""}]"
syntacticus:Nb:f57ff61c15112d900d7953eacf13cefb699271dfb225468a3fea78666db5b1cb,ΦΑΣΙΣ,1,φάσις,False,"[{""token_id"": ""393654"", ""citation"": ""ACTS 21.31"", ""raw_form"": ""φάσις""}]"
syntacticus:Nb:45249ea01857a64f54d5ce561b115286af11e355e0e9704fad88a63f636a75a0,ΦΑΤΝΗΣ,1,φάτνη,False,"[{""token_id"": ""333022"", ""citation"": ""LUKE 13.15"", ""raw_form"": ""φάτνης""}]"
syntacticus:Nb:9f7064edc5af9b1bc4592c292f72dd3deef151098d177899ebbae2a2ed648ec8,ΦΕΓΓΟΣ,3,φέγγος,False,"[{""token_id"": ""283382"", ""citation"": ""MATT 24.29"", ""raw_form"": ""φέγγος""}]"
syntacticus:Nb:6b8738a3ff62cf150c062e5f7ab79e699664c3af56663816144d18b0ffa4156e,ΦΕΛΟΝΗΝ,1,φαιλόνης,False,"[{""token_id"": ""463290"", ""citation"": ""2TIM 4.13"", ""raw_form"": ""φελόνην""}]"
syntacticus:Nb:95290dde80916bccbe99f7684a527396d651d247532a93860a00f02199e8b326,ΦΗΜΗ,2,φήμη,False,"[{""token_id"": ""272027"", ""citation"": ""MATT 9.26"", ""raw_form"": ""φήμη""}]"
syntacticus:Nb:6c32596784f4210887d109da17836ed9c372da5f7760283c838f7646e44f3247,ΦΘΟΓΓΟΙΣ,1,φθόγγος,False,"[{""token_id"": ""419657"", ""citation"": ""1COR 14.7"", ""raw_form"": ""φθόγγοις""}]"
syntacticus:Nb:8365d524ffe2dc896e7ded9d0265868ec5626dbda9e8b94cf3c72e3dd330f0d7,ΦΘΟΓΓΟΣ,1,φθόγγος,False,"[{""token_id"": ""404073"", ""citation"": ""ROM 10.18"", ""raw_form"": ""φθόγγος""}]"
syntacticus:Nb:7930a2b8ce6bf700780cf1c87d14310ecadc56450a061c25e584da1fd382b9c6,ΦΘΟΝΟΙ,1,φθόνος,False,"[{""token_id"": ""439724"", ""citation"": ""GAL 5.21"", ""raw_form"": ""φθόνοι""}]"
syntacticus:Nb:e660e0516bd6fbf5ea0f8045ecf6ea2631abef1d658ad1eda987983bb59178f2,ΦΘΟΝΟΝ,4,φθόνος,False,"[{""token_id"": ""286409"", ""citation"": ""MATT 27.18"", ""raw_form"": ""φθόνον""}]"
syntacticus:Nb:56f3f7b661c84ee5052de4b5786a81b79eb782113d32a200c8fdcf5905e7e2af,ΦΘΟΝΟΣ,1,φθόνος,False,"[{""token_id"": ""460100"", ""citation"": ""1TIM 6.4"", ""raw_form"": ""φθόνος""}]"
syntacticus:Nb:75903425f6438347a053584332944f73230db4839292ced57a0b67cdcbad5aaf,ΦΘΟΝΟΥ,1,φθόνος,False,"[{""token_id"": ""399460"", ""citation"": ""ROM 1.29"", ""raw_form"": ""φθόνου""}]"
syntacticus:Nb:2ebb75432ba7d7f7d24ba54920e327a73a7f9a44758dd4a335beddf2d2b5be16,ΦΘΟΝΟΥΣ,1,φθόνος,False,"[{""token_id"": ""480997"", ""citation"": ""1PET 2.1"", ""raw_form"": ""φθόνους""}]"
syntacticus:Nb:626b9a65e2dc29fed9403d8c46b943bbb613597e2bcd1d338f7241121be52b48,ΦΘΟΡΑ,1,φθορά,False,"[{""token_id"": ""421092"", ""citation"": ""1COR 15.50"", ""raw_form"": ""φθορὰ""}]"
syntacticus:Nb:36ac6c4f2eb62734ef748f5698c592b3d8009e24b83fab61d19c4a6c570e51e2,ΦΘΟΡΑΝ,2,φθορά,False,"[{""token_id"": ""439935"", ""citation"": ""GAL 6.8"", ""raw_form"": ""φθοράν""}]"
syntacticus:Nb:9a8fbe6d9523a0a63ee59b488bf9d2e7514b16cf165dff5fcc5652bc3b54afea,ΦΘΟΡΑΣ,1,φθορά,False,"[{""token_id"": ""402791"", ""citation"": ""ROM 8.21"", ""raw_form"": ""φθορᾶς""}]"
syntacticus:Nb:451343c0a9651206374f3e1f30bc1d7fd2a7fa3e2f2b493a6e2ff2cb5c64b081,ΦΙΑΛΑΣ,5,φιάλη,False,"[{""token_id"": ""760848"", ""citation"": ""REV 5.8"", ""raw_form"": ""φιάλας""}]"
syntacticus:Nb:8929c9643d0c7c847879cc641ff55637edd866e2fdf4b5582722840b87873ca4,ΦΙΑΛΗΝ,7,φιάλη,False,"[{""token_id"": ""499712"", ""citation"": ""REV 16.2"", ""raw_form"": ""φιάλην""}]"
syntacticus:Nb:ee364fbe3c765a06ab1409c654a5d611b99e009b137306dd9db1e103d94381e2,ΦΙΛΑΔΕΛΦΙΑΝ,1,φιλαδελφία,True,"[{""token_id"": ""480921"", ""citation"": ""1PET 1.22"", ""raw_form"": ""φιλαδελφίαν""}]"
syntacticus:Nb:69195093a6cc4a079b6d793173460e2f34d400f96b49047ab3fcff195607167a,ΦΙΛΑΔΕΛΦΙΑΣ,1,φιλαδελφία,True,"[{""token_id"": ""454877"", ""citation"": ""1THESS 4.9"", ""raw_form"": ""φιλαδελφίας""}]"
syntacticus:Nb:8e243868075bfecdbd8143bad7c32f52fb5e18fd8f7d4d7678eca9e732676683,ΦΙΛΑΝΘΡΩΠΙΑ,1,φιλανθρωπία,False,"[{""token_id"": ""465208"", ""citation"": ""TIT 3.4"", ""raw_form"": ""φιλανθρωπία""}]"
syntacticus:Nb:8b8afcbe68247fb90a9b0908f8963d7abd90e5f4cd3ac25ee44e3a8609951f84,ΦΙΛΑΝΘΡΩΠΙΑΝ,1,φιλανθρωπία,False,"[{""token_id"": ""397896"", ""citation"": ""ACTS 28.2"", ""raw_form"": ""φιλανθρωπίαν""}]"
syntacticus:Nb:b3c57805c397e98f00c727ada6cd3c5bb6955d8e5486da690fa1ca27b65888c0,ΦΙΛΑΡΓΥΡΙΑ,1,φιλαργυρία,False,"[{""token_id"": ""460188"", ""citation"": ""1TIM 6.10"", ""raw_form"": ""φιλαργυρία""}]"
syntacticus:Nb:35dfdf043a9160e3f782e5fa492cf45183d2cedd76750a5746d4b9e14af21d1f,ΦΙΛΑΣ,1,φίλη,False,"[{""token_id"": ""334324"", ""citation"": ""LUKE 15.9"", ""raw_form"": ""φίλας""}]"
syntacticus:Nb:5a01582f78c211e48a45be35aba27fd47046091b46d1da02632b6c45925c5364,ΦΙΛΕ,2,φίλος,False,"[{""token_id"": ""330459"", ""citation"": ""LUKE 11.5"", ""raw_form"": ""φίλε""}]"
syntacticus:Nb:55fa4cee8231b9a126f33e8387f9c349dafab2900e798675cf300e975884cc36,ΦΙΛΗΜΑ,1,φίλημα,False,"[{""token_id"": ""326762"", ""citation"": ""LUKE 7.45"", ""raw_form"": ""φίλημά""}]"
syntacticus:Nb:d31722b619d90bb9cdfacdc99f653fce9ea502fe1bb4e07082844ca8b839e602,ΦΙΛΗΜΑΤΙ,5,φίλημα,False,"[{""token_id"": ""340159"", ""citation"": ""LUKE 22.48"", ""raw_form"": ""φιλήματι""}]"
syntacticus:Nb:1bc7df767fe95ea07fa5cdfe23a5603d16c6670ff23712381a9ffab4f439d94c,ΦΙΛΙΑ,1,φιλία,False,"[{""token_id"": ""478218"", ""citation"": ""JAS 4.4"", ""raw_form"": ""φιλία""}]"
syntacticus:Nb:014774134a623cf62a376073e41546c3b9b93ae2213b69031cacb498d20b9b13,ΦΙΛΟΙ,3,φίλος,False,"[{""token_id"": ""340796"", ""citation"": ""LUKE 23.12"", ""raw_form"": ""φίλοι""}]"
syntacticus:Nb:29819c17eabfe930d55c59970e1dfb62cbd64379dba92551e5bd57ff14996bdd,ΦΙΛΟΙΣ,1,φίλος,False,"[{""token_id"": ""331571"", ""citation"": ""LUKE 12.4"", ""raw_form"": ""φίλοις""}]"
syntacticus:Nb:ff4a9913a8e064a615df392721556aa5ef326a7e11b88f31f13d4abb58c5b417,ΦΙΛΟΝ,2,φίλος,False,"[{""token_id"": ""330448"", ""citation"": ""LUKE 11.5"", ""raw_form"": ""φίλον""}]"
syntacticus:Nb:abfdb7252ae2201bb67ddd7d1db1e24c827d3c789af9ea153f9fa1e82d6061ab,ΦΙΛΟΝΕΙΚΙΑ,1,φιλονεικία,False,"[{""token_id"": ""339702"", ""citation"": ""LUKE 22.24"", ""raw_form"": ""φιλονεικία""}]"
syntacticus:Nb:16646685a87a2f61d2e0f1464faf9274fd87f75e9b1b91661feabcd463e30e32,ΦΙΛΟΞΕΝΙΑΝ,1,φιλοξενία,False,"[{""token_id"": ""759151"", ""citation"": ""ROM 12.13"", ""raw_form"": ""φιλοξενίαν""}]"
syntacticus:Nb:e2d26c13ac7cc1094d5fb59962331003e400c08ebfafb8d3463300ed658b5618,ΦΙΛΟΣ,8,φίλος,False,"[{""token_id"": ""273384"", ""citation"": ""MATT 11.19"", ""raw_form"": ""φίλος""}]"
syntacticus:Nb:01aeff1159ed8f1a0d84b88ece2772c8778e279ad8e4fe14c84e2e575bc456d7,ΦΙΛΟΣΟΦΙΑΣ,1,φιλοσοφία,False,"[{""token_id"": ""451260"", ""citation"": ""COL 2.8"", ""raw_form"": ""φιλοσοφίας""}]"
syntacticus:Nb:a97eef01913e02d5ed52171892e6f6a9c61b0682519597edea781841fe3884ed,ΦΙΛΟΣΟΦΩΝ,1,φιλόσοφος,False,"[{""token_id"": ""390435"", ""citation"": ""ACTS 17.18"", ""raw_form"": ""φιλοσόφων""}]"
syntacticus:Nb:e82bcc00c7129a16909fbe0ef97fbe398468436d40fea5ad6dcd2c962b5c8204,ΦΙΛΟΥΣ,7,φίλος,False,"[{""token_id"": ""325913"", ""citation"": ""LUKE 7.6"", ""raw_form"": ""φίλους""}]"
syntacticus:Nb:5d4d7059ea123a84805f7cb6e384b2b2cbeb9e0073756cfbd88e139a6b5f6dfd,ΦΙΛΩΝ,3,φίλος,False,"[{""token_id"": ""334738"", ""citation"": ""LUKE 15.29"", ""raw_form"": ""φίλων""}]"
syntacticus:Nb:b50d736b57d0c955cdd16917f361fa12f8743e829c38f384d7c8d01e95565d1a,ΦΛΟΓΑ,1,φλόξ,False,"[{""token_id"": ""466725"", ""citation"": ""HEB 1.7"", ""raw_form"": ""φλόγα""}]"
syntacticus:Nb:68d29f4c83fadef022f6f996d64041d2b41c7752b762d5817043603fdc663040,ΦΛΟΓΙ,2,φλόξ,False,"[{""token_id"": ""335335"", ""citation"": ""LUKE 16.24"", ""raw_form"": ""φλογὶ""}]"
syntacticus:Nb:a3444ffc5fef82064f74fa1b0669a515d98e7c657fd4fffadb3fa11e673007ce,ΦΛΟΓΟΣ,1,φλόξ,False,"[{""token_id"": ""456991"", ""citation"": ""2THESS 1.8"", ""raw_form"": ""φλογός""}]"
syntacticus:Nb:5cbe55fdb56d2412e8668dc0cc334f30fcbc997e0ff71ce2454e4d7b9d0029ed,ΦΛΟΞ,3,φλόξ,False,"[{""token_id"": ""492950"", ""citation"": ""REV 1.14"", ""raw_form"": ""φλὸξ""}]"
syntacticus:Nb:872c18973839e0e1faf698df415e1461025499f9ac914ebe349ecb529de25807,ΦΟΒΗΤΡΑ,1,φόβητρον,False,"[{""token_id"": ""338851"", ""citation"": ""LUKE 21.11"", ""raw_form"": ""φόβητρά""}]"
syntacticus:Nb:2f470172e93c559bc1a668ceeae0642a816f789314fa9ce9ca9d91aeccc2dd6c,ΦΟΒΟΙ,1,φόβος,False,"[{""token_id"": ""430471"", ""citation"": ""2COR 7.5"", ""raw_form"": ""φόβοι""}]"
syntacticus:Nb:05c088e61fe8f946e0976dda9d279a6c01236f5a33e200b3c5b6f31017f43a7a,ΦΟΒΟΝ,13,φόβος,False,"[{""token_id"": ""104545"", ""citation"": ""MARK 4.41"", ""raw_form"": ""φόβον""}]"
syntacticus:Nb:8afc10ea8f03fb193da0c2679681caf7ef6fc8d4ebffa31c856d2c7bdf4c1ed5,ΦΟΒΟΣ,11,φόβος,False,"[{""token_id"": ""320239"", ""citation"": ""LUKE 1.12"", ""raw_form"": ""φόβος""}]"
syntacticus:Nb:6dbcd5f5037107044b2f10e9423baa2b315eafb8f382229850cd395e0dbad8a0,ΦΟΒΟΥ,8,φόβος,False,"[{""token_id"": ""276345"", ""citation"": ""MATT 14.26"", ""raw_form"": ""φόβου""}]"
syntacticus:Nb:365c2ab2befe236e45c3db671fd6ddfa874d71ed98d4666193de51bcd4610af9,ΦΟΙΝΙΚΑΣ,1,φοῖνιξ,True,"[{""token_id"": ""495821"", ""citation"": ""REV 7.9"", ""raw_form"": ""φοίνικας""}]"
syntacticus:Nb:f2c5d5795ac50e206b5574361fa2dcf43bb13d0e65346ea2b0611f933bef375a,ΦΟΙΝΙΚΩΝ,1,φοῖνιξ,True,"[{""token_id"": ""353453"", ""citation"": ""JOHN 12.13"", ""raw_form"": ""φοινίκων""}]"
syntacticus:Nb:42e74333b59563b70a7ee0cf2000abeab54351fcb231df0a72d8258c4cd1adcf,ΦΟΝΕΑ,1,φονεύς,False,"[{""token_id"": ""379709"", ""citation"": ""ACTS 3.14"", ""raw_form"": ""φονέα""}]"
syntacticus:Nb:8c03060d5a90a46d5832148d776779db371ecfdb384bbb6ffaab8afb6143606e,ΦΟΝΕΙΣ,3,φονεύς,False,"[{""token_id"": ""281499"", ""citation"": ""MATT 22.7"", ""raw_form"": ""φονεῖς""}]"
syntacticus:Nb:bb1390a2bc3f3ecbf979e8d21b29b1ea5aac54e1b7227f8b143dcd1a54d958a0,ΦΟΝΕΥΣ,1,φονεύς,False,"[{""token_id"": ""397956"", ""citation"": ""ACTS 28.4"", ""raw_form"": ""φονεύς""}]"
syntacticus:Nb:dbb2e1493835400db3909a331c76e08f73f399ee274ace1ca80a52c48e28da79,ΦΟΝΕΥΣΙΝ,1,φονεύς,False,"[{""token_id"": ""502656"", ""citation"": ""REV 21.8"", ""raw_form"": ""φονεῦσιν""}]"
syntacticus:Nb:1d7063e0770318cf30ba1712a91db4aa42aa66348425d37fe7f04c6553c33b2e,ΦΟΝΟΙ,2,φόνος,False,"[{""token_id"": ""276816"", ""citation"": ""MATT 15.19"", ""raw_form"": ""φόνοι""}]"
syntacticus:Nb:95e73d10b4ccdaec3b423e83403608e19400376896ff94f82c9e7350521778b7,ΦΟΝΟΝ,3,φόνος,False,"[{""token_id"": ""113700"", ""citation"": ""MARK 15.7"", ""raw_form"": ""φόνον""}]"
syntacticus:Nb:325b557dbd5a763f79fcd2272987c18faa1de2dba2344062a866ab62c6319678,ΦΟΝΟΥ,2,φόνος,False,"[{""token_id"": ""383937"", ""citation"": ""ACTS 9.1"", ""raw_form"": ""φόνου""}]"
syntacticus:Nb:fed6fa874b8f67f6b2468ec10111a148afa6dbd2c30abae60bc01298aa3c24d2,ΦΟΝΩΝ,1,φόνος,False,"[{""token_id"": ""496940"", ""citation"": ""REV 9.21"", ""raw_form"": ""φόνων""}]"
syntacticus:Nb:9cdfbfa5a9291e61eb080f74d4947f3806c10a13718dc12f1efdc925e540852c,ΦΟΡΟΝ,3,φόρος,False,"[{""token_id"": ""338268"", ""citation"": ""LUKE 20.22"", ""raw_form"": ""φόρον""}]"
syntacticus:Nb:4c52c7e66a324de01144c5678a9a24f0ba36f90abbae50d862880eae61437b20,ΦΟΡΟΥ,1,φόρον,False,"[{""token_id"": ""398168"", ""citation"": ""ACTS 28.15"", ""raw_form"": ""φόρου""}]"
syntacticus:Nb:02b076090ffd7be0cdfaeb808e27a01be8af2d145df3c015f8bbab6c7424ad36,ΦΟΡΟΥΣ,2,φόρος,False,"[{""token_id"": ""340609"", ""citation"": ""LUKE 23.2"", ""raw_form"": ""φόρους""}]"
syntacticus:Nb:8bb811539b6650dd27d4ea8d69d3709fd00556b83c8741395c84c053b01eb061,ΦΟΡΤΙΑ,2,φορτίον,False,"[{""token_id"": ""282195"", ""citation"": ""MATT 23.4"", ""raw_form"": ""φορτία""}]"
syntacticus:Nb:6e19092376a9d661173b1ab2be8bfbfded3efdd3db25e61700b96c63d490715c,ΦΟΡΤΙΟΙΣ,1,φορτίον,False,"[{""token_id"": ""331342"", ""citation"": ""LUKE 11.46"", ""raw_form"": ""φορτίοις""}]"
syntacticus:Nb:a8cb1e70fcfb72ae8b24de2793c89e754b147046a47f498e6370b7a18c04bfe7,ΦΟΡΤΙΟΝ,2,φορτίον,False,"[{""token_id"": ""273634"", ""citation"": ""MATT 11.30"", ""raw_form"": ""φορτίον""}]"
syntacticus:Nb:b3650d73836cfe1362ee27cd8c352dba5045066bfc2cac4241272062b4e62762,ΦΟΡΤΙΟΥ,1,φορτίον,False,"[{""token_id"": ""397225"", ""citation"": ""ACTS 27.10"", ""raw_form"": ""φορτίου""}]"
syntacticus:Nb:101b7156c28da3aede32bf438545acd88853842b7262920af781daf94dce25a9,ΦΡΑΓΕΛΛΙΟΝ,1,φραγέλλιον,False,"[{""token_id"": ""343686"", ""citation"": ""JOHN 2.15"", ""raw_form"": ""φραγέλλιον""}]"
syntacticus:Nb:6ffd68640e552df960e04f56dceaa3f6b2bfae16081542934bb817961d21aa53,ΦΡΑΓΜΟΝ,2,φραγμός,False,"[{""token_id"": ""281136"", ""citation"": ""MATT 21.33"", ""raw_form"": ""φραγμὸν""}]"
syntacticus:Nb:5626076619807f0bd2e9f45081243d97caa3f1d8a7d98422c33826b39c40dd1b,ΦΡΑΓΜΟΥ,1,φραγμός,False,"[{""token_id"": ""442962"", ""citation"": ""EPH 2.14"", ""raw_form"": ""φραγμοῦ""}]"
syntacticus:Nb:a3142d76cf17250fed522d740950bb4bb6b1553c0d8506dcd85c6c232dd516ef,ΦΡΑΓΜΟΥΣ,1,φραγμός,False,"[{""token_id"": ""333929"", ""citation"": ""LUKE 14.23"", ""raw_form"": ""φραγμοὺς""}]"
syntacticus:Nb:42db767d86edec16a80305fec9a529a1c81cfe813fb7249549b612f90be6e282,ΦΡΕΑΡ,4,φρέαρ,False,"[{""token_id"": ""333542"", ""citation"": ""LUKE 14.5"", ""raw_form"": ""φρέαρ""}]"
syntacticus:Nb:90fde1e01cea53969ba1e829b9c8571301066c0229d6a3b894c481e3a0975369,ΦΡΕΑΤΟΣ,3,φρέαρ,False,"[{""token_id"": ""496429"", ""citation"": ""REV 9.1"", ""raw_form"": ""φρέατος""}]"
syntacticus:Nb:84e545b482360cdf32bfa92f71d5a354596f5f325e73d42432368f1c0075a99d,ΦΡΕΝΑΠΑΤΑΙ,1,φρεναπάτης,False,"[{""token_id"": ""464803"", ""citation"": ""TIT 1.10"", ""raw_form"": ""φρεναπάται""}]"
syntacticus:Nb:7bc033d46b9881854e986bb69f4daa52ce668b5301bca7f72bf6a0153158cd24,ΦΡΕΣΙΝ,2,φρήν,False,"[{""token_id"": ""419881"", ""citation"": ""1COR 14.20"", ""raw_form"": ""φρεσίν""}]"
syntacticus:Nb:8c6c5f164e19216218653392ea7346ad96a8a2ee7cbdc6332dec003402059063,ΦΡΟΝΗΜΑ,4,φρόνημα,False,"[{""token_id"": ""757116"", ""citation"": ""ROM 8.6"", ""raw_form"": ""φρόνημα""}]"
syntacticus:Nb:03a219ac029a7383c0902c668fc52a9ca373789b0f851d46ba4c76595fd7e3e0,ΦΡΟΝΗΣΕΙ,2,φρόνησις,False,"[{""token_id"": ""320348"", ""citation"": ""LUKE 1.17"", ""raw_form"": ""φρονήσει""}]"
syntacticus:Nb:f65be85fec757a0383de79d2be4d101d46900d7b5ff08225e97754ec486b5a55,ΦΡΥΓΑΝΩΝ,1,φρύγανον,False,"[{""token_id"": ""397919"", ""citation"": ""ACTS 28.3"", ""raw_form"": ""φρυγάνων""}]"
syntacticus:Nb:b607bda117dd76735f2ac32a10ca68e36e8fe1537a24fbea4542a74e3337690d,ΦΥΓΗ,1,φυγή,False,"[{""token_id"": ""283218"", ""citation"": ""MATT 24.20"", ""raw_form"": ""φυγὴ""}]"
syntacticus:Nb:3668389ae5ea6487be5c20ba1c124ec80b872ca7a56e40fb7471b6b5474c0879,ΦΥΛΑΙ,2,φυλή,False,"[{""token_id"": ""283416"", ""citation"": ""MATT 24.30"", ""raw_form"": ""φυλαὶ""}]"
syntacticus:Nb:c0f64cf17f4b56ac0e74fa66b6037f3468adaac001b7282233ea085ad4917f34,ΦΥΛΑΙΣ,1,φυλή,False,"[{""token_id"": ""476858"", ""citation"": ""JAS 1.1"", ""raw_form"": ""φυλαῖς""}]"
syntacticus:Nb:f781f0054e94e2d5d2d5ff76f99654ebfa92d931ad58e46e6707f9388df2d564,ΦΥΛΑΚΑΙΣ,3,φυλακή,False,"[{""token_id"": ""396540"", ""citation"": ""ACTS 26.10"", ""raw_form"": ""φυλακαῖς""}]"
syntacticus:Nb:0fe158fae2ebf50a0a25519b2c9c4b5d359924a8367fc2fd96e1439bd7fdbbfe,ΦΥΛΑΚΑΣ,5,φυλακή|φύλαξ,False,"[{""token_id"": ""321531"", ""citation"": ""LUKE 2.8"", ""raw_form"": ""φυλακὰς""}]"
syntacticus:Nb:1e147e1edabed5d75efcb1941429f1c8e50bcacf983271bdf34334403824dc04,ΦΥΛΑΚΕΣ,1,φύλαξ,False,"[{""token_id"": ""386461"", ""citation"": ""ACTS 12.6"", ""raw_form"": ""φύλακές""}]"
syntacticus:Nb:e191fc2829c52c9eef28d0b52ac58509b06d55188c7b1396e81bf1d713085033,ΦΥΛΑΚΗ,2,φυλακή,False,"[{""token_id"": ""500751"", ""citation"": ""REV 18.2"", ""raw_form"": ""φυλακὴ""}]"
syntacticus:Nb:2a0b6dc22d0e82b0fc79d52a0fadebbcd8083f85199ef1b991666d9240ad5e4b,ΦΥΛΑΚΗΝ,15,φυλακή,False,"[{""token_id"": ""269060"", ""citation"": ""MATT 5.25"", ""raw_form"": ""φυλακὴν""}]"
syntacticus:Nb:dbfd55dfb1bb399eb218603e204779cf21136682eb73bed2f7a51b05fd5cd6c7,ΦΥΛΑΚΗΣ,6,φυλακή,False,"[{""token_id"": ""381096"", ""citation"": ""ACTS 5.19"", ""raw_form"": ""φυλακῆς""}]"
syntacticus:Nb:dc7f4155780012a2d6e6afdfa882ca37e8a16fd66095c002aaa17fc32a07533c,ΦΥΛΑΚΤΗΡΙΑ,1,φυλακτήριον,False,"[{""token_id"": ""282230"", ""citation"": ""MATT 23.5"", ""raw_form"": ""φυλακτήρια""}]"
syntacticus:Nb:1cb9f951346009ca5e86b7826e8b575fb6a188a900952c4bd486bedf2310a653,ΦΥΛΑΣ,2,φυλή,False,"[{""token_id"": ""279728"", ""citation"": ""MATT 19.28"", ""raw_form"": ""φυλὰς""}]"
syntacticus:Nb:c0543d1dc46056ebfb0f31f956d80f42e8d37338f5c27269b7c0839c53392ef0,ΦΥΛΗΝ,3,φυλή,False,"[{""token_id"": ""468761"", ""citation"": ""HEB 7.14"", ""raw_form"": ""φυλὴν""}]"
syntacticus:Nb:49d4cb3e2709fef6acb2766ecd4b1988004c6d687baef51aa316656bbca1e0d5,ΦΥΛΗΣ,20,φυλή,False,"[{""token_id"": ""322038"", ""citation"": ""LUKE 2.36"", ""raw_form"": ""φυλῆς""}]"
syntacticus:Nb:3a57a64d64db0beae2279f3ed73dd89a0122f61f79b053a70ad2d1e8c11fdf7b,ΦΥΛΛΑ,6,φύλλον,False,"[{""token_id"": ""280771"", ""citation"": ""MATT 21.19"", ""raw_form"": ""φύλλα""}]"
syntacticus:Nb:c55c6a90e8dba448c6e06914f48c8854ac66315a3004aa336a49b67a122843ef,ΦΥΛΩΝ,3,φυλή,False,"[{""token_id"": ""495801"", ""citation"": ""REV 7.9"", ""raw_form"": ""φυλῶν""}]"
syntacticus:Nb:86499f6b27b7c09596279d7a4fe630808223838d4c508a8f3e91e18dc49ea9c3,ΦΥΡΑΜΑ,4,φύραμα,False,"[{""token_id"": ""404457"", ""citation"": ""ROM 11.16"", ""raw_form"": ""φύραμα""}]"
syntacticus:Nb:a763783ff463f40bd78228ab4181f2e0b0a2efc21d060ebc464b65f11f304db7,ΦΥΡΑΜΑΤΟΣ,1,φύραμα,False,"[{""token_id"": ""403522"", ""citation"": ""ROM 9.21"", ""raw_form"": ""φυράματος""}]"
syntacticus:Nb:3d3fa1d308157d4318751661604133556dc8cf5bf1731621d27cc20945b0da94,ΦΥΣΕΙ,5,φύσις,False,"[{""token_id"": ""399757"", ""citation"": ""ROM 2.14"", ""raw_form"": ""φύσει""}]"
syntacticus:Nb:c28d823559c6ff2afe8d7673a70dcb2cdfecbb3bc2d382ae5e3c285a4903703b,ΦΥΣΕΩΣ,1,φύσις,False,"[{""token_id"": ""399967"", ""citation"": ""ROM 2.27"", ""raw_form"": ""φύσεως""}]"
syntacticus:Nb:a638a0aad96e3982f730b730bf72e358556f4aebdf624eaca50a0086684b50ec,ΦΥΣΙΝ,5,φύσις,False,"[{""token_id"": ""399390"", ""citation"": ""ROM 1.26"", ""raw_form"": ""φύσιν""}]"
syntacticus:Nb:036336a75a690952905c09dff6e9cf53da3b1431953a84592807ace9fc6d7bab,ΦΥΣΙΣ,2,φύσις,False,"[{""token_id"": ""418324"", ""citation"": ""1COR 11.14"", ""raw_form"": ""φύσις""}]"
syntacticus:Nb:0c04b2c2bf1bfbb5b8972c3e6002845579dbf5fcba26ff7de10da162fc1a2457,ΦΥΣΙΩΣΕΙΣ,1,φυσίωσις,False,"[{""token_id"": ""432926"", ""citation"": ""2COR 12.20"", ""raw_form"": ""φυσιώσεις""}]"
syntacticus:Nb:e2ec3c774a48fb1d76550bb621a001ba8f0a8b48ffd491f37c8120333ce953fc,ΦΥΤΕΙΑ,1,φυτεία,False,"[{""token_id"": ""276721"", ""citation"": ""MATT 15.13"", ""raw_form"": ""φυτεία""}]"
syntacticus:Nb:676e81ccc291cbe7d3e9be2ec56f77b5f8fa900ad09335ed0a88801b9625fb73,ΦΩΛΕΟΥΣ,2,φωλεός,False,"[{""token_id"": ""271208"", ""citation"": ""MATT 8.20"", ""raw_form"": ""φωλεοὺς""}]"
syntacticus:Nb:c1943b3b934c2170d5b6c9009d91b9e89028d69a26d622d16e3e85a3fe17796e,ΦΩΝΑΙ,6,φωνή,False,"[{""token_id"": ""340973"", ""citation"": ""LUKE 23.23"", ""raw_form"": ""φωναὶ""}]"
syntacticus:Nb:67353b7f341a308f924f744d5dda82f1b4feb637ed7a534da7ab198bcb74a3e8,ΦΩΝΑΙΣ,1,φωνή,False,"[{""token_id"": ""340964"", ""citation"": ""LUKE 23.23"", ""raw_form"": ""φωναῖς""}]"
syntacticus:Nb:c827e85262550274bd2a390da2be9c86c72405d244da9b6603310391569fba71,ΦΩΝΑΣ,2,φωνή,False,"[{""token_id"": ""387479"", ""citation"": ""ACTS 13.27"", ""raw_form"": ""φωνὰς""}]"
syntacticus:Nb:cffdfaa4fc33e0c13d22bbc50b0fcdfc0c784b0e5192072ceef774eb5be7df33,ΦΩΝΗ,33,φωνή,False,"[{""token_id"": ""267573"", ""citation"": ""MATT 2.18"", ""raw_form"": ""φωνὴ""}]"
syntacticus:Nb:438be36eec6854e1163529531b4b03ba80b02d863ba353c0ebc5c607a4d333a3,ΦΩΝΗΝ,40,φωνή,False,"[{""token_id"": ""273977"", ""citation"": ""MATT 12.19"", ""raw_form"": ""φωνὴν""}]"
syntacticus:Nb:c5708e5abc5455374bd869e585393fcb1c29984629a08d9937dba97a755c7eae,ΦΩΝΗΣ,21,φωνή,False,"[{""token_id"": ""335772"", ""citation"": ""LUKE 17.15"", ""raw_form"": ""φωνῆς""}]"
syntacticus:Nb:eac1fcb1a4514536cdcc91e99081cbb2fe5238ef242362b09a054301c60dc4aa,ΦΩΝΩΝ,2,φωνή,False,"[{""token_id"": ""419709"", ""citation"": ""1COR 14.10"", ""raw_form"": ""φωνῶν""}]"
syntacticus:Nb:6c832e754157672036ae3d0cf28b8e80531296c7b519723b3cf1f05c3f7b6de5,ΦΩΣ,45,φῶς,False,"[{""token_id"": ""268344"", ""citation"": ""MATT 4.16"", ""raw_form"": ""φῶς""}]"
syntacticus:Nb:30bb62456bcb7418d38af11f94b0eadf7dd41204f3169960cc5e0f9470fd07d4,ΦΩΣΤΗΡ,1,φωστήρ,False,"[{""token_id"": ""502758"", ""citation"": ""REV 21.11"", ""raw_form"": ""φωστὴρ""}]"
syntacticus:Nb:93c49130c6552bb33b511f0151a5e1a4c44fa688518000c8eb4fb4c6d5186c1b,ΦΩΣΤΗΡΕΣ,1,φωστήρ,False,"[{""token_id"": ""447898"", ""citation"": ""PHIL 2.15"", ""raw_form"": ""φωστῆρες""}]"
syntacticus:Nb:889eadff40720877f2918eab2af95c7f9de978a1e21ff47437f7910a0cc90151,ΦΩΤΑ,1,φῶς,False,"[{""token_id"": ""389829"", ""citation"": ""ACTS 16.29"", ""raw_form"": ""φῶτα""}]"
syntacticus:Nb:15d5e0648f81ce1ae34ac48039bfe70bbbc7321b6ddbe78136f19d00b6b63b21,ΦΩΤΙ,5,φῶς,False,"[{""token_id"": ""272772"", ""citation"": ""MATT 10.27"", ""raw_form"": ""φωτί""}]"
syntacticus:Nb:bad3cfca32db6ce036ad91091c16d9658a0145734513b9ea2fd9fda4719aea66,ΦΩΤΙΣΜΟΝ,2,φωτισμός,False,"[{""token_id"": ""429371"", ""citation"": ""2COR 4.4"", ""raw_form"": ""φωτισμὸν""}]"
syntacticus:Nb:720ea74ab63d9b41b8bd46371ba43240f1ea6ee75bba01d1de99b9760e5bf016,ΦΩΤΟΣ,14,φῶς,False,"[{""token_id"": ""334991"", ""citation"": ""LUKE 16.8"", ""raw_form"": ""φωτὸς""}]"
syntacticus:Nb:c755bad40468a8103be30f40b0ffe6b55cbb83a20e339c7dd3b7c3b4a9edc503,ΦΩΤΩΝ,1,φάος,False,"[{""token_id"": ""477115"", ""citation"": ""JAS 1.17"", ""raw_form"": ""φώτων""}]"
syntacticus:Nb:c46cf4ec6b80bb57943384c80face68fd34a588583e2bf09b2b0a97bce4fb3d3,ΧΑΛΑΖΑ,3,χάλαζα,False,"[{""token_id"": ""496188"", ""citation"": ""REV 8.7"", ""raw_form"": ""χάλαζα""}]"
syntacticus:Nb:eb793f0d75346e1d9e06155d45bde7e5aeae1080f2f06ce265690de649324b8c,ΧΑΛΑΖΗΣ,1,χάλαζα,False,"[{""token_id"": ""500194"", ""citation"": ""REV 16.21"", ""raw_form"": ""χαλάζης""}]"
syntacticus:Nb:3698b92cb4b0e8da1ce7157297d339918a0809523f834ac8cef0aaa4ca7b1e75,ΧΑΛΙΝΟΥΣ,1,χαλινός,False,"[{""token_id"": ""477844"", ""citation"": ""JAS 3.3"", ""raw_form"": ""χαλινοὺς""}]"
syntacticus:Nb:ba24eaeaacb437783441e7f2572b840f2e661a79640b78bd31f65d2a0aa3eb15,ΧΑΛΙΝΩΝ,1,χαλινός,False,"[{""token_id"": ""766081"", ""citation"": ""REV 14.20"", ""raw_form"": ""χαλινῶν""}]"
syntacticus:Nb:481ab23642886c21f910518593bfcd988ad0f2cc39cfc88848a5273bc64ef7d9,ΧΑΛΚΕΔΩΝ,1,χαλκηδών,False,"[{""token_id"": ""502957"", ""citation"": ""REV 21.19"", ""raw_form"": ""χαλκεδών""}]"
syntacticus:Nb:f737d00c4403e3286395a0be59ee822c062564bf51b016d0bcdeb5bb2c6eb711,ΧΑΛΚΕΥΣ,1,χαλκεύς,False,"[{""token_id"": ""463312"", ""citation"": ""2TIM 4.14"", ""raw_form"": ""χαλκεὺς""}]"
syntacticus:Nb:e769f27730115ac2cd419b97252d50ac214019a41a464c453d8967600a4b2a79,ΧΑΛΚΙΩΝ,1,χαλκίον,False,"[{""token_id"": ""106567"", ""citation"": ""MARK 7.4"", ""raw_form"": ""χαλκίων""}]"
syntacticus:Nb:b9f0dacc26391f81a38403ed80afb602a75b7800c05d8ce978a6866ea93192e9,ΧΑΛΚΟΝ,3,χαλκός,False,"[{""token_id"": ""272402"", ""citation"": ""MATT 10.9"", ""raw_form"": ""χαλκὸν""}]"
syntacticus:Nb:4178e74297a4a52ca5fa1b117a9ff01b7f13a04a69b5d19f2b21aa6ed6706244,ΧΑΛΚΟΣ,1,χαλκός,False,"[{""token_id"": ""419291"", ""citation"": ""1COR 13.1"", ""raw_form"": ""χαλκὸς""}]"
syntacticus:Nb:5133cd14a0975b76b03f84edf67bd37287cd93565d64fc0d7dbf67b42f62ca3e,ΧΑΛΚΟΥ,1,χαλκός,False,"[{""token_id"": ""501050"", ""citation"": ""REV 18.12"", ""raw_form"": ""χαλκοῦ""}]"
syntacticus:Nb:e4528365086f879814bdd37b3bfdefbd6a4c5c5ba3e8584090fea2b8c9a96fc0,ΧΑΡΑ,15,χαρά,False,"[{""token_id"": ""320280"", ""citation"": ""LUKE 1.14"", ""raw_form"": ""χαρά""}]"
syntacticus:Nb:18bfe3588dd42beb8f39df9435ea3bc2e633c9138cb80372ee9d21877e09e7e7,ΧΑΡΑΓΜΑ,7,χάραγμα,False,"[{""token_id"": ""498763"", ""citation"": ""REV 13.16"", ""raw_form"": ""χάραγμα""}]"
syntacticus:Nb:2b044a0dd4057f54e7f20b8e0df03a08fe422c2b07588af8f04743368f75457a,ΧΑΡΑΓΜΑΤΙ,1,χάραγμα,False,"[{""token_id"": ""390696"", ""citation"": ""ACTS 17.29"", ""raw_form"": ""χαράγματι""}]"
syntacticus:Nb:96a648371835dd2d8d467b69ea35660dc3d579c43d6c2217ed4b8030ca138435,ΧΑΡΑΚΑ,1,χάραξ,False,"[{""token_id"": ""337732"", ""citation"": ""LUKE 19.43"", ""raw_form"": ""χάρακά""}]"
syntacticus:Nb:51352f9cbe488f417c396211476b6d428776e95a331b9252cdda440a81172470,ΧΑΡΑΚΤΗΡ,1,χαρακτήρ,False,"[{""token_id"": ""466615"", ""citation"": ""HEB 1.3"", ""raw_form"": ""χαρακτὴρ""}]"
syntacticus:Nb:eb979bdcc16b0ea1a911971c72bae231652ec8d01e1d7febe8fa21cfeaf9e88d,ΧΑΡΑΝ,13,χαρά,False,"[{""token_id"": ""267381"", ""citation"": ""MATT 2.10"", ""raw_form"": ""χαρὰν""}]"
syntacticus:Nb:9796f878c12b852999432d402ca813fc2dd594d55780037ac3d0f65c53459cbe,ΧΑΡΑΣ,21,χαρά,False,"[{""token_id"": ""275048"", ""citation"": ""MATT 13.20"", ""raw_form"": ""χαρᾶς""}]"
syntacticus:Nb:bae491485ce310c3bed43e94a2166d2581d19a4a8824b9313f6b44bfde09df0b,ΧΑΡΙΝ,40,χάρις,False,"[{""token_id"": ""320613"", ""citation"": ""LUKE 1.30"", ""raw_form"": ""χάριν""}]"
syntacticus:Nb:e30746ac5434f2d481bbdcd81f014eaacedb3680538e08acd083dcdd57ef5218,ΧΑΡΙΣ,57,χάρις,False,"[{""token_id"": ""322124"", ""citation"": ""LUKE 2.40"", ""raw_form"": ""χάρις""}]"
syntacticus:Nb:cf08584f8525abe9b3a2ed9cbd56f135a2034edc2ef6449282da38e259767178,ΧΑΡΙΣΜΑ,7,χάρισμα,False,"[{""token_id"": ""399083"", ""citation"": ""ROM 1.11"", ""raw_form"": ""χάρισμα""}]"
syntacticus:Nb:daec5564d74ebdd12d7ebfa5d6c9b6761d38c8cdd20db951a320cf26c91cb70e,ΧΑΡΙΣΜΑΤΑ,6,χάρισμα,False,"[{""token_id"": ""404720"", ""citation"": ""ROM 11.29"", ""raw_form"": ""χαρίσματα""}]"
syntacticus:Nb:9eb10fb99479aab1548a92e9b9c1e41df261635081f3b9b35fa630ca685dc6ad,ΧΑΡΙΣΜΑΤΙ,1,χάρισμα,False,"[{""token_id"": ""413724"", ""citation"": ""1COR 1.7"", ""raw_form"": ""χαρίσματι""}]"
syntacticus:Nb:ccf53fa89ec53c8c0fe449247aaeff3b92bcb4235723e7ecc34ee8fa3bb97246,ΧΑΡΙΣΜΑΤΟΣ,1,χάρισμα,False,"[{""token_id"": ""459567"", ""citation"": ""1TIM 4.14"", ""raw_form"": ""χαρίσματος""}]"
syntacticus:Nb:724738877e28b0291a5d0c530d25e12dba64cf65db424e933d72022d24bd0143,ΧΑΡΙΣΜΑΤΩΝ,1,χάρισμα,False,"[{""token_id"": ""418772"", ""citation"": ""1COR 12.4"", ""raw_form"": ""χαρισμάτων""}]"
syntacticus:Nb:b8676890dcdcd306b89179eab634b08d5f1da38b2d37e2c3b0b407bfb70937f7,ΧΑΡΙΤΑ,1,χάρις,False,"[{""token_id"": ""395751"", ""citation"": ""ACTS 24.27"", ""raw_form"": ""χάριτα""}]"
syntacticus:Nb:a674a5efdd4ed0d4fd21caed053d84fe0faddca9e0390cc0457f2a33279341fa,ΧΑΡΙΤΙ,22,χάρις,False,"[{""token_id"": ""322344"", ""citation"": ""LUKE 2.52"", ""raw_form"": ""χάριτι""}]"
syntacticus:Nb:1f184940be06dd7a861ac6d07c53b9162613cc3a71513a831ebf787f2b46b0db,ΧΑΡΙΤΟΣ,24,χάρις,False,"[{""token_id"": ""323390"", ""citation"": ""LUKE 4.22"", ""raw_form"": ""χάριτος""}]"
syntacticus:Nb:2cd7c8cfc2dc374ebe3a29f0d6c189e72b6a3b604706b539aa02290d9922bfcf,ΧΑΣΜΑ,1,χάσμα,False,"[{""token_id"": ""335378"", ""citation"": ""LUKE 16.26"", ""raw_form"": ""χάσμα""}]"
syntacticus:Nb:51103564953bd94451c17133f942401ccad62d856f5c4b6a93053f20ba215338,ΧΕΙΛΕΣΙΝ,3,χεῖλος,False,"[{""token_id"": ""276643"", ""citation"": ""MATT 15.8"", ""raw_form"": ""χείλεσίν""}]"
syntacticus:Nb:c0ec8b948f0379d2781cc8d592edfa2c95f847a55cf82cf3df616cf75ce776d0,ΧΕΙΛΗ,1,χεῖλος,False,"[{""token_id"": ""400258"", ""citation"": ""ROM 3.13"", ""raw_form"": ""χείλη""}]"
syntacticus:Nb:ba2416fd1a1d8720b39ee6c72c2c171976964e1d4537819e4710f23c4bbe13ce,ΧΕΙΛΟΣ,1,χεῖλος,False,"[{""token_id"": ""470774"", ""citation"": ""HEB 11.12"", ""raw_form"": ""χεῖλος""}]"
syntacticus:Nb:bf98305f2138fac905552460278769ae7f7890e033ab93ceb815573a18255d05,ΧΕΙΜΑΡΡΟΥ,1,χείμαρρος,False,"[{""token_id"": ""357529"", ""citation"": ""JOHN 18.1"", ""raw_form"": ""χειμάρρου""}]"
syntacticus:Nb:1a1ab1cbd3710355598c66495e5ac551dd01630178c34cb21610c73ccbe4dfca,ΧΕΙΜΩΝ,2,χειμών,False,"[{""token_id"": ""277271"", ""citation"": ""MATT 16.3"", ""raw_form"": ""χειμών""}]"
syntacticus:Nb:5b0d806757ab0881031633baeeabedfa6e0af43078fbe6cba83542405ccc2154,ΧΕΙΜΩΝΟΣ,4,χειμών,False,"[{""token_id"": ""283220"", ""citation"": ""MATT 24.20"", ""raw_form"": ""χειμῶνος""}]"
syntacticus:Nb:4f49ca301de3b1e8bb48f59e3b0d5b240ddb05fabe035ea288256f37b13a6fdd,ΧΕΙΡ,13,χείρ,False,"[{""token_id"": ""269146"", ""citation"": ""MATT 5.30"", ""raw_form"": ""χεὶρ""}]"
syntacticus:Nb:464f4ad444a56c130ab5a81c883c80f06d61a6ba14c2febb2df700548ae7396e,ΧΕΙΡΑ,29,χείρ,False,"[{""token_id"": ""270855"", ""citation"": ""MATT 8.3"", ""raw_form"": ""χεῖρα""}]"
syntacticus:Nb:7cce4bbe0800ee47d2e887818495424694e613e50531dd6bec95d2496cb2b3d4,ΧΕΙΡΑΓΩΓΟΥΣ,1,χειραγωγός,False,"[{""token_id"": ""387145"", ""citation"": ""ACTS 13.11"", ""raw_form"": ""χειραγωγούς""}]"
syntacticus:Nb:891e6e9105920e7d631411a2f9b167f46e975555e15a227f43b5deaa00710d2b,ΧΕΙΡΑΣ,59,χείρ,False,"[{""token_id"": ""276541"", ""citation"": ""MATT 15.2"", ""raw_form"": ""χεῖρας""}]"
syntacticus:Nb:ae1e18593c42ceda880ffacb7431059daf80d9d3c11eae7cd9641ed59d5502c3,ΧΕΙΡΕΣ,1,χείρ,False,"[{""token_id"": ""392889"", ""citation"": ""ACTS 20.34"", ""raw_form"": ""χεῖρες""}]"
syntacticus:Nb:048525c8bf8949883b4709a8585f2bfff04474091ae7a64a9ef6d6c421e27470,ΧΕΙΡΙ,20,χείρ,False,"[{""token_id"": ""267936"", ""citation"": ""MATT 3.12"", ""raw_form"": ""χειρὶ""}]"
syntacticus:Nb:10f0e2dfd60483c0befd2e3b9c4eb6bfb4625f8c036fcdc6ddfe1afc8a051198,ΧΕΙΡΟΓΡΑΦΟΝ,1,χειρόγραφον,False,"[{""token_id"": ""451377"", ""citation"": ""COL 2.14"", ""raw_form"": ""χειρόγραφον""}]"
syntacticus:Nb:6d2160102d95c36eab21e432f02070843927f2962d30d58cfd9f838667256154,ΧΕΙΡΟΣ,26,χείρ,False,"[{""token_id"": ""271115"", ""citation"": ""MATT 8.15"", ""raw_form"": ""χειρὸς""}]"
syntacticus:Nb:52c390107b8a81f085116d11f9c74cc466155056431c0001dafbbed31bfdc9e5,ΧΕΙΡΩΝ,16,χείρ,False,"[{""token_id"": ""268185"", ""citation"": ""MATT 4.6"", ""raw_form"": ""χειρῶν""}]"
syntacticus:Nb:77519d1bbe78aa14c3afd7e59418746eca7f735a4d68c1ebc5ffffd15dc6bea6,ΧΕΡΟΥΒΕΙΝ,1,Χερουβίμ,False,"[{""token_id"": ""469411"", ""citation"": ""HEB 9.5"", ""raw_form"": ""Χερουβεὶν""}]"
syntacticus:Nb:168c2d12419f2e00c405c586ce48d0ac1d73ea5a77f4d96757e3f424d5bb9eaf,ΧΕΡΣΙΝ,9,χείρ,False,"[{""token_id"": ""276838"", ""citation"": ""MATT 15.20"", ""raw_form"": ""χερσὶν""}]"
syntacticus:Nb:bd8ee71a12293101b04708092ad71689cd58844213a669e4aed8ae67f76717ad,ΧΗΡΑ,10,χήρα,False,"[{""token_id"": ""111465"", ""citation"": ""MARK 12.42"", ""raw_form"": ""χήρα""}]"
syntacticus:Nb:790d74e157f1fd861c96b63f85815ddc04f4f8098297d10e14317fc4384c29e8,ΧΗΡΑΙ,3,χήρα|χῆρος,False,"[{""token_id"": ""323461"", ""citation"": ""LUKE 4.25"", ""raw_form"": ""χῆραι""}]"
syntacticus:Nb:306937709cc3f922085faabb6701815dd12077fa775655084e7898565536a689,ΧΗΡΑΙΣ,2,χήρα,False,"[{""token_id"": ""416111"", ""citation"": ""1COR 7.8"", ""raw_form"": ""χήραις""}]"
syntacticus:Nb:cfb1dbff68e0f70ebd767a980cd09c8fe0ca0546db9e0780c08b7f5dca4f2c65,ΧΗΡΑΝ,3,χήρα|χῆρος,False,"[{""token_id"": ""323505"", ""citation"": ""LUKE 4.26"", ""raw_form"": ""χήραν""}]"
syntacticus:Nb:f5c51dc60f5c5c5afc8554b944e24668e266c372aa0f50a71595d263d3aa72fa,ΧΗΡΑΣ,6,χήρα,False,"[{""token_id"": ""384791"", ""citation"": ""ACTS 9.41"", ""raw_form"": ""χήρας""}]"
syntacticus:Nb:fae858e2dcf1ca3c0d3a897b1a1080bec36685ca1c2589b0f84d3e1fb07d29f3,ΧΗΡΩΝ,2,χήρα,False,"[{""token_id"": ""111430"", ""citation"": ""MARK 12.40"", ""raw_form"": ""χηρῶν""}]"
syntacticus:Nb:242c1b243da30eb0c4364407106fbc99ec47d5f4090a5c72115df2c1d5560fae,ΧΙΛΙΑΔΕΣ,19,χιλιάς,False,"[{""token_id"": ""380034"", ""citation"": ""ACTS 4.4"", ""raw_form"": ""χιλιάδες""}]"
syntacticus:Nb:ea45e85af904e353c530f4a74c7cae57af0adaeb2c93e98df48e65396d24bf46,ΧΙΛΙΑΔΩΝ,3,χιλιάς,False,"[{""token_id"": ""334094"", ""citation"": ""LUKE 14.31"", ""raw_form"": ""χιλιάδων""}]"
syntacticus:Nb:89d473d937fe629bc35572698dead999c379194e277ef6e2313750163d200feb,ΧΙΛΙΑΡΧΟΙ,1,χιλίαρχος,False,"[{""token_id"": ""495531"", ""citation"": ""REV 6.15"", ""raw_form"": ""χιλίαρχοι""}]"
syntacticus:Nb:e73c3be5a07211761e2afae18c558ab2d354ed48635021f4fa162beec95d1e41,ΧΙΛΙΑΡΧΟΙΣ,2,χιλίαρχος,False,"[{""token_id"": ""105804"", ""citation"": ""MARK 6.21"", ""raw_form"": ""χιλιάρχοις""}]"
syntacticus:Nb:7b1546fa9ee3049a1e76365d7c22dee31ff1be5794e004d8fa360eddb85b423a,ΧΙΛΙΑΡΧΟΝ,3,χιλίαρχος,False,"[{""token_id"": ""393678"", ""citation"": ""ACTS 21.32"", ""raw_form"": ""χιλίαρχον""}]"
syntacticus:Nb:17a47ad8ab32ce1d7c9e976f46c53724e1cc0f32f4fdd43017f0d097f48f8313,ΧΙΛΙΑΡΧΟΣ,10,χιλίαρχος,False,"[{""token_id"": ""357757"", ""citation"": ""JOHN 18.12"", ""raw_form"": ""χιλίαρχος""}]"
syntacticus:Nb:08437054a0f38020a0c119150f60bde62238422701369fe90df25fdce7799ac1,ΧΙΛΙΑΡΧΩΝ,1,χιλίαρχος,False,"[{""token_id"": ""501873"", ""citation"": ""REV 19.18"", ""raw_form"": ""χιλιάρχων""}]"
syntacticus:Nb:c005ce7d3f2eafed65c74d586459aa17e80a95aebadd1dd142fe414665f4e791,ΧΙΛΙΑΣΙΝ,1,χιλιάς,False,"[{""token_id"": ""334089"", ""citation"": ""LUKE 14.31"", ""raw_form"": ""χιλιάσιν""}]"
syntacticus:Nb:3cbf1aa13f3d5cc6249b1a0a8c17ec1e08a64de3510d2ba42b102aaa2222d39e,ΧΙΤΩΝ,1,χιτών,False,"[{""token_id"": ""358944"", ""citation"": ""JOHN 19.23"", ""raw_form"": ""χιτὼν""}]"
syntacticus:Nb:4c7d642b65462dfc1339f92dad823e512b65faf70ac4c067d9accbd4b03f01ba,ΧΙΤΩΝΑ,4,χιτών,False,"[{""token_id"": ""269355"", ""citation"": ""MATT 5.40"", ""raw_form"": ""χιτῶνά""}]"
syntacticus:Nb:0a5c4677c8795d808f6b99dc00cd49cdac5a2b3bc232a5cdb18f1bd3762d61b6,ΧΙΤΩΝΑΣ,6,χιτών,False,"[{""token_id"": ""272414"", ""citation"": ""MATT 10.10"", ""raw_form"": ""χιτῶνας""}]"
syntacticus:Nb:e44d307592f70952520a6516f80ba147962bf182337f622dbd5de1a5ce184155,ΧΙΩΝ,2,χιών,False,"[{""token_id"": ""287333"", ""citation"": ""MATT 28.3"", ""raw_form"": ""χιών""}]"
syntacticus:Nb:5f78755ea9165cb5d12aa04b1c31ed9cee83f5c1e9649db6b864ef85f4de4182,ΧΛΑΜΥΔΑ,2,χλαμύς,False,"[{""token_id"": ""286605"", ""citation"": ""MATT 27.28"", ""raw_form"": ""χλαμύδα""}]"
syntacticus:Nb:6a2ae915e49ce206f1fc642202ad0a56d186ff50b24f8c5351c56c9958d24b27,ΧΟΙΝΙΚΕΣ,1,χοῖνιξ,False,"[{""token_id"": ""495280"", ""citation"": ""REV 6.6"", ""raw_form"": ""χοίνικες""}]"
syntacticus:Nb:08336c07b1b033bf687be374f459b612f6b2f50028675a6ebd7c97803eb22645,ΧΟΙΝΙΞ,1,χοῖνιξ,False,"[{""token_id"": ""495274"", ""citation"": ""REV 6.6"", ""raw_form"": ""χοῖνιξ""}]"
syntacticus:Nb:a8c3e5db6a7f55434e2a273c5c5015f2a2a287796100fb185d8cfe15cc80d44f,ΧΟΙΡΟΙ,1,χοῖρος,False,"[{""token_id"": ""334462"", ""citation"": ""LUKE 15.16"", ""raw_form"": ""χοῖροι""}]"
syntacticus:Nb:91440e691ac3ef980a5e6c2af1f9070e519d863a8e29acf570fec2798edc8d48,ΧΟΙΡΟΥΣ,5,χοῖρος,False,"[{""token_id"": ""271448"", ""citation"": ""MATT 8.32"", ""raw_form"": ""χοίρους""}]"
syntacticus:Nb:b6b81f9117ac04f98b973c4719011755c1a9c612e0797516b27d5e2e2cab690c,ΧΟΙΡΩΝ,6,χοῖρος,False,"[{""token_id"": ""270347"", ""citation"": ""MATT 7.6"", ""raw_form"": ""χοίρων""}]"
syntacticus:Nb:01ca61fd5171ce41289e3be291935e7614e375bb4e6ea9cb4ade8eca425abf9e,ΧΟΛΗΝ,1,χολή,False,"[{""token_id"": ""383561"", ""citation"": ""ACTS 8.23"", ""raw_form"": ""χολὴν""}]"
syntacticus:Nb:26e08848b6049775a80834c2976745aa1e96e1881e915ddafa0d5c391f735f95,ΧΟΛΗΣ,1,χολή,False,"[{""token_id"": ""286712"", ""citation"": ""MATT 27.34"", ""raw_form"": ""χολῆς""}]"
syntacticus:Nb:5f8be12c5edbe9e28b61b6b45c9bfd9465a2ea2b396c48eb418f9f9128369d91,ΧΟΡΤΑΣΜΑΤΑ,1,χόρτασμα,False,"[{""token_id"": ""382170"", ""citation"": ""ACTS 7.11"", ""raw_form"": ""χορτάσματα""}]"
syntacticus:Nb:ff5e8f4461e14f2b38a2fa46b7f90a198d543f846abe82718242fb45523ffa92,ΧΟΡΤΟΝ,6,χόρτος,False,"[{""token_id"": ""270144"", ""citation"": ""MATT 6.30"", ""raw_form"": ""χόρτον""}]"
syntacticus:Nb:4bb2b0a9122439b3747e9b5ba9b2ef83a9612875bf975fcaa035547caf71727e,ΧΟΡΤΟΣ,5,χόρτος,False,"[{""token_id"": ""275182"", ""citation"": ""MATT 13.26"", ""raw_form"": ""χόρτος""}]"
syntacticus:Nb:deaa2e378e1282df55a672f7d1f3106e228a1632f226645a90bb90e05adcc637,ΧΟΡΤΟΥ,3,χόρτος,False,"[{""token_id"": ""276199"", ""citation"": ""MATT 14.19"", ""raw_form"": ""χόρτου""}]"
syntacticus:Nb:f54b33bb9797d9ac427eb414045e83cca10e7bd217011bb4520667dbecf52b10,ΧΟΡΩΝ,1,χορός,False,"[{""token_id"": ""334660"", ""citation"": ""LUKE 15.25"", ""raw_form"": ""χορῶν""}]"
syntacticus:Nb:cf436d48d1b0f1bacd0b5fe7faa67ec792debbd968a3b9c537aacefd35f6e5cc,ΧΟΥΝ,2,χοῦς,False,"[{""token_id"": ""105609"", ""citation"": ""MARK 6.11"", ""raw_form"": ""χοῦν""}]"
syntacticus:Nb:cc28053ecda8040da83c525adcd9edf78ac270cf4204ad8282cbc9a71bb1b9c4,ΧΡΕΙΑ,2,χρεία,False,"[{""token_id"": ""330335"", ""citation"": ""LUKE 10.42"", ""raw_form"": ""χρεία""}]"
syntacticus:Nb:91bd0022dc5ea734234d8152ace93e3886670dc58440cc89409f6dbfa9608a1c,ΧΡΕΙΑΙΣ,2,χρεία,False,"[{""token_id"": ""392880"", ""citation"": ""ACTS 20.34"", ""raw_form"": ""χρείαις""}]"
syntacticus:Nb:594be5b08cad8a9fb3bb5100d7de99283e33e29e25d1dc5c16fd3bd2db9ee0ad,ΧΡΕΙΑΝ,38,χρεία,False,"[{""token_id"": ""267986"", ""citation"": ""MATT 3.14"", ""raw_form"": ""χρείαν""}]"
syntacticus:Nb:349b01321b28e0e7735c778ba22780ffd2e198ba451a737be4cf8f86429097be,ΧΡΕΙΑΣ,5,χρεία,False,"[{""token_id"": ""381662"", ""citation"": ""ACTS 6.3"", ""raw_form"": ""χρείας""}]"
syntacticus:Nb:7c6c2896490d5bb883f1cc5c3bdc44c4a92313cacbafb4f115943f47eeaaff66,ΧΡΕΟΦΕΙΛΕΤΑΙ,1,χρεοφειλέτης,False,"[{""token_id"": ""326671"", ""citation"": ""LUKE 7.41"", ""raw_form"": ""χρεοφειλέται""}]"
syntacticus:Nb:fd8b932b0d4b05d9eff7becb9302ff8c7568e05d3736f34d382cb0d8d84d3750,ΧΡΕΟΦΕΙΛΕΤΩΝ,1,χρεοφειλέτης,False,"[{""token_id"": ""334903"", ""citation"": ""LUKE 16.5"", ""raw_form"": ""χρεοφειλετῶν""}]"
syntacticus:Nb:89948120af8ad06889d95bcf74d120eb9067d96dabd6ea2a5e408e63384580ee,ΧΡΗΜΑ,1,χρῆμα,False,"[{""token_id"": ""380715"", ""citation"": ""ACTS 4.37"", ""raw_form"": ""χρῆμα""}]"
syntacticus:Nb:b3369a0db3d4ab381dfb24b69e3b57e117427919166b5c5c93cefe892d88d331,ΧΡΗΜΑΤΑ,4,χρῆμα,False,"[{""token_id"": ""109320"", ""citation"": ""MARK 10.23"", ""raw_form"": ""χρήματα""}]"
syntacticus:Nb:3ae75737e584592cfa8390bcca6f7d868f60459aa1cca5c5227752a6789d8d88,ΧΡΗΜΑΤΙΣΜΟΣ,1,χρηματισμός,False,"[{""token_id"": ""404232"", ""citation"": ""ROM 11.4"", ""raw_form"": ""χρηματισμός""}]"
syntacticus:Nb:444728f24c5e804fc778ff493dcfd0c3432b60f317809eacae37bab339b58f1f,ΧΡΗΜΑΤΩΝ,1,χρῆμα,False,"[{""token_id"": ""383512"", ""citation"": ""ACTS 8.20"", ""raw_form"": ""χρημάτων""}]"
syntacticus:Nb:b6653066de97ef35001270977adf8daf5410576144d617a2123a0caa42e55fed,ΧΡΗΣΙΝ,2,χρῆσις,False,"[{""token_id"": ""399386"", ""citation"": ""ROM 1.26"", ""raw_form"": ""χρῆσιν""}]"
syntacticus:Nb:a901d7a350e66f16f7d4cdbc7349e5b9b7a8b11857943c20ae8b9c097168c8f4,ΧΡΗΣΤΟΛΟΓΙΑΣ,1,χρηστολογία,False,"[{""token_id"": ""406896"", ""citation"": ""ROM 16.18"", ""raw_form"": ""χρηστολογίας""}]"
syntacticus:Nb:97fe045be76fe54ddd67cd3d84f9c63d730218925973879091b2906f79ebc1f6,ΧΡΗΣΤΟΤΗΣ,3,χρηστότης,False,"[{""token_id"": ""404571"", ""citation"": ""ROM 11.22"", ""raw_form"": ""χρηστότης""}]"
syntacticus:Nb:1ec7a85fd0456440be9382adf7af8ea6b1d7e03e8ba2c09348941f7fe04eb528,ΧΡΗΣΤΟΤΗΤΑ,3,χρηστότης,False,"[{""token_id"": ""400236"", ""citation"": ""ROM 3.12"", ""raw_form"": ""χρηστότητα""}]"
syntacticus:Nb:cb1ea3d0b39cfc45fc5d0631d3d2b91e222aa1d5fd3728e531a5937c8976ad7c,ΧΡΗΣΤΟΤΗΤΙ,3,χρηστότης,False,"[{""token_id"": ""404577"", ""citation"": ""ROM 11.22"", ""raw_form"": ""χρηστότητι""}]"
syntacticus:Nb:058afdbabad2842031f29f2f626f8cd9bb3d4cbd613cf088f30fe934cfb74f00,ΧΡΗΣΤΟΤΗΤΟΣ,1,χρηστότης,False,"[{""token_id"": ""399589"", ""citation"": ""ROM 2.4"", ""raw_form"": ""χρηστότητος""}]"
syntacticus:Nb:cb78dc627a63e825b9620c87c48d4fe36e4145b4efefc4a62f03e05ae41336fe,ΧΡΟΝΟΙΣ,2,χρόνος,False,"[{""token_id"": ""327531"", ""citation"": ""LUKE 8.29"", ""raw_form"": ""χρόνοις""}]"
syntacticus:Nb:34cbe01865fc393d1315f587e68adb1448e2d336891fa70cd4fcdfd1c5476cc3,ΧΡΟΝΟΝ,26,χρόνος,False,"[{""token_id"": ""267317"", ""citation"": ""MATT 2.7"", ""raw_form"": ""χρόνον""}]"
syntacticus:Nb:e9723a9924e43ca9c527da24f23454c37a386b184eeceb945bc116056a581bf6,ΧΡΟΝΟΣ,6,χρόνος,False,"[{""token_id"": ""108338"", ""citation"": ""MARK 9.21"", ""raw_form"": ""χρόνος""}]"
syntacticus:Nb:81dff28f9ebd934a43c1120d511d8de026261498c837c3169782b6d85ec8270b,ΧΡΟΝΟΥ,3,χρόνος,False,"[{""token_id"": ""323089"", ""citation"": ""LUKE 4.5"", ""raw_form"": ""χρόνου""}]"
syntacticus:Nb:84b136f55c55cc28827af3ff7ad39cc0445ee76dd4d94f3611af31cf9ae78e7f,ΧΡΟΝΟΥΣ,3,χρόνος,False,"[{""token_id"": ""338000"", ""citation"": ""LUKE 20.9"", ""raw_form"": ""χρόνους""}]"
syntacticus:Nb:2450c538f43a15a3ee552f55623bd652293a0093dc65236a2a4eb4929acacc8b,ΧΡΟΝΩΝ,6,χρόνος,False,"[{""token_id"": ""340731"", ""citation"": ""LUKE 23.8"", ""raw_form"": ""χρόνων""}]"
syntacticus:Nb:41fd7a262617862346716122eae3455aefd463c407f44b73ac61ec79a9c47554,ΧΡΥΣΙΟΝ,5,χρυσίον,False,"[{""token_id"": ""379506"", ""citation"": ""ACTS 3.6"", ""raw_form"": ""χρυσίον""}]"
syntacticus:Nb:f516524aaba723fd65777fcf66e386b5a4878f050ed5c5a9dcf8d45857783e0e,ΧΡΥΣΙΟΥ,2,χρυσίον,False,"[{""token_id"": ""392870"", ""citation"": ""ACTS 20.33"", ""raw_form"": ""χρυσίου""}]"
syntacticus:Nb:28aea70dd2ebc4f66857476544c25c6637a7e79ee47cf8fe2c25fa7486062733,ΧΡΥΣΟΛΙΘΟΣ,1,χρυσόλιθος,False,"[{""token_id"": ""502973"", ""citation"": ""REV 21.20"", ""raw_form"": ""χρυσόλιθος""}]"
syntacticus:Nb:bd2eedd0696cf17a18c3ccbe098b8fc67b6b1480de0b99a7e523167b97583115,ΧΡΥΣΟΝ,3,χρυσός,False,"[{""token_id"": ""267413"", ""citation"": ""MATT 2.11"", ""raw_form"": ""χρυσὸν""}]"
syntacticus:Nb:be85a7c6fe2b361f5d9e66c7428edd96cf140f5718ce8f417e733e8b2e3ec08f,ΧΡΥΣΟΠΡΑΣΟΣ,1,χρυσόπρασος,False,"[{""token_id"": ""502985"", ""citation"": ""REV 21.20"", ""raw_form"": ""χρυσόπρασος""}]"
syntacticus:Nb:d1f88458e23f157c67ab84290b47fe42bed95d8db59585e23be0849f65025e4f,ΧΡΥΣΟΣ,2,χρυσός,False,"[{""token_id"": ""282433"", ""citation"": ""MATT 23.17"", ""raw_form"": ""χρυσὸς""}]"
syntacticus:Nb:81513928ba5dd5fcef61ab7a5eef807ac307dc5675ba60342815f07f8a7185bf,ΧΡΥΣΟΥ,2,χρυσός,False,"[{""token_id"": ""496711"", ""citation"": ""REV 9.13"", ""raw_form"": ""χρυσοῦ""}]"
syntacticus:Nb:ff81e611a5479eb4c047124b570524606d93ff19e2b26124a7004b811e6d2465,ΧΡΩΤΟΣ,1,χρώς,False,"[{""token_id"": ""391598"", ""citation"": ""ACTS 19.12"", ""raw_form"": ""χρωτὸς""}]"
syntacticus:Nb:f4a85f96b48b39b1165c5fb3c03363126625ea6a7f8e5ecad49a6c09c0733fdb,ΧΩΡΑ,2,χώρα,False,"[{""token_id"": ""101814"", ""citation"": ""MARK 1.5"", ""raw_form"": ""χώρα""}]"
syntacticus:Nb:4c80f48cab1e31ea5f7239e7f39de6b30c6ad95fdb71f7bcffa849da9ac9e5db,ΧΩΡΑΙΣ,1,χώρα,False,"[{""token_id"": ""339007"", ""citation"": ""LUKE 21.21"", ""raw_form"": ""χώραις""}]"
syntacticus:Nb:a1f913b556d181bb0cfe58c8feb2dd88a1ab98aa5de09583495e8c28bd8af08c,ΧΩΡΑΝ,14,χώρα,False,"[{""token_id"": ""267434"", ""citation"": ""MATT 2.12"", ""raw_form"": ""χώραν""}]"
syntacticus:Nb:ad6d0742f1d7354e1eb99e28d2ef775d5863133cb29862a1cc9d3c1fa39f11ed,ΧΩΡΑΣ,8,χώρα,False,"[{""token_id"": ""104741"", ""citation"": ""MARK 5.10"", ""raw_form"": ""χώρας""}]"
syntacticus:Nb:7a64df5ca2a5cf0e8d43263f536646090d11fd237cab1333c326fe3281928f91,ΧΩΡΙΑ,1,χωρίον,False,"[{""token_id"": ""398023"", ""citation"": ""ACTS 28.7"", ""raw_form"": ""χωρία""}]"
syntacticus:Nb:12c17c1bbee5c53e1a5e96492e1aeea0ed3d7ecf8bd78ab7843482f7db12b452,ΧΩΡΙΟΝ,6,χωρίον,False,"[{""token_id"": ""285329"", ""citation"": ""MATT 26.36"", ""raw_form"": ""χωρίον""}]"
syntacticus:Nb:2175ebfad3e1aba7562e1f98cdc744b8cded644da86824f57c857d2fcb7af105,ΧΩΡΙΟΥ,2,χωρίον,False,"[{""token_id"": ""344708"", ""citation"": ""JOHN 4.5"", ""raw_form"": ""χωρίου""}]"
syntacticus:Nb:f6cf783492c9512d0bcb26f3541ba9e8054227331657429dfc246117f0c14051,ΧΩΡΙΩΝ,1,χωρίον,False,"[{""token_id"": ""380660"", ""citation"": ""ACTS 4.34"", ""raw_form"": ""χωρίων""}]"
syntacticus:Nb:9b7cf9cf6f573f0c97b25b17de6aae854e7df9c7736512706fe8746a8d37ac85,ΧΩΡΟΝ,1,χῶρος,False,"[{""token_id"": ""397284"", ""citation"": ""ACTS 27.12"", ""raw_form"": ""χῶρον""}]"
syntacticus:Nb:6d7e5b8867d736f89531092a132df290cd48c2cb8aff640d6e014864d8706978,ΨΑΛΜΟΙΣ,3,ψαλμός,False,"[{""token_id"": ""342305"", ""citation"": ""LUKE 24.44"", ""raw_form"": ""ψαλμοῖς""}]"
syntacticus:Nb:da91976c6616d4b7a6d0895f21a22adf6bbe77a5919c1add05cd05a32cc255f3,ΨΑΛΜΟΝ,1,ψαλμός,False,"[{""token_id"": ""420022"", ""citation"": ""1COR 14.26"", ""raw_form"": ""ψαλμὸν""}]"
syntacticus:Nb:55ae6f9295d7be63cded3361393c80064cd9ffe026fdd8b928da154007df1913,ΨΑΛΜΩΝ,2,ψαλμός,False,"[{""token_id"": ""338568"", ""citation"": ""LUKE 20.42"", ""raw_form"": ""ψαλμῶν""}]"
syntacticus:Nb:b6d595db629c7b408bcb9ac8a84245f91cceeffc00193eedb4f443e74c20481d,ΨΕΥΔΑΔΕΛΦΟΙΣ,1,ψευδάδελφος,False,"[{""token_id"": ""432361"", ""citation"": ""2COR 11.26"", ""raw_form"": ""ψευδαδέλφοις""}]"
syntacticus:Nb:43847653b1f5316b80418831941f36aac6f1b312a926bf87da5427aee9e73226,ΨΕΥΔΑΔΕΛΦΟΥΣ,1,ψευδάδελφος,False,"[{""token_id"": ""437995"", ""citation"": ""GAL 2.4"", ""raw_form"": ""ψευδαδέλφους""}]"
syntacticus:Nb:d96a48040b8414fee43c811a716d79bca0fed1d198c66d9b48906d7de138ccce,ΨΕΥΔΑΠΟΣΤΟΛΟΙ,1,ψευδαπόστολος,False,"[{""token_id"": ""432102"", ""citation"": ""2COR 11.13"", ""raw_form"": ""ψευδαπόστολοι""}]"
syntacticus:Nb:81dc0d3fd3dcf0c22bb87de2125eec25b6c89d17ed1fe11d8576ff77d5166ebd,ΨΕΥΔΕΙ,2,ψεῦδος,False,"[{""token_id"": ""399347"", ""citation"": ""ROM 1.25"", ""raw_form"": ""ψεύδει""}]"
syntacticus:Nb:5da8d4adf133c3923181dce7d31c9b6f6f3ef957c9a366813c170352f9b60d8f,ΨΕΥΔΕΣΙΝ,1,ψευδής,False,"[{""token_id"": ""502666"", ""citation"": ""REV 21.8"", ""raw_form"": ""ψευδέσιν""}]"
syntacticus:Nb:0ff5a83f81d67a0043255740496da7bee0ba583a93911153a04044bd308d21aa,ΨΕΥΔΟΜΑΡΤΥΡΕΣ,1,ψευδόμαρτυς,False,"[{""token_id"": ""420487"", ""citation"": ""1COR 15.15"", ""raw_form"": ""ψευδομάρτυρες""}]"
syntacticus:Nb:493e1bbd8663fb5a1edcaf3b828b398cbed7e44ae0880717093132afe07f6ba5,ΨΕΥΔΟΜΑΡΤΥΡΙΑΙ,1,ψευδομαρτυρία,False,"[{""token_id"": ""276824"", ""citation"": ""MATT 15.19"", ""raw_form"": ""ψευδομαρτυρίαι""}]"
syntacticus:Nb:f29344137e91bee2cdace5845f4dd0b4c6a8770e412dda3ae71f64d02e8c298c,ΨΕΥΔΟΜΑΡΤΥΡΙΑΝ,1,ψευδομαρτυρία,False,"[{""token_id"": ""285813"", ""citation"": ""MATT 26.59"", ""raw_form"": ""ψευδομαρτυρίαν""}]"
syntacticus:Nb:48f0a40876a283decdbd9e4bfd0281c5b8548ab356c1bf8465a9595adb9b2eb5,ΨΕΥΔΟΜΑΡΤΥΡΩΝ,1,ψευδόμαρτυς,False,"[{""token_id"": ""285827"", ""citation"": ""MATT 26.60"", ""raw_form"": ""ψευδομαρτύρων""}]"
syntacticus:Nb:33a7d3fa2f17fd18bbc9bf4a29739a268b845d5b243a9b9c0ecbf59d7526fbb1,ΨΕΥΔΟΠΡΟΦΗΤΑΙ,3,ψευδοπροφήτης,False,"[{""token_id"": ""283091"", ""citation"": ""MATT 24.11"", ""raw_form"": ""ψευδοπροφῆται""}]"
syntacticus:Nb:d22c91bb1f067ecc9bd2d636db35cfd995d5a9dc5101488ab9565e1c0bbbd7d1,ΨΕΥΔΟΠΡΟΦΗΤΑΙΣ,1,ψευδοπροφήτης,False,"[{""token_id"": ""325285"", ""citation"": ""LUKE 6.26"", ""raw_form"": ""ψευδοπροφήταις""}]"
syntacticus:Nb:63bddc979fb918bfc66784c742f33b2c3d5bb2529f1f5ac80519ac0254f28be8,ΨΕΥΔΟΠΡΟΦΗΤΗΝ,1,ψευδοπροφήτης,False,"[{""token_id"": ""387025"", ""citation"": ""ACTS 13.6"", ""raw_form"": ""ψευδοπροφήτην""}]"
syntacticus:Nb:ce9e219d158447a509cc983a52e78fc2a83783ae84c9a56d03fff221098547e9,ΨΕΥΔΟΠΡΟΦΗΤΗΣ,2,ψευδοπροφήτης,False,"[{""token_id"": ""501934"", ""citation"": ""REV 19.20"", ""raw_form"": ""ψευδοπροφήτης""}]"
syntacticus:Nb:20653db2d2bfe7e9c92867b818aeb189a48720b9625df0f746093893bf96dd1b,ΨΕΥΔΟΠΡΟΦΗΤΟΥ,1,ψευδοπροφήτης,False,"[{""token_id"": ""500000"", ""citation"": ""REV 16.13"", ""raw_form"": ""ψευδοπροφήτου""}]"
syntacticus:Nb:b68915df4d92e64da999c50d7bf2e0e90aa4be3d8ddf4874ee7c041da8dc3bfd,ΨΕΥΔΟΠΡΟΦΗΤΩΝ,1,ψευδοπροφήτης,False,"[{""token_id"": ""270527"", ""citation"": ""MATT 7.15"", ""raw_form"": ""ψευδοπροφητῶν""}]"
syntacticus:Nb:0a3706a2f3d9234c0834fe890b6a4a6d266da0755aadc1867c1e0c70762bd0cf,ΨΕΥΔΟΣ,5,ψεῦδος,False,"[{""token_id"": ""350167"", ""citation"": ""JOHN 8.44"", ""raw_form"": ""ψεῦδος""}]"
syntacticus:Nb:fe419e51b4e048efd7242787be34ed549b4af40aacd2116efdda4e6e30591358,ΨΕΥΔΟΥΣ,1,ψεῦδος,False,"[{""token_id"": ""457295"", ""citation"": ""2THESS 2.9"", ""raw_form"": ""ψεύδους""}]"
syntacticus:Nb:0ba58a1da41bbe38292b8b63e53bb565bca5930253c4672c6a88962a6a714afc,ΨΕΥΔΟΧΡΙΣΤΟΙ,2,ψευδόχριστος,False,"[{""token_id"": ""283286"", ""citation"": ""MATT 24.24"", ""raw_form"": ""ψευδόχριστοι""}]"
syntacticus:Nb:9cd7060441b07c881d119c4eb318637283ae61460a5768df4fd834cb88f903a0,ΨΕΥΣΜΑΤΙ,1,ψεῦσμα,False,"[{""token_id"": ""400146"", ""citation"": ""ROM 3.7"", ""raw_form"": ""ψεύσματι""}]"
syntacticus:Nb:b3a08da8b62fe8b8cd7e750f0509b3553bb38e5af266125f59e56af94a2331ce,ΨΕΥΣΤΑΙ,1,ψεύστης,False,"[{""token_id"": ""464838"", ""citation"": ""TIT 1.12"", ""raw_form"": ""ψεῦσται""}]"
syntacticus:Nb:fc422cc0d08fc0ffe0d25bd3fd00fdc18f3d4901fcd021254df7901bbf2531d3,ΨΕΥΣΤΑΙΣ,1,ψεύστης,False,"[{""token_id"": ""458676"", ""citation"": ""1TIM 1.10"", ""raw_form"": ""ψεύσταις""}]"
syntacticus:Nb:262ac1e0acdd16b48d040888e7a96925c218233576db2757244fc0f1e74faea9,ΨΕΥΣΤΗΣ,3,ψεύστης,False,"[{""token_id"": ""350175"", ""citation"": ""JOHN 8.44"", ""raw_form"": ""ψεύστης""}]"
syntacticus:Nb:b3fe7f68d1902256bb4dc7367557d2aa2e0f725dd606a10b236fa5db981d87ab,ΨΗΦΟΝ,3,ψῆφος,False,"[{""token_id"": ""396554"", ""citation"": ""ACTS 26.10"", ""raw_form"": ""ψῆφον""}]"
syntacticus:Nb:dc4bb8b6629b6a7069564adb7cac090d792dccad367e9701793f7ee8d918eafa,ΨΙΘΥΡΙΣΜΟΙ,1,ψιθυρισμός,False,"[{""token_id"": ""432924"", ""citation"": ""2COR 12.20"", ""raw_form"": ""ψιθυρισμοί""}]"
syntacticus:Nb:9926eb778b635e213f978174b631804511575e640a955ad6fab58752096c3c33,ΨΙΘΥΡΙΣΤΑΣ,1,ψιθυριστής,False,"[{""token_id"": ""399466"", ""citation"": ""ROM 1.30"", ""raw_form"": ""ψιθυριστάς""}]"
syntacticus:Nb:d30d00f435021c921a3c5e7e7d03231609a8e201ffd139985d009bf9588c5485,ΨΙΧΙΩΝ,2,ψιχίον,False,"[{""token_id"": ""276969"", ""citation"": ""MATT 15.27"", ""raw_form"": ""ψιχίων""}]"
syntacticus:Nb:b0c0c09e7ed9da55967ddd8c40882f7cef9bba93896191fb6b4b8430a8daeafc,ΨΥΧΑΙ,2,ψυχή,False,"[{""token_id"": ""379288"", ""citation"": ""ACTS 2.41"", ""raw_form"": ""ψυχαὶ""}]"
syntacticus:Nb:3ac90d0070075c526b26d42015352a53dc422de586e2827b4d25b77b6520a07e,ΨΥΧΑΙΣ,3,ψυχή,False,"[{""token_id"": ""273624"", ""citation"": ""MATT 11.29"", ""raw_form"": ""ψυχαῖς""}]"
syntacticus:Nb:1be46af5563446a092446d09ba2ae713aacc070227b32d66b2cce6871f85e35e,ΨΥΧΑΣ,12,ψυχή,False,"[{""token_id"": ""338967"", ""citation"": ""LUKE 21.19"", ""raw_form"": ""ψυχὰς""}]"
syntacticus:Nb:29f22f9600c51a3202597a7c8bb2edbf02b26050f6abff634eae6ce194044334,ΨΥΧΕΙ,1,ψῦχος,False,"[{""token_id"": ""432381"", ""citation"": ""2COR 11.27"", ""raw_form"": ""ψύχει""}]"
syntacticus:Nb:6e2d7eb2619572fa4be4635339fdc988746c8197dd0f69a7134c599cf030c134,ΨΥΧΗ,15,ψυχή,False,"[{""token_id"": ""270050"", ""citation"": ""MATT 6.25"", ""raw_form"": ""ψυχὴ""}]"
syntacticus:Nb:9009907f7de4d1bf62f776fce926176815740544d20344287822e39ca4a3b6d3,ΨΥΧΗΝ,38,ψυχή,False,"[{""token_id"": ""267633"", ""citation"": ""MATT 2.20"", ""raw_form"": ""ψυχὴν""}]"
syntacticus:Nb:a6bc69d83ed95e70fe59920c2fe8b0af9051cad393cda256161ec4c1031ec9e8,ΨΥΧΗΣ,12,ψυχή,False,"[{""token_id"": ""277775"", ""citation"": ""MATT 16.26"", ""raw_form"": ""ψυχῆς""}]"
syntacticus:Nb:b02f8dcf853f239f30c6f07f6cfb59fda86d34a0f250aa0a8e347c544b640912,ΨΥΧΟΣ,2,ψῦχος,False,"[{""token_id"": ""357900"", ""citation"": ""JOHN 18.18"", ""raw_form"": ""ψῦχος""}]"
syntacticus:Nb:b00fd16fa990a44ae484b8c7ffa7225ab085ebf799696a3b00ad19840fcd5adc,ΨΥΧΩΝ,4,ψυχή,False,"[{""token_id"": ""397232"", ""citation"": ""ACTS 27.10"", ""raw_form"": ""ψυχῶν""}]"
syntacticus:Nb:3bfca27fbd16869d6534d76a6b8f1e51176a6da44b2b465d62195f3e1ac059bc,ΨΩΜΙΟΝ,4,ψωμίον,False,"[{""token_id"": ""354743"", ""citation"": ""JOHN 13.26"", ""raw_form"": ""ψωμίον""}]"
syntacticus:Nb:e3c622e5fd53065d82b70802b06f30aee09e564e033a7d13c773fa67d5fcf1e8,Ω,3,ω,False,"[{""token_id"": ""492789"", ""citation"": ""REV 1.8"", ""raw_form"": ""ω""}]"
syntacticus:Nb:972b6b46aaae39a58c52764ef48747fb6796decab88adf28bed017969967db21,ΩΔΙΝ,1,ὠδίν,False,"[{""token_id"": ""455120"", ""citation"": ""1THESS 5.3"", ""raw_form"": ""ὠδὶν""}]"
syntacticus:Nb:7c57abf553f0306c3b4dd5a1382d64abb1ddea102c8162fd49bbeaa4c0b5a3b5,ΩΔΙΝΑΣ,1,ὠδίν,False,"[{""token_id"": ""378922"", ""citation"": ""ACTS 2.24"", ""raw_form"": ""ὠδῖνας""}]"
syntacticus:Nb:0412094593a967f552a93dcc836ca84ca53a3997f43f68a2f6922b5b9d9bfd04,ΩΔΙΝΩΝ,2,ὠδίν,False,"[{""token_id"": ""283055"", ""citation"": ""MATT 24.8"", ""raw_form"": ""ὠδίνων""}]"
syntacticus:Nb:66fb3cee635ac5b167f5b7993ea5c3d9dbfbf9048f12561d32892b118016765f,ΩΜΟΥΣ,2,ὦμος,False,"[{""token_id"": ""282201"", ""citation"": ""MATT 23.4"", ""raw_form"": ""ὤμους""}]"
syntacticus:Nb:cd74d29f333d6b9ee440dbbda5515feebec78b85c8a9d1ca482857a9f466743d,ΩΡΑ,31,ὥρα,False,"[{""token_id"": ""276134"", ""citation"": ""MATT 14.15"", ""raw_form"": ""ὥρα""}]"
syntacticus:Nb:1ebd5f409dbe31805185a54c9f977aefea39e9e49a23b35e88a7c812705a58a0,ΩΡΑΙ,1,ὥρα,False,"[{""token_id"": ""352272"", ""citation"": ""JOHN 11.9"", ""raw_form"": ""ὧραί""}]"
syntacticus:Nb:b43cdbf4984bd3778b84fe9bc985cc61a7ee1810cc5c66876eaa5777a1692bb6,ΩΡΑΝ,22,ὥρα,False,"[{""token_id"": ""279810"", ""citation"": ""MATT 20.3"", ""raw_form"": ""ὥραν""}]"
syntacticus:Nb:adfbd62738410e7647526a2ba7d664cd78d0f4527676317b2c277aa45aa4bfad,ΩΡΑΣ,21,ὥρα,False,"[{""token_id"": ""271971"", ""citation"": ""MATT 9.22"", ""raw_form"": ""ὥρας""}]"
syntacticus:Nb:13c2c66278dee41b6f0f0f2941833d2d087ecac9b87db12a147bb0e087477c5f,ΩΡΩΝ,1,ὥρα,False,"[{""token_id"": ""380850"", ""citation"": ""ACTS 5.7"", ""raw_form"": ""ὡρῶν""}]"
syntacticus:Nb:0a1ac0c0a38697deb1fb28025f87af9f84710b498c7e3094183801ecb0ae0055,ΩΣΙΝ,5,οὖς,False,"[{""token_id"": ""274926"", ""citation"": ""MATT 13.15"", ""raw_form"": ""ὠσὶν""}]"
syntacticus:Nb:be302f700e42c05b9ccef3bcc022ff0da1f59bb97e77054914b435afd5748927,ΩΤΑ,16,οὖς,False,"[{""token_id"": ""273317"", ""citation"": ""MATT 11.15"", ""raw_form"": ""ὦτα""}]"
syntacticus:Nb:8dfd12e91f1881ed830547da2178b21daa09a2bda6adc81654f5a6400ca8a844,ΩΤΑΡΙΟΝ,2,ὠτίον,False,"[{""token_id"": ""113131"", ""citation"": ""MARK 14.47"", ""raw_form"": ""ὠτάριον""}]"
syntacticus:Nb:f7d163525091293a21adfec23b3358134e6e4de99f050127f0d8ce271f1bea7e,ΩΤΙΟΝ,2,ὠτίον,False,"[{""token_id"": ""285655"", ""citation"": ""MATT 26.51"", ""raw_form"": ""ὠτίον""}]"
syntacticus:Nb:2a71d5ca3ed00a53fd0da02094a678ec6785fe3b4c2a6dcf7f205b45f4222706,ΩΤΙΟΥ,1,ὠτίον,False,"[{""token_id"": ""340213"", ""citation"": ""LUKE 22.51"", ""raw_form"": ""ὠτίου""}]"
syntacticus:Nb:7d63cf752c26b7aeab15370dd8ced2f0c8a142966ba61063e53a55d091ad3dcc,ΩΦΕΛΕΙΑ,1,ὠφέλεια,False,"[{""token_id"": ""400035"", ""citation"": ""ROM 3.1"", ""raw_form"": ""ὠφέλεια""}]"
